ISO-10303-21;
HEADER;
FILE_DESCRIPTION (( 'STEP AP214' ),
    '1' );
FILE_NAME ('CL05A106MP5IUWC.STEP',
    '2025-08-17T19:50:52',
    ( '' ),
    ( '' ),
    'SwSTEP 2.0',
    'SolidWorks 2021',
    '' );
FILE_SCHEMA (( 'AUTOMOTIVE_DESIGN' ));
ENDSEC;

DATA;
#1 = DIRECTION ( 'NONE',  ( -1.084202172485504804E-16, 0.000000000000000000, 1.000000000000000000 ) ) ;
#2 = SURFACE_SIDE_STYLE ('',( #1770 ) ) ;
#3 = EDGE_CURVE ( 'NONE', #1480, #1300, #1732, .T. ) ;
#4 = SURFACE_STYLE_FILL_AREA ( #1453 ) ;
#5 = VECTOR ( 'NONE', #488, 1000.000000000000000 ) ;
#6 = CYLINDRICAL_SURFACE ( 'NONE', #1201, 0.01250000000000000590 ) ;
#7 = CARTESIAN_POINT ( 'NONE',  ( 0.4749999999999999778, 0.000000000000000000, 0.2250000000000000056 ) ) ;
#8 =( GEOMETRIC_REPRESENTATION_CONTEXT ( 3 ) GLOBAL_UNCERTAINTY_ASSIGNED_CONTEXT ( ( #596 ) ) GLOBAL_UNIT_ASSIGNED_CONTEXT ( ( #18, #1614, #827 ) ) REPRESENTATION_CONTEXT ( 'NONE', 'WORKASPACE' ) );
#9 =( NAMED_UNIT ( * ) PLANE_ANGLE_UNIT ( ) SI_UNIT ( $, .RADIAN. ) );
#10 = ORIENTED_EDGE ( 'NONE', *, *, #571, .T. ) ;
#11 = VERTEX_POINT ( 'NONE', #1193 ) ;
#12 = CARTESIAN_POINT ( 'NONE',  ( 0.4749999999999999778, 0.02499999999999995628, 0.2500000000000000000 ) ) ;
#13 = SURFACE_STYLE_USAGE ( .BOTH. , #2 ) ;
#14 = EDGE_CURVE ( 'NONE', #885, #576, #322, .T. ) ;
#15 = CARTESIAN_POINT ( 'NONE',  ( -0.2625000000000000111, 0.6999999999999999556, 0.2374999999999999611 ) ) ;
#16 = SURFACE_STYLE_USAGE ( .BOTH. , #1596 ) ;
#17 = EDGE_CURVE ( 'NONE', #421, #396, #871, .T. ) ;
#18 =( LENGTH_UNIT ( ) NAMED_UNIT ( * ) SI_UNIT ( .MILLI., .METRE. ) );
#19 = SURFACE_STYLE_USAGE ( .BOTH. , #1343 ) ;
#20 = ORIENTED_EDGE ( 'NONE', *, *, #1798, .F. ) ;
#21 = AXIS2_PLACEMENT_3D ( 'NONE', #1124, #1442, #506 ) ;
#22 = VERTEX_POINT ( 'NONE', #1521 ) ;
#23 = CARTESIAN_POINT ( 'NONE',  ( -0.2625000000000000111, 0.6875000000000000000, 0.2250000000000000056 ) ) ;
#24 = CARTESIAN_POINT ( 'NONE',  ( -0.4749999999999999778, 0.6999999999999999556, 0.2250000000000000056 ) ) ;
#25 = AXIS2_PLACEMENT_3D ( 'NONE', #903, #1094, #1728 ) ;
#26 = AXIS2_PLACEMENT_3D ( 'NONE', #1841, #747, #1035 ) ;
#27 = DIRECTION ( 'NONE',  ( -0.000000000000000000, 1.000000000000000000, -0.000000000000000000 ) ) ;
#28 = SPHERICAL_SURFACE ( 'NONE', #993, 0.02500000000000000139 ) ;
#29 = EDGE_LOOP ( 'NONE', ( #921, #1029, #1618, #1691 ) ) ;
#30 = EDGE_LOOP ( 'NONE', ( #681, #516, #284, #482 ) ) ;
#31 = VERTEX_POINT ( 'NONE', #219 ) ;
#32 = LINE ( 'NONE', #43, #174 ) ;
#33 = AXIS2_PLACEMENT_3D ( 'NONE', #1998, #678, #191 ) ;
#34 = EDGE_CURVE ( 'NONE', #1042, #584, #422, .T. ) ;
#35 = FACE_OUTER_BOUND ( 'NONE', #994, .T. ) ;
#36 = VERTEX_POINT ( 'NONE', #1818 ) ;
#37 = CIRCLE ( 'NONE', #1496, 0.02500000000000001180 ) ;
#38 = ORIENTED_EDGE ( 'NONE', *, *, #498, .T. ) ;
#39 = CARTESIAN_POINT ( 'NONE',  ( 0.4749999999999999778, 0.02500000000000000139, 0.2250000000000000056 ) ) ;
#40 = VECTOR ( 'NONE', #711, 1000.000000000000000 ) ;
#41 = VERTEX_POINT ( 'NONE', #57 ) ;
#42 = CARTESIAN_POINT ( 'NONE',  ( 500000.0000000000582, 0.02499999999999995628, 0.2249999999566318909 ) ) ;
#43 = CARTESIAN_POINT ( 'NONE',  ( 0.2500000000000000555, 0.6999999999999999556, -0.2374999999999998779 ) ) ;
#44 = LINE ( 'NONE', #1529, #1516 ) ;
#45 = PLANE ( 'NONE',  #1980 ) ;
#46 = ORIENTED_EDGE ( 'NONE', *, *, #34, .T. ) ;
#47 = CARTESIAN_POINT ( 'NONE',  ( -0.2625000000000000111, 0.02499999999999995628, 0.2250000000000000056 ) ) ;
#48 = CLOSED_SHELL ( 'NONE', ( #890, #1362, #1235, #1206, #131, #1954, #1096, #917, #679, #1844, #299, #1346, #1838, #218, #158, #818, #2027, #823, #913, #1338, #609, #2065, #63, #1597, #1138, #507 ) ) ;
#49 = CARTESIAN_POINT ( 'NONE',  ( -0.2500000000000000555, 0.6750000000000000444, 0.2374999999999999889 ) ) ;
#50 = ADVANCED_BREP_SHAPE_REPRESENTATION ( 'CL05A106MP5IUWC', ( #894, #194, #1581, #772 ), #960 ) ;
#51 = ORIENTED_EDGE ( 'NONE', *, *, #371, .T. ) ;
#52 = VECTOR ( 'NONE', #1654, 1000.000000000000000 ) ;
#53 = DIRECTION ( 'NONE',  ( 0.000000000000000000, 0.000000000000000000, 1.000000000000000000 ) ) ;
#54 = AXIS2_PLACEMENT_3D ( 'NONE', #2052, #1895, #1714 ) ;
#55 = CARTESIAN_POINT ( 'NONE',  ( -0.2625000000000000111, 0.01250000000000000069, 0.2250000000000000056 ) ) ;
#56 = STYLED_ITEM ( 'NONE', ( #91 ), #1844 ) ;
#57 = CARTESIAN_POINT ( 'NONE',  ( 0.2500000000193722816, 0.6875000000000001110, 0.2249999999999999500 ) ) ;
#58 = CARTESIAN_POINT ( 'NONE',  ( 0.4749999999999999778, 0.6750000000000000444, 0.000000000000000000 ) ) ;
#59 = ORIENTED_EDGE ( 'NONE', *, *, #1215, .F. ) ;
#60 = EDGE_CURVE ( 'NONE', #1023, #576, #1827, .T. ) ;
#61 = CARTESIAN_POINT ( 'NONE',  ( -0.2625000000000000111, 0.02499999999999995628, 0.2500000000000000000 ) ) ;
#62 = ORIENTED_EDGE ( 'NONE', *, *, #946, .T. ) ;
#63 = ADVANCED_FACE ( 'NONE', ( #1528 ), #77, .T. ) ;
#64 = CARTESIAN_POINT ( 'NONE',  ( 0.2500000000000000555, 0.6875000000000001110, 2.710505431213762318E-17 ) ) ;
#65 = FILL_AREA_STYLE_COLOUR ( '', #318 ) ;
#66 = DIRECTION ( 'NONE',  ( 0.000000000000000000, 0.000000000000000000, 1.000000000000000000 ) ) ;
#67 = ADVANCED_FACE ( 'NONE', ( #1715 ), #1254, .T. ) ;
#68 = CYLINDRICAL_SURFACE ( 'NONE', #210, 0.02500000000000001180 ) ;
#69 = ORIENTED_EDGE ( 'NONE', *, *, #1232, .T. ) ;
#70 = AXIS2_PLACEMENT_3D ( 'NONE', #986, #997, #1605 ) ;
#71 = DIRECTION ( 'NONE',  ( 0.000000000000000000, 0.000000000000000000, 1.000000000000000000 ) ) ;
#72 = AXIS2_PLACEMENT_3D ( 'NONE', #1186, #2000, #1199 ) ;
#73 = CARTESIAN_POINT ( 'NONE',  ( 0.2500000000000000000, 0.6750000000000000444, 0.2250000000000000056 ) ) ;
#74 = EDGE_LOOP ( 'NONE', ( #1220, #1797, #410, #1086 ) ) ;
#75 = PRESENTATION_LAYER_ASSIGNMENT (  '', '', ( #415 ) ) ;
#76 = EDGE_CURVE ( 'NONE', #1095, #1408, #1598, .T. ) ;
#77 = CYLINDRICAL_SURFACE ( 'NONE', #1099, 0.01250000000000000590 ) ;
#78 =( LENGTH_UNIT ( ) NAMED_UNIT ( * ) SI_UNIT ( .MILLI., .METRE. ) );
#79 = DIRECTION ( 'NONE',  ( -1.000000000000000000, 0.000000000000000000, 0.000000000000000000 ) ) ;
#80 = EDGE_LOOP ( 'NONE', ( #1036, #1833, #135 ) ) ;
#81 = CARTESIAN_POINT ( 'NONE',  ( 0.5000000000000000000, 0.02499999999999995628, -0.2499999999999998890 ) ) ;
#82 =( NAMED_UNIT ( * ) PLANE_ANGLE_UNIT ( ) SI_UNIT ( $, .RADIAN. ) );
#83 = VERTEX_POINT ( 'NONE', #610 ) ;
#84 = CARTESIAN_POINT ( 'NONE',  ( -0.4749999999999999778, 0.02499999999999995628, -0.2249999999999998945 ) ) ;
#85 = CIRCLE ( 'NONE', #735, 0.01250000000000000590 ) ;
#86 = CIRCLE ( 'NONE', #1733, 0.02500000000000001180 ) ;
#87 = EDGE_CURVE ( 'NONE', #1377, #243, #1108, .T. ) ;
#88 = DIRECTION ( 'NONE',  ( -0.000000000000000000, -0.000000000000000000, 1.000000000000000000 ) ) ;
#89 = ORIENTED_EDGE ( 'NONE', *, *, #545, .F. ) ;
#90 = SURFACE_SIDE_STYLE ('',( #1685 ) ) ;
#91 = PRESENTATION_STYLE_ASSIGNMENT (( #242 ) ) ;
#92 = VECTOR ( 'NONE', #1247, 1000.000000000000000 ) ;
#93 = DIRECTION ( 'NONE',  ( 0.000000000000000000, 0.000000000000000000, 1.000000000000000000 ) ) ;
#94 = LINE ( 'NONE', #595, #1821 ) ;
#95 = EDGE_LOOP ( 'NONE', ( #597, #198, #1266, #2056 ) ) ;
#96 = FILL_AREA_STYLE ('',( #1063 ) ) ;
#97 = ORIENTED_EDGE ( 'NONE', *, *, #1541, .F. ) ;
#98 = DIRECTION ( 'NONE',  ( 1.000000000000000000, -0.000000000000000000, -0.000000000000000000 ) ) ;
#99 = DIRECTION ( 'NONE',  ( 0.000000000000000000, 1.000000000000000000, 0.000000000000000000 ) ) ;
#100 = FILL_AREA_STYLE ('',( #2026 ) ) ;
#101 = CARTESIAN_POINT ( 'NONE',  ( 0.2500000000000000000, 0.6999999999999999556, 0.2250000000000000056 ) ) ;
#102 = EDGE_CURVE ( 'NONE', #1660, #257, #85, .T. ) ;
#103 = DIRECTION ( 'NONE',  ( 1.000000000000000000, 0.000000000000000000, -8.673617379884036705E-17 ) ) ;
#104 = UNCERTAINTY_MEASURE_WITH_UNIT (LENGTH_MEASURE( 1.000000000000000082E-05 ), #1109, 'distance_accuracy_value', 'NONE');
#105 = CARTESIAN_POINT ( 'NONE',  ( -0.5000000000000000000, 0.6750000000000000444, -0.2499999999999998890 ) ) ;
#106 = PRESENTATION_LAYER_ASSIGNMENT (  '', '', ( #1019 ) ) ;
#107 = UNCERTAINTY_MEASURE_WITH_UNIT (LENGTH_MEASURE( 1.000000000000000082E-05 ), #1805, 'distance_accuracy_value', 'NONE');
#108 = ORIENTED_EDGE ( 'NONE', *, *, #529, .F. ) ;
#109 = VECTOR ( 'NONE', #313, 1000.000000000000000 ) ;
#110 = FACE_OUTER_BOUND ( 'NONE', #787, .T. ) ;
#111 = DIRECTION ( 'NONE',  ( 0.000000000000000000, 0.000000000000000000, 1.000000000000000000 ) ) ;
#112 = FACE_OUTER_BOUND ( 'NONE', #943, .T. ) ;
#113 = DIRECTION ( 'NONE',  ( 0.000000000000000000, 0.000000000000000000, 1.000000000000000000 ) ) ;
#114 = PRESENTATION_STYLE_ASSIGNMENT (( #2029 ) ) ;
#115 = EDGE_LOOP ( 'NONE', ( #819, #961, #443, #898 ) ) ;
#116 = CARTESIAN_POINT ( 'NONE',  ( 500000.0000000000582, 0.01250000000000003192, -0.2250000000433680092 ) ) ;
#117 = CARTESIAN_POINT ( 'NONE',  ( -0.2625000000000000111, 0.02499999999999995628, -0.2249999999999998945 ) ) ;
#118 = VECTOR ( 'NONE', #757, 1000.000000000000000 ) ;
#119 = FILL_AREA_STYLE_COLOUR ( '', #699 ) ;
#120 = CYLINDRICAL_SURFACE ( 'NONE', #1398, 0.01249999999999997814 ) ;
#121 = DIRECTION ( 'NONE',  ( -1.084202172485504804E-16, -0.000000000000000000, 1.000000000000000000 ) ) ;
#122 =( GEOMETRIC_REPRESENTATION_CONTEXT ( 3 ) GLOBAL_UNCERTAINTY_ASSIGNED_CONTEXT ( ( #918 ) ) GLOBAL_UNIT_ASSIGNED_CONTEXT ( ( #1287, #9, #624 ) ) REPRESENTATION_CONTEXT ( 'NONE', 'WORKASPACE' ) );
#123 = CIRCLE ( 'NONE', #565, 0.02500000000000001180 ) ;
#124 = DIRECTION ( 'NONE',  ( -1.000000000000000000, 0.000000000000000000, 0.000000000000000000 ) ) ;
#125 = ADVANCED_FACE ( 'NONE', ( #273 ), #1905, .T. ) ;
#126 = COLOUR_RGB ( '',0.7960784313725489669, 0.8235294117647058432, 0.9372549019607843146 ) ;
#127 = EDGE_LOOP ( 'NONE', ( #1548, #830, #1788, #345 ) ) ;
#128 = CARTESIAN_POINT ( 'NONE',  ( 0.4749999999999999778, 0.6999999999999999556, 0.2250000000000000056 ) ) ;
#129 = ORIENTED_EDGE ( 'NONE', *, *, #60, .T. ) ;
#130 = DIRECTION ( 'NONE',  ( -1.000000000000000000, 0.000000000000000000, 0.000000000000000000 ) ) ;
#131 = ADVANCED_FACE ( 'NONE', ( #1405 ), #1918, .T. ) ;
#132 = CARTESIAN_POINT ( 'NONE',  ( -0.5000000000000000000, 0.02499999999999995628, 0.2250000000000000056 ) ) ;
#133 = LINE ( 'NONE', #797, #496 ) ;
#134 = DIRECTION ( 'NONE',  ( 1.000000000000000000, 0.000000000000000000, 1.084202172485504804E-16 ) ) ;
#135 = ORIENTED_EDGE ( 'NONE', *, *, #1600, .F. ) ;
#136 = COLOUR_RGB ( '',0.7960784313725489669, 0.8235294117647058432, 0.9372549019607843146 ) ;
#137 = LINE ( 'NONE', #2067, #192 ) ;
#138 = AXIS2_PLACEMENT_3D ( 'NONE', #1061, #969, #910 ) ;
#139 = SURFACE_STYLE_USAGE ( .BOTH. , #1582 ) ;
#140 = FACE_OUTER_BOUND ( 'NONE', #1823, .T. ) ;
#141 = MECHANICAL_DESIGN_GEOMETRIC_PRESENTATION_REPRESENTATION (  '', ( #1154 ), #1756 ) ;
#142 = DIRECTION ( 'NONE',  ( 1.000000000000000000, 0.000000000000000000, 1.084202172485504804E-16 ) ) ;
#143 = PRODUCT_DEFINITION ( 'UNKNOWN', '', #932, #844 ) ;
#144 = DIRECTION ( 'NONE',  ( -1.000000000000000000, -0.000000000000000000, 8.673617379884035472E-17 ) ) ;
#145 = EDGE_CURVE ( 'NONE', #22, #1610, #1730, .T. ) ;
#146 = ORIENTED_EDGE ( 'NONE', *, *, #150, .F. ) ;
#147 = DIRECTION ( 'NONE',  ( -0.000000000000000000, 1.000000000000000000, -0.000000000000000000 ) ) ;
#148 = CARTESIAN_POINT ( 'NONE',  ( -0.4749999999999999778, 0.6750000000000000444, -0.2249999999999998945 ) ) ;
#149 = CARTESIAN_POINT ( 'NONE',  ( -0.5000000000000000000, 0.02499999999999995628, 0.2500000000000000000 ) ) ;
#150 = EDGE_CURVE ( 'NONE', #1466, #431, #1889, .T. ) ;
#151 = CARTESIAN_POINT ( 'NONE',  ( 0.2500000000193722816, 0.6750000000000000444, 0.2374999999999999334 ) ) ;
#152 =( LENGTH_UNIT ( ) NAMED_UNIT ( * ) SI_UNIT ( .MILLI., .METRE. ) );
#153 = DIRECTION ( 'NONE',  ( 0.000000000000000000, 0.000000000000000000, 1.000000000000000000 ) ) ;
#154 = AXIS2_PLACEMENT_3D ( 'NONE', #132, #434, #1741 ) ;
#155 = CARTESIAN_POINT ( 'NONE',  ( 0.2500000000000000000, 0.6750000000000000444, 0.2374999999999999889 ) ) ;
#156 = CARTESIAN_POINT ( 'NONE',  ( 0.4749999999999999778, 0.6750000000000000444, 0.2500000000000000000 ) ) ;
#157 = AXIS2_PLACEMENT_3D ( 'NONE', #1987, #88, #838 ) ;
#158 = ADVANCED_FACE ( 'NONE', ( #603 ), #1245, .T. ) ;
#159 = AXIS2_PLACEMENT_3D ( 'NONE', #1013, #701, #1628 ) ;
#160 = ORIENTED_EDGE ( 'NONE', *, *, #1080, .T. ) ;
#161 = CARTESIAN_POINT ( 'NONE',  ( 0.4749999999999999778, 0.02499999999999995628, -0.2249999999999998945 ) ) ;
#162 = STYLED_ITEM ( 'NONE', ( #1025 ), #1838 ) ;
#163 = CARTESIAN_POINT ( 'NONE',  ( 500000.0000000000582, 0.6750000000000000444, 0.2374999999566318742 ) ) ;
#164 =( NAMED_UNIT ( * ) SI_UNIT ( $, .STERADIAN. ) SOLID_ANGLE_UNIT ( ) );
#165 = PLANE ( 'NONE',  #1656 ) ;
#166 = SURFACE_STYLE_FILL_AREA ( #987 ) ;
#167 = DIRECTION ( 'NONE',  ( -1.084202172485504804E-16, 0.000000000000000000, 1.000000000000000000 ) ) ;
#168 = SURFACE_STYLE_FILL_AREA ( #1900 ) ;
#169 = ORIENTED_EDGE ( 'NONE', *, *, #1713, .F. ) ;
#170 = EDGE_CURVE ( 'NONE', #1026, #990, #599, .T. ) ;
#171 = VERTEX_POINT ( 'NONE', #151 ) ;
#172 = CARTESIAN_POINT ( 'NONE',  ( -0.2625000000000000111, 0.6999999999999999556, 0.2250000000000000056 ) ) ;
#173 = DIRECTION ( 'NONE',  ( -8.673617379884035472E-17, 4.170008355713478260E-17, -1.000000000000000000 ) ) ;
#174 = VECTOR ( 'NONE', #27, 1000.000000000000000 ) ;
#175 =( NAMED_UNIT ( * ) PLANE_ANGLE_UNIT ( ) SI_UNIT ( $, .RADIAN. ) );
#176 = SURFACE_STYLE_USAGE ( .BOTH. , #511 ) ;
#177 = CIRCLE ( 'NONE', #1366, 0.02500000000000001180 ) ;
#178 = CARTESIAN_POINT ( 'NONE',  ( 0.4749999999999999778, 0.6999999999999999556, -0.2499999999999998890 ) ) ;
#179 = ORIENTED_EDGE ( 'NONE', *, *, #214, .T. ) ;
#180 = ORIENTED_EDGE ( 'NONE', *, *, #1710, .T. ) ;
#181 = DIRECTION ( 'NONE',  ( 0.000000000000000000, -1.000000000000000000, 0.000000000000000000 ) ) ;
#182 = DIRECTION ( 'NONE',  ( -0.000000000000000000, 1.000000000000000000, 0.000000000000000000 ) ) ;
#183 =( NAMED_UNIT ( * ) SI_UNIT ( $, .STERADIAN. ) SOLID_ANGLE_UNIT ( ) );
#184 = FACE_OUTER_BOUND ( 'NONE', #29, .T. ) ;
#185 = CARTESIAN_POINT ( 'NONE',  ( 0.5000000000000000000, 0.02499999999999995628, 0.2250000000000000056 ) ) ;
#186 = AXIS2_PLACEMENT_3D ( 'NONE', #1181, #893, #66 ) ;
#187 = EDGE_LOOP ( 'NONE', ( #1261, #863, #1175, #615, #813, #492, #1644, #1211 ) ) ;
#188 = MECHANICAL_DESIGN_GEOMETRIC_PRESENTATION_REPRESENTATION (  '', ( #1707 ), #1375 ) ;
#189 =( GEOMETRIC_REPRESENTATION_CONTEXT ( 3 ) GLOBAL_UNCERTAINTY_ASSIGNED_CONTEXT ( ( #1855 ) ) GLOBAL_UNIT_ASSIGNED_CONTEXT ( ( #744, #1694, #1796 ) ) REPRESENTATION_CONTEXT ( 'NONE', 'WORKASPACE' ) );
#190 = ORIENTED_EDGE ( 'NONE', *, *, #1194, .F. ) ;
#191 = DIRECTION ( 'NONE',  ( 0.000000000000000000, 0.000000000000000000, 1.000000000000000000 ) ) ;
#192 = VECTOR ( 'NONE', #1270, 1000.000000000000000 ) ;
#193 = DIRECTION ( 'NONE',  ( -1.000000000000000000, -0.000000000000000000, -0.000000000000000000 ) ) ;
#194 = MANIFOLD_SOLID_BREP ( 'Mirror2', #48 ) ;
#195 = ORIENTED_EDGE ( 'NONE', *, *, #1930, .T. ) ;
#196 = STYLED_ITEM ( 'NONE', ( #1606 ), #2027 ) ;
#197 = LINE ( 'NONE', #685, #924 ) ;
#198 = ORIENTED_EDGE ( 'NONE', *, *, #778, .T. ) ;
#199 = EDGE_CURVE ( 'NONE', #1655, #1503, #1486, .T. ) ;
#200 = ORIENTED_EDGE ( 'NONE', *, *, #751, .F. ) ;
#201 = DIRECTION ( 'NONE',  ( 0.000000000000000000, 0.000000000000000000, 1.000000000000000000 ) ) ;
#202 = DIRECTION ( 'NONE',  ( -1.000000000000000000, -0.000000000000000000, -1.084202172485504804E-16 ) ) ;
#203 = ORIENTED_EDGE ( 'NONE', *, *, #1941, .T. ) ;
#204 = FACE_OUTER_BOUND ( 'NONE', #1067, .T. ) ;
#205 = CARTESIAN_POINT ( 'NONE',  ( 0.4749999999999999778, 0.6999999999999999556, 0.2250000000000000056 ) ) ;
#206 = CARTESIAN_POINT ( 'NONE',  ( -0.2500000000000000555, 0.01250000000000003192, -0.2249999999999998945 ) ) ;
#207 = DIRECTION ( 'NONE',  ( 1.000000000000000000, 0.000000000000000000, 0.000000000000000000 ) ) ;
#208 = PRESENTATION_LAYER_ASSIGNMENT (  '', '', ( #475 ) ) ;
#209 = ORIENTED_EDGE ( 'NONE', *, *, #1321, .T. ) ;
#210 = AXIS2_PLACEMENT_3D ( 'NONE', #1024, #251, #722 ) ;
#211 = CARTESIAN_POINT ( 'NONE',  ( 0.2625000000000000111, 0.6999999999999999556, 0.2250000000000000056 ) ) ;
#212 =( GEOMETRIC_REPRESENTATION_CONTEXT ( 3 ) GLOBAL_UNCERTAINTY_ASSIGNED_CONTEXT ( ( #1228 ) ) GLOBAL_UNIT_ASSIGNED_CONTEXT ( ( #152, #274, #1584 ) ) REPRESENTATION_CONTEXT ( 'NONE', 'WORKASPACE' ) );
#213 = DIRECTION ( 'NONE',  ( -1.084202172485504804E-16, 0.000000000000000000, 1.000000000000000000 ) ) ;
#214 = EDGE_CURVE ( 'NONE', #691, #911, #1471, .T. ) ;
#215 = ORIENTED_EDGE ( 'NONE', *, *, #1623, .T. ) ;
#216 = LINE ( 'NONE', #1190, #1103 ) ;
#217 = FILL_AREA_STYLE_COLOUR ( '', #1426 ) ;
#218 = ADVANCED_FACE ( 'NONE', ( #670 ), #683, .T. ) ;
#219 = CARTESIAN_POINT ( 'NONE',  ( 0.2500000000193722816, 0.02499999999999995628, -0.2374999999999998779 ) ) ;
#220 =( GEOMETRIC_REPRESENTATION_CONTEXT ( 3 ) GLOBAL_UNCERTAINTY_ASSIGNED_CONTEXT ( ( #1323 ) ) GLOBAL_UNIT_ASSIGNED_CONTEXT ( ( #1307, #1625, #977 ) ) REPRESENTATION_CONTEXT ( 'NONE', 'WORKASPACE' ) );
#221 = CARTESIAN_POINT ( 'NONE',  ( -0.4749999999999999778, 0.000000000000000000, -0.2249999999999998945 ) ) ;
#222 = ORIENTED_EDGE ( 'NONE', *, *, #1615, .F. ) ;
#223 = CARTESIAN_POINT ( 'NONE',  ( -0.2625000000000000111, 0.6999999999999999556, -0.2249999999999998945 ) ) ;
#224 = EDGE_CURVE ( 'NONE', #1023, #431, #658, .T. ) ;
#225 = AXIS2_PLACEMENT_3D ( 'NONE', #1938, #1155, #1165 ) ;
#226 = CARTESIAN_POINT ( 'NONE',  ( 0.4749999999999999778, 0.000000000000000000, -0.2249999999999998945 ) ) ;
#227 = EDGE_LOOP ( 'NONE', ( #1712, #1391, #2044, #1591 ) ) ;
#228 = CARTESIAN_POINT ( 'NONE',  ( 0.4749999999999999778, 0.02499999999999995628, -0.2499999999999998890 ) ) ;
#229 = CIRCLE ( 'NONE', #1477, 0.01250000000000000590 ) ;
#230 = LINE ( 'NONE', #1664, #1695 ) ;
#231 = EDGE_CURVE ( 'NONE', #361, #171, #880, .T. ) ;
#232 = TOROIDAL_SURFACE ( 'NONE', #1951, 0.01250000000000000069, 0.01250000000000000069 ) ;
#233 = ORIENTED_EDGE ( 'NONE', *, *, #1080, .F. ) ;
#234 = CARTESIAN_POINT ( 'NONE',  ( 0.4749999999999999778, 0.6999999999999999556, -0.2249999999999998945 ) ) ;
#235 = FILL_AREA_STYLE ('',( #1995 ) ) ;
#236 = ORIENTED_EDGE ( 'NONE', *, *, #833, .F. ) ;
#237 = EDGE_CURVE ( 'NONE', #569, #618, #86, .T. ) ;
#238 = DIRECTION ( 'NONE',  ( 0.000000000000000000, 0.000000000000000000, 1.000000000000000000 ) ) ;
#239 = VERTEX_POINT ( 'NONE', #1352 ) ;
#240 = SURFACE_STYLE_FILL_AREA ( #1837 ) ;
#241 = CARTESIAN_POINT ( 'NONE',  ( 0.4749999999999999778, 0.02500000000000000139, -0.2249999999999998945 ) ) ;
#242 = SURFACE_STYLE_USAGE ( .BOTH. , #1501 ) ;
#243 = VERTEX_POINT ( 'NONE', #1991 ) ;
#244 = VECTOR ( 'NONE', #909, 1000.000000000000000 ) ;
#245 = CARTESIAN_POINT ( 'NONE',  ( -0.4749999999999999778, 0.02499999999999995628, -0.2249999999999998945 ) ) ;
#246 = TOROIDAL_SURFACE ( 'NONE', #1224, 0.01250000000000000069, 0.01250000000000000069 ) ;
#247 = SURFACE_STYLE_USAGE ( .BOTH. , #854 ) ;
#248 = ORIENTED_EDGE ( 'NONE', *, *, #87, .F. ) ;
#249 = AXIS2_PLACEMENT_3D ( 'NONE', #55, #1992, #1520 ) ;
#250 = ORIENTED_EDGE ( 'NONE', *, *, #534, .T. ) ;
#251 = DIRECTION ( 'NONE',  ( 1.000000000000000000, 0.000000000000000000, 0.000000000000000000 ) ) ;
#252 = SURFACE_SIDE_STYLE ('',( #2008 ) ) ;
#253 = ORIENTED_EDGE ( 'NONE', *, *, #778, .F. ) ;
#254 = SURFACE_SIDE_STYLE ('',( #268 ) ) ;
#255 = UNCERTAINTY_MEASURE_WITH_UNIT (LENGTH_MEASURE( 1.000000000000000082E-05 ), #1399, 'distance_accuracy_value', 'NONE');
#256 = DIRECTION ( 'NONE',  ( 1.000000000000000000, 0.000000000000000000, -0.000000000000000000 ) ) ;
#257 = VERTEX_POINT ( 'NONE', #544 ) ;
#258 = SURFACE_SIDE_STYLE ('',( #1859 ) ) ;
#259 = CLOSED_SHELL ( 'NONE', ( #1789, #285, #1416, #1410, #965, #460, #2062, #263, #323, #925 ) ) ;
#260 = EDGE_CURVE ( 'NONE', #1465, #1100, #216, .T. ) ;
#261 = AXIS2_PLACEMENT_3D ( 'NONE', #373, #535, #868 ) ;
#262 = AXIS2_PLACEMENT_3D ( 'NONE', #1546, #103, #1417 ) ;
#263 = ADVANCED_FACE ( 'NONE', ( #204 ), #1497, .T. ) ;
#264 = VECTOR ( 'NONE', #303, 1000.000000000000000 ) ;
#265 = ORIENTED_EDGE ( 'NONE', *, *, #759, .T. ) ;
#266 = CARTESIAN_POINT ( 'NONE',  ( -0.4749999999999999778, 0.6999999999999999556, 0.2500000000000000000 ) ) ;
#267 = PRESENTATION_LAYER_ASSIGNMENT (  '', '', ( #1111 ) ) ;
#268 = SURFACE_STYLE_FILL_AREA ( #736 ) ;
#269 = FILL_AREA_STYLE ('',( #1547 ) ) ;
#270 = ORIENTED_EDGE ( 'NONE', *, *, #14, .T. ) ;
#271 = SURFACE_STYLE_FILL_AREA ( #96 ) ;
#272 = CARTESIAN_POINT ( 'NONE',  ( 0.4749999999999999778, 0.02499999999999995628, 0.2250000000000000056 ) ) ;
#273 = FACE_OUTER_BOUND ( 'NONE', #30, .T. ) ;
#274 =( NAMED_UNIT ( * ) PLANE_ANGLE_UNIT ( ) SI_UNIT ( $, .RADIAN. ) );
#275 = CARTESIAN_POINT ( 'NONE',  ( 0.2625000000000000111, 0.02499999999999995628, 0.2374999999999999889 ) ) ;
#276 = UNCERTAINTY_MEASURE_WITH_UNIT (LENGTH_MEASURE( 1.000000000000000082E-05 ), #870, 'distance_accuracy_value', 'NONE');
#277 = VERTEX_POINT ( 'NONE', #1030 ) ;
#278 = CARTESIAN_POINT ( 'NONE',  ( 0.2625000000000000111, 0.6999999999999999556, 0.2500000000000000000 ) ) ;
#279 = VECTOR ( 'NONE', #1593, 1000.000000000000000 ) ;
#280 = AXIS2_PLACEMENT_3D ( 'NONE', #1826, #398, #869 ) ;
#281 = FACE_OUTER_BOUND ( 'NONE', #2064, .T. ) ;
#282 = SURFACE_SIDE_STYLE ('',( #1890 ) ) ;
#283 = EDGE_CURVE ( 'NONE', #1230, #1609, #627, .T. ) ;
#284 = ORIENTED_EDGE ( 'NONE', *, *, #1549, .F. ) ;
#285 = ADVANCED_FACE ( 'NONE', ( #1825 ), #386, .F. ) ;
#286 = PLANE ( 'NONE',  #876 ) ;
#287 = AXIS2_PLACEMENT_3D ( 'NONE', #42, #696, #1339 ) ;
#288 =( LENGTH_UNIT ( ) NAMED_UNIT ( * ) SI_UNIT ( .MILLI., .METRE. ) );
#289 = CYLINDRICAL_SURFACE ( 'NONE', #438, 0.02500000000000001180 ) ;
#290 = DIRECTION ( 'NONE',  ( -0.000000000000000000, -1.000000000000000000, -0.000000000000000000 ) ) ;
#291 = CIRCLE ( 'NONE', #2049, 0.02500000000000001180 ) ;
#292 = CARTESIAN_POINT ( 'NONE',  ( 500000.0000000000582, 0.02499999999999995628, -0.2375000000433679370 ) ) ;
#293 = ORIENTED_EDGE ( 'NONE', *, *, #673, .F. ) ;
#294 = CARTESIAN_POINT ( 'NONE',  ( 0.2500000000000000555, 0.6999999999999999556, -0.2499999999999998890 ) ) ;
#295 = EDGE_CURVE ( 'NONE', #36, #431, #835, .T. ) ;
#296 = ORIENTED_EDGE ( 'NONE', *, *, #1011, .F. ) ;
#297 = CARTESIAN_POINT ( 'NONE',  ( -0.4749999999999999778, 0.02499999999999995628, -0.2499999999999998890 ) ) ;
#298 = FILL_AREA_STYLE ('',( #119 ) ) ;
#299 = ADVANCED_FACE ( 'NONE', ( #1452 ), #1282, .T. ) ;
#300 = CARTESIAN_POINT ( 'NONE',  ( -0.2500000000000000555, 0.6750000000000000444, -0.2374999999999998779 ) ) ;
#301 = CARTESIAN_POINT ( 'NONE',  ( 0.2625000000000000111, 0.000000000000000000, -0.2249999999999998945 ) ) ;
#302 = ORIENTED_EDGE ( 'NONE', *, *, #946, .F. ) ;
#303 = DIRECTION ( 'NONE',  ( -0.000000000000000000, -0.000000000000000000, -1.000000000000000000 ) ) ;
#304 = EDGE_CURVE ( 'NONE', #1249, #22, #473, .T. ) ;
#305 = CIRCLE ( 'NONE', #892, 0.02500000000000001180 ) ;
#306 = DIRECTION ( 'NONE',  ( -1.000000000000000000, 0.000000000000000000, 0.000000000000000000 ) ) ;
#307 = VECTOR ( 'NONE', #837, 1000.000000000000000 ) ;
#308 = LINE ( 'NONE', #452, #706 ) ;
#309 = CARTESIAN_POINT ( 'NONE',  ( 0.2625000000000000111, 0.6750000000000000444, -0.2374999999999998779 ) ) ;
#310 = SURFACE_STYLE_USAGE ( .BOTH. , #282 ) ;
#311 = SURFACE_STYLE_FILL_AREA ( #1775 ) ;
#312 = EDGE_CURVE ( 'NONE', #1249, #257, #1205, .T. ) ;
#313 = DIRECTION ( 'NONE',  ( 0.000000000000000000, -1.000000000000000000, 0.000000000000000000 ) ) ;
#314 = CARTESIAN_POINT ( 'NONE',  ( 0.2500000000000000000, 0.02499999999999995628, 0.2250000000000000056 ) ) ;
#315 = ORIENTED_EDGE ( 'NONE', *, *, #76, .F. ) ;
#316 = CARTESIAN_POINT ( 'NONE',  ( 0.4749999999999999778, 0.6750000000000000444, -0.2499999999999998890 ) ) ;
#317 = DIRECTION ( 'NONE',  ( 0.000000000000000000, 0.000000000000000000, 1.000000000000000000 ) ) ;
#318 = COLOUR_RGB ( '',0.7921568627450980005, 0.8196078431372548767, 0.9333333333333333481 ) ;
#319 = PRESENTATION_STYLE_ASSIGNMENT (( #1315 ) ) ;
#320 = SURFACE_STYLE_USAGE ( .BOTH. , #1650 ) ;
#321 = CYLINDRICAL_SURFACE ( 'NONE', #1915, 0.02500000000000001180 ) ;
#322 = CIRCLE ( 'NONE', #1632, 0.02500000000000001180 ) ;
#323 = ADVANCED_FACE ( 'NONE', ( #992 ), #1152, .F. ) ;
#324 = DIRECTION ( 'NONE',  ( 0.000000000000000000, -1.000000000000000000, 0.000000000000000000 ) ) ;
#325 = VECTOR ( 'NONE', #1809, 1000.000000000000000 ) ;
#326 = VERTEX_POINT ( 'NONE', #1293 ) ;
#327 = PRESENTATION_LAYER_ASSIGNMENT (  '', '', ( #1538 ) ) ;
#328 = VERTEX_POINT ( 'NONE', #1303 ) ;
#329 = CARTESIAN_POINT ( 'NONE',  ( -0.5000000000000000000, 0.6999999999999999556, -0.2499999999999998890 ) ) ;
#330 = TOROIDAL_SURFACE ( 'NONE', #1272, 0.01250000000000000069, 0.01250000000000000069 ) ;
#331 = PRESENTATION_STYLE_ASSIGNMENT (( #13 ) ) ;
#332 = DIRECTION ( 'NONE',  ( 0.000000000000000000, -1.000000000000000000, 0.000000000000000000 ) ) ;
#333 = CARTESIAN_POINT ( 'NONE',  ( -0.2625000000000000111, 0.6750000000000000444, 0.2250000000000000056 ) ) ;
#334 = FILL_AREA_STYLE_COLOUR ( '', #2035 ) ;
#335 = FACE_OUTER_BOUND ( 'NONE', #227, .T. ) ;
#336 = ORIENTED_EDGE ( 'NONE', *, *, #594, .F. ) ;
#337 = ORIENTED_EDGE ( 'NONE', *, *, #1049, .F. ) ;
#338 = DIRECTION ( 'NONE',  ( 1.000000000000000000, 0.000000000000000000, 0.000000000000000000 ) ) ;
#339 = DIRECTION ( 'NONE',  ( 0.000000000000000000, -1.000000000000000000, 0.000000000000000000 ) ) ;
#340 = CIRCLE ( 'NONE', #614, 0.01249999999999997814 ) ;
#341 =( LENGTH_UNIT ( ) NAMED_UNIT ( * ) SI_UNIT ( .MILLI., .METRE. ) );
#342 = COLOUR_RGB ( '',0.7960784313725489669, 0.8235294117647058432, 0.9372549019607843146 ) ;
#343 = AXIS2_PLACEMENT_3D ( 'NONE', #1364, #554, #2004 ) ;
#344 = SURFACE_STYLE_FILL_AREA ( #416 ) ;
#345 = ORIENTED_EDGE ( 'NONE', *, *, #1101, .F. ) ;
#346 = EDGE_LOOP ( 'NONE', ( #829, #1858, #358, #69 ) ) ;
#347 = DIRECTION ( 'NONE',  ( -1.000000000000000000, 0.000000000000000000, 0.000000000000000000 ) ) ;
#348 = EDGE_CURVE ( 'NONE', #421, #618, #1949, .T. ) ;
#349 = ORIENTED_EDGE ( 'NONE', *, *, #1385, .F. ) ;
#350 = FILL_AREA_STYLE_COLOUR ( '', #777 ) ;
#351 = EDGE_CURVE ( 'NONE', #1480, #1610, #1721, .T. ) ;
#352 = SURFACE_STYLE_FILL_AREA ( #1127 ) ;
#353 = PRESENTATION_LAYER_ASSIGNMENT (  '', '', ( #1203 ) ) ;
#354 = PRESENTATION_STYLE_ASSIGNMENT (( #904 ) ) ;
#355 = EDGE_LOOP ( 'NONE', ( #1051, #2009, #1320, #1241 ) ) ;
#356 = AXIS2_PLACEMENT_3D ( 'NONE', #228, #1519, #1010 ) ;
#357 = COLOUR_RGB ( '',0.7960784313725489669, 0.8235294117647058432, 0.9372549019607843146 ) ;
#358 = ORIENTED_EDGE ( 'NONE', *, *, #1779, .T. ) ;
#359 = PRESENTATION_STYLE_ASSIGNMENT (( #1830 ) ) ;
#360 = TOROIDAL_SURFACE ( 'NONE', #25, 0.01250000000000000069, 0.01250000000000000069 ) ;
#361 = VERTEX_POINT ( 'NONE', #1484 ) ;
#362 = AXIS2_PLACEMENT_3D ( 'NONE', #1601, #831, #652 ) ;
#363 = SURFACE_SIDE_STYLE ('',( #1284 ) ) ;
#364 = PRESENTATION_STYLE_ASSIGNMENT (( #320 ) ) ;
#365 = EDGE_CURVE ( 'NONE', #1745, #1188, #1896, .T. ) ;
#366 = FACE_OUTER_BOUND ( 'NONE', #1944, .T. ) ;
#367 = ORIENTED_EDGE ( 'NONE', *, *, #199, .F. ) ;
#368 = VERTEX_POINT ( 'NONE', #24 ) ;
#369 = FILL_AREA_STYLE ('',( #853 ) ) ;
#370 = LINE ( 'NONE', #1671, #1588 ) ;
#371 = EDGE_CURVE ( 'NONE', #368, #1687, #1145, .T. ) ;
#372 = EDGE_LOOP ( 'NONE', ( #725, #515, #1629, #1526 ) ) ;
#373 = CARTESIAN_POINT ( 'NONE',  ( -0.2500000000000000555, 0.02499999999999995628, -0.2249999999999998945 ) ) ;
#374 = DIRECTION ( 'NONE',  ( 1.084202172485504804E-16, 1.430544533140596758E-16, -1.000000000000000000 ) ) ;
#375 = DIRECTION ( 'NONE',  ( 0.000000000000000000, 0.000000000000000000, 1.000000000000000000 ) ) ;
#376 = AXIS2_PLACEMENT_3D ( 'NONE', #1156, #1794, #816 ) ;
#377 = CARTESIAN_POINT ( 'NONE',  ( -0.5000000000000000000, 0.6999999999999999556, -0.2249999999999998945 ) ) ;
#378 = EDGE_CURVE ( 'NONE', #979, #470, #1928, .T. ) ;
#379 = DIRECTION ( 'NONE',  ( 0.000000000000000000, 0.000000000000000000, -1.000000000000000000 ) ) ;
#380 = VECTOR ( 'NONE', #1028, 1000.000000000000000 ) ;
#381 = ORIENTED_EDGE ( 'NONE', *, *, #1866, .T. ) ;
#382 = STYLED_ITEM ( 'NONE', ( #1575 ), #894 ) ;
#383 = SURFACE_STYLE_FILL_AREA ( #369 ) ;
#384 = DIRECTION ( 'NONE',  ( 0.000000000000000000, 0.000000000000000000, 1.000000000000000000 ) ) ;
#385 = ORIENTED_EDGE ( 'NONE', *, *, #170, .T. ) ;
#386 = PLANE ( 'NONE',  #528 ) ;
#387 = LINE ( 'NONE', #1031, #40 ) ;
#388 = SURFACE_STYLE_FILL_AREA ( #730 ) ;
#389 = LINE ( 'NONE', #884, #1864 ) ;
#390 = EDGE_CURVE ( 'NONE', #1023, #36, #1394, .T. ) ;
#391 = ORIENTED_EDGE ( 'NONE', *, *, #755, .F. ) ;
#392 = PRESENTATION_LAYER_ASSIGNMENT (  '', '', ( #1945 ) ) ;
#393 = DIRECTION ( 'NONE',  ( 0.000000000000000000, 0.000000000000000000, 1.000000000000000000 ) ) ;
#394 =( GEOMETRIC_REPRESENTATION_CONTEXT ( 3 ) GLOBAL_UNCERTAINTY_ASSIGNED_CONTEXT ( ( #920 ) ) GLOBAL_UNIT_ASSIGNED_CONTEXT ( ( #288, #446, #1432 ) ) REPRESENTATION_CONTEXT ( 'NONE', 'WORKASPACE' ) );
#395 = DIRECTION ( 'NONE',  ( 1.000000000000000000, 0.000000000000000000, -8.673617379884036705E-17 ) ) ;
#396 = VERTEX_POINT ( 'NONE', #1761 ) ;
#397 = AXIS2_PLACEMENT_3D ( 'NONE', #1757, #1943, #450 ) ;
#398 = DIRECTION ( 'NONE',  ( 1.000000000000000000, -0.000000000000000000, -1.084202172485504804E-16 ) ) ;
#399 = CIRCLE ( 'NONE', #1572, 0.01249999999999997814 ) ;
#400 = ORIENTED_EDGE ( 'NONE', *, *, #432, .F. ) ;
#401 = CARTESIAN_POINT ( 'NONE',  ( 0.000000000000000000, 0.000000000000000000, 0.2250000000000000056 ) ) ;
#402 = FACE_OUTER_BOUND ( 'NONE', #847, .T. ) ;
#403 = ORIENTED_EDGE ( 'NONE', *, *, #1888, .T. ) ;
#404 =( NAMED_UNIT ( * ) PLANE_ANGLE_UNIT ( ) SI_UNIT ( $, .RADIAN. ) );
#405 = CARTESIAN_POINT ( 'NONE',  ( -0.2625000000000000111, 0.6750000000000000444, -0.2374999999999998779 ) ) ;
#406 = ORIENTED_EDGE ( 'NONE', *, *, #1039, .T. ) ;
#407 = CYLINDRICAL_SURFACE ( 'NONE', #781, 0.01250000000000000590 ) ;
#408 = ORIENTED_EDGE ( 'NONE', *, *, #980, .T. ) ;
#409 = DIRECTION ( 'NONE',  ( -1.000000000000000000, 0.000000000000000000, 0.000000000000000000 ) ) ;
#410 = ORIENTED_EDGE ( 'NONE', *, *, #348, .T. ) ;
#411 = AXIS2_PLACEMENT_3D ( 'NONE', #1505, #1038, #393 ) ;
#412 = VECTOR ( 'NONE', #1448, 1000.000000000000000 ) ;
#413 = ORIENTED_EDGE ( 'NONE', *, *, #1847, .T. ) ;
#414 = SURFACE_SIDE_STYLE ('',( #271 ) ) ;
#415 = STYLED_ITEM ( 'NONE', ( #1214 ), #823 ) ;
#416 = FILL_AREA_STYLE ('',( #1642 ) ) ;
#417 = VERTEX_POINT ( 'NONE', #485 ) ;
#418 = AXIS2_PLACEMENT_3D ( 'NONE', #826, #1940, #1434 ) ;
#419 = SURFACE_STYLE_USAGE ( .BOTH. , #254 ) ;
#420 = UNCERTAINTY_MEASURE_WITH_UNIT (LENGTH_MEASURE( 1.000000000000000082E-05 ), #341, 'distance_accuracy_value', 'NONE');
#421 = VERTEX_POINT ( 'NONE', #226 ) ;
#422 = CIRCLE ( 'NONE', #186, 0.01250000000000000590 ) ;
#423 = ORIENTED_EDGE ( 'NONE', *, *, #1816, .T. ) ;
#424 = CIRCLE ( 'NONE', #262, 0.01250000000000003192 ) ;
#425 = DIRECTION ( 'NONE',  ( 0.000000000000000000, 0.000000000000000000, -1.000000000000000000 ) ) ;
#426 = PRODUCT ( 'CL05A106MP5IUWC', 'CL05A106MP5IUWC', '', ( #891 ) ) ;
#427 =( LENGTH_UNIT ( ) NAMED_UNIT ( * ) SI_UNIT ( .MILLI., .METRE. ) );
#428 = SURFACE_STYLE_USAGE ( .BOTH. , #1237 ) ;
#429 = PRESENTATION_LAYER_ASSIGNMENT (  '', '', ( #162 ) ) ;
#430 = FILL_AREA_STYLE ('',( #570 ) ) ;
#431 = VERTEX_POINT ( 'NONE', #1646 ) ;
#432 = EDGE_CURVE ( 'NONE', #243, #1207, #1683, .T. ) ;
#433 = SPHERICAL_SURFACE ( 'NONE', #54, 0.02500000000000000139 ) ;
#434 = DIRECTION ( 'NONE',  ( 1.000000000000000000, -0.000000000000000000, 0.000000000000000000 ) ) ;
#435 = PRESENTATION_STYLE_ASSIGNMENT (( #2048 ) ) ;
#436 = LINE ( 'NONE', #101, #1479 ) ;
#437 = EDGE_CURVE ( 'NONE', #257, #569, #888, .T. ) ;
#438 = AXIS2_PLACEMENT_3D ( 'NONE', #205, #332, #1785 ) ;
#439 = UNCERTAINTY_MEASURE_WITH_UNIT (LENGTH_MEASURE( 1.000000000000000082E-05 ), #78, 'distance_accuracy_value', 'NONE');
#440 = VERTEX_POINT ( 'NONE', #707 ) ;
#441 = FILL_AREA_STYLE ('',( #1260 ) ) ;
#442 = AXIS2_PLACEMENT_3D ( 'NONE', #163, #173, #654 ) ;
#443 = ORIENTED_EDGE ( 'NONE', *, *, #3, .T. ) ;
#444 = MECHANICAL_DESIGN_GEOMETRIC_PRESENTATION_REPRESENTATION (  '', ( #382 ), #619 ) ;
#445 = CARTESIAN_POINT ( 'NONE',  ( -0.2625000000000000111, 0.6750000000000000444, 0.2250000000000000056 ) ) ;
#446 =( NAMED_UNIT ( * ) PLANE_ANGLE_UNIT ( ) SI_UNIT ( $, .RADIAN. ) );
#447 = DIRECTION ( 'NONE',  ( 1.000000000000000000, 0.000000000000000000, 0.000000000000000000 ) ) ;
#448 = LINE ( 'NONE', #1743, #743 ) ;
#449 = EDGE_CURVE ( 'NONE', #1042, #1300, #370, .T. ) ;
#450 = DIRECTION ( 'NONE',  ( 1.084202172485504804E-16, 0.000000000000000000, 1.000000000000000000 ) ) ;
#451 = EDGE_LOOP ( 'NONE', ( #1688, #129, #10, #1846 ) ) ;
#452 = CARTESIAN_POINT ( 'NONE',  ( 0.2499999999940882844, 0.02499999999999995628, -0.2374999999999998779 ) ) ;
#453 = VERTEX_POINT ( 'NONE', #1380 ) ;
#454 = DIRECTION ( 'NONE',  ( -1.000000000000000000, -0.000000000000000000, -1.084202172485504804E-16 ) ) ;
#455 = VECTOR ( 'NONE', #1815, 1000.000000000000000 ) ;
#456 = STYLED_ITEM ( 'NONE', ( #1972 ), #1362 ) ;
#457 = SURFACE_SIDE_STYLE ('',( #807 ) ) ;
#458 = DIRECTION ( 'NONE',  ( 1.084202172485504804E-16, 0.000000000000000000, -1.000000000000000000 ) ) ;
#459 = CIRCLE ( 'NONE', #912, 0.02500000000000001180 ) ;
#460 = ADVANCED_FACE ( 'NONE', ( #1371 ), #1978, .T. ) ;
#461 =( GEOMETRIC_REPRESENTATION_CONTEXT ( 3 ) GLOBAL_UNCERTAINTY_ASSIGNED_CONTEXT ( ( #518 ) ) GLOBAL_UNIT_ASSIGNED_CONTEXT ( ( #942, #1562, #784 ) ) REPRESENTATION_CONTEXT ( 'NONE', 'WORKASPACE' ) );
#462 = CARTESIAN_POINT ( 'NONE',  ( -0.4749999999999999778, 0.02499999999999995628, -0.2499999999999998890 ) ) ;
#463 = VECTOR ( 'NONE', #458, 1000.000000000000000 ) ;
#464 = VERTEX_POINT ( 'NONE', #1813 ) ;
#465 = LINE ( 'NONE', #1621, #631 ) ;
#466 = DIRECTION ( 'NONE',  ( -0.000000000000000000, -0.000000000000000000, -1.000000000000000000 ) ) ;
#467 = FILL_AREA_STYLE ('',( #1433 ) ) ;
#468 = DIRECTION ( 'NONE',  ( 0.000000000000000000, -0.000000000000000000, -1.000000000000000000 ) ) ;
#469 = CARTESIAN_POINT ( 'NONE',  ( 0.2500000000000000555, 0.6999999999999999556, -0.2499999999999998890 ) ) ;
#470 = VERTEX_POINT ( 'NONE', #877 ) ;
#471 = DIRECTION ( 'NONE',  ( 0.000000000000000000, 0.000000000000000000, 1.000000000000000000 ) ) ;
#472 = MECHANICAL_DESIGN_GEOMETRIC_PRESENTATION_REPRESENTATION (  '', ( #1662 ), #1720 ) ;
#473 = LINE ( 'NONE', #1782, #936 ) ;
#474 = ADVANCED_FACE ( 'NONE', ( #1017 ), #901, .T. ) ;
#475 = STYLED_ITEM ( 'NONE', ( #1942 ), #679 ) ;
#476 = AXIS2_PLACEMENT_3D ( 'NONE', #185, #674, #1318 ) ;
#477 =( NAMED_UNIT ( * ) PLANE_ANGLE_UNIT ( ) SI_UNIT ( $, .RADIAN. ) );
#478 = CARTESIAN_POINT ( 'NONE',  ( 0.2500000000000000555, 0.6875000000000001110, -0.2249999999999998945 ) ) ;
#479 = COLOUR_RGB ( '',0.7960784313725489669, 0.8235294117647058432, 0.9372549019607843146 ) ;
#480 = PLANE ( 'NONE',  #138 ) ;
#481 = CYLINDRICAL_SURFACE ( 'NONE', #1378, 0.02500000000000001180 ) ;
#482 = ORIENTED_EDGE ( 'NONE', *, *, #365, .F. ) ;
#483 = ORIENTED_EDGE ( 'NONE', *, *, #304, .T. ) ;
#484 = LINE ( 'NONE', #1923, #785 ) ;
#485 = CARTESIAN_POINT ( 'NONE',  ( 0.2499999999940882844, 0.01250000000000003192, -0.2249999999999999500 ) ) ;
#486 = MECHANICAL_DESIGN_GEOMETRIC_PRESENTATION_REPRESENTATION (  '', ( #1066 ), #1831 ) ;
#487 = CARTESIAN_POINT ( 'NONE',  ( 0.4749999999999999778, 0.02499999999999995628, 0.2250000000000000056 ) ) ;
#488 = DIRECTION ( 'NONE',  ( -1.000000000000000000, -0.000000000000000000, -0.000000000000000000 ) ) ;
#489 = DIRECTION ( 'NONE',  ( 1.240799592534637574E-32, 1.000000000000000000, 1.430544533140596758E-16 ) ) ;
#490 = LINE ( 'NONE', #536, #1227 ) ;
#491 = DIRECTION ( 'NONE',  ( -1.000000000000000000, -0.000000000000000000, -1.084202172485504804E-16 ) ) ;
#492 = ORIENTED_EDGE ( 'NONE', *, *, #1351, .T. ) ;
#493 = VECTOR ( 'NONE', #98, 1000.000000000000000 ) ;
#494 = ORIENTED_EDGE ( 'NONE', *, *, #1772, .F. ) ;
#495 = FACE_OUTER_BOUND ( 'NONE', #355, .T. ) ;
#496 = VECTOR ( 'NONE', #121, 1000.000000000000000 ) ;
#497 = CARTESIAN_POINT ( 'NONE',  ( 0.4749999999999999778, 0.6750000000000000444, 0.2250000000000000056 ) ) ;
#498 = EDGE_CURVE ( 'NONE', #1979, #1178, #1999, .T. ) ;
#499 = DIRECTION ( 'NONE',  ( -1.000000000000000000, 0.000000000000000000, 1.084202172485504804E-16 ) ) ;
#500 = FILL_AREA_STYLE ('',( #334 ) ) ;
#501 = CARTESIAN_POINT ( 'NONE',  ( 0.2500000000000000555, 0.02499999999999995628, -0.2374999999999998779 ) ) ;
#502 = EDGE_LOOP ( 'NONE', ( #38, #108, #1360, #902 ) ) ;
#503 = EDGE_CURVE ( 'NONE', #171, #41, #1493, .T. ) ;
#504 = EDGE_LOOP ( 'NONE', ( #1599, #573, #408, #203 ) ) ;
#505 = DIRECTION ( 'NONE',  ( 0.000000000000000000, 0.000000000000000000, -1.000000000000000000 ) ) ;
#506 = DIRECTION ( 'NONE',  ( 0.000000000000000000, 0.000000000000000000, 1.000000000000000000 ) ) ;
#507 = ADVANCED_FACE ( 'NONE', ( #694 ), #1336, .T. ) ;
#508 = FILL_AREA_STYLE ('',( #941 ) ) ;
#509 = VECTOR ( 'NONE', #1492, 1000.000000000000000 ) ;
#510 = CARTESIAN_POINT ( 'NONE',  ( 0.2500000000000000000, 0.01249999999999995733, 0.2250000000000000056 ) ) ;
#511 = SURFACE_SIDE_STYLE ('',( #166 ) ) ;
#512 = VECTOR ( 'NONE', #324, 1000.000000000000000 ) ;
#513 = DIRECTION ( 'NONE',  ( 0.000000000000000000, -1.000000000000000000, -0.000000000000000000 ) ) ;
#514 = PRESENTATION_LAYER_ASSIGNMENT (  '', '', ( #1154 ) ) ;
#515 = ORIENTED_EDGE ( 'NONE', *, *, #231, .T. ) ;
#516 = ORIENTED_EDGE ( 'NONE', *, *, #1122, .T. ) ;
#517 = CARTESIAN_POINT ( 'NONE',  ( 0.2500000000000000555, 0.01250000000000003192, -0.2249999999999998945 ) ) ;
#518 = UNCERTAINTY_MEASURE_WITH_UNIT (LENGTH_MEASURE( 1.000000000000000082E-05 ), #942, 'distance_accuracy_value', 'NONE');
#519 = VERTEX_POINT ( 'NONE', #865 ) ;
#520 = EDGE_CURVE ( 'NONE', #440, #1965, #1508, .T. ) ;
#521 = AXIS2_PLACEMENT_3D ( 'NONE', #1753, #489, #808 ) ;
#522 = DIRECTION ( 'NONE',  ( 1.000000000000000000, 0.000000000000000000, 0.000000000000000000 ) ) ;
#523 = CARTESIAN_POINT ( 'NONE',  ( -0.2625000000000000111, 0.6750000000000000444, 0.2374999999999999889 ) ) ;
#524 =( LENGTH_UNIT ( ) NAMED_UNIT ( * ) SI_UNIT ( .MILLI., .METRE. ) );
#525 = PRESENTATION_LAYER_ASSIGNMENT (  '', '', ( #1874 ) ) ;
#526 = DIRECTION ( 'NONE',  ( 0.000000000000000000, -1.000000000000000000, 0.000000000000000000 ) ) ;
#527 = ORIENTED_EDGE ( 'NONE', *, *, #1215, .T. ) ;
#528 = AXIS2_PLACEMENT_3D ( 'NONE', #1179, #984, #1792 ) ;
#529 = EDGE_CURVE ( 'NONE', #1668, #1178, #985, .T. ) ;
#530 = TOROIDAL_SURFACE ( 'NONE', #1910, 0.01250000000000000069, 0.01250000000000000069 ) ;
#531 = ORIENTED_EDGE ( 'NONE', *, *, #2001, .F. ) ;
#532 = ORIENTED_EDGE ( 'NONE', *, *, #1917, .F. ) ;
#533 = VECTOR ( 'NONE', #147, 1000.000000000000000 ) ;
#534 = EDGE_CURVE ( 'NONE', #1993, #243, #1256, .T. ) ;
#535 = DIRECTION ( 'NONE',  ( 1.000000000000000000, 0.000000000000000000, -8.673617379884036705E-17 ) ) ;
#536 = CARTESIAN_POINT ( 'NONE',  ( 0.2499999999940882844, 0.01249999999999996773, 0.2249999999024218100 ) ) ;
#537 = APPLICATION_PROTOCOL_DEFINITION ( 'draft international standard', 'automotive_design', 1998, #1125 ) ;
#538 = DIRECTION ( 'NONE',  ( 0.000000000000000000, -0.000000000000000000, 1.000000000000000000 ) ) ;
#539 = FACE_OUTER_BOUND ( 'NONE', #80, .T. ) ;
#540 = ORIENTED_EDGE ( 'NONE', *, *, #2076, .T. ) ;
#541 = CARTESIAN_POINT ( 'NONE',  ( -0.2625000000000000111, 0.000000000000000000, 0.2250000000000000056 ) ) ;
#542 = CARTESIAN_POINT ( 'NONE',  ( 0.000000000000000000, 0.6999999999999999556, 0.000000000000000000 ) ) ;
#543 = ORIENTED_EDGE ( 'NONE', *, *, #348, .F. ) ;
#544 = CARTESIAN_POINT ( 'NONE',  ( 0.2625000000000000111, 0.6750000000000000444, -0.2499999999999998890 ) ) ;
#545 = EDGE_CURVE ( 'NONE', #1793, #257, #630, .T. ) ;
#546 = FILL_AREA_STYLE ('',( #217 ) ) ;
#547 = DIRECTION ( 'NONE',  ( 0.000000000000000000, -0.000000000000000000, -1.000000000000000000 ) ) ;
#548 = DIRECTION ( 'NONE',  ( -0.000000000000000000, -0.000000000000000000, -1.000000000000000000 ) ) ;
#549 = SURFACE_STYLE_USAGE ( .BOTH. , #252 ) ;
#550 = AXIS2_PLACEMENT_3D ( 'NONE', #542, #1659, #1349 ) ;
#551 = EDGE_LOOP ( 'NONE', ( #1672, #209, #1973, #1381 ) ) ;
#552 =( NAMED_UNIT ( * ) SI_UNIT ( $, .STERADIAN. ) SOLID_ANGLE_UNIT ( ) );
#553 = ORIENTED_EDGE ( 'NONE', *, *, #1294, .F. ) ;
#554 = DIRECTION ( 'NONE',  ( -1.000000000000000000, 0.000000000000000000, 0.000000000000000000 ) ) ;
#555 = ORIENTED_EDGE ( 'NONE', *, *, #1431, .F. ) ;
#556 = PRESENTATION_STYLE_ASSIGNMENT (( #1368 ) ) ;
#557 =( LENGTH_UNIT ( ) NAMED_UNIT ( * ) SI_UNIT ( .MILLI., .METRE. ) );
#558 = ORIENTED_EDGE ( 'NONE', *, *, #534, .F. ) ;
#559 = COLOUR_RGB ( '',0.7960784313725489669, 0.8235294117647058432, 0.9372549019607843146 ) ;
#560 =( NAMED_UNIT ( * ) SI_UNIT ( $, .STERADIAN. ) SOLID_ANGLE_UNIT ( ) );
#561 = DIRECTION ( 'NONE',  ( 0.000000000000000000, 0.000000000000000000, -1.000000000000000000 ) ) ;
#562 = VECTOR ( 'NONE', #144, 1000.000000000000000 ) ;
#563 = ORIENTED_EDGE ( 'NONE', *, *, #669, .F. ) ;
#564 = CIRCLE ( 'NONE', #1566, 0.01249999999999997814 ) ;
#565 = AXIS2_PLACEMENT_3D ( 'NONE', #1573, #130, #1114 ) ;
#566 = COLOUR_RGB ( '',0.7960784313725489669, 0.8235294117647058432, 0.9372549019607843146 ) ;
#567 = SURFACE_STYLE_USAGE ( .BOTH. , #1535 ) ;
#568 =( LENGTH_UNIT ( ) NAMED_UNIT ( * ) SI_UNIT ( .MILLI., .METRE. ) );
#569 = VERTEX_POINT ( 'NONE', #1389 ) ;
#570 = FILL_AREA_STYLE_COLOUR ( '', #357 ) ;
#571 = EDGE_CURVE ( 'NONE', #576, #239, #919, .T. ) ;
#572 = LINE ( 'NONE', #949, #512 ) ;
#573 = ORIENTED_EDGE ( 'NONE', *, *, #1917, .T. ) ;
#574 = DIRECTION ( 'NONE',  ( 0.000000000000000000, 0.000000000000000000, -1.000000000000000000 ) ) ;
#575 = CARTESIAN_POINT ( 'NONE',  ( 0.000000000000000000, 0.6750000000000000444, -0.2249999999999998945 ) ) ;
#576 = VERTEX_POINT ( 'NONE', #764 ) ;
#577 =( NAMED_UNIT ( * ) PLANE_ANGLE_UNIT ( ) SI_UNIT ( $, .RADIAN. ) );
#578 = FILL_AREA_STYLE_COLOUR ( '', #566 ) ;
#579 = AXIS2_PLACEMENT_3D ( 'NONE', #1027, #1016, #71 ) ;
#580 = VECTOR ( 'NONE', #659, 1000.000000000000000 ) ;
#581 = FACE_OUTER_BOUND ( 'NONE', #1946, .T. ) ;
#582 = VECTOR ( 'NONE', #1396, 1000.000000000000000 ) ;
#583 = CARTESIAN_POINT ( 'NONE',  ( -0.2625000000000000111, 0.6999999999999999556, -0.2499999999999998890 ) ) ;
#584 = VERTEX_POINT ( 'NONE', #155 ) ;
#585 = LINE ( 'NONE', #116, #1139 ) ;
#586 = COLOUR_RGB ( '',0.7960784313725489669, 0.8235294117647058432, 0.9372549019607843146 ) ;
#587 = ADVANCED_FACE ( 'NONE', ( #1920 ), #817, .F. ) ;
#588 = CARTESIAN_POINT ( 'NONE',  ( 500000.0000000000582, 0.6875000000000001110, -0.2250000000433680092 ) ) ;
#589 =( NAMED_UNIT ( * ) SI_UNIT ( $, .STERADIAN. ) SOLID_ANGLE_UNIT ( ) );
#590 = SURFACE_SIDE_STYLE ('',( #746 ) ) ;
#591 = DIRECTION ( 'NONE',  ( 0.000000000000000000, 0.000000000000000000, -1.000000000000000000 ) ) ;
#592 = DIRECTION ( 'NONE',  ( -1.000000000000000000, -0.000000000000000000, -0.000000000000000000 ) ) ;
#593 = UNCERTAINTY_MEASURE_WITH_UNIT (LENGTH_MEASURE( 1.000000000000000082E-05 ), #1854, 'distance_accuracy_value', 'NONE');
#594 = EDGE_CURVE ( 'NONE', #1178, #470, #798, .T. ) ;
#595 = CARTESIAN_POINT ( 'NONE',  ( 500000.0000000000582, 0.6750000000000000444, -0.2375000000433679925 ) ) ;
#596 = UNCERTAINTY_MEASURE_WITH_UNIT (LENGTH_MEASURE( 1.000000000000000082E-05 ), #18, 'distance_accuracy_value', 'NONE');
#597 = ORIENTED_EDGE ( 'NONE', *, *, #1779, .F. ) ;
#598 =( NAMED_UNIT ( * ) SI_UNIT ( $, .STERADIAN. ) SOLID_ANGLE_UNIT ( ) );
#599 = CIRCLE ( 'NONE', #225, 0.01250000000000000590 ) ;
#600 = CARTESIAN_POINT ( 'NONE',  ( -0.2500000000000000555, 0.01249999999999997294, 0.2250000000000000056 ) ) ;
#601 = EDGE_CURVE ( 'NONE', #11, #1023, #1239, .T. ) ;
#602 = CIRCLE ( 'NONE', #1209, 0.02500000000000001180 ) ;
#603 = FACE_OUTER_BOUND ( 'NONE', #74, .T. ) ;
#604 = CARTESIAN_POINT ( 'NONE',  ( -0.2500000000000000555, 0.02499999999999995628, -0.2374999999999998501 ) ) ;
#605 = PRESENTATION_LAYER_ASSIGNMENT (  '', '', ( #56 ) ) ;
#606 = ORIENTED_EDGE ( 'NONE', *, *, #545, .T. ) ;
#607 =( NAMED_UNIT ( * ) SI_UNIT ( $, .STERADIAN. ) SOLID_ANGLE_UNIT ( ) );
#608 = CARTESIAN_POINT ( 'NONE',  ( -0.5000000000000000000, 0.6999999999999999556, 0.2500000000000000000 ) ) ;
#609 = ADVANCED_FACE ( 'NONE', ( #2022 ), #246, .T. ) ;
#610 = CARTESIAN_POINT ( 'NONE',  ( 0.4749999999999999778, 0.02499999999999995628, -0.2499999999999998890 ) ) ;
#611 = CARTESIAN_POINT ( 'NONE',  ( 0.2625000000000000111, 0.01250000000000003192, -0.2499999999999998890 ) ) ;
#612 = FACE_OUTER_BOUND ( 'NONE', #1703, .T. ) ;
#613 = DIRECTION ( 'NONE',  ( -0.000000000000000000, -0.000000000000000000, -1.000000000000000000 ) ) ;
#614 = AXIS2_PLACEMENT_3D ( 'NONE', #1071, #93, #1048 ) ;
#615 = ORIENTED_EDGE ( 'NONE', *, *, #1049, .T. ) ;
#616 = LINE ( 'NONE', #278, #1040 ) ;
#617 = AXIS2_PLACEMENT_3D ( 'NONE', #750, #2031, #256 ) ;
#618 = VERTEX_POINT ( 'NONE', #301 ) ;
#619 =( GEOMETRIC_REPRESENTATION_CONTEXT ( 3 ) GLOBAL_UNCERTAINTY_ASSIGNED_CONTEXT ( ( #104 ) ) GLOBAL_UNIT_ASSIGNED_CONTEXT ( ( #1109, #2075, #1422 ) ) REPRESENTATION_CONTEXT ( 'NONE', 'WORKASPACE' ) );
#620 = FACE_OUTER_BOUND ( 'NONE', #504, .T. ) ;
#621 = CARTESIAN_POINT ( 'NONE',  ( 0.2625000000000000111, 0.6999999999999999556, -0.2374999999999998779 ) ) ;
#622 = FILL_AREA_STYLE_COLOUR ( '', #586 ) ;
#623 = DIRECTION ( 'NONE',  ( 0.000000000000000000, 1.000000000000000000, 0.000000000000000000 ) ) ;
#624 =( NAMED_UNIT ( * ) SI_UNIT ( $, .STERADIAN. ) SOLID_ANGLE_UNIT ( ) );
#625 = ORIENTED_EDGE ( 'NONE', *, *, #2076, .F. ) ;
#626 = DIRECTION ( 'NONE',  ( 1.084202172485504804E-16, -0.000000000000000000, 1.000000000000000000 ) ) ;
#627 = CIRCLE ( 'NONE', #261, 0.01249999999999992437 ) ;
#628 = SURFACE_SIDE_STYLE ('',( #1446 ) ) ;
#629 =( LENGTH_UNIT ( ) NAMED_UNIT ( * ) SI_UNIT ( .MILLI., .METRE. ) );
#630 = LINE ( 'NONE', #1701, #1363 ) ;
#631 = VECTOR ( 'NONE', #1267, 1000.000000000000000 ) ;
#632 = CARTESIAN_POINT ( 'NONE',  ( 0.2625000000000000111, 0.6999999999999999556, -0.2249999999999998945 ) ) ;
#633 = EDGE_CURVE ( 'NONE', #1542, #1993, #94, .T. ) ;
#634 = ORIENTED_EDGE ( 'NONE', *, *, #2011, .F. ) ;
#635 = DIRECTION ( 'NONE',  ( 1.000000000000000000, 0.000000000000000000, 0.000000000000000000 ) ) ;
#636 =( NAMED_UNIT ( * ) SI_UNIT ( $, .STERADIAN. ) SOLID_ANGLE_UNIT ( ) );
#637 = EDGE_CURVE ( 'NONE', #1300, #1655, #572, .T. ) ;
#638 = DIRECTION ( 'NONE',  ( -1.000000000000000000, 0.000000000000000000, 0.000000000000000000 ) ) ;
#639 = DIRECTION ( 'NONE',  ( 0.000000000000000000, 0.000000000000000000, 1.000000000000000000 ) ) ;
#640 = CARTESIAN_POINT ( 'NONE',  ( 0.2625000000000000111, 0.02499999999999995628, 0.2250000000000000056 ) ) ;
#641 = ORIENTED_EDGE ( 'NONE', *, *, #145, .T. ) ;
#642 = DIRECTION ( 'NONE',  ( -0.000000000000000000, 1.000000000000000000, -0.000000000000000000 ) ) ;
#643 = AXIS2_PLACEMENT_3D ( 'NONE', #15, #1306, #991 ) ;
#644 = PRESENTATION_LAYER_ASSIGNMENT (  '', '', ( #1022 ) ) ;
#645 = SURFACE_SIDE_STYLE ('',( #4 ) ) ;
#646 = DIRECTION ( 'NONE',  ( 8.673617379884035472E-17, 8.340016711426956521E-17, 1.000000000000000000 ) ) ;
#647 = DIRECTION ( 'NONE',  ( 0.000000000000000000, 0.000000000000000000, -1.000000000000000000 ) ) ;
#648 = CARTESIAN_POINT ( 'NONE',  ( -0.4749999999999999778, 0.000000000000000000, 0.000000000000000000 ) ) ;
#649 = DIRECTION ( 'NONE',  ( -1.084202172485504804E-16, 0.000000000000000000, -1.000000000000000000 ) ) ;
#650 = ORIENTED_EDGE ( 'NONE', *, *, #1011, .T. ) ;
#651 = ORIENTED_EDGE ( 'NONE', *, *, #295, .T. ) ;
#652 = DIRECTION ( 'NONE',  ( 0.000000000000000000, 0.000000000000000000, 1.000000000000000000 ) ) ;
#653 = ADVANCED_FACE ( 'NONE', ( #1587 ), #2068, .T. ) ;
#654 = DIRECTION ( 'NONE',  ( -1.000000000000000000, 0.000000000000000000, 8.673617379884035472E-17 ) ) ;
#655 = CARTESIAN_POINT ( 'NONE',  ( -0.2500000000000000000, 0.02499999999999995628, 0.2250000000000000056 ) ) ;
#656 = CARTESIAN_POINT ( 'NONE',  ( 0.4749999999999999778, 0.02500000000000000139, -0.2249999999999998945 ) ) ;
#657 = EDGE_CURVE ( 'NONE', #1660, #989, #1057, .T. ) ;
#658 = CIRCLE ( 'NONE', #2069, 0.02500000000000001180 ) ;
#659 = DIRECTION ( 'NONE',  ( 1.084202172485504804E-16, 0.000000000000000000, -1.000000000000000000 ) ) ;
#660 = DIRECTION ( 'NONE',  ( 0.000000000000000000, -1.000000000000000000, 0.000000000000000000 ) ) ;
#661 = PRESENTATION_LAYER_ASSIGNMENT (  '', '', ( #1105 ) ) ;
#662 = EDGE_LOOP ( 'NONE', ( #1495, #179, #1142 ) ) ;
#663 = ADVANCED_FACE ( 'NONE', ( #1929 ), #480, .F. ) ;
#664 = TOROIDAL_SURFACE ( 'NONE', #940, 0.01250000000000000069, 0.01250000000000000069 ) ;
#665 = ORIENTED_EDGE ( 'NONE', *, *, #1507, .F. ) ;
#666 = CARTESIAN_POINT ( 'NONE',  ( -0.2625000000000000111, 0.01250000000000003192, -0.2249999999999998945 ) ) ;
#667 = MECHANICAL_DESIGN_GEOMETRIC_PRESENTATION_REPRESENTATION (  '', ( #162 ), #1773 ) ;
#668 = CARTESIAN_POINT ( 'NONE',  ( -0.2625000000000000111, 0.02499999999999995628, -0.2374999999999998779 ) ) ;
#669 = EDGE_CURVE ( 'NONE', #1745, #885, #1955, .T. ) ;
#670 = FACE_OUTER_BOUND ( 'NONE', #551, .T. ) ;
#671 = DIRECTION ( 'NONE',  ( 1.000000000000000000, -0.000000000000000000, -1.084202172485504804E-16 ) ) ;
#672 = FACE_OUTER_BOUND ( 'NONE', #1058, .T. ) ;
#673 = EDGE_CURVE ( 'NONE', #990, #1095, #1776, .T. ) ;
#674 = DIRECTION ( 'NONE',  ( -1.000000000000000000, 0.000000000000000000, 0.000000000000000000 ) ) ;
#675 = CARTESIAN_POINT ( 'NONE',  ( 0.2500000000193722816, 0.6875000000000001110, -0.2249999999999999500 ) ) ;
#676 = ORIENTED_EDGE ( 'NONE', *, *, #503, .F. ) ;
#677 = ORIENTED_EDGE ( 'NONE', *, *, #1387, .T. ) ;
#678 = DIRECTION ( 'NONE',  ( -0.000000000000000000, -1.000000000000000000, -0.000000000000000000 ) ) ;
#679 = ADVANCED_FACE ( 'NONE', ( #1309 ), #1627, .T. ) ;
#680 = DIRECTION ( 'NONE',  ( 0.000000000000000000, 0.000000000000000000, 1.000000000000000000 ) ) ;
#681 = ORIENTED_EDGE ( 'NONE', *, *, #1626, .F. ) ;
#682 = COLOUR_RGB ( '',0.7960784313725489669, 0.8235294117647058432, 0.9372549019607843146 ) ;
#683 = CYLINDRICAL_SURFACE ( 'NONE', #356, 0.02500000000000001180 ) ;
#684 = MECHANICAL_DESIGN_GEOMETRIC_PRESENTATION_REPRESENTATION (  '', ( #1019 ), #1997 ) ;
#685 = CARTESIAN_POINT ( 'NONE',  ( -0.2500000000000000000, 0.6999999999999999556, 0.2374999999999999611 ) ) ;
#686 = EDGE_CURVE ( 'NONE', #83, #396, #177, .T. ) ;
#687 = AXIS2_PLACEMENT_3D ( 'NONE', #1937, #306, #845 ) ;
#688 =( GEOMETRIC_REPRESENTATION_CONTEXT ( 3 ) GLOBAL_UNCERTAINTY_ASSIGNED_CONTEXT ( ( #439 ) ) GLOBAL_UNIT_ASSIGNED_CONTEXT ( ( #78, #577, #1828 ) ) REPRESENTATION_CONTEXT ( 'NONE', 'WORKASPACE' ) );
#689 =( NAMED_UNIT ( * ) PLANE_ANGLE_UNIT ( ) SI_UNIT ( $, .RADIAN. ) );
#690 = EDGE_LOOP ( 'NONE', ( #527, #270, #1884 ) ) ;
#691 = VERTEX_POINT ( 'NONE', #7 ) ;
#692 = UNCERTAINTY_MEASURE_WITH_UNIT (LENGTH_MEASURE( 1.000000000000000082E-05 ), #568, 'distance_accuracy_value', 'NONE');
#693 = EDGE_CURVE ( 'NONE', #1342, #417, #490, .T. ) ;
#694 = FACE_OUTER_BOUND ( 'NONE', #1814, .T. ) ;
#695 = EDGE_LOOP ( 'NONE', ( #1160, #1259, #1839, #1811 ) ) ;
#696 = DIRECTION ( 'NONE',  ( -1.000000000000000000, -0.000000000000000000, 8.673617379884035472E-17 ) ) ;
#697 = CARTESIAN_POINT ( 'NONE',  ( -0.2500000000000000000, 0.6750000000000000444, 0.2250000000000000056 ) ) ;
#698 = ORIENTED_EDGE ( 'NONE', *, *, #437, .F. ) ;
#699 = COLOUR_RGB ( '',0.7960784313725489669, 0.8235294117647058432, 0.9372549019607843146 ) ;
#700 = FACE_OUTER_BOUND ( 'NONE', #1131, .T. ) ;
#701 = DIRECTION ( 'NONE',  ( -1.000000000000000000, -0.000000000000000000, 8.673617379884035472E-17 ) ) ;
#702 = EDGE_LOOP ( 'NONE', ( #842, #253, #676, #740, #1197, #1450, #1159, #1390 ) ) ;
#703 = AXIS2_PLACEMENT_3D ( 'NONE', #469, #134, #1265 ) ;
#704 = LINE ( 'NONE', #223, #509 ) ;
#705 = EDGE_CURVE ( 'NONE', #1979, #754, #957, .T. ) ;
#706 = VECTOR ( 'NONE', #2057, 1000.000000000000000 ) ;
#707 = CARTESIAN_POINT ( 'NONE',  ( -0.2500000000000000555, 0.6750000000000000444, 0.2374999999999999889 ) ) ;
#708 = ORIENTED_EDGE ( 'NONE', *, *, #1015, .F. ) ;
#709 = CIRCLE ( 'NONE', #1347, 0.02500000000000001180 ) ;
#710 =( NAMED_UNIT ( * ) SI_UNIT ( $, .STERADIAN. ) SOLID_ANGLE_UNIT ( ) );
#711 = DIRECTION ( 'NONE',  ( 0.000000000000000000, 0.000000000000000000, 1.000000000000000000 ) ) ;
#712 = ORIENTED_EDGE ( 'NONE', *, *, #1077, .F. ) ;
#713 = SPHERICAL_SURFACE ( 'NONE', #1328, 0.02500000000000000139 ) ;
#714 = DIRECTION ( 'NONE',  ( 0.000000000000000000, 0.000000000000000000, 1.000000000000000000 ) ) ;
#715 = ORIENTED_EDGE ( 'NONE', *, *, #1713, .T. ) ;
#716 = SURFACE_STYLE_FILL_AREA ( #1483 ) ;
#717 = DIRECTION ( 'NONE',  ( -1.000000000000000000, -0.000000000000000000, 8.673617379884035472E-17 ) ) ;
#718 = ORIENTED_EDGE ( 'NONE', *, *, #669, .T. ) ;
#719 = CARTESIAN_POINT ( 'NONE',  ( -0.4749999999999999778, 0.6750000000000000444, -0.2249999999999998945 ) ) ;
#720 = DIRECTION ( 'NONE',  ( -0.000000000000000000, -0.000000000000000000, -1.000000000000000000 ) ) ;
#721 = ORIENTED_EDGE ( 'NONE', *, *, #1930, .F. ) ;
#722 = DIRECTION ( 'NONE',  ( 0.000000000000000000, 0.000000000000000000, -1.000000000000000000 ) ) ;
#723 = CYLINDRICAL_SURFACE ( 'NONE', #1444, 0.02500000000000001180 ) ;
#724 = PRESENTATION_LAYER_ASSIGNMENT (  '', '', ( #824 ) ) ;
#725 = ORIENTED_EDGE ( 'NONE', *, *, #1936, .F. ) ;
#726 =( LENGTH_UNIT ( ) NAMED_UNIT ( * ) SI_UNIT ( .MILLI., .METRE. ) );
#727 = DIRECTION ( 'NONE',  ( 1.000000000000000000, -0.000000000000000000, -0.000000000000000000 ) ) ;
#728 = ORIENTED_EDGE ( 'NONE', *, *, #1564, .F. ) ;
#729 =( LENGTH_UNIT ( ) NAMED_UNIT ( * ) SI_UNIT ( .MILLI., .METRE. ) );
#730 = FILL_AREA_STYLE ('',( #1355 ) ) ;
#731 = EDGE_CURVE ( 'NONE', #1745, #239, #1460, .T. ) ;
#732 = SURFACE_STYLE_USAGE ( .BOTH. , #590 ) ;
#733 = CARTESIAN_POINT ( 'NONE',  ( 0.2625000000000000111, 0.01250000000000003192, -0.2249999999999998945 ) ) ;
#734 = EDGE_LOOP ( 'NONE', ( #1766, #1345, #1047, #563 ) ) ;
#735 = AXIS2_PLACEMENT_3D ( 'NONE', #309, #1089, #1414 ) ;
#736 = FILL_AREA_STYLE ('',( #1726 ) ) ;
#737 = STYLED_ITEM ( 'NONE', ( #1295 ), #218 ) ;
#738 = PRESENTATION_STYLE_ASSIGNMENT (( #247 ) ) ;
#739 = MECHANICAL_DESIGN_GEOMETRIC_PRESENTATION_REPRESENTATION (  '', ( #456 ), #1804 ) ;
#740 = ORIENTED_EDGE ( 'NONE', *, *, #231, .F. ) ;
#741 =( LENGTH_UNIT ( ) NAMED_UNIT ( * ) SI_UNIT ( .MILLI., .METRE. ) );
#742 = AXIS2_PLACEMENT_3D ( 'NONE', #329, #635, #1459 ) ;
#743 = VECTOR ( 'NONE', #1069, 1000.000000000000000 ) ;
#744 =( LENGTH_UNIT ( ) NAMED_UNIT ( * ) SI_UNIT ( .MILLI., .METRE. ) );
#745 = AXIS2_PLACEMENT_3D ( 'NONE', #1891, #1415, #1576 ) ;
#746 = SURFACE_STYLE_FILL_AREA ( #1994 ) ;
#747 = DIRECTION ( 'NONE',  ( 0.000000000000000000, -1.000000000000000000, 0.000000000000000000 ) ) ;
#748 = CARTESIAN_POINT ( 'NONE',  ( -0.4749999999999999778, 0.02499999999999995628, 0.2500000000000000000 ) ) ;
#749 = UNCERTAINTY_MEASURE_WITH_UNIT (LENGTH_MEASURE( 1.000000000000000082E-05 ), #1250, 'distance_accuracy_value', 'NONE');
#750 = CARTESIAN_POINT ( 'NONE',  ( -0.5000000000000000000, 0.6999999999999999556, -0.2499999999999998890 ) ) ;
#751 = EDGE_CURVE ( 'NONE', #396, #911, #387, .T. ) ;
#752 = ORIENTED_EDGE ( 'NONE', *, *, #237, .T. ) ;
#753 = LINE ( 'NONE', #1102, #968 ) ;
#754 = VERTEX_POINT ( 'NONE', #1674 ) ;
#755 = EDGE_CURVE ( 'NONE', #239, #11, #230, .T. ) ;
#756 = DIRECTION ( 'NONE',  ( 0.000000000000000000, 0.000000000000000000, 1.000000000000000000 ) ) ;
#757 = DIRECTION ( 'NONE',  ( -1.000000000000000000, -0.000000000000000000, 8.673617379884035472E-17 ) ) ;
#758 = CYLINDRICAL_SURFACE ( 'NONE', #1661, 0.02500000000000001180 ) ;
#759 = EDGE_CURVE ( 'NONE', #885, #1465, #1817, .T. ) ;
#760 = LINE ( 'NONE', #266, #1212 ) ;
#761 = CIRCLE ( 'NONE', #1189, 0.01250000000000000590 ) ;
#762 = CARTESIAN_POINT ( 'NONE',  ( -0.2500000000000000555, 0.01250000000000003192, -0.2249999999999998945 ) ) ;
#763 = CIRCLE ( 'NONE', #249, 0.01249999999999997814 ) ;
#764 = CARTESIAN_POINT ( 'NONE',  ( -0.5000000000000000000, 0.02499999999999995628, -0.2249999999999998945 ) ) ;
#765 = ORIENTED_EDGE ( 'NONE', *, *, #1667, .T. ) ;
#766 = EDGE_CURVE ( 'NONE', #1100, #1332, #763, .T. ) ;
#767 = SURFACE_STYLE_USAGE ( .BOTH. , #414 ) ;
#768 = MECHANICAL_DESIGN_GEOMETRIC_PRESENTATION_REPRESENTATION (  '', ( #2038 ), #212 ) ;
#769 = DIRECTION ( 'NONE',  ( 0.000000000000000000, -1.000000000000000000, 0.000000000000000000 ) ) ;
#770 = DIRECTION ( 'NONE',  ( -0.000000000000000000, 1.000000000000000000, -0.000000000000000000 ) ) ;
#771 = DIRECTION ( 'NONE',  ( -1.000000000000000000, 0.000000000000000000, 0.000000000000000000 ) ) ;
#772 = AXIS2_PLACEMENT_3D ( 'NONE', #882, #375, #850 ) ;
#773 = LINE ( 'NONE', #81, #244 ) ;
#774 = UNCERTAINTY_MEASURE_WITH_UNIT (LENGTH_MEASURE( 1.000000000000000082E-05 ), #1925, 'distance_accuracy_value', 'NONE');
#775 = ORIENTED_EDGE ( 'NONE', *, *, #1870, .F. ) ;
#776 = CARTESIAN_POINT ( 'NONE',  ( 0.4749999999999999778, 0.6750000000000000444, 0.2250000000000000056 ) ) ;
#777 = COLOUR_RGB ( '',0.7960784313725489669, 0.8235294117647058432, 0.9372549019607843146 ) ;
#778 = EDGE_CURVE ( 'NONE', #41, #1377, #1192, .T. ) ;
#779 = MECHANICAL_DESIGN_GEOMETRIC_PRESENTATION_REPRESENTATION (  '', ( #1105 ), #189 ) ;
#780 = CARTESIAN_POINT ( 'NONE',  ( 0.5000000000000000000, 0.6750000000000000444, 0.2250000000000000056 ) ) ;
#781 = AXIS2_PLACEMENT_3D ( 'NONE', #1148, #660, #988 ) ;
#782 =( NAMED_UNIT ( * ) PLANE_ANGLE_UNIT ( ) SI_UNIT ( $, .RADIAN. ) );
#783 =( NAMED_UNIT ( * ) SI_UNIT ( $, .STERADIAN. ) SOLID_ANGLE_UNIT ( ) );
#784 =( NAMED_UNIT ( * ) SI_UNIT ( $, .STERADIAN. ) SOLID_ANGLE_UNIT ( ) );
#785 = VECTOR ( 'NONE', #1769, 1000.000000000000000 ) ;
#786 = DIRECTION ( 'NONE',  ( 0.000000000000000000, 0.000000000000000000, 1.000000000000000000 ) ) ;
#787 = EDGE_LOOP ( 'NONE', ( #907, #1643, #1062 ) ) ;
#788 = LINE ( 'NONE', #1419, #1379 ) ;
#789 = ORIENTED_EDGE ( 'NONE', *, *, #1101, .T. ) ;
#790 = DIRECTION ( 'NONE',  ( -0.000000000000000000, 1.000000000000000000, -0.000000000000000000 ) ) ;
#791 = LINE ( 'NONE', #1423, #1411 ) ;
#792 = DIRECTION ( 'NONE',  ( 0.000000000000000000, 0.000000000000000000, 1.000000000000000000 ) ) ;
#793 = EDGE_LOOP ( 'NONE', ( #1458, #400, #558, #531, #928, #349, #2017, #1053 ) ) ;
#794 = FACE_OUTER_BOUND ( 'NONE', #702, .T. ) ;
#795 = AXIS2_PLACEMENT_3D ( 'NONE', #1277, #1286, #1117 ) ;
#796 = DIRECTION ( 'NONE',  ( 0.000000000000000000, 0.000000000000000000, -1.000000000000000000 ) ) ;
#797 = CARTESIAN_POINT ( 'NONE',  ( 0.2625000000000000111, 0.000000000000000000, 2.846030702774449756E-17 ) ) ;
#798 = LINE ( 'NONE', #583, #109 ) ;
#799 = CARTESIAN_POINT ( 'NONE',  ( -0.2500000000000000000, 0.6750000000000000444, 0.2374999999999999889 ) ) ;
#800 = MECHANICAL_DESIGN_GEOMETRIC_PRESENTATION_REPRESENTATION (  '', ( #1702 ), #1763 ) ;
#801 = ORIENTED_EDGE ( 'NONE', *, *, #1564, .T. ) ;
#802 = FACE_OUTER_BOUND ( 'NONE', #451, .T. ) ;
#803 = DIRECTION ( 'NONE',  ( 0.000000000000000000, 0.000000000000000000, 1.000000000000000000 ) ) ;
#804 = AXIS2_PLACEMENT_3D ( 'NONE', #2039, #1115, #1234 ) ;
#805 = DIRECTION ( 'NONE',  ( 1.000000000000000000, -0.000000000000000000, 0.000000000000000000 ) ) ;
#806 = PRESENTATION_LAYER_ASSIGNMENT (  '', '', ( #1707 ) ) ;
#807 = SURFACE_STYLE_FILL_AREA ( #467 ) ;
#808 = DIRECTION ( 'NONE',  ( 0.000000000000000000, -1.430544533140596758E-16, 1.000000000000000000 ) ) ;
#809 = VECTOR ( 'NONE', #1113, 1000.000000000000000 ) ;
#810 = SURFACE_STYLE_USAGE ( .BOTH. , #959 ) ;
#811 = ADVANCED_FACE ( 'NONE', ( #1983 ), #1353, .T. ) ;
#812 = MECHANICAL_DESIGN_GEOMETRIC_PRESENTATION_REPRESENTATION (  '', ( #56 ), #1739 ) ;
#813 = ORIENTED_EDGE ( 'NONE', *, *, #1015, .T. ) ;
#814 = PLANE ( 'NONE',  #1985 ) ;
#815 = CARTESIAN_POINT ( 'NONE',  ( 0.4749999999999999778, 0.02500000000000000139, 0.2250000000000000056 ) ) ;
#816 = DIRECTION ( 'NONE',  ( 0.000000000000000000, 0.000000000000000000, -1.000000000000000000 ) ) ;
#817 = PLANE ( 'NONE',  #617 ) ;
#818 = ADVANCED_FACE ( 'NONE', ( #1202 ), #713, .T. ) ;
#819 = ORIENTED_EDGE ( 'NONE', *, *, #1500, .T. ) ;
#820 = ORIENTED_EDGE ( 'NONE', *, *, #1615, .T. ) ;
#821 = LINE ( 'NONE', #962, #809 ) ;
#822 = CIRCLE ( 'NONE', #376, 0.01249999999999997814 ) ;
#823 = ADVANCED_FACE ( 'NONE', ( #1044 ), #758, .T. ) ;
#824 = STYLED_ITEM ( 'NONE', ( #738 ), #507 ) ;
#825 = CARTESIAN_POINT ( 'NONE',  ( 0.5000000000000000000, 0.02499999999999995628, 0.2500000000000000000 ) ) ;
#826 = CARTESIAN_POINT ( 'NONE',  ( 0.2500000000000000555, 0.02499999999999995628, -0.2249999999999998945 ) ) ;
#827 =( NAMED_UNIT ( * ) SI_UNIT ( $, .STERADIAN. ) SOLID_ANGLE_UNIT ( ) );
#828 = PLANE ( 'NONE',  #397 ) ;
#829 = ORIENTED_EDGE ( 'NONE', *, *, #1569, .F. ) ;
#830 = ORIENTED_EDGE ( 'NONE', *, *, #1168, .T. ) ;
#831 = DIRECTION ( 'NONE',  ( 0.000000000000000000, 1.000000000000000000, 0.000000000000000000 ) ) ;
#832 = DIRECTION ( 'NONE',  ( 0.000000000000000000, 0.000000000000000000, -1.000000000000000000 ) ) ;
#833 = EDGE_CURVE ( 'NONE', #989, #1249, #1123, .T. ) ;
#834 = DIRECTION ( 'NONE',  ( -1.000000000000000000, 0.000000000000000000, 0.000000000000000000 ) ) ;
#835 = CIRCLE ( 'NONE', #21, 0.02500000000000001180 ) ;
#836 =( GEOMETRIC_REPRESENTATION_CONTEXT ( 3 ) GLOBAL_UNCERTAINTY_ASSIGNED_CONTEXT ( ( #255 ) ) GLOBAL_UNIT_ASSIGNED_CONTEXT ( ( #1399, #1555, #560 ) ) REPRESENTATION_CONTEXT ( 'NONE', 'WORKASPACE' ) );
#837 = DIRECTION ( 'NONE',  ( -0.000000000000000000, 0.000000000000000000, -1.000000000000000000 ) ) ;
#838 = DIRECTION ( 'NONE',  ( 1.000000000000000000, 0.000000000000000000, 0.000000000000000000 ) ) ;
#839 = AXIS2_PLACEMENT_3D ( 'NONE', #922, #769, #1580 ) ;
#840 = ORIENTED_EDGE ( 'NONE', *, *, #295, .F. ) ;
#841 = STYLED_ITEM ( 'NONE', ( #1231 ), #1597 ) ;
#842 = ORIENTED_EDGE ( 'NONE', *, *, #1468, .F. ) ;
#843 =( LENGTH_UNIT ( ) NAMED_UNIT ( * ) SI_UNIT ( .MILLI., .METRE. ) );
#844 = PRODUCT_DEFINITION_CONTEXT ( 'detailed design', #849, 'design' ) ;
#845 = DIRECTION ( 'NONE',  ( 0.000000000000000000, 0.000000000000000000, 1.000000000000000000 ) ) ;
#846 = EDGE_CURVE ( 'NONE', #989, #453, #389, .T. ) ;
#847 = EDGE_LOOP ( 'NONE', ( #1290, #715, #677, #641 ) ) ;
#848 = DIRECTION ( 'NONE',  ( 0.000000000000000000, 0.000000000000000000, 1.000000000000000000 ) ) ;
#849 = APPLICATION_CONTEXT ( 'automotive_design' ) ;
#850 = DIRECTION ( 'NONE',  ( 1.000000000000000000, 0.000000000000000000, 0.000000000000000000 ) ) ;
#851 = ORIENTED_EDGE ( 'NONE', *, *, #1283, .T. ) ;
#852 = ORIENTED_EDGE ( 'NONE', *, *, #1507, .T. ) ;
#853 = FILL_AREA_STYLE_COLOUR ( '', #136 ) ;
#854 = SURFACE_SIDE_STYLE ('',( #1210 ) ) ;
#855 = ORIENTED_EDGE ( 'NONE', *, *, #170, .F. ) ;
#856 = AXIS2_PLACEMENT_3D ( 'NONE', #1657, #1800, #1005 ) ;
#857 = VECTOR ( 'NONE', #468, 1000.000000000000000 ) ;
#858 = CARTESIAN_POINT ( 'NONE',  ( -0.5000000000000000000, 0.6750000000000000444, -0.2249999999999998945 ) ) ;
#859 =( NAMED_UNIT ( * ) SI_UNIT ( $, .STERADIAN. ) SOLID_ANGLE_UNIT ( ) );
#860 = EDGE_CURVE ( 'NONE', #11, #464, #37, .T. ) ;
#861 = EDGE_CURVE ( 'NONE', #1457, #691, #1236, .T. ) ;
#862 =( NAMED_UNIT ( * ) SI_UNIT ( $, .STERADIAN. ) SOLID_ANGLE_UNIT ( ) );
#863 = ORIENTED_EDGE ( 'NONE', *, *, #1977, .T. ) ;
#864 = AXIS2_PLACEMENT_3D ( 'NONE', #956, #1633, #680 ) ;
#865 = CARTESIAN_POINT ( 'NONE',  ( -0.2500000000000000000, 0.02499999999999995628, 0.2374999999999999611 ) ) ;
#866 = ORIENTED_EDGE ( 'NONE', *, *, #637, .F. ) ;
#867 = VECTOR ( 'NONE', #1807, 1000.000000000000000 ) ;
#868 = DIRECTION ( 'NONE',  ( 0.000000000000000000, 0.000000000000000000, -1.000000000000000000 ) ) ;
#869 = DIRECTION ( 'NONE',  ( 0.000000000000000000, 0.000000000000000000, 1.000000000000000000 ) ) ;
#870 =( LENGTH_UNIT ( ) NAMED_UNIT ( * ) SI_UNIT ( .MILLI., .METRE. ) );
#871 = CIRCLE ( 'NONE', #1976, 0.02500000000000001180 ) ;
#872 =( NAMED_UNIT ( * ) PLANE_ANGLE_UNIT ( ) SI_UNIT ( $, .RADIAN. ) );
#873 = ORIENTED_EDGE ( 'NONE', *, *, #1431, .T. ) ;
#874 = VECTOR ( 'NONE', #613, 1000.000000000000000 ) ;
#875 = CYLINDRICAL_SURFACE ( 'NONE', #411, 0.02500000000000001180 ) ;
#876 = AXIS2_PLACEMENT_3D ( 'NONE', #588, #1560, #1543 ) ;
#877 = CARTESIAN_POINT ( 'NONE',  ( -0.2625000000000000111, 0.02499999999999995628, -0.2499999999999998890 ) ) ;
#878 = ORIENTED_EDGE ( 'NONE', *, *, #371, .F. ) ;
#879 = CIRCLE ( 'NONE', #1310, 0.02500000000000001180 ) ;
#880 = LINE ( 'NONE', #1510, #455 ) ;
#881 = DIRECTION ( 'NONE',  ( 1.000000000000000000, 0.000000000000000000, 0.000000000000000000 ) ) ;
#882 = CARTESIAN_POINT ( 'NONE',  ( 0.000000000000000000, 0.000000000000000000, 0.000000000000000000 ) ) ;
#883 = CARTESIAN_POINT ( 'NONE',  ( 0.4749999999999999778, 0.6750000000000000444, 0.2250000000000000056 ) ) ;
#884 = CARTESIAN_POINT ( 'NONE',  ( 0.2500000000000000000, 0.6875000000000000000, 0.2250000000000000056 ) ) ;
#885 = VERTEX_POINT ( 'NONE', #221 ) ;
#886 = ADVANCED_FACE ( 'NONE', ( #1876 ), #68, .T. ) ;
#887 = DIRECTION ( 'NONE',  ( -1.000000000000000000, 0.000000000000000000, 1.084202172485504804E-16 ) ) ;
#888 = LINE ( 'NONE', #1822, #380 ) ;
#889 = ORIENTED_EDGE ( 'NONE', *, *, #365, .T. ) ;
#890 = ADVANCED_FACE ( 'NONE', ( #906 ), #1666, .F. ) ;
#891 = PRODUCT_CONTEXT ( 'NONE', #1125, 'mechanical' ) ;
#892 = AXIS2_PLACEMENT_3D ( 'NONE', #2010, #1348, #1645 ) ;
#893 = DIRECTION ( 'NONE',  ( -0.000000000000000000, -1.000000000000000000, -0.000000000000000000 ) ) ;
#894 = MANIFOLD_SOLID_BREP ( 'Fillet2', #1034 ) ;
#895 = DIRECTION ( 'NONE',  ( -1.000000000000000000, 0.000000000000000000, 0.000000000000000000 ) ) ;
#896 =( NAMED_UNIT ( * ) PLANE_ANGLE_UNIT ( ) SI_UNIT ( $, .RADIAN. ) );
#897 = VECTOR ( 'NONE', #193, 1000.000000000000000 ) ;
#898 = ORIENTED_EDGE ( 'NONE', *, *, #637, .T. ) ;
#899 = AXIS2_PLACEMENT_3D ( 'NONE', #1340, #720, #881 ) ;
#900 = DIRECTION ( 'NONE',  ( 0.000000000000000000, 0.000000000000000000, 1.000000000000000000 ) ) ;
#901 = PLANE ( 'NONE',  #550 ) ;
#902 = ORIENTED_EDGE ( 'NONE', *, *, #705, .F. ) ;
#903 = CARTESIAN_POINT ( 'NONE',  ( 0.2625000000000000111, 0.6750000000000000444, 0.2250000000000000056 ) ) ;
#904 = SURFACE_STYLE_USAGE ( .BOTH. , #1223 ) ;
#905 = ORIENTED_EDGE ( 'NONE', *, *, #1784, .T. ) ;
#906 = FACE_OUTER_BOUND ( 'NONE', #1120, .T. ) ;
#907 = ORIENTED_EDGE ( 'NONE', *, *, #860, .T. ) ;
#908 = AXIS2_PLACEMENT_3D ( 'NONE', #883, #1665, #1986 ) ;
#909 = DIRECTION ( 'NONE',  ( 1.000000000000000000, 0.000000000000000000, 0.000000000000000000 ) ) ;
#910 = DIRECTION ( 'NONE',  ( 0.000000000000000000, -0.000000000000000000, 1.000000000000000000 ) ) ;
#911 = VERTEX_POINT ( 'NONE', #1263 ) ;
#912 = AXIS2_PLACEMENT_3D ( 'NONE', #84, #2024, #574 ) ;
#913 = ADVANCED_FACE ( 'NONE', ( #112 ), #120, .T. ) ;
#914 = AXIS2_PLACEMENT_3D ( 'NONE', #1678, #526, #1171 ) ;
#915 = CARTESIAN_POINT ( 'NONE',  ( -0.2625000000000000111, 0.000000000000000000, -0.2249999999999998945 ) ) ;
#916 = CARTESIAN_POINT ( 'NONE',  ( -0.4749999999999999778, 0.02500000000000000139, -0.2249999999999998945 ) ) ;
#917 = ADVANCED_FACE ( 'NONE', ( #1731 ), #289, .T. ) ;
#918 = UNCERTAINTY_MEASURE_WITH_UNIT (LENGTH_MEASURE( 1.000000000000000082E-05 ), #1287, 'distance_accuracy_value', 'NONE');
#919 = LINE ( 'NONE', #1882, #412 ) ;
#920 = UNCERTAINTY_MEASURE_WITH_UNIT (LENGTH_MEASURE( 1.000000000000000082E-05 ), #288, 'distance_accuracy_value', 'NONE');
#921 = ORIENTED_EDGE ( 'NONE', *, *, #1552, .F. ) ;
#922 = CARTESIAN_POINT ( 'NONE',  ( -0.4749999999999999778, 0.6999999999999999556, 0.2250000000000000056 ) ) ;
#923 = CARTESIAN_POINT ( 'NONE',  ( -0.4749999999999999778, 0.02500000000000000139, 0.2250000000000000056 ) ) ;
#924 = VECTOR ( 'NONE', #1774, 1000.000000000000000 ) ;
#925 = ADVANCED_FACE ( 'NONE', ( #1939 ), #1329, .T. ) ;
#926 = DIRECTION ( 'NONE',  ( 0.000000000000000000, 0.000000000000000000, 1.000000000000000000 ) ) ;
#927 = AXIS2_PLACEMENT_3D ( 'NONE', #1246, #1081, #1274 ) ;
#928 = ORIENTED_EDGE ( 'NONE', *, *, #283, .F. ) ;
#929 = FACE_OUTER_BOUND ( 'NONE', #95, .T. ) ;
#930 = DIRECTION ( 'NONE',  ( 0.000000000000000000, -1.000000000000000000, 0.000000000000000000 ) ) ;
#931 =( NAMED_UNIT ( * ) PLANE_ANGLE_UNIT ( ) SI_UNIT ( $, .RADIAN. ) );
#932 = PRODUCT_DEFINITION_FORMATION_WITH_SPECIFIED_SOURCE ( 'ANY', '', #426, .NOT_KNOWN. ) ;
#933 = VECTOR ( 'NONE', #770, 1000.000000000000000 ) ;
#934 = ORIENTED_EDGE ( 'NONE', *, *, #1888, .F. ) ;
#935 = DIRECTION ( 'NONE',  ( 0.000000000000000000, 0.000000000000000000, 1.000000000000000000 ) ) ;
#936 = VECTOR ( 'NONE', #1960, 1000.000000000000000 ) ;
#937 = ORIENTED_EDGE ( 'NONE', *, *, #1060, .T. ) ;
#938 = MECHANICAL_DESIGN_GEOMETRIC_PRESENTATION_REPRESENTATION (  '', ( #1441 ), #122 ) ;
#939 = DIRECTION ( 'NONE',  ( -1.000000000000000000, 0.000000000000000000, 1.084202172485504804E-16 ) ) ;
#940 = AXIS2_PLACEMENT_3D ( 'NONE', #117, #1262, #1253 ) ;
#941 = FILL_AREA_STYLE_COLOUR ( '', #1070 ) ;
#942 =( LENGTH_UNIT ( ) NAMED_UNIT ( * ) SI_UNIT ( .MILLI., .METRE. ) );
#943 = EDGE_LOOP ( 'NONE', ( #1778, #195, #1892, #1933 ) ) ;
#944 = DIRECTION ( 'NONE',  ( 0.000000000000000000, 0.000000000000000000, -1.000000000000000000 ) ) ;
#945 = CYLINDRICAL_SURFACE ( 'NONE', #839, 0.02500000000000001180 ) ;
#946 = EDGE_CURVE ( 'NONE', #1408, #1660, #32, .T. ) ;
#947 = DIRECTION ( 'NONE',  ( 1.000000000000000000, 0.000000000000000000, 0.000000000000000000 ) ) ;
#948 = CARTESIAN_POINT ( 'NONE',  ( -0.2625000000000000111, 0.02499999999999995628, 0.2250000000000000056 ) ) ;
#949 = CARTESIAN_POINT ( 'NONE',  ( 0.4749999999999999778, 0.6999999999999999556, 0.2500000000000000000 ) ) ;
#950 = LINE ( 'NONE', #178, #1878 ) ;
#951 = STYLED_ITEM ( 'NONE', ( #1682 ), #1138 ) ;
#952 = MECHANICAL_DESIGN_GEOMETRIC_PRESENTATION_REPRESENTATION (  '', ( #1527 ), #1424 ) ;
#953 = ORIENTED_EDGE ( 'NONE', *, *, #1321, .F. ) ;
#954 = CARTESIAN_POINT ( 'NONE',  ( 0.5000000000000000000, 0.6999999999999999556, 0.2250000000000000056 ) ) ;
#955 = VECTOR ( 'NONE', #238, 1000.000000000000000 ) ;
#956 = CARTESIAN_POINT ( 'NONE',  ( 0.2625000000000000111, 0.6750000000000000444, -0.2249999999999998945 ) ) ;
#957 = CIRCLE ( 'NONE', #280, 0.01250000000000000590 ) ;
#958 = DIRECTION ( 'NONE',  ( -1.000000000000000000, 0.000000000000000000, 0.000000000000000000 ) ) ;
#959 = SURFACE_SIDE_STYLE ('',( #1229 ) ) ;
#960 =( GEOMETRIC_REPRESENTATION_CONTEXT ( 3 ) GLOBAL_UNCERTAINTY_ASSIGNED_CONTEXT ( ( #1006 ) ) GLOBAL_UNIT_ASSIGNED_CONTEXT ( ( #524, #1848, #859 ) ) REPRESENTATION_CONTEXT ( 'NONE', 'WORKASPACE' ) );
#961 = ORIENTED_EDGE ( 'NONE', *, *, #1798, .T. ) ;
#962 = CARTESIAN_POINT ( 'NONE',  ( -0.4749999999999999778, 0.6999999999999999556, 0.2500000000000000000 ) ) ;
#963 = FILL_AREA_STYLE_COLOUR ( '', #1440 ) ;
#964 = VECTOR ( 'NONE', #111, 1000.000000000000000 ) ;
#965 = ADVANCED_FACE ( 'NONE', ( #184 ), #165, .F. ) ;
#966 = FILL_AREA_STYLE ('',( #350 ) ) ;
#967 = COLOUR_RGB ( '',0.7960784313725489669, 0.8235294117647058432, 0.9372549019607843146 ) ;
#968 = VECTOR ( 'NONE', #1382, 1000.000000000000000 ) ;
#969 = DIRECTION ( 'NONE',  ( 0.000000000000000000, 1.000000000000000000, 0.000000000000000000 ) ) ;
#970 = FACE_OUTER_BOUND ( 'NONE', #187, .T. ) ;
#971 = ORIENTED_EDGE ( 'NONE', *, *, #759, .F. ) ;
#972 = EDGE_CURVE ( 'NONE', #277, #1313, #761, .T. ) ;
#973 = ORIENTED_EDGE ( 'NONE', *, *, #1984, .T. ) ;
#974 = CARTESIAN_POINT ( 'NONE',  ( -0.2625000000000000111, 0.6875000000000000000, 2.846030702774450372E-17 ) ) ;
#975 = DIRECTION ( 'NONE',  ( 0.000000000000000000, 0.000000000000000000, 1.000000000000000000 ) ) ;
#976 = CARTESIAN_POINT ( 'NONE',  ( 500000.0000000000582, 0.02499999999999995628, -0.2375000000433679648 ) ) ;
#977 =( NAMED_UNIT ( * ) SI_UNIT ( $, .STERADIAN. ) SOLID_ANGLE_UNIT ( ) );
#978 = CYLINDRICAL_SURFACE ( 'NONE', #1037, 0.01249999999999997814 ) ;
#979 = VERTEX_POINT ( 'NONE', #1961 ) ;
#980 = EDGE_CURVE ( 'NONE', #326, #464, #1498, .T. ) ;
#981 = EDGE_LOOP ( 'NONE', ( #852, #337, #296, #532 ) ) ;
#982 = DIRECTION ( 'NONE',  ( 1.084202172485504804E-16, 0.000000000000000000, 1.000000000000000000 ) ) ;
#983 =( GEOMETRIC_REPRESENTATION_CONTEXT ( 3 ) GLOBAL_UNCERTAINTY_ASSIGNED_CONTEXT ( ( #1400 ) ) GLOBAL_UNIT_ASSIGNED_CONTEXT ( ( #726, #1631, #1161 ) ) REPRESENTATION_CONTEXT ( 'NONE', 'WORKASPACE' ) );
#984 = DIRECTION ( 'NONE',  ( 1.000000000000000000, 0.000000000000000000, -8.673617379884036705E-17 ) ) ;
#985 = CIRCLE ( 'NONE', #72, 0.02500000000000001180 ) ;
#986 = CARTESIAN_POINT ( 'NONE',  ( 500000.0000000000582, 0.6750000000000000444, 0.2249999999566318909 ) ) ;
#987 = FILL_AREA_STYLE ('',( #1786 ) ) ;
#988 = DIRECTION ( 'NONE',  ( 0.000000000000000000, 0.000000000000000000, -1.000000000000000000 ) ) ;
#989 = VERTEX_POINT ( 'NONE', #478 ) ;
#990 = VERTEX_POINT ( 'NONE', #510 ) ;
#991 = DIRECTION ( 'NONE',  ( 0.000000000000000000, 0.000000000000000000, -1.000000000000000000 ) ) ;
#992 = FACE_OUTER_BOUND ( 'NONE', #372, .T. ) ;
#993 = AXIS2_PLACEMENT_3D ( 'NONE', #656, #1463, #1639 ) ;
#994 = EDGE_LOOP ( 'NONE', ( #367, #866, #1557, #1064 ) ) ;
#995 = AXIS2_PLACEMENT_3D ( 'NONE', #923, #99, #947 ) ;
#996 = SURFACE_SIDE_STYLE ('',( #1604 ) ) ;
#997 = DIRECTION ( 'NONE',  ( -1.000000000000000000, -0.000000000000000000, 8.673617379884035472E-17 ) ) ;
#998 =( GEOMETRIC_REPRESENTATION_CONTEXT ( 3 ) GLOBAL_UNCERTAINTY_ASSIGNED_CONTEXT ( ( #774 ) ) GLOBAL_UNIT_ASSIGNED_CONTEXT ( ( #1925, #477, #710 ) ) REPRESENTATION_CONTEXT ( 'NONE', 'WORKASPACE' ) );
#999 = STYLED_ITEM ( 'NONE', ( #114 ), #1235 ) ;
#1000 = DIRECTION ( 'NONE',  ( -1.000000000000000000, 0.000000000000000000, 0.000000000000000000 ) ) ;
#1001 = CIRCLE ( 'NONE', #1602, 0.01249999999999997814 ) ;
#1002 = ORIENTED_EDGE ( 'NONE', *, *, #1816, .F. ) ;
#1003 = AXIS2_PLACEMENT_3D ( 'NONE', #275, #290, #113 ) ;
#1004 = ORIENTED_EDGE ( 'NONE', *, *, #1517, .F. ) ;
#1005 = DIRECTION ( 'NONE',  ( 1.000000000000000000, 0.000000000000000000, 0.000000000000000000 ) ) ;
#1006 = UNCERTAINTY_MEASURE_WITH_UNIT (LENGTH_MEASURE( 1.000000000000000082E-05 ), #524, 'distance_accuracy_value', 'NONE');
#1007 = COLOUR_RGB ( '',0.7960784313725489669, 0.8235294117647058432, 0.9372549019607843146 ) ;
#1008 = FILL_AREA_STYLE_COLOUR ( '', #1289 ) ;
#1009 = ORIENTED_EDGE ( 'NONE', *, *, #498, .F. ) ;
#1010 = DIRECTION ( 'NONE',  ( -1.000000000000000000, 0.000000000000000000, 0.000000000000000000 ) ) ;
#1011 = EDGE_CURVE ( 'NONE', #326, #1313, #1692, .T. ) ;
#1012 = DIRECTION ( 'NONE',  ( 0.000000000000000000, 0.000000000000000000, 1.000000000000000000 ) ) ;
#1013 = CARTESIAN_POINT ( 'NONE',  ( 500000.0000000000582, 0.6750000000000000444, -0.2250000000433680092 ) ) ;
#1014 = ORIENTED_EDGE ( 'NONE', *, *, #1481, .F. ) ;
#1015 = EDGE_CURVE ( 'NONE', #519, #1332, #1586, .T. ) ;
#1016 = DIRECTION ( 'NONE',  ( -1.000000000000000000, 0.000000000000000000, 1.084202172485504804E-16 ) ) ;
#1017 = FACE_OUTER_BOUND ( 'NONE', #1922, .T. ) ;
#1018 = ORIENTED_EDGE ( 'NONE', *, *, #312, .F. ) ;
#1019 = STYLED_ITEM ( 'NONE', ( #359 ), #1096 ) ;
#1020 = AXIS2_PLACEMENT_3D ( 'NONE', #668, #182, #317 ) ;
#1021 = DIRECTION ( 'NONE',  ( 1.000000000000000000, -0.000000000000000000, -0.000000000000000000 ) ) ;
#1022 = STYLED_ITEM ( 'NONE', ( #435 ), #890 ) ;
#1023 = VERTEX_POINT ( 'NONE', #858 ) ;
#1024 = CARTESIAN_POINT ( 'NONE',  ( 0.000000000000000000, 0.6750000000000000444, -0.2249999999999998945 ) ) ;
#1025 = PRESENTATION_STYLE_ASSIGNMENT (( #549 ) ) ;
#1026 = VERTEX_POINT ( 'NONE', #1638 ) ;
#1027 = CARTESIAN_POINT ( 'NONE',  ( -0.2625000000000000111, 0.02499999999999995628, -0.2249999999999998945 ) ) ;
#1028 = DIRECTION ( 'NONE',  ( 0.000000000000000000, -1.000000000000000000, 0.000000000000000000 ) ) ;
#1029 = ORIENTED_EDGE ( 'NONE', *, *, #1294, .T. ) ;
#1030 = CARTESIAN_POINT ( 'NONE',  ( -0.2500000000000000000, 0.6875000000000001110, 0.2250000000000000056 ) ) ;
#1031 = CARTESIAN_POINT ( 'NONE',  ( 0.5000000000000000000, 0.02499999999999995628, -0.2499999999999998890 ) ) ;
#1032 = EDGE_CURVE ( 'NONE', #2071, #979, #1617, .T. ) ;
#1033 = DIRECTION ( 'NONE',  ( -1.084202172485504804E-16, -0.000000000000000000, 1.000000000000000000 ) ) ;
#1034 = CLOSED_SHELL ( 'NONE', ( #1647, #1427, #1252, #587, #474, #663, #2018, #1504, #125, #1476, #67, #886, #1873, #1255, #811, #1413, #653, #1862, #1278, #1886, #1449, #1054, #1406, #2034, #1748, #1725 ) ) ;
#1035 = DIRECTION ( 'NONE',  ( -1.000000000000000000, 0.000000000000000000, 0.000000000000000000 ) ) ;
#1036 = ORIENTED_EDGE ( 'NONE', *, *, #3, .F. ) ;
#1037 = AXIS2_PLACEMENT_3D ( 'NONE', #1589, #649, #1921 ) ;
#1038 = DIRECTION ( 'NONE',  ( 1.000000000000000000, 0.000000000000000000, 0.000000000000000000 ) ) ;
#1039 = EDGE_CURVE ( 'NONE', #1965, #1488, #822, .T. ) ;
#1040 = VECTOR ( 'NONE', #2045, 1000.000000000000000 ) ;
#1041 = DIRECTION ( 'NONE',  ( 0.000000000000000000, 0.000000000000000000, -1.000000000000000000 ) ) ;
#1042 = VERTEX_POINT ( 'NONE', #1454 ) ;
#1043 = VECTOR ( 'NONE', #2028, 1000.000000000000000 ) ;
#1044 = FACE_OUTER_BOUND ( 'NONE', #1045, .T. ) ;
#1045 = EDGE_LOOP ( 'NONE', ( #1184, #1737, #2051, #1337 ) ) ;
#1046 = FILL_AREA_STYLE_COLOUR ( '', #2003 ) ;
#1047 = ORIENTED_EDGE ( 'NONE', *, *, #14, .F. ) ;
#1048 = DIRECTION ( 'NONE',  ( 1.000000000000000000, 0.000000000000000000, 0.000000000000000000 ) ) ;
#1049 = EDGE_CURVE ( 'NONE', #1313, #519, #197, .T. ) ;
#1050 = DIRECTION ( 'NONE',  ( 0.000000000000000000, 0.000000000000000000, 1.000000000000000000 ) ) ;
#1051 = ORIENTED_EDGE ( 'NONE', *, *, #1652, .T. ) ;
#1052 = CIRCLE ( 'NONE', #579, 0.02500000000000001180 ) ;
#1053 = ORIENTED_EDGE ( 'NONE', *, *, #520, .F. ) ;
#1054 = ADVANCED_FACE ( 'NONE', ( #1612 ), #1487, .T. ) ;
#1055 = DIRECTION ( 'NONE',  ( 0.000000000000000000, 1.000000000000000000, -0.000000000000000000 ) ) ;
#1056 = FILL_AREA_STYLE ('',( #1216 ) ) ;
#1057 = CIRCLE ( 'NONE', #1966, 0.01250000000000000590 ) ;
#1058 = EDGE_LOOP ( 'NONE', ( #1648, #1571, #46, #820 ) ) ;
#1059 = UNCERTAINTY_MEASURE_WITH_UNIT (LENGTH_MEASURE( 1.000000000000000082E-05 ), #741, 'distance_accuracy_value', 'NONE');
#1060 = EDGE_CURVE ( 'NONE', #1408, #569, #1151, .T. ) ;
#1061 = CARTESIAN_POINT ( 'NONE',  ( 0.000000000000000000, 0.000000000000000000, 0.000000000000000000 ) ) ;
#1062 = ORIENTED_EDGE ( 'NONE', *, *, #1667, .F. ) ;
#1063 = FILL_AREA_STYLE_COLOUR ( '', #1679 ) ;
#1064 = ORIENTED_EDGE ( 'NONE', *, *, #1558, .F. ) ;
#1065 =( LENGTH_UNIT ( ) NAMED_UNIT ( * ) SI_UNIT ( .MILLI., .METRE. ) );
#1066 = STYLED_ITEM ( 'NONE', ( #1330 ), #50 ) ;
#1067 = EDGE_LOOP ( 'NONE', ( #1002, #851, #1974, #406 ) ) ;
#1068 = CARTESIAN_POINT ( 'NONE',  ( 0.4749999999999999778, 0.6750000000000000444, -0.2249999999999998945 ) ) ;
#1069 = DIRECTION ( 'NONE',  ( 1.084202172485504804E-16, -0.000000000000000000, 1.000000000000000000 ) ) ;
#1070 = COLOUR_RGB ( '',0.7960784313725489669, 0.8235294117647058432, 0.9372549019607843146 ) ;
#1071 = CARTESIAN_POINT ( 'NONE',  ( -0.2625000000000000111, 0.6875000000000001110, -0.2249999999999998945 ) ) ;
#1072 = PRESENTATION_LAYER_ASSIGNMENT (  '', '', ( #737 ) ) ;
#1073 =( NAMED_UNIT ( * ) PLANE_ANGLE_UNIT ( ) SI_UNIT ( $, .RADIAN. ) );
#1074 = CIRCLE ( 'NONE', #157, 0.02500000000000001180 ) ;
#1075 = ORIENTED_EDGE ( 'NONE', *, *, #1783, .F. ) ;
#1076 = MECHANICAL_DESIGN_GEOMETRIC_PRESENTATION_REPRESENTATION (  '', ( #841 ), #1736 ) ;
#1077 = EDGE_CURVE ( 'NONE', #1093, #453, #1456, .T. ) ;
#1078 = CIRCLE ( 'NONE', #1681, 0.02500000000000001180 ) ;
#1079 = DIRECTION ( 'NONE',  ( 0.000000000000000000, 0.000000000000000000, 1.000000000000000000 ) ) ;
#1080 = EDGE_CURVE ( 'NONE', #470, #1465, #1052, .T. ) ;
#1081 = DIRECTION ( 'NONE',  ( -1.000000000000000000, 0.000000000000000000, 0.000000000000000000 ) ) ;
#1082 = PRESENTATION_STYLE_ASSIGNMENT (( #428 ) ) ;
#1083 = SURFACE_STYLE_FILL_AREA ( #430 ) ;
#1084 = CARTESIAN_POINT ( 'NONE',  ( 0.2625000000000000111, 0.02499999999999995628, -0.2249999999999998945 ) ) ;
#1085 = UNCERTAINTY_MEASURE_WITH_UNIT (LENGTH_MEASURE( 1.000000000000000082E-05 ), #1494, 'distance_accuracy_value', 'NONE');
#1086 = ORIENTED_EDGE ( 'NONE', *, *, #237, .F. ) ;
#1087 = PRESENTATION_STYLE_ASSIGNMENT (( #767 ) ) ;
#1088 = FACE_OUTER_BOUND ( 'NONE', #1251, .T. ) ;
#1089 = DIRECTION ( 'NONE',  ( -0.000000000000000000, -1.000000000000000000, -0.000000000000000000 ) ) ;
#1090 = DIRECTION ( 'NONE',  ( -1.000000000000000000, 0.000000000000000000, 1.084202172485504804E-16 ) ) ;
#1091 = MECHANICAL_DESIGN_GEOMETRIC_PRESENTATION_REPRESENTATION (  '', ( #824 ), #1754 ) ;
#1092 = CARTESIAN_POINT ( 'NONE',  ( 0.5000000000000000000, 0.6999999999999999556, -0.2499999999999998890 ) ) ;
#1093 = VERTEX_POINT ( 'NONE', #211 ) ;
#1094 = DIRECTION ( 'NONE',  ( 1.000000000000000000, 0.000000000000000000, 1.084202172485504804E-16 ) ) ;
#1095 = VERTEX_POINT ( 'NONE', #517 ) ;
#1096 = ADVANCED_FACE ( 'NONE', ( #1358 ), #875, .T. ) ;
#1097 = PLANE ( 'NONE',  #1640 ) ;
#1098 = CYLINDRICAL_SURFACE ( 'NONE', #1537, 0.02500000000000001180 ) ;
#1099 = AXIS2_PLACEMENT_3D ( 'NONE', #621, #930, #1574 ) ;
#1100 = VERTEX_POINT ( 'NONE', #541 ) ;
#1101 = EDGE_CURVE ( 'NONE', #1457, #1503, #305, .T. ) ;
#1102 = CARTESIAN_POINT ( 'NONE',  ( 500000.0000000000582, 0.6750000000000000444, 0.2374999999566318742 ) ) ;
#1103 = VECTOR ( 'NONE', #1981, 1000.000000000000000 ) ;
#1104 = ORIENTED_EDGE ( 'NONE', *, *, #1710, .F. ) ;
#1105 = STYLED_ITEM ( 'NONE', ( #354 ), #1346 ) ;
#1106 = AXIS2_PLACEMENT_3D ( 'NONE', #1107, #1412, #1079 ) ;
#1107 = CARTESIAN_POINT ( 'NONE',  ( 0.2500000000000000000, 0.6750000000000000444, 0.2250000000000000056 ) ) ;
#1108 = LINE ( 'NONE', #1273, #118 ) ;
#1109 =( LENGTH_UNIT ( ) NAMED_UNIT ( * ) SI_UNIT ( .MILLI., .METRE. ) );
#1110 = FACE_OUTER_BOUND ( 'NONE', #1680, .T. ) ;
#1111 = STYLED_ITEM ( 'NONE', ( #1082 ), #1954 ) ;
#1112 = EDGE_LOOP ( 'NONE', ( #265, #2033, #1810, #718 ) ) ;
#1113 = DIRECTION ( 'NONE',  ( -0.000000000000000000, 0.000000000000000000, 1.000000000000000000 ) ) ;
#1114 = DIRECTION ( 'NONE',  ( 0.000000000000000000, 0.000000000000000000, 1.000000000000000000 ) ) ;
#1115 = DIRECTION ( 'NONE',  ( 0.000000000000000000, 1.000000000000000000, 0.000000000000000000 ) ) ;
#1116 = PRODUCT_RELATED_PRODUCT_CATEGORY ( 'part', '', ( #426 ) ) ;
#1117 = DIRECTION ( 'NONE',  ( 1.000000000000000000, 0.000000000000000000, 0.000000000000000000 ) ) ;
#1118 = FACE_OUTER_BOUND ( 'NONE', #1871, .T. ) ;
#1119 = CIRCLE ( 'NONE', #1324, 0.02500000000000001180 ) ;
#1120 = EDGE_LOOP ( 'NONE', ( #169, #20, #200, #1004 ) ) ;
#1121 = DIRECTION ( 'NONE',  ( -1.000000000000000000, 0.000000000000000000, -0.000000000000000000 ) ) ;
#1122 = EDGE_CURVE ( 'NONE', #1100, #1132, #1583, .T. ) ;
#1123 = CIRCLE ( 'NONE', #1931, 0.01249999999999997814 ) ;
#1124 = CARTESIAN_POINT ( 'NONE',  ( -0.4749999999999999778, 0.6750000000000000444, -0.2249999999999998945 ) ) ;
#1125 = APPLICATION_CONTEXT ( 'automotive_design' ) ;
#1126 = DIRECTION ( 'NONE',  ( 0.000000000000000000, 0.000000000000000000, 1.000000000000000000 ) ) ;
#1127 = FILL_AREA_STYLE ('',( #1742 ) ) ;
#1128 = CARTESIAN_POINT ( 'NONE',  ( 0.2625000000000000111, 0.6999999999999999556, 0.2374999999999999611 ) ) ;
#1129 = EDGE_CURVE ( 'NONE', #1687, #1668, #704, .T. ) ;
#1130 = FILL_AREA_STYLE_COLOUR ( '', #967 ) ;
#1131 = EDGE_LOOP ( 'NONE', ( #765, #1104, #2025, #1578 ) ) ;
#1132 = VERTEX_POINT ( 'NONE', #61 ) ;
#1133 = CARTESIAN_POINT ( 'NONE',  ( 0.2500000000000000555, 0.6750000000000000444, -0.2374999999999998779 ) ) ;
#1134 = DIRECTION ( 'NONE',  ( -1.000000000000000000, 0.000000000000000000, 0.000000000000000000 ) ) ;
#1135 = MECHANICAL_DESIGN_GEOMETRIC_PRESENTATION_REPRESENTATION (  '', ( #1203 ), #1238 ) ;
#1136 = DIRECTION ( 'NONE',  ( 1.000000000000000000, -0.000000000000000000, -1.084202172485504804E-16 ) ) ;
#1137 = FILL_AREA_STYLE_COLOUR ( '', #1007 ) ;
#1138 = ADVANCED_FACE ( 'NONE', ( #1185 ), #1751, .T. ) ;
#1139 = VECTOR ( 'NONE', #1885, 1000.000000000000000 ) ;
#1140 = AXIS2_PLACEMENT_3D ( 'NONE', #733, #1808, #207 ) ;
#1141 = CARTESIAN_POINT ( 'NONE',  ( 0.4749999999999999778, 0.000000000000000000, 0.000000000000000000 ) ) ;
#1142 = ORIENTED_EDGE ( 'NONE', *, *, #1500, .F. ) ;
#1143 = ORIENTED_EDGE ( 'NONE', *, *, #76, .T. ) ;
#1144 = CARTESIAN_POINT ( 'NONE',  ( -0.4749999999999999778, 0.000000000000000000, 0.2250000000000000056 ) ) ;
#1145 = LINE ( 'NONE', #1622, #279 ) ;
#1146 = DIRECTION ( 'NONE',  ( 0.000000000000000000, -1.000000000000000000, 0.000000000000000000 ) ) ;
#1147 = CARTESIAN_POINT ( 'NONE',  ( 0.2500000000000000555, 0.01250000000000003192, -0.2499999999999998890 ) ) ;
#1148 = CARTESIAN_POINT ( 'NONE',  ( -0.2625000000000000111, 0.6999999999999999556, -0.2374999999999998779 ) ) ;
#1149 = ORIENTED_EDGE ( 'NONE', *, *, #60, .F. ) ;
#1150 = ORIENTED_EDGE ( 'NONE', *, *, #449, .T. ) ;
#1151 = CIRCLE ( 'NONE', #33, 0.01250000000000000590 ) ;
#1152 = PLANE ( 'NONE',  #442 ) ;
#1153 = AXIS2_PLACEMENT_3D ( 'NONE', #1177, #213, #1359 ) ;
#1154 = STYLED_ITEM ( 'NONE', ( #556 ), #818 ) ;
#1155 = DIRECTION ( 'NONE',  ( 1.000000000000000000, 0.000000000000000000, 1.084202172485504804E-16 ) ) ;
#1156 = CARTESIAN_POINT ( 'NONE',  ( -0.2500000000000000555, 0.02499999999999995628, 0.2250000000000000056 ) ) ;
#1157 = FACE_OUTER_BOUND ( 'NONE', #1204, .T. ) ;
#1158 = SURFACE_SIDE_STYLE ('',( #1795 ) ) ;
#1159 = ORIENTED_EDGE ( 'NONE', *, *, #2046, .F. ) ;
#1160 = ORIENTED_EDGE ( 'NONE', *, *, #102, .F. ) ;
#1161 =( NAMED_UNIT ( * ) SI_UNIT ( $, .STERADIAN. ) SOLID_ANGLE_UNIT ( ) );
#1162 =( NAMED_UNIT ( * ) SI_UNIT ( $, .STERADIAN. ) SOLID_ANGLE_UNIT ( ) );
#1163 = EDGE_LOOP ( 'NONE', ( #1696, #62, #1829, #1402 ) ) ;
#1164 = PRESENTATION_LAYER_ASSIGNMENT (  '', '', ( #1908 ) ) ;
#1165 = DIRECTION ( 'NONE',  ( 0.000000000000000000, 0.000000000000000000, 1.000000000000000000 ) ) ;
#1166 = CARTESIAN_POINT ( 'NONE',  ( -0.5000000000000000000, 0.6750000000000000444, 0.2500000000000000000 ) ) ;
#1167 = CARTESIAN_POINT ( 'NONE',  ( -0.5000000000000000000, 0.02499999999999995628, -0.2499999999999998890 ) ) ;
#1168 = EDGE_CURVE ( 'NONE', #691, #1655, #1119, .T. ) ;
#1169 = AXIS2_PLACEMENT_3D ( 'NONE', #487, #975, #1473 ) ;
#1170 = AXIS2_PLACEMENT_3D ( 'NONE', #245, #592, #786 ) ;
#1171 = DIRECTION ( 'NONE',  ( 0.000000000000000000, 0.000000000000000000, -1.000000000000000000 ) ) ;
#1172 = CARTESIAN_POINT ( 'NONE',  ( 0.5000000000000000000, 0.6999999999999999556, 0.2500000000000000000 ) ) ;
#1173 = AXIS2_PLACEMENT_3D ( 'NONE', #1947, #1611, #338 ) ;
#1174 = ORIENTED_EDGE ( 'NONE', *, *, #1489, .F. ) ;
#1175 = ORIENTED_EDGE ( 'NONE', *, *, #972, .T. ) ;
#1176 = UNCERTAINTY_MEASURE_WITH_UNIT (LENGTH_MEASURE( 1.000000000000000082E-05 ), #729, 'distance_accuracy_value', 'NONE');
#1177 = CARTESIAN_POINT ( 'NONE',  ( 0.2625000000000000111, 0.6875000000000000000, 2.846030702774450372E-17 ) ) ;
#1178 = VERTEX_POINT ( 'NONE', #1539 ) ;
#1179 = CARTESIAN_POINT ( 'NONE',  ( -0.2500000000000000555, 0.6750000000000000444, 0.2250000000000000056 ) ) ;
#1180 = DIRECTION ( 'NONE',  ( -0.000000000000000000, 1.000000000000000000, -0.000000000000000000 ) ) ;
#1181 = CARTESIAN_POINT ( 'NONE',  ( 0.2625000000000000111, 0.6750000000000000444, 0.2374999999999999889 ) ) ;
#1182 = DIRECTION ( 'NONE',  ( -1.000000000000000000, -0.000000000000000000, -0.000000000000000000 ) ) ;
#1183 = DIRECTION ( 'NONE',  ( 0.000000000000000000, 0.000000000000000000, -1.000000000000000000 ) ) ;
#1184 = ORIENTED_EDGE ( 'NONE', *, *, #1716, .F. ) ;
#1185 = FACE_OUTER_BOUND ( 'NONE', #695, .T. ) ;
#1186 = CARTESIAN_POINT ( 'NONE',  ( -0.2625000000000000111, 0.6750000000000000444, -0.2249999999999998945 ) ) ;
#1187 = EDGE_CURVE ( 'NONE', #754, #1668, #340, .T. ) ;
#1188 = VERTEX_POINT ( 'NONE', #748 ) ;
#1189 = AXIS2_PLACEMENT_3D ( 'NONE', #697, #671, #1316 ) ;
#1190 = CARTESIAN_POINT ( 'NONE',  ( -0.2625000000000000111, 0.000000000000000000, 2.846030702774449756E-17 ) ) ;
#1191 = VECTOR ( 'NONE', #1989, 1000.000000000000000 ) ;
#1192 = LINE ( 'NONE', #64, #1968 ) ;
#1193 = CARTESIAN_POINT ( 'NONE',  ( -0.5000000000000000000, 0.6750000000000000444, 0.2250000000000000056 ) ) ;
#1194 = EDGE_CURVE ( 'NONE', #569, #83, #773, .T. ) ;
#1195 = DIRECTION ( 'NONE',  ( 0.000000000000000000, -1.000000000000000000, 0.000000000000000000 ) ) ;
#1196 = SURFACE_STYLE_FILL_AREA ( #1056 ) ;
#1197 = ORIENTED_EDGE ( 'NONE', *, *, #1283, .F. ) ;
#1198 = SURFACE_SIDE_STYLE ('',( #716 ) ) ;
#1199 = DIRECTION ( 'NONE',  ( 0.000000000000000000, 0.000000000000000000, 1.000000000000000000 ) ) ;
#1200 = ORIENTED_EDGE ( 'NONE', *, *, #1385, .T. ) ;
#1201 = AXIS2_PLACEMENT_3D ( 'NONE', #1128, #1146, #647 ) ;
#1202 = FACE_OUTER_BOUND ( 'NONE', #1768, .T. ) ;
#1203 = STYLED_ITEM ( 'NONE', ( #319 ), #158 ) ;
#1204 = EDGE_LOOP ( 'NONE', ( #1418, #423, #1200, #728 ) ) ;
#1205 = CIRCLE ( 'NONE', #864, 0.02500000000000001180 ) ;
#1206 = ADVANCED_FACE ( 'NONE', ( #1388 ), #1565, .F. ) ;
#1207 = VERTEX_POINT ( 'NONE', #2021 ) ;
#1208 = COLOUR_RGB ( '',0.7960784313725489669, 0.8235294117647058432, 0.9372549019607843146 ) ;
#1209 = AXIS2_PLACEMENT_3D ( 'NONE', #445, #939, #756 ) ;
#1210 = SURFACE_STYLE_FILL_AREA ( #1690 ) ;
#1211 = ORIENTED_EDGE ( 'NONE', *, *, #1693, .T. ) ;
#1212 = VECTOR ( 'NONE', #1868, 1000.000000000000000 ) ;
#1213 = PRESENTATION_STYLE_ASSIGNMENT (( #567 ) ) ;
#1214 = PRESENTATION_STYLE_ASSIGNMENT (( #732 ) ) ;
#1215 = EDGE_CURVE ( 'NONE', #1466, #885, #1472, .T. ) ;
#1216 = FILL_AREA_STYLE_COLOUR ( '', #1843 ) ;
#1217 = EDGE_LOOP ( 'NONE', ( #89, #1357, #190, #698 ) ) ;
#1218 = SURFACE_SIDE_STYLE ('',( #1083 ) ) ;
#1219 = CARTESIAN_POINT ( 'NONE',  ( 0.2500000000000000555, 0.6750000000000000444, -0.2249999999999998945 ) ) ;
#1220 = ORIENTED_EDGE ( 'NONE', *, *, #1194, .T. ) ;
#1221 = LINE ( 'NONE', #1301, #1637 ) ;
#1222 = AXIS2_PLACEMENT_3D ( 'NONE', #523, #1762, #1012 ) ;
#1223 = SURFACE_SIDE_STYLE ('',( #1464 ) ) ;
#1224 = AXIS2_PLACEMENT_3D ( 'NONE', #1084, #142, #167 ) ;
#1225 = DIRECTION ( 'NONE',  ( 0.000000000000000000, -1.000000000000000000, 0.000000000000000000 ) ) ;
#1226 = DIRECTION ( 'NONE',  ( -0.000000000000000000, 1.000000000000000000, -0.000000000000000000 ) ) ;
#1227 = VECTOR ( 'NONE', #374, 1000.000000000000000 ) ;
#1228 = UNCERTAINTY_MEASURE_WITH_UNIT (LENGTH_MEASURE( 1.000000000000000082E-05 ), #152, 'distance_accuracy_value', 'NONE');
#1229 = SURFACE_STYLE_FILL_AREA ( #269 ) ;
#1230 = VERTEX_POINT ( 'NONE', #762 ) ;
#1231 = PRESENTATION_STYLE_ASSIGNMENT (( #1893 ) ) ;
#1232 = EDGE_CURVE ( 'NONE', #1207, #440, #424, .T. ) ;
#1233 = LINE ( 'NONE', #1887, #493 ) ;
#1234 = DIRECTION ( 'NONE',  ( 0.000000000000000000, 0.000000000000000000, 1.000000000000000000 ) ) ;
#1235 = ADVANCED_FACE ( 'NONE', ( #581 ), #1700, .F. ) ;
#1236 = LINE ( 'NONE', #401, #582 ) ;
#1237 = SURFACE_SIDE_STYLE ('',( #2061 ) ) ;
#1238 =( GEOMETRIC_REPRESENTATION_CONTEXT ( 3 ) GLOBAL_UNCERTAINTY_ASSIGNED_CONTEXT ( ( #1556 ) ) GLOBAL_UNIT_ASSIGNED_CONTEXT ( ( #2074, #1970, #164 ) ) REPRESENTATION_CONTEXT ( 'NONE', 'WORKASPACE' ) );
#1239 = LINE ( 'NONE', #105, #857 ) ;
#1240 = COLOUR_RGB ( '',0.7960784313725489669, 0.8235294117647058432, 0.9372549019607843146 ) ;
#1241 = ORIENTED_EDGE ( 'NONE', *, *, #1129, .F. ) ;
#1242 = MECHANICAL_DESIGN_GEOMETRIC_PRESENTATION_REPRESENTATION (  '', ( #1538 ), #1514 ) ;
#1243 = CIRCLE ( 'NONE', #362, 0.02500000000000001180 ) ;
#1244 = DIRECTION ( 'NONE',  ( 0.000000000000000000, 0.000000000000000000, 1.000000000000000000 ) ) ;
#1245 = CYLINDRICAL_SURFACE ( 'NONE', #1767, 0.02500000000000001180 ) ;
#1246 = CARTESIAN_POINT ( 'NONE',  ( 0.5000000000000000000, 0.6999999999999999556, -0.2499999999999998890 ) ) ;
#1247 = DIRECTION ( 'NONE',  ( 0.000000000000000000, 1.000000000000000000, -8.340016711426956521E-17 ) ) ;
#1248 = UNCERTAINTY_MEASURE_WITH_UNIT (LENGTH_MEASURE( 1.000000000000000082E-05 ), #1744, 'distance_accuracy_value', 'NONE');
#1249 = VERTEX_POINT ( 'NONE', #632 ) ;
#1250 =( LENGTH_UNIT ( ) NAMED_UNIT ( * ) SI_UNIT ( .MILLI., .METRE. ) );
#1251 = EDGE_LOOP ( 'NONE', ( #1706, #651, #1350 ) ) ;
#1252 = ADVANCED_FACE ( 'NONE', ( #970 ), #828, .F. ) ;
#1253 = DIRECTION ( 'NONE',  ( 1.084202172485504804E-16, 0.000000000000000000, 1.000000000000000000 ) ) ;
#1254 = SPHERICAL_SURFACE ( 'NONE', #995, 0.02500000000000000139 ) ;
#1255 = ADVANCED_FACE ( 'NONE', ( #1616 ), #1098, .T. ) ;
#1256 = CIRCLE ( 'NONE', #2060, 0.01250000000000003192 ) ;
#1257 = FILL_AREA_STYLE_COLOUR ( '', #1208 ) ;
#1258 = MECHANICAL_DESIGN_GEOMETRIC_PRESENTATION_REPRESENTATION (  '', ( #1022 ), #1292 ) ;
#1259 = ORIENTED_EDGE ( 'NONE', *, *, #657, .T. ) ;
#1260 = FILL_AREA_STYLE_COLOUR ( '', #1806 ) ;
#1261 = ORIENTED_EDGE ( 'NONE', *, *, #705, .T. ) ;
#1262 = DIRECTION ( 'NONE',  ( -1.000000000000000000, 0.000000000000000000, 1.084202172485504804E-16 ) ) ;
#1263 = CARTESIAN_POINT ( 'NONE',  ( 0.5000000000000000000, 0.02499999999999995628, 0.2250000000000000056 ) ) ;
#1264 = LINE ( 'NONE', #604, #92 ) ;
#1265 = DIRECTION ( 'NONE',  ( -1.084202172485504804E-16, 0.000000000000000000, 1.000000000000000000 ) ) ;
#1266 = ORIENTED_EDGE ( 'NONE', *, *, #87, .T. ) ;
#1267 = DIRECTION ( 'NONE',  ( -1.000000000000000000, -0.000000000000000000, 8.673617379884035472E-17 ) ) ;
#1268 = MECHANICAL_DESIGN_GEOMETRIC_PRESENTATION_REPRESENTATION (  '', ( #737 ), #998 ) ;
#1269 = VECTOR ( 'NONE', #805, 1000.000000000000000 ) ;
#1270 = DIRECTION ( 'NONE',  ( 0.000000000000000000, -1.000000000000000000, 0.000000000000000000 ) ) ;
#1271 = EDGE_CURVE ( 'NONE', #83, #1793, #950, .T. ) ;
#1272 = AXIS2_PLACEMENT_3D ( 'NONE', #1781, #1746, #982 ) ;
#1273 = CARTESIAN_POINT ( 'NONE',  ( 500000.0000000000582, 0.6875000000000001110, -0.2250000000433680092 ) ) ;
#1274 = DIRECTION ( 'NONE',  ( 0.000000000000000000, 0.000000000000000000, -1.000000000000000000 ) ) ;
#1275 =( NAMED_UNIT ( * ) PLANE_ANGLE_UNIT ( ) SI_UNIT ( $, .RADIAN. ) );
#1276 = PRESENTATION_LAYER_ASSIGNMENT (  '', '', ( #196 ) ) ;
#1277 = CARTESIAN_POINT ( 'NONE',  ( -0.4749999999999999778, 0.02500000000000000139, -0.2249999999999998945 ) ) ;
#1278 = ADVANCED_FACE ( 'NONE', ( #335 ), #978, .T. ) ;
#1279 = DIRECTION ( 'NONE',  ( 1.000000000000000000, 0.000000000000000000, 0.000000000000000000 ) ) ;
#1280 = ORIENTED_EDGE ( 'NONE', *, *, #1847, .F. ) ;
#1281 = CARTESIAN_POINT ( 'NONE',  ( -0.4749999999999999778, 0.02499999999999995628, 0.2250000000000000056 ) ) ;
#1282 = SPHERICAL_SURFACE ( 'NONE', #1835, 0.02500000000000000139 ) ;
#1283 = EDGE_CURVE ( 'NONE', #1342, #361, #564, .T. ) ;
#1284 = SURFACE_STYLE_FILL_AREA ( #508 ) ;
#1285 =( NAMED_UNIT ( * ) SI_UNIT ( $, .STERADIAN. ) SOLID_ANGLE_UNIT ( ) );
#1286 = DIRECTION ( 'NONE',  ( 0.000000000000000000, 1.000000000000000000, 0.000000000000000000 ) ) ;
#1287 =( LENGTH_UNIT ( ) NAMED_UNIT ( * ) SI_UNIT ( .MILLI., .METRE. ) );
#1288 = PRESENTATION_LAYER_ASSIGNMENT (  '', '', ( #1662 ) ) ;
#1289 = COLOUR_RGB ( '',0.7960784313725489669, 0.8235294117647058432, 0.9372549019607843146 ) ;
#1290 = ORIENTED_EDGE ( 'NONE', *, *, #351, .F. ) ;
#1291 = LINE ( 'NONE', #954, #533 ) ;
#1292 =( GEOMETRIC_REPRESENTATION_CONTEXT ( 3 ) GLOBAL_UNCERTAINTY_ASSIGNED_CONTEXT ( ( #2030 ) ) GLOBAL_UNIT_ASSIGNED_CONTEXT ( ( #427, #931, #783 ) ) REPRESENTATION_CONTEXT ( 'NONE', 'WORKASPACE' ) );
#1293 = CARTESIAN_POINT ( 'NONE',  ( -0.2625000000000000111, 0.6750000000000000444, 0.2500000000000000000 ) ) ;
#1294 = EDGE_CURVE ( 'NONE', #31, #1609, #2055, .T. ) ;
#1295 = PRESENTATION_STYLE_ASSIGNMENT (( #1445 ) ) ;
#1296 = DIRECTION ( 'NONE',  ( 0.000000000000000000, 0.000000000000000000, 1.000000000000000000 ) ) ;
#1297 = CARTESIAN_POINT ( 'NONE',  ( 0.2500000000193722816, 0.01249999999999997294, 0.2249999999999999500 ) ) ;
#1298 = ORIENTED_EDGE ( 'NONE', *, *, #17, .F. ) ;
#1299 = PRESENTATION_LAYER_ASSIGNMENT (  '', '', ( #1702 ) ) ;
#1300 = VERTEX_POINT ( 'NONE', #156 ) ;
#1301 = CARTESIAN_POINT ( 'NONE',  ( 0.000000000000000000, 0.000000000000000000, 0.2250000000000000056 ) ) ;
#1302 = MECHANICAL_DESIGN_GEOMETRIC_PRESENTATION_REPRESENTATION (  '', ( #1874 ), #394 ) ;
#1303 = CARTESIAN_POINT ( 'NONE',  ( 0.5000000000000000000, 0.6750000000000000444, -0.2249999999999998945 ) ) ;
#1304 = CARTESIAN_POINT ( 'NONE',  ( 0.5000000000000000000, 0.02499999999999995628, -0.2249999999999998945 ) ) ;
#1305 = AXIS2_PLACEMENT_3D ( 'NONE', #1092, #900, #124 ) ;
#1306 = DIRECTION ( 'NONE',  ( 0.000000000000000000, -1.000000000000000000, 0.000000000000000000 ) ) ;
#1307 =( LENGTH_UNIT ( ) NAMED_UNIT ( * ) SI_UNIT ( .MILLI., .METRE. ) );
#1308 = AXIS2_PLACEMENT_3D ( 'NONE', #1729, #1393, #1403 ) ;
#1309 = FACE_OUTER_BOUND ( 'NONE', #127, .T. ) ;
#1310 = AXIS2_PLACEMENT_3D ( 'NONE', #161, #1959, #471 ) ;
#1311 = CYLINDRICAL_SURFACE ( 'NONE', #159, 0.01250000000000000590 ) ;
#1312 = EDGE_LOOP ( 'NONE', ( #1150, #1969, #403, #1485 ) ) ;
#1313 = VERTEX_POINT ( 'NONE', #799 ) ;
#1314 = DIRECTION ( 'NONE',  ( 1.000000000000000000, 0.000000000000000000, -1.084202172485507269E-16 ) ) ;
#1315 = SURFACE_STYLE_USAGE ( .BOTH. , #363 ) ;
#1316 = DIRECTION ( 'NONE',  ( 0.000000000000000000, 0.000000000000000000, 1.000000000000000000 ) ) ;
#1317 = CARTESIAN_POINT ( 'NONE',  ( 0.000000000000000000, 0.6750000000000000444, 0.2250000000000000056 ) ) ;
#1318 = DIRECTION ( 'NONE',  ( 0.000000000000000000, 0.000000000000000000, -1.000000000000000000 ) ) ;
#1319 = LINE ( 'NONE', #1787, #325 ) ;
#1320 = ORIENTED_EDGE ( 'NONE', *, *, #1187, .T. ) ;
#1321 = EDGE_CURVE ( 'NONE', #691, #421, #1436, .T. ) ;
#1322 = EDGE_LOOP ( 'NONE', ( #248, #1759, #1372, #250 ) ) ;
#1323 = UNCERTAINTY_MEASURE_WITH_UNIT (LENGTH_MEASURE( 1.000000000000000082E-05 ), #1307, 'distance_accuracy_value', 'NONE');
#1324 = AXIS2_PLACEMENT_3D ( 'NONE', #39, #1869, #926 ) ;
#1325 = FILL_AREA_STYLE ('',( #963 ) ) ;
#1326 = EDGE_LOOP ( 'NONE', ( #1567, #1515, #555, #840 ) ) ;
#1327 = AXIS2_PLACEMENT_3D ( 'NONE', #497, #803, #1134 ) ;
#1328 = AXIS2_PLACEMENT_3D ( 'NONE', #1068, #1225, #895 ) ;
#1329 = CYLINDRICAL_SURFACE ( 'NONE', #70, 0.01250000000000000590 ) ;
#1330 = PRESENTATION_STYLE_ASSIGNMENT (( #1499 ) ) ;
#1331 = FILL_AREA_STYLE ('',( #1130 ) ) ;
#1332 = VERTEX_POINT ( 'NONE', #1425 ) ;
#1333 = ORIENTED_EDGE ( 'NONE', *, *, #860, .F. ) ;
#1334 = SURFACE_SIDE_STYLE ('',( #383 ) ) ;
#1335 = PRESENTATION_LAYER_ASSIGNMENT (  '', '', ( #1066 ) ) ;
#1336 = CYLINDRICAL_SURFACE ( 'NONE', #1153, 0.01249999999999997814 ) ;
#1337 = ORIENTED_EDGE ( 'NONE', *, *, #1271, .T. ) ;
#1338 = ADVANCED_FACE ( 'NONE', ( #1118 ), #530, .T. ) ;
#1339 = DIRECTION ( 'NONE',  ( 0.000000000000000000, 0.000000000000000000, 1.000000000000000000 ) ) ;
#1340 = CARTESIAN_POINT ( 'NONE',  ( -0.4749999999999999778, 0.02499999999999995628, 0.2250000000000000056 ) ) ;
#1341 =( GEOMETRIC_REPRESENTATION_CONTEXT ( 3 ) GLOBAL_UNCERTAINTY_ASSIGNED_CONTEXT ( ( #593 ) ) GLOBAL_UNIT_ASSIGNED_CONTEXT ( ( #1854, #404, #1531 ) ) REPRESENTATION_CONTEXT ( 'NONE', 'WORKASPACE' ) );
#1342 = VERTEX_POINT ( 'NONE', #1297 ) ;
#1343 = SURFACE_SIDE_STYLE ('',( #344 ) ) ;
#1344 = VECTOR ( 'NONE', #642, 1000.000000000000000 ) ;
#1345 = ORIENTED_EDGE ( 'NONE', *, *, #571, .F. ) ;
#1346 = ADVANCED_FACE ( 'NONE', ( #2077 ), #481, .T. ) ;
#1347 = AXIS2_PLACEMENT_3D ( 'NONE', #1522, #1182, #714 ) ;
#1348 = DIRECTION ( 'NONE',  ( -1.000000000000000000, -0.000000000000000000, -1.084202172485504804E-16 ) ) ;
#1349 = DIRECTION ( 'NONE',  ( 0.000000000000000000, -0.000000000000000000, 1.000000000000000000 ) ) ;
#1350 = ORIENTED_EDGE ( 'NONE', *, *, #224, .F. ) ;
#1351 = EDGE_CURVE ( 'NONE', #1332, #2071, #1534, .T. ) ;
#1352 = CARTESIAN_POINT ( 'NONE',  ( -0.5000000000000000000, 0.02499999999999995628, 0.2250000000000000056 ) ) ;
#1353 = CYLINDRICAL_SURFACE ( 'NONE', #343, 0.02500000000000001180 ) ;
#1354 =( NAMED_UNIT ( * ) PLANE_ANGLE_UNIT ( ) SI_UNIT ( $, .RADIAN. ) );
#1355 = FILL_AREA_STYLE_COLOUR ( '', #559 ) ;
#1356 = DIRECTION ( 'NONE',  ( 1.000000000000000000, 0.000000000000000000, 0.000000000000000000 ) ) ;
#1357 = ORIENTED_EDGE ( 'NONE', *, *, #1271, .F. ) ;
#1358 = FACE_OUTER_BOUND ( 'NONE', #1312, .T. ) ;
#1359 = DIRECTION ( 'NONE',  ( -1.000000000000000000, 0.000000000000000000, -1.084202172485507269E-16 ) ) ;
#1360 = ORIENTED_EDGE ( 'NONE', *, *, #1187, .F. ) ;
#1361 = DIRECTION ( 'NONE',  ( -0.000000000000000000, -1.000000000000000000, -0.000000000000000000 ) ) ;
#1362 = ADVANCED_FACE ( 'NONE', ( #35 ), #45, .F. ) ;
#1363 = VECTOR ( 'NONE', #1755, 1000.000000000000000 ) ;
#1364 = CARTESIAN_POINT ( 'NONE',  ( -0.5000000000000000000, 0.02499999999999995628, -0.2249999999999998945 ) ) ;
#1365 = APPLICATION_PROTOCOL_DEFINITION ( 'draft international standard', 'automotive_design', 1998, #849 ) ;
#1366 = AXIS2_PLACEMENT_3D ( 'NONE', #1963, #513, #1455 ) ;
#1367 = DIRECTION ( 'NONE',  ( 1.000000000000000000, 0.000000000000000000, 0.000000000000000000 ) ) ;
#1368 = SURFACE_STYLE_USAGE ( .BOTH. , #90 ) ;
#1369 = CARTESIAN_POINT ( 'NONE',  ( -0.4749999999999999778, 0.6750000000000000444, 0.000000000000000000 ) ) ;
#1370 = ORIENTED_EDGE ( 'NONE', *, *, #1032, .F. ) ;
#1371 = FACE_OUTER_BOUND ( 'NONE', #1842, .T. ) ;
#1372 = ORIENTED_EDGE ( 'NONE', *, *, #633, .T. ) ;
#1373 = VECTOR ( 'NONE', #2006, 1000.000000000000000 ) ;
#1374 = ORIENTED_EDGE ( 'NONE', *, *, #1387, .F. ) ;
#1375 =( GEOMETRIC_REPRESENTATION_CONTEXT ( 3 ) GLOBAL_UNCERTAINTY_ASSIGNED_CONTEXT ( ( #1401 ) ) GLOBAL_UNIT_ASSIGNED_CONTEXT ( ( #1924, #1470, #636 ) ) REPRESENTATION_CONTEXT ( 'NONE', 'WORKASPACE' ) );
#1376 = CYLINDRICAL_SURFACE ( 'NONE', #914, 0.02500000000000001180 ) ;
#1377 = VERTEX_POINT ( 'NONE', #675 ) ;
#1378 = AXIS2_PLACEMENT_3D ( 'NONE', #575, #1000, #1863 ) ;
#1379 = VECTOR ( 'NONE', #1533, 1000.000000000000000 ) ;
#1380 = CARTESIAN_POINT ( 'NONE',  ( 0.2500000000000000000, 0.6875000000000001110, 0.2250000000000000056 ) ) ;
#1381 = ORIENTED_EDGE ( 'NONE', *, *, #751, .T. ) ;
#1382 = DIRECTION ( 'NONE',  ( -1.000000000000000000, -0.000000000000000000, 8.673617379884035472E-17 ) ) ;
#1383 = CIRCLE ( 'NONE', #745, 0.02500000000000001180 ) ;
#1384 = ORIENTED_EDGE ( 'NONE', *, *, #2007, .T. ) ;
#1385 = EDGE_CURVE ( 'NONE', #1488, #1230, #1319, .T. ) ;
#1386 =( NAMED_UNIT ( * ) PLANE_ANGLE_UNIT ( ) SI_UNIT ( $, .RADIAN. ) );
#1387 = EDGE_CURVE ( 'NONE', #328, #22, #1074, .T. ) ;
#1388 = FACE_OUTER_BOUND ( 'NONE', #1217, .T. ) ;
#1389 = CARTESIAN_POINT ( 'NONE',  ( 0.2625000000000000111, 0.02499999999999995628, -0.2499999999999998890 ) ) ;
#1390 = ORIENTED_EDGE ( 'NONE', *, *, #1552, .T. ) ;
#1391 = ORIENTED_EDGE ( 'NONE', *, *, #1351, .F. ) ;
#1392 = STYLED_ITEM ( 'NONE', ( #1880 ), #1206 ) ;
#1393 = DIRECTION ( 'NONE',  ( 0.000000000000000000, 1.000000000000000000, 0.000000000000000000 ) ) ;
#1394 = CIRCLE ( 'NONE', #1861, 0.02500000000000001180 ) ;
#1395 = SURFACE_STYLE_FILL_AREA ( #298 ) ;
#1396 = DIRECTION ( 'NONE',  ( 1.000000000000000000, -0.000000000000000000, -0.000000000000000000 ) ) ;
#1397 = CARTESIAN_POINT ( 'NONE',  ( -0.2500000000000000555, 0.02499999999999995628, 0.2374999999999999611 ) ) ;
#1398 = AXIS2_PLACEMENT_3D ( 'NONE', #611, #1898, #447 ) ;
#1399 =( LENGTH_UNIT ( ) NAMED_UNIT ( * ) SI_UNIT ( .MILLI., .METRE. ) );
#1400 = UNCERTAINTY_MEASURE_WITH_UNIT (LENGTH_MEASURE( 1.000000000000000082E-05 ), #726, 'distance_accuracy_value', 'NONE');
#1401 = UNCERTAINTY_MEASURE_WITH_UNIT (LENGTH_MEASURE( 1.000000000000000082E-05 ), #1924, 'distance_accuracy_value', 'NONE');
#1402 = ORIENTED_EDGE ( 'NONE', *, *, #437, .T. ) ;
#1403 = DIRECTION ( 'NONE',  ( 1.000000000000000000, 0.000000000000000000, 0.000000000000000000 ) ) ;
#1404 = TOROIDAL_SURFACE ( 'NONE', #2043, 0.01250000000000000069, 0.01250000000000000069 ) ;
#1405 = FACE_OUTER_BOUND ( 'NONE', #1934, .T. ) ;
#1406 = ADVANCED_FACE ( 'NONE', ( #366 ), #407, .T. ) ;
#1407 = PRESENTATION_LAYER_ASSIGNMENT (  '', '', ( #999 ) ) ;
#1408 = VERTEX_POINT ( 'NONE', #501 ) ;
#1409 = CIRCLE ( 'NONE', #1950, 0.01250000000000003192 ) ;
#1410 = ADVANCED_FACE ( 'NONE', ( #1502 ), #1311, .T. ) ;
#1411 = VECTOR ( 'NONE', #1226, 1000.000000000000000 ) ;
#1412 = DIRECTION ( 'NONE',  ( 1.000000000000000000, 0.000000000000000000, 1.084202172485504804E-16 ) ) ;
#1413 = ADVANCED_FACE ( 'NONE', ( #1088 ), #1904, .T. ) ;
#1414 = DIRECTION ( 'NONE',  ( 0.000000000000000000, 0.000000000000000000, 1.000000000000000000 ) ) ;
#1415 = DIRECTION ( 'NONE',  ( -1.000000000000000000, -0.000000000000000000, -1.084202172485504804E-16 ) ) ;
#1416 = ADVANCED_FACE ( 'NONE', ( #929 ), #286, .F. ) ;
#1417 = DIRECTION ( 'NONE',  ( 0.000000000000000000, 0.000000000000000000, -1.000000000000000000 ) ) ;
#1418 = ORIENTED_EDGE ( 'NONE', *, *, #693, .F. ) ;
#1419 = CARTESIAN_POINT ( 'NONE',  ( 0.2500000000000000000, 0.6999999999999999556, 0.2374999999999999611 ) ) ;
#1420 = DIRECTION ( 'NONE',  ( 0.000000000000000000, 0.000000000000000000, -1.000000000000000000 ) ) ;
#1421 = EDGE_CURVE ( 'NONE', #453, #584, #1771, .T. ) ;
#1422 =( NAMED_UNIT ( * ) SI_UNIT ( $, .STERADIAN. ) SOLID_ANGLE_UNIT ( ) );
#1423 = CARTESIAN_POINT ( 'NONE',  ( -0.2625000000000000111, 0.6999999999999999556, 0.2500000000000000000 ) ) ;
#1424 =( GEOMETRIC_REPRESENTATION_CONTEXT ( 3 ) GLOBAL_UNCERTAINTY_ASSIGNED_CONTEXT ( ( #1248 ) ) GLOBAL_UNIT_ASSIGNED_CONTEXT ( ( #1744, #1073, #1765 ) ) REPRESENTATION_CONTEXT ( 'NONE', 'WORKASPACE' ) );
#1425 = CARTESIAN_POINT ( 'NONE',  ( -0.2500000000000000000, 0.01249999999999995733, 0.2250000000000000056 ) ) ;
#1426 = COLOUR_RGB ( '',0.7960784313725489669, 0.8235294117647058432, 0.9372549019607843146 ) ;
#1427 = ADVANCED_FACE ( 'NONE', ( #620 ), #1749, .F. ) ;
#1428 = ORIENTED_EDGE ( 'NONE', *, *, #1783, .T. ) ;
#1429 = DIRECTION ( 'NONE',  ( 1.000000000000000000, 0.000000000000000000, 1.084202172485504804E-16 ) ) ;
#1430 = FACE_OUTER_BOUND ( 'NONE', #1894, .T. ) ;
#1431 = EDGE_CURVE ( 'NONE', #431, #1178, #1233, .T. ) ;
#1432 =( NAMED_UNIT ( * ) SI_UNIT ( $, .STERADIAN. ) SOLID_ANGLE_UNIT ( ) );
#1433 = FILL_AREA_STYLE_COLOUR ( '', #1724 ) ;
#1434 = DIRECTION ( 'NONE',  ( 0.000000000000000000, 0.000000000000000000, -1.000000000000000000 ) ) ;
#1435 = PRESENTATION_STYLE_ASSIGNMENT (( #810 ) ) ;
#1436 = LINE ( 'NONE', #1141, #874 ) ;
#1437 = AXIS2_PLACEMENT_3D ( 'NONE', #1897, #1750, #2053 ) ;
#1438 = ORIENTED_EDGE ( 'NONE', *, *, #150, .T. ) ;
#1439 = CYLINDRICAL_SURFACE ( 'NONE', #1603, 0.01249999999999997814 ) ;
#1440 = COLOUR_RGB ( '',0.7960784313725489669, 0.8235294117647058432, 0.9372549019607843146 ) ;
#1441 = STYLED_ITEM ( 'NONE', ( #1608 ), #1338 ) ;
#1442 = DIRECTION ( 'NONE',  ( -1.000000000000000000, 0.000000000000000000, 0.000000000000000000 ) ) ;
#1443 = CARTESIAN_POINT ( 'NONE',  ( 0.2499999999940882844, 0.6750000000000000444, -0.2374999999999999334 ) ) ;
#1444 = AXIS2_PLACEMENT_3D ( 'NONE', #1369, #591, #1877 ) ;
#1445 = SURFACE_STYLE_USAGE ( .BOTH. , #645 ) ;
#1446 = SURFACE_STYLE_FILL_AREA ( #100 ) ;
#1447 = DIRECTION ( 'NONE',  ( 1.084202172485504804E-16, 0.000000000000000000, 1.000000000000000000 ) ) ;
#1448 = DIRECTION ( 'NONE',  ( 0.000000000000000000, 0.000000000000000000, 1.000000000000000000 ) ) ;
#1449 = ADVANCED_FACE ( 'NONE', ( #281 ), #664, .T. ) ;
#1450 = ORIENTED_EDGE ( 'NONE', *, *, #693, .T. ) ;
#1451 = DIRECTION ( 'NONE',  ( -1.000000000000000000, 0.000000000000000000, 0.000000000000000000 ) ) ;
#1452 = FACE_OUTER_BOUND ( 'NONE', #662, .T. ) ;
#1453 = FILL_AREA_STYLE ('',( #1595 ) ) ;
#1454 = CARTESIAN_POINT ( 'NONE',  ( 0.2625000000000000111, 0.6750000000000000444, 0.2500000000000000000 ) ) ;
#1455 = DIRECTION ( 'NONE',  ( 0.000000000000000000, 0.000000000000000000, -1.000000000000000000 ) ) ;
#1456 = CIRCLE ( 'NONE', #856, 0.01249999999999997814 ) ;
#1457 = VERTEX_POINT ( 'NONE', #2059 ) ;
#1458 = ORIENTED_EDGE ( 'NONE', *, *, #1232, .F. ) ;
#1459 = DIRECTION ( 'NONE',  ( 0.000000000000000000, 0.000000000000000000, -1.000000000000000000 ) ) ;
#1460 = CIRCLE ( 'NONE', #899, 0.02500000000000001180 ) ;
#1461 =( NAMED_UNIT ( * ) PLANE_ANGLE_UNIT ( ) SI_UNIT ( $, .RADIAN. ) );
#1462 = DIRECTION ( 'NONE',  ( 1.000000000000000000, -0.000000000000000000, -1.084202172485504804E-16 ) ) ;
#1463 = DIRECTION ( 'NONE',  ( 0.000000000000000000, -1.000000000000000000, 0.000000000000000000 ) ) ;
#1464 = SURFACE_STYLE_FILL_AREA ( #1331 ) ;
#1465 = VERTEX_POINT ( 'NONE', #915 ) ;
#1466 = VERTEX_POINT ( 'NONE', #297 ) ;
#1467 = PLANE ( 'NONE',  #742 ) ;
#1468 = EDGE_CURVE ( 'NONE', #1377, #1542, #1409, .T. ) ;
#1469 =( GEOMETRIC_REPRESENTATION_CONTEXT ( 3 ) GLOBAL_UNCERTAINTY_ASSIGNED_CONTEXT ( ( #107 ) ) GLOBAL_UNIT_ASSIGNED_CONTEXT ( ( #1805, #1461, #183 ) ) REPRESENTATION_CONTEXT ( 'NONE', 'WORKASPACE' ) );
#1470 =( NAMED_UNIT ( * ) PLANE_ANGLE_UNIT ( ) SI_UNIT ( $, .RADIAN. ) );
#1471 = CIRCLE ( 'NONE', #1169, 0.02500000000000001180 ) ;
#1472 = CIRCLE ( 'NONE', #1170, 0.02500000000000001180 ) ;
#1473 = DIRECTION ( 'NONE',  ( -1.000000000000000000, 0.000000000000000000, 0.000000000000000000 ) ) ;
#1474 = MECHANICAL_DESIGN_GEOMETRIC_PRESENTATION_REPRESENTATION (  '', ( #999 ), #1341 ) ;
#1475 = DIRECTION ( 'NONE',  ( 1.000000000000000000, 0.000000000000000000, -8.673617379884035472E-17 ) ) ;
#1476 = ADVANCED_FACE ( 'NONE', ( #110 ), #433, .T. ) ;
#1477 = AXIS2_PLACEMENT_3D ( 'NONE', #1550, #2047, #1244 ) ;
#1478 = SURFACE_STYLE_USAGE ( .BOTH. , #1158 ) ;
#1479 = VECTOR ( 'NONE', #771, 1000.000000000000000 ) ;
#1480 = VERTEX_POINT ( 'NONE', #780 ) ;
#1481 = EDGE_CURVE ( 'NONE', #326, #1687, #602, .T. ) ;
#1482 = ORIENTED_EDGE ( 'NONE', *, *, #861, .F. ) ;
#1483 = FILL_AREA_STYLE ('',( #1812 ) ) ;
#1484 = CARTESIAN_POINT ( 'NONE',  ( 0.2499999999940882844, 0.02499999999999995628, 0.2374999999999999056 ) ) ;
#1485 = ORIENTED_EDGE ( 'NONE', *, *, #2007, .F. ) ;
#1486 = LINE ( 'NONE', #825, #2015 ) ;
#1487 = CYLINDRICAL_SURFACE ( 'NONE', #643, 0.01250000000000000590 ) ;
#1488 = VERTEX_POINT ( 'NONE', #600 ) ;
#1489 = EDGE_CURVE ( 'NONE', #464, #368, #123, .T. ) ;
#1490 = COLOUR_RGB ( '',0.7960784313725489669, 0.8235294117647058432, 0.9372549019607843146 ) ;
#1491 = ORIENTED_EDGE ( 'NONE', *, *, #2046, .T. ) ;
#1492 = DIRECTION ( 'NONE',  ( -1.084202172485504804E-16, 0.000000000000000000, -1.000000000000000000 ) ) ;
#1493 = CIRCLE ( 'NONE', #1860, 0.01250000000000003192 ) ;
#1494 =( LENGTH_UNIT ( ) NAMED_UNIT ( * ) SI_UNIT ( .MILLI., .METRE. ) );
#1495 = ORIENTED_EDGE ( 'NONE', *, *, #1168, .F. ) ;
#1496 = AXIS2_PLACEMENT_3D ( 'NONE', #1840, #1055, #1677 ) ;
#1497 = CYLINDRICAL_SURFACE ( 'NONE', #287, 0.01249999999999997814 ) ;
#1498 = LINE ( 'NONE', #1166, #5 ) ;
#1499 = SURFACE_STYLE_USAGE ( .BOTH. , #1675 ) ;
#1500 = EDGE_CURVE ( 'NONE', #1655, #911, #291, .T. ) ;
#1501 = SURFACE_SIDE_STYLE ('',( #1196 ) ) ;
#1502 = FACE_OUTER_BOUND ( 'NONE', #1322, .T. ) ;
#1503 = VERTEX_POINT ( 'NONE', #1740 ) ;
#1504 = ADVANCED_FACE ( 'NONE', ( #1430 ), #945, .T. ) ;
#1505 = CARTESIAN_POINT ( 'NONE',  ( 0.000000000000000000, 0.6750000000000000444, 0.2250000000000000056 ) ) ;
#1506 = COLOUR_RGB ( '',0.7960784313725489669, 0.8235294117647058432, 0.9372549019607843146 ) ;
#1507 = EDGE_CURVE ( 'NONE', #1132, #519, #229, .T. ) ;
#1508 = LINE ( 'NONE', #49, #1191 ) ;
#1509 = ORIENTED_EDGE ( 'NONE', *, *, #1652, .F. ) ;
#1510 = CARTESIAN_POINT ( 'NONE',  ( 0.2500000000000000000, 0.6999999999999999556, 0.2374999999999999334 ) ) ;
#1511 = DIRECTION ( 'NONE',  ( 1.084202172485504804E-16, -0.000000000000000000, -1.000000000000000000 ) ) ;
#1512 = MECHANICAL_DESIGN_GEOMETRIC_PRESENTATION_REPRESENTATION (  '', ( #1392 ), #836 ) ;
#1513 = EDGE_LOOP ( 'NONE', ( #873, #1523, #540, #1438 ) ) ;
#1514 =( GEOMETRIC_REPRESENTATION_CONTEXT ( 3 ) GLOBAL_UNCERTAINTY_ASSIGNED_CONTEXT ( ( #1059 ) ) GLOBAL_UNIT_ASSIGNED_CONTEXT ( ( #741, #1719, #598 ) ) REPRESENTATION_CONTEXT ( 'NONE', 'WORKASPACE' ) );
#1515 = ORIENTED_EDGE ( 'NONE', *, *, #529, .T. ) ;
#1516 = VECTOR ( 'NONE', #79, 1000.000000000000000 ) ;
#1517 = EDGE_CURVE ( 'NONE', #328, #396, #137, .T. ) ;
#1518 = ORIENTED_EDGE ( 'NONE', *, *, #2011, .T. ) ;
#1519 = DIRECTION ( 'NONE',  ( 0.000000000000000000, 0.000000000000000000, 1.000000000000000000 ) ) ;
#1520 = DIRECTION ( 'NONE',  ( 1.000000000000000000, 0.000000000000000000, 0.000000000000000000 ) ) ;
#1521 = CARTESIAN_POINT ( 'NONE',  ( 0.4749999999999999778, 0.6999999999999999556, -0.2249999999999998945 ) ) ;
#1522 = CARTESIAN_POINT ( 'NONE',  ( 0.4749999999999999778, 0.6750000000000000444, -0.2249999999999998945 ) ) ;
#1523 = ORIENTED_EDGE ( 'NONE', *, *, #594, .T. ) ;
#1524 = SURFACE_STYLE_USAGE ( .BOTH. , #1198 ) ;
#1525 = CARTESIAN_POINT ( 'NONE',  ( -0.2500000000000000555, 0.6875000000000001110, -0.2249999999999998945 ) ) ;
#1526 = ORIENTED_EDGE ( 'NONE', *, *, #520, .T. ) ;
#1527 = STYLED_ITEM ( 'NONE', ( #1435 ), #609 ) ;
#1528 = FACE_OUTER_BOUND ( 'NONE', #1163, .T. ) ;
#1529 = CARTESIAN_POINT ( 'NONE',  ( -0.5000000000000000000, 0.6999999999999999556, -0.2249999999999998945 ) ) ;
#1530 = EDGE_LOOP ( 'NONE', ( #494, #2013, #1298 ) ) ;
#1531 =( NAMED_UNIT ( * ) SI_UNIT ( $, .STERADIAN. ) SOLID_ANGLE_UNIT ( ) );
#1532 = ORIENTED_EDGE ( 'NONE', *, *, #378, .T. ) ;
#1533 = DIRECTION ( 'NONE',  ( 0.000000000000000000, -1.000000000000000000, 0.000000000000000000 ) ) ;
#1534 = LINE ( 'NONE', #1705, #52 ) ;
#1535 = SURFACE_SIDE_STYLE ('',( #388 ) ) ;
#1536 = CYLINDRICAL_SURFACE ( 'NONE', #1881, 0.02500000000000001180 ) ;
#1537 = AXIS2_PLACEMENT_3D ( 'NONE', #462, #792, #1279 ) ;
#1538 = STYLED_ITEM ( 'NONE', ( #1087 ), #1581 ) ;
#1539 = CARTESIAN_POINT ( 'NONE',  ( -0.2625000000000000111, 0.6750000000000000444, -0.2499999999999998890 ) ) ;
#1541 = EDGE_CURVE ( 'NONE', #1457, #990, #1001, .T. ) ;
#1540 = UNCERTAINTY_MEASURE_WITH_UNIT (LENGTH_MEASURE( 1.000000000000000082E-05 ), #1065, 'distance_accuracy_value', 'NONE');
#1542 = VERTEX_POINT ( 'NONE', #1443 ) ;
#1543 = DIRECTION ( 'NONE',  ( 0.000000000000000000, -0.000000000000000000, -1.000000000000000000 ) ) ;
#1544 = ORIENTED_EDGE ( 'NONE', *, *, #657, .F. ) ;
#1545 = LINE ( 'NONE', #2041, #1043 ) ;
#1546 = CARTESIAN_POINT ( 'NONE',  ( -0.2500000000000000555, 0.6750000000000000444, 0.2250000000000000056 ) ) ;
#1547 = FILL_AREA_STYLE_COLOUR ( '', #342 ) ;
#1548 = ORIENTED_EDGE ( 'NONE', *, *, #861, .T. ) ;
#1549 = EDGE_CURVE ( 'NONE', #1188, #1132, #1594, .T. ) ;
#1550 = CARTESIAN_POINT ( 'NONE',  ( -0.2625000000000000111, 0.02499999999999995628, 0.2374999999999999889 ) ) ;
#1551 = PRESENTATION_LAYER_ASSIGNMENT (  '', '', ( #1527 ) ) ;
#1552 = EDGE_CURVE ( 'NONE', #31, #1542, #308, .T. ) ;
#1553 = CARTESIAN_POINT ( 'NONE',  ( 0.000000000000000000, 0.000000000000000000, 0.000000000000000000 ) ) ;
#1554 = PRESENTATION_LAYER_ASSIGNMENT (  '', '', ( #382 ) ) ;
#1555 =( NAMED_UNIT ( * ) PLANE_ANGLE_UNIT ( ) SI_UNIT ( $, .RADIAN. ) );
#1556 = UNCERTAINTY_MEASURE_WITH_UNIT (LENGTH_MEASURE( 1.000000000000000082E-05 ), #2074, 'distance_accuracy_value', 'NONE');
#1557 = ORIENTED_EDGE ( 'NONE', *, *, #449, .F. ) ;
#1558 = EDGE_CURVE ( 'NONE', #1503, #1042, #616, .T. ) ;
#1559 = FACE_OUTER_BOUND ( 'NONE', #1718, .T. ) ;
#1560 = DIRECTION ( 'NONE',  ( 0.000000000000000000, -1.000000000000000000, 0.000000000000000000 ) ) ;
#1561 = PRESENTATION_STYLE_ASSIGNMENT (( #139 ) ) ;
#1562 =( NAMED_UNIT ( * ) PLANE_ANGLE_UNIT ( ) SI_UNIT ( $, .RADIAN. ) );
#1563 = MECHANICAL_DESIGN_GEOMETRIC_PRESENTATION_REPRESENTATION (  '', ( #1945 ), #1469 ) ;
#1564 = EDGE_CURVE ( 'NONE', #417, #1230, #585, .T. ) ;
#1565 = PLANE ( 'NONE',  #1305 ) ;
#1566 = AXIS2_PLACEMENT_3D ( 'NONE', #314, #491, #1734 ) ;
#1567 = ORIENTED_EDGE ( 'NONE', *, *, #1866, .F. ) ;
#1568 = CARTESIAN_POINT ( 'NONE',  ( -0.2500000000000000555, 0.02499999999999995628, -0.2374999999999998224 ) ) ;
#1569 = EDGE_CURVE ( 'NONE', #171, #440, #753, .T. ) ;
#1570 = AXIS2_PLACEMENT_3D ( 'NONE', #608, #796, #2037 ) ;
#1571 = ORIENTED_EDGE ( 'NONE', *, *, #1558, .T. ) ;
#1572 = AXIS2_PLACEMENT_3D ( 'NONE', #666, #944, #1738 ) ;
#1573 = CARTESIAN_POINT ( 'NONE',  ( -0.4749999999999999778, 0.6750000000000000444, 0.2250000000000000056 ) ) ;
#1574 = DIRECTION ( 'NONE',  ( 0.000000000000000000, 0.000000000000000000, -1.000000000000000000 ) ) ;
#1575 = PRESENTATION_STYLE_ASSIGNMENT (( #1919 ) ) ;
#1576 = DIRECTION ( 'NONE',  ( 0.000000000000000000, 0.000000000000000000, 1.000000000000000000 ) ) ;
#1577 = SURFACE_SIDE_STYLE ('',( #168 ) ) ;
#1578 = ORIENTED_EDGE ( 'NONE', *, *, #601, .F. ) ;
#1579 = DIRECTION ( 'NONE',  ( 0.000000000000000000, 0.000000000000000000, -1.000000000000000000 ) ) ;
#1580 = DIRECTION ( 'NONE',  ( 0.000000000000000000, 0.000000000000000000, -1.000000000000000000 ) ) ;
#1581 = MANIFOLD_SOLID_BREP ( 'Boss-Extrude2', #259 ) ;
#1582 = SURFACE_SIDE_STYLE ('',( #1395 ) ) ;
#1583 = CIRCLE ( 'NONE', #1820, 0.02500000000000001180 ) ;
#1584 =( NAMED_UNIT ( * ) SI_UNIT ( $, .STERADIAN. ) SOLID_ANGLE_UNIT ( ) );
#1585 = DIRECTION ( 'NONE',  ( 1.084202172485504804E-16, 0.000000000000000000, 1.000000000000000000 ) ) ;
#1586 = CIRCLE ( 'NONE', #1964, 0.01250000000000000590 ) ;
#1587 = FACE_OUTER_BOUND ( 'NONE', #690, .T. ) ;
#1588 = VECTOR ( 'NONE', #727, 1000.000000000000000 ) ;
#1589 = CARTESIAN_POINT ( 'NONE',  ( -0.2625000000000000111, 0.01250000000000003192, -0.2499999999999998890 ) ) ;
#1590 = MECHANICAL_DESIGN_GEOMETRIC_PRESENTATION_REPRESENTATION (  '', ( #415 ), #688 ) ;
#1591 = ORIENTED_EDGE ( 'NONE', *, *, #260, .F. ) ;
#1592 = CARTESIAN_POINT ( 'NONE',  ( -0.2500000000000000555, 0.6999999999999999556, -0.2374999999999998779 ) ) ;
#1593 = DIRECTION ( 'NONE',  ( 1.000000000000000000, -0.000000000000000000, 0.000000000000000000 ) ) ;
#1594 = LINE ( 'NONE', #149, #1269 ) ;
#1595 = FILL_AREA_STYLE_COLOUR ( '', #1634 ) ;
#1596 = SURFACE_SIDE_STYLE ('',( #311 ) ) ;
#1597 = ADVANCED_FACE ( 'NONE', ( #1559 ), #360, .T. ) ;
#1598 = CIRCLE ( 'NONE', #1437, 0.01250000000000000590 ) ;
#1599 = ORIENTED_EDGE ( 'NONE', *, *, #1549, .T. ) ;
#1600 = EDGE_CURVE ( 'NONE', #1300, #1610, #2016, .T. ) ;
#1601 = CARTESIAN_POINT ( 'NONE',  ( 0.4749999999999999778, 0.6750000000000000444, -0.2249999999999998945 ) ) ;
#1602 = AXIS2_PLACEMENT_3D ( 'NONE', #1916, #466, #958 ) ;
#1603 = AXIS2_PLACEMENT_3D ( 'NONE', #974, #626, #1314 ) ;
#1604 = SURFACE_STYLE_FILL_AREA ( #966 ) ;
#1605 = DIRECTION ( 'NONE',  ( 0.000000000000000000, 0.000000000000000000, 1.000000000000000000 ) ) ;
#1606 = PRESENTATION_STYLE_ASSIGNMENT (( #16 ) ) ;
#1607 = DIRECTION ( 'NONE',  ( -1.000000000000000000, -0.000000000000000000, 8.673617379884035472E-17 ) ) ;
#1608 = PRESENTATION_STYLE_ASSIGNMENT (( #2063 ) ) ;
#1609 = VERTEX_POINT ( 'NONE', #1568 ) ;
#1610 = VERTEX_POINT ( 'NONE', #128 ) ;
#1611 = DIRECTION ( 'NONE',  ( -0.000000000000000000, 0.000000000000000000, -1.000000000000000000 ) ) ;
#1612 = FACE_OUTER_BOUND ( 'NONE', #981, .T. ) ;
#1613 = PLANE ( 'NONE',  #521 ) ;
#1614 =( NAMED_UNIT ( * ) PLANE_ANGLE_UNIT ( ) SI_UNIT ( $, .RADIAN. ) );
#1615 = EDGE_CURVE ( 'NONE', #584, #1026, #788, .T. ) ;
#1616 = FACE_OUTER_BOUND ( 'NONE', #734, .T. ) ;
#1617 = CIRCLE ( 'NONE', #1926, 0.01250000000000000590 ) ;
#1618 = ORIENTED_EDGE ( 'NONE', *, *, #2001, .T. ) ;
#1619 = AXIS2_PLACEMENT_3D ( 'NONE', #405, #1845, #1050 ) ;
#1620 = ORIENTED_EDGE ( 'NONE', *, *, #766, .T. ) ;
#1621 = CARTESIAN_POINT ( 'NONE',  ( 500000.0000000000582, 0.6875000000000001110, 0.2249999999566318909 ) ) ;
#1622 = CARTESIAN_POINT ( 'NONE',  ( -0.2500000000000000000, 0.6999999999999999556, 0.2250000000000000056 ) ) ;
#1623 = EDGE_CURVE ( 'NONE', #1466, #576, #459, .T. ) ;
#1624 = SURFACE_STYLE_USAGE ( .BOTH. , #996 ) ;
#1625 =( NAMED_UNIT ( * ) PLANE_ANGLE_UNIT ( ) SI_UNIT ( $, .RADIAN. ) );
#1626 = EDGE_CURVE ( 'NONE', #1100, #1745, #1221, .T. ) ;
#1627 = CYLINDRICAL_SURFACE ( 'NONE', #476, 0.02500000000000001180 ) ;
#1628 = DIRECTION ( 'NONE',  ( 0.000000000000000000, 0.000000000000000000, 1.000000000000000000 ) ) ;
#1629 = ORIENTED_EDGE ( 'NONE', *, *, #1569, .T. ) ;
#1630 = EDGE_LOOP ( 'NONE', ( #483, #413, #606, #1018 ) ) ;
#1631 =( NAMED_UNIT ( * ) PLANE_ANGLE_UNIT ( ) SI_UNIT ( $, .RADIAN. ) );
#1632 = AXIS2_PLACEMENT_3D ( 'NONE', #916, #547, #1865 ) ;
#1633 = DIRECTION ( 'NONE',  ( -1.000000000000000000, -0.000000000000000000, -1.084202172485504804E-16 ) ) ;
#1634 = COLOUR_RGB ( '',0.7960784313725489669, 0.8235294117647058432, 0.9372549019607843146 ) ;
#1635 = EDGE_LOOP ( 'NONE', ( #625, #160, #971, #59 ) ) ;
#1636 = PRESENTATION_LAYER_ASSIGNMENT (  '', '', ( #456 ) ) ;
#1637 = VECTOR ( 'NONE', #1121, 1000.000000000000000 ) ;
#1638 = CARTESIAN_POINT ( 'NONE',  ( 0.2500000000000000000, 0.02499999999999995628, 0.2374999999999999611 ) ) ;
#1639 = DIRECTION ( 'NONE',  ( -1.000000000000000000, 0.000000000000000000, 0.000000000000000000 ) ) ;
#1640 = AXIS2_PLACEMENT_3D ( 'NONE', #1553, #623, #1899 ) ;
#1641 = MECHANICAL_DESIGN_GEOMETRIC_PRESENTATION_REPRESENTATION (  '', ( #196 ), #220 ) ;
#1642 = FILL_AREA_STYLE_COLOUR ( '', #1240 ) ;
#1643 = ORIENTED_EDGE ( 'NONE', *, *, #1489, .T. ) ;
#1644 = ORIENTED_EDGE ( 'NONE', *, *, #1032, .T. ) ;
#1645 = DIRECTION ( 'NONE',  ( 0.000000000000000000, 0.000000000000000000, 1.000000000000000000 ) ) ;
#1646 = CARTESIAN_POINT ( 'NONE',  ( -0.4749999999999999778, 0.6750000000000000444, -0.2499999999999998890 ) ) ;
#1647 = ADVANCED_FACE ( 'NONE', ( #802 ), #1467, .F. ) ;
#1648 = ORIENTED_EDGE ( 'NONE', *, *, #1984, .F. ) ;
#1649 = DIRECTION ( 'NONE',  ( -1.000000000000000000, -0.000000000000000000, -1.084202172485504804E-16 ) ) ;
#1650 = SURFACE_SIDE_STYLE ('',( #352 ) ) ;
#1651 = LINE ( 'NONE', #1167, #867 ) ;
#1652 = EDGE_CURVE ( 'NONE', #1687, #277, #1911, .T. ) ;
#1653 = SPHERICAL_SURFACE ( 'NONE', #26, 0.02500000000000000139 ) ;
#1654 = DIRECTION ( 'NONE',  ( -1.084202172485504804E-16, 0.000000000000000000, -1.000000000000000000 ) ) ;
#1655 = VERTEX_POINT ( 'NONE', #12 ) ;
#1656 = AXIS2_PLACEMENT_3D ( 'NONE', #976, #646, #1475 ) ;
#1657 = CARTESIAN_POINT ( 'NONE',  ( 0.2625000000000000111, 0.6875000000000000000, 0.2250000000000000056 ) ) ;
#1658 = MECHANICAL_DESIGN_GEOMETRIC_PRESENTATION_REPRESENTATION (  '', ( #475 ), #8 ) ;
#1659 = DIRECTION ( 'NONE',  ( 0.000000000000000000, 1.000000000000000000, 0.000000000000000000 ) ) ;
#1660 = VERTEX_POINT ( 'NONE', #1133 ) ;
#1661 = AXIS2_PLACEMENT_3D ( 'NONE', #234, #1195, #1851 ) ;
#1662 = STYLED_ITEM ( 'NONE', ( #364 ), #917 ) ;
#1663 = CARTESIAN_POINT ( 'NONE',  ( 0.2625000000000000111, 0.02499999999999995628, -0.2249999999999998945 ) ) ;
#1664 = CARTESIAN_POINT ( 'NONE',  ( -0.5000000000000000000, 0.6999999999999999556, 0.2250000000000000056 ) ) ;
#1665 = DIRECTION ( 'NONE',  ( -0.000000000000000000, -1.000000000000000000, -0.000000000000000000 ) ) ;
#1666 = PLANE ( 'NONE',  #927 ) ;
#1667 = EDGE_CURVE ( 'NONE', #11, #368, #1709, .T. ) ;
#1668 = VERTEX_POINT ( 'NONE', #2066 ) ;
#1669 =( NAMED_UNIT ( * ) PLANE_ANGLE_UNIT ( ) SI_UNIT ( $, .RADIAN. ) );
#1670 = CIRCLE ( 'NONE', #418, 0.01249999999999992437 ) ;
#1671 = CARTESIAN_POINT ( 'NONE',  ( 0.5000000000000000000, 0.6750000000000000444, 0.2500000000000000000 ) ) ;
#1672 = ORIENTED_EDGE ( 'NONE', *, *, #214, .F. ) ;
#1673 = DIRECTION ( 'NONE',  ( 0.000000000000000000, 0.000000000000000000, 1.000000000000000000 ) ) ;
#1674 = CARTESIAN_POINT ( 'NONE',  ( -0.2500000000000000555, 0.6875000000000001110, -0.2249999999999998945 ) ) ;
#1675 = SURFACE_SIDE_STYLE ('',( #240 ) ) ;
#1676 = ORIENTED_EDGE ( 'NONE', *, *, #980, .F. ) ;
#1677 = DIRECTION ( 'NONE',  ( 0.000000000000000000, 0.000000000000000000, 1.000000000000000000 ) ) ;
#1678 = CARTESIAN_POINT ( 'NONE',  ( -0.4749999999999999778, 0.6999999999999999556, -0.2249999999999998945 ) ) ;
#1679 = COLOUR_RGB ( '',0.6901960784313725394, 0.5333333333333333259, 0.2784313725490196179 ) ;
#1680 = EDGE_LOOP ( 'NONE', ( #1676, #2002, #878, #1174 ) ) ;
#1681 = AXIS2_PLACEMENT_3D ( 'NONE', #1281, #181, #505 ) ;
#1682 = PRESENTATION_STYLE_ASSIGNMENT (( #1524 ) ) ;
#1683 = LINE ( 'NONE', #1525, #955 ) ;
#1684 = EDGE_LOOP ( 'NONE', ( #650, #1727, #1509, #1014 ) ) ;
#1685 = SURFACE_STYLE_FILL_AREA ( #546 ) ;
#1686 =( NAMED_UNIT ( * ) SI_UNIT ( $, .STERADIAN. ) SOLID_ANGLE_UNIT ( ) );
#1687 = VERTEX_POINT ( 'NONE', #172 ) ;
#1688 = ORIENTED_EDGE ( 'NONE', *, *, #601, .T. ) ;
#1689 = DIRECTION ( 'NONE',  ( 1.000000000000000000, 0.000000000000000000, 1.084202172485504804E-16 ) ) ;
#1690 = FILL_AREA_STYLE ('',( #1008 ) ) ;
#1691 = ORIENTED_EDGE ( 'NONE', *, *, #633, .F. ) ;
#1692 = CIRCLE ( 'NONE', #1222, 0.01250000000000000590 ) ;
#1693 = EDGE_CURVE ( 'NONE', #979, #1979, #1935, .T. ) ;
#1694 =( NAMED_UNIT ( * ) PLANE_ANGLE_UNIT ( ) SI_UNIT ( $, .RADIAN. ) );
#1695 = VECTOR ( 'NONE', #1180, 1000.000000000000000 ) ;
#1696 = ORIENTED_EDGE ( 'NONE', *, *, #1060, .F. ) ;
#1697 = CARTESIAN_POINT ( 'NONE',  ( 0.2625000000000000111, 0.6875000000000001110, -0.2249999999999998945 ) ) ;
#1698 = FACE_OUTER_BOUND ( 'NONE', #1958, .T. ) ;
#1699 = ORIENTED_EDGE ( 'NONE', *, *, #1077, .T. ) ;
#1700 = PLANE ( 'NONE',  #703 ) ;
#1701 = CARTESIAN_POINT ( 'NONE',  ( 0.2500000000000000555, 0.6750000000000000444, -0.2499999999999998890 ) ) ;
#1702 = STYLED_ITEM ( 'NONE', ( #1764 ), #2065 ) ;
#1703 = EDGE_LOOP ( 'NONE', ( #543, #953, #1482, #721 ) ) ;
#1704 =( NAMED_UNIT ( * ) PLANE_ANGLE_UNIT ( ) SI_UNIT ( $, .RADIAN. ) );
#1705 = CARTESIAN_POINT ( 'NONE',  ( -0.2500000000000000555, 0.01250000000000003192, -0.2499999999999998890 ) ) ;
#1706 = ORIENTED_EDGE ( 'NONE', *, *, #390, .T. ) ;
#1707 = STYLED_ITEM ( 'NONE', ( #331 ), #299 ) ;
#1708 = CARTESIAN_POINT ( 'NONE',  ( -0.2500000000000000555, 0.6750000000000000444, -0.2374999999999998779 ) ) ;
#1709 = CIRCLE ( 'NONE', #1173, 0.02500000000000001180 ) ;
#1710 = EDGE_CURVE ( 'NONE', #36, #368, #821, .T. ) ;
#1711 = UNCERTAINTY_MEASURE_WITH_UNIT (LENGTH_MEASURE( 1.000000000000000082E-05 ), #843, 'distance_accuracy_value', 'NONE');
#1712 = ORIENTED_EDGE ( 'NONE', *, *, #1784, .F. ) ;
#1713 = EDGE_CURVE ( 'NONE', #1480, #328, #1760, .T. ) ;
#1714 = DIRECTION ( 'NONE',  ( 1.000000000000000000, 0.000000000000000000, 0.000000000000000000 ) ) ;
#1715 = FACE_OUTER_BOUND ( 'NONE', #1803, .T. ) ;
#1716 = EDGE_CURVE ( 'NONE', #328, #1793, #1243, .T. ) ;
#1717 = DIRECTION ( 'NONE',  ( -1.084202172485504804E-16, 0.000000000000000000, 1.000000000000000000 ) ) ;
#1718 = EDGE_LOOP ( 'NONE', ( #2078, #1384, #1699, #1819 ) ) ;
#1719 =( NAMED_UNIT ( * ) PLANE_ANGLE_UNIT ( ) SI_UNIT ( $, .RADIAN. ) );
#1720 =( GEOMETRIC_REPRESENTATION_CONTEXT ( 3 ) GLOBAL_UNCERTAINTY_ASSIGNED_CONTEXT ( ( #420 ) ) GLOBAL_UNIT_ASSIGNED_CONTEXT ( ( #341, #175, #1971 ) ) REPRESENTATION_CONTEXT ( 'NONE', 'WORKASPACE' ) );
#1721 = CIRCLE ( 'NONE', #1327, 0.02500000000000001180 ) ;
#1722 = CARTESIAN_POINT ( 'NONE',  ( -0.4749999999999999778, 0.6999999999999999556, -0.2499999999999998890 ) ) ;
#1723 = FILL_AREA_STYLE ('',( #578 ) ) ;
#1724 = COLOUR_RGB ( '',0.7960784313725489669, 0.8235294117647058432, 0.9372549019607843146 ) ;
#1725 = ADVANCED_FACE ( 'NONE', ( #495 ), #1439, .T. ) ;
#1726 = FILL_AREA_STYLE_COLOUR ( '', #1490 ) ;
#1727 = ORIENTED_EDGE ( 'NONE', *, *, #972, .F. ) ;
#1728 = DIRECTION ( 'NONE',  ( -1.084202172485504804E-16, 0.000000000000000000, 1.000000000000000000 ) ) ;
#1729 = CARTESIAN_POINT ( 'NONE',  ( -0.4749999999999999778, 0.6750000000000000444, -0.2249999999999998945 ) ) ;
#1730 = LINE ( 'NONE', #1875, #964 ) ;
#1731 = FACE_OUTER_BOUND ( 'NONE', #115, .T. ) ;
#1732 = CIRCLE ( 'NONE', #908, 0.02500000000000001180 ) ;
#1733 = AXIS2_PLACEMENT_3D ( 'NONE', #1663, #1649, #1673 ) ;
#1734 = DIRECTION ( 'NONE',  ( 0.000000000000000000, 0.000000000000000000, -1.000000000000000000 ) ) ;
#1735 = PRESENTATION_LAYER_ASSIGNMENT (  '', '', ( #1441 ) ) ;
#1736 =( GEOMETRIC_REPRESENTATION_CONTEXT ( 3 ) GLOBAL_UNCERTAINTY_ASSIGNED_CONTEXT ( ( #749 ) ) GLOBAL_UNIT_ASSIGNED_CONTEXT ( ( #1250, #1704, #607 ) ) REPRESENTATION_CONTEXT ( 'NONE', 'WORKASPACE' ) );
#1737 = ORIENTED_EDGE ( 'NONE', *, *, #1517, .T. ) ;
#1738 = DIRECTION ( 'NONE',  ( -1.000000000000000000, 0.000000000000000000, 0.000000000000000000 ) ) ;
#1739 =( GEOMETRIC_REPRESENTATION_CONTEXT ( 3 ) GLOBAL_UNCERTAINTY_ASSIGNED_CONTEXT ( ( #1975 ) ) GLOBAL_UNIT_ASSIGNED_CONTEXT ( ( #557, #872, #1852 ) ) REPRESENTATION_CONTEXT ( 'NONE', 'WORKASPACE' ) );
#1740 = CARTESIAN_POINT ( 'NONE',  ( 0.2625000000000000111, 0.02499999999999995628, 0.2500000000000000000 ) ) ;
#1741 = DIRECTION ( 'NONE',  ( 0.000000000000000000, 0.000000000000000000, -1.000000000000000000 ) ) ;
#1742 = FILL_AREA_STYLE_COLOUR ( '', #479 ) ;
#1743 = CARTESIAN_POINT ( 'NONE',  ( -0.2500000000000000000, 0.6875000000000000000, 0.2250000000000000056 ) ) ;
#1744 =( LENGTH_UNIT ( ) NAMED_UNIT ( * ) SI_UNIT ( .MILLI., .METRE. ) );
#1745 = VERTEX_POINT ( 'NONE', #1144 ) ;
#1746 = DIRECTION ( 'NONE',  ( -1.000000000000000000, 0.000000000000000000, 1.084202172485504804E-16 ) ) ;
#1747 = CARTESIAN_POINT ( 'NONE',  ( 0.000000000000000000, 0.000000000000000000, -0.2249999999999998945 ) ) ;
#1748 = ADVANCED_FACE ( 'NONE', ( #2072 ), #330, .T. ) ;
#1749 = PLANE ( 'NONE',  #1570 ) ;
#1750 = DIRECTION ( 'NONE',  ( 1.000000000000000000, 0.000000000000000000, 1.084202172485504804E-16 ) ) ;
#1751 = TOROIDAL_SURFACE ( 'NONE', #1857, 0.01250000000000000069, 0.01250000000000000069 ) ;
#1752 = FILL_AREA_STYLE ('',( #622 ) ) ;
#1753 = CARTESIAN_POINT ( 'NONE',  ( 500000.0000000000582, 0.01249999999999996773, 0.2249999999566318909 ) ) ;
#1754 =( GEOMETRIC_REPRESENTATION_CONTEXT ( 3 ) GLOBAL_UNCERTAINTY_ASSIGNED_CONTEXT ( ( #1085 ) ) GLOBAL_UNIT_ASSIGNED_CONTEXT ( ( #1494, #82, #1162 ) ) REPRESENTATION_CONTEXT ( 'NONE', 'WORKASPACE' ) );
#1755 = DIRECTION ( 'NONE',  ( -1.000000000000000000, -0.000000000000000000, -0.000000000000000000 ) ) ;
#1756 =( GEOMETRIC_REPRESENTATION_CONTEXT ( 3 ) GLOBAL_UNCERTAINTY_ASSIGNED_CONTEXT ( ( #1883 ) ) GLOBAL_UNIT_ASSIGNED_CONTEXT ( ( #1867, #1386, #2040 ) ) REPRESENTATION_CONTEXT ( 'NONE', 'WORKASPACE' ) );
#1757 = CARTESIAN_POINT ( 'NONE',  ( -0.2500000000000000555, 0.6999999999999999556, -0.2499999999999998890 ) ) ;
#1758 = PRESENTATION_LAYER_ASSIGNMENT (  '', '', ( #2038 ) ) ;
#1759 = ORIENTED_EDGE ( 'NONE', *, *, #1468, .T. ) ;
#1760 = LINE ( 'NONE', #1913, #264 ) ;
#1761 = CARTESIAN_POINT ( 'NONE',  ( 0.5000000000000000000, 0.02499999999999995628, -0.2249999999999998945 ) ) ;
#1762 = DIRECTION ( 'NONE',  ( -0.000000000000000000, 1.000000000000000000, 0.000000000000000000 ) ) ;
#1763 =( GEOMETRIC_REPRESENTATION_CONTEXT ( 3 ) GLOBAL_UNCERTAINTY_ASSIGNED_CONTEXT ( ( #1801 ) ) GLOBAL_UNIT_ASSIGNED_CONTEXT ( ( #629, #1275, #1285 ) ) REPRESENTATION_CONTEXT ( 'NONE', 'WORKASPACE' ) );
#1764 = PRESENTATION_STYLE_ASSIGNMENT (( #176 ) ) ;
#1765 =( NAMED_UNIT ( * ) SI_UNIT ( $, .STERADIAN. ) SOLID_ANGLE_UNIT ( ) );
#1766 = ORIENTED_EDGE ( 'NONE', *, *, #731, .T. ) ;
#1767 = AXIS2_PLACEMENT_3D ( 'NONE', #1304, #522, #1126 ) ;
#1768 = EDGE_LOOP ( 'NONE', ( #1374, #2020, #1280 ) ) ;
#1769 = DIRECTION ( 'NONE',  ( -1.000000000000000000, -0.000000000000000000, 8.673617379884035472E-17 ) ) ;
#1770 = SURFACE_STYLE_FILL_AREA ( #1325 ) ;
#1771 = CIRCLE ( 'NONE', #1106, 0.01250000000000000590 ) ;
#1772 = EDGE_CURVE ( 'NONE', #83, #421, #879, .T. ) ;
#1773 =( GEOMETRIC_REPRESENTATION_CONTEXT ( 3 ) GLOBAL_UNCERTAINTY_ASSIGNED_CONTEXT ( ( #692 ) ) GLOBAL_UNIT_ASSIGNED_CONTEXT ( ( #568, #896, #862 ) ) REPRESENTATION_CONTEXT ( 'NONE', 'WORKASPACE' ) );
#1774 = DIRECTION ( 'NONE',  ( 0.000000000000000000, -1.000000000000000000, 0.000000000000000000 ) ) ;
#1775 = FILL_AREA_STYLE ('',( #1137 ) ) ;
#1776 = LINE ( 'NONE', #1147, #580 ) ;
#1777 = DIRECTION ( 'NONE',  ( -0.000000000000000000, 1.000000000000000000, -0.000000000000000000 ) ) ;
#1778 = ORIENTED_EDGE ( 'NONE', *, *, #1870, .T. ) ;
#1779 = EDGE_CURVE ( 'NONE', #41, #1207, #465, .T. ) ;
#1780 = ORIENTED_EDGE ( 'NONE', *, *, #1941, .F. ) ;
#1781 = CARTESIAN_POINT ( 'NONE',  ( -0.2625000000000000111, 0.6750000000000000444, -0.2249999999999998945 ) ) ;
#1782 = CARTESIAN_POINT ( 'NONE',  ( 0.5000000000000000000, 0.6999999999999999556, -0.2249999999999998945 ) ) ;
#1783 = EDGE_CURVE ( 'NONE', #1188, #239, #1078, .T. ) ;
#1784 = EDGE_CURVE ( 'NONE', #2071, #1465, #399, .T. ) ;
#1785 = DIRECTION ( 'NONE',  ( 0.000000000000000000, 0.000000000000000000, -1.000000000000000000 ) ) ;
#1786 = FILL_AREA_STYLE_COLOUR ( '', #1506 ) ;
#1787 = CARTESIAN_POINT ( 'NONE',  ( -0.2500000000000000555, 0.01249999999999996773, 0.2250000000000000056 ) ) ;
#1788 = ORIENTED_EDGE ( 'NONE', *, *, #199, .T. ) ;
#1789 = ADVANCED_FACE ( 'NONE', ( #794 ), #814, .T. ) ;
#1790 = AXIS2_PLACEMENT_3D ( 'NONE', #2012, #717, #384 ) ;
#1791 = ORIENTED_EDGE ( 'NONE', *, *, #1421, .F. ) ;
#1792 = DIRECTION ( 'NONE',  ( -8.673617379884036705E-17, 0.000000000000000000, -1.000000000000000000 ) ) ;
#1793 = VERTEX_POINT ( 'NONE', #316 ) ;
#1794 = DIRECTION ( 'NONE',  ( 1.000000000000000000, 0.000000000000000000, -8.673617379884036705E-17 ) ) ;
#1795 = SURFACE_STYLE_FILL_AREA ( #500 ) ;
#1796 =( NAMED_UNIT ( * ) SI_UNIT ( $, .STERADIAN. ) SOLID_ANGLE_UNIT ( ) );
#1797 = ORIENTED_EDGE ( 'NONE', *, *, #1772, .T. ) ;
#1798 = EDGE_CURVE ( 'NONE', #911, #1480, #1291, .T. ) ;
#1799 = EDGE_LOOP ( 'NONE', ( #775, #1143, #937, #752 ) ) ;
#1800 = DIRECTION ( 'NONE',  ( -0.000000000000000000, -0.000000000000000000, 1.000000000000000000 ) ) ;
#1801 = UNCERTAINTY_MEASURE_WITH_UNIT (LENGTH_MEASURE( 1.000000000000000082E-05 ), #629, 'distance_accuracy_value', 'NONE');
#1802 = PRODUCT_DEFINITION_SHAPE ( 'NONE', 'NONE',  #143 ) ;
#1803 = EDGE_LOOP ( 'NONE', ( #889, #1428, #1912 ) ) ;
#1804 =( GEOMETRIC_REPRESENTATION_CONTEXT ( 3 ) GLOBAL_UNCERTAINTY_ASSIGNED_CONTEXT ( ( #1540 ) ) GLOBAL_UNIT_ASSIGNED_CONTEXT ( ( #1065, #689, #1956 ) ) REPRESENTATION_CONTEXT ( 'NONE', 'WORKASPACE' ) );
#1805 =( LENGTH_UNIT ( ) NAMED_UNIT ( * ) SI_UNIT ( .MILLI., .METRE. ) );
#1806 = COLOUR_RGB ( '',0.7960784313725489669, 0.8235294117647058432, 0.9372549019607843146 ) ;
#1807 = DIRECTION ( 'NONE',  ( -1.000000000000000000, 0.000000000000000000, 0.000000000000000000 ) ) ;
#1808 = DIRECTION ( 'NONE',  ( -0.000000000000000000, -0.000000000000000000, 1.000000000000000000 ) ) ;
#1809 = DIRECTION ( 'NONE',  ( 0.000000000000000000, 1.430544533140596758E-16, -1.000000000000000000 ) ) ;
#1810 = ORIENTED_EDGE ( 'NONE', *, *, #1626, .T. ) ;
#1811 = ORIENTED_EDGE ( 'NONE', *, *, #312, .T. ) ;
#1812 = FILL_AREA_STYLE_COLOUR ( '', #682 ) ;
#1813 = CARTESIAN_POINT ( 'NONE',  ( -0.4749999999999999778, 0.6750000000000000444, 0.2500000000000000000 ) ) ;
#1814 = EDGE_LOOP ( 'NONE', ( #712, #1518, #236, #1990 ) ) ;
#1815 = DIRECTION ( 'NONE',  ( -0.000000000000000000, 1.000000000000000000, -0.000000000000000000 ) ) ;
#1816 = EDGE_CURVE ( 'NONE', #1342, #1488, #484, .T. ) ;
#1817 = LINE ( 'NONE', #1836, #1824 ) ;
#1818 = CARTESIAN_POINT ( 'NONE',  ( -0.4749999999999999778, 0.6999999999999999556, -0.2249999999999998945 ) ) ;
#1819 = ORIENTED_EDGE ( 'NONE', *, *, #1421, .T. ) ;
#1820 = AXIS2_PLACEMENT_3D ( 'NONE', #47, #887, #201 ) ;
#1821 = VECTOR ( 'NONE', #1607, 1000.000000000000000 ) ;
#1822 = CARTESIAN_POINT ( 'NONE',  ( 0.2625000000000000111, 0.6999999999999999556, -0.2499999999999998890 ) ) ;
#1823 = EDGE_LOOP ( 'NONE', ( #1620, #708, #665, #1967 ) ) ;
#1824 = VECTOR ( 'NONE', #1021, 1000.000000000000000 ) ;
#1825 = FACE_OUTER_BOUND ( 'NONE', #793, .T. ) ;
#1826 = CARTESIAN_POINT ( 'NONE',  ( -0.2500000000000000555, 0.6750000000000000444, -0.2249999999999998945 ) ) ;
#1827 = LINE ( 'NONE', #377, #1373 ) ;
#1828 =( NAMED_UNIT ( * ) SI_UNIT ( $, .STERADIAN. ) SOLID_ANGLE_UNIT ( ) );
#1829 = ORIENTED_EDGE ( 'NONE', *, *, #102, .T. ) ;
#1830 = SURFACE_STYLE_USAGE ( .BOTH. , #1334 ) ;
#1831 =( GEOMETRIC_REPRESENTATION_CONTEXT ( 3 ) GLOBAL_UNCERTAINTY_ASSIGNED_CONTEXT ( ( #1176 ) ) GLOBAL_UNIT_ASSIGNED_CONTEXT ( ( #729, #1354, #1686 ) ) REPRESENTATION_CONTEXT ( 'NONE', 'WORKASPACE' ) );
#1832 = CARTESIAN_POINT ( 'NONE',  ( -0.2500000000000000555, 0.6750000000000000444, -0.2249999999999998945 ) ) ;
#1833 = ORIENTED_EDGE ( 'NONE', *, *, #351, .T. ) ;
#1834 = MECHANICAL_DESIGN_GEOMETRIC_PRESENTATION_REPRESENTATION (  '', ( #1908 ), #2014 ) ;
#1835 = AXIS2_PLACEMENT_3D ( 'NONE', #815, #339, #347 ) ;
#1836 = CARTESIAN_POINT ( 'NONE',  ( 0.000000000000000000, 0.000000000000000000, -0.2249999999999998945 ) ) ;
#1837 = FILL_AREA_STYLE ('',( #65 ) ) ;
#1838 = ADVANCED_FACE ( 'NONE', ( #402 ), #1536, .T. ) ;
#1839 = ORIENTED_EDGE ( 'NONE', *, *, #833, .T. ) ;
#1840 = CARTESIAN_POINT ( 'NONE',  ( -0.4749999999999999778, 0.6750000000000000444, 0.2250000000000000056 ) ) ;
#1841 = CARTESIAN_POINT ( 'NONE',  ( 0.4749999999999999778, 0.6750000000000000444, 0.2250000000000000056 ) ) ;
#1842 = EDGE_LOOP ( 'NONE', ( #553, #1491, #801, #1901 ) ) ;
#1843 = COLOUR_RGB ( '',0.7960784313725489669, 0.8235294117647058432, 0.9372549019607843146 ) ;
#1844 = ADVANCED_FACE ( 'NONE', ( #539 ), #1653, .T. ) ;
#1845 = DIRECTION ( 'NONE',  ( -0.000000000000000000, 1.000000000000000000, 0.000000000000000000 ) ) ;
#1846 = ORIENTED_EDGE ( 'NONE', *, *, #755, .T. ) ;
#1847 = EDGE_CURVE ( 'NONE', #22, #1793, #709, .T. ) ;
#1848 =( NAMED_UNIT ( * ) PLANE_ANGLE_UNIT ( ) SI_UNIT ( $, .RADIAN. ) );
#1849 = DIRECTION ( 'NONE',  ( 1.000000000000000000, 0.000000000000000000, 0.000000000000000000 ) ) ;
#1850 = ORIENTED_EDGE ( 'NONE', *, *, #378, .F. ) ;
#1851 = DIRECTION ( 'NONE',  ( 0.000000000000000000, 0.000000000000000000, -1.000000000000000000 ) ) ;
#1852 =( NAMED_UNIT ( * ) SI_UNIT ( $, .STERADIAN. ) SOLID_ANGLE_UNIT ( ) );
#1853 = ORIENTED_EDGE ( 'NONE', *, *, #1693, .F. ) ;
#1854 =( LENGTH_UNIT ( ) NAMED_UNIT ( * ) SI_UNIT ( .MILLI., .METRE. ) );
#1855 = UNCERTAINTY_MEASURE_WITH_UNIT (LENGTH_MEASURE( 1.000000000000000082E-05 ), #744, 'distance_accuracy_value', 'NONE');
#1856 = DIRECTION ( 'NONE',  ( 1.000000000000000000, 0.000000000000000000, 1.084202172485504804E-16 ) ) ;
#1857 = AXIS2_PLACEMENT_3D ( 'NONE', #2042, #1689, #1717 ) ;
#1858 = ORIENTED_EDGE ( 'NONE', *, *, #503, .T. ) ;
#1859 = SURFACE_STYLE_FILL_AREA ( #441 ) ;
#1860 = AXIS2_PLACEMENT_3D ( 'NONE', #73, #202, #561 ) ;
#1861 = AXIS2_PLACEMENT_3D ( 'NONE', #148, #832, #2073 ) ;
#1862 = ADVANCED_FACE ( 'NONE', ( #1698 ), #1376, .T. ) ;
#1863 = DIRECTION ( 'NONE',  ( 0.000000000000000000, 0.000000000000000000, -1.000000000000000000 ) ) ;
#1864 = VECTOR ( 'NONE', #1033, 1000.000000000000000 ) ;
#1865 = DIRECTION ( 'NONE',  ( -1.000000000000000000, 0.000000000000000000, 0.000000000000000000 ) ) ;
#1866 = EDGE_CURVE ( 'NONE', #1668, #36, #44, .T. ) ;
#1867 =( LENGTH_UNIT ( ) NAMED_UNIT ( * ) SI_UNIT ( .MILLI., .METRE. ) );
#1868 = DIRECTION ( 'NONE',  ( 0.000000000000000000, -1.000000000000000000, 0.000000000000000000 ) ) ;
#1869 = DIRECTION ( 'NONE',  ( -1.000000000000000000, -0.000000000000000000, -0.000000000000000000 ) ) ;
#1870 = EDGE_CURVE ( 'NONE', #1095, #618, #2050, .T. ) ;
#1871 = EDGE_LOOP ( 'NONE', ( #97, #789, #973, #385 ) ) ;
#1872 = CARTESIAN_POINT ( 'NONE',  ( 0.2500000000000000555, 0.6750000000000000444, -0.2249999999999998945 ) ) ;
#1873 = ADVANCED_FACE ( 'NONE', ( #700 ), #723, .T. ) ;
#1874 = STYLED_ITEM ( 'NONE', ( #1561 ), #131 ) ;
#1875 = CARTESIAN_POINT ( 'NONE',  ( 0.4749999999999999778, 0.6999999999999999556, 0.2500000000000000000 ) ) ;
#1876 = FACE_OUTER_BOUND ( 'NONE', #1326, .T. ) ;
#1877 = DIRECTION ( 'NONE',  ( -1.000000000000000000, 0.000000000000000000, 0.000000000000000000 ) ) ;
#1878 = VECTOR ( 'NONE', #1777, 1000.000000000000000 ) ;
#1879 = AXIS2_PLACEMENT_3D ( 'NONE', #776, #1902, #935 ) ;
#1880 = PRESENTATION_STYLE_ASSIGNMENT (( #419 ) ) ;
#1881 = AXIS2_PLACEMENT_3D ( 'NONE', #58, #379, #1356 ) ;
#1882 = CARTESIAN_POINT ( 'NONE',  ( -0.5000000000000000000, 0.02499999999999995628, -0.2499999999999998890 ) ) ;
#1883 = UNCERTAINTY_MEASURE_WITH_UNIT (LENGTH_MEASURE( 1.000000000000000082E-05 ), #1867, 'distance_accuracy_value', 'NONE');
#1884 = ORIENTED_EDGE ( 'NONE', *, *, #1623, .F. ) ;
#1885 = DIRECTION ( 'NONE',  ( -1.000000000000000000, -0.000000000000000000, 8.673617379884035472E-17 ) ) ;
#1886 = ADVANCED_FACE ( 'NONE', ( #140 ), #232, .T. ) ;
#1887 = CARTESIAN_POINT ( 'NONE',  ( -0.2500000000000000555, 0.6750000000000000444, -0.2499999999999998890 ) ) ;
#1888 = EDGE_CURVE ( 'NONE', #1610, #1093, #436, .T. ) ;
#1889 = LINE ( 'NONE', #1722, #933 ) ;
#1890 = SURFACE_STYLE_FILL_AREA ( #1752 ) ;
#1891 = CARTESIAN_POINT ( 'NONE',  ( 0.2625000000000000111, 0.6750000000000000444, 0.2250000000000000056 ) ) ;
#1892 = ORIENTED_EDGE ( 'NONE', *, *, #1541, .T. ) ;
#1893 = SURFACE_STYLE_USAGE ( .BOTH. , #258 ) ;
#1894 = EDGE_LOOP ( 'NONE', ( #1075, #1780, #1333, #391 ) ) ;
#1895 = DIRECTION ( 'NONE',  ( 0.000000000000000000, 1.000000000000000000, 0.000000000000000000 ) ) ;
#1896 = CIRCLE ( 'NONE', #687, 0.02500000000000001180 ) ;
#1897 = CARTESIAN_POINT ( 'NONE',  ( 0.2500000000000000555, 0.02499999999999995628, -0.2249999999999998945 ) ) ;
#1898 = DIRECTION ( 'NONE',  ( 1.084202172485504804E-16, 0.000000000000000000, -1.000000000000000000 ) ) ;
#1899 = DIRECTION ( 'NONE',  ( 0.000000000000000000, 0.000000000000000000, 1.000000000000000000 ) ) ;
#1900 = FILL_AREA_STYLE ('',( #1257 ) ) ;
#1901 = ORIENTED_EDGE ( 'NONE', *, *, #283, .T. ) ;
#1902 = DIRECTION ( 'NONE',  ( -1.000000000000000000, -0.000000000000000000, -0.000000000000000000 ) ) ;
#1903 = ORIENTED_EDGE ( 'NONE', *, *, #1129, .T. ) ;
#1904 = SPHERICAL_SURFACE ( 'NONE', #1308, 0.02500000000000000139 ) ;
#1905 = CYLINDRICAL_SURFACE ( 'NONE', #154, 0.02500000000000001180 ) ;
#1906 = PRESENTATION_STYLE_ASSIGNMENT (( #310 ) ) ;
#1907 = CARTESIAN_POINT ( 'NONE',  ( 0.2625000000000000111, 0.6999999999999999556, -0.2249999999999998945 ) ) ;
#1908 = STYLED_ITEM ( 'NONE', ( #1213 ), #63 ) ;
#1909 = DIRECTION ( 'NONE',  ( -1.084202172485504804E-16, 0.000000000000000000, 1.000000000000000000 ) ) ;
#1910 = AXIS2_PLACEMENT_3D ( 'NONE', #640, #1932, #1909 ) ;
#1911 = CIRCLE ( 'NONE', #2070, 0.01249999999999997814 ) ;
#1912 = ORIENTED_EDGE ( 'NONE', *, *, #731, .F. ) ;
#1913 = CARTESIAN_POINT ( 'NONE',  ( 0.5000000000000000000, 0.6750000000000000444, -0.2499999999999998890 ) ) ;
#1914 = CIRCLE ( 'NONE', #1003, 0.01250000000000000590 ) ;
#1915 = AXIS2_PLACEMENT_3D ( 'NONE', #1317, #638, #153 ) ;
#1916 = CARTESIAN_POINT ( 'NONE',  ( 0.2625000000000000111, 0.01250000000000000069, 0.2250000000000000056 ) ) ;
#1917 = EDGE_CURVE ( 'NONE', #1132, #326, #791, .T. ) ;
#1918 = PLANE ( 'NONE',  #804 ) ;
#1919 = SURFACE_STYLE_USAGE ( .BOTH. , #457 ) ;
#1920 = FACE_OUTER_BOUND ( 'NONE', #1513, .T. ) ;
#1921 = DIRECTION ( 'NONE',  ( -1.000000000000000000, 0.000000000000000000, 0.000000000000000000 ) ) ;
#1922 = EDGE_LOOP ( 'NONE', ( #51, #1903, #381, #180 ) ) ;
#1923 = CARTESIAN_POINT ( 'NONE',  ( 500000.0000000000582, 0.01249999999999997294, 0.2249999999566318909 ) ) ;
#1924 =( LENGTH_UNIT ( ) NAMED_UNIT ( * ) SI_UNIT ( .MILLI., .METRE. ) );
#1925 =( LENGTH_UNIT ( ) NAMED_UNIT ( * ) SI_UNIT ( .MILLI., .METRE. ) );
#1926 = AXIS2_PLACEMENT_3D ( 'NONE', #1927, #1136, #1296 ) ;
#1927 = CARTESIAN_POINT ( 'NONE',  ( -0.2500000000000000555, 0.02499999999999995628, -0.2249999999999998945 ) ) ;
#1928 = CIRCLE ( 'NONE', #1020, 0.01250000000000000590 ) ;
#1929 = FACE_OUTER_BOUND ( 'NONE', #1112, .T. ) ;
#1930 = EDGE_CURVE ( 'NONE', #618, #1457, #133, .T. ) ;
#1931 = AXIS2_PLACEMENT_3D ( 'NONE', #1697, #548, #409 ) ;
#1932 = DIRECTION ( 'NONE',  ( 1.000000000000000000, 0.000000000000000000, 1.084202172485504804E-16 ) ) ;
#1933 = ORIENTED_EDGE ( 'NONE', *, *, #673, .T. ) ;
#1934 = EDGE_LOOP ( 'NONE', ( #934, #2023, #1988, #634 ) ) ;
#1935 = LINE ( 'NONE', #1592, #1344 ) ;
#1936 = EDGE_CURVE ( 'NONE', #361, #1965, #1545, .T. ) ;
#1937 = CARTESIAN_POINT ( 'NONE',  ( -0.4749999999999999778, 0.02500000000000000139, 0.2250000000000000056 ) ) ;
#1938 = CARTESIAN_POINT ( 'NONE',  ( 0.2500000000000000000, 0.02499999999999995628, 0.2250000000000000056 ) ) ;
#1939 = FACE_OUTER_BOUND ( 'NONE', #346, .T. ) ;
#1940 = DIRECTION ( 'NONE',  ( -1.000000000000000000, -0.000000000000000000, -1.084202172485504804E-16 ) ) ;
#1941 = EDGE_CURVE ( 'NONE', #464, #1188, #760, .T. ) ;
#1942 = PRESENTATION_STYLE_ASSIGNMENT (( #1478 ) ) ;
#1943 = DIRECTION ( 'NONE',  ( -1.000000000000000000, 0.000000000000000000, 1.084202172485504804E-16 ) ) ;
#1944 = EDGE_LOOP ( 'NONE', ( #1532, #336, #1009, #1853 ) ) ;
#1945 = STYLED_ITEM ( 'NONE', ( #1952 ), #194 ) ;
#1946 = EDGE_LOOP ( 'NONE', ( #1544, #302, #315, #293, #855, #222, #1791, #1957 ) ) ;
#1947 = CARTESIAN_POINT ( 'NONE',  ( -0.4749999999999999778, 0.6750000000000000444, 0.2250000000000000056 ) ) ;
#1948 = PRESENTATION_LAYER_ASSIGNMENT (  '', '', ( #1392 ) ) ;
#1949 = LINE ( 'NONE', #1747, #897 ) ;
#1950 = AXIS2_PLACEMENT_3D ( 'NONE', #1872, #454, #425 ) ;
#1951 = AXIS2_PLACEMENT_3D ( 'NONE', #948, #1090, #1585 ) ;
#1952 = PRESENTATION_STYLE_ASSIGNMENT (( #1624 ) ) ;
#1953 = FACE_OUTER_BOUND ( 'NONE', #1684, .T. ) ;
#1954 = ADVANCED_FACE ( 'NONE', ( #612 ), #1097, .F. ) ;
#1955 = LINE ( 'NONE', #648, #307 ) ;
#1956 =( NAMED_UNIT ( * ) SI_UNIT ( $, .STERADIAN. ) SOLID_ANGLE_UNIT ( ) );
#1957 = ORIENTED_EDGE ( 'NONE', *, *, #846, .F. ) ;
#1958 = EDGE_LOOP ( 'NONE', ( #1996, #146, #215, #1149 ) ) ;
#1959 = DIRECTION ( 'NONE',  ( -1.000000000000000000, 0.000000000000000000, 0.000000000000000000 ) ) ;
#1960 = DIRECTION ( 'NONE',  ( 1.000000000000000000, 0.000000000000000000, 0.000000000000000000 ) ) ;
#1961 = CARTESIAN_POINT ( 'NONE',  ( -0.2500000000000000555, 0.02499999999999995628, -0.2374999999999998779 ) ) ;
#1962 = FACE_OUTER_BOUND ( 'NONE', #1530, .T. ) ;
#1963 = CARTESIAN_POINT ( 'NONE',  ( 0.4749999999999999778, 0.02499999999999995628, -0.2249999999999998945 ) ) ;
#1964 = AXIS2_PLACEMENT_3D ( 'NONE', #655, #1462, #848 ) ;
#1965 = VERTEX_POINT ( 'NONE', #1397 ) ;
#1966 = AXIS2_PLACEMENT_3D ( 'NONE', #1219, #1856, #639 ) ;
#1967 = ORIENTED_EDGE ( 'NONE', *, *, #1122, .F. ) ;
#1968 = VECTOR ( 'NONE', #1511, 1000.000000000000000 ) ;
#1969 = ORIENTED_EDGE ( 'NONE', *, *, #1600, .T. ) ;
#1970 =( NAMED_UNIT ( * ) PLANE_ANGLE_UNIT ( ) SI_UNIT ( $, .RADIAN. ) );
#1971 =( NAMED_UNIT ( * ) SI_UNIT ( $, .STERADIAN. ) SOLID_ANGLE_UNIT ( ) );
#1972 = PRESENTATION_STYLE_ASSIGNMENT (( #19 ) ) ;
#1973 = ORIENTED_EDGE ( 'NONE', *, *, #17, .T. ) ;
#1974 = ORIENTED_EDGE ( 'NONE', *, *, #1936, .T. ) ;
#1975 = UNCERTAINTY_MEASURE_WITH_UNIT (LENGTH_MEASURE( 1.000000000000000082E-05 ), #557, 'distance_accuracy_value', 'NONE');
#1976 = AXIS2_PLACEMENT_3D ( 'NONE', #241, #538, #1367 ) ;
#1977 = EDGE_CURVE ( 'NONE', #754, #277, #448, .T. ) ;
#1978 = CYLINDRICAL_SURFACE ( 'NONE', #1790, 0.01249999999999995212 ) ;
#1979 = VERTEX_POINT ( 'NONE', #1708 ) ;
#1980 = AXIS2_PLACEMENT_3D ( 'NONE', #1172, #1183, #1849 ) ;
#1981 = DIRECTION ( 'NONE',  ( 1.084202172485504804E-16, -0.000000000000000000, 1.000000000000000000 ) ) ;
#1982 = PRESENTATION_LAYER_ASSIGNMENT (  '', '', ( #841 ) ) ;
#1983 = FACE_OUTER_BOUND ( 'NONE', #1635, .T. ) ;
#1984 = EDGE_CURVE ( 'NONE', #1503, #1026, #1914, .T. ) ;
#1985 = AXIS2_PLACEMENT_3D ( 'NONE', #294, #1429, #1 ) ;
#1986 = DIRECTION ( 'NONE',  ( 0.000000000000000000, 0.000000000000000000, 1.000000000000000000 ) ) ;
#1987 = CARTESIAN_POINT ( 'NONE',  ( 0.4749999999999999778, 0.6750000000000000444, -0.2249999999999998945 ) ) ;
#1988 = ORIENTED_EDGE ( 'NONE', *, *, #304, .F. ) ;
#1989 = DIRECTION ( 'NONE',  ( 0.000000000000000000, -1.000000000000000000, -4.170008355713478260E-17 ) ) ;
#1990 = ORIENTED_EDGE ( 'NONE', *, *, #846, .T. ) ;
#1991 = CARTESIAN_POINT ( 'NONE',  ( -0.2500000000000000555, 0.6875000000000001110, -0.2249999999999998945 ) ) ;
#1992 = DIRECTION ( 'NONE',  ( -0.000000000000000000, 0.000000000000000000, 1.000000000000000000 ) ) ;
#1993 = VERTEX_POINT ( 'NONE', #300 ) ;
#1994 = FILL_AREA_STYLE ('',( #1046 ) ) ;
#1995 = FILL_AREA_STYLE_COLOUR ( '', #126 ) ;
#1996 = ORIENTED_EDGE ( 'NONE', *, *, #224, .T. ) ;
#1997 =( GEOMETRIC_REPRESENTATION_CONTEXT ( 3 ) GLOBAL_UNCERTAINTY_ASSIGNED_CONTEXT ( ( #1711 ) ) GLOBAL_UNIT_ASSIGNED_CONTEXT ( ( #843, #1669, #552 ) ) REPRESENTATION_CONTEXT ( 'NONE', 'WORKASPACE' ) );
#1998 = CARTESIAN_POINT ( 'NONE',  ( 0.2625000000000000111, 0.02499999999999995628, -0.2374999999999998779 ) ) ;
#1999 = CIRCLE ( 'NONE', #1619, 0.01250000000000000590 ) ;
#2000 = DIRECTION ( 'NONE',  ( -1.000000000000000000, 0.000000000000000000, 1.084202172485504804E-16 ) ) ;
#2001 = EDGE_CURVE ( 'NONE', #1609, #1993, #1264, .T. ) ;
#2002 = ORIENTED_EDGE ( 'NONE', *, *, #1481, .T. ) ;
#2003 = COLOUR_RGB ( '',0.7960784313725489669, 0.8235294117647058432, 0.9372549019607843146 ) ;
#2004 = DIRECTION ( 'NONE',  ( 0.000000000000000000, 0.000000000000000000, 1.000000000000000000 ) ) ;
#2005 = SHAPE_DEFINITION_REPRESENTATION ( #1802, #50 ) ;
#2006 = DIRECTION ( 'NONE',  ( 0.000000000000000000, -1.000000000000000000, 0.000000000000000000 ) ) ;
#2007 = EDGE_CURVE ( 'NONE', #1042, #1093, #1383, .T. ) ;
#2008 = SURFACE_STYLE_FILL_AREA ( #235 ) ;
#2009 = ORIENTED_EDGE ( 'NONE', *, *, #1977, .F. ) ;
#2010 = CARTESIAN_POINT ( 'NONE',  ( 0.2625000000000000111, 0.02499999999999995628, 0.2250000000000000056 ) ) ;
#2011 = EDGE_CURVE ( 'NONE', #1093, #1249, #2054, .T. ) ;
#2012 = CARTESIAN_POINT ( 'NONE',  ( 500000.0000000000582, 0.02499999999999995628, -0.2250000000433680092 ) ) ;
#2013 = ORIENTED_EDGE ( 'NONE', *, *, #686, .T. ) ;
#2014 =( GEOMETRIC_REPRESENTATION_CONTEXT ( 3 ) GLOBAL_UNCERTAINTY_ASSIGNED_CONTEXT ( ( #276 ) ) GLOBAL_UNIT_ASSIGNED_CONTEXT ( ( #870, #782, #589 ) ) REPRESENTATION_CONTEXT ( 'NONE', 'WORKASPACE' ) );
#2015 = VECTOR ( 'NONE', #834, 1000.000000000000000 ) ;
#2016 = CIRCLE ( 'NONE', #1879, 0.02500000000000001180 ) ;
#2017 = ORIENTED_EDGE ( 'NONE', *, *, #1039, .F. ) ;
#2018 = ADVANCED_FACE ( 'NONE', ( #1110 ), #321, .T. ) ;
#2019 = MECHANICAL_DESIGN_GEOMETRIC_PRESENTATION_REPRESENTATION (  '', ( #1111 ), #461 ) ;
#2020 = ORIENTED_EDGE ( 'NONE', *, *, #1716, .T. ) ;
#2021 = CARTESIAN_POINT ( 'NONE',  ( -0.2500000000000000555, 0.6875000000000001110, 0.2250000000000000056 ) ) ;
#2022 = FACE_OUTER_BOUND ( 'NONE', #1799, .T. ) ;
#2023 = ORIENTED_EDGE ( 'NONE', *, *, #145, .F. ) ;
#2024 = DIRECTION ( 'NONE',  ( 0.000000000000000000, 1.000000000000000000, 0.000000000000000000 ) ) ;
#2025 = ORIENTED_EDGE ( 'NONE', *, *, #390, .F. ) ;
#2026 = FILL_AREA_STYLE_COLOUR ( '', #2036 ) ;
#2027 = ADVANCED_FACE ( 'NONE', ( #1962 ), #28, .T. ) ;
#2028 = DIRECTION ( 'NONE',  ( -1.000000000000000000, -0.000000000000000000, 8.673617379884035472E-17 ) ) ;
#2029 = SURFACE_STYLE_USAGE ( .BOTH. , #1218 ) ;
#2030 = UNCERTAINTY_MEASURE_WITH_UNIT (LENGTH_MEASURE( 1.000000000000000082E-05 ), #427, 'distance_accuracy_value', 'NONE');
#2031 = DIRECTION ( 'NONE',  ( 0.000000000000000000, 0.000000000000000000, 1.000000000000000000 ) ) ;
#2032 = MECHANICAL_DESIGN_GEOMETRIC_PRESENTATION_REPRESENTATION (  '', ( #951 ), #983 ) ;
#2033 = ORIENTED_EDGE ( 'NONE', *, *, #260, .T. ) ;
#2034 = ADVANCED_FACE ( 'NONE', ( #1953 ), #1404, .T. ) ;
#2035 = COLOUR_RGB ( '',0.7960784313725489669, 0.8235294117647058432, 0.9372549019607843146 ) ;
#2036 = COLOUR_RGB ( '',0.7960784313725489669, 0.8235294117647058432, 0.9372549019607843146 ) ;
#2037 = DIRECTION ( 'NONE',  ( -1.000000000000000000, 0.000000000000000000, -0.000000000000000000 ) ) ;
#2038 = STYLED_ITEM ( 'NONE', ( #1906 ), #913 ) ;
#2039 = CARTESIAN_POINT ( 'NONE',  ( 0.000000000000000000, 0.6999999999999999556, 0.000000000000000000 ) ) ;
#2040 =( NAMED_UNIT ( * ) SI_UNIT ( $, .STERADIAN. ) SOLID_ANGLE_UNIT ( ) );
#2041 = CARTESIAN_POINT ( 'NONE',  ( 500000.0000000000582, 0.02499999999999995628, 0.2374999999566318465 ) ) ;
#2042 = CARTESIAN_POINT ( 'NONE',  ( 0.2625000000000000111, 0.6750000000000000444, -0.2249999999999998945 ) ) ;
#2043 = AXIS2_PLACEMENT_3D ( 'NONE', #333, #499, #1447 ) ;
#2044 = ORIENTED_EDGE ( 'NONE', *, *, #766, .F. ) ;
#2045 = DIRECTION ( 'NONE',  ( -0.000000000000000000, 1.000000000000000000, -0.000000000000000000 ) ) ;
#2046 = EDGE_CURVE ( 'NONE', #31, #417, #1670, .T. ) ;
#2047 = DIRECTION ( 'NONE',  ( 0.000000000000000000, 1.000000000000000000, 0.000000000000000000 ) ) ;
#2048 = SURFACE_STYLE_USAGE ( .BOTH. , #628 ) ;
#2049 = AXIS2_PLACEMENT_3D ( 'NONE', #272, #790, #1420 ) ;
#2050 = CIRCLE ( 'NONE', #1140, 0.01249999999999997814 ) ;
#2051 = ORIENTED_EDGE ( 'NONE', *, *, #686, .F. ) ;
#2052 = CARTESIAN_POINT ( 'NONE',  ( -0.4749999999999999778, 0.6750000000000000444, 0.2250000000000000056 ) ) ;
#2053 = DIRECTION ( 'NONE',  ( 0.000000000000000000, 0.000000000000000000, 1.000000000000000000 ) ) ;
#2054 = LINE ( 'NONE', #1907, #463 ) ;
#2055 = LINE ( 'NONE', #292, #562 ) ;
#2056 = ORIENTED_EDGE ( 'NONE', *, *, #432, .T. ) ;
#2057 = DIRECTION ( 'NONE',  ( 9.042264237094522240E-33, 1.000000000000000000, -8.340016711426956521E-17 ) ) ;
#2058 = PRESENTATION_LAYER_ASSIGNMENT (  '', '', ( #951 ) ) ;
#2059 = CARTESIAN_POINT ( 'NONE',  ( 0.2625000000000000111, 0.000000000000000000, 0.2250000000000000056 ) ) ;
#2060 = AXIS2_PLACEMENT_3D ( 'NONE', #1832, #395, #1041 ) ;
#2061 = SURFACE_STYLE_FILL_AREA ( #1723 ) ;
#2062 = ADVANCED_FACE ( 'NONE', ( #1157 ), #1613, .F. ) ;
#2063 = SURFACE_STYLE_USAGE ( .BOTH. , #1577 ) ;
#2064 = EDGE_LOOP ( 'NONE', ( #905, #233, #1850, #1370 ) ) ;
#2065 = ADVANCED_FACE ( 'NONE', ( #672 ), #6, .T. ) ;
#2066 = CARTESIAN_POINT ( 'NONE',  ( -0.2625000000000000111, 0.6999999999999999556, -0.2249999999999998945 ) ) ;
#2067 = CARTESIAN_POINT ( 'NONE',  ( 0.5000000000000000000, 0.6999999999999999556, -0.2249999999999998945 ) ) ;
#2068 = SPHERICAL_SURFACE ( 'NONE', #795, 0.02500000000000000139 ) ;
#2069 = AXIS2_PLACEMENT_3D ( 'NONE', #719, #1361, #53 ) ;
#2070 = AXIS2_PLACEMENT_3D ( 'NONE', #23, #1579, #1451 ) ;
#2071 = VERTEX_POINT ( 'NONE', #206 ) ;
#2072 = FACE_OUTER_BOUND ( 'NONE', #502, .T. ) ;
#2073 = DIRECTION ( 'NONE',  ( -1.000000000000000000, 0.000000000000000000, 0.000000000000000000 ) ) ;
#2074 =( LENGTH_UNIT ( ) NAMED_UNIT ( * ) SI_UNIT ( .MILLI., .METRE. ) );
#2075 =( NAMED_UNIT ( * ) PLANE_ANGLE_UNIT ( ) SI_UNIT ( $, .RADIAN. ) );
#2076 = EDGE_CURVE ( 'NONE', #470, #1466, #1651, .T. ) ;
#2077 = FACE_OUTER_BOUND ( 'NONE', #1630, .T. ) ;
#2078 = ORIENTED_EDGE ( 'NONE', *, *, #34, .F. ) ;
ENDSEC;
END-ISO-10303-21;
