ISO-10303-21;
HEADER;
FILE_DESCRIPTION (( 'STEP AP214' ),
    '1' );
FILE_NAME ('ETQP3M100KVP.STEP',
    '2025-04-08T07:25:43',
    ( 'LENOVO' ),
    ( '' ),
    'SwSTEP 2.0',
    'SolidWorks 2021',
    '' );
FILE_SCHEMA (( 'AUTOMOTIVE_DESIGN' ));
ENDSEC;

DATA;
#1 = CARTESIAN_POINT ( 'NONE',  ( 2.100000000000000089, -0.1499999999999999944, -1.474999999999999867 ) ) ;
#2 = CIRCLE ( 'NONE', #4865, 0.05000000000000002359 ) ;
#3 = DIRECTION ( 'NONE',  ( 0.000000000000000000, 0.000000000000000000, 1.000000000000000000 ) ) ;
#4 = CARTESIAN_POINT ( 'NONE',  ( -2.100000000000000089, -0.1499999999999999944, -1.625000000000000000 ) ) ;
#5 = EDGE_CURVE ( 'NONE', #6160, #2984, #1449, .T. ) ;
#6 = CARTESIAN_POINT ( 'NONE',  ( -2.250000000000000000, -2.050000000000000266, -1.571132486540520068 ) ) ;
#7 = LINE ( 'NONE', #4225, #4885 ) ;
#8 = ORIENTED_EDGE ( 'NONE', *, *, #3238, .F. ) ;
#9 = VECTOR ( 'NONE', #3049, 1000.000000000000000 ) ;
#10 = VERTEX_POINT ( 'NONE', #4467 ) ;
#11 = ADVANCED_FACE ( 'NONE', ( #1488 ), #6528, .F. ) ;
#12 = EDGE_CURVE ( 'NONE', #552, #6062, #3915, .T. ) ;
#13 = ORIENTED_EDGE ( 'NONE', *, *, #5161, .F. ) ;
#14 = DIRECTION ( 'NONE',  ( 1.000000000000000000, 0.000000000000000000, 0.000000000000000000 ) ) ;
#15 = DIRECTION ( 'NONE',  ( 0.000000000000000000, 0.000000000000000000, 1.000000000000000000 ) ) ;
#16 = CYLINDRICAL_SURFACE ( 'NONE', #4122, 0.05000000000000002359 ) ;
#17 = FACE_OUTER_BOUND ( 'NONE', #7002, .T. ) ;
#18 = VECTOR ( 'NONE', #2208, 1000.000000000000000 ) ;
#19 = LINE ( 'NONE', #5532, #2496 ) ;
#20 = ORIENTED_EDGE ( 'NONE', *, *, #241, .T. ) ;
#21 = PLANE ( 'NONE',  #2167 ) ;
#22 = ORIENTED_EDGE ( 'NONE', *, *, #4891, .T. ) ;
#23 = ADVANCED_FACE ( 'NONE', ( #1476 ), #3973, .T. ) ;
#24 = DIRECTION ( 'NONE',  ( 0.000000000000000000, -1.000000000000000000, 0.000000000000000000 ) ) ;
#25 = CARTESIAN_POINT ( 'NONE',  ( 2.569999999999999840, -0.5000000000000000000, 0.2999999999999999889 ) ) ;
#26 = LINE ( 'NONE', #2371, #4845 ) ;
#27 = AXIS2_PLACEMENT_3D ( 'NONE', #3390, #69, #4004 ) ;
#28 = VECTOR ( 'NONE', #3854, 1000.000000000000000 ) ;
#29 = CARTESIAN_POINT ( 'NONE',  ( -2.250000000000000000, -2.000000000000000000, 1.571132486540520068 ) ) ;
#30 = VECTOR ( 'NONE', #6496, 1000.000000000000000 ) ;
#31 = CARTESIAN_POINT ( 'NONE',  ( 2.600000000000000089, -0.2999999999999999889, -1.149999999999999911 ) ) ;
#32 = ORIENTED_EDGE ( 'NONE', *, *, #1387, .T. ) ;
#33 = FACE_OUTER_BOUND ( 'NONE', #1037, .T. ) ;
#34 = ORIENTED_EDGE ( 'NONE', *, *, #2049, .T. ) ;
#35 = ORIENTED_EDGE ( 'NONE', *, *, #1402, .T. ) ;
#36 = DIRECTION ( 'NONE',  ( 0.000000000000000000, 0.000000000000000000, -1.000000000000000000 ) ) ;
#37 = PLANE ( 'NONE',  #7245 ) ;
#38 = DIRECTION ( 'NONE',  ( 0.000000000000000000, 0.000000000000000000, 1.000000000000000000 ) ) ;
#39 = FACE_OUTER_BOUND ( 'NONE', #7199, .T. ) ;
#40 = EDGE_CURVE ( 'NONE', #7297, #7096, #1552, .T. ) ;
#41 = DIRECTION ( 'NONE',  ( 0.000000000000000000, 1.000000000000000000, 0.000000000000000000 ) ) ;
#42 = LINE ( 'NONE', #2236, #4848 ) ;
#43 = ORIENTED_EDGE ( 'NONE', *, *, #983, .F. ) ;
#44 = CARTESIAN_POINT ( 'NONE',  ( -0.9751829634902189348, -2.050000000000000266, -1.646933713039665070 ) ) ;
#45 = AXIS2_PLACEMENT_3D ( 'NONE', #5175, #4101, #3072 ) ;
#46 = ORIENTED_EDGE ( 'NONE', *, *, #4247, .F. ) ;
#47 = DIRECTION ( 'NONE',  ( -1.000000000000000000, 0.000000000000000000, 0.000000000000000000 ) ) ;
#48 = ORIENTED_EDGE ( 'NONE', *, *, #2578, .F. ) ;
#49 = ORIENTED_EDGE ( 'NONE', *, *, #841, .T. ) ;
#50 =( GEOMETRIC_REPRESENTATION_CONTEXT ( 3 ) GLOBAL_UNCERTAINTY_ASSIGNED_CONTEXT ( ( #5738 ) ) GLOBAL_UNIT_ASSIGNED_CONTEXT ( ( #7081, #1342, #3195 ) ) REPRESENTATION_CONTEXT ( 'NONE', 'WORKASPACE' ) );
#51 = FACE_OUTER_BOUND ( 'NONE', #6066, .T. ) ;
#52 = DIRECTION ( 'NONE',  ( 0.000000000000000000, 0.000000000000000000, -1.000000000000000000 ) ) ;
#53 = CARTESIAN_POINT ( 'NONE',  ( -1.750000000000000000, -2.010000000000000231, 1.800000000000000044 ) ) ;
#54 = CIRCLE ( 'NONE', #3101, 0.4400000000000000022 ) ;
#55 = EDGE_CURVE ( 'NONE', #4840, #1004, #1588, .T. ) ;
#56 = AXIS2_PLACEMENT_3D ( 'NONE', #6698, #970, #2108 ) ;
#57 = VERTEX_POINT ( 'NONE', #4313 ) ;
#58 = CARTESIAN_POINT ( 'NONE',  ( -2.100000000000000089, -2.168404344971009854E-16, 1.625000000000000000 ) ) ;
#59 = EDGE_LOOP ( 'NONE', ( #4311, #5038, #210, #6866, #2514, #2433, #1792, #4660, #1869, #5332, #6794, #2563, #6617, #512 ) ) ;
#60 = CARTESIAN_POINT ( 'NONE',  ( 2.750000000000000000, -0.5000000000000000000, 0.5400000000000000355 ) ) ;
#61 = DIRECTION ( 'NONE',  ( 0.000000000000000000, 0.000000000000000000, -1.000000000000000000 ) ) ;
#62 = SPHERICAL_SURFACE ( 'NONE', #3959, 0.05000000000000000278 ) ;
#63 = EDGE_CURVE ( 'NONE', #4994, #1493, #4092, .T. ) ;
#64 = CIRCLE ( 'NONE', #6267, 0.1999999999999999833 ) ;
#65 = EDGE_CURVE ( 'NONE', #3839, #4778, #6438, .T. ) ;
#66 = COLOUR_RGB ( '',0.1490196078431372528, 0.1490196078431372528, 0.1490196078431372528 ) ;
#67 = ORIENTED_EDGE ( 'NONE', *, *, #5817, .F. ) ;
#68 = ADVANCED_FACE ( 'NONE', ( #4127, #6488 ), #4260, .F. ) ;
#69 = DIRECTION ( 'NONE',  ( 1.000000000000000000, 0.000000000000000000, 0.000000000000000000 ) ) ;
#70 = DIRECTION ( 'NONE',  ( 0.4999999999999933942, -0.8660254037844423713, 0.000000000000000000 ) ) ;
#71 = ORIENTED_EDGE ( 'NONE', *, *, #611, .T. ) ;
#72 = DIRECTION ( 'NONE',  ( -1.734723475976804976E-18, -4.336808689942014847E-19, 1.000000000000000000 ) ) ;
#73 = CARTESIAN_POINT ( 'NONE',  ( 1.965380592228740175, -0.5742640687119289211, 1.149999999999999911 ) ) ;
#74 = LINE ( 'NONE', #4446, #4986 ) ;
#75 = CARTESIAN_POINT ( 'NONE',  ( 1.870190296114370154, -0.5742640687119289211, 1.245190296114374151 ) ) ;
#76 = CARTESIAN_POINT ( 'NONE',  ( 1.965380592228744838, -2.168404344971009854E-16, 1.800000000000000044 ) ) ;
#77 = CARTESIAN_POINT ( 'NONE',  ( 2.550000000000000266, -0.1499999999999999944, -1.149999999999999911 ) ) ;
#78 = LINE ( 'NONE', #6238, #5054 ) ;
#79 = CARTESIAN_POINT ( 'NONE',  ( 2.100000000000000089, -0.5742640687119289211, 1.474999999999999867 ) ) ;
#80 = EDGE_CURVE ( 'NONE', #1524, #2680, #3950, .T. ) ;
#81 = DIRECTION ( 'NONE',  ( 0.000000000000000000, -1.000000000000000000, 2.710505431213760099E-16 ) ) ;
#82 = ORIENTED_EDGE ( 'NONE', *, *, #3531, .T. ) ;
#83 = VERTEX_POINT ( 'NONE', #4851 ) ;
#84 = ORIENTED_EDGE ( 'NONE', *, *, #1696, .F. ) ;
#85 = EDGE_CURVE ( 'NONE', #1454, #3284, #4069, .T. ) ;
#86 = ORIENTED_EDGE ( 'NONE', *, *, #1156, .T. ) ;
#87 = DIRECTION ( 'NONE',  ( 0.000000000000000000, 1.000000000000000000, 0.000000000000000000 ) ) ;
#88 = ADVANCED_FACE ( 'NONE', ( #4020 ), #4028, .T. ) ;
#89 = DIRECTION ( 'NONE',  ( -3.491481338843135327E-15, -1.000000000000000000, 0.000000000000000000 ) ) ;
#90 = DIRECTION ( 'NONE',  ( -0.05941309073766349452, -0.9982334820316327573, 0.000000000000000000 ) ) ;
#91 = DIRECTION ( 'NONE',  ( -1.000000000000000000, 0.000000000000000000, 0.000000000000000000 ) ) ;
#92 = EDGE_CURVE ( 'NONE', #2782, #6201, #6580, .T. ) ;
#93 = FACE_OUTER_BOUND ( 'NONE', #2644, .T. ) ;
#94 = DIRECTION ( 'NONE',  ( 0.000000000000000000, 0.000000000000000000, 1.000000000000000000 ) ) ;
#95 = AXIS2_PLACEMENT_3D ( 'NONE', #6050, #6553, #765 ) ;
#96 = CARTESIAN_POINT ( 'NONE',  ( -1.050000000000001377, -2.049999999999999378, -1.628867513459482330 ) ) ;
#97 = ORIENTED_EDGE ( 'NONE', *, *, #195, .F. ) ;
#98 = VECTOR ( 'NONE', #1430, 1000.000000000000000 ) ;
#99 = VERTEX_POINT ( 'NONE', #418 ) ;
#100 = DIRECTION ( 'NONE',  ( -1.777380610631974753E-16, 6.205691234043150553E-31, 1.000000000000000000 ) ) ;
#101 = ORIENTED_EDGE ( 'NONE', *, *, #4165, .T. ) ;
#102 = DIRECTION ( 'NONE',  ( 0.000000000000000000, 0.000000000000000000, -1.000000000000000000 ) ) ;
#103 = CYLINDRICAL_SURFACE ( 'NONE', #3609, 0.1499999999999999667 ) ;
#104 = PLANE ( 'NONE',  #2298 ) ;
#105 = AXIS2_PLACEMENT_3D ( 'NONE', #646, #4595, #36 ) ;
#106 = EDGE_CURVE ( 'NONE', #1189, #6159, #6423, .T. ) ;
#107 = DIRECTION ( 'NONE',  ( 1.000000000000000000, 0.000000000000000000, 0.000000000000000000 ) ) ;
#108 = CARTESIAN_POINT ( 'NONE',  ( 2.600000000000000089, -0.2000000000000000111, -1.149999999999999911 ) ) ;
#109 = AXIS2_PLACEMENT_3D ( 'NONE', #6542, #7120, #2732 ) ;
#110 = AXIS2_PLACEMENT_3D ( 'NONE', #3872, #7138, #4447 ) ;
#111 = LINE ( 'NONE', #3990, #7305 ) ;
#112 = ORIENTED_EDGE ( 'NONE', *, *, #4794, .T. ) ;
#113 = CARTESIAN_POINT ( 'NONE',  ( -2.399999999999999911, -2.000000000000000000, 0.9268854014666390029 ) ) ;
#114 = CARTESIAN_POINT ( 'NONE',  ( 2.449999999999999734, -0.1800000000000090139, 1.066724296938622048E-15 ) ) ;
#115 = ORIENTED_EDGE ( 'NONE', *, *, #6730, .F. ) ;
#116 = DIRECTION ( 'NONE',  ( -1.000000000000000000, 0.000000000000000000, 0.000000000000000000 ) ) ;
#117 = DIRECTION ( 'NONE',  ( -1.734723475976804976E-18, -1.058499011706437563E-36, 1.000000000000000000 ) ) ;
#118 = LINE ( 'NONE', #6962, #236 ) ;
#119 = AXIS2_PLACEMENT_3D ( 'NONE', #982, #6764, #3265 ) ;
#120 = EDGE_CURVE ( 'NONE', #6468, #506, #1501, .T. ) ;
#121 = ORIENTED_EDGE ( 'NONE', *, *, #1215, .T. ) ;
#122 = DIRECTION ( 'NONE',  ( 0.05941309073768078625, 0.9982334820316317581, 0.000000000000000000 ) ) ;
#123 = ORIENTED_EDGE ( 'NONE', *, *, #4698, .F. ) ;
#124 = DIRECTION ( 'NONE',  ( 1.000000000000000000, 6.101831366007240336E-19, 0.000000000000000000 ) ) ;
#125 = CARTESIAN_POINT ( 'NONE',  ( -2.569999999999999840, -0.4500000000000000111, 0.2999999999999999889 ) ) ;
#126 = CIRCLE ( 'NONE', #1728, 0.05000000000000002359 ) ;
#127 = VECTOR ( 'NONE', #535, 1000.000000000000000 ) ;
#128 = DIRECTION ( 'NONE',  ( 0.000000000000000000, 1.000000000000000000, 0.000000000000000000 ) ) ;
#129 = CARTESIAN_POINT ( 'NONE',  ( -1.050000000000000266, -2.050000000000001599, 1.628867513459479222 ) ) ;
#130 = CYLINDRICAL_SURFACE ( 'NONE', #105, 0.09000000000000001055 ) ;
#131 = PLANE ( 'NONE',  #3790 ) ;
#132 = CARTESIAN_POINT ( 'NONE',  ( -0.9627657542609050489, -2.044176141120590096, 1.607369094485574967 ) ) ;
#133 = ORIENTED_EDGE ( 'NONE', *, *, #6314, .F. ) ;
#134 = VECTOR ( 'NONE', #3836, 1000.000000000000000 ) ;
#135 = ORIENTED_EDGE ( 'NONE', *, *, #412, .F. ) ;
#136 = ORIENTED_EDGE ( 'NONE', *, *, #4599, .F. ) ;
#137 = EDGE_CURVE ( 'NONE', #6248, #2265, #6397, .T. ) ;
#138 = AXIS2_PLACEMENT_3D ( 'NONE', #355, #2741, #3301 ) ;
#139 = CARTESIAN_POINT ( 'NONE',  ( 2.050000000000000266, -2.050000000000000266, 2.000000000000000000 ) ) ;
#140 = CARTESIAN_POINT ( 'NONE',  ( -0.6005218575370839806, -2.160000000000000142, -1.270000000000000018 ) ) ;
#141 = VECTOR ( 'NONE', #1820, 1000.000000000000000 ) ;
#142 = DIRECTION ( 'NONE',  ( 0.000000000000000000, 3.388131789017199877E-16, 1.000000000000000000 ) ) ;
#143 = VECTOR ( 'NONE', #5133, 1000.000000000000000 ) ;
#144 = SURFACE_SIDE_STYLE ('',( #5794 ) ) ;
#145 = ORIENTED_EDGE ( 'NONE', *, *, #6811, .F. ) ;
#146 = VECTOR ( 'NONE', #2709, 1000.000000000000000 ) ;
#147 = ORIENTED_EDGE ( 'NONE', *, *, #2494, .T. ) ;
#148 = AXIS2_PLACEMENT_3D ( 'NONE', #248, #344, #4970 ) ;
#149 = CARTESIAN_POINT ( 'NONE',  ( 2.550000000000000266, 0.000000000000000000, 0.9268854014666380037 ) ) ;
#150 = ORIENTED_EDGE ( 'NONE', *, *, #4414, .F. ) ;
#151 = ADVANCED_FACE ( 'NONE', ( #6555 ), #4113, .F. ) ;
#152 = EDGE_CURVE ( 'NONE', #4738, #3487, #1650, .T. ) ;
#153 = AXIS2_PLACEMENT_3D ( 'NONE', #678, #6901, #122 ) ;
#154 = DIRECTION ( 'NONE',  ( 0.000000000000000000, 0.000000000000000000, -1.000000000000000000 ) ) ;
#155 = CARTESIAN_POINT ( 'NONE',  ( 2.600000000000000089, -1.392080689683685923, 1.369023336992409856 ) ) ;
#156 = STYLED_ITEM ( 'NONE', ( #6589 ), #5019 ) ;
#157 = FACE_OUTER_BOUND ( 'NONE', #4957, .T. ) ;
#158 = DIRECTION ( 'NONE',  ( -1.734723475976804976E-18, 0.000000000000000000, 1.000000000000000000 ) ) ;
#159 = ORIENTED_EDGE ( 'NONE', *, *, #333, .T. ) ;
#160 = DIRECTION ( 'NONE',  ( -1.043864005594926000E-18, 1.000000000000000000, 0.000000000000000000 ) ) ;
#161 = FACE_OUTER_BOUND ( 'NONE', #6219, .T. ) ;
#162 = ORIENTED_EDGE ( 'NONE', *, *, #4523, .F. ) ;
#163 = CARTESIAN_POINT ( 'NONE',  ( 2.050000000000000266, -2.050000000000000266, -2.500000000000000000 ) ) ;
#164 = ORIENTED_EDGE ( 'NONE', *, *, #4216, .F. ) ;
#165 = EDGE_CURVE ( 'NONE', #3349, #2895, #1523, .T. ) ;
#166 = CARTESIAN_POINT ( 'NONE',  ( -2.564000000000000057, -1.727000000000000091, 0.1000000000000000056 ) ) ;
#167 = EDGE_CURVE ( 'NONE', #2915, #6846, #6568, .T. ) ;
#168 = FACE_OUTER_BOUND ( 'NONE', #6850, .T. ) ;
#169 = CYLINDRICAL_SURFACE ( 'NONE', #3191, 0.04999999999999991257 ) ;
#170 = FACE_OUTER_BOUND ( 'NONE', #2226, .T. ) ;
#171 = VERTEX_POINT ( 'NONE', #1249 ) ;
#172 = DIRECTION ( 'NONE',  ( 0.000000000000000000, 4.336808689942014847E-19, -1.000000000000000000 ) ) ;
#173 = ORIENTED_EDGE ( 'NONE', *, *, #5928, .F. ) ;
#174 = EDGE_CURVE ( 'NONE', #6707, #6468, #6354, .T. ) ;
#175 = CARTESIAN_POINT ( 'NONE',  ( -2.540662314108554920, -2.000000000000000000, 0.8747882480931009619 ) ) ;
#176 = VECTOR ( 'NONE', #3114, 1000.000000000000000 ) ;
#177 = DIRECTION ( 'NONE',  ( -0.000000000000000000, 1.000000000000000000, 0.000000000000000000 ) ) ;
#178 = CARTESIAN_POINT ( 'NONE',  ( -1.011436044376986976, -2.050000000000000266, 1.635478130682335385 ) ) ;
#179 = EDGE_CURVE ( 'NONE', #6517, #6224, #6479, .T. ) ;
#180 = FACE_OUTER_BOUND ( 'NONE', #5473, .T. ) ;
#181 = DIRECTION ( 'NONE',  ( 6.101831366007370336E-19, -1.000000000000000000, 0.000000000000000000 ) ) ;
#182 = ORIENTED_EDGE ( 'NONE', *, *, #2307, .F. ) ;
#183 = EDGE_CURVE ( 'NONE', #6586, #2680, #6367, .T. ) ;
#184 = ORIENTED_EDGE ( 'NONE', *, *, #4108, .F. ) ;
#185 = AXIS2_PLACEMENT_3D ( 'NONE', #5014, #6643, #5990 ) ;
#186 = AXIS2_PLACEMENT_3D ( 'NONE', #282, #4166, #850 ) ;
#187 = DIRECTION ( 'NONE',  ( 0.000000000000000000, -3.252606517456514781E-16, -1.000000000000000000 ) ) ;
#188 = CARTESIAN_POINT ( 'NONE',  ( 2.569999999999999840, -1.283000000000000140, 0.1524999999999999967 ) ) ;
#189 = FACE_OUTER_BOUND ( 'NONE', #5728, .T. ) ;
#190 = DIRECTION ( 'NONE',  ( 0.000000000000000000, 1.000000000000000000, 0.000000000000000000 ) ) ;
#191 = CARTESIAN_POINT ( 'NONE',  ( -2.550000000000000266, -1.765000000000000124, 0.000000000000000000 ) ) ;
#192 = FACE_OUTER_BOUND ( 'NONE', #5913, .T. ) ;
#193 = VECTOR ( 'NONE', #3956, 1000.000000000000000 ) ;
#194 = ORIENTED_EDGE ( 'NONE', *, *, #63, .T. ) ;
#195 = EDGE_CURVE ( 'NONE', #4341, #6612, #3936, .T. ) ;
#196 = ADVANCED_FACE ( 'NONE', ( #6619 ), #1813, .T. ) ;
#197 = CARTESIAN_POINT ( 'NONE',  ( 2.419999999999999929, -0.4500000000000000111, -0.2500000000000000000 ) ) ;
#198 = VERTEX_POINT ( 'NONE', #1781 ) ;
#199 = EDGE_CURVE ( 'NONE', #945, #4442, #4193, .T. ) ;
#200 = FACE_OUTER_BOUND ( 'NONE', #5580, .T. ) ;
#201 = DIRECTION ( 'NONE',  ( 0.000000000000000000, 1.000000000000000000, 0.000000000000000000 ) ) ;
#202 = AXIS2_PLACEMENT_3D ( 'NONE', #2771, #421, #1001 ) ;
#203 = VECTOR ( 'NONE', #3603, 1000.000000000000000 ) ;
#204 = DIRECTION ( 'NONE',  ( 0.000000000000000000, 1.000000000000000000, 0.000000000000000000 ) ) ;
#205 = LINE ( 'NONE', #2719, #217 ) ;
#206 = CARTESIAN_POINT ( 'NONE',  ( 2.550000000000000266, -0.5000000000000000000, 0.5400000000000000355 ) ) ;
#207 = ORIENTED_EDGE ( 'NONE', *, *, #1363, .F. ) ;
#208 = DIRECTION ( 'NONE',  ( 0.000000000000000000, -1.000000000000000000, 0.000000000000000000 ) ) ;
#209 = DIRECTION ( 'NONE',  ( 1.000000000000000000, 0.000000000000000000, 0.000000000000000000 ) ) ;
#210 = ORIENTED_EDGE ( 'NONE', *, *, #2135, .T. ) ;
#211 = CARTESIAN_POINT ( 'NONE',  ( -2.660000000000000142, -1.283000000000000140, -0.1524999999999999967 ) ) ;
#212 = ORIENTED_EDGE ( 'NONE', *, *, #611, .F. ) ;
#213 = CARTESIAN_POINT ( 'NONE',  ( 2.750000000000000000, -1.959999999999999964, 1.270000000000000018 ) ) ;
#214 = ADVANCED_FACE ( 'NONE', ( #4332 ), #6843, .T. ) ;
#215 = CARTESIAN_POINT ( 'NONE',  ( -2.600000000000000089, -1.564718210309564927, -1.469999999999999973 ) ) ;
#216 = PLANE ( 'NONE',  #6207 ) ;
#217 = VECTOR ( 'NONE', #7268, 1000.000000000000000 ) ;
#218 = CIRCLE ( 'NONE', #1967, 0.04999999999999991257 ) ;
#219 = VERTEX_POINT ( 'NONE', #558 ) ;
#220 = PLANE ( 'NONE',  #450 ) ;
#221 = DIRECTION ( 'NONE',  ( 1.000000000000000000, 0.000000000000000000, 0.000000000000000000 ) ) ;
#222 = EDGE_LOOP ( 'NONE', ( #2131, #5734, #1141, #859 ) ) ;
#223 = CARTESIAN_POINT ( 'NONE',  ( 1.011546881485396066, -2.034082127682010022, 1.619677325591764916 ) ) ;
#224 = CYLINDRICAL_SURFACE ( 'NONE', #1468, 0.1999999999999999833 ) ;
#225 = DIRECTION ( 'NONE',  ( -6.101831366007370336E-19, 1.000000000000000000, 0.000000000000000000 ) ) ;
#226 = DIRECTION ( 'NONE',  ( 0.000000000000000000, 4.336808689942014847E-19, -1.000000000000000000 ) ) ;
#227 = EDGE_CURVE ( 'NONE', #3757, #2760, #4263, .T. ) ;
#228 = CARTESIAN_POINT ( 'NONE',  ( 1.750000000000000000, 0.8400000000000000799, 1.350000000000000089 ) ) ;
#229 = AXIS2_PLACEMENT_3D ( 'NONE', #734, #1866, #3914 ) ;
#230 = LINE ( 'NONE', #3641, #2837 ) ;
#231 = ORIENTED_EDGE ( 'NONE', *, *, #503, .T. ) ;
#232 = VERTEX_POINT ( 'NONE', #2855 ) ;
#233 = AXIS2_PLACEMENT_3D ( 'NONE', #6485, #7065, #6536 ) ;
#234 = DIRECTION ( 'NONE',  ( 0.000000000000000000, 0.000000000000000000, 1.000000000000000000 ) ) ;
#235 = CARTESIAN_POINT ( 'NONE',  ( 2.419999999999999929, -0.3499999999999999778, 0.2500000000000000000 ) ) ;
#236 = VECTOR ( 'NONE', #187, 1000.000000000000000 ) ;
#237 = AXIS2_PLACEMENT_3D ( 'NONE', #5750, #3983, #6301 ) ;
#238 = SPHERICAL_SURFACE ( 'NONE', #5427, 0.05000000000000000278 ) ;
#239 = CARTESIAN_POINT ( 'NONE',  ( -2.419999999999999929, -0.4500000000000000111, -0.2500000000000000000 ) ) ;
#240 = VERTEX_POINT ( 'NONE', #3416 ) ;
#241 = EDGE_CURVE ( 'NONE', #1429, #4401, #6656, .T. ) ;
#242 = TOROIDAL_SURFACE ( 'NONE', #6578, 0.4500000000000000111, 0.05000000000000000278 ) ;
#243 = ORIENTED_EDGE ( 'NONE', *, *, #3526, .T. ) ;
#244 = PRESENTATION_LAYER_ASSIGNMENT (  '', '', ( #5820 ) ) ;
#245 = DIRECTION ( 'NONE',  ( 0.000000000000000000, 0.000000000000000000, -1.000000000000000000 ) ) ;
#246 = CARTESIAN_POINT ( 'NONE',  ( -2.750000000000000000, -1.283000000000000140, -0.1524999999999999967 ) ) ;
#247 = ORIENTED_EDGE ( 'NONE', *, *, #4480, .F. ) ;
#248 = CARTESIAN_POINT ( 'NONE',  ( -2.419999999999999929, -1.080000000000000071, 0.000000000000000000 ) ) ;
#249 = LINE ( 'NONE', #7344, #127 ) ;
#250 = DIRECTION ( 'NONE',  ( 0.000000000000000000, 1.000000000000000000, 0.000000000000000000 ) ) ;
#251 = EDGE_CURVE ( 'NONE', #3065, #10, #1713, .T. ) ;
#252 = CARTESIAN_POINT ( 'NONE',  ( 2.359337685891444547, 0.000000000000000000, 0.3852117519068999907 ) ) ;
#253 = DIRECTION ( 'NONE',  ( 1.000000000000000000, 0.000000000000000000, 0.000000000000000000 ) ) ;
#254 = LINE ( 'NONE', #6099, #326 ) ;
#255 = ORIENTED_EDGE ( 'NONE', *, *, #1862, .T. ) ;
#256 = ADVANCED_FACE ( 'NONE', ( #4212 ), #2596, .F. ) ;
#257 = CARTESIAN_POINT ( 'NONE',  ( -1.870190296114370154, -0.5742640687119289211, -1.704809703885624916 ) ) ;
#258 = VERTEX_POINT ( 'NONE', #3770 ) ;
#259 = DIRECTION ( 'NONE',  ( 0.000000000000000000, 0.000000000000000000, -1.000000000000000000 ) ) ;
#260 = DIRECTION ( 'NONE',  ( 0.000000000000000000, 0.000000000000000000, 1.000000000000000000 ) ) ;
#261 = CARTESIAN_POINT ( 'NONE',  ( -2.620000000000000107, -1.525000000000000133, 0.000000000000000000 ) ) ;
#262 = VECTOR ( 'NONE', #1398, 1000.000000000000000 ) ;
#263 = DIRECTION ( 'NONE',  ( -1.000000000000000000, 0.000000000000000000, 0.000000000000000000 ) ) ;
#264 = CIRCLE ( 'NONE', #4895, 0.1499999999999999667 ) ;
#265 = VECTOR ( 'NONE', #5639, 1000.000000000000000 ) ;
#266 = ORIENTED_EDGE ( 'NONE', *, *, #5377, .F. ) ;
#267 = CARTESIAN_POINT ( 'NONE',  ( -0.9787118015674772797, -2.050000000000002931, -1.657735026918964127 ) ) ;
#268 = CARTESIAN_POINT ( 'NONE',  ( -1.162006473417549923, -1.985333032421400024, -1.533796995401334851 ) ) ;
#269 = CARTESIAN_POINT ( 'NONE',  ( -0.9616025403784440595, -2.043301270189220364, 1.628867513459480110 ) ) ;
#270 = ORIENTED_EDGE ( 'NONE', *, *, #2140, .F. ) ;
#271 = EDGE_CURVE ( 'NONE', #1360, #1795, #4395, .T. ) ;
#272 = ADVANCED_FACE ( 'NONE', ( #4277 ), #1930, .T. ) ;
#273 = APPLICATION_PROTOCOL_DEFINITION ( 'draft international standard', 'automotive_design', 1998, #7001 ) ;
#274 = FACE_OUTER_BOUND ( 'NONE', #1964, .T. ) ;
#275 = CARTESIAN_POINT ( 'NONE',  ( 1.750000000000000000, 0.8400000000000000799, 1.699999999999999956 ) ) ;
#276 = DIRECTION ( 'NONE',  ( -1.000000000000000000, -6.101831366007240336E-19, -1.734723475976804976E-18 ) ) ;
#277 = EDGE_CURVE ( 'NONE', #3734, #3855, #4223, .T. ) ;
#278 = AXIS2_PLACEMENT_3D ( 'NONE', #6530, #3758, #4315 ) ;
#279 = VERTEX_POINT ( 'NONE', #1474 ) ;
#280 = ORIENTED_EDGE ( 'NONE', *, *, #2897, .F. ) ;
#281 = DIRECTION ( 'NONE',  ( 1.000000000000000000, 6.101831366007240336E-19, 0.000000000000000000 ) ) ;
#282 = CARTESIAN_POINT ( 'NONE',  ( -1.162006473417549923, -1.985333032421400024, -1.600000000000000089 ) ) ;
#283 = VECTOR ( 'NONE', #5691, 999.9999999999998863 ) ;
#284 = VECTOR ( 'NONE', #1187, 1000.000000000000000 ) ;
#285 = EDGE_CURVE ( 'NONE', #219, #4749, #1798, .T. ) ;
#286 = CARTESIAN_POINT ( 'NONE',  ( 0.6005218575370809830, -2.160000000000000142, -1.270000000000000018 ) ) ;
#287 = FACE_OUTER_BOUND ( 'NONE', #5388, .T. ) ;
#288 = VERTEX_POINT ( 'NONE', #5890 ) ;
#289 = DIRECTION ( 'NONE',  ( 0.3473143558235926021, 0.000000000000000000, 0.9377487607237040557 ) ) ;
#290 = DIRECTION ( 'NONE',  ( 2.409338161078895236E-15, -1.000000000000000000, -4.336808689941955143E-19 ) ) ;
#291 = VERTEX_POINT ( 'NONE', #3242 ) ;
#292 = CARTESIAN_POINT ( 'NONE',  ( -2.419999999999999929, -0.2999999999999999889, 0.2000000000000000111 ) ) ;
#293 = FACE_OUTER_BOUND ( 'NONE', #5375, .T. ) ;
#294 = CARTESIAN_POINT ( 'NONE',  ( 2.600000000000000089, -2.010000000000000231, -1.270000000000000018 ) ) ;
#295 = VECTOR ( 'NONE', #7313, 1000.000000000000000 ) ;
#296 = CARTESIAN_POINT ( 'NONE',  ( 2.750000000000000000, -1.392080689683685923, 1.369023336992409856 ) ) ;
#297 = ORIENTED_EDGE ( 'NONE', *, *, #6927, .F. ) ;
#298 = CARTESIAN_POINT ( 'NONE',  ( 2.250000000000000000, -2.000000000000000000, 1.600000000000000089 ) ) ;
#299 = LINE ( 'NONE', #547, #2770 ) ;
#300 = ORIENTED_EDGE ( 'NONE', *, *, #3551, .T. ) ;
#301 = DIRECTION ( 'NONE',  ( 0.000000000000000000, 0.000000000000000000, -1.000000000000000000 ) ) ;
#302 = VERTEX_POINT ( 'NONE', #6976 ) ;
#303 = EDGE_CURVE ( 'NONE', #6876, #3751, #1887, .T. ) ;
#304 = CARTESIAN_POINT ( 'NONE',  ( 2.250000000000000000, -9.147955830346438929E-15, 1.098717147929999949E-15 ) ) ;
#305 = DIRECTION ( 'NONE',  ( 0.000000000000000000, 0.000000000000000000, 1.000000000000000000 ) ) ;
#306 = VECTOR ( 'NONE', #7353, 1000.000000000000000 ) ;
#307 = DIRECTION ( 'NONE',  ( 1.000000000000000000, 0.000000000000000000, 0.000000000000000000 ) ) ;
#308 = LINE ( 'NONE', #2294, #5131 ) ;
#309 = ORIENTED_EDGE ( 'NONE', *, *, #1928, .F. ) ;
#310 = FACE_OUTER_BOUND ( 'NONE', #1632, .T. ) ;
#311 = ORIENTED_EDGE ( 'NONE', *, *, #3993, .T. ) ;
#312 = ADVANCED_FACE ( 'NONE', ( #1697 ), #4222, .T. ) ;
#313 = DIRECTION ( 'NONE',  ( 1.000000000000000000, 6.101831366007240336E-19, 0.000000000000000000 ) ) ;
#314 = DIRECTION ( 'NONE',  ( 0.000000000000000000, 0.000000000000000000, -1.000000000000000000 ) ) ;
#315 = ORIENTED_EDGE ( 'NONE', *, *, #3066, .F. ) ;
#316 = EDGE_CURVE ( 'NONE', #4620, #2795, #6667, .T. ) ;
#317 = CARTESIAN_POINT ( 'NONE',  ( 0.9627657542609029395, -2.044176141120594981, 1.607369094485574967 ) ) ;
#318 = AXIS2_PLACEMENT_3D ( 'NONE', #4857, #5987, #5287 ) ;
#319 = FACE_OUTER_BOUND ( 'NONE', #4559, .T. ) ;
#320 = ADVANCED_FACE ( 'NONE', ( #4306 ), #4383, .T. ) ;
#321 = LINE ( 'NONE', #6762, #3030 ) ;
#322 = DIRECTION ( 'NONE',  ( 0.000000000000000000, -1.777380610631974753E-16, 1.000000000000000000 ) ) ;
#323 = DIRECTION ( 'NONE',  ( -1.000000000000000000, 7.523163845262625017E-37, -1.734723475976804976E-18 ) ) ;
#324 = FACE_OUTER_BOUND ( 'NONE', #1847, .T. ) ;
#325 = ORIENTED_EDGE ( 'NONE', *, *, #567, .T. ) ;
#326 = VECTOR ( 'NONE', #4098, 1000.000000000000000 ) ;
#327 = ORIENTED_EDGE ( 'NONE', *, *, #3873, .F. ) ;
#328 = ORIENTED_EDGE ( 'NONE', *, *, #4165, .F. ) ;
#329 = EDGE_CURVE ( 'NONE', #6021, #5671, #1842, .T. ) ;
#330 = ADVANCED_FACE ( 'NONE', ( #6675 ), #6815, .T. ) ;
#331 = CARTESIAN_POINT ( 'NONE',  ( -1.870190296114370154, -2.168404344971009854E-16, 1.245190296114374151 ) ) ;
#332 = CARTESIAN_POINT ( 'NONE',  ( 2.449999999999999734, -0.09000000000000921152, 0.1524999999999999967 ) ) ;
#333 = EDGE_CURVE ( 'NONE', #3843, #381, #6736, .T. ) ;
#334 = FACE_OUTER_BOUND ( 'NONE', #3042, .T. ) ;
#335 = AXIS2_PLACEMENT_3D ( 'NONE', #4750, #6428, #7017 ) ;
#336 = CIRCLE ( 'NONE', #3208, 0.1499999999999999667 ) ;
#337 = DIRECTION ( 'NONE',  ( 0.7071067811865470176, 7.381233169927239851E-19, -0.7071067811865480168 ) ) ;
#338 = ORIENTED_EDGE ( 'NONE', *, *, #6614, .F. ) ;
#339 = VECTOR ( 'NONE', #6697, 1000.000000000000000 ) ;
#340 = ORIENTED_EDGE ( 'NONE', *, *, #6797, .T. ) ;
#341 = DIRECTION ( 'NONE',  ( 0.000000000000000000, 0.000000000000000000, -1.000000000000000000 ) ) ;
#342 = DIRECTION ( 'NONE',  ( -1.000000000000000000, -2.409338161078903914E-15, 0.000000000000000000 ) ) ;
#343 = VERTEX_POINT ( 'NONE', #3188 ) ;
#344 = DIRECTION ( 'NONE',  ( -1.000000000000000000, 0.000000000000000000, 0.000000000000000000 ) ) ;
#345 = PRESENTATION_STYLE_ASSIGNMENT (( #2708 ) ) ;
#346 = DIRECTION ( 'NONE',  ( 0.000000000000000000, 0.000000000000000000, -1.000000000000000000 ) ) ;
#347 = EDGE_CURVE ( 'NONE', #6160, #5446, #4170, .T. ) ;
#348 = LINE ( 'NONE', #1392, #411 ) ;
#349 = DIRECTION ( 'NONE',  ( -1.000000000000000000, 0.000000000000000000, 0.000000000000000000 ) ) ;
#350 = DIRECTION ( 'NONE',  ( 0.000000000000000000, 0.000000000000000000, -1.000000000000000000 ) ) ;
#351 = DIRECTION ( 'NONE',  ( -1.000000000000000000, 0.000000000000000000, 0.000000000000000000 ) ) ;
#352 = VECTOR ( 'NONE', #6179, 1000.000000000000000 ) ;
#353 = VERTEX_POINT ( 'NONE', #2545 ) ;
#354 = EDGE_CURVE ( 'NONE', #3014, #4840, #6629, .T. ) ;
#355 = CARTESIAN_POINT ( 'NONE',  ( -2.550000000000000266, -0.2000000000000000111, 1.800000000000000044 ) ) ;
#356 = ORIENTED_EDGE ( 'NONE', *, *, #6087, .T. ) ;
#357 = CARTESIAN_POINT ( 'NONE',  ( -0.9787118015674772797, -2.050000000000002931, 1.657735026918964127 ) ) ;
#358 = CARTESIAN_POINT ( 'NONE',  ( 1.050000000000000044, -2.050000000000000266, -1.657735026918965016 ) ) ;
#359 = DIRECTION ( 'NONE',  ( 0.000000000000000000, 1.000000000000000000, 0.000000000000000000 ) ) ;
#360 = VECTOR ( 'NONE', #4356, 1000.000000000000000 ) ;
#361 = CARTESIAN_POINT ( 'NONE',  ( -2.550000000000000266, -2.050000000000000266, 2.000000000000000000 ) ) ;
#362 = EDGE_CURVE ( 'NONE', #3203, #3061, #1914, .T. ) ;
#363 = FACE_OUTER_BOUND ( 'NONE', #3585, .T. ) ;
#364 = EDGE_LOOP ( 'NONE', ( #1227, #2441, #1591, #1137, #3536, #1118, #184, #5005 ) ) ;
#365 = CARTESIAN_POINT ( 'NONE',  ( 2.550000000000000266, -2.024999999999999911, -1.614433756729739988 ) ) ;
#366 = DIRECTION ( 'NONE',  ( -0.7071067811865480168, 0.000000000000000000, 0.7071067811865470176 ) ) ;
#367 = CARTESIAN_POINT ( 'NONE',  ( 2.550000000000000266, -2.000000000000000000, -1.571132486540520068 ) ) ;
#368 = VERTEX_POINT ( 'NONE', #5948 ) ;
#369 = EDGE_CURVE ( 'NONE', #5920, #3685, #1855, .T. ) ;
#370 = CARTESIAN_POINT ( 'NONE',  ( -2.620000000000000107, -1.080000000000000071, -0.3099999999999999978 ) ) ;
#371 = SURFACE_STYLE_FILL_AREA ( #7205 ) ;
#372 = DIRECTION ( 'NONE',  ( 2.891205793294678622E-15, 0.000000000000000000, 1.000000000000000000 ) ) ;
#373 = CARTESIAN_POINT ( 'NONE',  ( -1.750000000000000000, -2.160000000000000142, -1.270000000000000018 ) ) ;
#374 = VECTOR ( 'NONE', #6165, 1000.000000000000000 ) ;
#375 = VECTOR ( 'NONE', #2876, 1000.000000000000000 ) ;
#376 = VERTEX_POINT ( 'NONE', #5333 ) ;
#377 = ORIENTED_EDGE ( 'NONE', *, *, #1407, .F. ) ;
#378 = CARTESIAN_POINT ( 'NONE',  ( -2.569999999999999840, -1.283000000000000140, 0.1524999999999999967 ) ) ;
#379 = DIRECTION ( 'NONE',  ( 0.000000000000000000, 4.336808689942014847E-19, -1.000000000000000000 ) ) ;
#380 = CIRCLE ( 'NONE', #6706, 0.2000000000000000944 ) ;
#381 = VERTEX_POINT ( 'NONE', #292 ) ;
#382 = CARTESIAN_POINT ( 'NONE',  ( -2.605999999999999872, -1.572999999999999954, 0.1000000000000000056 ) ) ;
#383 = ORIENTED_EDGE ( 'NONE', *, *, #1804, .T. ) ;
#384 = CARTESIAN_POINT ( 'NONE',  ( -2.550000000000000266, -2.000000000000000000, -1.600000000000000089 ) ) ;
#385 = EDGE_LOOP ( 'NONE', ( #3571, #3613, #6635, #4281 ) ) ;
#386 = ADVANCED_FACE ( 'NONE', ( #4240, #4180 ), #5474, .F. ) ;
#387 = CARTESIAN_POINT ( 'NONE',  ( 1.162006473417547925, -1.985333032421400024, -1.533796995401334851 ) ) ;
#388 = FILL_AREA_STYLE_COLOUR ( '', #1006 ) ;
#389 = LINE ( 'NONE', #2611, #5330 ) ;
#390 = EDGE_CURVE ( 'NONE', #5944, #3679, #1828, .T. ) ;
#391 = CARTESIAN_POINT ( 'NONE',  ( 2.350000000000000089, 0.000000000000000000, -0.3331145985333595072 ) ) ;
#392 = DIRECTION ( 'NONE',  ( 0.000000000000000000, 0.000000000000000000, 1.000000000000000000 ) ) ;
#393 = CYLINDRICAL_SURFACE ( 'NONE', #900, 0.08999999999999980238 ) ;
#394 = ORIENTED_EDGE ( 'NONE', *, *, #2826, .T. ) ;
#395 = ORIENTED_EDGE ( 'NONE', *, *, #4490, .T. ) ;
#396 = DIRECTION ( 'NONE',  ( 1.000000000000000000, 0.000000000000000000, 0.000000000000000000 ) ) ;
#397 = DIRECTION ( 'NONE',  ( -0.05941309073766248838, 0.9982334820316328683, 0.000000000000000000 ) ) ;
#398 = CARTESIAN_POINT ( 'NONE',  ( -2.600000000000000089, -2.010000000000000231, 1.800000000000000044 ) ) ;
#399 = LINE ( 'NONE', #406, #360 ) ;
#400 = DIRECTION ( 'NONE',  ( 0.000000000000000000, 0.000000000000000000, -1.000000000000000000 ) ) ;
#401 = VECTOR ( 'NONE', #1966, 1000.000000000000000 ) ;
#402 = EDGE_CURVE ( 'NONE', #2680, #5070, #1664, .T. ) ;
#403 = EDGE_LOOP ( 'NONE', ( #173, #4963, #3310, #2391 ) ) ;
#404 = AXIS2_PLACEMENT_3D ( 'NONE', #2338, #2392, #6770 ) ;
#405 = ORIENTED_EDGE ( 'NONE', *, *, #3290, .F. ) ;
#406 = CARTESIAN_POINT ( 'NONE',  ( 2.750000000000000000, -1.283000000000000140, -0.1524999999999999967 ) ) ;
#407 = DIRECTION ( 'NONE',  ( 1.000000000000000000, 0.000000000000000000, 0.000000000000000000 ) ) ;
#408 = ORIENTED_EDGE ( 'NONE', *, *, #2740, .T. ) ;
#409 = CARTESIAN_POINT ( 'NONE',  ( -1.965380592228744838, -0.5742640687119289211, 1.800000000000000044 ) ) ;
#410 = CARTESIAN_POINT ( 'NONE',  ( 2.550000000000000266, 0.000000000000000000, 0.9268854014666380037 ) ) ;
#411 = VECTOR ( 'NONE', #3109, 1000.000000000000000 ) ;
#412 = EDGE_CURVE ( 'NONE', #2337, #1040, #4144, .T. ) ;
#413 = VECTOR ( 'NONE', #905, 1000.000000000000000 ) ;
#414 = ORIENTED_EDGE ( 'NONE', *, *, #5914, .F. ) ;
#415 = EDGE_CURVE ( 'NONE', #1386, #1207, #6687, .T. ) ;
#416 = AXIS2_PLACEMENT_3D ( 'NONE', #1739, #5664, #1644 ) ;
#417 = ORIENTED_EDGE ( 'NONE', *, *, #2944, .F. ) ;
#418 = CARTESIAN_POINT ( 'NONE',  ( -1.965380592228744838, -2.168404344971009854E-16, -1.149999999999999911 ) ) ;
#419 = DIRECTION ( 'NONE',  ( 6.101831366007370336E-19, -1.000000000000000000, 0.000000000000000000 ) ) ;
#420 = CARTESIAN_POINT ( 'NONE',  ( -1.965380592228744838, -0.5742640687119289211, -1.149999999999999911 ) ) ;
#421 = DIRECTION ( 'NONE',  ( -6.101831366007370336E-19, 1.000000000000000000, 0.000000000000000000 ) ) ;
#422 = LINE ( 'NONE', #2702, #2985 ) ;
#423 = CARTESIAN_POINT ( 'NONE',  ( -1.965380592228744838, -2.168404344971009854E-16, -1.800000000000000044 ) ) ;
#424 = FACE_OUTER_BOUND ( 'NONE', #6832, .T. ) ;
#425 = VERTEX_POINT ( 'NONE', #2518 ) ;
#426 = DIRECTION ( 'NONE',  ( 0.000000000000000000, 0.000000000000000000, 1.000000000000000000 ) ) ;
#427 = ADVANCED_FACE ( 'NONE', ( #4384 ), #3064, .F. ) ;
#428 = CARTESIAN_POINT ( 'NONE',  ( -2.600000000000000089, -2.010000000000000231, 1.800000000000000044 ) ) ;
#429 = ORIENTED_EDGE ( 'NONE', *, *, #661, .T. ) ;
#430 = EDGE_CURVE ( 'NONE', #3018, #6476, #6593, .T. ) ;
#431 = LINE ( 'NONE', #6152, #5467 ) ;
#432 = EDGE_CURVE ( 'NONE', #7261, #5874, #6763, .T. ) ;
#433 = SHAPE_REPRESENTATION ( 'ETQP3M100KVP_ETQP3M100KVP', ( #229 ), #5380 ) ;
#434 = LINE ( 'NONE', #1171, #2940 ) ;
#435 = PLANE ( 'NONE',  #823 ) ;
#436 = AXIS2_PLACEMENT_3D ( 'NONE', #5289, #810, #1776 ) ;
#437 = VECTOR ( 'NONE', #1510, 1000.000000000000000 ) ;
#438 = ORIENTED_EDGE ( 'NONE', *, *, #2717, .T. ) ;
#439 = EDGE_CURVE ( 'NONE', #3487, #5960, #6699, .T. ) ;
#440 = CARTESIAN_POINT ( 'NONE',  ( -2.550000000000000266, -1.765000000000000124, 0.1000000000000000056 ) ) ;
#441 = CARTESIAN_POINT ( 'NONE',  ( 2.449999999999999734, -0.3000000000000089817, -0.1524999999999999967 ) ) ;
#442 = ADVANCED_FACE ( 'NONE', ( #1784, #6750 ), #1399, .F. ) ;
#443 = CARTESIAN_POINT ( 'NONE',  ( -2.620000000000000107, -0.5000000000000000000, -0.3099999999999999978 ) ) ;
#444 = DIRECTION ( 'NONE',  ( 1.000000000000000000, 0.000000000000000000, 0.000000000000000000 ) ) ;
#445 = AXIS2_PLACEMENT_3D ( 'NONE', #1872, #1753, #2376 ) ;
#446 = EDGE_LOOP ( 'NONE', ( #3266, #5348, #394, #2000 ) ) ;
#447 = VECTOR ( 'NONE', #2903, 1000.000000000000000 ) ;
#448 = LINE ( 'NONE', #188, #556 ) ;
#449 = EDGE_LOOP ( 'NONE', ( #4297, #121, #3696, #49, #6851, #2240, #1657, #6759 ) ) ;
#450 = AXIS2_PLACEMENT_3D ( 'NONE', #6366, #1802, #5401 ) ;
#451 = DIRECTION ( 'NONE',  ( 0.000000000000000000, 0.000000000000000000, 1.000000000000000000 ) ) ;
#452 = EDGE_CURVE ( 'NONE', #6779, #5753, #4319, .T. ) ;
#453 = AXIS2_PLACEMENT_3D ( 'NONE', #6079, #4560, #6252 ) ;
#454 = DIRECTION ( 'NONE',  ( -1.000000000000000000, 0.000000000000000000, 0.000000000000000000 ) ) ;
#455 = CARTESIAN_POINT ( 'NONE',  ( -1.750000000000000000, -2.010000000000000231, 1.270000000000000018 ) ) ;
#456 = AXIS2_PLACEMENT_3D ( 'NONE', #3825, #7241, #4928 ) ;
#457 = CYLINDRICAL_SURFACE ( 'NONE', #6881, 0.2000000000000000944 ) ;
#458 = DIRECTION ( 'NONE',  ( 1.000000000000000000, 0.000000000000000000, 0.000000000000000000 ) ) ;
#459 = VERTEX_POINT ( 'NONE', #3797 ) ;
#460 = VECTOR ( 'NONE', #4834, 1000.000000000000000 ) ;
#461 = VECTOR ( 'NONE', #1288, 1000.000000000000000 ) ;
#462 = ORIENTED_EDGE ( 'NONE', *, *, #6897, .T. ) ;
#463 = DIRECTION ( 'NONE',  ( 0.000000000000000000, 4.336808689942014847E-19, -1.000000000000000000 ) ) ;
#464 = CARTESIAN_POINT ( 'NONE',  ( -2.250000000000000000, -0.09000000000000871192, -0.1524999999999999967 ) ) ;
#465 = AXIS2_PLACEMENT_3D ( 'NONE', #5281, #1873, #4161 ) ;
#466 = DIRECTION ( 'NONE',  ( -1.000000000000000000, 0.000000000000000000, 0.000000000000000000 ) ) ;
#467 = VECTOR ( 'NONE', #6618, 1000.000000000000000 ) ;
#468 = ORIENTED_EDGE ( 'NONE', *, *, #5741, .T. ) ;
#469 = LINE ( 'NONE', #361, #5312 ) ;
#470 = ADVANCED_FACE ( 'NONE', ( #4292 ), #6947, .F. ) ;
#471 = DIRECTION ( 'NONE',  ( 0.000000000000000000, 0.000000000000000000, 1.000000000000000000 ) ) ;
#472 = VECTOR ( 'NONE', #3704, 1000.000000000000000 ) ;
#473 = ORIENTED_EDGE ( 'NONE', *, *, #2102, .T. ) ;
#474 = CARTESIAN_POINT ( 'NONE',  ( -1.050000000000000044, -2.050000000000000266, 1.657735026918965016 ) ) ;
#475 = VERTEX_POINT ( 'NONE', #3507 ) ;
#476 = AXIS2_PLACEMENT_3D ( 'NONE', #6852, #2922, #3491 ) ;
#477 = DIRECTION ( 'NONE',  ( 0.000000000000000000, 1.000000000000000000, 0.000000000000000000 ) ) ;
#478 = EDGE_CURVE ( 'NONE', #6076, #57, #6829, .T. ) ;
#479 = PRODUCT_DEFINITION ( 'UNKNOWN', '', #6156, #3400 ) ;
#480 = CYLINDRICAL_SURFACE ( 'NONE', #2290, 0.1499999999999999944 ) ;
#481 = ORIENTED_EDGE ( 'NONE', *, *, #5587, .F. ) ;
#482 = LINE ( 'NONE', #1744, #2825 ) ;
#483 = LINE ( 'NONE', #2082, #413 ) ;
#484 = EDGE_LOOP ( 'NONE', ( #4548, #6257, #6215, #6336 ) ) ;
#485 = ADVANCED_FACE ( 'NONE', ( #6605 ), #4719, .T. ) ;
#486 = CARTESIAN_POINT ( 'NONE',  ( 2.419999999999999929, -1.534999999999999920, -0.1000000000000000056 ) ) ;
#487 = AXIS2_PLACEMENT_3D ( 'NONE', #2072, #2667, #2966 ) ;
#488 = CARTESIAN_POINT ( 'NONE',  ( -2.600000000000000089, -0.5000000000000000000, 0.5500000000000000444 ) ) ;
#489 = DIRECTION ( 'NONE',  ( -6.101831366007370336E-19, 1.000000000000000000, 4.336808689942019662E-19 ) ) ;
#490 = AXIS2_PLACEMENT_3D ( 'NONE', #2431, #1181, #5779 ) ;
#491 = CARTESIAN_POINT ( 'NONE',  ( 2.100000000000000089, -0.5742640687119289211, -1.474999999999999867 ) ) ;
#492 = EDGE_LOOP ( 'NONE', ( #7088, #4084, #3860, #4037 ) ) ;
#493 = CARTESIAN_POINT ( 'NONE',  ( -2.750000000000000000, -0.5000000000000000000, 1.149999999999999911 ) ) ;
#494 = AXIS2_PLACEMENT_3D ( 'NONE', #6660, #1071, #6278 ) ;
#495 = EDGE_LOOP ( 'NONE', ( #4887, #6544, #1121, #6060 ) ) ;
#496 = CIRCLE ( 'NONE', #5519, 0.05000000000000002359 ) ;
#497 = AXIS2_PLACEMENT_3D ( 'NONE', #6419, #226, #6475 ) ;
#498 = VECTOR ( 'NONE', #5370, 1000.000000000000000 ) ;
#499 = EDGE_LOOP ( 'NONE', ( #6859, #989, #3294, #1099 ) ) ;
#500 = CARTESIAN_POINT ( 'NONE',  ( 1.207690296114370287, -0.5742640687119289211, 1.042309703885625938 ) ) ;
#501 = CARTESIAN_POINT ( 'NONE',  ( 2.550000000000000266, -2.050000000000000266, 2.000000000000000000 ) ) ;
#502 = CARTESIAN_POINT ( 'NONE',  ( 2.449999999999999734, -0.09000000000000921152, 0.1524999999999999967 ) ) ;
#503 = EDGE_CURVE ( 'NONE', #1808, #552, #2007, .T. ) ;
#504 = ORIENTED_EDGE ( 'NONE', *, *, #1425, .F. ) ;
#505 = LINE ( 'NONE', #6466, #538 ) ;
#506 = VERTEX_POINT ( 'NONE', #6768 ) ;
#507 = EDGE_CURVE ( 'NONE', #5190, #7297, #7198, .T. ) ;
#508 = AXIS2_PLACEMENT_3D ( 'NONE', #4913, #5469, #5884 ) ;
#509 = CYLINDRICAL_SURFACE ( 'NONE', #6748, 0.04999999999999991257 ) ;
#510 = DIRECTION ( 'NONE',  ( 1.000000000000000000, 0.000000000000000000, 0.000000000000000000 ) ) ;
#511 = FACE_OUTER_BOUND ( 'NONE', #1544, .T. ) ;
#512 = ORIENTED_EDGE ( 'NONE', *, *, #3744, .T. ) ;
#513 = ORIENTED_EDGE ( 'NONE', *, *, #3968, .T. ) ;
#514 = DIRECTION ( 'NONE',  ( 0.000000000000000000, 0.000000000000000000, -1.000000000000000000 ) ) ;
#515 = CIRCLE ( 'NONE', #2992, 0.2000000000000000944 ) ;
#516 = CARTESIAN_POINT ( 'NONE',  ( -2.550000000000000266, -1.959999999999999964, 1.800000000000000044 ) ) ;
#517 = ORIENTED_EDGE ( 'NONE', *, *, #5163, .F. ) ;
#518 = TOROIDAL_SURFACE ( 'NONE', #2139, 0.2100000000000000200, 0.09000000000000001055 ) ;
#519 = EDGE_CURVE ( 'NONE', #1789, #6810, #6868, .T. ) ;
#520 = CARTESIAN_POINT ( 'NONE',  ( 2.550000000000000266, -2.000000000000000000, 1.571132486540520068 ) ) ;
#521 = VECTOR ( 'NONE', #6531, 1000.000000000000000 ) ;
#522 = ORIENTED_EDGE ( 'NONE', *, *, #4402, .F. ) ;
#523 = CARTESIAN_POINT ( 'NONE',  ( -2.550000000000000266, -2.000000000000000000, -1.600000000000000089 ) ) ;
#524 = CARTESIAN_POINT ( 'NONE',  ( 2.419999999999999929, -1.080000000000000071, 3.547279386957479980E-19 ) ) ;
#525 = EDGE_CURVE ( 'NONE', #5753, #3705, #4756, .T. ) ;
#526 = AXIS2_PLACEMENT_3D ( 'NONE', #1000, #1551, #6585 ) ;
#527 = ORIENTED_EDGE ( 'NONE', *, *, #7200, .F. ) ;
#528 = VECTOR ( 'NONE', #2399, 1000.000000000000000 ) ;
#529 = DIRECTION ( 'NONE',  ( 0.000000000000000000, 0.000000000000000000, 1.000000000000000000 ) ) ;
#530 = CYLINDRICAL_SURFACE ( 'NONE', #4728, 0.05000000000000002359 ) ;
#531 = VERTEX_POINT ( 'NONE', #2222 ) ;
#532 = DIRECTION ( 'NONE',  ( 1.000000000000000000, 0.000000000000000000, 0.000000000000000000 ) ) ;
#533 = DIRECTION ( 'NONE',  ( -0.8320502943378470517, 0.4803844614152570358, -0.2773500981126124643 ) ) ;
#534 = EDGE_CURVE ( 'NONE', #4735, #4213, #7157, .T. ) ;
#535 = DIRECTION ( 'NONE',  ( 0.000000000000000000, 0.000000000000000000, 1.000000000000000000 ) ) ;
#536 = ORIENTED_EDGE ( 'NONE', *, *, #1772, .F. ) ;
#537 = DIRECTION ( 'NONE',  ( -6.101831366007379966E-19, 1.000000000000000000, 2.172741153660949900E-16 ) ) ;
#538 = VECTOR ( 'NONE', #4734, 1000.000000000000000 ) ;
#539 = ORIENTED_EDGE ( 'NONE', *, *, #594, .F. ) ;
#540 = AXIS2_PLACEMENT_3D ( 'NONE', #804, #1460, #2040 ) ;
#541 = CIRCLE ( 'NONE', #3041, 0.05000000000000012768 ) ;
#542 = ORIENTED_EDGE ( 'NONE', *, *, #1592, .F. ) ;
#543 = CARTESIAN_POINT ( 'NONE',  ( -2.449999999999999734, -8.632959798415829056E-15, 0.1524999999999999967 ) ) ;
#544 = ADVANCED_FACE ( 'NONE', ( #4592 ), #2292, .T. ) ;
#545 = DIRECTION ( 'NONE',  ( 1.000000000000000000, 0.000000000000000000, 0.000000000000000000 ) ) ;
#546 = DIRECTION ( 'NONE',  ( 1.000000000000000000, 6.101831366007240336E-19, 1.734723475976804976E-18 ) ) ;
#547 = CARTESIAN_POINT ( 'NONE',  ( 2.569999999999999840, -1.080000000000000071, -0.2500000000000000000 ) ) ;
#548 = CARTESIAN_POINT ( 'NONE',  ( 2.569999999999999840, -1.525000000000000133, -0.1000000000000000056 ) ) ;
#549 = CARTESIAN_POINT ( 'NONE',  ( -2.550000000000000266, 0.8400000000000000799, 2.000000000000000000 ) ) ;
#550 = ORIENTED_EDGE ( 'NONE', *, *, #4712, .F. ) ;
#551 = CARTESIAN_POINT ( 'NONE',  ( -1.011546881485386074, -2.034082127681959840, -1.619677325591734940 ) ) ;
#552 = VERTEX_POINT ( 'NONE', #3929 ) ;
#553 = CIRCLE ( 'NONE', #5178, 0.05000000000000012768 ) ;
#554 = DIRECTION ( 'NONE',  ( 0.000000000000000000, 0.000000000000000000, -1.000000000000000000 ) ) ;
#555 = PRODUCT_RELATED_PRODUCT_CATEGORY ( 'part', '', ( #3455 ) ) ;
#556 = VECTOR ( 'NONE', #4019, 1000.000000000000000 ) ;
#557 = ORIENTED_EDGE ( 'NONE', *, *, #5331, .T. ) ;
#558 = CARTESIAN_POINT ( 'NONE',  ( 1.750000000000000000, -2.160000000000000142, -1.270000000000000018 ) ) ;
#559 = DIRECTION ( 'NONE',  ( 0.000000000000000000, 1.000000000000000000, 0.000000000000000000 ) ) ;
#560 = CARTESIAN_POINT ( 'NONE',  ( 2.500000000000000000, -3.861077027627485059, -0.3331145985333595072 ) ) ;
#561 = EDGE_LOOP ( 'NONE', ( #1559, #2268, #4003, #84 ) ) ;
#562 = DIRECTION ( 'NONE',  ( -1.000000000000000000, -7.228014483236700500E-16, 0.000000000000000000 ) ) ;
#563 = CARTESIAN_POINT ( 'NONE',  ( -2.620000000000000107, -1.534999999999999920, 0.1000000000000000056 ) ) ;
#564 = VERTEX_POINT ( 'NONE', #2891 ) ;
#565 = AXIS2_PLACEMENT_3D ( 'NONE', #3523, #2299, #2402 ) ;
#566 = DIRECTION ( 'NONE',  ( 0.000000000000000000, -1.000000000000000000, 0.000000000000000000 ) ) ;
#567 = EDGE_CURVE ( 'NONE', #57, #6671, #4616, .T. ) ;
#568 = LINE ( 'NONE', #803, #437 ) ;
#569 = ORIENTED_EDGE ( 'NONE', *, *, #7322, .F. ) ;
#570 = AXIS2_PLACEMENT_3D ( 'NONE', #1514, #1103, #1642 ) ;
#571 = CARTESIAN_POINT ( 'NONE',  ( 2.620000000000000107, -0.5000000000000000000, -0.2999999999999999889 ) ) ;
#572 = CARTESIAN_POINT ( 'NONE',  ( -2.569999999999999840, -0.3499999999999999778, -0.2000000000000000111 ) ) ;
#573 = ORIENTED_EDGE ( 'NONE', *, *, #4582, .T. ) ;
#574 = ORIENTED_EDGE ( 'NONE', *, *, #2333, .T. ) ;
#575 = VECTOR ( 'NONE', #3976, 1000.000000000000000 ) ;
#576 = ORIENTED_EDGE ( 'NONE', *, *, #1608, .T. ) ;
#577 = LINE ( 'NONE', #738, #794 ) ;
#578 = AXIS2_PLACEMENT_3D ( 'NONE', #3538, #3215, #4097 ) ;
#579 = CARTESIAN_POINT ( 'NONE',  ( -2.569999999999999840, -0.5000000000000000000, 0.2999999999999999889 ) ) ;
#580 = VECTOR ( 'NONE', #649, 1000.000000000000000 ) ;
#581 = ORIENTED_EDGE ( 'NONE', *, *, #691, .F. ) ;
#582 = EDGE_CURVE ( 'NONE', #5437, #6160, #7107, .T. ) ;
#583 = DIRECTION ( 'NONE',  ( 0.000000000000000000, 0.000000000000000000, -1.000000000000000000 ) ) ;
#584 = AXIS2_PLACEMENT_3D ( 'NONE', #6072, #6573, #1447 ) ;
#585 = CARTESIAN_POINT ( 'NONE',  ( 2.050000000000000266, 0.8400000000000000799, -2.000000000000000000 ) ) ;
#586 = ORIENTED_EDGE ( 'NONE', *, *, #3987, .T. ) ;
#587 = CARTESIAN_POINT ( 'NONE',  ( 2.419999999999999929, -1.080000000000000071, -0.2500000000000000000 ) ) ;
#588 = ORIENTED_EDGE ( 'NONE', *, *, #3408, .T. ) ;
#589 = LINE ( 'NONE', #410, #5635 ) ;
#590 = DIRECTION ( 'NONE',  ( 1.000000000000000000, 0.000000000000000000, 0.000000000000000000 ) ) ;
#591 = ORIENTED_EDGE ( 'NONE', *, *, #1158, .F. ) ;
#592 = ADVANCED_FACE ( 'NONE', ( #4665 ), #4471, .F. ) ;
#593 = VECTOR ( 'NONE', #2583, 1000.000000000000227 ) ;
#594 = EDGE_CURVE ( 'NONE', #6795, #5543, #7078, .T. ) ;
#595 = ORIENTED_EDGE ( 'NONE', *, *, #6363, .F. ) ;
#596 = CARTESIAN_POINT ( 'NONE',  ( 2.564000000000000057, -1.080000000000000071, 0.5020000000000000018 ) ) ;
#597 = CARTESIAN_POINT ( 'NONE',  ( -2.750000000000000000, -1.283000000000000140, 0.1524999999999999967 ) ) ;
#598 = EDGE_CURVE ( 'NONE', #1863, #5920, #7125, .T. ) ;
#599 = AXIS2_PLACEMENT_3D ( 'NONE', #3664, #3610, #7175 ) ;
#600 = DIRECTION ( 'NONE',  ( -1.000000000000000000, 0.000000000000000000, 0.000000000000000000 ) ) ;
#601 = CARTESIAN_POINT ( 'NONE',  ( 2.540662314108554920, 0.000000000000000000, -0.8747882480930969651 ) ) ;
#602 = ORIENTED_EDGE ( 'NONE', *, *, #4971, .F. ) ;
#603 = CARTESIAN_POINT ( 'NONE',  ( 2.249685491090618772, -1.999999997253069761, -1.589433752106618636 ) ) ;
#604 = VERTEX_POINT ( 'NONE', #4500 ) ;
#605 = VECTOR ( 'NONE', #920, 1000.000000000000000 ) ;
#606 = CARTESIAN_POINT ( 'NONE',  ( 2.750000000000000000, -0.3000000000000104805, -0.1524999999999999967 ) ) ;
#607 = TOROIDAL_SURFACE ( 'NONE', #7011, 0.2100000000000000200, 0.09000000000000001055 ) ;
#608 = VERTEX_POINT ( 'NONE', #6872 ) ;
#609 = ADVANCED_FACE ( 'NONE', ( #4460 ), #2308, .T. ) ;
#610 = CARTESIAN_POINT ( 'NONE',  ( -2.550000000000000266, -0.5000000000000000000, 0.5400000000000000355 ) ) ;
#611 = EDGE_CURVE ( 'NONE', #4485, #4532, #2278, .T. ) ;
#612 = DIRECTION ( 'NONE',  ( 0.000000000000000000, 0.000000000000000000, 1.000000000000000000 ) ) ;
#613 = ORIENTED_EDGE ( 'NONE', *, *, #3186, .F. ) ;
#614 = CARTESIAN_POINT ( 'NONE',  ( 2.550000000000000266, -2.000000000000000000, -1.657735026918965016 ) ) ;
#615 = VECTOR ( 'NONE', #3271, 1000.000000000000000 ) ;
#616 = CARTESIAN_POINT ( 'NONE',  ( -1.050000000000000044, -2.024999999999999911, -1.614433756729739988 ) ) ;
#617 = ORIENTED_EDGE ( 'NONE', *, *, #3567, .F. ) ;
#618 = EDGE_CURVE ( 'NONE', #3386, #5325, #2192, .T. ) ;
#619 = ORIENTED_EDGE ( 'NONE', *, *, #707, .T. ) ;
#620 = DIRECTION ( 'NONE',  ( 0.000000000000000000, 0.000000000000000000, 1.000000000000000000 ) ) ;
#621 = DIRECTION ( 'NONE',  ( -6.101831366007370336E-19, 1.000000000000000000, 4.336808689942019662E-19 ) ) ;
#622 = EDGE_CURVE ( 'NONE', #1676, #2440, #4746, .T. ) ;
#623 = ORIENTED_EDGE ( 'NONE', *, *, #5741, .F. ) ;
#624 = CIRCLE ( 'NONE', #5566, 0.1999999999999999833 ) ;
#625 = VERTEX_POINT ( 'NONE', #5193 ) ;
#626 = FACE_OUTER_BOUND ( 'NONE', #2403, .T. ) ;
#627 = CARTESIAN_POINT ( 'NONE',  ( -1.152281832492419777, -1.934665756794919922, -1.533360748657534911 ) ) ;
#628 = CARTESIAN_POINT ( 'NONE',  ( 2.620000000000000107, -1.324999999999999956, -0.1000000000000000056 ) ) ;
#629 = CIRCLE ( 'NONE', #1503, 0.2000000000000000111 ) ;
#630 = VERTEX_POINT ( 'NONE', #3975 ) ;
#631 = DIRECTION ( 'NONE',  ( -0.9976467198374248113, 0.05937816768998638306, 0.03428200109979979288 ) ) ;
#632 = DIRECTION ( 'NONE',  ( 0.000000000000000000, 0.000000000000000000, -1.000000000000000000 ) ) ;
#633 = AXIS2_PLACEMENT_3D ( 'NONE', #1448, #3414, #4464 ) ;
#634 = AXIS2_PLACEMENT_3D ( 'NONE', #2830, #4866, #6044 ) ;
#635 = CARTESIAN_POINT ( 'NONE',  ( -2.550000000000000266, -0.2000000000000000111, -1.149999999999999911 ) ) ;
#636 = DIRECTION ( 'NONE',  ( 0.000000000000000000, 0.000000000000000000, -1.000000000000000000 ) ) ;
#637 = DIRECTION ( 'NONE',  ( 0.000000000000000000, -4.336808689942014847E-19, 1.000000000000000000 ) ) ;
#638 = EDGE_LOOP ( 'NONE', ( #6308, #924, #752, #1010 ) ) ;
#639 = CARTESIAN_POINT ( 'NONE',  ( 1.750000000000000000, -2.160000000000000142, 1.270000000000000018 ) ) ;
#640 = CIRCLE ( 'NONE', #3792, 0.1999999999999999833 ) ;
#641 = DIRECTION ( 'NONE',  ( 0.000000000000000000, 0.000000000000000000, 1.000000000000000000 ) ) ;
#642 = ORIENTED_EDGE ( 'NONE', *, *, #2519, .F. ) ;
#643 = LINE ( 'NONE', #7244, #753 ) ;
#644 = VECTOR ( 'NONE', #2631, 1000.000000000000000 ) ;
#645 = ORIENTED_EDGE ( 'NONE', *, *, #5518, .T. ) ;
#646 = CARTESIAN_POINT ( 'NONE',  ( -2.449999999999999734, -0.09000000000000871192, 0.1524999999999999967 ) ) ;
#647 = AXIS2_PLACEMENT_3D ( 'NONE', #6652, #1115, #3343 ) ;
#648 = LINE ( 'NONE', #4924, #3323 ) ;
#649 = DIRECTION ( 'NONE',  ( 1.734723475976804976E-18, 4.336808689942014847E-19, -1.000000000000000000 ) ) ;
#650 = DIRECTION ( 'NONE',  ( 0.000000000000000000, 0.000000000000000000, 1.000000000000000000 ) ) ;
#651 = CIRCLE ( 'NONE', #2090, 0.08999999999999980238 ) ;
#652 = DIRECTION ( 'NONE',  ( 6.101831366007370336E-19, -1.000000000000000000, -4.336808689942019662E-19 ) ) ;
#653 = VERTEX_POINT ( 'NONE', #4071 ) ;
#654 = CIRCLE ( 'NONE', #3648, 0.2100000000000000200 ) ;
#655 = ADVANCED_FACE ( 'NONE', ( #6856 ), #3314, .F. ) ;
#656 = DIRECTION ( 'NONE',  ( -0.000000000000000000, 1.000000000000000000, 0.000000000000000000 ) ) ;
#657 = VECTOR ( 'NONE', #3989, 1000.000000000000000 ) ;
#658 = ORIENTED_EDGE ( 'NONE', *, *, #3775, .F. ) ;
#659 = FACE_OUTER_BOUND ( 'NONE', #3483, .T. ) ;
#660 = DIRECTION ( 'NONE',  ( 0.000000000000000000, 4.336808689941541068E-19, -1.000000000000000000 ) ) ;
#661 = EDGE_CURVE ( 'NONE', #777, #6262, #2218, .T. ) ;
#662 = CARTESIAN_POINT ( 'NONE',  ( -2.600000000000000089, -0.5000000000000000000, 1.800000000000000044 ) ) ;
#663 = STYLED_ITEM ( 'NONE', ( #1504 ), #4275 ) ;
#664 = ORIENTED_EDGE ( 'NONE', *, *, #6998, .F. ) ;
#665 = CIRCLE ( 'NONE', #4167, 0.1499999999999999944 ) ;
#666 = DIRECTION ( 'NONE',  ( 0.000000000000000000, 1.000000000000000000, 0.000000000000000000 ) ) ;
#667 = CIRCLE ( 'NONE', #4717, 0.2479999999999999982 ) ;
#668 = EDGE_LOOP ( 'NONE', ( #3389, #2297, #2445, #2670 ) ) ;
#669 = CARTESIAN_POINT ( 'NONE',  ( 2.449999999999999734, -0.3000000000000089817, 0.1524999999999999967 ) ) ;
#670 = ADVANCED_FACE ( 'NONE', ( #4436 ), #6919, .F. ) ;
#671 = CARTESIAN_POINT ( 'NONE',  ( 0.9366047978434740573, -2.050000000000000266, -1.608110732719294944 ) ) ;
#672 = DIRECTION ( 'NONE',  ( -1.734723475976804976E-18, -4.336808689942014847E-19, 1.000000000000000000 ) ) ;
#673 = AXIS2_PLACEMENT_3D ( 'NONE', #2281, #5041, #2756 ) ;
#674 = CYLINDRICAL_SURFACE ( 'NONE', #404, 0.04999999999999991257 ) ;
#675 = VERTEX_POINT ( 'NONE', #5834 ) ;
#676 = EDGE_CURVE ( 'NONE', #2895, #3018, #7210, .T. ) ;
#677 = CYLINDRICAL_SURFACE ( 'NONE', #445, 0.04999999999999992645 ) ;
#678 = CARTESIAN_POINT ( 'NONE',  ( 1.162006473417547925, -1.985333032421400024, -1.533796995401334851 ) ) ;
#679 = FACE_OUTER_BOUND ( 'NONE', #2050, .T. ) ;
#680 = ORIENTED_EDGE ( 'NONE', *, *, #3052, .F. ) ;
#681 = DIRECTION ( 'NONE',  ( -1.000000000000000000, 0.000000000000000000, 0.000000000000000000 ) ) ;
#682 = DIRECTION ( 'NONE',  ( 0.000000000000000000, 0.000000000000000000, 1.000000000000000000 ) ) ;
#683 = VECTOR ( 'NONE', #2234, 1000.000000000000000 ) ;
#684 = DIRECTION ( 'NONE',  ( -6.101831366007370336E-19, 1.000000000000000000, 4.336808689942019662E-19 ) ) ;
#685 = CARTESIAN_POINT ( 'NONE',  ( -2.600000000000000089, -0.5000000000000000000, -0.9499999999999999556 ) ) ;
#686 = DIRECTION ( 'NONE',  ( 1.000000000000000000, 0.000000000000000000, 0.000000000000000000 ) ) ;
#687 = EDGE_CURVE ( 'NONE', #1220, #6661, #4643, .T. ) ;
#688 = CYLINDRICAL_SURFACE ( 'NONE', #2566, 0.2000000000000000944 ) ;
#689 = CARTESIAN_POINT ( 'NONE',  ( -0.9751829634902239308, -2.050000000000000266, 1.646933713039665070 ) ) ;
#690 = ORIENTED_EDGE ( 'NONE', *, *, #775, .T. ) ;
#691 = EDGE_CURVE ( 'NONE', #3839, #4369, #4449, .T. ) ;
#692 = VECTOR ( 'NONE', #2023, 1000.000000000000000 ) ;
#693 = ORIENTED_EDGE ( 'NONE', *, *, #3636, .T. ) ;
#694 = CARTESIAN_POINT ( 'NONE',  ( -2.419999999999999929, -0.5000000000000000000, 0.000000000000000000 ) ) ;
#695 = PLANE ( 'NONE',  #6514 ) ;
#696 = VECTOR ( 'NONE', #4372, 1000.000000000000000 ) ;
#697 = CARTESIAN_POINT ( 'NONE',  ( -2.605999999999999872, -0.5000000000000000000, -0.3479999999999999760 ) ) ;
#698 = EDGE_CURVE ( 'NONE', #6865, #2550, #2021, .T. ) ;
#699 = DIRECTION ( 'NONE',  ( 0.000000000000000000, 0.000000000000000000, -1.000000000000000000 ) ) ;
#700 = DIRECTION ( 'NONE',  ( 1.000000000000000000, 0.000000000000000000, 0.000000000000000000 ) ) ;
#701 = AXIS2_PLACEMENT_3D ( 'NONE', #5479, #3050, #4339 ) ;
#702 = FACE_OUTER_BOUND ( 'NONE', #1611, .T. ) ;
#703 =( LENGTH_UNIT ( ) NAMED_UNIT ( * ) SI_UNIT ( .MILLI., .METRE. ) );
#704 = VERTEX_POINT ( 'NONE', #6381 ) ;
#705 = CIRCLE ( 'NONE', #897, 0.05000000000000002359 ) ;
#706 = CARTESIAN_POINT ( 'NONE',  ( 2.750000000000000000, -2.160000000000000142, 0.5400000000000000355 ) ) ;
#707 = EDGE_CURVE ( 'NONE', #1250, #3221, #4577, .T. ) ;
#708 = FACE_OUTER_BOUND ( 'NONE', #5478, .T. ) ;
#709 = ORIENTED_EDGE ( 'NONE', *, *, #3902, .T. ) ;
#710 = DIRECTION ( 'NONE',  ( 0.000000000000000000, 0.000000000000000000, 1.000000000000000000 ) ) ;
#711 = CARTESIAN_POINT ( 'NONE',  ( -2.620000000000000107, 0.4227724399837060054, -0.2999999999999999889 ) ) ;
#712 = EDGE_CURVE ( 'NONE', #279, #4164, #1983, .T. ) ;
#713 = LINE ( 'NONE', #4739, #3079 ) ;
#714 = DIRECTION ( 'NONE',  ( 1.000000000000000000, 0.000000000000000000, 0.000000000000000000 ) ) ;
#715 = CARTESIAN_POINT ( 'NONE',  ( 2.550000000000000266, -1.324999999999999956, -0.5500000000000000444 ) ) ;
#716 = AXIS2_PLACEMENT_3D ( 'NONE', #3108, #725, #305 ) ;
#717 = ORIENTED_EDGE ( 'NONE', *, *, #4516, .T. ) ;
#718 = AXIS2_PLACEMENT_3D ( 'NONE', #6641, #3037, #2537 ) ;
#719 = LINE ( 'NONE', #3498, #3179 ) ;
#720 = CARTESIAN_POINT ( 'NONE',  ( -2.550000000000000266, -2.000000000000000000, -1.571132486540520068 ) ) ;
#721 = ORIENTED_EDGE ( 'NONE', *, *, #4987, .T. ) ;
#722 = CARTESIAN_POINT ( 'NONE',  ( 2.600000000000000089, -1.324999999999999956, -0.1000000000000000056 ) ) ;
#723 = DIRECTION ( 'NONE',  ( 0.000000000000000000, 0.000000000000000000, -1.000000000000000000 ) ) ;
#724 = FACE_OUTER_BOUND ( 'NONE', #2461, .T. ) ;
#725 = DIRECTION ( 'NONE',  ( 0.000000000000000000, -1.000000000000000000, 0.000000000000000000 ) ) ;
#726 = CYLINDRICAL_SURFACE ( 'NONE', #584, 0.04999999999999999584 ) ;
#727 = ORIENTED_EDGE ( 'NONE', *, *, #5965, .F. ) ;
#728 = VECTOR ( 'NONE', #5115, 1000.000000000000000 ) ;
#729 = DIRECTION ( 'NONE',  ( 0.000000000000000000, 0.000000000000000000, -1.000000000000000000 ) ) ;
#730 = LINE ( 'NONE', #694, #3193 ) ;
#731 = ORIENTED_EDGE ( 'NONE', *, *, #1666, .T. ) ;
#732 = ADVANCED_FACE ( 'NONE', ( #1994 ), #1840, .F. ) ;
#733 = CARTESIAN_POINT ( 'NONE',  ( 2.419999999999999929, -1.080000000000000071, -0.3099999999999999978 ) ) ;
#734 = CARTESIAN_POINT ( 'NONE',  ( 0.000000000000000000, 0.000000000000000000, 0.000000000000000000 ) ) ;
#735 = VECTOR ( 'NONE', #5653, 1000.000000000000000 ) ;
#736 = CARTESIAN_POINT ( 'NONE',  ( -2.750000000000000000, -0.3000000000000099254, 0.1524999999999999967 ) ) ;
#737 = LINE ( 'NONE', #2805, #575 ) ;
#738 = CARTESIAN_POINT ( 'NONE',  ( -2.600000000000000089, -2.010000000000000231, -1.270000000000000018 ) ) ;
#739 = ORIENTED_EDGE ( 'NONE', *, *, #2933, .F. ) ;
#740 = CIRCLE ( 'NONE', #7007, 0.04999999999999999584 ) ;
#741 = EDGE_CURVE ( 'NONE', #4778, #3078, #2319, .T. ) ;
#742 = LINE ( 'NONE', #2859, #5727 ) ;
#743 = ORIENTED_EDGE ( 'NONE', *, *, #5366, .F. ) ;
#744 = DIRECTION ( 'NONE',  ( 1.000000000000000000, -2.602085213965215059E-14, -8.673617379884051249E-15 ) ) ;
#745 = CARTESIAN_POINT ( 'NONE',  ( 1.137006473417549790, -1.942031762232174996, -1.533796995401334851 ) ) ;
#746 = FACE_OUTER_BOUND ( 'NONE', #2486, .T. ) ;
#747 = DIRECTION ( 'NONE',  ( -1.000000000000000000, 0.000000000000000000, 0.000000000000000000 ) ) ;
#748 = CARTESIAN_POINT ( 'NONE',  ( -2.550000000000000266, -1.324999999999999956, -0.5500000000000000444 ) ) ;
#749 = CARTESIAN_POINT ( 'NONE',  ( 2.449999999999999734, -0.09000000000000921152, 0.1524999999999999967 ) ) ;
#750 = FACE_OUTER_BOUND ( 'NONE', #3689, .T. ) ;
#751 = DIRECTION ( 'NONE',  ( 0.000000000000000000, 0.000000000000000000, -1.000000000000000000 ) ) ;
#752 = ORIENTED_EDGE ( 'NONE', *, *, #3690, .F. ) ;
#753 = VECTOR ( 'NONE', #3399, 1000.000000000000000 ) ;
#754 = AXIS2_PLACEMENT_3D ( 'NONE', #2005, #2604, #349 ) ;
#755 = DIRECTION ( 'NONE',  ( 0.000000000000000000, 0.000000000000000000, -1.000000000000000000 ) ) ;
#756 = CYLINDRICAL_SURFACE ( 'NONE', #6647, 0.05000000000000002359 ) ;
#757 = ORIENTED_EDGE ( 'NONE', *, *, #3887, .T. ) ;
#758 = EDGE_CURVE ( 'NONE', #996, #564, #7028, .T. ) ;
#759 = LINE ( 'NONE', #3418, #837 ) ;
#760 = AXIS2_PLACEMENT_3D ( 'NONE', #4409, #4459, #3412 ) ;
#761 = CARTESIAN_POINT ( 'NONE',  ( 2.100000000000000089, -0.5742640687119289211, 1.625000000000000000 ) ) ;
#762 = LINE ( 'NONE', #3356, #3044 ) ;
#763 = SURFACE_STYLE_USAGE ( .BOTH. , #6981 ) ;
#764 = DIRECTION ( 'NONE',  ( 0.000000000000000000, 0.000000000000000000, -1.000000000000000000 ) ) ;
#765 = DIRECTION ( 'NONE',  ( 0.000000000000000000, 0.000000000000000000, 1.000000000000000000 ) ) ;
#766 = ORIENTED_EDGE ( 'NONE', *, *, #7101, .T. ) ;
#767 = CARTESIAN_POINT ( 'NONE',  ( 2.249999999999994227, -1.999999999999997780, 1.571098492380589962 ) ) ;
#768 = DIRECTION ( 'NONE',  ( -6.101831366007370336E-19, 1.000000000000000000, 4.336808689942320107E-19 ) ) ;
#769 = CIRCLE ( 'NONE', #5689, 0.2479999999999999982 ) ;
#770 = EDGE_CURVE ( 'NONE', #3468, #1296, #2249, .T. ) ;
#771 = ORIENTED_EDGE ( 'NONE', *, *, #1070, .F. ) ;
#772 = CARTESIAN_POINT ( 'NONE',  ( 2.249999999999999556, -1.999999999999997780, -1.571098492380589962 ) ) ;
#773 = DIRECTION ( 'NONE',  ( -1.000000000000000000, 0.000000000000000000, 0.000000000000000000 ) ) ;
#774 = CARTESIAN_POINT ( 'NONE',  ( 2.600000000000000089, -1.959999999999999964, 1.270000000000000018 ) ) ;
#775 = EDGE_CURVE ( 'NONE', #7337, #4936, #4655, .T. ) ;
#776 = DIRECTION ( 'NONE',  ( 0.000000000000000000, -1.000000000000000000, 0.000000000000000000 ) ) ;
#777 = VERTEX_POINT ( 'NONE', #5800 ) ;
#778 = CIRCLE ( 'NONE', #6972, 0.2000000000000000944 ) ;
#779 = ORIENTED_EDGE ( 'NONE', *, *, #507, .F. ) ;
#780 = FACE_OUTER_BOUND ( 'NONE', #6433, .T. ) ;
#781 = ADVANCED_FACE ( 'NONE', ( #4769 ), #4663, .T. ) ;
#782 = CARTESIAN_POINT ( 'NONE',  ( 2.050000000000000266, 0.8400000000000000799, 2.500000000000000000 ) ) ;
#783 = VECTOR ( 'NONE', #3458, 1000.000000000000000 ) ;
#784 = ORIENTED_EDGE ( 'NONE', *, *, #7059, .F. ) ;
#785 = CARTESIAN_POINT ( 'NONE',  ( 0.9532517576274182058, -2.050000000000000266, 1.614209147894819507 ) ) ;
#786 = CYLINDRICAL_SURFACE ( 'NONE', #2315, 0.04999999999999991257 ) ;
#787 = DIRECTION ( 'NONE',  ( 1.000000000000000000, 0.000000000000000000, 0.000000000000000000 ) ) ;
#788 = SURFACE_STYLE_USAGE ( .BOTH. , #1708 ) ;
#789 = EDGE_CURVE ( 'NONE', #6912, #4841, #1957, .T. ) ;
#790 = EDGE_LOOP ( 'NONE', ( #5417, #4328, #6796, #6535 ) ) ;
#791 = FACE_OUTER_BOUND ( 'NONE', #2311, .T. ) ;
#792 = CARTESIAN_POINT ( 'NONE',  ( 2.100000000000000089, -0.1499999999999999944, 1.474999999999999867 ) ) ;
#793 = ORIENTED_EDGE ( 'NONE', *, *, #687, .T. ) ;
#794 = VECTOR ( 'NONE', #2976, 1000.000000000000000 ) ;
#795 = AXIS2_PLACEMENT_3D ( 'NONE', #4420, #1097, #6122 ) ;
#796 = EDGE_CURVE ( 'NONE', #6020, #4874, #7171, .T. ) ;
#797 = CYLINDRICAL_SURFACE ( 'NONE', #6042, 0.05000000000000014155 ) ;
#798 = ORIENTED_EDGE ( 'NONE', *, *, #4357, .T. ) ;
#799 = ADVANCED_FACE ( 'NONE', ( #7182 ), #1255, .F. ) ;
#800 = AXIS2_PLACEMENT_3D ( 'NONE', #332, #6081, #2633 ) ;
#801 = DIRECTION ( 'NONE',  ( 0.000000000000000000, -1.000000000000000000, 0.000000000000000000 ) ) ;
#802 = CIRCLE ( 'NONE', #6994, 0.2100000000000000200 ) ;
#803 = CARTESIAN_POINT ( 'NONE',  ( 2.600000000000000089, -2.010000000000000231, 1.149999999999999911 ) ) ;
#804 = CARTESIAN_POINT ( 'NONE',  ( 2.550000000000000266, -0.2000000000000000111, -1.800000000000000044 ) ) ;
#805 = VECTOR ( 'NONE', #6824, 1000.000000000000000 ) ;
#806 = VERTEX_POINT ( 'NONE', #616 ) ;
#807 = EDGE_CURVE ( 'NONE', #4929, #6094, #4424, .T. ) ;
#808 = FACE_OUTER_BOUND ( 'NONE', #1264, .T. ) ;
#809 = DIRECTION ( 'NONE',  ( 1.000000000000000000, -7.221912651870689721E-16, 1.734723475976804976E-18 ) ) ;
#810 = DIRECTION ( 'NONE',  ( 1.000000000000000000, 6.101831366007240336E-19, 0.000000000000000000 ) ) ;
#811 = AXIS2_PLACEMENT_3D ( 'NONE', #3092, #6445, #3668 ) ;
#812 = EDGE_CURVE ( 'NONE', #6020, #7337, #4605, .T. ) ;
#813 = ORIENTED_EDGE ( 'NONE', *, *, #5859, .F. ) ;
#814 = VECTOR ( 'NONE', #3147, 1000.000000000000000 ) ;
#815 = CARTESIAN_POINT ( 'NONE',  ( 2.600000000000000089, -1.361769230769231953, -1.420846153846154092 ) ) ;
#816 = CARTESIAN_POINT ( 'NONE',  ( -2.660000000000000142, -1.283000000000000140, -0.1524999999999999967 ) ) ;
#817 = CARTESIAN_POINT ( 'NONE',  ( -2.550000000000000266, -0.2000000000000000111, -1.800000000000000044 ) ) ;
#818 = DIRECTION ( 'NONE',  ( 1.734723475976799968E-18, 4.336808689942014847E-19, -1.000000000000000000 ) ) ;
#819 = DIRECTION ( 'NONE',  ( 0.000000000000000000, 0.000000000000000000, -1.000000000000000000 ) ) ;
#820 = ORIENTED_EDGE ( 'NONE', *, *, #5128, .T. ) ;
#821 = LINE ( 'NONE', #2367, #3122 ) ;
#822 = CARTESIAN_POINT ( 'NONE',  ( -2.449999999999999734, -0.1800000000000085143, 0.1524999999999999967 ) ) ;
#823 = AXIS2_PLACEMENT_3D ( 'NONE', #5167, #5534, #1702 ) ;
#824 = FACE_OUTER_BOUND ( 'NONE', #3492, .T. ) ;
#825 = ORIENTED_EDGE ( 'NONE', *, *, #6513, .T. ) ;
#826 = CARTESIAN_POINT ( 'NONE',  ( 2.600000000000000089, -0.2000000000000000111, 1.800000000000000044 ) ) ;
#827 = CIRCLE ( 'NONE', #95, 0.1999999999999999833 ) ;
#828 = B_SPLINE_CURVE_WITH_KNOTS ( 'NONE', 3,
 ( #5182, #1663, #4013, #5731, #7295, #6281 ),
 .UNSPECIFIED., .F., .F.,
 ( 4, 2, 4 ),
 ( 0.000000000000000000, 0.5000000000000000000, 1.000000000000000000 ),
 .UNSPECIFIED. ) ;
#829 = CARTESIAN_POINT ( 'NONE',  ( 2.419999999999999929, -0.5000000000000000000, 6.062628427123850093E-19 ) ) ;
#830 = DIRECTION ( 'NONE',  ( 1.000000000000000000, 6.101831366007240336E-19, 1.734723475976804976E-18 ) ) ;
#831 = AXIS2_PLACEMENT_3D ( 'NONE', #7156, #5092, #2228 ) ;
#832 = VECTOR ( 'NONE', #6214, 1000.000000000000000 ) ;
#833 = ORIENTED_EDGE ( 'NONE', *, *, #6208, .F. ) ;
#834 = LINE ( 'NONE', #3970, #3296 ) ;
#835 = VERTEX_POINT ( 'NONE', #108 ) ;
#836 = APPLICATION_CONTEXT ( 'automotive_design' ) ;
#837 = VECTOR ( 'NONE', #6124, 1000.000000000000114 ) ;
#838 = DIRECTION ( 'NONE',  ( 0.000000000000000000, 0.000000000000000000, 1.000000000000000000 ) ) ;
#839 = CARTESIAN_POINT ( 'NONE',  ( -2.600000000000000089, -1.564718210309564927, -1.270000000000000018 ) ) ;
#840 = AXIS2_PLACEMENT_3D ( 'NONE', #587, #2379, #5127 ) ;
#841 = EDGE_CURVE ( 'NONE', #3700, #2582, #7054, .T. ) ;
#842 =( GEOMETRIC_REPRESENTATION_CONTEXT ( 3 ) GLOBAL_UNCERTAINTY_ASSIGNED_CONTEXT ( ( #4002 ) ) GLOBAL_UNIT_ASSIGNED_CONTEXT ( ( #703, #6384, #6969 ) ) REPRESENTATION_CONTEXT ( 'NONE', 'WORKASPACE' ) );
#843 = ORIENTED_EDGE ( 'NONE', *, *, #2655, .T. ) ;
#844 = LINE ( 'NONE', #4160, #3450 ) ;
#845 = ADVANCED_FACE ( 'NONE', ( #7064 ), #7317, .F. ) ;
#846 = DIRECTION ( 'NONE',  ( -3.492091521979735616E-15, 1.000000000000000000, 4.336808689941955143E-19 ) ) ;
#847 = LINE ( 'NONE', #3941, #3330 ) ;
#848 = AXIS2_PLACEMENT_3D ( 'NONE', #6670, #3268, #5090 ) ;
#849 = ORIENTED_EDGE ( 'NONE', *, *, #2484, .F. ) ;
#850 = DIRECTION ( 'NONE',  ( -1.000000000000000000, 0.000000000000000000, 0.000000000000000000 ) ) ;
#851 = CIRCLE ( 'NONE', #1261, 0.05000000000000002359 ) ;
#852 = CARTESIAN_POINT ( 'NONE',  ( -2.569999999999999840, -1.283000000000000140, 0.1524999999999999967 ) ) ;
#853 = ADVANCED_FACE ( 'NONE', ( #7361 ), #6837, .T. ) ;
#854 = AXIS2_PLACEMENT_3D ( 'NONE', #7180, #3614, #4179 ) ;
#855 = ORIENTED_EDGE ( 'NONE', *, *, #354, .T. ) ;
#856 = VECTOR ( 'NONE', #566, 1000.000000000000000 ) ;
#857 = CARTESIAN_POINT ( 'NONE',  ( 2.569999999999999840, -1.324999999999999956, 0.2999999999999999889 ) ) ;
#858 = AXIS2_PLACEMENT_3D ( 'NONE', #191, #6923, #700 ) ;
#859 = ORIENTED_EDGE ( 'NONE', *, *, #6400, .F. ) ;
#860 = AXIS2_PLACEMENT_3D ( 'NONE', #4893, #3842, #7052 ) ;
#861 = VECTOR ( 'NONE', #3761, 1000.000000000000000 ) ;
#862 = DIRECTION ( 'NONE',  ( -1.734723475976804976E-18, -4.336808689942014847E-19, 1.000000000000000000 ) ) ;
#863 = DIRECTION ( 'NONE',  ( 0.000000000000000000, 0.000000000000000000, 1.000000000000000000 ) ) ;
#864 = LINE ( 'NONE', #1880, #3320 ) ;
#865 = ORIENTED_EDGE ( 'NONE', *, *, #2107, .T. ) ;
#866 = ADVANCED_FACE ( 'NONE', ( #33 ), #2485, .F. ) ;
#867 = TOROIDAL_SURFACE ( 'NONE', #5583, 0.4400000000000000022, 0.2000000000000000111 ) ;
#868 = CARTESIAN_POINT ( 'NONE',  ( 1.750000000000000000, -2.160000000000000142, -1.270000000000000018 ) ) ;
#869 = DIRECTION ( 'NONE',  ( 3.492091521979735616E-15, -1.000000000000000000, -4.336808689941955143E-19 ) ) ;
#870 = PLANE ( 'NONE',  #3161 ) ;
#871 = PRODUCT_DEFINITION_SHAPE ( 'NONE', 'NONE',  #7365 ) ;
#872 = ORIENTED_EDGE ( 'NONE', *, *, #5141, .F. ) ;
#873 = EDGE_CURVE ( 'NONE', #1726, #6849, #111, .T. ) ;
#874 = COLOUR_RGB ( '',0.7294117647058823151, 0.3568627450980392246, 0.02352941176470588203 ) ;
#875 = DIRECTION ( 'NONE',  ( 0.000000000000000000, 1.000000000000000000, 0.000000000000000000 ) ) ;
#876 = DIRECTION ( 'NONE',  ( 0.000000000000000000, -0.8660254037844384856, 0.5000000000000003331 ) ) ;
#877 = ORIENTED_EDGE ( 'NONE', *, *, #1711, .T. ) ;
#878 = EDGE_CURVE ( 'NONE', #3435, #1726, #4860, .T. ) ;
#879 = CARTESIAN_POINT ( 'NONE',  ( 2.620000000000000107, -2.010000000000000231, -0.3099999999999999978 ) ) ;
#880 = LINE ( 'NONE', #5101, #3207 ) ;
#881 = ORIENTED_EDGE ( 'NONE', *, *, #1649, .T. ) ;
#882 = CARTESIAN_POINT ( 'NONE',  ( -2.250000000000000000, -0.1800000000000085143, 0.1524999999999999967 ) ) ;
#883 = PLANE ( 'NONE',  #3519 ) ;
#884 = FACE_OUTER_BOUND ( 'NONE', #1975, .T. ) ;
#885 = CARTESIAN_POINT ( 'NONE',  ( -2.550000000000000266, -1.324999999999999956, -0.1000000000000000056 ) ) ;
#886 = CARTESIAN_POINT ( 'NONE',  ( -2.050000000000000266, -2.050000000000000266, 2.500000000000000000 ) ) ;
#887 = VECTOR ( 'NONE', #1331, 1000.000000000000000 ) ;
#888 = ORIENTED_EDGE ( 'NONE', *, *, #525, .F. ) ;
#889 = CYLINDRICAL_SURFACE ( 'NONE', #540, 0.05000000000000012768 ) ;
#890 = EDGE_CURVE ( 'NONE', #6870, #3402, #4798, .T. ) ;
#891 = VERTEX_POINT ( 'NONE', #4870 ) ;
#892 = DIRECTION ( 'NONE',  ( 6.101831366007370336E-19, -1.000000000000000000, -4.336808689942019662E-19 ) ) ;
#893 = APPLICATION_PROTOCOL_DEFINITION ( 'draft international standard', 'automotive_design', 1998, #4249 ) ;
#894 = CIRCLE ( 'NONE', #5414, 0.2000000000000000389 ) ;
#895 = CARTESIAN_POINT ( 'NONE',  ( -2.550000000000000266, -0.2000000000000000111, 1.800000000000000044 ) ) ;
#896 = DIRECTION ( 'NONE',  ( 0.000000000000000000, 0.000000000000000000, 1.000000000000000000 ) ) ;
#897 = AXIS2_PLACEMENT_3D ( 'NONE', #2432, #181, #5780 ) ;
#898 = EDGE_CURVE ( 'NONE', #4519, #4296, #7231, .T. ) ;
#899 = ORIENTED_EDGE ( 'NONE', *, *, #7228, .F. ) ;
#900 = AXIS2_PLACEMENT_3D ( 'NONE', #1412, #2531, #3658 ) ;
#901 = ORIENTED_EDGE ( 'NONE', *, *, #195, .T. ) ;
#902 = LINE ( 'NONE', #1365, #5561 ) ;
#903 = ORIENTED_EDGE ( 'NONE', *, *, #7008, .F. ) ;
#904 = FACE_OUTER_BOUND ( 'NONE', #2511, .T. ) ;
#905 = DIRECTION ( 'NONE',  ( 0.000000000000000000, 0.000000000000000000, 1.000000000000000000 ) ) ;
#906 = ORIENTED_EDGE ( 'NONE', *, *, #316, .F. ) ;
#907 = LINE ( 'NONE', #6085, #3532 ) ;
#908 = EDGE_CURVE ( 'NONE', #6860, #279, #2425, .T. ) ;
#909 = CARTESIAN_POINT ( 'NONE',  ( -2.550000000000000266, -2.168404344971009854E-16, 1.800000000000000044 ) ) ;
#910 = ORIENTED_EDGE ( 'NONE', *, *, #6732, .T. ) ;
#911 = LINE ( 'NONE', #1885, #861 ) ;
#912 = CARTESIAN_POINT ( 'NONE',  ( -2.449999999999999734, -0.09000000000000871192, -0.2425000000000000211 ) ) ;
#913 = ADVANCED_FACE ( 'NONE', ( #4875 ), #2532, .F. ) ;
#914 = PRESENTATION_LAYER_ASSIGNMENT (  '', '', ( #2146 ) ) ;
#915 = CARTESIAN_POINT ( 'NONE',  ( 2.750000000000000000, -1.564718210309564927, 1.469999999999999973 ) ) ;
#916 = VERTEX_POINT ( 'NONE', #252 ) ;
#917 = ORIENTED_EDGE ( 'NONE', *, *, #6986, .F. ) ;
#918 = AXIS2_PLACEMENT_3D ( 'NONE', #2261, #1484, #5582 ) ;
#919 = DIRECTION ( 'NONE',  ( -1.189320514533492517E-18, -0.5048833150379542500, 0.8631876031294042351 ) ) ;
#920 = DIRECTION ( 'NONE',  ( 1.000000000000000000, 0.000000000000000000, 0.000000000000000000 ) ) ;
#921 = CARTESIAN_POINT ( 'NONE',  ( -2.449999999999999734, -0.09000000000000871192, 0.1524999999999999967 ) ) ;
#922 = DIRECTION ( 'NONE',  ( 6.101831366007370336E-19, -1.000000000000000000, 0.000000000000000000 ) ) ;
#923 = CARTESIAN_POINT ( 'NONE',  ( 2.250000000000000000, -2.050000000000000266, 1.571132486540520068 ) ) ;
#924 = ORIENTED_EDGE ( 'NONE', *, *, #1178, .F. ) ;
#925 = CIRCLE ( 'NONE', #4635, 0.04999999999999991257 ) ;
#926 = DIRECTION ( 'NONE',  ( -1.000000000000000000, 0.000000000000000000, 0.000000000000000000 ) ) ;
#927 = ORIENTED_EDGE ( 'NONE', *, *, #6498, .T. ) ;
#928 = CARTESIAN_POINT ( 'NONE',  ( -1.039866934926165998, -1.978063503184335215, 1.529599930739435010 ) ) ;
#929 = ADVANCED_FACE ( 'NONE', ( #2387 ), #5013, .F. ) ;
#930 = EDGE_LOOP ( 'NONE', ( #6454, #4055, #2772, #6744, #5266, #6663, #1553, #5292, #6682, #1566, #327, #1589, #4284, #5394, #6386, #4355, #6330, #462, #1450, #1489, #6971, #3136 ) ) ;
#931 = CARTESIAN_POINT ( 'NONE',  ( 2.050000000000000266, 0.8400000000000000799, 2.000000000000000000 ) ) ;
#932 = CARTESIAN_POINT ( 'NONE',  ( 2.569999999999999840, -1.283000000000000140, 0.1524999999999999967 ) ) ;
#933 = ORIENTED_EDGE ( 'NONE', *, *, #6140, .F. ) ;
#934 = FACE_OUTER_BOUND ( 'NONE', #4030, .T. ) ;
#935 = CARTESIAN_POINT ( 'NONE',  ( -0.9366025403784440373, -2.050000000000000266, -1.592264973081039869 ) ) ;
#936 = CARTESIAN_POINT ( 'NONE',  ( -2.550000000000000266, -2.050000000000000266, 1.657735026918965016 ) ) ;
#937 = ORIENTED_EDGE ( 'NONE', *, *, #106, .F. ) ;
#938 = EDGE_CURVE ( 'NONE', #2465, #6556, #4938, .T. ) ;
#939 =( REPRESENTATION_RELATIONSHIP ('NONE','NONE', #4045, #433 ) REPRESENTATION_RELATIONSHIP_WITH_TRANSFORMATION ( #1764 )SHAPE_REPRESENTATION_RELATIONSHIP( ) );
#940 = ORIENTED_EDGE ( 'NONE', *, *, #1208, .F. ) ;
#941 = AXIS2_PLACEMENT_3D ( 'NONE', #2776, #2302, #4378 ) ;
#942 = DIRECTION ( 'NONE',  ( 0.000000000000000000, 4.336808689941541068E-19, -1.000000000000000000 ) ) ;
#943 = CARTESIAN_POINT ( 'NONE',  ( -2.540662314108554920, 0.000000000000000000, 0.8747882480931009619 ) ) ;
#944 = CIRCLE ( 'NONE', #570, 0.5000000000000000000 ) ;
#945 = VERTEX_POINT ( 'NONE', #4922 ) ;
#946 = CYLINDRICAL_SURFACE ( 'NONE', #3478, 0.08999999999999980238 ) ;
#947 = CARTESIAN_POINT ( 'NONE',  ( 1.750000000000000000, 0.7399999999999999911, 1.699999999999999956 ) ) ;
#948 = EDGE_CURVE ( 'NONE', #1400, #6671, #2361, .T. ) ;
#949 = ORIENTED_EDGE ( 'NONE', *, *, #5832, .F. ) ;
#950 = ORIENTED_EDGE ( 'NONE', *, *, #3433, .T. ) ;
#951 = CARTESIAN_POINT ( 'NONE',  ( -2.250000000000004441, -1.999999999999997780, -1.571098492380589962 ) ) ;
#952 = AXIS2_PLACEMENT_3D ( 'NONE', #2206, #5681, #1709 ) ;
#953 = CARTESIAN_POINT ( 'NONE',  ( -2.564000000000000057, -1.324999999999999956, -0.5020000000000000018 ) ) ;
#954 = ORIENTED_EDGE ( 'NONE', *, *, #5559, .F. ) ;
#955 = VECTOR ( 'NONE', #2682, 1000.000000000000227 ) ;
#956 = CARTESIAN_POINT ( 'NONE',  ( -2.564000000000000057, -0.5000000000000000000, -0.5020000000000000018 ) ) ;
#957 = DIRECTION ( 'NONE',  ( 0.000000000000000000, 0.000000000000000000, 1.000000000000000000 ) ) ;
#958 = ORIENTED_EDGE ( 'NONE', *, *, #6645, .F. ) ;
#959 = EDGE_CURVE ( 'NONE', #1863, #1858, #4810, .T. ) ;
#960 = ORIENTED_EDGE ( 'NONE', *, *, #7257, .T. ) ;
#961 = CARTESIAN_POINT ( 'NONE',  ( 2.050000000000000266, -2.050000000000000266, 2.500000000000000000 ) ) ;
#962 = CARTESIAN_POINT ( 'NONE',  ( 2.605999999999999872, -1.324999999999999956, -0.1000000000000000056 ) ) ;
#963 = EDGE_CURVE ( 'NONE', #7080, #1738, #7272, .T. ) ;
#964 = CIRCLE ( 'NONE', #5299, 0.1999999999999999833 ) ;
#965 = DIRECTION ( 'NONE',  ( 0.000000000000000000, 4.336808689942014847E-19, -1.000000000000000000 ) ) ;
#966 = DIRECTION ( 'NONE',  ( 6.101831366007370336E-19, -1.000000000000000000, 0.000000000000000000 ) ) ;
#967 = ORIENTED_EDGE ( 'NONE', *, *, #2577, .T. ) ;
#968 = LINE ( 'NONE', #2418, #3307 ) ;
#969 = ADVANCED_FACE ( 'NONE', ( #4902 ), #6601, .F. ) ;
#970 = DIRECTION ( 'NONE',  ( 3.492091521979735616E-15, -1.000000000000000000, 0.000000000000000000 ) ) ;
#971 = ORIENTED_EDGE ( 'NONE', *, *, #3830, .F. ) ;
#972 = CARTESIAN_POINT ( 'NONE',  ( 2.359337685891444547, -2.000000000000000000, -0.3852117519068984919 ) ) ;
#973 = AXIS2_PLACEMENT_3D ( 'NONE', #298, #4871, #876 ) ;
#974 = CARTESIAN_POINT ( 'NONE',  ( 2.750000000000000000, -0.2000000000000000111, -1.149999999999999911 ) ) ;
#975 = VERTEX_POINT ( 'NONE', #5477 ) ;
#976 = DIRECTION ( 'NONE',  ( -1.734723475976804976E-18, 0.000000000000000000, 1.000000000000000000 ) ) ;
#977 = CARTESIAN_POINT ( 'NONE',  ( 1.775000000000000133, -2.168404344971009854E-16, 1.149999999999999911 ) ) ;
#978 = EDGE_CURVE ( 'NONE', #7080, #4405, #7246, .T. ) ;
#979 = CYLINDRICAL_SURFACE ( 'NONE', #3597, 0.5000000000000000000 ) ;
#980 = ORIENTED_EDGE ( 'NONE', *, *, #316, .T. ) ;
#981 = DIRECTION ( 'NONE',  ( 0.000000000000000000, -1.000000000000000000, 0.000000000000000000 ) ) ;
#982 = CARTESIAN_POINT ( 'NONE',  ( -2.250000000000000000, -2.000000000000000000, -1.657735026918965016 ) ) ;
#983 = EDGE_CURVE ( 'NONE', #4135, #1117, #7219, .T. ) ;
#984 = ORIENTED_EDGE ( 'NONE', *, *, #3474, .T. ) ;
#985 = ADVANCED_FACE ( 'NONE', ( #4952, #4838 ), #2650, .F. ) ;
#986 = CARTESIAN_POINT ( 'NONE',  ( 2.419999999999999929, -1.080000000000000071, 0.2500000000000000000 ) ) ;
#987 = MANIFOLD_SOLID_BREP ( 'NONE', #6672 ) ;
#988 =( LENGTH_UNIT ( ) NAMED_UNIT ( * ) SI_UNIT ( .MILLI., .METRE. ) );
#989 = ORIENTED_EDGE ( 'NONE', *, *, #6189, .F. ) ;
#990 = AXIS2_PLACEMENT_3D ( 'NONE', #4432, #3288, #6688 ) ;
#991 = AXIS2_PLACEMENT_3D ( 'NONE', #5459, #5367, #5980 ) ;
#992 = DIRECTION ( 'NONE',  ( -8.673617379884051249E-15, 4.679935600060369434E-16, -1.000000000000000000 ) ) ;
#993 = FACE_OUTER_BOUND ( 'NONE', #1019, .T. ) ;
#994 = VERTEX_POINT ( 'NONE', #3776 ) ;
#995 = CARTESIAN_POINT ( 'NONE',  ( 2.750000000000000000, -1.283000000000000140, 0.1524999999999999967 ) ) ;
#996 = VERTEX_POINT ( 'NONE', #391 ) ;
#997 = CARTESIAN_POINT ( 'NONE',  ( 2.600000000000000089, -0.2000000000000000111, 1.149999999999999911 ) ) ;
#998 = EDGE_CURVE ( 'NONE', #1795, #3386, #4888, .T. ) ;
#999 = ORIENTED_EDGE ( 'NONE', *, *, #167, .F. ) ;
#1000 = CARTESIAN_POINT ( 'NONE',  ( -2.250000000000000000, -0.2999999999999999889, 0.9499999999999999556 ) ) ;
#1001 = DIRECTION ( 'NONE',  ( 0.000000000000000000, 0.000000000000000000, -1.000000000000000000 ) ) ;
#1002 = VECTOR ( 'NONE', #6538, 1000.000000000000000 ) ;
#1003 = DIRECTION ( 'NONE',  ( 0.000000000000000000, -0.5000000000000003331, 0.8660254037844384856 ) ) ;
#1004 = VERTEX_POINT ( 'NONE', #1382 ) ;
#1005 = ORIENTED_EDGE ( 'NONE', *, *, #4233, .F. ) ;
#1006 = COLOUR_RGB ( '',0.7294117647058823151, 0.3568627450980392246, 0.02352941176470588203 ) ;
#1007 = DIRECTION ( 'NONE',  ( 1.734723475976804976E-18, 3.388131789017199877E-16, -1.000000000000000000 ) ) ;
#1008 = CARTESIAN_POINT ( 'NONE',  ( -1.870190296114370154, -0.1499999999999999944, -1.245190296114374151 ) ) ;
#1009 = ORIENTED_EDGE ( 'NONE', *, *, #6426, .T. ) ;
#1010 = ORIENTED_EDGE ( 'NONE', *, *, #6140, .T. ) ;
#1011 = AXIS2_PLACEMENT_3D ( 'NONE', #6096, #6138, #1653 ) ;
#1012 = AXIS2_PLACEMENT_3D ( 'NONE', #6772, #5406, #4557 ) ;
#1013 = ADVANCED_FACE ( 'NONE', ( #7332 ), #4992, .T. ) ;
#1014 = FACE_OUTER_BOUND ( 'NONE', #561, .T. ) ;
#1015 = CARTESIAN_POINT ( 'NONE',  ( 2.100000000000000089, -0.5742640687119289211, -1.474999999999999867 ) ) ;
#1016 = ORIENTED_EDGE ( 'NONE', *, *, #5791, .F. ) ;
#1017 = ORIENTED_EDGE ( 'NONE', *, *, #5208, .F. ) ;
#1018 = DIRECTION ( 'NONE',  ( 1.000000000000000000, 0.000000000000000000, 0.000000000000000000 ) ) ;
#1019 = EDGE_LOOP ( 'NONE', ( #7098, #3313, #588, #3026, #4659, #557, #6995, #2093, #645, #4646, #4482, #4892, #4462, #595, #35, #3233, #4596, #6944, #771, #4814, #3144, #4591 ) ) ;
#1020 = ORIENTED_EDGE ( 'NONE', *, *, #5577, .T. ) ;
#1021 = DIRECTION ( 'NONE',  ( 1.000000000000000000, 0.000000000000000000, 0.000000000000000000 ) ) ;
#1022 = CARTESIAN_POINT ( 'NONE',  ( -2.569999999999999840, -1.283000000000000140, -0.1524999999999999967 ) ) ;
#1023 = VERTEX_POINT ( 'NONE', #296 ) ;
#1024 = CARTESIAN_POINT ( 'NONE',  ( -2.550000000000000266, -0.1499999999999999944, 1.149999999999999911 ) ) ;
#1025 = DIRECTION ( 'NONE',  ( -1.000000000000000000, 0.000000000000000000, 0.000000000000000000 ) ) ;
#1026 = STYLED_ITEM ( 'NONE', ( #2546 ), #987 ) ;
#1027 = LINE ( 'NONE', #5010, #3521 ) ;
#1028 = VERTEX_POINT ( 'NONE', #3911 ) ;
#1029 = EDGE_CURVE ( 'NONE', #2101, #675, #2464, .T. ) ;
#1030 = AXIS2_PLACEMENT_3D ( 'NONE', #211, #5756, #1846 ) ;
#1031 = VECTOR ( 'NONE', #2619, 1000.000000000000000 ) ;
#1032 = ADVANCED_FACE ( 'NONE', ( #2572 ), #2584, .F. ) ;
#1033 = VERTEX_POINT ( 'NONE', #3298 ) ;
#1034 = DIRECTION ( 'NONE',  ( 0.000000000000000000, 0.000000000000000000, -1.000000000000000000 ) ) ;
#1035 = CARTESIAN_POINT ( 'NONE',  ( -2.248513359643109943, -2.024999999999999911, 1.614433756729739988 ) ) ;
#1036 = DIRECTION ( 'NONE',  ( -1.000000000000000000, 0.000000000000000000, 0.000000000000000000 ) ) ;
#1037 = EDGE_LOOP ( 'NONE', ( #1085, #150, #3826, #613 ) ) ;
#1038 = DIRECTION ( 'NONE',  ( 0.000000000000000000, 0.000000000000000000, -1.000000000000000000 ) ) ;
#1039 = DIRECTION ( 'NONE',  ( 0.000000000000000000, 0.000000000000000000, 1.000000000000000000 ) ) ;
#1040 = VERTEX_POINT ( 'NONE', #3862 ) ;
#1041 = DIRECTION ( 'NONE',  ( -5.877471754111430533E-31, 2.710505431213765029E-16, 1.000000000000000000 ) ) ;
#1042 = AXIS2_PLACEMENT_3D ( 'NONE', #4276, #5431, #2645 ) ;
#1043 = VECTOR ( 'NONE', #3561, 1000.000000000000000 ) ;
#1044 = VERTEX_POINT ( 'NONE', #4050 ) ;
#1045 = VERTEX_POINT ( 'NONE', #1064 ) ;
#1046 = CARTESIAN_POINT ( 'NONE',  ( 2.569999999999999840, -1.324999999999999956, -0.1000000000000000056 ) ) ;
#1047 = ORIENTED_EDGE ( 'NONE', *, *, #4761, .T. ) ;
#1048 = CARTESIAN_POINT ( 'NONE',  ( -2.359337685891444547, 0.000000000000000000, 0.3852117519068994911 ) ) ;
#1049 = ORIENTED_EDGE ( 'NONE', *, *, #80, .F. ) ;
#1050 = DIRECTION ( 'NONE',  ( -0.000000000000000000, 1.000000000000000000, 0.000000000000000000 ) ) ;
#1051 = CARTESIAN_POINT ( 'NONE',  ( 2.600000000000000089, -0.1499999999999999944, 1.800000000000000044 ) ) ;
#1052 = CARTESIAN_POINT ( 'NONE',  ( 2.600000000000000089, -2.010000000000000231, -0.5500000000000000444 ) ) ;
#1053 = ORIENTED_EDGE ( 'NONE', *, *, #2613, .F. ) ;
#1054 = ORIENTED_EDGE ( 'NONE', *, *, #5259, .T. ) ;
#1055 = VECTOR ( 'NONE', #5655, 1000.000000000000000 ) ;
#1056 = CARTESIAN_POINT ( 'NONE',  ( -2.100000000000000089, -2.168404344971009854E-16, -1.625000000000000000 ) ) ;
#1057 = CARTESIAN_POINT ( 'NONE',  ( 2.550000000000000266, -1.324999999999999956, -0.5400000000000000355 ) ) ;
#1058 = EDGE_CURVE ( 'NONE', #6632, #2465, #19, .T. ) ;
#1059 = ORIENTED_EDGE ( 'NONE', *, *, #2401, .F. ) ;
#1060 = AXIS2_PLACEMENT_3D ( 'NONE', #2730, #6734, #2912 ) ;
#1061 = VERTEX_POINT ( 'NONE', #5020 ) ;
#1062 = EDGE_CURVE ( 'NONE', #1978, #3951, #5022, .T. ) ;
#1063 = FACE_OUTER_BOUND ( 'NONE', #2489, .T. ) ;
#1064 = CARTESIAN_POINT ( 'NONE',  ( -2.350000000000000089, 0.000000000000000000, 0.3331145985333605619 ) ) ;
#1065 = ORIENTED_EDGE ( 'NONE', *, *, #4032, .F. ) ;
#1066 = ORIENTED_EDGE ( 'NONE', *, *, #1058, .T. ) ;
#1067 = VECTOR ( 'NONE', #862, 1000.000000000000000 ) ;
#1068 = EDGE_LOOP ( 'NONE', ( #1934, #3375, #5785, #4174 ) ) ;
#1069 = DIRECTION ( 'NONE',  ( 0.000000000000000000, 0.000000000000000000, 1.000000000000000000 ) ) ;
#1070 = EDGE_CURVE ( 'NONE', #4129, #7324, #4781, .T. ) ;
#1071 = DIRECTION ( 'NONE',  ( 0.000000000000000000, 1.000000000000000000, 0.000000000000000000 ) ) ;
#1072 = EDGE_LOOP ( 'NONE', ( #7030, #3888, #6114, #2035, #6173 ) ) ;
#1073 = PLANE ( 'NONE',  #1183 ) ;
#1074 = CARTESIAN_POINT ( 'NONE',  ( 2.550000000000000266, -0.1499999999999999944, 1.800000000000000044 ) ) ;
#1075 = ADVANCED_FACE ( 'NONE', ( #2646 ), #5059, .F. ) ;
#1076 = AXIS2_PLACEMENT_3D ( 'NONE', #5622, #6178, #2980 ) ;
#1077 = CIRCLE ( 'NONE', #1541, 0.4020000000000000795 ) ;
#1078 = EDGE_CURVE ( 'NONE', #1230, #2896, #5095, .T. ) ;
#1079 = ORIENTED_EDGE ( 'NONE', *, *, #6075, .T. ) ;
#1080 = ORIENTED_EDGE ( 'NONE', *, *, #3192, .F. ) ;
#1081 = LINE ( 'NONE', #1418, #6176 ) ;
#1082 = DIRECTION ( 'NONE',  ( 0.000000000000000000, 0.000000000000000000, 1.000000000000000000 ) ) ;
#1083 = AXIS2_PLACEMENT_3D ( 'NONE', #428, #4329, #863 ) ;
#1084 = CARTESIAN_POINT ( 'NONE',  ( -2.750000000000000000, -0.5000000000000000000, 0.9499999999999999556 ) ) ;
#1085 = ORIENTED_EDGE ( 'NONE', *, *, #6368, .F. ) ;
#1086 = DIRECTION ( 'NONE',  ( 0.000000000000000000, 1.000000000000000000, 0.000000000000000000 ) ) ;
#1087 = PLANE ( 'NONE',  #848 ) ;
#1088 = ORIENTED_EDGE ( 'NONE', *, *, #4214, .T. ) ;
#1089 = CIRCLE ( 'NONE', #4847, 0.2000000000000000389 ) ;
#1090 = DIRECTION ( 'NONE',  ( 8.673617379884051249E-15, 4.679935600060349712E-16, -1.000000000000000000 ) ) ;
#1091 = ORIENTED_EDGE ( 'NONE', *, *, #3290, .T. ) ;
#1092 = LINE ( 'NONE', #3482, #5869 ) ;
#1093 = ADVANCED_FACE ( 'NONE', ( #5291 ), #5275, .T. ) ;
#1094 = AXIS2_PLACEMENT_3D ( 'NONE', #2029, #1147, #323 ) ;
#1095 = DIRECTION ( 'NONE',  ( -2.683418150707730077E-16, -4.336808689951329607E-19, 1.000000000000000000 ) ) ;
#1096 = ORIENTED_EDGE ( 'NONE', *, *, #174, .T. ) ;
#1097 = DIRECTION ( 'NONE',  ( 0.000000000000000000, 0.000000000000000000, 1.000000000000000000 ) ) ;
#1098 = PLANE ( 'NONE',  #4528 ) ;
#1099 = ORIENTED_EDGE ( 'NONE', *, *, #2761, .F. ) ;
#1100 = PLANE ( 'NONE',  #3463 ) ;
#1101 = DIRECTION ( 'NONE',  ( -1.000000000000000000, 0.000000000000000000, 0.000000000000000000 ) ) ;
#1102 = VECTOR ( 'NONE', #926, 1000.000000000000000 ) ;
#1103 = DIRECTION ( 'NONE',  ( 0.000000000000000000, 1.000000000000000000, 0.000000000000000000 ) ) ;
#1104 = ORIENTED_EDGE ( 'NONE', *, *, #2512, .F. ) ;
#1105 = ORIENTED_EDGE ( 'NONE', *, *, #3172, .F. ) ;
#1106 = LINE ( 'NONE', #912, #3598 ) ;
#1107 = CARTESIAN_POINT ( 'NONE',  ( 2.550000000000000266, -2.000000000000000000, -0.9268854014666360053 ) ) ;
#1108 = DIRECTION ( 'NONE',  ( 1.000000000000000000, 6.101831366007240336E-19, 1.734723475976804976E-18 ) ) ;
#1109 = EDGE_LOOP ( 'NONE', ( #405, #1917, #576, #1641, #3151, #5336, #3988, #4295, #5483, #4181, #6519, #6804, #5945, #573 ) ) ;
#1110 = ORIENTED_EDGE ( 'NONE', *, *, #4064, .F. ) ;
#1111 = EDGE_CURVE ( 'NONE', #4230, #4790, #5109, .T. ) ;
#1112 = ORIENTED_EDGE ( 'NONE', *, *, #5396, .T. ) ;
#1113 = AXIS2_PLACEMENT_3D ( 'NONE', #6873, #3840, #1039 ) ;
#1114 = FACE_OUTER_BOUND ( 'NONE', #3045, .T. ) ;
#1115 = DIRECTION ( 'NONE',  ( 0.000000000000000000, 1.000000000000000000, 0.000000000000000000 ) ) ;
#1116 = DIRECTION ( 'NONE',  ( 0.000000000000000000, 0.000000000000000000, 1.000000000000000000 ) ) ;
#1117 = VERTEX_POINT ( 'NONE', #2199 ) ;
#1118 = ORIENTED_EDGE ( 'NONE', *, *, #4704, .T. ) ;
#1119 = LINE ( 'NONE', #523, #3635 ) ;
#1120 = DIRECTION ( 'NONE',  ( -6.101831366007370336E-19, 1.000000000000000000, 4.336808689942014847E-19 ) ) ;
#1121 = ORIENTED_EDGE ( 'NONE', *, *, #4108, .T. ) ;
#1122 = CARTESIAN_POINT ( 'NONE',  ( -2.100000000000000089, -2.168404344971009854E-16, 1.474999999999999867 ) ) ;
#1123 = CARTESIAN_POINT ( 'NONE',  ( 2.564000000000000057, -1.727000000000000091, 0.1000000000000000056 ) ) ;
#1124 = ORIENTED_EDGE ( 'NONE', *, *, #582, .F. ) ;
#1125 = PLANE ( 'NONE',  #840 ) ;
#1126 = EDGE_CURVE ( 'NONE', #4220, #4738, #5248, .T. ) ;
#1127 = CARTESIAN_POINT ( 'NONE',  ( -2.419999999999999929, -1.080000000000000071, -0.2500000000000000000 ) ) ;
#1128 = AXIS2_PLACEMENT_3D ( 'NONE', #5355, #2471, #729 ) ;
#1129 = FACE_OUTER_BOUND ( 'NONE', #3675, .T. ) ;
#1130 = ORIENTED_EDGE ( 'NONE', *, *, #40, .T. ) ;
#1131 = ORIENTED_EDGE ( 'NONE', *, *, #6375, .F. ) ;
#1132 = FACE_OUTER_BOUND ( 'NONE', #3801, .T. ) ;
#1133 = CARTESIAN_POINT ( 'NONE',  ( 2.550000000000000266, -2.000000000000000000, 1.657735026918965016 ) ) ;
#1134 = CARTESIAN_POINT ( 'NONE',  ( -2.750000000000000000, -1.564718210309564927, -1.270000000000000018 ) ) ;
#1135 = CARTESIAN_POINT ( 'NONE',  ( -0.9627657542609119323, -2.044176141120590096, -1.607369094485574967 ) ) ;
#1136 = ORIENTED_EDGE ( 'NONE', *, *, #1167, .T. ) ;
#1137 = ORIENTED_EDGE ( 'NONE', *, *, #5241, .T. ) ;
#1138 = CARTESIAN_POINT ( 'NONE',  ( -2.550000000000000266, -0.2000000000000000111, 1.800000000000000044 ) ) ;
#1139 = EDGE_CURVE ( 'NONE', #4147, #2347, #5146, .T. ) ;
#1140 = CARTESIAN_POINT ( 'NONE',  ( -2.660000000000000142, -1.283000000000000140, 0.1524999999999999967 ) ) ;
#1141 = ORIENTED_EDGE ( 'NONE', *, *, #3433, .F. ) ;
#1142 = CARTESIAN_POINT ( 'NONE',  ( -0.9627657542609119323, -2.044176141120590096, -1.607369094485574967 ) ) ;
#1143 = EDGE_CURVE ( 'NONE', #3805, #2783, #2804, .T. ) ;
#1144 = AXIS2_PLACEMENT_3D ( 'NONE', #7119, #1556, #3710 ) ;
#1145 = ADVANCED_FACE ( 'NONE', ( #287 ), #2738, .T. ) ;
#1146 = VECTOR ( 'NONE', #6936, 1000.000000000000000 ) ;
#1147 = DIRECTION ( 'NONE',  ( 1.734723475976804976E-18, 4.336808689942014847E-19, -1.000000000000000000 ) ) ;
#1148 = ORIENTED_EDGE ( 'NONE', *, *, #3023, .F. ) ;
#1149 = VECTOR ( 'NONE', #3904, 1000.000000000000000 ) ;
#1150 = DIRECTION ( 'NONE',  ( 0.000000000000000000, 1.000000000000000000, 0.000000000000000000 ) ) ;
#1151 = ORIENTED_EDGE ( 'NONE', *, *, #2209, .F. ) ;
#1152 = CARTESIAN_POINT ( 'NONE',  ( 2.350000000000000089, -3.861077027627485059, -0.3600000000000000422 ) ) ;
#1153 = CARTESIAN_POINT ( 'NONE',  ( 2.682690296114369932, -0.5742640687119289211, -0.4326902961143724857 ) ) ;
#1154 = ORIENTED_EDGE ( 'NONE', *, *, #5866, .F. ) ;
#1155 = CARTESIAN_POINT ( 'NONE',  ( -1.050000000000000044, -2.050000000000000266, 1.657735026918965016 ) ) ;
#1156 = EDGE_CURVE ( 'NONE', #6476, #291, #2817, .T. ) ;
#1157 = DIRECTION ( 'NONE',  ( 1.000000000000000000, 6.101831366007240336E-19, 1.734723475976804976E-18 ) ) ;
#1158 = EDGE_CURVE ( 'NONE', #2680, #7080, #2671, .T. ) ;
#1159 = DIRECTION ( 'NONE',  ( 0.000000000000000000, 0.000000000000000000, -1.000000000000000000 ) ) ;
#1160 = AXIS2_PLACEMENT_3D ( 'NONE', #3484, #5058, #3853 ) ;
#1161 = ORIENTED_EDGE ( 'NONE', *, *, #5669, .T. ) ;
#1162 = FACE_OUTER_BOUND ( 'NONE', #1428, .T. ) ;
#1163 = DIRECTION ( 'NONE',  ( 6.101831366007370336E-19, -1.000000000000000000, 0.000000000000000000 ) ) ;
#1164 = ADVANCED_FACE ( 'NONE', ( #170 ), #21, .F. ) ;
#1165 = PLANE ( 'NONE',  #2961 ) ;
#1166 = EDGE_LOOP ( 'NONE', ( #7201, #5846, #1017, #550 ) ) ;
#1167 = EDGE_CURVE ( 'NONE', #1676, #6270, #2759, .T. ) ;
#1168 = EDGE_LOOP ( 'NONE', ( #3729, #1314, #1242, #1246 ) ) ;
#1169 = ORIENTED_EDGE ( 'NONE', *, *, #5965, .T. ) ;
#1170 = CYLINDRICAL_SURFACE ( 'NONE', #4945, 0.1999999999999999833 ) ;
#1171 = CARTESIAN_POINT ( 'NONE',  ( 1.775000000000000133, -0.2999999999999999889, -1.149999999999999911 ) ) ;
#1172 = CARTESIAN_POINT ( 'NONE',  ( 1.750000000000000000, 0.7399999999999999911, 1.699999999999999956 ) ) ;
#1173 = EDGE_LOOP ( 'NONE', ( #591, #5470, #3627, #6955 ) ) ;
#1174 = LINE ( 'NONE', #5157, #3765 ) ;
#1175 = CARTESIAN_POINT ( 'NONE',  ( -0.9366025403784440373, -2.050000000000000266, -1.592264973081039869 ) ) ;
#1176 = ORIENTED_EDGE ( 'NONE', *, *, #4342, .F. ) ;
#1177 = DIRECTION ( 'NONE',  ( 1.000000000000000000, 6.101831366007240336E-19, 1.734723475976804976E-18 ) ) ;
#1178 = EDGE_CURVE ( 'NONE', #2515, #6691, #5120, .T. ) ;
#1179 = DIRECTION ( 'NONE',  ( 0.000000000000000000, -1.000000000000000000, 2.710505431213766015E-16 ) ) ;
#1180 = ORIENTED_EDGE ( 'NONE', *, *, #2589, .T. ) ;
#1181 = DIRECTION ( 'NONE',  ( 0.000000000000000000, 0.000000000000000000, -1.000000000000000000 ) ) ;
#1182 = CARTESIAN_POINT ( 'NONE',  ( -2.564000000000000057, -1.727000000000000091, -0.1000000000000000056 ) ) ;
#1183 = AXIS2_PLACEMENT_3D ( 'NONE', #3785, #537, #6057 ) ;
#1184 = AXIS2_PLACEMENT_3D ( 'NONE', #3277, #6725, #3937 ) ;
#1185 = ORIENTED_EDGE ( 'NONE', *, *, #2826, .F. ) ;
#1186 = CIRCLE ( 'NONE', #1144, 0.04999999999999991257 ) ;
#1187 = DIRECTION ( 'NONE',  ( 0.000000000000000000, 0.000000000000000000, 1.000000000000000000 ) ) ;
#1188 = DIRECTION ( 'NONE',  ( 1.000000000000000000, 3.492091521979735616E-15, 1.734723475976809791E-18 ) ) ;
#1189 = VERTEX_POINT ( 'NONE', #6853 ) ;
#1190 = DIRECTION ( 'NONE',  ( 0.000000000000000000, 1.000000000000000000, 0.000000000000000000 ) ) ;
#1191 = ORIENTED_EDGE ( 'NONE', *, *, #6414, .T. ) ;
#1192 = CARTESIAN_POINT ( 'NONE',  ( 2.449999999999999734, -0.09000000000000921152, 0.2425000000000000211 ) ) ;
#1193 = CYLINDRICAL_SURFACE ( 'NONE', #1030, 0.08999999999999980238 ) ;
#1194 = ORIENTED_EDGE ( 'NONE', *, *, #2235, .T. ) ;
#1195 = LINE ( 'NONE', #4859, #1349 ) ;
#1196 = DIRECTION ( 'NONE',  ( -6.101831366007370336E-19, 1.000000000000000000, 0.000000000000000000 ) ) ;
#1197 = ORIENTED_EDGE ( 'NONE', *, *, #938, .F. ) ;
#1198 = DIRECTION ( 'NONE',  ( -1.000000000000000000, 0.000000000000000000, 0.000000000000000000 ) ) ;
#1199 = EDGE_LOOP ( 'NONE', ( #2977, #6649, #2952, #2748 ) ) ;
#1200 = CARTESIAN_POINT ( 'NONE',  ( 2.250000000000000000, -0.1800000000000090139, -0.1524999999999999967 ) ) ;
#1201 = CARTESIAN_POINT ( 'NONE',  ( 2.550000000000000266, -2.050000000000000266, 2.000000000000000000 ) ) ;
#1202 = PRESENTATION_LAYER_ASSIGNMENT (  '', '', ( #1026 ) ) ;
#1203 = ADVANCED_FACE ( 'NONE', ( #5171 ), #242, .F. ) ;
#1204 = AXIS2_PLACEMENT_3D ( 'NONE', #524, #1108, #5159 ) ;
#1205 = CIRCLE ( 'NONE', #56, 0.09000000000000001055 ) ;
#1206 = DIRECTION ( 'NONE',  ( -1.000000000000000000, 0.000000000000000000, 0.000000000000000000 ) ) ;
#1207 = VERTEX_POINT ( 'NONE', #4533 ) ;
#1208 = EDGE_CURVE ( 'NONE', #5533, #3341, #2681, .T. ) ;
#1209 = AXIS2_PLACEMENT_3D ( 'NONE', #3441, #5276, #3958 ) ;
#1210 = FACE_OUTER_BOUND ( 'NONE', #5455, .T. ) ;
#1211 = DIRECTION ( 'NONE',  ( 0.000000000000000000, 0.000000000000000000, 1.000000000000000000 ) ) ;
#1212 = CARTESIAN_POINT ( 'NONE',  ( 2.550000000000000266, -2.168404344971009854E-16, -1.800000000000000044 ) ) ;
#1213 = ORIENTED_EDGE ( 'NONE', *, *, #5633, .F. ) ;
#1214 = ORIENTED_EDGE ( 'NONE', *, *, #3545, .T. ) ;
#1215 = EDGE_CURVE ( 'NONE', #3386, #3697, #5134, .T. ) ;
#1216 = VECTOR ( 'NONE', #3199, 1000.000000000000000 ) ;
#1217 = DIRECTION ( 'NONE',  ( 0.000000000000000000, 0.000000000000000000, 1.000000000000000000 ) ) ;
#1218 = DIRECTION ( 'NONE',  ( -1.734723475976804976E-18, -1.058499011706437563E-36, 1.000000000000000000 ) ) ;
#1219 = CARTESIAN_POINT ( 'NONE',  ( -2.100000000000000089, -0.1499999999999999944, -1.474999999999999867 ) ) ;
#1220 = VERTEX_POINT ( 'NONE', #7285 ) ;
#1221 = VECTOR ( 'NONE', #426, 1000.000000000000000 ) ;
#1222 = ADVANCED_FACE ( 'NONE', ( #363 ), #435, .F. ) ;
#1223 = EDGE_CURVE ( 'NONE', #7144, #302, #254, .T. ) ;
#1224 = DIRECTION ( 'NONE',  ( -1.000000000000000000, 0.000000000000000000, 0.000000000000000000 ) ) ;
#1225 = DIRECTION ( 'NONE',  ( -1.000000000000000000, 0.000000000000000000, 0.000000000000000000 ) ) ;
#1226 = AXIS2_PLACEMENT_3D ( 'NONE', #1542, #2672, #942 ) ;
#1227 = ORIENTED_EDGE ( 'NONE', *, *, #6007, .F. ) ;
#1228 = CARTESIAN_POINT ( 'NONE',  ( 2.600000000000000089, -1.324999999999999956, -0.5500000000000000444 ) ) ;
#1229 = DIRECTION ( 'NONE',  ( -3.572108456023720042E-16, -4.336808689942019662E-19, 1.000000000000000000 ) ) ;
#1230 = VERTEX_POINT ( 'NONE', #4680 ) ;
#1231 = DIRECTION ( 'NONE',  ( -7.221912651870689721E-16, -1.000000000000000000, -4.336808689942030255E-19 ) ) ;
#1232 = AXIS2_PLACEMENT_3D ( 'NONE', #2549, #6978, #3095 ) ;
#1233 = CARTESIAN_POINT ( 'NONE',  ( 2.050000000000000266, -2.050000000000000266, 2.500000000000000000 ) ) ;
#1234 = LINE ( 'NONE', #3823, #1244 ) ;
#1235 = EDGE_LOOP ( 'NONE', ( #1505, #2693, #1834, #7220 ) ) ;
#1236 = EDGE_CURVE ( 'NONE', #6741, #6201, #218, .T. ) ;
#1237 = PLANE ( 'NONE',  #5177 ) ;
#1238 = EDGE_CURVE ( 'NONE', #1517, #5132, #2725, .T. ) ;
#1239 = ORIENTED_EDGE ( 'NONE', *, *, #6033, .F. ) ;
#1240 = AXIS2_PLACEMENT_3D ( 'NONE', #2639, #6089, #5940 ) ;
#1241 = DIRECTION ( 'NONE',  ( 0.000000000000000000, 0.000000000000000000, -1.000000000000000000 ) ) ;
#1242 = ORIENTED_EDGE ( 'NONE', *, *, #6451, .T. ) ;
#1243 = CARTESIAN_POINT ( 'NONE',  ( -0.9616025403785680714, -2.043301270189150198, -1.592264973080459889 ) ) ;
#1244 = VECTOR ( 'NONE', #6604, 1000.000000000000114 ) ;
#1245 = DIRECTION ( 'NONE',  ( 1.000000000000000000, 0.000000000000000000, 0.000000000000000000 ) ) ;
#1246 = ORIENTED_EDGE ( 'NONE', *, *, #2551, .T. ) ;
#1247 = TOROIDAL_SURFACE ( 'NONE', #1160, 0.4500000000000000111, 0.05000000000000000278 ) ;
#1248 = EDGE_CURVE ( 'NONE', #1044, #232, #2692, .T. ) ;
#1249 = CARTESIAN_POINT ( 'NONE',  ( -2.750000000000000000, -0.5000000000000000000, -0.9499999999999999556 ) ) ;
#1250 = VERTEX_POINT ( 'NONE', #7253 ) ;
#1251 = ORIENTED_EDGE ( 'NONE', *, *, #2689, .F. ) ;
#1252 = CARTESIAN_POINT ( 'NONE',  ( -1.750000000000000000, -2.010000000000000231, -1.270000000000000018 ) ) ;
#1253 = EDGE_CURVE ( 'NONE', #6016, #6378, #230, .T. ) ;
#1254 = ORIENTED_EDGE ( 'NONE', *, *, #4264, .F. ) ;
#1255 = PLANE ( 'NONE',  #565 ) ;
#1256 = EDGE_CURVE ( 'NONE', #7346, #7351, #2701, .T. ) ;
#1257 = DIRECTION ( 'NONE',  ( 0.000000000000000000, 1.000000000000000000, 0.000000000000000000 ) ) ;
#1258 = VERTEX_POINT ( 'NONE', #5864 ) ;
#1259 = LINE ( 'NONE', #4430, #3810 ) ;
#1260 = DIRECTION ( 'NONE',  ( 0.000000000000000000, 0.000000000000000000, 1.000000000000000000 ) ) ;
#1261 = AXIS2_PLACEMENT_3D ( 'NONE', #715, #1841, #3225 ) ;
#1262 = DIRECTION ( 'NONE',  ( 0.000000000000000000, -1.000000000000000000, 0.000000000000000000 ) ) ;
#1263 = DIRECTION ( 'NONE',  ( 0.000000000000000000, 1.000000000000000000, 0.000000000000000000 ) ) ;
#1264 = EDGE_LOOP ( 'NONE', ( #4351, #2109, #3470, #4206, #820, #6068, #766, #6571, #4427 ) ) ;
#1265 = VERTEX_POINT ( 'NONE', #6111 ) ;
#1266 = EDGE_CURVE ( 'NONE', #7033, #4164, #2610, .T. ) ;
#1267 = ADVANCED_FACE ( 'NONE', ( #161 ), #2070, .F. ) ;
#1268 = LINE ( 'NONE', #6051, #1216 ) ;
#1269 = CARTESIAN_POINT ( 'NONE',  ( 1.162006473417547925, -1.985333032421400024, -1.533796995401334851 ) ) ;
#1270 = ORIENTED_EDGE ( 'NONE', *, *, #2816, .T. ) ;
#1271 = AXIS2_PLACEMENT_3D ( 'NONE', #4777, #6992, #5351 ) ;
#1272 = EDGE_CURVE ( 'NONE', #604, #4437, #5158, .T. ) ;
#1273 = CARTESIAN_POINT ( 'NONE',  ( 2.419999999999999929, -0.5000000000000000000, 0.3099999999999999978 ) ) ;
#1274 =( LENGTH_UNIT ( ) NAMED_UNIT ( * ) SI_UNIT ( .MILLI., .METRE. ) );
#1275 = AXIS2_PLACEMENT_3D ( 'NONE', #2836, #3398, #686 ) ;
#1276 = EDGE_LOOP ( 'NONE', ( #4732, #2884, #2774, #2481, #280 ) ) ;
#1277 = DIRECTION ( 'NONE',  ( 0.7071067811865480168, 7.381233169927239851E-19, -0.7071067811865470176 ) ) ;
#1278 = VERTEX_POINT ( 'NONE', #3882 ) ;
#1279 = DIRECTION ( 'NONE',  ( -0.3473143558235926576, 0.000000000000000000, 0.9377487607237041667 ) ) ;
#1280 = CARTESIAN_POINT ( 'NONE',  ( 2.750000000000000000, -0.2999999999999999889, -1.149999999999999911 ) ) ;
#1281 = VECTOR ( 'NONE', #5106, 1000.000000000000000 ) ;
#1282 = ORIENTED_EDGE ( 'NONE', *, *, #5463, .T. ) ;
#1283 = CYLINDRICAL_SURFACE ( 'NONE', #508, 0.1499999999999999667 ) ;
#1284 = DIRECTION ( 'NONE',  ( 1.000000000000000000, 0.000000000000000000, 0.000000000000000000 ) ) ;
#1285 = ADVANCED_FACE ( 'NONE', ( #2713 ), #5072, .F. ) ;
#1286 = CARTESIAN_POINT ( 'NONE',  ( -2.600000000000000089, -2.930681697612735004, 1.261488063660475945 ) ) ;
#1287 = DIRECTION ( 'NONE',  ( -1.000000000000000000, -6.101831366007240336E-19, -1.734723475976804976E-18 ) ) ;
#1288 = DIRECTION ( 'NONE',  ( 1.000000000000000000, 6.101831366007240336E-19, 1.734723475976804976E-18 ) ) ;
#1289 = ORIENTED_EDGE ( 'NONE', *, *, #2775, .T. ) ;
#1290 = PLANE ( 'NONE',  #1621 ) ;
#1291 = FACE_OUTER_BOUND ( 'NONE', #2632, .T. ) ;
#1292 = DIRECTION ( 'NONE',  ( 0.000000000000000000, 0.000000000000000000, 1.000000000000000000 ) ) ;
#1293 = ORIENTED_EDGE ( 'NONE', *, *, #1856, .T. ) ;
#1294 = LINE ( 'NONE', #2590, #6210 ) ;
#1295 = AXIS2_PLACEMENT_3D ( 'NONE', #6886, #3942, #1638 ) ;
#1296 = VERTEX_POINT ( 'NONE', #5087 ) ;
#1297 = EDGE_CURVE ( 'NONE', #3132, #4485, #5084, .T. ) ;
#1298 = CARTESIAN_POINT ( 'NONE',  ( 2.250000000000000000, -0.4500000000000000111, -0.2999999999999999889 ) ) ;
#1299 = AXIS2_PLACEMENT_3D ( 'NONE', #4682, #3393, #5723 ) ;
#1300 = CARTESIAN_POINT ( 'NONE',  ( -2.419999999999999929, -0.4500000000000000111, 0.2500000000000000000 ) ) ;
#1301 = AXIS2_PLACEMENT_3D ( 'NONE', #635, #4684, #2375 ) ;
#1302 = CARTESIAN_POINT ( 'NONE',  ( -2.250000000000000000, -0.2999999999999999889, -0.9499999999999999556 ) ) ;
#1303 = ORIENTED_EDGE ( 'NONE', *, *, #2458, .T. ) ;
#1304 = FACE_OUTER_BOUND ( 'NONE', #2074, .T. ) ;
#1305 = CARTESIAN_POINT ( 'NONE',  ( -2.600000000000000089, -1.324999999999999956, 0.5500000000000000444 ) ) ;
#1306 = CARTESIAN_POINT ( 'NONE',  ( 0.9366025403784420389, -2.050000000000000266, -1.592264973079964729 ) ) ;
#1307 = CARTESIAN_POINT ( 'NONE',  ( 2.550000000000000266, -1.324999999999999956, 0.1000000000000000056 ) ) ;
#1308 = AXIS2_PLACEMENT_3D ( 'NONE', #2098, #6443, #3139 ) ;
#1309 = ORIENTED_EDGE ( 'NONE', *, *, #1078, .T. ) ;
#1310 = AXIS2_PLACEMENT_3D ( 'NONE', #215, #773, #4190 ) ;
#1311 = VECTOR ( 'NONE', #6353, 1000.000000000000000 ) ;
#1312 = DIRECTION ( 'NONE',  ( -1.000000000000000000, 0.000000000000000000, 0.000000000000000000 ) ) ;
#1313 = CARTESIAN_POINT ( 'NONE',  ( -1.965380592228744838, -0.5742640687119289211, 1.149999999999999911 ) ) ;
#1314 = ORIENTED_EDGE ( 'NONE', *, *, #1111, .T. ) ;
#1315 = LINE ( 'NONE', #4271, #1221 ) ;
#1316 = DIRECTION ( 'NONE',  ( -6.101831366007370336E-19, 1.000000000000000000, 4.336808689942019662E-19 ) ) ;
#1317 = ORIENTED_EDGE ( 'NONE', *, *, #4891, .F. ) ;
#1318 = CARTESIAN_POINT ( 'NONE',  ( 0.000000000000000000, 0.000000000000000000, 0.000000000000000000 ) ) ;
#1319 = DIRECTION ( 'NONE',  ( 0.000000000000000000, -2.168404344971010101E-16, -1.000000000000000000 ) ) ;
#1320 = ORIENTED_EDGE ( 'NONE', *, *, #5222, .T. ) ;
#1321 = DIRECTION ( 'NONE',  ( -1.000000000000000000, 0.000000000000000000, 0.000000000000000000 ) ) ;
#1322 = ADVANCED_FACE ( 'NONE', ( #2734 ), #5212, .T. ) ;
#1323 = EDGE_CURVE ( 'NONE', #1004, #1429, #299, .T. ) ;
#1324 = LINE ( 'NONE', #7190, #3569 ) ;
#1325 = EDGE_LOOP ( 'NONE', ( #2151, #522, #3194, #6831, #2161, #4863 ) ) ;
#1326 = CIRCLE ( 'NONE', #3803, 0.08999999999999999667 ) ;
#1327 = CARTESIAN_POINT ( 'NONE',  ( -2.419999999999999929, -0.2999999999999999889, -0.2000000000000000111 ) ) ;
#1328 = CARTESIAN_POINT ( 'NONE',  ( 2.750000000000000000, -0.3000000000000099254, 0.1524999999999999967 ) ) ;
#1329 = CARTESIAN_POINT ( 'NONE',  ( 2.600000000000000089, -1.139999999999999902, -1.800000000000000044 ) ) ;
#1330 = ORIENTED_EDGE ( 'NONE', *, *, #5407, .T. ) ;
#1331 = DIRECTION ( 'NONE',  ( -1.000000000000000000, 0.000000000000000000, 0.000000000000000000 ) ) ;
#1332 = DIRECTION ( 'NONE',  ( 0.000000000000000000, 0.000000000000000000, -1.000000000000000000 ) ) ;
#1333 = ORIENTED_EDGE ( 'NONE', *, *, #3273, .F. ) ;
#1334 = EDGE_CURVE ( 'NONE', #279, #6860, #5238, .T. ) ;
#1335 = CIRCLE ( 'NONE', #1495, 0.1999999999999999833 ) ;
#1336 = ADVANCED_FACE ( 'NONE', ( #310 ), #530, .F. ) ;
#1337 = DIRECTION ( 'NONE',  ( -6.101831366007370336E-19, 1.000000000000000000, 4.336808689942014847E-19 ) ) ;
#1338 = DIRECTION ( 'NONE',  ( -1.000000000000000000, -6.101831366007240336E-19, -1.734723475976804976E-18 ) ) ;
#1339 = AXIS2_PLACEMENT_3D ( 'NONE', #1133, #1284, #2330 ) ;
#1340 = EDGE_CURVE ( 'NONE', #608, #6503, #448, .T. ) ;
#1341 = ORIENTED_EDGE ( 'NONE', *, *, #712, .T. ) ;
#1342 =( NAMED_UNIT ( * ) PLANE_ANGLE_UNIT ( ) SI_UNIT ( $, .RADIAN. ) );
#1343 = DIRECTION ( 'NONE',  ( 1.734723475976804976E-18, 3.256943326146455320E-16, -1.000000000000000000 ) ) ;
#1344 = AXIS2_PLACEMENT_3D ( 'NONE', #6109, #2118, #6665 ) ;
#1345 = FACE_OUTER_BOUND ( 'NONE', #3246, .T. ) ;
#1346 = DIRECTION ( 'NONE',  ( 0.7071067811865470176, 0.000000000000000000, -0.7071067811865480168 ) ) ;
#1347 = CARTESIAN_POINT ( 'NONE',  ( 2.399999999999999911, -2.050000000000000266, 0.9268854014666380037 ) ) ;
#1348 = ORIENTED_EDGE ( 'NONE', *, *, #676, .T. ) ;
#1349 = VECTOR ( 'NONE', #6540, 1000.000000000000000 ) ;
#1350 = CARTESIAN_POINT ( 'NONE',  ( 2.250000000000000000, -2.000000000000000000, -1.571132486540520068 ) ) ;
#1351 = CARTESIAN_POINT ( 'NONE',  ( -2.569999999999999840, -0.4500000000000000111, -0.2999999999999999889 ) ) ;
#1352 = DIRECTION ( 'NONE',  ( -1.000000000000000000, -6.101831366007240336E-19, -1.734723475976804976E-18 ) ) ;
#1353 = CARTESIAN_POINT ( 'NONE',  ( 2.569999999999999840, -1.283000000000000140, 0.1524999999999999967 ) ) ;
#1354 = VERTEX_POINT ( 'NONE', #2844 ) ;
#1355 = CARTESIAN_POINT ( 'NONE',  ( 2.750000000000000000, -0.2000000000000000111, 1.149999999999999911 ) ) ;
#1356 = ORIENTED_EDGE ( 'NONE', *, *, #7086, .F. ) ;
#1357 = FACE_OUTER_BOUND ( 'NONE', #1571, .T. ) ;
#1358 = CARTESIAN_POINT ( 'NONE',  ( 2.550000000000000266, -2.168404344971009854E-16, 1.149999999999999911 ) ) ;
#1359 = CARTESIAN_POINT ( 'NONE',  ( 2.100000000000000089, -0.5742640687119289211, -1.474999999999999867 ) ) ;
#1360 = VERTEX_POINT ( 'NONE', #1329 ) ;
#1361 = CARTESIAN_POINT ( 'NONE',  ( -0.9366047978434840493, -2.050000000000000266, 1.608110732719294944 ) ) ;
#1362 = ORIENTED_EDGE ( 'NONE', *, *, #4799, .T. ) ;
#1363 = EDGE_CURVE ( 'NONE', #3413, #6201, #5346, .T. ) ;
#1364 = VECTOR ( 'NONE', #7090, 1000.000000000000000 ) ;
#1365 = CARTESIAN_POINT ( 'NONE',  ( 2.750000000000000000, -1.449999999999999956, -1.270000000000000018 ) ) ;
#1366 = UNCERTAINTY_MEASURE_WITH_UNIT (LENGTH_MEASURE( 1.000000000000000082E-05 ), #4359, 'distance_accuracy_value', 'NONE');
#1367 = DIRECTION ( 'NONE',  ( -1.000000000000000000, 0.000000000000000000, 0.000000000000000000 ) ) ;
#1368 = ORIENTED_EDGE ( 'NONE', *, *, #1511, .T. ) ;
#1369 = ORIENTED_EDGE ( 'NONE', *, *, #1500, .T. ) ;
#1370 = DIRECTION ( 'NONE',  ( -1.734723475976804976E-18, -4.336808689942014847E-19, 1.000000000000000000 ) ) ;
#1371 = CARTESIAN_POINT ( 'NONE',  ( 1.750000000000000000, -2.160000000000000142, -1.800000000000000044 ) ) ;
#1372 = ORIENTED_EDGE ( 'NONE', *, *, #415, .T. ) ;
#1373 = CIRCLE ( 'NONE', #2643, 0.05000000000000002359 ) ;
#1374 = CARTESIAN_POINT ( 'NONE',  ( 0.9616025403784419501, -2.043301270189220364, -1.592264973081039869 ) ) ;
#1375 = ORIENTED_EDGE ( 'NONE', *, *, #4794, .F. ) ;
#1376 = VECTOR ( 'NONE', #1277, 1000.000000000000000 ) ;
#1377 = EDGE_CURVE ( 'NONE', #1493, #7237, #5378, .T. ) ;
#1378 = AXIS2_PLACEMENT_3D ( 'NONE', #2354, #5300, #1960 ) ;
#1379 = CARTESIAN_POINT ( 'NONE',  ( -2.050000000000000266, -2.050000000000000266, 2.000000000000000000 ) ) ;
#1380 = VERTEX_POINT ( 'NONE', #5240 ) ;
#1381 = ORIENTED_EDGE ( 'NONE', *, *, #6673, .F. ) ;
#1382 = CARTESIAN_POINT ( 'NONE',  ( 2.569999999999999840, -0.4500000000000000111, -0.2500000000000000000 ) ) ;
#1383 = CARTESIAN_POINT ( 'NONE',  ( 2.550000000000000266, -1.775000000000000133, 0.1000000000000000056 ) ) ;
#1384 = VECTOR ( 'NONE', #1656, 1000.000000000000000 ) ;
#1385 = DIRECTION ( 'NONE',  ( 0.000000000000000000, 0.000000000000000000, 1.000000000000000000 ) ) ;
#1386 = VERTEX_POINT ( 'NONE', #235 ) ;
#1387 = EDGE_CURVE ( 'NONE', #3018, #806, #2835, .T. ) ;
#1388 = FACE_OUTER_BOUND ( 'NONE', #3431, .T. ) ;
#1389 = ADVANCED_FACE ( 'NONE', ( #5313 ), #5356, .F. ) ;
#1390 = DIRECTION ( 'NONE',  ( -0.000000000000000000, 1.000000000000000000, 0.000000000000000000 ) ) ;
#1391 = EDGE_CURVE ( 'NONE', #3560, #288, #5322, .T. ) ;
#1392 = CARTESIAN_POINT ( 'NONE',  ( 2.449999999999999734, -9.175060884658579695E-15, 0.1524999999999999967 ) ) ;
#1393 = ORIENTED_EDGE ( 'NONE', *, *, #3690, .T. ) ;
#1394 = ORIENTED_EDGE ( 'NONE', *, *, #1208, .T. ) ;
#1395 = EDGE_LOOP ( 'NONE', ( #917, #1356, #3661, #1130, #3602 ) ) ;
#1396 = DIRECTION ( 'NONE',  ( 0.000000000000000000, 0.000000000000000000, -1.000000000000000000 ) ) ;
#1397 = FACE_OUTER_BOUND ( 'NONE', #5699, .T. ) ;
#1398 = DIRECTION ( 'NONE',  ( 1.000000000000000000, 6.101831366007240336E-19, 1.734723475976804976E-18 ) ) ;
#1399 = PLANE ( 'NONE',  #487 ) ;
#1400 = VERTEX_POINT ( 'NONE', #2483 ) ;
#1401 = VECTOR ( 'NONE', #3005, 1000.000000000000000 ) ;
#1402 = EDGE_CURVE ( 'NONE', #4632, #3700, #3024, .T. ) ;
#1403 = CARTESIAN_POINT ( 'NONE',  ( 0.9825851184070277800, -2.050000000000000711, 1.630539217345779335 ) ) ;
#1404 =( NAMED_UNIT ( * ) SI_UNIT ( $, .STERADIAN. ) SOLID_ANGLE_UNIT ( ) );
#1405 = CARTESIAN_POINT ( 'NONE',  ( 1.162006473417547925, -1.985333032421400024, -1.533796995401334851 ) ) ;
#1406 = CARTESIAN_POINT ( 'NONE',  ( 2.605999999999999872, -1.572999999999999954, 4.635818368132930287E-19 ) ) ;
#1407 = EDGE_CURVE ( 'NONE', #5221, #5682, #2998, .T. ) ;
#1408 = ORIENTED_EDGE ( 'NONE', *, *, #6095, .F. ) ;
#1409 = VERTEX_POINT ( 'NONE', #697 ) ;
#1410 = VERTEX_POINT ( 'NONE', #5137 ) ;
#1411 = CARTESIAN_POINT ( 'NONE',  ( -2.449999999999999734, -0.09000000000000871192, -0.1524999999999999967 ) ) ;
#1412 = CARTESIAN_POINT ( 'NONE',  ( 2.660000000000000142, -1.283000000000000140, -0.1524999999999999967 ) ) ;
#1413 = ORIENTED_EDGE ( 'NONE', *, *, #7077, .T. ) ;
#1414 = ORIENTED_EDGE ( 'NONE', *, *, #6792, .T. ) ;
#1415 = AXIS2_PLACEMENT_3D ( 'NONE', #5439, #4722, #259 ) ;
#1416 = EDGE_LOOP ( 'NONE', ( #1613, #2252, #527, #3869, #623, #3305, #6387, #5071 ) ) ;
#1417 = CARTESIAN_POINT ( 'NONE',  ( 2.500000000000000000, 0.000000000000000000, 0.3331145985333610060 ) ) ;
#1418 = CARTESIAN_POINT ( 'NONE',  ( -2.550000000000000266, -2.000000000000000000, -0.9000000000000000222 ) ) ;
#1419 = CARTESIAN_POINT ( 'NONE',  ( -2.050000000000000266, 0.8400000000000000799, -2.000000000000000000 ) ) ;
#1420 = ORIENTED_EDGE ( 'NONE', *, *, #6327, .T. ) ;
#1421 = EDGE_CURVE ( 'NONE', #4147, #1429, #5539, .T. ) ;
#1422 = LINE ( 'NONE', #3251, #6348 ) ;
#1423 = AXIS2_PLACEMENT_3D ( 'NONE', #7076, #5382, #1951 ) ;
#1424 = DIRECTION ( 'NONE',  ( 0.000000000000000000, 0.000000000000000000, 1.000000000000000000 ) ) ;
#1425 = EDGE_CURVE ( 'NONE', #3805, #6676, #5441, .T. ) ;
#1426 = CARTESIAN_POINT ( 'NONE',  ( 1.775000000000000133, -0.5000000000000000000, 1.149999999999999911 ) ) ;
#1427 = VECTOR ( 'NONE', #2580, 1000.000000000000000 ) ;
#1428 = EDGE_LOOP ( 'NONE', ( #1375, #2612, #4828, #6462 ) ) ;
#1429 = VERTEX_POINT ( 'NONE', #3556 ) ;
#1430 = DIRECTION ( 'NONE',  ( 1.734723475976804976E-18, -1.773043801942030023E-16, -1.000000000000000000 ) ) ;
#1431 = CARTESIAN_POINT ( 'NONE',  ( 0.9616025403784419501, -2.043301270189220364, 1.592264973081039869 ) ) ;
#1432 = ADVANCED_FACE ( 'NONE', ( #511 ), #4697, .F. ) ;
#1433 = DIRECTION ( 'NONE',  ( -1.000000000000000000, 0.000000000000000000, 0.000000000000000000 ) ) ;
#1434 = EDGE_LOOP ( 'NONE', ( #7333, #6175, #1254, #4720 ) ) ;
#1435 = EDGE_CURVE ( 'NONE', #4405, #7297, #3047, .T. ) ;
#1436 = DIRECTION ( 'NONE',  ( -1.402535458377705161E-18, 0.8631876031294042351, 0.5048833150379541390 ) ) ;
#1437 = DIRECTION ( 'NONE',  ( 0.000000000000000000, 0.000000000000000000, -1.000000000000000000 ) ) ;
#1438 = ADVANCED_FACE ( 'NONE', ( #5460 ), #607, .T. ) ;
#1439 = CARTESIAN_POINT ( 'NONE',  ( 2.550000000000000266, 0.000000000000000000, -0.9268854014666360053 ) ) ;
#1440 = ORIENTED_EDGE ( 'NONE', *, *, #6563, .F. ) ;
#1441 = DIRECTION ( 'NONE',  ( -1.000000000000000000, 0.000000000000000000, 0.000000000000000000 ) ) ;
#1442 = CARTESIAN_POINT ( 'NONE',  ( 2.550000000000000266, -2.160000000000000142, -1.800000000000000044 ) ) ;
#1443 = DIRECTION ( 'NONE',  ( -6.101831366007370336E-19, 1.000000000000000000, 4.336808689942019662E-19 ) ) ;
#1444 = ORIENTED_EDGE ( 'NONE', *, *, #5422, .F. ) ;
#1445 = LINE ( 'NONE', #5853, #1401 ) ;
#1446 = ADVANCED_FACE ( 'NONE', ( #424 ), #2962, .F. ) ;
#1447 = DIRECTION ( 'NONE',  ( 0.000000000000000000, 0.000000000000000000, -1.000000000000000000 ) ) ;
#1448 = CARTESIAN_POINT ( 'NONE',  ( 2.419999999999999929, -0.3499999999999999778, -0.2000000000000000111 ) ) ;
#1449 = LINE ( 'NONE', #3324, #6318 ) ;
#1450 = ORIENTED_EDGE ( 'NONE', *, *, #1126, .T. ) ;
#1451 = EDGE_CURVE ( 'NONE', #1606, #5997, #2893, .T. ) ;
#1452 = ORIENTED_EDGE ( 'NONE', *, *, #1823, .T. ) ;
#1453 = LINE ( 'NONE', #2831, #6323 ) ;
#1454 = VERTEX_POINT ( 'NONE', #4423 ) ;
#1455 = DIRECTION ( 'NONE',  ( 0.000000000000000000, 0.000000000000000000, 1.000000000000000000 ) ) ;
#1456 = AXIS2_PLACEMENT_3D ( 'NONE', #6098, #5224, #6370 ) ;
#1457 = VECTOR ( 'NONE', #6102, 1000.000000000000000 ) ;
#1458 = CARTESIAN_POINT ( 'NONE',  ( 2.605999999999999872, -1.324999999999999956, 0.1000000000000000056 ) ) ;
#1459 = ORIENTED_EDGE ( 'NONE', *, *, #6513, .F. ) ;
#1460 = DIRECTION ( 'NONE',  ( 0.000000000000000000, 4.336808689942014847E-19, -1.000000000000000000 ) ) ;
#1461 = AXIS2_PLACEMENT_3D ( 'NONE', #5381, #2691, #7027 ) ;
#1462 = DIRECTION ( 'NONE',  ( 0.000000000000000000, 0.000000000000000000, -1.000000000000000000 ) ) ;
#1463 = VECTOR ( 'NONE', #6775, 1000.000000000000000 ) ;
#1464 = ORIENTED_EDGE ( 'NONE', *, *, #2668, .T. ) ;
#1465 = ORIENTED_EDGE ( 'NONE', *, *, #6019, .T. ) ;
#1466 = CARTESIAN_POINT ( 'NONE',  ( -2.540662314108554920, -2.000000000000000000, -0.8747882480931009619 ) ) ;
#1467 = EDGE_CURVE ( 'NONE', #1978, #4593, #3013, .T. ) ;
#1468 = AXIS2_PLACEMENT_3D ( 'NONE', #1859, #6316, #7045 ) ;
#1469 = CARTESIAN_POINT ( 'NONE',  ( -2.569999999999999840, -0.5000000000000000000, 0.2999999999999999889 ) ) ;
#1470 = VECTOR ( 'NONE', #1316, 1000.000000000000000 ) ;
#1471 = EDGE_LOOP ( 'NONE', ( #2595, #843, #1651, #3178 ) ) ;
#1472 = FACE_OUTER_BOUND ( 'NONE', #5203, .T. ) ;
#1473 = AXIS2_PLACEMENT_3D ( 'NONE', #817, #4713, #2213 ) ;
#1474 = CARTESIAN_POINT ( 'NONE',  ( -2.100000000000000089, -0.1499999999999999944, 1.324999999999999956 ) ) ;
#1475 = CARTESIAN_POINT ( 'NONE',  ( 2.550000000000000266, -1.080000000000000071, 0.5500000000000000444 ) ) ;
#1476 = FACE_OUTER_BOUND ( 'NONE', #4177, .T. ) ;
#1477 = VERTEX_POINT ( 'NONE', #6029 ) ;
#1478 = ORIENTED_EDGE ( 'NONE', *, *, #1407, .T. ) ;
#1479 = EDGE_CURVE ( 'NONE', #3487, #4508, #568, .T. ) ;
#1480 = DIRECTION ( 'NONE',  ( 0.000000000000000000, 0.000000000000000000, 1.000000000000000000 ) ) ;
#1481 = EDGE_CURVE ( 'NONE', #1023, #2624, #2906, .T. ) ;
#1482 = ORIENTED_EDGE ( 'NONE', *, *, #1421, .F. ) ;
#1483 = CYLINDRICAL_SURFACE ( 'NONE', #1415, 0.04999999999999991257 ) ;
#1484 = DIRECTION ( 'NONE',  ( -0.000000000000000000, 1.000000000000000000, 0.000000000000000000 ) ) ;
#1485 = CARTESIAN_POINT ( 'NONE',  ( -2.750000000000000000, -0.2000000000000000111, 1.800000000000000044 ) ) ;
#1486 = DIRECTION ( 'NONE',  ( -1.000000000000000000, -6.101831366007240336E-19, -1.734723475976804976E-18 ) ) ;
#1487 = CARTESIAN_POINT ( 'NONE',  ( 2.550000000000000266, -0.2000000000000000111, -1.149999999999999911 ) ) ;
#1488 = FACE_OUTER_BOUND ( 'NONE', #5399, .T. ) ;
#1489 = ORIENTED_EDGE ( 'NONE', *, *, #152, .T. ) ;
#1490 = ORIENTED_EDGE ( 'NONE', *, *, #2642, .T. ) ;
#1491 = CARTESIAN_POINT ( 'NONE',  ( 2.750000000000000000, -1.564718210309564927, 1.270000000000000018 ) ) ;
#1492 = DIRECTION ( 'NONE',  ( -1.000000000000000000, -6.101831366007240336E-19, 0.000000000000000000 ) ) ;
#1493 = VERTEX_POINT ( 'NONE', #6679 ) ;
#1494 = EDGE_CURVE ( 'NONE', #2659, #6771, #3073, .T. ) ;
#1495 = AXIS2_PLACEMENT_3D ( 'NONE', #3334, #6216, #3286 ) ;
#1496 = VECTOR ( 'NONE', #1962, 1000.000000000000000 ) ;
#1497 = DIRECTION ( 'NONE',  ( 0.000000000000000000, -1.000000000000000000, 0.000000000000000000 ) ) ;
#1498 = DIRECTION ( 'NONE',  ( 0.000000000000000000, -1.000000000000000000, 0.000000000000000000 ) ) ;
#1499 = CARTESIAN_POINT ( 'NONE',  ( -2.419999999999999929, -0.4500000000000000111, 0.2999999999999999889 ) ) ;
#1500 = EDGE_CURVE ( 'NONE', #1258, #99, #5429, .T. ) ;
#1501 = LINE ( 'NONE', #2718, #6329 ) ;
#1502 = VERTEX_POINT ( 'NONE', #2724 ) ;
#1503 = AXIS2_PLACEMENT_3D ( 'NONE', #6565, #313, #4197 ) ;
#1504 = PRESENTATION_STYLE_ASSIGNMENT (( #7340 ) ) ;
#1505 = ORIENTED_EDGE ( 'NONE', *, *, #3902, .F. ) ;
#1506 = CARTESIAN_POINT ( 'NONE',  ( 2.419999999999999929, -0.3499999999999999778, -0.2000000000000000111 ) ) ;
#1507 = FACE_OUTER_BOUND ( 'NONE', #2198, .T. ) ;
#1508 = ADVANCED_FACE ( 'NONE', ( #3060 ), #5500, .F. ) ;
#1509 = PLANE ( 'NONE',  #991 ) ;
#1510 = DIRECTION ( 'NONE',  ( 6.101831366007370336E-19, -1.000000000000000000, -4.336808689942019662E-19 ) ) ;
#1511 = EDGE_CURVE ( 'NONE', #3774, #625, #7161, .T. ) ;
#1512 = ORIENTED_EDGE ( 'NONE', *, *, #812, .T. ) ;
#1513 = EDGE_CURVE ( 'NONE', #368, #6586, #5392, .T. ) ;
#1514 = CARTESIAN_POINT ( 'NONE',  ( 2.050000000000000266, -2.050000000000000266, -2.000000000000000000 ) ) ;
#1515 = CARTESIAN_POINT ( 'NONE',  ( 2.050000000000000266, -2.050000000000000266, 1.657735026918965016 ) ) ;
#1516 = AXIS2_PLACEMENT_3D ( 'NONE', #491, #5629, #1437 ) ;
#1517 = VERTEX_POINT ( 'NONE', #1937 ) ;
#1518 = DIRECTION ( 'NONE',  ( 0.000000000000000000, 0.000000000000000000, -1.000000000000000000 ) ) ;
#1519 = ORIENTED_EDGE ( 'NONE', *, *, #3273, .T. ) ;
#1520 = LINE ( 'NONE', #5959, #1496 ) ;
#1521 = CARTESIAN_POINT ( 'NONE',  ( 2.600000000000000089, -0.1499999999999999944, -1.800000000000000044 ) ) ;
#1522 = FILL_AREA_STYLE ('',( #388 ) ) ;
#1523 = LINE ( 'NONE', #5148, #1565 ) ;
#1524 = VERTEX_POINT ( 'NONE', #852 ) ;
#1525 = ORIENTED_EDGE ( 'NONE', *, *, #85, .T. ) ;
#1526 = CARTESIAN_POINT ( 'NONE',  ( 2.620000000000000107, -1.324999999999999956, -0.3099999999999999978 ) ) ;
#1527 = LINE ( 'NONE', #1750, #1546 ) ;
#1528 = CARTESIAN_POINT ( 'NONE',  ( -2.750000000000000000, -1.765000000000000124, 0.1000000000000000056 ) ) ;
#1529 = ORIENTED_EDGE ( 'NONE', *, *, #2135, .F. ) ;
#1530 = CARTESIAN_POINT ( 'NONE',  ( 2.569999999999999840, -0.5000000000000000000, -0.2999999999999999889 ) ) ;
#1531 = DIRECTION ( 'NONE',  ( -1.000000000000000000, -6.101831366007240336E-19, 0.000000000000000000 ) ) ;
#1532 = CARTESIAN_POINT ( 'NONE',  ( -2.750000000000000000, -1.324999999999999956, 0.1000000000000000056 ) ) ;
#1533 = DIRECTION ( 'NONE',  ( 1.000000000000000000, 0.000000000000000000, 0.000000000000000000 ) ) ;
#1534 = VECTOR ( 'NONE', #846, 1000.000000000000000 ) ;
#1535 = ORIENTED_EDGE ( 'NONE', *, *, #432, .T. ) ;
#1536 = CIRCLE ( 'NONE', #4305, 0.1499999999999999667 ) ;
#1537 = CARTESIAN_POINT ( 'NONE',  ( 2.449999999999999734, -0.1800000000000090139, 0.1524999999999999967 ) ) ;
#1538 = VERTEX_POINT ( 'NONE', #5517 ) ;
#1539 = LINE ( 'NONE', #2460, #6279 ) ;
#1540 = EDGE_CURVE ( 'NONE', #4376, #777, #5416, .T. ) ;
#1541 = AXIS2_PLACEMENT_3D ( 'NONE', #2536, #1886, #751 ) ;
#1542 = CARTESIAN_POINT ( 'NONE',  ( 2.100000000000000089, -2.168404344971009854E-16, 1.474999999999999867 ) ) ;
#1543 = ORIENTED_EDGE ( 'NONE', *, *, #3518, .F. ) ;
#1544 = EDGE_LOOP ( 'NONE', ( #5239, #3719, #1414, #473, #4417, #2963, #6887, #340 ) ) ;
#1545 = ADVANCED_FACE ( 'NONE', ( #2872 ), #393, .T. ) ;
#1546 = VECTOR ( 'NONE', #2372, 1000.000000000000000 ) ;
#1547 = ORIENTED_EDGE ( 'NONE', *, *, #503, .F. ) ;
#1548 = AXIS2_PLACEMENT_3D ( 'NONE', #1521, #1337, #6621 ) ;
#1549 = FACE_OUTER_BOUND ( 'NONE', #5799, .T. ) ;
#1550 = CARTESIAN_POINT ( 'NONE',  ( -2.550000000000000266, -1.324999999999999956, -0.5400000000000000355 ) ) ;
#1551 = DIRECTION ( 'NONE',  ( 1.000000000000000000, 0.000000000000000000, 0.000000000000000000 ) ) ;
#1552 = CIRCLE ( 'NONE', #6163, 0.09000000000000001055 ) ;
#1553 = ORIENTED_EDGE ( 'NONE', *, *, #2333, .F. ) ;
#1554 = ORIENTED_EDGE ( 'NONE', *, *, #3250, .F. ) ;
#1555 = CARTESIAN_POINT ( 'NONE',  ( -2.550000000000000266, -2.010000000000000231, -1.270000000000000018 ) ) ;
#1556 = DIRECTION ( 'NONE',  ( 0.000000000000000000, 0.000000000000000000, 1.000000000000000000 ) ) ;
#1557 = FACE_OUTER_BOUND ( 'NONE', #1877, .T. ) ;
#1558 = CARTESIAN_POINT ( 'NONE',  ( -2.550000000000000266, 0.8400000000000000799, -2.000000000000000000 ) ) ;
#1559 = ORIENTED_EDGE ( 'NONE', *, *, #4175, .T. ) ;
#1560 = CIRCLE ( 'NONE', #497, 0.2000000000000000944 ) ;
#1561 = ADVANCED_FACE ( 'NONE', ( #2860 ), #5403, .T. ) ;
#1562 = EDGE_CURVE ( 'NONE', #171, #6661, #483, .T. ) ;
#1563 =( BOUNDED_SURFACE ( )  B_SPLINE_SURFACE ( 3, 2, ( 
 ( #5875, #6422, #7010 ),
 ( #1361, #4205, #6478 ),
 ( #7056, #6914, #132 ),
 ( #689, #1812, #4636 ),
 ( #2428, #178, #4057 ),
 ( #5775, #129, #4157 ) ),
 .UNSPECIFIED., .F., .F., .F. ) 
 B_SPLINE_SURFACE_WITH_KNOTS ( ( 4, 2, 4 ),
 ( 3, 3 ),
 ( 0.4629731433117360018, 0.5689426100424620492, 0.6749120767731879855 ),
 ( 0.000000000000000000, 1.000000000000000000 ),
 .UNSPECIFIED. ) 
 GEOMETRIC_REPRESENTATION_ITEM ( )  RATIONAL_B_SPLINE_SURFACE ( (
 ( 1.000000000000000000, 0.9659258262886989410, 1.000000000000000000),
 ( 1.000000000000000000, 0.9706935605144509926, 1.000000000000000000),
 ( 1.000000000000000000, 0.9705288393260079749, 1.000000000000000000),
 ( 1.000000000000000000, 0.9447190473916369235, 1.000000000000000000),
 ( 1.000000000000000000, 0.9180479945640900308, 1.000000000000000000),
 ( 1.000000000000000000, 0.8660254037844409281, 1.000000000000000000) ) ) 
 REPRESENTATION_ITEM ( '' )  SURFACE ( )  );
#1564 = EDGE_CURVE ( 'NONE', #3932, #2337, #2881, .T. ) ;
#1565 = VECTOR ( 'NONE', #1633, 1000.000000000000000 ) ;
#1566 = ORIENTED_EDGE ( 'NONE', *, *, #3082, .T. ) ;
#1567 = ORIENTED_EDGE ( 'NONE', *, *, #3716, .T. ) ;
#1568 = CARTESIAN_POINT ( 'NONE',  ( 1.894092698519765028, -1.562662853288620202, -1.289768253700599887 ) ) ;
#1569 = DIRECTION ( 'NONE',  ( 0.000000000000000000, 0.000000000000000000, 1.000000000000000000 ) ) ;
#1570 = CARTESIAN_POINT ( 'NONE',  ( 0.9787118015674738380, -2.050000000000000266, -1.657735026918961907 ) ) ;
#1571 = EDGE_LOOP ( 'NONE', ( #1831, #3397, #3069, #3411, #3127, #5410, #383, #5425, #4203 ) ) ;
#1572 = FACE_OUTER_BOUND ( 'NONE', #5999, .T. ) ;
#1573 = DIRECTION ( 'NONE',  ( 0.000000000000000000, -8.673617379884051249E-15, 1.000000000000000000 ) ) ;
#1574 = AXIS2_PLACEMENT_3D ( 'NONE', #6000, #6552, #350 ) ;
#1575 = DIRECTION ( 'NONE',  ( 0.000000000000000000, 1.000000000000000000, 0.000000000000000000 ) ) ;
#1576 = PLANE ( 'NONE',  #2863 ) ;
#1577 = CARTESIAN_POINT ( 'NONE',  ( -2.100000000000000089, -0.5742640687119289211, 1.474999999999999867 ) ) ;
#1578 = EDGE_CURVE ( 'NONE', #7118, #3175, #2975, .T. ) ;
#1579 = ORIENTED_EDGE ( 'NONE', *, *, #6911, .T. ) ;
#1580 = DIRECTION ( 'NONE',  ( -0.7071067811865470176, 0.000000000000000000, 0.7071067811865480168 ) ) ;
#1581 = CARTESIAN_POINT ( 'NONE',  ( -1.965380592228744838, -0.5742640687119289211, -1.800000000000000044 ) ) ;
#1582 = CARTESIAN_POINT ( 'NONE',  ( -2.250000000000000000, -2.024999999999999911, -1.614433756729739988 ) ) ;
#1583 = ORIENTED_EDGE ( 'NONE', *, *, #7228, .T. ) ;
#1584 = EDGE_CURVE ( 'NONE', #4518, #5279, #667, .T. ) ;
#1585 = CIRCLE ( 'NONE', #1301, 0.2000000000000000944 ) ;
#1586 = DIRECTION ( 'NONE',  ( 0.000000000000000000, 4.336808689942014847E-19, -1.000000000000000000 ) ) ;
#1587 = AXIS2_PLACEMENT_3D ( 'NONE', #5035, #89, #5595 ) ;
#1588 = CIRCLE ( 'NONE', #4047, 0.05000000000000002359 ) ;
#1589 = ORIENTED_EDGE ( 'NONE', *, *, #271, .T. ) ;
#1590 = ADVANCED_FACE ( 'NONE', ( #5680 ), #797, .F. ) ;
#1591 = ORIENTED_EDGE ( 'NONE', *, *, #3623, .T. ) ;
#1592 = EDGE_CURVE ( 'NONE', #4095, #1864, #5654, .T. ) ;
#1593 = VERTEX_POINT ( 'NONE', #6728 ) ;
#1594 = EDGE_CURVE ( 'NONE', #3475, #7346, #742, .T. ) ;
#1595 = CARTESIAN_POINT ( 'NONE',  ( 1.750000000000000000, 0.8400000000000000799, 1.350000000000000089 ) ) ;
#1596 = CARTESIAN_POINT ( 'NONE',  ( -2.100000000000000089, -2.168404344971009854E-16, 1.324999999999999956 ) ) ;
#1597 = ORIENTED_EDGE ( 'NONE', *, *, #2042, .F. ) ;
#1598 = ORIENTED_EDGE ( 'NONE', *, *, #1540, .F. ) ;
#1599 = CARTESIAN_POINT ( 'NONE',  ( 2.540662314108554920, 0.000000000000000000, -0.8747882480930969651 ) ) ;
#1600 = CARTESIAN_POINT ( 'NONE',  ( 2.600000000000000089, -0.2999999999999999889, 1.149999999999999911 ) ) ;
#1601 = ADVANCED_FACE ( 'NONE', ( #3260 ), #1685, .F. ) ;
#1602 = CARTESIAN_POINT ( 'NONE',  ( 2.750000000000000000, -0.5000000000000000000, 1.149999999999999911 ) ) ;
#1603 = VERTEX_POINT ( 'NONE', #1155 ) ;
#1604 = CIRCLE ( 'NONE', #2964, 0.1500000000000000222 ) ;
#1605 = ORIENTED_EDGE ( 'NONE', *, *, #1391, .T. ) ;
#1606 = VERTEX_POINT ( 'NONE', #1200 ) ;
#1607 = AXIS2_PLACEMENT_3D ( 'NONE', #2625, #6721, #3980 ) ;
#1608 = EDGE_CURVE ( 'NONE', #1033, #5369, #5713, .T. ) ;
#1609 = ORIENTED_EDGE ( 'NONE', *, *, #5411, .T. ) ;
#1610 = CARTESIAN_POINT ( 'NONE',  ( 2.359337685891444547, -2.000000000000000000, -0.3852117519068984919 ) ) ;
#1611 = EDGE_LOOP ( 'NONE', ( #6874, #3456, #6035, #3517 ) ) ;
#1612 = DIRECTION ( 'NONE',  ( 1.000000000000000000, 0.000000000000000000, 0.000000000000000000 ) ) ;
#1613 = ORIENTED_EDGE ( 'NONE', *, *, #5407, .F. ) ;
#1614 = DIRECTION ( 'NONE',  ( -0.7071067811865470176, 0.000000000000000000, -0.7071067811865480168 ) ) ;
#1615 = CARTESIAN_POINT ( 'NONE',  ( 2.419999999999999929, -0.5000000000000000000, -0.2999999999999999889 ) ) ;
#1616 = VECTOR ( 'NONE', #3691, 1000.000000000000000 ) ;
#1617 = VECTOR ( 'NONE', #2129, 1000.000000000000000 ) ;
#1618 = ORIENTED_EDGE ( 'NONE', *, *, #3116, .T. ) ;
#1619 = EDGE_LOOP ( 'NONE', ( #2097, #4521, #4497, #3908 ) ) ;
#1620 = EDGE_CURVE ( 'NONE', #5710, #6355, #5788, .T. ) ;
#1621 = AXIS2_PLACEMENT_3D ( 'NONE', #4173, #4653, #4807 ) ;
#1622 = CARTESIAN_POINT ( 'NONE',  ( 1.162006473417547925, -1.960333032421400112, 1.577098265590559878 ) ) ;
#1623 = DIRECTION ( 'NONE',  ( -1.000000000000000000, 0.000000000000000000, 0.000000000000000000 ) ) ;
#1624 = ORIENTED_EDGE ( 'NONE', *, *, #2322, .T. ) ;
#1625 = UNCERTAINTY_MEASURE_WITH_UNIT (LENGTH_MEASURE( 1.000000000000000082E-05 ), #988, 'distance_accuracy_value', 'NONE');
#1626 = CARTESIAN_POINT ( 'NONE',  ( -2.419999999999999929, -0.5000000000000000000, -0.2999999999999999889 ) ) ;
#1627 = CARTESIAN_POINT ( 'NONE',  ( -2.050000000000000266, 0.8400000000000000799, -2.500000000000000000 ) ) ;
#1628 = ORIENTED_EDGE ( 'NONE', *, *, #6007, .T. ) ;
#1629 = AXIS2_PLACEMENT_3D ( 'NONE', #1, #1196, #102 ) ;
#1630 = DIRECTION ( 'NONE',  ( -1.000000000000000000, 0.000000000000000000, 0.000000000000000000 ) ) ;
#1631 = AXIS2_PLACEMENT_3D ( 'NONE', #1827, #2446, #5938 ) ;
#1632 = EDGE_LOOP ( 'NONE', ( #6974, #7133, #2334, #4208 ) ) ;
#1633 = DIRECTION ( 'NONE',  ( 0.000000000000000000, 0.000000000000000000, -1.000000000000000000 ) ) ;
#1634 = LINE ( 'NONE', #3166, #6576 ) ;
#1635 = CARTESIAN_POINT ( 'NONE',  ( 1.965380592228740175, -0.1499999999999999944, 1.149999999999999911 ) ) ;
#1636 = DIRECTION ( 'NONE',  ( 1.000000000000000000, 0.000000000000000000, 0.000000000000000000 ) ) ;
#1637 = CYLINDRICAL_SURFACE ( 'NONE', #2280, 0.2000000000000000389 ) ;
#1638 = DIRECTION ( 'NONE',  ( 1.000000000000000000, 0.000000000000000000, 0.000000000000000000 ) ) ;
#1639 = ORIENTED_EDGE ( 'NONE', *, *, #4365, .F. ) ;
#1640 = ADVANCED_FACE ( 'NONE', ( #824 ), #1100, .F. ) ;
#1641 = ORIENTED_EDGE ( 'NONE', *, *, #6527, .T. ) ;
#1642 = DIRECTION ( 'NONE',  ( 0.000000000000000000, 0.000000000000000000, 1.000000000000000000 ) ) ;
#1643 = EDGE_CURVE ( 'NONE', #3096, #1023, #880, .T. ) ;
#1644 = DIRECTION ( 'NONE',  ( 0.000000000000000000, 0.000000000000000000, -1.000000000000000000 ) ) ;
#1645 = CARTESIAN_POINT ( 'NONE',  ( 2.660000000000000142, -1.283000000000000140, 0.1524999999999999967 ) ) ;
#1646 = EDGE_LOOP ( 'NONE', ( #6885, #4474, #980, #1986 ) ) ;
#1647 = EDGE_CURVE ( 'NONE', #3284, #3923, #3154, .T. ) ;
#1648 = VECTOR ( 'NONE', #2712, 1000.000000000000000 ) ;
#1649 = EDGE_CURVE ( 'NONE', #343, #4760, #3244, .T. ) ;
#1650 = LINE ( 'NONE', #5796, #6411 ) ;
#1651 = ORIENTED_EDGE ( 'NONE', *, *, #4318, .T. ) ;
#1652 = DIRECTION ( 'NONE',  ( 1.000000000000000000, 0.000000000000000000, 0.000000000000000000 ) ) ;
#1653 = DIRECTION ( 'NONE',  ( 0.000000000000000000, 0.000000000000000000, 1.000000000000000000 ) ) ;
#1654 = ORIENTED_EDGE ( 'NONE', *, *, #3333, .F. ) ;
#1655 = ADVANCED_FACE ( 'NONE', ( #679 ), #3275, .F. ) ;
#1656 = DIRECTION ( 'NONE',  ( -1.734723475976804976E-18, -2.172741153660949900E-16, 1.000000000000000000 ) ) ;
#1657 = ORIENTED_EDGE ( 'NONE', *, *, #3116, .F. ) ;
#1658 = LINE ( 'NONE', #6828, #1731 ) ;
#1659 = CARTESIAN_POINT ( 'NONE',  ( 2.605999999999999872, 0.4227724399837060054, 0.3479999999999999760 ) ) ;
#1660 = EDGE_CURVE ( 'NONE', #7247, #6916, #847, .T. ) ;
#1661 = CARTESIAN_POINT ( 'NONE',  ( -2.600000000000000089, -1.324999999999999956, 0.1000000000000000056 ) ) ;
#1662 = DIRECTION ( 'NONE',  ( 0.000000000000000000, 0.000000000000000000, -1.000000000000000000 ) ) ;
#1663 = CARTESIAN_POINT ( 'NONE',  ( 0.9598159935051678859, -2.044332733507339572, 1.600609367199555155 ) ) ;
#1664 = CIRCLE ( 'NONE', #5218, 0.08999999999999999667 ) ;
#1665 = ORIENTED_EDGE ( 'NONE', *, *, #6811, .T. ) ;
#1666 = EDGE_CURVE ( 'NONE', #1278, #6935, #3309, .T. ) ;
#1667 = ORIENTED_EDGE ( 'NONE', *, *, #6414, .F. ) ;
#1668 = CARTESIAN_POINT ( 'NONE',  ( 1.162006473417547925, -1.985333032421400024, 1.533796995401334851 ) ) ;
#1669 = DIRECTION ( 'NONE',  ( 0.000000000000000000, -1.000000000000000000, 3.252606517456508865E-16 ) ) ;
#1670 = CARTESIAN_POINT ( 'NONE',  ( -1.011546881485386074, -2.034082127681959840, -1.619677325591734940 ) ) ;
#1671 = ORIENTED_EDGE ( 'NONE', *, *, #5331, .F. ) ;
#1672 = DIRECTION ( 'NONE',  ( -3.491481338843135327E-15, -1.000000000000000000, 0.000000000000000000 ) ) ;
#1673 = DIRECTION ( 'NONE',  ( -1.000000000000000000, 0.000000000000000000, 0.000000000000000000 ) ) ;
#1674 = CARTESIAN_POINT ( 'NONE',  ( -2.550000000000000266, -1.775000000000000133, -0.1000000000000000056 ) ) ;
#1675 = VECTOR ( 'NONE', #6388, 1000.000000000000000 ) ;
#1676 = VERTEX_POINT ( 'NONE', #5705 ) ;
#1677 = CARTESIAN_POINT ( 'NONE',  ( -2.750000000000000000, -1.324999999999999956, -0.1000000000000000056 ) ) ;
#1678 = ORIENTED_EDGE ( 'NONE', *, *, #5950, .T. ) ;
#1679 = ORIENTED_EDGE ( 'NONE', *, *, #3094, .F. ) ;
#1680 = EDGE_LOOP ( 'NONE', ( #5704, #2705, #1459, #5150 ) ) ;
#1681 = DIRECTION ( 'NONE',  ( -1.000000000000000000, 0.000000000000000000, 0.000000000000000000 ) ) ;
#1682 = CIRCLE ( 'NONE', #4374, 0.09000000000000001055 ) ;
#1683 = CARTESIAN_POINT ( 'NONE',  ( 2.399999999999999911, 0.000000000000000000, 0.9268854014666380037 ) ) ;
#1684 = DIRECTION ( 'NONE',  ( 0.000000000000000000, -1.000000000000000000, 0.000000000000000000 ) ) ;
#1685 = PLANE ( 'NONE',  #5854 ) ;
#1686 = VECTOR ( 'NONE', #1704, 1000.000000000000000 ) ;
#1687 = CARTESIAN_POINT ( 'NONE',  ( -2.100000000000000089, -0.5742640687119289211, 1.324999999999999956 ) ) ;
#1688 = ORIENTED_EDGE ( 'NONE', *, *, #5141, .T. ) ;
#1689 = CARTESIAN_POINT ( 'NONE',  ( 1.965380592228740175, -2.168404344971009854E-16, -1.149999999999999911 ) ) ;
#1690 = EDGE_LOOP ( 'NONE', ( #243, #1529, #4927, #6420 ) ) ;
#1691 = DIRECTION ( 'NONE',  ( 6.101831366007370336E-19, -1.000000000000000000, -4.336808689942014847E-19 ) ) ;
#1692 = CARTESIAN_POINT ( 'NONE',  ( 2.100000000000000089, -0.5742640687119289211, 1.474999999999999867 ) ) ;
#1693 = ORIENTED_EDGE ( 'NONE', *, *, #898, .F. ) ;
#1694 = AXIS2_PLACEMENT_3D ( 'NONE', #7194, #1963, #5540 ) ;
#1695 = VECTOR ( 'NONE', #6861, 1000.000000000000000 ) ;
#1696 = EDGE_CURVE ( 'NONE', #6907, #1808, #629, .T. ) ;
#1697 = FACE_OUTER_BOUND ( 'NONE', #4572, .T. ) ;
#1698 = ADVANCED_FACE ( 'NONE', ( #3124 ), #756, .T. ) ;
#1699 = ORIENTED_EDGE ( 'NONE', *, *, #7183, .T. ) ;
#1700 = CARTESIAN_POINT ( 'NONE',  ( 2.550000000000000266, 0.8400000000000000799, 2.000000000000000000 ) ) ;
#1701 = DIRECTION ( 'NONE',  ( 0.000000000000000000, -1.000000000000000000, 0.000000000000000000 ) ) ;
#1702 = DIRECTION ( 'NONE',  ( 0.000000000000000000, 1.000000000000000000, 0.000000000000000000 ) ) ;
#1703 = ORIENTED_EDGE ( 'NONE', *, *, #1391, .F. ) ;
#1704 = DIRECTION ( 'NONE',  ( 6.101831366007370336E-19, -1.000000000000000000, -4.336808689942019662E-19 ) ) ;
#1705 = CARTESIAN_POINT ( 'NONE',  ( -2.449999999999999734, -8.714274961352240311E-15, -0.1524999999999999967 ) ) ;
#1706 = ORIENTED_EDGE ( 'NONE', *, *, #3526, .F. ) ;
#1707 = CYLINDRICAL_SURFACE ( 'NONE', #5880, 0.1499999999999999944 ) ;
#1708 = SURFACE_SIDE_STYLE ('',( #6745 ) ) ;
#1709 = DIRECTION ( 'NONE',  ( 0.000000000000000000, 0.000000000000000000, 1.000000000000000000 ) ) ;
#1710 = CARTESIAN_POINT ( 'NONE',  ( 2.750000000000000000, -0.5000000000000000000, -1.149999999999999911 ) ) ;
#1711 = EDGE_CURVE ( 'NONE', #5369, #5842, #3181, .T. ) ;
#1712 =( GEOMETRIC_REPRESENTATION_CONTEXT ( 3 ) GLOBAL_UNCERTAINTY_ASSIGNED_CONTEXT ( ( #2487 ) ) GLOBAL_UNIT_ASSIGNED_CONTEXT ( ( #5596, #7148, #4407 ) ) REPRESENTATION_CONTEXT ( 'NONE', 'WORKASPACE' ) );
#1713 = CIRCLE ( 'NONE', #6001, 0.1499999999999999667 ) ;
#1714 = VERTEX_POINT ( 'NONE', #6465 ) ;
#1715 = ORIENTED_EDGE ( 'NONE', *, *, #1513, .T. ) ;
#1716 = PLANE ( 'NONE',  #4253 ) ;
#1717 = ADVANCED_FACE ( 'NONE', ( #5574, #708 ), #5546, .F. ) ;
#1718 = CARTESIAN_POINT ( 'NONE',  ( -2.600000000000000089, -1.392080689683685923, -1.369023336992409856 ) ) ;
#1719 = CARTESIAN_POINT ( 'NONE',  ( 2.620000000000000107, 0.4227724399837060054, 0.2999999999999999889 ) ) ;
#1720 = ORIENTED_EDGE ( 'NONE', *, *, #439, .F. ) ;
#1721 = DIRECTION ( 'NONE',  ( 0.000000000000000000, 0.000000000000000000, 1.000000000000000000 ) ) ;
#1722 = EDGE_CURVE ( 'NONE', #6118, #1538, #3143, .T. ) ;
#1723 = CARTESIAN_POINT ( 'NONE',  ( 2.248513359643105058, -2.024999999999999911, 1.614433756729739988 ) ) ;
#1724 = ORIENTED_EDGE ( 'NONE', *, *, #452, .F. ) ;
#1725 = CARTESIAN_POINT ( 'NONE',  ( -2.750000000000000000, -0.2999999999999999889, -0.9499999999999999556 ) ) ;
#1726 = VERTEX_POINT ( 'NONE', #2662 ) ;
#1727 = ORIENTED_EDGE ( 'NONE', *, *, #5453, .T. ) ;
#1728 = AXIS2_PLACEMENT_3D ( 'NONE', #6602, #922, #2651 ) ;
#1729 = ORIENTED_EDGE ( 'NONE', *, *, #6327, .F. ) ;
#1730 = DIRECTION ( 'NONE',  ( -1.000000000000000000, 0.000000000000000000, 0.000000000000000000 ) ) ;
#1731 = VECTOR ( 'NONE', #2852, 1000.000000000000000 ) ;
#1732 = DIRECTION ( 'NONE',  ( 0.000000000000000000, -1.000000000000000000, 0.000000000000000000 ) ) ;
#1733 = CARTESIAN_POINT ( 'NONE',  ( -2.350000000000000089, -2.000000000000000000, -0.3331145985333605619 ) ) ;
#1734 = VECTOR ( 'NONE', #5531, 1000.000000000000000 ) ;
#1735 = EDGE_CURVE ( 'NONE', #6876, #4230, #3167, .T. ) ;
#1736 = ORIENTED_EDGE ( 'NONE', *, *, #1158, .T. ) ;
#1737 = CARTESIAN_POINT ( 'NONE',  ( -2.569999999999999840, -1.324999999999999956, 0.1000000000000000056 ) ) ;
#1738 = VERTEX_POINT ( 'NONE', #5400 ) ;
#1739 = CARTESIAN_POINT ( 'NONE',  ( -2.620000000000000107, -1.324999999999999956, 0.2999999999999999889 ) ) ;
#1740 = DIRECTION ( 'NONE',  ( 0.000000000000000000, -1.000000000000000000, 0.000000000000000000 ) ) ;
#1741 = EDGE_LOOP ( 'NONE', ( #1154, #3503 ) ) ;
#1742 = CARTESIAN_POINT ( 'NONE',  ( -2.100000000000000089, -0.5742640687119289211, -1.324999999999999956 ) ) ;
#1743 = ORIENTED_EDGE ( 'NONE', *, *, #6563, .T. ) ;
#1744 = CARTESIAN_POINT ( 'NONE',  ( -2.605999999999999872, 0.4227724399837060054, 0.3479999999999999760 ) ) ;
#1745 = CARTESIAN_POINT ( 'NONE',  ( 2.419999999999999929, -1.080000000000000071, -0.2500000000000000000 ) ) ;
#1746 = AXIS2_PLACEMENT_3D ( 'NONE', #5264, #2014, #4878 ) ;
#1747 = EDGE_LOOP ( 'NONE', ( #6061, #1579, #2851, #5306 ) ) ;
#1748 = SHAPE_DEFINITION_REPRESENTATION ( #3115, #433 ) ;
#1749 = PLANE ( 'NONE',  #1456 ) ;
#1750 = CARTESIAN_POINT ( 'NONE',  ( 2.750000000000000000, -0.5000000000000000000, -1.149999999999999911 ) ) ;
#1751 = ORIENTED_EDGE ( 'NONE', *, *, #3420, .T. ) ;
#1752 = EDGE_LOOP ( 'NONE', ( #1270, #6374, #2193, #1185 ) ) ;
#1753 = DIRECTION ( 'NONE',  ( -0.8320502943378478289, -0.4803844614152559256, 0.2773500981126119647 ) ) ;
#1754 = AXIS2_PLACEMENT_3D ( 'NONE', #6188, #1025, #641 ) ;
#1755 = EDGE_CURVE ( 'NONE', #7298, #7338, #4316, .T. ) ;
#1756 = DIRECTION ( 'NONE',  ( -0.9976467198374248113, 0.05937816768998518263, 0.03428200109979979288 ) ) ;
#1757 = DIRECTION ( 'NONE',  ( 0.000000000000000000, 0.000000000000000000, 1.000000000000000000 ) ) ;
#1758 = AXIS2_PLACEMENT_3D ( 'NONE', #398, #4931, #3306 ) ;
#1759 = VECTOR ( 'NONE', #201, 1000.000000000000000 ) ;
#1760 = ADVANCED_FACE ( 'NONE', ( #5641 ), #4406, .F. ) ;
#1761 = ORIENTED_EDGE ( 'NONE', *, *, #1178, .T. ) ;
#1762 = ORIENTED_EDGE ( 'NONE', *, *, #1111, .F. ) ;
#1763 = DIRECTION ( 'NONE',  ( 0.000000000000000000, 1.000000000000000000, 0.000000000000000000 ) ) ;
#1764 = ITEM_DEFINED_TRANSFORMATION ( 'NONE', 'NONE', #6328,  #229 ) ;
#1765 = CARTESIAN_POINT ( 'NONE',  ( -2.600000000000000089, -2.010000000000000231, 1.270000000000000018 ) ) ;
#1766 = ORIENTED_EDGE ( 'NONE', *, *, #1297, .F. ) ;
#1767 = CARTESIAN_POINT ( 'NONE',  ( 2.569999999999999840, -0.3499999999999999778, -0.2500000000000000000 ) ) ;
#1768 = ORIENTED_EDGE ( 'NONE', *, *, #241, .F. ) ;
#1769 = VECTOR ( 'NONE', #684, 1000.000000000000000 ) ;
#1770 = DIRECTION ( 'NONE',  ( -1.000000000000000000, 0.000000000000000000, 0.000000000000000000 ) ) ;
#1771 = DIRECTION ( 'NONE',  ( -0.7071067811865470176, -7.381233169927239851E-19, 0.7071067811865480168 ) ) ;
#1772 = EDGE_CURVE ( 'NONE', #1603, #1380, #3282, .T. ) ;
#1773 = DIRECTION ( 'NONE',  ( -2.409338161078905097E-15, -1.000000000000000000, 0.000000000000000000 ) ) ;
#1774 = VECTOR ( 'NONE', #2122, 1000.000000000000000 ) ;
#1775 = ORIENTED_EDGE ( 'NONE', *, *, #4143, .T. ) ;
#1776 = DIRECTION ( 'NONE',  ( 0.000000000000000000, 0.000000000000000000, 1.000000000000000000 ) ) ;
#1777 = ORIENTED_EDGE ( 'NONE', *, *, #3256, .F. ) ;
#1778 = ADVANCED_FACE ( 'NONE', ( #3220 ), #3131, .F. ) ;
#1779 = SHAPE_DEFINITION_REPRESENTATION ( #2335, #4045 ) ;
#1780 = VERTEX_POINT ( 'NONE', #1491 ) ;
#1781 = CARTESIAN_POINT ( 'NONE',  ( 2.359337685891444547, -2.000000000000000000, 0.3852117519068999907 ) ) ;
#1782 = FACE_OUTER_BOUND ( 'NONE', #1395, .T. ) ;
#1783 = DIRECTION ( 'NONE',  ( 0.000000000000000000, -1.000000000000000000, 0.000000000000000000 ) ) ;
#1784 = FACE_BOUND ( 'NONE', #2849, .T. ) ;
#1785 = EDGE_LOOP ( 'NONE', ( #5099, #5016, #7331 ) ) ;
#1786 = PLANE ( 'NONE',  #1378 ) ;
#1787 = ORIENTED_EDGE ( 'NONE', *, *, #6095, .T. ) ;
#1788 = EDGE_CURVE ( 'NONE', #4073, #604, #769, .T. ) ;
#1789 = VERTEX_POINT ( 'NONE', #4498 ) ;
#1790 = AXIS2_PLACEMENT_3D ( 'NONE', #6889, #1257, #5901 ) ;
#1791 = DIRECTION ( 'NONE',  ( -0.7071067811865480168, -1.248059503193750088E-19, -0.7071067811865470176 ) ) ;
#1792 = ORIENTED_EDGE ( 'NONE', *, *, #2885, .F. ) ;
#1793 = CARTESIAN_POINT ( 'NONE',  ( 0.9825851184070254485, -2.049999999999999378, -1.630539217345780889 ) ) ;
#1794 = ORIENTED_EDGE ( 'NONE', *, *, #3420, .F. ) ;
#1795 = VERTEX_POINT ( 'NONE', #5187 ) ;
#1796 = CARTESIAN_POINT ( 'NONE',  ( 2.600000000000000089, -1.392080689683685923, -1.369023336992409856 ) ) ;
#1797 = LINE ( 'NONE', #75, #1769 ) ;
#1798 = LINE ( 'NONE', #868, #1675 ) ;
#1799 = VECTOR ( 'NONE', #3360, 1000.000000000000000 ) ;
#1800 = ORIENTED_EDGE ( 'NONE', *, *, #6891, .T. ) ;
#1801 = AXIS2_PLACEMENT_3D ( 'NONE', #1506, #2080, #6631 ) ;
#1802 = DIRECTION ( 'NONE',  ( 0.000000000000000000, 0.000000000000000000, -1.000000000000000000 ) ) ;
#1803 = ORIENTED_EDGE ( 'NONE', *, *, #3156, .F. ) ;
#1804 = EDGE_CURVE ( 'NONE', #57, #1410, #730, .T. ) ;
#1805 = CARTESIAN_POINT ( 'NONE',  ( -1.148018396796189888, -1.959500486849135026, 1.576617595180300091 ) ) ;
#1806 = DIRECTION ( 'NONE',  ( 0.000000000000000000, 0.000000000000000000, -1.000000000000000000 ) ) ;
#1807 = AXIS2_PLACEMENT_3D ( 'NONE', #2530, #3971, #5323 ) ;
#1808 = VERTEX_POINT ( 'NONE', #2331 ) ;
#1809 = CYLINDRICAL_SURFACE ( 'NONE', #2277, 0.05000000000000014155 ) ;
#1810 = CARTESIAN_POINT ( 'NONE',  ( -2.600000000000000089, -0.2000000000000000111, 1.149999999999999911 ) ) ;
#1811 = DIRECTION ( 'NONE',  ( 1.334402673828313043E-15, 0.000000000000000000, 1.000000000000000000 ) ) ;
#1812 = CARTESIAN_POINT ( 'NONE',  ( -0.9825851184070319988, -2.049999999999999378, 1.630539217345784664 ) ) ;
#1813 = CYLINDRICAL_SURFACE ( 'NONE', #2012, 0.1499999999999999667 ) ;
#1814 = VECTOR ( 'NONE', #3084, 1000.000000000000000 ) ;
#1815 = ORIENTED_EDGE ( 'NONE', *, *, #120, .T. ) ;
#1816 = ORIENTED_EDGE ( 'NONE', *, *, #1804, .F. ) ;
#1817 = EDGE_CURVE ( 'NONE', #6320, #3317, #3339, .T. ) ;
#1818 = ORIENTED_EDGE ( 'NONE', *, *, #5236, .T. ) ;
#1819 = CARTESIAN_POINT ( 'NONE',  ( -2.250000000000000000, -2.000000000000000000, -1.600000000000000089 ) ) ;
#1820 = DIRECTION ( 'NONE',  ( 0.000000000000000000, -1.000000000000000000, 0.000000000000000000 ) ) ;
#1821 = DIRECTION ( 'NONE',  ( 1.000000000000000000, 0.000000000000000000, 1.734723475976804976E-18 ) ) ;
#1822 = ORIENTED_EDGE ( 'NONE', *, *, #2780, .T. ) ;
#1823 = EDGE_CURVE ( 'NONE', #1889, #6707, #5798, .T. ) ;
#1824 = LINE ( 'NONE', #6372, #1969 ) ;
#1825 = DIRECTION ( 'NONE',  ( 0.000000000000000000, -1.000000000000000000, 0.000000000000000000 ) ) ;
#1826 = CARTESIAN_POINT ( 'NONE',  ( 1.207690296114370287, -0.1499999999999999944, -1.042309703885625938 ) ) ;
#1827 = CARTESIAN_POINT ( 'NONE',  ( -2.050000000000000266, -2.050000000000000266, -2.000000000000000000 ) ) ;
#1828 = CIRCLE ( 'NONE', #5812, 0.1499999999999999667 ) ;
#1829 = LINE ( 'NONE', #4501, #1903 ) ;
#1830 = ADVANCED_FACE ( 'NONE', ( #5703 ), #6193, .F. ) ;
#1831 = ORIENTED_EDGE ( 'NONE', *, *, #6596, .T. ) ;
#1832 = CARTESIAN_POINT ( 'NONE',  ( 2.550000000000000266, -2.050000000000000266, -1.657735026918959909 ) ) ;
#1833 = ORIENTED_EDGE ( 'NONE', *, *, #4022, .F. ) ;
#1834 = ORIENTED_EDGE ( 'NONE', *, *, #2390, .T. ) ;
#1835 = ORIENTED_EDGE ( 'NONE', *, *, #7099, .F. ) ;
#1836 = ORIENTED_EDGE ( 'NONE', *, *, #5518, .F. ) ;
#1837 = EDGE_CURVE ( 'NONE', #6159, #6503, #5739, .T. ) ;
#1838 = CARTESIAN_POINT ( 'NONE',  ( 2.569999999999999840, -1.283000000000000140, -0.1524999999999999967 ) ) ;
#1839 = AXIS2_PLACEMENT_3D ( 'NONE', #2356, #1691, #6893 ) ;
#1840 = PLANE ( 'NONE',  #5294 ) ;
#1841 = DIRECTION ( 'NONE',  ( -6.101831366007370336E-19, 1.000000000000000000, 0.000000000000000000 ) ) ;
#1842 = CIRCLE ( 'NONE', #7334, 0.04999999999999992645 ) ;
#1843 = CIRCLE ( 'NONE', #6243, 0.2000000000000000944 ) ;
#1844 = ORIENTED_EDGE ( 'NONE', *, *, #3987, .F. ) ;
#1845 = EDGE_CURVE ( 'NONE', #6378, #996, #834, .T. ) ;
#1846 = DIRECTION ( 'NONE',  ( 1.000000000000000000, 2.409338161078903914E-15, 0.000000000000000000 ) ) ;
#1847 = EDGE_LOOP ( 'NONE', ( #2081, #6253, #4415, #3815 ) ) ;
#1848 = ORIENTED_EDGE ( 'NONE', *, *, #2363, .T. ) ;
#1849 = DIRECTION ( 'NONE',  ( 0.000000000000000000, 0.000000000000000000, -1.000000000000000000 ) ) ;
#1850 = ADVANCED_FACE ( 'NONE', ( #5752 ), #1509, .T. ) ;
#1851 = EDGE_LOOP ( 'NONE', ( #4575, #2009, #5600, #2324 ) ) ;
#1852 = CARTESIAN_POINT ( 'NONE',  ( 2.750000000000000000, -0.5000000000000000000, -1.149999999999999911 ) ) ;
#1853 = ORIENTED_EDGE ( 'NONE', *, *, #1481, .T. ) ;
#1854 = CARTESIAN_POINT ( 'NONE',  ( -2.550000000000000266, -2.000000000000000000, 0.9268854014666390029 ) ) ;
#1855 = LINE ( 'NONE', #1896, #1941 ) ;
#1856 = EDGE_CURVE ( 'NONE', #3402, #7189, #864, .T. ) ;
#1857 = CYLINDRICAL_SURFACE ( 'NONE', #4115, 0.04999999999999991257 ) ;
#1858 = VERTEX_POINT ( 'NONE', #331 ) ;
#1859 = CARTESIAN_POINT ( 'NONE',  ( 2.250000000000000000, -0.2999999999999999889, 0.9499999999999999556 ) ) ;
#1860 = DIRECTION ( 'NONE',  ( 3.492091521979735616E-15, -1.000000000000000000, 0.000000000000000000 ) ) ;
#1861 = ORIENTED_EDGE ( 'NONE', *, *, #4906, .F. ) ;
#1862 = EDGE_CURVE ( 'NONE', #7324, #1477, #902, .T. ) ;
#1863 = VERTEX_POINT ( 'NONE', #6379 ) ;
#1864 = VERTEX_POINT ( 'NONE', #3657 ) ;
#1865 = CARTESIAN_POINT ( 'NONE',  ( 2.564000000000000057, -1.324999999999999956, 0.1000000000000000056 ) ) ;
#1866 = DIRECTION ( 'NONE',  ( 0.000000000000000000, 0.000000000000000000, 1.000000000000000000 ) ) ;
#1867 = ORIENTED_EDGE ( 'NONE', *, *, #1913, .F. ) ;
#1868 = AXIS2_PLACEMENT_3D ( 'NONE', #885, #2916, #4624 ) ;
#1869 = ORIENTED_EDGE ( 'NONE', *, *, #415, .F. ) ;
#1870 = B_SPLINE_CURVE_WITH_KNOTS ( 'NONE', 3,
 ( #3424, #4666, #5851, #5707, #6256, #2506 ),
 .UNSPECIFIED., .F., .F.,
 ( 4, 2, 4 ),
 ( 0.000000000000000000, 0.4999999999999973910, 1.000000000000000000 ),
 .UNSPECIFIED. ) ;
#1871 = CARTESIAN_POINT ( 'NONE',  ( -2.564000000000000057, -1.080000000000000071, -0.5020000000000000018 ) ) ;
#1872 = CARTESIAN_POINT ( 'NONE',  ( 1.712569035355499869, -1.667465589080795008, 1.350276141422021903 ) ) ;
#1873 = DIRECTION ( 'NONE',  ( 0.000000000000000000, 1.000000000000000000, 0.000000000000000000 ) ) ;
#1874 = VECTOR ( 'NONE', #4763, 1000.000000000000000 ) ;
#1875 = FACE_OUTER_BOUND ( 'NONE', #5074, .T. ) ;
#1876 = ORIENTED_EDGE ( 'NONE', *, *, #7290, .F. ) ;
#1877 = EDGE_LOOP ( 'NONE', ( #4975, #569, #2238, #504 ) ) ;
#1878 = EDGE_LOOP ( 'NONE', ( #1949, #1895, #1618, #5568 ) ) ;
#1879 = ORIENTED_EDGE ( 'NONE', *, *, #1898, .F. ) ;
#1880 = CARTESIAN_POINT ( 'NONE',  ( -2.350000000000000089, -2.000000000000000000, -0.3600000000000000422 ) ) ;
#1881 = DIRECTION ( 'NONE',  ( 0.000000000000000000, 0.000000000000000000, -1.000000000000000000 ) ) ;
#1882 = EDGE_LOOP ( 'NONE', ( #6242, #2158 ) ) ;
#1883 = CARTESIAN_POINT ( 'NONE',  ( 2.620000000000000107, -0.5000000000000000000, -0.3099999999999999978 ) ) ;
#1884 = ORIENTED_EDGE ( 'NONE', *, *, #2845, .T. ) ;
#1885 = CARTESIAN_POINT ( 'NONE',  ( 2.750000000000000000, -2.160000000000000142, -0.5400000000000000355 ) ) ;
#1886 = DIRECTION ( 'NONE',  ( -1.000000000000000000, 0.000000000000000000, 0.000000000000000000 ) ) ;
#1887 = CIRCLE ( 'NONE', #4955, 0.1499999999999999667 ) ;
#1888 = VECTOR ( 'NONE', #4155, 1000.000000000000000 ) ;
#1889 = VERTEX_POINT ( 'NONE', #2529 ) ;
#1890 = CARTESIAN_POINT ( 'NONE',  ( -2.250000000000000000, -2.000000000000000000, -1.600000000000000089 ) ) ;
#1891 = VERTEX_POINT ( 'NONE', #4261 ) ;
#1892 = EDGE_LOOP ( 'NONE', ( #6011, #3270, #3527, #6103, #1933, #5969, #1091, #3368, #6123, #4397, #6265, #1362, #6191, #4771 ) ) ;
#1893 = ORIENTED_EDGE ( 'NONE', *, *, #5249, .T. ) ;
#1894 = ORIENTED_EDGE ( 'NONE', *, *, #1425, .T. ) ;
#1895 = ORIENTED_EDGE ( 'NONE', *, *, #1898, .T. ) ;
#1896 = CARTESIAN_POINT ( 'NONE',  ( -1.870190296114370154, -0.5742640687119289211, 1.704809703885624916 ) ) ;
#1897 = PLANE ( 'NONE',  #3880 ) ;
#1898 = EDGE_CURVE ( 'NONE', #3164, #6765, #3111, .T. ) ;
#1899 = CARTESIAN_POINT ( 'NONE',  ( 2.600000000000000089, -1.564718210309564927, -1.469999999999999973 ) ) ;
#1900 = AXIS2_PLACEMENT_3D ( 'NONE', #4977, #1612, #6655 ) ;
#1901 = DIRECTION ( 'NONE',  ( 0.000000000000000000, 0.000000000000000000, -1.000000000000000000 ) ) ;
#1902 = VECTOR ( 'NONE', #2995, 1000.000000000000000 ) ;
#1903 = VECTOR ( 'NONE', #6822, 1000.000000000000000 ) ;
#1904 = ADVANCED_FACE ( 'NONE', ( #3353 ), #3378, .F. ) ;
#1905 = VERTEX_POINT ( 'NONE', #3555 ) ;
#1906 = DIRECTION ( 'NONE',  ( 0.000000000000000000, 0.000000000000000000, 1.000000000000000000 ) ) ;
#1907 = AXIS2_PLACEMENT_3D ( 'NONE', #5121, #681, #6226 ) ;
#1908 = ORIENTED_EDGE ( 'NONE', *, *, #3720, .F. ) ;
#1909 = DIRECTION ( 'NONE',  ( -0.9976467198374248113, -0.05937816768998638306, 0.03428200109979994553 ) ) ;
#1910 = ORIENTED_EDGE ( 'NONE', *, *, #2946, .F. ) ;
#1911 = DIRECTION ( 'NONE',  ( 0.4999999999999998890, 0.8660254037844387076, -4.336808689942005114E-15 ) ) ;
#1912 = DIRECTION ( 'NONE',  ( 1.000000000000000000, -3.491481338843135327E-15, 3.554761221263949999E-16 ) ) ;
#1913 = EDGE_CURVE ( 'NONE', #653, #6523, #3365, .T. ) ;
#1914 = CIRCLE ( 'NONE', #1461, 0.4500000000000000111 ) ;
#1915 = AXIS2_PLACEMENT_3D ( 'NONE', #5922, #3121, #2075 ) ;
#1916 = VECTOR ( 'NONE', #2621, 1000.000000000000000 ) ;
#1917 = ORIENTED_EDGE ( 'NONE', *, *, #4690, .T. ) ;
#1918 = CARTESIAN_POINT ( 'NONE',  ( -2.750000000000000000, -2.168404344971009854E-16, -1.800000000000000044 ) ) ;
#1919 = CARTESIAN_POINT ( 'NONE',  ( -2.660000000000000142, -0.3000000000000094813, 0.1524999999999999967 ) ) ;
#1920 = VERTEX_POINT ( 'NONE', #2036 ) ;
#1921 = ORIENTED_EDGE ( 'NONE', *, *, #622, .T. ) ;
#1922 = ADVANCED_FACE ( 'NONE', ( #5823 ), #5603, .T. ) ;
#1923 = CARTESIAN_POINT ( 'NONE',  ( -2.750000000000000000, -1.959999999999999964, 1.270000000000000018 ) ) ;
#1924 =( NAMED_UNIT ( * ) PLANE_ANGLE_UNIT ( ) SI_UNIT ( $, .RADIAN. ) );
#1925 = ORIENTED_EDGE ( 'NONE', *, *, #6039, .F. ) ;
#1926 = DIRECTION ( 'NONE',  ( 0.000000000000000000, -1.000000000000000000, -3.256943326146453348E-16 ) ) ;
#1927 = CARTESIAN_POINT ( 'NONE',  ( -2.419999999999999929, -0.2999999999999999889, -0.2000000000000000111 ) ) ;
#1928 = EDGE_CURVE ( 'NONE', #2047, #2895, #3157, .T. ) ;
#1929 = CARTESIAN_POINT ( 'NONE',  ( -2.419999999999999929, -1.080000000000000071, 0.2500000000000000000 ) ) ;
#1930 = CYLINDRICAL_SURFACE ( 'NONE', #6877, 0.5000000000000000000 ) ;
#1931 = LINE ( 'NONE', #5418, #4293 ) ;
#1932 = EDGE_CURVE ( 'NONE', #4942, #4996, #5793, .T. ) ;
#1933 = ORIENTED_EDGE ( 'NONE', *, *, #4748, .T. ) ;
#1934 = ORIENTED_EDGE ( 'NONE', *, *, #7077, .F. ) ;
#1935 = CARTESIAN_POINT ( 'NONE',  ( 2.350000000000000089, -2.000000000000000000, 0.3331145985333610060 ) ) ;
#1936 = ORIENTED_EDGE ( 'NONE', *, *, #3094, .T. ) ;
#1937 = CARTESIAN_POINT ( 'NONE',  ( -2.248513359643114828, -2.024999999999999911, -1.614433756729739988 ) ) ;
#1938 = ORIENTED_EDGE ( 'NONE', *, *, #6208, .T. ) ;
#1939 = DIRECTION ( 'NONE',  ( 1.000000000000000000, 0.000000000000000000, 0.000000000000000000 ) ) ;
#1940 = DIRECTION ( 'NONE',  ( 0.000000000000000000, -1.000000000000000000, 0.000000000000000000 ) ) ;
#1941 = VECTOR ( 'NONE', #6492, 1000.000000000000000 ) ;
#1942 = VECTOR ( 'NONE', #2488, 1000.000000000000000 ) ;
#1943 = CARTESIAN_POINT ( 'NONE',  ( -2.550000000000000266, -1.959999999999999964, 1.800000000000000044 ) ) ;
#1944 = VERTEX_POINT ( 'NONE', #6778 ) ;
#1945 = ORIENTED_EDGE ( 'NONE', *, *, #5777, .T. ) ;
#1946 = EDGE_CURVE ( 'NONE', #1606, #1593, #5672, .T. ) ;
#1947 = ORIENTED_EDGE ( 'NONE', *, *, #452, .T. ) ;
#1948 = ORIENTED_EDGE ( 'NONE', *, *, #6197, .F. ) ;
#1949 = ORIENTED_EDGE ( 'NONE', *, *, #6780, .T. ) ;
#1950 = CARTESIAN_POINT ( 'NONE',  ( -2.419999999999999929, -0.2999999999999999889, 0.2000000000000000111 ) ) ;
#1951 = DIRECTION ( 'NONE',  ( 1.000000000000000000, 0.000000000000000000, 0.000000000000000000 ) ) ;
#1952 = EDGE_CURVE ( 'NONE', #6399, #1603, #3234, .T. ) ;
#1953 = DIRECTION ( 'NONE',  ( 0.000000000000000000, -1.000000000000000000, 0.000000000000000000 ) ) ;
#1954 = PLANE ( 'NONE',  #5764 ) ;
#1955 = AXIS2_PLACEMENT_3D ( 'NONE', #7277, #2779, #6594 ) ;
#1956 = AXIS2_PLACEMENT_3D ( 'NONE', #4211, #4262, #4317 ) ;
#1957 = LINE ( 'NONE', #5254, #2259 ) ;
#1958 = LINE ( 'NONE', #5326, #4425 ) ;
#1959 = ORIENTED_EDGE ( 'NONE', *, *, #4428, .F. ) ;
#1960 = DIRECTION ( 'NONE',  ( -1.000000000000000000, -6.101831366007370336E-19, 0.000000000000000000 ) ) ;
#1961 = ORIENTED_EDGE ( 'NONE', *, *, #1735, .F. ) ;
#1962 = DIRECTION ( 'NONE',  ( 0.000000000000000000, 0.000000000000000000, 1.000000000000000000 ) ) ;
#1963 = DIRECTION ( 'NONE',  ( 0.000000000000000000, 0.000000000000000000, 1.000000000000000000 ) ) ;
#1964 = EDGE_LOOP ( 'NONE', ( #3707, #4683, #2726, #2806 ) ) ;
#1965 = DIRECTION ( 'NONE',  ( -1.734723475976804976E-18, -4.336808689942014847E-19, 1.000000000000000000 ) ) ;
#1966 = DIRECTION ( 'NONE',  ( 0.000000000000000000, -1.000000000000000000, 0.000000000000000000 ) ) ;
#1967 = AXIS2_PLACEMENT_3D ( 'NONE', #2217, #7149, #2800 ) ;
#1968 = EDGE_CURVE ( 'NONE', #6691, #6129, #5765, .T. ) ;
#1969 = VECTOR ( 'NONE', #276, 1000.000000000000000 ) ;
#1970 = VECTOR ( 'NONE', #1086, 1000.000000000000000 ) ;
#1971 = FACE_OUTER_BOUND ( 'NONE', #3464, .T. ) ;
#1972 = ADVANCED_FACE ( 'NONE', ( #3197 ), #1098, .T. ) ;
#1973 = CARTESIAN_POINT ( 'NONE',  ( -2.100000000000000089, -0.5742640687119289211, -1.474999999999999867 ) ) ;
#1974 = CARTESIAN_POINT ( 'NONE',  ( -2.550000000000000266, -2.000000000000000000, 0.9268854014666390029 ) ) ;
#1975 = EDGE_LOOP ( 'NONE', ( #2138, #4967, #6599, #2312 ) ) ;
#1976 = CARTESIAN_POINT ( 'NONE',  ( -2.250000000000000000, -0.5000000000000000000, 0.9499999999999999556 ) ) ;
#1977 = PRODUCT_CONTEXT ( 'NONE', #7001, 'mechanical' ) ;
#1978 = VERTEX_POINT ( 'NONE', #4 ) ;
#1979 = CLOSED_SHELL ( 'NONE', ( #7070, #3935, #1760, #7075, #6119, #5363, #6395, #1778, #6961, #1508, #4110, #2197, #7326, #2666, #2597, #2920, #2721, #7248, #6026, #6282, #7264, #2480, #7152, #151, #2877, #3577, #3274, #4785, #592, #3451, #1203, #5009, #5720, #1285, #866, #7091, #6464, #4371, #544, #5211, #4399, #2339, #7202, #256, #4534, #3699, #799, #427, #2543, #4236, #3038, #1601, #1640, #5499, #3838, #5590, #6545, #4843, #1222, #4036, #4901, #5766, #6092, #969, #68, #5320, #5956, #3822 ) ) ;
#1980 = CARTESIAN_POINT ( 'NONE',  ( 2.399999999999999911, -3.861077027627485059, -0.9268854014666360053 ) ) ;
#1981 = DIRECTION ( 'NONE',  ( 1.734723475976804976E-18, 4.336808689942014847E-19, -1.000000000000000000 ) ) ;
#1982 = LINE ( 'NONE', #384, #6903 ) ;
#1983 = LINE ( 'NONE', #1687, #6894 ) ;
#1984 = VECTOR ( 'NONE', #2929, 1000.000000000000114 ) ;
#1985 = EDGE_CURVE ( 'NONE', #288, #7349, #759, .T. ) ;
#1986 = ORIENTED_EDGE ( 'NONE', *, *, #5055, .F. ) ;
#1987 = ADVANCED_FACE ( 'NONE', ( #3171 ), #5620, .F. ) ;
#1988 = CARTESIAN_POINT ( 'NONE',  ( -2.569999999999999840, -1.525000000000000133, 0.1000000000000000056 ) ) ;
#1989 = DIRECTION ( 'NONE',  ( 0.000000000000000000, -1.777380610631974753E-16, 1.000000000000000000 ) ) ;
#1990 = EDGE_LOOP ( 'NONE', ( #3977, #5111, #1706, #5024 ) ) ;
#1991 = CARTESIAN_POINT ( 'NONE',  ( 2.600000000000000089, -2.010000000000000231, -1.149999999999999911 ) ) ;
#1992 = CIRCLE ( 'NONE', #436, 0.4020000000000000240 ) ;
#1993 = DIRECTION ( 'NONE',  ( 2.891205793294679017E-15, 0.000000000000000000, 1.000000000000000000 ) ) ;
#1994 = FACE_OUTER_BOUND ( 'NONE', #1892, .T. ) ;
#1995 = VECTOR ( 'NONE', #2360, 1000.000000000000000 ) ;
#1996 = CARTESIAN_POINT ( 'NONE',  ( -2.419999999999999929, -1.534999999999999920, -0.1000000000000000056 ) ) ;
#1997 = VERTEX_POINT ( 'NONE', #2295 ) ;
#1998 = EDGE_CURVE ( 'NONE', #2896, #4890, #5715, .T. ) ;
#1999 = AXIS2_PLACEMENT_3D ( 'NONE', #2258, #532, #583 ) ;
#2000 = ORIENTED_EDGE ( 'NONE', *, *, #5866, .T. ) ;
#2001 = DIRECTION ( 'NONE',  ( -3.491481338843135327E-15, -1.000000000000000000, 0.000000000000000000 ) ) ;
#2002 = CARTESIAN_POINT ( 'NONE',  ( 2.550000000000000266, -0.2000000000000000111, -1.800000000000000044 ) ) ;
#2003 = DIRECTION ( 'NONE',  ( -1.734723475976804976E-18, -4.336808689942014847E-19, 1.000000000000000000 ) ) ;
#2004 = FACE_OUTER_BOUND ( 'NONE', #5656, .T. ) ;
#2005 = CARTESIAN_POINT ( 'NONE',  ( 1.162006473417547925, -1.985333032421400024, -1.600000000000000089 ) ) ;
#2006 = DIRECTION ( 'NONE',  ( 1.000000000000000000, 0.000000000000000000, 0.000000000000000000 ) ) ;
#2007 = LINE ( 'NONE', #548, #4410 ) ;
#2008 = LINE ( 'NONE', #6404, #4654 ) ;
#2009 = ORIENTED_EDGE ( 'NONE', *, *, #3461, .F. ) ;
#2010 = DIRECTION ( 'NONE',  ( 1.000000000000000000, 0.000000000000000000, 0.000000000000000000 ) ) ;
#2011 = UNCERTAINTY_MEASURE_WITH_UNIT (LENGTH_MEASURE( 1.000000000000000082E-05 ), #5165, 'distance_accuracy_value', 'NONE');
#2012 = AXIS2_PLACEMENT_3D ( 'NONE', #4610, #5701, #154 ) ;
#2013 = VERTEX_POINT ( 'NONE', #1300 ) ;
#2014 = DIRECTION ( 'NONE',  ( 0.000000000000000000, -0.5000000000000003331, -0.8660254037844384856 ) ) ;
#2015 = CARTESIAN_POINT ( 'NONE',  ( 1.162006473417547925, -1.960333032421400112, -1.577098265590559878 ) ) ;
#2016 = ORIENTED_EDGE ( 'NONE', *, *, #1223, .F. ) ;
#2017 = DIRECTION ( 'NONE',  ( 0.000000000000000000, 1.000000000000000000, 0.000000000000000000 ) ) ;
#2018 = EDGE_CURVE ( 'NONE', #4994, #4950, #851, .T. ) ;
#2019 = DIRECTION ( 'NONE',  ( 0.000000000000000000, 1.000000000000000000, 0.000000000000000000 ) ) ;
#2020 = FACE_BOUND ( 'NONE', #4919, .T. ) ;
#2021 = CIRCLE ( 'NONE', #5725, 0.05000000000000002359 ) ;
#2022 = VECTOR ( 'NONE', #1231, 1000.000000000000000 ) ;
#2023 = DIRECTION ( 'NONE',  ( -1.000000000000000000, 0.000000000000000000, 0.000000000000000000 ) ) ;
#2024 = ORIENTED_EDGE ( 'NONE', *, *, #2838, .F. ) ;
#2025 = CARTESIAN_POINT ( 'NONE',  ( 0.9598159935051678859, -2.044332733507339572, 1.600609367199555155 ) ) ;
#2026 = ORIENTED_EDGE ( 'NONE', *, *, #5259, .F. ) ;
#2027 = ORIENTED_EDGE ( 'NONE', *, *, #5377, .T. ) ;
#2028 = CARTESIAN_POINT ( 'NONE',  ( -2.569999999999999840, -1.525000000000000133, 0.1000000000000000056 ) ) ;
#2029 = CARTESIAN_POINT ( 'NONE',  ( -2.449999999999999734, -0.3000000000000084821, -0.1524999999999999967 ) ) ;
#2030 = EDGE_CURVE ( 'NONE', #7237, #3014, #5565, .T. ) ;
#2031 = AXIS2_PLACEMENT_3D ( 'NONE', #7021, #809, #3948 ) ;
#2032 = LINE ( 'NONE', #6439, #6999 ) ;
#2033 = VECTOR ( 'NONE', #7172, 1000.000000000000000 ) ;
#2034 = ADVANCED_FACE ( 'NONE', ( #659 ), #3222, .T. ) ;
#2035 = ORIENTED_EDGE ( 'NONE', *, *, #2042, .T. ) ;
#2036 = CARTESIAN_POINT ( 'NONE',  ( 2.750000000000000000, -0.2999999999999999889, 1.149999999999999911 ) ) ;
#2037 = EDGE_LOOP ( 'NONE', ( #6807, #4255, #5975, #4215, #6724, #3438, #4269, #6054 ) ) ;
#2038 = DIRECTION ( 'NONE',  ( 0.000000000000000000, 0.000000000000000000, -1.000000000000000000 ) ) ;
#2039 = VERTEX_POINT ( 'NONE', #3896 ) ;
#2040 = DIRECTION ( 'NONE',  ( -1.000000000000000000, 0.000000000000000000, 0.000000000000000000 ) ) ;
#2041 = CARTESIAN_POINT ( 'NONE',  ( -2.569999999999999840, -0.3000000000000089817, 0.1524999999999999967 ) ) ;
#2042 = EDGE_CURVE ( 'NONE', #4692, #6045, #5631, .T. ) ;
#2043 = CIRCLE ( 'NONE', #2223, 0.2000000000000000944 ) ;
#2044 = CARTESIAN_POINT ( 'NONE',  ( -2.564000000000000057, -0.5000000000000000000, 0.5020000000000000018 ) ) ;
#2045 = FACE_OUTER_BOUND ( 'NONE', #2466, .T. ) ;
#2046 = DIRECTION ( 'NONE',  ( 1.000000000000000000, 0.000000000000000000, 0.000000000000000000 ) ) ;
#2047 = VERTEX_POINT ( 'NONE', #4134 ) ;
#2048 = PLANE ( 'NONE',  #185 ) ;
#2049 = EDGE_CURVE ( 'NONE', #5861, #3061, #3300, .T. ) ;
#2050 = EDGE_LOOP ( 'NONE', ( #3580, #5229, #4718, #5974 ) ) ;
#2051 = ADVANCED_FACE ( 'NONE', ( #746 ), #786, .F. ) ;
#2052 = ORIENTED_EDGE ( 'NONE', *, *, #369, .F. ) ;
#2053 = DIRECTION ( 'NONE',  ( -0.8320502943378537131, -0.4803844614152588677, -0.2773500981125889275 ) ) ;
#2054 = CARTESIAN_POINT ( 'NONE',  ( 2.569999999999999840, -0.3499999999999999778, 0.2000000000000000111 ) ) ;
#2055 = VECTOR ( 'NONE', #2540, 1000.000000000000000 ) ;
#2056 = CARTESIAN_POINT ( 'NONE',  ( -1.870190296114370154, -0.5742640687119289211, 1.245190296114374151 ) ) ;
#2057 = CARTESIAN_POINT ( 'NONE',  ( -2.100000000000000089, -2.168404344971009854E-16, 1.474999999999999867 ) ) ;
#2058 = DIRECTION ( 'NONE',  ( 0.000000000000000000, 0.000000000000000000, -1.000000000000000000 ) ) ;
#2059 = AXIS2_PLACEMENT_3D ( 'NONE', #4302, #6065, #407 ) ;
#2060 = ORIENTED_EDGE ( 'NONE', *, *, #4418, .F. ) ;
#2061 = PLANE ( 'NONE',  #6572 ) ;
#2062 = DIRECTION ( 'NONE',  ( 1.000000000000000000, 0.000000000000000000, 0.000000000000000000 ) ) ;
#2063 = EDGE_LOOP ( 'NONE', ( #2907, #2508, #6965, #7275 ) ) ;
#2064 = DIRECTION ( 'NONE',  ( 1.000000000000000000, 6.101831366007240336E-19, 0.000000000000000000 ) ) ;
#2065 = CARTESIAN_POINT ( 'NONE',  ( -2.100000000000000089, -2.168404344971009854E-16, -1.324999999999999956 ) ) ;
#2066 = CIRCLE ( 'NONE', #3293, 0.1999999999999999833 ) ;
#2067 = LINE ( 'NONE', #4091, #4529 ) ;
#2068 = ORIENTED_EDGE ( 'NONE', *, *, #2728, .T. ) ;
#2069 = CARTESIAN_POINT ( 'NONE',  ( -2.600000000000000089, -0.2000000000000000111, -1.149999999999999911 ) ) ;
#2070 = PLANE ( 'NONE',  #6294 ) ;
#2071 = ORIENTED_EDGE ( 'NONE', *, *, #1562, .F. ) ;
#2072 = CARTESIAN_POINT ( 'NONE',  ( 2.600000000000000089, -0.1499999999999999944, -1.800000000000000044 ) ) ;
#2073 = CARTESIAN_POINT ( 'NONE',  ( -2.605999999999999872, -1.324999999999999956, 0.3479999999999999760 ) ) ;
#2074 = EDGE_LOOP ( 'NONE', ( #3550, #6820, #7169, #5295 ) ) ;
#2075 = DIRECTION ( 'NONE',  ( 0.000000000000000000, 4.336808689941541068E-19, -1.000000000000000000 ) ) ;
#2076 = CARTESIAN_POINT ( 'NONE',  ( -2.550000000000000266, -1.959999999999999964, 1.270000000000000018 ) ) ;
#2077 = EDGE_CURVE ( 'NONE', #5814, #506, #5685, .T. ) ;
#2078 = LINE ( 'NONE', #246, #2126 ) ;
#2079 = VECTOR ( 'NONE', #3682, 1000.000000000000000 ) ;
#2080 = DIRECTION ( 'NONE',  ( -1.000000000000000000, -6.101831366007240336E-19, 0.000000000000000000 ) ) ;
#2081 = ORIENTED_EDGE ( 'NONE', *, *, #758, .T. ) ;
#2082 = CARTESIAN_POINT ( 'NONE',  ( -2.750000000000000000, -0.5000000000000000000, 1.149999999999999911 ) ) ;
#2083 = EDGE_LOOP ( 'NONE', ( #164, #5216, #5964, #1005 ) ) ;
#2084 = AXIS2_PLACEMENT_3D ( 'NONE', #4183, #4337, #3145 ) ;
#2085 = DIRECTION ( 'NONE',  ( -1.000000000000000000, 0.000000000000000000, 0.000000000000000000 ) ) ;
#2086 = ORIENTED_EDGE ( 'NONE', *, *, #2220, .T. ) ;
#2087 = FACE_OUTER_BOUND ( 'NONE', #7309, .T. ) ;
#2088 = DIRECTION ( 'NONE',  ( 0.000000000000000000, -4.336808689942014847E-19, 1.000000000000000000 ) ) ;
#2089 = EDGE_CURVE ( 'NONE', #1905, #994, #5746, .T. ) ;
#2090 = AXIS2_PLACEMENT_3D ( 'NONE', #3362, #1773, #3931 ) ;
#2091 = FACE_OUTER_BOUND ( 'NONE', #1646, .T. ) ;
#2092 = CARTESIAN_POINT ( 'NONE',  ( 2.449999999999999734, -9.202165938970718884E-15, 0.1524999999999999967 ) ) ;
#2093 = ORIENTED_EDGE ( 'NONE', *, *, #4538, .T. ) ;
#2094 = ADVANCED_FACE ( 'NONE', ( #724 ), #3249, .T. ) ;
#2095 = CARTESIAN_POINT ( 'NONE',  ( 1.162006473417547925, -1.985333032421400024, 1.533796995401334851 ) ) ;
#2096 = ORIENTED_EDGE ( 'NONE', *, *, #4662, .F. ) ;
#2097 = ORIENTED_EDGE ( 'NONE', *, *, #2504, .T. ) ;
#2098 = CARTESIAN_POINT ( 'NONE',  ( 2.100000000000000089, -2.168404344971009854E-16, 1.474999999999999867 ) ) ;
#2099 = ORIENTED_EDGE ( 'NONE', *, *, #1323, .T. ) ;
#2100 =( NAMED_UNIT ( * ) SI_UNIT ( $, .STERADIAN. ) SOLID_ANGLE_UNIT ( ) );
#2101 = VERTEX_POINT ( 'NONE', #6984 ) ;
#2102 = EDGE_CURVE ( 'NONE', #4793, #4129, #5811, .T. ) ;
#2103 = FACE_OUTER_BOUND ( 'NONE', #2796, .T. ) ;
#2104 = CARTESIAN_POINT ( 'NONE',  ( 2.620000000000000107, -1.525000000000000133, 5.086846471886899569E-19 ) ) ;
#2105 = DIRECTION ( 'NONE',  ( 0.000000000000000000, 0.000000000000000000, 1.000000000000000000 ) ) ;
#2106 = FACE_OUTER_BOUND ( 'NONE', #5507, .T. ) ;
#2107 = EDGE_CURVE ( 'NONE', #945, #10, #3311, .T. ) ;
#2108 = DIRECTION ( 'NONE',  ( 0.000000000000000000, 0.000000000000000000, 1.000000000000000000 ) ) ;
#2109 = ORIENTED_EDGE ( 'NONE', *, *, #2479, .T. ) ;
#2110 = CARTESIAN_POINT ( 'NONE',  ( 2.449999999999999734, -0.1800000000000090139, 1.066724296938622048E-15 ) ) ;
#2111 = ADVANCED_FACE ( 'NONE', ( #884 ), #867, .T. ) ;
#2112 = DIRECTION ( 'NONE',  ( -0.8320502943378477179, -0.4803844614152558701, -0.2773500981126119092 ) ) ;
#2113 = ORIENTED_EDGE ( 'NONE', *, *, #7178, .F. ) ;
#2114 = DIRECTION ( 'NONE',  ( 1.000000000000000000, 0.000000000000000000, 0.000000000000000000 ) ) ;
#2115 = PLANE ( 'NONE',  #2343 ) ;
#2116 = FACE_OUTER_BOUND ( 'NONE', #6221, .T. ) ;
#2117 = CYLINDRICAL_SURFACE ( 'NONE', #4914, 0.05000000000000012768 ) ;
#2118 = DIRECTION ( 'NONE',  ( 6.101831366007370336E-19, -1.000000000000000000, -4.336808689942014847E-19 ) ) ;
#2119 = DIRECTION ( 'NONE',  ( 0.000000000000000000, 0.000000000000000000, 1.000000000000000000 ) ) ;
#2120 = EDGE_CURVE ( 'NONE', #3927, #6912, #827, .T. ) ;
#2121 = ORIENTED_EDGE ( 'NONE', *, *, #3642, .T. ) ;
#2122 = DIRECTION ( 'NONE',  ( 0.000000000000000000, 1.000000000000000000, 0.000000000000000000 ) ) ;
#2123 = ORIENTED_EDGE ( 'NONE', *, *, #3479, .F. ) ;
#2124 = CARTESIAN_POINT ( 'NONE',  ( 2.449999999999999734, -9.147955830346438929E-15, 1.098717147929999949E-15 ) ) ;
#2125 = EDGE_CURVE ( 'NONE', #3796, #1606, #648, .T. ) ;
#2126 = VECTOR ( 'NONE', #2396, 1000.000000000000000 ) ;
#2127 = AXIS2_PLACEMENT_3D ( 'NONE', #4649, #91, #38 ) ;
#2128 = LINE ( 'NONE', #829, #2165 ) ;
#2129 = DIRECTION ( 'NONE',  ( 3.491481338843135327E-15, 1.000000000000000000, 0.000000000000000000 ) ) ;
#2130 = VECTOR ( 'NONE', #6199, 1000.000000000000000 ) ;
#2131 = ORIENTED_EDGE ( 'NONE', *, *, #878, .F. ) ;
#2132 = DIRECTION ( 'NONE',  ( 0.000000000000000000, 0.000000000000000000, -1.000000000000000000 ) ) ;
#2133 = DIRECTION ( 'NONE',  ( 0.000000000000000000, 1.000000000000000000, 0.000000000000000000 ) ) ;
#2134 = EDGE_LOOP ( 'NONE', ( #5721, #6689, #5571, #6678, #1945, #5675, #1124, #5526, #6624, #3382, #877, #6713, #4146, #1665, #3486, #6606, #3120, #4322, #933, #1959 ) ) ;
#2135 = EDGE_CURVE ( 'NONE', #1714, #7118, #802, .T. ) ;
#2136 = EDGE_LOOP ( 'NONE', ( #5925, #1894, #4298, #971 ) ) ;
#2137 = ADVANCED_FACE ( 'NONE', ( #3262 ), #1954, .F. ) ;
#2138 = ORIENTED_EDGE ( 'NONE', *, *, #5006, .T. ) ;
#2139 = AXIS2_PLACEMENT_3D ( 'NONE', #7139, #4882, #6615 ) ;
#2140 = EDGE_CURVE ( 'NONE', #2535, #3254, #3184, .T. ) ;
#2141 = CIRCLE ( 'NONE', #5197, 0.2000000000000000944 ) ;
#2142 = CARTESIAN_POINT ( 'NONE',  ( 1.050000000000000044, -2.050000000000000266, 1.657735026918965016 ) ) ;
#2143 = FACE_OUTER_BOUND ( 'NONE', #2533, .T. ) ;
#2144 = CARTESIAN_POINT ( 'NONE',  ( 1.750000000000000000, 0.8400000000000000799, 1.699999999999999956 ) ) ;
#2145 = AXIS2_PLACEMENT_3D ( 'NONE', #6312, #5395, #1911 ) ;
#2146 = STYLED_ITEM ( 'NONE', ( #3432 ), #4153 ) ;
#2147 = DIRECTION ( 'NONE',  ( -6.101831366007370336E-19, 1.000000000000000000, 0.000000000000000000 ) ) ;
#2148 = EDGE_CURVE ( 'NONE', #4579, #1189, #5589, .T. ) ;
#2149 = ORIENTED_EDGE ( 'NONE', *, *, #6719, .T. ) ;
#2150 = AXIS2_PLACEMENT_3D ( 'NONE', #1152, #5652, #3417 ) ;
#2151 = ORIENTED_EDGE ( 'NONE', *, *, #6639, .T. ) ;
#2152 = FACE_OUTER_BOUND ( 'NONE', #2195, .T. ) ;
#2153 = DIRECTION ( 'NONE',  ( 1.734723475976804976E-18, 4.336808689942014847E-19, -1.000000000000000000 ) ) ;
#2154 = DIRECTION ( 'NONE',  ( 0.000000000000000000, 0.000000000000000000, -1.000000000000000000 ) ) ;
#2155 = LINE ( 'NONE', #3180, #2229 ) ;
#2156 = ADVANCED_FACE ( 'NONE', ( #3285 ), #6449, .F. ) ;
#2157 = DIRECTION ( 'NONE',  ( -1.000000000000000000, 0.000000000000000000, 2.115516434118059681E-16 ) ) ;
#2158 = ORIENTED_EDGE ( 'NONE', *, *, #2194, .T. ) ;
#2159 = CARTESIAN_POINT ( 'NONE',  ( -2.750000000000000000, -2.168404344971009854E-16, 1.800000000000000044 ) ) ;
#2160 = CARTESIAN_POINT ( 'NONE',  ( -2.550000000000000266, -1.775000000000000133, 0.1000000000000000056 ) ) ;
#2161 = ORIENTED_EDGE ( 'NONE', *, *, #5563, .T. ) ;
#2162 = CARTESIAN_POINT ( 'NONE',  ( 2.100000000000000089, -0.5742640687119289211, 1.324999999999999956 ) ) ;
#2163 = CARTESIAN_POINT ( 'NONE',  ( -2.419999999999999929, -0.3499999999999999778, 0.2000000000000000111 ) ) ;
#2164 = CYLINDRICAL_SURFACE ( 'NONE', #2434, 0.2999999999999999334 ) ;
#2165 = VECTOR ( 'NONE', #672, 1000.000000000000000 ) ;
#2166 = CARTESIAN_POINT ( 'NONE',  ( -1.050000000000000044, -2.000000000000000000, 1.657735026918965016 ) ) ;
#2167 = AXIS2_PLACEMENT_3D ( 'NONE', #1172, #1701, #4005 ) ;
#2168 = DIRECTION ( 'NONE',  ( -1.000000000000000000, 0.000000000000000000, 0.000000000000000000 ) ) ;
#2169 = ORIENTED_EDGE ( 'NONE', *, *, #1062, .F. ) ;
#2170 = EDGE_CURVE ( 'NONE', #4994, #1714, #894, .T. ) ;
#2171 = CARTESIAN_POINT ( 'NONE',  ( -2.419999999999999929, -0.3499999999999999778, -0.2000000000000000111 ) ) ;
#2172 = CARTESIAN_POINT ( 'NONE',  ( -1.207690296114372064, -2.168404344971009854E-16, 1.042309703885625938 ) ) ;
#2173 = AXIS2_PLACEMENT_3D ( 'NONE', #4187, #4619, #1385 ) ;
#2174 = EDGE_LOOP ( 'NONE', ( #1180, #1161, #2309, #2024 ) ) ;
#2175 = ORIENTED_EDGE ( 'NONE', *, *, #2089, .T. ) ;
#2176 = FACE_OUTER_BOUND ( 'NONE', #6620, .T. ) ;
#2177 = CIRCLE ( 'NONE', #3861, 0.2000000000000000389 ) ;
#2178 = VECTOR ( 'NONE', #2847, 1000.000000000000000 ) ;
#2179 = AXIS2_PLACEMENT_3D ( 'NONE', #5740, #3886, #6821 ) ;
#2180 = ORIENTED_EDGE ( 'NONE', *, *, #5850, .F. ) ;
#2181 = CARTESIAN_POINT ( 'NONE',  ( -2.550000000000000266, -1.775000000000000133, 2.260561529632274773E-16 ) ) ;
#2182 = DIRECTION ( 'NONE',  ( 0.000000000000000000, 0.000000000000000000, 1.000000000000000000 ) ) ;
#2183 = AXIS2_PLACEMENT_3D ( 'NONE', #79, #4589, #6808 ) ;
#2184 = ORIENTED_EDGE ( 'NONE', *, *, #1139, .F. ) ;
#2185 = DIRECTION ( 'NONE',  ( -1.000000000000000000, -6.101831366007240336E-19, -1.734723475976804976E-18 ) ) ;
#2186 = AXIS2_PLACEMENT_3D ( 'NONE', #3304, #637, #7242 ) ;
#2187 = AXIS2_PLACEMENT_3D ( 'NONE', #4202, #1177, #5726 ) ;
#2188 = CYLINDRICAL_SURFACE ( 'NONE', #3731, 0.3250000000000000111 ) ;
#2189 = CARTESIAN_POINT ( 'NONE',  ( 2.569999999999999840, -1.324999999999999956, 0.2999999999999999889 ) ) ;
#2190 = LINE ( 'NONE', #1710, #6964 ) ;
#2191 = DIRECTION ( 'NONE',  ( -1.000000000000000000, 0.000000000000000000, 0.000000000000000000 ) ) ;
#2192 = LINE ( 'NONE', #5089, #2130 ) ;
#2193 = ORIENTED_EDGE ( 'NONE', *, *, #7047, .T. ) ;
#2194 = EDGE_CURVE ( 'NONE', #4164, #7033, #3344, .T. ) ;
#2195 = EDGE_LOOP ( 'NONE', ( #4552, #5160, #6322, #46 ) ) ;
#2196 = EDGE_CURVE ( 'NONE', #3705, #994, #5660, .T. ) ;
#2197 = ADVANCED_FACE ( 'NONE', ( #904 ), #3133, .F. ) ;
#2198 = EDGE_LOOP ( 'NONE', ( #4877, #1624, #34, #3966 ) ) ;
#2199 = CARTESIAN_POINT ( 'NONE',  ( -2.605999999999999872, -0.5000000000000000000, 0.3479999999999999760 ) ) ;
#2200 = VECTOR ( 'NONE', #7094, 1000.000000000000114 ) ;
#2201 = CARTESIAN_POINT ( 'NONE',  ( 2.550000000000000266, -0.1499999999999999944, -1.149999999999999911 ) ) ;
#2202 = AXIS2_PLACEMENT_3D ( 'NONE', #6357, #4235, #1849 ) ;
#2203 = VECTOR ( 'NONE', #6306, 1000.000000000000000 ) ;
#2204 = EDGE_LOOP ( 'NONE', ( #3419, #4044, #2175, #2293 ) ) ;
#2205 = PLANE ( 'NONE',  #5695 ) ;
#2206 = CARTESIAN_POINT ( 'NONE',  ( -2.500000000000000000, -2.000000000000000000, 0.3331145985333605619 ) ) ;
#2207 = ORIENTED_EDGE ( 'NONE', *, *, #3540, .T. ) ;
#2208 = DIRECTION ( 'NONE',  ( 1.734723475976804976E-18, 3.256943326146455320E-16, -1.000000000000000000 ) ) ;
#2209 = EDGE_CURVE ( 'NONE', #6076, #7173, #5183, .T. ) ;
#2210 = DIRECTION ( 'NONE',  ( 0.000000000000000000, 1.000000000000000000, 0.000000000000000000 ) ) ;
#2211 = EDGE_CURVE ( 'NONE', #1386, #1250, #5308, .T. ) ;
#2212 = CIRCLE ( 'NONE', #4083, 0.2100000000000000200 ) ;
#2213 = DIRECTION ( 'NONE',  ( -1.000000000000000000, 0.000000000000000000, 0.000000000000000000 ) ) ;
#2214 = CIRCLE ( 'NONE', #716, 0.05000000000000002359 ) ;
#2215 = ADVANCED_FACE ( 'NONE', ( #5064 ), #5256, .T. ) ;
#2216 = CARTESIAN_POINT ( 'NONE',  ( -2.620000000000000107, -1.534999999999999920, 1.479935965442712073E-16 ) ) ;
#2217 = CARTESIAN_POINT ( 'NONE',  ( 1.162006473417547925, -1.985333032421400024, 1.533796995401334851 ) ) ;
#2218 = CIRCLE ( 'NONE', #3604, 0.09000000000000001055 ) ;
#2219 = AXIS2_PLACEMENT_3D ( 'NONE', #2839, #5029, #2931 ) ;
#2220 = EDGE_CURVE ( 'NONE', #5070, #5190, #2652, .T. ) ;
#2221 = ORIENTED_EDGE ( 'NONE', *, *, #890, .T. ) ;
#2222 = CARTESIAN_POINT ( 'NONE',  ( 2.550000000000000266, -2.050000000000000266, 1.657735026918965016 ) ) ;
#2223 = AXIS2_PLACEMENT_3D ( 'NONE', #915, #5426, #6037 ) ;
#2224 = EDGE_LOOP ( 'NONE', ( #7015, #2626, #309 ) ) ;
#2225 = DIRECTION ( 'NONE',  ( 0.000000000000000000, 0.000000000000000000, 1.000000000000000000 ) ) ;
#2226 = EDGE_LOOP ( 'NONE', ( #1525, #513 ) ) ;
#2227 = CIRCLE ( 'NONE', #4527, 0.08999999999999980238 ) ;
#2228 = DIRECTION ( 'NONE',  ( 0.000000000000000000, 0.000000000000000000, -1.000000000000000000 ) ) ;
#2229 = VECTOR ( 'NONE', #1462, 1000.000000000000000 ) ;
#2230 = VERTEX_POINT ( 'NONE', #4824 ) ;
#2231 = DIRECTION ( 'NONE',  ( -1.000000000000000000, 0.000000000000000000, 0.000000000000000000 ) ) ;
#2232 = ORIENTED_EDGE ( 'NONE', *, *, #7111, .F. ) ;
#2233 = CARTESIAN_POINT ( 'NONE',  ( -2.550000000000000266, -0.5000000000000000000, -0.5400000000000000355 ) ) ;
#2234 = DIRECTION ( 'NONE',  ( 1.000000000000000000, 0.000000000000000000, 0.000000000000000000 ) ) ;
#2235 = EDGE_CURVE ( 'NONE', #5364, #6021, #5104, .T. ) ;
#2236 = CARTESIAN_POINT ( 'NONE',  ( -2.600000000000000089, -0.2000000000000000111, -1.149999999999999911 ) ) ;
#2237 = DIRECTION ( 'NONE',  ( -0.4999999999999998890, -0.8660254037844387076, 0.000000000000000000 ) ) ;
#2238 = ORIENTED_EDGE ( 'NONE', *, *, #5128, .F. ) ;
#2239 = DIRECTION ( 'NONE',  ( 0.000000000000000000, -1.000000000000000000, 2.710505431213759606E-16 ) ) ;
#2240 = ORIENTED_EDGE ( 'NONE', *, *, #285, .T. ) ;
#2241 = AXIS2_PLACEMENT_3D ( 'NONE', #1475, #3772, #1217 ) ;
#2242 = CARTESIAN_POINT ( 'NONE',  ( 2.250000000000000000, -2.024999999999999911, -1.614433756729739988 ) ) ;
#2243 = VECTOR ( 'NONE', #6004, 1000.000000000000227 ) ;
#2244 = CARTESIAN_POINT ( 'NONE',  ( 2.550000000000000266, -0.5000000000000000000, -0.5400000000000000355 ) ) ;
#2245 = TOROIDAL_SURFACE ( 'NONE', #6735, 0.4400000000000000022, 0.2000000000000000111 ) ;
#2246 = CARTESIAN_POINT ( 'NONE',  ( -2.250000000000000000, -0.09000000000000871192, 0.1524999999999999967 ) ) ;
#2247 = ORIENTED_EDGE ( 'NONE', *, *, #2740, .F. ) ;
#2248 = CARTESIAN_POINT ( 'NONE',  ( -2.419999999999999929, -0.4500000000000000111, 0.2500000000000000000 ) ) ;
#2249 = LINE ( 'NONE', #2953, #2203 ) ;
#2250 = ORIENTED_EDGE ( 'NONE', *, *, #758, .F. ) ;
#2251 = VERTEX_POINT ( 'NONE', #1431 ) ;
#2252 = ORIENTED_EDGE ( 'NONE', *, *, #4032, .T. ) ;
#2253 = VECTOR ( 'NONE', #6217, 1000.000000000000000 ) ;
#2254 = DIRECTION ( 'NONE',  ( -1.000000000000000000, -6.101831366007240336E-19, -1.734723475976804976E-18 ) ) ;
#2255 = CARTESIAN_POINT ( 'NONE',  ( 2.750000000000000000, -2.160000000000000142, -1.800000000000000044 ) ) ;
#2256 = AXIS2_PLACEMENT_3D ( 'NONE', #2477, #6957, #4744 ) ;
#2257 = LINE ( 'NONE', #761, #4935 ) ;
#2258 = CARTESIAN_POINT ( 'NONE',  ( -2.620000000000000107, -1.324999999999999956, -0.1000000000000000056 ) ) ;
#2259 = VECTOR ( 'NONE', #5754, 1000.000000000000000 ) ;
#2260 = EDGE_LOOP ( 'NONE', ( #6343, #1369, #5112, #3476, #5906, #3963, #5521, #2716 ) ) ;
#2261 = CARTESIAN_POINT ( 'NONE',  ( -2.250000000000000000, -0.5000000000000000000, 0.000000000000000000 ) ) ;
#2262 = DIRECTION ( 'NONE',  ( 0.000000000000000000, -1.000000000000000000, 0.000000000000000000 ) ) ;
#2263 = ORIENTED_EDGE ( 'NONE', *, *, #3077, .T. ) ;
#2264 = DIRECTION ( 'NONE',  ( 1.000000000000000000, 0.000000000000000000, 0.000000000000000000 ) ) ;
#2265 = VERTEX_POINT ( 'NONE', #3673 ) ;
#2266 = AXIS2_PLACEMENT_3D ( 'NONE', #563, #4565, #2239 ) ;
#2267 = ADVANCED_FACE ( 'NONE', ( #200 ), #5385, .T. ) ;
#2268 = ORIENTED_EDGE ( 'NONE', *, *, #1584, .T. ) ;
#2269 = LINE ( 'NONE', #3444, #2341 ) ;
#2270 = EDGE_CURVE ( 'NONE', #2452, #240, #2810, .T. ) ;
#2271 = AXIS2_PLACEMENT_3D ( 'NONE', #2866, #1003, #3283 ) ;
#2272 = DIRECTION ( 'NONE',  ( -1.000000000000000000, 0.000000000000000000, 0.000000000000000000 ) ) ;
#2273 = CIRCLE ( 'NONE', #4495, 0.04999999999999988481 ) ;
#2274 = EDGE_LOOP ( 'NONE', ( #5594, #517, #4046, #727, #1743 ) ) ;
#2275 = DIRECTION ( 'NONE',  ( 0.000000000000000000, 0.5048833150379542500, -0.8631876031294042351 ) ) ;
#2276 = DIRECTION ( 'NONE',  ( 0.000000000000000000, -1.000000000000000000, 0.000000000000000000 ) ) ;
#2277 = AXIS2_PLACEMENT_3D ( 'NONE', #5228, #3592, #5774 ) ;
#2278 = CIRCLE ( 'NONE', #6607, 0.08999999999999999667 ) ;
#2279 = EDGE_LOOP ( 'NONE', ( #949, #658, #6788, #3210 ) ) ;
#2280 = AXIS2_PLACEMENT_3D ( 'NONE', #370, #1497, #2669 ) ;
#2281 = CARTESIAN_POINT ( 'NONE',  ( -2.100000000000000089, -0.1499999999999999944, 1.474999999999999867 ) ) ;
#2282 = DIRECTION ( 'NONE',  ( 0.000000000000000000, 0.000000000000000000, 1.000000000000000000 ) ) ;
#2283 = ORIENTED_EDGE ( 'NONE', *, *, #6726, .F. ) ;
#2284 = CARTESIAN_POINT ( 'NONE',  ( -0.9500000000000766720, -2.050000000000002487, -1.592264973080230517 ) ) ;
#2285 = AXIS2_PLACEMENT_3D ( 'NONE', #6669, #41, #1241 ) ;
#2286 = LINE ( 'NONE', #6458, #2366 ) ;
#2287 = LINE ( 'NONE', #6209, #30 ) ;
#2288 = ADVANCED_FACE ( 'NONE', ( #319 ), #2416, .T. ) ;
#2289 = EDGE_CURVE ( 'NONE', #4296, #7249, #126, .T. ) ;
#2290 = AXIS2_PLACEMENT_3D ( 'NONE', #5496, #981, #3212 ) ;
#2291 = CARTESIAN_POINT ( 'NONE',  ( 2.050000000000000266, 0.8400000000000000799, -2.500000000000000000 ) ) ;
#2292 = CYLINDRICAL_SURFACE ( 'NONE', #3865, 0.04999999999999999584 ) ;
#2293 = ORIENTED_EDGE ( 'NONE', *, *, #3750, .T. ) ;
#2294 = CARTESIAN_POINT ( 'NONE',  ( -2.419999999999999929, -1.080000000000000071, -0.3099999999999999978 ) ) ;
#2295 = CARTESIAN_POINT ( 'NONE',  ( 1.870190296114370154, -0.1499999999999999944, -1.245190296114374151 ) ) ;
#2296 = DIRECTION ( 'NONE',  ( -1.000000000000000000, 0.000000000000000000, 0.000000000000000000 ) ) ;
#2297 = ORIENTED_EDGE ( 'NONE', *, *, #65, .T. ) ;
#2298 = AXIS2_PLACEMENT_3D ( 'NONE', #816, #869, #2548 ) ;
#2299 = DIRECTION ( 'NONE',  ( -0.000000000000000000, 0.8631876031294042351, 0.5048833150379541390 ) ) ;
#2300 = ORIENTED_EDGE ( 'NONE', *, *, #1029, .T. ) ;
#2301 = CIRCLE ( 'NONE', #6562, 0.04999999999999999584 ) ;
#2302 = DIRECTION ( 'NONE',  ( 1.000000000000000000, 6.101831366007240336E-19, 1.734723475976804976E-18 ) ) ;
#2303 = EDGE_CURVE ( 'NONE', #2735, #1207, #7265, .T. ) ;
#2304 = FACE_OUTER_BOUND ( 'NONE', #3858, .T. ) ;
#2305 = DIRECTION ( 'NONE',  ( 0.8320502943378470517, -0.4803844614152570358, 0.2773500981126124643 ) ) ;
#2306 = CARTESIAN_POINT ( 'NONE',  ( 0.9627657542609040497, -2.044176141120594981, -1.607369094485574967 ) ) ;
#2307 = EDGE_CURVE ( 'NONE', #3061, #1502, #2527, .T. ) ;
#2308 = TOROIDAL_SURFACE ( 'NONE', #4120, 0.2100000000000000200, 0.2000000000000000111 ) ;
#2309 = ORIENTED_EDGE ( 'NONE', *, *, #6767, .T. ) ;
#2310 = AXIS2_PLACEMENT_3D ( 'NONE', #3766, #1007, #5989 ) ;
#2311 = EDGE_LOOP ( 'NONE', ( #2599, #1910, #5357, #4803 ) ) ;
#2312 = ORIENTED_EDGE ( 'NONE', *, *, #4124, .F. ) ;
#2313 = LINE ( 'NONE', #4042, #2353 ) ;
#2314 = DIRECTION ( 'NONE',  ( 0.000000000000000000, 0.000000000000000000, -1.000000000000000000 ) ) ;
#2315 = AXIS2_PLACEMENT_3D ( 'NONE', #923, #2555, #392 ) ;
#2316 = FACE_OUTER_BOUND ( 'NONE', #6083, .T. ) ;
#2317 = CARTESIAN_POINT ( 'NONE',  ( 2.248018396796189755, -2.049970540687059639, -1.571115478198259918 ) ) ;
#2318 = CARTESIAN_POINT ( 'NONE',  ( -2.750000000000000000, -1.564718210309564927, -1.469999999999999973 ) ) ;
#2319 = CIRCLE ( 'NONE', #2266, 0.2000000000000000944 ) ;
#2320 = ORIENTED_EDGE ( 'NONE', *, *, #5249, .F. ) ;
#2321 =( LENGTH_UNIT ( ) NAMED_UNIT ( * ) SI_UNIT ( .MILLI., .METRE. ) );
#2322 = EDGE_CURVE ( 'NONE', #5562, #5861, #2405, .T. ) ;
#2323 = DIRECTION ( 'NONE',  ( 0.000000000000000000, 0.000000000000000000, 1.000000000000000000 ) ) ;
#2324 = ORIENTED_EDGE ( 'NONE', *, *, #4969, .F. ) ;
#2325 = DIRECTION ( 'NONE',  ( 1.734723475976804976E-18, 4.336808689942014847E-19, -1.000000000000000000 ) ) ;
#2326 = ORIENTED_EDGE ( 'NONE', *, *, #55, .F. ) ;
#2327 = AXIS2_PLACEMENT_3D ( 'NONE', #5082, #3457, #6761 ) ;
#2328 = EDGE_CURVE ( 'NONE', #3697, #1477, #4985, .T. ) ;
#2329 = LINE ( 'NONE', #5027, #7165 ) ;
#2330 = DIRECTION ( 'NONE',  ( 0.000000000000000000, 0.000000000000000000, -1.000000000000000000 ) ) ;
#2331 = CARTESIAN_POINT ( 'NONE',  ( 2.569999999999999840, -1.525000000000000133, 0.1000000000000000056 ) ) ;
#2332 = DIRECTION ( 'NONE',  ( 0.000000000000000000, 0.000000000000000000, 1.000000000000000000 ) ) ;
#2333 = EDGE_CURVE ( 'NONE', #4841, #2230, #7278, .T. ) ;
#2334 = ORIENTED_EDGE ( 'NONE', *, *, #4175, .F. ) ;
#2335 = PRODUCT_DEFINITION_SHAPE ( 'NONE', 'NONE',  #479 ) ;
#2336 = DIRECTION ( 'NONE',  ( 0.000000000000000000, 0.000000000000000000, -1.000000000000000000 ) ) ;
#2337 = VERTEX_POINT ( 'NONE', #1273 ) ;
#2338 = CARTESIAN_POINT ( 'NONE',  ( -2.248018396796189755, -2.049970540687059639, -1.571115478198259918 ) ) ;
#2339 = ADVANCED_FACE ( 'NONE', ( #4854 ), #2457, .F. ) ;
#2340 = ORIENTED_EDGE ( 'NONE', *, *, #978, .F. ) ;
#2341 = VECTOR ( 'NONE', #4011, 1000.000000000000000 ) ;
#2342 = DIRECTION ( 'NONE',  ( 1.000000000000000000, 0.000000000000000000, 0.000000000000000000 ) ) ;
#2343 = AXIS2_PLACEMENT_3D ( 'NONE', #6406, #3631, #3683 ) ;
#2344 = CIRCLE ( 'NONE', #5871, 0.1999999999999999833 ) ;
#2345 = ORIENTED_EDGE ( 'NONE', *, *, #1952, .F. ) ;
#2346 = CARTESIAN_POINT ( 'NONE',  ( -2.250000000000000000, -1.139999999999999902, 1.800000000000000044 ) ) ;
#2347 = VERTEX_POINT ( 'NONE', #5722 ) ;
#2348 = CARTESIAN_POINT ( 'NONE',  ( 2.605999999999999872, 0.4227724399837060054, -0.3479999999999999760 ) ) ;
#2349 = ORIENTED_EDGE ( 'NONE', *, *, #2380, .F. ) ;
#2350 = CARTESIAN_POINT ( 'NONE',  ( -2.600000000000000089, -0.2999999999999999889, 0.9499999999999999556 ) ) ;
#2351 = CARTESIAN_POINT ( 'NONE',  ( -2.569999999999999840, -1.080000000000000071, -0.2500000000000000000 ) ) ;
#2352 = VECTOR ( 'NONE', #72, 1000.000000000000000 ) ;
#2353 = VECTOR ( 'NONE', #3428, 1000.000000000000114 ) ;
#2354 = CARTESIAN_POINT ( 'NONE',  ( -2.449999999999999734, -0.1800000000000085143, -1.075767286981819971E-15 ) ) ;
#2355 = VECTOR ( 'NONE', #3615, 1000.000000000000000 ) ;
#2356 = CARTESIAN_POINT ( 'NONE',  ( 2.750000000000000000, -2.168404344971009854E-16, -1.800000000000000044 ) ) ;
#2357 = ADVANCED_FACE ( 'NONE', ( #4867 ), #1749, .F. ) ;
#2358 = ORIENTED_EDGE ( 'NONE', *, *, #2897, .T. ) ;
#2359 = PLANE ( 'NONE',  #1204 ) ;
#2360 = DIRECTION ( 'NONE',  ( 1.000000000000000000, 6.101831366007240336E-19, 1.734723475976804976E-18 ) ) ;
#2361 = LINE ( 'NONE', #7031, #9 ) ;
#2362 = EDGE_LOOP ( 'NONE', ( #731, #7057, #5768, #5718, #5490, #3036, #5619, #6858, #709 ) ) ;
#2363 = EDGE_CURVE ( 'NONE', #1258, #4953, #4805, .T. ) ;
#2364 = ORIENTED_EDGE ( 'NONE', *, *, #3662, .T. ) ;
#2365 = EDGE_LOOP ( 'NONE', ( #133, #4323 ) ) ;
#2366 = VECTOR ( 'NONE', #3681, 1000.000000000000000 ) ;
#2367 = CARTESIAN_POINT ( 'NONE',  ( 1.775000000000000133, -0.2999999999999999889, 1.149999999999999911 ) ) ;
#2368 = DIRECTION ( 'NONE',  ( 1.000000000000000000, 0.000000000000000000, 0.000000000000000000 ) ) ;
#2369 = FACE_OUTER_BOUND ( 'NONE', #6915, .T. ) ;
#2370 = ORIENTED_EDGE ( 'NONE', *, *, #7362, .T. ) ;
#2371 = CARTESIAN_POINT ( 'NONE',  ( 1.870190296114370154, -0.5742640687119289211, 1.704809703885624916 ) ) ;
#2372 = DIRECTION ( 'NONE',  ( -6.101831366007370336E-19, 1.000000000000000000, 4.336808689942019662E-19 ) ) ;
#2373 = SURFACE_STYLE_FILL_AREA ( #4280 ) ;
#2374 = ORIENTED_EDGE ( 'NONE', *, *, #6834, .F. ) ;
#2375 = DIRECTION ( 'NONE',  ( -1.000000000000000000, 0.000000000000000000, 0.000000000000000000 ) ) ;
#2376 = DIRECTION ( 'NONE',  ( 0.4999999999999933942, -0.8660254037844423713, 0.000000000000000000 ) ) ;
#2377 = CARTESIAN_POINT ( 'NONE',  ( -1.870190296114370154, -0.1499999999999999944, 1.704809703885624916 ) ) ;
#2378 = ORIENTED_EDGE ( 'NONE', *, *, #1620, .T. ) ;
#2379 = DIRECTION ( 'NONE',  ( -1.734723475976804976E-18, -4.336808689942014847E-19, 1.000000000000000000 ) ) ;
#2380 = EDGE_CURVE ( 'NONE', #4442, #3065, #7254, .T. ) ;
#2381 = AXIS2_PLACEMENT_3D ( 'NONE', #5868, #4737, #2521 ) ;
#2382 = FACE_OUTER_BOUND ( 'NONE', #6657, .T. ) ;
#2383 = CARTESIAN_POINT ( 'NONE',  ( 2.050000000000000266, -2.050000000000000266, 2.500000000000000000 ) ) ;
#2384 = LINE ( 'NONE', #6613, #7230 ) ;
#2385 = PLANE ( 'NONE',  #7146 ) ;
#2386 = DIRECTION ( 'NONE',  ( 0.000000000000000000, 0.000000000000000000, -1.000000000000000000 ) ) ;
#2387 = FACE_OUTER_BOUND ( 'NONE', #6900, .T. ) ;
#2388 = EDGE_LOOP ( 'NONE', ( #1844, #159, #6753, #3337 ) ) ;
#2389 = DIRECTION ( 'NONE',  ( -6.101831366007370336E-19, 1.000000000000000000, 0.000000000000000000 ) ) ;
#2390 = EDGE_CURVE ( 'NONE', #5562, #3203, #4819, .T. ) ;
#2391 = ORIENTED_EDGE ( 'NONE', *, *, #5845, .F. ) ;
#2392 = DIRECTION ( 'NONE',  ( -0.9976467198374248113, -0.05937816768998638306, -0.03428200109979994553 ) ) ;
#2393 = ORIENTED_EDGE ( 'NONE', *, *, #6905, .F. ) ;
#2394 = EDGE_CURVE ( 'NONE', #6632, #6849, #7355, .T. ) ;
#2395 = FACE_OUTER_BOUND ( 'NONE', #6740, .T. ) ;
#2396 = DIRECTION ( 'NONE',  ( -3.492091521979735616E-15, 1.000000000000000000, 4.336808689941955143E-19 ) ) ;
#2397 = ORIENTED_EDGE ( 'NONE', *, *, #948, .F. ) ;
#2398 = ORIENTED_EDGE ( 'NONE', *, *, #2828, .T. ) ;
#2399 = DIRECTION ( 'NONE',  ( -0.7071067811865480168, 0.000000000000000000, -0.7071067811865470176 ) ) ;
#2400 = ORIENTED_EDGE ( 'NONE', *, *, #6154, .T. ) ;
#2401 = EDGE_CURVE ( 'NONE', #6224, #1354, #2491, .T. ) ;
#2402 = DIRECTION ( 'NONE',  ( 1.000000000000000000, 0.000000000000000000, 0.000000000000000000 ) ) ;
#2403 = EDGE_LOOP ( 'NONE', ( #7072, #2703, #4850, #6637, #1393, #5094, #2865, #6401, #3885, #4267, #395, #2874, #468, #356 ) ) ;
#2404 = ADVANCED_FACE ( 'NONE', ( #2395 ), #16, .F. ) ;
#2405 = CIRCLE ( 'NONE', #7233, 0.4020000000000000795 ) ;
#2406 = EDGE_CURVE ( 'NONE', #5883, #4620, #26, .T. ) ;
#2407 = DIRECTION ( 'NONE',  ( 0.000000000000000000, 0.000000000000000000, 1.000000000000000000 ) ) ;
#2408 = CIRCLE ( 'NONE', #4815, 0.5000000000000000000 ) ;
#2409 = PLANE ( 'NONE',  #1746 ) ;
#2410 = ORIENTED_EDGE ( 'NONE', *, *, #6112, .T. ) ;
#2411 = CARTESIAN_POINT ( 'NONE',  ( -0.9366025403784440373, -2.000000000000000000, -1.592264973081039869 ) ) ;
#2412 = DIRECTION ( 'NONE',  ( 0.000000000000000000, 0.000000000000000000, 1.000000000000000000 ) ) ;
#2413 = EDGE_CURVE ( 'NONE', #6377, #975, #2538, .T. ) ;
#2414 = ORIENTED_EDGE ( 'NONE', *, *, #789, .F. ) ;
#2415 = ORIENTED_EDGE ( 'NONE', *, *, #251, .T. ) ;
#2416 = CYLINDRICAL_SURFACE ( 'NONE', #1574, 0.1499999999999999667 ) ;
#2417 = VECTOR ( 'NONE', #621, 1000.000000000000000 ) ;
#2418 = CARTESIAN_POINT ( 'NONE',  ( 2.569999999999999840, -0.5000000000000000000, -0.2999999999999999889 ) ) ;
#2419 = DIRECTION ( 'NONE',  ( 0.000000000000000000, 0.000000000000000000, 1.000000000000000000 ) ) ;
#2420 = EDGE_CURVE ( 'NONE', #7237, #1714, #2503, .T. ) ;
#2421 = LINE ( 'NONE', #2905, #4745 ) ;
#2422 = ADVANCED_FACE ( 'NONE', ( #6787 ), #1857, .F. ) ;
#2423 = DIRECTION ( 'NONE',  ( 0.000000000000000000, 0.000000000000000000, -1.000000000000000000 ) ) ;
#2424 = CARTESIAN_POINT ( 'NONE',  ( 2.419999999999999929, -0.5000000000000000000, -0.3099999999999999978 ) ) ;
#2425 = CIRCLE ( 'NONE', #3062, 0.1499999999999999667 ) ;
#2426 = ORIENTED_EDGE ( 'NONE', *, *, #6023, .T. ) ;
#2427 = CARTESIAN_POINT ( 'NONE',  ( -1.870190296114370154, -0.5742640687119289211, -1.245190296114374151 ) ) ;
#2428 = CARTESIAN_POINT ( 'NONE',  ( -1.004548846896423875, -2.050000000000000266, 1.657734768241940104 ) ) ;
#2429 = EDGE_CURVE ( 'NONE', #3697, #3700, #6869, .T. ) ;
#2430 = ORIENTED_EDGE ( 'NONE', *, *, #1126, .F. ) ;
#2431 = CARTESIAN_POINT ( 'NONE',  ( -2.550000000000000266, -1.959999999999999964, -1.270000000000000018 ) ) ;
#2432 = CARTESIAN_POINT ( 'NONE',  ( 2.550000000000000266, -0.5000000000000000000, 0.5500000000000000444 ) ) ;
#2433 = ORIENTED_EDGE ( 'NONE', *, *, #1564, .T. ) ;
#2434 = AXIS2_PLACEMENT_3D ( 'NONE', #3135, #4273, #2191 ) ;
#2435 = VECTOR ( 'NONE', #24, 1000.000000000000000 ) ;
#2436 = VECTOR ( 'NONE', #4725, 1000.000000000000000 ) ;
#2437 = DIRECTION ( 'NONE',  ( 0.000000000000000000, 1.000000000000000000, 0.000000000000000000 ) ) ;
#2438 = VECTOR ( 'NONE', #1486, 1000.000000000000000 ) ;
#2439 = AXIS2_PLACEMENT_3D ( 'NONE', #3348, #2833, #4487 ) ;
#2440 = VERTEX_POINT ( 'NONE', #1923 ) ;
#2441 = ORIENTED_EDGE ( 'NONE', *, *, #1592, .T. ) ;
#2442 = CARTESIAN_POINT ( 'NONE',  ( -2.449999999999999734, -0.3000000000000084821, 0.1524999999999999967 ) ) ;
#2443 = ORIENTED_EDGE ( 'NONE', *, *, #430, .T. ) ;
#2444 = DIRECTION ( 'NONE',  ( 0.000000000000000000, 0.000000000000000000, -1.000000000000000000 ) ) ;
#2445 = ORIENTED_EDGE ( 'NONE', *, *, #5928, .T. ) ;
#2446 = DIRECTION ( 'NONE',  ( 0.000000000000000000, 1.000000000000000000, 0.000000000000000000 ) ) ;
#2447 = FACE_OUTER_BOUND ( 'NONE', #5912, .T. ) ;
#2448 = DIRECTION ( 'NONE',  ( 0.000000000000000000, 0.000000000000000000, -1.000000000000000000 ) ) ;
#2449 = CYLINDRICAL_SURFACE ( 'NONE', #1516, 0.1499999999999999667 ) ;
#2450 = CARTESIAN_POINT ( 'NONE',  ( -2.620000000000000107, -1.324999999999999956, 0.1000000000000000056 ) ) ;
#2451 = VECTOR ( 'NONE', #2153, 1000.000000000000000 ) ;
#2452 = VERTEX_POINT ( 'NONE', #2073 ) ;
#2453 = CARTESIAN_POINT ( 'NONE',  ( 1.750000000000000000, -2.010000000000000231, -1.800000000000000044 ) ) ;
#2454 = ORIENTED_EDGE ( 'NONE', *, *, #6627, .F. ) ;
#2455 = CARTESIAN_POINT ( 'NONE',  ( 2.569999999999999840, 0.4227724399837060054, -0.3499999999999999778 ) ) ;
#2456 = DIRECTION ( 'NONE',  ( -6.101831366007370336E-19, 1.000000000000000000, 4.336808689942019662E-19 ) ) ;
#2457 = CYLINDRICAL_SURFACE ( 'NONE', #7143, 0.05000000000000002359 ) ;
#2458 = EDGE_CURVE ( 'NONE', #1517, #806, #6751, .T. ) ;
#2459 = FACE_OUTER_BOUND ( 'NONE', #492, .T. ) ;
#2460 = CARTESIAN_POINT ( 'NONE',  ( 2.682690296114369932, -0.1499999999999999944, -0.4326902961143724857 ) ) ;
#2461 = EDGE_LOOP ( 'NONE', ( #135, #5061, #3967, #4025 ) ) ;
#2462 = CARTESIAN_POINT ( 'NONE',  ( 0.9598159935051659986, -2.044332733507339572, -1.600609367199555155 ) ) ;
#2463 = CARTESIAN_POINT ( 'NONE',  ( -1.137006473417549790, -1.942031762232174996, -1.533796995401334851 ) ) ;
#2464 = LINE ( 'NONE', #4531, #2451 ) ;
#2465 = VERTEX_POINT ( 'NONE', #5970 ) ;
#2466 = EDGE_LOOP ( 'NONE', ( #2123, #7262, #5585, #5387 ) ) ;
#2467 = ADVANCED_FACE ( 'NONE', ( #4265 ), #3170, .T. ) ;
#2468 = VECTOR ( 'NONE', #6799, 999.9999999999998863 ) ;
#2469 = AXIS2_PLACEMENT_3D ( 'NONE', #206, #5998, #3620 ) ;
#2470 = CIRCLE ( 'NONE', #4286, 0.4400000000000000022 ) ;
#2471 = DIRECTION ( 'NONE',  ( 0.000000000000000000, 1.000000000000000000, 0.000000000000000000 ) ) ;
#2472 = EDGE_CURVE ( 'NONE', #425, #2039, #4363, .T. ) ;
#2473 = AXIS2_PLACEMENT_3D ( 'NONE', #1405, #992, #4201 ) ;
#2474 = ORIENTED_EDGE ( 'NONE', *, *, #5575, .F. ) ;
#2475 = CARTESIAN_POINT ( 'NONE',  ( -2.750000000000000000, -0.2000000000000000111, -1.800000000000000044 ) ) ;
#2476 = ORIENTED_EDGE ( 'NONE', *, *, #4627, .T. ) ;
#2477 = CARTESIAN_POINT ( 'NONE',  ( 1.750000000000000000, 0.7399999999999999911, 1.699999999999999956 ) ) ;
#2478 = LINE ( 'NONE', #5347, #4959 ) ;
#2479 = EDGE_CURVE ( 'NONE', #6276, #6020, #4099, .T. ) ;
#2480 = ADVANCED_FACE ( 'NONE', ( #4154 ), #1637, .T. ) ;
#2481 = ORIENTED_EDGE ( 'NONE', *, *, #1451, .T. ) ;
#2482 = CARTESIAN_POINT ( 'NONE',  ( 2.250000000000000000, -0.1800000000000090139, 0.1524999999999999967 ) ) ;
#2483 = CARTESIAN_POINT ( 'NONE',  ( -2.419999999999999929, -0.3499999999999999778, -0.2500000000000000000 ) ) ;
#2484 = EDGE_CURVE ( 'NONE', #506, #4095, #1843, .T. ) ;
#2485 = CYLINDRICAL_SURFACE ( 'NONE', #7318, 0.05000000000000012768 ) ;
#2486 = EDGE_LOOP ( 'NONE', ( #6010, #1066, #5952, #5049 ) ) ;
#2487 = UNCERTAINTY_MEASURE_WITH_UNIT (LENGTH_MEASURE( 1.000000000000000082E-05 ), #5596, 'distance_accuracy_value', 'NONE');
#2488 = DIRECTION ( 'NONE',  ( 1.000000000000000000, 0.000000000000000000, 0.000000000000000000 ) ) ;
#2489 = EDGE_LOOP ( 'NONE', ( #4540, #5096, #4742, #2414 ) ) ;
#2490 = DIRECTION ( 'NONE',  ( -1.000000000000000000, -6.101831366007240336E-19, 0.000000000000000000 ) ) ;
#2491 = LINE ( 'NONE', #1805, #2468 ) ;
#2492 = LINE ( 'NONE', #1485, #4730 ) ;
#2493 = CIRCLE ( 'NONE', #1423, 0.05000000000000012768 ) ;
#2494 = EDGE_CURVE ( 'NONE', #1524, #2101, #6802, .T. ) ;
#2495 = DIRECTION ( 'NONE',  ( 0.000000000000000000, 0.000000000000000000, 1.000000000000000000 ) ) ;
#2496 = VECTOR ( 'NONE', #5673, 1000.000000000000000 ) ;
#2497 = VERTEX_POINT ( 'NONE', #5742 ) ;
#2498 = EDGE_CURVE ( 'NONE', #3685, #5874, #4089, .T. ) ;
#2499 = CARTESIAN_POINT ( 'NONE',  ( -1.162006473417549923, -1.985333032421395139, 1.533796995401334851 ) ) ;
#2500 = ORIENTED_EDGE ( 'NONE', *, *, #3619, .F. ) ;
#2501 = ORIENTED_EDGE ( 'NONE', *, *, #55, .T. ) ;
#2502 = DIRECTION ( 'NONE',  ( 0.000000000000000000, -1.000000000000000000, 0.000000000000000000 ) ) ;
#2503 = LINE ( 'NONE', #733, #1686 ) ;
#2504 = EDGE_CURVE ( 'NONE', #7261, #5920, #6591, .T. ) ;
#2505 = CYLINDRICAL_SURFACE ( 'NONE', #1694, 0.05000000000000012768 ) ;
#2506 = CARTESIAN_POINT ( 'NONE',  ( 0.9616025403784419501, -2.043301270189220364, -1.592264973081039869 ) ) ;
#2507 = FACE_OUTER_BOUND ( 'NONE', #495, .T. ) ;
#2508 = ORIENTED_EDGE ( 'NONE', *, *, #5686, .F. ) ;
#2509 = ORIENTED_EDGE ( 'NONE', *, *, #3802, .F. ) ;
#2510 = CARTESIAN_POINT ( 'NONE',  ( 0.6005218575370809830, -1.449999999999999956, -1.270000000000000018 ) ) ;
#2511 = EDGE_LOOP ( 'NONE', ( #849, #5628, #6985, #542 ) ) ;
#2512 = EDGE_CURVE ( 'NONE', #7189, #1045, #1829, .T. ) ;
#2513 = DIRECTION ( 'NONE',  ( -3.491481338843135327E-15, -1.000000000000000000, 0.000000000000000000 ) ) ;
#2514 = ORIENTED_EDGE ( 'NONE', *, *, #5273, .T. ) ;
#2515 = VERTEX_POINT ( 'NONE', #549 ) ;
#2516 = EDGE_CURVE ( 'NONE', #3549, #2782, #4111, .T. ) ;
#2517 = DIRECTION ( 'NONE',  ( -3.492091521979735616E-15, 1.000000000000000000, 0.000000000000000000 ) ) ;
#2518 = CARTESIAN_POINT ( 'NONE',  ( -2.600000000000000089, -1.775000000000000133, -0.1000000000000000056 ) ) ;
#2519 = EDGE_CURVE ( 'NONE', #1028, #5221, #4375, .T. ) ;
#2520 = VECTOR ( 'NONE', #3570, 1000.000000000000000 ) ;
#2521 = DIRECTION ( 'NONE',  ( 1.000000000000000000, 0.000000000000000000, 0.000000000000000000 ) ) ;
#2522 = CARTESIAN_POINT ( 'NONE',  ( 2.620000000000000107, -1.534999999999999920, -1.474892487057726057E-16 ) ) ;
#2523 = EDGE_LOOP ( 'NONE', ( #1372, #1884, #2873, #3659 ) ) ;
#2524 =( NAMED_UNIT ( * ) SI_UNIT ( $, .STERADIAN. ) SOLID_ANGLE_UNIT ( ) );
#2525 = ORIENTED_EDGE ( 'NONE', *, *, #6154, .F. ) ;
#2526 = DIRECTION ( 'NONE',  ( 0.000000000000000000, 0.000000000000000000, -1.000000000000000000 ) ) ;
#2527 = LINE ( 'NONE', #6982, #5051 ) ;
#2528 = CIRCLE ( 'NONE', #1128, 0.5000000000000000000 ) ;
#2529 = CARTESIAN_POINT ( 'NONE',  ( -2.750000000000000000, -0.2000000000000000111, 1.800000000000000044 ) ) ;
#2530 = CARTESIAN_POINT ( 'NONE',  ( -2.620000000000000107, -1.324999999999999956, 0.1000000000000000056 ) ) ;
#2531 = DIRECTION ( 'NONE',  ( 2.409338161078905097E-15, 1.000000000000000000, 0.000000000000000000 ) ) ;
#2532 = CYLINDRICAL_SURFACE ( 'NONE', #7224, 0.05000000000000012768 ) ;
#2533 = EDGE_LOOP ( 'NONE', ( #7212, #2525, #5894, #48, #82, #3332, #2378, #3425 ) ) ;
#2534 = CARTESIAN_POINT ( 'NONE',  ( 0.9616025403784419501, -2.043301270189220364, -1.628867513459480110 ) ) ;
#2535 = VERTEX_POINT ( 'NONE', #455 ) ;
#2536 = CARTESIAN_POINT ( 'NONE',  ( -2.564000000000000057, -1.324999999999999956, -0.1000000000000000056 ) ) ;
#2537 = DIRECTION ( 'NONE',  ( 0.000000000000000000, 0.000000000000000000, 1.000000000000000000 ) ) ;
#2538 = LINE ( 'NONE', #4100, #2435 ) ;
#2539 = LINE ( 'NONE', #3459, #4999 ) ;
#2540 = DIRECTION ( 'NONE',  ( -1.000000000000000000, 0.000000000000000000, 0.000000000000000000 ) ) ;
#2541 = FACE_OUTER_BOUND ( 'NONE', #5930, .T. ) ;
#2542 = ORIENTED_EDGE ( 'NONE', *, *, #251, .F. ) ;
#2543 = ADVANCED_FACE ( 'NONE', ( #6817 ), #1087, .F. ) ;
#2544 = ORIENTED_EDGE ( 'NONE', *, *, #7013, .T. ) ;
#2545 = CARTESIAN_POINT ( 'NONE',  ( -2.569999999999999840, -1.324999999999999956, 0.2999999999999999889 ) ) ;
#2546 = PRESENTATION_STYLE_ASSIGNMENT (( #763 ) ) ;
#2547 = ORIENTED_EDGE ( 'NONE', *, *, #1215, .F. ) ;
#2548 = DIRECTION ( 'NONE',  ( 0.000000000000000000, 4.336808689941955143E-19, -1.000000000000000000 ) ) ;
#2549 = CARTESIAN_POINT ( 'NONE',  ( 0.6005218575370809830, -1.449999999999999956, 1.270000000000000018 ) ) ;
#2550 = VERTEX_POINT ( 'NONE', #2892 ) ;
#2551 = EDGE_CURVE ( 'NONE', #2943, #6876, #6564, .T. ) ;
#2552 = DIRECTION ( 'NONE',  ( 0.000000000000000000, 0.000000000000000000, -1.000000000000000000 ) ) ;
#2553 = AXIS2_PLACEMENT_3D ( 'NONE', #7049, #3645, #5314 ) ;
#2554 = DIRECTION ( 'NONE',  ( 1.794727845391745042E-16, 4.336808689948225008E-19, -1.000000000000000000 ) ) ;
#2555 = DIRECTION ( 'NONE',  ( -1.000000000000000000, 0.000000000000000000, 0.000000000000000000 ) ) ;
#2556 = VECTOR ( 'NONE', #1756, 1000.000000000000227 ) ;
#2557 = CARTESIAN_POINT ( 'NONE',  ( 2.419999999999999929, -0.2999999999999999889, -0.2000000000000000111 ) ) ;
#2558 = AXIS2_PLACEMENT_3D ( 'NONE', #2684, #4958, #2636 ) ;
#2559 = CYLINDRICAL_SURFACE ( 'NONE', #3891, 0.1199999999999998845 ) ;
#2560 = CARTESIAN_POINT ( 'NONE',  ( -2.750000000000000000, -2.160000000000000142, -1.800000000000000044 ) ) ;
#2561 = ORIENTED_EDGE ( 'NONE', *, *, #6732, .F. ) ;
#2562 = VECTOR ( 'NONE', #3672, 1000.000000000000000 ) ;
#2563 = ORIENTED_EDGE ( 'NONE', *, *, #5113, .T. ) ;
#2564 = AXIS2_PLACEMENT_3D ( 'NONE', #2450, #1681, #710 ) ;
#2565 = ORIENTED_EDGE ( 'NONE', *, *, #6352, .F. ) ;
#2566 = AXIS2_PLACEMENT_3D ( 'NONE', #895, #7155, #7209 ) ;
#2567 = DIRECTION ( 'NONE',  ( 0.000000000000000000, 1.000000000000000000, 0.000000000000000000 ) ) ;
#2568 = DIRECTION ( 'NONE',  ( -1.000000000000000000, 0.000000000000000000, 0.000000000000000000 ) ) ;
#2569 = VECTOR ( 'NONE', #4468, 1000.000000000000000 ) ;
#2570 = APPLICATION_CONTEXT ( 'automotive_design' ) ;
#2571 = ORIENTED_EDGE ( 'NONE', *, *, #5963, .T. ) ;
#2572 = FACE_OUTER_BOUND ( 'NONE', #4048, .T. ) ;
#2573 = DIRECTION ( 'NONE',  ( 0.000000000000000000, 0.000000000000000000, -1.000000000000000000 ) ) ;
#2574 = EDGE_LOOP ( 'NONE', ( #7150, #4978, #2340, #6135 ) ) ;
#2575 = CARTESIAN_POINT ( 'NONE',  ( -0.6005218575370839806, -2.160000000000000142, 1.270000000000000018 ) ) ;
#2576 = ORIENTED_EDGE ( 'NONE', *, *, #3899, .T. ) ;
#2577 = EDGE_CURVE ( 'NONE', #5842, #6118, #4321, .T. ) ;
#2578 = EDGE_CURVE ( 'NONE', #2723, #835, #4334, .T. ) ;
#2579 = VECTOR ( 'NONE', #2834, 1000.000000000000000 ) ;
#2580 = DIRECTION ( 'NONE',  ( 0.000000000000000000, 3.252606517456514781E-16, 1.000000000000000000 ) ) ;
#2581 = LINE ( 'NONE', #5335, #2710 ) ;
#2582 = VERTEX_POINT ( 'NONE', #6339 ) ;
#2583 = DIRECTION ( 'NONE',  ( -1.805463084107963856E-18, 0.5048833150379536949, 0.8631876031294044571 ) ) ;
#2584 = CYLINDRICAL_SURFACE ( 'NONE', #3318, 0.04999999999999992645 ) ;
#2585 = EDGE_LOOP ( 'NONE', ( #5749, #4976, #6739 ) ) ;
#2586 = DIRECTION ( 'NONE',  ( -1.000000000000000000, 0.000000000000000000, 0.000000000000000000 ) ) ;
#2587 = ORIENTED_EDGE ( 'NONE', *, *, #7288, .T. ) ;
#2588 = DIRECTION ( 'NONE',  ( 0.8320502943378429439, -0.4803844614152629755, -0.2773500981126139631 ) ) ;
#2589 = EDGE_CURVE ( 'NONE', #3677, #3938, #4385, .T. ) ;
#2590 = CARTESIAN_POINT ( 'NONE',  ( -2.550000000000000266, -2.010000000000000231, 1.270000000000000018 ) ) ;
#2591 = ADVANCED_FACE ( 'NONE', ( #6577 ), #6539, .T. ) ;
#2592 = CARTESIAN_POINT ( 'NONE',  ( 1.965380592228740175, -2.168404344971009854E-16, 1.149999999999999911 ) ) ;
#2593 = EDGE_CURVE ( 'NONE', #2783, #3078, #6830, .T. ) ;
#2594 = CIRCLE ( 'NONE', #811, 0.2000000000000000944 ) ;
#2595 = ORIENTED_EDGE ( 'NONE', *, *, #948, .T. ) ;
#2596 = PLANE ( 'NONE',  #148 ) ;
#2597 = ADVANCED_FACE ( 'NONE', ( #4141 ), #4411, .T. ) ;
#2598 = VECTOR ( 'NONE', #7234, 1000.000000000000000 ) ;
#2599 = ORIENTED_EDGE ( 'NONE', *, *, #2211, .F. ) ;
#2600 = DIRECTION ( 'NONE',  ( 0.000000000000000000, 0.000000000000000000, 1.000000000000000000 ) ) ;
#2601 = EDGE_CURVE ( 'NONE', #2251, #5364, #6723, .T. ) ;
#2602 = CARTESIAN_POINT ( 'NONE',  ( 2.419999999999999929, -1.534999999999999920, 0.1000000000000000056 ) ) ;
#2603 = ORIENTED_EDGE ( 'NONE', *, *, #6431, .F. ) ;
#2604 = DIRECTION ( 'NONE',  ( 0.000000000000000000, 0.000000000000000000, -1.000000000000000000 ) ) ;
#2605 = DIRECTION ( 'NONE',  ( 0.000000000000000000, 1.000000000000000000, 0.000000000000000000 ) ) ;
#2606 = VECTOR ( 'NONE', #4645, 1000.000000000000000 ) ;
#2607 = CARTESIAN_POINT ( 'NONE',  ( -0.9366025403784440373, -2.050000000000000266, 1.592264973081039869 ) ) ;
#2608 = ADVANCED_FACE ( 'NONE', ( #1875 ), #4752, .F. ) ;
#2609 = DIRECTION ( 'NONE',  ( 0.000000000000000000, 0.000000000000000000, 1.000000000000000000 ) ) ;
#2610 = CIRCLE ( 'NONE', #5191, 0.1499999999999999667 ) ;
#2611 = CARTESIAN_POINT ( 'NONE',  ( -2.359337685891444547, 0.000000000000000000, -0.3852117519068989915 ) ) ;
#2612 = ORIENTED_EDGE ( 'NONE', *, *, #5297, .T. ) ;
#2613 = EDGE_CURVE ( 'NONE', #4082, #99, #4347, .T. ) ;
#2614 = ORIENTED_EDGE ( 'NONE', *, *, #4438, .T. ) ;
#2615 = AXIS2_PLACEMENT_3D ( 'NONE', #6148, #4640, #590 ) ;
#2616 = EDGE_CURVE ( 'NONE', #4148, #5543, #1931, .T. ) ;
#2617 = DIRECTION ( 'NONE',  ( 0.000000000000000000, 0.000000000000000000, 1.000000000000000000 ) ) ;
#2618 = TOROIDAL_SURFACE ( 'NONE', #1807, 0.2100000000000000200, 0.2000000000000000111 ) ;
#2619 = DIRECTION ( 'NONE',  ( -1.734723475976804976E-18, -4.336808689942014847E-19, 1.000000000000000000 ) ) ;
#2620 = FACE_OUTER_BOUND ( 'NONE', #2574, .T. ) ;
#2621 = DIRECTION ( 'NONE',  ( 0.000000000000000000, 3.252606517456514781E-16, 1.000000000000000000 ) ) ;
#2622 = ORIENTED_EDGE ( 'NONE', *, *, #5575, .T. ) ;
#2623 = CARTESIAN_POINT ( 'NONE',  ( 2.449999999999999734, -0.1800000000000090139, 0.1524999999999999967 ) ) ;
#2624 = VERTEX_POINT ( 'NONE', #5286 ) ;
#2625 = CARTESIAN_POINT ( 'NONE',  ( -2.564000000000000057, -1.324999999999999956, 0.1000000000000000056 ) ) ;
#2626 = ORIENTED_EDGE ( 'NONE', *, *, #6730, .T. ) ;
#2627 = LINE ( 'NONE', #3015, #2765 ) ;
#2628 = AXIS2_PLACEMENT_3D ( 'NONE', #1645, #5856, #5807 ) ;
#2629 = DIRECTION ( 'NONE',  ( -1.000000000000000000, 0.000000000000000000, -1.734723475976804206E-18 ) ) ;
#2630 = CIRCLE ( 'NONE', #7153, 0.2000000000000000389 ) ;
#2631 = DIRECTION ( 'NONE',  ( 1.734723475976804976E-18, 4.336808689942014847E-19, -1.000000000000000000 ) ) ;
#2632 = EDGE_LOOP ( 'NONE', ( #6561, #4711, #3992, #7273 ) ) ;
#2633 = DIRECTION ( 'NONE',  ( 0.000000000000000000, 0.000000000000000000, -1.000000000000000000 ) ) ;
#2634 = VECTOR ( 'NONE', #1036, 1000.000000000000000 ) ;
#2635 = CLOSED_SHELL ( 'NONE', ( #1972, #1075, #3715, #4052, #3287, #2706, #2357, #4463, #6132, #6888, #11, #6239, #485, #2111, #23, #2864, #6077, #7131, #1093, #6482, #609, #2094, #5424, #1446, #913, #6827, #1336, #4163, #4980, #7307, #4576, #2404, #3054, #4178, #6181, #3117, #1013, #5904, #6413, #88, #845, #3529, #781, #5665, #5841, #6709, #3174, #5145, #3237, #1432, #2137, #4477, #5784, #655, #6012, #2749, #3012, #4918, #6760, #7215, #4515, #386, #1145, #2807, #1717, #442, #5605, #2935 ) ) ;
#2636 = DIRECTION ( 'NONE',  ( 0.000000000000000000, 0.000000000000000000, 1.000000000000000000 ) ) ;
#2637 = ORIENTED_EDGE ( 'NONE', *, *, #1837, .F. ) ;
#2638 = CARTESIAN_POINT ( 'NONE',  ( -2.750000000000000000, -1.139999999999999902, 1.800000000000000044 ) ) ;
#2639 = CARTESIAN_POINT ( 'NONE',  ( 2.050000000000000266, -2.050000000000000266, 2.000000000000000000 ) ) ;
#2640 = LINE ( 'NONE', #3031, #203 ) ;
#2641 = LINE ( 'NONE', #3894, #295 ) ;
#2642 = EDGE_CURVE ( 'NONE', #4213, #7261, #6857, .T. ) ;
#2643 = AXIS2_PLACEMENT_3D ( 'NONE', #4583, #3347, #1225 ) ;
#2644 = EDGE_LOOP ( 'NONE', ( #481, #6789, #3510, #1908 ) ) ;
#2645 = DIRECTION ( 'NONE',  ( 0.000000000000000000, 0.000000000000000000, -1.000000000000000000 ) ) ;
#2646 = FACE_OUTER_BOUND ( 'NONE', #484, .T. ) ;
#2647 = EDGE_LOOP ( 'NONE', ( #5516, #5503, #2999, #4724 ) ) ;
#2648 = CARTESIAN_POINT ( 'NONE',  ( -2.600000000000000089, -1.564718210309564927, 1.270000000000000018 ) ) ;
#2649 = ORIENTED_EDGE ( 'NONE', *, *, #5153, .F. ) ;
#2650 = PLANE ( 'NONE',  #5632 ) ;
#2651 = DIRECTION ( 'NONE',  ( 0.000000000000000000, 0.000000000000000000, -1.000000000000000000 ) ) ;
#2652 = LINE ( 'NONE', #4923, #5114 ) ;
#2653 = LINE ( 'NONE', #1022, #2696 ) ;
#2654 = CARTESIAN_POINT ( 'NONE',  ( 2.550000000000000266, 0.000000000000000000, 0.9000000000000000222 ) ) ;
#2655 = EDGE_CURVE ( 'NONE', #6671, #4119, #1958, .T. ) ;
#2656 = VECTOR ( 'NONE', #5237, 1000.000000000000000 ) ;
#2657 = PLANE ( 'NONE',  #2704 ) ;
#2658 = CARTESIAN_POINT ( 'NONE',  ( 2.750000000000000000, -1.959999999999999964, -1.270000000000000018 ) ) ;
#2659 = VERTEX_POINT ( 'NONE', #3660 ) ;
#2660 = AXIS2_PLACEMENT_3D ( 'NONE', #6288, #6867, #90 ) ;
#2661 = ORIENTED_EDGE ( 'NONE', *, *, #1236, .T. ) ;
#2662 = CARTESIAN_POINT ( 'NONE',  ( 2.550000000000000266, -2.000000000000000000, 0.9268854014666380037 ) ) ;
#2663 = DIRECTION ( 'NONE',  ( 0.000000000000000000, 1.000000000000000000, 0.000000000000000000 ) ) ;
#2664 = DIRECTION ( 'NONE',  ( 0.000000000000000000, 0.000000000000000000, 1.000000000000000000 ) ) ;
#2665 = LINE ( 'NONE', #3925, #143 ) ;
#2666 = ADVANCED_FACE ( 'NONE', ( #1971 ), #4077, .T. ) ;
#2667 = DIRECTION ( 'NONE',  ( -6.101831366007370336E-19, 1.000000000000000000, 4.336808689942014847E-19 ) ) ;
#2668 = EDGE_CURVE ( 'NONE', #4390, #3164, #6525, .T. ) ;
#2669 = DIRECTION ( 'NONE',  ( 0.000000000000000000, 0.000000000000000000, -1.000000000000000000 ) ) ;
#2670 = ORIENTED_EDGE ( 'NONE', *, *, #2472, .F. ) ;
#2671 = CIRCLE ( 'NONE', #5976, 0.1199999999999998845 ) ;
#2672 = DIRECTION ( 'NONE',  ( -6.101831366007370336E-19, 1.000000000000000000, 4.336808689941540105E-19 ) ) ;
#2673 = ORIENTED_EDGE ( 'NONE', *, *, #807, .F. ) ;
#2674 = DIRECTION ( 'NONE',  ( 0.000000000000000000, -1.000000000000000000, -4.336808689942014847E-19 ) ) ;
#2675 = EDGE_CURVE ( 'NONE', #4129, #5710, #6950, .T. ) ;
#2676 = ORIENTED_EDGE ( 'NONE', *, *, #1913, .T. ) ;
#2677 = VECTOR ( 'NONE', #2568, 1000.000000000000000 ) ;
#2678 = VECTOR ( 'NONE', #87, 1000.000000000000000 ) ;
#2679 = AXIS2_PLACEMENT_3D ( 'NONE', #1383, #5900, #5849 ) ;
#2680 = VERTEX_POINT ( 'NONE', #2041 ) ;
#2681 = CIRCLE ( 'NONE', #4926, 0.3250000000000000111 ) ;
#2682 = DIRECTION ( 'NONE',  ( 0.9976467198374248113, -0.05937816768998518263, 0.03428200109979979288 ) ) ;
#2683 = EDGE_LOOP ( 'NONE', ( #2673, #162, #6575, #6229 ) ) ;
#2684 = CARTESIAN_POINT ( 'NONE',  ( 2.399999999999999911, -2.000000000000000000, -0.9268854014666360053 ) ) ;
#2685 = ORIENTED_EDGE ( 'NONE', *, *, #4698, .T. ) ;
#2686 = EDGE_CURVE ( 'NONE', #4880, #2943, #4641, .T. ) ;
#2687 = CIRCLE ( 'NONE', #3875, 0.2000000000000000111 ) ;
#2688 = DIRECTION ( 'NONE',  ( -0.8320502943378466076, -0.4803844614152587567, 0.2773500981126108544 ) ) ;
#2689 = EDGE_CURVE ( 'NONE', #4669, #6120, #2155, .T. ) ;
#2690 = CIRCLE ( 'NONE', #2327, 0.05000000000000012768 ) ;
#2691 = DIRECTION ( 'NONE',  ( 1.000000000000000000, 6.101831366007240336E-19, 0.000000000000000000 ) ) ;
#2692 = LINE ( 'NONE', #367, #134 ) ;
#2693 = ORIENTED_EDGE ( 'NONE', *, *, #3303, .T. ) ;
#2694 = CARTESIAN_POINT ( 'NONE',  ( 2.100000000000000089, -0.1499999999999999944, 1.625000000000000000 ) ) ;
#2695 = ORIENTED_EDGE ( 'NONE', *, *, #6352, .T. ) ;
#2696 = VECTOR ( 'NONE', #1229, 1000.000000000000000 ) ;
#2697 = CARTESIAN_POINT ( 'NONE',  ( -2.250000000000000000, -2.000000000000000000, 1.571081491559290111 ) ) ;
#2698 = LINE ( 'NONE', #2383, #2678 ) ;
#2699 = DIRECTION ( 'NONE',  ( 1.000000000000000000, 0.000000000000000000, 0.000000000000000000 ) ) ;
#2700 = DIRECTION ( 'NONE',  ( 0.000000000000000000, 4.336808689942014847E-19, -1.000000000000000000 ) ) ;
#2701 = LINE ( 'NONE', #1313, #5188 ) ;
#2702 = CARTESIAN_POINT ( 'NONE',  ( -2.600000000000000089, -1.564718210309564927, -1.270000000000000018 ) ) ;
#2703 = ORIENTED_EDGE ( 'NONE', *, *, #3608, .T. ) ;
#2704 = AXIS2_PLACEMENT_3D ( 'NONE', #4393, #4982, #3150 ) ;
#2705 = ORIENTED_EDGE ( 'NONE', *, *, #3737, .F. ) ;
#2706 = ADVANCED_FACE ( 'NONE', ( #2091 ), #4615, .T. ) ;
#2707 = CARTESIAN_POINT ( 'NONE',  ( -1.050000000000000044, -2.050000000000000266, -1.657735026918965016 ) ) ;
#2708 = SURFACE_STYLE_USAGE ( .BOTH. , #3794 ) ;
#2709 = DIRECTION ( 'NONE',  ( 0.000000000000000000, 0.000000000000000000, 1.000000000000000000 ) ) ;
#2710 = VECTOR ( 'NONE', #204, 1000.000000000000000 ) ;
#2711 = DIRECTION ( 'NONE',  ( 1.000000000000000000, 0.000000000000000000, 0.000000000000000000 ) ) ;
#2712 = DIRECTION ( 'NONE',  ( -0.7071067811865470176, 0.000000000000000000, 0.7071067811865480168 ) ) ;
#2713 = FACE_OUTER_BOUND ( 'NONE', #4325, .T. ) ;
#2714 = CARTESIAN_POINT ( 'NONE',  ( -2.600000000000000089, -1.139999999999999902, 1.800000000000000044 ) ) ;
#2715 = CLOSED_SHELL ( 'NONE', ( #312, #5376, #1545, #3783, #4219, #3471, #1922, #6358, #3767, #3223, #3656, #5021, #4852, #2591, #214 ) ) ;
#2716 = ORIENTED_EDGE ( 'NONE', *, *, #2842, .T. ) ;
#2717 = EDGE_CURVE ( 'NONE', #83, #475, #4674, .T. ) ;
#2718 = CARTESIAN_POINT ( 'NONE',  ( -2.600000000000000089, -1.361769230769231953, 1.420846153846154092 ) ) ;
#2719 = CARTESIAN_POINT ( 'NONE',  ( 2.600000000000000089, -0.1499999999999999944, 1.149999999999999911 ) ) ;
#2720 = FACE_OUTER_BOUND ( 'NONE', #4283, .T. ) ;
#2721 = ADVANCED_FACE ( 'NONE', ( #2045 ), #4461, .T. ) ;
#2722 = CARTESIAN_POINT ( 'NONE',  ( 2.250000000000000000, -0.09000000000000910050, -0.1524999999999999967 ) ) ;
#2723 = VERTEX_POINT ( 'NONE', #31 ) ;
#2724 = CARTESIAN_POINT ( 'NONE',  ( 2.600000000000000089, -1.775000000000000133, -0.1000000000000000056 ) ) ;
#2725 = LINE ( 'NONE', #1582, #2634 ) ;
#2726 = ORIENTED_EDGE ( 'NONE', *, *, #6579, .F. ) ;
#2727 = ORIENTED_EDGE ( 'NONE', *, *, #2593, .T. ) ;
#2728 = EDGE_CURVE ( 'NONE', #6865, #3884, #2177, .T. ) ;
#2729 = AXIS2_PLACEMENT_3D ( 'NONE', #2909, #5344, #3480 ) ;
#2730 = CARTESIAN_POINT ( 'NONE',  ( -0.6005218575370839806, -1.449999999999999956, 1.270000000000000018 ) ) ;
#2731 = CIRCLE ( 'NONE', #3258, 0.04999999999999991257 ) ;
#2732 = DIRECTION ( 'NONE',  ( 0.000000000000000000, 0.000000000000000000, -1.000000000000000000 ) ) ;
#2733 = FACE_OUTER_BOUND ( 'NONE', #1173, .T. ) ;
#2734 = FACE_OUTER_BOUND ( 'NONE', #6993, .T. ) ;
#2735 = VERTEX_POINT ( 'NONE', #3447 ) ;
#2736 = ORIENTED_EDGE ( 'NONE', *, *, #3608, .F. ) ;
#2737 = EDGE_CURVE ( 'NONE', #1891, #4519, #2190, .T. ) ;
#2738 = PLANE ( 'NONE',  #4647 ) ;
#2739 = CARTESIAN_POINT ( 'NONE',  ( 2.100000000000000089, -0.5742640687119289211, -1.625000000000000000 ) ) ;
#2740 = EDGE_CURVE ( 'NONE', #5682, #1676, #4514, .T. ) ;
#2741 = DIRECTION ( 'NONE',  ( 0.000000000000000000, 0.000000000000000000, -1.000000000000000000 ) ) ;
#2742 = CIRCLE ( 'NONE', #7006, 0.5000000000000000000 ) ;
#2743 = DIRECTION ( 'NONE',  ( 0.000000000000000000, -1.000000000000000000, 0.000000000000000000 ) ) ;
#2744 = DIRECTION ( 'NONE',  ( 0.000000000000000000, 0.000000000000000000, -1.000000000000000000 ) ) ;
#2745 = DIRECTION ( 'NONE',  ( 0.000000000000000000, 0.000000000000000000, -1.000000000000000000 ) ) ;
#2746 = VECTOR ( 'NONE', #6269, 1000.000000000000000 ) ;
#2747 = DIRECTION ( 'NONE',  ( 0.000000000000000000, 0.000000000000000000, 1.000000000000000000 ) ) ;
#2748 = ORIENTED_EDGE ( 'NONE', *, *, #2717, .F. ) ;
#2749 = ADVANCED_FACE ( 'NONE', ( #7093 ), #1125, .F. ) ;
#2750 = ORIENTED_EDGE ( 'NONE', *, *, #7362, .F. ) ;
#2751 = DIRECTION ( 'NONE',  ( 1.000000000000000000, 0.000000000000000000, 0.000000000000000000 ) ) ;
#2752 = CYLINDRICAL_SURFACE ( 'NONE', #6170, 0.1999999999999999833 ) ;
#2753 = CARTESIAN_POINT ( 'NONE',  ( 2.550000000000000266, -2.168404344971009854E-16, -1.149999999999999911 ) ) ;
#2754 = EDGE_CURVE ( 'NONE', #6741, #2251, #6940, .T. ) ;
#2755 = CIRCLE ( 'NONE', #6361, 0.05000000000000012768 ) ;
#2756 = DIRECTION ( 'NONE',  ( 1.334402673828313043E-15, 0.000000000000000000, 1.000000000000000000 ) ) ;
#2757 = CARTESIAN_POINT ( 'NONE',  ( -1.207690296114372064, -0.1499999999999999944, 1.042309703885625938 ) ) ;
#2758 = ORIENTED_EDGE ( 'NONE', *, *, #3545, .F. ) ;
#2759 = LINE ( 'NONE', #5166, #2746 ) ;
#2760 = VERTEX_POINT ( 'NONE', #4060 ) ;
#2761 = EDGE_CURVE ( 'NONE', #198, #916, #7103, .T. ) ;
#2762 = ORIENTED_EDGE ( 'NONE', *, *, #698, .T. ) ;
#2763 = AXIS2_PLACEMENT_3D ( 'NONE', #5955, #5899, #4715 ) ;
#2764 = ADVANCED_FACE ( 'NONE', ( #4590 ), #131, .F. ) ;
#2765 = VECTOR ( 'NONE', #6410, 1000.000000000000000 ) ;
#2766 = DIRECTION ( 'NONE',  ( -1.000000000000000000, 0.000000000000000000, 0.000000000000000000 ) ) ;
#2767 = LINE ( 'NONE', #543, #2656 ) ;
#2768 = DIRECTION ( 'NONE',  ( 0.000000000000000000, 0.000000000000000000, -1.000000000000000000 ) ) ;
#2769 = DIRECTION ( 'NONE',  ( -7.228014483236700500E-16, 1.000000000000000000, 0.000000000000000000 ) ) ;
#2770 = VECTOR ( 'NONE', #1443, 1000.000000000000000 ) ;
#2771 = CARTESIAN_POINT ( 'NONE',  ( 2.620000000000000107, -1.324999999999999956, 0.2999999999999999889 ) ) ;
#2772 = ORIENTED_EDGE ( 'NONE', *, *, #362, .T. ) ;
#2773 = EDGE_CURVE ( 'NONE', #6765, #5325, #6908, .T. ) ;
#2774 = ORIENTED_EDGE ( 'NONE', *, *, #1946, .F. ) ;
#2775 = EDGE_CURVE ( 'NONE', #7126, #6248, #3841, .T. ) ;
#2776 = CARTESIAN_POINT ( 'NONE',  ( 2.620000000000000107, -1.324999999999999956, 0.1000000000000000056 ) ) ;
#2777 = DIRECTION ( 'NONE',  ( 0.000000000000000000, 1.000000000000000000, 0.000000000000000000 ) ) ;
#2778 = VECTOR ( 'NONE', #6049, 1000.000000000000114 ) ;
#2779 = DIRECTION ( 'NONE',  ( 6.101831366007370336E-19, -1.000000000000000000, 0.000000000000000000 ) ) ;
#2780 = EDGE_CURVE ( 'NONE', #1477, #1795, #4504, .T. ) ;
#2781 = CIRCLE ( 'NONE', #3439, 0.04999999999999999584 ) ;
#2782 = VERTEX_POINT ( 'NONE', #5305 ) ;
#2783 = VERTEX_POINT ( 'NONE', #5267 ) ;
#2784 = CARTESIAN_POINT ( 'NONE',  ( -2.250000000000000000, -8.660064852727969822E-15, -1.107335130721579997E-15 ) ) ;
#2785 = DIRECTION ( 'NONE',  ( 0.000000000000000000, 1.000000000000000000, 0.000000000000000000 ) ) ;
#2786 = EDGE_CURVE ( 'NONE', #1354, #3349, #4450, .T. ) ;
#2787 = LINE ( 'NONE', #6666, #306 ) ;
#2788 = DIRECTION ( 'NONE',  ( 1.000000000000000000, 0.000000000000000000, 0.000000000000000000 ) ) ;
#2789 = CIRCLE ( 'NONE', #1754, 0.1999999999999999833 ) ;
#2790 = DIRECTION ( 'NONE',  ( 1.000000000000000000, 0.000000000000000000, 0.000000000000000000 ) ) ;
#2791 = CARTESIAN_POINT ( 'NONE',  ( -2.249141503005348319, -2.009150632599044695, 1.605283120194312518 ) ) ;
#2792 = ORIENTED_EDGE ( 'NONE', *, *, #6112, .F. ) ;
#2793 = CARTESIAN_POINT ( 'NONE',  ( -0.9616025403784440595, -2.043301270189220364, -1.592264973081039869 ) ) ;
#2794 = CARTESIAN_POINT ( 'NONE',  ( -2.550000000000000266, -2.168404344971009854E-16, -1.149999999999999911 ) ) ;
#2795 = VERTEX_POINT ( 'NONE', #6941 ) ;
#2796 = EDGE_LOOP ( 'NONE', ( #5465, #1800, #910, #4336, #4990, #6766, #3940, #1512, #690, #6491, #5625, #1815, #3104, #1628, #4114, #6818, #5806, #5558, #3057, #2994, #5535, #6369 ) ) ;
#2797 = DIRECTION ( 'NONE',  ( 0.000000000000000000, 0.000000000000000000, 1.000000000000000000 ) ) ;
#2798 = AXIS2_PLACEMENT_3D ( 'NONE', #628, #3437, #1218 ) ;
#2799 = DIRECTION ( 'NONE',  ( 0.000000000000000000, 0.000000000000000000, 1.000000000000000000 ) ) ;
#2800 = DIRECTION ( 'NONE',  ( -1.000000000000000000, 0.000000000000000000, 8.673617379884051249E-15 ) ) ;
#2801 = FACE_OUTER_BOUND ( 'NONE', #3481, .T. ) ;
#2802 = DIRECTION ( 'NONE',  ( 0.000000000000000000, 0.000000000000000000, -1.000000000000000000 ) ) ;
#2803 = DIRECTION ( 'NONE',  ( 0.000000000000000000, 0.000000000000000000, 1.000000000000000000 ) ) ;
#2804 = CIRCLE ( 'NONE', #647, 0.2000000000000000389 ) ;
#2805 = CARTESIAN_POINT ( 'NONE',  ( -2.600000000000000089, -0.5000000000000000000, 1.800000000000000044 ) ) ;
#2806 = ORIENTED_EDGE ( 'NONE', *, *, #4254, .F. ) ;
#2807 = ADVANCED_FACE ( 'NONE', ( #2143 ), #6896, .F. ) ;
#2808 = ORIENTED_EDGE ( 'NONE', *, *, #3775, .T. ) ;
#2809 = DIRECTION ( 'NONE',  ( 0.000000000000000000, 0.000000000000000000, -1.000000000000000000 ) ) ;
#2810 = CIRCLE ( 'NONE', #6271, 0.1999999999999999833 ) ;
#2811 = CARTESIAN_POINT ( 'NONE',  ( -2.750000000000000000, -0.5000000000000000000, 1.149999999999999911 ) ) ;
#2812 = AXIS2_PLACEMENT_3D ( 'NONE', #1138, #2336, #600 ) ;
#2813 = DIRECTION ( 'NONE',  ( 0.000000000000000000, 1.000000000000000000, 0.000000000000000000 ) ) ;
#2814 = DIRECTION ( 'NONE',  ( 0.000000000000000000, 0.7071067811865470176, 0.7071067811865480168 ) ) ;
#2815 = DIRECTION ( 'NONE',  ( 1.000000000000000000, 6.101831366007240336E-19, 1.734723475976804976E-18 ) ) ;
#2816 = EDGE_CURVE ( 'NONE', #3951, #1978, #4574, .T. ) ;
#2817 = CIRCLE ( 'NONE', #3771, 0.05000000000000002359 ) ;
#2818 = EDGE_LOOP ( 'NONE', ( #3533, #1169, #3671 ) ) ;
#2819 = MECHANICAL_DESIGN_GEOMETRIC_PRESENTATION_REPRESENTATION (  '', ( #5820 ), #1712 ) ;
#2820 = EDGE_LOOP ( 'NONE', ( #1597, #7284, #3817, #3651 ) ) ;
#2821 = DIRECTION ( 'NONE',  ( 0.000000000000000000, 1.000000000000000000, 0.000000000000000000 ) ) ;
#2822 = DIRECTION ( 'NONE',  ( -1.000000000000000000, -6.101831366007240336E-19, 0.000000000000000000 ) ) ;
#2823 = CYLINDRICAL_SURFACE ( 'NONE', #4492, 0.2000000000000000944 ) ;
#2824 = CARTESIAN_POINT ( 'NONE',  ( 0.9500000000000745626, -2.050000000000002487, -1.592264973080230517 ) ) ;
#2825 = VECTOR ( 'NONE', #2921, 1000.000000000000000 ) ;
#2826 = EDGE_CURVE ( 'NONE', #3951, #3687, #7062, .T. ) ;
#2827 = ORIENTED_EDGE ( 'NONE', *, *, #4330, .F. ) ;
#2828 = EDGE_CURVE ( 'NONE', #2101, #5070, #6990, .T. ) ;
#2829 = ORIENTED_EDGE ( 'NONE', *, *, #1755, .F. ) ;
#2830 = CARTESIAN_POINT ( 'NONE',  ( 2.620000000000000107, -1.324999999999999956, -0.2999999999999999889 ) ) ;
#2831 = CARTESIAN_POINT ( 'NONE',  ( -2.419999999999999929, -1.080000000000000071, 0.3099999999999999978 ) ) ;
#2832 = VECTOR ( 'NONE', #7181, 999.9999999999998863 ) ;
#2833 = DIRECTION ( 'NONE',  ( 0.000000000000000000, -1.000000000000000000, 0.000000000000000000 ) ) ;
#2834 = DIRECTION ( 'NONE',  ( -1.734723475976804976E-18, -4.336808689942014847E-19, 1.000000000000000000 ) ) ;
#2835 = B_SPLINE_CURVE_WITH_KNOTS ( 'NONE', 3,
 ( #6963, #4067, #1135, #6289, #1670, #2983 ),
 .UNSPECIFIED., .F., .F.,
 ( 4, 2, 4 ),
 ( 0.000000000000000000, 0.5000000000000000000, 1.000000000000000000 ),
 .UNSPECIFIED. ) ;
#2836 = CARTESIAN_POINT ( 'NONE',  ( 2.550000000000000266, -1.959999999999999964, -1.270000000000000018 ) ) ;
#2837 = VECTOR ( 'NONE', #6948, 1000.000000000000000 ) ;
#2838 = EDGE_CURVE ( 'NONE', #3677, #3089, #2067, .T. ) ;
#2839 = CARTESIAN_POINT ( 'NONE',  ( -2.660000000000000142, -1.283000000000000140, 0.1524999999999999967 ) ) ;
#2840 = ORIENTED_EDGE ( 'NONE', *, *, #5033, .F. ) ;
#2841 = ORIENTED_EDGE ( 'NONE', *, *, #3346, .F. ) ;
#2842 = EDGE_CURVE ( 'NONE', #6377, #4953, #7038, .T. ) ;
#2843 = DIRECTION ( 'NONE',  ( 1.000000000000000000, 0.000000000000000000, 0.000000000000000000 ) ) ;
#2844 = CARTESIAN_POINT ( 'NONE',  ( -1.162006473417549923, -1.960333032421400112, 1.577098265590559878 ) ) ;
#2845 = EDGE_CURVE ( 'NONE', #1207, #3496, #4566, .T. ) ;
#2846 = CIRCLE ( 'NONE', #3034, 0.1999999999999999833 ) ;
#2847 = DIRECTION ( 'NONE',  ( 0.000000000000000000, 0.000000000000000000, 1.000000000000000000 ) ) ;
#2848 = AXIS2_PLACEMENT_3D ( 'NONE', #2722, #5255, #3848 ) ;
#2849 = EDGE_LOOP ( 'NONE', ( #927, #6983 ) ) ;
#2850 = VERTEX_POINT ( 'NONE', #4043 ) ;
#2851 = ORIENTED_EDGE ( 'NONE', *, *, #5828, .T. ) ;
#2852 = DIRECTION ( 'NONE',  ( -6.101831366007379966E-19, 1.000000000000000000, 2.714842239903705075E-16 ) ) ;
#2853 = FACE_OUTER_BOUND ( 'NONE', #5450, .T. ) ;
#2854 = EDGE_CURVE ( 'NONE', #5325, #4390, #4546, .T. ) ;
#2855 = CARTESIAN_POINT ( 'NONE',  ( 2.550000000000000266, -2.000000000000000000, -1.571132486540520068 ) ) ;
#2856 = DIRECTION ( 'NONE',  ( 0.000000000000000000, 0.000000000000000000, 1.000000000000000000 ) ) ;
#2857 = CIRCLE ( 'NONE', #3759, 0.05000000000000012768 ) ;
#2858 = EDGE_CURVE ( 'NONE', #4874, #6676, #2214, .T. ) ;
#2859 = CARTESIAN_POINT ( 'NONE',  ( -2.600000000000000089, -0.1499999999999999944, 1.149999999999999911 ) ) ;
#2860 = FACE_OUTER_BOUND ( 'NONE', #7020, .T. ) ;
#2861 = VERTEX_POINT ( 'NONE', #7040 ) ;
#2862 = CARTESIAN_POINT ( 'NONE',  ( 2.550000000000000266, -1.959999999999999964, -1.270000000000000018 ) ) ;
#2863 = AXIS2_PLACEMENT_3D ( 'NONE', #7293, #4394, #976 ) ;
#2864 = ADVANCED_FACE ( 'NONE', ( #7026 ), #2245, .T. ) ;
#2865 = ORIENTED_EDGE ( 'NONE', *, *, #347, .F. ) ;
#2866 = CARTESIAN_POINT ( 'NONE',  ( 2.250000000000000000, -2.000000000000000000, -1.600000000000000089 ) ) ;
#2867 = AXIS2_PLACEMENT_3D ( 'NONE', #610, #559, #2856 ) ;
#2868 = CARTESIAN_POINT ( 'NONE',  ( -2.600000000000000089, -1.959999999999999964, 1.270000000000000018 ) ) ;
#2869 = LINE ( 'NONE', #4940, #2981 ) ;
#2870 = CARTESIAN_POINT ( 'NONE',  ( 0.9879395023496230221, -2.039232582258224902, -1.617250503834499975 ) ) ;
#2871 = FACE_OUTER_BOUND ( 'NONE', #6080, .T. ) ;
#2872 = FACE_OUTER_BOUND ( 'NONE', #2939, .T. ) ;
#2873 = ORIENTED_EDGE ( 'NONE', *, *, #5179, .T. ) ;
#2874 = ORIENTED_EDGE ( 'NONE', *, *, #525, .T. ) ;
#2875 = SURFACE_SIDE_STYLE ('',( #5787 ) ) ;
#2876 = DIRECTION ( 'NONE',  ( 0.000000000000000000, -1.000000000000000000, 0.000000000000000000 ) ) ;
#2877 = ADVANCED_FACE ( 'NONE', ( #2106 ), #2117, .F. ) ;
#2878 = FACE_OUTER_BOUND ( 'NONE', #6584, .T. ) ;
#2879 = CARTESIAN_POINT ( 'NONE',  ( 2.620000000000000107, -1.525000000000000133, 0.1000000000000000056 ) ) ;
#2880 = CARTESIAN_POINT ( 'NONE',  ( -1.050000000000000044, -2.024999999999999911, 1.614433756729739988 ) ) ;
#2881 = LINE ( 'NONE', #4804, #498 ) ;
#2882 = VERTEX_POINT ( 'NONE', #1854 ) ;
#2883 = AXIS2_PLACEMENT_3D ( 'NONE', #1201, #5659, #5298 ) ;
#2884 = ORIENTED_EDGE ( 'NONE', *, *, #4772, .F. ) ;
#2885 = EDGE_CURVE ( 'NONE', #2735, #2337, #2128, .T. ) ;
#2886 =( GEOMETRIC_REPRESENTATION_CONTEXT ( 3 ) GLOBAL_UNCERTAINTY_ASSIGNED_CONTEXT ( ( #1625 ) ) GLOBAL_UNIT_ASSIGNED_CONTEXT ( ( #988, #6472, #1404 ) ) REPRESENTATION_CONTEXT ( 'NONE', 'WORKASPACE' ) );
#2887 = DIRECTION ( 'NONE',  ( -1.000000000000000000, -6.101831366007240336E-19, 0.000000000000000000 ) ) ;
#2888 = CARTESIAN_POINT ( 'NONE',  ( -2.600000000000000089, -0.5000000000000000000, 0.9499999999999999556 ) ) ;
#2889 = DIRECTION ( 'NONE',  ( 0.000000000000000000, 0.000000000000000000, -1.000000000000000000 ) ) ;
#2890 = LINE ( 'NONE', #7214, #374 ) ;
#2891 = CARTESIAN_POINT ( 'NONE',  ( 2.350000000000000089, 0.000000000000000000, 0.3331145985333610060 ) ) ;
#2892 = CARTESIAN_POINT ( 'NONE',  ( -2.600000000000000089, -1.324999999999999956, -0.5500000000000000444 ) ) ;
#2893 = LINE ( 'NONE', #5982, #5515 ) ;
#2894 = CARTESIAN_POINT ( 'NONE',  ( -1.011436044376984755, -2.050000000000002487, -1.635478130682302300 ) ) ;
#2895 = VERTEX_POINT ( 'NONE', #2463 ) ;
#2896 = VERTEX_POINT ( 'NONE', #3008 ) ;
#2897 = EDGE_CURVE ( 'NONE', #4062, #5997, #4626, .T. ) ;
#2898 = PLANE ( 'NONE',  #5415 ) ;
#2899 =( BOUNDED_CURVE ( )  B_SPLINE_CURVE ( 3, ( #4391, #1570, #4443, #7238 ),
 .UNSPECIFIED., .F., .F. ) 
 B_SPLINE_CURVE_WITH_KNOTS ( ( 4, 4 ),
 ( 5.319001591959380271, 6.441965521825339991 ),
 .UNSPECIFIED. ) 
 CURVE ( )  GEOMETRIC_REPRESENTATION_ITEM ( )  RATIONAL_B_SPLINE_CURVE ( ( 1.000000000000000000, 0.8976446544027950614, 0.8976446544027950614, 1.000000000000000000 ) ) 
 REPRESENTATION_ITEM ( '' )  );
#2900 = LINE ( 'NONE', #1581, #5343 ) ;
#2901 = AXIS2_PLACEMENT_3D ( 'NONE', #3694, #4250, #4844 ) ;
#2902 = DIRECTION ( 'NONE',  ( 0.000000000000000000, -0.5048833150379542500, -0.8631876031294042351 ) ) ;
#2903 = DIRECTION ( 'NONE',  ( -1.734723475976804976E-18, -2.172741153660949900E-16, 1.000000000000000000 ) ) ;
#2904 = LINE ( 'NONE', #6746, #2832 ) ;
#2905 = CARTESIAN_POINT ( 'NONE',  ( 1.750000000000000000, 0.8400000000000000799, 2.050000000000000266 ) ) ;
#2906 = LINE ( 'NONE', #7112, #593 ) ;
#2907 = ORIENTED_EDGE ( 'NONE', *, *, #6543, .F. ) ;
#2908 = DIRECTION ( 'NONE',  ( 0.000000000000000000, 0.000000000000000000, 1.000000000000000000 ) ) ;
#2909 = CARTESIAN_POINT ( 'NONE',  ( -2.620000000000000107, -1.324999999999999956, -0.2999999999999999889 ) ) ;
#2910 = CARTESIAN_POINT ( 'NONE',  ( 2.600000000000000089, -1.139999999999999902, 1.800000000000000044 ) ) ;
#2911 = EDGE_CURVE ( 'NONE', #6899, #3435, #2008, .T. ) ;
#2912 = DIRECTION ( 'NONE',  ( -1.000000000000000000, 0.000000000000000000, 0.000000000000000000 ) ) ;
#2913 = VERTEX_POINT ( 'NONE', #6991 ) ;
#2914 = DIRECTION ( 'NONE',  ( 0.000000000000000000, 1.000000000000000000, 0.000000000000000000 ) ) ;
#2915 = VERTEX_POINT ( 'NONE', #4776 ) ;
#2916 = DIRECTION ( 'NONE',  ( 1.000000000000000000, 0.000000000000000000, 0.000000000000000000 ) ) ;
#2917 = EDGE_CURVE ( 'NONE', #3435, #198, #7113, .T. ) ;
#2918 = FACE_OUTER_BOUND ( 'NONE', #1680, .T. ) ;
#2919 = EDGE_LOOP ( 'NONE', ( #6003, #4483, #7043, #6235 ) ) ;
#2920 = ADVANCED_FACE ( 'NONE', ( #7122 ), #6895, .T. ) ;
#2921 = DIRECTION ( 'NONE',  ( 0.000000000000000000, 1.000000000000000000, 0.000000000000000000 ) ) ;
#2922 = DIRECTION ( 'NONE',  ( 0.000000000000000000, 1.000000000000000000, 0.000000000000000000 ) ) ;
#2923 = CARTESIAN_POINT ( 'NONE',  ( 2.100000000000000089, -0.1499999999999999944, 1.474999999999999867 ) ) ;
#2924 = ORIENTED_EDGE ( 'NONE', *, *, #2235, .F. ) ;
#2925 = LINE ( 'NONE', #6633, #5290 ) ;
#2926 = DIRECTION ( 'NONE',  ( 6.101831366007370336E-19, -1.000000000000000000, 0.000000000000000000 ) ) ;
#2927 = CARTESIAN_POINT ( 'NONE',  ( -2.500000000000000000, 0.000000000000000000, 0.3331145985333605619 ) ) ;
#2928 = EDGE_CURVE ( 'NONE', #5861, #1265, #4472, .T. ) ;
#2929 = DIRECTION ( 'NONE',  ( -0.8320502943378476068, -0.4803844614152558146, 0.2773500981126123532 ) ) ;
#2930 = VECTOR ( 'NONE', #3407, 1000.000000000000000 ) ;
#2931 = DIRECTION ( 'NONE',  ( 1.000000000000000000, 2.409338161078903914E-15, 0.000000000000000000 ) ) ;
#2932 = ORIENTED_EDGE ( 'NONE', *, *, #439, .T. ) ;
#2933 = EDGE_CURVE ( 'NONE', #6129, #3075, #2408, .T. ) ;
#2934 = DIRECTION ( 'NONE',  ( 0.000000000000000000, -0.5000000000000003331, 0.8660254037844384856 ) ) ;
#2935 = ADVANCED_FACE ( 'NONE', ( #2369 ), #2449, .F. ) ;
#2936 = AXIS2_PLACEMENT_3D ( 'NONE', #6583, #4695, #744 ) ;
#2937 = LINE ( 'NONE', #4993, #5398 ) ;
#2938 = CARTESIAN_POINT ( 'NONE',  ( -2.449999999999999734, -8.660064852727969822E-15, -1.107682075416773859E-15 ) ) ;
#2939 = EDGE_LOOP ( 'NONE', ( #71, #1948, #958, #5881 ) ) ;
#2940 = VECTOR ( 'NONE', #5475, 1000.000000000000000 ) ;
#2941 = DIRECTION ( 'NONE',  ( 1.000000000000000000, 0.000000000000000000, 0.000000000000000000 ) ) ;
#2942 = CARTESIAN_POINT ( 'NONE',  ( 2.249141503005304799, -2.009150632599038921, -1.605283120194312518 ) ) ;
#2943 = VERTEX_POINT ( 'NONE', #6147 ) ;
#2944 = EDGE_CURVE ( 'NONE', #5437, #6612, #7179, .T. ) ;
#2945 = CARTESIAN_POINT ( 'NONE',  ( -2.600000000000000089, -0.1499999999999999944, 1.800000000000000044 ) ) ;
#2946 = EDGE_CURVE ( 'NONE', #5848, #1386, #4826, .T. ) ;
#2947 = LINE ( 'NONE', #5735, #5409 ) ;
#2948 = ORIENTED_EDGE ( 'NONE', *, *, #4906, .T. ) ;
#2949 = AXIS2_PLACEMENT_3D ( 'NONE', #1347, #6398, #4104 ) ;
#2950 = LINE ( 'NONE', #4346, #401 ) ;
#2951 = VECTOR ( 'NONE', #747, 1000.000000000000000 ) ;
#2952 = ORIENTED_EDGE ( 'NONE', *, *, #4330, .T. ) ;
#2953 = CARTESIAN_POINT ( 'NONE',  ( 2.682690296114369932, -0.1499999999999999944, 0.4326902961143724857 ) ) ;
#2954 = AXIS2_PLACEMENT_3D ( 'NONE', #6608, #7343, #4444 ) ;
#2955 = DIRECTION ( 'NONE',  ( 0.000000000000000000, 4.336808689942014847E-19, -1.000000000000000000 ) ) ;
#2956 = DIRECTION ( 'NONE',  ( 0.000000000000000000, 0.000000000000000000, -1.000000000000000000 ) ) ;
#2957 = ORIENTED_EDGE ( 'NONE', *, *, #1377, .T. ) ;
#2958 = CARTESIAN_POINT ( 'NONE',  ( -2.550000000000000266, -2.010000000000000231, 1.270000000000000018 ) ) ;
#2959 = ORIENTED_EDGE ( 'NONE', *, *, #6998, .T. ) ;
#2960 = CARTESIAN_POINT ( 'NONE',  ( -2.250000000000000000, -2.000000000000000000, 1.571132486540520068 ) ) ;
#2961 = AXIS2_PLACEMENT_3D ( 'NONE', #5303, #61, #1740 ) ;
#2962 = TOROIDAL_SURFACE ( 'NONE', #4801, 0.2000000000000000111, 0.05000000000000000278 ) ;
#2963 = ORIENTED_EDGE ( 'NONE', *, *, #6905, .T. ) ;
#2964 = AXIS2_PLACEMENT_3D ( 'NONE', #3123, #5604, #554 ) ;
#2965 = PLANE ( 'NONE',  #5310 ) ;
#2966 = DIRECTION ( 'NONE',  ( 1.000000000000000000, 6.101831366007370336E-19, 0.000000000000000000 ) ) ;
#2967 = DIRECTION ( 'NONE',  ( -6.101831366007370336E-19, 1.000000000000000000, 4.336808689942019662E-19 ) ) ;
#2968 = CIRCLE ( 'NONE', #5915, 0.05000000000000002359 ) ;
#2969 = CARTESIAN_POINT ( 'NONE',  ( -1.965380592228744838, -2.168404344971009854E-16, 1.149999999999999911 ) ) ;
#2970 = ORIENTED_EDGE ( 'NONE', *, *, #3814, .F. ) ;
#2971 = FACE_OUTER_BOUND ( 'NONE', #6823, .T. ) ;
#2972 = CARTESIAN_POINT ( 'NONE',  ( 2.449999999999999734, -0.09000000000000910050, -0.1524999999999999967 ) ) ;
#2973 = CARTESIAN_POINT ( 'NONE',  ( -2.569999999999999840, -0.2999999999999999889, 0.3499999999999999778 ) ) ;
#2974 = EDGE_CURVE ( 'NONE', #4841, #2723, #2344, .T. ) ;
#2975 = LINE ( 'NONE', #5933, #2989 ) ;
#2976 = DIRECTION ( 'NONE',  ( 0.000000000000000000, 1.000000000000000000, 0.000000000000000000 ) ) ;
#2977 = ORIENTED_EDGE ( 'NONE', *, *, #3198, .F. ) ;
#2978 = STYLED_ITEM ( 'NONE', ( #5733 ), #6791 ) ;
#2979 = ADVANCED_FACE ( 'NONE', ( #7292 ), #1576, .F. ) ;
#2980 = DIRECTION ( 'NONE',  ( 0.000000000000000000, 0.000000000000000000, 1.000000000000000000 ) ) ;
#2981 = VECTOR ( 'NONE', #3741, 1000.000000000000000 ) ;
#2982 = DIRECTION ( 'NONE',  ( 0.9377487607237041667, 0.000000000000000000, -0.3473143558235926576 ) ) ;
#2983 = CARTESIAN_POINT ( 'NONE',  ( -1.050000000000000044, -2.024999999999999911, -1.614433756729739988 ) ) ;
#2984 = VERTEX_POINT ( 'NONE', #3204 ) ;
#2985 = VECTOR ( 'NONE', #1533, 1000.000000000000000 ) ;
#2986 = DIRECTION ( 'NONE',  ( 0.000000000000000000, -1.000000000000000000, 3.388131789017199877E-16 ) ) ;
#2987 = EDGE_CURVE ( 'NONE', #4213, #3475, #4731, .T. ) ;
#2988 = DIRECTION ( 'NONE',  ( 0.000000000000000000, 0.000000000000000000, 1.000000000000000000 ) ) ;
#2989 = VECTOR ( 'NONE', #6483, 1000.000000000000000 ) ;
#2990 = ORIENTED_EDGE ( 'NONE', *, *, #3379, .F. ) ;
#2991 = EDGE_CURVE ( 'NONE', #4694, #5200, #7330, .T. ) ;
#2992 = AXIS2_PLACEMENT_3D ( 'NONE', #5786, #451, #2168 ) ;
#2993 = FACE_OUTER_BOUND ( 'NONE', #4573, .T. ) ;
#2994 = ORIENTED_EDGE ( 'NONE', *, *, #3142, .T. ) ;
#2995 = DIRECTION ( 'NONE',  ( -1.000000000000000000, 0.000000000000000000, 2.115516434118059681E-16 ) ) ;
#2996 = VECTOR ( 'NONE', #2019, 1000.000000000000000 ) ;
#2997 = CARTESIAN_POINT ( 'NONE',  ( 2.250000000000000000, -0.09000000000000910050, 1.082720722434309815E-15 ) ) ;
#2998 = LINE ( 'NONE', #140, #2951 ) ;
#2999 = ORIENTED_EDGE ( 'NONE', *, *, #741, .F. ) ;
#3000 = DIRECTION ( 'NONE',  ( 1.000000000000000000, 0.000000000000000000, 0.000000000000000000 ) ) ;
#3001 = CARTESIAN_POINT ( 'NONE',  ( 2.750000000000000000, -1.283000000000000140, -0.1524999999999999967 ) ) ;
#3002 = CARTESIAN_POINT ( 'NONE',  ( 2.250000000000000000, -2.000000000000000000, 1.571132486540520068 ) ) ;
#3003 = DIRECTION ( 'NONE',  ( 0.000000000000000000, 4.336808689942280625E-19, -1.000000000000000000 ) ) ;
#3004 = EDGE_LOOP ( 'NONE', ( #5556, #1775, #2948, #901, #4194, #4103, #1761, #3007 ) ) ;
#3005 = DIRECTION ( 'NONE',  ( 7.228014483236700500E-16, -1.000000000000000000, 0.000000000000000000 ) ) ;
#3006 = DIRECTION ( 'NONE',  ( 1.734723475976804976E-18, 4.336808689942014847E-19, -1.000000000000000000 ) ) ;
#3007 = ORIENTED_EDGE ( 'NONE', *, *, #1968, .T. ) ;
#3008 = CARTESIAN_POINT ( 'NONE',  ( -2.250000000000000000, -8.687169907040099544E-15, -0.1524999999999999967 ) ) ;
#3009 = EDGE_CURVE ( 'NONE', #1889, #6846, #7208, .T. ) ;
#3010 = LINE ( 'NONE', #932, #460 ) ;
#3011 = UNCERTAINTY_MEASURE_WITH_UNIT (LENGTH_MEASURE( 1.000000000000000082E-05 ), #2321, 'distance_accuracy_value', 'NONE');
#3012 = ADVANCED_FACE ( 'NONE', ( #2316 ), #1073, .T. ) ;
#3013 = LINE ( 'NONE', #5007, #521 ) ;
#3014 = VERTEX_POINT ( 'NONE', #1615 ) ;
#3015 = CARTESIAN_POINT ( 'NONE',  ( -2.750000000000000000, -2.168404344971009854E-16, 1.800000000000000044 ) ) ;
#3016 = DIRECTION ( 'NONE',  ( 0.000000000000000000, 1.000000000000000000, 0.000000000000000000 ) ) ;
#3017 = EDGE_CURVE ( 'NONE', #6935, #1891, #7270, .T. ) ;
#3018 = VERTEX_POINT ( 'NONE', #2793 ) ;
#3019 = ORIENTED_EDGE ( 'NONE', *, *, #5466, .F. ) ;
#3020 = LINE ( 'NONE', #3257, #2996 ) ;
#3021 = DIRECTION ( 'NONE',  ( -1.000000000000000000, 0.000000000000000000, 0.000000000000000000 ) ) ;
#3022 = DIRECTION ( 'NONE',  ( 0.000000000000000000, 0.000000000000000000, 1.000000000000000000 ) ) ;
#3023 = EDGE_CURVE ( 'NONE', #4299, #891, #2384, .T. ) ;
#3024 = LINE ( 'NONE', #4551, #580 ) ;
#3025 = CARTESIAN_POINT ( 'NONE',  ( 2.419999999999999929, -1.324999999999999956, 0.3099999999999999978 ) ) ;
#3026 = ORIENTED_EDGE ( 'NONE', *, *, #5817, .T. ) ;
#3027 = AXIS2_PLACEMENT_3D ( 'NONE', #5657, #3374, #4470 ) ;
#3028 = ORIENTED_EDGE ( 'NONE', *, *, #4357, .F. ) ;
#3029 = CARTESIAN_POINT ( 'NONE',  ( 2.550000000000000266, -2.010000000000000231, -1.270000000000000018 ) ) ;
#3030 = VECTOR ( 'NONE', #4456, 1000.000000000000000 ) ;
#3031 = CARTESIAN_POINT ( 'NONE',  ( -2.250000000000000000, -2.000000000000000000, -1.571132486540520068 ) ) ;
#3032 = ORIENTED_EDGE ( 'NONE', *, *, #1647, .F. ) ;
#3033 = FACE_OUTER_BOUND ( 'NONE', #2585, .T. ) ;
#3034 = AXIS2_PLACEMENT_3D ( 'NONE', #1550, #1783, #3140 ) ;
#3035 = CARTESIAN_POINT ( 'NONE',  ( 2.600000000000000089, -2.010000000000000231, 1.270000000000000018 ) ) ;
#3036 = ORIENTED_EDGE ( 'NONE', *, *, #4787, .T. ) ;
#3037 = DIRECTION ( 'NONE',  ( -1.000000000000000000, 0.000000000000000000, 0.000000000000000000 ) ) ;
#3038 = ADVANCED_FACE ( 'NONE', ( #2507 ), #5542, .F. ) ;
#3039 = AXIS2_PLACEMENT_3D ( 'NONE', #3495, #529, #1652 ) ;
#3040 = CARTESIAN_POINT ( 'NONE',  ( -2.250000000000000000, -2.000000000000000000, -1.571132486540520068 ) ) ;
#3041 = AXIS2_PLACEMENT_3D ( 'NONE', #6833, #52, #1198 ) ;
#3042 = EDGE_LOOP ( 'NONE', ( #5986, #7359, #3611, #3578, #5352 ) ) ;
#3043 = ORIENTED_EDGE ( 'NONE', *, *, #3642, .F. ) ;
#3044 = VECTOR ( 'NONE', #3926, 1000.000000000000000 ) ;
#3045 = EDGE_LOOP ( 'NONE', ( #4912, #2614, #2370, #6028, #4080, #586, #3952, #6046, #3499, #6212, #1054, #2676 ) ) ;
#3046 = FACE_OUTER_BOUND ( 'NONE', #2279, .T. ) ;
#3047 = LINE ( 'NONE', #2938, #2930 ) ;
#3048 = VERTEX_POINT ( 'NONE', #6006 ) ;
#3049 = DIRECTION ( 'NONE',  ( 0.000000000000000000, -1.000000000000000000, 2.710505431213760099E-16 ) ) ;
#3050 = DIRECTION ( 'NONE',  ( 0.000000000000000000, 1.000000000000000000, 0.000000000000000000 ) ) ;
#3051 = PLANE ( 'NONE',  #6958 ) ;
#3052 = EDGE_CURVE ( 'NONE', #240, #7144, #4836, .T. ) ;
#3053 = ORIENTED_EDGE ( 'NONE', *, *, #7288, .F. ) ;
#3054 = ADVANCED_FACE ( 'NONE', ( #2459 ), #7218, .F. ) ;
#3055 = CYLINDRICAL_SURFACE ( 'NONE', #4125, 0.2000000000000000944 ) ;
#3056 = DIRECTION ( 'NONE',  ( -1.000000000000000000, 0.000000000000000000, 0.000000000000000000 ) ) ;
#3057 = ORIENTED_EDGE ( 'NONE', *, *, #4139, .T. ) ;
#3058 = DIRECTION ( 'NONE',  ( 1.000000000000000000, 0.000000000000000000, 0.000000000000000000 ) ) ;
#3059 = CYLINDRICAL_SURFACE ( 'NONE', #5258, 0.1499999999999999667 ) ;
#3060 = FACE_OUTER_BOUND ( 'NONE', #2063, .T. ) ;
#3061 = VERTEX_POINT ( 'NONE', #5444 ) ;
#3062 = AXIS2_PLACEMENT_3D ( 'NONE', #6551, #875, #7128 ) ;
#3063 = DIRECTION ( 'NONE',  ( 0.000000000000000000, 0.000000000000000000, -1.000000000000000000 ) ) ;
#3064 = PLANE ( 'NONE',  #3340 ) ;
#3065 = VERTEX_POINT ( 'NONE', #5028 ) ;
#3066 = EDGE_CURVE ( 'NONE', #5076, #4568, #4911, .T. ) ;
#3067 = FACE_OUTER_BOUND ( 'NONE', #2388, .T. ) ;
#3068 = DIRECTION ( 'NONE',  ( 1.000000000000000000, 0.000000000000000000, 0.000000000000000000 ) ) ;
#3069 = ORIENTED_EDGE ( 'NONE', *, *, #1562, .T. ) ;
#3070 = PLANE ( 'NONE',  #2901 ) ;
#3071 = SPHERICAL_SURFACE ( 'NONE', #6566, 0.05000000000000000278 ) ;
#3072 = DIRECTION ( 'NONE',  ( 0.000000000000000000, 0.000000000000000000, 1.000000000000000000 ) ) ;
#3073 = LINE ( 'NONE', #7061, #5550 ) ;
#3074 = CARTESIAN_POINT ( 'NONE',  ( -2.100000000000000089, -0.1499999999999999944, -1.324999999999999956 ) ) ;
#3075 = VERTEX_POINT ( 'NONE', #6705 ) ;
#3076 = AXIS2_PLACEMENT_3D ( 'NONE', #4289, #1390, #2699 ) ;
#3077 = EDGE_CURVE ( 'NONE', #6860, #7033, #4797, .T. ) ;
#3078 = VERTEX_POINT ( 'NONE', #4290 ) ;
#3079 = VECTOR ( 'NONE', #4791, 1000.000000000000114 ) ;
#3080 = DIRECTION ( 'NONE',  ( 1.000000000000000000, 6.101831366007240336E-19, 1.734723475976804976E-18 ) ) ;
#3081 = ORIENTED_EDGE ( 'NONE', *, *, #6277, .T. ) ;
#3082 = EDGE_CURVE ( 'NONE', #835, #5878, #7154, .T. ) ;
#3083 = CYLINDRICAL_SURFACE ( 'NONE', #465, 0.1499999999999999667 ) ;
#3084 = DIRECTION ( 'NONE',  ( -0.7071067811865480168, 0.000000000000000000, 0.7071067811865470176 ) ) ;
#3085 = CARTESIAN_POINT ( 'NONE',  ( -2.050000000000000266, 0.8400000000000000799, 2.500000000000000000 ) ) ;
#3086 = VERTEX_POINT ( 'NONE', #4128 ) ;
#3087 = CARTESIAN_POINT ( 'NONE',  ( 2.449999999999999734, -0.09000000000000910050, -0.1524999999999999967 ) ) ;
#3088 = DIRECTION ( 'NONE',  ( -0.000000000000000000, 1.000000000000000000, 0.000000000000000000 ) ) ;
#3089 = VERTEX_POINT ( 'NONE', #6494 ) ;
#3090 = CIRCLE ( 'NONE', #760, 0.2000000000000000944 ) ;
#3091 = ORIENTED_EDGE ( 'NONE', *, *, #2616, .T. ) ;
#3092 = CARTESIAN_POINT ( 'NONE',  ( 2.550000000000000266, -1.765000000000000124, 0.1000000000000000056 ) ) ;
#3093 = FACE_OUTER_BOUND ( 'NONE', #5226, .T. ) ;
#3094 = EDGE_CURVE ( 'NONE', #3837, #4738, #2493, .T. ) ;
#3095 = DIRECTION ( 'NONE',  ( -1.000000000000000000, 0.000000000000000000, -6.915071456594179911E-19 ) ) ;
#3096 = VERTEX_POINT ( 'NONE', #155 ) ;
#3097 = CARTESIAN_POINT ( 'NONE',  ( 2.550000000000000266, -0.2000000000000000111, -1.800000000000000044 ) ) ;
#3098 = CARTESIAN_POINT ( 'NONE',  ( 1.142445763018700156, -1.938891386916750115, -1.531983898867619986 ) ) ;
#3099 = DIRECTION ( 'NONE',  ( 1.000000000000000000, 0.000000000000000000, 0.000000000000000000 ) ) ;
#3100 = ADVANCED_FACE ( 'NONE', ( #2304 ), #104, .T. ) ;
#3101 = AXIS2_PLACEMENT_3D ( 'NONE', #3969, #2887, #1082 ) ;
#3102 = EDGE_CURVE ( 'NONE', #99, #3849, #4961, .T. ) ;
#3103 = CARTESIAN_POINT ( 'NONE',  ( 2.550000000000000266, -2.050000000000000266, 2.000000000000000000 ) ) ;
#3104 = ORIENTED_EDGE ( 'NONE', *, *, #2484, .T. ) ;
#3105 = LINE ( 'NONE', #5745, #5557 ) ;
#3106 = CARTESIAN_POINT ( 'NONE',  ( -2.550000000000000266, -2.160000000000000142, -1.270000000000000018 ) ) ;
#3107 = ORIENTED_EDGE ( 'NONE', *, *, #3716, .F. ) ;
#3108 = CARTESIAN_POINT ( 'NONE',  ( -2.550000000000000266, -0.5000000000000000000, 0.5500000000000000444 ) ) ;
#3109 = DIRECTION ( 'NONE',  ( -1.000000000000000000, 0.000000000000000000, 0.000000000000000000 ) ) ;
#3110 = VECTOR ( 'NONE', #5361, 1000.000000000000000 ) ;
#3111 = LINE ( 'NONE', #3029, #644 ) ;
#3112 = ORIENTED_EDGE ( 'NONE', *, *, #4618, .T. ) ;
#3113 = VECTOR ( 'NONE', #764, 1000.000000000000000 ) ;
#3114 = DIRECTION ( 'NONE',  ( 0.000000000000000000, -1.000000000000000000, 0.000000000000000000 ) ) ;
#3115 = PRODUCT_DEFINITION_SHAPE ( 'NONE', 'NONE',  #6582 ) ;
#3116 = EDGE_CURVE ( 'NONE', #6765, #4749, #4949, .T. ) ;
#3117 = ADVANCED_FACE ( 'NONE', ( #7281 ), #7303, .T. ) ;
#3118 = CARTESIAN_POINT ( 'NONE',  ( 0.000000000000000000, 2.160000000000000142, -8.673617379884035472E-16 ) ) ;
#3119 = AXIS2_PLACEMENT_3D ( 'NONE', #6558, #2700, #6105 ) ;
#3120 = ORIENTED_EDGE ( 'NONE', *, *, #3371, .F. ) ;
#3121 = DIRECTION ( 'NONE',  ( 6.101831366007370336E-19, -1.000000000000000000, -4.336808689941540105E-19 ) ) ;
#3122 = VECTOR ( 'NONE', #2254, 1000.000000000000000 ) ;
#3123 = CARTESIAN_POINT ( 'NONE',  ( -2.500000000000000000, 0.000000000000000000, -0.3331145985333605619 ) ) ;
#3124 = FACE_OUTER_BOUND ( 'NONE', #4644, .T. ) ;
#3125 = ORIENTED_EDGE ( 'NONE', *, *, #2148, .F. ) ;
#3126 = VECTOR ( 'NONE', #4767, 1000.000000000000000 ) ;
#3127 = ORIENTED_EDGE ( 'NONE', *, *, #5611, .T. ) ;
#3128 = CYLINDRICAL_SURFACE ( 'NONE', #27, 0.2000000000000000944 ) ;
#3129 = AXIS2_PLACEMENT_3D ( 'NONE', #4894, #1090, #6574 ) ;
#3130 = DIRECTION ( 'NONE',  ( -6.101831366007370336E-19, 1.000000000000000000, 4.336808689942019662E-19 ) ) ;
#3131 = CYLINDRICAL_SURFACE ( 'NONE', #4900, 0.1499999999999999667 ) ;
#3132 = VERTEX_POINT ( 'NONE', #1838 ) ;
#3133 = CYLINDRICAL_SURFACE ( 'NONE', #4608, 0.2000000000000000944 ) ;
#3134 = DIRECTION ( 'NONE',  ( 1.000000000000000000, 6.101831366007240336E-19, 1.734723475976804976E-18 ) ) ;
#3135 = CARTESIAN_POINT ( 'NONE',  ( -2.449999999999999734, -0.3000000000000084821, -0.1524999999999999967 ) ) ;
#3136 = ORIENTED_EDGE ( 'NONE', *, *, #6549, .T. ) ;
#3137 = CIRCLE ( 'NONE', #4675, 0.04999999999999991257 ) ;
#3138 = ORIENTED_EDGE ( 'NONE', *, *, #3750, .F. ) ;
#3139 = DIRECTION ( 'NONE',  ( 0.000000000000000000, 4.336808689942280625E-19, -1.000000000000000000 ) ) ;
#3140 = DIRECTION ( 'NONE',  ( 0.000000000000000000, 0.000000000000000000, -1.000000000000000000 ) ) ;
#3141 = VECTOR ( 'NONE', #5233, 1000.000000000000000 ) ;
#3142 = EDGE_CURVE ( 'NONE', #2861, #6377, #42, .T. ) ;
#3143 = LINE ( 'NONE', #365, #5670 ) ;
#3144 = ORIENTED_EDGE ( 'NONE', *, *, #7339, .F. ) ;
#3145 = DIRECTION ( 'NONE',  ( 1.000000000000000000, 0.000000000000000000, 0.000000000000000000 ) ) ;
#3146 = AXIS2_PLACEMENT_3D ( 'NONE', #4703, #5420, #5244 ) ;
#3147 = DIRECTION ( 'NONE',  ( 0.000000000000000000, 0.000000000000000000, 1.000000000000000000 ) ) ;
#3148 = VECTOR ( 'NONE', #6427, 1000.000000000000000 ) ;
#3149 = DIRECTION ( 'NONE',  ( 0.000000000000000000, 0.000000000000000000, -1.000000000000000000 ) ) ;
#3150 = DIRECTION ( 'NONE',  ( 1.000000000000000000, 6.101831366007370336E-19, 0.000000000000000000 ) ) ;
#3151 = ORIENTED_EDGE ( 'NONE', *, *, #227, .T. ) ;
#3152 = DIRECTION ( 'NONE',  ( 0.000000000000000000, 0.000000000000000000, -1.000000000000000000 ) ) ;
#3153 = CARTESIAN_POINT ( 'NONE',  ( 2.750000000000000000, -1.564718210309564927, -1.270000000000000018 ) ) ;
#3154 = LINE ( 'NONE', #1595, #657 ) ;
#3155 = ORIENTED_EDGE ( 'NONE', *, *, #4995, .F. ) ;
#3156 = EDGE_CURVE ( 'NONE', #1454, #3686, #2421, .T. ) ;
#3157 = CIRCLE ( 'NONE', #2936, 0.04999999999999991257 ) ;
#3158 = AXIS2_PLACEMENT_3D ( 'NONE', #6946, #5767, #3639 ) ;
#3159 = CARTESIAN_POINT ( 'NONE',  ( -2.250000000000000000, -0.1800000000000085143, -0.1524999999999999967 ) ) ;
#3160 = CARTESIAN_POINT ( 'NONE',  ( 2.569999999999999840, -1.283000000000000140, -0.1524999999999999967 ) ) ;
#3161 = AXIS2_PLACEMENT_3D ( 'NONE', #1426, #2003, #4130 ) ;
#3162 = FACE_OUTER_BOUND ( 'NONE', #4132, .T. ) ;
#3163 = DIRECTION ( 'NONE',  ( 0.000000000000000000, 0.000000000000000000, 1.000000000000000000 ) ) ;
#3164 = VERTEX_POINT ( 'NONE', #3373 ) ;
#3165 = DIRECTION ( 'NONE',  ( 0.000000000000000000, -1.000000000000000000, 0.000000000000000000 ) ) ;
#3166 = CARTESIAN_POINT ( 'NONE',  ( 2.250989051333069924, -2.000058866585474604, -1.571115478198259918 ) ) ;
#3167 = LINE ( 'NONE', #7203, #5610 ) ;
#3168 = EDGE_CURVE ( 'NONE', #1738, #6045, #2287, .T. ) ;
#3169 = ORIENTED_EDGE ( 'NONE', *, *, #6277, .F. ) ;
#3170 =( BOUNDED_SURFACE ( )  B_SPLINE_SURFACE ( 3, 2, ( 
 ( #6415, #6015, #7102 ),
 ( #7000, #4248, #223 ),
 ( #4199, #1403, #6520 ),
 ( #7048, #785, #317 ),
 ( #3798, #6570, #2025 ),
 ( #4788, #6623, #6471 ) ),
 .UNSPECIFIED., .F., .F., .F. ) 
 B_SPLINE_SURFACE_WITH_KNOTS ( ( 4, 2, 4 ),
 ( 3, 3 ),
 ( 0.3250879232268120145, 0.4310573899575375068, 0.5370268566882629990 ),
 ( 0.000000000000000000, 1.000000000000000000 ),
 .UNSPECIFIED. ) 
 GEOMETRIC_REPRESENTATION_ITEM ( )  RATIONAL_B_SPLINE_SURFACE ( (
 ( 1.000000000000000000, 0.8660254037844379305, 1.000000000000000000),
 ( 1.000000000000000000, 0.9180479945640920292, 1.000000000000000000),
 ( 1.000000000000000000, 0.9447190473916339259, 1.000000000000000000),
 ( 1.000000000000000000, 0.9705288393260119717, 1.000000000000000000),
 ( 1.000000000000000000, 0.9706935605144469958, 1.000000000000000000),
 ( 1.000000000000000000, 0.9659258262886999402, 1.000000000000000000) ) ) 
 REPRESENTATION_ITEM ( '' )  SURFACE ( )  );
#3171 = FACE_OUTER_BOUND ( 'NONE', #3261, .T. ) ;
#3172 = EDGE_CURVE ( 'NONE', #1380, #6224, #4780, .T. ) ;
#3173 = CARTESIAN_POINT ( 'NONE',  ( 2.550000000000000266, -1.765000000000000124, 2.831705953117049788E-19 ) ) ;
#3174 = ADVANCED_FACE ( 'NONE', ( #7195 ), #6390, .F. ) ;
#3175 = VERTEX_POINT ( 'NONE', #2602 ) ;
#3176 = LINE ( 'NONE', #4947, #5708 ) ;
#3177 = CARTESIAN_POINT ( 'NONE',  ( -1.712569035355499869, -1.667465589080795008, 1.350276141422019904 ) ) ;
#3178 = ORIENTED_EDGE ( 'NONE', *, *, #7127, .T. ) ;
#3179 = VECTOR ( 'NONE', #4448, 1000.000000000000000 ) ;
#3180 = CARTESIAN_POINT ( 'NONE',  ( -2.419999999999999929, -0.5000000000000000000, 0.000000000000000000 ) ) ;
#3181 = LINE ( 'NONE', #7147, #692 ) ;
#3182 = PLANE ( 'NONE',  #6009 ) ;
#3183 = EDGE_LOOP ( 'NONE', ( #5830, #6027, #717, #1803 ) ) ;
#3184 = LINE ( 'NONE', #7186, #3113 ) ;
#3185 = CARTESIAN_POINT ( 'NONE',  ( 2.100000000000000089, -0.1499999999999999944, -1.625000000000000000 ) ) ;
#3186 = EDGE_CURVE ( 'NONE', #4524, #1789, #7315, .T. ) ;
#3187 = ORIENTED_EDGE ( 'NONE', *, *, #80, .T. ) ;
#3188 = CARTESIAN_POINT ( 'NONE',  ( 2.750000000000000000, -0.2000000000000000111, 1.800000000000000044 ) ) ;
#3189 = CARTESIAN_POINT ( 'NONE',  ( 2.419999999999999929, -0.3499999999999999778, -0.2500000000000000000 ) ) ;
#3190 = CYLINDRICAL_SURFACE ( 'NONE', #6931, 0.3250000000000000111 ) ;
#3191 = AXIS2_PLACEMENT_3D ( 'NONE', #2181, #3846, #4029 ) ;
#3192 = EDGE_CURVE ( 'NONE', #4568, #3849, #7, .T. ) ;
#3193 = VECTOR ( 'NONE', #7300, 1000.000000000000000 ) ;
#3194 = ORIENTED_EDGE ( 'NONE', *, *, #770, .F. ) ;
#3195 =( NAMED_UNIT ( * ) SI_UNIT ( $, .STERADIAN. ) SOLID_ANGLE_UNIT ( ) );
#3196 = CARTESIAN_POINT ( 'NONE',  ( -0.6005218575370839806, -1.564718210309564927, 1.469999999999999973 ) ) ;
#3197 = FACE_OUTER_BOUND ( 'NONE', #5666, .T. ) ;
#3198 = EDGE_CURVE ( 'NONE', #4749, #83, #4974, .T. ) ;
#3199 = DIRECTION ( 'NONE',  ( -1.000000000000000000, -6.101831366007240336E-19, -1.734723475976804976E-18 ) ) ;
#3200 = CARTESIAN_POINT ( 'NONE',  ( 2.250000000000000000, -0.5000000000000000000, 3.113598517963279747E-19 ) ) ;
#3201 = FACE_OUTER_BOUND ( 'NONE', #6509, .T. ) ;
#3202 = PLANE ( 'NONE',  #4762 ) ;
#3203 = VERTEX_POINT ( 'NONE', #5951 ) ;
#3204 = CARTESIAN_POINT ( 'NONE',  ( -2.550000000000000266, -2.050000000000000266, -1.657735026918959909 ) ) ;
#3205 = PLANE ( 'NONE',  #1271 ) ;
#3206 = LINE ( 'NONE', #1700, #3352 ) ;
#3207 = VECTOR ( 'NONE', #2815, 1000.000000000000000 ) ;
#3208 = AXIS2_PLACEMENT_3D ( 'NONE', #5630, #6106, #4544 ) ;
#3209 = EDGE_CURVE ( 'NONE', #4162, #4232, #2257, .T. ) ;
#3210 = ORIENTED_EDGE ( 'NONE', *, *, #6911, .F. ) ;
#3211 = CARTESIAN_POINT ( 'NONE',  ( -2.605999999999999872, -1.324999999999999956, -0.1000000000000000056 ) ) ;
#3212 = DIRECTION ( 'NONE',  ( 0.000000000000000000, 0.000000000000000000, -1.000000000000000000 ) ) ;
#3213 = DIRECTION ( 'NONE',  ( -0.4999999999999941158, 0.8660254037844420383, 0.000000000000000000 ) ) ;
#3214 = ORIENTED_EDGE ( 'NONE', *, *, #3918, .F. ) ;
#3215 = DIRECTION ( 'NONE',  ( 0.000000000000000000, -1.000000000000000000, 0.000000000000000000 ) ) ;
#3216 = CARTESIAN_POINT ( 'NONE',  ( -2.250000000000000000, -2.024999999999999911, -1.614433756729739988 ) ) ;
#3217 = ORIENTED_EDGE ( 'NONE', *, *, #3192, .T. ) ;
#3218 = DIRECTION ( 'NONE',  ( 1.734723475976804976E-18, 3.256943326146450389E-16, -1.000000000000000000 ) ) ;
#3219 = CIRCLE ( 'NONE', #3289, 0.1499999999999999667 ) ;
#3220 = FACE_OUTER_BOUND ( 'NONE', #446, .T. ) ;
#3221 = VERTEX_POINT ( 'NONE', #4182 ) ;
#3222 = CYLINDRICAL_SURFACE ( 'NONE', #5601, 0.05000000000000002359 ) ;
#3223 = ADVANCED_FACE ( 'NONE', ( #4716 ), #1897, .F. ) ;
#3224 = PRODUCT_DEFINITION_FORMATION_WITH_SPECIFIED_SOURCE ( 'ANY', '', #3455, .NOT_KNOWN. ) ;
#3225 = DIRECTION ( 'NONE',  ( 0.000000000000000000, 0.000000000000000000, -1.000000000000000000 ) ) ;
#3226 = ORIENTED_EDGE ( 'NONE', *, *, #2613, .T. ) ;
#3227 = CONICAL_SURFACE ( 'NONE', #6782, 0.3499999999999998113, 0.7853981633974490562 ) ;
#3228 = EDGE_LOOP ( 'NONE', ( #2374, #1543, #1282, #4862 ) ) ;
#3229 = DIRECTION ( 'NONE',  ( 0.000000000000000000, 0.000000000000000000, 1.000000000000000000 ) ) ;
#3230 = LINE ( 'NONE', #3652, #3110 ) ;
#3231 = VECTOR ( 'NONE', #2275, 1000.000000000000114 ) ;
#3232 = CARTESIAN_POINT ( 'NONE',  ( 0.9787118015674738380, -2.050000000000000266, 1.657735026918961907 ) ) ;
#3233 = ORIENTED_EDGE ( 'NONE', *, *, #2429, .F. ) ;
#3234 = LINE ( 'NONE', #3939, #683 ) ;
#3235 = DIRECTION ( 'NONE',  ( 1.000000000000000000, 0.000000000000000000, 0.000000000000000000 ) ) ;
#3236 = DIRECTION ( 'NONE',  ( 0.000000000000000000, 0.000000000000000000, 1.000000000000000000 ) ) ;
#3237 = ADVANCED_FACE ( 'NONE', ( #7168 ), #870, .F. ) ;
#3238 = EDGE_CURVE ( 'NONE', #1354, #3847, #2273, .T. ) ;
#3239 = CIRCLE ( 'NONE', #4217, 0.1499999999999999944 ) ;
#3240 = AXIS2_PLACEMENT_3D ( 'NONE', #125, #6321, #682 ) ;
#3241 = ORIENTED_EDGE ( 'NONE', *, *, #5712, .T. ) ;
#3242 = CARTESIAN_POINT ( 'NONE',  ( -0.9366025403784440373, -2.050000000000000266, 1.592264973081039869 ) ) ;
#3243 = LINE ( 'NONE', #493, #3141 ) ;
#3244 = CIRCLE ( 'NONE', #3027, 0.2000000000000000944 ) ;
#3245 = AXIS2_PLACEMENT_3D ( 'NONE', #749, #2586, #2988 ) ;
#3246 = EDGE_LOOP ( 'NONE', ( #2068, #7039, #581, #2283 ) ) ;
#3247 = DIRECTION ( 'NONE',  ( -1.000000000000000000, -6.101831366007240336E-19, 0.000000000000000000 ) ) ;
#3248 = CARTESIAN_POINT ( 'NONE',  ( -2.550000000000000266, -1.324999999999999956, 0.1000000000000000056 ) ) ;
#3249 = CYLINDRICAL_SURFACE ( 'NONE', #4884, 0.2000000000000000389 ) ;
#3250 = EDGE_CURVE ( 'NONE', #4299, #2861, #5069, .T. ) ;
#3251 = CARTESIAN_POINT ( 'NONE',  ( 2.419999999999999929, -0.5000000000000000000, 0.2999999999999999889 ) ) ;
#3252 = VECTOR ( 'NONE', #322, 1000.000000000000000 ) ;
#3253 = DIRECTION ( 'NONE',  ( 0.000000000000000000, 0.000000000000000000, 1.000000000000000000 ) ) ;
#3254 = VERTEX_POINT ( 'NONE', #1252 ) ;
#3255 = DIRECTION ( 'NONE',  ( -6.101831366007370336E-19, 1.000000000000000000, 4.336808689942019662E-19 ) ) ;
#3256 = EDGE_CURVE ( 'NONE', #3734, #6691, #2581, .T. ) ;
#3257 = CARTESIAN_POINT ( 'NONE',  ( 2.050000000000000266, -2.050000000000000266, -2.500000000000000000 ) ) ;
#3258 = AXIS2_PLACEMENT_3D ( 'NONE', #2160, #5126, #1179 ) ;
#3259 = LINE ( 'NONE', #2973, #5537 ) ;
#3260 = FACE_OUTER_BOUND ( 'NONE', #5250, .T. ) ;
#3261 = EDGE_LOOP ( 'NONE', ( #1833, #1762, #1667, #6756 ) ) ;
#3262 = FACE_OUTER_BOUND ( 'NONE', #1878, .T. ) ;
#3263 = CARTESIAN_POINT ( 'NONE',  ( -1.207690296114372064, -0.5742640687119289211, 1.042309703885625938 ) ) ;
#3264 = CARTESIAN_POINT ( 'NONE',  ( 1.164977127954431868, -1.935421358319814988, 1.533796995401334851 ) ) ;
#3265 = DIRECTION ( 'NONE',  ( 0.000000000000000000, 0.000000000000000000, -1.000000000000000000 ) ) ;
#3266 = ORIENTED_EDGE ( 'NONE', *, *, #1467, .F. ) ;
#3267 = EDGE_CURVE ( 'NONE', #5562, #3932, #2630, .T. ) ;
#3268 = DIRECTION ( 'NONE',  ( 0.000000000000000000, 0.000000000000000000, -1.000000000000000000 ) ) ;
#3269 = CIRCLE ( 'NONE', #2473, 0.04999999999999991257 ) ;
#3270 = ORIENTED_EDGE ( 'NONE', *, *, #5318, .T. ) ;
#3271 = DIRECTION ( 'NONE',  ( -1.000000000000000000, 0.000000000000000000, 0.000000000000000000 ) ) ;
#3272 = FACE_OUTER_BOUND ( 'NONE', #1434, .T. ) ;
#3273 = EDGE_CURVE ( 'NONE', #5279, #2850, #2594, .T. ) ;
#3274 = ADVANCED_FACE ( 'NONE', ( #192 ), #5168, .F. ) ;
#3275 = CYLINDRICAL_SURFACE ( 'NONE', #4360, 0.04999999999999991257 ) ;
#3276 = EDGE_LOOP ( 'NONE', ( #7251, #266, #2326, #5086 ) ) ;
#3277 = CARTESIAN_POINT ( 'NONE',  ( -2.620000000000000107, -1.324999999999999956, -0.1000000000000000056 ) ) ;
#3278 = CARTESIAN_POINT ( 'NONE',  ( -2.250000000000000000, -2.000000000000000000, -1.571081491559290111 ) ) ;
#3279 = ORIENTED_EDGE ( 'NONE', *, *, #402, .F. ) ;
#3280 = CIRCLE ( 'NONE', #6036, 0.1499999999999999944 ) ;
#3281 = EDGE_CURVE ( 'NONE', #552, #3477, #2690, .T. ) ;
#3282 = CIRCLE ( 'NONE', #6287, 0.04999999999999991257 ) ;
#3283 = DIRECTION ( 'NONE',  ( -1.000000000000000000, 0.000000000000000000, 0.000000000000000000 ) ) ;
#3284 = VERTEX_POINT ( 'NONE', #7299 ) ;
#3285 = FACE_OUTER_BOUND ( 'NONE', #385, .T. ) ;
#3286 = DIRECTION ( 'NONE',  ( 0.000000000000000000, 0.000000000000000000, 1.000000000000000000 ) ) ;
#3287 = ADVANCED_FACE ( 'NONE', ( #2541 ), #1716, .T. ) ;
#3288 = DIRECTION ( 'NONE',  ( -6.101831366007370336E-19, 1.000000000000000000, 0.000000000000000000 ) ) ;
#3289 = AXIS2_PLACEMENT_3D ( 'NONE', #792, #3548, #2526 ) ;
#3290 = EDGE_CURVE ( 'NONE', #232, #4880, #5235, .T. ) ;
#3291 = ORIENTED_EDGE ( 'NONE', *, *, #4512, .T. ) ;
#3292 = VECTOR ( 'NONE', #337, 1000.000000000000000 ) ;
#3293 = AXIS2_PLACEMENT_3D ( 'NONE', #1057, #2147, #4479 ) ;
#3294 = ORIENTED_EDGE ( 'NONE', *, *, #6719, .F. ) ;
#3295 = AXIS2_PLACEMENT_3D ( 'NONE', #7069, #2490, #5423 ) ;
#3296 = VECTOR ( 'NONE', #1763, 1000.000000000000000 ) ;
#3297 = ORIENTED_EDGE ( 'NONE', *, *, #5065, .T. ) ;
#3298 = CARTESIAN_POINT ( 'NONE',  ( 2.550000000000000266, -2.024999999999999911, -1.614433756729739988 ) ) ;
#3299 = DIRECTION ( 'NONE',  ( 0.000000000000000000, 0.000000000000000000, 1.000000000000000000 ) ) ;
#3300 = CIRCLE ( 'NONE', #2679, 0.04999999999999991257 ) ;
#3301 = DIRECTION ( 'NONE',  ( -1.000000000000000000, 0.000000000000000000, 0.000000000000000000 ) ) ;
#3302 = AXIS2_PLACEMENT_3D ( 'NONE', #1883, #4598, #2386 ) ;
#3303 = EDGE_CURVE ( 'NONE', #1040, #5562, #5207, .T. ) ;
#3304 = CARTESIAN_POINT ( 'NONE',  ( 2.550000000000000266, -1.959999999999999964, -1.800000000000000044 ) ) ;
#3305 = ORIENTED_EDGE ( 'NONE', *, *, #2196, .T. ) ;
#3306 = DIRECTION ( 'NONE',  ( 0.000000000000000000, 0.000000000000000000, -1.000000000000000000 ) ) ;
#3307 = VECTOR ( 'NONE', #7100, 1000.000000000000000 ) ;
#3308 =( GEOMETRIC_REPRESENTATION_CONTEXT ( 3 ) GLOBAL_UNCERTAINTY_ASSIGNED_CONTEXT ( ( #2011 ) ) GLOBAL_UNIT_ASSIGNED_CONTEXT ( ( #5165, #5716, #2100 ) ) REPRESENTATION_CONTEXT ( 'NONE', 'WORKASPACE' ) );
#3309 = LINE ( 'NONE', #5151, #5618 ) ;
#3310 = ORIENTED_EDGE ( 'NONE', *, *, #6283, .T. ) ;
#3311 = LINE ( 'NONE', #4282, #5781 ) ;
#3312 = DIRECTION ( 'NONE',  ( 1.000000000000000000, 0.000000000000000000, 0.000000000000000000 ) ) ;
#3313 = ORIENTED_EDGE ( 'NONE', *, *, #4204, .T. ) ;
#3314 = PLANE ( 'NONE',  #2179 ) ;
#3315 = DIRECTION ( 'NONE',  ( -1.000000000000000000, -2.409338161078903914E-15, 0.000000000000000000 ) ) ;
#3316 = LINE ( 'NONE', #6590, #3372 ) ;
#3317 = VERTEX_POINT ( 'NONE', #5186 ) ;
#3318 = AXIS2_PLACEMENT_3D ( 'NONE', #1568, #5717, #70 ) ;
#3319 = CARTESIAN_POINT ( 'NONE',  ( -0.9366025403784440373, -2.050000000000000266, -1.592264973079964729 ) ) ;
#3320 = VECTOR ( 'NONE', #234, 1000.000000000000000 ) ;
#3321 = VERTEX_POINT ( 'NONE', #6286 ) ;
#3322 = DIRECTION ( 'NONE',  ( 0.000000000000000000, 0.000000000000000000, 1.000000000000000000 ) ) ;
#3323 = VECTOR ( 'NONE', #351, 1000.000000000000000 ) ;
#3324 = CARTESIAN_POINT ( 'NONE',  ( -2.550000000000000266, -2.050000000000000266, 2.000000000000000000 ) ) ;
#3325 = DIRECTION ( 'NONE',  ( 0.000000000000000000, 0.000000000000000000, 1.000000000000000000 ) ) ;
#3326 = CIRCLE ( 'NONE', #5034, 0.04999999999999994726 ) ;
#3327 = DIRECTION ( 'NONE',  ( -6.101831366007370336E-19, 1.000000000000000000, 4.336808689942019662E-19 ) ) ;
#3328 = ORIENTED_EDGE ( 'NONE', *, *, #4813, .F. ) ;
#3329 = ADVANCED_FACE ( 'NONE', ( #2620 ), #130, .T. ) ;
#3330 = VECTOR ( 'NONE', #3327, 1000.000000000000000 ) ;
#3331 = CARTESIAN_POINT ( 'NONE',  ( -2.600000000000000089, -1.324999999999999956, -0.5500000000000000444 ) ) ;
#3332 = ORIENTED_EDGE ( 'NONE', *, *, #7339, .T. ) ;
#3333 = EDGE_CURVE ( 'NONE', #3855, #6129, #2698, .T. ) ;
#3334 = CARTESIAN_POINT ( 'NONE',  ( 2.750000000000000000, -0.2999999999999999889, 0.9499999999999999556 ) ) ;
#3335 = DIRECTION ( 'NONE',  ( 0.000000000000000000, 1.000000000000000000, 0.000000000000000000 ) ) ;
#3336 = CYLINDRICAL_SURFACE ( 'NONE', #1631, 0.5000000000000000000 ) ;
#3337 = ORIENTED_EDGE ( 'NONE', *, *, #1932, .T. ) ;
#3338 = VECTOR ( 'NONE', #4086, 1000.000000000000000 ) ;
#3339 = LINE ( 'NONE', #1286, #3231 ) ;
#3340 = AXIS2_PLACEMENT_3D ( 'NONE', #4678, #2419, #221 ) ;
#3341 = VERTEX_POINT ( 'NONE', #4496 ) ;
#3342 = CARTESIAN_POINT ( 'NONE',  ( -2.600000000000000089, -2.010000000000000231, -1.800000000000000044 ) ) ;
#3343 = DIRECTION ( 'NONE',  ( 0.000000000000000000, 0.000000000000000000, 1.000000000000000000 ) ) ;
#3344 = CIRCLE ( 'NONE', #3633, 0.1499999999999999667 ) ;
#3345 = ADVANCED_FACE ( 'NONE', ( #5144 ), #1237, .T. ) ;
#3346 = EDGE_CURVE ( 'NONE', #5543, #3843, #5155, .T. ) ;
#3347 = DIRECTION ( 'NONE',  ( 0.000000000000000000, 0.000000000000000000, 1.000000000000000000 ) ) ;
#3348 = CARTESIAN_POINT ( 'NONE',  ( -2.550000000000000266, -1.080000000000000071, -0.5500000000000000444 ) ) ;
#3349 = VERTEX_POINT ( 'NONE', #3355 ) ;
#3350 = EDGE_LOOP ( 'NONE', ( #798, #5210, #3328, #145 ) ) ;
#3351 = DIRECTION ( 'NONE',  ( 0.000000000000000000, 0.000000000000000000, -1.000000000000000000 ) ) ;
#3352 = VECTOR ( 'NONE', #3490, 1000.000000000000000 ) ;
#3353 = FACE_OUTER_BOUND ( 'NONE', #1166, .T. ) ;
#3354 = ORIENTED_EDGE ( 'NONE', *, *, #6197, .T. ) ;
#3355 = CARTESIAN_POINT ( 'NONE',  ( -1.137006473417549790, -1.942031762232174996, 1.533796995401334851 ) ) ;
#3356 = CARTESIAN_POINT ( 'NONE',  ( 2.449999999999999734, -9.120850776034309207E-15, -0.1524999999999999967 ) ) ;
#3357 = CARTESIAN_POINT ( 'NONE',  ( -2.605999999999999872, -1.572999999999999954, 0.000000000000000000 ) ) ;
#3358 = EDGE_CURVE ( 'NONE', #1258, #5533, #5107, .T. ) ;
#3359 = DIRECTION ( 'NONE',  ( 1.734723475976804976E-18, 4.336808689942014847E-19, -1.000000000000000000 ) ) ;
#3360 = DIRECTION ( 'NONE',  ( 0.000000000000000000, 0.000000000000000000, -1.000000000000000000 ) ) ;
#3361 = ORIENTED_EDGE ( 'NONE', *, *, #3358, .F. ) ;
#3362 = CARTESIAN_POINT ( 'NONE',  ( 2.660000000000000142, -1.283000000000000140, -0.1524999999999999967 ) ) ;
#3363 = LINE ( 'NONE', #6587, #955 ) ;
#3364 = EDGE_CURVE ( 'NONE', #4405, #1230, #2767, .T. ) ;
#3365 = LINE ( 'NONE', #1988, #5833 ) ;
#3366 = ORIENTED_EDGE ( 'NONE', *, *, #6891, .F. ) ;
#3367 = DIRECTION ( 'NONE',  ( 0.000000000000000000, -1.000000000000000000, 0.000000000000000000 ) ) ;
#3368 = ORIENTED_EDGE ( 'NONE', *, *, #2686, .T. ) ;
#3369 = EDGE_CURVE ( 'NONE', #531, #6632, #5000, .T. ) ;
#3370 = CARTESIAN_POINT ( 'NONE',  ( -2.449999999999999734, -0.3000000000000084821, -0.1524999999999999967 ) ) ;
#3371 = EDGE_CURVE ( 'NONE', #3855, #258, #2742, .T. ) ;
#3372 = VECTOR ( 'NONE', #5567, 1000.000000000000000 ) ;
#3373 = CARTESIAN_POINT ( 'NONE',  ( 2.550000000000000266, -2.010000000000000231, 1.270000000000000018 ) ) ;
#3374 = DIRECTION ( 'NONE',  ( 0.000000000000000000, -4.336808689942014847E-19, 1.000000000000000000 ) ) ;
#3375 = ORIENTED_EDGE ( 'NONE', *, *, #6087, .F. ) ;
#3376 = DIRECTION ( 'NONE',  ( -0.000000000000000000, 1.000000000000000000, 0.000000000000000000 ) ) ;
#3377 = FACE_OUTER_BOUND ( 'NONE', #4054, .T. ) ;
#3378 = CYLINDRICAL_SURFACE ( 'NONE', #186, 0.04999999999999991257 ) ;
#3379 = EDGE_CURVE ( 'NONE', #4466, #4063, #2665, .T. ) ;
#3380 = CARTESIAN_POINT ( 'NONE',  ( 0.9366025403784413728, -2.050000000000000266, 1.633423233636096761 ) ) ;
#3381 = ORIENTED_EDGE ( 'NONE', *, *, #5598, .F. ) ;
#3382 = ORIENTED_EDGE ( 'NONE', *, *, #6527, .F. ) ;
#3383 = CARTESIAN_POINT ( 'NONE',  ( 2.750000000000000000, -0.3000000000000104805, -0.1524999999999999967 ) ) ;
#3384 = CARTESIAN_POINT ( 'NONE',  ( 0.9419587623470979665, -2.050000000000000266, -1.621463439647365057 ) ) ;
#3385 = LINE ( 'NONE', #857, #1002 ) ;
#3386 = VERTEX_POINT ( 'NONE', #4333 ) ;
#3387 = AXIS2_PLACEMENT_3D ( 'NONE', #6920, #3460, #5736 ) ;
#3388 = ADVANCED_FACE ( 'NONE', ( #157 ), #5032, .F. ) ;
#3389 = ORIENTED_EDGE ( 'NONE', *, *, #6659, .F. ) ;
#3390 = CARTESIAN_POINT ( 'NONE',  ( -0.6005218575370839806, -1.564718210309564927, -1.469999999999999973 ) ) ;
#3391 = DIRECTION ( 'NONE',  ( -1.734723475976804976E-18, -4.336808689942014847E-19, 1.000000000000000000 ) ) ;
#3392 = ORIENTED_EDGE ( 'NONE', *, *, #40, .F. ) ;
#3393 = DIRECTION ( 'NONE',  ( 0.000000000000000000, 1.000000000000000000, 0.000000000000000000 ) ) ;
#3394 = PLANE ( 'NONE',  #3753 ) ;
#3395 = LINE ( 'NONE', #6340, #887 ) ;
#3396 = DIRECTION ( 'NONE',  ( 0.000000000000000000, 0.000000000000000000, 1.000000000000000000 ) ) ;
#3397 = ORIENTED_EDGE ( 'NONE', *, *, #7145, .T. ) ;
#3398 = DIRECTION ( 'NONE',  ( 0.000000000000000000, -4.336808689942014847E-19, 1.000000000000000000 ) ) ;
#3399 = DIRECTION ( 'NONE',  ( 0.7071067811865470176, 1.248059503193742143E-19, 0.7071067811865480168 ) ) ;
#3400 = PRODUCT_DEFINITION_CONTEXT ( 'detailed design', #836, 'design' ) ;
#3401 = CIRCLE ( 'NONE', #202, 0.05000000000000002359 ) ;
#3402 = VERTEX_POINT ( 'NONE', #4693 ) ;
#3403 = ORIENTED_EDGE ( 'NONE', *, *, #6639, .F. ) ;
#3404 = CARTESIAN_POINT ( 'NONE',  ( -2.569999999999999840, -0.3499999999999999778, 0.2000000000000000111 ) ) ;
#3405 = ADVANCED_FACE ( 'NONE', ( #180 ), #238, .F. ) ;
#3406 = DIRECTION ( 'NONE',  ( 0.000000000000000000, 1.000000000000000000, 0.000000000000000000 ) ) ;
#3407 = DIRECTION ( 'NONE',  ( 1.734723475976804976E-18, -1.773043801942030023E-16, -1.000000000000000000 ) ) ;
#3408 = EDGE_CURVE ( 'NONE', #3086, #6548, #54, .T. ) ;
#3409 = CARTESIAN_POINT ( 'NONE',  ( -2.550000000000000266, -1.324999999999999956, -0.1000000000000000056 ) ) ;
#3410 = CIRCLE ( 'NONE', #3146, 0.4500000000000000111 ) ;
#3411 = ORIENTED_EDGE ( 'NONE', *, *, #3479, .T. ) ;
#3412 = DIRECTION ( 'NONE',  ( -1.000000000000000000, 0.000000000000000000, 0.000000000000000000 ) ) ;
#3413 = VERTEX_POINT ( 'NONE', #1622 ) ;
#3414 = DIRECTION ( 'NONE',  ( -1.000000000000000000, -6.101831366007240336E-19, 0.000000000000000000 ) ) ;
#3415 = ORIENTED_EDGE ( 'NONE', *, *, #6260, .T. ) ;
#3416 = CARTESIAN_POINT ( 'NONE',  ( -2.750000000000000000, -1.324999999999999956, 0.5400000000000000355 ) ) ;
#3417 = DIRECTION ( 'NONE',  ( 0.000000000000000000, 0.000000000000000000, 1.000000000000000000 ) ) ;
#3418 = CARTESIAN_POINT ( 'NONE',  ( -2.550000000000000266, -2.000000000000000000, 0.9000000000000000222 ) ) ;
#3419 = ORIENTED_EDGE ( 'NONE', *, *, #4350, .T. ) ;
#3420 = EDGE_CURVE ( 'NONE', #6523, #4437, #2755, .T. ) ;
#3421 = DIRECTION ( 'NONE',  ( 0.000000000000000000, 0.000000000000000000, -1.000000000000000000 ) ) ;
#3422 = AXIS2_PLACEMENT_3D ( 'NONE', #7003, #225, #3799 ) ;
#3423 = CIRCLE ( 'NONE', #4817, 0.3250000000000000111 ) ;
#3424 = CARTESIAN_POINT ( 'NONE',  ( 1.050000000000000044, -2.024999999999999911, -1.614433756729739988 ) ) ;
#3425 = ORIENTED_EDGE ( 'NONE', *, *, #3429, .T. ) ;
#3426 = ORIENTED_EDGE ( 'NONE', *, *, #5942, .F. ) ;
#3427 = DIRECTION ( 'NONE',  ( 0.000000000000000000, 0.000000000000000000, -1.000000000000000000 ) ) ;
#3428 = DIRECTION ( 'NONE',  ( 0.000000000000000000, -0.5048833150379542500, -0.8631876031294042351 ) ) ;
#3429 = EDGE_CURVE ( 'NONE', #6355, #6916, #78, .T. ) ;
#3430 = FACE_OUTER_BOUND ( 'NONE', #449, .T. ) ;
#3431 = EDGE_LOOP ( 'NONE', ( #903, #5056, #2762, #3366 ) ) ;
#3432 = PRESENTATION_STYLE_ASSIGNMENT (( #3436 ) ) ;
#3433 = EDGE_CURVE ( 'NONE', #5324, #6899, #264, .T. ) ;
#3434 = AXIS2_PLACEMENT_3D ( 'NONE', #669, #620, #5108 ) ;
#3435 = VERTEX_POINT ( 'NONE', #6205 ) ;
#3436 = SURFACE_STYLE_USAGE ( .BOTH. , #2875 ) ;
#3437 = DIRECTION ( 'NONE',  ( -1.000000000000000000, -6.101831366007240336E-19, -1.734723475976804976E-18 ) ) ;
#3438 = ORIENTED_EDGE ( 'NONE', *, *, #167, .T. ) ;
#3439 = AXIS2_PLACEMENT_3D ( 'NONE', #2054, #4278, #346 ) ;
#3440 = CARTESIAN_POINT ( 'NONE',  ( -2.419999999999999929, -0.4500000000000000111, -0.2999999999999999889 ) ) ;
#3441 = CARTESIAN_POINT ( 'NONE',  ( -2.419999999999999929, -0.3499999999999999778, -0.2000000000000000111 ) ) ;
#3442 = DIRECTION ( 'NONE',  ( 0.000000000000000000, 0.000000000000000000, 1.000000000000000000 ) ) ;
#3443 = CIRCLE ( 'NONE', #4320, 0.1499999999999999667 ) ;
#3444 = CARTESIAN_POINT ( 'NONE',  ( -2.600000000000000089, -0.2000000000000000111, 1.800000000000000044 ) ) ;
#3445 =( BOUNDED_SURFACE ( )  B_SPLINE_SURFACE ( 3, 2, ( 
 ( #3466, #96, #5696 ),
 ( #4998, #2894, #551 ),
 ( #44, #5602, #4603 ),
 ( #6293, #6158, #1142 ),
 ( #6717, #5195, #7304 ),
 ( #3319, #2284, #1243 ) ),
 .UNSPECIFIED., .F., .F., .F. ) 
 B_SPLINE_SURFACE_WITH_KNOTS ( ( 4, 2, 4 ),
 ( 3, 3 ),
 ( 0.3250879232268120145, 0.4310573899575375068, 0.5370268566882629990 ),
 ( 0.000000000000000000, 1.000000000000000000 ),
 .UNSPECIFIED. ) 
 GEOMETRIC_REPRESENTATION_ITEM ( )  RATIONAL_B_SPLINE_SURFACE ( (
 ( 1.000000000000000000, 0.8660254037844369313, 1.000000000000000000),
 ( 1.000000000000000000, 0.9180479945640840356, 1.000000000000000000),
 ( 1.000000000000000000, 0.9447190473916450282, 1.000000000000000000),
 ( 1.000000000000000000, 0.9705288393259989821, 1.000000000000000000),
 ( 1.000000000000000000, 0.9706935605144569879, 1.000000000000000000),
 ( 1.000000000000000000, 0.9659258262886989410, 1.000000000000000000) ) ) 
 REPRESENTATION_ITEM ( '' )  SURFACE ( )  );
#3446 = VERTEX_POINT ( 'NONE', #6777 ) ;
#3447 = CARTESIAN_POINT ( 'NONE',  ( 2.419999999999999929, -0.5000000000000000000, 0.2999999999999999889 ) ) ;
#3448 = CARTESIAN_POINT ( 'NONE',  ( 2.449999999999999734, -0.1800000000000090139, -0.1524999999999999967 ) ) ;
#3449 = ORIENTED_EDGE ( 'NONE', *, *, #1238, .T. ) ;
#3450 = VECTOR ( 'NONE', #4687, 1000.000000000000000 ) ;
#3451 = ADVANCED_FACE ( 'NONE', ( #5220 ), #169, .F. ) ;
#3452 = EDGE_CURVE ( 'NONE', #6094, #343, #2641, .T. ) ;
#3453 = ORIENTED_EDGE ( 'NONE', *, *, #7063, .T. ) ;
#3454 = AXIS2_PLACEMENT_3D ( 'NONE', #571, #1163, #3427 ) ;
#3455 = PRODUCT ( 'ETQP3M100KVP_ETQP3M100KVP', 'ETQP3M100KVP_ETQP3M100KVP', '', ( #6070 ) ) ;
#3456 = ORIENTED_EDGE ( 'NONE', *, *, #4582, .F. ) ;
#3457 = DIRECTION ( 'NONE',  ( 0.000000000000000000, -4.336808689942014847E-19, 1.000000000000000000 ) ) ;
#3458 = DIRECTION ( 'NONE',  ( 0.000000000000000000, -1.000000000000000000, 0.000000000000000000 ) ) ;
#3459 = CARTESIAN_POINT ( 'NONE',  ( 2.600000000000000089, -0.1499999999999999944, -1.149999999999999911 ) ) ;
#3460 = DIRECTION ( 'NONE',  ( -0.9976467198374248113, 0.05937816768998558509, -0.03428200109980029248 ) ) ;
#3461 = EDGE_CURVE ( 'NONE', #3884, #1410, #308, .T. ) ;
#3462 = DIRECTION ( 'NONE',  ( 1.000000000000000000, 0.000000000000000000, 0.000000000000000000 ) ) ;
#3463 = AXIS2_PLACEMENT_3D ( 'NONE', #5613, #1050, #7314 ) ;
#3464 = EDGE_LOOP ( 'NONE', ( #5757, #680, #4774, #5935 ) ) ;
#3465 = ORIENTED_EDGE ( 'NONE', *, *, #3856, .T. ) ;
#3466 = CARTESIAN_POINT ( 'NONE',  ( -1.050000000000000044, -2.050000000000000266, -1.657735026918965016 ) ) ;
#3467 = VECTOR ( 'NONE', #6547, 999.9999999999998863 ) ;
#3468 = VERTEX_POINT ( 'NONE', #1635 ) ;
#3469 = PLANE ( 'NONE',  #5592 ) ;
#3470 = ORIENTED_EDGE ( 'NONE', *, *, #796, .T. ) ;
#3471 = ADVANCED_FACE ( 'NONE', ( #2720 ), #4988, .T. ) ;
#3472 = CARTESIAN_POINT ( 'NONE',  ( 2.620000000000000107, -1.534999999999999920, -0.1000000000000000056 ) ) ;
#3473 = AXIS2_PLACEMENT_3D ( 'NONE', #3404, #2272, #2797 ) ;
#3474 = EDGE_CURVE ( 'NONE', #1997, #3938, #5118, .T. ) ;
#3475 = VERTEX_POINT ( 'NONE', #4956 ) ;
#3476 = ORIENTED_EDGE ( 'NONE', *, *, #4971, .T. ) ;
#3477 = VERTEX_POINT ( 'NONE', #5512 ) ;
#3478 = AXIS2_PLACEMENT_3D ( 'NONE', #3807, #4373, #5261 ) ;
#3479 = EDGE_CURVE ( 'NONE', #6661, #1409, #64, .T. ) ;
#3480 = DIRECTION ( 'NONE',  ( 0.000000000000000000, 0.000000000000000000, 1.000000000000000000 ) ) ;
#3481 = EDGE_LOOP ( 'NONE', ( #6284, #1341, #3618, #3714 ) ) ;
#3482 = CARTESIAN_POINT ( 'NONE',  ( 1.164977127954431868, -1.935421358319814988, -1.562200846792815012 ) ) ;
#3483 = EDGE_LOOP ( 'NONE', ( #6481, #5981, #5360, #6356 ) ) ;
#3484 = CARTESIAN_POINT ( 'NONE',  ( 2.550000000000000266, -1.324999999999999956, -0.1000000000000000056 ) ) ;
#3485 = CARTESIAN_POINT ( 'NONE',  ( -2.550000000000000266, -0.2000000000000000111, -1.149999999999999911 ) ) ;
#3486 = ORIENTED_EDGE ( 'NONE', *, *, #4452, .T. ) ;
#3487 = VERTEX_POINT ( 'NONE', #997 ) ;
#3488 = FACE_OUTER_BOUND ( 'NONE', #222, .T. ) ;
#3489 = ORIENTED_EDGE ( 'NONE', *, *, #4512, .F. ) ;
#3490 = DIRECTION ( 'NONE',  ( 0.000000000000000000, 0.000000000000000000, -1.000000000000000000 ) ) ;
#3491 = DIRECTION ( 'NONE',  ( 0.000000000000000000, 0.000000000000000000, -1.000000000000000000 ) ) ;
#3492 = EDGE_LOOP ( 'NONE', ( #3525, #2410, #377, #642 ) ) ;
#3493 = CARTESIAN_POINT ( 'NONE',  ( -1.965380592228744838, -0.1499999999999999944, 1.800000000000000044 ) ) ;
#3494 = CARTESIAN_POINT ( 'NONE',  ( -2.550000000000000266, -0.1499999999999999944, -1.149999999999999911 ) ) ;
#3495 = CARTESIAN_POINT ( 'NONE',  ( 2.449999999999999734, -0.3000000000000089817, 0.1524999999999999967 ) ) ;
#3496 = VERTEX_POINT ( 'NONE', #5609 ) ;
#3497 = DIRECTION ( 'NONE',  ( 0.000000000000000000, -1.000000000000000000, 0.000000000000000000 ) ) ;
#3498 = CARTESIAN_POINT ( 'NONE',  ( 2.600000000000000089, -2.010000000000000231, -1.800000000000000044 ) ) ;
#3499 = ORIENTED_EDGE ( 'NONE', *, *, #5772, .T. ) ;
#3500 = LINE ( 'NONE', #2351, #1055 ) ;
#3501 = ORIENTED_EDGE ( 'NONE', *, *, #3142, .F. ) ;
#3502 = EDGE_CURVE ( 'NONE', #3468, #5960, #205, .T. ) ;
#3503 = ORIENTED_EDGE ( 'NONE', *, *, #7047, .F. ) ;
#3504 = PRESENTATION_LAYER_ASSIGNMENT (  '', '', ( #663 ) ) ;
#3505 = DIRECTION ( 'NONE',  ( -1.000000000000000000, 0.000000000000000000, 0.000000000000000000 ) ) ;
#3506 = CARTESIAN_POINT ( 'NONE',  ( 2.620000000000000107, -1.324999999999999956, -0.1000000000000000056 ) ) ;
#3507 = CARTESIAN_POINT ( 'NONE',  ( 1.750000000000000000, -2.160000000000000142, 1.270000000000000018 ) ) ;
#3508 = DIRECTION ( 'NONE',  ( 1.000000000000000000, 0.000000000000000000, 0.000000000000000000 ) ) ;
#3509 = LINE ( 'NONE', #1052, #832 ) ;
#3510 = ORIENTED_EDGE ( 'NONE', *, *, #5080, .F. ) ;
#3511 = ORIENTED_EDGE ( 'NONE', *, *, #3906, .F. ) ;
#3512 = LINE ( 'NONE', #1442, #1031 ) ;
#3513 = ADVANCED_FACE ( 'NONE', ( #2733 ), #2559, .F. ) ;
#3514 = AXIS2_PLACEMENT_3D ( 'NONE', #4358, #4944, #5501 ) ;
#3515 = ORIENTED_EDGE ( 'NONE', *, *, #2655, .F. ) ;
#3516 = CARTESIAN_POINT ( 'NONE',  ( -2.100000000000000089, -0.5742640687119289211, -1.474999999999999867 ) ) ;
#3517 = ORIENTED_EDGE ( 'NONE', *, *, #2551, .F. ) ;
#3518 = EDGE_CURVE ( 'NONE', #3321, #4989, #5011, .T. ) ;
#3519 = AXIS2_PLACEMENT_3D ( 'NONE', #2510, #1436, #7137 ) ;
#3520 = CARTESIAN_POINT ( 'NONE',  ( -2.550000000000000266, -0.2000000000000000111, 1.149999999999999911 ) ) ;
#3521 = VECTOR ( 'NONE', #6733, 1000.000000000000227 ) ;
#3522 = ORIENTED_EDGE ( 'NONE', *, *, #2816, .F. ) ;
#3523 = CARTESIAN_POINT ( 'NONE',  ( -0.6005218575370839806, -1.449999999999999956, -1.270000000000000018 ) ) ;
#3524 = CIRCLE ( 'NONE', #3295, 0.05000000000000002359 ) ;
#3525 = ORIENTED_EDGE ( 'NONE', *, *, #5253, .T. ) ;
#3526 = EDGE_CURVE ( 'NONE', #1265, #7118, #380, .T. ) ;
#3527 = ORIENTED_EDGE ( 'NONE', *, *, #7034, .T. ) ;
#3528 = CARTESIAN_POINT ( 'NONE',  ( -2.600000000000000089, -0.2000000000000000111, 1.800000000000000044 ) ) ;
#3529 = ADVANCED_FACE ( 'NONE', ( #5449 ), #5272, .F. ) ;
#3530 = CARTESIAN_POINT ( 'NONE',  ( 0.9616025403785649628, -2.043301270189150198, -1.592264973080459889 ) ) ;
#3531 = EDGE_CURVE ( 'NONE', #2723, #3927, #434, .T. ) ;
#3532 = VECTOR ( 'NONE', #3809, 1000.000000000000000 ) ;
#3533 = ORIENTED_EDGE ( 'NONE', *, *, #1722, .T. ) ;
#3534 = LINE ( 'NONE', #1371, #1067 ) ;
#3535 = AXIS2_PLACEMENT_3D ( 'NONE', #6798, #4530, #4920 ) ;
#3536 = ORIENTED_EDGE ( 'NONE', *, *, #5253, .F. ) ;
#3537 = CARTESIAN_POINT ( 'NONE',  ( -2.419999999999999929, -0.5000000000000000000, 0.2999999999999999889 ) ) ;
#3538 = CARTESIAN_POINT ( 'NONE',  ( -2.399999999999999911, -2.000000000000000000, -0.9268854014666400021 ) ) ;
#3539 = ORIENTED_EDGE ( 'NONE', *, *, #7086, .T. ) ;
#3540 = EDGE_CURVE ( 'NONE', #2452, #1117, #482, .T. ) ;
#3541 = DIRECTION ( 'NONE',  ( -6.101831366007370336E-19, 1.000000000000000000, 4.336808689942019662E-19 ) ) ;
#3542 =( NAMED_UNIT ( * ) SI_UNIT ( $, .STERADIAN. ) SOLID_ANGLE_UNIT ( ) );
#3543 = CARTESIAN_POINT ( 'NONE',  ( 2.569999999999999840, -0.3000000000000094813, 0.1524999999999999967 ) ) ;
#3544 = CARTESIAN_POINT ( 'NONE',  ( -2.100000000000000089, -2.168404344971009854E-16, -1.474999999999999867 ) ) ;
#3545 = EDGE_CURVE ( 'NONE', #6743, #1517, #2904, .T. ) ;
#3546 = LINE ( 'NONE', #4343, #6002 ) ;
#3547 = ORIENTED_EDGE ( 'NONE', *, *, #1167, .F. ) ;
#3548 = DIRECTION ( 'NONE',  ( 6.101831366007370336E-19, -1.000000000000000000, 0.000000000000000000 ) ) ;
#3549 = VERTEX_POINT ( 'NONE', #7335 ) ;
#3550 = ORIENTED_EDGE ( 'NONE', *, *, #5662, .T. ) ;
#3551 = EDGE_CURVE ( 'NONE', #3221, #5848, #2781, .T. ) ;
#3552 = ORIENTED_EDGE ( 'NONE', *, *, #2125, .T. ) ;
#3553 = ORIENTED_EDGE ( 'NONE', *, *, #2220, .F. ) ;
#3554 = CARTESIAN_POINT ( 'NONE',  ( 2.550000000000000266, -2.000000000000000000, -1.600000000000000089 ) ) ;
#3555 = CARTESIAN_POINT ( 'NONE',  ( -2.359337685891444547, 0.000000000000000000, -0.3852117519068989915 ) ) ;
#3556 = CARTESIAN_POINT ( 'NONE',  ( 2.569999999999999840, -0.3499999999999999778, -0.2500000000000000000 ) ) ;
#3557 = CARTESIAN_POINT ( 'NONE',  ( 2.419999999999999929, -0.2999999999999999889, 0.2000000000000000111 ) ) ;
#3558 = DIRECTION ( 'NONE',  ( 0.000000000000000000, 0.000000000000000000, 1.000000000000000000 ) ) ;
#3559 = LINE ( 'NONE', #4827, #6013 ) ;
#3560 = VERTEX_POINT ( 'NONE', #1048 ) ;
#3561 = DIRECTION ( 'NONE',  ( 1.000000000000000000, 6.101831366007240336E-19, 1.734723475976804976E-18 ) ) ;
#3562 = CIRCLE ( 'NONE', #3434, 0.2999999999999999334 ) ;
#3563 = EDGE_CURVE ( 'NONE', #1117, #6455, #5472, .T. ) ;
#3564 = ORIENTED_EDGE ( 'NONE', *, *, #4388, .F. ) ;
#3565 = ORIENTED_EDGE ( 'NONE', *, *, #5777, .F. ) ;
#3566 = CARTESIAN_POINT ( 'NONE',  ( 2.600000000000000089, -1.959999999999999964, -1.270000000000000018 ) ) ;
#3567 = EDGE_CURVE ( 'NONE', #6556, #3413, #2890, .T. ) ;
#3568 = ORIENTED_EDGE ( 'NONE', *, *, #1823, .F. ) ;
#3569 = VECTOR ( 'NONE', #2010, 1000.000000000000000 ) ;
#3570 = DIRECTION ( 'NONE',  ( 0.000000000000000000, 0.000000000000000000, -1.000000000000000000 ) ) ;
#3571 = ORIENTED_EDGE ( 'NONE', *, *, #4226, .T. ) ;
#3572 = ORIENTED_EDGE ( 'NONE', *, *, #6917, .T. ) ;
#3573 = DIRECTION ( 'NONE',  ( 0.000000000000000000, 1.000000000000000000, 0.000000000000000000 ) ) ;
#3574 = CARTESIAN_POINT ( 'NONE',  ( 2.419999999999999929, -0.4500000000000000111, 0.2999999999999999889 ) ) ;
#3575 = LINE ( 'NONE', #6786, #6056 ) ;
#3576 = CARTESIAN_POINT ( 'NONE',  ( 2.419999999999999929, -1.324999999999999956, -0.1000000000000000056 ) ) ;
#3577 = ADVANCED_FACE ( 'NONE', ( #2971 ), #5301, .F. ) ;
#3578 = ORIENTED_EDGE ( 'NONE', *, *, #4214, .F. ) ;
#3579 = CARTESIAN_POINT ( 'NONE',  ( 2.250000000000000000, -2.000000000000000000, 1.571081491559290111 ) ) ;
#3580 = ORIENTED_EDGE ( 'NONE', *, *, #6023, .F. ) ;
#3581 = ORIENTED_EDGE ( 'NONE', *, *, #2494, .F. ) ;
#3582 = DIRECTION ( 'NONE',  ( 0.000000000000000000, 0.000000000000000000, 1.000000000000000000 ) ) ;
#3583 = CARTESIAN_POINT ( 'NONE',  ( 2.569999999999999840, -0.4500000000000000111, 0.2500000000000000000 ) ) ;
#3584 = FACE_OUTER_BOUND ( 'NONE', #4494, .T. ) ;
#3585 = EDGE_LOOP ( 'NONE', ( #5350, #3081, #6644, #4294, #1688, #793, #2071, #6048, #4308, #3241, #4386, #5876, #960, #3547, #1921, #6022, #1112, #4413, #3568, #7066, #999, #3594 ) ) ;
#3586 = LINE ( 'NONE', #1469, #3789 ) ;
#3587 = EDGE_LOOP ( 'NONE', ( #4136, #4272, #2501, #2099, #20, #6380, #300, #7310, #4326, #6693, #4352, #231 ) ) ;
#3588 = CARTESIAN_POINT ( 'NONE',  ( 2.569999999999999840, -1.324999999999999956, -0.2999999999999999889 ) ) ;
#3589 = DIRECTION ( 'NONE',  ( 0.000000000000000000, 0.000000000000000000, -1.000000000000000000 ) ) ;
#3590 = ORIENTED_EDGE ( 'NONE', *, *, #2754, .T. ) ;
#3591 = ADVANCED_FACE ( 'NONE', ( #324 ), #5098, .F. ) ;
#3592 = DIRECTION ( 'NONE',  ( -0.8320502943378459415, 0.4803844614152589787, 0.2773500981126124643 ) ) ;
#3593 = CARTESIAN_POINT ( 'NONE',  ( 2.500000000000000000, -2.000000000000000000, -0.3331145985333595072 ) ) ;
#3594 = ORIENTED_EDGE ( 'NONE', *, *, #6543, .T. ) ;
#3595 = EDGE_CURVE ( 'NONE', #6943, #1250, #5365, .T. ) ;
#3596 = DIRECTION ( 'NONE',  ( 0.000000000000000000, 0.000000000000000000, 1.000000000000000000 ) ) ;
#3597 = AXIS2_PLACEMENT_3D ( 'NONE', #4473, #2821, #3944 ) ;
#3598 = VECTOR ( 'NONE', #3134, 1000.000000000000000 ) ;
#3599 =( BOUNDED_CURVE ( )  B_SPLINE_CURVE ( 3, ( #474, #357, #6402, #2607 ),
 .UNSPECIFIED., .F., .F. ) 
 B_SPLINE_CURVE_WITH_KNOTS ( ( 4, 4 ),
 ( 2.177408938369589819, 3.300372868235549983 ),
 .UNSPECIFIED. ) 
 CURVE ( )  GEOMETRIC_REPRESENTATION_ITEM ( )  RATIONAL_B_SPLINE_CURVE ( ( 1.000000000000000000, 0.8976446544027940622, 0.8976446544027940622, 1.000000000000000000 ) ) 
 REPRESENTATION_ITEM ( '' )  );
#3600 = ORIENTED_EDGE ( 'NONE', *, *, #1772, .T. ) ;
#3601 = ORIENTED_EDGE ( 'NONE', *, *, #3899, .F. ) ;
#3602 = ORIENTED_EDGE ( 'NONE', *, *, #5140, .T. ) ;
#3603 = DIRECTION ( 'NONE',  ( 1.000000000000000000, 0.000000000000000000, 0.000000000000000000 ) ) ;
#3604 = AXIS2_PLACEMENT_3D ( 'NONE', #502, #3462, #6292 ) ;
#3605 = ORIENTED_EDGE ( 'NONE', *, *, #137, .T. ) ;
#3606 = DIRECTION ( 'NONE',  ( 0.000000000000000000, -1.000000000000000000, 2.710505431213766015E-16 ) ) ;
#3607 = CIRCLE ( 'NONE', #2310, 0.2000000000000000944 ) ;
#3608 = EDGE_CURVE ( 'NONE', #2265, #6517, #5389, .T. ) ;
#3609 = AXIS2_PLACEMENT_3D ( 'NONE', #6230, #1575, #5180 ) ;
#3610 = DIRECTION ( 'NONE',  ( -1.000000000000000000, 0.000000000000000000, 0.000000000000000000 ) ) ;
#3611 = ORIENTED_EDGE ( 'NONE', *, *, #6650, .F. ) ;
#3612 = CARTESIAN_POINT ( 'NONE',  ( -2.249141503005310128, -2.009150632599040254, -1.605283120194311408 ) ) ;
#3613 = ORIENTED_EDGE ( 'NONE', *, *, #5163, .T. ) ;
#3614 = DIRECTION ( 'NONE',  ( -2.115516434118059681E-16, 0.000000000000000000, -1.000000000000000000 ) ) ;
#3615 = DIRECTION ( 'NONE',  ( -1.000000000000000000, 0.000000000000000000, 0.000000000000000000 ) ) ;
#3616 = CIRCLE ( 'NONE', #1900, 0.09000000000000001055 ) ;
#3617 = DIRECTION ( 'NONE',  ( -0.9976467198374254775, -0.05937816768997772332, 0.03428200109979571281 ) ) ;
#3618 = ORIENTED_EDGE ( 'NONE', *, *, #1266, .F. ) ;
#3619 = EDGE_CURVE ( 'NONE', #653, #604, #541, .T. ) ;
#3620 = DIRECTION ( 'NONE',  ( 0.000000000000000000, 0.000000000000000000, -1.000000000000000000 ) ) ;
#3621 = CARTESIAN_POINT ( 'NONE',  ( 2.419999999999999929, -0.3499999999999999778, 0.2000000000000000111 ) ) ;
#3622 = CIRCLE ( 'NONE', #5929, 0.3250000000000000111 ) ;
#3623 = EDGE_CURVE ( 'NONE', #1864, #2440, #2925, .T. ) ;
#3624 = EDGE_LOOP ( 'NONE', ( #4968, #813, #4270, #4354 ) ) ;
#3625 = CARTESIAN_POINT ( 'NONE',  ( -2.682690296114374817, -0.5742640687119289211, 0.4326902961143724857 ) ) ;
#3626 = ORIENTED_EDGE ( 'NONE', *, *, #2616, .F. ) ;
#3627 = ORIENTED_EDGE ( 'NONE', *, *, #6986, .T. ) ;
#3628 = DIRECTION ( 'NONE',  ( 0.05941309073766349452, -0.9982334820316327573, 0.000000000000000000 ) ) ;
#3629 = DIRECTION ( 'NONE',  ( 0.000000000000000000, 0.000000000000000000, -1.000000000000000000 ) ) ;
#3630 = DIRECTION ( 'NONE',  ( 0.000000000000000000, 0.000000000000000000, -1.000000000000000000 ) ) ;
#3631 = DIRECTION ( 'NONE',  ( 0.000000000000000000, -1.000000000000000000, -1.777380610631974753E-16 ) ) ;
#3632 = FACE_OUTER_BOUND ( 'NONE', #6469, .T. ) ;
#3633 = AXIS2_PLACEMENT_3D ( 'NONE', #2057, #2502, #2105 ) ;
#3634 = ORIENTED_EDGE ( 'NONE', *, *, #3333, .T. ) ;
#3635 = VECTOR ( 'NONE', #1211, 1000.000000000000000 ) ;
#3636 = EDGE_CURVE ( 'NONE', #4073, #1220, #2846, .T. ) ;
#3637 = ADVANCED_FACE ( 'NONE', ( #5412 ), #509, .T. ) ;
#3638 = ORIENTED_EDGE ( 'NONE', *, *, #3946, .T. ) ;
#3639 = DIRECTION ( 'NONE',  ( 0.000000000000000000, -1.000000000000000000, 0.000000000000000000 ) ) ;
#3640 = CARTESIAN_POINT ( 'NONE',  ( 2.620000000000000107, -0.5000000000000000000, 0.3099999999999999978 ) ) ;
#3641 = CARTESIAN_POINT ( 'NONE',  ( 2.350000000000000089, -2.000000000000000000, -0.3600000000000000422 ) ) ;
#3642 = EDGE_CURVE ( 'NONE', #1858, #7351, #5282, .T. ) ;
#3643 = ORIENTED_EDGE ( 'NONE', *, *, #2987, .T. ) ;
#3644 = CARTESIAN_POINT ( 'NONE',  ( 2.750000000000000000, -2.160000000000000142, -1.270000000000000018 ) ) ;
#3645 = DIRECTION ( 'NONE',  ( 0.000000000000000000, 0.000000000000000000, 1.000000000000000000 ) ) ;
#3646 = CARTESIAN_POINT ( 'NONE',  ( -2.750000000000000000, -0.5000000000000000000, 0.5400000000000000355 ) ) ;
#3647 = DIRECTION ( 'NONE',  ( 1.000000000000000000, 0.000000000000000000, 0.000000000000000000 ) ) ;
#3648 = AXIS2_PLACEMENT_3D ( 'NONE', #6233, #2264, #6809 ) ;
#3649 = CIRCLE ( 'NONE', #2729, 0.05000000000000002359 ) ;
#3650 = EDGE_CURVE ( 'NONE', #3475, #4936, #2857, .T. ) ;
#3651 = ORIENTED_EDGE ( 'NONE', *, *, #3168, .T. ) ;
#3652 = CARTESIAN_POINT ( 'NONE',  ( 0.9366025403784430381, -2.050000000000000266, 1.628867513459480110 ) ) ;
#3653 = VECTOR ( 'NONE', #6686, 1000.000000000000000 ) ;
#3654 = ORIENTED_EDGE ( 'NONE', *, *, #5559, .T. ) ;
#3655 = ORIENTED_EDGE ( 'NONE', *, *, #4820, .T. ) ;
#3656 = ADVANCED_FACE ( 'NONE', ( #2918 ), #2115, .F. ) ;
#3657 = CARTESIAN_POINT ( 'NONE',  ( -2.750000000000000000, -1.564718210309564927, 1.270000000000000018 ) ) ;
#3658 = DIRECTION ( 'NONE',  ( -1.000000000000000000, 2.409338161078903914E-15, 0.000000000000000000 ) ) ;
#3659 = ORIENTED_EDGE ( 'NONE', *, *, #2946, .T. ) ;
#3660 = CARTESIAN_POINT ( 'NONE',  ( -2.550000000000000266, -2.168404344971009854E-16, 1.149999999999999911 ) ) ;
#3661 = ORIENTED_EDGE ( 'NONE', *, *, #507, .T. ) ;
#3662 = EDGE_CURVE ( 'NONE', #608, #3132, #3010, .T. ) ;
#3663 = VECTOR ( 'NONE', #6309, 1000.000000000000000 ) ;
#3664 = CARTESIAN_POINT ( 'NONE',  ( -2.250000000000000000, -0.4500000000000000111, 0.2999999999999999889 ) ) ;
#3665 = VERTEX_POINT ( 'NONE', #4239 ) ;
#3666 = DIRECTION ( 'NONE',  ( -6.101831366007370336E-19, 1.000000000000000000, 4.336808689942019662E-19 ) ) ;
#3667 = ORIENTED_EDGE ( 'NONE', *, *, #7097, .F. ) ;
#3668 = DIRECTION ( 'NONE',  ( -1.000000000000000000, 0.000000000000000000, 0.000000000000000000 ) ) ;
#3669 = LINE ( 'NONE', #6502, #6121 ) ;
#3670 = CARTESIAN_POINT ( 'NONE',  ( -2.600000000000000089, -1.959999999999999964, -1.270000000000000018 ) ) ;
#3671 = ORIENTED_EDGE ( 'NONE', *, *, #5747, .T. ) ;
#3672 = DIRECTION ( 'NONE',  ( -1.000000000000000000, 0.000000000000000000, 0.000000000000000000 ) ) ;
#3673 = CARTESIAN_POINT ( 'NONE',  ( -2.550000000000000266, -2.000000000000000000, 1.571132486540520068 ) ) ;
#3674 = AXIS2_PLACEMENT_3D ( 'NONE', #1015, #4578, #2314 ) ;
#3675 = EDGE_LOOP ( 'NONE', ( #4681, #5315, #574, #721, #2957, #7174, #855, #3112, #7044 ) ) ;
#3676 = CARTESIAN_POINT ( 'NONE',  ( -2.569999999999999840, -1.324999999999999956, -0.2999999999999999889 ) ) ;
#3677 = VERTEX_POINT ( 'NONE', #5492 ) ;
#3678 = EDGE_CURVE ( 'NONE', #7160, #835, #553, .T. ) ;
#3679 = VERTEX_POINT ( 'NONE', #5397 ) ;
#3680 = CARTESIAN_POINT ( 'NONE',  ( -2.569999999999999840, -1.283000000000000140, -0.1524999999999999967 ) ) ;
#3681 = DIRECTION ( 'NONE',  ( 0.000000000000000000, 0.000000000000000000, 1.000000000000000000 ) ) ;
#3682 = DIRECTION ( 'NONE',  ( -3.492091521979735616E-15, 1.000000000000000000, 4.336808689941955143E-19 ) ) ;
#3683 = DIRECTION ( 'NONE',  ( 0.000000000000000000, 1.777380610631974753E-16, -1.000000000000000000 ) ) ;
#3684 = CYLINDRICAL_SURFACE ( 'NONE', #1790, 0.3250000000000000111 ) ;
#3685 = VERTEX_POINT ( 'NONE', #7041 ) ;
#3686 = VERTEX_POINT ( 'NONE', #6560 ) ;
#3687 = VERTEX_POINT ( 'NONE', #2065 ) ;
#3688 = DIRECTION ( 'NONE',  ( -0.9976467198374250334, -0.05937816768998639694, -0.03428200109979585158 ) ) ;
#3689 = EDGE_LOOP ( 'NONE', ( #101, #2829, #3381, #32 ) ) ;
#3690 = EDGE_CURVE ( 'NONE', #6285, #2515, #469, .T. ) ;
#3691 = DIRECTION ( 'NONE',  ( 1.000000000000000000, 0.000000000000000000, 0.000000000000000000 ) ) ;
#3692 =( NAMED_UNIT ( * ) SI_UNIT ( $, .STERADIAN. ) SOLID_ANGLE_UNIT ( ) );
#3693 = PRESENTATION_LAYER_ASSIGNMENT (  '', '', ( #2978 ) ) ;
#3694 = CARTESIAN_POINT ( 'NONE',  ( -2.419999999999999929, -0.2999999999999999889, -1.691355389077384945E-16 ) ) ;
#3695 = CARTESIAN_POINT ( 'NONE',  ( -2.750000000000000000, -0.3000000000000099254, -0.1524999999999999967 ) ) ;
#3696 = ORIENTED_EDGE ( 'NONE', *, *, #2429, .T. ) ;
#3697 = VERTEX_POINT ( 'NONE', #3153 ) ;
#3698 = CIRCLE ( 'NONE', #6812, 0.08999999999999999667 ) ;
#3699 = ADVANCED_FACE ( 'NONE', ( #5345 ), #4192, .F. ) ;
#3700 = VERTEX_POINT ( 'NONE', #2658 ) ;
#3701 = DIRECTION ( 'NONE',  ( 0.000000000000000000, 0.000000000000000000, -1.000000000000000000 ) ) ;
#3702 = AXIS2_PLACEMENT_3D ( 'NONE', #6317, #5917, #2711 ) ;
#3703 = VERTEX_POINT ( 'NONE', #4984 ) ;
#3704 = DIRECTION ( 'NONE',  ( -3.492091521979735616E-15, 1.000000000000000000, 4.336808689941955143E-19 ) ) ;
#3705 = VERTEX_POINT ( 'NONE', #5910 ) ;
#3706 = CIRCLE ( 'NONE', #5209, 0.05000000000000002359 ) ;
#3707 = ORIENTED_EDGE ( 'NONE', *, *, #841, .F. ) ;
#3708 = CARTESIAN_POINT ( 'NONE',  ( 0.9366025403784430381, -2.050000000000000266, 1.592264973081039869 ) ) ;
#3709 = CIRCLE ( 'NONE', #416, 0.05000000000000002359 ) ;
#3710 = DIRECTION ( 'NONE',  ( 1.000000000000000000, 0.000000000000000000, 0.000000000000000000 ) ) ;
#3711 = ORIENTED_EDGE ( 'NONE', *, *, #4704, .F. ) ;
#3712 = ORIENTED_EDGE ( 'NONE', *, *, #1387, .F. ) ;
#3713 = CARTESIAN_POINT ( 'NONE',  ( -2.569999999999999840, -0.3499999999999999778, 0.2500000000000000000 ) ) ;
#3714 = ORIENTED_EDGE ( 'NONE', *, *, #3077, .F. ) ;
#3715 = ADVANCED_FACE ( 'NONE', ( #5438 ), #3205, .F. ) ;
#3716 = EDGE_CURVE ( 'NONE', #7012, #4341, #3020, .T. ) ;
#3717 = DIRECTION ( 'NONE',  ( 0.4999999999999933942, -0.8660254037844423713, 0.000000000000000000 ) ) ;
#3718 = CARTESIAN_POINT ( 'NONE',  ( 2.050000000000000266, -2.000000000000000000, 1.657735026918965016 ) ) ;
#3719 = ORIENTED_EDGE ( 'NONE', *, *, #2838, .T. ) ;
#3720 = EDGE_CURVE ( 'NONE', #3703, #1905, #389, .T. ) ;
#3721 = LINE ( 'NONE', #6100, #1102 ) ;
#3722 = ORIENTED_EDGE ( 'NONE', *, *, #5587, .T. ) ;
#3723 = CARTESIAN_POINT ( 'NONE',  ( -2.620000000000000107, -0.5000000000000000000, 0.2999999999999999889 ) ) ;
#3724 = CARTESIAN_POINT ( 'NONE',  ( -2.569999999999999840, -1.324999999999999956, -0.2999999999999999889 ) ) ;
#3725 = FACE_OUTER_BOUND ( 'NONE', #2134, .T. ) ;
#3726 = DIRECTION ( 'NONE',  ( 0.000000000000000000, 4.336808689942014847E-19, -1.000000000000000000 ) ) ;
#3727 = EDGE_CURVE ( 'NONE', #5530, #4929, #5319, .T. ) ;
#3728 = DIRECTION ( 'NONE',  ( 0.000000000000000000, 0.000000000000000000, 1.000000000000000000 ) ) ;
#3729 = ORIENTED_EDGE ( 'NONE', *, *, #1735, .T. ) ;
#3730 = PLANE ( 'NONE',  #6534 ) ;
#3731 = AXIS2_PLACEMENT_3D ( 'NONE', #3516, #5941, #1292 ) ;
#3732 = CARTESIAN_POINT ( 'NONE',  ( -1.775000000000000133, -0.2999999999999999889, 1.149999999999999911 ) ) ;
#3733 = CARTESIAN_POINT ( 'NONE',  ( 2.564000000000000057, -1.727000000000000091, -2.101197050824390011E-16 ) ) ;
#3734 = VERTEX_POINT ( 'NONE', #886 ) ;
#3735 = LINE ( 'NONE', #2654, #6203 ) ;
#3736 = ORIENTED_EDGE ( 'NONE', *, *, #6880, .F. ) ;
#3737 = EDGE_CURVE ( 'NONE', #4376, #1061, #348, .T. ) ;
#3738 = LINE ( 'NONE', #6261, #6146 ) ;
#3739 = CARTESIAN_POINT ( 'NONE',  ( -0.9366025403784448145, -2.050000000000002931, -1.633423233636100758 ) ) ;
#3740 = ORIENTED_EDGE ( 'NONE', *, *, #3461, .T. ) ;
#3741 = DIRECTION ( 'NONE',  ( 1.000000000000000000, 6.101831366007240336E-19, 1.734723475976804976E-18 ) ) ;
#3742 = CARTESIAN_POINT ( 'NONE',  ( -2.100000000000000089, -0.1499999999999999944, 1.474999999999999867 ) ) ;
#3743 = AXIS2_PLACEMENT_3D ( 'NONE', #711, #5949, #2600 ) ;
#3744 = EDGE_CURVE ( 'NONE', #2347, #3014, #496, .T. ) ;
#3745 = ORIENTED_EDGE ( 'NONE', *, *, #7111, .T. ) ;
#3746 = CARTESIAN_POINT ( 'NONE',  ( -2.600000000000000089, -1.775000000000000133, 0.1000000000000000056 ) ) ;
#3747 = AXIS2_PLACEMENT_3D ( 'NONE', #4833, #5809, #5962 ) ;
#3748 = DIRECTION ( 'NONE',  ( 0.000000000000000000, 0.000000000000000000, -1.000000000000000000 ) ) ;
#3749 = CARTESIAN_POINT ( 'NONE',  ( 2.100000000000000089, -2.167753823667514952E-16, 1.324999999999999956 ) ) ;
#3750 = EDGE_CURVE ( 'NONE', #994, #6779, #2950, .T. ) ;
#3751 = VERTEX_POINT ( 'NONE', #1439 ) ;
#3752 = VECTOR ( 'NONE', #2046, 1000.000000000000000 ) ;
#3753 = AXIS2_PLACEMENT_3D ( 'NONE', #2159, #2743, #5124 ) ;
#3754 = ORIENTED_EDGE ( 'NONE', *, *, #6614, .T. ) ;
#3755 = AXIS2_PLACEMENT_3D ( 'NONE', #3742, #5448, #2332 ) ;
#3756 = DIRECTION ( 'NONE',  ( -1.000000000000000000, -6.101831366007240336E-19, 0.000000000000000000 ) ) ;
#3757 = VERTEX_POINT ( 'NONE', #4932 ) ;
#3758 = DIRECTION ( 'NONE',  ( 0.000000000000000000, 0.000000000000000000, 1.000000000000000000 ) ) ;
#3759 = AXIS2_PLACEMENT_3D ( 'NONE', #3520, #6346, #307 ) ;
#3760 = DIRECTION ( 'NONE',  ( -0.8320502943378459415, 0.4803844614152589787, -0.2773500981126124643 ) ) ;
#3761 = DIRECTION ( 'NONE',  ( 6.101831366007370336E-19, -1.000000000000000000, -4.336808689942019662E-19 ) ) ;
#3762 = LINE ( 'NONE', #3103, #6196 ) ;
#3763 = ORIENTED_EDGE ( 'NONE', *, *, #5055, .T. ) ;
#3764 = CARTESIAN_POINT ( 'NONE',  ( -2.350000000000000089, 0.000000000000000000, -0.3331145985333605619 ) ) ;
#3765 = VECTOR ( 'NONE', #5709, 1000.000000000000000 ) ;
#3766 = CARTESIAN_POINT ( 'NONE',  ( 2.620000000000000107, -1.534999999999999920, 0.1000000000000000056 ) ) ;
#3767 = ADVANCED_FACE ( 'NONE', ( #2871 ), #518, .T. ) ;
#3768 = PLANE ( 'NONE',  #1083 ) ;
#3769 = ORIENTED_EDGE ( 'NONE', *, *, #1985, .F. ) ;
#3770 = CARTESIAN_POINT ( 'NONE',  ( 2.550000000000000266, -2.050000000000000266, 2.000000000000000000 ) ) ;
#3771 = AXIS2_PLACEMENT_3D ( 'NONE', #5623, #6747, #2368 ) ;
#3772 = DIRECTION ( 'NONE',  ( 6.101831366007370336E-19, -1.000000000000000000, 0.000000000000000000 ) ) ;
#3773 = FACE_OUTER_BOUND ( 'NONE', #6430, .T. ) ;
#3774 = VERTEX_POINT ( 'NONE', #7197 ) ;
#3775 = EDGE_CURVE ( 'NONE', #6270, #5247, #422, .T. ) ;
#3776 = CARTESIAN_POINT ( 'NONE',  ( -2.540662314108554920, 0.000000000000000000, -0.8747882480931009619 ) ) ;
#3777 = CARTESIAN_POINT ( 'NONE',  ( 2.600000000000000089, -2.010000000000000231, -1.800000000000000044 ) ) ;
#3778 = FACE_OUTER_BOUND ( 'NONE', #1199, .T. ) ;
#3779 = CARTESIAN_POINT ( 'NONE',  ( -2.600000000000000089, -1.392080689683685923, 1.369023336992409856 ) ) ;
#3780 = CARTESIAN_POINT ( 'NONE',  ( -2.620000000000000107, 0.4227724399837060054, 0.2999999999999999889 ) ) ;
#3781 = ORIENTED_EDGE ( 'NONE', *, *, #2642, .F. ) ;
#3782 = DIRECTION ( 'NONE',  ( -6.101831366007370336E-19, 1.000000000000000000, 4.336808689942014847E-19 ) ) ;
#3783 = ADVANCED_FACE ( 'NONE', ( #5456 ), #216, .F. ) ;
#3784 = DIRECTION ( 'NONE',  ( 0.000000000000000000, 0.000000000000000000, 1.000000000000000000 ) ) ;
#3785 = CARTESIAN_POINT ( 'NONE',  ( 2.419999999999999929, -0.2999999999999999889, 1.698285379242500186E-16 ) ) ;
#3786 = DIRECTION ( 'NONE',  ( 0.000000000000000000, 4.336808689942014847E-19, -1.000000000000000000 ) ) ;
#3787 = CIRCLE ( 'NONE', #7323, 0.2000000000000000944 ) ;
#3788 = ORIENTED_EDGE ( 'NONE', *, *, #1435, .F. ) ;
#3789 = VECTOR ( 'NONE', #4327, 1000.000000000000000 ) ;
#3790 = AXIS2_PLACEMENT_3D ( 'NONE', #5729, #6913, #1279 ) ;
#3791 = EDGE_CURVE ( 'NONE', #975, #4014, #2789, .T. ) ;
#3792 = AXIS2_PLACEMENT_3D ( 'NONE', #4361, #787, #5451 ) ;
#3793 = DIRECTION ( 'NONE',  ( -1.000000000000000000, 0.000000000000000000, 0.000000000000000000 ) ) ;
#3794 = SURFACE_SIDE_STYLE ('',( #371 ) ) ;
#3795 = AXIS2_PLACEMENT_3D ( 'NONE', #2972, #3021, #3442 ) ;
#3796 = VERTEX_POINT ( 'NONE', #3448 ) ;
#3797 = CARTESIAN_POINT ( 'NONE',  ( -2.750000000000000000, -0.2999999999999999889, -1.149999999999999911 ) ) ;
#3798 = CARTESIAN_POINT ( 'NONE',  ( 0.9366047978434740573, -2.050000000000000266, 1.608110732719294944 ) ) ;
#3799 = DIRECTION ( 'NONE',  ( 0.000000000000000000, 0.000000000000000000, -1.000000000000000000 ) ) ;
#3800 = LINE ( 'NONE', #257, #1311 ) ;
#3801 = EDGE_LOOP ( 'NONE', ( #3878, #1583, #6344, #6291 ) ) ;
#3802 = EDGE_CURVE ( 'NONE', #6846, #2659, #5262, .T. ) ;
#3803 = AXIS2_PLACEMENT_3D ( 'NONE', #3087, #3235, #245 ) ;
#3804 = DIRECTION ( 'NONE',  ( 0.000000000000000000, 0.000000000000000000, -1.000000000000000000 ) ) ;
#3805 = VERTEX_POINT ( 'NONE', #5588 ) ;
#3806 = CARTESIAN_POINT ( 'NONE',  ( 2.419999999999999929, -0.5000000000000000000, 6.062628427123850093E-19 ) ) ;
#3807 = CARTESIAN_POINT ( 'NONE',  ( 2.660000000000000142, -1.283000000000000140, 0.1524999999999999967 ) ) ;
#3808 = ORIENTED_EDGE ( 'NONE', *, *, #1594, .T. ) ;
#3809 = DIRECTION ( 'NONE',  ( 1.000000000000000000, 6.101831366007240336E-19, 1.734723475976804976E-18 ) ) ;
#3810 = VECTOR ( 'NONE', #4520, 999.9999999999998863 ) ;
#3811 = CARTESIAN_POINT ( 'NONE',  ( -2.449999999999999734, -8.632959798415829056E-15, 0.1524999999999999967 ) ) ;
#3812 = ORIENTED_EDGE ( 'NONE', *, *, #5963, .F. ) ;
#3813 = CARTESIAN_POINT ( 'NONE',  ( -2.600000000000000089, -2.010000000000000231, 1.800000000000000044 ) ) ;
#3814 = EDGE_CURVE ( 'NONE', #2251, #6556, #828, .T. ) ;
#3815 = ORIENTED_EDGE ( 'NONE', *, *, #1845, .T. ) ;
#3816 = EDGE_CURVE ( 'NONE', #5200, #4232, #336, .T. ) ;
#3817 = ORIENTED_EDGE ( 'NONE', *, *, #963, .T. ) ;
#3818 = DIRECTION ( 'NONE',  ( 0.000000000000000000, 1.000000000000000000, 0.000000000000000000 ) ) ;
#3819 = CARTESIAN_POINT ( 'NONE',  ( 2.550000000000000266, -2.010000000000000231, -0.5500000000000000444 ) ) ;
#3820 = CIRCLE ( 'NONE', #3913, 0.04999999999999991257 ) ;
#3821 = AXIS2_PLACEMENT_3D ( 'NONE', #1890, #656, #1245 ) ;
#3822 = ADVANCED_FACE ( 'NONE', ( #2801 ), #3059, .F. ) ;
#3823 = CARTESIAN_POINT ( 'NONE',  ( 2.550000000000000266, 0.000000000000000000, 0.9000000000000000222 ) ) ;
#3824 = ORIENTED_EDGE ( 'NONE', *, *, #6033, .T. ) ;
#3825 = CARTESIAN_POINT ( 'NONE',  ( 2.550000000000000266, -1.775000000000000133, -0.1000000000000000056 ) ) ;
#3826 = ORIENTED_EDGE ( 'NONE', *, *, #519, .F. ) ;
#3827 = DIRECTION ( 'NONE',  ( -1.000000000000000000, 0.000000000000000000, 0.000000000000000000 ) ) ;
#3828 = CARTESIAN_POINT ( 'NONE',  ( -2.050000000000000266, -2.050000000000000266, -2.500000000000000000 ) ) ;
#3829 = DIRECTION ( 'NONE',  ( 0.000000000000000000, 0.000000000000000000, -1.000000000000000000 ) ) ;
#3830 = EDGE_CURVE ( 'NONE', #4657, #4874, #5573, .T. ) ;
#3831 = AXIS2_PLACEMENT_3D ( 'NONE', #2411, #3582, #116 ) ;
#3832 = ORIENTED_EDGE ( 'NONE', *, *, #5992, .T. ) ;
#3833 = EDGE_CURVE ( 'NONE', #6455, #6276, #3243, .T. ) ;
#3834 = LINE ( 'NONE', #6658, #3890 ) ;
#3835 = DIRECTION ( 'NONE',  ( 0.000000000000000000, 3.252606517456509851E-16, 1.000000000000000000 ) ) ;
#3836 = DIRECTION ( 'NONE',  ( 1.000000000000000000, 0.000000000000000000, 0.000000000000000000 ) ) ;
#3837 = VERTEX_POINT ( 'NONE', #1074 ) ;
#3838 = ADVANCED_FACE ( 'NONE', ( #5700 ), #5129, .T. ) ;
#3839 = VERTEX_POINT ( 'NONE', #1182 ) ;
#3840 = DIRECTION ( 'NONE',  ( -1.000000000000000000, 0.000000000000000000, 0.000000000000000000 ) ) ;
#3841 =( BOUNDED_CURVE ( )  B_SPLINE_CURVE ( 3, ( #3965, #4543, #5683, #2960 ),
 .UNSPECIFIED., .F., .F. ) 
 B_SPLINE_CURVE_WITH_KNOTS ( ( 4, 4 ),
 ( 6.281144905958719882, 6.282164355607010364 ),
 .UNSPECIFIED. ) 
 CURVE ( )  GEOMETRIC_REPRESENTATION_ITEM ( )  RATIONAL_B_SPLINE_CURVE ( ( 1.000000000000000000, 0.9999999133935359996, 0.9999999133935359996, 1.000000000000000000 ) ) 
 REPRESENTATION_ITEM ( '' )  );
#3842 = DIRECTION ( 'NONE',  ( -1.000000000000000000, 0.000000000000000000, 0.000000000000000000 ) ) ;
#3843 = VERTEX_POINT ( 'NONE', #3874 ) ;
#3844 = VECTOR ( 'NONE', #6053, 1000.000000000000000 ) ;
#3845 = EDGE_LOOP ( 'NONE', ( #4258, #5123, #1768, #1482 ) ) ;
#3846 = DIRECTION ( 'NONE',  ( 0.000000000000000000, 3.252606517456514781E-16, 1.000000000000000000 ) ) ;
#3847 = VERTEX_POINT ( 'NONE', #5078 ) ;
#3848 = DIRECTION ( 'NONE',  ( 0.000000000000000000, 0.000000000000000000, -1.000000000000000000 ) ) ;
#3849 = VERTEX_POINT ( 'NONE', #2794 ) ;
#3850 = ORIENTED_EDGE ( 'NONE', *, *, #598, .T. ) ;
#3851 = CARTESIAN_POINT ( 'NONE',  ( -2.750000000000000000, -0.2000000000000000111, 1.149999999999999911 ) ) ;
#3852 = FACE_OUTER_BOUND ( 'NONE', #6297, .T. ) ;
#3853 = DIRECTION ( 'NONE',  ( 1.734723475976804783E-18, 1.058499011706437396E-36, -1.000000000000000000 ) ) ;
#3854 = DIRECTION ( 'NONE',  ( -1.734723475976804976E-18, -4.336808689942014847E-19, 1.000000000000000000 ) ) ;
#3855 = VERTEX_POINT ( 'NONE', #1233 ) ;
#3856 = EDGE_CURVE ( 'NONE', #4369, #3884, #654, .T. ) ;
#3857 = ORIENTED_EDGE ( 'NONE', *, *, #4216, .T. ) ;
#3858 = EDGE_LOOP ( 'NONE', ( #5966, #1678, #147, #2300 ) ) ;
#3859 = ADVANCED_FACE ( 'NONE', ( #780 ), #5668, .T. ) ;
#3860 = ORIENTED_EDGE ( 'NONE', *, *, #3678, .F. ) ;
#3861 = AXIS2_PLACEMENT_3D ( 'NONE', #6864, #3497, #1662 ) ;
#3862 = CARTESIAN_POINT ( 'NONE',  ( 2.564000000000000057, -0.5000000000000000000, 0.5020000000000000018 ) ) ;
#3863 = VECTOR ( 'NONE', #6989, 1000.000000000000000 ) ;
#3864 = CARTESIAN_POINT ( 'NONE',  ( 2.250000000000000000, -2.000000000000000000, 1.571132486540520068 ) ) ;
#3865 = AXIS2_PLACEMENT_3D ( 'NONE', #2171, #6155, #94 ) ;
#3866 = ORIENTED_EDGE ( 'NONE', *, *, #5992, .F. ) ;
#3867 = ORIENTED_EDGE ( 'NONE', *, *, #1256, .T. ) ;
#3868 = CARTESIAN_POINT ( 'NONE',  ( -2.250000000000000000, -0.09000000000000871192, -0.2425000000000000211 ) ) ;
#3869 = ORIENTED_EDGE ( 'NONE', *, *, #390, .T. ) ;
#3870 = CARTESIAN_POINT ( 'NONE',  ( 2.569999999999999840, -0.3499999999999999778, 0.2500000000000000000 ) ) ;
#3871 = AXIS2_PLACEMENT_3D ( 'NONE', #1140, #3930, #3315 ) ;
#3872 = CARTESIAN_POINT ( 'NONE',  ( -2.550000000000000266, -0.2000000000000000111, -1.800000000000000044 ) ) ;
#3873 = EDGE_CURVE ( 'NONE', #1360, #5878, #719, .T. ) ;
#3874 = CARTESIAN_POINT ( 'NONE',  ( -2.569999999999999840, -0.2999999999999999889, 0.2000000000000000111 ) ) ;
#3875 = AXIS2_PLACEMENT_3D ( 'NONE', #443, #4588, #3396 ) ;
#3876 = TOROIDAL_SURFACE ( 'NONE', #1999, 0.2100000000000000200, 0.2000000000000000111 ) ;
#3877 = MECHANICAL_DESIGN_GEOMETRIC_PRESENTATION_REPRESENTATION (  '', ( #156 ), #6784 ) ;
#3878 = ORIENTED_EDGE ( 'NONE', *, *, #3209, .F. ) ;
#3879 = LINE ( 'NONE', #4668, #1364 ) ;
#3880 = AXIS2_PLACEMENT_3D ( 'NONE', #2997, #5893, #250 ) ;
#3881 = CARTESIAN_POINT ( 'NONE',  ( 2.449999999999999734, -0.3000000000000089817, 0.1524999999999999967 ) ) ;
#3882 = CARTESIAN_POINT ( 'NONE',  ( 2.600000000000000089, -0.5000000000000000000, 0.5500000000000000444 ) ) ;
#3883 = ORIENTED_EDGE ( 'NONE', *, *, #4350, .F. ) ;
#3884 = VERTEX_POINT ( 'NONE', #6662 ) ;
#3885 = ORIENTED_EDGE ( 'NONE', *, *, #6524, .T. ) ;
#3886 = DIRECTION ( 'NONE',  ( 1.000000000000000000, 6.101831366007240336E-19, 1.734723475976804976E-18 ) ) ;
#3887 = EDGE_CURVE ( 'NONE', #4620, #4063, #643, .T. ) ;
#3888 = ORIENTED_EDGE ( 'NONE', *, *, #1078, .F. ) ;
#3889 = PLANE ( 'NONE',  #5870 ) ;
#3890 = VECTOR ( 'NONE', #533, 999.9999999999998863 ) ;
#3891 = AXIS2_PLACEMENT_3D ( 'NONE', #3370, #463, #2766 ) ;
#3892 = CARTESIAN_POINT ( 'NONE',  ( 0.6005218575370809830, -1.564718210309564927, 1.469999999999999973 ) ) ;
#3893 = VECTOR ( 'NONE', #1730, 1000.000000000000000 ) ;
#3894 = CARTESIAN_POINT ( 'NONE',  ( 2.750000000000000000, -0.2000000000000000111, -1.800000000000000044 ) ) ;
#3895 = ORIENTED_EDGE ( 'NONE', *, *, #6956, .F. ) ;
#3896 = CARTESIAN_POINT ( 'NONE',  ( -2.600000000000000089, -1.775000000000000133, 0.1000000000000000056 ) ) ;
#3897 = EDGE_LOOP ( 'NONE', ( #4106, #7177, #112, #182 ) ) ;
#3898 = DIRECTION ( 'NONE',  ( -1.734723475976804976E-18, -4.336808689942014847E-19, 1.000000000000000000 ) ) ;
#3899 = EDGE_CURVE ( 'NONE', #381, #4148, #740, .T. ) ;
#3900 = CYLINDRICAL_SURFACE ( 'NONE', #1299, 0.2000000000000000389 ) ;
#3901 = ORIENTED_EDGE ( 'NONE', *, *, #2917, .T. ) ;
#3902 = EDGE_CURVE ( 'NONE', #1040, #1278, #705, .T. ) ;
#3903 = CIRCLE ( 'NONE', #4434, 0.4500000000000000666 ) ;
#3904 = DIRECTION ( 'NONE',  ( 0.000000000000000000, 0.000000000000000000, -1.000000000000000000 ) ) ;
#3905 = CARTESIAN_POINT ( 'NONE',  ( -2.050000000000000266, -2.050000000000000266, -2.500000000000000000 ) ) ;
#3906 = EDGE_CURVE ( 'NONE', #1789, #5247, #577, .T. ) ;
#3907 = VECTOR ( 'NONE', #6251, 1000.000000000000000 ) ;
#3908 = ORIENTED_EDGE ( 'NONE', *, *, #432, .F. ) ;
#3909 = ORIENTED_EDGE ( 'NONE', *, *, #4243, .F. ) ;
#3910 = ORIENTED_EDGE ( 'NONE', *, *, #4831, .T. ) ;
#3911 = CARTESIAN_POINT ( 'NONE',  ( -1.750000000000000000, -2.160000000000000142, 1.270000000000000018 ) ) ;
#3912 = LINE ( 'NONE', #4140, #4051 ) ;
#3913 = AXIS2_PLACEMENT_3D ( 'NONE', #6754, #2790, #1573 ) ;
#3914 = DIRECTION ( 'NONE',  ( 1.000000000000000000, 0.000000000000000000, 0.000000000000000000 ) ) ;
#3915 = CIRCLE ( 'NONE', #6247, 0.2000000000000000389 ) ;
#3916 = DIRECTION ( 'NONE',  ( 0.000000000000000000, 0.000000000000000000, 1.000000000000000000 ) ) ;
#3917 = ORIENTED_EDGE ( 'NONE', *, *, #1946, .T. ) ;
#3918 = EDGE_CURVE ( 'NONE', #4694, #4162, #3219, .T. ) ;
#3919 = DIRECTION ( 'NONE',  ( -1.000000000000000000, 0.000000000000000000, 0.000000000000000000 ) ) ;
#3920 = CARTESIAN_POINT ( 'NONE',  ( -2.100000000000000089, -0.5742640687119289211, 1.625000000000000000 ) ) ;
#3921 = COLOUR_RGB ( '',1.000000000000000000, 1.000000000000000000, 1.000000000000000000 ) ;
#3922 = ADVANCED_FACE ( 'NONE', ( #626 ), #4105, .T. ) ;
#3923 = VERTEX_POINT ( 'NONE', #228 ) ;
#3924 = FACE_BOUND ( 'NONE', #1741, .T. ) ;
#3925 = CARTESIAN_POINT ( 'NONE',  ( 1.965380592228744838, -0.5742640687119289211, 1.800000000000000044 ) ) ;
#3926 = DIRECTION ( 'NONE',  ( -1.000000000000000000, 0.000000000000000000, 0.000000000000000000 ) ) ;
#3927 = VERTEX_POINT ( 'NONE', #1280 ) ;
#3928 = ORIENTED_EDGE ( 'NONE', *, *, #5549, .F. ) ;
#3929 = CARTESIAN_POINT ( 'NONE',  ( 2.569999999999999840, -1.525000000000000133, -0.1000000000000000056 ) ) ;
#3930 = DIRECTION ( 'NONE',  ( 2.409338161078905097E-15, -1.000000000000000000, -4.336808689941955143E-19 ) ) ;
#3931 = DIRECTION ( 'NONE',  ( 1.000000000000000000, -2.409338161078903914E-15, 0.000000000000000000 ) ) ;
#3932 = VERTEX_POINT ( 'NONE', #3025 ) ;
#3933 = EDGE_LOOP ( 'NONE', ( #1727, #6086, #1333, #6206 ) ) ;
#3934 = CARTESIAN_POINT ( 'NONE',  ( -2.620000000000000107, -0.5000000000000000000, 0.3099999999999999978 ) ) ;
#3935 = ADVANCED_FACE ( 'NONE', ( #5678 ), #3083, .F. ) ;
#3936 = LINE ( 'NONE', #2291, #1902 ) ;
#3937 = DIRECTION ( 'NONE',  ( 0.000000000000000000, 0.000000000000000000, 1.000000000000000000 ) ) ;
#3938 = VERTEX_POINT ( 'NONE', #5825 ) ;
#3939 = CARTESIAN_POINT ( 'NONE',  ( -0.9499999999999999556, -2.050000000000000266, 1.657735026918965016 ) ) ;
#3940 = ORIENTED_EDGE ( 'NONE', *, *, #796, .F. ) ;
#3941 = CARTESIAN_POINT ( 'NONE',  ( 1.965380592228740175, -0.5742640687119289211, -1.149999999999999911 ) ) ;
#3942 = DIRECTION ( 'NONE',  ( 0.000000000000000000, 4.336808689942014847E-19, -1.000000000000000000 ) ) ;
#3943 = EDGE_LOOP ( 'NONE', ( #693, #872, #2454, #5553 ) ) ;
#3944 = DIRECTION ( 'NONE',  ( 0.000000000000000000, 0.000000000000000000, 1.000000000000000000 ) ) ;
#3945 = LINE ( 'NONE', #1659, #1457 ) ;
#3946 = EDGE_CURVE ( 'NONE', #4148, #2013, #5528, .T. ) ;
#3947 = AXIS2_PLACEMENT_3D ( 'NONE', #5677, #6227, #5173 ) ;
#3948 = DIRECTION ( 'NONE',  ( -7.221912651870689721E-16, -1.000000000000000000, 0.000000000000000000 ) ) ;
#3949 = DIRECTION ( 'NONE',  ( -6.101831366007370336E-19, 1.000000000000000000, 0.000000000000000000 ) ) ;
#3950 = LINE ( 'NONE', #378, #1534 ) ;
#3951 = VERTEX_POINT ( 'NONE', #3074 ) ;
#3952 = ORIENTED_EDGE ( 'NONE', *, *, #5591, .T. ) ;
#3953 = ORIENTED_EDGE ( 'NONE', *, *, #2668, .F. ) ;
#3954 = AXIS2_PLACEMENT_3D ( 'NONE', #3640, #6467, #3589 ) ;
#3955 = CARTESIAN_POINT ( 'NONE',  ( 2.750000000000000000, -0.2000000000000000111, -1.800000000000000044 ) ) ;
#3956 = DIRECTION ( 'NONE',  ( -6.101831366007370336E-19, 1.000000000000000000, 4.336808689942019662E-19 ) ) ;
#3957 = CIRCLE ( 'NONE', #6841, 0.04999999999999991257 ) ;
#3958 = DIRECTION ( 'NONE',  ( 0.000000000000000000, 0.000000000000000000, 1.000000000000000000 ) ) ;
#3959 = AXIS2_PLACEMENT_3D ( 'NONE', #4059, #2744, #5584 ) ;
#3960 = VECTOR ( 'NONE', #1095, 1000.000000000000000 ) ;
#3961 = EDGE_LOOP ( 'NONE', ( #1394, #5404, #311, #5522 ) ) ;
#3962 = CARTESIAN_POINT ( 'NONE',  ( 2.550000000000000266, -2.168404344971009854E-16, -1.800000000000000044 ) ) ;
#3963 = ORIENTED_EDGE ( 'NONE', *, *, #5033, .T. ) ;
#3964 = CARTESIAN_POINT ( 'NONE',  ( -1.965380592228744838, -2.168404344971009854E-16, 1.800000000000000044 ) ) ;
#3965 = CARTESIAN_POINT ( 'NONE',  ( -2.250000000000000000, -2.000000000000000000, 1.571081491559290111 ) ) ;
#3966 = ORIENTED_EDGE ( 'NONE', *, *, #362, .F. ) ;
#3967 = ORIENTED_EDGE ( 'NONE', *, *, #3267, .F. ) ;
#3968 = EDGE_CURVE ( 'NONE', #3284, #1454, #5724, .T. ) ;
#3969 = CARTESIAN_POINT ( 'NONE',  ( 2.750000000000000000, -1.324999999999999956, -0.1000000000000000056 ) ) ;
#3970 = CARTESIAN_POINT ( 'NONE',  ( 2.350000000000000089, 0.000000000000000000, -0.3331145985333595072 ) ) ;
#3971 = DIRECTION ( 'NONE',  ( 1.000000000000000000, 0.000000000000000000, 0.000000000000000000 ) ) ;
#3972 = EDGE_CURVE ( 'NONE', #2497, #6708, #3230, .T. ) ;
#3973 = CYLINDRICAL_SURFACE ( 'NONE', #6696, 0.2000000000000000944 ) ;
#3974 = ORIENTED_EDGE ( 'NONE', *, *, #1540, .T. ) ;
#3975 = CARTESIAN_POINT ( 'NONE',  ( 1.164977127954431868, -1.935421358319814988, -1.533796995401334851 ) ) ;
#3976 = DIRECTION ( 'NONE',  ( 0.000000000000000000, 0.000000000000000000, -1.000000000000000000 ) ) ;
#3977 = ORIENTED_EDGE ( 'NONE', *, *, #4365, .T. ) ;
#3978 = ADVANCED_FACE ( 'NONE', ( #3093 ), #1563, .T. ) ;
#3979 = ORIENTED_EDGE ( 'NONE', *, *, #1620, .F. ) ;
#3980 = DIRECTION ( 'NONE',  ( 0.000000000000000000, 0.000000000000000000, -1.000000000000000000 ) ) ;
#3981 = LINE ( 'NONE', #304, #6315 ) ;
#3982 = AXIS2_PLACEMENT_3D ( 'NONE', #7032, #253, #819 ) ;
#3983 = DIRECTION ( 'NONE',  ( 1.000000000000000000, 6.101831366007240336E-19, 0.000000000000000000 ) ) ;
#3984 = VECTOR ( 'NONE', #7311, 1000.000000000000000 ) ;
#3985 = CARTESIAN_POINT ( 'NONE',  ( 2.419999999999999929, -0.2999999999999999889, 1.698285379242500186E-16 ) ) ;
#3986 = ORIENTED_EDGE ( 'NONE', *, *, #908, .F. ) ;
#3987 = EDGE_CURVE ( 'NONE', #3843, #4996, #3259, .T. ) ;
#3988 = ORIENTED_EDGE ( 'NONE', *, *, #6260, .F. ) ;
#3989 = DIRECTION ( 'NONE',  ( 8.659560562354939021E-17, 0.7071067811865470176, -0.7071067811865480168 ) ) ;
#3990 = CARTESIAN_POINT ( 'NONE',  ( 2.550000000000000266, -2.000000000000000000, -1.600000000000000089 ) ) ;
#3991 = CIRCLE ( 'NONE', #1209, 0.04999999999999999584 ) ;
#3992 = ORIENTED_EDGE ( 'NONE', *, *, #1377, .F. ) ;
#3993 = EDGE_CURVE ( 'NONE', #5136, #4082, #5693, .T. ) ;
#3994 = DIRECTION ( 'NONE',  ( 0.000000000000000000, -1.000000000000000000, 0.000000000000000000 ) ) ;
#3995 = TOROIDAL_SURFACE ( 'NONE', #2187, 0.4500000000000000111, 0.05000000000000000278 ) ;
#3996 = CARTESIAN_POINT ( 'NONE',  ( -0.9366025403784440373, -2.050000000000000266, -1.628867513459480110 ) ) ;
#3997 = ADVANCED_FACE ( 'NONE', ( #5510 ), #677, .F. ) ;
#3998 = AXIS2_PLACEMENT_3D ( 'NONE', #7352, #545, #3406 ) ;
#3999 = CARTESIAN_POINT ( 'NONE',  ( 1.050000000000000044, -2.050000000000000266, -1.657735026918965016 ) ) ;
#4000 = VECTOR ( 'NONE', #5047, 1000.000000000000000 ) ;
#4001 = ORIENTED_EDGE ( 'NONE', *, *, #519, .T. ) ;
#4002 = UNCERTAINTY_MEASURE_WITH_UNIT (LENGTH_MEASURE( 1.000000000000000082E-05 ), #703, 'distance_accuracy_value', 'NONE');
#4003 = ORIENTED_EDGE ( 'NONE', *, *, #7260, .F. ) ;
#4004 = DIRECTION ( 'NONE',  ( 0.000000000000000000, 0.000000000000000000, -1.000000000000000000 ) ) ;
#4005 = DIRECTION ( 'NONE',  ( 0.000000000000000000, 0.000000000000000000, -1.000000000000000000 ) ) ;
#4006 = CIRCLE ( 'NONE', #5169, 0.2999999999999999334 ) ;
#4007 = DIRECTION ( 'NONE',  ( 0.000000000000000000, -4.336808689942014847E-19, 1.000000000000000000 ) ) ;
#4008 = ORIENTED_EDGE ( 'NONE', *, *, #998, .F. ) ;
#4009 = CARTESIAN_POINT ( 'NONE',  ( -1.775000000000000133, -0.2999999999999999889, -1.149999999999999911 ) ) ;
#4010 = ORIENTED_EDGE ( 'NONE', *, *, #3009, .F. ) ;
#4011 = DIRECTION ( 'NONE',  ( 0.000000000000000000, 0.000000000000000000, 1.000000000000000000 ) ) ;
#4012 = CARTESIAN_POINT ( 'NONE',  ( 1.687569035355499958, -1.624164318891575087, 1.350276141422019904 ) ) ;
#4013 = CARTESIAN_POINT ( 'NONE',  ( 0.9627657542609029395, -2.044176141120594981, 1.607369094485574967 ) ) ;
#4014 = VERTEX_POINT ( 'NONE', #685 ) ;
#4015 = EDGE_LOOP ( 'NONE', ( #5243, #4093, #2247, #2792 ) ) ;
#4016 = CIRCLE ( 'NONE', #2954, 0.1499999999999999667 ) ;
#4017 = CARTESIAN_POINT ( 'NONE',  ( -2.620000000000000107, -1.525000000000000133, 0.1000000000000000056 ) ) ;
#4018 = CARTESIAN_POINT ( 'NONE',  ( -2.550000000000000266, -2.050000000000000266, -2.000000000000000000 ) ) ;
#4019 = DIRECTION ( 'NONE',  ( 3.491481338843135327E-15, 1.000000000000000000, 0.000000000000000000 ) ) ;
#4020 = FACE_OUTER_BOUND ( 'NONE', #3845, .T. ) ;
#4021 = ORIENTED_EDGE ( 'NONE', *, *, #959, .T. ) ;
#4022 = EDGE_CURVE ( 'NONE', #4790, #6378, #3280, .T. ) ;
#4023 = EDGE_LOOP ( 'NONE', ( #3812, #6505, #2736, #4058 ) ) ;
#4024 = CARTESIAN_POINT ( 'NONE',  ( -2.550000000000000266, -1.959999999999999964, -1.270000000000000018 ) ) ;
#4025 = ORIENTED_EDGE ( 'NONE', *, *, #3303, .F. ) ;
#4026 = DIRECTION ( 'NONE',  ( -1.000000000000000000, -6.101831366007240336E-19, -1.734723475976804976E-18 ) ) ;
#4027 = AXIS2_PLACEMENT_3D ( 'NONE', #5152, #6255, #4033 ) ;
#4028 = CYLINDRICAL_SURFACE ( 'NONE', #1801, 0.04999999999999999584 ) ;
#4029 = DIRECTION ( 'NONE',  ( 0.000000000000000000, -1.000000000000000000, 3.252606517456517246E-16 ) ) ;
#4030 = EDGE_LOOP ( 'NONE', ( #1720, #6446, #1679, #6997 ) ) ;
#4031 = ORIENTED_EDGE ( 'NONE', *, *, #4233, .T. ) ;
#4032 = EDGE_CURVE ( 'NONE', #1045, #3560, #665, .T. ) ;
#4033 = DIRECTION ( 'NONE',  ( 0.000000000000000000, 0.000000000000000000, 1.000000000000000000 ) ) ;
#4034 =( GEOMETRIC_REPRESENTATION_CONTEXT ( 3 ) GLOBAL_UNCERTAINTY_ASSIGNED_CONTEXT ( ( #1366 ) ) GLOBAL_UNIT_ASSIGNED_CONTEXT ( ( #4359, #1924, #3692 ) ) REPRESENTATION_CONTEXT ( 'NONE', 'WORKASPACE' ) );
#4035 = CIRCLE ( 'NONE', #4207, 0.05000000000000012768 ) ;
#4036 = ADVANCED_FACE ( 'NONE', ( #808 ), #4685, .T. ) ;
#4037 = ORIENTED_EDGE ( 'NONE', *, *, #5895, .F. ) ;
#4038 = CARTESIAN_POINT ( 'NONE',  ( 2.550000000000000266, -2.160000000000000142, 1.270000000000000018 ) ) ;
#4039 = CARTESIAN_POINT ( 'NONE',  ( 2.100000000000000089, -2.169054866274500072E-16, 1.625000000000000000 ) ) ;
#4040 = VECTOR ( 'NONE', #5821, 1000.000000000000000 ) ;
#4041 = CARTESIAN_POINT ( 'NONE',  ( 2.750000000000000000, -1.283000000000000140, -0.1524999999999999967 ) ) ;
#4042 = CARTESIAN_POINT ( 'NONE',  ( -2.750000000000000000, -1.449999999999999956, 1.270000000000000018 ) ) ;
#4043 = CARTESIAN_POINT ( 'NONE',  ( 2.750000000000000000, -1.765000000000000124, 0.1000000000000000056 ) ) ;
#4044 = ORIENTED_EDGE ( 'NONE', *, *, #3720, .T. ) ;
#4045 = SHAPE_REPRESENTATION ( 'ETQP3M100KVP', ( #2553, #6328 ), #2886 ) ;
#4046 = ORIENTED_EDGE ( 'NONE', *, *, #6177, .F. ) ;
#4047 = AXIS2_PLACEMENT_3D ( 'NONE', #5511, #3756, #3701 ) ;
#4048 = EDGE_LOOP ( 'NONE', ( #664, #5057, #5432, #2924 ) ) ;
#4049 = CARTESIAN_POINT ( 'NONE',  ( 2.100000000000000089, -2.168404344971009854E-16, -1.474999999999999867 ) ) ;
#4050 = CARTESIAN_POINT ( 'NONE',  ( 2.250000000000000000, -2.000000000000000000, -1.571132486540520068 ) ) ;
#4051 = VECTOR ( 'NONE', #4189, 1000.000000000000000 ) ;
#4052 = ADVANCED_FACE ( 'NONE', ( #3272 ), #3190, .T. ) ;
#4053 = CARTESIAN_POINT ( 'NONE',  ( 2.569999999999999840, -0.2999999999999999889, -0.3499999999999999778 ) ) ;
#4054 = EDGE_LOOP ( 'NONE', ( #4429, #7271, #5001, #4484 ) ) ;
#4055 = ORIENTED_EDGE ( 'NONE', *, *, #6622, .T. ) ;
#4056 = CARTESIAN_POINT ( 'NONE',  ( -2.569999999999999840, -0.2999999999999999889, -0.2000000000000000111 ) ) ;
#4057 = CARTESIAN_POINT ( 'NONE',  ( -1.011546881485376081, -2.034082127681944741, 1.619677325591724948 ) ) ;
#4058 = ORIENTED_EDGE ( 'NONE', *, *, #137, .F. ) ;
#4059 = CARTESIAN_POINT ( 'NONE',  ( -1.162006473417549923, -1.985333032421400024, -1.533796995401334851 ) ) ;
#4060 = CARTESIAN_POINT ( 'NONE',  ( 2.550000000000000266, 0.8400000000000000799, -2.000000000000000000 ) ) ;
#4061 = DIRECTION ( 'NONE',  ( 0.000000000000000000, 1.000000000000000000, 0.000000000000000000 ) ) ;
#4062 = VERTEX_POINT ( 'NONE', #5230 ) ;
#4063 = VERTEX_POINT ( 'NONE', #76 ) ;
#4064 = EDGE_CURVE ( 'NONE', #6503, #6262, #5640, .T. ) ;
#4065 = CYLINDRICAL_SURFACE ( 'NONE', #3795, 0.09000000000000001055 ) ;
#4066 = DIRECTION ( 'NONE',  ( -1.043864005594924074E-18, 1.000000000000000000, 0.000000000000000000 ) ) ;
#4067 = CARTESIAN_POINT ( 'NONE',  ( -0.9598159935051570057, -2.044332733507344901, -1.600609367199550048 ) ) ;
#4068 = EDGE_CURVE ( 'NONE', #1920, #4508, #821, .T. ) ;
#4069 = CIRCLE ( 'NONE', #4855, 0.2500000000000000000 ) ;
#4070 = ORIENTED_EDGE ( 'NONE', *, *, #567, .F. ) ;
#4071 = CARTESIAN_POINT ( 'NONE',  ( -2.569999999999999840, -1.525000000000000133, -0.1000000000000000056 ) ) ;
#4072 = DIRECTION ( 'NONE',  ( 1.000000000000000000, 0.000000000000000000, 1.734723475976804976E-18 ) ) ;
#4073 = VERTEX_POINT ( 'NONE', #6268 ) ;
#4074 = DIRECTION ( 'NONE',  ( -1.000000000000000000, 0.000000000000000000, 0.000000000000000000 ) ) ;
#4075 = CIRCLE ( 'NONE', #633, 0.04999999999999999584 ) ;
#4076 = EDGE_CURVE ( 'NONE', #6062, #3321, #5737, .T. ) ;
#4077 = TOROIDAL_SURFACE ( 'NONE', #233, 0.4400000000000000022, 0.2000000000000000111 ) ;
#4078 = EDGE_LOOP ( 'NONE', ( #1490, #1535, #1787, #2695, #1452, #1096, #6351, #4962 ) ) ;
#4079 = ORIENTED_EDGE ( 'NONE', *, *, #3502, .F. ) ;
#4080 = ORIENTED_EDGE ( 'NONE', *, *, #3346, .T. ) ;
#4081 = DIRECTION ( 'NONE',  ( 0.000000000000000000, 0.000000000000000000, 1.000000000000000000 ) ) ;
#4082 = VERTEX_POINT ( 'NONE', #5271 ) ;
#4083 = AXIS2_PLACEMENT_3D ( 'NONE', #6385, #6973, #2448 ) ;
#4084 = ORIENTED_EDGE ( 'NONE', *, *, #3082, .F. ) ;
#4085 = CARTESIAN_POINT ( 'NONE',  ( -2.100000000000000089, -2.168404344971009854E-16, -1.474999999999999867 ) ) ;
#4086 = DIRECTION ( 'NONE',  ( 0.000000000000000000, -1.777380610631974753E-16, 1.000000000000000000 ) ) ;
#4087 = COLOUR_RGB ( '',1.000000000000000000, 1.000000000000000000, 1.000000000000000000 ) ;
#4088 = CARTESIAN_POINT ( 'NONE',  ( 1.750000000000000000, -2.010000000000000231, -1.270000000000000018 ) ) ;
#4089 = LINE ( 'NONE', #2172, #1648 ) ;
#4090 = CARTESIAN_POINT ( 'NONE',  ( 0.9751829634902219324, -2.050000000000000266, -1.646933713039665070 ) ) ;
#4091 = CARTESIAN_POINT ( 'NONE',  ( 1.965380592228740175, -0.5742640687119289211, -1.800000000000000044 ) ) ;
#4092 = LINE ( 'NONE', #5457, #4000 ) ;
#4093 = ORIENTED_EDGE ( 'NONE', *, *, #622, .F. ) ;
#4094 = ADVANCED_FACE ( 'NONE', ( #3033 ), #3071, .F. ) ;
#4095 = VERTEX_POINT ( 'NONE', #2648 ) ;
#4096 = CARTESIAN_POINT ( 'NONE',  ( 2.550000000000000266, -1.959999999999999964, -1.800000000000000044 ) ) ;
#4097 = DIRECTION ( 'NONE',  ( 2.891205793294679017E-15, 0.000000000000000000, 1.000000000000000000 ) ) ;
#4098 = DIRECTION ( 'NONE',  ( 0.000000000000000000, 0.000000000000000000, -1.000000000000000000 ) ) ;
#4099 = LINE ( 'NONE', #1976, #1616 ) ;
#4100 = CARTESIAN_POINT ( 'NONE',  ( -2.600000000000000089, -2.010000000000000231, -1.149999999999999911 ) ) ;
#4101 = DIRECTION ( 'NONE',  ( -1.000000000000000000, -6.101831366007240336E-19, 0.000000000000000000 ) ) ;
#4102 = DIRECTION ( 'NONE',  ( 0.000000000000000000, 1.000000000000000000, 0.000000000000000000 ) ) ;
#4103 = ORIENTED_EDGE ( 'NONE', *, *, #5498, .T. ) ;
#4104 = DIRECTION ( 'NONE',  ( 0.000000000000000000, 0.000000000000000000, -1.000000000000000000 ) ) ;
#4105 = PLANE ( 'NONE',  #4617 ) ;
#4106 = ORIENTED_EDGE ( 'NONE', *, *, #2049, .F. ) ;
#4107 = CIRCLE ( 'NONE', #5354, 0.05000000000000002359 ) ;
#4108 = EDGE_CURVE ( 'NONE', #5637, #2535, #5497, .T. ) ;
#4109 = DIRECTION ( 'NONE',  ( -0.7071067811865480168, -7.381233169927235036E-19, 0.7071067811865470176 ) ) ;
#4110 = ADVANCED_FACE ( 'NONE', ( #3046 ), #3128, .F. ) ;
#4111 = LINE ( 'NONE', #5194, #6512 ) ;
#4112 = CARTESIAN_POINT ( 'NONE',  ( 2.419999999999999929, -1.080000000000000071, 0.2500000000000000000 ) ) ;
#4113 = TOROIDAL_SURFACE ( 'NONE', #2564, 0.2000000000000000111, 0.05000000000000000278 ) ;
#4114 = ORIENTED_EDGE ( 'NONE', *, *, #3186, .T. ) ;
#4115 = AXIS2_PLACEMENT_3D ( 'NONE', #2317, #631, #6069 ) ;
#4116 = CARTESIAN_POINT ( 'NONE',  ( -1.162006473417549923, -1.985333032421400024, 1.533796995401334851 ) ) ;
#4117 = DIRECTION ( 'NONE',  ( 0.000000000000000000, 0.000000000000000000, -1.000000000000000000 ) ) ;
#4118 = FILL_AREA_STYLE_COLOUR ( '', #874 ) ;
#4119 = VERTEX_POINT ( 'NONE', #5996 ) ;
#4120 = AXIS2_PLACEMENT_3D ( 'NONE', #4997, #6714, #7302 ) ;
#4121 = DIRECTION ( 'NONE',  ( 1.000000000000000000, 0.000000000000000000, 0.000000000000000000 ) ) ;
#4122 = AXIS2_PLACEMENT_3D ( 'NONE', #3819, #6854, #2423 ) ;
#4123 = VECTOR ( 'NONE', #3130, 1000.000000000000000 ) ;
#4124 = EDGE_CURVE ( 'NONE', #3477, #3321, #5597, .T. ) ;
#4125 = AXIS2_PLACEMENT_3D ( 'NONE', #2522, #3218, #1926 ) ;
#4126 = CARTESIAN_POINT ( 'NONE',  ( 2.550000000000000266, -2.050000000000000266, -2.000000000000000000 ) ) ;
#4127 = FACE_BOUND ( 'NONE', #1882, .T. ) ;
#4128 = CARTESIAN_POINT ( 'NONE',  ( 2.750000000000000000, -1.324999999999999956, -0.5400000000000000355 ) ) ;
#4129 = VERTEX_POINT ( 'NONE', #3955 ) ;
#4130 = DIRECTION ( 'NONE',  ( 1.000000000000000000, 0.000000000000000000, 1.734723475976804976E-18 ) ) ;
#4131 = DIRECTION ( 'NONE',  ( 0.000000000000000000, 0.000000000000000000, -1.000000000000000000 ) ) ;
#4132 = EDGE_LOOP ( 'NONE', ( #2565, #7294, #2509, #4010 ) ) ;
#4133 = DIRECTION ( 'NONE',  ( 1.000000000000000000, 6.101831366007240336E-19, 0.000000000000000000 ) ) ;
#4134 = CARTESIAN_POINT ( 'NONE',  ( -1.164977127954433866, -1.935421358319814988, -1.533796995401334851 ) ) ;
#4135 = VERTEX_POINT ( 'NONE', #579 ) ;
#4136 = ORIENTED_EDGE ( 'NONE', *, *, #12, .T. ) ;
#4137 = DIRECTION ( 'NONE',  ( 0.000000000000000000, 0.000000000000000000, 1.000000000000000000 ) ) ;
#4138 = FACE_OUTER_BOUND ( 'NONE', #499, .T. ) ;
#4139 = EDGE_CURVE ( 'NONE', #3317, #2861, #5607, .T. ) ;
#4140 = CARTESIAN_POINT ( 'NONE',  ( 2.750000000000000000, -2.160000000000000142, 1.800000000000000044 ) ) ;
#4141 = FACE_OUTER_BOUND ( 'NONE', #5634, .T. ) ;
#4142 = CARTESIAN_POINT ( 'NONE',  ( 2.250000000000000000, -0.09000000000000921152, 0.1524999999999999967 ) ) ;
#4143 = EDGE_CURVE ( 'NONE', #3075, #2760, #3206, .T. ) ;
#4144 = CIRCLE ( 'NONE', #3954, 0.2000000000000000111 ) ;
#4145 = EDGE_LOOP ( 'NONE', ( #4535, #4604 ) ) ;
#4146 = ORIENTED_EDGE ( 'NONE', *, *, #3972, .T. ) ;
#4147 = VERTEX_POINT ( 'NONE', #3189 ) ;
#4148 = VERTEX_POINT ( 'NONE', #5433 ) ;
#4149 = CARTESIAN_POINT ( 'NONE',  ( -2.550000000000000266, -2.160000000000000142, 1.800000000000000044 ) ) ;
#4150 = DIRECTION ( 'NONE',  ( 6.101831366007379966E-19, -1.000000000000000000, -2.714842239903705075E-16 ) ) ;
#4151 = VECTOR ( 'NONE', #5278, 1000.000000000000000 ) ;
#4152 = DIRECTION ( 'NONE',  ( 0.000000000000000000, 1.000000000000000000, 0.000000000000000000 ) ) ;
#4153 = MANIFOLD_SOLID_BREP ( 'NONE', #2715 ) ;
#4154 = FACE_OUTER_BOUND ( 'NONE', #1851, .T. ) ;
#4155 = DIRECTION ( 'NONE',  ( 1.000000000000000000, 0.000000000000000000, 0.000000000000000000 ) ) ;
#4156 = CARTESIAN_POINT ( 'NONE',  ( -2.750000000000000000, -1.392080689683685923, -1.369023336992409856 ) ) ;
#4157 = CARTESIAN_POINT ( 'NONE',  ( -1.050000000000000044, -2.024999999999999911, 1.614433756729739988 ) ) ;
#4158 = EDGE_CURVE ( 'NONE', #625, #2047, #5971, .T. ) ;
#4159 = ORIENTED_EDGE ( 'NONE', *, *, #6299, .F. ) ;
#4160 = CARTESIAN_POINT ( 'NONE',  ( 2.600000000000000089, -2.010000000000000231, 1.270000000000000018 ) ) ;
#4161 = DIRECTION ( 'NONE',  ( 0.000000000000000000, 0.000000000000000000, 1.000000000000000000 ) ) ;
#4162 = VERTEX_POINT ( 'NONE', #2694 ) ;
#4163 = ADVANCED_FACE ( 'NONE', ( #5961 ), #5762, .F. ) ;
#4164 = VERTEX_POINT ( 'NONE', #1596 ) ;
#4165 = EDGE_CURVE ( 'NONE', #806, #7338, #925, .T. ) ;
#4166 = DIRECTION ( 'NONE',  ( 0.000000000000000000, 0.000000000000000000, -1.000000000000000000 ) ) ;
#4167 = AXIS2_PLACEMENT_3D ( 'NONE', #2927, #4741, #5280 ) ;
#4168 = CARTESIAN_POINT ( 'NONE',  ( -2.359337685891444547, -2.000000000000000000, 0.3852117519068994911 ) ) ;
#4169 = EDGE_CURVE ( 'NONE', #3837, #4466, #5808, .T. ) ;
#4170 = LINE ( 'NONE', #5995, #1759 ) ;
#4171 = EDGE_LOOP ( 'NONE', ( #2970, #6298, #954, #617 ) ) ;
#4172 = CARTESIAN_POINT ( 'NONE',  ( -2.600000000000000089, -0.1499999999999999944, 1.800000000000000044 ) ) ;
#4173 = CARTESIAN_POINT ( 'NONE',  ( -0.9499999999999999556, -2.050000000000000266, -1.600000000000000089 ) ) ;
#4174 = ORIENTED_EDGE ( 'NONE', *, *, #5222, .F. ) ;
#4175 = EDGE_CURVE ( 'NONE', #6907, #4518, #3401, .T. ) ;
#4176 = CARTESIAN_POINT ( 'NONE',  ( 2.100000000000000089, -0.1499999999999999944, 1.474999999999999867 ) ) ;
#4177 = EDGE_LOOP ( 'NONE', ( #1519, #67, #6313, #2320 ) ) ;
#4178 = ADVANCED_FACE ( 'NONE', ( #934 ), #889, .F. ) ;
#4179 = DIRECTION ( 'NONE',  ( -1.000000000000000000, 0.000000000000000000, 2.115516434118059681E-16 ) ) ;
#4180 = FACE_OUTER_BOUND ( 'NONE', #1325, .T. ) ;
#4181 = ORIENTED_EDGE ( 'NONE', *, *, #2394, .T. ) ;
#4182 = CARTESIAN_POINT ( 'NONE',  ( 2.569999999999999840, -0.2999999999999999889, 0.2000000000000000111 ) ) ;
#4183 = CARTESIAN_POINT ( 'NONE',  ( -1.775000000000000133, -0.5000000000000000000, 1.149999999999999911 ) ) ;
#4184 = ORIENTED_EDGE ( 'NONE', *, *, #1711, .F. ) ;
#4185 = DIRECTION ( 'NONE',  ( 6.101831366007370336E-19, -1.000000000000000000, -4.336808689942014847E-19 ) ) ;
#4186 = EDGE_LOOP ( 'NONE', ( #2649, #1213, #2750, #6234 ) ) ;
#4187 = CARTESIAN_POINT ( 'NONE',  ( -2.605999999999999872, -1.324999999999999956, 0.1000000000000000056 ) ) ;
#4188 = CIRCLE ( 'NONE', #3129, 0.04999999999999991257 ) ;
#4189 = DIRECTION ( 'NONE',  ( 6.101831366007370336E-19, -1.000000000000000000, -4.336808689942019662E-19 ) ) ;
#4190 = DIRECTION ( 'NONE',  ( 0.000000000000000000, 0.000000000000000000, 1.000000000000000000 ) ) ;
#4191 = DIRECTION ( 'NONE',  ( 0.000000000000000000, 0.000000000000000000, -1.000000000000000000 ) ) ;
#4192 = PLANE ( 'NONE',  #5428 ) ;
#4193 = CIRCLE ( 'NONE', #1629, 0.1499999999999999667 ) ;
#4194 = ORIENTED_EDGE ( 'NONE', *, *, #5549, .T. ) ;
#4195 = ORIENTED_EDGE ( 'NONE', *, *, #5476, .F. ) ;
#4196 = ORIENTED_EDGE ( 'NONE', *, *, #3791, .F. ) ;
#4197 = DIRECTION ( 'NONE',  ( 0.000000000000000000, 0.000000000000000000, -1.000000000000000000 ) ) ;
#4198 = DIRECTION ( 'NONE',  ( -6.101831366007370336E-19, 1.000000000000000000, 0.000000000000000000 ) ) ;
#4199 = CARTESIAN_POINT ( 'NONE',  ( 0.9751829634902209332, -2.050000000000000266, 1.646933713039665070 ) ) ;
#4200 = AXIS2_PLACEMENT_3D ( 'NONE', #3723, #1953, #5847 ) ;
#4201 = DIRECTION ( 'NONE',  ( 1.000000000000000000, 0.000000000000000000, -8.673617379884051249E-15 ) ) ;
#4202 = CARTESIAN_POINT ( 'NONE',  ( 2.550000000000000266, -1.324999999999999956, 0.1000000000000000056 ) ) ;
#4203 = ORIENTED_EDGE ( 'NONE', *, *, #7008, .T. ) ;
#4204 = EDGE_CURVE ( 'NONE', #1944, #3086, #911, .T. ) ;
#4205 = CARTESIAN_POINT ( 'NONE',  ( -0.9488880816569736920, -2.049999999999999822, 1.604009005711926950 ) ) ;
#4206 = ORIENTED_EDGE ( 'NONE', *, *, #2858, .T. ) ;
#4207 = AXIS2_PLACEMENT_3D ( 'NONE', #2879, #4007, #4537 ) ;
#4208 = ORIENTED_EDGE ( 'NONE', *, *, #6684, .F. ) ;
#4209 = ORIENTED_EDGE ( 'NONE', *, *, #6363, .T. ) ;
#4210 = CYLINDRICAL_SURFACE ( 'NONE', #6518, 0.05000000000000002359 ) ;
#4211 = CARTESIAN_POINT ( 'NONE',  ( 2.050000000000000266, -2.050000000000000266, 2.000000000000000000 ) ) ;
#4212 = FACE_OUTER_BOUND ( 'NONE', #7085, .T. ) ;
#4213 = VERTEX_POINT ( 'NONE', #5462 ) ;
#4214 = EDGE_CURVE ( 'NONE', #3413, #2465, #3363, .T. ) ;
#4215 = ORIENTED_EDGE ( 'NONE', *, *, #775, .F. ) ;
#4216 = EDGE_CURVE ( 'NONE', #4485, #3796, #5994, .T. ) ;
#4217 = AXIS2_PLACEMENT_3D ( 'NONE', #6625, #1498, #372 ) ;
#4218 = DIRECTION ( 'NONE',  ( -1.000000000000000000, 0.000000000000000000, 0.000000000000000000 ) ) ;
#4219 = ADVANCED_FACE ( 'NONE', ( #3377 ), #946, .T. ) ;
#4220 = VERTEX_POINT ( 'NONE', #2910 ) ;
#4221 = FACE_OUTER_BOUND ( 'NONE', #7184, .T. ) ;
#4222 = PLANE ( 'NONE',  #6338 ) ;
#4223 = LINE ( 'NONE', #961, #6801 ) ;
#4224 = ORIENTED_EDGE ( 'NONE', *, *, #347, .T. ) ;
#4225 = CARTESIAN_POINT ( 'NONE',  ( -2.550000000000000266, -2.168404344971009854E-16, 1.800000000000000044 ) ) ;
#4226 = EDGE_CURVE ( 'NONE', #6201, #630, #1092, .T. ) ;
#4227 = DIRECTION ( 'NONE',  ( 0.000000000000000000, 0.000000000000000000, 1.000000000000000000 ) ) ;
#4228 = ORIENTED_EDGE ( 'NONE', *, *, #2601, .T. ) ;
#4229 = DIRECTION ( 'NONE',  ( -0.3473143558235926021, 0.000000000000000000, -0.9377487607237040557 ) ) ;
#4230 = VERTEX_POINT ( 'NONE', #6890 ) ;
#4231 = ORIENTED_EDGE ( 'NONE', *, *, #6659, .T. ) ;
#4232 = VERTEX_POINT ( 'NONE', #4039 ) ;
#4233 = EDGE_CURVE ( 'NONE', #3796, #6262, #5857, .T. ) ;
#4234 = DIRECTION ( 'NONE',  ( 0.000000000000000000, 0.000000000000000000, 1.000000000000000000 ) ) ;
#4235 = DIRECTION ( 'NONE',  ( -1.000000000000000000, 0.000000000000000000, 0.000000000000000000 ) ) ;
#4236 = ADVANCED_FACE ( 'NONE', ( #5946 ), #220, .F. ) ;
#4237 = DIRECTION ( 'NONE',  ( 0.000000000000000000, -1.000000000000000000, 0.000000000000000000 ) ) ;
#4238 = DIRECTION ( 'NONE',  ( 0.000000000000000000, 0.000000000000000000, 1.000000000000000000 ) ) ;
#4239 = CARTESIAN_POINT ( 'NONE',  ( -2.750000000000000000, -0.2000000000000000111, -1.149999999999999911 ) ) ;
#4240 = FACE_BOUND ( 'NONE', #6690, .T. ) ;
#4241 = ORIENTED_EDGE ( 'NONE', *, *, #2196, .F. ) ;
#4242 = ORIENTED_EDGE ( 'NONE', *, *, #5914, .T. ) ;
#4243 = EDGE_CURVE ( 'NONE', #2047, #6743, #5773, .T. ) ;
#4244 = EDGE_LOOP ( 'NONE', ( #6331, #1197, #5924, #6073, #6084 ) ) ;
#4245 = ORIENTED_EDGE ( 'NONE', *, *, #959, .F. ) ;
#4246 = DIRECTION ( 'NONE',  ( 0.05941309073766349452, -0.9982334820316327573, 0.000000000000000000 ) ) ;
#4247 = EDGE_CURVE ( 'NONE', #6062, #4840, #968, .T. ) ;
#4248 = CARTESIAN_POINT ( 'NONE',  ( 1.011436044376996968, -2.050000000000001599, 1.635478130682397779 ) ) ;
#4249 = APPLICATION_CONTEXT ( 'automotive_design' ) ;
#4250 = DIRECTION ( 'NONE',  ( 0.000000000000000000, 1.000000000000000000, -2.168404344971010101E-16 ) ) ;
#4251 = DIRECTION ( 'NONE',  ( -1.000000000000000000, 0.000000000000000000, 0.000000000000000000 ) ) ;
#4252 = ORIENTED_EDGE ( 'NONE', *, *, #4690, .F. ) ;
#4253 = AXIS2_PLACEMENT_3D ( 'NONE', #500, #4109, #4066 ) ;
#4254 = EDGE_CURVE ( 'NONE', #2582, #7018, #3512, .T. ) ;
#4255 = ORIENTED_EDGE ( 'NONE', *, *, #1594, .F. ) ;
#4256 = AXIS2_PLACEMENT_3D ( 'NONE', #3263, #4991, #1580 ) ;
#4257 = ORIENTED_EDGE ( 'NONE', *, *, #6792, .F. ) ;
#4258 = ORIENTED_EDGE ( 'NONE', *, *, #5113, .F. ) ;
#4259 = CIRCLE ( 'NONE', #6059, 0.2000000000000000389 ) ;
#4260 = PLANE ( 'NONE',  #6967 ) ;
#4261 = CARTESIAN_POINT ( 'NONE',  ( 2.750000000000000000, -0.5000000000000000000, 0.9499999999999999556 ) ) ;
#4262 = DIRECTION ( 'NONE',  ( 0.000000000000000000, 1.000000000000000000, 0.000000000000000000 ) ) ;
#4263 = LINE ( 'NONE', #4126, #6774 ) ;
#4264 = EDGE_CURVE ( 'NONE', #3048, #4812, #3423, .T. ) ;
#4265 = FACE_OUTER_BOUND ( 'NONE', #3350, .T. ) ;
#4266 = EDGE_LOOP ( 'NONE', ( #1567, #1861, #6790, #3572 ) ) ;
#4267 = ORIENTED_EDGE ( 'NONE', *, *, #4896, .T. ) ;
#4268 = DIRECTION ( 'NONE',  ( 0.5000000000000017764, 0.8660254037844375974, 0.000000000000000000 ) ) ;
#4269 = ORIENTED_EDGE ( 'NONE', *, *, #3802, .T. ) ;
#4270 = ORIENTED_EDGE ( 'NONE', *, *, #3650, .F. ) ;
#4271 = CARTESIAN_POINT ( 'NONE',  ( -2.550000000000000266, -2.050000000000000266, 2.000000000000000000 ) ) ;
#4272 = ORIENTED_EDGE ( 'NONE', *, *, #4247, .T. ) ;
#4273 = DIRECTION ( 'NONE',  ( 0.000000000000000000, 4.336808689942014847E-19, -1.000000000000000000 ) ) ;
#4274 = CIRCLE ( 'NONE', #4545, 0.4400000000000000022 ) ;
#4275 = ADVANCED_BREP_SHAPE_REPRESENTATION ( '', ( #5019, #6259, #4153, #987, #6791, #229 ), #5380 ) ;
#4276 = CARTESIAN_POINT ( 'NONE',  ( -2.449999999999999734, -0.09000000000000871192, -0.1524999999999999967 ) ) ;
#4277 = FACE_OUTER_BOUND ( 'NONE', #638, .T. ) ;
#4278 = DIRECTION ( 'NONE',  ( 1.000000000000000000, 6.101831366007240336E-19, 0.000000000000000000 ) ) ;
#4279 = ORIENTED_EDGE ( 'NONE', *, *, #4226, .F. ) ;
#4280 = FILL_AREA_STYLE ('',( #6392 ) ) ;
#4281 = ORIENTED_EDGE ( 'NONE', *, *, #92, .T. ) ;
#4282 = CARTESIAN_POINT ( 'NONE',  ( 2.100000000000000089, -0.5742640687119289211, -1.324999999999999956 ) ) ;
#4283 = EDGE_LOOP ( 'NONE', ( #6681, #22, #825, #5119 ) ) ;
#4284 = ORIENTED_EDGE ( 'NONE', *, *, #998, .T. ) ;
#4285 = DIRECTION ( 'NONE',  ( 0.000000000000000000, 0.000000000000000000, 1.000000000000000000 ) ) ;
#4286 = AXIS2_PLACEMENT_3D ( 'NONE', #6506, #1531, #260 ) ;
#4287 = LINE ( 'NONE', #3543, #1695 ) ;
#4288 = DIRECTION ( 'NONE',  ( -3.492091521979735616E-15, 1.000000000000000000, 0.000000000000000000 ) ) ;
#4289 = CARTESIAN_POINT ( 'NONE',  ( -2.600000000000000089, -0.1499999999999999944, 1.800000000000000044 ) ) ;
#4290 = CARTESIAN_POINT ( 'NONE',  ( -2.419999999999999929, -1.534999999999999920, 0.1000000000000000056 ) ) ;
#4291 = DIRECTION ( 'NONE',  ( 0.000000000000000000, 1.000000000000000000, 0.000000000000000000 ) ) ;
#4292 = FACE_OUTER_BOUND ( 'NONE', #6588, .T. ) ;
#4293 = VECTOR ( 'NONE', #5835, 1000.000000000000000 ) ;
#4294 = ORIENTED_EDGE ( 'NONE', *, *, #1223, .T. ) ;
#4295 = ORIENTED_EDGE ( 'NONE', *, *, #7162, .T. ) ;
#4296 = VERTEX_POINT ( 'NONE', #4721 ) ;
#4297 = ORIENTED_EDGE ( 'NONE', *, *, #618, .F. ) ;
#4298 = ORIENTED_EDGE ( 'NONE', *, *, #2858, .F. ) ;
#4299 = VERTEX_POINT ( 'NONE', #5852 ) ;
#4300 = AXIS2_PLACEMENT_3D ( 'NONE', #921, #4765, #4227 ) ;
#4301 = PLANE ( 'NONE',  #7341 ) ;
#4302 = CARTESIAN_POINT ( 'NONE',  ( -2.550000000000000266, -0.2000000000000000111, 1.800000000000000044 ) ) ;
#4303 = ADVANCED_FACE ( 'NONE', ( #3488 ), #5889, .T. ) ;
#4304 = EDGE_CURVE ( 'NONE', #4390, #5576, #844, .T. ) ;
#4305 = AXIS2_PLACEMENT_3D ( 'NONE', #2923, #5819, #1806 ) ;
#4306 = FACE_OUTER_BOUND ( 'NONE', #5040, .T. ) ;
#4307 = CARTESIAN_POINT ( 'NONE',  ( -2.449999999999999734, -0.09000000000000871192, -0.1524999999999999967 ) ) ;
#4308 = ORIENTED_EDGE ( 'NONE', *, *, #5484, .T. ) ;
#4309 = ORIENTED_EDGE ( 'NONE', *, *, #3156, .T. ) ;
#4310 = EDGE_LOOP ( 'NONE', ( #1609, #2758, #3909, #5506, #5125 ) ) ;
#4311 = ORIENTED_EDGE ( 'NONE', *, *, #2030, .F. ) ;
#4312 = ORIENTED_EDGE ( 'NONE', *, *, #4831, .F. ) ;
#4313 = CARTESIAN_POINT ( 'NONE',  ( -2.419999999999999929, -0.5000000000000000000, -0.2999999999999999889 ) ) ;
#4314 = EDGE_CURVE ( 'NONE', #1033, #1538, #5921, .T. ) ;
#4315 = DIRECTION ( 'NONE',  ( 1.000000000000000000, 0.000000000000000000, 0.000000000000000000 ) ) ;
#4316 =( BOUNDED_CURVE ( )  B_SPLINE_CURVE ( 3, ( #935, #3739, #267, #2707 ),
 .UNSPECIFIED., .F., .F. ) 
 B_SPLINE_CURVE_WITH_KNOTS ( ( 4, 4 ),
 ( 2.982812438944034916, 4.105776368809995525 ),
 .UNSPECIFIED. ) 
 CURVE ( )  GEOMETRIC_REPRESENTATION_ITEM ( )  RATIONAL_B_SPLINE_CURVE ( ( 1.000000000000000000, 0.8976446544027940622, 0.8976446544027940622, 1.000000000000000000 ) ) 
 REPRESENTATION_ITEM ( '' )  );
#4317 = DIRECTION ( 'NONE',  ( 0.000000000000000000, 0.000000000000000000, 1.000000000000000000 ) ) ;
#4318 = EDGE_CURVE ( 'NONE', #4119, #704, #3500, .T. ) ;
#4319 = CIRCLE ( 'NONE', #578, 0.1499999999999999667 ) ;
#4320 = AXIS2_PLACEMENT_3D ( 'NONE', #1417, #1940, #1993 ) ;
#4321 = CIRCLE ( 'NONE', #1113, 0.04999999999999991257 ) ;
#4322 = ORIENTED_EDGE ( 'NONE', *, *, #277, .F. ) ;
#4323 = ORIENTED_EDGE ( 'NONE', *, *, #4516, .F. ) ;
#4324 = CARTESIAN_POINT ( 'NONE',  ( -2.750000000000000000, -1.392080689683685923, -1.369023336992409856 ) ) ;
#4325 = EDGE_LOOP ( 'NONE', ( #6137, #3501, #1554, #297 ) ) ;
#4326 = ORIENTED_EDGE ( 'NONE', *, *, #4335, .T. ) ;
#4327 = DIRECTION ( 'NONE',  ( 0.000000000000000000, 1.000000000000000000, 0.000000000000000000 ) ) ;
#4328 = ORIENTED_EDGE ( 'NONE', *, *, #4787, .F. ) ;
#4329 = DIRECTION ( 'NONE',  ( -1.000000000000000000, 0.000000000000000000, 0.000000000000000000 ) ) ;
#4330 = EDGE_CURVE ( 'NONE', #219, #475, #3534, .T. ) ;
#4331 = CARTESIAN_POINT ( 'NONE',  ( 2.250000000000000000, -0.5000000000000000000, -0.2999999999999999889 ) ) ;
#4332 = FACE_OUTER_BOUND ( 'NONE', #4842, .T. ) ;
#4333 = CARTESIAN_POINT ( 'NONE',  ( 2.600000000000000089, -1.564718210309564927, -1.270000000000000018 ) ) ;
#4334 = LINE ( 'NONE', #1991, #4123 ) ;
#4335 = EDGE_CURVE ( 'NONE', #3496, #7249, #3524, .T. ) ;
#4336 = ORIENTED_EDGE ( 'NONE', *, *, #2472, .T. ) ;
#4337 = DIRECTION ( 'NONE',  ( 0.000000000000000000, 0.000000000000000000, 1.000000000000000000 ) ) ;
#4338 = ORIENTED_EDGE ( 'NONE', *, *, #3023, .T. ) ;
#4339 = DIRECTION ( 'NONE',  ( 2.891205793294679017E-15, 0.000000000000000000, -1.000000000000000000 ) ) ;
#4340 = DIRECTION ( 'NONE',  ( -1.000000000000000000, -6.101831366007240336E-19, 0.000000000000000000 ) ) ;
#4341 = VERTEX_POINT ( 'NONE', #6592 ) ;
#4342 = EDGE_CURVE ( 'NONE', #6517, #6399, #5983, .T. ) ;
#4343 = CARTESIAN_POINT ( 'NONE',  ( 2.050000000000000266, -2.050000000000000266, -2.500000000000000000 ) ) ;
#4344 = DIRECTION ( 'NONE',  ( 1.000000000000000000, 6.101831366007370336E-19, 0.000000000000000000 ) ) ;
#4345 = DIRECTION ( 'NONE',  ( 1.000000000000000000, 6.101831366007240336E-19, 1.734723475976804976E-18 ) ) ;
#4346 = CARTESIAN_POINT ( 'NONE',  ( -2.540662314108554920, -2.000000000000000000, -0.8747882480931009619 ) ) ;
#4347 = LINE ( 'NONE', #6382, #1814 ) ;
#4348 = ORIENTED_EDGE ( 'NONE', *, *, #7274, .F. ) ;
#4349 = ORIENTED_EDGE ( 'NONE', *, *, #1236, .F. ) ;
#4350 = EDGE_CURVE ( 'NONE', #6779, #3703, #1081, .T. ) ;
#4351 = ORIENTED_EDGE ( 'NONE', *, *, #3833, .T. ) ;
#4352 = ORIENTED_EDGE ( 'NONE', *, *, #1696, .T. ) ;
#4353 = PRODUCT ( 'ETQP3M100KVP', 'ETQP3M100KVP', '', ( #1977 ) ) ;
#4354 = ORIENTED_EDGE ( 'NONE', *, *, #2987, .F. ) ;
#4355 = ORIENTED_EDGE ( 'NONE', *, *, #4304, .T. ) ;
#4356 = DIRECTION ( 'NONE',  ( 3.491481338843135327E-15, 1.000000000000000000, 0.000000000000000000 ) ) ;
#4357 = EDGE_CURVE ( 'NONE', #6708, #2251, #1186, .T. ) ;
#4358 = CARTESIAN_POINT ( 'NONE',  ( 2.550000000000000266, -3.861077027627485059, 0.9000000000000000222 ) ) ;
#4359 =( LENGTH_UNIT ( ) NAMED_UNIT ( * ) SI_UNIT ( .MILLI., .METRE. ) );
#4360 = AXIS2_PLACEMENT_3D ( 'NONE', #6, #4564, #2182 ) ;
#4361 = CARTESIAN_POINT ( 'NONE',  ( -2.750000000000000000, -0.2999999999999999889, 0.9499999999999999556 ) ) ;
#4362 = VECTOR ( 'NONE', #2941, 1000.000000000000000 ) ;
#4363 = LINE ( 'NONE', #3746, #1916 ) ;
#4364 = ORIENTED_EDGE ( 'NONE', *, *, #1968, .F. ) ;
#4365 = EDGE_CURVE ( 'NONE', #5861, #3175, #3607, .T. ) ;
#4366 = ORIENTED_EDGE ( 'NONE', *, *, #6927, .T. ) ;
#4367 = AXIS2_PLACEMENT_3D ( 'NONE', #585, #6701, #1069 ) ;
#4368 = EDGE_LOOP ( 'NONE', ( #7130, #5694, #4412, #13 ) ) ;
#4369 = VERTEX_POINT ( 'NONE', #1996 ) ;
#4370 = DIRECTION ( 'NONE',  ( 0.000000000000000000, 0.000000000000000000, 1.000000000000000000 ) ) ;
#4371 = ADVANCED_FACE ( 'NONE', ( #6030 ), #6187, .T. ) ;
#4372 = DIRECTION ( 'NONE',  ( -1.734723475976804976E-18, -4.336808689942014847E-19, 1.000000000000000000 ) ) ;
#4373 = DIRECTION ( 'NONE',  ( 2.409338161078905097E-15, 1.000000000000000000, 0.000000000000000000 ) ) ;
#4374 = AXIS2_PLACEMENT_3D ( 'NONE', #4307, #6161, #3322 ) ;
#4375 = LINE ( 'NONE', #4458, #1799 ) ;
#4376 = VERTEX_POINT ( 'NONE', #2092 ) ;
#4377 = CARTESIAN_POINT ( 'NONE',  ( 2.750000000000000000, -0.2000000000000000111, -1.800000000000000044 ) ) ;
#4378 = DIRECTION ( 'NONE',  ( 1.734723475976804783E-18, 1.058499011706437396E-36, -1.000000000000000000 ) ) ;
#4379 = ORIENTED_EDGE ( 'NONE', *, *, #5270, .T. ) ;
#4380 = CARTESIAN_POINT ( 'NONE',  ( 1.965380592228744838, -0.1499999999999999944, 1.800000000000000044 ) ) ;
#4381 = EDGE_LOOP ( 'NONE', ( #4951, #247, #4981, #5156 ) ) ;
#4382 = DIRECTION ( 'NONE',  ( 0.4999999999999998890, -0.8660254037844387076, 0.000000000000000000 ) ) ;
#4383 = PLANE ( 'NONE',  #854 ) ;
#4384 = FACE_OUTER_BOUND ( 'NONE', #6529, .T. ) ;
#4385 = LINE ( 'NONE', #1826, #6845 ) ;
#4386 = ORIENTED_EDGE ( 'NONE', *, *, #5791, .T. ) ;
#4387 = EDGE_LOOP ( 'NONE', ( #6459, #2474, #3979, #6541 ) ) ;
#4388 = EDGE_CURVE ( 'NONE', #3796, #3446, #1326, .T. ) ;
#4389 = ORIENTED_EDGE ( 'NONE', *, *, #2828, .F. ) ;
#4390 = VERTEX_POINT ( 'NONE', #6437 ) ;
#4391 = CARTESIAN_POINT ( 'NONE',  ( 1.050000000000000044, -2.050000000000000266, -1.657735026918965016 ) ) ;
#4392 = CARTESIAN_POINT ( 'NONE',  ( 2.550000000000000266, -2.000000000000000000, -0.9268854014666360053 ) ) ;
#4393 = CARTESIAN_POINT ( 'NONE',  ( 2.750000000000000000, -2.160000000000000142, -1.800000000000000044 ) ) ;
#4394 = DIRECTION ( 'NONE',  ( -1.000000000000000000, -6.101831366007240336E-19, -1.734723475976804976E-18 ) ) ;
#4395 = LINE ( 'NONE', #815, #6711 ) ;
#4396 = VECTOR ( 'NONE', #4601, 1000.000000000000000 ) ;
#4397 = ORIENTED_EDGE ( 'NONE', *, *, #4022, .T. ) ;
#4398 = AXIS2_PLACEMENT_3D ( 'NONE', #1899, #5340, #5896 ) ;
#4399 = ADVANCED_FACE ( 'NONE', ( #6005 ), #6017, .F. ) ;
#4400 = ORIENTED_EDGE ( 'NONE', *, *, #2401, .T. ) ;
#4401 = VERTEX_POINT ( 'NONE', #5524 ) ;
#4402 = EDGE_CURVE ( 'NONE', #1296, #5883, #3622, .T. ) ;
#4403 = AXIS2_PLACEMENT_3D ( 'NONE', #7132, #1120, #4634 ) ;
#4404 = ORIENTED_EDGE ( 'NONE', *, *, #2148, .T. ) ;
#4405 = VERTEX_POINT ( 'NONE', #3811 ) ;
#4406 = PLANE ( 'NONE',  #4256 ) ;
#4407 =( NAMED_UNIT ( * ) SI_UNIT ( $, .STERADIAN. ) SOLID_ANGLE_UNIT ( ) );
#4408 = AXIS2_PLACEMENT_3D ( 'NONE', #1318, #177, #3647 ) ;
#4409 = CARTESIAN_POINT ( 'NONE',  ( 2.550000000000000266, -1.959999999999999964, 1.270000000000000018 ) ) ;
#4410 = VECTOR ( 'NONE', #3359, 1000.000000000000000 ) ;
#4411 = CYLINDRICAL_SURFACE ( 'NONE', #858, 0.2000000000000000944 ) ;
#4412 = ORIENTED_EDGE ( 'NONE', *, *, #1143, .F. ) ;
#4413 = ORIENTED_EDGE ( 'NONE', *, *, #5662, .F. ) ;
#4414 = EDGE_CURVE ( 'NONE', #6810, #5637, #1294, .T. ) ;
#4415 = ORIENTED_EDGE ( 'NONE', *, *, #1253, .T. ) ;
#4416 = ADVANCED_FACE ( 'NONE', ( #3725 ), #5328, .T. ) ;
#4417 = ORIENTED_EDGE ( 'NONE', *, *, #1070, .T. ) ;
#4418 = EDGE_CURVE ( 'NONE', #7096, #4890, #1106, .T. ) ;
#4419 = DIRECTION ( 'NONE',  ( 0.000000000000000000, -1.000000000000000000, 0.000000000000000000 ) ) ;
#4420 = CARTESIAN_POINT ( 'NONE',  ( 2.449999999999999734, -0.3000000000000089817, 0.1524999999999999967 ) ) ;
#4421 = DIRECTION ( 'NONE',  ( -0.7071067811865470176, -7.381233169927237925E-19, 0.7071067811865480168 ) ) ;
#4422 = LINE ( 'NONE', #4009, #4151 ) ;
#4423 = CARTESIAN_POINT ( 'NONE',  ( 1.750000000000000000, 0.7399999999999999911, 1.949999999999999956 ) ) ;
#4424 = CIRCLE ( 'NONE', #1295, 0.2000000000000000944 ) ;
#4425 = VECTOR ( 'NONE', #1367, 1000.000000000000000 ) ;
#4426 = DIRECTION ( 'NONE',  ( -1.000000000000000000, -6.101831366007240336E-19, 0.000000000000000000 ) ) ;
#4427 = ORIENTED_EDGE ( 'NONE', *, *, #3563, .T. ) ;
#4428 = EDGE_CURVE ( 'NONE', #6399, #6285, #1315, .T. ) ;
#4429 = ORIENTED_EDGE ( 'NONE', *, *, #1837, .T. ) ;
#4430 = CARTESIAN_POINT ( 'NONE',  ( -1.894092698519769913, -1.537662853288620068, -1.333069523889822028 ) ) ;
#4431 = ORIENTED_EDGE ( 'NONE', *, *, #3727, .T. ) ;
#4432 = CARTESIAN_POINT ( 'NONE',  ( 2.620000000000000107, 0.4227724399837060054, -0.2999999999999999889 ) ) ;
#4433 = EDGE_CURVE ( 'NONE', #7080, #4692, #1195, .T. ) ;
#4434 = AXIS2_PLACEMENT_3D ( 'NONE', #722, #7036, #7136 ) ;
#4435 = FACE_OUTER_BOUND ( 'NONE', #5643, .T. ) ;
#4436 = FACE_OUTER_BOUND ( 'NONE', #1785, .T. ) ;
#4437 = VERTEX_POINT ( 'NONE', #382 ) ;
#4438 = EDGE_CURVE ( 'NONE', #353, #4135, #3586, .T. ) ;
#4439 = DIRECTION ( 'NONE',  ( 1.000000000000000000, 0.000000000000000000, 1.734723475976804976E-18 ) ) ;
#4440 = ORIENTED_EDGE ( 'NONE', *, *, #2406, .F. ) ;
#4441 = CARTESIAN_POINT ( 'NONE',  ( 2.750000000000000000, -1.564718210309564927, -1.270000000000000018 ) ) ;
#4442 = VERTEX_POINT ( 'NONE', #3185 ) ;
#4443 = CARTESIAN_POINT ( 'NONE',  ( 0.9366025403784413728, -2.050000000000000266, -1.633423233636096761 ) ) ;
#4444 = DIRECTION ( 'NONE',  ( 0.000000000000000000, 0.000000000000000000, 1.000000000000000000 ) ) ;
#4445 = CIRCLE ( 'NONE', #6190, 0.2000000000000000944 ) ;
#4446 = CARTESIAN_POINT ( 'NONE',  ( -1.207690296114372064, -2.168404344971009854E-16, -1.042309703885625938 ) ) ;
#4447 = DIRECTION ( 'NONE',  ( -1.000000000000000000, 0.000000000000000000, 0.000000000000000000 ) ) ;
#4448 = DIRECTION ( 'NONE',  ( -6.101831366007370336E-19, 1.000000000000000000, 4.336808689942019662E-19 ) ) ;
#4449 = CIRCLE ( 'NONE', #4757, 0.2000000000000000944 ) ;
#4450 = CIRCLE ( 'NONE', #2145, 0.05000000000000014155 ) ;
#4451 = ORIENTED_EDGE ( 'NONE', *, *, #1421, .T. ) ;
#4452 = EDGE_CURVE ( 'NONE', #5421, #531, #6082, .T. ) ;
#4453 = ORIENTED_EDGE ( 'NONE', *, *, #6819, .F. ) ;
#4454 = ORIENTED_EDGE ( 'NONE', *, *, #807, .T. ) ;
#4455 = CARTESIAN_POINT ( 'NONE',  ( -2.750000000000000000, -2.160000000000000142, 1.800000000000000044 ) ) ;
#4456 = DIRECTION ( 'NONE',  ( -6.101831366007370336E-19, 1.000000000000000000, 4.336808689942019662E-19 ) ) ;
#4457 = DIRECTION ( 'NONE',  ( -1.000000000000000000, 0.000000000000000000, 0.000000000000000000 ) ) ;
#4458 = CARTESIAN_POINT ( 'NONE',  ( -1.750000000000000000, -2.160000000000000142, 1.800000000000000044 ) ) ;
#4459 = DIRECTION ( 'NONE',  ( 0.000000000000000000, -4.336808689942014847E-19, 1.000000000000000000 ) ) ;
#4460 = FACE_OUTER_BOUND ( 'NONE', #4637, .T. ) ;
#4461 = CYLINDRICAL_SURFACE ( 'NONE', #6871, 0.1999999999999999833 ) ;
#4462 = ORIENTED_EDGE ( 'NONE', *, *, #5422, .T. ) ;
#4463 = ADVANCED_FACE ( 'NONE', ( #1132 ), #1283, .F. ) ;
#4464 = DIRECTION ( 'NONE',  ( 0.000000000000000000, 0.000000000000000000, -1.000000000000000000 ) ) ;
#4465 = VERTEX_POINT ( 'NONE', #956 ) ;
#4466 = VERTEX_POINT ( 'NONE', #4380 ) ;
#4467 = CARTESIAN_POINT ( 'NONE',  ( 2.100000000000000089, -2.169054866274500072E-16, -1.324999999999999956 ) ) ;
#4468 = DIRECTION ( 'NONE',  ( -6.101831366007370336E-19, 1.000000000000000000, 4.336808689942019662E-19 ) ) ;
#4469 = CIRCLE ( 'NONE', #1012, 0.2999999999999999334 ) ;
#4470 = DIRECTION ( 'NONE',  ( 1.000000000000000000, 0.000000000000000000, 0.000000000000000000 ) ) ;
#4471 = TOROIDAL_SURFACE ( 'NONE', #5390, 0.4500000000000000111, 0.05000000000000000278 ) ;
#4472 = LINE ( 'NONE', #3733, #18 ) ;
#4473 = CARTESIAN_POINT ( 'NONE',  ( 2.050000000000000266, -2.050000000000000266, -2.000000000000000000 ) ) ;
#4474 = ORIENTED_EDGE ( 'NONE', *, *, #2406, .T. ) ;
#4475 = EDGE_LOOP ( 'NONE', ( #3291, #2207, #43, #7364 ) ) ;
#4476 = PLANE ( 'NONE',  #1060 ) ;
#4477 = ADVANCED_FACE ( 'NONE', ( #3778 ), #4964, .F. ) ;
#4478 = ORIENTED_EDGE ( 'NONE', *, *, #4068, .T. ) ;
#4479 = DIRECTION ( 'NONE',  ( 0.000000000000000000, 0.000000000000000000, -1.000000000000000000 ) ) ;
#4480 = EDGE_CURVE ( 'NONE', #1354, #1380, #3738, .T. ) ;
#4481 = FACE_OUTER_BOUND ( 'NONE', #3961, .T. ) ;
#4482 = ORIENTED_EDGE ( 'NONE', *, *, #4708, .T. ) ;
#4483 = ORIENTED_EDGE ( 'NONE', *, *, #4418, .T. ) ;
#4484 = ORIENTED_EDGE ( 'NONE', *, *, #106, .T. ) ;
#4485 = VERTEX_POINT ( 'NONE', #7325 ) ;
#4486 = AXIS2_PLACEMENT_3D ( 'NONE', #5201, #2231, #5293 ) ;
#4487 = DIRECTION ( 'NONE',  ( 0.000000000000000000, 0.000000000000000000, -1.000000000000000000 ) ) ;
#4488 = VECTOR ( 'NONE', #100, 1000.000000000000000 ) ;
#4489 = CARTESIAN_POINT ( 'NONE',  ( 2.600000000000000089, -0.2999999999999999889, -0.9499999999999999556 ) ) ;
#4490 = EDGE_CURVE ( 'NONE', #7014, #5753, #1119, .T. ) ;
#4491 = DIRECTION ( 'NONE',  ( 0.000000000000000000, -2.710505431213760099E-16, -1.000000000000000000 ) ) ;
#4492 = AXIS2_PLACEMENT_3D ( 'NONE', #6064, #1492, #2119 ) ;
#4493 = VECTOR ( 'NONE', #4639, 1000.000000000000000 ) ;
#4494 = EDGE_LOOP ( 'NONE', ( #4196, #2840, #5648, #4550 ) ) ;
#4495 = AXIS2_PLACEMENT_3D ( 'NONE', #2499, #3617, #5339 ) ;
#4496 = CARTESIAN_POINT ( 'NONE',  ( -1.870190296114370154, -0.1499999999999999944, -1.704809703885624916 ) ) ;
#4497 = ORIENTED_EDGE ( 'NONE', *, *, #2498, .T. ) ;
#4498 = CARTESIAN_POINT ( 'NONE',  ( -2.600000000000000089, -1.959999999999999964, -1.270000000000000018 ) ) ;
#4499 = DIRECTION ( 'NONE',  ( 0.000000000000000000, 0.000000000000000000, 1.000000000000000000 ) ) ;
#4500 = CARTESIAN_POINT ( 'NONE',  ( -2.605999999999999872, -1.572999999999999954, -0.1000000000000000056 ) ) ;
#4501 = CARTESIAN_POINT ( 'NONE',  ( -2.350000000000000089, 0.000000000000000000, 0.3331145985333605619 ) ) ;
#4502 = VECTOR ( 'NONE', #3236, 1000.000000000000000 ) ;
#4503 = CARTESIAN_POINT ( 'NONE',  ( 2.249141503005307463, -2.009150632599042474, 1.605283120194310964 ) ) ;
#4504 = LINE ( 'NONE', #1796, #4556 ) ;
#4505 = EDGE_CURVE ( 'NONE', #6159, #4376, #3562, .T. ) ;
#4506 = DIRECTION ( 'NONE',  ( 1.734723475976804976E-18, 4.336808689942014847E-19, -1.000000000000000000 ) ) ;
#4507 = EDGE_LOOP ( 'NONE', ( #4242, #1079, #3217, #6014, #1053, #6835 ) ) ;
#4508 = VERTEX_POINT ( 'NONE', #1600 ) ;
#4509 = CARTESIAN_POINT ( 'NONE',  ( -2.550000000000000266, -2.000000000000000000, 1.571132486540520068 ) ) ;
#4510 = CIRCLE ( 'NONE', #6133, 0.2000000000000000111 ) ;
#4511 = DIRECTION ( 'NONE',  ( 0.000000000000000000, -4.336808689942014847E-19, 1.000000000000000000 ) ) ;
#4512 = EDGE_CURVE ( 'NONE', #353, #2452, #3709, .T. ) ;
#4513 = DIRECTION ( 'NONE',  ( 0.000000000000000000, 0.000000000000000000, 1.000000000000000000 ) ) ;
#4514 = CIRCLE ( 'NONE', #490, 0.2000000000000000944 ) ;
#4515 = ADVANCED_FACE ( 'NONE', ( #6220, #1210 ), #6840, .F. ) ;
#4516 = EDGE_CURVE ( 'NONE', #3923, #3686, #6126, .T. ) ;
#4517 = CARTESIAN_POINT ( 'NONE',  ( -2.550000000000000266, -0.1499999999999999944, -1.800000000000000044 ) ) ;
#4518 = VERTEX_POINT ( 'NONE', #5616 ) ;
#4519 = VERTEX_POINT ( 'NONE', #60 ) ;
#4520 = DIRECTION ( 'NONE',  ( -0.8320502943378470517, 0.4803844614152570358, 0.2773500981126124643 ) ) ;
#4521 = ORIENTED_EDGE ( 'NONE', *, *, #369, .T. ) ;
#4522 = CARTESIAN_POINT ( 'NONE',  ( -2.620000000000000107, -0.5000000000000000000, -0.2999999999999999889 ) ) ;
#4523 = EDGE_CURVE ( 'NONE', #4760, #4929, #6041, .T. ) ;
#4524 = VERTEX_POINT ( 'NONE', #2868 ) ;
#4525 = ORIENTED_EDGE ( 'NONE', *, *, #2018, .F. ) ;
#4526 = VECTOR ( 'NONE', #3335, 1000.000000000000000 ) ;
#4527 = AXIS2_PLACEMENT_3D ( 'NONE', #5060, #290, #342 ) ;
#4528 = AXIS2_PLACEMENT_3D ( 'NONE', #1153, #4421, #160 ) ;
#4529 = VECTOR ( 'NONE', #4727, 1000.000000000000000 ) ;
#4530 = DIRECTION ( 'NONE',  ( -1.000000000000000000, -6.101831366007240336E-19, 0.000000000000000000 ) ) ;
#4531 = CARTESIAN_POINT ( 'NONE',  ( -2.750000000000000000, -1.283000000000000140, 0.1524999999999999967 ) ) ;
#4532 = VERTEX_POINT ( 'NONE', #3383 ) ;
#4533 = CARTESIAN_POINT ( 'NONE',  ( 2.419999999999999929, -0.4500000000000000111, 0.2500000000000000000 ) ) ;
#4534 = ADVANCED_FACE ( 'NONE', ( #1304 ), #4476, .F. ) ;
#4535 = ORIENTED_EDGE ( 'NONE', *, *, #3816, .F. ) ;
#4536 = CARTESIAN_POINT ( 'NONE',  ( -2.600000000000000089, -0.1499999999999999944, -1.149999999999999911 ) ) ;
#4537 = DIRECTION ( 'NONE',  ( 1.000000000000000000, 0.000000000000000000, 0.000000000000000000 ) ) ;
#4538 = EDGE_CURVE ( 'NONE', #1891, #1920, #1335, .T. ) ;
#4539 = DIRECTION ( 'NONE',  ( 0.000000000000000000, -1.000000000000000000, -1.777380610631974753E-16 ) ) ;
#4540 = ORIENTED_EDGE ( 'NONE', *, *, #2120, .F. ) ;
#4541 = EDGE_CURVE ( 'NONE', #291, #7298, #6136, .T. ) ;
#4542 = CARTESIAN_POINT ( 'NONE',  ( -2.500000000000000000, -3.861077027627485059, -0.3331145985333605619 ) ) ;
#4543 = CARTESIAN_POINT ( 'NONE',  ( -2.250000000000004441, -1.999999999999997780, 1.571098492380589962 ) ) ;
#4544 = DIRECTION ( 'NONE',  ( 0.000000000000000000, 4.336808689941541068E-19, -1.000000000000000000 ) ) ;
#4545 = AXIS2_PLACEMENT_3D ( 'NONE', #1677, #510, #5697 ) ;
#4546 = LINE ( 'NONE', #774, #7051 ) ;
#4547 = AXIS2_PLACEMENT_3D ( 'NONE', #3485, #4191, #4671 ) ;
#4548 = ORIENTED_EDGE ( 'NONE', *, *, #2107, .F. ) ;
#4549 = DIRECTION ( 'NONE',  ( 0.000000000000000000, 0.000000000000000000, -1.000000000000000000 ) ) ;
#4550 = ORIENTED_EDGE ( 'NONE', *, *, #7145, .F. ) ;
#4551 = CARTESIAN_POINT ( 'NONE',  ( 2.750000000000000000, -1.959999999999999964, -1.800000000000000044 ) ) ;
#4552 = ORIENTED_EDGE ( 'NONE', *, *, #4076, .T. ) ;
#4553 = CARTESIAN_POINT ( 'NONE',  ( 2.550000000000000266, 0.4227724399837060054, -0.5400000000000000355 ) ) ;
#4554 = FACE_OUTER_BOUND ( 'NONE', #1416, .T. ) ;
#4555 = CARTESIAN_POINT ( 'NONE',  ( 2.249685491090621881, -1.999999997253067541, 1.589433752106619524 ) ) ;
#4556 = VECTOR ( 'NONE', #5909, 1000.000000000000000 ) ;
#4557 = DIRECTION ( 'NONE',  ( -1.000000000000000000, 0.000000000000000000, 0.000000000000000000 ) ) ;
#4558 = ORIENTED_EDGE ( 'NONE', *, *, #165, .T. ) ;
#4559 = EDGE_LOOP ( 'NONE', ( #1724, #3138, #4241, #888 ) ) ;
#4560 = DIRECTION ( 'NONE',  ( 1.000000000000000000, 0.000000000000000000, 0.000000000000000000 ) ) ;
#4561 = DIRECTION ( 'NONE',  ( 0.000000000000000000, 0.000000000000000000, -1.000000000000000000 ) ) ;
#4562 = EDGE_LOOP ( 'NONE', ( #6131, #3763, #4586, #6495 ) ) ;
#4563 = VECTOR ( 'NONE', #477, 1000.000000000000000 ) ;
#4564 = DIRECTION ( 'NONE',  ( -1.000000000000000000, 0.000000000000000000, 0.000000000000000000 ) ) ;
#4565 = DIRECTION ( 'NONE',  ( 0.000000000000000000, 2.710505431213760099E-16, 1.000000000000000000 ) ) ;
#4566 = LINE ( 'NONE', #3583, #1995 ) ;
#4567 = DIRECTION ( 'NONE',  ( 0.000000000000000000, 0.000000000000000000, 1.000000000000000000 ) ) ;
#4568 = VERTEX_POINT ( 'NONE', #4571 ) ;
#4569 = EDGE_CURVE ( 'NONE', #381, #4942, #3575, .T. ) ;
#4570 = AXIS2_PLACEMENT_3D ( 'NONE', #5206, #2955, #6839 ) ;
#4571 = CARTESIAN_POINT ( 'NONE',  ( -2.550000000000000266, -2.168404344971009854E-16, -1.800000000000000044 ) ) ;
#4572 = EDGE_LOOP ( 'NONE', ( #1020, #2364, #4879, #4404 ) ) ;
#4573 = EDGE_LOOP ( 'NONE', ( #3426, #1703, #1065, #1104 ) ) ;
#4574 = CIRCLE ( 'NONE', #7104, 0.1499999999999999667 ) ;
#4575 = ORIENTED_EDGE ( 'NONE', *, *, #5926, .F. ) ;
#4576 = ADVANCED_FACE ( 'NONE', ( #1162 ), #1247, .F. ) ;
#4577 = LINE ( 'NONE', #3557, #7114 ) ;
#4578 = DIRECTION ( 'NONE',  ( -6.101831366007370336E-19, 1.000000000000000000, 0.000000000000000000 ) ) ;
#4579 = VERTEX_POINT ( 'NONE', #4041 ) ;
#4580 = DIRECTION ( 'NONE',  ( -1.000000000000000000, 0.000000000000000000, 0.000000000000000000 ) ) ;
#4581 = EDGE_LOOP ( 'NONE', ( #5954, #940, #3361, #1848, #4366, #4338 ) ) ;
#4582 = EDGE_CURVE ( 'NONE', #3751, #4880, #6231, .T. ) ;
#4583 = CARTESIAN_POINT ( 'NONE',  ( 0.9366025403784430381, -2.000000000000000000, -1.592264973081039869 ) ) ;
#4584 = AXIS2_PLACEMENT_3D ( 'NONE', #1980, #3165, #6418 ) ;
#4585 = DIRECTION ( 'NONE',  ( 0.000000000000000000, 0.000000000000000000, 1.000000000000000000 ) ) ;
#4586 = ORIENTED_EDGE ( 'NONE', *, *, #4995, .T. ) ;
#4587 = LINE ( 'NONE', #606, #4488 ) ;
#4588 = DIRECTION ( 'NONE',  ( 0.000000000000000000, 1.000000000000000000, 0.000000000000000000 ) ) ;
#4589 = DIRECTION ( 'NONE',  ( -6.101831366007370336E-19, 1.000000000000000000, 0.000000000000000000 ) ) ;
#4590 = FACE_OUTER_BOUND ( 'NONE', #1168, .T. ) ;
#4591 = ORIENTED_EDGE ( 'NONE', *, *, #2120, .T. ) ;
#4592 = FACE_OUTER_BOUND ( 'NONE', #7109, .T. ) ;
#4593 = VERTEX_POINT ( 'NONE', #1056 ) ;
#4594 = EDGE_CURVE ( 'NONE', #4692, #1230, #3698, .T. ) ;
#4595 = DIRECTION ( 'NONE',  ( 1.000000000000000000, 6.101831366007240336E-19, 0.000000000000000000 ) ) ;
#4596 = ORIENTED_EDGE ( 'NONE', *, *, #2328, .T. ) ;
#4597 = CARTESIAN_POINT ( 'NONE',  ( 2.600000000000000089, -1.564718210309564927, 1.469999999999999973 ) ) ;
#4598 = DIRECTION ( 'NONE',  ( -6.101831366007370336E-19, 1.000000000000000000, 0.000000000000000000 ) ) ;
#4599 = EDGE_CURVE ( 'NONE', #806, #6743, #1259, .T. ) ;
#4600 = DIRECTION ( 'NONE',  ( 0.000000000000000000, 0.000000000000000000, 1.000000000000000000 ) ) ;
#4601 = DIRECTION ( 'NONE',  ( 0.000000000000000000, 1.000000000000000000, 0.000000000000000000 ) ) ;
#4602 = VECTOR ( 'NONE', #1981, 1000.000000000000000 ) ;
#4603 = CARTESIAN_POINT ( 'NONE',  ( -0.9879395023496200245, -2.039232582258230231, -1.617250503834499975 ) ) ;
#4604 = ORIENTED_EDGE ( 'NONE', *, *, #6470, .F. ) ;
#4605 = CIRCLE ( 'NONE', #4939, 0.1999999999999999833 ) ;
#4606 = CARTESIAN_POINT ( 'NONE',  ( -2.249685491090624545, -1.999999997253065320, -1.589433752106617526 ) ) ;
#4607 = EDGE_LOOP ( 'NONE', ( #5443, #4021, #4312, #2052 ) ) ;
#4608 = AXIS2_PLACEMENT_3D ( 'NONE', #3196, #2006, #1901 ) ;
#4609 = ORIENTED_EDGE ( 'NONE', *, *, #6236, .T. ) ;
#4610 = CARTESIAN_POINT ( 'NONE',  ( -2.399999999999999911, -3.861077027627485059, 0.9268854014666390029 ) ) ;
#4611 = EDGE_CURVE ( 'NONE', #2659, #7351, #6116, .T. ) ;
#4612 = VECTOR ( 'NONE', #4916, 1000.000000000000000 ) ;
#4613 = AXIS2_PLACEMENT_3D ( 'NONE', #2144, #2777, #1260 ) ;
#4614 = DIRECTION ( 'NONE',  ( 0.000000000000000000, 0.000000000000000000, 1.000000000000000000 ) ) ;
#4615 = CYLINDRICAL_SURFACE ( 'NONE', #2183, 0.3250000000000000111 ) ;
#4616 = CIRCLE ( 'NONE', #7141, 0.05000000000000002359 ) ;
#4617 = AXIS2_PLACEMENT_3D ( 'NONE', #4689, #1321, #3596 ) ;
#4618 = EDGE_CURVE ( 'NONE', #4840, #4989, #6071, .T. ) ;
#4619 = DIRECTION ( 'NONE',  ( -1.000000000000000000, 0.000000000000000000, 0.000000000000000000 ) ) ;
#4620 = VERTEX_POINT ( 'NONE', #5570 ) ;
#4621 = CARTESIAN_POINT ( 'NONE',  ( 2.550000000000000266, -2.168404344971009854E-16, -1.800000000000000044 ) ) ;
#4622 = ORIENTED_EDGE ( 'NONE', *, *, #6780, .F. ) ;
#4623 = CARTESIAN_POINT ( 'NONE',  ( 1.050000000000000266, -2.049999999999999378, -1.628867513459482330 ) ) ;
#4624 = DIRECTION ( 'NONE',  ( 0.000000000000000000, 0.000000000000000000, -1.000000000000000000 ) ) ;
#4625 = CIRCLE ( 'NONE', #5621, 0.5000000000000000000 ) ;
#4626 = CIRCLE ( 'NONE', #6473, 0.09000000000000001055 ) ;
#4627 = EDGE_CURVE ( 'NONE', #4812, #6916, #1174, .T. ) ;
#4628 = CARTESIAN_POINT ( 'NONE',  ( -2.569999999999999840, -0.5000000000000000000, -0.2999999999999999889 ) ) ;
#4629 = DIRECTION ( 'NONE',  ( -1.000000000000000000, 0.000000000000000000, 0.000000000000000000 ) ) ;
#4630 = EDGE_LOOP ( 'NONE', ( #4209, #5430, #5214, #1464, #4622, #438, #6490, #6826 ) ) ;
#4631 = EDGE_CURVE ( 'NONE', #1603, #291, #3599, .T. ) ;
#4632 = VERTEX_POINT ( 'NONE', #213 ) ;
#4633 = DIRECTION ( 'NONE',  ( 0.000000000000000000, 0.000000000000000000, 1.000000000000000000 ) ) ;
#4634 = DIRECTION ( 'NONE',  ( 1.000000000000000000, 6.101831366007370336E-19, 0.000000000000000000 ) ) ;
#4635 = AXIS2_PLACEMENT_3D ( 'NONE', #5564, #6680, #6128 ) ;
#4636 = CARTESIAN_POINT ( 'NONE',  ( -0.9879395023496257977, -2.039232582258230231, 1.617250503834504860 ) ) ;
#4637 = EDGE_LOOP ( 'NONE', ( #4667, #6532, #1639, #6389 ) ) ;
#4638 = CARTESIAN_POINT ( 'NONE',  ( -2.249685491090662293, -1.999999997253069761, 1.589433752106618636 ) ) ;
#4639 = DIRECTION ( 'NONE',  ( 0.000000000000000000, 1.000000000000000000, 0.000000000000000000 ) ) ;
#4640 = DIRECTION ( 'NONE',  ( 0.000000000000000000, 0.000000000000000000, -1.000000000000000000 ) ) ;
#4641 = CIRCLE ( 'NONE', #2558, 0.1499999999999999667 ) ;
#4642 = ADVANCED_FACE ( 'NONE', ( #6200 ), #3730, .F. ) ;
#4643 = LINE ( 'NONE', #6966, #7140 ) ;
#4644 = EDGE_LOOP ( 'NONE', ( #6668, #6597, #3028, #5606 ) ) ;
#4645 = DIRECTION ( 'NONE',  ( 0.7071067811865480168, 0.000000000000000000, -0.7071067811865470176 ) ) ;
#4646 = ORIENTED_EDGE ( 'NONE', *, *, #3452, .T. ) ;
#4647 = AXIS2_PLACEMENT_3D ( 'NONE', #5068, #3391, #4439 ) ;
#4648 = DIRECTION ( 'NONE',  ( 0.7071067811865480168, 0.000000000000000000, 0.7071067811865470176 ) ) ;
#4649 = CARTESIAN_POINT ( 'NONE',  ( -2.250000000000000000, -2.050000000000000266, 1.571132486540520068 ) ) ;
#4650 = AXIS2_PLACEMENT_3D ( 'NONE', #6610, #5442, #2609 ) ;
#4651 = EDGE_CURVE ( 'NONE', #1502, #4950, #3903, .T. ) ;
#4652 = LINE ( 'NONE', #943, #7110 ) ;
#4653 = DIRECTION ( 'NONE',  ( 0.4999999999999985567, 0.8660254037844394848, 0.000000000000000000 ) ) ;
#4654 = VECTOR ( 'NONE', #6507, 1000.000000000000000 ) ;
#4655 = LINE ( 'NONE', #6781, #4706 ) ;
#4656 = CARTESIAN_POINT ( 'NONE',  ( -2.569999999999999840, -1.324999999999999956, -0.1000000000000000056 ) ) ;
#4657 = VERTEX_POINT ( 'NONE', #1305 ) ;
#4658 = ADVANCED_FACE ( 'NONE', ( #3852 ), #6305, .F. ) ;
#4659 = ORIENTED_EDGE ( 'NONE', *, *, #5730, .T. ) ;
#4660 = ORIENTED_EDGE ( 'NONE', *, *, #2303, .T. ) ;
#4661 = CYLINDRICAL_SURFACE ( 'NONE', #990, 0.05000000000000002359 ) ;
#4662 = EDGE_CURVE ( 'NONE', #7247, #1997, #1539, .T. ) ;
#4663 = PLANE ( 'NONE',  #6952 ) ;
#4664 = AXIS2_PLACEMENT_3D ( 'NONE', #5661, #4426, #471 ) ;
#4665 = FACE_OUTER_BOUND ( 'NONE', #5015, .T. ) ;
#4666 = CARTESIAN_POINT ( 'NONE',  ( 1.011546881485390070, -2.034082127681990038, -1.619677325591754924 ) ) ;
#4667 = ORIENTED_EDGE ( 'NONE', *, *, #3267, .T. ) ;
#4668 = CARTESIAN_POINT ( 'NONE',  ( -2.605999999999999872, 0.4227724399837060054, -0.3479999999999999760 ) ) ;
#4669 = VERTEX_POINT ( 'NONE', #4773 ) ;
#4670 = CARTESIAN_POINT ( 'NONE',  ( 1.011546881485390070, -2.034082127681990038, -1.619677325591754924 ) ) ;
#4671 = DIRECTION ( 'NONE',  ( -1.000000000000000000, 0.000000000000000000, 0.000000000000000000 ) ) ;
#4672 = AXIS2_PLACEMENT_3D ( 'NONE', #3892, #7058, #1455 ) ;
#4673 = VECTOR ( 'NONE', #4026, 1000.000000000000000 ) ;
#4674 = LINE ( 'NONE', #639, #2022 ) ;
#4675 = AXIS2_PLACEMENT_3D ( 'NONE', #1674, #1041, #3606 ) ;
#4676 = VECTOR ( 'NONE', #1190, 1000.000000000000000 ) ;
#4677 = CARTESIAN_POINT ( 'NONE',  ( 1.050000000000000044, -2.024999999999999911, -1.614433756729739988 ) ) ;
#4678 = CARTESIAN_POINT ( 'NONE',  ( -0.6005218575370839806, -2.160000000000000142, -1.270000000000000018 ) ) ;
#4679 = ORIENTED_EDGE ( 'NONE', *, *, #12, .F. ) ;
#4680 = CARTESIAN_POINT ( 'NONE',  ( -2.250000000000000000, -8.632959798415829056E-15, 0.1524999999999999967 ) ) ;
#4681 = ORIENTED_EDGE ( 'NONE', *, *, #5646, .T. ) ;
#4682 = CARTESIAN_POINT ( 'NONE',  ( -2.620000000000000107, -2.010000000000000231, 0.3099999999999999978 ) ) ;
#4683 = ORIENTED_EDGE ( 'NONE', *, *, #1402, .F. ) ;
#4684 = DIRECTION ( 'NONE',  ( 0.000000000000000000, 0.000000000000000000, 1.000000000000000000 ) ) ;
#4685 = PLANE ( 'NONE',  #4915 ) ;
#4686 = ORIENTED_EDGE ( 'NONE', *, *, #2512, .T. ) ;
#4687 = DIRECTION ( 'NONE',  ( -6.101831366007370336E-19, 1.000000000000000000, 4.336808689942019662E-19 ) ) ;
#4688 = LINE ( 'NONE', #7176, #4526 ) ;
#4689 = CARTESIAN_POINT ( 'NONE',  ( -2.550000000000000266, -2.050000000000000266, 2.000000000000000000 ) ) ;
#4690 = EDGE_CURVE ( 'NONE', #232, #1033, #6408, .T. ) ;
#4691 = VECTOR ( 'NONE', #6922, 999.9999999999998863 ) ;
#4692 = VERTEX_POINT ( 'NONE', #882 ) ;
#4693 = CARTESIAN_POINT ( 'NONE',  ( -2.350000000000000089, -2.000000000000000000, -0.3331145985333605619 ) ) ;
#4694 = VERTEX_POINT ( 'NONE', #4829 ) ;
#4695 = DIRECTION ( 'NONE',  ( -8.673617379883951853E-15, 3.938471759300049988E-15, -1.000000000000000000 ) ) ;
#4696 = DIRECTION ( 'NONE',  ( -1.734723475976804976E-18, -2.714842239903705075E-16, 1.000000000000000000 ) ) ;
#4697 = PLANE ( 'NONE',  #5342 ) ;
#4698 = EDGE_CURVE ( 'NONE', #3254, #5221, #1445, .T. ) ;
#4699 = DIRECTION ( 'NONE',  ( 1.000000000000000000, 6.101831366007240336E-19, 1.734723475976804976E-18 ) ) ;
#4700 = DIRECTION ( 'NONE',  ( -1.000000000000000000, -6.101831366007370336E-19, 0.000000000000000000 ) ) ;
#4701 = FACE_OUTER_BOUND ( 'NONE', #6143, .T. ) ;
#4702 = AXIS2_PLACEMENT_3D ( 'NONE', #3621, #7082, #5341 ) ;
#4703 = CARTESIAN_POINT ( 'NONE',  ( -2.600000000000000089, -1.324999999999999956, -0.1000000000000000056 ) ) ;
#4704 = EDGE_CURVE ( 'NONE', #1028, #2535, #6245, .T. ) ;
#4705 = ADVANCED_FACE ( 'NONE', ( #1472 ), #2409, .T. ) ;
#4706 = VECTOR ( 'NONE', #3573, 1000.000000000000000 ) ;
#4707 = EDGE_LOOP ( 'NONE', ( #4070, #6425, #5176, #3515 ) ) ;
#4708 = EDGE_CURVE ( 'NONE', #343, #2624, #3912, .T. ) ;
#4709 = ORIENTED_EDGE ( 'NONE', *, *, #1323, .F. ) ;
#4710 = DIRECTION ( 'NONE',  ( 6.101831366007370336E-19, -1.000000000000000000, -4.336808689941540105E-19 ) ) ;
#4711 = ORIENTED_EDGE ( 'NONE', *, *, #2420, .F. ) ;
#4712 = EDGE_CURVE ( 'NONE', #2047, #3847, #1520, .T. ) ;
#4713 = DIRECTION ( 'NONE',  ( 0.000000000000000000, 0.000000000000000000, 1.000000000000000000 ) ) ;
#4714 = CIRCLE ( 'NONE', #5651, 0.4500000000000000666 ) ;
#4715 = DIRECTION ( 'NONE',  ( 0.000000000000000000, 0.000000000000000000, -1.000000000000000000 ) ) ;
#4716 = FACE_OUTER_BOUND ( 'NONE', #1276, .T. ) ;
#4717 = AXIS2_PLACEMENT_3D ( 'NONE', #1458, #4905, #2038 ) ;
#4718 = ORIENTED_EDGE ( 'NONE', *, *, #1238, .F. ) ;
#4719 = CYLINDRICAL_SURFACE ( 'NONE', #5911, 0.1999999999999999833 ) ;
#4720 = ORIENTED_EDGE ( 'NONE', *, *, #5669, .F. ) ;
#4721 = CARTESIAN_POINT ( 'NONE',  ( 2.605999999999999872, -0.5000000000000000000, 0.3479999999999999760 ) ) ;
#4722 = DIRECTION ( 'NONE',  ( 1.000000000000000000, 0.000000000000000000, 0.000000000000000000 ) ) ;
#4723 = ADVANCED_FACE ( 'NONE', ( #6326 ), #1483, .T. ) ;
#4724 = ORIENTED_EDGE ( 'NONE', *, *, #65, .F. ) ;
#4725 = DIRECTION ( 'NONE',  ( 1.734723475976804976E-18, 4.336808689942014847E-19, -1.000000000000000000 ) ) ;
#4726 = EDGE_LOOP ( 'NONE', ( #4224, #3928, #417, #5932 ) ) ;
#4727 = DIRECTION ( 'NONE',  ( -6.101831366007370336E-19, 1.000000000000000000, 4.336808689942019662E-19 ) ) ;
#4728 = AXIS2_PLACEMENT_3D ( 'NONE', #1719, #6334, #2889 ) ;
#4729 = ORIENTED_EDGE ( 'NONE', *, *, #4869, .F. ) ;
#4730 = VECTOR ( 'NONE', #3629, 1000.000000000000000 ) ;
#4731 = LINE ( 'NONE', #1024, #7258 ) ;
#4732 = ORIENTED_EDGE ( 'NONE', *, *, #7095, .F. ) ;
#4733 = VECTOR ( 'NONE', #4131, 1000.000000000000000 ) ;
#4734 = DIRECTION ( 'NONE',  ( 0.000000000000000000, -1.000000000000000000, 0.000000000000000000 ) ) ;
#4735 = VERTEX_POINT ( 'NONE', #3528 ) ;
#4736 = ORIENTED_EDGE ( 'NONE', *, *, #1272, .F. ) ;
#4737 = DIRECTION ( 'NONE',  ( 0.000000000000000000, 0.000000000000000000, 1.000000000000000000 ) ) ;
#4738 = VERTEX_POINT ( 'NONE', #826 ) ;
#4739 = CARTESIAN_POINT ( 'NONE',  ( 2.550000000000000266, -2.000000000000000000, -0.9000000000000000222 ) ) ;
#4740 = CARTESIAN_POINT ( 'NONE',  ( 2.564000000000000057, -1.324999999999999956, -0.5020000000000000018 ) ) ;
#4741 = DIRECTION ( 'NONE',  ( 0.000000000000000000, -1.000000000000000000, 0.000000000000000000 ) ) ;
#4742 = ORIENTED_EDGE ( 'NONE', *, *, #2974, .F. ) ;
#4743 = CIRCLE ( 'NONE', #1310, 0.2000000000000000944 ) ;
#4744 = DIRECTION ( 'NONE',  ( 0.000000000000000000, 0.000000000000000000, 1.000000000000000000 ) ) ;
#4745 = VECTOR ( 'NONE', #2814, 1000.000000000000000 ) ;
#4746 = LINE ( 'NONE', #6115, #2178 ) ;
#4747 = ORIENTED_EDGE ( 'NONE', *, *, #2773, .F. ) ;
#4748 = EDGE_CURVE ( 'NONE', #3549, #1044, #5744, .T. ) ;
#4749 = VERTEX_POINT ( 'NONE', #4088 ) ;
#4750 = CARTESIAN_POINT ( 'NONE',  ( 1.750000000000000000, 0.8400000000000000799, 1.699999999999999956 ) ) ;
#4751 = DIRECTION ( 'NONE',  ( 0.000000000000000000, 1.000000000000000000, 0.000000000000000000 ) ) ;
#4752 = PLANE ( 'NONE',  #5458 ) ;
#4753 = LINE ( 'NONE', #2248, #2253 ) ;
#4754 = ORIENTED_EDGE ( 'NONE', *, *, #4631, .F. ) ;
#4755 = DIRECTION ( 'NONE',  ( -6.101831366007370336E-19, 1.000000000000000000, 0.000000000000000000 ) ) ;
#4756 = LINE ( 'NONE', #7256, #1970 ) ;
#4757 = AXIS2_PLACEMENT_3D ( 'NONE', #6337, #142, #2986 ) ;
#4758 = CARTESIAN_POINT ( 'NONE',  ( 2.250000000000000000, -2.000000000000000000, 1.571132486540520068 ) ) ;
#4759 = ORIENTED_EDGE ( 'NONE', *, *, #1643, .F. ) ;
#4760 = VERTEX_POINT ( 'NONE', #5391 ) ;
#4761 = EDGE_CURVE ( 'NONE', #1409, #4073, #3879, .T. ) ;
#4762 = AXIS2_PLACEMENT_3D ( 'NONE', #6104, #397, #3784 ) ;
#4763 = DIRECTION ( 'NONE',  ( 1.000000000000000000, 0.000000000000000000, 0.000000000000000000 ) ) ;
#4764 = LINE ( 'NONE', #3732, #7255 ) ;
#4765 = DIRECTION ( 'NONE',  ( -1.000000000000000000, -6.101831366007240336E-19, 0.000000000000000000 ) ) ;
#4766 = DIRECTION ( 'NONE',  ( -6.101831366007370336E-19, 1.000000000000000000, 0.000000000000000000 ) ) ;
#4767 = DIRECTION ( 'NONE',  ( 1.734723475976804976E-18, -1.773043801942030023E-16, -1.000000000000000000 ) ) ;
#4768 = VECTOR ( 'NONE', #4345, 1000.000000000000000 ) ;
#4769 = FACE_OUTER_BOUND ( 'NONE', #3587, .T. ) ;
#4770 = DIRECTION ( 'NONE',  ( 0.000000000000000000, -1.000000000000000000, 0.000000000000000000 ) ) ;
#4771 = ORIENTED_EDGE ( 'NONE', *, *, #878, .T. ) ;
#4772 = EDGE_CURVE ( 'NONE', #1593, #1061, #3981, .T. ) ;
#4773 = CARTESIAN_POINT ( 'NONE',  ( -2.419999999999999929, -0.5000000000000000000, 0.3099999999999999978 ) ) ;
#4774 = ORIENTED_EDGE ( 'NONE', *, *, #2270, .F. ) ;
#4775 = CARTESIAN_POINT ( 'NONE',  ( -2.750000000000000000, -1.392080689683685923, 1.369023336992409856 ) ) ;
#4776 = CARTESIAN_POINT ( 'NONE',  ( -2.750000000000000000, -0.2999999999999999889, 1.149999999999999911 ) ) ;
#4777 = CARTESIAN_POINT ( 'NONE',  ( 1.207690296114370287, -0.5742640687119289211, -1.042309703885625938 ) ) ;
#4778 = VERTEX_POINT ( 'NONE', #166 ) ;
#4779 = VECTOR ( 'NONE', #3827, 1000.000000000000000 ) ;
#4780 = LINE ( 'NONE', #5383, #4873 ) ;
#4781 = LINE ( 'NONE', #2255, #2598 ) ;
#4782 = DIRECTION ( 'NONE',  ( 1.000000000000000000, 0.000000000000000000, 0.000000000000000000 ) ) ;
#4783 = DIRECTION ( 'NONE',  ( 0.000000000000000000, 0.000000000000000000, 1.000000000000000000 ) ) ;
#4784 = ORIENTED_EDGE ( 'NONE', *, *, #5520, .F. ) ;
#4785 = ADVANCED_FACE ( 'NONE', ( #1388 ), #6376, .F. ) ;
#4786 = ORIENTED_EDGE ( 'NONE', *, *, #6726, .T. ) ;
#4787 = EDGE_CURVE ( 'NONE', #7249, #2735, #1422, .T. ) ;
#4788 = CARTESIAN_POINT ( 'NONE',  ( 0.9366025403784420389, -2.050000000000000266, 1.592264973079964729 ) ) ;
#4789 = APPLICATION_PROTOCOL_DEFINITION ( 'draft international standard', 'automotive_design', 1998, #2570 ) ;
#4790 = VERTEX_POINT ( 'NONE', #972 ) ;
#4791 = DIRECTION ( 'NONE',  ( 0.3473143558235926021, 0.000000000000000000, -0.9377487607237040557 ) ) ;
#4792 = PLANE ( 'NONE',  #4408 ) ;
#4793 = VERTEX_POINT ( 'NONE', #3962 ) ;
#4794 = EDGE_CURVE ( 'NONE', #1265, #1502, #6486, .T. ) ;
#4795 = VECTOR ( 'NONE', #2112, 1000.000000000000000 ) ;
#4796 = DIRECTION ( 'NONE',  ( 0.000000000000000000, -1.000000000000000000, 0.000000000000000000 ) ) ;
#4797 = LINE ( 'NONE', #3920, #4925 ) ;
#4798 = LINE ( 'NONE', #1733, #7283 ) ;
#4799 = EDGE_CURVE ( 'NONE', #6016, #198, #4016, .T. ) ;
#4800 = ORIENTED_EDGE ( 'NONE', *, *, #4599, .T. ) ;
#4801 = AXIS2_PLACEMENT_3D ( 'NONE', #3506, #3080, #7217 ) ;
#4802 = ORIENTED_EDGE ( 'NONE', *, *, #3429, .F. ) ;
#4803 = ORIENTED_EDGE ( 'NONE', *, *, #707, .F. ) ;
#4804 = CARTESIAN_POINT ( 'NONE',  ( 2.419999999999999929, -1.080000000000000071, 0.3099999999999999978 ) ) ;
#4805 = LINE ( 'NONE', #4536, #4907 ) ;
#4806 = LINE ( 'NONE', #5213, #2417 ) ;
#4807 = DIRECTION ( 'NONE',  ( 0.000000000000000000, 0.000000000000000000, -1.000000000000000000 ) ) ;
#4808 = VECTOR ( 'NONE', #1338, 1000.000000000000000 ) ;
#4809 = DIRECTION ( 'NONE',  ( 0.000000000000000000, 0.000000000000000000, 1.000000000000000000 ) ) ;
#4810 = LINE ( 'NONE', #2056, #5036 ) ;
#4811 = CARTESIAN_POINT ( 'NONE',  ( -2.248513359643114828, -2.024999999999999911, -1.614433756729739988 ) ) ;
#4812 = VERTEX_POINT ( 'NONE', #4979 ) ;
#4813 = EDGE_CURVE ( 'NONE', #5421, #6556, #3957, .T. ) ;
#4814 = ORIENTED_EDGE ( 'NONE', *, *, #2675, .T. ) ;
#4815 = AXIS2_PLACEMENT_3D ( 'NONE', #931, #359, #7196 ) ;
#4816 = DIRECTION ( 'NONE',  ( 0.000000000000000000, 1.000000000000000000, 0.000000000000000000 ) ) ;
#4817 = AXIS2_PLACEMENT_3D ( 'NONE', #4049, #768, #3003 ) ;
#4818 = DIRECTION ( 'NONE',  ( 0.000000000000000000, -4.336808689942014847E-19, 1.000000000000000000 ) ) ;
#4819 = CIRCLE ( 'NONE', #7134, 0.05000000000000002359 ) ;
#4820 = EDGE_CURVE ( 'NONE', #6476, #3349, #3834, .T. ) ;
#4821 = DIRECTION ( 'NONE',  ( 0.000000000000000000, 0.000000000000000000, 1.000000000000000000 ) ) ;
#4822 = CYLINDRICAL_SURFACE ( 'NONE', #4909, 0.1499999999999999667 ) ;
#4823 = CARTESIAN_POINT ( 'NONE',  ( -2.449999999999999734, -0.1800000000000085143, -1.075767286981819971E-15 ) ) ;
#4824 = CARTESIAN_POINT ( 'NONE',  ( 2.600000000000000089, -0.5000000000000000000, -0.5500000000000000444 ) ) ;
#4825 = CARTESIAN_POINT ( 'NONE',  ( 2.550000000000000266, -0.2000000000000000111, -1.800000000000000044 ) ) ;
#4826 = LINE ( 'NONE', #5586, #2438 ) ;
#4827 = CARTESIAN_POINT ( 'NONE',  ( -2.550000000000000266, 0.000000000000000000, 0.9000000000000000222 ) ) ;
#4828 = ORIENTED_EDGE ( 'NONE', *, *, #2018, .T. ) ;
#4829 = CARTESIAN_POINT ( 'NONE',  ( 2.100000000000000089, -0.1499999999999999944, 1.324999999999999956 ) ) ;
#4830 = ORIENTED_EDGE ( 'NONE', *, *, #2991, .F. ) ;
#4831 = EDGE_CURVE ( 'NONE', #3685, #1858, #6497, .T. ) ;
#4832 = CARTESIAN_POINT ( 'NONE',  ( 2.050000000000000266, -2.050000000000000266, -1.657735026918959909 ) ) ;
#4833 = CARTESIAN_POINT ( 'NONE',  ( 1.775000000000000133, -0.5000000000000000000, -1.149999999999999911 ) ) ;
#4834 = DIRECTION ( 'NONE',  ( 3.554761221263949999E-16, 0.000000000000000000, -1.000000000000000000 ) ) ;
#4835 = VECTOR ( 'NONE', #3006, 1000.000000000000000 ) ;
#4836 = CIRCLE ( 'NONE', #5525, 0.4400000000000000022 ) ;
#4837 = DIRECTION ( 'NONE',  ( -0.3473143558235926021, 0.000000000000000000, 0.9377487607237040557 ) ) ;
#4838 = FACE_OUTER_BOUND ( 'NONE', #3004, .T. ) ;
#4839 = CARTESIAN_POINT ( 'NONE',  ( 2.550000000000000266, 0.4227724399837060054, 0.5400000000000000355 ) ) ;
#4840 = VERTEX_POINT ( 'NONE', #1530 ) ;
#4841 = VERTEX_POINT ( 'NONE', #6228 ) ;
#4842 = EDGE_LOOP ( 'NONE', ( #5743, #3754, #2358, #2603 ) ) ;
#4843 = ADVANCED_FACE ( 'NONE', ( #1357 ), #5487, .T. ) ;
#4844 = DIRECTION ( 'NONE',  ( 0.000000000000000000, -2.168404344971010101E-16, -1.000000000000000000 ) ) ;
#4845 = VECTOR ( 'NONE', #2967, 1000.000000000000000 ) ;
#4846 = EDGE_CURVE ( 'NONE', #7084, #3677, #6477, .T. ) ;
#4847 = AXIS2_PLACEMENT_3D ( 'NONE', #1737, #1206, #4137 ) ;
#4848 = VECTOR ( 'NONE', #612, 1000.000000000000000 ) ;
#4849 = ORIENTED_EDGE ( 'NONE', *, *, #7127, .F. ) ;
#4850 = ORIENTED_EDGE ( 'NONE', *, *, #4342, .T. ) ;
#4851 = CARTESIAN_POINT ( 'NONE',  ( 1.750000000000000000, -2.010000000000000231, 1.270000000000000018 ) ) ;
#4852 = ADVANCED_FACE ( 'NONE', ( #1572 ), #2061, .T. ) ;
#4853 = ORIENTED_EDGE ( 'NONE', *, *, #4708, .F. ) ;
#4854 = FACE_OUTER_BOUND ( 'NONE', #4707, .T. ) ;
#4855 = AXIS2_PLACEMENT_3D ( 'NONE', #947, #5413, #5978 ) ;
#4856 = FACE_BOUND ( 'NONE', #6347, .T. ) ;
#4857 = CARTESIAN_POINT ( 'NONE',  ( 2.750000000000000000, -2.160000000000000142, -1.800000000000000044 ) ) ;
#4858 = VECTOR ( 'NONE', #5797, 1000.000000000000000 ) ;
#4859 = CARTESIAN_POINT ( 'NONE',  ( -2.449999999999999734, -0.1800000000000085143, 0.1524999999999999967 ) ) ;
#4860 = CIRCLE ( 'NONE', #4027, 0.1499999999999999667 ) ;
#4861 = DIRECTION ( 'NONE',  ( 0.000000000000000000, 1.000000000000000000, 0.000000000000000000 ) ) ;
#4862 = ORIENTED_EDGE ( 'NONE', *, *, #4204, .F. ) ;
#4863 = ORIENTED_EDGE ( 'NONE', *, *, #4169, .T. ) ;
#4864 = DIRECTION ( 'NONE',  ( 0.000000000000000000, 1.000000000000000000, 0.000000000000000000 ) ) ;
#4865 = AXIS2_PLACEMENT_3D ( 'NONE', #1351, #2062, #3253 ) ;
#4866 = DIRECTION ( 'NONE',  ( 6.101831366007370336E-19, -1.000000000000000000, 0.000000000000000000 ) ) ;
#4867 = FACE_OUTER_BOUND ( 'NONE', #4562, .T. ) ;
#4868 = VECTOR ( 'NONE', #4237, 1000.000000000000000 ) ;
#4869 = EDGE_CURVE ( 'NONE', #4296, #4518, #3945, .T. ) ;
#4870 = CARTESIAN_POINT ( 'NONE',  ( -1.965380592228744838, -0.1499999999999999944, -1.800000000000000044 ) ) ;
#4871 = DIRECTION ( 'NONE',  ( 0.000000000000000000, -0.5000000000000003331, -0.8660254037844384856 ) ) ;
#4872 = DIRECTION ( 'NONE',  ( -1.000000000000000000, -6.101831366007240336E-19, -1.734723475976804976E-18 ) ) ;
#4873 = VECTOR ( 'NONE', #5296, 1000.000000000000000 ) ;
#4874 = VERTEX_POINT ( 'NONE', #488 ) ;
#4875 = FACE_OUTER_BOUND ( 'NONE', #6183, .T. ) ;
#4876 = DIRECTION ( 'NONE',  ( 0.3473143558235926021, 0.000000000000000000, -0.9377487607237040557 ) ) ;
#4877 = ORIENTED_EDGE ( 'NONE', *, *, #2390, .F. ) ;
#4878 = DIRECTION ( 'NONE',  ( 0.000000000000000000, -0.8660254037844384856, 0.5000000000000003331 ) ) ;
#4879 = ORIENTED_EDGE ( 'NONE', *, *, #6645, .T. ) ;
#4880 = VERTEX_POINT ( 'NONE', #4392 ) ;
#4881 = CARTESIAN_POINT ( 'NONE',  ( 2.600000000000000089, -0.2000000000000000111, -1.800000000000000044 ) ) ;
#4882 = DIRECTION ( 'NONE',  ( 0.000000000000000000, 0.000000000000000000, 1.000000000000000000 ) ) ;
#4883 = CIRCLE ( 'NONE', #6204, 0.05000000000000002359 ) ;
#4884 = AXIS2_PLACEMENT_3D ( 'NONE', #6394, #966, #1480 ) ;
#4885 = VECTOR ( 'NONE', #4821, 1000.000000000000000 ) ;
#4886 = ORIENTED_EDGE ( 'NONE', *, *, #3662, .F. ) ;
#4887 = ORIENTED_EDGE ( 'NONE', *, *, #6673, .T. ) ;
#4888 = CIRCLE ( 'NONE', #4398, 0.2000000000000000944 ) ;
#4889 = CARTESIAN_POINT ( 'NONE',  ( -2.550000000000000266, -2.050000000000000266, 2.000000000000000000 ) ) ;
#4890 = VERTEX_POINT ( 'NONE', #3868 ) ;
#4891 = EDGE_CURVE ( 'NONE', #4532, #3446, #4006, .T. ) ;
#4892 = ORIENTED_EDGE ( 'NONE', *, *, #1481, .F. ) ;
#4893 = CARTESIAN_POINT ( 'NONE',  ( -2.550000000000000266, -2.000000000000000000, -1.657735026918965016 ) ) ;
#4894 = CARTESIAN_POINT ( 'NONE',  ( -1.162006473417549923, -1.985333032421400024, 1.533796995401334851 ) ) ;
#4895 = AXIS2_PLACEMENT_3D ( 'NONE', #1683, #5560, #3325 ) ;
#4896 = EDGE_CURVE ( 'NONE', #5132, #7014, #3820, .T. ) ;
#4897 = FACE_OUTER_BOUND ( 'NONE', #4581, .T. ) ;
#4898 = VECTOR ( 'NONE', #7029, 1000.000000000000000 ) ;
#4899 = ORIENTED_EDGE ( 'NONE', *, *, #5895, .T. ) ;
#4900 = AXIS2_PLACEMENT_3D ( 'NONE', #1973, #2567, #2617 ) ;
#4901 = ADVANCED_FACE ( 'NONE', ( #3924, #6448 ), #3394, .F. ) ;
#4902 = FACE_OUTER_BOUND ( 'NONE', #2037, .T. ) ;
#4903 = ORIENTED_EDGE ( 'NONE', *, *, #4068, .F. ) ;
#4904 = ORIENTED_EDGE ( 'NONE', *, *, #4846, .F. ) ;
#4905 = DIRECTION ( 'NONE',  ( 1.000000000000000000, 6.101831366007240336E-19, 0.000000000000000000 ) ) ;
#4906 = EDGE_CURVE ( 'NONE', #2760, #4341, #6365, .T. ) ;
#4907 = VECTOR ( 'NONE', #1224, 1000.000000000000000 ) ;
#4908 = LINE ( 'NONE', #1852, #4835 ) ;
#4909 = AXIS2_PLACEMENT_3D ( 'NONE', #1692, #3949, #723 ) ;
#4910 = CARTESIAN_POINT ( 'NONE',  ( 2.600000000000000089, -0.5000000000000000000, 0.9499999999999999556 ) ) ;
#4911 = CIRCLE ( 'NONE', #110, 0.2000000000000000944 ) ;
#4912 = ORIENTED_EDGE ( 'NONE', *, *, #7059, .T. ) ;
#4913 = CARTESIAN_POINT ( 'NONE',  ( 2.100000000000000089, -0.5742640687119289211, 1.474999999999999867 ) ) ;
#4914 = AXIS2_PLACEMENT_3D ( 'NONE', #261, #4238, #3058 ) ;
#4915 = AXIS2_PLACEMENT_3D ( 'NONE', #5822, #7005, #6373 ) ;
#4916 = DIRECTION ( 'NONE',  ( -6.101831366007370336E-19, 1.000000000000000000, 4.336808689942019662E-19 ) ) ;
#4917 = ORIENTED_EDGE ( 'NONE', *, *, #4538, .F. ) ;
#4918 = ADVANCED_FACE ( 'NONE', ( #6383 ), #2205, .T. ) ;
#4919 = EDGE_LOOP ( 'NONE', ( #6150, #6364 ) ) ;
#4920 = DIRECTION ( 'NONE',  ( 0.000000000000000000, 0.000000000000000000, 1.000000000000000000 ) ) ;
#4921 = LINE ( 'NONE', #4832, #4779 ) ;
#4922 = CARTESIAN_POINT ( 'NONE',  ( 2.100000000000000089, -0.1499999999999999944, -1.324999999999999956 ) ) ;
#4923 = CARTESIAN_POINT ( 'NONE',  ( -2.750000000000000000, -0.3000000000000099254, 0.1524999999999999967 ) ) ;
#4924 = CARTESIAN_POINT ( 'NONE',  ( 2.449999999999999734, -0.1800000000000090139, -0.1524999999999999967 ) ) ;
#4925 = VECTOR ( 'NONE', #6758, 1000.000000000000000 ) ;
#4926 = AXIS2_PLACEMENT_3D ( 'NONE', #1219, #2785, #1116 ) ;
#4927 = ORIENTED_EDGE ( 'NONE', *, *, #2170, .F. ) ;
#4928 = DIRECTION ( 'NONE',  ( 0.000000000000000000, -1.000000000000000000, -2.710505431213766015E-16 ) ) ;
#4929 = VERTEX_POINT ( 'NONE', #1358 ) ;
#4930 = CARTESIAN_POINT ( 'NONE',  ( -0.9616025403784440595, -2.043301270189220364, 1.592264973081039869 ) ) ;
#4931 = DIRECTION ( 'NONE',  ( 0.000000000000000000, -1.000000000000000000, 0.000000000000000000 ) ) ;
#4932 = CARTESIAN_POINT ( 'NONE',  ( 2.550000000000000266, -2.050000000000000266, -2.000000000000000000 ) ) ;
#4933 = VECTOR ( 'NONE', #3541, 1000.000000000000000 ) ;
#4934 = LINE ( 'NONE', #1212, #2436 ) ;
#4935 = VECTOR ( 'NONE', #7079, 1000.000000000000000 ) ;
#4936 = VERTEX_POINT ( 'NONE', #1810 ) ;
#4937 = CARTESIAN_POINT ( 'NONE',  ( 0.9366025403784430381, -2.000000000000000000, 2.000000000000000000 ) ) ;
#4938 = LINE ( 'NONE', #6047, #2562 ) ;
#4939 = AXIS2_PLACEMENT_3D ( 'NONE', #2350, #1101, #4513 ) ;
#4940 = CARTESIAN_POINT ( 'NONE',  ( 2.750000000000000000, -2.168404344971009854E-16, 1.800000000000000044 ) ) ;
#4941 = VERTEX_POINT ( 'NONE', #4156 ) ;
#4942 = VERTEX_POINT ( 'NONE', #1927 ) ;
#4943 = EDGE_CURVE ( 'NONE', #5533, #4082, #6266, .T. ) ;
#4944 = DIRECTION ( 'NONE',  ( -0.9377487607237041667, 0.000000000000000000, 0.3473143558235926576 ) ) ;
#4945 = AXIS2_PLACEMENT_3D ( 'NONE', #1302, #5802, #2407 ) ;
#4946 = ORIENTED_EDGE ( 'NONE', *, *, #7099, .T. ) ;
#4947 = CARTESIAN_POINT ( 'NONE',  ( 2.550000000000000266, -2.050000000000000266, 2.000000000000000000 ) ) ;
#4948 = FACE_OUTER_BOUND ( 'NONE', #3624, .T. ) ;
#4949 = LINE ( 'NONE', #294, #4808 ) ;
#4950 = VERTEX_POINT ( 'NONE', #1228 ) ;
#4951 = ORIENTED_EDGE ( 'NONE', *, *, #5843, .T. ) ;
#4952 = FACE_BOUND ( 'NONE', #2365, .T. ) ;
#4953 = VERTEX_POINT ( 'NONE', #3494 ) ;
#4954 = DIRECTION ( 'NONE',  ( 1.734723475976804976E-18, 4.336808689942014847E-19, -1.000000000000000000 ) ) ;
#4955 = AXIS2_PLACEMENT_3D ( 'NONE', #6043, #4864, #1424 ) ;
#4956 = CARTESIAN_POINT ( 'NONE',  ( -2.550000000000000266, -0.1499999999999999944, 1.149999999999999911 ) ) ;
#4957 = EDGE_LOOP ( 'NONE', ( #1440, #6776, #4252, #6581 ) ) ;
#4958 = DIRECTION ( 'NONE',  ( 0.000000000000000000, -1.000000000000000000, 0.000000000000000000 ) ) ;
#4959 = VECTOR ( 'NONE', #7092, 1000.000000000000000 ) ;
#4960 = CARTESIAN_POINT ( 'NONE',  ( 0.9366025403784430381, -2.050000000000000266, 1.592264973081039869 ) ) ;
#4961 = LINE ( 'NONE', #6977, #2355 ) ;
#4962 = ORIENTED_EDGE ( 'NONE', *, *, #534, .T. ) ;
#4963 = ORIENTED_EDGE ( 'NONE', *, *, #5161, .T. ) ;
#4964 = PLANE ( 'NONE',  #2031 ) ;
#4965 = ADVANCED_FACE ( 'NONE', ( #1549 ), #4792, .F. ) ;
#4966 = CARTESIAN_POINT ( 'NONE',  ( 2.564000000000000057, -1.324999999999999956, 0.5020000000000000018 ) ) ;
#4967 = ORIENTED_EDGE ( 'NONE', *, *, #3408, .F. ) ;
#4968 = ORIENTED_EDGE ( 'NONE', *, *, #534, .F. ) ;
#4969 = EDGE_CURVE ( 'NONE', #4465, #6865, #6391, .T. ) ;
#4970 = DIRECTION ( 'NONE',  ( 0.000000000000000000, 0.000000000000000000, 1.000000000000000000 ) ) ;
#4971 = EDGE_CURVE ( 'NONE', #3849, #3665, #1585, .T. ) ;
#4972 = LINE ( 'NONE', #4149, #5079 ) ;
#4973 = CARTESIAN_POINT ( 'NONE',  ( 2.050000000000000266, 0.8400000000000000799, 2.000000000000000000 ) ) ;
#4974 = LINE ( 'NONE', #2453, #4898 ) ;
#4975 = ORIENTED_EDGE ( 'NONE', *, *, #1143, .T. ) ;
#4976 = ORIENTED_EDGE ( 'NONE', *, *, #6177, .T. ) ;
#4977 = CARTESIAN_POINT ( 'NONE',  ( 2.250000000000000000, -0.09000000000000921152, 0.1524999999999999967 ) ) ;
#4978 = ORIENTED_EDGE ( 'NONE', *, *, #3364, .F. ) ;
#4979 = CARTESIAN_POINT ( 'NONE',  ( 1.870190296114370154, -2.168404344971009854E-16, -1.245190296114374151 ) ) ;
#4980 = ADVANCED_FACE ( 'NONE', ( #1507 ), #3995, .F. ) ;
#4981 = ORIENTED_EDGE ( 'NONE', *, *, #2786, .T. ) ;
#4982 = DIRECTION ( 'NONE',  ( -6.101831366007370336E-19, 1.000000000000000000, 4.336808689942014847E-19 ) ) ;
#4983 = DIRECTION ( 'NONE',  ( 0.000000000000000000, 0.000000000000000000, -1.000000000000000000 ) ) ;
#4984 = CARTESIAN_POINT ( 'NONE',  ( -2.359337685891444547, -2.000000000000000000, -0.3852117519068989915 ) ) ;
#4985 = CIRCLE ( 'NONE', #6167, 0.2000000000000000944 ) ;
#4986 = VECTOR ( 'NONE', #1614, 1000.000000000000000 ) ;
#4987 = EDGE_CURVE ( 'NONE', #2230, #1493, #6434, .T. ) ;
#4988 = CYLINDRICAL_SURFACE ( 'NONE', #795, 0.2999999999999999334 ) ;
#4989 = VERTEX_POINT ( 'NONE', #6324 ) ;
#4990 = ORIENTED_EDGE ( 'NONE', *, *, #5845, .T. ) ;
#4991 = DIRECTION ( 'NONE',  ( -0.7071067811865480168, 0.000000000000000000, -0.7071067811865470176 ) ) ;
#4992 = CYLINDRICAL_SURFACE ( 'NONE', #6493, 0.2000000000000000944 ) ;
#4993 = CARTESIAN_POINT ( 'NONE',  ( -2.250000000000000000, -1.139999999999999902, -1.800000000000000044 ) ) ;
#4994 = VERTEX_POINT ( 'NONE', #4740 ) ;
#4995 = EDGE_CURVE ( 'NONE', #2795, #5530, #6463, .T. ) ;
#4996 = VERTEX_POINT ( 'NONE', #4056 ) ;
#4997 = CARTESIAN_POINT ( 'NONE',  ( 2.620000000000000107, -1.324999999999999956, 0.1000000000000000056 ) ) ;
#4998 = CARTESIAN_POINT ( 'NONE',  ( -1.004548846896427872, -2.050000000000000266, -1.657734768241905021 ) ) ;
#4999 = VECTOR ( 'NONE', #1287, 1000.000000000000000 ) ;
#5000 = CIRCLE ( 'NONE', #1339, 0.04999999999999991257 ) ;
#5001 = ORIENTED_EDGE ( 'NONE', *, *, #5577, .F. ) ;
#5002 = ORIENTED_EDGE ( 'NONE', *, *, #2328, .F. ) ;
#5003 = DIRECTION ( 'NONE',  ( -0.9976467198374248113, 0.05937816768998518263, -0.03428200109979979288 ) ) ;
#5004 = CARTESIAN_POINT ( 'NONE',  ( 2.100000000000000089, -0.1499999999999999944, -1.474999999999999867 ) ) ;
#5005 = ORIENTED_EDGE ( 'NONE', *, *, #6368, .T. ) ;
#5006 = EDGE_CURVE ( 'NONE', #3477, #6548, #1560, .T. ) ;
#5007 = CARTESIAN_POINT ( 'NONE',  ( -2.100000000000000089, -0.5742640687119289211, -1.625000000000000000 ) ) ;
#5008 = LINE ( 'NONE', #5077, #2556 ) ;
#5009 = ADVANCED_FACE ( 'NONE', ( #6628 ), #4210, .F. ) ;
#5010 = CARTESIAN_POINT ( 'NONE',  ( 2.600000000000000089, -2.930681697612735004, -1.261488063660475945 ) ) ;
#5011 = LINE ( 'NONE', #2348, #2569 ) ;
#5012 = CARTESIAN_POINT ( 'NONE',  ( -1.775000000000000133, -2.168404344971009854E-16, 1.149999999999999911 ) ) ;
#5013 = CYLINDRICAL_SURFACE ( 'NONE', #754, 0.04999999999999991257 ) ;
#5014 = CARTESIAN_POINT ( 'NONE',  ( -2.550000000000000266, -3.861077027627485059, 0.9000000000000000222 ) ) ;
#5015 = EDGE_LOOP ( 'NONE', ( #5790, #4786, #4231, #2561 ) ) ;
#5016 = ORIENTED_EDGE ( 'NONE', *, *, #5208, .T. ) ;
#5017 = CIRCLE ( 'NONE', #952, 0.1500000000000000222 ) ;
#5018 = EDGE_CURVE ( 'NONE', #1780, #5576, #1824, .T. ) ;
#5019 = MANIFOLD_SOLID_BREP ( 'NONE', #1979 ) ;
#5020 = CARTESIAN_POINT ( 'NONE',  ( 2.250000000000000000, -9.175060884658579695E-15, 0.1524999999999999967 ) ) ;
#5021 = ADVANCED_FACE ( 'NONE', ( #6537 ), #4065, .T. ) ;
#5022 = CIRCLE ( 'NONE', #1011, 0.1499999999999999667 ) ;
#5023 = CARTESIAN_POINT ( 'NONE',  ( 2.550000000000000266, -0.1499999999999999944, -1.800000000000000044 ) ) ;
#5024 = ORIENTED_EDGE ( 'NONE', *, *, #2928, .F. ) ;
#5025 = DIRECTION ( 'NONE',  ( 0.000000000000000000, 1.000000000000000000, 0.000000000000000000 ) ) ;
#5026 = ORIENTED_EDGE ( 'NONE', *, *, #2519, .T. ) ;
#5027 = CARTESIAN_POINT ( 'NONE',  ( 1.870190296114370154, -0.5742640687119289211, -1.245190296114374151 ) ) ;
#5028 = CARTESIAN_POINT ( 'NONE',  ( 2.100000000000000089, -2.167753823667514952E-16, -1.625000000000000000 ) ) ;
#5029 = DIRECTION ( 'NONE',  ( -2.409338161078905097E-15, 1.000000000000000000, 4.336808689941955143E-19 ) ) ;
#5030 = AXIS2_PLACEMENT_3D ( 'NONE', #1298, #5103, #3421 ) ;
#5031 = CYLINDRICAL_SURFACE ( 'NONE', #2186, 0.2000000000000000944 ) ;
#5032 = CYLINDRICAL_SURFACE ( 'NONE', #1076, 0.04999999999999991257 ) ;
#5033 = EDGE_CURVE ( 'NONE', #459, #975, #4422, .T. ) ;
#5034 = AXIS2_PLACEMENT_3D ( 'NONE', #5882, #2588, #4268 ) ;
#5035 = CARTESIAN_POINT ( 'NONE',  ( 2.660000000000000142, -0.3000000000000099254, 0.1524999999999999967 ) ) ;
#5036 = VECTOR ( 'NONE', #3818, 1000.000000000000000 ) ;
#5037 = CARTESIAN_POINT ( 'NONE',  ( -2.550000000000000266, -1.959999999999999964, 1.270000000000000018 ) ) ;
#5038 = ORIENTED_EDGE ( 'NONE', *, *, #2420, .T. ) ;
#5039 = CARTESIAN_POINT ( 'NONE',  ( -2.100000000000000089, -2.168404344971009854E-16, 1.474999999999999867 ) ) ;
#5040 = EDGE_LOOP ( 'NONE', ( #5284, #97, #3107, #1699 ) ) ;
#5041 = DIRECTION ( 'NONE',  ( 0.000000000000000000, -1.000000000000000000, 0.000000000000000000 ) ) ;
#5042 = CARTESIAN_POINT ( 'NONE',  ( -2.569999999999999840, -0.3000000000000089817, -0.1524999999999999967 ) ) ;
#5043 = CYLINDRICAL_SURFACE ( 'NONE', #5227, 0.1500000000000000222 ) ;
#5044 = DIRECTION ( 'NONE',  ( 0.9976467198374248113, -0.05937816768998518263, -0.03428200109979979288 ) ) ;
#5045 =( BOUNDED_CURVE ( )  B_SPLINE_CURVE ( 3, ( #3040, #4606, #3612, #4811 ),
 .UNSPECIFIED., .F., .F. ) 
 B_SPLINE_CURVE_WITH_KNOTS ( ( 4, 4 ),
 ( 3.665191279092929744, 4.712388980384679904 ),
 .UNSPECIFIED. ) 
 CURVE ( )  GEOMETRIC_REPRESENTATION_ITEM ( )  RATIONAL_B_SPLINE_CURVE ( ( 1.000000000000000000, 0.9106835775070990513, 0.9106835775070990513, 1.000000000000000000 ) ) 
 REPRESENTATION_ITEM ( '' )  );
#5046 = ORIENTED_EDGE ( 'NONE', *, *, #1643, .T. ) ;
#5047 = DIRECTION ( 'NONE',  ( -6.101831366007370336E-19, 1.000000000000000000, 4.336808689942019662E-19 ) ) ;
#5048 = DIRECTION ( 'NONE',  ( 1.734723475976804976E-18, 2.710505431213760099E-16, -1.000000000000000000 ) ) ;
#5049 = ORIENTED_EDGE ( 'NONE', *, *, #5318, .F. ) ;
#5050 = CARTESIAN_POINT ( 'NONE',  ( -2.750000000000000000, -1.564718210309564927, 1.270000000000000018 ) ) ;
#5051 = VECTOR ( 'NONE', #1343, 1000.000000000000000 ) ;
#5052 = FACE_OUTER_BOUND ( 'NONE', #2224, .T. ) ;
#5053 = DIRECTION ( 'NONE',  ( -1.000000000000000000, 0.000000000000000000, 0.000000000000000000 ) ) ;
#5054 = VECTOR ( 'NONE', #6813, 1000.000000000000000 ) ;
#5055 = EDGE_CURVE ( 'NONE', #1296, #2795, #1797, .T. ) ;
#5056 = ORIENTED_EDGE ( 'NONE', *, *, #4969, .T. ) ;
#5057 = ORIENTED_EDGE ( 'NONE', *, *, #5747, .F. ) ;
#5058 = DIRECTION ( 'NONE',  ( 1.000000000000000000, 6.101831366007240336E-19, 1.734723475976804976E-18 ) ) ;
#5059 = CYLINDRICAL_SURFACE ( 'NONE', #3674, 0.1499999999999999667 ) ;
#5060 = CARTESIAN_POINT ( 'NONE',  ( -2.660000000000000142, -1.283000000000000140, -0.1524999999999999967 ) ) ;
#5061 = ORIENTED_EDGE ( 'NONE', *, *, #1564, .F. ) ;
#5062 = EDGE_CURVE ( 'NONE', #4890, #6045, #6600, .T. ) ;
#5063 = ORIENTED_EDGE ( 'NONE', *, *, #1788, .T. ) ;
#5064 = FACE_OUTER_BOUND ( 'NONE', #5855, .T. ) ;
#5065 = EDGE_CURVE ( 'NONE', #6503, #4485, #4287, .T. ) ;
#5066 = LINE ( 'NONE', #1765, #141 ) ;
#5067 = ADVANCED_FACE ( 'NONE', ( #6694 ), #1809, .F. ) ;
#5068 = CARTESIAN_POINT ( 'NONE',  ( 2.250000000000000000, -1.080000000000000071, 1.800000000000000044 ) ) ;
#5069 = CIRCLE ( 'NONE', #1473, 0.05000000000000012768 ) ;
#5070 = VERTEX_POINT ( 'NONE', #736 ) ;
#5071 = ORIENTED_EDGE ( 'NONE', *, *, #5080, .T. ) ;
#5072 = CYLINDRICAL_SURFACE ( 'NONE', #2059, 0.05000000000000012768 ) ;
#5073 = FILL_AREA_STYLE_COLOUR ( '', #3921 ) ;
#5074 = EDGE_LOOP ( 'NONE', ( #1309, #4453, #3788, #5991 ) ) ;
#5075 = CARTESIAN_POINT ( 'NONE',  ( 2.600000000000000089, -0.1499999999999999944, -1.800000000000000044 ) ) ;
#5076 = VERTEX_POINT ( 'NONE', #2475 ) ;
#5077 = CARTESIAN_POINT ( 'NONE',  ( 1.148018396796187890, -1.959500486849135026, -1.576617595180300091 ) ) ;
#5078 = CARTESIAN_POINT ( 'NONE',  ( -1.164977127954433866, -1.935421358319814988, 1.533796995401334851 ) ) ;
#5079 = VECTOR ( 'NONE', #3063, 1000.000000000000000 ) ;
#5080 = EDGE_CURVE ( 'NONE', #1905, #6870, #1604, .T. ) ;
#5081 = VECTOR ( 'NONE', #6192, 1000.000000000000000 ) ;
#5082 = CARTESIAN_POINT ( 'NONE',  ( 2.620000000000000107, -1.525000000000000133, -0.1000000000000000056 ) ) ;
#5083 = ADVANCED_FACE ( 'NONE', ( #1782 ), #6511, .T. ) ;
#5084 = LINE ( 'NONE', #3160, #265 ) ;
#5085 = CARTESIAN_POINT ( 'NONE',  ( 2.350000000000000089, -2.000000000000000000, -0.3331145985333595072 ) ) ;
#5086 = ORIENTED_EDGE ( 'NONE', *, *, #354, .F. ) ;
#5087 = CARTESIAN_POINT ( 'NONE',  ( 1.870190296114370154, -0.1499999999999999944, 1.245190296114374151 ) ) ;
#5088 = EDGE_LOOP ( 'NONE', ( #1303, #4800, #1214 ) ) ;
#5089 = CARTESIAN_POINT ( 'NONE',  ( 2.600000000000000089, -2.010000000000000231, -1.270000000000000018 ) ) ;
#5090 = DIRECTION ( 'NONE',  ( 0.000000000000000000, -1.000000000000000000, 0.000000000000000000 ) ) ;
#5091 = LINE ( 'NONE', #1918, #2677 ) ;
#5092 = DIRECTION ( 'NONE',  ( 1.000000000000000000, 0.000000000000000000, 0.000000000000000000 ) ) ;
#5093 = ORIENTED_EDGE ( 'NONE', *, *, #676, .F. ) ;
#5094 = ORIENTED_EDGE ( 'NONE', *, *, #5498, .F. ) ;
#5095 = LINE ( 'NONE', #2784, #339 ) ;
#5096 = ORIENTED_EDGE ( 'NONE', *, *, #3531, .F. ) ;
#5097 = DIRECTION ( 'NONE',  ( 1.734723475976804976E-18, 4.336808689942014847E-19, -1.000000000000000000 ) ) ;
#5098 = PLANE ( 'NONE',  #2150 ) ;
#5099 = ORIENTED_EDGE ( 'NONE', *, *, #3238, .T. ) ;
#5100 = CARTESIAN_POINT ( 'NONE',  ( 2.050000000000000266, 0.8400000000000000799, 2.500000000000000000 ) ) ;
#5101 = CARTESIAN_POINT ( 'NONE',  ( 2.750000000000000000, -1.392080689683685923, 1.369023336992409856 ) ) ;
#5102 = PRODUCT_DEFINITION_CONTEXT ( 'detailed design', #4249, 'design' ) ;
#5103 = DIRECTION ( 'NONE',  ( 1.000000000000000000, 6.101831366007240336E-19, 0.000000000000000000 ) ) ;
#5104 = LINE ( 'NONE', #3098, #2778 ) ;
#5105 = FACE_OUTER_BOUND ( 'NONE', #2523, .T. ) ;
#5106 = DIRECTION ( 'NONE',  ( 0.000000000000000000, 0.000000000000000000, -1.000000000000000000 ) ) ;
#5107 = LINE ( 'NONE', #6332, #2606 ) ;
#5108 = DIRECTION ( 'NONE',  ( 1.000000000000000000, 0.000000000000000000, 0.000000000000000000 ) ) ;
#5109 = LINE ( 'NONE', #1610, #375 ) ;
#5110 = DIRECTION ( 'NONE',  ( -1.000000000000000000, 0.000000000000000000, 0.000000000000000000 ) ) ;
#5111 = ORIENTED_EDGE ( 'NONE', *, *, #1578, .F. ) ;
#5112 = ORIENTED_EDGE ( 'NONE', *, *, #3102, .T. ) ;
#5113 = EDGE_CURVE ( 'NONE', #6943, #4147, #4075, .T. ) ;
#5114 = VECTOR ( 'NONE', #2554, 1000.000000000000000 ) ;
#5115 = DIRECTION ( 'NONE',  ( 0.000000000000000000, 1.000000000000000000, 0.000000000000000000 ) ) ;
#5116 = CARTESIAN_POINT ( 'NONE',  ( -2.449999999999999734, -0.3000000000000084821, 0.1524999999999999967 ) ) ;
#5117 = DIRECTION ( 'NONE',  ( 1.000000000000000000, 6.101831366007240336E-19, 1.734723475976804976E-18 ) ) ;
#5118 = CIRCLE ( 'NONE', #6450, 0.3250000000000000111 ) ;
#5119 = ORIENTED_EDGE ( 'NONE', *, *, #4505, .F. ) ;
#5120 = CIRCLE ( 'NONE', #476, 0.5000000000000000000 ) ;
#5121 = CARTESIAN_POINT ( 'NONE',  ( 2.550000000000000266, -2.050000000000000266, 1.571132486540520068 ) ) ;
#5122 = DIRECTION ( 'NONE',  ( 0.000000000000000000, -1.000000000000000000, -3.256943326146468139E-16 ) ) ;
#5123 = ORIENTED_EDGE ( 'NONE', *, *, #6980, .F. ) ;
#5124 = DIRECTION ( 'NONE',  ( 0.000000000000000000, 0.000000000000000000, -1.000000000000000000 ) ) ;
#5125 = ORIENTED_EDGE ( 'NONE', *, *, #1511, .F. ) ;
#5126 = DIRECTION ( 'NONE',  ( 0.000000000000000000, 2.710505431213765029E-16, 1.000000000000000000 ) ) ;
#5127 = DIRECTION ( 'NONE',  ( 1.000000000000000000, 0.000000000000000000, 1.734723475976804976E-18 ) ) ;
#5128 = EDGE_CURVE ( 'NONE', #6676, #4669, #4259, .T. ) ;
#5129 = PLANE ( 'NONE',  #5337 ) ;
#5130 = ADVANCED_FACE ( 'NONE', ( #4221 ), #6664, .T. ) ;
#5131 = VECTOR ( 'NONE', #5149, 1000.000000000000000 ) ;
#5132 = VERTEX_POINT ( 'NONE', #7106 ) ;
#5133 = DIRECTION ( 'NONE',  ( -6.101831366007370336E-19, 1.000000000000000000, 4.336808689942019662E-19 ) ) ;
#5134 = LINE ( 'NONE', #4441, #5223 ) ;
#5135 = CARTESIAN_POINT ( 'NONE',  ( -2.250989051333075253, -2.000058866585474604, 1.571115478198259918 ) ) ;
#5136 = VERTEX_POINT ( 'NONE', #5452 ) ;
#5137 = CARTESIAN_POINT ( 'NONE',  ( -2.419999999999999929, -0.5000000000000000000, -0.3099999999999999978 ) ) ;
#5138 = ORIENTED_EDGE ( 'NONE', *, *, #5712, .F. ) ;
#5139 = CARTESIAN_POINT ( 'NONE',  ( -2.449999999999999734, -0.3000000000000084821, -0.1524999999999999967 ) ) ;
#5140 = EDGE_CURVE ( 'NONE', #7096, #1738, #1682, .T. ) ;
#5141 = EDGE_CURVE ( 'NONE', #302, #1220, #4274, .T. ) ;
#5142 = LINE ( 'NONE', #5135, #283 ) ;
#5143 = DIRECTION ( 'NONE',  ( 0.000000000000000000, 0.000000000000000000, 1.000000000000000000 ) ) ;
#5144 = FACE_OUTER_BOUND ( 'NONE', #5088, .T. ) ;
#5145 = ADVANCED_FACE ( 'NONE', ( #6550 ), #3889, .F. ) ;
#5146 = LINE ( 'NONE', #1745, #352 ) ;
#5147 = ORIENTED_EDGE ( 'NONE', *, *, #4076, .F. ) ;
#5148 = CARTESIAN_POINT ( 'NONE',  ( -1.137006473417549790, -1.942031762232174996, -1.562200846792815012 ) ) ;
#5149 = DIRECTION ( 'NONE',  ( 0.000000000000000000, 1.000000000000000000, 0.000000000000000000 ) ) ;
#5150 = ORIENTED_EDGE ( 'NONE', *, *, #6375, .T. ) ;
#5151 = CARTESIAN_POINT ( 'NONE',  ( 2.600000000000000089, -0.5000000000000000000, -1.800000000000000044 ) ) ;
#5152 = CARTESIAN_POINT ( 'NONE',  ( 2.399999999999999911, -2.000000000000000000, 0.9268854014666380037 ) ) ;
#5153 = EDGE_CURVE ( 'NONE', #2013, #6120, #4107, .T. ) ;
#5154 = CARTESIAN_POINT ( 'NONE',  ( -2.550000000000000266, -0.5000000000000000000, -0.5500000000000000444 ) ) ;
#5155 = CIRCLE ( 'NONE', #3473, 0.04999999999999999584 ) ;
#5156 = ORIENTED_EDGE ( 'NONE', *, *, #4820, .F. ) ;
#5157 = CARTESIAN_POINT ( 'NONE',  ( 2.682690296114369932, -2.168404344971009854E-16, -0.4326902961143724857 ) ) ;
#5158 = LINE ( 'NONE', #3357, #146 ) ;
#5159 = DIRECTION ( 'NONE',  ( -1.734723475976804976E-18, 0.000000000000000000, 1.000000000000000000 ) ) ;
#5160 = ORIENTED_EDGE ( 'NONE', *, *, #3518, .T. ) ;
#5161 = EDGE_CURVE ( 'NONE', #4778, #3805, #6720, .T. ) ;
#5162 = ORIENTED_EDGE ( 'NONE', *, *, #5591, .F. ) ;
#5163 = EDGE_CURVE ( 'NONE', #630, #3549, #1634, .T. ) ;
#5164 = FACE_OUTER_BOUND ( 'NONE', #1752, .T. ) ;
#5165 =( LENGTH_UNIT ( ) NAMED_UNIT ( * ) SI_UNIT ( .MILLI., .METRE. ) );
#5166 = CARTESIAN_POINT ( 'NONE',  ( -2.750000000000000000, -2.160000000000000142, -1.270000000000000018 ) ) ;
#5167 = CARTESIAN_POINT ( 'NONE',  ( -2.750000000000000000, -2.160000000000000142, 1.800000000000000044 ) ) ;
#5168 = CYLINDRICAL_SURFACE ( 'NONE', #3743, 0.05000000000000002359 ) ;
#5169 = AXIS2_PLACEMENT_3D ( 'NONE', #441, #6805, #1021 ) ;
#5170 = ORIENTED_EDGE ( 'NONE', *, *, #2775, .F. ) ;
#5171 = FACE_OUTER_BOUND ( 'NONE', #403, .T. ) ;
#5172 = DIRECTION ( 'NONE',  ( 1.000000000000000000, 0.000000000000000000, 0.000000000000000000 ) ) ;
#5173 = DIRECTION ( 'NONE',  ( 0.000000000000000000, 0.000000000000000000, 1.000000000000000000 ) ) ;
#5174 = ORIENTED_EDGE ( 'NONE', *, *, #5270, .F. ) ;
#5175 = CARTESIAN_POINT ( 'NONE',  ( -2.250000000000000000, -0.09000000000000871192, -0.1524999999999999967 ) ) ;
#5176 = ORIENTED_EDGE ( 'NONE', *, *, #5772, .F. ) ;
#5177 = AXIS2_PLACEMENT_3D ( 'NONE', #1819, #2934, #3505 ) ;
#5178 = AXIS2_PLACEMENT_3D ( 'NONE', #1487, #3786, #263 ) ;
#5179 = EDGE_CURVE ( 'NONE', #3496, #5848, #1658, .T. ) ;
#5180 = DIRECTION ( 'NONE',  ( 0.000000000000000000, 0.000000000000000000, 1.000000000000000000 ) ) ;
#5181 = CARTESIAN_POINT ( 'NONE',  ( 2.359337685891444547, 0.000000000000000000, 0.3852117519068999907 ) ) ;
#5182 = CARTESIAN_POINT ( 'NONE',  ( 0.9616025403784419501, -2.043301270189220364, 1.592264973081039869 ) ) ;
#5183 = LINE ( 'NONE', #3724, #5204 ) ;
#5184 = LINE ( 'NONE', #6814, #262 ) ;
#5185 = ORIENTED_EDGE ( 'NONE', *, *, #2125, .F. ) ;
#5186 = CARTESIAN_POINT ( 'NONE',  ( -2.600000000000000089, -1.139999999999999902, -1.800000000000000044 ) ) ;
#5187 = CARTESIAN_POINT ( 'NONE',  ( 2.600000000000000089, -1.392080689683685923, -1.369023336992409856 ) ) ;
#5188 = VECTOR ( 'NONE', #4152, 1000.000000000000000 ) ;
#5189 = CARTESIAN_POINT ( 'NONE',  ( -2.550000000000000266, -3.861077027627485059, -0.9000000000000000222 ) ) ;
#5190 = VERTEX_POINT ( 'NONE', #3695 ) ;
#5191 = AXIS2_PLACEMENT_3D ( 'NONE', #5039, #7354, #2664 ) ;
#5192 = ORIENTED_EDGE ( 'NONE', *, *, #4388, .T. ) ;
#5193 = CARTESIAN_POINT ( 'NONE',  ( -2.250000000000000000, -2.000000000000000000, -1.571081491559290111 ) ) ;
#5194 = CARTESIAN_POINT ( 'NONE',  ( 2.250000000000000000, -2.000000000000000000, -1.600000000000000089 ) ) ;
#5195 = CARTESIAN_POINT ( 'NONE',  ( -0.9488880816569690291, -2.049999999999998046, -1.604009005711922509 ) ) ;
#5196 = LINE ( 'NONE', #77, #2579 ) ;
#5197 = AXIS2_PLACEMENT_3D ( 'NONE', #2076, #6249, #47 ) ;
#5198 = ADVANCED_FACE ( 'NONE', ( #4138 ), #1707, .F. ) ;
#5199 = PLANE ( 'NONE',  #3821 ) ;
#5200 = VERTEX_POINT ( 'NONE', #3749 ) ;
#5201 = CARTESIAN_POINT ( 'NONE',  ( 2.449999999999999734, -0.09000000000000921152, 0.1524999999999999967 ) ) ;
#5202 = CARTESIAN_POINT ( 'NONE',  ( 2.620000000000000107, -1.324999999999999956, 0.3099999999999999978 ) ) ;
#5203 = EDGE_LOOP ( 'NONE', ( #4400, #6097, #5888 ) ) ;
#5204 = VECTOR ( 'NONE', #208, 1000.000000000000000 ) ;
#5205 = FACE_OUTER_BOUND ( 'NONE', #4368, .T. ) ;
#5206 = CARTESIAN_POINT ( 'NONE',  ( -2.449999999999999734, -0.3000000000000084821, -0.1524999999999999967 ) ) ;
#5207 = LINE ( 'NONE', #596, #5081 ) ;
#5208 = EDGE_CURVE ( 'NONE', #3847, #3349, #4188, .T. ) ;
#5209 = AXIS2_PLACEMENT_3D ( 'NONE', #5154, #3994, #1906 ) ;
#5210 = ORIENTED_EDGE ( 'NONE', *, *, #3814, .T. ) ;
#5211 = ADVANCED_FACE ( 'NONE', ( #6638 ), #6651, .T. ) ;
#5212 = CYLINDRICAL_SURFACE ( 'NONE', #119, 0.04999999999999991257 ) ;
#5213 = CARTESIAN_POINT ( 'NONE',  ( 1.870190296114370154, -0.5742640687119289211, -1.704809703885624916 ) ) ;
#5214 = ORIENTED_EDGE ( 'NONE', *, *, #4304, .F. ) ;
#5215 = CARTESIAN_POINT ( 'NONE',  ( -2.750000000000000000, -1.283000000000000140, 0.1524999999999999967 ) ) ;
#5216 = ORIENTED_EDGE ( 'NONE', *, *, #5065, .F. ) ;
#5217 = LINE ( 'NONE', #1974, #176 ) ;
#5218 = AXIS2_PLACEMENT_3D ( 'NONE', #1919, #1860, #5219 ) ;
#5219 = DIRECTION ( 'NONE',  ( 0.000000000000000000, 0.000000000000000000, 1.000000000000000000 ) ) ;
#5220 = FACE_OUTER_BOUND ( 'NONE', #668, .T. ) ;
#5221 = VERTEX_POINT ( 'NONE', #373 ) ;
#5222 = EDGE_CURVE ( 'NONE', #7349, #5944, #4652, .T. ) ;
#5223 = VECTOR ( 'NONE', #5117, 1000.000000000000000 ) ;
#5224 = DIRECTION ( 'NONE',  ( 0.7071067811865470176, 1.248059503193743106E-19, 0.7071067811865480168 ) ) ;
#5225 = CARTESIAN_POINT ( 'NONE',  ( 2.550000000000000266, -1.775000000000000133, -2.257773191766060006E-16 ) ) ;
#5226 = EDGE_LOOP ( 'NONE', ( #4754, #3600, #5937, #86 ) ) ;
#5227 = AXIS2_PLACEMENT_3D ( 'NONE', #4542, #2262, #6186 ) ;
#5228 = CARTESIAN_POINT ( 'NONE',  ( -1.894092698519769913, -1.562662853288620202, -1.289768253700599887 ) ) ;
#5229 = ORIENTED_EDGE ( 'NONE', *, *, #4896, .F. ) ;
#5230 = CARTESIAN_POINT ( 'NONE',  ( 2.250000000000000000, -0.09000000000000921152, 0.2425000000000000211 ) ) ;
#5231 = CARTESIAN_POINT ( 'NONE',  ( -2.540662314108554920, 0.000000000000000000, 0.8747882480931009619 ) ) ;
#5232 = DIRECTION ( 'NONE',  ( 0.000000000000000000, 1.000000000000000000, 0.000000000000000000 ) ) ;
#5233 = DIRECTION ( 'NONE',  ( 0.000000000000000000, 0.000000000000000000, 1.000000000000000000 ) ) ;
#5234 = COLOUR_RGB ( '',1.000000000000000000, 1.000000000000000000, 1.000000000000000000 ) ;
#5235 = LINE ( 'NONE', #3554, #284 ) ;
#5236 = EDGE_CURVE ( 'NONE', #5070, #4405, #4469, .T. ) ;
#5237 = DIRECTION ( 'NONE',  ( 1.000000000000000000, 6.101831366007240336E-19, 1.734723475976804976E-18 ) ) ;
#5238 = CIRCLE ( 'NONE', #3755, 0.1499999999999999667 ) ;
#5239 = ORIENTED_EDGE ( 'NONE', *, *, #4846, .T. ) ;
#5240 = CARTESIAN_POINT ( 'NONE',  ( -1.050000000000000044, -2.024999999999999911, 1.614433756729739988 ) ) ;
#5241 = EDGE_CURVE ( 'NONE', #2440, #376, #2141, .T. ) ;
#5242 = AXIS2_PLACEMENT_3D ( 'NONE', #1943, #7223, #4218 ) ;
#5243 = ORIENTED_EDGE ( 'NONE', *, *, #5241, .F. ) ;
#5244 = DIRECTION ( 'NONE',  ( 0.000000000000000000, 0.000000000000000000, 1.000000000000000000 ) ) ;
#5245 = CYLINDRICAL_SURFACE ( 'NONE', #6616, 0.1199999999999998845 ) ;
#5246 = CARTESIAN_POINT ( 'NONE',  ( 2.750000000000000000, -1.283000000000000140, -0.1524999999999999967 ) ) ;
#5247 = VERTEX_POINT ( 'NONE', #839 ) ;
#5248 = LINE ( 'NONE', #7336, #193 ) ;
#5249 = EDGE_CURVE ( 'NONE', #5279, #3477, #6892, .T. ) ;
#5250 = EDGE_LOOP ( 'NONE', ( #270, #3711, #5026, #123 ) ) ;
#5251 = DIRECTION ( 'NONE',  ( 0.000000000000000000, 0.000000000000000000, 1.000000000000000000 ) ) ;
#5252 = ORIENTED_EDGE ( 'NONE', *, *, #6524, .F. ) ;
#5253 = EDGE_CURVE ( 'NONE', #1028, #376, #6928, .T. ) ;
#5254 = CARTESIAN_POINT ( 'NONE',  ( 2.250000000000000000, -0.5000000000000000000, -0.9499999999999999556 ) ) ;
#5255 = DIRECTION ( 'NONE',  ( 1.000000000000000000, 0.000000000000000000, 0.000000000000000000 ) ) ;
#5256 = CYLINDRICAL_SURFACE ( 'NONE', #3982, 0.04999999999999991257 ) ;
#5257 = FACE_OUTER_BOUND ( 'NONE', #2204, .T. ) ;
#5258 = AXIS2_PLACEMENT_3D ( 'NONE', #1577, #4061, #1757 ) ;
#5259 = EDGE_CURVE ( 'NONE', #7173, #653, #4510, .T. ) ;
#5260 = DIRECTION ( 'NONE',  ( 0.000000000000000000, 0.000000000000000000, 1.000000000000000000 ) ) ;
#5261 = DIRECTION ( 'NONE',  ( -1.000000000000000000, 2.409338161078903914E-15, 0.000000000000000000 ) ) ;
#5262 = CIRCLE ( 'NONE', #2615, 0.2000000000000000944 ) ;
#5263 = ORIENTED_EDGE ( 'NONE', *, *, #7095, .T. ) ;
#5264 = CARTESIAN_POINT ( 'NONE',  ( -2.250000000000000000, -2.000000000000000000, 1.600000000000000089 ) ) ;
#5265 = AXIS2_PLACEMENT_3D ( 'NONE', #614, #1636, #514 ) ;
#5266 = ORIENTED_EDGE ( 'NONE', *, *, #4651, .T. ) ;
#5267 = CARTESIAN_POINT ( 'NONE',  ( -2.419999999999999929, -1.324999999999999956, 0.3099999999999999978 ) ) ;
#5268 = ORIENTED_EDGE ( 'NONE', *, *, #4569, .F. ) ;
#5269 = FACE_OUTER_BOUND ( 'NONE', #6272, .T. ) ;
#5270 = EDGE_CURVE ( 'NONE', #675, #5190, #2078, .T. ) ;
#5271 = CARTESIAN_POINT ( 'NONE',  ( -1.870190296114370154, -2.168404344971009854E-16, -1.245190296114374151 ) ) ;
#5272 = CYLINDRICAL_SURFACE ( 'NONE', #3535, 0.05000000000000002359 ) ;
#5273 = EDGE_CURVE ( 'NONE', #3175, #3932, #2212, .T. ) ;
#5274 = ADVANCED_FACE ( 'NONE', ( #4435 ), #5199, .F. ) ;
#5275 = TOROIDAL_SURFACE ( 'NONE', #2798, 0.2100000000000000200, 0.2000000000000000111 ) ;
#5276 = DIRECTION ( 'NONE',  ( 1.000000000000000000, 0.000000000000000000, 0.000000000000000000 ) ) ;
#5277 = ORIENTED_EDGE ( 'NONE', *, *, #271, .F. ) ;
#5278 = DIRECTION ( 'NONE',  ( 1.000000000000000000, 0.000000000000000000, 0.000000000000000000 ) ) ;
#5279 = VERTEX_POINT ( 'NONE', #6342 ) ;
#5280 = DIRECTION ( 'NONE',  ( 0.000000000000000000, 0.000000000000000000, -1.000000000000000000 ) ) ;
#5281 = CARTESIAN_POINT ( 'NONE',  ( -2.100000000000000089, -0.5742640687119289211, 1.474999999999999867 ) ) ;
#5282 = LINE ( 'NONE', #6883, #528 ) ;
#5283 = ORIENTED_EDGE ( 'NONE', *, *, #7279, .T. ) ;
#5284 = ORIENTED_EDGE ( 'NONE', *, *, #2944, .T. ) ;
#5285 = DIRECTION ( 'NONE',  ( 1.000000000000000000, 0.000000000000000000, 0.000000000000000000 ) ) ;
#5286 = CARTESIAN_POINT ( 'NONE',  ( 2.750000000000000000, -1.139999999999999902, 1.800000000000000044 ) ) ;
#5287 = DIRECTION ( 'NONE',  ( -1.734723475976804976E-18, 0.000000000000000000, 1.000000000000000000 ) ) ;
#5288 = CIRCLE ( 'NONE', #153, 0.04999999999999996114 ) ;
#5289 = CARTESIAN_POINT ( 'NONE',  ( 2.564000000000000057, -1.324999999999999956, -0.1000000000000000056 ) ) ;
#5290 = VECTOR ( 'NONE', #1732, 1000.000000000000000 ) ;
#5291 = FACE_OUTER_BOUND ( 'NONE', #1690, .T. ) ;
#5292 = ORIENTED_EDGE ( 'NONE', *, *, #2974, .T. ) ;
#5293 = DIRECTION ( 'NONE',  ( 0.000000000000000000, 0.000000000000000000, 1.000000000000000000 ) ) ;
#5294 = AXIS2_PLACEMENT_3D ( 'NONE', #6169, #3376, #714 ) ;
#5295 = ORIENTED_EDGE ( 'NONE', *, *, #174, .F. ) ;
#5296 = DIRECTION ( 'NONE',  ( -1.000000000000000000, 0.000000000000000000, 0.000000000000000000 ) ) ;
#5297 = EDGE_CURVE ( 'NONE', #1265, #4994, #1992, .T. ) ;
#5298 = DIRECTION ( 'NONE',  ( 0.000000000000000000, 1.000000000000000000, 0.000000000000000000 ) ) ;
#5299 = AXIS2_PLACEMENT_3D ( 'NONE', #2244, #6640, #1159 ) ;
#5300 = DIRECTION ( 'NONE',  ( 6.101831366007370336E-19, -1.000000000000000000, 1.773043801942030023E-16 ) ) ;
#5301 = TOROIDAL_SURFACE ( 'NONE', #1184, 0.2000000000000000111, 0.05000000000000000278 ) ;
#5302 = CARTESIAN_POINT ( 'NONE',  ( 2.250000000000000000, -2.000000000000000000, -1.571081491559290111 ) ) ;
#5303 = CARTESIAN_POINT ( 'NONE',  ( -2.419999999999999929, -1.080000000000000071, 0.2500000000000000000 ) ) ;
#5304 = EDGE_LOOP ( 'NONE', ( #4709, #2027, #2184, #4451 ) ) ;
#5305 = CARTESIAN_POINT ( 'NONE',  ( 2.250000000000000000, -2.000000000000000000, 1.571081491559290111 ) ) ;
#5306 = ORIENTED_EDGE ( 'NONE', *, *, #6299, .T. ) ;
#5307 = AXIS2_PLACEMENT_3D ( 'NONE', #4024, #1721, #5599 ) ;
#5308 = CIRCLE ( 'NONE', #4702, 0.04999999999999999584 ) ;
#5309 = CIRCLE ( 'NONE', #6416, 0.2000000000000000944 ) ;
#5310 = AXIS2_PLACEMENT_3D ( 'NONE', #5916, #6515, #5813 ) ;
#5311 = CARTESIAN_POINT ( 'NONE',  ( -2.399999999999999911, 0.000000000000000000, 0.9268854014666390029 ) ) ;
#5312 = VECTOR ( 'NONE', #4291, 1000.000000000000000 ) ;
#5313 = FACE_OUTER_BOUND ( 'NONE', #4023, .T. ) ;
#5314 = DIRECTION ( 'NONE',  ( 1.000000000000000000, 0.000000000000000000, 0.000000000000000000 ) ) ;
#5315 = ORIENTED_EDGE ( 'NONE', *, *, #789, .T. ) ;
#5316 = DIRECTION ( 'NONE',  ( 0.000000000000000000, 1.000000000000000000, 0.000000000000000000 ) ) ;
#5317 = ORIENTED_EDGE ( 'NONE', *, *, #5153, .T. ) ;
#5318 = EDGE_CURVE ( 'NONE', #6849, #7108, #7073, .T. ) ;
#5319 = LINE ( 'NONE', #977, #5402 ) ;
#5320 = ADVANCED_FACE ( 'NONE', ( #2020, #2176 ), #2898, .F. ) ;
#5321 = DIRECTION ( 'NONE',  ( 0.000000000000000000, 0.000000000000000000, 1.000000000000000000 ) ) ;
#5322 = LINE ( 'NONE', #4168, #5488 ) ;
#5323 = DIRECTION ( 'NONE',  ( 0.000000000000000000, 0.000000000000000000, -1.000000000000000000 ) ) ;
#5324 = VERTEX_POINT ( 'NONE', #149 ) ;
#5325 = VERTEX_POINT ( 'NONE', #3566 ) ;
#5326 = CARTESIAN_POINT ( 'NONE',  ( -2.569999999999999840, -0.4500000000000000111, -0.2500000000000000000 ) ) ;
#5327 = CARTESIAN_POINT ( 'NONE',  ( 2.750000000000000000, -2.168404344971009854E-16, -1.800000000000000044 ) ) ;
#5328 = PLANE ( 'NONE',  #1240 ) ;
#5329 = DIRECTION ( 'NONE',  ( 0.000000000000000000, 0.000000000000000000, 1.000000000000000000 ) ) ;
#5330 = VECTOR ( 'NONE', #6461, 1000.000000000000000 ) ;
#5331 = EDGE_CURVE ( 'NONE', #2913, #4519, #7089, .T. ) ;
#5332 = ORIENTED_EDGE ( 'NONE', *, *, #2211, .T. ) ;
#5333 = CARTESIAN_POINT ( 'NONE',  ( -2.550000000000000266, -2.160000000000000142, 1.270000000000000018 ) ) ;
#5334 = ORIENTED_EDGE ( 'NONE', *, *, #6447, .T. ) ;
#5335 = CARTESIAN_POINT ( 'NONE',  ( -2.050000000000000266, -2.050000000000000266, 2.500000000000000000 ) ) ;
#5336 = ORIENTED_EDGE ( 'NONE', *, *, #4143, .F. ) ;
#5337 = AXIS2_PLACEMENT_3D ( 'NONE', #1127, #4491, #81 ) ;
#5338 = EDGE_CURVE ( 'NONE', #4532, #6159, #4587, .T. ) ;
#5339 = DIRECTION ( 'NONE',  ( 0.05941309073765485560, -0.9982334820316333124, 0.000000000000000000 ) ) ;
#5340 = DIRECTION ( 'NONE',  ( 1.000000000000000000, 6.101831366007240336E-19, 0.000000000000000000 ) ) ;
#5341 = DIRECTION ( 'NONE',  ( 0.000000000000000000, 0.000000000000000000, -1.000000000000000000 ) ) ;
#5342 = AXIS2_PLACEMENT_3D ( 'NONE', #5879, #6429, #1821 ) ;
#5343 = VECTOR ( 'NONE', #2663, 1000.000000000000000 ) ;
#5344 = DIRECTION ( 'NONE',  ( 0.000000000000000000, 1.000000000000000000, 0.000000000000000000 ) ) ;
#5345 = FACE_OUTER_BOUND ( 'NONE', #364, .T. ) ;
#5346 = CIRCLE ( 'NONE', #3387, 0.04999999999999991257 ) ;
#5347 = CARTESIAN_POINT ( 'NONE',  ( 2.750000000000000000, -1.765000000000000124, -1.800000000000000044 ) ) ;
#5348 = ORIENTED_EDGE ( 'NONE', *, *, #1062, .T. ) ;
#5349 = CARTESIAN_POINT ( 'NONE',  ( 2.550000000000000266, -2.000000000000000000, 0.9000000000000000222 ) ) ;
#5350 = ORIENTED_EDGE ( 'NONE', *, *, #3833, .F. ) ;
#5351 = DIRECTION ( 'NONE',  ( 0.000000000000000000, -1.000000000000000000, 1.765022676065230063E-19 ) ) ;
#5352 = ORIENTED_EDGE ( 'NONE', *, *, #1363, .T. ) ;
#5353 = LINE ( 'NONE', #501, #467 ) ;
#5354 = AXIS2_PLACEMENT_3D ( 'NONE', #1499, #1630, #896 ) ;
#5355 = CARTESIAN_POINT ( 'NONE',  ( -2.050000000000000266, -2.050000000000000266, 2.000000000000000000 ) ) ;
#5356 = CYLINDRICAL_SURFACE ( 'NONE', #2127, 0.04999999999999991257 ) ;
#5357 = ORIENTED_EDGE ( 'NONE', *, *, #3551, .F. ) ;
#5358 = CARTESIAN_POINT ( 'NONE',  ( 2.569999999999999840, -0.3000000000000094813, 0.1524999999999999967 ) ) ;
#5359 = CARTESIAN_POINT ( 'NONE',  ( 2.682690296114369932, -2.168404344971009854E-16, 0.4326902961143724857 ) ) ;
#5360 = ORIENTED_EDGE ( 'NONE', *, *, #1156, .F. ) ;
#5361 = DIRECTION ( 'NONE',  ( 0.000000000000000000, 0.000000000000000000, 1.000000000000000000 ) ) ;
#5362 = FACE_OUTER_BOUND ( 'NONE', #2647, .T. ) ;
#5363 = ADVANCED_FACE ( 'NONE', ( #4481 ), #2188, .T. ) ;
#5364 = VERTEX_POINT ( 'NONE', #1374 ) ;
#5365 = LINE ( 'NONE', #3985, #447 ) ;
#5366 = EDGE_CURVE ( 'NONE', #891, #3341, #2032, .T. ) ;
#5367 = DIRECTION ( 'NONE',  ( 2.115516434118059681E-16, 0.000000000000000000, 1.000000000000000000 ) ) ;
#5368 = VECTOR ( 'NONE', #2133, 1000.000000000000000 ) ;
#5369 = VERTEX_POINT ( 'NONE', #1832 ) ;
#5370 = DIRECTION ( 'NONE',  ( -6.101831366007370336E-19, 1.000000000000000000, 4.336808689942019662E-19 ) ) ;
#5371 = DIRECTION ( 'NONE',  ( 6.101831366007370336E-19, -1.000000000000000000, 1.773043801942030023E-16 ) ) ;
#5372 = CARTESIAN_POINT ( 'NONE',  ( 1.207690296114370287, -2.168404344971009854E-16, -1.042309703885625938 ) ) ;
#5373 = ORIENTED_EDGE ( 'NONE', *, *, #6980, .T. ) ;
#5374 = CYLINDRICAL_SURFACE ( 'NONE', #6250, 0.05000000000000012768 ) ;
#5375 = EDGE_LOOP ( 'NONE', ( #5816, #833, #1148, #5769, #6093, #4159, #1016, #5939 ) ) ;
#5376 = ADVANCED_FACE ( 'NONE', ( #2087 ), #3469, .F. ) ;
#5377 = EDGE_CURVE ( 'NONE', #1004, #2347, #6988, .T. ) ;
#5378 = CIRCLE ( 'NONE', #3302, 0.2000000000000000389 ) ;
#5379 = ORIENTED_EDGE ( 'NONE', *, *, #6263, .T. ) ;
#5380 =( GEOMETRIC_REPRESENTATION_CONTEXT ( 3 ) GLOBAL_UNCERTAINTY_ASSIGNED_CONTEXT ( ( #6630 ) ) GLOBAL_UNIT_ASSIGNED_CONTEXT ( ( #1274, #5626, #3542 ) ) REPRESENTATION_CONTEXT ( 'NONE', 'WORKASPACE' ) );
#5381 = CARTESIAN_POINT ( 'NONE',  ( 2.600000000000000089, -1.324999999999999956, 0.1000000000000000056 ) ) ;
#5382 = DIRECTION ( 'NONE',  ( 0.000000000000000000, 4.336808689942014847E-19, -1.000000000000000000 ) ) ;
#5383 = CARTESIAN_POINT ( 'NONE',  ( -2.550000000000000266, -2.024999999999999911, 1.614433756729739988 ) ) ;
#5384 = DIRECTION ( 'NONE',  ( 0.000000000000000000, -1.000000000000000000, 0.000000000000000000 ) ) ;
#5385 = PLANE ( 'NONE',  #973 ) ;
#5386 = CARTESIAN_POINT ( 'NONE',  ( -2.550000000000000266, 0.000000000000000000, -0.9000000000000000222 ) ) ;
#5387 = ORIENTED_EDGE ( 'NONE', *, *, #4761, .F. ) ;
#5388 = EDGE_LOOP ( 'NONE', ( #6825, #2990, #7222, #1936, #2430, #1835, #4853, #881 ) ) ;
#5389 = CIRCLE ( 'NONE', #453, 0.04999999999999991257 ) ;
#5390 = AXIS2_PLACEMENT_3D ( 'NONE', #3409, #1770, #4600 ) ;
#5391 = CARTESIAN_POINT ( 'NONE',  ( 2.550000000000000266, -2.168404344971009854E-16, 1.800000000000000044 ) ) ;
#5392 = LINE ( 'NONE', #7269, #472 ) ;
#5393 = PLANE ( 'NONE',  #3076 ) ;
#5394 = ORIENTED_EDGE ( 'NONE', *, *, #618, .T. ) ;
#5395 = DIRECTION ( 'NONE',  ( -0.8320502943378436100, 0.4803844614152557591, -0.2773500981126248988 ) ) ;
#5396 = EDGE_CURVE ( 'NONE', #1864, #5814, #4445, .T. ) ;
#5397 = CARTESIAN_POINT ( 'NONE',  ( -2.550000000000000266, 0.000000000000000000, 0.9268854014666390029 ) ) ;
#5398 = VECTOR ( 'NONE', #7252, 1000.000000000000000 ) ;
#5399 = EDGE_LOOP ( 'NONE', ( #7191, #6311, #1444, #4759 ) ) ;
#5400 = CARTESIAN_POINT ( 'NONE',  ( -2.449999999999999734, -0.1800000000000085143, -0.1524999999999999967 ) ) ;
#5401 = DIRECTION ( 'NONE',  ( 0.000000000000000000, -1.000000000000000000, 0.000000000000000000 ) ) ;
#5402 = VECTOR ( 'NONE', #830, 1000.000000000000000 ) ;
#5403 = CYLINDRICAL_SURFACE ( 'NONE', #1956, 0.5000000000000000000 ) ;
#5404 = ORIENTED_EDGE ( 'NONE', *, *, #6956, .T. ) ;
#5405 = CARTESIAN_POINT ( 'NONE',  ( 2.750000000000000000, -1.765000000000000124, -0.1000000000000000056 ) ) ;
#5406 = DIRECTION ( 'NONE',  ( 0.000000000000000000, 4.336808689942014847E-19, -1.000000000000000000 ) ) ;
#5407 = EDGE_CURVE ( 'NONE', #1045, #6870, #7046, .T. ) ;
#5408 = AXIS2_PLACEMENT_3D ( 'NONE', #928, #1909, #3628 ) ;
#5409 = VECTOR ( 'NONE', #4648, 1000.000000000000000 ) ;
#5410 = ORIENTED_EDGE ( 'NONE', *, *, #478, .T. ) ;
#5411 = EDGE_CURVE ( 'NONE', #3774, #1517, #5045, .T. ) ;
#5412 = FACE_OUTER_BOUND ( 'NONE', #4244, .T. ) ;
#5413 = DIRECTION ( 'NONE',  ( 0.000000000000000000, 1.000000000000000000, 0.000000000000000000 ) ) ;
#5414 = AXIS2_PLACEMENT_3D ( 'NONE', #1526, #4766, #6501 ) ;
#5415 = AXIS2_PLACEMENT_3D ( 'NONE', #2945, #3088, #4121 ) ;
#5416 = CIRCLE ( 'NONE', #800, 0.09000000000000001055 ) ;
#5417 = ORIENTED_EDGE ( 'NONE', *, *, #2303, .F. ) ;
#5418 = CARTESIAN_POINT ( 'NONE',  ( -2.569999999999999840, -0.3499999999999999778, 0.2500000000000000000 ) ) ;
#5419 = EDGE_CURVE ( 'NONE', #171, #459, #6937, .T. ) ;
#5420 = DIRECTION ( 'NONE',  ( -1.000000000000000000, 0.000000000000000000, 0.000000000000000000 ) ) ;
#5421 = VERTEX_POINT ( 'NONE', #5471 ) ;
#5422 = EDGE_CURVE ( 'NONE', #1023, #1780, #2043, .T. ) ;
#5423 = DIRECTION ( 'NONE',  ( 0.000000000000000000, 0.000000000000000000, -1.000000000000000000 ) ) ;
#5424 = ADVANCED_FACE ( 'NONE', ( #2152 ), #4661, .F. ) ;
#5425 = ORIENTED_EDGE ( 'NONE', *, *, #5926, .T. ) ;
#5426 = DIRECTION ( 'NONE',  ( -1.000000000000000000, -6.101831366007240336E-19, 0.000000000000000000 ) ) ;
#5427 = AXIS2_PLACEMENT_3D ( 'NONE', #1668, #6151, #2843 ) ;
#5428 = AXIS2_PLACEMENT_3D ( 'NONE', #6508, #400, #776 ) ;
#5429 = LINE ( 'NONE', #420, #5368 ) ;
#5430 = ORIENTED_EDGE ( 'NONE', *, *, #5018, .T. ) ;
#5431 = DIRECTION ( 'NONE',  ( 1.000000000000000000, 6.101831366007240336E-19, 0.000000000000000000 ) ) ;
#5432 = ORIENTED_EDGE ( 'NONE', *, *, #329, .F. ) ;
#5433 = CARTESIAN_POINT ( 'NONE',  ( -2.419999999999999929, -0.3499999999999999778, 0.2500000000000000000 ) ) ;
#5434 = DIRECTION ( 'NONE',  ( 0.000000000000000000, 0.000000000000000000, 1.000000000000000000 ) ) ;
#5435 = DIRECTION ( 'NONE',  ( -1.734723475976804976E-18, -1.058499011706437563E-36, 1.000000000000000000 ) ) ;
#5436 = CYLINDRICAL_SURFACE ( 'NONE', #2660, 0.04999999999999991257 ) ;
#5437 = VERTEX_POINT ( 'NONE', #3905 ) ;
#5438 = FACE_OUTER_BOUND ( 'NONE', #2174, .T. ) ;
#5439 = CARTESIAN_POINT ( 'NONE',  ( 2.050000000000000266, -2.000000000000000000, 1.657735026918965016 ) ) ;
#5440 = ADVANCED_FACE ( 'NONE', ( #2116 ), #2048, .F. ) ;
#5441 = LINE ( 'NONE', #5692, #5529 ) ;
#5442 = DIRECTION ( 'NONE',  ( 0.000000000000000000, 1.000000000000000000, 0.000000000000000000 ) ) ;
#5443 = ORIENTED_EDGE ( 'NONE', *, *, #598, .F. ) ;
#5444 = CARTESIAN_POINT ( 'NONE',  ( 2.600000000000000089, -1.775000000000000133, 0.1000000000000000056 ) ) ;
#5445 = CIRCLE ( 'NONE', #335, 0.3499999999999998113 ) ;
#5446 = VERTEX_POINT ( 'NONE', #1558 ) ;
#5447 = CARTESIAN_POINT ( 'NONE',  ( -2.682690296114374817, -0.5742640687119289211, -0.4326902961143724857 ) ) ;
#5448 = DIRECTION ( 'NONE',  ( 0.000000000000000000, 1.000000000000000000, 0.000000000000000000 ) ) ;
#5449 = FACE_OUTER_BOUND ( 'NONE', #790, .T. ) ;
#5450 = EDGE_LOOP ( 'NONE', ( #2086, #5174, #6295, #2398 ) ) ;
#5451 = DIRECTION ( 'NONE',  ( 0.000000000000000000, 0.000000000000000000, -1.000000000000000000 ) ) ;
#5452 = CARTESIAN_POINT ( 'NONE',  ( -1.870190296114370154, -2.168404344971009854E-16, -1.704809703885624916 ) ) ;
#5453 = EDGE_CURVE ( 'NONE', #4518, #2913, #7121, .T. ) ;
#5454 = FACE_OUTER_BOUND ( 'NONE', #2083, .T. ) ;
#5455 = EDGE_LOOP ( 'NONE', ( #757, #4609, #5461, #6926, #3155, #906 ) ) ;
#5456 = FACE_OUTER_BOUND ( 'NONE', #6703, .T. ) ;
#5457 = CARTESIAN_POINT ( 'NONE',  ( 2.564000000000000057, -2.010000000000000231, -0.5020000000000000018 ) ) ;
#5458 = AXIS2_PLACEMENT_3D ( 'NONE', #5936, #5371, #4700 ) ;
#5459 = CARTESIAN_POINT ( 'NONE',  ( 2.050000000000000266, -2.050000000000000266, 2.500000000000000000 ) ) ;
#5460 = FACE_OUTER_BOUND ( 'NONE', #6752, .T. ) ;
#5461 = ORIENTED_EDGE ( 'NONE', *, *, #4523, .T. ) ;
#5462 = CARTESIAN_POINT ( 'NONE',  ( -2.550000000000000266, -0.1499999999999999944, 1.800000000000000044 ) ) ;
#5463 = EDGE_CURVE ( 'NONE', #3321, #3086, #2066, .T. ) ;
#5464 = CARTESIAN_POINT ( 'NONE',  ( 2.419999999999999929, -0.2999999999999999889, -0.2000000000000000111 ) ) ;
#5465 = ORIENTED_EDGE ( 'NONE', *, *, #6596, .F. ) ;
#5466 = EDGE_CURVE ( 'NONE', #6021, #6741, #7035, .T. ) ;
#5467 = VECTOR ( 'NONE', #546, 1000.000000000000000 ) ;
#5468 = AXIS2_PLACEMENT_3D ( 'NONE', #5037, #6710, #1623 ) ;
#5469 = DIRECTION ( 'NONE',  ( -6.101831366007370336E-19, 1.000000000000000000, 0.000000000000000000 ) ) ;
#5470 = ORIENTED_EDGE ( 'NONE', *, *, #183, .F. ) ;
#5471 = CARTESIAN_POINT ( 'NONE',  ( 1.050000000000000044, -2.050000000000000266, 1.657735026918965016 ) ) ;
#5472 = CIRCLE ( 'NONE', #2867, 0.1999999999999999833 ) ;
#5473 = EDGE_LOOP ( 'NONE', ( #3654, #2661, #207 ) ) ;
#5474 = PLANE ( 'NONE',  #1548 ) ;
#5475 = DIRECTION ( 'NONE',  ( 1.000000000000000000, 6.101831366007240336E-19, 1.734723475976804976E-18 ) ) ;
#5476 = EDGE_CURVE ( 'NONE', #675, #368, #2227, .T. ) ;
#5477 = CARTESIAN_POINT ( 'NONE',  ( -2.600000000000000089, -0.2999999999999999889, -1.149999999999999911 ) ) ;
#5478 = EDGE_LOOP ( 'NONE', ( #2476, #4802, #2622, #4257, #6692, #5860 ) ) ;
#5479 = CARTESIAN_POINT ( 'NONE',  ( -2.399999999999999911, 0.000000000000000000, -0.9268854014666400021 ) ) ;
#5480 = DIRECTION ( 'NONE',  ( 0.000000000000000000, 0.000000000000000000, -1.000000000000000000 ) ) ;
#5481 = LINE ( 'NONE', #1192, #5687 ) ;
#5482 = ADVANCED_FACE ( 'NONE', ( #4554 ), #7225, .T. ) ;
#5483 = ORIENTED_EDGE ( 'NONE', *, *, #3369, .T. ) ;
#5484 = EDGE_CURVE ( 'NONE', #459, #3665, #4688, .T. ) ;
#5485 = CARTESIAN_POINT ( 'NONE',  ( -2.350000000000000089, -2.000000000000000000, 0.3331145985333605619 ) ) ;
#5486 = VECTOR ( 'NONE', #2210, 1000.000000000000000 ) ;
#5487 = PLANE ( 'NONE',  #918 ) ;
#5488 = VECTOR ( 'NONE', #2276, 1000.000000000000000 ) ;
#5489 = CARTESIAN_POINT ( 'NONE',  ( -2.750000000000000000, -1.449999999999999956, -1.270000000000000018 ) ) ;
#5490 = ORIENTED_EDGE ( 'NONE', *, *, #2289, .T. ) ;
#5491 = CARTESIAN_POINT ( 'NONE',  ( 2.250000000000000000, -0.5000000000000000000, 0.9499999999999999556 ) ) ;
#5492 = CARTESIAN_POINT ( 'NONE',  ( 1.965380592228740175, -0.1499999999999999944, -1.800000000000000044 ) ) ;
#5493 = ORIENTED_EDGE ( 'NONE', *, *, #1451, .F. ) ;
#5494 = CIRCLE ( 'NONE', #860, 0.04999999999999991257 ) ;
#5495 = VERTEX_POINT ( 'NONE', #6090 ) ;
#5496 = CARTESIAN_POINT ( 'NONE',  ( -2.500000000000000000, -3.861077027627485059, 0.3331145985333605619 ) ) ;
#5497 = LINE ( 'NONE', #6223, #605 ) ;
#5498 = EDGE_CURVE ( 'NONE', #5446, #2515, #6975, .T. ) ;
#5499 = ADVANCED_FACE ( 'NONE', ( #2103 ), #3768, .F. ) ;
#5500 = CYLINDRICAL_SURFACE ( 'NONE', #526, 0.1999999999999999833 ) ;
#5501 = DIRECTION ( 'NONE',  ( 0.000000000000000000, 1.000000000000000000, 0.000000000000000000 ) ) ;
#5502 = APPLICATION_PROTOCOL_DEFINITION ( 'draft international standard', 'automotive_design', 1998, #836 ) ;
#5503 = ORIENTED_EDGE ( 'NONE', *, *, #6019, .F. ) ;
#5504 = DIRECTION ( 'NONE',  ( 0.000000000000000000, 1.000000000000000000, 0.000000000000000000 ) ) ;
#5505 = EDGE_CURVE ( 'NONE', #6468, #4735, #6879, .T. ) ;
#5506 = ORIENTED_EDGE ( 'NONE', *, *, #4158, .F. ) ;
#5507 = EDGE_LOOP ( 'NONE', ( #7321, #7236, #1794, #1867 ) ) ;
#5508 = FACE_OUTER_BOUND ( 'NONE', #3183, .T. ) ;
#5509 = ORIENTED_EDGE ( 'NONE', *, *, #5633, .T. ) ;
#5510 = FACE_OUTER_BOUND ( 'NONE', #4171, .T. ) ;
#5511 = CARTESIAN_POINT ( 'NONE',  ( 2.569999999999999840, -0.4500000000000000111, -0.2999999999999999889 ) ) ;
#5512 = CARTESIAN_POINT ( 'NONE',  ( 2.605999999999999872, -1.572999999999999954, -0.1000000000000000056 ) ) ;
#5513 = CARTESIAN_POINT ( 'NONE',  ( -0.9366025403784440373, -2.000000000000000000, -1.600000000000000089 ) ) ;
#5514 =( BOUNDED_CURVE ( )  B_SPLINE_CURVE ( 3, ( #6246, #2942, #603, #7360 ),
 .UNSPECIFIED., .F., .F. ) 
 B_SPLINE_CURVE_WITH_KNOTS ( ( 4, 4 ),
 ( 4.712388980384689674, 5.759586681676450048 ),
 .UNSPECIFIED. ) 
 CURVE ( )  GEOMETRIC_REPRESENTATION_ITEM ( )  RATIONAL_B_SPLINE_CURVE ( ( 1.000000000000000000, 0.9106835775070970529, 0.9106835775070970529, 1.000000000000000000 ) ) 
 REPRESENTATION_ITEM ( '' )  );
#5515 = VECTOR ( 'NONE', #1989, 1000.000000000000000 ) ;
#5516 = ORIENTED_EDGE ( 'NONE', *, *, #691, .T. ) ;
#5517 = CARTESIAN_POINT ( 'NONE',  ( 2.248513359643100173, -2.024999999999999911, -1.614433756729739988 ) ) ;
#5518 = EDGE_CURVE ( 'NONE', #1920, #6094, #7016, .T. ) ;
#5519 = AXIS2_PLACEMENT_3D ( 'NONE', #6058, #6008, #3829 ) ;
#5520 = EDGE_CURVE ( 'NONE', #2882, #2265, #1982, .T. ) ;
#5521 = ORIENTED_EDGE ( 'NONE', *, *, #2413, .F. ) ;
#5522 = ORIENTED_EDGE ( 'NONE', *, *, #4943, .F. ) ;
#5523 = LINE ( 'NONE', #2623, #615 ) ;
#5524 = CARTESIAN_POINT ( 'NONE',  ( 2.569999999999999840, -0.2999999999999999889, -0.2000000000000000111 ) ) ;
#5525 = AXIS2_PLACEMENT_3D ( 'NONE', #1532, #2114, #3152 ) ;
#5526 = ORIENTED_EDGE ( 'NONE', *, *, #7183, .F. ) ;
#5527 = CARTESIAN_POINT ( 'NONE',  ( 2.550000000000000266, -0.1499999999999999944, 1.800000000000000044 ) ) ;
#5528 = LINE ( 'NONE', #1929, #5548 ) ;
#5529 = VECTOR ( 'NONE', #4751, 1000.000000000000000 ) ;
#5530 = VERTEX_POINT ( 'NONE', #2592 ) ;
#5531 = DIRECTION ( 'NONE',  ( 1.000000000000000000, 6.101831366007240336E-19, 1.734723475976804976E-18 ) ) ;
#5532 = CARTESIAN_POINT ( 'NONE',  ( 2.250000000000000000, -2.024999999999999911, 1.614433756729739988 ) ) ;
#5533 = VERTEX_POINT ( 'NONE', #1008 ) ;
#5534 = DIRECTION ( 'NONE',  ( 1.000000000000000000, 0.000000000000000000, 0.000000000000000000 ) ) ;
#5535 = ORIENTED_EDGE ( 'NONE', *, *, #2413, .T. ) ;
#5536 = DIRECTION ( 'NONE',  ( -6.101831366007370336E-19, 1.000000000000000000, 0.000000000000000000 ) ) ;
#5537 = VECTOR ( 'NONE', #1319, 1000.000000000000000 ) ;
#5538 = DIRECTION ( 'NONE',  ( 0.000000000000000000, 1.777380610631974753E-16, -1.000000000000000000 ) ) ;
#5539 = LINE ( 'NONE', #1767, #461 ) ;
#5540 = DIRECTION ( 'NONE',  ( 1.000000000000000000, 0.000000000000000000, 0.000000000000000000 ) ) ;
#5541 = ORIENTED_EDGE ( 'NONE', *, *, #6627, .T. ) ;
#5542 = PLANE ( 'NONE',  #1758 ) ;
#5543 = VERTEX_POINT ( 'NONE', #3713 ) ;
#5544 = ADVANCED_FACE ( 'NONE', ( #2004 ), #2164, .T. ) ;
#5545 = ORIENTED_EDGE ( 'NONE', *, *, #2577, .F. ) ;
#5546 = PLANE ( 'NONE',  #1344 ) ;
#5547 = CARTESIAN_POINT ( 'NONE',  ( -2.250000000000000000, -2.000000000000000000, 1.571132486540520068 ) ) ;
#5548 = VECTOR ( 'NONE', #4796, 1000.000000000000000 ) ;
#5549 = EDGE_CURVE ( 'NONE', #6612, #5446, #4625, .T. ) ;
#5550 = VECTOR ( 'NONE', #6636, 1000.000000000000000 ) ;
#5551 = CARTESIAN_POINT ( 'NONE',  ( 2.660000000000000142, -0.3000000000000099254, -0.1524999999999999967 ) ) ;
#5552 = DIRECTION ( 'NONE',  ( 0.7071067811865470176, 0.000000000000000000, -0.7071067811865480168 ) ) ;
#5553 = ORIENTED_EDGE ( 'NONE', *, *, #1788, .F. ) ;
#5554 = CARTESIAN_POINT ( 'NONE',  ( 2.550000000000000266, -2.024999999999999911, 1.614433756729739988 ) ) ;
#5555 = AXIS2_PLACEMENT_3D ( 'NONE', #7115, #379, #2085 ) ;
#5556 = ORIENTED_EDGE ( 'NONE', *, *, #2933, .T. ) ;
#5557 = VECTOR ( 'NONE', #652, 1000.000000000000000 ) ;
#5558 = ORIENTED_EDGE ( 'NONE', *, *, #1817, .T. ) ;
#5559 = EDGE_CURVE ( 'NONE', #3413, #6741, #7227, .T. ) ;
#5560 = DIRECTION ( 'NONE',  ( 0.000000000000000000, 1.000000000000000000, 0.000000000000000000 ) ) ;
#5561 = VECTOR ( 'NONE', #5931, 1000.000000000000114 ) ;
#5562 = VERTEX_POINT ( 'NONE', #4966 ) ;
#5563 = EDGE_CURVE ( 'NONE', #5960, #3837, #7312, .T. ) ;
#5564 = CARTESIAN_POINT ( 'NONE',  ( -1.050000000000000044, -2.000000000000000000, -1.657735026918965016 ) ) ;
#5565 = LINE ( 'NONE', #3806, #696 ) ;
#5566 = AXIS2_PLACEMENT_3D ( 'NONE', #6521, #5972, #3748 ) ;
#5567 = DIRECTION ( 'NONE',  ( -1.000000000000000000, -6.101831366007240336E-19, -1.734723475976804976E-18 ) ) ;
#5568 = ORIENTED_EDGE ( 'NONE', *, *, #3198, .T. ) ;
#5569 = LINE ( 'NONE', #7259, #805 ) ;
#5570 = CARTESIAN_POINT ( 'NONE',  ( 1.870190296114370154, -2.168404344971009854E-16, 1.704809703885624916 ) ) ;
#5571 = ORIENTED_EDGE ( 'NONE', *, *, #4541, .T. ) ;
#5572 = CARTESIAN_POINT ( 'NONE',  ( -2.550000000000000266, 0.8400000000000000799, 2.000000000000000000 ) ) ;
#5573 = LINE ( 'NONE', #7348, #5486 ) ;
#5574 = FACE_BOUND ( 'NONE', #6715, .T. ) ;
#5575 = EDGE_CURVE ( 'NONE', #6355, #4793, #4934, .T. ) ;
#5576 = VERTEX_POINT ( 'NONE', #6939 ) ;
#5577 = EDGE_CURVE ( 'NONE', #1189, #608, #7267, .T. ) ;
#5578 = DIRECTION ( 'NONE',  ( 0.000000000000000000, 4.336808689942014847E-19, -1.000000000000000000 ) ) ;
#5579 = FACE_OUTER_BOUND ( 'NONE', #4310, .T. ) ;
#5580 = EDGE_LOOP ( 'NONE', ( #6793, #6968, #1088 ) ) ;
#5581 = DIRECTION ( 'NONE',  ( -1.000000000000000000, 0.000000000000000000, 0.000000000000000000 ) ) ;
#5582 = DIRECTION ( 'NONE',  ( 1.000000000000000000, 0.000000000000000000, 0.000000000000000000 ) ) ;
#5583 = AXIS2_PLACEMENT_3D ( 'NONE', #7083, #4872, #5435 ) ;
#5584 = DIRECTION ( 'NONE',  ( 1.000000000000000000, 0.000000000000000000, 0.000000000000000000 ) ) ;
#5585 = ORIENTED_EDGE ( 'NONE', *, *, #3636, .F. ) ;
#5586 = CARTESIAN_POINT ( 'NONE',  ( 2.419999999999999929, -0.3499999999999999778, 0.2500000000000000000 ) ) ;
#5587 = EDGE_CURVE ( 'NONE', #3402, #3703, #7301, .T. ) ;
#5588 = CARTESIAN_POINT ( 'NONE',  ( -2.564000000000000057, -1.324999999999999956, 0.5020000000000000018 ) ) ;
#5589 = LINE ( 'NONE', #3001, #814 ) ;
#5590 = ADVANCED_FACE ( 'NONE', ( #17 ), #1165, .F. ) ;
#5591 = EDGE_CURVE ( 'NONE', #4996, #704, #2301, .T. ) ;
#5592 = AXIS2_PLACEMENT_3D ( 'NONE', #5246, #6489, #5329 ) ;
#5593 = CIRCLE ( 'NONE', #1915, 0.1499999999999999667 ) ;
#5594 = ORIENTED_EDGE ( 'NONE', *, *, #4748, .F. ) ;
#5595 = DIRECTION ( 'NONE',  ( 0.000000000000000000, 0.000000000000000000, -1.000000000000000000 ) ) ;
#5596 =( LENGTH_UNIT ( ) NAMED_UNIT ( * ) SI_UNIT ( .MILLI., .METRE. ) );
#5597 = CIRCLE ( 'NONE', #7296, 0.2479999999999999982 ) ;
#5598 = EDGE_CURVE ( 'NONE', #3018, #7298, #7151, .T. ) ;
#5599 = DIRECTION ( 'NONE',  ( 1.000000000000000000, 0.000000000000000000, 0.000000000000000000 ) ) ;
#5600 = ORIENTED_EDGE ( 'NONE', *, *, #2728, .F. ) ;
#5601 = AXIS2_PLACEMENT_3D ( 'NONE', #5513, #2768, #6634 ) ;
#5602 = CARTESIAN_POINT ( 'NONE',  ( -0.9825851184070265587, -2.049999999999997602, -1.630539217345776226 ) ) ;
#5603 = TOROIDAL_SURFACE ( 'NONE', #278, 0.2100000000000000200, 0.09000000000000001055 ) ;
#5604 = DIRECTION ( 'NONE',  ( 0.000000000000000000, -1.000000000000000000, 0.000000000000000000 ) ) ;
#5605 = ADVANCED_FACE ( 'NONE', ( #7192 ), #4822, .F. ) ;
#5606 = ORIENTED_EDGE ( 'NONE', *, *, #3972, .F. ) ;
#5607 = LINE ( 'NONE', #3342, #728 ) ;
#5608 = DIRECTION ( 'NONE',  ( -1.000000000000000000, -6.101831366007240336E-19, 0.000000000000000000 ) ) ;
#5609 = CARTESIAN_POINT ( 'NONE',  ( 2.569999999999999840, -0.4500000000000000111, 0.2500000000000000000 ) ) ;
#5610 = VECTOR ( 'NONE', #4837, 1000.000000000000114 ) ;
#5611 = EDGE_CURVE ( 'NONE', #1409, #6076, #4883, .T. ) ;
#5612 = ORIENTED_EDGE ( 'NONE', *, *, #3209, .T. ) ;
#5613 = CARTESIAN_POINT ( 'NONE',  ( -2.750000000000000000, -2.160000000000000142, 1.800000000000000044 ) ) ;
#5614 = AXIS2_PLACEMENT_3D ( 'NONE', #5973, #6522, #2809 ) ;
#5615 = DIRECTION ( 'NONE',  ( 1.000000000000000000, 0.000000000000000000, 0.000000000000000000 ) ) ;
#5616 = CARTESIAN_POINT ( 'NONE',  ( 2.605999999999999872, -1.324999999999999956, 0.3479999999999999760 ) ) ;
#5617 = EDGE_LOOP ( 'NONE', ( #6442, #1105, #536, #2345, #1176 ) ) ;
#5618 = VECTOR ( 'NONE', #3898, 1000.000000000000000 ) ;
#5619 = ORIENTED_EDGE ( 'NONE', *, *, #2885, .T. ) ;
#5620 = CYLINDRICAL_SURFACE ( 'NONE', #7187, 0.1499999999999999667 ) ;
#5621 = AXIS2_PLACEMENT_3D ( 'NONE', #1419, #4861, #1518 ) ;
#5622 = CARTESIAN_POINT ( 'NONE',  ( 2.250000000000000000, -2.050000000000000266, -1.571132486540520068 ) ) ;
#5623 = CARTESIAN_POINT ( 'NONE',  ( -0.9366025403784440373, -2.000000000000000000, 1.592264973081039869 ) ) ;
#5624 = CIRCLE ( 'NONE', #5468, 0.05000000000000012768 ) ;
#5625 = ORIENTED_EDGE ( 'NONE', *, *, #5505, .F. ) ;
#5626 =( NAMED_UNIT ( * ) PLANE_ANGLE_UNIT ( ) SI_UNIT ( $, .RADIAN. ) );
#5627 = DIRECTION ( 'NONE',  ( 0.000000000000000000, 0.000000000000000000, 1.000000000000000000 ) ) ;
#5628 = ORIENTED_EDGE ( 'NONE', *, *, #2077, .F. ) ;
#5629 = DIRECTION ( 'NONE',  ( -6.101831366007370336E-19, 1.000000000000000000, 0.000000000000000000 ) ) ;
#5630 = CARTESIAN_POINT ( 'NONE',  ( 2.100000000000000089, -2.168404344971009854E-16, 1.474999999999999867 ) ) ;
#5631 = LINE ( 'NONE', #7216, #3126 ) ;
#5632 = AXIS2_PLACEMENT_3D ( 'NONE', #4973, #5384, #2552 ) ;
#5633 = EDGE_CURVE ( 'NONE', #6795, #2013, #4753, .T. ) ;
#5634 = EDGE_LOOP ( 'NONE', ( #5541, #2016, #2113, #4736 ) ) ;
#5635 = VECTOR ( 'NONE', #5504, 1000.000000000000000 ) ;
#5636 = AXIS2_PLACEMENT_3D ( 'NONE', #2318, #2788, #632 ) ;
#5637 = VERTEX_POINT ( 'NONE', #2958 ) ;
#5638 = CARTESIAN_POINT ( 'NONE',  ( -2.550000000000000266, -1.324999999999999956, 0.5500000000000000444 ) ) ;
#5639 = DIRECTION ( 'NONE',  ( 3.491481338843135327E-15, 1.000000000000000000, 0.000000000000000000 ) ) ;
#5640 = CIRCLE ( 'NONE', #3039, 0.1199999999999998845 ) ;
#5641 = FACE_OUTER_BOUND ( 'NONE', #1619, .T. ) ;
#5642 = CARTESIAN_POINT ( 'NONE',  ( -2.419999999999999929, -0.4500000000000000111, -0.2999999999999999889 ) ) ;
#5643 = EDGE_LOOP ( 'NONE', ( #3832, #1289, #3605, #4784, #1413, #3769, #6198, #6153, #3722, #3883, #1947, #7009, #2426, #1368 ) ) ;
#5644 = DIRECTION ( 'NONE',  ( -1.000000000000000000, 0.000000000000000000, 0.000000000000000000 ) ) ;
#5645 = ADVANCED_FACE ( 'NONE', ( #2382 ), #6127, .T. ) ;
#5646 = EDGE_CURVE ( 'NONE', #1944, #6912, #4908, .T. ) ;
#5647 = DIRECTION ( 'NONE',  ( 0.000000000000000000, 0.000000000000000000, -1.000000000000000000 ) ) ;
#5648 = ORIENTED_EDGE ( 'NONE', *, *, #5419, .F. ) ;
#5649 = CIRCLE ( 'NONE', #3422, 0.1499999999999999667 ) ;
#5650 = ORIENTED_EDGE ( 'NONE', *, *, #6314, .T. ) ;
#5651 = AXIS2_PLACEMENT_3D ( 'NONE', #1661, #3919, #2323 ) ;
#5652 = DIRECTION ( 'NONE',  ( -1.000000000000000000, 0.000000000000000000, 0.000000000000000000 ) ) ;
#5653 = DIRECTION ( 'NONE',  ( 1.000000000000000000, 0.000000000000000000, -2.115516434118059681E-16 ) ) ;
#5654 = LINE ( 'NONE', #5050, #5776 ) ;
#5655 = DIRECTION ( 'NONE',  ( 0.000000000000000000, 1.000000000000000000, -2.710505431213760099E-16 ) ) ;
#5656 = EDGE_LOOP ( 'NONE', ( #3553, #1818, #6040, #779 ) ) ;
#5657 = CARTESIAN_POINT ( 'NONE',  ( 2.550000000000000266, -0.2000000000000000111, 1.800000000000000044 ) ) ;
#5658 = AXIS2_PLACEMENT_3D ( 'NONE', #3574, #4133, #6393 ) ;
#5659 = DIRECTION ( 'NONE',  ( 1.000000000000000000, 0.000000000000000000, 0.000000000000000000 ) ) ;
#5660 = CIRCLE ( 'NONE', #701, 0.1499999999999999667 ) ;
#5661 = CARTESIAN_POINT ( 'NONE',  ( 2.250000000000000000, -0.2999999999999999889, -0.9499999999999999556 ) ) ;
#5662 = EDGE_CURVE ( 'NONE', #6707, #5814, #2313, .T. ) ;
#5663 = CYLINDRICAL_SURFACE ( 'NONE', #4584, 0.1500000000000000777 ) ;
#5664 = DIRECTION ( 'NONE',  ( 0.000000000000000000, -1.000000000000000000, 0.000000000000000000 ) ) ;
#5665 = ADVANCED_FACE ( 'NONE', ( #7280 ), #2359, .F. ) ;
#5666 = EDGE_LOOP ( 'NONE', ( #5919, #7116, #2180, #2096 ) ) ;
#5667 = CARTESIAN_POINT ( 'NONE',  ( 0.9532517576274200932, -2.050000000000000266, -1.614209147894820839 ) ) ;
#5668 = CYLINDRICAL_SURFACE ( 'NONE', #2219, 0.08999999999999980238 ) ;
#5669 = EDGE_CURVE ( 'NONE', #3938, #3048, #4806, .T. ) ;
#5670 = VECTOR ( 'NONE', #6063, 1000.000000000000000 ) ;
#5671 = VERTEX_POINT ( 'NONE', #2015 ) ;
#5672 = CIRCLE ( 'NONE', #2848, 0.08999999999999999667 ) ;
#5673 = DIRECTION ( 'NONE',  ( -1.000000000000000000, 0.000000000000000000, 0.000000000000000000 ) ) ;
#5674 = FACE_OUTER_BOUND ( 'NONE', #1990, .T. ) ;
#5675 = ORIENTED_EDGE ( 'NONE', *, *, #5, .F. ) ;
#5676 = DIRECTION ( 'NONE',  ( 6.101831366007370336E-19, -1.000000000000000000, 0.000000000000000000 ) ) ;
#5677 = CARTESIAN_POINT ( 'NONE',  ( -2.550000000000000266, 0.4227724399837060054, 0.5400000000000000355 ) ) ;
#5678 = FACE_OUTER_BOUND ( 'NONE', #5824, .T. ) ;
#5679 = DIRECTION ( 'NONE',  ( -1.000000000000000000, -6.101831366007240336E-19, -1.734723475976804976E-18 ) ) ;
#5680 = FACE_OUTER_BOUND ( 'NONE', #4381, .T. ) ;
#5681 = DIRECTION ( 'NONE',  ( 0.000000000000000000, 1.000000000000000000, 0.000000000000000000 ) ) ;
#5682 = VERTEX_POINT ( 'NONE', #3106 ) ;
#5683 = CARTESIAN_POINT ( 'NONE',  ( -2.249999854230001706, -1.999999999999997780, 1.571115488208286948 ) ) ;
#5684 = DIRECTION ( 'NONE',  ( 1.000000000000000000, 0.000000000000000000, 0.000000000000000000 ) ) ;
#5685 = LINE ( 'NONE', #3779, #5755 ) ;
#5686 = EDGE_CURVE ( 'NONE', #7337, #2915, #4764, .T. ) ;
#5687 = VECTOR ( 'NONE', #5644, 1000.000000000000000 ) ;
#5688 = DIRECTION ( 'NONE',  ( -1.000000000000000000, 0.000000000000000000, 0.000000000000000000 ) ) ;
#5689 = AXIS2_PLACEMENT_3D ( 'NONE', #3211, #3793, #6333 ) ;
#5690 = ORIENTED_EDGE ( 'NONE', *, *, #1608, .F. ) ;
#5691 = DIRECTION ( 'NONE',  ( -0.9976467198374249223, -0.05937816768998539080, 0.03428200109979995247 ) ) ;
#5692 = CARTESIAN_POINT ( 'NONE',  ( -2.564000000000000057, -2.010000000000000231, 0.5020000000000000018 ) ) ;
#5693 = CIRCLE ( 'NONE', #6145, 0.3250000000000000111 ) ;
#5694 = ORIENTED_EDGE ( 'NONE', *, *, #2593, .F. ) ;
#5695 = AXIS2_PLACEMENT_3D ( 'NONE', #3200, #3782, #4344 ) ;
#5696 = CARTESIAN_POINT ( 'NONE',  ( -1.050000000000000044, -2.024999999999999911, -1.614433756729739988 ) ) ;
#5697 = DIRECTION ( 'NONE',  ( 0.000000000000000000, 0.000000000000000000, -1.000000000000000000 ) ) ;
#5698 = CIRCLE ( 'NONE', #1226, 0.1499999999999999667 ) ;
#5699 = EDGE_LOOP ( 'NONE', ( #7068, #6951, #6882, #3169 ) ) ;
#5700 = FACE_OUTER_BOUND ( 'NONE', #1471, .T. ) ;
#5701 = DIRECTION ( 'NONE',  ( 0.000000000000000000, -1.000000000000000000, 0.000000000000000000 ) ) ;
#5702 = DIRECTION ( 'NONE',  ( 0.000000000000000000, -1.000000000000000000, -2.710505431213759606E-16 ) ) ;
#5703 = FACE_OUTER_BOUND ( 'NONE', #5979, .T. ) ;
#5704 = ORIENTED_EDGE ( 'NONE', *, *, #4772, .T. ) ;
#5705 = CARTESIAN_POINT ( 'NONE',  ( -2.750000000000000000, -1.959999999999999964, -1.270000000000000018 ) ) ;
#5706 = ADVANCED_FACE ( 'NONE', ( #2447 ), #7356, .F. ) ;
#5707 = CARTESIAN_POINT ( 'NONE',  ( 0.9627657542609040497, -2.044176141120594981, -1.607369094485574967 ) ) ;
#5708 = VECTOR ( 'NONE', #2573, 1000.000000000000000 ) ;
#5709 = DIRECTION ( 'NONE',  ( 0.7071067811865480168, 1.248059503193750088E-19, 0.7071067811865470176 ) ) ;
#5710 = VERTEX_POINT ( 'NONE', #974 ) ;
#5711 = DIRECTION ( 'NONE',  ( 0.000000000000000000, 0.000000000000000000, 1.000000000000000000 ) ) ;
#5712 = EDGE_CURVE ( 'NONE', #3665, #5076, #2492, .T. ) ;
#5713 = CIRCLE ( 'NONE', #5265, 0.04999999999999991257 ) ;
#5714 = ORIENTED_EDGE ( 'NONE', *, *, #5338, .T. ) ;
#5715 = CIRCLE ( 'NONE', #7282, 0.09000000000000001055 ) ;
#5716 =( NAMED_UNIT ( * ) PLANE_ANGLE_UNIT ( ) SI_UNIT ( $, .RADIAN. ) );
#5717 = DIRECTION ( 'NONE',  ( -0.8320502943378478289, -0.4803844614152559256, -0.2773500981126119647 ) ) ;
#5718 = ORIENTED_EDGE ( 'NONE', *, *, #898, .T. ) ;
#5719 = LINE ( 'NONE', #2124, #3252 ) ;
#5720 = ADVANCED_FACE ( 'NONE', ( #4948 ), #2505, .F. ) ;
#5721 = ORIENTED_EDGE ( 'NONE', *, *, #1952, .T. ) ;
#5722 = CARTESIAN_POINT ( 'NONE',  ( 2.419999999999999929, -0.4500000000000000111, -0.2500000000000000000 ) ) ;
#5723 = DIRECTION ( 'NONE',  ( 0.000000000000000000, 0.000000000000000000, 1.000000000000000000 ) ) ;
#5724 = CIRCLE ( 'NONE', #2256, 0.2500000000000000000 ) ;
#5725 = AXIS2_PLACEMENT_3D ( 'NONE', #748, #1825, #2444 ) ;
#5726 = DIRECTION ( 'NONE',  ( 1.734723475976804783E-18, 1.058499011706437396E-36, -1.000000000000000000 ) ) ;
#5727 = VECTOR ( 'NONE', #6254, 1000.000000000000000 ) ;
#5728 = EDGE_LOOP ( 'NONE', ( #1693, #1671, #6757, #4729 ) ) ;
#5729 = CARTESIAN_POINT ( 'NONE',  ( 2.550000000000000266, -3.861077027627485059, -0.9000000000000000222 ) ) ;
#5730 = EDGE_CURVE ( 'NONE', #2850, #2913, #2470, .T. ) ;
#5731 = CARTESIAN_POINT ( 'NONE',  ( 0.9879395023496230221, -2.039232582258224902, 1.617250503834499975 ) ) ;
#5732 = AXIS2_PLACEMENT_3D ( 'NONE', #4085, #666, #4567 ) ;
#5733 = PRESENTATION_STYLE_ASSIGNMENT (( #5837 ) ) ;
#5734 = ORIENTED_EDGE ( 'NONE', *, *, #2911, .F. ) ;
#5735 = CARTESIAN_POINT ( 'NONE',  ( -2.682690296114374817, -0.1499999999999999944, 0.4326902961143724857 ) ) ;
#5736 = DIRECTION ( 'NONE',  ( 0.05941309073766349452, 0.9982334820316327573, -2.168404344971012655E-14 ) ) ;
#5737 = CIRCLE ( 'NONE', #634, 0.05000000000000002359 ) ;
#5738 = UNCERTAINTY_MEASURE_WITH_UNIT (LENGTH_MEASURE( 1.000000000000000082E-05 ), #7081, 'distance_accuracy_value', 'NONE');
#5739 = CIRCLE ( 'NONE', #1587, 0.09000000000000001055 ) ;
#5740 = CARTESIAN_POINT ( 'NONE',  ( 2.600000000000000089, -2.010000000000000231, -1.800000000000000044 ) ) ;
#5741 = EDGE_CURVE ( 'NONE', #3705, #3679, #2286, .T. ) ;
#5742 = CARTESIAN_POINT ( 'NONE',  ( 0.9366025403784430381, -2.050000000000000266, -1.592264973081039869 ) ) ;
#5743 = ORIENTED_EDGE ( 'NONE', *, *, #661, .F. ) ;
#5744 =( BOUNDED_CURVE ( )  B_SPLINE_CURVE ( 3, ( #5302, #772, #6938, #1350 ),
 .UNSPECIFIED., .F., .F. ) 
 B_SPLINE_CURVE_WITH_KNOTS ( ( 4, 4 ),
 ( 3.139552252368924989, 3.140571702017215028 ),
 .UNSPECIFIED. ) 
 CURVE ( )  GEOMETRIC_REPRESENTATION_ITEM ( )  RATIONAL_B_SPLINE_CURVE ( ( 1.000000000000000000, 0.9999999133935359996, 0.9999999133935359996, 1.000000000000000000 ) ) 
 REPRESENTATION_ITEM ( '' )  );
#5745 = CARTESIAN_POINT ( 'NONE',  ( 2.600000000000000089, -1.324999999999999956, 0.5500000000000000444 ) ) ;
#5746 = LINE ( 'NONE', #5386, #5801 ) ;
#5747 = EDGE_CURVE ( 'NONE', #5671, #6118, #7289, .T. ) ;
#5748 = LINE ( 'NONE', #3035, #1043 ) ;
#5749 = ORIENTED_EDGE ( 'NONE', *, *, #329, .T. ) ;
#5750 = CARTESIAN_POINT ( 'NONE',  ( 2.569999999999999840, -0.3499999999999999778, -0.2000000000000000111 ) ) ;
#5751 = DIRECTION ( 'NONE',  ( 1.000000000000000000, 0.000000000000000000, 0.000000000000000000 ) ) ;
#5752 = FACE_OUTER_BOUND ( 'NONE', #5810, .T. ) ;
#5753 = VERTEX_POINT ( 'NONE', #7037 ) ;
#5754 = DIRECTION ( 'NONE',  ( -1.000000000000000000, -6.101831366007240336E-19, -1.734723475976804976E-18 ) ) ;
#5755 = VECTOR ( 'NONE', #3099, 1000.000000000000000 ) ;
#5756 = DIRECTION ( 'NONE',  ( -2.409338161078895236E-15, 1.000000000000000000, 4.336808689941955143E-19 ) ) ;
#5757 = ORIENTED_EDGE ( 'NONE', *, *, #7178, .T. ) ;
#5758 = FACE_OUTER_BOUND ( 'NONE', #2818, .T. ) ;
#5759 = DIRECTION ( 'NONE',  ( 0.000000000000000000, -2.168404344971010101E-16, -1.000000000000000000 ) ) ;
#5760 = ORIENTED_EDGE ( 'NONE', *, *, #3371, .T. ) ;
#5761 = CARTESIAN_POINT ( 'NONE',  ( 1.011436044376989196, -2.049999999999963407, -1.635478130682335607 ) ) ;
#5762 = CYLINDRICAL_SURFACE ( 'NONE', #2241, 0.05000000000000002359 ) ;
#5763 = ORIENTED_EDGE ( 'NONE', *, *, #7063, .F. ) ;
#5764 = AXIS2_PLACEMENT_3D ( 'NONE', #3777, #4185, #965 ) ;
#5765 = LINE ( 'NONE', #5100, #735 ) ;
#5766 = ADVANCED_FACE ( 'NONE', ( #4856, #4897 ), #5393, .F. ) ;
#5767 = DIRECTION ( 'NONE',  ( 0.7071067811865480168, 0.000000000000000000, -0.7071067811865470176 ) ) ;
#5768 = ORIENTED_EDGE ( 'NONE', *, *, #2737, .T. ) ;
#5769 = ORIENTED_EDGE ( 'NONE', *, *, #3250, .T. ) ;
#5770 = CARTESIAN_POINT ( 'NONE',  ( 2.550000000000000266, -1.324999999999999956, 0.5500000000000000444 ) ) ;
#5771 = CARTESIAN_POINT ( 'NONE',  ( -1.965380592228744838, -0.1499999999999999944, 1.149999999999999911 ) ) ;
#5772 = EDGE_CURVE ( 'NONE', #4119, #6076, #2, .T. ) ;
#5773 = CIRCLE ( 'NONE', #5967, 0.04999999999999991257 ) ;
#5774 = DIRECTION ( 'NONE',  ( -0.4999999999999998890, -0.8660254037844387076, 0.000000000000000000 ) ) ;
#5775 = CARTESIAN_POINT ( 'NONE',  ( -1.050000000000000044, -2.050000000000000266, 1.657735026918965016 ) ) ;
#5776 = VECTOR ( 'NONE', #466, 1000.000000000000000 ) ;
#5777 = EDGE_CURVE ( 'NONE', #7338, #2984, #4921, .T. ) ;
#5778 = ORIENTED_EDGE ( 'NONE', *, *, #4662, .T. ) ;
#5779 = DIRECTION ( 'NONE',  ( 1.000000000000000000, 0.000000000000000000, 0.000000000000000000 ) ) ;
#5780 = DIRECTION ( 'NONE',  ( 0.000000000000000000, 0.000000000000000000, -1.000000000000000000 ) ) ;
#5781 = VECTOR ( 'NONE', #2456, 1000.000000000000000 ) ;
#5782 = FACE_OUTER_BOUND ( 'NONE', #6848, .T. ) ;
#5783 = DIRECTION ( 'NONE',  ( 0.000000000000000000, 0.000000000000000000, -1.000000000000000000 ) ) ;
#5784 = ADVANCED_FACE ( 'NONE', ( #7329 ), #2657, .F. ) ;
#5785 = ORIENTED_EDGE ( 'NONE', *, *, #390, .F. ) ;
#5786 = CARTESIAN_POINT ( 'NONE',  ( -2.550000000000000266, -0.2000000000000000111, 1.800000000000000044 ) ) ;
#5787 = SURFACE_STYLE_FILL_AREA ( #1522 ) ;
#5788 = CIRCLE ( 'NONE', #6457, 0.2000000000000000944 ) ;
#5789 = CARTESIAN_POINT ( 'NONE',  ( -0.9491074968939660073, -2.050515286908519474, -1.596429987575865184 ) ) ;
#5790 = ORIENTED_EDGE ( 'NONE', *, *, #698, .F. ) ;
#5791 = EDGE_CURVE ( 'NONE', #5076, #5495, #7342, .T. ) ;
#5792 = FILL_AREA_STYLE ('',( #4118 ) ) ;
#5793 = LINE ( 'NONE', #1327, #3148 ) ;
#5794 = SURFACE_STYLE_FILL_AREA ( #5792 ) ;
#5795 = ORIENTED_EDGE ( 'NONE', *, *, #183, .T. ) ;
#5796 = CARTESIAN_POINT ( 'NONE',  ( 2.600000000000000089, -0.2000000000000000111, 1.149999999999999911 ) ) ;
#5797 = DIRECTION ( 'NONE',  ( 1.734723475976804976E-18, 4.336808689942014847E-19, -1.000000000000000000 ) ) ;
#5798 = LINE ( 'NONE', #4455, #783 ) ;
#5799 = EDGE_LOOP ( 'NONE', ( #2232, #2149, #2250, #1191, #1961, #7142, #3667, #950 ) ) ;
#5800 = CARTESIAN_POINT ( 'NONE',  ( 2.449999999999999734, -0.09000000000000921152, 0.2425000000000000211 ) ) ;
#5801 = VECTOR ( 'NONE', #4229, 1000.000000000000114 ) ;
#5802 = DIRECTION ( 'NONE',  ( -1.000000000000000000, 0.000000000000000000, 0.000000000000000000 ) ) ;
#5803 = ORIENTED_EDGE ( 'NONE', *, *, #712, .F. ) ;
#5804 = VECTOR ( 'NONE', #6436, 1000.000000000000000 ) ;
#5805 = DIRECTION ( 'NONE',  ( 0.000000000000000000, -1.777380610631974753E-16, 1.000000000000000000 ) ) ;
#5806 = ORIENTED_EDGE ( 'NONE', *, *, #5832, .T. ) ;
#5807 = DIRECTION ( 'NONE',  ( 1.000000000000000000, -2.409338161078903914E-15, 0.000000000000000000 ) ) ;
#5808 = LINE ( 'NONE', #1051, #5934 ) ;
#5809 = DIRECTION ( 'NONE',  ( 1.734723475976804976E-18, 4.336808689942014847E-19, -1.000000000000000000 ) ) ;
#5810 = EDGE_LOOP ( 'NONE', ( #3634, #4364, #1777, #5897 ) ) ;
#5811 = CIRCLE ( 'NONE', #6902, 0.2000000000000000944 ) ;
#5812 = AXIS2_PLACEMENT_3D ( 'NONE', #5311, #3016, #5863 ) ;
#5813 = DIRECTION ( 'NONE',  ( 0.000000000000000000, -1.000000000000000000, 0.000000000000000000 ) ) ;
#5814 = VERTEX_POINT ( 'NONE', #4775 ) ;
#5815 = TOROIDAL_SURFACE ( 'NONE', #941, 0.2000000000000000111, 0.05000000000000000278 ) ;
#5816 = ORIENTED_EDGE ( 'NONE', *, *, #6075, .F. ) ;
#5817 = EDGE_CURVE ( 'NONE', #6548, #2850, #2478, .T. ) ;
#5818 = CARTESIAN_POINT ( 'NONE',  ( 2.600000000000000089, -0.5000000000000000000, -1.800000000000000044 ) ) ;
#5819 = DIRECTION ( 'NONE',  ( 6.101831366007370336E-19, -1.000000000000000000, 0.000000000000000000 ) ) ;
#5820 = STYLED_ITEM ( 'NONE', ( #345 ), #6259 ) ;
#5821 = DIRECTION ( 'NONE',  ( 0.000000000000000000, -1.000000000000000000, 0.000000000000000000 ) ) ;
#5822 = CARTESIAN_POINT ( 'NONE',  ( -2.250000000000000000, -0.5000000000000000000, 0.000000000000000000 ) ) ;
#5823 = FACE_OUTER_BOUND ( 'NONE', #5988, .T. ) ;
#5824 = EDGE_LOOP ( 'NONE', ( #5803, #3986, #2263, #6480 ) ) ;
#5825 = CARTESIAN_POINT ( 'NONE',  ( 1.870190296114370154, -0.1499999999999999944, -1.704809703885624916 ) ) ;
#5826 = ORIENTED_EDGE ( 'NONE', *, *, #3379, .T. ) ;
#5827 = ADVANCED_FACE ( 'NONE', ( #39 ), #3202, .F. ) ;
#5828 = EDGE_CURVE ( 'NONE', #4941, #5495, #7135, .T. ) ;
#5829 = CYLINDRICAL_SURFACE ( 'NONE', #4664, 0.1999999999999999833 ) ;
#5830 = ORIENTED_EDGE ( 'NONE', *, *, #3968, .F. ) ;
#5831 = DIRECTION ( 'NONE',  ( 0.000000000000000000, -1.000000000000000000, -2.714842239903705075E-16 ) ) ;
#5832 = EDGE_CURVE ( 'NONE', #5247, #6320, #4743, .T. ) ;
#5833 = VECTOR ( 'NONE', #5321, 1000.000000000000000 ) ;
#5834 = CARTESIAN_POINT ( 'NONE',  ( -2.750000000000000000, -1.283000000000000140, -0.1524999999999999967 ) ) ;
#5835 = DIRECTION ( 'NONE',  ( -1.000000000000000000, 0.000000000000000000, 0.000000000000000000 ) ) ;
#5836 = ORIENTED_EDGE ( 'NONE', *, *, #6470, .T. ) ;
#5837 = SURFACE_STYLE_USAGE ( .BOTH. , #144 ) ;
#5838 = ORIENTED_EDGE ( 'NONE', *, *, #6819, .T. ) ;
#5839 = DIRECTION ( 'NONE',  ( 0.000000000000000000, 0.000000000000000000, 1.000000000000000000 ) ) ;
#5840 = VECTOR ( 'NONE', #5053, 1000.000000000000000 ) ;
#5841 = ADVANCED_FACE ( 'NONE', ( #4701 ), #883, .F. ) ;
#5842 = VERTEX_POINT ( 'NONE', #358 ) ;
#5843 = EDGE_CURVE ( 'NONE', #6476, #1380, #6683, .T. ) ;
#5844 = CARTESIAN_POINT ( 'NONE',  ( 2.100000000000000089, -2.168404344971009854E-16, -1.474999999999999867 ) ) ;
#5845 = EDGE_CURVE ( 'NONE', #2039, #4657, #4714, .T. ) ;
#5846 = ORIENTED_EDGE ( 'NONE', *, *, #165, .F. ) ;
#5847 = DIRECTION ( 'NONE',  ( 0.000000000000000000, 0.000000000000000000, 1.000000000000000000 ) ) ;
#5848 = VERTEX_POINT ( 'NONE', #3870 ) ;
#5849 = DIRECTION ( 'NONE',  ( 0.000000000000000000, -1.000000000000000000, -2.710505431213766015E-16 ) ) ;
#5850 = EDGE_CURVE ( 'NONE', #1997, #4812, #2329, .T. ) ;
#5851 = CARTESIAN_POINT ( 'NONE',  ( 0.9879395023496230221, -2.039232582258224902, -1.617250503834499975 ) ) ;
#5852 = CARTESIAN_POINT ( 'NONE',  ( -2.550000000000000266, -0.1499999999999999944, -1.800000000000000044 ) ) ;
#5853 = CARTESIAN_POINT ( 'NONE',  ( -1.750000000000000000, -2.160000000000000142, -1.270000000000000018 ) ) ;
#5854 = AXIS2_PLACEMENT_3D ( 'NONE', #53, #562, #2769 ) ;
#5855 = EDGE_LOOP ( 'NONE', ( #6569, #6412, #5545, #4184, #5690 ) ) ;
#5856 = DIRECTION ( 'NONE',  ( -2.409338161078905097E-15, -1.000000000000000000, 0.000000000000000000 ) ) ;
#5857 = LINE ( 'NONE', #114, #3338 ) ;
#5858 = DIRECTION ( 'NONE',  ( 1.000000000000000000, 0.000000000000000000, 0.000000000000000000 ) ) ;
#5859 = EDGE_CURVE ( 'NONE', #4936, #4735, #2269, .T. ) ;
#5860 = ORIENTED_EDGE ( 'NONE', *, *, #4264, .T. ) ;
#5861 = VERTEX_POINT ( 'NONE', #1123 ) ;
#5862 = DIRECTION ( 'NONE',  ( 0.000000000000000000, 0.000000000000000000, -1.000000000000000000 ) ) ;
#5863 = DIRECTION ( 'NONE',  ( 2.891205793294679017E-15, 0.000000000000000000, -1.000000000000000000 ) ) ;
#5864 = CARTESIAN_POINT ( 'NONE',  ( -1.965380592228744838, -0.1499999999999999944, -1.149999999999999911 ) ) ;
#5865 = LINE ( 'NONE', #5327, #5804 ) ;
#5866 = EDGE_CURVE ( 'NONE', #3687, #4593, #7240, .T. ) ;
#5867 = ORIENTED_EDGE ( 'NONE', *, *, #978, .T. ) ;
#5868 = CARTESIAN_POINT ( 'NONE',  ( 0.000000000000000000, 0.000000000000000000, 0.000000000000000000 ) ) ;
#5869 = VECTOR ( 'NONE', #2956, 1000.000000000000000 ) ;
#5870 = AXIS2_PLACEMENT_3D ( 'NONE', #6018, #4506, #2674 ) ;
#5871 = AXIS2_PLACEMENT_3D ( 'NONE', #4489, #2064, #4983 ) ;
#5872 = CARTESIAN_POINT ( 'NONE',  ( -0.9616025403784440595, -2.043301270189220364, 1.592264973081039869 ) ) ;
#5873 = DIRECTION ( 'NONE',  ( 0.000000000000000000, 1.000000000000000000, 0.000000000000000000 ) ) ;
#5874 = VERTEX_POINT ( 'NONE', #3964 ) ;
#5875 = CARTESIAN_POINT ( 'NONE',  ( -0.9366025403784440373, -2.050000000000000266, 1.592264973079964729 ) ) ;
#5876 = ORIENTED_EDGE ( 'NONE', *, *, #5828, .F. ) ;
#5877 = LINE ( 'NONE', #3331, #856 ) ;
#5878 = VERTEX_POINT ( 'NONE', #7291 ) ;
#5879 = CARTESIAN_POINT ( 'NONE',  ( 2.250000000000000000, -1.080000000000000071, -1.800000000000000044 ) ) ;
#5880 = AXIS2_PLACEMENT_3D ( 'NONE', #7308, #3367, #5647 ) ;
#5881 = ORIENTED_EDGE ( 'NONE', *, *, #1297, .T. ) ;
#5882 = CARTESIAN_POINT ( 'NONE',  ( -1.162006473417549923, -1.985333032421400024, -1.533796995401334851 ) ) ;
#5883 = VERTEX_POINT ( 'NONE', #6144 ) ;
#5884 = DIRECTION ( 'NONE',  ( 0.000000000000000000, 0.000000000000000000, -1.000000000000000000 ) ) ;
#5885 = ADVANCED_FACE ( 'NONE', ( #93 ), #5043, .F. ) ;
#5886 = CARTESIAN_POINT ( 'NONE',  ( -2.350000000000000089, 0.000000000000000000, -0.3600000000000000422 ) ) ;
#5887 = FACE_OUTER_BOUND ( 'NONE', #4726, .T. ) ;
#5888 = ORIENTED_EDGE ( 'NONE', *, *, #3172, .T. ) ;
#5889 = CYLINDRICAL_SURFACE ( 'NONE', #2949, 0.1499999999999999667 ) ;
#5890 = CARTESIAN_POINT ( 'NONE',  ( -2.359337685891444547, -2.000000000000000000, 0.3852117519068994911 ) ) ;
#5891 = AXIS2_PLACEMENT_3D ( 'NONE', #2862, #6349, #3000 ) ;
#5892 = DIRECTION ( 'NONE',  ( 6.101831366007370336E-19, -1.000000000000000000, 0.000000000000000000 ) ) ;
#5893 = DIRECTION ( 'NONE',  ( 1.000000000000000000, 0.000000000000000000, 0.000000000000000000 ) ) ;
#5894 = ORIENTED_EDGE ( 'NONE', *, *, #3678, .T. ) ;
#5895 = EDGE_CURVE ( 'NONE', #7084, #7160, #5196, .T. ) ;
#5896 = DIRECTION ( 'NONE',  ( 0.000000000000000000, 0.000000000000000000, -1.000000000000000000 ) ) ;
#5897 = ORIENTED_EDGE ( 'NONE', *, *, #277, .T. ) ;
#5898 = MECHANICAL_DESIGN_GEOMETRIC_PRESENTATION_REPRESENTATION (  '', ( #663 ), #4034 ) ;
#5899 = DIRECTION ( 'NONE',  ( 0.05941309073766239124, 0.9982334820316328683, 0.000000000000000000 ) ) ;
#5900 = DIRECTION ( 'NONE',  ( 1.734723475977394888E-18, 2.710505431213765029E-16, -1.000000000000000000 ) ) ;
#5901 = DIRECTION ( 'NONE',  ( 0.000000000000000000, 0.000000000000000000, 1.000000000000000000 ) ) ;
#5902 = AXIS2_PLACEMENT_3D ( 'NONE', #5985, #3508, #3558 ) ;
#5903 = LINE ( 'NONE', #5372, #3292 ) ;
#5904 = ADVANCED_FACE ( 'NONE', ( #274 ), #5031, .T. ) ;
#5905 = ORIENTED_EDGE ( 'NONE', *, *, #7200, .T. ) ;
#5906 = ORIENTED_EDGE ( 'NONE', *, *, #5484, .F. ) ;
#5907 = CARTESIAN_POINT ( 'NONE',  ( 0.9674457630186990009, -2.072662710943895092, -1.641951835723505004 ) ) ;
#5908 = VECTOR ( 'NONE', #6213, 1000.000000000000000 ) ;
#5909 = DIRECTION ( 'NONE',  ( -1.000000000000000000, -6.101831366007240336E-19, -1.734723475976804976E-18 ) ) ;
#5910 = CARTESIAN_POINT ( 'NONE',  ( -2.550000000000000266, 0.000000000000000000, -0.9268854014666400021 ) ) ;
#5911 = AXIS2_PLACEMENT_3D ( 'NONE', #4553, #2389, #1038 ) ;
#5912 = EDGE_LOOP ( 'NONE', ( #3032, #6987, #4309, #5650 ) ) ;
#5913 = EDGE_LOOP ( 'NONE', ( #7286, #1047, #5763, #1151 ) ) ;
#5914 = EDGE_CURVE ( 'NONE', #5136, #6847, #74, .T. ) ;
#5915 = AXIS2_PLACEMENT_3D ( 'NONE', #5638, #6194, #4499 ) ;
#5916 = CARTESIAN_POINT ( 'NONE',  ( -2.250000000000000000, -1.080000000000000071, -1.800000000000000044 ) ) ;
#5917 = DIRECTION ( 'NONE',  ( 0.000000000000000000, -4.336808689942014847E-19, 1.000000000000000000 ) ) ;
#5918 = CIRCLE ( 'NONE', #6088, 0.05000000000000012768 ) ;
#5919 = ORIENTED_EDGE ( 'NONE', *, *, #1660, .T. ) ;
#5920 = VERTEX_POINT ( 'NONE', #2377 ) ;
#5921 = LINE ( 'NONE', #2242, #5908 ) ;
#5922 = CARTESIAN_POINT ( 'NONE',  ( 2.100000000000000089, -2.168404344971009854E-16, -1.474999999999999867 ) ) ;
#5923 = CARTESIAN_POINT ( 'NONE',  ( 2.550000000000000266, -0.5000000000000000000, -0.5500000000000000444 ) ) ;
#5924 = ORIENTED_EDGE ( 'NONE', *, *, #1058, .F. ) ;
#5925 = ORIENTED_EDGE ( 'NONE', *, *, #6283, .F. ) ;
#5926 = EDGE_CURVE ( 'NONE', #1410, #4465, #2687, .T. ) ;
#5927 = VERTEX_POINT ( 'NONE', #6702 ) ;
#5928 = EDGE_CURVE ( 'NONE', #4778, #2039, #2731, .T. ) ;
#5929 = AXIS2_PLACEMENT_3D ( 'NONE', #4176, #4755, #341 ) ;
#5930 = EDGE_LOOP ( 'NONE', ( #5826, #6139, #4440, #3403 ) ) ;
#5931 = DIRECTION ( 'NONE',  ( -1.189320514533492517E-18, -0.5048833150379542500, 0.8631876031294042351 ) ) ;
#5932 = ORIENTED_EDGE ( 'NONE', *, *, #582, .T. ) ;
#5933 = CARTESIAN_POINT ( 'NONE',  ( 2.419999999999999929, -1.534999999999999920, -1.478361934009679967E-16 ) ) ;
#5934 = VECTOR ( 'NONE', #2185, 1000.000000000000000 ) ;
#5935 = ORIENTED_EDGE ( 'NONE', *, *, #7013, .F. ) ;
#5936 = CARTESIAN_POINT ( 'NONE',  ( -2.449999999999999734, -8.660064852727969822E-15, -1.107682075416773859E-15 ) ) ;
#5937 = ORIENTED_EDGE ( 'NONE', *, *, #5843, .F. ) ;
#5938 = DIRECTION ( 'NONE',  ( 0.000000000000000000, 0.000000000000000000, 1.000000000000000000 ) ) ;
#5939 = ORIENTED_EDGE ( 'NONE', *, *, #3066, .T. ) ;
#5940 = DIRECTION ( 'NONE',  ( 0.000000000000000000, 0.000000000000000000, -1.000000000000000000 ) ) ;
#5941 = DIRECTION ( 'NONE',  ( 0.000000000000000000, 1.000000000000000000, 0.000000000000000000 ) ) ;
#5942 = EDGE_CURVE ( 'NONE', #288, #7189, #5017, .T. ) ;
#5943 = LINE ( 'NONE', #4324, #5840 ) ;
#5944 = VERTEX_POINT ( 'NONE', #5231 ) ;
#5945 = ORIENTED_EDGE ( 'NONE', *, *, #7097, .T. ) ;
#5946 = FACE_OUTER_BOUND ( 'NONE', #4078, .T. ) ;
#5947 = ORIENTED_EDGE ( 'NONE', *, *, #3595, .T. ) ;
#5948 = CARTESIAN_POINT ( 'NONE',  ( -2.569999999999999840, -1.283000000000000140, -0.1524999999999999967 ) ) ;
#5949 = DIRECTION ( 'NONE',  ( 0.000000000000000000, 1.000000000000000000, 0.000000000000000000 ) ) ;
#5950 = EDGE_CURVE ( 'NONE', #368, #1524, #2653, .T. ) ;
#5951 = CARTESIAN_POINT ( 'NONE',  ( 2.600000000000000089, -1.324999999999999956, 0.5500000000000000444 ) ) ;
#5952 = ORIENTED_EDGE ( 'NONE', *, *, #6650, .T. ) ;
#5953 = DIRECTION ( 'NONE',  ( 0.000000000000000000, -4.336808689942014847E-19, 1.000000000000000000 ) ) ;
#5954 = ORIENTED_EDGE ( 'NONE', *, *, #5366, .T. ) ;
#5955 = CARTESIAN_POINT ( 'NONE',  ( 1.149999999999999911, -1.934529946162075076, -1.600000000000000089 ) ) ;
#5956 = ADVANCED_FACE ( 'NONE', ( #5164 ), #103, .F. ) ;
#5957 = PLANE ( 'NONE',  #6500 ) ;
#5958 = FACE_OUTER_BOUND ( 'NONE', #4266, .T. ) ;
#5959 = CARTESIAN_POINT ( 'NONE',  ( -1.164977127954433866, -1.935421358319814988, 1.562200846792815012 ) ) ;
#5960 = VERTEX_POINT ( 'NONE', #6755 ) ;
#5961 = FACE_OUTER_BOUND ( 'NONE', #1235, .T. ) ;
#5962 = DIRECTION ( 'NONE',  ( 0.000000000000000000, -1.000000000000000000, -4.336808689942014847E-19 ) ) ;
#5963 = EDGE_CURVE ( 'NONE', #6224, #6248, #7166, .T. ) ;
#5964 = ORIENTED_EDGE ( 'NONE', *, *, #4064, .T. ) ;
#5965 = EDGE_CURVE ( 'NONE', #1538, #5671, #5008, .T. ) ;
#5966 = ORIENTED_EDGE ( 'NONE', *, *, #5476, .T. ) ;
#5967 = AXIS2_PLACEMENT_3D ( 'NONE', #268, #3688, #4246 ) ;
#5968 = ADVANCED_FACE ( 'NONE', ( #5052 ), #62, .F. ) ;
#5969 = ORIENTED_EDGE ( 'NONE', *, *, #1248, .T. ) ;
#5970 = CARTESIAN_POINT ( 'NONE',  ( 2.248513359643105058, -2.024999999999999911, 1.614433756729739988 ) ) ;
#5971 = LINE ( 'NONE', #627, #3467 ) ;
#5972 = DIRECTION ( 'NONE',  ( 1.000000000000000000, 6.101831366007240336E-19, 0.000000000000000000 ) ) ;
#5973 = CARTESIAN_POINT ( 'NONE',  ( -2.449999999999999734, -0.09000000000000871192, -0.1524999999999999967 ) ) ;
#5974 = ORIENTED_EDGE ( 'NONE', *, *, #5411, .F. ) ;
#5975 = ORIENTED_EDGE ( 'NONE', *, *, #3650, .T. ) ;
#5976 = AXIS2_PLACEMENT_3D ( 'NONE', #5116, #5578, #4629 ) ;
#5977 = AXIS2_PLACEMENT_3D ( 'NONE', #6359, #2914, #6844 ) ;
#5978 = DIRECTION ( 'NONE',  ( 0.000000000000000000, 0.000000000000000000, 1.000000000000000000 ) ) ;
#5979 = EDGE_LOOP ( 'NONE', ( #1293, #4686, #1330, #2221 ) ) ;
#5980 = DIRECTION ( 'NONE',  ( 1.000000000000000000, 0.000000000000000000, -2.115516434118059681E-16 ) ) ;
#5981 = ORIENTED_EDGE ( 'NONE', *, *, #4541, .F. ) ;
#5982 = CARTESIAN_POINT ( 'NONE',  ( 2.250000000000000000, -0.1800000000000090139, 1.066724296938622048E-15 ) ) ;
#5983 = CIRCLE ( 'NONE', #718, 0.04999999999999991257 ) ;
#5984 = ORIENTED_EDGE ( 'NONE', *, *, #333, .F. ) ;
#5985 = CARTESIAN_POINT ( 'NONE',  ( -2.419999999999999929, -1.324999999999999956, 0.1000000000000000056 ) ) ;
#5986 = ORIENTED_EDGE ( 'NONE', *, *, #92, .F. ) ;
#5987 = DIRECTION ( 'NONE',  ( -1.000000000000000000, -6.101831366007240336E-19, -1.734723475976804976E-18 ) ) ;
#5988 = EDGE_LOOP ( 'NONE', ( #1317, #212, #3857, #5192 ) ) ;
#5989 = DIRECTION ( 'NONE',  ( 0.000000000000000000, -1.000000000000000000, -3.388131789017199877E-16 ) ) ;
#5990 = DIRECTION ( 'NONE',  ( 0.000000000000000000, -1.000000000000000000, 0.000000000000000000 ) ) ;
#5991 = ORIENTED_EDGE ( 'NONE', *, *, #3364, .T. ) ;
#5992 = EDGE_CURVE ( 'NONE', #625, #7126, #249, .T. ) ;
#5993 = MECHANICAL_DESIGN_GEOMETRIC_PRESENTATION_REPRESENTATION (  '', ( #2978 ), #842 ) ;
#5994 = CIRCLE ( 'NONE', #7204, 0.1199999999999998845 ) ;
#5995 = CARTESIAN_POINT ( 'NONE',  ( -2.550000000000000266, -2.050000000000000266, -2.000000000000000000 ) ) ;
#5996 = CARTESIAN_POINT ( 'NONE',  ( -2.569999999999999840, -0.4500000000000000111, -0.2500000000000000000 ) ) ;
#5997 = VERTEX_POINT ( 'NONE', #2482 ) ;
#5998 = DIRECTION ( 'NONE',  ( -6.101831366007370336E-19, 1.000000000000000000, 0.000000000000000000 ) ) ;
#5999 = EDGE_LOOP ( 'NONE', ( #5493, #5185, #4031, #6149 ) ) ;
#6000 = CARTESIAN_POINT ( 'NONE',  ( -2.399999999999999911, -2.050000000000000266, -0.9268854014666400021 ) ) ;
#6001 = AXIS2_PLACEMENT_3D ( 'NONE', #5844, #4710, #660 ) ;
#6002 = VECTOR ( 'NONE', #2157, 1000.000000000000000 ) ;
#6003 = ORIENTED_EDGE ( 'NONE', *, *, #5140, .F. ) ;
#6004 = DIRECTION ( 'NONE',  ( 0.000000000000000000, 0.5048833150379536949, -0.8631876031294044571 ) ) ;
#6005 = FACE_OUTER_BOUND ( 'NONE', #4186, .T. ) ;
#6006 = CARTESIAN_POINT ( 'NONE',  ( 1.870190296114370154, -2.168404344971009854E-16, -1.704809703885624916 ) ) ;
#6007 = EDGE_CURVE ( 'NONE', #4095, #4524, #5066, .T. ) ;
#6008 = DIRECTION ( 'NONE',  ( 1.000000000000000000, 6.101831366007240336E-19, 0.000000000000000000 ) ) ;
#6009 = AXIS2_PLACEMENT_3D ( 'NONE', #286, #1370, #4072 ) ;
#6010 = ORIENTED_EDGE ( 'NONE', *, *, #2394, .F. ) ;
#6011 = ORIENTED_EDGE ( 'NONE', *, *, #873, .T. ) ;
#6012 = ADVANCED_FACE ( 'NONE', ( #5105 ), #695, .T. ) ;
#6013 = VECTOR ( 'NONE', #4876, 1000.000000000000114 ) ;
#6014 = ORIENTED_EDGE ( 'NONE', *, *, #3102, .F. ) ;
#6015 = CARTESIAN_POINT ( 'NONE',  ( 1.050000000000000266, -2.049999999999996714, 1.628867513459480776 ) ) ;
#6016 = VERTEX_POINT ( 'NONE', #1935 ) ;
#6017 = CYLINDRICAL_SURFACE ( 'NONE', #599, 0.05000000000000002359 ) ;
#6018 = CARTESIAN_POINT ( 'NONE',  ( 0.6005218575370809830, -2.160000000000000142, 1.270000000000000018 ) ) ;
#6019 = EDGE_CURVE ( 'NONE', #3078, #4369, #118, .T. ) ;
#6020 = VERTEX_POINT ( 'NONE', #2888 ) ;
#6021 = VERTEX_POINT ( 'NONE', #745 ) ;
#6022 = ORIENTED_EDGE ( 'NONE', *, *, #3623, .F. ) ;
#6023 = EDGE_CURVE ( 'NONE', #7014, #3774, #2640, .T. ) ;
#6024 = CARTESIAN_POINT ( 'NONE',  ( -2.564000000000000057, -1.727000000000000091, 2.104436416794365092E-16 ) ) ;
#6025 = CYLINDRICAL_SURFACE ( 'NONE', #6237, 0.2000000000000000389 ) ;
#6026 = ADVANCED_FACE ( 'NONE', ( #5205 ), #2618, .T. ) ;
#6027 = ORIENTED_EDGE ( 'NONE', *, *, #1647, .T. ) ;
#6028 = ORIENTED_EDGE ( 'NONE', *, *, #594, .T. ) ;
#6029 = CARTESIAN_POINT ( 'NONE',  ( 2.750000000000000000, -1.392080689683685923, -1.369023336992409856 ) ) ;
#6030 = FACE_OUTER_BOUND ( 'NONE', #4015, .T. ) ;
#6031 = ORIENTED_EDGE ( 'NONE', *, *, #7322, .T. ) ;
#6032 = ORIENTED_EDGE ( 'NONE', *, *, #2458, .F. ) ;
#6033 = EDGE_CURVE ( 'NONE', #3847, #7126, #5142, .T. ) ;
#6034 = CARTESIAN_POINT ( 'NONE',  ( 2.550000000000000266, -0.2000000000000000111, -1.800000000000000044 ) ) ;
#6035 = ORIENTED_EDGE ( 'NONE', *, *, #303, .F. ) ;
#6036 = AXIS2_PLACEMENT_3D ( 'NONE', #3593, #4102, #3022 ) ;
#6037 = DIRECTION ( 'NONE',  ( 0.000000000000000000, 0.000000000000000000, 1.000000000000000000 ) ) ;
#6038 = LINE ( 'NONE', #4517, #1281 ) ;
#6039 = EDGE_CURVE ( 'NONE', #475, #7018, #5184, .T. ) ;
#6040 = ORIENTED_EDGE ( 'NONE', *, *, #1435, .T. ) ;
#6041 = LINE ( 'NONE', #4621, #3653 ) ;
#6042 = AXIS2_PLACEMENT_3D ( 'NONE', #3177, #3760, #2237 ) ;
#6043 = CARTESIAN_POINT ( 'NONE',  ( 2.399999999999999911, 0.000000000000000000, -0.9268854014666360053 ) ) ;
#6044 = DIRECTION ( 'NONE',  ( 0.000000000000000000, 0.000000000000000000, 1.000000000000000000 ) ) ;
#6045 = VERTEX_POINT ( 'NONE', #3159 ) ;
#6046 = ORIENTED_EDGE ( 'NONE', *, *, #4318, .F. ) ;
#6047 = CARTESIAN_POINT ( 'NONE',  ( 2.250000000000000000, -2.024999999999999911, 1.614433756729739988 ) ) ;
#6048 = ORIENTED_EDGE ( 'NONE', *, *, #5419, .T. ) ;
#6049 = DIRECTION ( 'NONE',  ( 0.8320502943378476068, 0.4803844614152558146, 0.2773500981126123532 ) ) ;
#6050 = CARTESIAN_POINT ( 'NONE',  ( 2.750000000000000000, -0.2999999999999999889, -0.9499999999999999556 ) ) ;
#6051 = CARTESIAN_POINT ( 'NONE',  ( 2.250000000000000000, -1.139999999999999902, 1.800000000000000044 ) ) ;
#6052 = FACE_OUTER_BOUND ( 'NONE', #4607, .T. ) ;
#6053 = DIRECTION ( 'NONE',  ( -1.000000000000000000, -6.101831366007240336E-19, -1.734723475976804976E-18 ) ) ;
#6054 = ORIENTED_EDGE ( 'NONE', *, *, #4611, .T. ) ;
#6055 = CARTESIAN_POINT ( 'NONE',  ( -0.9574732622179330521, -2.045685310046751582, 1.611534937830079173 ) ) ;
#6056 = VECTOR ( 'NONE', #5759, 1000.000000000000000 ) ;
#6057 = DIRECTION ( 'NONE',  ( 0.000000000000000000, 2.172741153660949900E-16, -1.000000000000000000 ) ) ;
#6058 = CARTESIAN_POINT ( 'NONE',  ( 2.419999999999999929, -0.4500000000000000111, -0.2999999999999999889 ) ) ;
#6059 = AXIS2_PLACEMENT_3D ( 'NONE', #3934, #6716, #5143 ) ;
#6060 = ORIENTED_EDGE ( 'NONE', *, *, #2140, .T. ) ;
#6061 = ORIENTED_EDGE ( 'NONE', *, *, #1817, .F. ) ;
#6062 = VERTEX_POINT ( 'NONE', #3588 ) ;
#6063 = DIRECTION ( 'NONE',  ( 1.000000000000000000, 0.000000000000000000, 0.000000000000000000 ) ) ;
#6064 = CARTESIAN_POINT ( 'NONE',  ( 0.6005218575370809830, -1.564718210309564927, -1.469999999999999973 ) ) ;
#6065 = DIRECTION ( 'NONE',  ( 0.000000000000000000, 0.000000000000000000, 1.000000000000000000 ) ) ;
#6066 = EDGE_LOOP ( 'NONE', ( #1938, #414, #3895, #743 ) ) ;
#6067 = CYLINDRICAL_SURFACE ( 'NONE', #138, 0.2000000000000000944 ) ;
#6068 = ORIENTED_EDGE ( 'NONE', *, *, #2689, .T. ) ;
#6069 = DIRECTION ( 'NONE',  ( -0.05941309073766349452, -0.9982334820316327573, 0.000000000000000000 ) ) ;
#6070 = PRODUCT_CONTEXT ( 'NONE', #2570, 'mechanical' ) ;
#6071 = CIRCLE ( 'NONE', #3454, 0.05000000000000002359 ) ;
#6072 = CARTESIAN_POINT ( 'NONE',  ( 2.419999999999999929, -0.3499999999999999778, 0.2000000000000000111 ) ) ;
#6073 = ORIENTED_EDGE ( 'NONE', *, *, #3369, .F. ) ;
#6074 = ORIENTED_EDGE ( 'NONE', *, *, #4505, .T. ) ;
#6075 = EDGE_CURVE ( 'NONE', #6847, #4568, #5091, .T. ) ;
#6076 = VERTEX_POINT ( 'NONE', #4628 ) ;
#6077 = ADVANCED_FACE ( 'NONE', ( #189 ), #2752, .T. ) ;
#6078 = FACE_OUTER_BOUND ( 'NONE', #2820, .T. ) ;
#6079 = CARTESIAN_POINT ( 'NONE',  ( -2.550000000000000266, -2.050000000000000266, 1.571132486540520068 ) ) ;
#6080 = EDGE_LOOP ( 'NONE', ( #1110, #2637, #6074, #3974, #429 ) ) ;
#6081 = DIRECTION ( 'NONE',  ( 1.000000000000000000, 0.000000000000000000, 0.000000000000000000 ) ) ;
#6082 = LINE ( 'NONE', #1515, #3752 ) ;
#6083 = EDGE_LOOP ( 'NONE', ( #4348, #5373, #5947, #619 ) ) ;
#6084 = ORIENTED_EDGE ( 'NONE', *, *, #4452, .F. ) ;
#6085 = CARTESIAN_POINT ( 'NONE',  ( -2.449999999999999734, -8.687169907040099544E-15, -0.1524999999999999967 ) ) ;
#6086 = ORIENTED_EDGE ( 'NONE', *, *, #5730, .F. ) ;
#6087 = EDGE_CURVE ( 'NONE', #3679, #2882, #5217, .T. ) ;
#6088 = AXIS2_PLACEMENT_3D ( 'NONE', #6034, #2088, #5615 ) ;
#6089 = DIRECTION ( 'NONE',  ( 0.000000000000000000, -1.000000000000000000, 0.000000000000000000 ) ) ;
#6090 = CARTESIAN_POINT ( 'NONE',  ( -2.750000000000000000, -1.139999999999999902, -1.800000000000000044 ) ) ;
#6091 = CIRCLE ( 'NONE', #2173, 0.2479999999999999982 ) ;
#6092 = ADVANCED_FACE ( 'NONE', ( #293 ), #2965, .T. ) ;
#6093 = ORIENTED_EDGE ( 'NONE', *, *, #4139, .F. ) ;
#6094 = VERTEX_POINT ( 'NONE', #1355 ) ;
#6095 = EDGE_CURVE ( 'NONE', #5874, #6771, #2627, .T. ) ;
#6096 = CARTESIAN_POINT ( 'NONE',  ( -2.100000000000000089, -0.1499999999999999944, -1.474999999999999867 ) ) ;
#6097 = ORIENTED_EDGE ( 'NONE', *, *, #4480, .T. ) ;
#6098 = CARTESIAN_POINT ( 'NONE',  ( 2.682690296114369932, -0.5742640687119289211, 0.4326902961143724857 ) ) ;
#6099 = CARTESIAN_POINT ( 'NONE',  ( -2.750000000000000000, -1.765000000000000124, 1.800000000000000044 ) ) ;
#6100 = CARTESIAN_POINT ( 'NONE',  ( -2.250000000000000000, -0.5000000000000000000, -0.9499999999999999556 ) ) ;
#6101 = CIRCLE ( 'NONE', #7050, 0.1500000000000000777 ) ;
#6102 = DIRECTION ( 'NONE',  ( 6.101831366007370336E-19, -1.000000000000000000, -4.336808689942019662E-19 ) ) ;
#6103 = ORIENTED_EDGE ( 'NONE', *, *, #2516, .F. ) ;
#6104 = CARTESIAN_POINT ( 'NONE',  ( -1.149999999999999911, -1.934529946162075076, -1.600000000000000089 ) ) ;
#6105 = DIRECTION ( 'NONE',  ( -1.000000000000000000, 0.000000000000000000, 0.000000000000000000 ) ) ;
#6106 = DIRECTION ( 'NONE',  ( -6.101831366007370336E-19, 1.000000000000000000, 4.336808689941540105E-19 ) ) ;
#6107 = ORIENTED_EDGE ( 'NONE', *, *, #3737, .T. ) ;
#6108 = ORIENTED_EDGE ( 'NONE', *, *, #1494, .T. ) ;
#6109 = CARTESIAN_POINT ( 'NONE',  ( 2.750000000000000000, -2.168404344971009854E-16, -1.800000000000000044 ) ) ;
#6110 = FILL_AREA_STYLE_COLOUR ( '', #5234 ) ;
#6111 = CARTESIAN_POINT ( 'NONE',  ( 2.564000000000000057, -1.727000000000000091, -0.1000000000000000056 ) ) ;
#6112 = EDGE_CURVE ( 'NONE', #376, #5682, #4972, .T. ) ;
#6113 = CIRCLE ( 'NONE', #5732, 0.1499999999999999667 ) ;
#6114 = ORIENTED_EDGE ( 'NONE', *, *, #4594, .F. ) ;
#6115 = CARTESIAN_POINT ( 'NONE',  ( -2.750000000000000000, -1.959999999999999964, 1.800000000000000044 ) ) ;
#6116 = LINE ( 'NONE', #5012, #6157 ) ;
#6117 = CARTESIAN_POINT ( 'NONE',  ( 2.250000000000000000, -2.000000000000000000, 1.571132486540520068 ) ) ;
#6118 = VERTEX_POINT ( 'NONE', #4677 ) ;
#6119 = ADVANCED_FACE ( 'NONE', ( #51 ), #6996, .T. ) ;
#6120 = VERTEX_POINT ( 'NONE', #3537 ) ;
#6121 = VECTOR ( 'NONE', #5581, 1000.000000000000000 ) ;
#6122 = DIRECTION ( 'NONE',  ( 1.000000000000000000, 0.000000000000000000, 0.000000000000000000 ) ) ;
#6123 = ORIENTED_EDGE ( 'NONE', *, *, #6451, .F. ) ;
#6124 = DIRECTION ( 'NONE',  ( -0.3473143558235926021, 0.000000000000000000, 0.9377487607237040557 ) ) ;
#6125 = CARTESIAN_POINT ( 'NONE',  ( -2.249999854230001706, -1.999999999999997780, -1.571115488208286948 ) ) ;
#6126 = CIRCLE ( 'NONE', #4613, 0.3499999999999998113 ) ;
#6127 =( BOUNDED_SURFACE ( )  B_SPLINE_SURFACE ( 3, 2, ( 
 ( #1306, #2824, #3530 ),
 ( #671, #6310, #2462 ),
 ( #3384, #5667, #2306 ),
 ( #4090, #1793, #2870 ),
 ( #6403, #5761, #4670 ),
 ( #3999, #4623, #7327 ) ),
 .UNSPECIFIED., .F., .F., .F. ) 
 B_SPLINE_SURFACE_WITH_KNOTS ( ( 4, 2, 4 ),
 ( 3, 3 ),
 ( 0.4629731433117370010, 0.5689426100424630484, 0.6749120767731879855 ),
 ( 0.000000000000000000, 1.000000000000000000 ),
 .UNSPECIFIED. ) 
 GEOMETRIC_REPRESENTATION_ITEM ( )  RATIONAL_B_SPLINE_SURFACE ( (
 ( 1.000000000000000000, 0.9659258262886989410, 1.000000000000000000),
 ( 1.000000000000000000, 0.9706935605144529911, 1.000000000000000000),
 ( 1.000000000000000000, 0.9705288393260049773, 1.000000000000000000),
 ( 1.000000000000000000, 0.9447190473916390330, 1.000000000000000000),
 ( 1.000000000000000000, 0.9180479945640870332, 1.000000000000000000),
 ( 1.000000000000000000, 0.8660254037844369313, 1.000000000000000000) ) ) 
 REPRESENTATION_ITEM ( '' )  SURFACE ( )  );
#6128 = DIRECTION ( 'NONE',  ( 0.000000000000000000, 0.000000000000000000, -1.000000000000000000 ) ) ;
#6129 = VERTEX_POINT ( 'NONE', #782 ) ;
#6130 = CARTESIAN_POINT ( 'NONE',  ( -2.569999999999999840, -0.4500000000000000111, 0.2500000000000000000 ) ) ;
#6131 = ORIENTED_EDGE ( 'NONE', *, *, #770, .T. ) ;
#6132 = ADVANCED_FACE ( 'NONE', ( #168 ), #224, .F. ) ;
#6133 = AXIS2_PLACEMENT_3D ( 'NONE', #4656, #4074, #5839 ) ;
#6134 = FACE_OUTER_BOUND ( 'NONE', #7363, .T. ) ;
#6135 = ORIENTED_EDGE ( 'NONE', *, *, #4433, .T. ) ;
#6136 = LINE ( 'NONE', #3996, #1149 ) ;
#6137 = ORIENTED_EDGE ( 'NONE', *, *, #2842, .F. ) ;
#6138 = DIRECTION ( 'NONE',  ( 0.000000000000000000, -1.000000000000000000, 0.000000000000000000 ) ) ;
#6139 = ORIENTED_EDGE ( 'NONE', *, *, #3887, .F. ) ;
#6140 = EDGE_CURVE ( 'NONE', #6285, #3734, #2528, .T. ) ;
#6141 = DIRECTION ( 'NONE',  ( 0.000000000000000000, 1.000000000000000000, 0.000000000000000000 ) ) ;
#6142 = LINE ( 'NONE', #2557, #1146 ) ;
#6143 = EDGE_LOOP ( 'NONE', ( #255, #1822, #5277, #2393 ) ) ;
#6144 = CARTESIAN_POINT ( 'NONE',  ( 1.870190296114370154, -0.1499999999999999944, 1.704809703885624916 ) ) ;
#6145 = AXIS2_PLACEMENT_3D ( 'NONE', #3544, #6910, #1811 ) ;
#6146 = VECTOR ( 'NONE', #2305, 999.9999999999998863 ) ;
#6147 = CARTESIAN_POINT ( 'NONE',  ( 2.540662314108554920, -2.000000000000000000, -0.8747882480930969651 ) ) ;
#6148 = CARTESIAN_POINT ( 'NONE',  ( -2.550000000000000266, -0.2000000000000000111, 1.149999999999999911 ) ) ;
#6149 = ORIENTED_EDGE ( 'NONE', *, *, #6431, .T. ) ;
#6150 = ORIENTED_EDGE ( 'NONE', *, *, #908, .T. ) ;
#6151 = DIRECTION ( 'NONE',  ( 0.000000000000000000, 0.000000000000000000, -1.000000000000000000 ) ) ;
#6152 = CARTESIAN_POINT ( 'NONE',  ( 0.6005218575370809830, -2.160000000000000142, -1.270000000000000018 ) ) ;
#6153 = ORIENTED_EDGE ( 'NONE', *, *, #1856, .F. ) ;
#6154 = EDGE_CURVE ( 'NONE', #7160, #7247, #2539, .T. ) ;
#6155 = DIRECTION ( 'NONE',  ( -1.000000000000000000, 0.000000000000000000, 0.000000000000000000 ) ) ;
#6156 = PRODUCT_DEFINITION_FORMATION_WITH_SPECIFIED_SOURCE ( 'ANY', '', #4353, .NOT_KNOWN. ) ;
#6157 = VECTOR ( 'NONE', #14, 1000.000000000000000 ) ;
#6158 = CARTESIAN_POINT ( 'NONE',  ( -0.9532517576274237570, -2.050000000000001599, -1.614209147894820395 ) ) ;
#6159 = VERTEX_POINT ( 'NONE', #1328 ) ;
#6160 = VERTEX_POINT ( 'NONE', #4018 ) ;
#6161 = DIRECTION ( 'NONE',  ( -1.000000000000000000, -6.101831366007240336E-19, 0.000000000000000000 ) ) ;
#6162 = CARTESIAN_POINT ( 'NONE',  ( -2.750000000000000000, -2.168404344971009854E-16, 1.800000000000000044 ) ) ;
#6163 = AXIS2_PLACEMENT_3D ( 'NONE', #1411, #5608, #7266 ) ;
#6164 = FACE_OUTER_BOUND ( 'NONE', #4475, .T. ) ;
#6165 = DIRECTION ( 'NONE',  ( 0.8320502943378477179, 0.4803844614152558701, -0.2773500981126119092 ) ) ;
#6166 = ORIENTED_EDGE ( 'NONE', *, *, #4712, .T. ) ;
#6167 = AXIS2_PLACEMENT_3D ( 'NONE', #6653, #3247, #7235 ) ;
#6168 = EDGE_CURVE ( 'NONE', #5576, #3096, #5309, .T. ) ;
#6169 = CARTESIAN_POINT ( 'NONE',  ( 2.250000000000000000, -2.000000000000000000, -1.600000000000000089 ) ) ;
#6170 = AXIS2_PLACEMENT_3D ( 'NONE', #4839, #4198, #314 ) ;
#6171 = ADVANCED_FACE ( 'NONE', ( #2853 ), #37, .F. ) ;
#6172 = CARTESIAN_POINT ( 'NONE',  ( -2.100000000000000089, -0.1499999999999999944, 1.625000000000000000 ) ) ;
#6173 = ORIENTED_EDGE ( 'NONE', *, *, #5062, .F. ) ;
#6174 = DIRECTION ( 'NONE',  ( 0.000000000000000000, 0.000000000000000000, 1.000000000000000000 ) ) ;
#6175 = ORIENTED_EDGE ( 'NONE', *, *, #5850, .T. ) ;
#6176 = VECTOR ( 'NONE', #289, 1000.000000000000114 ) ;
#6177 = EDGE_CURVE ( 'NONE', #5671, #630, #5288, .T. ) ;
#6178 = DIRECTION ( 'NONE',  ( -1.000000000000000000, 0.000000000000000000, 0.000000000000000000 ) ) ;
#6179 = DIRECTION ( 'NONE',  ( 6.101831366007370336E-19, -1.000000000000000000, -4.336808689942019662E-19 ) ) ;
#6180 = EDGE_LOOP ( 'NONE', ( #5778, #984, #6970, #4904, #4899, #2400 ) ) ;
#6181 = ADVANCED_FACE ( 'NONE', ( #5269 ), #5374, .F. ) ;
#6182 = FILL_AREA_STYLE ('',( #5073 ) ) ;
#6183 = EDGE_LOOP ( 'NONE', ( #7207, #1893, #7211, #1547 ) ) ;
#6184 = CYLINDRICAL_SURFACE ( 'NONE', #7229, 0.05000000000000002359 ) ;
#6185 = ORIENTED_EDGE ( 'NONE', *, *, #2498, .F. ) ;
#6186 = DIRECTION ( 'NONE',  ( 0.000000000000000000, 0.000000000000000000, -1.000000000000000000 ) ) ;
#6187 = CYLINDRICAL_SURFACE ( 'NONE', #5242, 0.2000000000000000944 ) ;
#6188 = CARTESIAN_POINT ( 'NONE',  ( -2.600000000000000089, -0.2999999999999999889, -0.9499999999999999556 ) ) ;
#6189 = EDGE_CURVE ( 'NONE', #564, #6016, #505, .T. ) ;
#6190 = AXIS2_PLACEMENT_3D ( 'NONE', #7071, #7022, #755 ) ;
#6191 = ORIENTED_EDGE ( 'NONE', *, *, #2917, .F. ) ;
#6192 = DIRECTION ( 'NONE',  ( 6.101831366007370336E-19, -1.000000000000000000, -4.336808689942019662E-19 ) ) ;
#6193 = PLANE ( 'NONE',  #3998 ) ;
#6194 = DIRECTION ( 'NONE',  ( 0.000000000000000000, 1.000000000000000000, 0.000000000000000000 ) ) ;
#6195 = CARTESIAN_POINT ( 'NONE',  ( 0.9499999999999999556, -2.050000000000000266, -1.600000000000000089 ) ) ;
#6196 = VECTOR ( 'NONE', #2058, 1000.000000000000000 ) ;
#6197 = EDGE_CURVE ( 'NONE', #4579, #4532, #399, .T. ) ;
#6198 = ORIENTED_EDGE ( 'NONE', *, *, #5942, .T. ) ;
#6199 = DIRECTION ( 'NONE',  ( 6.101831366007370336E-19, -1.000000000000000000, -4.336808689942019662E-19 ) ) ;
#6200 = FACE_OUTER_BOUND ( 'NONE', #6769, .T. ) ;
#6201 = VERTEX_POINT ( 'NONE', #3264 ) ;
#6202 = DIRECTION ( 'NONE',  ( 0.000000000000000000, 1.000000000000000000, 0.000000000000000000 ) ) ;
#6203 = VECTOR ( 'NONE', #3149, 1000.000000000000000 ) ;
#6204 = AXIS2_PLACEMENT_3D ( 'NONE', #4522, #1262, #15 ) ;
#6205 = CARTESIAN_POINT ( 'NONE',  ( 2.540662314108554920, -2.000000000000000000, 0.8747882480930990745 ) ) ;
#6206 = ORIENTED_EDGE ( 'NONE', *, *, #1584, .F. ) ;
#6207 = AXIS2_PLACEMENT_3D ( 'NONE', #1353, #1912, #2513 ) ;
#6208 = EDGE_CURVE ( 'NONE', #891, #6847, #2900, .T. ) ;
#6209 = CARTESIAN_POINT ( 'NONE',  ( -2.449999999999999734, -0.1800000000000085143, -0.1524999999999999967 ) ) ;
#6210 = VECTOR ( 'NONE', #4809, 1000.000000000000000 ) ;
#6211 = DIRECTION ( 'NONE',  ( 0.000000000000000000, 1.000000000000000000, 0.000000000000000000 ) ) ;
#6212 = ORIENTED_EDGE ( 'NONE', *, *, #2209, .T. ) ;
#6213 = DIRECTION ( 'NONE',  ( -1.000000000000000000, 0.000000000000000000, 0.000000000000000000 ) ) ;
#6214 = DIRECTION ( 'NONE',  ( -6.101831366007370336E-19, 1.000000000000000000, 4.336808689942019662E-19 ) ) ;
#6215 = ORIENTED_EDGE ( 'NONE', *, *, #2380, .T. ) ;
#6216 = DIRECTION ( 'NONE',  ( -1.000000000000000000, -6.101831366007240336E-19, 0.000000000000000000 ) ) ;
#6217 = DIRECTION ( 'NONE',  ( 1.000000000000000000, 0.000000000000000000, 0.000000000000000000 ) ) ;
#6218 = CIRCLE ( 'NONE', #4570, 0.1199999999999998845 ) ;
#6219 = EDGE_LOOP ( 'NONE', ( #4228, #1194, #6924, #3590 ) ) ;
#6220 = FACE_BOUND ( 'NONE', #4145, .T. ) ;
#6221 = EDGE_LOOP ( 'NONE', ( #6304, #1320, #5905, #1605 ) ) ;
#6222 = ADVANCED_FACE ( 'NONE', ( #2993 ), #480, .F. ) ;
#6223 = CARTESIAN_POINT ( 'NONE',  ( -2.600000000000000089, -2.010000000000000231, 1.270000000000000018 ) ) ;
#6224 = VERTEX_POINT ( 'NONE', #1035 ) ;
#6225 = PRODUCT_RELATED_PRODUCT_CATEGORY ( 'part', '', ( #4353 ) ) ;
#6226 = DIRECTION ( 'NONE',  ( 0.000000000000000000, 0.000000000000000000, -1.000000000000000000 ) ) ;
#6227 = DIRECTION ( 'NONE',  ( 0.000000000000000000, 1.000000000000000000, 0.000000000000000000 ) ) ;
#6228 = CARTESIAN_POINT ( 'NONE',  ( 2.600000000000000089, -0.5000000000000000000, -0.9499999999999999556 ) ) ;
#6229 = ORIENTED_EDGE ( 'NONE', *, *, #3452, .F. ) ;
#6230 = CARTESIAN_POINT ( 'NONE',  ( -2.100000000000000089, -0.5742640687119289211, -1.474999999999999867 ) ) ;
#6231 = LINE ( 'NONE', #1107, #3663 ) ;
#6232 = DIRECTION ( 'NONE',  ( 0.000000000000000000, 0.000000000000000000, 1.000000000000000000 ) ) ;
#6233 = CARTESIAN_POINT ( 'NONE',  ( -2.419999999999999929, -1.324999999999999956, -0.1000000000000000056 ) ) ;
#6234 = ORIENTED_EDGE ( 'NONE', *, *, #7101, .F. ) ;
#6235 = ORIENTED_EDGE ( 'NONE', *, *, #3168, .F. ) ;
#6236 = EDGE_CURVE ( 'NONE', #4063, #4760, #2869, .T. ) ;
#6237 = AXIS2_PLACEMENT_3D ( 'NONE', #879, #5536, #301 ) ;
#6238 = CARTESIAN_POINT ( 'NONE',  ( 1.775000000000000133, -2.168404344971009854E-16, -1.149999999999999911 ) ) ;
#6239 = ADVANCED_FACE ( 'NONE', ( #2878 ), #2823, .F. ) ;
#6240 = DIRECTION ( 'NONE',  ( 1.000000000000000000, 6.101831366007240336E-19, 0.000000000000000000 ) ) ;
#6241 = DIRECTION ( 'NONE',  ( 1.734723475976804976E-18, 4.336808689942014847E-19, -1.000000000000000000 ) ) ;
#6242 = ORIENTED_EDGE ( 'NONE', *, *, #1266, .T. ) ;
#6243 = AXIS2_PLACEMENT_3D ( 'NONE', #6244, #1673, #2803 ) ;
#6244 = CARTESIAN_POINT ( 'NONE',  ( -2.600000000000000089, -1.564718210309564927, 1.469999999999999973 ) ) ;
#6245 = LINE ( 'NONE', #6456, #3863 ) ;
#6246 = CARTESIAN_POINT ( 'NONE',  ( 2.248513359643100173, -2.024999999999999911, -1.614433756729739988 ) ) ;
#6247 = AXIS2_PLACEMENT_3D ( 'NONE', #1046, #281, #3804 ) ;
#6248 = VERTEX_POINT ( 'NONE', #5547 ) ;
#6249 = DIRECTION ( 'NONE',  ( 0.000000000000000000, 0.000000000000000000, 1.000000000000000000 ) ) ;
#6250 = AXIS2_PLACEMENT_3D ( 'NONE', #4096, #172, #1312 ) ;
#6251 = DIRECTION ( 'NONE',  ( 0.000000000000000000, 1.000000000000000000, 0.000000000000000000 ) ) ;
#6252 = DIRECTION ( 'NONE',  ( 0.000000000000000000, 0.000000000000000000, 1.000000000000000000 ) ) ;
#6253 = ORIENTED_EDGE ( 'NONE', *, *, #6189, .T. ) ;
#6254 = DIRECTION ( 'NONE',  ( 1.000000000000000000, 0.000000000000000000, 0.000000000000000000 ) ) ;
#6255 = DIRECTION ( 'NONE',  ( 0.000000000000000000, -1.000000000000000000, 0.000000000000000000 ) ) ;
#6256 = CARTESIAN_POINT ( 'NONE',  ( 0.9598159935051659986, -2.044332733507339572, -1.600609367199555155 ) ) ;
#6257 = ORIENTED_EDGE ( 'NONE', *, *, #6498, .F. ) ;
#6258 = ORIENTED_EDGE ( 'NONE', *, *, #1932, .F. ) ;
#6259 = MANIFOLD_SOLID_BREP ( 'NONE', #2635 ) ;
#6260 = EDGE_CURVE ( 'NONE', #258, #3075, #5353, .T. ) ;
#6261 = CARTESIAN_POINT ( 'NONE',  ( -0.9674457630187009993, -2.072662710943895092, 1.641951835723505004 ) ) ;
#6262 = VERTEX_POINT ( 'NONE', #1537 ) ;
#6263 = EDGE_CURVE ( 'NONE', #219, #2582, #431, .T. ) ;
#6264 = CIRCLE ( 'NONE', #5636, 0.2000000000000000944 ) ;
#6265 = ORIENTED_EDGE ( 'NONE', *, *, #1253, .F. ) ;
#6266 = LINE ( 'NONE', #2427, #6421 ) ;
#6267 = AXIS2_PLACEMENT_3D ( 'NONE', #2233, #2813, #3 ) ;
#6268 = CARTESIAN_POINT ( 'NONE',  ( -2.605999999999999872, -1.324999999999999956, -0.3479999999999999760 ) ) ;
#6269 = DIRECTION ( 'NONE',  ( 0.000000000000000000, 1.000000000000000000, 0.000000000000000000 ) ) ;
#6270 = VERTEX_POINT ( 'NONE', #1134 ) ;
#6271 = AXIS2_PLACEMENT_3D ( 'NONE', #7129, #2605, #5434 ) ;
#6272 = EDGE_LOOP ( 'NONE', ( #4747, #1879, #3953, #6484 ) ) ;
#6273 = CARTESIAN_POINT ( 'NONE',  ( -2.600000000000000089, -0.2999999999999999889, 1.149999999999999911 ) ) ;
#6274 = LINE ( 'NONE', #73, #1470 ) ;
#6275 = FILL_AREA_STYLE ('',( #6953 ) ) ;
#6276 = VERTEX_POINT ( 'NONE', #1084 ) ;
#6277 = EDGE_CURVE ( 'NONE', #6455, #240, #2787, .T. ) ;
#6278 = DIRECTION ( 'NONE',  ( 0.000000000000000000, 0.000000000000000000, 1.000000000000000000 ) ) ;
#6279 = VECTOR ( 'NONE', #1791, 1000.000000000000000 ) ;
#6280 = CARTESIAN_POINT ( 'NONE',  ( -2.550000000000000266, 0.4227724399837060054, -0.5400000000000000355 ) ) ;
#6281 = CARTESIAN_POINT ( 'NONE',  ( 1.050000000000000044, -2.024999999999999911, 1.614433756729739988 ) ) ;
#6282 = ADVANCED_FACE ( 'NONE', ( #5362 ), #457, .T. ) ;
#6283 = EDGE_CURVE ( 'NONE', #3805, #4657, #2968, .T. ) ;
#6284 = ORIENTED_EDGE ( 'NONE', *, *, #1334, .F. ) ;
#6285 = VERTEX_POINT ( 'NONE', #4889 ) ;
#6286 = CARTESIAN_POINT ( 'NONE',  ( 2.605999999999999872, -1.324999999999999956, -0.3479999999999999760 ) ) ;
#6287 = AXIS2_PLACEMENT_3D ( 'NONE', #2166, #2751, #1396 ) ;
#6288 = CARTESIAN_POINT ( 'NONE',  ( 1.039866934926163999, -1.978063503184335215, 1.529599930739435010 ) ) ;
#6289 = CARTESIAN_POINT ( 'NONE',  ( -0.9879395023496200245, -2.039232582258230231, -1.617250503834499975 ) ) ;
#6290 = CYLINDRICAL_SURFACE ( 'NONE', #6685, 0.04999999999999991257 ) ;
#6291 = ORIENTED_EDGE ( 'NONE', *, *, #3816, .T. ) ;
#6292 = DIRECTION ( 'NONE',  ( 0.000000000000000000, 0.000000000000000000, -1.000000000000000000 ) ) ;
#6293 = CARTESIAN_POINT ( 'NONE',  ( -0.9419587623471050719, -2.050000000000000266, -1.621463439647365057 ) ) ;
#6294 = AXIS2_PLACEMENT_3D ( 'NONE', #6195, #3213, #7206 ) ;
#6295 = ORIENTED_EDGE ( 'NONE', *, *, #1029, .F. ) ;
#6296 = DIRECTION ( 'NONE',  ( 0.7071067811865470176, 0.000000000000000000, 0.7071067811865480168 ) ) ;
#6297 = EDGE_LOOP ( 'NONE', ( #5170, #1239, #8, #1059, #2571 ) ) ;
#6298 = ORIENTED_EDGE ( 'NONE', *, *, #2754, .F. ) ;
#6299 = EDGE_CURVE ( 'NONE', #5495, #3317, #2937, .T. ) ;
#6300 = ADVANCED_FACE ( 'NONE', ( #5257 ), #2385, .F. ) ;
#6301 = DIRECTION ( 'NONE',  ( 0.000000000000000000, 0.000000000000000000, -1.000000000000000000 ) ) ;
#6302 = MECHANICAL_DESIGN_GEOMETRIC_PRESENTATION_REPRESENTATION (  '', ( #2146 ), #3308 ) ;
#6303 = DIRECTION ( 'NONE',  ( 0.000000000000000000, 0.000000000000000000, -1.000000000000000000 ) ) ;
#6304 = ORIENTED_EDGE ( 'NONE', *, *, #1985, .T. ) ;
#6305 = CYLINDRICAL_SURFACE ( 'NONE', #5408, 0.04999999999999991257 ) ;
#6306 = DIRECTION ( 'NONE',  ( -0.7071067811865480168, -7.381233169927239851E-19, 0.7071067811865470176 ) ) ;
#6307 = ORIENTED_EDGE ( 'NONE', *, *, #2504, .F. ) ;
#6308 = ORIENTED_EDGE ( 'NONE', *, *, #3256, .T. ) ;
#6309 = DIRECTION ( 'NONE',  ( 0.000000000000000000, -1.000000000000000000, 0.000000000000000000 ) ) ;
#6310 = CARTESIAN_POINT ( 'NONE',  ( 0.9488880816569955634, -2.050000000000001155, -1.604009005711929170 ) ) ;
#6311 = ORIENTED_EDGE ( 'NONE', *, *, #5018, .F. ) ;
#6312 = CARTESIAN_POINT ( 'NONE',  ( -1.162006473417549923, -1.985333032421400024, 1.533796995401334851 ) ) ;
#6313 = ORIENTED_EDGE ( 'NONE', *, *, #5006, .F. ) ;
#6314 = EDGE_CURVE ( 'NONE', #3686, #3923, #5445, .T. ) ;
#6315 = VECTOR ( 'NONE', #5805, 1000.000000000000000 ) ;
#6316 = DIRECTION ( 'NONE',  ( 1.000000000000000000, 6.101831366007240336E-19, 0.000000000000000000 ) ) ;
#6317 = CARTESIAN_POINT ( 'NONE',  ( 2.550000000000000266, -0.2000000000000000111, 1.149999999999999911 ) ) ;
#6318 = VECTOR ( 'NONE', #4370, 1000.000000000000000 ) ;
#6319 = ORIENTED_EDGE ( 'NONE', *, *, #4254, .T. ) ;
#6320 = VERTEX_POINT ( 'NONE', #1718 ) ;
#6321 = DIRECTION ( 'NONE',  ( 1.000000000000000000, 0.000000000000000000, 0.000000000000000000 ) ) ;
#6322 = ORIENTED_EDGE ( 'NONE', *, *, #4618, .F. ) ;
#6323 = VECTOR ( 'NONE', #6371, 1000.000000000000000 ) ;
#6324 = CARTESIAN_POINT ( 'NONE',  ( 2.605999999999999872, -0.5000000000000000000, -0.3479999999999999760 ) ) ;
#6325 = EDGE_LOOP ( 'NONE', ( #4079, #5283, #4431, #4454, #1836, #4478, #6959, #2932 ) ) ;
#6326 = FACE_OUTER_BOUND ( 'NONE', #5617, .T. ) ;
#6327 = EDGE_CURVE ( 'NONE', #7346, #1863, #2947, .T. ) ;
#6328 = AXIS2_PLACEMENT_3D ( 'NONE', #3118, #3163, #3068 ) ;
#6329 = VECTOR ( 'NONE', #2902, 1000.000000000000114 ) ;
#6330 = ORIENTED_EDGE ( 'NONE', *, *, #6168, .T. ) ;
#6331 = ORIENTED_EDGE ( 'NONE', *, *, #4813, .T. ) ;
#6332 = CARTESIAN_POINT ( 'NONE',  ( -2.682690296114374817, -0.1499999999999999944, -0.4326902961143724857 ) ) ;
#6333 = DIRECTION ( 'NONE',  ( 0.000000000000000000, 0.000000000000000000, 1.000000000000000000 ) ) ;
#6334 = DIRECTION ( 'NONE',  ( -6.101831366007370336E-19, 1.000000000000000000, 0.000000000000000000 ) ) ;
#6335 = CYLINDRICAL_SURFACE ( 'NONE', #3947, 0.1999999999999999833 ) ;
#6336 = ORIENTED_EDGE ( 'NONE', *, *, #6426, .F. ) ;
#6337 = CARTESIAN_POINT ( 'NONE',  ( -2.620000000000000107, -1.534999999999999920, -0.1000000000000000056 ) ) ;
#6338 = AXIS2_PLACEMENT_3D ( 'NONE', #6546, #2001, #7123 ) ;
#6339 = CARTESIAN_POINT ( 'NONE',  ( 2.550000000000000266, -2.160000000000000142, -1.270000000000000018 ) ) ;
#6340 = CARTESIAN_POINT ( 'NONE',  ( -2.600000000000000089, -2.010000000000000231, -1.270000000000000018 ) ) ;
#6341 = ADVANCED_FACE ( 'NONE', ( #334 ), #5436, .F. ) ;
#6342 = CARTESIAN_POINT ( 'NONE',  ( 2.605999999999999872, -1.572999999999999954, 0.1000000000000000056 ) ) ;
#6343 = ORIENTED_EDGE ( 'NONE', *, *, #2363, .F. ) ;
#6344 = ORIENTED_EDGE ( 'NONE', *, *, #2991, .T. ) ;
#6345 = CARTESIAN_POINT ( 'NONE',  ( -2.250000000000000000, -2.024999999999999911, 1.614433756729739988 ) ) ;
#6346 = DIRECTION ( 'NONE',  ( 0.000000000000000000, 0.000000000000000000, 1.000000000000000000 ) ) ;
#6347 = EDGE_LOOP ( 'NONE', ( #3522, #2169 ) ) ;
#6348 = VECTOR ( 'NONE', #5679, 1000.000000000000000 ) ;
#6349 = DIRECTION ( 'NONE',  ( 0.000000000000000000, 4.336808689942014847E-19, -1.000000000000000000 ) ) ;
#6350 = DIRECTION ( 'NONE',  ( -1.000000000000000000, -6.101831366007240336E-19, 0.000000000000000000 ) ) ;
#6351 = ORIENTED_EDGE ( 'NONE', *, *, #5505, .T. ) ;
#6352 = EDGE_CURVE ( 'NONE', #6771, #1889, #515, .T. ) ;
#6353 = DIRECTION ( 'NONE',  ( 0.000000000000000000, 1.000000000000000000, 0.000000000000000000 ) ) ;
#6354 = LINE ( 'NONE', #2346, #3984 ) ;
#6355 = VERTEX_POINT ( 'NONE', #2753 ) ;
#6356 = ORIENTED_EDGE ( 'NONE', *, *, #430, .F. ) ;
#6357 = CARTESIAN_POINT ( 'NONE',  ( 2.550000000000000266, -2.050000000000000266, -1.571132486540520068 ) ) ;
#6358 = ADVANCED_FACE ( 'NONE', ( #5454 ), #5245, .F. ) ;
#6359 = CARTESIAN_POINT ( 'NONE',  ( -2.500000000000000000, -2.000000000000000000, -0.3331145985333605619 ) ) ;
#6360 = DIRECTION ( 'NONE',  ( 0.000000000000000000, -1.000000000000000000, 0.000000000000000000 ) ) ;
#6361 = AXIS2_PLACEMENT_3D ( 'NONE', #4017, #4549, #5688 ) ;
#6362 = SURFACE_STYLE_FILL_AREA ( #6182 ) ;
#6363 = EDGE_CURVE ( 'NONE', #4632, #1780, #321, .T. ) ;
#6364 = ORIENTED_EDGE ( 'NONE', *, *, #1334, .T. ) ;
#6365 = CIRCLE ( 'NONE', #4367, 0.5000000000000000000 ) ;
#6366 = CARTESIAN_POINT ( 'NONE',  ( -2.250000000000000000, -1.080000000000000071, 1.800000000000000044 ) ) ;
#6367 = LINE ( 'NONE', #6930, #3960 ) ;
#6368 = EDGE_CURVE ( 'NONE', #5637, #4524, #5624, .T. ) ;
#6369 = ORIENTED_EDGE ( 'NONE', *, *, #3791, .T. ) ;
#6370 = DIRECTION ( 'NONE',  ( 1.765022676065219952E-19, -1.000000000000000000, 0.000000000000000000 ) ) ;
#6371 = DIRECTION ( 'NONE',  ( 0.000000000000000000, -1.000000000000000000, 0.000000000000000000 ) ) ;
#6372 = CARTESIAN_POINT ( 'NONE',  ( 2.600000000000000089, -1.564718210309564927, 1.270000000000000018 ) ) ;
#6373 = DIRECTION ( 'NONE',  ( 1.000000000000000000, 0.000000000000000000, 0.000000000000000000 ) ) ;
#6374 = ORIENTED_EDGE ( 'NONE', *, *, #1467, .T. ) ;
#6375 = EDGE_CURVE ( 'NONE', #3446, #1593, #762, .T. ) ;
#6376 = CYLINDRICAL_SURFACE ( 'NONE', #2439, 0.05000000000000002359 ) ;
#6377 = VERTEX_POINT ( 'NONE', #2069 ) ;
#6378 = VERTEX_POINT ( 'NONE', #5085 ) ;
#6379 = CARTESIAN_POINT ( 'NONE',  ( -1.870190296114370154, -0.1499999999999999944, 1.245190296114374151 ) ) ;
#6380 = ORIENTED_EDGE ( 'NONE', *, *, #7274, .T. ) ;
#6381 = CARTESIAN_POINT ( 'NONE',  ( -2.569999999999999840, -0.3499999999999999778, -0.2500000000000000000 ) ) ;
#6382 = CARTESIAN_POINT ( 'NONE',  ( -2.682690296114374817, -2.168404344971009854E-16, -0.4326902961143724857 ) ) ;
#6383 = FACE_OUTER_BOUND ( 'NONE', #2362, .T. ) ;
#6384 =( NAMED_UNIT ( * ) PLANE_ANGLE_UNIT ( ) SI_UNIT ( $, .RADIAN. ) );
#6385 = CARTESIAN_POINT ( 'NONE',  ( 2.419999999999999929, -1.324999999999999956, 0.1000000000000000056 ) ) ;
#6386 = ORIENTED_EDGE ( 'NONE', *, *, #2854, .T. ) ;
#6387 = ORIENTED_EDGE ( 'NONE', *, *, #2089, .F. ) ;
#6388 = DIRECTION ( 'NONE',  ( 7.221912651870689721E-16, 1.000000000000000000, 4.336808689942030255E-19 ) ) ;
#6389 = ORIENTED_EDGE ( 'NONE', *, *, #2322, .F. ) ;
#6390 = PLANE ( 'NONE',  #1232 ) ;
#6391 = LINE ( 'NONE', #1871, #4040 ) ;
#6392 = FILL_AREA_STYLE_COLOUR ( '', #66 ) ;
#6393 = DIRECTION ( 'NONE',  ( 0.000000000000000000, 0.000000000000000000, -1.000000000000000000 ) ) ;
#6394 = CARTESIAN_POINT ( 'NONE',  ( 2.620000000000000107, -1.080000000000000071, 0.3099999999999999978 ) ) ;
#6395 = ADVANCED_FACE ( 'NONE', ( #3201 ), #4301, .F. ) ;
#6396 = CARTESIAN_POINT ( 'NONE',  ( 2.249999854229991492, -1.999999999999997780, 1.571115488208286948 ) ) ;
#6397 = LINE ( 'NONE', #4509, #3893 ) ;
#6398 = DIRECTION ( 'NONE',  ( 0.000000000000000000, -1.000000000000000000, 0.000000000000000000 ) ) ;
#6399 = VERTEX_POINT ( 'NONE', #936 ) ;
#6400 = EDGE_CURVE ( 'NONE', #1726, #5324, #589, .T. ) ;
#6401 = ORIENTED_EDGE ( 'NONE', *, *, #5, .T. ) ;
#6402 = CARTESIAN_POINT ( 'NONE',  ( -0.9366025403784448145, -2.050000000000002931, 1.633423233636098537 ) ) ;
#6403 = CARTESIAN_POINT ( 'NONE',  ( 1.004548846896422098, -2.050000000000000266, -1.657734768241905021 ) ) ;
#6404 = CARTESIAN_POINT ( 'NONE',  ( 2.540662314108554920, -2.000000000000000000, 0.8747882480930990745 ) ) ;
#6405 = SHAPE_REPRESENTATION_RELATIONSHIP ( 'NONE' , 'NONE' ,  #433, #4275 ) ;
#6406 = CARTESIAN_POINT ( 'NONE',  ( 2.449999999999999734, -9.147955830346438929E-15, 1.098717147929999949E-15 ) ) ;
#6407 = EDGE_LOOP ( 'NONE', ( #115, #136, #3712, #5093 ) ) ;
#6408 = CIRCLE ( 'NONE', #2202, 0.04999999999999991257 ) ;
#6409 = MECHANICAL_DESIGN_GEOMETRIC_PRESENTATION_REPRESENTATION (  '', ( #1026 ), #50 ) ;
#6410 = DIRECTION ( 'NONE',  ( -1.000000000000000000, 0.000000000000000000, 0.000000000000000000 ) ) ;
#6411 = VECTOR ( 'NONE', #5097, 1000.000000000000000 ) ;
#6412 = ORIENTED_EDGE ( 'NONE', *, *, #1722, .F. ) ;
#6413 = ADVANCED_FACE ( 'NONE', ( #791 ), #726, .T. ) ;
#6414 = EDGE_CURVE ( 'NONE', #996, #4230, #3239, .T. ) ;
#6415 = CARTESIAN_POINT ( 'NONE',  ( 1.050000000000000044, -2.050000000000000266, 1.657735026918965016 ) ) ;
#6416 = AXIS2_PLACEMENT_3D ( 'NONE', #4597, #6240, #1881 ) ;
#6417 = LINE ( 'NONE', #4053, #1384 ) ;
#6418 = DIRECTION ( 'NONE',  ( 0.000000000000000000, 0.000000000000000000, -1.000000000000000000 ) ) ;
#6419 = CARTESIAN_POINT ( 'NONE',  ( 2.550000000000000266, -1.765000000000000124, -0.1000000000000000056 ) ) ;
#6420 = ORIENTED_EDGE ( 'NONE', *, *, #5297, .F. ) ;
#6421 = VECTOR ( 'NONE', #5873, 1000.000000000000000 ) ;
#6422 = CARTESIAN_POINT ( 'NONE',  ( -0.9500000000000755618, -2.049999999999997158, 1.592264973080230517 ) ) ;
#6423 = LINE ( 'NONE', #995, #1617 ) ;
#6424 = ORIENTED_EDGE ( 'NONE', *, *, #1500, .F. ) ;
#6425 = ORIENTED_EDGE ( 'NONE', *, *, #478, .F. ) ;
#6426 = EDGE_CURVE ( 'NONE', #10, #3065, #5593, .T. ) ;
#6427 = DIRECTION ( 'NONE',  ( -1.000000000000000000, 0.000000000000000000, 0.000000000000000000 ) ) ;
#6428 = DIRECTION ( 'NONE',  ( 0.000000000000000000, 1.000000000000000000, 0.000000000000000000 ) ) ;
#6429 = DIRECTION ( 'NONE',  ( -1.734723475976804976E-18, -4.336808689942014847E-19, 1.000000000000000000 ) ) ;
#6430 = EDGE_LOOP ( 'NONE', ( #3867, #3043, #4245, #1729 ) ) ;
#6431 = EDGE_CURVE ( 'NONE', #6262, #5997, #5523, .T. ) ;
#6432 = CIRCLE ( 'NONE', #3240, 0.05000000000000002359 ) ;
#6433 = EDGE_LOOP ( 'NONE', ( #6727, #4389, #3581, #3187 ) ) ;
#6434 = CIRCLE ( 'NONE', #7328, 0.05000000000000002359 ) ;
#6435 =( BOUNDED_CURVE ( )  B_SPLINE_CURVE ( 3, ( #3002, #6396, #767, #3579 ),
 .UNSPECIFIED., .F., .F. ) 
 B_SPLINE_CURVE_WITH_KNOTS ( ( 4, 4 ),
 ( 3.142613605162354773, 3.143633054810670124 ),
 .UNSPECIFIED. ) 
 CURVE ( )  GEOMETRIC_REPRESENTATION_ITEM ( )  RATIONAL_B_SPLINE_CURVE ( ( 1.000000000000000000, 0.9999999133935359996, 0.9999999133935359996, 1.000000000000000000 ) ) 
 REPRESENTATION_ITEM ( '' )  );
#6436 = DIRECTION ( 'NONE',  ( 1.000000000000000000, 6.101831366007240336E-19, 1.734723475976804976E-18 ) ) ;
#6437 = CARTESIAN_POINT ( 'NONE',  ( 2.600000000000000089, -1.959999999999999964, 1.270000000000000018 ) ) ;
#6438 = LINE ( 'NONE', #6024, #1427 ) ;
#6439 = CARTESIAN_POINT ( 'NONE',  ( -1.207690296114372064, -0.1499999999999999944, -1.042309703885625938 ) ) ;
#6440 = ORIENTED_EDGE ( 'NONE', *, *, #3358, .T. ) ;
#6441 =( BOUNDED_CURVE ( )  B_SPLINE_CURVE ( 3, ( #1723, #4503, #4555, #6117 ),
 .UNSPECIFIED., .F., .F. ) 
 B_SPLINE_CURVE_WITH_KNOTS ( ( 4, 4 ),
 ( 4.712388980384689674, 5.759586681676450048 ),
 .UNSPECIFIED. ) 
 CURVE ( )  GEOMETRIC_REPRESENTATION_ITEM ( )  RATIONAL_B_SPLINE_CURVE ( ( 1.000000000000000000, 0.9106835775070980521, 0.9106835775070980521, 1.000000000000000000 ) ) 
 REPRESENTATION_ITEM ( '' )  );
#6442 = ORIENTED_EDGE ( 'NONE', *, *, #179, .T. ) ;
#6443 = DIRECTION ( 'NONE',  ( 6.101831366007370336E-19, -1.000000000000000000, -4.336808689942320107E-19 ) ) ;
#6444 = FACE_OUTER_BOUND ( 'NONE', #3897, .T. ) ;
#6445 = DIRECTION ( 'NONE',  ( 0.000000000000000000, 4.336808689942014847E-19, -1.000000000000000000 ) ) ;
#6446 = ORIENTED_EDGE ( 'NONE', *, *, #152, .F. ) ;
#6447 = EDGE_CURVE ( 'NONE', #6021, #630, #3269, .T. ) ;
#6448 = FACE_OUTER_BOUND ( 'NONE', #4507, .T. ) ;
#6449 = PLANE ( 'NONE',  #2763 ) ;
#6450 = AXIS2_PLACEMENT_3D ( 'NONE', #5004, #419, #2132 ) ;
#6451 = EDGE_CURVE ( 'NONE', #4790, #2943, #713, .T. ) ;
#6452 = DIRECTION ( 'NONE',  ( 0.000000000000000000, -1.000000000000000000, 0.000000000000000000 ) ) ;
#6453 = ORIENTED_EDGE ( 'NONE', *, *, #4124, .T. ) ;
#6454 = ORIENTED_EDGE ( 'NONE', *, *, #1666, .F. ) ;
#6455 = VERTEX_POINT ( 'NONE', #3646 ) ;
#6456 = CARTESIAN_POINT ( 'NONE',  ( -1.750000000000000000, -2.160000000000000142, 1.270000000000000018 ) ) ;
#6457 = AXIS2_PLACEMENT_3D ( 'NONE', #6836, #4511, #2296 ) ;
#6458 = CARTESIAN_POINT ( 'NONE',  ( -2.550000000000000266, 0.000000000000000000, 0.9000000000000000222 ) ) ;
#6459 = ORIENTED_EDGE ( 'NONE', *, *, #2102, .F. ) ;
#6460 = CARTESIAN_POINT ( 'NONE',  ( -2.100000000000000089, -0.1499999999999999944, -1.474999999999999867 ) ) ;
#6461 = DIRECTION ( 'NONE',  ( 0.000000000000000000, 1.000000000000000000, 0.000000000000000000 ) ) ;
#6462 = ORIENTED_EDGE ( 'NONE', *, *, #4651, .F. ) ;
#6463 = LINE ( 'NONE', #5359, #1376 ) ;
#6464 = ADVANCED_FACE ( 'NONE', ( #3162 ), #688, .T. ) ;
#6465 = CARTESIAN_POINT ( 'NONE',  ( 2.419999999999999929, -1.324999999999999956, -0.3099999999999999978 ) ) ;
#6466 = CARTESIAN_POINT ( 'NONE',  ( 2.350000000000000089, -2.000000000000000000, 0.3331145985333610060 ) ) ;
#6467 = DIRECTION ( 'NONE',  ( -6.101831366007370336E-19, 1.000000000000000000, 0.000000000000000000 ) ) ;
#6468 = VERTEX_POINT ( 'NONE', #2714 ) ;
#6469 = EDGE_LOOP ( 'NONE', ( #3539, #6611, #4195, #4379 ) ) ;
#6470 = EDGE_CURVE ( 'NONE', #4232, #5200, #5698, .T. ) ;
#6471 = CARTESIAN_POINT ( 'NONE',  ( 0.9616025403785649628, -2.043301270189150198, 1.592264973080459889 ) ) ;
#6472 =( NAMED_UNIT ( * ) PLANE_ANGLE_UNIT ( ) SI_UNIT ( $, .RADIAN. ) );
#6473 = AXIS2_PLACEMENT_3D ( 'NONE', #4142, #5858, #3630 ) ;
#6474 = CARTESIAN_POINT ( 'NONE',  ( -2.550000000000000266, -2.024999999999999911, 1.614433756729739988 ) ) ;
#6475 = DIRECTION ( 'NONE',  ( -1.000000000000000000, 0.000000000000000000, 0.000000000000000000 ) ) ;
#6476 = VERTEX_POINT ( 'NONE', #5872 ) ;
#6477 = LINE ( 'NONE', #5075, #3844 ) ;
#6478 = CARTESIAN_POINT ( 'NONE',  ( -0.9598159935051570057, -2.044332733507344901, 1.600609367199550048 ) ) ;
#6479 = LINE ( 'NONE', #6345, #1463 ) ;
#6480 = ORIENTED_EDGE ( 'NONE', *, *, #2194, .F. ) ;
#6481 = ORIENTED_EDGE ( 'NONE', *, *, #5598, .T. ) ;
#6482 = ADVANCED_FACE ( 'NONE', ( #5674 ), #3055, .T. ) ;
#6483 = DIRECTION ( 'NONE',  ( -1.734723475976804976E-18, -3.256943326146455320E-16, 1.000000000000000000 ) ) ;
#6484 = ORIENTED_EDGE ( 'NONE', *, *, #2854, .F. ) ;
#6485 = CARTESIAN_POINT ( 'NONE',  ( -2.550000000000000266, -1.324999999999999956, 0.1000000000000000056 ) ) ;
#6486 = CIRCLE ( 'NONE', #456, 0.04999999999999991257 ) ;
#6487 = CARTESIAN_POINT ( 'NONE',  ( 1.137006473417549790, -1.942031762232174996, 1.533796995401334851 ) ) ;
#6488 = FACE_OUTER_BOUND ( 'NONE', #6731, .T. ) ;
#6489 = DIRECTION ( 'NONE',  ( -1.000000000000000000, 3.491481338843135327E-15, 0.000000000000000000 ) ) ;
#6490 = ORIENTED_EDGE ( 'NONE', *, *, #6039, .T. ) ;
#6491 = ORIENTED_EDGE ( 'NONE', *, *, #5859, .T. ) ;
#6492 = DIRECTION ( 'NONE',  ( 0.000000000000000000, 1.000000000000000000, 0.000000000000000000 ) ) ;
#6493 = AXIS2_PLACEMENT_3D ( 'NONE', #3097, #5953, #6499 ) ;
#6494 = CARTESIAN_POINT ( 'NONE',  ( 1.965380592228740175, -2.168404344971009854E-16, -1.800000000000000044 ) ) ;
#6495 = ORIENTED_EDGE ( 'NONE', *, *, #7279, .F. ) ;
#6496 = DIRECTION ( 'NONE',  ( 1.000000000000000000, 6.101831366007240336E-19, 1.734723475976804976E-18 ) ) ;
#6497 = CIRCLE ( 'NONE', #6742, 0.3250000000000000111 ) ;
#6498 = EDGE_CURVE ( 'NONE', #4442, #945, #5649, .T. ) ;
#6499 = DIRECTION ( 'NONE',  ( 1.000000000000000000, 0.000000000000000000, 0.000000000000000000 ) ) ;
#6500 = AXIS2_PLACEMENT_3D ( 'NONE', #7087, #1433, #4285 ) ;
#6501 = DIRECTION ( 'NONE',  ( 0.000000000000000000, 0.000000000000000000, -1.000000000000000000 ) ) ;
#6502 = CARTESIAN_POINT ( 'NONE',  ( -2.250000000000000000, -0.5000000000000000000, 0.2999999999999999889 ) ) ;
#6503 = VERTEX_POINT ( 'NONE', #5358 ) ;
#6504 = EDGE_LOOP ( 'NONE', ( #3917, #1131, #3564, #3552 ) ) ;
#6505 = ORIENTED_EDGE ( 'NONE', *, *, #179, .F. ) ;
#6506 = CARTESIAN_POINT ( 'NONE',  ( 2.750000000000000000, -1.324999999999999956, 0.1000000000000000056 ) ) ;
#6507 = DIRECTION ( 'NONE',  ( 0.000000000000000000, -1.000000000000000000, 0.000000000000000000 ) ) ;
#6508 = CARTESIAN_POINT ( 'NONE',  ( -0.6005218575370839806, -2.160000000000000142, 1.270000000000000018 ) ) ;
#6509 = EDGE_LOOP ( 'NONE', ( #6440, #6783, #3226, #6424 ) ) ;
#6510 = AXIS2_PLACEMENT_3D ( 'NONE', #4116, #699, #5285 ) ;
#6511 = TOROIDAL_SURFACE ( 'NONE', #1094, 0.2100000000000000200, 0.09000000000000001055 ) ;
#6512 = VECTOR ( 'NONE', #2282, 1000.000000000000000 ) ;
#6513 = EDGE_CURVE ( 'NONE', #3446, #4376, #5719, .T. ) ;
#6514 = AXIS2_PLACEMENT_3D ( 'NONE', #4112, #4696, #5831 ) ;
#6515 = DIRECTION ( 'NONE',  ( 0.000000000000000000, 0.000000000000000000, -1.000000000000000000 ) ) ;
#6516 = VECTOR ( 'NONE', #5003, 1000.000000000000227 ) ;
#6517 = VERTEX_POINT ( 'NONE', #6474 ) ;
#6518 = AXIS2_PLACEMENT_3D ( 'NONE', #7053, #128, #4585 ) ;
#6519 = ORIENTED_EDGE ( 'NONE', *, *, #873, .F. ) ;
#6520 = CARTESIAN_POINT ( 'NONE',  ( 0.9879395023496230221, -2.039232582258224902, 1.617250503834499975 ) ) ;
#6521 = CARTESIAN_POINT ( 'NONE',  ( 2.600000000000000089, -0.2999999999999999889, 0.9499999999999999556 ) ) ;
#6522 = DIRECTION ( 'NONE',  ( 1.000000000000000000, 6.101831366007240336E-19, 0.000000000000000000 ) ) ;
#6523 = VERTEX_POINT ( 'NONE', #2028 ) ;
#6524 = EDGE_CURVE ( 'NONE', #2984, #5132, #5494, .T. ) ;
#6525 = CIRCLE ( 'NONE', #5555, 0.05000000000000012768 ) ;
#6526 = ADVANCED_FACE ( 'NONE', ( #5508 ), #3227, .F. ) ;
#6527 = EDGE_CURVE ( 'NONE', #5369, #3757, #3176, .T. ) ;
#6528 = CYLINDRICAL_SURFACE ( 'NONE', #4672, 0.2000000000000000944 ) ;
#6529 = EDGE_LOOP ( 'NONE', ( #1136, #2808, #3511, #4001, #1381, #2685, #1478, #408 ) ) ;
#6530 = CARTESIAN_POINT ( 'NONE',  ( 2.449999999999999734, -0.3000000000000089817, -0.1524999999999999967 ) ) ;
#6531 = DIRECTION ( 'NONE',  ( 0.000000000000000000, 1.000000000000000000, 0.000000000000000000 ) ) ;
#6532 = ORIENTED_EDGE ( 'NONE', *, *, #5273, .F. ) ;
#6533 = ADVANCED_FACE ( 'NONE', ( #702 ), #5663, .T. ) ;
#6534 = AXIS2_PLACEMENT_3D ( 'NONE', #3680, #6557, #4288 ) ;
#6535 = ORIENTED_EDGE ( 'NONE', *, *, #2845, .F. ) ;
#6536 = DIRECTION ( 'NONE',  ( 0.000000000000000000, 0.000000000000000000, -1.000000000000000000 ) ) ;
#6537 = FACE_OUTER_BOUND ( 'NONE', #6504, .T. ) ;
#6538 = DIRECTION ( 'NONE',  ( 6.101831366007370336E-19, -1.000000000000000000, -4.336808689942019662E-19 ) ) ;
#6539 = CYLINDRICAL_SURFACE ( 'NONE', #3245, 0.08999999999999999667 ) ;
#6540 = DIRECTION ( 'NONE',  ( 1.000000000000000000, 6.101831366007240336E-19, 1.734723475976804976E-18 ) ) ;
#6541 = ORIENTED_EDGE ( 'NONE', *, *, #2675, .F. ) ;
#6542 = CARTESIAN_POINT ( 'NONE',  ( 0.000000000000000000, 0.000000000000000000, 0.000000000000000000 ) ) ;
#6543 = EDGE_CURVE ( 'NONE', #2915, #6276, #640, .T. ) ;
#6544 = ORIENTED_EDGE ( 'NONE', *, *, #4414, .T. ) ;
#6545 = ADVANCED_FACE ( 'NONE', ( #3067 ), #3070, .T. ) ;
#6546 = CARTESIAN_POINT ( 'NONE',  ( 2.660000000000000142, -1.283000000000000140, 0.1524999999999999967 ) ) ;
#6547 = DIRECTION ( 'NONE',  ( 0.9976467198374249223, 0.05937816768998539080, 0.03428200109979995247 ) ) ;
#6548 = VERTEX_POINT ( 'NONE', #5405 ) ;
#6549 = EDGE_CURVE ( 'NONE', #4508, #6935, #624, .T. ) ;
#6550 = FACE_OUTER_BOUND ( 'NONE', #4630, .T. ) ;
#6551 = CARTESIAN_POINT ( 'NONE',  ( -2.100000000000000089, -0.1499999999999999944, 1.474999999999999867 ) ) ;
#6552 = DIRECTION ( 'NONE',  ( 0.000000000000000000, -1.000000000000000000, 0.000000000000000000 ) ) ;
#6553 = DIRECTION ( 'NONE',  ( -1.000000000000000000, -6.101831366007240336E-19, 0.000000000000000000 ) ) ;
#6554 = PLANE ( 'NONE',  #4403 ) ;
#6555 = FACE_OUTER_BOUND ( 'NONE', #6932, .T. ) ;
#6556 = VERTEX_POINT ( 'NONE', #7105 ) ;
#6557 = DIRECTION ( 'NONE',  ( -1.000000000000000000, -3.492091521979735616E-15, -3.572108456023720042E-16 ) ) ;
#6558 = CARTESIAN_POINT ( 'NONE',  ( 2.550000000000000266, -0.2000000000000000111, -1.800000000000000044 ) ) ;
#6559 = CONTEXT_DEPENDENT_SHAPE_REPRESENTATION ( #939, #871 ) ;
#6560 = CARTESIAN_POINT ( 'NONE',  ( 1.750000000000000000, 0.8400000000000000799, 2.050000000000000266 ) ) ;
#6561 = ORIENTED_EDGE ( 'NONE', *, *, #2170, .T. ) ;
#6562 = AXIS2_PLACEMENT_3D ( 'NONE', #572, #5110, #5711 ) ;
#6563 = EDGE_CURVE ( 'NONE', #1538, #1044, #5514, .T. ) ;
#6564 = LINE ( 'NONE', #601, #4396 ) ;
#6565 = CARTESIAN_POINT ( 'NONE',  ( 2.569999999999999840, -1.324999999999999956, 0.1000000000000000056 ) ) ;
#6566 = AXIS2_PLACEMENT_3D ( 'NONE', #1269, #5862, #4782 ) ;
#6567 = DIRECTION ( 'NONE',  ( -0.7071067811865470176, 0.000000000000000000, -0.7071067811865480168 ) ) ;
#6568 = LINE ( 'NONE', #2811, #3907 ) ;
#6569 = ORIENTED_EDGE ( 'NONE', *, *, #4314, .T. ) ;
#6570 = CARTESIAN_POINT ( 'NONE',  ( 0.9488880816569805754, -2.049999999999998490, 1.604009005711923175 ) ) ;
#6571 = ORIENTED_EDGE ( 'NONE', *, *, #983, .T. ) ;
#6572 = AXIS2_PLACEMENT_3D ( 'NONE', #2110, #4539, #5538 ) ;
#6573 = DIRECTION ( 'NONE',  ( 1.000000000000000000, 6.101831366007240336E-19, 0.000000000000000000 ) ) ;
#6574 = DIRECTION ( 'NONE',  ( -1.000000000000000000, 0.000000000000000000, -8.673617379884051249E-15 ) ) ;
#6575 = ORIENTED_EDGE ( 'NONE', *, *, #1649, .F. ) ;
#6576 = VECTOR ( 'NONE', #5044, 1000.000000000000227 ) ;
#6577 = FACE_OUTER_BOUND ( 'NONE', #7226, .T. ) ;
#6578 = AXIS2_PLACEMENT_3D ( 'NONE', #3248, #4580, #1569 ) ;
#6579 = EDGE_CURVE ( 'NONE', #7018, #4632, #3090, .T. ) ;
#6580 = LINE ( 'NONE', #7213, #6516 ) ;
#6581 = ORIENTED_EDGE ( 'NONE', *, *, #1248, .F. ) ;
#6582 = PRODUCT_DEFINITION ( 'UNKNOWN', '', #3224, #5102 ) ;
#6583 = CARTESIAN_POINT ( 'NONE',  ( -1.162006473417549923, -1.985333032421400024, -1.533796995401334851 ) ) ;
#6584 = EDGE_LOOP ( 'NONE', ( #4008, #7319, #5002, #2547 ) ) ;
#6585 = DIRECTION ( 'NONE',  ( 0.000000000000000000, 0.000000000000000000, -1.000000000000000000 ) ) ;
#6586 = VERTEX_POINT ( 'NONE', #5042 ) ;
#6587 = CARTESIAN_POINT ( 'NONE',  ( 2.248018396796189755, -2.024970540687059728, 1.614416748387484946 ) ) ;
#6588 = EDGE_LOOP ( 'NONE', ( #3745, #6863, #3901, #6979 ) ) ;
#6589 = PRESENTATION_STYLE_ASSIGNMENT (( #788 ) ) ;
#6590 = CARTESIAN_POINT ( 'NONE',  ( 2.250000000000000000, -1.139999999999999902, -1.800000000000000044 ) ) ;
#6591 = LINE ( 'NONE', #2757, #6712 ) ;
#6592 = CARTESIAN_POINT ( 'NONE',  ( 2.050000000000000266, 0.8400000000000000799, -2.500000000000000000 ) ) ;
#6593 = LINE ( 'NONE', #269, #6722 ) ;
#6594 = DIRECTION ( 'NONE',  ( 0.000000000000000000, 0.000000000000000000, 1.000000000000000000 ) ) ;
#6595 = ORIENTED_EDGE ( 'NONE', *, *, #5950, .F. ) ;
#6596 = EDGE_CURVE ( 'NONE', #5927, #4014, #737, .T. ) ;
#6597 = ORIENTED_EDGE ( 'NONE', *, *, #2601, .F. ) ;
#6598 = DIRECTION ( 'NONE',  ( 1.000000000000000000, 6.101831366007240336E-19, 0.000000000000000000 ) ) ;
#6599 = ORIENTED_EDGE ( 'NONE', *, *, #5463, .F. ) ;
#6600 = CIRCLE ( 'NONE', #45, 0.09000000000000001055 ) ;
#6601 = PLANE ( 'NONE',  #2084 ) ;
#6602 = CARTESIAN_POINT ( 'NONE',  ( 2.620000000000000107, -0.5000000000000000000, 0.2999999999999999889 ) ) ;
#6603 = VECTOR ( 'NONE', #892, 1000.000000000000000 ) ;
#6604 = DIRECTION ( 'NONE',  ( 0.3473143558235926021, 0.000000000000000000, 0.9377487607237040557 ) ) ;
#6605 = FACE_OUTER_BOUND ( 'NONE', #3228, .T. ) ;
#6606 = ORIENTED_EDGE ( 'NONE', *, *, #7162, .F. ) ;
#6607 = AXIS2_PLACEMENT_3D ( 'NONE', #5551, #1672, #2802 ) ;
#6608 = CARTESIAN_POINT ( 'NONE',  ( 2.500000000000000000, -2.000000000000000000, 0.3331145985333610060 ) ) ;
#6609 = ADVANCED_FACE ( 'NONE', ( #750 ), #3445, .T. ) ;
#6610 = CARTESIAN_POINT ( 'NONE',  ( 1.750000000000000000, 0.8400000000000000799, 1.699999999999999956 ) ) ;
#6611 = ORIENTED_EDGE ( 'NONE', *, *, #1513, .F. ) ;
#6612 = VERTEX_POINT ( 'NONE', #1627 ) ;
#6613 = CARTESIAN_POINT ( 'NONE',  ( -2.600000000000000089, -0.1499999999999999944, -1.800000000000000044 ) ) ;
#6614 = EDGE_CURVE ( 'NONE', #777, #4062, #5481, .T. ) ;
#6615 = DIRECTION ( 'NONE',  ( 1.000000000000000000, 0.000000000000000000, 0.000000000000000000 ) ) ;
#6616 = AXIS2_PLACEMENT_3D ( 'NONE', #3881, #2799, #3312 ) ;
#6617 = ORIENTED_EDGE ( 'NONE', *, *, #1139, .T. ) ;
#6618 = DIRECTION ( 'NONE',  ( 0.000000000000000000, 1.000000000000000000, 0.000000000000000000 ) ) ;
#6619 = FACE_OUTER_BOUND ( 'NONE', #1068, .T. ) ;
#6620 = EDGE_LOOP ( 'NONE', ( #1420, #3850, #6307, #3781, #3643, #3808 ) ) ;
#6621 = DIRECTION ( 'NONE',  ( 1.000000000000000000, 6.101831366007370336E-19, 0.000000000000000000 ) ) ;
#6622 = EDGE_CURVE ( 'NONE', #1278, #3203, #3105, .T. ) ;
#6623 = CARTESIAN_POINT ( 'NONE',  ( 0.9500000000000745626, -2.050000000000000266, 1.592264973080229185 ) ) ;
#6624 = ORIENTED_EDGE ( 'NONE', *, *, #6917, .F. ) ;
#6625 = CARTESIAN_POINT ( 'NONE',  ( 2.500000000000000000, 0.000000000000000000, -0.3331145985333595072 ) ) ;
#6626 = EDGE_LOOP ( 'NONE', ( #5379, #6319, #1925, #2827 ) ) ;
#6627 = EDGE_CURVE ( 'NONE', #604, #302, #778, .T. ) ;
#6628 = FACE_OUTER_BOUND ( 'NONE', #2136, .T. ) ;
#6629 = LINE ( 'NONE', #4331, #1734 ) ;
#6630 = UNCERTAINTY_MEASURE_WITH_UNIT (LENGTH_MEASURE( 1.000000000000000082E-05 ), #1274, 'distance_accuracy_value', 'NONE');
#6631 = DIRECTION ( 'NONE',  ( 0.000000000000000000, 0.000000000000000000, 1.000000000000000000 ) ) ;
#6632 = VERTEX_POINT ( 'NONE', #5554 ) ;
#6633 = CARTESIAN_POINT ( 'NONE',  ( -2.750000000000000000, -2.160000000000000142, 1.270000000000000018 ) ) ;
#6634 = DIRECTION ( 'NONE',  ( -1.000000000000000000, 0.000000000000000000, 0.000000000000000000 ) ) ;
#6635 = ORIENTED_EDGE ( 'NONE', *, *, #2516, .T. ) ;
#6636 = DIRECTION ( 'NONE',  ( 0.000000000000000000, 0.000000000000000000, 1.000000000000000000 ) ) ;
#6637 = ORIENTED_EDGE ( 'NONE', *, *, #4428, .T. ) ;
#6638 = FACE_OUTER_BOUND ( 'NONE', #6718, .T. ) ;
#6639 = EDGE_CURVE ( 'NONE', #4466, #5883, #5569, .T. ) ;
#6640 = DIRECTION ( 'NONE',  ( -6.101831366007370336E-19, 1.000000000000000000, 0.000000000000000000 ) ) ;
#6641 = CARTESIAN_POINT ( 'NONE',  ( -2.550000000000000266, -2.000000000000000000, 1.657735026918965016 ) ) ;
#6642 = VECTOR ( 'NONE', #4150, 1000.000000000000000 ) ;
#6643 = DIRECTION ( 'NONE',  ( 0.9377487607237041667, 0.000000000000000000, 0.3473143558235926576 ) ) ;
#6644 = ORIENTED_EDGE ( 'NONE', *, *, #3052, .T. ) ;
#6645 = EDGE_CURVE ( 'NONE', #3132, #4579, #651, .T. ) ;
#6646 = ORIENTED_EDGE ( 'NONE', *, *, #5236, .F. ) ;
#6647 = AXIS2_PLACEMENT_3D ( 'NONE', #4937, #1034, #1441 ) ;
#6648 = ORIENTED_EDGE ( 'NONE', *, *, #4987, .F. ) ;
#6649 = ORIENTED_EDGE ( 'NONE', *, *, #285, .F. ) ;
#6650 = EDGE_CURVE ( 'NONE', #2465, #7108, #6441, .T. ) ;
#6651 = CYLINDRICAL_SURFACE ( 'NONE', #831, 0.04999999999999999584 ) ;
#6652 = CARTESIAN_POINT ( 'NONE',  ( -2.620000000000000107, -1.324999999999999956, 0.3099999999999999978 ) ) ;
#6653 = CARTESIAN_POINT ( 'NONE',  ( 2.750000000000000000, -1.564718210309564927, -1.469999999999999973 ) ) ;
#6654 = ADVANCED_FACE ( 'NONE', ( #5579 ), #674, .F. ) ;
#6655 = DIRECTION ( 'NONE',  ( 0.000000000000000000, 0.000000000000000000, -1.000000000000000000 ) ) ;
#6656 = CIRCLE ( 'NONE', #237, 0.04999999999999999584 ) ;
#6657 = EDGE_LOOP ( 'NONE', ( #967, #2959, #1876, #6700 ) ) ;
#6658 = CARTESIAN_POINT ( 'NONE',  ( -1.142445763018700156, -1.938891386916750115, 1.531983898867619986 ) ) ;
#6659 = EDGE_CURVE ( 'NONE', #3839, #425, #3137, .T. ) ;
#6660 = CARTESIAN_POINT ( 'NONE',  ( -2.100000000000000089, -2.168404344971009854E-16, -1.474999999999999867 ) ) ;
#6661 = VERTEX_POINT ( 'NONE', #7019 ) ;
#6662 = CARTESIAN_POINT ( 'NONE',  ( -2.419999999999999929, -1.324999999999999956, -0.3099999999999999978 ) ) ;
#6663 = ORIENTED_EDGE ( 'NONE', *, *, #6880, .T. ) ;
#6664 = CYLINDRICAL_SURFACE ( 'NONE', #5614, 0.08999999999999999667 ) ;
#6665 = DIRECTION ( 'NONE',  ( 0.000000000000000000, 4.336808689942014847E-19, -1.000000000000000000 ) ) ;
#6666 = CARTESIAN_POINT ( 'NONE',  ( -2.750000000000000000, -2.160000000000000142, 0.5400000000000000355 ) ) ;
#6667 = CIRCLE ( 'NONE', #1308, 0.3250000000000000111 ) ;
#6668 = ORIENTED_EDGE ( 'NONE', *, *, #7290, .T. ) ;
#6669 = CARTESIAN_POINT ( 'NONE',  ( -2.050000000000000266, -2.050000000000000266, -2.000000000000000000 ) ) ;
#6670 = CARTESIAN_POINT ( 'NONE',  ( -1.775000000000000133, -0.5000000000000000000, -1.149999999999999911 ) ) ;
#6671 = VERTEX_POINT ( 'NONE', #239 ) ;
#6672 = CLOSED_SHELL ( 'NONE', ( #1590, #670, #3978, #4658, #1904, #2034, #4723, #1389, #5968, #6609, #6654, #5067, #1322, #1655, #2051, #6341, #3637, #3405, #2467, #3997, #929, #1698, #4094, #5645, #1032, #2422, #2215, #3388, #2288, #5885, #6222, #196, #6533, #1987, #5198, #4303, #2267, #6842, #2156, #1267, #732, #4705, #3345, #6773, #5827, #5274, #470, #3591, #2764, #4965, #5440, #6300, #1830, #5482, #5706, #1164, #985, #853, #6904, #320, #6695, #3922, #272, #1850, #1561, #4416, #6526 ) ) ;
#6673 = EDGE_CURVE ( 'NONE', #3254, #6810, #3395, .T. ) ;
#6674 = AXIS2_PLACEMENT_3D ( 'NONE', #1725, #2342, #6878 ) ;
#6675 = FACE_OUTER_BOUND ( 'NONE', #2919, .T. ) ;
#6676 = VERTEX_POINT ( 'NONE', #2044 ) ;
#6677 =( BOUNDED_CURVE ( )  B_SPLINE_CURVE ( 3, ( #4960, #3380, #3232, #2142 ),
 .UNSPECIFIED., .F., .F. ) 
 B_SPLINE_CURVE_WITH_KNOTS ( ( 4, 4 ),
 ( 6.124405092533829809, 7.247369022399789529 ),
 .UNSPECIFIED. ) 
 CURVE ( )  GEOMETRIC_REPRESENTATION_ITEM ( )  RATIONAL_B_SPLINE_CURVE ( ( 1.000000000000000000, 0.8976446544027950614, 0.8976446544027950614, 1.000000000000000000 ) ) 
 REPRESENTATION_ITEM ( '' )  );
#6678 = ORIENTED_EDGE ( 'NONE', *, *, #1755, .T. ) ;
#6679 = CARTESIAN_POINT ( 'NONE',  ( 2.564000000000000057, -0.5000000000000000000, -0.5020000000000000018 ) ) ;
#6680 = DIRECTION ( 'NONE',  ( 1.000000000000000000, 0.000000000000000000, 0.000000000000000000 ) ) ;
#6681 = ORIENTED_EDGE ( 'NONE', *, *, #5338, .F. ) ;
#6682 = ORIENTED_EDGE ( 'NONE', *, *, #2578, .T. ) ;
#6683 = B_SPLINE_CURVE_WITH_KNOTS ( 'NONE', 3,
 ( #4930, #6055, #6862, #2880 ),
 .UNSPECIFIED., .F., .F.,
 ( 4, 4 ),
 ( 0.000000000000000000, 1.000000000000000000 ),
 .UNSPECIFIED. ) ;
#6684 = EDGE_CURVE ( 'NONE', #7249, #6907, #3385, .T. ) ;
#6685 = AXIS2_PLACEMENT_3D ( 'NONE', #5225, #6906, #5122 ) ;
#6686 = DIRECTION ( 'NONE',  ( 1.734723475976804976E-18, 4.336808689942014847E-19, -1.000000000000000000 ) ) ;
#6687 = LINE ( 'NONE', #986, #6642 ) ;
#6688 = DIRECTION ( 'NONE',  ( 0.000000000000000000, 0.000000000000000000, -1.000000000000000000 ) ) ;
#6689 = ORIENTED_EDGE ( 'NONE', *, *, #4631, .T. ) ;
#6690 = EDGE_LOOP ( 'NONE', ( #3214, #899 ) ) ;
#6691 = VERTEX_POINT ( 'NONE', #3085 ) ;
#6692 = ORIENTED_EDGE ( 'NONE', *, *, #6767, .F. ) ;
#6693 = ORIENTED_EDGE ( 'NONE', *, *, #6684, .T. ) ;
#6694 = FACE_OUTER_BOUND ( 'NONE', #6407, .T. ) ;
#6695 = ADVANCED_FACE ( 'NONE', ( #5887 ), #3336, .T. ) ;
#6696 = AXIS2_PLACEMENT_3D ( 'NONE', #3173, #4954, #2629 ) ;
#6697 = DIRECTION ( 'NONE',  ( 1.734723475976804976E-18, -1.773043801942030023E-16, -1.000000000000000000 ) ) ;
#6698 = CARTESIAN_POINT ( 'NONE',  ( -2.660000000000000142, -0.3000000000000094813, -0.1524999999999999967 ) ) ;
#6699 = CIRCLE ( 'NONE', #3702, 0.05000000000000012768 ) ;
#6700 = ORIENTED_EDGE ( 'NONE', *, *, #7159, .F. ) ;
#6701 = DIRECTION ( 'NONE',  ( 0.000000000000000000, 1.000000000000000000, 0.000000000000000000 ) ) ;
#6702 = CARTESIAN_POINT ( 'NONE',  ( -2.600000000000000089, -0.5000000000000000000, -0.5500000000000000444 ) ) ;
#6703 = EDGE_LOOP ( 'NONE', ( #3297, #1766, #4886, #7350 ) ) ;
#6704 = ORIENTED_EDGE ( 'NONE', *, *, #6897, .F. ) ;
#6705 = CARTESIAN_POINT ( 'NONE',  ( 2.550000000000000266, 0.8400000000000000799, 2.000000000000000000 ) ) ;
#6706 = AXIS2_PLACEMENT_3D ( 'NONE', #3472, #5048, #5702 ) ;
#6707 = VERTEX_POINT ( 'NONE', #2638 ) ;
#6708 = VERTEX_POINT ( 'NONE', #3708 ) ;
#6709 = ADVANCED_FACE ( 'NONE', ( #3430 ), #3182, .F. ) ;
#6710 = DIRECTION ( 'NONE',  ( 0.000000000000000000, 0.000000000000000000, -1.000000000000000000 ) ) ;
#6711 = VECTOR ( 'NONE', #919, 1000.000000000000114 ) ;
#6712 = VECTOR ( 'NONE', #5552, 1000.000000000000000 ) ;
#6713 = ORIENTED_EDGE ( 'NONE', *, *, #7159, .T. ) ;
#6714 = DIRECTION ( 'NONE',  ( -1.000000000000000000, -6.101831366007240336E-19, -1.734723475976804976E-18 ) ) ;
#6715 = EDGE_LOOP ( 'NONE', ( #2415, #1009 ) ) ;
#6716 = DIRECTION ( 'NONE',  ( 0.000000000000000000, 1.000000000000000000, 0.000000000000000000 ) ) ;
#6717 = CARTESIAN_POINT ( 'NONE',  ( -0.9366047978434700605, -2.050000000000000266, -1.608110732719290059 ) ) ;
#6718 = EDGE_LOOP ( 'NONE', ( #3601, #5984, #2841, #3626 ) ) ;
#6719 = EDGE_CURVE ( 'NONE', #916, #564, #3443, .T. ) ;
#6720 = CIRCLE ( 'NONE', #1607, 0.4020000000000000240 ) ;
#6721 = DIRECTION ( 'NONE',  ( -1.000000000000000000, 0.000000000000000000, 0.000000000000000000 ) ) ;
#6722 = VECTOR ( 'NONE', #4783, 1000.000000000000000 ) ;
#6723 = LINE ( 'NONE', #2534, #6738 ) ;
#6724 = ORIENTED_EDGE ( 'NONE', *, *, #5686, .T. ) ;
#6725 = DIRECTION ( 'NONE',  ( -1.000000000000000000, 0.000000000000000000, 0.000000000000000000 ) ) ;
#6726 = EDGE_CURVE ( 'NONE', #6865, #3839, #1077, .T. ) ;
#6727 = ORIENTED_EDGE ( 'NONE', *, *, #402, .T. ) ;
#6728 = CARTESIAN_POINT ( 'NONE',  ( 2.250000000000000000, -9.120850776034309207E-15, -0.1524999999999999967 ) ) ;
#6729 = CARTESIAN_POINT ( 'NONE',  ( 2.350000000000000089, 0.000000000000000000, -0.3600000000000000422 ) ) ;
#6730 = EDGE_CURVE ( 'NONE', #6743, #2895, #3326, .T. ) ;
#6731 = EDGE_LOOP ( 'NONE', ( #2121, #7158, #6108, #1408, #6185, #3910 ) ) ;
#6732 = EDGE_CURVE ( 'NONE', #2550, #425, #3410, .T. ) ;
#6733 = DIRECTION ( 'NONE',  ( -1.805463084107963856E-18, 0.5048833150379536949, 0.8631876031294044571 ) ) ;
#6734 = DIRECTION ( 'NONE',  ( 0.000000000000000000, 0.8631876031294042351, -0.5048833150379541390 ) ) ;
#6735 = AXIS2_PLACEMENT_3D ( 'NONE', #1307, #1352, #117 ) ;
#6736 = LINE ( 'NONE', #1950, #1874 ) ;
#6737 = CARTESIAN_POINT ( 'NONE',  ( 1.137006473417549790, -1.942031762232174996, 1.562200846792815012 ) ) ;
#6738 = VECTOR ( 'NONE', #4117, 1000.000000000000000 ) ;
#6739 = ORIENTED_EDGE ( 'NONE', *, *, #6447, .F. ) ;
#6740 = EDGE_LOOP ( 'NONE', ( #4525, #194, #6648, #3736 ) ) ;
#6741 = VERTEX_POINT ( 'NONE', #6487 ) ;
#6742 = AXIS2_PLACEMENT_3D ( 'NONE', #1122, #5025, #5627 ) ;
#6743 = VERTEX_POINT ( 'NONE', #7067 ) ;
#6744 = ORIENTED_EDGE ( 'NONE', *, *, #2307, .T. ) ;
#6745 = SURFACE_STYLE_FILL_AREA ( #6275 ) ;
#6746 = CARTESIAN_POINT ( 'NONE',  ( -2.248018396796189755, -2.024970540687059728, -1.614416748387484946 ) ) ;
#6747 = DIRECTION ( 'NONE',  ( 0.000000000000000000, 0.000000000000000000, 1.000000000000000000 ) ) ;
#6748 = AXIS2_PLACEMENT_3D ( 'NONE', #3718, #5751, #6303 ) ;
#6749 = SURFACE_SIDE_STYLE ('',( #6362 ) ) ;
#6750 = FACE_OUTER_BOUND ( 'NONE', #6180, .T. ) ;
#6751 = LINE ( 'NONE', #3216, #1888 ) ;
#6752 = EDGE_LOOP ( 'NONE', ( #6646, #3279, #1736, #5867 ) ) ;
#6753 = ORIENTED_EDGE ( 'NONE', *, *, #4569, .T. ) ;
#6754 = CARTESIAN_POINT ( 'NONE',  ( -2.550000000000000266, -2.050000000000000266, -1.571132486540520068 ) ) ;
#6755 = CARTESIAN_POINT ( 'NONE',  ( 2.550000000000000266, -0.1499999999999999944, 1.149999999999999911 ) ) ;
#6756 = ORIENTED_EDGE ( 'NONE', *, *, #1845, .F. ) ;
#6757 = ORIENTED_EDGE ( 'NONE', *, *, #5453, .F. ) ;
#6758 = DIRECTION ( 'NONE',  ( 0.000000000000000000, 1.000000000000000000, 0.000000000000000000 ) ) ;
#6759 = ORIENTED_EDGE ( 'NONE', *, *, #2773, .T. ) ;
#6760 = ADVANCED_FACE ( 'NONE', ( #993 ), #6925, .F. ) ;
#6761 = DIRECTION ( 'NONE',  ( 1.000000000000000000, 0.000000000000000000, 0.000000000000000000 ) ) ;
#6762 = CARTESIAN_POINT ( 'NONE',  ( 2.750000000000000000, -2.160000000000000142, 1.270000000000000018 ) ) ;
#6763 = LINE ( 'NONE', #409, #1774 ) ;
#6764 = DIRECTION ( 'NONE',  ( 1.000000000000000000, 0.000000000000000000, 0.000000000000000000 ) ) ;
#6765 = VERTEX_POINT ( 'NONE', #7117 ) ;
#6766 = ORIENTED_EDGE ( 'NONE', *, *, #3830, .T. ) ;
#6767 = EDGE_CURVE ( 'NONE', #3048, #3089, #5903, .T. ) ;
#6768 = CARTESIAN_POINT ( 'NONE',  ( -2.600000000000000089, -1.392080689683685923, 1.369023336992409856 ) ) ;
#6769 = EDGE_LOOP ( 'NONE', ( #5795, #1049, #6595, #1715 ) ) ;
#6770 = DIRECTION ( 'NONE',  ( 0.05941309073766349452, -0.9982334820316327573, 0.000000000000000000 ) ) ;
#6771 = VERTEX_POINT ( 'NONE', #909 ) ;
#6772 = CARTESIAN_POINT ( 'NONE',  ( -2.449999999999999734, -0.3000000000000084821, 0.1524999999999999967 ) ) ;
#6773 = ADVANCED_FACE ( 'NONE', ( #5782 ), #1290, .F. ) ;
#6774 = VECTOR ( 'NONE', #1150, 1000.000000000000000 ) ;
#6775 = DIRECTION ( 'NONE',  ( 1.000000000000000000, 0.000000000000000000, 0.000000000000000000 ) ) ;
#6776 = ORIENTED_EDGE ( 'NONE', *, *, #4314, .F. ) ;
#6777 = CARTESIAN_POINT ( 'NONE',  ( 2.449999999999999734, -9.120850776034309207E-15, -0.1524999999999999967 ) ) ;
#6778 = CARTESIAN_POINT ( 'NONE',  ( 2.750000000000000000, -0.5000000000000000000, -0.5400000000000000355 ) ) ;
#6779 = VERTEX_POINT ( 'NONE', #1466 ) ;
#6780 = EDGE_CURVE ( 'NONE', #83, #3164, #5748, .T. ) ;
#6781 = CARTESIAN_POINT ( 'NONE',  ( -2.600000000000000089, -2.010000000000000231, 1.149999999999999911 ) ) ;
#6782 = AXIS2_PLACEMENT_3D ( 'NONE', #275, #5316, #838 ) ;
#6783 = ORIENTED_EDGE ( 'NONE', *, *, #4943, .T. ) ;
#6784 =( GEOMETRIC_REPRESENTATION_CONTEXT ( 3 ) GLOBAL_UNCERTAINTY_ASSIGNED_CONTEXT ( ( #3011 ) ) GLOBAL_UNIT_ASSIGNED_CONTEXT ( ( #2321, #7004, #2524 ) ) REPRESENTATION_CONTEXT ( 'NONE', 'WORKASPACE' ) );
#6785 = CARTESIAN_POINT ( 'NONE',  ( 2.540662314108554920, 0.000000000000000000, 0.8747882480930990745 ) ) ;
#6786 = CARTESIAN_POINT ( 'NONE',  ( -2.419999999999999929, -0.2999999999999999889, -1.691355389077384945E-16 ) ) ;
#6787 = FACE_OUTER_BOUND ( 'NONE', #2274, .T. ) ;
#6788 = ORIENTED_EDGE ( 'NONE', *, *, #7257, .F. ) ;
#6789 = ORIENTED_EDGE ( 'NONE', *, *, #890, .F. ) ;
#6790 = ORIENTED_EDGE ( 'NONE', *, *, #227, .F. ) ;
#6791 = MANIFOLD_SOLID_BREP ( 'NONE', #7263 ) ;
#6792 = EDGE_CURVE ( 'NONE', #3089, #4793, #5865, .T. ) ;
#6793 = ORIENTED_EDGE ( 'NONE', *, *, #938, .T. ) ;
#6794 = ORIENTED_EDGE ( 'NONE', *, *, #3595, .F. ) ;
#6795 = VERTEX_POINT ( 'NONE', #6130 ) ;
#6796 = ORIENTED_EDGE ( 'NONE', *, *, #4335, .F. ) ;
#6797 = EDGE_CURVE ( 'NONE', #5878, #7084, #5918, .T. ) ;
#6798 = CARTESIAN_POINT ( 'NONE',  ( 2.419999999999999929, -0.4500000000000000111, 0.2999999999999999889 ) ) ;
#6799 = DIRECTION ( 'NONE',  ( 0.9976467198374249223, 0.05937816768998539080, -0.03428200109979995247 ) ) ;
#6800 = CARTESIAN_POINT ( 'NONE',  ( 1.965380592228740175, -0.1499999999999999944, -1.149999999999999911 ) ) ;
#6801 = VECTOR ( 'NONE', #7074, 1000.000000000000000 ) ;
#6802 = CIRCLE ( 'NONE', #3871, 0.08999999999999980238 ) ;
#6803 = ORIENTED_EDGE ( 'NONE', *, *, #3946, .F. ) ;
#6804 = ORIENTED_EDGE ( 'NONE', *, *, #6400, .T. ) ;
#6805 = DIRECTION ( 'NONE',  ( 0.000000000000000000, 0.000000000000000000, 1.000000000000000000 ) ) ;
#6806 = CARTESIAN_POINT ( 'NONE',  ( -2.248513359643109943, -2.024999999999999911, 1.614433756729739988 ) ) ;
#6807 = ORIENTED_EDGE ( 'NONE', *, *, #1256, .F. ) ;
#6808 = DIRECTION ( 'NONE',  ( 0.000000000000000000, 0.000000000000000000, -1.000000000000000000 ) ) ;
#6809 = DIRECTION ( 'NONE',  ( 0.000000000000000000, 0.000000000000000000, 1.000000000000000000 ) ) ;
#6810 = VERTEX_POINT ( 'NONE', #1555 ) ;
#6811 = EDGE_CURVE ( 'NONE', #6708, #5421, #6677, .T. ) ;
#6812 = AXIS2_PLACEMENT_3D ( 'NONE', #2246, #2822, #7276 ) ;
#6813 = DIRECTION ( 'NONE',  ( -1.000000000000000000, -6.101831366007240336E-19, -1.734723475976804976E-18 ) ) ;
#6814 = CARTESIAN_POINT ( 'NONE',  ( 0.6005218575370809830, -2.160000000000000142, 1.270000000000000018 ) ) ;
#6815 = CYLINDRICAL_SURFACE ( 'NONE', #1042, 0.08999999999999999667 ) ;
#6816 = DIRECTION ( 'NONE',  ( -1.000000000000000000, 7.523163845262625017E-37, -1.734723475976804976E-18 ) ) ;
#6817 = FACE_OUTER_BOUND ( 'NONE', #2260, .T. ) ;
#6818 = ORIENTED_EDGE ( 'NONE', *, *, #3906, .T. ) ;
#6819 = EDGE_CURVE ( 'NONE', #7297, #2896, #907, .T. ) ;
#6820 = ORIENTED_EDGE ( 'NONE', *, *, #2077, .T. ) ;
#6821 = DIRECTION ( 'NONE',  ( -1.734723475976804976E-18, 0.000000000000000000, 1.000000000000000000 ) ) ;
#6822 = DIRECTION ( 'NONE',  ( 0.000000000000000000, 1.000000000000000000, 0.000000000000000000 ) ) ;
#6823 = EDGE_LOOP ( 'NONE', ( #3453, #5063, #2500, #2026 ) ) ;
#6824 = DIRECTION ( 'NONE',  ( -0.7071067811865470176, -1.248059503193742143E-19, -0.7071067811865480168 ) ) ;
#6825 = ORIENTED_EDGE ( 'NONE', *, *, #6236, .F. ) ;
#6826 = ORIENTED_EDGE ( 'NONE', *, *, #6579, .T. ) ;
#6827 = ADVANCED_FACE ( 'NONE', ( #1014 ), #5815, .F. ) ;
#6828 = CARTESIAN_POINT ( 'NONE',  ( 2.569999999999999840, -1.080000000000000071, 0.2500000000000000000 ) ) ;
#6829 = LINE ( 'NONE', #1626, #4362 ) ;
#6830 = CIRCLE ( 'NONE', #5902, 0.2100000000000000200 ) ;
#6831 = ORIENTED_EDGE ( 'NONE', *, *, #3502, .T. ) ;
#6832 = EDGE_LOOP ( 'NONE', ( #7306, #6453, #5147, #4679 ) ) ;
#6833 = CARTESIAN_POINT ( 'NONE',  ( -2.620000000000000107, -1.525000000000000133, -0.1000000000000000056 ) ) ;
#6834 = EDGE_CURVE ( 'NONE', #4989, #1944, #964, .T. ) ;
#6835 = ORIENTED_EDGE ( 'NONE', *, *, #3993, .F. ) ;
#6836 = CARTESIAN_POINT ( 'NONE',  ( 2.550000000000000266, -0.2000000000000000111, -1.149999999999999911 ) ) ;
#6837 = PLANE ( 'NONE',  #2883 ) ;
#6838 = EDGE_LOOP ( 'NONE', ( #6704, #5046, #1853, #4946 ) ) ;
#6839 = DIRECTION ( 'NONE',  ( -1.000000000000000000, 0.000000000000000000, 0.000000000000000000 ) ) ;
#6840 = PLANE ( 'NONE',  #1839 ) ;
#6841 = AXIS2_PLACEMENT_3D ( 'NONE', #7193, #396, #3916 ) ;
#6842 = ADVANCED_FACE ( 'NONE', ( #5758 ), #7221, .T. ) ;
#6843 = CYLINDRICAL_SURFACE ( 'NONE', #4486, 0.08999999999999999667 ) ;
#6844 = DIRECTION ( 'NONE',  ( 0.000000000000000000, 0.000000000000000000, 1.000000000000000000 ) ) ;
#6845 = VECTOR ( 'NONE', #1771, 1000.000000000000000 ) ;
#6846 = VERTEX_POINT ( 'NONE', #3851 ) ;
#6847 = VERTEX_POINT ( 'NONE', #423 ) ;
#6848 = EDGE_LOOP ( 'NONE', ( #1348, #2443, #3655, #4558 ) ) ;
#6849 = VERTEX_POINT ( 'NONE', #520 ) ;
#6850 = EDGE_LOOP ( 'NONE', ( #7163, #4903, #4917, #7023 ) ) ;
#6851 = ORIENTED_EDGE ( 'NONE', *, *, #6263, .F. ) ;
#6852 = CARTESIAN_POINT ( 'NONE',  ( -2.050000000000000266, 0.8400000000000000799, 2.000000000000000000 ) ) ;
#6853 = CARTESIAN_POINT ( 'NONE',  ( 2.750000000000000000, -1.283000000000000140, 0.1524999999999999967 ) ) ;
#6854 = DIRECTION ( 'NONE',  ( -6.101831366007370336E-19, 1.000000000000000000, 0.000000000000000000 ) ) ;
#6855 = CARTESIAN_POINT ( 'NONE',  ( -1.050000000000000044, -2.050000000000000266, -1.657735026918965016 ) ) ;
#6856 = FACE_OUTER_BOUND ( 'NONE', #930, .T. ) ;
#6857 = LINE ( 'NONE', #4172, #1942 ) ;
#6858 = ORIENTED_EDGE ( 'NONE', *, *, #412, .T. ) ;
#6859 = ORIENTED_EDGE ( 'NONE', *, *, #4799, .F. ) ;
#6860 = VERTEX_POINT ( 'NONE', #6172 ) ;
#6861 = DIRECTION ( 'NONE',  ( 2.666070915947960034E-16, -9.308536851064730208E-31, -1.000000000000000000 ) ) ;
#6862 = CARTESIAN_POINT ( 'NONE',  ( -0.9882490196197077914, -2.039584886650342987, 1.622854344963414519 ) ) ;
#6863 = ORIENTED_EDGE ( 'NONE', *, *, #2911, .T. ) ;
#6864 = CARTESIAN_POINT ( 'NONE',  ( -2.620000000000000107, -1.324999999999999956, -0.3099999999999999978 ) ) ;
#6865 = VERTEX_POINT ( 'NONE', #953 ) ;
#6866 = ORIENTED_EDGE ( 'NONE', *, *, #1578, .T. ) ;
#6867 = DIRECTION ( 'NONE',  ( -0.9976467198374248113, 0.05937816768998638306, -0.03428200109979979288 ) ) ;
#6868 = CIRCLE ( 'NONE', #5307, 0.05000000000000012768 ) ;
#6869 = LINE ( 'NONE', #3644, #6603 ) ;
#6870 = VERTEX_POINT ( 'NONE', #3764 ) ;
#6871 = AXIS2_PLACEMENT_3D ( 'NONE', #6280, #5232, #6232 ) ;
#6872 = CARTESIAN_POINT ( 'NONE',  ( 2.569999999999999840, -1.283000000000000140, 0.1524999999999999967 ) ) ;
#6873 = CARTESIAN_POINT ( 'NONE',  ( 1.050000000000000044, -2.000000000000000000, -1.657735026918965016 ) ) ;
#6874 = ORIENTED_EDGE ( 'NONE', *, *, #2686, .F. ) ;
#6875 = CARTESIAN_POINT ( 'NONE',  ( -2.550000000000000266, -1.765000000000000124, -0.1000000000000000056 ) ) ;
#6876 = VERTEX_POINT ( 'NONE', #1599 ) ;
#6877 = AXIS2_PLACEMENT_3D ( 'NONE', #1379, #4816, #2495 ) ;
#6878 = DIRECTION ( 'NONE',  ( 0.000000000000000000, 0.000000000000000000, -1.000000000000000000 ) ) ;
#6879 = LINE ( 'NONE', #3813, #4563 ) ;
#6880 = EDGE_CURVE ( 'NONE', #4950, #2230, #3509, .T. ) ;
#6881 = AXIS2_PLACEMENT_3D ( 'NONE', #2216, #3835, #1669 ) ;
#6882 = ORIENTED_EDGE ( 'NONE', *, *, #2270, .T. ) ;
#6883 = CARTESIAN_POINT ( 'NONE',  ( -2.682690296114374817, -2.168404344971009854E-16, 0.4326902961143724857 ) ) ;
#6884 = PRESENTATION_LAYER_ASSIGNMENT (  '', '', ( #156 ) ) ;
#6885 = ORIENTED_EDGE ( 'NONE', *, *, #4402, .T. ) ;
#6886 = CARTESIAN_POINT ( 'NONE',  ( 2.550000000000000266, -0.2000000000000000111, 1.149999999999999911 ) ) ;
#6887 = ORIENTED_EDGE ( 'NONE', *, *, #3873, .T. ) ;
#6888 = ADVANCED_FACE ( 'NONE', ( #1063 ), #5829, .F. ) ;
#6889 = CARTESIAN_POINT ( 'NONE',  ( -2.100000000000000089, -0.5742640687119289211, 1.474999999999999867 ) ) ;
#6890 = CARTESIAN_POINT ( 'NONE',  ( 2.359337685891444547, 0.000000000000000000, -0.3852117519068984919 ) ) ;
#6891 = EDGE_CURVE ( 'NONE', #5927, #2550, #5877, .T. ) ;
#6892 = LINE ( 'NONE', #1406, #4602 ) ;
#6893 = DIRECTION ( 'NONE',  ( 0.000000000000000000, 4.336808689942014847E-19, -1.000000000000000000 ) ) ;
#6894 = VECTOR ( 'NONE', #6211, 1000.000000000000000 ) ;
#6895 = TOROIDAL_SURFACE ( 'NONE', #1868, 0.4400000000000000022, 0.2000000000000000111 ) ;
#6896 = PLANE ( 'NONE',  #3747 ) ;
#6897 = EDGE_CURVE ( 'NONE', #3096, #4220, #1027, .T. ) ;
#6898 = ORIENTED_EDGE ( 'NONE', *, *, #4158, .T. ) ;
#6899 = VERTEX_POINT ( 'NONE', #6785 ) ;
#6900 = EDGE_LOOP ( 'NONE', ( #5334, #4279, #4349, #3019 ) ) ;
#6901 = DIRECTION ( 'NONE',  ( 0.9976467198374234790, -0.05937816769000362621, -0.03428200109980991672 ) ) ;
#6902 = AXIS2_PLACEMENT_3D ( 'NONE', #4825, #3726, #209 ) ;
#6903 = VECTOR ( 'NONE', #957, 1000.000000000000000 ) ;
#6904 = ADVANCED_FACE ( 'NONE', ( #5958 ), #979, .T. ) ;
#6905 = EDGE_CURVE ( 'NONE', #7324, #1360, #3316, .T. ) ;
#6906 = DIRECTION ( 'NONE',  ( 1.734723475976804976E-18, 3.256943326146460250E-16, -1.000000000000000000 ) ) ;
#6907 = VERTEX_POINT ( 'NONE', #2189 ) ;
#6908 = CIRCLE ( 'NONE', #1275, 0.05000000000000012768 ) ;
#6909 = DIRECTION ( 'NONE',  ( 0.000000000000000000, 0.000000000000000000, -1.000000000000000000 ) ) ;
#6910 = DIRECTION ( 'NONE',  ( 0.000000000000000000, -1.000000000000000000, 0.000000000000000000 ) ) ;
#6911 = EDGE_CURVE ( 'NONE', #6320, #4941, #5943, .T. ) ;
#6912 = VERTEX_POINT ( 'NONE', #7320 ) ;
#6913 = DIRECTION ( 'NONE',  ( -0.9377487607237041667, 0.000000000000000000, -0.3473143558235926576 ) ) ;
#6914 = CARTESIAN_POINT ( 'NONE',  ( -0.9532517576274190940, -2.049999999999998490, 1.614209147894815510 ) ) ;
#6915 = EDGE_LOOP ( 'NONE', ( #6929, #865, #2542, #2349 ) ) ;
#6916 = VERTEX_POINT ( 'NONE', #1689 ) ;
#6917 = EDGE_CURVE ( 'NONE', #3757, #7012, #944, .T. ) ;
#6918 = VECTOR ( 'NONE', #6174, 1000.000000000000000 ) ;
#6919 = SPHERICAL_SURFACE ( 'NONE', #6510, 0.05000000000000000278 ) ;
#6920 = CARTESIAN_POINT ( 'NONE',  ( 1.162006473417547925, -1.985333032421400024, 1.533796995401334851 ) ) ;
#6921 = VECTOR ( 'NONE', #1263, 1000.000000000000000 ) ;
#6922 = DIRECTION ( 'NONE',  ( 0.8320502943378470517, -0.4803844614152570358, -0.2773500981126124643 ) ) ;
#6923 = DIRECTION ( 'NONE',  ( 0.000000000000000000, 0.000000000000000000, 1.000000000000000000 ) ) ;
#6924 = ORIENTED_EDGE ( 'NONE', *, *, #5466, .T. ) ;
#6925 = PLANE ( 'NONE',  #318 ) ;
#6926 = ORIENTED_EDGE ( 'NONE', *, *, #3727, .F. ) ;
#6927 = EDGE_CURVE ( 'NONE', #4953, #4299, #6038, .T. ) ;
#6928 = LINE ( 'NONE', #2575, #7060 ) ;
#6929 = ORIENTED_EDGE ( 'NONE', *, *, #199, .F. ) ;
#6930 = CARTESIAN_POINT ( 'NONE',  ( -2.569999999999999840, -0.3000000000000089817, -0.1524999999999999967 ) ) ;
#6931 = AXIS2_PLACEMENT_3D ( 'NONE', #1359, #6954, #636 ) ;
#6932 = EDGE_LOOP ( 'NONE', ( #1751, #2544, #3489, #784 ) ) ;
#6933 = DIRECTION ( 'NONE',  ( 0.000000000000000000, -1.000000000000000000, 0.000000000000000000 ) ) ;
#6934 = DIRECTION ( 'NONE',  ( 0.000000000000000000, 0.000000000000000000, 1.000000000000000000 ) ) ;
#6935 = VERTEX_POINT ( 'NONE', #4910 ) ;
#6936 = DIRECTION ( 'NONE',  ( -1.000000000000000000, -6.101831366007240336E-19, -1.734723475976804976E-18 ) ) ;
#6937 = CIRCLE ( 'NONE', #6674, 0.1999999999999999833 ) ;
#6938 = CARTESIAN_POINT ( 'NONE',  ( 2.249999854229991492, -1.999999999999997780, -1.571115488208286948 ) ) ;
#6939 = CARTESIAN_POINT ( 'NONE',  ( 2.600000000000000089, -1.564718210309564927, 1.270000000000000018 ) ) ;
#6940 = LINE ( 'NONE', #4012, #1984 ) ;
#6941 = CARTESIAN_POINT ( 'NONE',  ( 1.870190296114370154, -2.168404344971009854E-16, 1.245190296114374151 ) ) ;
#6942 = AXIS2_PLACEMENT_3D ( 'NONE', #2095, #2688, #4382 ) ;
#6943 = VERTEX_POINT ( 'NONE', #5464 ) ;
#6944 = ORIENTED_EDGE ( 'NONE', *, *, #1862, .F. ) ;
#6945 = ADVANCED_FACE ( 'NONE', ( #6078 ), #1786, .T. ) ;
#6946 = CARTESIAN_POINT ( 'NONE',  ( -1.207690296114372064, -0.5742640687119289211, -1.042309703885625938 ) ) ;
#6947 = PLANE ( 'NONE',  #3514 ) ;
#6948 = DIRECTION ( 'NONE',  ( 0.000000000000000000, 0.000000000000000000, -1.000000000000000000 ) ) ;
#6949 = CARTESIAN_POINT ( 'NONE',  ( 2.750000000000000000, -1.139999999999999902, -1.800000000000000044 ) ) ;
#6950 = LINE ( 'NONE', #4377, #2033 ) ;
#6951 = ORIENTED_EDGE ( 'NONE', *, *, #3540, .F. ) ;
#6952 = AXIS2_PLACEMENT_3D ( 'NONE', #2455, #1157, #158 ) ;
#6953 = FILL_AREA_STYLE_COLOUR ( '', #4087 ) ;
#6954 = DIRECTION ( 'NONE',  ( -6.101831366007370336E-19, 1.000000000000000000, 0.000000000000000000 ) ) ;
#6955 = ORIENTED_EDGE ( 'NONE', *, *, #963, .F. ) ;
#6956 = EDGE_CURVE ( 'NONE', #3341, #5136, #3800, .T. ) ;
#6957 = DIRECTION ( 'NONE',  ( 0.000000000000000000, 1.000000000000000000, 0.000000000000000000 ) ) ;
#6958 = AXIS2_PLACEMENT_3D ( 'NONE', #3625, #1346, #4770 ) ;
#6959 = ORIENTED_EDGE ( 'NONE', *, *, #1479, .F. ) ;
#6960 = VECTOR ( 'NONE', #3666, 1000.000000000000000 ) ;
#6961 = ADVANCED_FACE ( 'NONE', ( #3584 ), #1170, .F. ) ;
#6962 = CARTESIAN_POINT ( 'NONE',  ( -2.419999999999999929, -1.534999999999999920, 1.479935965442712073E-16 ) ) ;
#6963 = CARTESIAN_POINT ( 'NONE',  ( -0.9616025403784440595, -2.043301270189220364, -1.592264973081039869 ) ) ;
#6964 = VECTOR ( 'NONE', #2325, 1000.000000000000000 ) ;
#6965 = ORIENTED_EDGE ( 'NONE', *, *, #812, .F. ) ;
#6966 = CARTESIAN_POINT ( 'NONE',  ( -2.750000000000000000, -2.160000000000000142, -0.5400000000000000355 ) ) ;
#6967 = AXIS2_PLACEMENT_3D ( 'NONE', #6162, #4419, #7164 ) ;
#6968 = ORIENTED_EDGE ( 'NONE', *, *, #3567, .T. ) ;
#6969 =( NAMED_UNIT ( * ) SI_UNIT ( $, .STERADIAN. ) SOLID_ANGLE_UNIT ( ) );
#6970 = ORIENTED_EDGE ( 'NONE', *, *, #2589, .F. ) ;
#6971 = ORIENTED_EDGE ( 'NONE', *, *, #1479, .T. ) ;
#6972 = AXIS2_PLACEMENT_3D ( 'NONE', #6875, #2225, #458 ) ;
#6973 = DIRECTION ( 'NONE',  ( -1.000000000000000000, -6.101831366007240336E-19, 0.000000000000000000 ) ) ;
#6974 = ORIENTED_EDGE ( 'NONE', *, *, #2289, .F. ) ;
#6975 = LINE ( 'NONE', #5572, #6918 ) ;
#6976 = CARTESIAN_POINT ( 'NONE',  ( -2.750000000000000000, -1.765000000000000124, -0.1000000000000000056 ) ) ;
#6977 = CARTESIAN_POINT ( 'NONE',  ( -1.775000000000000133, -2.168404344971009854E-16, -1.149999999999999911 ) ) ;
#6978 = DIRECTION ( 'NONE',  ( 3.491304200729601091E-19, 0.8631876031294045681, -0.5048833150379538059 ) ) ;
#6979 = ORIENTED_EDGE ( 'NONE', *, *, #2761, .T. ) ;
#6980 = EDGE_CURVE ( 'NONE', #4401, #6943, #6142, .T. ) ;
#6981 = SURFACE_SIDE_STYLE ('',( #2373 ) ) ;
#6982 = CARTESIAN_POINT ( 'NONE',  ( 2.600000000000000089, -1.775000000000000133, -0.1000000000000000056 ) ) ;
#6983 = ORIENTED_EDGE ( 'NONE', *, *, #199, .T. ) ;
#6984 = CARTESIAN_POINT ( 'NONE',  ( -2.750000000000000000, -1.283000000000000140, 0.1524999999999999967 ) ) ;
#6985 = ORIENTED_EDGE ( 'NONE', *, *, #5396, .F. ) ;
#6986 = EDGE_CURVE ( 'NONE', #6586, #1738, #6218, .T. ) ;
#6987 = ORIENTED_EDGE ( 'NONE', *, *, #85, .F. ) ;
#6988 = LINE ( 'NONE', #197, #4673 ) ;
#6989 = DIRECTION ( 'NONE',  ( -7.228014483236700500E-16, 1.000000000000000000, 0.000000000000000000 ) ) ;
#6990 = LINE ( 'NONE', #5215, #2079 ) ;
#6991 = CARTESIAN_POINT ( 'NONE',  ( 2.750000000000000000, -1.324999999999999956, 0.5400000000000000355 ) ) ;
#6992 = DIRECTION ( 'NONE',  ( 0.7071067811865480168, 1.248059503193750328E-19, 0.7071067811865470176 ) ) ;
#6993 = EDGE_LOOP ( 'NONE', ( #5252, #3565, #328, #6032, #3449 ) ) ;
#6994 = AXIS2_PLACEMENT_3D ( 'NONE', #3576, #4340, #5480 ) ;
#6995 = ORIENTED_EDGE ( 'NONE', *, *, #2737, .F. ) ;
#6996 = PLANE ( 'NONE',  #3158 ) ;
#6997 = ORIENTED_EDGE ( 'NONE', *, *, #5563, .F. ) ;
#6998 = EDGE_CURVE ( 'NONE', #6118, #5364, #1870, .T. ) ;
#6999 = VECTOR ( 'NONE', #6296, 1000.000000000000000 ) ;
#7000 = CARTESIAN_POINT ( 'NONE',  ( 1.004548846896422098, -2.050000000000000266, 1.657734768241940104 ) ) ;
#7001 = APPLICATION_CONTEXT ( 'automotive_design' ) ;
#7002 = EDGE_LOOP ( 'NONE', ( #539, #5509, #6803, #3091 ) ) ;
#7003 = CARTESIAN_POINT ( 'NONE',  ( 2.100000000000000089, -0.1499999999999999944, -1.474999999999999867 ) ) ;
#7004 =( NAMED_UNIT ( * ) PLANE_ANGLE_UNIT ( ) SI_UNIT ( $, .RADIAN. ) );
#7005 = DIRECTION ( 'NONE',  ( -0.000000000000000000, 1.000000000000000000, 0.000000000000000000 ) ) ;
#7006 = AXIS2_PLACEMENT_3D ( 'NONE', #139, #2437, #5783 ) ;
#7007 = AXIS2_PLACEMENT_3D ( 'NONE', #2163, #5684, #2747 ) ;
#7008 = EDGE_CURVE ( 'NONE', #4465, #5927, #3706, .T. ) ;
#7009 = ORIENTED_EDGE ( 'NONE', *, *, #4490, .F. ) ;
#7010 = CARTESIAN_POINT ( 'NONE',  ( -0.9616025403785680714, -2.043301270189150198, 1.592264973080459889 ) ) ;
#7011 = AXIS2_PLACEMENT_3D ( 'NONE', #2442, #6241, #6816 ) ;
#7012 = VERTEX_POINT ( 'NONE', #163 ) ;
#7013 = EDGE_CURVE ( 'NONE', #4437, #2452, #6091, .T. ) ;
#7014 = VERTEX_POINT ( 'NONE', #720 ) ;
#7015 = ORIENTED_EDGE ( 'NONE', *, *, #4243, .T. ) ;
#7016 = LINE ( 'NONE', #1602, #4612 ) ;
#7017 = DIRECTION ( 'NONE',  ( 0.000000000000000000, 0.000000000000000000, 1.000000000000000000 ) ) ;
#7018 = VERTEX_POINT ( 'NONE', #4038 ) ;
#7019 = CARTESIAN_POINT ( 'NONE',  ( -2.750000000000000000, -0.5000000000000000000, -0.5400000000000000355 ) ) ;
#7020 = EDGE_LOOP ( 'NONE', ( #3415, #739, #1654, #5760 ) ) ;
#7021 = CARTESIAN_POINT ( 'NONE',  ( 1.750000000000000000, -2.010000000000000231, -1.800000000000000044 ) ) ;
#7022 = DIRECTION ( 'NONE',  ( 1.000000000000000000, 0.000000000000000000, 0.000000000000000000 ) ) ;
#7023 = ORIENTED_EDGE ( 'NONE', *, *, #3017, .F. ) ;
#7024 = VECTOR ( 'NONE', #1332, 1000.000000000000000 ) ;
#7025 = ADVANCED_FACE ( 'NONE', ( #3632 ), #1193, .T. ) ;
#7026 = FACE_OUTER_BOUND ( 'NONE', #3933, .T. ) ;
#7027 = DIRECTION ( 'NONE',  ( 0.000000000000000000, 0.000000000000000000, -1.000000000000000000 ) ) ;
#7028 = LINE ( 'NONE', #6729, #7042 ) ;
#7029 = DIRECTION ( 'NONE',  ( -1.734723475976804976E-18, -4.336808689942014847E-19, 1.000000000000000000 ) ) ;
#7030 = ORIENTED_EDGE ( 'NONE', *, *, #1998, .F. ) ;
#7031 = CARTESIAN_POINT ( 'NONE',  ( -2.419999999999999929, -1.080000000000000071, -0.2500000000000000000 ) ) ;
#7032 = CARTESIAN_POINT ( 'NONE',  ( 2.250000000000000000, -2.000000000000000000, -1.657735026918965016 ) ) ;
#7033 = VERTEX_POINT ( 'NONE', #58 ) ;
#7034 = EDGE_CURVE ( 'NONE', #7108, #2782, #6435, .T. ) ;
#7035 = LINE ( 'NONE', #6737, #4502 ) ;
#7036 = DIRECTION ( 'NONE',  ( 1.000000000000000000, 6.101831366007240336E-19, 0.000000000000000000 ) ) ;
#7037 = CARTESIAN_POINT ( 'NONE',  ( -2.550000000000000266, -2.000000000000000000, -0.9268854014666400021 ) ) ;
#7038 = CIRCLE ( 'NONE', #4547, 0.05000000000000012768 ) ;
#7039 = ORIENTED_EDGE ( 'NONE', *, *, #3856, .F. ) ;
#7040 = CARTESIAN_POINT ( 'NONE',  ( -2.600000000000000089, -0.2000000000000000111, -1.800000000000000044 ) ) ;
#7041 = CARTESIAN_POINT ( 'NONE',  ( -1.870190296114370154, -2.168404344971009854E-16, 1.704809703885624916 ) ) ;
#7042 = VECTOR ( 'NONE', #2908, 1000.000000000000000 ) ;
#7043 = ORIENTED_EDGE ( 'NONE', *, *, #5062, .T. ) ;
#7044 = ORIENTED_EDGE ( 'NONE', *, *, #6834, .T. ) ;
#7045 = DIRECTION ( 'NONE',  ( 0.000000000000000000, 0.000000000000000000, -1.000000000000000000 ) ) ;
#7046 = LINE ( 'NONE', #5886, #7024 ) ;
#7047 = EDGE_CURVE ( 'NONE', #4593, #3687, #6113, .T. ) ;
#7048 = CARTESIAN_POINT ( 'NONE',  ( 0.9419587623470970783, -2.050000000000000266, 1.621463439647359950 ) ) ;
#7049 = CARTESIAN_POINT ( 'NONE',  ( 0.000000000000000000, 0.000000000000000000, 0.000000000000000000 ) ) ;
#7050 = AXIS2_PLACEMENT_3D ( 'NONE', #113, #6452, #5260 ) ;
#7051 = VECTOR ( 'NONE', #1965, 1000.000000000000000 ) ;
#7052 = DIRECTION ( 'NONE',  ( 0.000000000000000000, 0.000000000000000000, 1.000000000000000000 ) ) ;
#7053 = CARTESIAN_POINT ( 'NONE',  ( -2.550000000000000266, -2.010000000000000231, 0.5500000000000000444 ) ) ;
#7054 = CIRCLE ( 'NONE', #5891, 0.2000000000000000944 ) ;
#7055 = ORIENTED_EDGE ( 'NONE', *, *, #1998, .T. ) ;
#7056 = CARTESIAN_POINT ( 'NONE',  ( -0.9419587623470999649, -2.050000000000000266, 1.621463439647365057 ) ) ;
#7057 = ORIENTED_EDGE ( 'NONE', *, *, #3017, .T. ) ;
#7058 = DIRECTION ( 'NONE',  ( -1.000000000000000000, -6.101831366007240336E-19, 0.000000000000000000 ) ) ;
#7059 = EDGE_CURVE ( 'NONE', #6523, #353, #1089, .T. ) ;
#7060 = VECTOR ( 'NONE', #4251, 1000.000000000000000 ) ;
#7061 = CARTESIAN_POINT ( 'NONE',  ( -2.550000000000000266, -2.168404344971009854E-16, 1.800000000000000044 ) ) ;
#7062 = LINE ( 'NONE', #1742, #6921 ) ;
#7063 = EDGE_CURVE ( 'NONE', #7173, #4073, #3649, .T. ) ;
#7064 = FACE_OUTER_BOUND ( 'NONE', #3276, .T. ) ;
#7065 = DIRECTION ( 'NONE',  ( 1.000000000000000000, 0.000000000000000000, 0.000000000000000000 ) ) ;
#7066 = ORIENTED_EDGE ( 'NONE', *, *, #3009, .T. ) ;
#7067 = CARTESIAN_POINT ( 'NONE',  ( -1.162006473417549923, -1.960333032421400112, -1.577098265590559878 ) ) ;
#7068 = ORIENTED_EDGE ( 'NONE', *, *, #3563, .F. ) ;
#7069 = CARTESIAN_POINT ( 'NONE',  ( 2.569999999999999840, -0.4500000000000000111, 0.2999999999999999889 ) ) ;
#7070 = ADVANCED_FACE ( 'NONE', ( #3773 ), #3051, .T. ) ;
#7071 = CARTESIAN_POINT ( 'NONE',  ( -2.750000000000000000, -1.564718210309564927, 1.469999999999999973 ) ) ;
#7072 = ORIENTED_EDGE ( 'NONE', *, *, #5520, .T. ) ;
#7073 = LINE ( 'NONE', #4758, #2055 ) ;
#7074 = DIRECTION ( 'NONE',  ( 1.000000000000000000, 0.000000000000000000, -2.115516434118059681E-16 ) ) ;
#7075 = ADVANCED_FACE ( 'NONE', ( #6052 ), #3684, .T. ) ;
#7076 = CARTESIAN_POINT ( 'NONE',  ( 2.550000000000000266, -0.2000000000000000111, 1.800000000000000044 ) ) ;
#7077 = EDGE_CURVE ( 'NONE', #2882, #7349, #6101, .T. ) ;
#7078 = LINE ( 'NONE', #7357, #4676 ) ;
#7079 = DIRECTION ( 'NONE',  ( -6.101831366007370336E-19, 1.000000000000000000, 4.336808689942019662E-19 ) ) ;
#7080 = VERTEX_POINT ( 'NONE', #822 ) ;
#7081 =( LENGTH_UNIT ( ) NAMED_UNIT ( * ) SI_UNIT ( .MILLI., .METRE. ) );
#7082 = DIRECTION ( 'NONE',  ( -1.000000000000000000, -6.101831366007240336E-19, 0.000000000000000000 ) ) ;
#7083 = CARTESIAN_POINT ( 'NONE',  ( 2.550000000000000266, -1.324999999999999956, -0.1000000000000000056 ) ) ;
#7084 = VERTEX_POINT ( 'NONE', #5023 ) ;
#7085 = EDGE_LOOP ( 'NONE', ( #1251, #6031, #2727, #1465, #3465, #3740, #1816, #325, #2397, #2587, #5268, #2576, #3638, #5317 ) ) ;
#7086 = EDGE_CURVE ( 'NONE', #5190, #6586, #1205, .T. ) ;
#7087 = CARTESIAN_POINT ( 'NONE',  ( -2.569999999999999840, 0.4227724399837060054, 0.3499999999999999778 ) ) ;
#7088 = ORIENTED_EDGE ( 'NONE', *, *, #6797, .F. ) ;
#7089 = LINE ( 'NONE', #706, #6960 ) ;
#7090 = DIRECTION ( 'NONE',  ( 0.000000000000000000, -1.000000000000000000, 0.000000000000000000 ) ) ;
#7091 = ADVANCED_FACE ( 'NONE', ( #6134 ), #6067, .T. ) ;
#7092 = DIRECTION ( 'NONE',  ( -1.734723475976804976E-18, -4.336808689942014847E-19, 1.000000000000000000 ) ) ;
#7093 = FACE_OUTER_BOUND ( 'NONE', #5304, .T. ) ;
#7094 = DIRECTION ( 'NONE',  ( -0.3473143558235926021, 0.000000000000000000, -0.9377487607237040557 ) ) ;
#7095 = EDGE_CURVE ( 'NONE', #1061, #4062, #3616, .T. ) ;
#7096 = VERTEX_POINT ( 'NONE', #7287 ) ;
#7097 = EDGE_CURVE ( 'NONE', #5324, #3751, #3735, .T. ) ;
#7098 = ORIENTED_EDGE ( 'NONE', *, *, #5646, .F. ) ;
#7099 = EDGE_CURVE ( 'NONE', #2624, #4220, #1268, .T. ) ;
#7100 = DIRECTION ( 'NONE',  ( -6.101831366007370336E-19, 1.000000000000000000, 4.336808689942019662E-19 ) ) ;
#7101 = EDGE_CURVE ( 'NONE', #6120, #4135, #3669, .T. ) ;
#7102 = CARTESIAN_POINT ( 'NONE',  ( 1.050000000000000044, -2.024999999999999911, 1.614433756729739988 ) ) ;
#7103 = LINE ( 'NONE', #5181, #4493 ) ;
#7104 = AXIS2_PLACEMENT_3D ( 'NONE', #6460, #6360, #2412 ) ;
#7105 = CARTESIAN_POINT ( 'NONE',  ( 1.050000000000000044, -2.024999999999999911, 1.614433756729739988 ) ) ;
#7106 = CARTESIAN_POINT ( 'NONE',  ( -2.550000000000000266, -2.024999999999999911, -1.614433756729739988 ) ) ;
#7107 = CIRCLE ( 'NONE', #2285, 0.5000000000000000000 ) ;
#7108 = VERTEX_POINT ( 'NONE', #3864 ) ;
#7109 = EDGE_LOOP ( 'NONE', ( #3053, #4849, #5162, #6258 ) ) ;
#7110 = VECTOR ( 'NONE', #6202, 1000.000000000000000 ) ;
#7111 = EDGE_CURVE ( 'NONE', #916, #6899, #1234, .T. ) ;
#7112 = CARTESIAN_POINT ( 'NONE',  ( 2.750000000000000000, -1.449999999999999956, 1.270000000000000018 ) ) ;
#7113 = LINE ( 'NONE', #5349, #2200 ) ;
#7114 = VECTOR ( 'NONE', #4699, 1000.000000000000000 ) ;
#7115 = CARTESIAN_POINT ( 'NONE',  ( 2.550000000000000266, -1.959999999999999964, 1.270000000000000018 ) ) ;
#7116 = ORIENTED_EDGE ( 'NONE', *, *, #4627, .F. ) ;
#7117 = CARTESIAN_POINT ( 'NONE',  ( 2.550000000000000266, -2.010000000000000231, -1.270000000000000018 ) ) ;
#7118 = VERTEX_POINT ( 'NONE', #486 ) ;
#7119 = CARTESIAN_POINT ( 'NONE',  ( 0.9366025403784430381, -2.000000000000000000, 1.592264973081039869 ) ) ;
#7120 = DIRECTION ( 'NONE',  ( 0.000000000000000000, -1.000000000000000000, 0.000000000000000000 ) ) ;
#7121 = CIRCLE ( 'NONE', #1955, 0.1999999999999999833 ) ;
#7122 = FACE_OUTER_BOUND ( 'NONE', #3943, .T. ) ;
#7123 = DIRECTION ( 'NONE',  ( -1.000000000000000000, 3.491481338843135327E-15, 0.000000000000000000 ) ) ;
#7124 = DIRECTION ( 'NONE',  ( 0.000000000000000000, 0.000000000000000000, -1.000000000000000000 ) ) ;
#7125 = CIRCLE ( 'NONE', #673, 0.3250000000000000111 ) ;
#7126 = VERTEX_POINT ( 'NONE', #2697 ) ;
#7127 = EDGE_CURVE ( 'NONE', #704, #1400, #1324, .T. ) ;
#7128 = DIRECTION ( 'NONE',  ( 0.000000000000000000, 0.000000000000000000, 1.000000000000000000 ) ) ;
#7129 = CARTESIAN_POINT ( 'NONE',  ( -2.550000000000000266, -1.324999999999999956, 0.5400000000000000355 ) ) ;
#7130 = ORIENTED_EDGE ( 'NONE', *, *, #741, .T. ) ;
#7131 = ADVANCED_FACE ( 'NONE', ( #1291 ), #6025, .T. ) ;
#7132 = CARTESIAN_POINT ( 'NONE',  ( 2.250000000000000000, -0.5000000000000000000, 3.113598517963279747E-19 ) ) ;
#7133 = ORIENTED_EDGE ( 'NONE', *, *, #4869, .T. ) ;
#7134 = AXIS2_PLACEMENT_3D ( 'NONE', #5770, #5676, #3299 ) ;
#7135 = LINE ( 'NONE', #5489, #2243 ) ;
#7136 = DIRECTION ( 'NONE',  ( 0.000000000000000000, 0.000000000000000000, -1.000000000000000000 ) ) ;
#7137 = DIRECTION ( 'NONE',  ( 1.000000000000000000, 0.000000000000000000, 2.777939806294194561E-18 ) ) ;
#7138 = DIRECTION ( 'NONE',  ( 0.000000000000000000, 0.000000000000000000, -1.000000000000000000 ) ) ;
#7139 = CARTESIAN_POINT ( 'NONE',  ( 2.449999999999999734, -0.3000000000000089817, 0.1524999999999999967 ) ) ;
#7140 = VECTOR ( 'NONE', #190, 1000.000000000000000 ) ;
#7141 = AXIS2_PLACEMENT_3D ( 'NONE', #5642, #4457, #650 ) ;
#7142 = ORIENTED_EDGE ( 'NONE', *, *, #303, .T. ) ;
#7143 = AXIS2_PLACEMENT_3D ( 'NONE', #3440, #5172, #2154 ) ;
#7144 = VERTEX_POINT ( 'NONE', #1528 ) ;
#7145 = EDGE_CURVE ( 'NONE', #4014, #171, #3721, .T. ) ;
#7146 = AXIS2_PLACEMENT_3D ( 'NONE', #5189, #2982, #801 ) ;
#7147 = CARTESIAN_POINT ( 'NONE',  ( 0.9499999999999999556, -2.050000000000000266, -1.657735026918965016 ) ) ;
#7148 =( NAMED_UNIT ( * ) PLANE_ANGLE_UNIT ( ) SI_UNIT ( $, .RADIAN. ) );
#7149 = DIRECTION ( 'NONE',  ( -8.673617379884051249E-15, -3.938471759299990035E-15, -1.000000000000000000 ) ) ;
#7150 = ORIENTED_EDGE ( 'NONE', *, *, #4594, .T. ) ;
#7151 = CIRCLE ( 'NONE', #3831, 0.05000000000000002359 ) ;
#7152 = ADVANCED_FACE ( 'NONE', ( #6164 ), #6184, .F. ) ;
#7153 = AXIS2_PLACEMENT_3D ( 'NONE', #5202, #5892, #5251 ) ;
#7154 = LINE ( 'NONE', #4881, #4858 ) ;
#7155 = DIRECTION ( 'NONE',  ( 0.000000000000000000, 0.000000000000000000, -1.000000000000000000 ) ) ;
#7156 = CARTESIAN_POINT ( 'NONE',  ( -2.419999999999999929, -0.3499999999999999778, 0.2000000000000000111 ) ) ;
#7157 = CIRCLE ( 'NONE', #2812, 0.05000000000000012768 ) ;
#7158 = ORIENTED_EDGE ( 'NONE', *, *, #4611, .F. ) ;
#7159 = EDGE_CURVE ( 'NONE', #5842, #2497, #2899, .T. ) ;
#7160 = VERTEX_POINT ( 'NONE', #2201 ) ;
#7161 =( BOUNDED_CURVE ( )  B_SPLINE_CURVE ( 3, ( #7167, #6125, #951, #3278 ),
 .UNSPECIFIED., .F., .F. ) 
 B_SPLINE_CURVE_WITH_KNOTS ( ( 4, 4 ),
 ( 0.001020951572578324140, 0.002040401220867614843 ),
 .UNSPECIFIED. ) 
 CURVE ( )  GEOMETRIC_REPRESENTATION_ITEM ( )  RATIONAL_B_SPLINE_CURVE ( ( 1.000000000000000000, 0.9999999133935359996, 0.9999999133935359996, 1.000000000000000000 ) ) 
 REPRESENTATION_ITEM ( '' )  );
#7162 = EDGE_CURVE ( 'NONE', #258, #531, #3762, .T. ) ;
#7163 = ORIENTED_EDGE ( 'NONE', *, *, #6549, .F. ) ;
#7164 = DIRECTION ( 'NONE',  ( 0.000000000000000000, 0.000000000000000000, -1.000000000000000000 ) ) ;
#7165 = VECTOR ( 'NONE', #489, 1000.000000000000000 ) ;
#7166 =( BOUNDED_CURVE ( )  B_SPLINE_CURVE ( 3, ( #6806, #2791, #4638, #29 ),
 .UNSPECIFIED., .F., .F. ) 
 B_SPLINE_CURVE_WITH_KNOTS ( ( 4, 4 ),
 ( 4.712388980384689674, 5.759586681676450048 ),
 .UNSPECIFIED. ) 
 CURVE ( )  GEOMETRIC_REPRESENTATION_ITEM ( )  RATIONAL_B_SPLINE_CURVE ( ( 1.000000000000000000, 0.9106835775070970529, 0.9106835775070970529, 1.000000000000000000 ) ) 
 REPRESENTATION_ITEM ( '' )  );
#7167 = CARTESIAN_POINT ( 'NONE',  ( -2.250000000000000000, -2.000000000000000000, -1.571132486540520068 ) ) ;
#7168 = FACE_OUTER_BOUND ( 'NONE', #6325, .T. ) ;
#7169 = ORIENTED_EDGE ( 'NONE', *, *, #120, .F. ) ;
#7170 = CARTESIAN_POINT ( 'NONE',  ( 2.449999999999999734, -0.3000000000000089817, -0.1524999999999999967 ) ) ;
#7171 = LINE ( 'NONE', #662, #4733 ) ;
#7172 = DIRECTION ( 'NONE',  ( -1.734723475976804976E-18, -4.336808689942014847E-19, 1.000000000000000000 ) ) ;
#7173 = VERTEX_POINT ( 'NONE', #3676 ) ;
#7174 = ORIENTED_EDGE ( 'NONE', *, *, #2030, .T. ) ;
#7175 = DIRECTION ( 'NONE',  ( 0.000000000000000000, 0.000000000000000000, 1.000000000000000000 ) ) ;
#7176 = CARTESIAN_POINT ( 'NONE',  ( -2.750000000000000000, -0.5000000000000000000, -1.149999999999999911 ) ) ;
#7177 = ORIENTED_EDGE ( 'NONE', *, *, #2928, .T. ) ;
#7178 = EDGE_CURVE ( 'NONE', #4437, #7144, #3787, .T. ) ;
#7179 = LINE ( 'NONE', #3828, #7243 ) ;
#7180 = CARTESIAN_POINT ( 'NONE',  ( 2.050000000000000266, -2.050000000000000266, -2.500000000000000000 ) ) ;
#7181 = DIRECTION ( 'NONE',  ( -0.9976467198374249223, -0.05937816768998539080, -0.03428200109979995247 ) ) ;
#7182 = FACE_OUTER_BOUND ( 'NONE', #1747, .T. ) ;
#7183 = EDGE_CURVE ( 'NONE', #7012, #5437, #3546, .T. ) ;
#7184 = EDGE_LOOP ( 'NONE', ( #2060, #3392, #5838, #7055 ) ) ;
#7185 = DIRECTION ( 'NONE',  ( -1.000000000000000000, 0.000000000000000000, -1.734723475976796117E-18 ) ) ;
#7186 = CARTESIAN_POINT ( 'NONE',  ( -1.750000000000000000, -2.010000000000000231, 1.800000000000000044 ) ) ;
#7187 = AXIS2_PLACEMENT_3D ( 'NONE', #560, #1684, #4561 ) ;
#7188 = ORIENTED_EDGE ( 'NONE', *, *, #3918, .T. ) ;
#7189 = VERTEX_POINT ( 'NONE', #5485 ) ;
#7190 = CARTESIAN_POINT ( 'NONE',  ( -2.419999999999999929, -0.3499999999999999778, -0.2500000000000000000 ) ) ;
#7191 = ORIENTED_EDGE ( 'NONE', *, *, #6168, .F. ) ;
#7192 = FACE_OUTER_BOUND ( 'NONE', #7232, .T. ) ;
#7193 = CARTESIAN_POINT ( 'NONE',  ( 1.050000000000000044, -2.000000000000000000, 1.657735026918965016 ) ) ;
#7194 = CARTESIAN_POINT ( 'NONE',  ( -2.550000000000000266, -0.2000000000000000111, 1.800000000000000044 ) ) ;
#7195 = FACE_OUTER_BOUND ( 'NONE', #6838, .T. ) ;
#7196 = DIRECTION ( 'NONE',  ( 0.000000000000000000, 0.000000000000000000, -1.000000000000000000 ) ) ;
#7197 = CARTESIAN_POINT ( 'NONE',  ( -2.250000000000000000, -2.000000000000000000, -1.571132486540520068 ) ) ;
#7198 = CIRCLE ( 'NONE', #7239, 0.2999999999999999334 ) ;
#7199 = EDGE_LOOP ( 'NONE', ( #6166, #3824, #3866, #6898 ) ) ;
#7200 = EDGE_CURVE ( 'NONE', #5944, #3560, #3559, .T. ) ;
#7201 = ORIENTED_EDGE ( 'NONE', *, *, #1928, .T. ) ;
#7202 = ADVANCED_FACE ( 'NONE', ( #1114 ), #5957, .T. ) ;
#7203 = CARTESIAN_POINT ( 'NONE',  ( 2.550000000000000266, 0.000000000000000000, -0.9000000000000000222 ) ) ;
#7204 = AXIS2_PLACEMENT_3D ( 'NONE', #7170, #3229, #1939 ) ;
#7205 = FILL_AREA_STYLE ('',( #6110 ) ) ;
#7206 = DIRECTION ( 'NONE',  ( 0.000000000000000000, 0.000000000000000000, 1.000000000000000000 ) ) ;
#7207 = ORIENTED_EDGE ( 'NONE', *, *, #7260, .T. ) ;
#7208 = LINE ( 'NONE', #7347, #7345 ) ;
#7209 = DIRECTION ( 'NONE',  ( -1.000000000000000000, 0.000000000000000000, 0.000000000000000000 ) ) ;
#7210 = LINE ( 'NONE', #5789, #4691 ) ;
#7211 = ORIENTED_EDGE ( 'NONE', *, *, #3281, .F. ) ;
#7212 = ORIENTED_EDGE ( 'NONE', *, *, #1660, .F. ) ;
#7213 = CARTESIAN_POINT ( 'NONE',  ( 1.042837589463047943, -1.928151829082755064, 1.529599930739435010 ) ) ;
#7214 = CARTESIAN_POINT ( 'NONE',  ( 1.894092698519765028, -1.537662853288620068, 1.333069523889822028 ) ) ;
#7215 = ADVANCED_FACE ( 'NONE', ( #1129 ), #6554, .T. ) ;
#7216 = CARTESIAN_POINT ( 'NONE',  ( -2.250000000000000000, -0.1800000000000085143, -1.075420342286622165E-15 ) ) ;
#7217 = DIRECTION ( 'NONE',  ( 1.734723475976804783E-18, 1.058499011706437396E-36, -1.000000000000000000 ) ) ;
#7218 = CYLINDRICAL_SURFACE ( 'NONE', #3119, 0.05000000000000012768 ) ;
#7219 = CIRCLE ( 'NONE', #4200, 0.05000000000000002359 ) ;
#7220 = ORIENTED_EDGE ( 'NONE', *, *, #6622, .F. ) ;
#7221 = PLANE ( 'NONE',  #2271 ) ;
#7222 = ORIENTED_EDGE ( 'NONE', *, *, #4169, .F. ) ;
#7223 = DIRECTION ( 'NONE',  ( 0.000000000000000000, 0.000000000000000000, -1.000000000000000000 ) ) ;
#7224 = AXIS2_PLACEMENT_3D ( 'NONE', #2104, #818, #7185 ) ;
#7225 = PLANE ( 'NONE',  #109 ) ;
#7226 = EDGE_LOOP ( 'NONE', ( #338, #1598, #6107, #5263 ) ) ;
#7227 = CIRCLE ( 'NONE', #6942, 0.05000000000000014155 ) ;
#7228 = EDGE_CURVE ( 'NONE', #4162, #4694, #1536, .T. ) ;
#7229 = AXIS2_PLACEMENT_3D ( 'NONE', #3780, #6141, #3728 ) ;
#7230 = VECTOR ( 'NONE', #444, 1000.000000000000000 ) ;
#7231 = CIRCLE ( 'NONE', #2469, 0.1999999999999999833 ) ;
#7232 = EDGE_LOOP ( 'NONE', ( #7188, #5612, #5836, #4830 ) ) ;
#7233 = AXIS2_PLACEMENT_3D ( 'NONE', #1865, #124, #4633 ) ;
#7234 = DIRECTION ( 'NONE',  ( 6.101831366007370336E-19, -1.000000000000000000, -4.336808689942019662E-19 ) ) ;
#7235 = DIRECTION ( 'NONE',  ( 0.000000000000000000, 0.000000000000000000, 1.000000000000000000 ) ) ;
#7236 = ORIENTED_EDGE ( 'NONE', *, *, #1272, .T. ) ;
#7237 = VERTEX_POINT ( 'NONE', #2424 ) ;
#7238 = CARTESIAN_POINT ( 'NONE',  ( 0.9366025403784430381, -2.050000000000000266, -1.592264973081039869 ) ) ;
#7239 = AXIS2_PLACEMENT_3D ( 'NONE', #5139, #1586, #454 ) ;
#7240 = CIRCLE ( 'NONE', #494, 0.1499999999999999667 ) ;
#7241 = DIRECTION ( 'NONE',  ( 1.734723475976804976E-18, 2.710505431213765029E-16, -1.000000000000000000 ) ) ;
#7242 = DIRECTION ( 'NONE',  ( 1.000000000000000000, 0.000000000000000000, 0.000000000000000000 ) ) ;
#7243 = VECTOR ( 'NONE', #2017, 1000.000000000000000 ) ;
#7244 = CARTESIAN_POINT ( 'NONE',  ( 1.207690296114370287, -2.168404344971009854E-16, 1.042309703885625938 ) ) ;
#7245 = AXIS2_PLACEMENT_3D ( 'NONE', #597, #1188, #2517 ) ;
#7246 = CIRCLE ( 'NONE', #4300, 0.08999999999999999667 ) ;
#7247 = VERTEX_POINT ( 'NONE', #6800 ) ;
#7248 = ADVANCED_FACE ( 'NONE', ( #1557 ), #3900, .T. ) ;
#7249 = VERTEX_POINT ( 'NONE', #25 ) ;
#7250 = AXIS2_PLACEMENT_3D ( 'NONE', #2002, #4818, #107 ) ;
#7251 = ORIENTED_EDGE ( 'NONE', *, *, #3744, .F. ) ;
#7252 = DIRECTION ( 'NONE',  ( 1.000000000000000000, 0.000000000000000000, 0.000000000000000000 ) ) ;
#7253 = CARTESIAN_POINT ( 'NONE',  ( 2.419999999999999929, -0.2999999999999999889, 0.2000000000000000111 ) ) ;
#7254 = LINE ( 'NONE', #2739, #4933 ) ;
#7255 = VECTOR ( 'NONE', #3056, 1000.000000000000000 ) ;
#7256 = CARTESIAN_POINT ( 'NONE',  ( -2.550000000000000266, 0.000000000000000000, -0.9268854014666400021 ) ) ;
#7257 = EDGE_CURVE ( 'NONE', #4941, #6270, #6264, .T. ) ;
#7258 = VECTOR ( 'NONE', #3351, 1000.000000000000000 ) ;
#7259 = CARTESIAN_POINT ( 'NONE',  ( 1.207690296114370287, -0.1499999999999999944, 1.042309703885625938 ) ) ;
#7260 = EDGE_CURVE ( 'NONE', #1808, #5279, #4035, .T. ) ;
#7261 = VERTEX_POINT ( 'NONE', #3493 ) ;
#7262 = ORIENTED_EDGE ( 'NONE', *, *, #687, .F. ) ;
#7263 = CLOSED_SHELL ( 'NONE', ( #3100, #6171, #3859, #4642, #7025, #5544, #1438, #3513, #5083, #2979, #2608, #3329, #6945, #5130, #330 ) ) ;
#7264 = ADVANCED_FACE ( 'NONE', ( #1345 ), #3876, .T. ) ;
#7265 = CIRCLE ( 'NONE', #5658, 0.05000000000000002359 ) ;
#7266 = DIRECTION ( 'NONE',  ( 0.000000000000000000, 0.000000000000000000, 1.000000000000000000 ) ) ;
#7267 = CIRCLE ( 'NONE', #2628, 0.08999999999999980238 ) ;
#7268 = DIRECTION ( 'NONE',  ( 1.000000000000000000, 6.101831366007240336E-19, 1.734723475976804976E-18 ) ) ;
#7269 = CARTESIAN_POINT ( 'NONE',  ( -2.569999999999999840, -1.283000000000000140, -0.1524999999999999967 ) ) ;
#7270 = LINE ( 'NONE', #5491, #4768 ) ;
#7271 = ORIENTED_EDGE ( 'NONE', *, *, #1340, .F. ) ;
#7272 = LINE ( 'NONE', #4823, #98 ) ;
#7273 = ORIENTED_EDGE ( 'NONE', *, *, #63, .F. ) ;
#7274 = EDGE_CURVE ( 'NONE', #4401, #3221, #6417, .T. ) ;
#7275 = ORIENTED_EDGE ( 'NONE', *, *, #2479, .F. ) ;
#7276 = DIRECTION ( 'NONE',  ( 0.000000000000000000, 0.000000000000000000, 1.000000000000000000 ) ) ;
#7277 = CARTESIAN_POINT ( 'NONE',  ( 2.550000000000000266, -1.324999999999999956, 0.5400000000000000355 ) ) ;
#7278 = LINE ( 'NONE', #5818, #2352 ) ;
#7279 = EDGE_CURVE ( 'NONE', #3468, #5530, #6274, .T. ) ;
#7280 = FACE_OUTER_BOUND ( 'NONE', #59, .T. ) ;
#7281 = FACE_OUTER_BOUND ( 'NONE', #2683, .T. ) ;
#7282 = AXIS2_PLACEMENT_3D ( 'NONE', #464, #6350, #6934 ) ;
#7283 = VECTOR ( 'NONE', #6933, 1000.000000000000000 ) ;
#7284 = ORIENTED_EDGE ( 'NONE', *, *, #4433, .F. ) ;
#7285 = CARTESIAN_POINT ( 'NONE',  ( -2.750000000000000000, -1.324999999999999956, -0.5400000000000000355 ) ) ;
#7286 = ORIENTED_EDGE ( 'NONE', *, *, #5611, .F. ) ;
#7287 = CARTESIAN_POINT ( 'NONE',  ( -2.449999999999999734, -0.09000000000000871192, -0.2425000000000000211 ) ) ;
#7288 = EDGE_CURVE ( 'NONE', #1400, #4942, #3991, .T. ) ;
#7289 = LINE ( 'NONE', #5907, #4795 ) ;
#7290 = EDGE_CURVE ( 'NONE', #2497, #5364, #1373, .T. ) ;
#7291 = CARTESIAN_POINT ( 'NONE',  ( 2.600000000000000089, -0.2000000000000000111, -1.800000000000000044 ) ) ;
#7292 = FACE_OUTER_BOUND ( 'NONE', #1072, .T. ) ;
#7293 = CARTESIAN_POINT ( 'NONE',  ( -2.250000000000000000, -0.09000000000000861478, -1.091377736504101771E-15 ) ) ;
#7294 = ORIENTED_EDGE ( 'NONE', *, *, #1494, .F. ) ;
#7295 = CARTESIAN_POINT ( 'NONE',  ( 1.011546881485396066, -2.034082127682010022, 1.619677325591764916 ) ) ;
#7296 = AXIS2_PLACEMENT_3D ( 'NONE', #962, #6598, #7124 ) ;
#7297 = VERTEX_POINT ( 'NONE', #1705 ) ;
#7298 = VERTEX_POINT ( 'NONE', #1175 ) ;
#7299 = CARTESIAN_POINT ( 'NONE',  ( 1.750000000000000000, 0.7399999999999999911, 1.449999999999999956 ) ) ;
#7300 = DIRECTION ( 'NONE',  ( 0.000000000000000000, 0.000000000000000000, -1.000000000000000000 ) ) ;
#7301 = CIRCLE ( 'NONE', #5977, 0.1499999999999999944 ) ;
#7302 = DIRECTION ( 'NONE',  ( -1.734723475976804976E-18, -1.058499011706437563E-36, 1.000000000000000000 ) ) ;
#7303 = CYLINDRICAL_SURFACE ( 'NONE', #7250, 0.2000000000000000944 ) ;
#7304 = CARTESIAN_POINT ( 'NONE',  ( -0.9598159935051570057, -2.044332733507344901, -1.600609367199550048 ) ) ;
#7305 = VECTOR ( 'NONE', #4614, 1000.000000000000000 ) ;
#7306 = ORIENTED_EDGE ( 'NONE', *, *, #3281, .T. ) ;
#7307 = ADVANCED_FACE ( 'NONE', ( #6444 ), #6290, .F. ) ;
#7308 = CARTESIAN_POINT ( 'NONE',  ( 2.500000000000000000, -3.861077027627485059, 0.3331145985333610060 ) ) ;
#7309 = EDGE_LOOP ( 'NONE', ( #5714, #937, #3125, #3354 ) ) ;
#7310 = ORIENTED_EDGE ( 'NONE', *, *, #5179, .F. ) ;
#7311 = DIRECTION ( 'NONE',  ( 1.000000000000000000, 0.000000000000000000, 0.000000000000000000 ) ) ;
#7312 = LINE ( 'NONE', #5527, #28 ) ;
#7313 = DIRECTION ( 'NONE',  ( -1.734723475976804976E-18, -4.336808689942014847E-19, 1.000000000000000000 ) ) ;
#7314 = DIRECTION ( 'NONE',  ( 1.000000000000000000, 0.000000000000000000, 0.000000000000000000 ) ) ;
#7315 = LINE ( 'NONE', #3670, #2520 ) ;
#7316 = DIRECTION ( 'NONE',  ( 1.000000000000000000, 0.000000000000000000, 0.000000000000000000 ) ) ;
#7317 = CYLINDRICAL_SURFACE ( 'NONE', #5030, 0.05000000000000002359 ) ;
#7318 = AXIS2_PLACEMENT_3D ( 'NONE', #516, #4081, #7316 ) ;
#7319 = ORIENTED_EDGE ( 'NONE', *, *, #2780, .F. ) ;
#7320 = CARTESIAN_POINT ( 'NONE',  ( 2.750000000000000000, -0.5000000000000000000, -0.9499999999999999556 ) ) ;
#7321 = ORIENTED_EDGE ( 'NONE', *, *, #3619, .T. ) ;
#7322 = EDGE_CURVE ( 'NONE', #4669, #2783, #1453, .T. ) ;
#7323 = AXIS2_PLACEMENT_3D ( 'NONE', #440, #4234, #1018 ) ;
#7324 = VERTEX_POINT ( 'NONE', #6949 ) ;
#7325 = CARTESIAN_POINT ( 'NONE',  ( 2.569999999999999840, -0.3000000000000094813, -0.1524999999999999967 ) ) ;
#7326 = ADVANCED_FACE ( 'NONE', ( #1397 ), #6335, .T. ) ;
#7327 = CARTESIAN_POINT ( 'NONE',  ( 1.050000000000000044, -2.024999999999999911, -1.614433756729739988 ) ) ;
#7328 = AXIS2_PLACEMENT_3D ( 'NONE', #5923, #2926, #6909 ) ;
#7329 = FACE_OUTER_BOUND ( 'NONE', #6626, .T. ) ;
#7330 = LINE ( 'NONE', #2162, #7358 ) ;
#7331 = ORIENTED_EDGE ( 'NONE', *, *, #2786, .F. ) ;
#7332 = FACE_OUTER_BOUND ( 'NONE', #4387, .T. ) ;
#7333 = ORIENTED_EDGE ( 'NONE', *, *, #3474, .F. ) ;
#7334 = AXIS2_PLACEMENT_3D ( 'NONE', #387, #2053, #3717 ) ;
#7335 = CARTESIAN_POINT ( 'NONE',  ( 2.250000000000000000, -2.000000000000000000, -1.571081491559290111 ) ) ;
#7336 = CARTESIAN_POINT ( 'NONE',  ( 2.600000000000000089, -2.010000000000000231, 1.800000000000000044 ) ) ;
#7337 = VERTEX_POINT ( 'NONE', #6273 ) ;
#7338 = VERTEX_POINT ( 'NONE', #6855 ) ;
#7339 = EDGE_CURVE ( 'NONE', #3927, #5710, #1527, .T. ) ;
#7340 = SURFACE_STYLE_USAGE ( .BOTH. , #6749 ) ;
#7341 = AXIS2_PLACEMENT_3D ( 'NONE', #5447, #6567, #366 ) ;
#7342 = LINE ( 'NONE', #2560, #4868 ) ;
#7343 = DIRECTION ( 'NONE',  ( 0.000000000000000000, 1.000000000000000000, 0.000000000000000000 ) ) ;
#7344 = CARTESIAN_POINT ( 'NONE',  ( -2.250000000000000000, -2.000000000000000000, -1.600000000000000089 ) ) ;
#7345 = VECTOR ( 'NONE', #2745, 1000.000000000000000 ) ;
#7346 = VERTEX_POINT ( 'NONE', #5771 ) ;
#7347 = CARTESIAN_POINT ( 'NONE',  ( -2.750000000000000000, -0.2000000000000000111, 1.800000000000000044 ) ) ;
#7348 = CARTESIAN_POINT ( 'NONE',  ( -2.600000000000000089, -2.010000000000000231, 0.5500000000000000444 ) ) ;
#7349 = VERTEX_POINT ( 'NONE', #175 ) ;
#7350 = ORIENTED_EDGE ( 'NONE', *, *, #1340, .T. ) ;
#7351 = VERTEX_POINT ( 'NONE', #2969 ) ;
#7352 = CARTESIAN_POINT ( 'NONE',  ( -2.350000000000000089, -3.861077027627485059, -0.3600000000000000422 ) ) ;
#7353 = DIRECTION ( 'NONE',  ( 0.000000000000000000, -1.000000000000000000, 0.000000000000000000 ) ) ;
#7354 = DIRECTION ( 'NONE',  ( 0.000000000000000000, -1.000000000000000000, 0.000000000000000000 ) ) ;
#7355 = CIRCLE ( 'NONE', #1907, 0.04999999999999991257 ) ;
#7356 = CONICAL_SURFACE ( 'NONE', #4650, 0.3499999999999998113, 0.7853981633974490562 ) ;
#7357 = CARTESIAN_POINT ( 'NONE',  ( -2.569999999999999840, -1.080000000000000071, 0.2500000000000000000 ) ) ;
#7358 = VECTOR ( 'NONE', #3255, 1000.000000000000000 ) ;
#7359 = ORIENTED_EDGE ( 'NONE', *, *, #7034, .F. ) ;
#7360 = CARTESIAN_POINT ( 'NONE',  ( 2.250000000000000000, -2.000000000000000000, -1.571132486540520068 ) ) ;
#7361 = FACE_OUTER_BOUND ( 'NONE', #1109, .T. ) ;
#7362 = EDGE_CURVE ( 'NONE', #4135, #6795, #6432, .T. ) ;
#7363 = EDGE_LOOP ( 'NONE', ( #602, #1080, #315, #5138 ) ) ;
#7364 = ORIENTED_EDGE ( 'NONE', *, *, #4438, .F. ) ;
#7365 = NEXT_ASSEMBLY_USAGE_OCCURRENCE ( 'NAUO1', ' ', ' ', #479, #6582, $ ) ;
ENDSEC;
END-ISO-10303-21;
