ISO-10303-21;
HEADER;
/* Generated by software containing ST-Developer
 * from STEP Tools, Inc. (www.steptools.com) 
 */
/* OPTION: strings as raw bytes, not using required /X/ escapes */

FILE_DESCRIPTION(
/* description */ ('Unknown'),
/* implementation_level */ '2;1');

FILE_NAME(
/* name */ 'Header - SMD - Vertical - Dual Row - 2',
/* time_stamp */ '2019-03-08T12:28:01-05:00',
/* author */ ('John Loeffler'),
/* organization */ ('Unknown'),
/* preprocessor_version */ 'ST-DEVELOPER v16.7',
/* originating_system */ 'DEX',
/* authorisation */ $);

FILE_SCHEMA (('AUTOMOTIVE_DESIGN {1 0 10303 214 3 1 1}'));
ENDSEC;

DATA;
#10=PROPERTY_DEFINITION_REPRESENTATION(#14,#12);
#11=PROPERTY_DEFINITION_REPRESENTATION(#15,#13);
#12=REPRESENTATION('',(#16),#9592);
#13=REPRESENTATION('',(#17),#9592);
#14=PROPERTY_DEFINITION('pmi validation property','',#9597);
#15=PROPERTY_DEFINITION('pmi validation property','',#9597);
#16=VALUE_REPRESENTATION_ITEM('number of annotations',COUNT_MEASURE(0.));
#17=VALUE_REPRESENTATION_ITEM('number of views',COUNT_MEASURE(0.));
#18=SHAPE_REPRESENTATION_RELATIONSHIP('','',#5610,#19);
#19=ADVANCED_BREP_SHAPE_REPRESENTATION('',(#5608),#9592);
#20=ORIENTED_CLOSED_SHELL('',*,#5588,.F.);
#21=ORIENTED_CLOSED_SHELL('',*,#5589,.F.);
#22=ORIENTED_CLOSED_SHELL('',*,#5590,.F.);
#23=ORIENTED_CLOSED_SHELL('',*,#5591,.F.);
#24=ORIENTED_CLOSED_SHELL('',*,#5592,.F.);
#25=ORIENTED_CLOSED_SHELL('',*,#5593,.F.);
#26=ORIENTED_CLOSED_SHELL('',*,#5594,.F.);
#27=ORIENTED_CLOSED_SHELL('',*,#5595,.F.);
#28=ORIENTED_CLOSED_SHELL('',*,#5596,.F.);
#29=ORIENTED_CLOSED_SHELL('',*,#5597,.F.);
#30=ORIENTED_CLOSED_SHELL('',*,#5598,.F.);
#31=ORIENTED_CLOSED_SHELL('',*,#5599,.F.);
#32=ORIENTED_CLOSED_SHELL('',*,#5600,.F.);
#33=ORIENTED_CLOSED_SHELL('',*,#5601,.F.);
#34=ORIENTED_CLOSED_SHELL('',*,#5602,.F.);
#35=ORIENTED_CLOSED_SHELL('',*,#5603,.F.);
#36=ORIENTED_CLOSED_SHELL('',*,#5604,.F.);
#37=ORIENTED_CLOSED_SHELL('',*,#5605,.F.);
#38=ORIENTED_CLOSED_SHELL('',*,#5606,.F.);
#39=ORIENTED_CLOSED_SHELL('',*,#5607,.F.);
#40=CIRCLE('',#5643,1.3335);
#41=CIRCLE('',#5644,1.3335);
#42=CIRCLE('',#5646,1.0795);
#43=CIRCLE('',#5647,1.0795);
#44=CIRCLE('',#5672,1.0795);
#45=CIRCLE('',#5673,1.0795);
#46=CIRCLE('',#5675,1.3335);
#47=CIRCLE('',#5676,1.3335);
#48=CYLINDRICAL_SURFACE('',#5642,1.3335);
#49=CYLINDRICAL_SURFACE('',#5645,1.0795);
#50=CYLINDRICAL_SURFACE('',#5671,1.0795);
#51=CYLINDRICAL_SURFACE('',#5674,1.3335);
#52=B_SPLINE_SURFACE_WITH_KNOTS('',1,3,((#6700,#6701,#6702,#6703),(#6704,
#6705,#6706,#6707)),.PLANE_SURF.,.F.,.F.,.F.,(2,2),(4,4),(0.,1.),(0.0783333429325364,
0.921665057200274),.PIECEWISE_BEZIER_KNOTS.);
#53=B_SPLINE_SURFACE_WITH_KNOTS('',1,3,((#6718,#6719,#6720,#6721),(#6722,
#6723,#6724,#6725)),.PLANE_SURF.,.F.,.F.,.F.,(2,2),(4,4),(0.,1.),(0.0783333429325364,
0.921665057200274),.PIECEWISE_BEZIER_KNOTS.);
#54=B_SPLINE_SURFACE_WITH_KNOTS('',1,3,((#6812,#6813,#6814,#6815),(#6816,
#6817,#6818,#6819)),.PLANE_SURF.,.F.,.F.,.F.,(2,2),(4,4),(0.,1.),(0.0783276508345752,
0.921665091149196),.PIECEWISE_BEZIER_KNOTS.);
#55=B_SPLINE_SURFACE_WITH_KNOTS('',1,3,((#6824,#6825,#6826,#6827),(#6828,
#6829,#6830,#6831)),.PLANE_SURF.,.F.,.F.,.F.,(2,2),(4,4),(0.,1.),(0.078333000105831,
0.921666668654135),.PIECEWISE_BEZIER_KNOTS.);
#56=B_SPLINE_SURFACE_WITH_KNOTS('',1,3,((#6879,#6880,#6881,#6882),(#6883,
#6884,#6885,#6886)),.PLANE_SURF.,.F.,.F.,.F.,(2,2),(4,4),(0.,1.),(0.0783333429325445,
0.92166505720027),.PIECEWISE_BEZIER_KNOTS.);
#57=B_SPLINE_SURFACE_WITH_KNOTS('',1,3,((#6897,#6898,#6899,#6900),(#6901,
#6902,#6903,#6904)),.PLANE_SURF.,.F.,.F.,.F.,(2,2),(4,4),(0.,1.),(0.0783333429325444,
0.92166505720027),.PIECEWISE_BEZIER_KNOTS.);
#58=B_SPLINE_SURFACE_WITH_KNOTS('',3,1,((#6954,#6955),(#6956,#6957),(#6958,
#6959),(#6960,#6961)),.SURF_OF_LINEAR_EXTRUSION.,.F.,.F.,.F.,(4,4),(2,2),
(0.,0.240020329820338),(0.,1.),.PIECEWISE_BEZIER_KNOTS.);
#59=B_SPLINE_SURFACE_WITH_KNOTS('',3,1,((#6995,#6996),(#6997,#6998),(#6999,
#7000),(#7001,#7002),(#7003,#7004),(#7005,#7006)),
 .SURF_OF_LINEAR_EXTRUSION.,.F.,.F.,.F.,(4,1,1,4),(2,2),(0.284813620900394,
0.390526424965731,0.496239229031067,0.70766483716174),(0.,1.),
 .UNSPECIFIED.);
#60=B_SPLINE_SURFACE_WITH_KNOTS('',3,1,((#7039,#7040),(#7041,#7042),(#7043,
#7044),(#7045,#7046),(#7047,#7048),(#7049,#7050),(#7051,#7052)),
 .SURF_OF_LINEAR_EXTRUSION.,.T.,.F.,.F.,(1,1,1,1,1,1,1,1,1,1,1),(2,2),(-0.8870480899848,
-0.62941565745942,-0.31470782872971,0.,0.1129519100152,0.37058434254058,
0.68529217127029,1.,1.1129519100152,1.37058434254058,1.68529217127029),
(0.,1.),.UNSPECIFIED.);
#61=B_SPLINE_SURFACE_WITH_KNOTS('',3,1,((#7095,#7096),(#7097,#7098),(#7099,
#7100),(#7101,#7102),(#7103,#7104),(#7105,#7106),(#7107,#7108),(#7109,#7110),
(#7111,#7112)),.SURF_OF_LINEAR_EXTRUSION.,.T.,.F.,.F.,(1,1,1,1,1,1,1,1,
1,1,1,1,1),(2,2),(-0.504374273742791,-0.384528230062714,-0.136543848619085,
0.,0.114455773464521,0.363507634502367,0.495625726257209,0.615471769937286,
0.863456151380915,1.,1.11445577346452,1.36350763450237,1.49562572625721),
(0.,1.),.UNSPECIFIED.);
#62=B_SPLINE_SURFACE_WITH_KNOTS('',3,1,((#7163,#7164),(#7165,#7166),(#7167,
#7168),(#7169,#7170),(#7171,#7172)),.SURF_OF_LINEAR_EXTRUSION.,.F.,.F.,
 .F.,(4,1,4),(2,2),(0.742669953184162,0.871334976592081,1.),(0.,1.),
 .UNSPECIFIED.);
#63=B_SPLINE_SURFACE_WITH_KNOTS('',3,1,((#7211,#7212),(#7213,#7214),(#7215,
#7216),(#7217,#7218),(#7219,#7220),(#7221,#7222),(#7223,#7224)),
 .SURF_OF_LINEAR_EXTRUSION.,.F.,.F.,.F.,(4,1,1,1,4),(2,2),(0.0253923780495117,
0.107449895197099,0.189507412344686,0.271564929492273,0.35362244663986),
(0.,1.),.UNSPECIFIED.);
#64=B_SPLINE_SURFACE_WITH_KNOTS('',3,1,((#7319,#7320),(#7321,#7322),(#7323,
#7324),(#7325,#7326),(#7327,#7328)),.SURF_OF_LINEAR_EXTRUSION.,.F.,.F.,
 .F.,(4,1,4),(2,2),(0.696863318772769,0.848431659386385,1.),(0.,1.),
 .UNSPECIFIED.);
#65=B_SPLINE_SURFACE_WITH_KNOTS('',3,1,((#7373,#7374),(#7375,#7376),(#7377,
#7378),(#7379,#7380),(#7381,#7382),(#7383,#7384),(#7385,#7386)),
 .SURF_OF_LINEAR_EXTRUSION.,.F.,.F.,.F.,(4,1,1,1,4),(2,2),(0.0299775140223571,
0.126885260678727,0.223793007335097,0.320700753991467,0.417608500647837),
(0.,1.),.UNSPECIFIED.);
#66=B_SPLINE_SURFACE_WITH_KNOTS('',3,1,((#7508,#7509),(#7510,#7511),(#7512,
#7513),(#7514,#7515)),.SURF_OF_LINEAR_EXTRUSION.,.F.,.F.,.F.,(4,4),(2,2),
(0.0145176313689074,0.122713296255854),(0.,1.),.PIECEWISE_BEZIER_KNOTS.);
#67=B_SPLINE_SURFACE_WITH_KNOTS('',3,1,((#7545,#7546),(#7547,#7548),(#7549,
#7550),(#7551,#7552),(#7553,#7554)),.SURF_OF_LINEAR_EXTRUSION.,.F.,.F.,
 .F.,(4,1,4),(2,2),(0.123052889972086,0.181921461845955,0.240790033719825),
(0.,1.),.UNSPECIFIED.);
#68=B_SPLINE_SURFACE_WITH_KNOTS('',3,1,((#7584,#7585),(#7586,#7587),(#7588,
#7589),(#7590,#7591),(#7592,#7593)),.SURF_OF_LINEAR_EXTRUSION.,.F.,.F.,
 .F.,(4,1,4),(2,2),(0.247921501760691,0.306789587539135,0.365657673317579),
(0.,1.),.UNSPECIFIED.);
#69=B_SPLINE_SURFACE_WITH_KNOTS('',3,1,((#7623,#7624),(#7625,#7626),(#7627,
#7628),(#7629,#7630),(#7631,#7632)),.SURF_OF_LINEAR_EXTRUSION.,.F.,.F.,
 .F.,(4,1,4),(2,2),(0.365997267033811,0.42008633135132,0.47417539566883),
(0.,1.),.UNSPECIFIED.);
#70=B_SPLINE_SURFACE_WITH_KNOTS('',3,1,((#7686,#7687),(#7688,#7689),(#7690,
#7691),(#7692,#7693),(#7694,#7695)),.SURF_OF_LINEAR_EXTRUSION.,.F.,.F.,
 .F.,(4,1,4),(2,2),(0.633444848581523,0.689043677973139,0.744642507364755),
(0.,1.),.UNSPECIFIED.);
#71=B_SPLINE_SURFACE_WITH_KNOTS('',3,1,((#7725,#7726),(#7727,#7728),(#7729,
#7730),(#7731,#7732),(#7733,#7734)),.SURF_OF_LINEAR_EXTRUSION.,.F.,.F.,
 .F.,(4,1,4),(2,2),(0.745151897939103,0.80096412405918,0.856776350179258),
(0.,1.),.UNSPECIFIED.);
#72=B_SPLINE_SURFACE_WITH_KNOTS('',3,1,((#7763,#7764),(#7765,#7766),(#7767,
#7768),(#7769,#7770),(#7771,#7772),(#7773,#7774),(#7775,#7776)),
 .SURF_OF_LINEAR_EXTRUSION.,.T.,.F.,.F.,(1,1,1,1,1,1,1,1,1,1,1),(2,2),(-0.88404572246464,
-0.402290934510591,-0.140861130079973,0.,0.11595427753536,0.597709065489409,
0.859138869920027,1.,1.11595427753536,1.59770906548941,1.85913886992003),
(0.,1.),.UNSPECIFIED.);
#73=B_SPLINE_SURFACE_WITH_KNOTS('',3,1,((#7872,#7873),(#7874,#7875),(#7876,
#7877),(#7878,#7879),(#7880,#7881),(#7882,#7883)),
 .SURF_OF_LINEAR_EXTRUSION.,.F.,.F.,.F.,(4,1,1,4),(2,2),(0.,0.129375629224311,
0.258751258448621,0.517502516897243),(0.,1.),.UNSPECIFIED.);
#74=B_SPLINE_SURFACE_WITH_KNOTS('',3,1,((#7929,#7930),(#7931,#7932),(#7933,
#7934),(#7935,#7936),(#7937,#7938)),.SURF_OF_LINEAR_EXTRUSION.,.F.,.F.,
 .F.,(4,1,4),(2,2),(0.556439165524976,0.760010973551283,0.963582781577591),
(0.,1.),.UNSPECIFIED.);
#75=B_SPLINE_SURFACE_WITH_KNOTS('',3,1,((#7973,#7974),(#7975,#7976),(#7977,
#7978),(#7979,#7980),(#7981,#7982)),.SURF_OF_LINEAR_EXTRUSION.,.F.,.F.,
 .F.,(4,1,4),(2,2),(0.742601187879594,0.871300593939797,1.),(0.,1.),
 .UNSPECIFIED.);
#76=B_SPLINE_SURFACE_WITH_KNOTS('',3,1,((#8019,#8020),(#8021,#8022),(#8023,
#8024),(#8025,#8026),(#8027,#8028),(#8029,#8030),(#8031,#8032)),
 .SURF_OF_LINEAR_EXTRUSION.,.F.,.F.,.F.,(4,1,1,1,4),(2,2),(0.0253899320260418,
0.107478021133767,0.189566110241492,0.271654199349218,0.353742288456943),
(0.,1.),.UNSPECIFIED.);
#77=B_SPLINE_SURFACE_WITH_KNOTS('',3,1,((#8125,#8126),(#8127,#8128),(#8129,
#8130),(#8131,#8132),(#8133,#8134)),.SURF_OF_LINEAR_EXTRUSION.,.F.,.F.,
 .F.,(4,1,4),(2,2),(0.644227395615432,0.822113697807716,1.),(0.,1.),
 .UNSPECIFIED.);
#78=B_SPLINE_SURFACE_WITH_KNOTS('',3,1,((#8195,#8196),(#8197,#8198),(#8199,
#8200),(#8201,#8202),(#8203,#8204),(#8205,#8206)),
 .SURF_OF_LINEAR_EXTRUSION.,.F.,.F.,.F.,(4,1,1,4),(2,2),(0.071031276303678,
0.257775980214181,0.351148332169433,0.444520684124684),(0.,1.),
 .UNSPECIFIED.);
#79=B_SPLINE_SURFACE_WITH_KNOTS('',3,1,((#8238,#8239),(#8240,#8241),(#8242,
#8243),(#8244,#8245)),.SURF_OF_LINEAR_EXTRUSION.,.F.,.F.,.F.,(4,4),(2,2),
(0.444520684124684,0.607757606342487),(0.,1.),.PIECEWISE_BEZIER_KNOTS.);
#80=B_SPLINE_SURFACE_WITH_KNOTS('',3,1,((#8261,#8262),(#8263,#8264),(#8265,
#8266),(#8267,#8268)),.SURF_OF_LINEAR_EXTRUSION.,.F.,.F.,.F.,(4,4),(2,2),
(0.504456075254291,1.),(0.,1.),.PIECEWISE_BEZIER_KNOTS.);
#81=B_SPLINE_SURFACE_WITH_KNOTS('',3,1,((#8299,#8300),(#8301,#8302),(#8303,
#8304),(#8305,#8306),(#8307,#8308)),.SURF_OF_LINEAR_EXTRUSION.,.F.,.F.,
 .F.,(4,1,4),(2,2),(0.,0.252228037627145,0.504456075254291),(0.,1.),
 .UNSPECIFIED.);
#82=B_SPLINE_SURFACE_WITH_KNOTS('',3,1,((#8344,#8345),(#8346,#8347),(#8348,
#8349),(#8350,#8351),(#8352,#8353),(#8354,#8355),(#8356,#8357)),
 .SURF_OF_LINEAR_EXTRUSION.,.F.,.F.,.F.,(4,1,1,1,4),(2,2),(0.389171751532258,
0.541878813649194,0.694585875766129,0.847292937883065,1.),(0.,1.),
 .UNSPECIFIED.);
#83=B_SPLINE_SURFACE_WITH_KNOTS('',3,1,((#8420,#8421),(#8422,#8423),(#8424,
#8425),(#8426,#8427)),.SURF_OF_LINEAR_EXTRUSION.,.F.,.F.,.F.,(4,4),(2,2),
(0.158160510060657,0.355583901277441),(0.,1.),.PIECEWISE_BEZIER_KNOTS.);
#84=B_SPLINE_SURFACE_WITH_KNOTS('',3,1,((#8449,#8450),(#8451,#8452),(#8453,
#8454),(#8455,#8456)),.SURF_OF_LINEAR_EXTRUSION.,.F.,.F.,.F.,(4,4),(2,2),
(0.,0.622243775265533),(0.,1.),.PIECEWISE_BEZIER_KNOTS.);
#85=B_SPLINE_SURFACE_WITH_KNOTS('',3,1,((#8591,#8592),(#8593,#8594),(#8595,
#8596),(#8597,#8598),(#8599,#8600),(#8601,#8602),(#8603,#8604)),
 .SURF_OF_LINEAR_EXTRUSION.,.T.,.F.,.F.,(1,1,1,1,1,1,1,1,1,1,1),(2,2),(-0.634990739057128,
-0.504651069545007,-0.136029696378504,0.,0.365009260942872,0.495348930454993,
0.863970303621496,1.,1.36500926094287,1.49534893045499,1.8639703036215),
(0.,1.),.UNSPECIFIED.);
#86=B_SPLINE_SURFACE_WITH_KNOTS('',3,1,((#8649,#8650),(#8651,#8652),(#8653,
#8654),(#8655,#8656),(#8657,#8658),(#8659,#8660),(#8661,#8662),(#8663,#8664)),
 .SURF_OF_LINEAR_EXTRUSION.,.T.,.F.,.F.,(1,1,1,1,1,1,1,1,1,1,1,1),(2,2),
(-0.636319172377307,-0.39139859681688,-0.19569929840844,0.,0.114548254735065,
0.363680827622693,0.60860140318312,0.80430070159156,1.,1.11454825473507,
1.36368082762269,1.60860140318312),(0.,1.),.UNSPECIFIED.);
#87=B_SPLINE_SURFACE_WITH_KNOTS('',3,1,((#8711,#8712),(#8713,#8714),(#8715,
#8716),(#8717,#8718),(#8719,#8720),(#8721,#8722),(#8723,#8724)),
 .SURF_OF_LINEAR_EXTRUSION.,.F.,.F.,.F.,(4,1,1,1,4),(2,2),(0.389029922729612,
0.541772442047209,0.694514961364806,0.847257480682403,1.),(0.,1.),
 .UNSPECIFIED.);
#88=B_SPLINE_SURFACE_WITH_KNOTS('',3,1,((#8787,#8788),(#8789,#8790),(#8791,
#8792),(#8793,#8794)),.SURF_OF_LINEAR_EXTRUSION.,.F.,.F.,.F.,(4,4),(2,2),
(0.158165595213121,0.355440992563384),(0.,1.),.PIECEWISE_BEZIER_KNOTS.);
#89=B_SPLINE_SURFACE_WITH_KNOTS('',3,1,((#8818,#8819),(#8820,#8821),(#8822,
#8823),(#8824,#8825)),.SURF_OF_LINEAR_EXTRUSION.,.F.,.F.,.F.,(4,4),(2,2),
(0.,0.622370146368497),(0.,1.),.PIECEWISE_BEZIER_KNOTS.);
#90=B_SPLINE_SURFACE_WITH_KNOTS('',3,1,((#8891,#8892),(#8893,#8894),(#8895,
#8896),(#8897,#8898)),.SURF_OF_LINEAR_EXTRUSION.,.F.,.F.,.F.,(4,4),(2,2),
(0.,0.127996028472505),(0.,1.),.PIECEWISE_BEZIER_KNOTS.);
#91=B_SPLINE_SURFACE_WITH_KNOTS('',3,1,((#9028,#9029),(#9030,#9031),(#9032,
#9033),(#9034,#9035),(#9036,#9037)),.SURF_OF_LINEAR_EXTRUSION.,.F.,.F.,
 .F.,(4,1,4),(2,2),(0.789490718463403,0.878833844879772,0.96817697129614),
(0.,1.),.UNSPECIFIED.);
#92=B_SPLINE_SURFACE_WITH_KNOTS('',3,1,((#9079,#9080),(#9081,#9082),(#9083,
#9084),(#9085,#9086)),.SURF_OF_LINEAR_EXTRUSION.,.F.,.F.,.F.,(4,4),(2,2),
(0.,0.127972359562919),(0.,1.),.PIECEWISE_BEZIER_KNOTS.);
#93=B_SPLINE_SURFACE_WITH_KNOTS('',3,1,((#9216,#9217),(#9218,#9219),(#9220,
#9221),(#9222,#9223),(#9224,#9225)),.SURF_OF_LINEAR_EXTRUSION.,.F.,.F.,
 .F.,(4,1,4),(2,2),(0.789485004584437,0.878830556052124,0.968176107519812),
(0.,1.),.UNSPECIFIED.);
#94=B_SPLINE_SURFACE_WITH_KNOTS('',3,1,((#9286,#9287),(#9288,#9289),(#9290,
#9291),(#9292,#9293),(#9294,#9295),(#9296,#9297),(#9298,#9299)),
 .SURF_OF_LINEAR_EXTRUSION.,.F.,.F.,.F.,(4,1,1,1,4),(2,2),(0.389186965590019,
0.541890224192514,0.69459348279501,0.847296741397505,1.),(0.,1.),
 .UNSPECIFIED.);
#95=B_SPLINE_SURFACE_WITH_KNOTS('',3,1,((#9360,#9361),(#9362,#9363),(#9364,
#9365),(#9366,#9367)),.SURF_OF_LINEAR_EXTRUSION.,.F.,.F.,.F.,(4,4),(2,2),
(0.158355508059869,0.35560284441759),(0.,1.),.PIECEWISE_BEZIER_KNOTS.);
#96=B_SPLINE_SURFACE_WITH_KNOTS('',3,1,((#9391,#9392),(#9393,#9394),(#9395,
#9396),(#9397,#9398)),.SURF_OF_LINEAR_EXTRUSION.,.F.,.F.,.F.,(4,4),(2,2),
(0.,0.622299766781076),(0.,1.),.PIECEWISE_BEZIER_KNOTS.);
#97=B_SPLINE_SURFACE_WITH_KNOTS('',3,1,((#9464,#9465),(#9466,#9467),(#9468,
#9469),(#9470,#9471),(#9472,#9473)),.SURF_OF_LINEAR_EXTRUSION.,.F.,.F.,
 .F.,(4,1,4),(2,2),(0.,0.170003803119517,0.340007606239034),(0.,1.),
 .UNSPECIFIED.);
#98=B_SPLINE_SURFACE_WITH_KNOTS('',3,1,((#9561,#9562),(#9563,#9564),(#9565,
#9566),(#9567,#9568)),.SURF_OF_LINEAR_EXTRUSION.,.F.,.F.,.F.,(4,4),(2,2),
(0.807002082812112,0.949271239354259),(0.,1.),.PIECEWISE_BEZIER_KNOTS.);
#99=B_SPLINE_CURVE_WITH_KNOTS('',3,(#6662,#6663,#6664,#6665),
 .UNSPECIFIED.,.F.,.F.,(4,4),(0.,1.),.UNSPECIFIED.);
#100=B_SPLINE_CURVE_WITH_KNOTS('',3,(#6670,#6671,#6672,#6673),
 .UNSPECIFIED.,.F.,.F.,(4,4),(0.,1.),.UNSPECIFIED.);
#101=B_SPLINE_CURVE_WITH_KNOTS('',3,(#6680,#6681,#6682,#6683),
 .UNSPECIFIED.,.F.,.F.,(4,4),(0.,1.),.UNSPECIFIED.);
#102=B_SPLINE_CURVE_WITH_KNOTS('',3,(#6684,#6685,#6686,#6687),
 .UNSPECIFIED.,.F.,.F.,(4,4),(0.,1.),.UNSPECIFIED.);
#103=B_SPLINE_CURVE_WITH_KNOTS('',3,(#6689,#6690,#6691,#6692),
 .UNSPECIFIED.,.F.,.F.,(4,4),(0.,1.),.UNSPECIFIED.);
#104=B_SPLINE_CURVE_WITH_KNOTS('',3,(#6696,#6697,#6698,#6699),
 .UNSPECIFIED.,.F.,.F.,(4,4),(0.,1.),.UNSPECIFIED.);
#105=B_SPLINE_CURVE_WITH_KNOTS('',3,(#6708,#6709,#6710,#6711),
 .UNSPECIFIED.,.F.,.F.,(4,4),(0.,1.),.UNSPECIFIED.);
#106=B_SPLINE_CURVE_WITH_KNOTS('',3,(#6726,#6727,#6728,#6729),
 .UNSPECIFIED.,.F.,.F.,(4,4),(0.,1.),.UNSPECIFIED.);
#107=B_SPLINE_CURVE_WITH_KNOTS('',3,(#6773,#6774,#6775,#6776),
 .UNSPECIFIED.,.F.,.F.,(4,4),(0.,1.),.UNSPECIFIED.);
#108=B_SPLINE_CURVE_WITH_KNOTS('',3,(#6781,#6782,#6783,#6784),
 .UNSPECIFIED.,.F.,.F.,(4,4),(0.,1.),.UNSPECIFIED.);
#109=B_SPLINE_CURVE_WITH_KNOTS('',3,(#6794,#6795,#6796,#6797),
 .UNSPECIFIED.,.F.,.F.,(4,4),(0.,1.),.UNSPECIFIED.);
#110=B_SPLINE_CURVE_WITH_KNOTS('',3,(#6799,#6800,#6801,#6802),
 .UNSPECIFIED.,.F.,.F.,(4,4),(0.,1.),.UNSPECIFIED.);
#111=B_SPLINE_CURVE_WITH_KNOTS('',3,(#6804,#6805,#6806,#6807),
 .UNSPECIFIED.,.F.,.F.,(4,4),(0.,1.),.UNSPECIFIED.);
#112=B_SPLINE_CURVE_WITH_KNOTS('',3,(#6808,#6809,#6810,#6811),
 .UNSPECIFIED.,.F.,.F.,(4,4),(0.,1.),.UNSPECIFIED.);
#113=B_SPLINE_CURVE_WITH_KNOTS('',3,(#6820,#6821,#6822,#6823),
 .UNSPECIFIED.,.F.,.F.,(4,4),(0.,1.),.UNSPECIFIED.);
#114=B_SPLINE_CURVE_WITH_KNOTS('',3,(#6832,#6833,#6834,#6835),
 .UNSPECIFIED.,.F.,.F.,(4,4),(0.,1.),.UNSPECIFIED.);
#115=B_SPLINE_CURVE_WITH_KNOTS('',3,(#6841,#6842,#6843,#6844),
 .UNSPECIFIED.,.F.,.F.,(4,4),(0.,1.),.UNSPECIFIED.);
#116=B_SPLINE_CURVE_WITH_KNOTS('',3,(#6849,#6850,#6851,#6852),
 .UNSPECIFIED.,.F.,.F.,(4,4),(0.,1.),.UNSPECIFIED.);
#117=B_SPLINE_CURVE_WITH_KNOTS('',3,(#6859,#6860,#6861,#6862),
 .UNSPECIFIED.,.F.,.F.,(4,4),(0.,1.),.UNSPECIFIED.);
#118=B_SPLINE_CURVE_WITH_KNOTS('',3,(#6863,#6864,#6865,#6866),
 .UNSPECIFIED.,.F.,.F.,(4,4),(0.,1.),.UNSPECIFIED.);
#119=B_SPLINE_CURVE_WITH_KNOTS('',3,(#6868,#6869,#6870,#6871),
 .UNSPECIFIED.,.F.,.F.,(4,4),(0.,1.),.UNSPECIFIED.);
#120=B_SPLINE_CURVE_WITH_KNOTS('',3,(#6875,#6876,#6877,#6878),
 .UNSPECIFIED.,.F.,.F.,(4,4),(0.,1.),.UNSPECIFIED.);
#121=B_SPLINE_CURVE_WITH_KNOTS('',3,(#6887,#6888,#6889,#6890),
 .UNSPECIFIED.,.F.,.F.,(4,4),(0.,1.),.UNSPECIFIED.);
#122=B_SPLINE_CURVE_WITH_KNOTS('',3,(#6905,#6906,#6907,#6908),
 .UNSPECIFIED.,.F.,.F.,(4,4),(0.,1.),.UNSPECIFIED.);
#123=B_SPLINE_CURVE_WITH_KNOTS('',3,(#6940,#6941,#6942,#6943),
 .UNSPECIFIED.,.F.,.F.,(4,4),(0.752458128241796,1.),.UNSPECIFIED.);
#124=B_SPLINE_CURVE_WITH_KNOTS('',3,(#6948,#6949,#6950,#6951),
 .UNSPECIFIED.,.F.,.F.,(4,4),(0.752458128241796,1.),.UNSPECIFIED.);
#125=B_SPLINE_CURVE_WITH_KNOTS('',3,(#6962,#6963,#6964,#6965,#6966,#6967,
#6968,#6969,#6970),.UNSPECIFIED.,.F.,.F.,(4,3,2,4),(0.,0.11247514543928,
0.19985416678321,0.240020329820338),.UNSPECIFIED.);
#126=B_SPLINE_CURVE_WITH_KNOTS('',3,(#6972,#6973,#6974,#6975,#6976,#6977,
#6978,#6979,#6980),.UNSPECIFIED.,.F.,.F.,(4,3,2,4),(0.,0.11247514543928,
0.19985416678321,0.240020329820338),.UNSPECIFIED.);
#127=B_SPLINE_CURVE_WITH_KNOTS('',3,(#6984,#6985,#6986,#6987),
 .UNSPECIFIED.,.F.,.F.,(4,4),(0.240020329820338,0.284813620900394),
 .UNSPECIFIED.);
#128=B_SPLINE_CURVE_WITH_KNOTS('',3,(#6989,#6990,#6991,#6992),
 .UNSPECIFIED.,.F.,.F.,(4,4),(0.240020329820338,0.284813620900394),
 .UNSPECIFIED.);
#129=B_SPLINE_CURVE_WITH_KNOTS('',3,(#7007,#7008,#7009,#7010,#7011,#7012,
#7013,#7014,#7015),.UNSPECIFIED.,.F.,.F.,(4,2,3,4),(0.284813620900394,0.332256372933501,
0.459861016332893,0.70766483716174),.UNSPECIFIED.);
#130=B_SPLINE_CURVE_WITH_KNOTS('',3,(#7017,#7018,#7019,#7020,#7021,#7022,
#7023,#7024,#7025),.UNSPECIFIED.,.F.,.F.,(4,2,3,4),(0.284813620900394,0.332256372933501,
0.459861016332893,0.70766483716174),.UNSPECIFIED.);
#131=B_SPLINE_CURVE_WITH_KNOTS('',3,(#7029,#7030,#7031,#7032),
 .UNSPECIFIED.,.F.,.F.,(4,4),(0.70766483716174,0.752458128241796),
 .UNSPECIFIED.);
#132=B_SPLINE_CURVE_WITH_KNOTS('',3,(#7033,#7034,#7035,#7036),
 .UNSPECIFIED.,.F.,.F.,(4,4),(0.70766483716174,0.752458128241796),
 .UNSPECIFIED.);
#133=B_SPLINE_CURVE_WITH_KNOTS('',3,(#7053,#7054,#7055,#7056,#7057,#7058,
#7059,#7060,#7061,#7062,#7063,#7064,#7065,#7066,#7067,#7068,#7069,#7070,
#7071,#7072),.UNSPECIFIED.,.T.,.F.,(4,3,2,3,2,2,2,2,4),(0.,0.118896747384421,
0.253592589543963,0.384143944252442,0.504244314793971,0.627711985444141,
0.751179656094311,0.875589828047155,1.),.UNSPECIFIED.);
#134=B_SPLINE_CURVE_WITH_KNOTS('',3,(#7074,#7075,#7076,#7077,#7078,#7079,
#7080,#7081,#7082,#7083,#7084,#7085,#7086,#7087,#7088,#7089,#7090,#7091,
#7092,#7093),.UNSPECIFIED.,.T.,.F.,(4,3,2,3,2,2,2,2,4),(0.,0.118896747384421,
0.253592589543963,0.384143944252442,0.504244314793971,0.627711985444141,
0.751179656094311,0.875589828047155,1.),.UNSPECIFIED.);
#135=B_SPLINE_CURVE_WITH_KNOTS('',3,(#7113,#7114,#7115,#7116,#7117,#7118,
#7119,#7120,#7121,#7122,#7123,#7124,#7125,#7126,#7127,#7128,#7129,#7130,
#7131,#7132,#7133,#7134,#7135),.UNSPECIFIED.,.T.,.F.,(4,3,2,3,3,3,2,3,4),
(0.,0.120479761541601,0.242880971673782,0.37661562718857,0.502579310033779,
0.621779456446763,0.750270825965148,0.87650796093058,1.),.UNSPECIFIED.);
#136=B_SPLINE_CURVE_WITH_KNOTS('',3,(#7137,#7138,#7139,#7140,#7141,#7142,
#7143,#7144,#7145,#7146,#7147,#7148,#7149,#7150,#7151,#7152,#7153,#7154,
#7155,#7156,#7157,#7158,#7159),.UNSPECIFIED.,.T.,.F.,(4,3,2,3,3,3,2,3,4),
(0.,0.120479761541601,0.242880971673782,0.37661562718857,0.502579310033779,
0.621779456446763,0.750270825965148,0.87650796093058,1.),.UNSPECIFIED.);
#137=B_SPLINE_CURVE_WITH_KNOTS('',3,(#7173,#7174,#7175,#7176,#7177,#7178,
#7179,#7180,#7181,#7182),.UNSPECIFIED.,.F.,.F.,(4,3,3,4),(0.742669953184162,
0.805623165140661,0.901993031915266,1.),.UNSPECIFIED.);
#138=B_SPLINE_CURVE_WITH_KNOTS('',3,(#7187,#7188,#7189,#7190,#7191,#7192,
#7193,#7194,#7195,#7196),.UNSPECIFIED.,.F.,.F.,(4,3,3,4),(0.742669953184162,
0.805623165140661,0.901993031915266,1.),.UNSPECIFIED.);
#139=B_SPLINE_CURVE_WITH_KNOTS('',3,(#7200,#7201,#7202,#7203),
 .UNSPECIFIED.,.F.,.F.,(4,4),(0.,0.0253923780495117),.UNSPECIFIED.);
#140=B_SPLINE_CURVE_WITH_KNOTS('',3,(#7205,#7206,#7207,#7208),
 .UNSPECIFIED.,.F.,.F.,(4,4),(0.,0.0253923780495117),.UNSPECIFIED.);
#141=B_SPLINE_CURVE_WITH_KNOTS('',3,(#7225,#7226,#7227,#7228,#7229,#7230,
#7231,#7232,#7233,#7234,#7235,#7236,#7237,#7238,#7239,#7240),
 .UNSPECIFIED.,.F.,.F.,(4,3,3,3,3,4),(0.0253923780495117,0.117137458264116,
0.18779543243867,0.223447659203301,0.263401080430184,0.35362244663986),
 .UNSPECIFIED.);
#142=B_SPLINE_CURVE_WITH_KNOTS('',3,(#7242,#7243,#7244,#7245,#7246,#7247,
#7248,#7249,#7250,#7251,#7252,#7253,#7254,#7255,#7256,#7257),
 .UNSPECIFIED.,.F.,.F.,(4,3,3,3,3,4),(0.0253923780495117,0.117137458264116,
0.18779543243867,0.223447659203301,0.263401080430184,0.35362244663986),
 .UNSPECIFIED.);
#143=B_SPLINE_CURVE_WITH_KNOTS('',3,(#7261,#7262,#7263,#7264),
 .UNSPECIFIED.,.F.,.F.,(4,4),(0.35362244663986,0.379014824689371),
 .UNSPECIFIED.);
#144=B_SPLINE_CURVE_WITH_KNOTS('',3,(#7266,#7267,#7268,#7269),
 .UNSPECIFIED.,.F.,.F.,(4,4),(0.35362244663986,0.379014824689371),
 .UNSPECIFIED.);
#145=B_SPLINE_CURVE_WITH_KNOTS('',3,(#7273,#7274,#7275,#7276),
 .UNSPECIFIED.,.F.,.F.,(4,4),(0.379014824689371,0.614196611862228),
 .UNSPECIFIED.);
#146=B_SPLINE_CURVE_WITH_KNOTS('',3,(#7278,#7279,#7280,#7281),
 .UNSPECIFIED.,.F.,.F.,(4,4),(0.379014824689371,0.614196611862228),
 .UNSPECIFIED.);
#147=B_SPLINE_CURVE_WITH_KNOTS('',3,(#7285,#7286,#7287,#7288),
 .UNSPECIFIED.,.F.,.F.,(4,4),(0.614196611862228,0.63958898991174),
 .UNSPECIFIED.);
#148=B_SPLINE_CURVE_WITH_KNOTS('',3,(#7290,#7291,#7292,#7293),
 .UNSPECIFIED.,.F.,.F.,(4,4),(0.614196611862228,0.63958898991174),
 .UNSPECIFIED.);
#149=B_SPLINE_CURVE_WITH_KNOTS('',3,(#7297,#7298,#7299,#7300),
 .UNSPECIFIED.,.F.,.F.,(4,4),(0.63958898991174,0.741914227646974),
 .UNSPECIFIED.);
#150=B_SPLINE_CURVE_WITH_KNOTS('',3,(#7302,#7303,#7304,#7305),
 .UNSPECIFIED.,.F.,.F.,(4,4),(0.63958898991174,0.741914227646974),
 .UNSPECIFIED.);
#151=B_SPLINE_CURVE_WITH_KNOTS('',3,(#7309,#7310,#7311,#7312),
 .UNSPECIFIED.,.F.,.F.,(4,4),(0.741914227646974,0.742669953184162),
 .UNSPECIFIED.);
#152=B_SPLINE_CURVE_WITH_KNOTS('',3,(#7313,#7314,#7315,#7316),
 .UNSPECIFIED.,.F.,.F.,(4,4),(0.741914227646974,0.742669953184162),
 .UNSPECIFIED.);
#153=B_SPLINE_CURVE_WITH_KNOTS('',3,(#7329,#7330,#7331,#7332,#7333,#7334,
#7335,#7336,#7337,#7338,#7339,#7340,#7341),.UNSPECIFIED.,.F.,.F.,(4,3,3,
3,4),(0.696863318772769,0.771353243380722,0.824363909257985,0.885251652717737,
1.),.UNSPECIFIED.);
#154=B_SPLINE_CURVE_WITH_KNOTS('',3,(#7346,#7347,#7348,#7349,#7350,#7351,
#7352,#7353,#7354,#7355,#7356,#7357,#7358),.UNSPECIFIED.,.F.,.F.,(4,3,3,
3,4),(0.696863318772769,0.771353243380722,0.824363909257985,0.885251652717737,
1.),.UNSPECIFIED.);
#155=B_SPLINE_CURVE_WITH_KNOTS('',3,(#7362,#7363,#7364,#7365),
 .UNSPECIFIED.,.F.,.F.,(4,4),(0.,0.0299775140223571),.UNSPECIFIED.);
#156=B_SPLINE_CURVE_WITH_KNOTS('',3,(#7367,#7368,#7369,#7370),
 .UNSPECIFIED.,.F.,.F.,(4,4),(0.,0.0299775140223571),.UNSPECIFIED.);
#157=B_SPLINE_CURVE_WITH_KNOTS('',3,(#7387,#7388,#7389,#7390,#7391,#7392,
#7393,#7394,#7395,#7396,#7397,#7398,#7399,#7400,#7401,#7402),
 .UNSPECIFIED.,.F.,.F.,(4,3,3,3,3,4),(0.0299775140223571,0.13721850168567,
0.221589052219204,0.264042469260193,0.310381801140823,0.417608500647837),
 .UNSPECIFIED.);
#158=B_SPLINE_CURVE_WITH_KNOTS('',3,(#7404,#7405,#7406,#7407,#7408,#7409,
#7410,#7411,#7412,#7413,#7414,#7415,#7416,#7417,#7418,#7419),
 .UNSPECIFIED.,.F.,.F.,(4,3,3,3,3,4),(0.0299775140223571,0.13721850168567,
0.221589052219204,0.264042469260193,0.310381801140823,0.417608500647837),
 .UNSPECIFIED.);
#159=B_SPLINE_CURVE_WITH_KNOTS('',3,(#7423,#7424,#7425,#7426),
 .UNSPECIFIED.,.F.,.F.,(4,4),(0.417608500647837,0.447586014670194),
 .UNSPECIFIED.);
#160=B_SPLINE_CURVE_WITH_KNOTS('',3,(#7428,#7429,#7430,#7431),
 .UNSPECIFIED.,.F.,.F.,(4,4),(0.417608500647837,0.447586014670194),
 .UNSPECIFIED.);
#161=B_SPLINE_CURVE_WITH_KNOTS('',3,(#7435,#7436,#7437,#7438),
 .UNSPECIFIED.,.F.,.F.,(4,4),(0.447586014670194,0.635302352476857),
 .UNSPECIFIED.);
#162=B_SPLINE_CURVE_WITH_KNOTS('',3,(#7440,#7441,#7442,#7443),
 .UNSPECIFIED.,.F.,.F.,(4,4),(0.447586014670194,0.635302352476857),
 .UNSPECIFIED.);
#163=B_SPLINE_CURVE_WITH_KNOTS('',3,(#7447,#7448,#7449,#7450),
 .UNSPECIFIED.,.F.,.F.,(4,4),(0.635302352476857,0.665279866499214),
 .UNSPECIFIED.);
#164=B_SPLINE_CURVE_WITH_KNOTS('',3,(#7452,#7453,#7454,#7455),
 .UNSPECIFIED.,.F.,.F.,(4,4),(0.635302352476857,0.665279866499214),
 .UNSPECIFIED.);
#165=B_SPLINE_CURVE_WITH_KNOTS('',3,(#7459,#7460,#7461,#7462),
 .UNSPECIFIED.,.F.,.F.,(4,4),(0.665279866499214,0.696149568438903),
 .UNSPECIFIED.);
#166=B_SPLINE_CURVE_WITH_KNOTS('',3,(#7464,#7465,#7466,#7467),
 .UNSPECIFIED.,.F.,.F.,(4,4),(0.665279866499214,0.696149568438903),
 .UNSPECIFIED.);
#167=B_SPLINE_CURVE_WITH_KNOTS('',3,(#7471,#7472,#7473,#7474),
 .UNSPECIFIED.,.F.,.F.,(4,4),(0.696149568438903,0.696863318772769),
 .UNSPECIFIED.);
#168=B_SPLINE_CURVE_WITH_KNOTS('',3,(#7475,#7476,#7477,#7478),
 .UNSPECIFIED.,.F.,.F.,(4,4),(0.696149568438903,0.696863318772769),
 .UNSPECIFIED.);
#169=B_SPLINE_CURVE_WITH_KNOTS('',3,(#7482,#7483,#7484,#7485),
 .UNSPECIFIED.,.F.,.F.,(4,4),(0.875029512426715,1.),.UNSPECIFIED.);
#170=B_SPLINE_CURVE_WITH_KNOTS('',3,(#7490,#7491,#7492,#7493),
 .UNSPECIFIED.,.F.,.F.,(4,4),(0.875029512426715,1.),.UNSPECIFIED.);
#171=B_SPLINE_CURVE_WITH_KNOTS('',3,(#7497,#7498,#7499,#7500),
 .UNSPECIFIED.,.F.,.F.,(4,4),(0.,0.0145176313689074),.UNSPECIFIED.);
#172=B_SPLINE_CURVE_WITH_KNOTS('',3,(#7502,#7503,#7504,#7505),
 .UNSPECIFIED.,.F.,.F.,(4,4),(0.,0.0145176313689074),.UNSPECIFIED.);
#173=B_SPLINE_CURVE_WITH_KNOTS('',3,(#7516,#7517,#7518,#7519,#7520,#7521,
#7522),.UNSPECIFIED.,.F.,.F.,(4,3,4),(0.0145176313689074,0.0983972792781506,
0.122713296255854),.UNSPECIFIED.);
#174=B_SPLINE_CURVE_WITH_KNOTS('',3,(#7524,#7525,#7526,#7527,#7528,#7529,
#7530),.UNSPECIFIED.,.F.,.F.,(4,3,4),(0.0145176313689074,0.0983972792781506,
0.122713296255854),.UNSPECIFIED.);
#175=B_SPLINE_CURVE_WITH_KNOTS('',3,(#7534,#7535,#7536,#7537),
 .UNSPECIFIED.,.F.,.F.,(4,4),(0.122713296255854,0.123052889972086),
 .UNSPECIFIED.);
#176=B_SPLINE_CURVE_WITH_KNOTS('',3,(#7539,#7540,#7541,#7542),
 .UNSPECIFIED.,.F.,.F.,(4,4),(0.122713296255854,0.123052889972086),
 .UNSPECIFIED.);
#177=B_SPLINE_CURVE_WITH_KNOTS('',3,(#7555,#7556,#7557,#7558,#7559,#7560,
#7561),.UNSPECIFIED.,.F.,.F.,(4,3,4),(0.123052889972086,0.135770780034446,
0.240790033719825),.UNSPECIFIED.);
#178=B_SPLINE_CURVE_WITH_KNOTS('',3,(#7563,#7564,#7565,#7566,#7567,#7568,
#7569),.UNSPECIFIED.,.F.,.F.,(4,3,4),(0.123052889972086,0.135770780034446,
0.240790033719825),.UNSPECIFIED.);
#179=B_SPLINE_CURVE_WITH_KNOTS('',3,(#7573,#7574,#7575,#7576),
 .UNSPECIFIED.,.F.,.F.,(4,4),(0.240790033719825,0.247921501760691),
 .UNSPECIFIED.);
#180=B_SPLINE_CURVE_WITH_KNOTS('',3,(#7578,#7579,#7580,#7581),
 .UNSPECIFIED.,.F.,.F.,(4,4),(0.240790033719825,0.247921501760691),
 .UNSPECIFIED.);
#181=B_SPLINE_CURVE_WITH_KNOTS('',3,(#7594,#7595,#7596,#7597,#7598,#7599,
#7600),.UNSPECIFIED.,.F.,.F.,(4,3,4),(0.247921501760691,0.352285431638118,
0.365657673317579),.UNSPECIFIED.);
#182=B_SPLINE_CURVE_WITH_KNOTS('',3,(#7602,#7603,#7604,#7605,#7606,#7607,
#7608),.UNSPECIFIED.,.F.,.F.,(4,3,4),(0.247921501760691,0.352285431638118,
0.365657673317579),.UNSPECIFIED.);
#183=B_SPLINE_CURVE_WITH_KNOTS('',3,(#7612,#7613,#7614,#7615),
 .UNSPECIFIED.,.F.,.F.,(4,4),(0.365657673317579,0.365997267033811),
 .UNSPECIFIED.);
#184=B_SPLINE_CURVE_WITH_KNOTS('',3,(#7617,#7618,#7619,#7620),
 .UNSPECIFIED.,.F.,.F.,(4,4),(0.365657673317579,0.365997267033811),
 .UNSPECIFIED.);
#185=B_SPLINE_CURVE_WITH_KNOTS('',3,(#7633,#7634,#7635,#7636,#7637,#7638,
#7639),.UNSPECIFIED.,.F.,.F.,(4,3,4),(0.365997267033811,0.390550443046761,
0.47417539566883),.UNSPECIFIED.);
#186=B_SPLINE_CURVE_WITH_KNOTS('',3,(#7641,#7642,#7643,#7644,#7645,#7646,
#7647),.UNSPECIFIED.,.F.,.F.,(4,3,4),(0.365997267033811,0.390550443046761,
0.47417539566883),.UNSPECIFIED.);
#187=B_SPLINE_CURVE_WITH_KNOTS('',3,(#7651,#7652,#7653,#7654),
 .UNSPECIFIED.,.F.,.F.,(4,4),(0.47417539566883,0.488693027037738),
 .UNSPECIFIED.);
#188=B_SPLINE_CURVE_WITH_KNOTS('',3,(#7656,#7657,#7658,#7659),
 .UNSPECIFIED.,.F.,.F.,(4,4),(0.47417539566883,0.488693027037738),
 .UNSPECIFIED.);
#189=B_SPLINE_CURVE_WITH_KNOTS('',3,(#7663,#7664,#7665,#7666),
 .UNSPECIFIED.,.F.,.F.,(4,4),(0.488693027037738,0.613663514611023),
 .UNSPECIFIED.);
#190=B_SPLINE_CURVE_WITH_KNOTS('',3,(#7668,#7669,#7670,#7671),
 .UNSPECIFIED.,.F.,.F.,(4,4),(0.488693027037738,0.613663514611023),
 .UNSPECIFIED.);
#191=B_SPLINE_CURVE_WITH_KNOTS('',3,(#7675,#7676,#7677,#7678),
 .UNSPECIFIED.,.F.,.F.,(4,4),(0.613663514611023,0.633444848581523),
 .UNSPECIFIED.);
#192=B_SPLINE_CURVE_WITH_KNOTS('',3,(#7680,#7681,#7682,#7683),
 .UNSPECIFIED.,.F.,.F.,(4,4),(0.613663514611023,0.633444848581523),
 .UNSPECIFIED.);
#193=B_SPLINE_CURVE_WITH_KNOTS('',3,(#7696,#7697,#7698,#7699,#7700,#7701,
#7702),.UNSPECIFIED.,.F.,.F.,(4,3,4),(0.633444848581523,0.728560495820701,
0.744642507364755),.UNSPECIFIED.);
#194=B_SPLINE_CURVE_WITH_KNOTS('',3,(#7704,#7705,#7706,#7707,#7708,#7709,
#7710),.UNSPECIFIED.,.F.,.F.,(4,3,4),(0.633444848581523,0.728560495820701,
0.744642507364755),.UNSPECIFIED.);
#195=B_SPLINE_CURVE_WITH_KNOTS('',3,(#7714,#7715,#7716,#7717),
 .UNSPECIFIED.,.F.,.F.,(4,4),(0.744642507364755,0.745151897939103),
 .UNSPECIFIED.);
#196=B_SPLINE_CURVE_WITH_KNOTS('',3,(#7719,#7720,#7721,#7722),
 .UNSPECIFIED.,.F.,.F.,(4,4),(0.744642507364755,0.745151897939103),
 .UNSPECIFIED.);
#197=B_SPLINE_CURVE_WITH_KNOTS('',3,(#7735,#7736,#7737,#7738,#7739,#7740,
#7741),.UNSPECIFIED.,.F.,.F.,(4,3,4),(0.745151897939103,0.761661116321058,
0.856776350179258),.UNSPECIFIED.);
#198=B_SPLINE_CURVE_WITH_KNOTS('',3,(#7743,#7744,#7745,#7746,#7747,#7748,
#7749),.UNSPECIFIED.,.F.,.F.,(4,3,4),(0.745151897939103,0.761661116321058,
0.856776350179258),.UNSPECIFIED.);
#199=B_SPLINE_CURVE_WITH_KNOTS('',3,(#7753,#7754,#7755,#7756),
 .UNSPECIFIED.,.F.,.F.,(4,4),(0.856776350179258,0.875029512426715),
 .UNSPECIFIED.);
#200=B_SPLINE_CURVE_WITH_KNOTS('',3,(#7757,#7758,#7759,#7760),
 .UNSPECIFIED.,.F.,.F.,(4,4),(0.856776350179258,0.875029512426715),
 .UNSPECIFIED.);
#201=B_SPLINE_CURVE_WITH_KNOTS('',3,(#7777,#7778,#7779,#7780,#7781,#7782,
#7783,#7784,#7785,#7786,#7787,#7788,#7789,#7790,#7791,#7792,#7793,#7794,
#7795,#7796,#7797),.UNSPECIFIED.,.T.,.F.,(4,3,2,2,2,3,2,3,4),(0.,0.122057134247748,
0.24627385649497,0.370490578742195,0.494707300989423,0.623064580644885,
0.752011033633907,0.872898333311113,1.),.UNSPECIFIED.);
#202=B_SPLINE_CURVE_WITH_KNOTS('',3,(#7799,#7800,#7801,#7802,#7803,#7804,
#7805,#7806,#7807,#7808,#7809,#7810,#7811,#7812,#7813,#7814,#7815,#7816,
#7817,#7818,#7819),.UNSPECIFIED.,.T.,.F.,(4,3,2,2,2,3,2,3,4),(0.,0.122057134247748,
0.24627385649497,0.370490578742195,0.494707300989423,0.623064580644885,
0.752011033633907,0.872898333311113,1.),.UNSPECIFIED.);
#203=B_SPLINE_CURVE_WITH_KNOTS('',1,(#7824,#7825),.UNSPECIFIED.,.F.,.F.,
(2,2),(0.568852459016393,1.),.UNSPECIFIED.);
#204=B_SPLINE_CURVE_WITH_KNOTS('',1,(#7830,#7831),.UNSPECIFIED.,.F.,.F.,
(2,2),(0.568852459016393,1.),.UNSPECIFIED.);
#205=B_SPLINE_CURVE_WITH_KNOTS('',1,(#7835,#7836),.UNSPECIFIED.,.F.,.F.,
(2,2),(0.,0.0688524590163932),.UNSPECIFIED.);
#206=B_SPLINE_CURVE_WITH_KNOTS('',1,(#7838,#7839),.UNSPECIFIED.,.F.,.F.,
(2,2),(0.,0.0688524590163932),.UNSPECIFIED.);
#207=B_SPLINE_CURVE_WITH_KNOTS('',1,(#7843,#7844),.UNSPECIFIED.,.F.,.F.,
(2,2),(0.0688524590163932,0.5),.UNSPECIFIED.);
#208=B_SPLINE_CURVE_WITH_KNOTS('',1,(#7846,#7847),.UNSPECIFIED.,.F.,.F.,
(2,2),(0.0688524590163932,0.5),.UNSPECIFIED.);
#209=B_SPLINE_CURVE_WITH_KNOTS('',1,(#7851,#7852),.UNSPECIFIED.,.F.,.F.,
(2,2),(0.5,0.568852459016393),.UNSPECIFIED.);
#210=B_SPLINE_CURVE_WITH_KNOTS('',1,(#7853,#7854),.UNSPECIFIED.,.F.,.F.,
(2,2),(0.5,0.568852459016393),.UNSPECIFIED.);
#211=B_SPLINE_CURVE_WITH_KNOTS('',3,(#7858,#7859,#7860,#7861),
 .UNSPECIFIED.,.F.,.F.,(4,4),(0.963582781577591,1.),.UNSPECIFIED.);
#212=B_SPLINE_CURVE_WITH_KNOTS('',3,(#7866,#7867,#7868,#7869),
 .UNSPECIFIED.,.F.,.F.,(4,4),(0.963582781577591,1.),.UNSPECIFIED.);
#213=B_SPLINE_CURVE_WITH_KNOTS('',3,(#7884,#7885,#7886,#7887,#7888,#7889,
#7890,#7891,#7892,#7893,#7894,#7895,#7896,#7897,#7898),.UNSPECIFIED.,.F.,
 .F.,(4,2,3,2,2,2,4),(0.,0.067940090448147,0.160585668331984,0.253181081262027,
0.356529509887171,0.459877938512315,0.517502516897243),.UNSPECIFIED.);
#214=B_SPLINE_CURVE_WITH_KNOTS('',3,(#7900,#7901,#7902,#7903,#7904,#7905,
#7906,#7907,#7908,#7909,#7910,#7911,#7912,#7913,#7914),.UNSPECIFIED.,.F.,
 .F.,(4,2,3,2,2,2,4),(0.,0.067940090448147,0.160585668331984,0.253181081262027,
0.356529509887171,0.459877938512315,0.517502516897243),.UNSPECIFIED.);
#215=B_SPLINE_CURVE_WITH_KNOTS('',3,(#7918,#7919,#7920,#7921),
 .UNSPECIFIED.,.F.,.F.,(4,4),(0.517502516897243,0.556439165524976),
 .UNSPECIFIED.);
#216=B_SPLINE_CURVE_WITH_KNOTS('',3,(#7923,#7924,#7925,#7926),
 .UNSPECIFIED.,.F.,.F.,(4,4),(0.517502516897243,0.556439165524976),
 .UNSPECIFIED.);
#217=B_SPLINE_CURVE_WITH_KNOTS('',3,(#7939,#7940,#7941,#7942,#7943,#7944,
#7945,#7946,#7947,#7948,#7949,#7950,#7951,#7952,#7953,#7954),
 .UNSPECIFIED.,.F.,.F.,(4,2,3,2,3,2,4),(0.556439165524976,0.615228124679148,
0.685906985684726,0.759996867008911,0.833494029282504,0.904094960176319,
0.963582781577591),.UNSPECIFIED.);
#218=B_SPLINE_CURVE_WITH_KNOTS('',3,(#7955,#7956,#7957,#7958,#7959,#7960,
#7961,#7962,#7963,#7964,#7965,#7966,#7967,#7968,#7969,#7970),
 .UNSPECIFIED.,.F.,.F.,(4,2,3,2,3,2,4),(0.556439165524976,0.615228124679148,
0.685906985684726,0.759996867008911,0.833494029282504,0.904094960176319,
0.963582781577591),.UNSPECIFIED.);
#219=B_SPLINE_CURVE_WITH_KNOTS('',3,(#7983,#7984,#7985,#7986,#7987,#7988,
#7989,#7990,#7991),.UNSPECIFIED.,.F.,.F.,(4,2,3,4),(0.742601187879594,0.804156800204101,
0.902067405042411,1.),.UNSPECIFIED.);
#220=B_SPLINE_CURVE_WITH_KNOTS('',3,(#7996,#7997,#7998,#7999,#8000,#8001,
#8002,#8003,#8004),.UNSPECIFIED.,.F.,.F.,(4,2,3,4),(0.742601187879594,0.804156800204101,
0.902067405042411,1.),.UNSPECIFIED.);
#221=B_SPLINE_CURVE_WITH_KNOTS('',3,(#8008,#8009,#8010,#8011),
 .UNSPECIFIED.,.F.,.F.,(4,4),(0.,0.0253899320260418),.UNSPECIFIED.);
#222=B_SPLINE_CURVE_WITH_KNOTS('',3,(#8013,#8014,#8015,#8016),
 .UNSPECIFIED.,.F.,.F.,(4,4),(0.,0.0253899320260418),.UNSPECIFIED.);
#223=B_SPLINE_CURVE_WITH_KNOTS('',3,(#8033,#8034,#8035,#8036,#8037,#8038,
#8039,#8040,#8041,#8042,#8043,#8044,#8045,#8046,#8047),.UNSPECIFIED.,.F.,
 .F.,(4,3,2,3,3,4),(0.0253899320260418,0.117126174524895,0.187970400347913,
0.223609826835566,0.263515812266367,0.353742288456943),.UNSPECIFIED.);
#224=B_SPLINE_CURVE_WITH_KNOTS('',3,(#8049,#8050,#8051,#8052,#8053,#8054,
#8055,#8056,#8057,#8058,#8059,#8060,#8061,#8062,#8063),.UNSPECIFIED.,.F.,
 .F.,(4,3,2,3,3,4),(0.0253899320260418,0.117126174524895,0.187970400347913,
0.223609826835566,0.263515812266367,0.353742288456943),.UNSPECIFIED.);
#225=B_SPLINE_CURVE_WITH_KNOTS('',3,(#8067,#8068,#8069,#8070),
 .UNSPECIFIED.,.F.,.F.,(4,4),(0.353742288456943,0.379132220482985),
 .UNSPECIFIED.);
#226=B_SPLINE_CURVE_WITH_KNOTS('',3,(#8072,#8073,#8074,#8075),
 .UNSPECIFIED.,.F.,.F.,(4,4),(0.353742288456943,0.379132220482985),
 .UNSPECIFIED.);
#227=B_SPLINE_CURVE_WITH_KNOTS('',3,(#8079,#8080,#8081,#8082),
 .UNSPECIFIED.,.F.,.F.,(4,4),(0.379132220482985,0.614291352819419),
 .UNSPECIFIED.);
#228=B_SPLINE_CURVE_WITH_KNOTS('',3,(#8084,#8085,#8086,#8087),
 .UNSPECIFIED.,.F.,.F.,(4,4),(0.379132220482985,0.614291352819419),
 .UNSPECIFIED.);
#229=B_SPLINE_CURVE_WITH_KNOTS('',3,(#8091,#8092,#8093,#8094),
 .UNSPECIFIED.,.F.,.F.,(4,4),(0.614291352819419,0.63968128484546),
 .UNSPECIFIED.);
#230=B_SPLINE_CURVE_WITH_KNOTS('',3,(#8096,#8097,#8098,#8099),
 .UNSPECIFIED.,.F.,.F.,(4,4),(0.614291352819419,0.63968128484546),
 .UNSPECIFIED.);
#231=B_SPLINE_CURVE_WITH_KNOTS('',3,(#8103,#8104,#8105,#8106),
 .UNSPECIFIED.,.F.,.F.,(4,4),(0.63968128484546,0.741996665688497),
 .UNSPECIFIED.);
#232=B_SPLINE_CURVE_WITH_KNOTS('',3,(#8108,#8109,#8110,#8111),
 .UNSPECIFIED.,.F.,.F.,(4,4),(0.63968128484546,0.741996665688497),
 .UNSPECIFIED.);
#233=B_SPLINE_CURVE_WITH_KNOTS('',3,(#8115,#8116,#8117,#8118),
 .UNSPECIFIED.,.F.,.F.,(4,4),(0.741996665688497,0.742601187879594),
 .UNSPECIFIED.);
#234=B_SPLINE_CURVE_WITH_KNOTS('',3,(#8119,#8120,#8121,#8122),
 .UNSPECIFIED.,.F.,.F.,(4,4),(0.741996665688497,0.742601187879594),
 .UNSPECIFIED.);
#235=B_SPLINE_CURVE_WITH_KNOTS('',3,(#8135,#8136,#8137,#8138,#8139,#8140,
#8141,#8142,#8143),.UNSPECIFIED.,.F.,.F.,(4,2,3,4),(0.644227395615432,0.71854153240023,
0.854968977542473,1.),.UNSPECIFIED.);
#236=B_SPLINE_CURVE_WITH_KNOTS('',3,(#8148,#8149,#8150,#8151,#8152,#8153,
#8154,#8155,#8156),.UNSPECIFIED.,.F.,.F.,(4,2,3,4),(0.644227395615432,0.71854153240023,
0.854968977542473,1.),.UNSPECIFIED.);
#237=B_SPLINE_CURVE_WITH_KNOTS('',3,(#8160,#8161,#8162,#8163),
 .UNSPECIFIED.,.F.,.F.,(4,4),(0.,0.0358336886427508),.UNSPECIFIED.);
#238=B_SPLINE_CURVE_WITH_KNOTS('',3,(#8165,#8166,#8167,#8168),
 .UNSPECIFIED.,.F.,.F.,(4,4),(0.,0.0358336886427508),.UNSPECIFIED.);
#239=B_SPLINE_CURVE_WITH_KNOTS('',3,(#8172,#8173,#8174,#8175),
 .UNSPECIFIED.,.F.,.F.,(4,4),(0.0358336886427508,0.0701831416612459),
 .UNSPECIFIED.);
#240=B_SPLINE_CURVE_WITH_KNOTS('',3,(#8177,#8178,#8179,#8180),
 .UNSPECIFIED.,.F.,.F.,(4,4),(0.0358336886427508,0.0701831416612459),
 .UNSPECIFIED.);
#241=B_SPLINE_CURVE_WITH_KNOTS('',3,(#8184,#8185,#8186,#8187),
 .UNSPECIFIED.,.F.,.F.,(4,4),(0.0701831416612459,0.071031276303678),
 .UNSPECIFIED.);
#242=B_SPLINE_CURVE_WITH_KNOTS('',3,(#8189,#8190,#8191,#8192),
 .UNSPECIFIED.,.F.,.F.,(4,4),(0.0701831416612459,0.071031276303678),
 .UNSPECIFIED.);
#243=B_SPLINE_CURVE_WITH_KNOTS('',3,(#8207,#8208,#8209,#8210,#8211,#8212,
#8213,#8214,#8215,#8216,#8217,#8218,#8219,#8220),.UNSPECIFIED.,.F.,.F.,
(4,2,3,2,3,4),(0.071031276303678,0.15109695874266,0.210300456320781,0.263644860435224,
0.377291634418167,0.444520684124684),.UNSPECIFIED.);
#244=B_SPLINE_CURVE_WITH_KNOTS('',3,(#8222,#8223,#8224,#8225,#8226,#8227,
#8228,#8229,#8230,#8231,#8232,#8233,#8234,#8235),.UNSPECIFIED.,.F.,.F.,
(4,2,3,2,3,4),(0.071031276303678,0.15109695874266,0.210300456320781,0.263644860435224,
0.377291634418167,0.444520684124684),.UNSPECIFIED.);
#245=B_SPLINE_CURVE_WITH_KNOTS('',3,(#8246,#8247,#8248,#8249,#8250,#8251),
 .UNSPECIFIED.,.F.,.F.,(4,2,4),(0.444520684124684,0.531861472765206,0.607757606342487),
 .UNSPECIFIED.);
#246=B_SPLINE_CURVE_WITH_KNOTS('',3,(#8253,#8254,#8255,#8256,#8257,#8258),
 .UNSPECIFIED.,.F.,.F.,(4,2,4),(0.444520684124684,0.531861472765206,0.607757606342487),
 .UNSPECIFIED.);
#247=B_SPLINE_CURVE_WITH_KNOTS('',3,(#8269,#8270,#8271,#8272,#8273,#8274,
#8275,#8276,#8277,#8278,#8279,#8280),.UNSPECIFIED.,.F.,.F.,(4,2,3,3,4),
(0.504456075254291,0.613538909712796,0.766254877954702,0.929506868186728,
1.),.UNSPECIFIED.);
#248=B_SPLINE_CURVE_WITH_KNOTS('',3,(#8285,#8286,#8287,#8288,#8289,#8290,
#8291,#8292,#8293,#8294,#8295,#8296),.UNSPECIFIED.,.F.,.F.,(4,2,3,3,4),
(0.504456075254291,0.613538909712796,0.766254877954702,0.929506868186728,
1.),.UNSPECIFIED.);
#249=B_SPLINE_CURVE_WITH_KNOTS('',3,(#8309,#8310,#8311,#8312,#8313,#8314,
#8315,#8316,#8317,#8318,#8319,#8320),.UNSPECIFIED.,.F.,.F.,(4,3,3,2,4),
(0.,0.171468015054691,0.296910004078665,0.415993815408942,0.504456075254291),
 .UNSPECIFIED.);
#250=B_SPLINE_CURVE_WITH_KNOTS('',3,(#8321,#8322,#8323,#8324,#8325,#8326,
#8327,#8328,#8329,#8330,#8331,#8332),.UNSPECIFIED.,.F.,.F.,(4,3,3,2,4),
(0.,0.171468015054691,0.296910004078665,0.415993815408942,0.504456075254291),
 .UNSPECIFIED.);
#251=B_SPLINE_CURVE_WITH_KNOTS('',3,(#8334,#8335,#8336,#8337),
 .UNSPECIFIED.,.F.,.F.,(4,4),(0.607757606342487,0.644227395615432),
 .UNSPECIFIED.);
#252=B_SPLINE_CURVE_WITH_KNOTS('',3,(#8338,#8339,#8340,#8341),
 .UNSPECIFIED.,.F.,.F.,(4,4),(0.607757606342487,0.644227395615432),
 .UNSPECIFIED.);
#253=B_SPLINE_CURVE_WITH_KNOTS('',3,(#8358,#8359,#8360,#8361,#8362,#8363,
#8364,#8365,#8366,#8367,#8368,#8369,#8370,#8371,#8372,#8373,#8374,#8375,
#8376,#8377,#8378,#8379),.UNSPECIFIED.,.F.,.F.,(4,2,3,2,3,2,3,3,4),(0.389171751532258,
0.472940002876789,0.554503826554356,0.649520967675069,0.738531278035276,
0.818340050768775,0.897570499062178,0.981292073417709,1.),.UNSPECIFIED.);
#254=B_SPLINE_CURVE_WITH_KNOTS('',3,(#8384,#8385,#8386,#8387,#8388,#8389,
#8390,#8391,#8392,#8393,#8394,#8395,#8396,#8397,#8398,#8399,#8400,#8401,
#8402,#8403,#8404,#8405),.UNSPECIFIED.,.F.,.F.,(4,2,3,2,3,2,3,3,4),(0.389171751532258,
0.472940002876789,0.554503826554356,0.649520967675069,0.738531278035276,
0.818340050768775,0.897570499062178,0.981292073417709,1.),.UNSPECIFIED.);
#255=B_SPLINE_CURVE_WITH_KNOTS('',3,(#8409,#8410,#8411,#8412),
 .UNSPECIFIED.,.F.,.F.,(4,4),(0.,0.158160510060657),.UNSPECIFIED.);
#256=B_SPLINE_CURVE_WITH_KNOTS('',3,(#8414,#8415,#8416,#8417),
 .UNSPECIFIED.,.F.,.F.,(4,4),(0.,0.158160510060657),.UNSPECIFIED.);
#257=B_SPLINE_CURVE_WITH_KNOTS('',3,(#8428,#8429,#8430,#8431,#8432,#8433,
#8434,#8435,#8436),.UNSPECIFIED.,.F.,.F.,(4,3,2,4),(0.158160510060657,0.221259535316533,
0.283944239431623,0.355583901277441),.UNSPECIFIED.);
#258=B_SPLINE_CURVE_WITH_KNOTS('',3,(#8438,#8439,#8440,#8441,#8442,#8443,
#8444,#8445,#8446),.UNSPECIFIED.,.F.,.F.,(4,3,2,4),(0.158160510060657,0.221259535316533,
0.283944239431623,0.355583901277441),.UNSPECIFIED.);
#259=B_SPLINE_CURVE_WITH_KNOTS('',3,(#8457,#8458,#8459,#8460,#8461,#8462,
#8463,#8464,#8465,#8466,#8467,#8468),.UNSPECIFIED.,.F.,.F.,(4,3,2,3,4),
(0.,0.161929510391513,0.310961484615664,0.45635853263923,0.622243775265533),
 .UNSPECIFIED.);
#260=B_SPLINE_CURVE_WITH_KNOTS('',3,(#8473,#8474,#8475,#8476,#8477,#8478,
#8479,#8480,#8481,#8482,#8483,#8484),.UNSPECIFIED.,.F.,.F.,(4,3,2,3,4),
(0.,0.161929510391513,0.310961484615664,0.45635853263923,0.622243775265533),
 .UNSPECIFIED.);
#261=B_SPLINE_CURVE_WITH_KNOTS('',3,(#8488,#8489,#8490,#8491),
 .UNSPECIFIED.,.F.,.F.,(4,4),(0.622243775265533,1.),.UNSPECIFIED.);
#262=B_SPLINE_CURVE_WITH_KNOTS('',3,(#8492,#8493,#8494,#8495),
 .UNSPECIFIED.,.F.,.F.,(4,4),(0.622243775265533,1.),.UNSPECIFIED.);
#263=B_SPLINE_CURVE_WITH_KNOTS('',3,(#8497,#8498,#8499,#8500),
 .UNSPECIFIED.,.F.,.F.,(4,4),(0.355583901277441,0.389171751532258),
 .UNSPECIFIED.);
#264=B_SPLINE_CURVE_WITH_KNOTS('',3,(#8501,#8502,#8503,#8504),
 .UNSPECIFIED.,.F.,.F.,(4,4),(0.355583901277441,0.389171751532258),
 .UNSPECIFIED.);
#265=B_SPLINE_CURVE_WITH_KNOTS('',1,(#8508,#8509),.UNSPECIFIED.,.F.,.F.,
(2,2),(0.548723897911833,1.),.UNSPECIFIED.);
#266=B_SPLINE_CURVE_WITH_KNOTS('',1,(#8514,#8515),.UNSPECIFIED.,.F.,.F.,
(2,2),(0.548723897911833,1.),.UNSPECIFIED.);
#267=B_SPLINE_CURVE_WITH_KNOTS('',1,(#8519,#8520),.UNSPECIFIED.,.F.,.F.,
(2,2),(0.,0.0487238979118334),.UNSPECIFIED.);
#268=B_SPLINE_CURVE_WITH_KNOTS('',1,(#8522,#8523),.UNSPECIFIED.,.F.,.F.,
(2,2),(0.,0.0487238979118334),.UNSPECIFIED.);
#269=B_SPLINE_CURVE_WITH_KNOTS('',1,(#8527,#8528),.UNSPECIFIED.,.F.,.F.,
(2,2),(0.0487238979118334,0.5),.UNSPECIFIED.);
#270=B_SPLINE_CURVE_WITH_KNOTS('',1,(#8530,#8531),.UNSPECIFIED.,.F.,.F.,
(2,2),(0.0487238979118334,0.5),.UNSPECIFIED.);
#271=B_SPLINE_CURVE_WITH_KNOTS('',1,(#8535,#8536),.UNSPECIFIED.,.F.,.F.,
(2,2),(0.5,0.548723897911833),.UNSPECIFIED.);
#272=B_SPLINE_CURVE_WITH_KNOTS('',1,(#8537,#8538),.UNSPECIFIED.,.F.,.F.,
(2,2),(0.5,0.548723897911833),.UNSPECIFIED.);
#273=B_SPLINE_CURVE_WITH_KNOTS('',1,(#8542,#8543),.UNSPECIFIED.,.F.,.F.,
(2,2),(0.965308863025962,1.),.UNSPECIFIED.);
#274=B_SPLINE_CURVE_WITH_KNOTS('',1,(#8548,#8549),.UNSPECIFIED.,.F.,.F.,
(2,2),(0.965308863025962,1.),.UNSPECIFIED.);
#275=B_SPLINE_CURVE_WITH_KNOTS('',1,(#8553,#8554),.UNSPECIFIED.,.F.,.F.,
(2,2),(0.,0.170769919427037),.UNSPECIFIED.);
#276=B_SPLINE_CURVE_WITH_KNOTS('',1,(#8556,#8557),.UNSPECIFIED.,.F.,.F.,
(2,2),(0.,0.170769919427037),.UNSPECIFIED.);
#277=B_SPLINE_CURVE_WITH_KNOTS('',1,(#8561,#8562),.UNSPECIFIED.,.F.,.F.,
(2,2),(0.170769919427037,0.5),.UNSPECIFIED.);
#278=B_SPLINE_CURVE_WITH_KNOTS('',1,(#8564,#8565),.UNSPECIFIED.,.F.,.F.,
(2,2),(0.170769919427037,0.5),.UNSPECIFIED.);
#279=B_SPLINE_CURVE_WITH_KNOTS('',1,(#8569,#8570),.UNSPECIFIED.,.F.,.F.,
(2,2),(0.5,0.538272157564906),.UNSPECIFIED.);
#280=B_SPLINE_CURVE_WITH_KNOTS('',1,(#8572,#8573),.UNSPECIFIED.,.F.,.F.,
(2,2),(0.5,0.538272157564906),.UNSPECIFIED.);
#281=B_SPLINE_CURVE_WITH_KNOTS('',1,(#8577,#8578),.UNSPECIFIED.,.F.,.F.,
(2,2),(0.538272157564906,0.832811101163832),.UNSPECIFIED.);
#282=B_SPLINE_CURVE_WITH_KNOTS('',1,(#8580,#8581),.UNSPECIFIED.,.F.,.F.,
(2,2),(0.538272157564906,0.832811101163832),.UNSPECIFIED.);
#283=B_SPLINE_CURVE_WITH_KNOTS('',1,(#8585,#8586),.UNSPECIFIED.,.F.,.F.,
(2,2),(0.832811101163832,0.965308863025962),.UNSPECIFIED.);
#284=B_SPLINE_CURVE_WITH_KNOTS('',1,(#8587,#8588),.UNSPECIFIED.,.F.,.F.,
(2,2),(0.832811101163832,0.965308863025962),.UNSPECIFIED.);
#285=B_SPLINE_CURVE_WITH_KNOTS('',3,(#8605,#8606,#8607,#8608,#8609,#8610,
#8611,#8612,#8613,#8614,#8615,#8616,#8617,#8618,#8619,#8620,#8621,#8622,
#8623,#8624,#8625),.UNSPECIFIED.,.T.,.F.,(4,2,2,3,3,2,2,3,4),(0.,0.129736716124603,
0.259473432249205,0.384220274676707,0.502208913060894,0.628940612364947,
0.755672311669001,0.883371428524996,1.),.UNSPECIFIED.);
#286=B_SPLINE_CURVE_WITH_KNOTS('',3,(#8627,#8628,#8629,#8630,#8631,#8632,
#8633,#8634,#8635,#8636,#8637,#8638,#8639,#8640,#8641,#8642,#8643,#8644,
#8645,#8646,#8647),.UNSPECIFIED.,.T.,.F.,(4,2,2,3,3,2,2,3,4),(0.,0.129736716124603,
0.259473432249205,0.384220274676707,0.502208913060894,0.628940612364947,
0.755672311669001,0.883371428524996,1.),.UNSPECIFIED.);
#287=B_SPLINE_CURVE_WITH_KNOTS('',3,(#8665,#8666,#8667,#8668,#8669,#8670,
#8671,#8672,#8673,#8674,#8675,#8676,#8677,#8678,#8679,#8680,#8681,#8682,
#8683,#8684,#8685),.UNSPECIFIED.,.T.,.F.,(4,3,2,3,2,3,2,2,4),(0.,0.120577110247437,
0.243772393913305,0.37679306830099,0.501436566154,0.621491959791563,0.749648225373947,
0.874824112686974,1.),.UNSPECIFIED.);
#288=B_SPLINE_CURVE_WITH_KNOTS('',3,(#8687,#8688,#8689,#8690,#8691,#8692,
#8693,#8694,#8695,#8696,#8697,#8698,#8699,#8700,#8701,#8702,#8703,#8704,
#8705,#8706,#8707),.UNSPECIFIED.,.T.,.F.,(4,3,2,3,2,3,2,2,4),(0.,0.120577110247437,
0.243772393913305,0.37679306830099,0.501436566154,0.621491959791563,0.749648225373947,
0.874824112686974,1.),.UNSPECIFIED.);
#289=B_SPLINE_CURVE_WITH_KNOTS('',3,(#8725,#8726,#8727,#8728,#8729,#8730,
#8731,#8732,#8733,#8734,#8735,#8736,#8737,#8738,#8739,#8740,#8741,#8742,
#8743,#8744,#8745,#8746),.UNSPECIFIED.,.F.,.F.,(4,2,3,2,3,2,3,3,4),(0.389029922729612,
0.472459924606403,0.554243281709311,0.64873273328015,0.738306548642102,
0.817509643919875,0.897290863980699,0.981293018646006,1.),.UNSPECIFIED.);
#290=B_SPLINE_CURVE_WITH_KNOTS('',3,(#8751,#8752,#8753,#8754,#8755,#8756,
#8757,#8758,#8759,#8760,#8761,#8762,#8763,#8764,#8765,#8766,#8767,#8768,
#8769,#8770,#8771,#8772),.UNSPECIFIED.,.F.,.F.,(4,2,3,2,3,2,3,3,4),(0.389029922729612,
0.472459924606403,0.554243281709311,0.64873273328015,0.738306548642102,
0.817509643919875,0.897290863980699,0.981293018646006,1.),.UNSPECIFIED.);
#291=B_SPLINE_CURVE_WITH_KNOTS('',3,(#8776,#8777,#8778,#8779),
 .UNSPECIFIED.,.F.,.F.,(4,4),(0.,0.158165595213121),.UNSPECIFIED.);
#292=B_SPLINE_CURVE_WITH_KNOTS('',3,(#8781,#8782,#8783,#8784),
 .UNSPECIFIED.,.F.,.F.,(4,4),(0.,0.158165595213121),.UNSPECIFIED.);
#293=B_SPLINE_CURVE_WITH_KNOTS('',3,(#8795,#8796,#8797,#8798,#8799,#8800,
#8801,#8802,#8803,#8804),.UNSPECIFIED.,.F.,.F.,(4,3,3,4),(0.158165595213121,
0.22126664921918,0.279711848564289,0.355440992563384),.UNSPECIFIED.);
#294=B_SPLINE_CURVE_WITH_KNOTS('',3,(#8806,#8807,#8808,#8809,#8810,#8811,
#8812,#8813,#8814,#8815),.UNSPECIFIED.,.F.,.F.,(4,3,3,4),(0.158165595213121,
0.22126664921918,0.279711848564289,0.355440992563384),.UNSPECIFIED.);
#295=B_SPLINE_CURVE_WITH_KNOTS('',3,(#8826,#8827,#8828,#8829,#8830,#8831,
#8832,#8833,#8834,#8835,#8836,#8837),.UNSPECIFIED.,.F.,.F.,(4,3,2,3,4),
(0.,0.161875339978186,0.310669337372606,0.455834212879359,0.622370146368497),
 .UNSPECIFIED.);
#296=B_SPLINE_CURVE_WITH_KNOTS('',3,(#8842,#8843,#8844,#8845,#8846,#8847,
#8848,#8849,#8850,#8851,#8852,#8853),.UNSPECIFIED.,.F.,.F.,(4,3,2,3,4),
(0.,0.161875339978186,0.310669337372606,0.455834212879359,0.622370146368497),
 .UNSPECIFIED.);
#297=B_SPLINE_CURVE_WITH_KNOTS('',3,(#8857,#8858,#8859,#8860),
 .UNSPECIFIED.,.F.,.F.,(4,4),(0.622370146368497,1.),.UNSPECIFIED.);
#298=B_SPLINE_CURVE_WITH_KNOTS('',3,(#8861,#8862,#8863,#8864),
 .UNSPECIFIED.,.F.,.F.,(4,4),(0.622370146368497,1.),.UNSPECIFIED.);
#299=B_SPLINE_CURVE_WITH_KNOTS('',3,(#8866,#8867,#8868,#8869),
 .UNSPECIFIED.,.F.,.F.,(4,4),(0.355440992563384,0.389029922729612),
 .UNSPECIFIED.);
#300=B_SPLINE_CURVE_WITH_KNOTS('',3,(#8870,#8871,#8872,#8873),
 .UNSPECIFIED.,.F.,.F.,(4,4),(0.355440992563384,0.389029922729612),
 .UNSPECIFIED.);
#301=B_SPLINE_CURVE_WITH_KNOTS('',3,(#8877,#8878,#8879,#8880),
 .UNSPECIFIED.,.F.,.F.,(4,4),(0.96817697129614,1.),.UNSPECIFIED.);
#302=B_SPLINE_CURVE_WITH_KNOTS('',3,(#8885,#8886,#8887,#8888),
 .UNSPECIFIED.,.F.,.F.,(4,4),(0.96817697129614,1.),.UNSPECIFIED.);
#303=B_SPLINE_CURVE_WITH_KNOTS('',3,(#8899,#8900,#8901,#8902,#8903,#8904,
#8905,#8906,#8907),.UNSPECIFIED.,.F.,.F.,(4,2,3,4),(0.,0.0248318364924123,
0.0934150039476439,0.127996028472505),.UNSPECIFIED.);
#304=B_SPLINE_CURVE_WITH_KNOTS('',3,(#8909,#8910,#8911,#8912,#8913,#8914,
#8915,#8916,#8917),.UNSPECIFIED.,.F.,.F.,(4,2,3,4),(0.,0.0248318364924123,
0.0934150039476439,0.127996028472505),.UNSPECIFIED.);
#305=B_SPLINE_CURVE_WITH_KNOTS('',3,(#8921,#8922,#8923,#8924),
 .UNSPECIFIED.,.F.,.F.,(4,4),(0.127996028472505,0.179549334972758),
 .UNSPECIFIED.);
#306=B_SPLINE_CURVE_WITH_KNOTS('',3,(#8926,#8927,#8928,#8929),
 .UNSPECIFIED.,.F.,.F.,(4,4),(0.127996028472505,0.179549334972758),
 .UNSPECIFIED.);
#307=B_SPLINE_CURVE_WITH_KNOTS('',3,(#8933,#8934,#8935,#8936),
 .UNSPECIFIED.,.F.,.F.,(4,4),(0.179549334972758,0.209250828429693),
 .UNSPECIFIED.);
#308=B_SPLINE_CURVE_WITH_KNOTS('',3,(#8938,#8939,#8940,#8941),
 .UNSPECIFIED.,.F.,.F.,(4,4),(0.179549334972758,0.209250828429693),
 .UNSPECIFIED.);
#309=B_SPLINE_CURVE_WITH_KNOTS('',3,(#8945,#8946,#8947,#8948),
 .UNSPECIFIED.,.F.,.F.,(4,4),(0.209250828429693,0.260804134929946),
 .UNSPECIFIED.);
#310=B_SPLINE_CURVE_WITH_KNOTS('',3,(#8950,#8951,#8952,#8953),
 .UNSPECIFIED.,.F.,.F.,(4,4),(0.209250828429693,0.260804134929946),
 .UNSPECIFIED.);
#311=B_SPLINE_CURVE_WITH_KNOTS('',3,(#8957,#8958,#8959,#8960),
 .UNSPECIFIED.,.F.,.F.,(4,4),(0.260804134929946,0.454075995924721),
 .UNSPECIFIED.);
#312=B_SPLINE_CURVE_WITH_KNOTS('',3,(#8962,#8963,#8964,#8965),
 .UNSPECIFIED.,.F.,.F.,(4,4),(0.260804134929946,0.454075995924721),
 .UNSPECIFIED.);
#313=B_SPLINE_CURVE_WITH_KNOTS('',3,(#8969,#8970,#8971,#8972),
 .UNSPECIFIED.,.F.,.F.,(4,4),(0.454075995924721,0.489717788073044),
 .UNSPECIFIED.);
#314=B_SPLINE_CURVE_WITH_KNOTS('',3,(#8974,#8975,#8976,#8977),
 .UNSPECIFIED.,.F.,.F.,(4,4),(0.454075995924721,0.489717788073044),
 .UNSPECIFIED.);
#315=B_SPLINE_CURVE_WITH_KNOTS('',3,(#8981,#8982,#8983,#8984),
 .UNSPECIFIED.,.F.,.F.,(4,4),(0.489717788073044,0.682989649067819),
 .UNSPECIFIED.);
#316=B_SPLINE_CURVE_WITH_KNOTS('',3,(#8986,#8987,#8988,#8989),
 .UNSPECIFIED.,.F.,.F.,(4,4),(0.489717788073044,0.682989649067819),
 .UNSPECIFIED.);
#317=B_SPLINE_CURVE_WITH_KNOTS('',3,(#8993,#8994,#8995,#8996),
 .UNSPECIFIED.,.F.,.F.,(4,4),(0.682989649067819,0.721389437037143),
 .UNSPECIFIED.);
#318=B_SPLINE_CURVE_WITH_KNOTS('',3,(#8998,#8999,#9000,#9001),
 .UNSPECIFIED.,.F.,.F.,(4,4),(0.682989649067819,0.721389437037143),
 .UNSPECIFIED.);
#319=B_SPLINE_CURVE_WITH_KNOTS('',3,(#9005,#9006,#9007,#9008),
 .UNSPECIFIED.,.F.,.F.,(4,4),(0.721389437037143,0.751090930494079),
 .UNSPECIFIED.);
#320=B_SPLINE_CURVE_WITH_KNOTS('',3,(#9010,#9011,#9012,#9013),
 .UNSPECIFIED.,.F.,.F.,(4,4),(0.721389437037143,0.751090930494079),
 .UNSPECIFIED.);
#321=B_SPLINE_CURVE_WITH_KNOTS('',3,(#9017,#9018,#9019,#9020),
 .UNSPECIFIED.,.F.,.F.,(4,4),(0.751090930494079,0.789490718463403),
 .UNSPECIFIED.);
#322=B_SPLINE_CURVE_WITH_KNOTS('',3,(#9022,#9023,#9024,#9025),
 .UNSPECIFIED.,.F.,.F.,(4,4),(0.751090930494079,0.789490718463403),
 .UNSPECIFIED.);
#323=B_SPLINE_CURVE_WITH_KNOTS('',3,(#9038,#9039,#9040,#9041,#9042,#9043,
#9044,#9045,#9046,#9047,#9048,#9049),.UNSPECIFIED.,.F.,.F.,(4,3,3,2,4),
(0.789490718463403,0.825556817661111,0.885869481714235,0.939425724935338,
0.96817697129614),.UNSPECIFIED.);
#324=B_SPLINE_CURVE_WITH_KNOTS('',3,(#9050,#9051,#9052,#9053,#9054,#9055,
#9056,#9057,#9058,#9059,#9060,#9061),.UNSPECIFIED.,.F.,.F.,(4,3,3,2,4),
(0.789490718463403,0.825556817661111,0.885869481714235,0.939425724935338,
0.96817697129614),.UNSPECIFIED.);
#325=B_SPLINE_CURVE_WITH_KNOTS('',3,(#9065,#9066,#9067,#9068),
 .UNSPECIFIED.,.F.,.F.,(4,4),(0.968176107519812,1.),.UNSPECIFIED.);
#326=B_SPLINE_CURVE_WITH_KNOTS('',3,(#9073,#9074,#9075,#9076),
 .UNSPECIFIED.,.F.,.F.,(4,4),(0.968176107519812,1.),.UNSPECIFIED.);
#327=B_SPLINE_CURVE_WITH_KNOTS('',3,(#9087,#9088,#9089,#9090,#9091,#9092,
#9093,#9094,#9095),.UNSPECIFIED.,.F.,.F.,(4,2,3,4),(0.,0.0242342167876316,
0.0933903964011145,0.127972359562919),.UNSPECIFIED.);
#328=B_SPLINE_CURVE_WITH_KNOTS('',3,(#9097,#9098,#9099,#9100,#9101,#9102,
#9103,#9104,#9105),.UNSPECIFIED.,.F.,.F.,(4,2,3,4),(0.,0.0242342167876316,
0.0933903964011145,0.127972359562919),.UNSPECIFIED.);
#329=B_SPLINE_CURVE_WITH_KNOTS('',3,(#9109,#9110,#9111,#9112),
 .UNSPECIFIED.,.F.,.F.,(4,4),(0.127972359562919,0.179527065380825),
 .UNSPECIFIED.);
#330=B_SPLINE_CURVE_WITH_KNOTS('',3,(#9114,#9115,#9116,#9117),
 .UNSPECIFIED.,.F.,.F.,(4,4),(0.127972359562919,0.179527065380825),
 .UNSPECIFIED.);
#331=B_SPLINE_CURVE_WITH_KNOTS('',3,(#9121,#9122,#9123,#9124),
 .UNSPECIFIED.,.F.,.F.,(4,4),(0.179527065380825,0.209229365029),
 .UNSPECIFIED.);
#332=B_SPLINE_CURVE_WITH_KNOTS('',3,(#9126,#9127,#9128,#9129),
 .UNSPECIFIED.,.F.,.F.,(4,4),(0.179527065380825,0.209229365029),
 .UNSPECIFIED.);
#333=B_SPLINE_CURVE_WITH_KNOTS('',3,(#9133,#9134,#9135,#9136),
 .UNSPECIFIED.,.F.,.F.,(4,4),(0.209229365029,0.260784070846906),
 .UNSPECIFIED.);
#334=B_SPLINE_CURVE_WITH_KNOTS('',3,(#9138,#9139,#9140,#9141),
 .UNSPECIFIED.,.F.,.F.,(4,4),(0.209229365029,0.260784070846906),
 .UNSPECIFIED.);
#335=B_SPLINE_CURVE_WITH_KNOTS('',3,(#9145,#9146,#9147,#9148),
 .UNSPECIFIED.,.F.,.F.,(4,4),(0.260784070846906,0.45406117784325),
 .UNSPECIFIED.);
#336=B_SPLINE_CURVE_WITH_KNOTS('',3,(#9150,#9151,#9152,#9153),
 .UNSPECIFIED.,.F.,.F.,(4,4),(0.260784070846906,0.45406117784325),
 .UNSPECIFIED.);
#337=B_SPLINE_CURVE_WITH_KNOTS('',3,(#9157,#9158,#9159,#9160),
 .UNSPECIFIED.,.F.,.F.,(4,4),(0.45406117784325,0.489703937421061),
 .UNSPECIFIED.);
#338=B_SPLINE_CURVE_WITH_KNOTS('',3,(#9162,#9163,#9164,#9165),
 .UNSPECIFIED.,.F.,.F.,(4,4),(0.45406117784325,0.489703937421061),
 .UNSPECIFIED.);
#339=B_SPLINE_CURVE_WITH_KNOTS('',3,(#9169,#9170,#9171,#9172),
 .UNSPECIFIED.,.F.,.F.,(4,4),(0.489703937421061,0.682981044417406),
 .UNSPECIFIED.);
#340=B_SPLINE_CURVE_WITH_KNOTS('',3,(#9174,#9175,#9176,#9177),
 .UNSPECIFIED.,.F.,.F.,(4,4),(0.489703937421061,0.682981044417406),
 .UNSPECIFIED.);
#341=B_SPLINE_CURVE_WITH_KNOTS('',3,(#9181,#9182,#9183,#9184),
 .UNSPECIFIED.,.F.,.F.,(4,4),(0.682981044417406,0.721381874676833),
 .UNSPECIFIED.);
#342=B_SPLINE_CURVE_WITH_KNOTS('',3,(#9186,#9187,#9188,#9189),
 .UNSPECIFIED.,.F.,.F.,(4,4),(0.682981044417406,0.721381874676833),
 .UNSPECIFIED.);
#343=B_SPLINE_CURVE_WITH_KNOTS('',3,(#9193,#9194,#9195,#9196),
 .UNSPECIFIED.,.F.,.F.,(4,4),(0.721381874676833,0.751084174325009),
 .UNSPECIFIED.);
#344=B_SPLINE_CURVE_WITH_KNOTS('',3,(#9198,#9199,#9200,#9201),
 .UNSPECIFIED.,.F.,.F.,(4,4),(0.721381874676833,0.751084174325009),
 .UNSPECIFIED.);
#345=B_SPLINE_CURVE_WITH_KNOTS('',3,(#9205,#9206,#9207,#9208),
 .UNSPECIFIED.,.F.,.F.,(4,4),(0.751084174325009,0.789485004584437),
 .UNSPECIFIED.);
#346=B_SPLINE_CURVE_WITH_KNOTS('',3,(#9210,#9211,#9212,#9213),
 .UNSPECIFIED.,.F.,.F.,(4,4),(0.751084174325009,0.789485004584437),
 .UNSPECIFIED.);
#347=B_SPLINE_CURVE_WITH_KNOTS('',3,(#9226,#9227,#9228,#9229,#9230,#9231,
#9232,#9233,#9234,#9235,#9236,#9237),.UNSPECIFIED.,.F.,.F.,(4,3,3,2,4),
(0.789485004584437,0.82555208272865,0.885866383855731,0.939424080760441,
0.968176107519812),.UNSPECIFIED.);
#348=B_SPLINE_CURVE_WITH_KNOTS('',3,(#9238,#9239,#9240,#9241,#9242,#9243,
#9244,#9245,#9246,#9247,#9248,#9249),.UNSPECIFIED.,.F.,.F.,(4,3,3,2,4),
(0.789485004584437,0.82555208272865,0.885866383855731,0.939424080760441,
0.968176107519812),.UNSPECIFIED.);
#349=B_SPLINE_CURVE_WITH_KNOTS('',1,(#9253,#9254),.UNSPECIFIED.,.F.,.F.,
(2,2),(0.548752176436448,1.),.UNSPECIFIED.);
#350=B_SPLINE_CURVE_WITH_KNOTS('',1,(#9259,#9260),.UNSPECIFIED.,.F.,.F.,
(2,2),(0.548752176436448,1.),.UNSPECIFIED.);
#351=B_SPLINE_CURVE_WITH_KNOTS('',1,(#9264,#9265),.UNSPECIFIED.,.F.,.F.,
(2,2),(0.,0.0487521764364482),.UNSPECIFIED.);
#352=B_SPLINE_CURVE_WITH_KNOTS('',1,(#9267,#9268),.UNSPECIFIED.,.F.,.F.,
(2,2),(0.,0.0487521764364482),.UNSPECIFIED.);
#353=B_SPLINE_CURVE_WITH_KNOTS('',1,(#9272,#9273),.UNSPECIFIED.,.F.,.F.,
(2,2),(0.0487521764364482,0.5),.UNSPECIFIED.);
#354=B_SPLINE_CURVE_WITH_KNOTS('',1,(#9275,#9276),.UNSPECIFIED.,.F.,.F.,
(2,2),(0.0487521764364482,0.5),.UNSPECIFIED.);
#355=B_SPLINE_CURVE_WITH_KNOTS('',1,(#9280,#9281),.UNSPECIFIED.,.F.,.F.,
(2,2),(0.5,0.548752176436448),.UNSPECIFIED.);
#356=B_SPLINE_CURVE_WITH_KNOTS('',1,(#9282,#9283),.UNSPECIFIED.,.F.,.F.,
(2,2),(0.5,0.548752176436448),.UNSPECIFIED.);
#357=B_SPLINE_CURVE_WITH_KNOTS('',3,(#9300,#9301,#9302,#9303,#9304,#9305,
#9306,#9307,#9308,#9309,#9310,#9311,#9312,#9313,#9314,#9315,#9316,#9317,
#9318,#9319,#9320),.UNSPECIFIED.,.F.,.F.,(4,2,3,2,2,2,3,3,4),(0.389186965590019,
0.472882229688736,0.554374986837486,0.643750271036574,0.728475973976751,
0.813201676916927,0.897313425487971,0.981290472447527,1.),.UNSPECIFIED.);
#358=B_SPLINE_CURVE_WITH_KNOTS('',3,(#9325,#9326,#9327,#9328,#9329,#9330,
#9331,#9332,#9333,#9334,#9335,#9336,#9337,#9338,#9339,#9340,#9341,#9342,
#9343,#9344,#9345),.UNSPECIFIED.,.F.,.F.,(4,2,3,2,2,2,3,3,4),(0.389186965590019,
0.472882229688736,0.554374986837486,0.643750271036574,0.728475973976751,
0.813201676916927,0.897313425487971,0.981290472447527,1.),.UNSPECIFIED.);
#359=B_SPLINE_CURVE_WITH_KNOTS('',3,(#9349,#9350,#9351,#9352),
 .UNSPECIFIED.,.F.,.F.,(4,4),(0.,0.158355508059869),.UNSPECIFIED.);
#360=B_SPLINE_CURVE_WITH_KNOTS('',3,(#9354,#9355,#9356,#9357),
 .UNSPECIFIED.,.F.,.F.,(4,4),(0.,0.158355508059869),.UNSPECIFIED.);
#361=B_SPLINE_CURVE_WITH_KNOTS('',3,(#9368,#9369,#9370,#9371,#9372,#9373,
#9374,#9375,#9376,#9377),.UNSPECIFIED.,.F.,.F.,(4,3,3,4),(0.158355508059869,
0.22141012759026,0.280082574253687,0.35560284441759),.UNSPECIFIED.);
#362=B_SPLINE_CURVE_WITH_KNOTS('',3,(#9379,#9380,#9381,#9382,#9383,#9384,
#9385,#9386,#9387,#9388),.UNSPECIFIED.,.F.,.F.,(4,3,3,4),(0.158355508059869,
0.22141012759026,0.280082574253687,0.35560284441759),.UNSPECIFIED.);
#363=B_SPLINE_CURVE_WITH_KNOTS('',3,(#9399,#9400,#9401,#9402,#9403,#9404,
#9405,#9406,#9407,#9408,#9409,#9410),.UNSPECIFIED.,.F.,.F.,(4,3,2,3,4),
(0.,0.162010386099155,0.311472439253037,0.455532249521835,0.622299766781076),
 .UNSPECIFIED.);
#364=B_SPLINE_CURVE_WITH_KNOTS('',3,(#9415,#9416,#9417,#9418,#9419,#9420,
#9421,#9422,#9423,#9424,#9425,#9426),.UNSPECIFIED.,.F.,.F.,(4,3,2,3,4),
(0.,0.162010386099155,0.311472439253037,0.455532249521835,0.622299766781076),
 .UNSPECIFIED.);
#365=B_SPLINE_CURVE_WITH_KNOTS('',3,(#9430,#9431,#9432,#9433),
 .UNSPECIFIED.,.F.,.F.,(4,4),(0.622299766781076,1.),.UNSPECIFIED.);
#366=B_SPLINE_CURVE_WITH_KNOTS('',3,(#9434,#9435,#9436,#9437),
 .UNSPECIFIED.,.F.,.F.,(4,4),(0.622299766781076,1.),.UNSPECIFIED.);
#367=B_SPLINE_CURVE_WITH_KNOTS('',3,(#9439,#9440,#9441,#9442),
 .UNSPECIFIED.,.F.,.F.,(4,4),(0.35560284441759,0.389186965590019),
 .UNSPECIFIED.);
#368=B_SPLINE_CURVE_WITH_KNOTS('',3,(#9443,#9444,#9445,#9446),
 .UNSPECIFIED.,.F.,.F.,(4,4),(0.35560284441759,0.389186965590019),
 .UNSPECIFIED.);
#369=B_SPLINE_CURVE_WITH_KNOTS('',3,(#9450,#9451,#9452,#9453),
 .UNSPECIFIED.,.F.,.F.,(4,4),(0.949271239354259,1.),.UNSPECIFIED.);
#370=B_SPLINE_CURVE_WITH_KNOTS('',3,(#9458,#9459,#9460,#9461),
 .UNSPECIFIED.,.F.,.F.,(4,4),(0.949271239354259,1.),.UNSPECIFIED.);
#371=B_SPLINE_CURVE_WITH_KNOTS('',3,(#9474,#9475,#9476,#9477,#9478,#9479,
#9480,#9481,#9482,#9483,#9484,#9485),.UNSPECIFIED.,.F.,.F.,(4,2,3,3,4),
(0.,0.0437875894250287,0.10110952467234,0.185509191923202,0.340007606239034),
 .UNSPECIFIED.);
#372=B_SPLINE_CURVE_WITH_KNOTS('',3,(#9487,#9488,#9489,#9490,#9491,#9492,
#9493,#9494,#9495,#9496,#9497,#9498),.UNSPECIFIED.,.F.,.F.,(4,2,3,3,4),
(0.,0.0437875894250287,0.10110952467234,0.185509191923202,0.340007606239034),
 .UNSPECIFIED.);
#373=B_SPLINE_CURVE_WITH_KNOTS('',3,(#9502,#9503,#9504,#9505),
 .UNSPECIFIED.,.F.,.F.,(4,4),(0.340007606239034,0.388707216458945),
 .UNSPECIFIED.);
#374=B_SPLINE_CURVE_WITH_KNOTS('',3,(#9507,#9508,#9509,#9510),
 .UNSPECIFIED.,.F.,.F.,(4,4),(0.340007606239034,0.388707216458945),
 .UNSPECIFIED.);
#375=B_SPLINE_CURVE_WITH_KNOTS('',3,(#9514,#9515,#9516,#9517),
 .UNSPECIFIED.,.F.,.F.,(4,4),(0.388707216458945,0.693369658965652),
 .UNSPECIFIED.);
#376=B_SPLINE_CURVE_WITH_KNOTS('',3,(#9519,#9520,#9521,#9522),
 .UNSPECIFIED.,.F.,.F.,(4,4),(0.388707216458945,0.693369658965652),
 .UNSPECIFIED.);
#377=B_SPLINE_CURVE_WITH_KNOTS('',3,(#9526,#9527,#9528,#9529),
 .UNSPECIFIED.,.F.,.F.,(4,4),(0.693369658965652,0.742069269185563),
 .UNSPECIFIED.);
#378=B_SPLINE_CURVE_WITH_KNOTS('',3,(#9531,#9532,#9533,#9534),
 .UNSPECIFIED.,.F.,.F.,(4,4),(0.693369658965652,0.742069269185563),
 .UNSPECIFIED.);
#379=B_SPLINE_CURVE_WITH_KNOTS('',3,(#9538,#9539,#9540,#9541),
 .UNSPECIFIED.,.F.,.F.,(4,4),(0.742069269185563,0.805842568283066),
 .UNSPECIFIED.);
#380=B_SPLINE_CURVE_WITH_KNOTS('',3,(#9543,#9544,#9545,#9546),
 .UNSPECIFIED.,.F.,.F.,(4,4),(0.742069269185563,0.805842568283066),
 .UNSPECIFIED.);
#381=B_SPLINE_CURVE_WITH_KNOTS('',3,(#9550,#9551,#9552,#9553),
 .UNSPECIFIED.,.F.,.F.,(4,4),(0.805842568283066,0.807002082812112),
 .UNSPECIFIED.);
#382=B_SPLINE_CURVE_WITH_KNOTS('',3,(#9555,#9556,#9557,#9558),
 .UNSPECIFIED.,.F.,.F.,(4,4),(0.805842568283066,0.807002082812112),
 .UNSPECIFIED.);
#383=B_SPLINE_CURVE_WITH_KNOTS('',3,(#9569,#9570,#9571,#9572,#9573,#9574,
#9575,#9576,#9577,#9578),.UNSPECIFIED.,.F.,.F.,(4,3,3,4),(0.807002082812112,
0.867224855467282,0.919465540201055,0.949271239354259),.UNSPECIFIED.);
#384=B_SPLINE_CURVE_WITH_KNOTS('',3,(#9579,#9580,#9581,#9582,#9583,#9584,
#9585,#9586,#9587,#9588),.UNSPECIFIED.,.F.,.F.,(4,3,3,4),(0.807002082812112,
0.867224855467282,0.919465540201055,0.949271239354259),.UNSPECIFIED.);
#385=ORIENTED_EDGE('',*,*,#1497,.F.);
#386=ORIENTED_EDGE('',*,*,#1498,.T.);
#387=ORIENTED_EDGE('',*,*,#1499,.F.);
#388=ORIENTED_EDGE('',*,*,#1500,.F.);
#389=ORIENTED_EDGE('',*,*,#1501,.F.);
#390=ORIENTED_EDGE('',*,*,#1502,.T.);
#391=ORIENTED_EDGE('',*,*,#1503,.F.);
#392=ORIENTED_EDGE('',*,*,#1504,.F.);
#393=ORIENTED_EDGE('',*,*,#1505,.T.);
#394=ORIENTED_EDGE('',*,*,#1506,.T.);
#395=ORIENTED_EDGE('',*,*,#1507,.T.);
#396=ORIENTED_EDGE('',*,*,#1508,.F.);
#397=ORIENTED_EDGE('',*,*,#1509,.F.);
#398=ORIENTED_EDGE('',*,*,#1510,.T.);
#399=ORIENTED_EDGE('',*,*,#1511,.T.);
#400=ORIENTED_EDGE('',*,*,#1512,.T.);
#401=ORIENTED_EDGE('',*,*,#1513,.T.);
#402=ORIENTED_EDGE('',*,*,#1514,.F.);
#403=ORIENTED_EDGE('',*,*,#1515,.F.);
#404=ORIENTED_EDGE('',*,*,#1516,.T.);
#405=ORIENTED_EDGE('',*,*,#1509,.T.);
#406=ORIENTED_EDGE('',*,*,#1517,.F.);
#407=ORIENTED_EDGE('',*,*,#1518,.F.);
#408=ORIENTED_EDGE('',*,*,#1513,.F.);
#409=ORIENTED_EDGE('',*,*,#1519,.F.);
#410=ORIENTED_EDGE('',*,*,#1520,.T.);
#411=ORIENTED_EDGE('',*,*,#1521,.T.);
#412=ORIENTED_EDGE('',*,*,#1522,.T.);
#413=ORIENTED_EDGE('',*,*,#1523,.T.);
#414=ORIENTED_EDGE('',*,*,#1524,.F.);
#415=ORIENTED_EDGE('',*,*,#1525,.T.);
#416=ORIENTED_EDGE('',*,*,#1526,.F.);
#417=ORIENTED_EDGE('',*,*,#1527,.T.);
#418=ORIENTED_EDGE('',*,*,#1528,.T.);
#419=ORIENTED_EDGE('',*,*,#1529,.T.);
#420=ORIENTED_EDGE('',*,*,#1505,.F.);
#421=ORIENTED_EDGE('',*,*,#1530,.F.);
#422=ORIENTED_EDGE('',*,*,#1520,.F.);
#423=ORIENTED_EDGE('',*,*,#1531,.T.);
#424=ORIENTED_EDGE('',*,*,#1532,.T.);
#425=ORIENTED_EDGE('',*,*,#1533,.F.);
#426=ORIENTED_EDGE('',*,*,#1534,.F.);
#427=ORIENTED_EDGE('',*,*,#1535,.T.);
#428=ORIENTED_EDGE('',*,*,#1536,.F.);
#429=ORIENTED_EDGE('',*,*,#1532,.F.);
#430=ORIENTED_EDGE('',*,*,#1537,.T.);
#431=ORIENTED_EDGE('',*,*,#1515,.T.);
#432=ORIENTED_EDGE('',*,*,#1538,.F.);
#433=ORIENTED_EDGE('',*,*,#1539,.F.);
#434=ORIENTED_EDGE('',*,*,#1540,.F.);
#435=ORIENTED_EDGE('',*,*,#1541,.F.);
#436=ORIENTED_EDGE('',*,*,#1534,.T.);
#437=ORIENTED_EDGE('',*,*,#1542,.F.);
#438=ORIENTED_EDGE('',*,*,#1543,.T.);
#439=ORIENTED_EDGE('',*,*,#1540,.T.);
#440=ORIENTED_EDGE('',*,*,#1544,.T.);
#441=ORIENTED_EDGE('',*,*,#1507,.F.);
#442=ORIENTED_EDGE('',*,*,#1545,.F.);
#443=ORIENTED_EDGE('',*,*,#1543,.F.);
#444=ORIENTED_EDGE('',*,*,#1546,.T.);
#445=ORIENTED_EDGE('',*,*,#1547,.F.);
#446=ORIENTED_EDGE('',*,*,#1548,.T.);
#447=ORIENTED_EDGE('',*,*,#1535,.F.);
#448=ORIENTED_EDGE('',*,*,#1541,.T.);
#449=ORIENTED_EDGE('',*,*,#1549,.F.);
#450=ORIENTED_EDGE('',*,*,#1550,.T.);
#451=ORIENTED_EDGE('',*,*,#1551,.T.);
#452=ORIENTED_EDGE('',*,*,#1547,.T.);
#453=ORIENTED_EDGE('',*,*,#1552,.T.);
#454=ORIENTED_EDGE('',*,*,#1553,.T.);
#455=ORIENTED_EDGE('',*,*,#1554,.F.);
#456=ORIENTED_EDGE('',*,*,#1497,.T.);
#457=ORIENTED_EDGE('',*,*,#1555,.T.);
#458=ORIENTED_EDGE('',*,*,#1556,.T.);
#459=ORIENTED_EDGE('',*,*,#1557,.T.);
#460=ORIENTED_EDGE('',*,*,#1558,.T.);
#461=ORIENTED_EDGE('',*,*,#1559,.T.);
#462=ORIENTED_EDGE('',*,*,#1560,.T.);
#463=ORIENTED_EDGE('',*,*,#1561,.T.);
#464=ORIENTED_EDGE('',*,*,#1499,.T.);
#465=ORIENTED_EDGE('',*,*,#1562,.F.);
#466=ORIENTED_EDGE('',*,*,#1563,.T.);
#467=ORIENTED_EDGE('',*,*,#1498,.F.);
#468=ORIENTED_EDGE('',*,*,#1554,.T.);
#469=ORIENTED_EDGE('',*,*,#1564,.T.);
#470=ORIENTED_EDGE('',*,*,#1562,.T.);
#471=ORIENTED_EDGE('',*,*,#1555,.F.);
#472=ORIENTED_EDGE('',*,*,#1500,.T.);
#473=ORIENTED_EDGE('',*,*,#1561,.F.);
#474=ORIENTED_EDGE('',*,*,#1565,.T.);
#475=ORIENTED_EDGE('',*,*,#1566,.F.);
#476=ORIENTED_EDGE('',*,*,#1563,.F.);
#477=ORIENTED_EDGE('',*,*,#1567,.F.);
#478=ORIENTED_EDGE('',*,*,#1560,.F.);
#479=ORIENTED_EDGE('',*,*,#1567,.T.);
#480=ORIENTED_EDGE('',*,*,#1564,.F.);
#481=ORIENTED_EDGE('',*,*,#1568,.F.);
#482=ORIENTED_EDGE('',*,*,#1557,.F.);
#483=ORIENTED_EDGE('',*,*,#1566,.T.);
#484=ORIENTED_EDGE('',*,*,#1559,.F.);
#485=ORIENTED_EDGE('',*,*,#1569,.F.);
#486=ORIENTED_EDGE('',*,*,#1565,.F.);
#487=ORIENTED_EDGE('',*,*,#1568,.T.);
#488=ORIENTED_EDGE('',*,*,#1556,.F.);
#489=ORIENTED_EDGE('',*,*,#1569,.T.);
#490=ORIENTED_EDGE('',*,*,#1558,.F.);
#491=ORIENTED_EDGE('',*,*,#1525,.F.);
#492=ORIENTED_EDGE('',*,*,#1570,.T.);
#493=ORIENTED_EDGE('',*,*,#1527,.F.);
#494=ORIENTED_EDGE('',*,*,#1519,.T.);
#495=ORIENTED_EDGE('',*,*,#1512,.F.);
#496=ORIENTED_EDGE('',*,*,#1571,.T.);
#497=ORIENTED_EDGE('',*,*,#1572,.F.);
#498=ORIENTED_EDGE('',*,*,#1573,.T.);
#499=ORIENTED_EDGE('',*,*,#1549,.T.);
#500=ORIENTED_EDGE('',*,*,#1574,.T.);
#501=ORIENTED_EDGE('',*,*,#1548,.F.);
#502=ORIENTED_EDGE('',*,*,#1551,.F.);
#503=ORIENTED_EDGE('',*,*,#1575,.T.);
#504=ORIENTED_EDGE('',*,*,#1536,.T.);
#505=ORIENTED_EDGE('',*,*,#1576,.T.);
#506=ORIENTED_EDGE('',*,*,#1577,.T.);
#507=ORIENTED_EDGE('',*,*,#1578,.T.);
#508=ORIENTED_EDGE('',*,*,#1579,.T.);
#509=ORIENTED_EDGE('',*,*,#1575,.F.);
#510=ORIENTED_EDGE('',*,*,#1550,.F.);
#511=ORIENTED_EDGE('',*,*,#1573,.F.);
#512=ORIENTED_EDGE('',*,*,#1580,.F.);
#513=ORIENTED_EDGE('',*,*,#1521,.F.);
#514=ORIENTED_EDGE('',*,*,#1581,.F.);
#515=ORIENTED_EDGE('',*,*,#1510,.F.);
#516=ORIENTED_EDGE('',*,*,#1516,.F.);
#517=ORIENTED_EDGE('',*,*,#1537,.F.);
#518=ORIENTED_EDGE('',*,*,#1531,.F.);
#519=ORIENTED_EDGE('',*,*,#1582,.T.);
#520=ORIENTED_EDGE('',*,*,#1583,.T.);
#521=ORIENTED_EDGE('',*,*,#1584,.T.);
#522=ORIENTED_EDGE('',*,*,#1585,.T.);
#523=ORIENTED_EDGE('',*,*,#1586,.T.);
#524=ORIENTED_EDGE('',*,*,#1587,.F.);
#525=ORIENTED_EDGE('',*,*,#1588,.F.);
#526=ORIENTED_EDGE('',*,*,#1589,.F.);
#527=ORIENTED_EDGE('',*,*,#1590,.T.);
#528=ORIENTED_EDGE('',*,*,#1591,.T.);
#529=ORIENTED_EDGE('',*,*,#1587,.T.);
#530=ORIENTED_EDGE('',*,*,#1592,.T.);
#531=ORIENTED_EDGE('',*,*,#1593,.T.);
#532=ORIENTED_EDGE('',*,*,#1594,.F.);
#533=ORIENTED_EDGE('',*,*,#1595,.F.);
#534=ORIENTED_EDGE('',*,*,#1590,.F.);
#535=ORIENTED_EDGE('',*,*,#1588,.T.);
#536=ORIENTED_EDGE('',*,*,#1591,.F.);
#537=ORIENTED_EDGE('',*,*,#1595,.T.);
#538=ORIENTED_EDGE('',*,*,#1596,.F.);
#539=ORIENTED_EDGE('',*,*,#1597,.F.);
#540=ORIENTED_EDGE('',*,*,#1598,.T.);
#541=ORIENTED_EDGE('',*,*,#1599,.T.);
#542=ORIENTED_EDGE('',*,*,#1589,.T.);
#543=ORIENTED_EDGE('',*,*,#1593,.F.);
#544=ORIENTED_EDGE('',*,*,#1592,.F.);
#545=ORIENTED_EDGE('',*,*,#1586,.F.);
#546=ORIENTED_EDGE('',*,*,#1600,.F.);
#547=ORIENTED_EDGE('',*,*,#1601,.T.);
#548=ORIENTED_EDGE('',*,*,#1602,.T.);
#549=ORIENTED_EDGE('',*,*,#1603,.F.);
#550=ORIENTED_EDGE('',*,*,#1594,.T.);
#551=ORIENTED_EDGE('',*,*,#1604,.F.);
#552=ORIENTED_EDGE('',*,*,#1602,.F.);
#553=ORIENTED_EDGE('',*,*,#1605,.F.);
#554=ORIENTED_EDGE('',*,*,#1606,.F.);
#555=ORIENTED_EDGE('',*,*,#1607,.F.);
#556=ORIENTED_EDGE('',*,*,#1608,.F.);
#557=ORIENTED_EDGE('',*,*,#1609,.F.);
#558=ORIENTED_EDGE('',*,*,#1598,.F.);
#559=ORIENTED_EDGE('',*,*,#1610,.F.);
#560=ORIENTED_EDGE('',*,*,#1576,.F.);
#561=ORIENTED_EDGE('',*,*,#1611,.T.);
#562=ORIENTED_EDGE('',*,*,#1608,.T.);
#563=ORIENTED_EDGE('',*,*,#1611,.F.);
#564=ORIENTED_EDGE('',*,*,#1579,.F.);
#565=ORIENTED_EDGE('',*,*,#1612,.F.);
#566=ORIENTED_EDGE('',*,*,#1605,.T.);
#567=ORIENTED_EDGE('',*,*,#1601,.F.);
#568=ORIENTED_EDGE('',*,*,#1600,.T.);
#569=ORIENTED_EDGE('',*,*,#1599,.F.);
#570=ORIENTED_EDGE('',*,*,#1609,.T.);
#571=ORIENTED_EDGE('',*,*,#1612,.T.);
#572=ORIENTED_EDGE('',*,*,#1578,.F.);
#573=ORIENTED_EDGE('',*,*,#1613,.F.);
#574=ORIENTED_EDGE('',*,*,#1606,.T.);
#575=ORIENTED_EDGE('',*,*,#1613,.T.);
#576=ORIENTED_EDGE('',*,*,#1577,.F.);
#577=ORIENTED_EDGE('',*,*,#1610,.T.);
#578=ORIENTED_EDGE('',*,*,#1607,.T.);
#579=ORIENTED_EDGE('',*,*,#1597,.T.);
#580=ORIENTED_EDGE('',*,*,#1596,.T.);
#581=ORIENTED_EDGE('',*,*,#1603,.T.);
#582=ORIENTED_EDGE('',*,*,#1604,.T.);
#583=ORIENTED_EDGE('',*,*,#1542,.T.);
#584=ORIENTED_EDGE('',*,*,#1614,.T.);
#585=ORIENTED_EDGE('',*,*,#1552,.F.);
#586=ORIENTED_EDGE('',*,*,#1546,.F.);
#587=ORIENTED_EDGE('',*,*,#1538,.T.);
#588=ORIENTED_EDGE('',*,*,#1615,.T.);
#589=ORIENTED_EDGE('',*,*,#1539,.T.);
#590=ORIENTED_EDGE('',*,*,#1533,.T.);
#591=ORIENTED_EDGE('',*,*,#1508,.T.);
#592=ORIENTED_EDGE('',*,*,#1544,.F.);
#593=ORIENTED_EDGE('',*,*,#1615,.F.);
#594=ORIENTED_EDGE('',*,*,#1616,.F.);
#595=ORIENTED_EDGE('',*,*,#1530,.T.);
#596=ORIENTED_EDGE('',*,*,#1553,.F.);
#597=ORIENTED_EDGE('',*,*,#1614,.F.);
#598=ORIENTED_EDGE('',*,*,#1617,.F.);
#599=ORIENTED_EDGE('',*,*,#1574,.F.);
#600=ORIENTED_EDGE('',*,*,#1506,.F.);
#601=ORIENTED_EDGE('',*,*,#1529,.F.);
#602=ORIENTED_EDGE('',*,*,#1618,.T.);
#603=ORIENTED_EDGE('',*,*,#1617,.T.);
#604=ORIENTED_EDGE('',*,*,#1545,.T.);
#605=ORIENTED_EDGE('',*,*,#1619,.F.);
#606=ORIENTED_EDGE('',*,*,#1501,.T.);
#607=ORIENTED_EDGE('',*,*,#1620,.T.);
#608=ORIENTED_EDGE('',*,*,#1621,.T.);
#609=ORIENTED_EDGE('',*,*,#1622,.T.);
#610=ORIENTED_EDGE('',*,*,#1623,.T.);
#611=ORIENTED_EDGE('',*,*,#1624,.T.);
#612=ORIENTED_EDGE('',*,*,#1625,.T.);
#613=ORIENTED_EDGE('',*,*,#1626,.T.);
#614=ORIENTED_EDGE('',*,*,#1503,.T.);
#615=ORIENTED_EDGE('',*,*,#1627,.F.);
#616=ORIENTED_EDGE('',*,*,#1628,.T.);
#617=ORIENTED_EDGE('',*,*,#1502,.F.);
#618=ORIENTED_EDGE('',*,*,#1619,.T.);
#619=ORIENTED_EDGE('',*,*,#1629,.T.);
#620=ORIENTED_EDGE('',*,*,#1627,.T.);
#621=ORIENTED_EDGE('',*,*,#1620,.F.);
#622=ORIENTED_EDGE('',*,*,#1504,.T.);
#623=ORIENTED_EDGE('',*,*,#1626,.F.);
#624=ORIENTED_EDGE('',*,*,#1630,.T.);
#625=ORIENTED_EDGE('',*,*,#1631,.F.);
#626=ORIENTED_EDGE('',*,*,#1628,.F.);
#627=ORIENTED_EDGE('',*,*,#1632,.F.);
#628=ORIENTED_EDGE('',*,*,#1625,.F.);
#629=ORIENTED_EDGE('',*,*,#1632,.T.);
#630=ORIENTED_EDGE('',*,*,#1629,.F.);
#631=ORIENTED_EDGE('',*,*,#1633,.F.);
#632=ORIENTED_EDGE('',*,*,#1622,.F.);
#633=ORIENTED_EDGE('',*,*,#1631,.T.);
#634=ORIENTED_EDGE('',*,*,#1624,.F.);
#635=ORIENTED_EDGE('',*,*,#1634,.F.);
#636=ORIENTED_EDGE('',*,*,#1630,.F.);
#637=ORIENTED_EDGE('',*,*,#1633,.T.);
#638=ORIENTED_EDGE('',*,*,#1621,.F.);
#639=ORIENTED_EDGE('',*,*,#1634,.T.);
#640=ORIENTED_EDGE('',*,*,#1623,.F.);
#641=ORIENTED_EDGE('',*,*,#1522,.F.);
#642=ORIENTED_EDGE('',*,*,#1580,.T.);
#643=ORIENTED_EDGE('',*,*,#1572,.T.);
#644=ORIENTED_EDGE('',*,*,#1635,.T.);
#645=ORIENTED_EDGE('',*,*,#1571,.F.);
#646=ORIENTED_EDGE('',*,*,#1511,.F.);
#647=ORIENTED_EDGE('',*,*,#1581,.T.);
#648=ORIENTED_EDGE('',*,*,#1526,.T.);
#649=ORIENTED_EDGE('',*,*,#1636,.T.);
#650=ORIENTED_EDGE('',*,*,#1637,.F.);
#651=ORIENTED_EDGE('',*,*,#1638,.F.);
#652=ORIENTED_EDGE('',*,*,#1639,.F.);
#653=ORIENTED_EDGE('',*,*,#1640,.T.);
#654=ORIENTED_EDGE('',*,*,#1641,.T.);
#655=ORIENTED_EDGE('',*,*,#1637,.T.);
#656=ORIENTED_EDGE('',*,*,#1642,.T.);
#657=ORIENTED_EDGE('',*,*,#1643,.T.);
#658=ORIENTED_EDGE('',*,*,#1644,.F.);
#659=ORIENTED_EDGE('',*,*,#1645,.F.);
#660=ORIENTED_EDGE('',*,*,#1640,.F.);
#661=ORIENTED_EDGE('',*,*,#1638,.T.);
#662=ORIENTED_EDGE('',*,*,#1641,.F.);
#663=ORIENTED_EDGE('',*,*,#1645,.T.);
#664=ORIENTED_EDGE('',*,*,#1646,.F.);
#665=ORIENTED_EDGE('',*,*,#1647,.F.);
#666=ORIENTED_EDGE('',*,*,#1648,.T.);
#667=ORIENTED_EDGE('',*,*,#1649,.T.);
#668=ORIENTED_EDGE('',*,*,#1639,.T.);
#669=ORIENTED_EDGE('',*,*,#1643,.F.);
#670=ORIENTED_EDGE('',*,*,#1642,.F.);
#671=ORIENTED_EDGE('',*,*,#1636,.F.);
#672=ORIENTED_EDGE('',*,*,#1650,.F.);
#673=ORIENTED_EDGE('',*,*,#1651,.T.);
#674=ORIENTED_EDGE('',*,*,#1652,.T.);
#675=ORIENTED_EDGE('',*,*,#1653,.F.);
#676=ORIENTED_EDGE('',*,*,#1644,.T.);
#677=ORIENTED_EDGE('',*,*,#1654,.F.);
#678=ORIENTED_EDGE('',*,*,#1652,.F.);
#679=ORIENTED_EDGE('',*,*,#1655,.F.);
#680=ORIENTED_EDGE('',*,*,#1656,.F.);
#681=ORIENTED_EDGE('',*,*,#1657,.F.);
#682=ORIENTED_EDGE('',*,*,#1658,.F.);
#683=ORIENTED_EDGE('',*,*,#1659,.F.);
#684=ORIENTED_EDGE('',*,*,#1648,.F.);
#685=ORIENTED_EDGE('',*,*,#1660,.F.);
#686=ORIENTED_EDGE('',*,*,#1585,.F.);
#687=ORIENTED_EDGE('',*,*,#1661,.T.);
#688=ORIENTED_EDGE('',*,*,#1658,.T.);
#689=ORIENTED_EDGE('',*,*,#1661,.F.);
#690=ORIENTED_EDGE('',*,*,#1584,.F.);
#691=ORIENTED_EDGE('',*,*,#1662,.F.);
#692=ORIENTED_EDGE('',*,*,#1655,.T.);
#693=ORIENTED_EDGE('',*,*,#1651,.F.);
#694=ORIENTED_EDGE('',*,*,#1650,.T.);
#695=ORIENTED_EDGE('',*,*,#1649,.F.);
#696=ORIENTED_EDGE('',*,*,#1659,.T.);
#697=ORIENTED_EDGE('',*,*,#1662,.T.);
#698=ORIENTED_EDGE('',*,*,#1583,.F.);
#699=ORIENTED_EDGE('',*,*,#1663,.F.);
#700=ORIENTED_EDGE('',*,*,#1656,.T.);
#701=ORIENTED_EDGE('',*,*,#1663,.T.);
#702=ORIENTED_EDGE('',*,*,#1582,.F.);
#703=ORIENTED_EDGE('',*,*,#1660,.T.);
#704=ORIENTED_EDGE('',*,*,#1657,.T.);
#705=ORIENTED_EDGE('',*,*,#1647,.T.);
#706=ORIENTED_EDGE('',*,*,#1646,.T.);
#707=ORIENTED_EDGE('',*,*,#1653,.T.);
#708=ORIENTED_EDGE('',*,*,#1654,.T.);
#709=ORIENTED_EDGE('',*,*,#1524,.T.);
#710=ORIENTED_EDGE('',*,*,#1664,.T.);
#711=ORIENTED_EDGE('',*,*,#1528,.F.);
#712=ORIENTED_EDGE('',*,*,#1570,.F.);
#713=ORIENTED_EDGE('',*,*,#1517,.T.);
#714=ORIENTED_EDGE('',*,*,#1514,.T.);
#715=ORIENTED_EDGE('',*,*,#1518,.T.);
#716=ORIENTED_EDGE('',*,*,#1616,.T.);
#717=ORIENTED_EDGE('',*,*,#1618,.F.);
#718=ORIENTED_EDGE('',*,*,#1664,.F.);
#719=ORIENTED_EDGE('',*,*,#1523,.F.);
#720=ORIENTED_EDGE('',*,*,#1635,.F.);
#721=ORIENTED_EDGE('',*,*,#1665,.F.);
#722=ORIENTED_EDGE('',*,*,#1666,.F.);
#723=ORIENTED_EDGE('',*,*,#1667,.T.);
#724=ORIENTED_EDGE('',*,*,#1668,.T.);
#725=ORIENTED_EDGE('',*,*,#1669,.F.);
#726=ORIENTED_EDGE('',*,*,#1668,.F.);
#727=ORIENTED_EDGE('',*,*,#1670,.T.);
#728=ORIENTED_EDGE('',*,*,#1671,.T.);
#729=ORIENTED_EDGE('',*,*,#1672,.F.);
#730=ORIENTED_EDGE('',*,*,#1671,.F.);
#731=ORIENTED_EDGE('',*,*,#1673,.T.);
#732=ORIENTED_EDGE('',*,*,#1674,.T.);
#733=ORIENTED_EDGE('',*,*,#1675,.F.);
#734=ORIENTED_EDGE('',*,*,#1674,.F.);
#735=ORIENTED_EDGE('',*,*,#1676,.T.);
#736=ORIENTED_EDGE('',*,*,#1677,.T.);
#737=ORIENTED_EDGE('',*,*,#1678,.F.);
#738=ORIENTED_EDGE('',*,*,#1677,.F.);
#739=ORIENTED_EDGE('',*,*,#1679,.T.);
#740=ORIENTED_EDGE('',*,*,#1666,.T.);
#741=ORIENTED_EDGE('',*,*,#1667,.F.);
#742=ORIENTED_EDGE('',*,*,#1679,.F.);
#743=ORIENTED_EDGE('',*,*,#1676,.F.);
#744=ORIENTED_EDGE('',*,*,#1673,.F.);
#745=ORIENTED_EDGE('',*,*,#1670,.F.);
#746=ORIENTED_EDGE('',*,*,#1665,.T.);
#747=ORIENTED_EDGE('',*,*,#1669,.T.);
#748=ORIENTED_EDGE('',*,*,#1672,.T.);
#749=ORIENTED_EDGE('',*,*,#1675,.T.);
#750=ORIENTED_EDGE('',*,*,#1678,.T.);
#751=ORIENTED_EDGE('',*,*,#1680,.T.);
#752=ORIENTED_EDGE('',*,*,#1681,.F.);
#753=ORIENTED_EDGE('',*,*,#1682,.T.);
#754=ORIENTED_EDGE('',*,*,#1683,.F.);
#755=ORIENTED_EDGE('',*,*,#1680,.F.);
#756=ORIENTED_EDGE('',*,*,#1682,.F.);
#757=ORIENTED_EDGE('',*,*,#1681,.T.);
#758=ORIENTED_EDGE('',*,*,#1683,.T.);
#759=ORIENTED_EDGE('',*,*,#1684,.F.);
#760=ORIENTED_EDGE('',*,*,#1685,.F.);
#761=ORIENTED_EDGE('',*,*,#1686,.T.);
#762=ORIENTED_EDGE('',*,*,#1687,.T.);
#763=ORIENTED_EDGE('',*,*,#1688,.F.);
#764=ORIENTED_EDGE('',*,*,#1687,.F.);
#765=ORIENTED_EDGE('',*,*,#1689,.T.);
#766=ORIENTED_EDGE('',*,*,#1690,.T.);
#767=ORIENTED_EDGE('',*,*,#1691,.F.);
#768=ORIENTED_EDGE('',*,*,#1690,.F.);
#769=ORIENTED_EDGE('',*,*,#1692,.T.);
#770=ORIENTED_EDGE('',*,*,#1693,.T.);
#771=ORIENTED_EDGE('',*,*,#1694,.F.);
#772=ORIENTED_EDGE('',*,*,#1693,.F.);
#773=ORIENTED_EDGE('',*,*,#1695,.T.);
#774=ORIENTED_EDGE('',*,*,#1696,.T.);
#775=ORIENTED_EDGE('',*,*,#1697,.F.);
#776=ORIENTED_EDGE('',*,*,#1696,.F.);
#777=ORIENTED_EDGE('',*,*,#1698,.T.);
#778=ORIENTED_EDGE('',*,*,#1699,.T.);
#779=ORIENTED_EDGE('',*,*,#1700,.F.);
#780=ORIENTED_EDGE('',*,*,#1699,.F.);
#781=ORIENTED_EDGE('',*,*,#1701,.T.);
#782=ORIENTED_EDGE('',*,*,#1702,.T.);
#783=ORIENTED_EDGE('',*,*,#1703,.F.);
#784=ORIENTED_EDGE('',*,*,#1702,.F.);
#785=ORIENTED_EDGE('',*,*,#1704,.T.);
#786=ORIENTED_EDGE('',*,*,#1705,.T.);
#787=ORIENTED_EDGE('',*,*,#1706,.F.);
#788=ORIENTED_EDGE('',*,*,#1705,.F.);
#789=ORIENTED_EDGE('',*,*,#1707,.T.);
#790=ORIENTED_EDGE('',*,*,#1685,.T.);
#791=ORIENTED_EDGE('',*,*,#1686,.F.);
#792=ORIENTED_EDGE('',*,*,#1707,.F.);
#793=ORIENTED_EDGE('',*,*,#1704,.F.);
#794=ORIENTED_EDGE('',*,*,#1701,.F.);
#795=ORIENTED_EDGE('',*,*,#1698,.F.);
#796=ORIENTED_EDGE('',*,*,#1695,.F.);
#797=ORIENTED_EDGE('',*,*,#1692,.F.);
#798=ORIENTED_EDGE('',*,*,#1689,.F.);
#799=ORIENTED_EDGE('',*,*,#1684,.T.);
#800=ORIENTED_EDGE('',*,*,#1688,.T.);
#801=ORIENTED_EDGE('',*,*,#1691,.T.);
#802=ORIENTED_EDGE('',*,*,#1694,.T.);
#803=ORIENTED_EDGE('',*,*,#1697,.T.);
#804=ORIENTED_EDGE('',*,*,#1700,.T.);
#805=ORIENTED_EDGE('',*,*,#1703,.T.);
#806=ORIENTED_EDGE('',*,*,#1706,.T.);
#807=ORIENTED_EDGE('',*,*,#1708,.F.);
#808=ORIENTED_EDGE('',*,*,#1709,.F.);
#809=ORIENTED_EDGE('',*,*,#1710,.T.);
#810=ORIENTED_EDGE('',*,*,#1711,.T.);
#811=ORIENTED_EDGE('',*,*,#1712,.F.);
#812=ORIENTED_EDGE('',*,*,#1711,.F.);
#813=ORIENTED_EDGE('',*,*,#1713,.T.);
#814=ORIENTED_EDGE('',*,*,#1714,.T.);
#815=ORIENTED_EDGE('',*,*,#1715,.F.);
#816=ORIENTED_EDGE('',*,*,#1714,.F.);
#817=ORIENTED_EDGE('',*,*,#1716,.T.);
#818=ORIENTED_EDGE('',*,*,#1717,.T.);
#819=ORIENTED_EDGE('',*,*,#1718,.F.);
#820=ORIENTED_EDGE('',*,*,#1717,.F.);
#821=ORIENTED_EDGE('',*,*,#1719,.T.);
#822=ORIENTED_EDGE('',*,*,#1720,.T.);
#823=ORIENTED_EDGE('',*,*,#1721,.F.);
#824=ORIENTED_EDGE('',*,*,#1720,.F.);
#825=ORIENTED_EDGE('',*,*,#1722,.T.);
#826=ORIENTED_EDGE('',*,*,#1723,.T.);
#827=ORIENTED_EDGE('',*,*,#1724,.F.);
#828=ORIENTED_EDGE('',*,*,#1723,.F.);
#829=ORIENTED_EDGE('',*,*,#1725,.T.);
#830=ORIENTED_EDGE('',*,*,#1726,.T.);
#831=ORIENTED_EDGE('',*,*,#1727,.F.);
#832=ORIENTED_EDGE('',*,*,#1726,.F.);
#833=ORIENTED_EDGE('',*,*,#1728,.T.);
#834=ORIENTED_EDGE('',*,*,#1729,.T.);
#835=ORIENTED_EDGE('',*,*,#1730,.F.);
#836=ORIENTED_EDGE('',*,*,#1729,.F.);
#837=ORIENTED_EDGE('',*,*,#1731,.T.);
#838=ORIENTED_EDGE('',*,*,#1709,.T.);
#839=ORIENTED_EDGE('',*,*,#1710,.F.);
#840=ORIENTED_EDGE('',*,*,#1731,.F.);
#841=ORIENTED_EDGE('',*,*,#1728,.F.);
#842=ORIENTED_EDGE('',*,*,#1725,.F.);
#843=ORIENTED_EDGE('',*,*,#1722,.F.);
#844=ORIENTED_EDGE('',*,*,#1719,.F.);
#845=ORIENTED_EDGE('',*,*,#1716,.F.);
#846=ORIENTED_EDGE('',*,*,#1713,.F.);
#847=ORIENTED_EDGE('',*,*,#1708,.T.);
#848=ORIENTED_EDGE('',*,*,#1712,.T.);
#849=ORIENTED_EDGE('',*,*,#1715,.T.);
#850=ORIENTED_EDGE('',*,*,#1718,.T.);
#851=ORIENTED_EDGE('',*,*,#1721,.T.);
#852=ORIENTED_EDGE('',*,*,#1724,.T.);
#853=ORIENTED_EDGE('',*,*,#1727,.T.);
#854=ORIENTED_EDGE('',*,*,#1730,.T.);
#855=ORIENTED_EDGE('',*,*,#1732,.F.);
#856=ORIENTED_EDGE('',*,*,#1733,.F.);
#857=ORIENTED_EDGE('',*,*,#1734,.T.);
#858=ORIENTED_EDGE('',*,*,#1735,.T.);
#859=ORIENTED_EDGE('',*,*,#1736,.F.);
#860=ORIENTED_EDGE('',*,*,#1735,.F.);
#861=ORIENTED_EDGE('',*,*,#1737,.T.);
#862=ORIENTED_EDGE('',*,*,#1738,.T.);
#863=ORIENTED_EDGE('',*,*,#1739,.F.);
#864=ORIENTED_EDGE('',*,*,#1738,.F.);
#865=ORIENTED_EDGE('',*,*,#1740,.T.);
#866=ORIENTED_EDGE('',*,*,#1741,.T.);
#867=ORIENTED_EDGE('',*,*,#1742,.F.);
#868=ORIENTED_EDGE('',*,*,#1741,.F.);
#869=ORIENTED_EDGE('',*,*,#1743,.T.);
#870=ORIENTED_EDGE('',*,*,#1744,.T.);
#871=ORIENTED_EDGE('',*,*,#1745,.F.);
#872=ORIENTED_EDGE('',*,*,#1744,.F.);
#873=ORIENTED_EDGE('',*,*,#1746,.T.);
#874=ORIENTED_EDGE('',*,*,#1747,.T.);
#875=ORIENTED_EDGE('',*,*,#1748,.F.);
#876=ORIENTED_EDGE('',*,*,#1747,.F.);
#877=ORIENTED_EDGE('',*,*,#1749,.T.);
#878=ORIENTED_EDGE('',*,*,#1750,.T.);
#879=ORIENTED_EDGE('',*,*,#1751,.F.);
#880=ORIENTED_EDGE('',*,*,#1750,.F.);
#881=ORIENTED_EDGE('',*,*,#1752,.T.);
#882=ORIENTED_EDGE('',*,*,#1753,.T.);
#883=ORIENTED_EDGE('',*,*,#1754,.F.);
#884=ORIENTED_EDGE('',*,*,#1753,.F.);
#885=ORIENTED_EDGE('',*,*,#1755,.T.);
#886=ORIENTED_EDGE('',*,*,#1756,.T.);
#887=ORIENTED_EDGE('',*,*,#1757,.F.);
#888=ORIENTED_EDGE('',*,*,#1756,.F.);
#889=ORIENTED_EDGE('',*,*,#1758,.T.);
#890=ORIENTED_EDGE('',*,*,#1759,.T.);
#891=ORIENTED_EDGE('',*,*,#1760,.F.);
#892=ORIENTED_EDGE('',*,*,#1759,.F.);
#893=ORIENTED_EDGE('',*,*,#1761,.T.);
#894=ORIENTED_EDGE('',*,*,#1762,.T.);
#895=ORIENTED_EDGE('',*,*,#1763,.F.);
#896=ORIENTED_EDGE('',*,*,#1762,.F.);
#897=ORIENTED_EDGE('',*,*,#1764,.T.);
#898=ORIENTED_EDGE('',*,*,#1765,.T.);
#899=ORIENTED_EDGE('',*,*,#1766,.F.);
#900=ORIENTED_EDGE('',*,*,#1765,.F.);
#901=ORIENTED_EDGE('',*,*,#1767,.T.);
#902=ORIENTED_EDGE('',*,*,#1768,.T.);
#903=ORIENTED_EDGE('',*,*,#1769,.F.);
#904=ORIENTED_EDGE('',*,*,#1768,.F.);
#905=ORIENTED_EDGE('',*,*,#1770,.T.);
#906=ORIENTED_EDGE('',*,*,#1771,.T.);
#907=ORIENTED_EDGE('',*,*,#1772,.F.);
#908=ORIENTED_EDGE('',*,*,#1771,.F.);
#909=ORIENTED_EDGE('',*,*,#1773,.T.);
#910=ORIENTED_EDGE('',*,*,#1774,.T.);
#911=ORIENTED_EDGE('',*,*,#1775,.F.);
#912=ORIENTED_EDGE('',*,*,#1774,.F.);
#913=ORIENTED_EDGE('',*,*,#1776,.T.);
#914=ORIENTED_EDGE('',*,*,#1777,.T.);
#915=ORIENTED_EDGE('',*,*,#1778,.F.);
#916=ORIENTED_EDGE('',*,*,#1777,.F.);
#917=ORIENTED_EDGE('',*,*,#1779,.T.);
#918=ORIENTED_EDGE('',*,*,#1733,.T.);
#919=ORIENTED_EDGE('',*,*,#1734,.F.);
#920=ORIENTED_EDGE('',*,*,#1779,.F.);
#921=ORIENTED_EDGE('',*,*,#1776,.F.);
#922=ORIENTED_EDGE('',*,*,#1773,.F.);
#923=ORIENTED_EDGE('',*,*,#1770,.F.);
#924=ORIENTED_EDGE('',*,*,#1767,.F.);
#925=ORIENTED_EDGE('',*,*,#1764,.F.);
#926=ORIENTED_EDGE('',*,*,#1761,.F.);
#927=ORIENTED_EDGE('',*,*,#1758,.F.);
#928=ORIENTED_EDGE('',*,*,#1755,.F.);
#929=ORIENTED_EDGE('',*,*,#1752,.F.);
#930=ORIENTED_EDGE('',*,*,#1749,.F.);
#931=ORIENTED_EDGE('',*,*,#1746,.F.);
#932=ORIENTED_EDGE('',*,*,#1743,.F.);
#933=ORIENTED_EDGE('',*,*,#1740,.F.);
#934=ORIENTED_EDGE('',*,*,#1737,.F.);
#935=ORIENTED_EDGE('',*,*,#1732,.T.);
#936=ORIENTED_EDGE('',*,*,#1736,.T.);
#937=ORIENTED_EDGE('',*,*,#1739,.T.);
#938=ORIENTED_EDGE('',*,*,#1742,.T.);
#939=ORIENTED_EDGE('',*,*,#1745,.T.);
#940=ORIENTED_EDGE('',*,*,#1748,.T.);
#941=ORIENTED_EDGE('',*,*,#1751,.T.);
#942=ORIENTED_EDGE('',*,*,#1754,.T.);
#943=ORIENTED_EDGE('',*,*,#1757,.T.);
#944=ORIENTED_EDGE('',*,*,#1760,.T.);
#945=ORIENTED_EDGE('',*,*,#1763,.T.);
#946=ORIENTED_EDGE('',*,*,#1766,.T.);
#947=ORIENTED_EDGE('',*,*,#1769,.T.);
#948=ORIENTED_EDGE('',*,*,#1772,.T.);
#949=ORIENTED_EDGE('',*,*,#1775,.T.);
#950=ORIENTED_EDGE('',*,*,#1778,.T.);
#951=ORIENTED_EDGE('',*,*,#1780,.T.);
#952=ORIENTED_EDGE('',*,*,#1781,.F.);
#953=ORIENTED_EDGE('',*,*,#1780,.F.);
#954=ORIENTED_EDGE('',*,*,#1781,.T.);
#955=ORIENTED_EDGE('',*,*,#1782,.F.);
#956=ORIENTED_EDGE('',*,*,#1783,.F.);
#957=ORIENTED_EDGE('',*,*,#1784,.T.);
#958=ORIENTED_EDGE('',*,*,#1785,.T.);
#959=ORIENTED_EDGE('',*,*,#1786,.F.);
#960=ORIENTED_EDGE('',*,*,#1785,.F.);
#961=ORIENTED_EDGE('',*,*,#1787,.T.);
#962=ORIENTED_EDGE('',*,*,#1788,.T.);
#963=ORIENTED_EDGE('',*,*,#1789,.F.);
#964=ORIENTED_EDGE('',*,*,#1788,.F.);
#965=ORIENTED_EDGE('',*,*,#1790,.T.);
#966=ORIENTED_EDGE('',*,*,#1791,.T.);
#967=ORIENTED_EDGE('',*,*,#1792,.F.);
#968=ORIENTED_EDGE('',*,*,#1791,.F.);
#969=ORIENTED_EDGE('',*,*,#1793,.T.);
#970=ORIENTED_EDGE('',*,*,#1783,.T.);
#971=ORIENTED_EDGE('',*,*,#1784,.F.);
#972=ORIENTED_EDGE('',*,*,#1793,.F.);
#973=ORIENTED_EDGE('',*,*,#1790,.F.);
#974=ORIENTED_EDGE('',*,*,#1787,.F.);
#975=ORIENTED_EDGE('',*,*,#1782,.T.);
#976=ORIENTED_EDGE('',*,*,#1786,.T.);
#977=ORIENTED_EDGE('',*,*,#1789,.T.);
#978=ORIENTED_EDGE('',*,*,#1792,.T.);
#979=ORIENTED_EDGE('',*,*,#1794,.F.);
#980=ORIENTED_EDGE('',*,*,#1795,.F.);
#981=ORIENTED_EDGE('',*,*,#1796,.T.);
#982=ORIENTED_EDGE('',*,*,#1797,.T.);
#983=ORIENTED_EDGE('',*,*,#1798,.F.);
#984=ORIENTED_EDGE('',*,*,#1797,.F.);
#985=ORIENTED_EDGE('',*,*,#1799,.T.);
#986=ORIENTED_EDGE('',*,*,#1800,.T.);
#987=ORIENTED_EDGE('',*,*,#1801,.F.);
#988=ORIENTED_EDGE('',*,*,#1800,.F.);
#989=ORIENTED_EDGE('',*,*,#1802,.T.);
#990=ORIENTED_EDGE('',*,*,#1803,.T.);
#991=ORIENTED_EDGE('',*,*,#1804,.F.);
#992=ORIENTED_EDGE('',*,*,#1803,.F.);
#993=ORIENTED_EDGE('',*,*,#1805,.T.);
#994=ORIENTED_EDGE('',*,*,#1795,.T.);
#995=ORIENTED_EDGE('',*,*,#1796,.F.);
#996=ORIENTED_EDGE('',*,*,#1805,.F.);
#997=ORIENTED_EDGE('',*,*,#1802,.F.);
#998=ORIENTED_EDGE('',*,*,#1799,.F.);
#999=ORIENTED_EDGE('',*,*,#1794,.T.);
#1000=ORIENTED_EDGE('',*,*,#1798,.T.);
#1001=ORIENTED_EDGE('',*,*,#1801,.T.);
#1002=ORIENTED_EDGE('',*,*,#1804,.T.);
#1003=ORIENTED_EDGE('',*,*,#1806,.F.);
#1004=ORIENTED_EDGE('',*,*,#1807,.F.);
#1005=ORIENTED_EDGE('',*,*,#1808,.T.);
#1006=ORIENTED_EDGE('',*,*,#1809,.T.);
#1007=ORIENTED_EDGE('',*,*,#1810,.F.);
#1008=ORIENTED_EDGE('',*,*,#1809,.F.);
#1009=ORIENTED_EDGE('',*,*,#1811,.T.);
#1010=ORIENTED_EDGE('',*,*,#1812,.T.);
#1011=ORIENTED_EDGE('',*,*,#1813,.F.);
#1012=ORIENTED_EDGE('',*,*,#1812,.F.);
#1013=ORIENTED_EDGE('',*,*,#1814,.T.);
#1014=ORIENTED_EDGE('',*,*,#1815,.T.);
#1015=ORIENTED_EDGE('',*,*,#1816,.F.);
#1016=ORIENTED_EDGE('',*,*,#1815,.F.);
#1017=ORIENTED_EDGE('',*,*,#1817,.T.);
#1018=ORIENTED_EDGE('',*,*,#1818,.T.);
#1019=ORIENTED_EDGE('',*,*,#1819,.F.);
#1020=ORIENTED_EDGE('',*,*,#1818,.F.);
#1021=ORIENTED_EDGE('',*,*,#1820,.T.);
#1022=ORIENTED_EDGE('',*,*,#1821,.T.);
#1023=ORIENTED_EDGE('',*,*,#1822,.F.);
#1024=ORIENTED_EDGE('',*,*,#1821,.F.);
#1025=ORIENTED_EDGE('',*,*,#1823,.T.);
#1026=ORIENTED_EDGE('',*,*,#1824,.T.);
#1027=ORIENTED_EDGE('',*,*,#1825,.F.);
#1028=ORIENTED_EDGE('',*,*,#1824,.F.);
#1029=ORIENTED_EDGE('',*,*,#1826,.T.);
#1030=ORIENTED_EDGE('',*,*,#1827,.T.);
#1031=ORIENTED_EDGE('',*,*,#1828,.F.);
#1032=ORIENTED_EDGE('',*,*,#1827,.F.);
#1033=ORIENTED_EDGE('',*,*,#1829,.T.);
#1034=ORIENTED_EDGE('',*,*,#1807,.T.);
#1035=ORIENTED_EDGE('',*,*,#1808,.F.);
#1036=ORIENTED_EDGE('',*,*,#1829,.F.);
#1037=ORIENTED_EDGE('',*,*,#1826,.F.);
#1038=ORIENTED_EDGE('',*,*,#1823,.F.);
#1039=ORIENTED_EDGE('',*,*,#1820,.F.);
#1040=ORIENTED_EDGE('',*,*,#1817,.F.);
#1041=ORIENTED_EDGE('',*,*,#1814,.F.);
#1042=ORIENTED_EDGE('',*,*,#1811,.F.);
#1043=ORIENTED_EDGE('',*,*,#1806,.T.);
#1044=ORIENTED_EDGE('',*,*,#1810,.T.);
#1045=ORIENTED_EDGE('',*,*,#1813,.T.);
#1046=ORIENTED_EDGE('',*,*,#1816,.T.);
#1047=ORIENTED_EDGE('',*,*,#1819,.T.);
#1048=ORIENTED_EDGE('',*,*,#1822,.T.);
#1049=ORIENTED_EDGE('',*,*,#1825,.T.);
#1050=ORIENTED_EDGE('',*,*,#1828,.T.);
#1051=ORIENTED_EDGE('',*,*,#1830,.F.);
#1052=ORIENTED_EDGE('',*,*,#1831,.F.);
#1053=ORIENTED_EDGE('',*,*,#1832,.T.);
#1054=ORIENTED_EDGE('',*,*,#1833,.T.);
#1055=ORIENTED_EDGE('',*,*,#1834,.F.);
#1056=ORIENTED_EDGE('',*,*,#1833,.F.);
#1057=ORIENTED_EDGE('',*,*,#1835,.T.);
#1058=ORIENTED_EDGE('',*,*,#1836,.T.);
#1059=ORIENTED_EDGE('',*,*,#1837,.F.);
#1060=ORIENTED_EDGE('',*,*,#1836,.F.);
#1061=ORIENTED_EDGE('',*,*,#1838,.T.);
#1062=ORIENTED_EDGE('',*,*,#1839,.T.);
#1063=ORIENTED_EDGE('',*,*,#1840,.F.);
#1064=ORIENTED_EDGE('',*,*,#1839,.F.);
#1065=ORIENTED_EDGE('',*,*,#1841,.T.);
#1066=ORIENTED_EDGE('',*,*,#1842,.T.);
#1067=ORIENTED_EDGE('',*,*,#1843,.F.);
#1068=ORIENTED_EDGE('',*,*,#1842,.F.);
#1069=ORIENTED_EDGE('',*,*,#1844,.T.);
#1070=ORIENTED_EDGE('',*,*,#1845,.T.);
#1071=ORIENTED_EDGE('',*,*,#1846,.F.);
#1072=ORIENTED_EDGE('',*,*,#1845,.F.);
#1073=ORIENTED_EDGE('',*,*,#1847,.T.);
#1074=ORIENTED_EDGE('',*,*,#1848,.T.);
#1075=ORIENTED_EDGE('',*,*,#1849,.F.);
#1076=ORIENTED_EDGE('',*,*,#1850,.F.);
#1077=ORIENTED_EDGE('',*,*,#1851,.T.);
#1078=ORIENTED_EDGE('',*,*,#1852,.T.);
#1079=ORIENTED_EDGE('',*,*,#1853,.F.);
#1080=ORIENTED_EDGE('',*,*,#1852,.F.);
#1081=ORIENTED_EDGE('',*,*,#1854,.T.);
#1082=ORIENTED_EDGE('',*,*,#1850,.T.);
#1083=ORIENTED_EDGE('',*,*,#1855,.F.);
#1084=ORIENTED_EDGE('',*,*,#1848,.F.);
#1085=ORIENTED_EDGE('',*,*,#1856,.T.);
#1086=ORIENTED_EDGE('',*,*,#1831,.T.);
#1087=ORIENTED_EDGE('',*,*,#1851,.F.);
#1088=ORIENTED_EDGE('',*,*,#1854,.F.);
#1089=ORIENTED_EDGE('',*,*,#1832,.F.);
#1090=ORIENTED_EDGE('',*,*,#1856,.F.);
#1091=ORIENTED_EDGE('',*,*,#1847,.F.);
#1092=ORIENTED_EDGE('',*,*,#1844,.F.);
#1093=ORIENTED_EDGE('',*,*,#1841,.F.);
#1094=ORIENTED_EDGE('',*,*,#1838,.F.);
#1095=ORIENTED_EDGE('',*,*,#1835,.F.);
#1096=ORIENTED_EDGE('',*,*,#1849,.T.);
#1097=ORIENTED_EDGE('',*,*,#1853,.T.);
#1098=ORIENTED_EDGE('',*,*,#1830,.T.);
#1099=ORIENTED_EDGE('',*,*,#1834,.T.);
#1100=ORIENTED_EDGE('',*,*,#1837,.T.);
#1101=ORIENTED_EDGE('',*,*,#1840,.T.);
#1102=ORIENTED_EDGE('',*,*,#1843,.T.);
#1103=ORIENTED_EDGE('',*,*,#1846,.T.);
#1104=ORIENTED_EDGE('',*,*,#1855,.T.);
#1105=ORIENTED_EDGE('',*,*,#1857,.F.);
#1106=ORIENTED_EDGE('',*,*,#1858,.F.);
#1107=ORIENTED_EDGE('',*,*,#1859,.T.);
#1108=ORIENTED_EDGE('',*,*,#1860,.T.);
#1109=ORIENTED_EDGE('',*,*,#1861,.F.);
#1110=ORIENTED_EDGE('',*,*,#1860,.F.);
#1111=ORIENTED_EDGE('',*,*,#1862,.T.);
#1112=ORIENTED_EDGE('',*,*,#1863,.T.);
#1113=ORIENTED_EDGE('',*,*,#1864,.F.);
#1114=ORIENTED_EDGE('',*,*,#1863,.F.);
#1115=ORIENTED_EDGE('',*,*,#1865,.T.);
#1116=ORIENTED_EDGE('',*,*,#1866,.T.);
#1117=ORIENTED_EDGE('',*,*,#1867,.F.);
#1118=ORIENTED_EDGE('',*,*,#1868,.F.);
#1119=ORIENTED_EDGE('',*,*,#1869,.T.);
#1120=ORIENTED_EDGE('',*,*,#1870,.T.);
#1121=ORIENTED_EDGE('',*,*,#1871,.F.);
#1122=ORIENTED_EDGE('',*,*,#1870,.F.);
#1123=ORIENTED_EDGE('',*,*,#1872,.T.);
#1124=ORIENTED_EDGE('',*,*,#1868,.T.);
#1125=ORIENTED_EDGE('',*,*,#1873,.F.);
#1126=ORIENTED_EDGE('',*,*,#1866,.F.);
#1127=ORIENTED_EDGE('',*,*,#1874,.T.);
#1128=ORIENTED_EDGE('',*,*,#1858,.T.);
#1129=ORIENTED_EDGE('',*,*,#1869,.F.);
#1130=ORIENTED_EDGE('',*,*,#1872,.F.);
#1131=ORIENTED_EDGE('',*,*,#1859,.F.);
#1132=ORIENTED_EDGE('',*,*,#1874,.F.);
#1133=ORIENTED_EDGE('',*,*,#1865,.F.);
#1134=ORIENTED_EDGE('',*,*,#1862,.F.);
#1135=ORIENTED_EDGE('',*,*,#1867,.T.);
#1136=ORIENTED_EDGE('',*,*,#1871,.T.);
#1137=ORIENTED_EDGE('',*,*,#1857,.T.);
#1138=ORIENTED_EDGE('',*,*,#1861,.T.);
#1139=ORIENTED_EDGE('',*,*,#1864,.T.);
#1140=ORIENTED_EDGE('',*,*,#1873,.T.);
#1141=ORIENTED_EDGE('',*,*,#1875,.F.);
#1142=ORIENTED_EDGE('',*,*,#1876,.F.);
#1143=ORIENTED_EDGE('',*,*,#1877,.T.);
#1144=ORIENTED_EDGE('',*,*,#1878,.T.);
#1145=ORIENTED_EDGE('',*,*,#1879,.F.);
#1146=ORIENTED_EDGE('',*,*,#1878,.F.);
#1147=ORIENTED_EDGE('',*,*,#1880,.T.);
#1148=ORIENTED_EDGE('',*,*,#1881,.T.);
#1149=ORIENTED_EDGE('',*,*,#1882,.F.);
#1150=ORIENTED_EDGE('',*,*,#1881,.F.);
#1151=ORIENTED_EDGE('',*,*,#1883,.T.);
#1152=ORIENTED_EDGE('',*,*,#1884,.T.);
#1153=ORIENTED_EDGE('',*,*,#1885,.F.);
#1154=ORIENTED_EDGE('',*,*,#1884,.F.);
#1155=ORIENTED_EDGE('',*,*,#1886,.T.);
#1156=ORIENTED_EDGE('',*,*,#1876,.T.);
#1157=ORIENTED_EDGE('',*,*,#1877,.F.);
#1158=ORIENTED_EDGE('',*,*,#1886,.F.);
#1159=ORIENTED_EDGE('',*,*,#1883,.F.);
#1160=ORIENTED_EDGE('',*,*,#1880,.F.);
#1161=ORIENTED_EDGE('',*,*,#1875,.T.);
#1162=ORIENTED_EDGE('',*,*,#1879,.T.);
#1163=ORIENTED_EDGE('',*,*,#1882,.T.);
#1164=ORIENTED_EDGE('',*,*,#1885,.T.);
#1165=ORIENTED_EDGE('',*,*,#1887,.F.);
#1166=ORIENTED_EDGE('',*,*,#1888,.F.);
#1167=ORIENTED_EDGE('',*,*,#1889,.T.);
#1168=ORIENTED_EDGE('',*,*,#1890,.T.);
#1169=ORIENTED_EDGE('',*,*,#1891,.F.);
#1170=ORIENTED_EDGE('',*,*,#1890,.F.);
#1171=ORIENTED_EDGE('',*,*,#1892,.T.);
#1172=ORIENTED_EDGE('',*,*,#1893,.T.);
#1173=ORIENTED_EDGE('',*,*,#1894,.F.);
#1174=ORIENTED_EDGE('',*,*,#1893,.F.);
#1175=ORIENTED_EDGE('',*,*,#1895,.T.);
#1176=ORIENTED_EDGE('',*,*,#1896,.T.);
#1177=ORIENTED_EDGE('',*,*,#1897,.F.);
#1178=ORIENTED_EDGE('',*,*,#1896,.F.);
#1179=ORIENTED_EDGE('',*,*,#1898,.T.);
#1180=ORIENTED_EDGE('',*,*,#1899,.T.);
#1181=ORIENTED_EDGE('',*,*,#1900,.F.);
#1182=ORIENTED_EDGE('',*,*,#1899,.F.);
#1183=ORIENTED_EDGE('',*,*,#1901,.T.);
#1184=ORIENTED_EDGE('',*,*,#1902,.T.);
#1185=ORIENTED_EDGE('',*,*,#1903,.F.);
#1186=ORIENTED_EDGE('',*,*,#1902,.F.);
#1187=ORIENTED_EDGE('',*,*,#1904,.T.);
#1188=ORIENTED_EDGE('',*,*,#1888,.T.);
#1189=ORIENTED_EDGE('',*,*,#1889,.F.);
#1190=ORIENTED_EDGE('',*,*,#1904,.F.);
#1191=ORIENTED_EDGE('',*,*,#1901,.F.);
#1192=ORIENTED_EDGE('',*,*,#1898,.F.);
#1193=ORIENTED_EDGE('',*,*,#1895,.F.);
#1194=ORIENTED_EDGE('',*,*,#1892,.F.);
#1195=ORIENTED_EDGE('',*,*,#1887,.T.);
#1196=ORIENTED_EDGE('',*,*,#1891,.T.);
#1197=ORIENTED_EDGE('',*,*,#1894,.T.);
#1198=ORIENTED_EDGE('',*,*,#1897,.T.);
#1199=ORIENTED_EDGE('',*,*,#1900,.T.);
#1200=ORIENTED_EDGE('',*,*,#1903,.T.);
#1201=ORIENTED_EDGE('',*,*,#1905,.T.);
#1202=ORIENTED_EDGE('',*,*,#1906,.F.);
#1203=ORIENTED_EDGE('',*,*,#1907,.T.);
#1204=ORIENTED_EDGE('',*,*,#1908,.F.);
#1205=ORIENTED_EDGE('',*,*,#1905,.F.);
#1206=ORIENTED_EDGE('',*,*,#1907,.F.);
#1207=ORIENTED_EDGE('',*,*,#1906,.T.);
#1208=ORIENTED_EDGE('',*,*,#1908,.T.);
#1209=ORIENTED_EDGE('',*,*,#1909,.F.);
#1210=ORIENTED_EDGE('',*,*,#1910,.F.);
#1211=ORIENTED_EDGE('',*,*,#1911,.T.);
#1212=ORIENTED_EDGE('',*,*,#1912,.T.);
#1213=ORIENTED_EDGE('',*,*,#1913,.F.);
#1214=ORIENTED_EDGE('',*,*,#1912,.F.);
#1215=ORIENTED_EDGE('',*,*,#1914,.T.);
#1216=ORIENTED_EDGE('',*,*,#1915,.T.);
#1217=ORIENTED_EDGE('',*,*,#1916,.F.);
#1218=ORIENTED_EDGE('',*,*,#1915,.F.);
#1219=ORIENTED_EDGE('',*,*,#1917,.T.);
#1220=ORIENTED_EDGE('',*,*,#1918,.T.);
#1221=ORIENTED_EDGE('',*,*,#1919,.F.);
#1222=ORIENTED_EDGE('',*,*,#1920,.F.);
#1223=ORIENTED_EDGE('',*,*,#1921,.T.);
#1224=ORIENTED_EDGE('',*,*,#1922,.T.);
#1225=ORIENTED_EDGE('',*,*,#1923,.F.);
#1226=ORIENTED_EDGE('',*,*,#1922,.F.);
#1227=ORIENTED_EDGE('',*,*,#1924,.T.);
#1228=ORIENTED_EDGE('',*,*,#1920,.T.);
#1229=ORIENTED_EDGE('',*,*,#1925,.F.);
#1230=ORIENTED_EDGE('',*,*,#1918,.F.);
#1231=ORIENTED_EDGE('',*,*,#1926,.T.);
#1232=ORIENTED_EDGE('',*,*,#1910,.T.);
#1233=ORIENTED_EDGE('',*,*,#1921,.F.);
#1234=ORIENTED_EDGE('',*,*,#1924,.F.);
#1235=ORIENTED_EDGE('',*,*,#1911,.F.);
#1236=ORIENTED_EDGE('',*,*,#1926,.F.);
#1237=ORIENTED_EDGE('',*,*,#1917,.F.);
#1238=ORIENTED_EDGE('',*,*,#1914,.F.);
#1239=ORIENTED_EDGE('',*,*,#1919,.T.);
#1240=ORIENTED_EDGE('',*,*,#1923,.T.);
#1241=ORIENTED_EDGE('',*,*,#1909,.T.);
#1242=ORIENTED_EDGE('',*,*,#1913,.T.);
#1243=ORIENTED_EDGE('',*,*,#1916,.T.);
#1244=ORIENTED_EDGE('',*,*,#1925,.T.);
#1245=ORIENTED_EDGE('',*,*,#1927,.F.);
#1246=ORIENTED_EDGE('',*,*,#1928,.F.);
#1247=ORIENTED_EDGE('',*,*,#1929,.T.);
#1248=ORIENTED_EDGE('',*,*,#1930,.T.);
#1249=ORIENTED_EDGE('',*,*,#1931,.F.);
#1250=ORIENTED_EDGE('',*,*,#1930,.F.);
#1251=ORIENTED_EDGE('',*,*,#1932,.T.);
#1252=ORIENTED_EDGE('',*,*,#1933,.T.);
#1253=ORIENTED_EDGE('',*,*,#1934,.F.);
#1254=ORIENTED_EDGE('',*,*,#1933,.F.);
#1255=ORIENTED_EDGE('',*,*,#1935,.T.);
#1256=ORIENTED_EDGE('',*,*,#1936,.T.);
#1257=ORIENTED_EDGE('',*,*,#1937,.F.);
#1258=ORIENTED_EDGE('',*,*,#1936,.F.);
#1259=ORIENTED_EDGE('',*,*,#1938,.T.);
#1260=ORIENTED_EDGE('',*,*,#1939,.T.);
#1261=ORIENTED_EDGE('',*,*,#1940,.F.);
#1262=ORIENTED_EDGE('',*,*,#1939,.F.);
#1263=ORIENTED_EDGE('',*,*,#1941,.T.);
#1264=ORIENTED_EDGE('',*,*,#1942,.T.);
#1265=ORIENTED_EDGE('',*,*,#1943,.F.);
#1266=ORIENTED_EDGE('',*,*,#1942,.F.);
#1267=ORIENTED_EDGE('',*,*,#1944,.T.);
#1268=ORIENTED_EDGE('',*,*,#1945,.T.);
#1269=ORIENTED_EDGE('',*,*,#1946,.F.);
#1270=ORIENTED_EDGE('',*,*,#1945,.F.);
#1271=ORIENTED_EDGE('',*,*,#1947,.T.);
#1272=ORIENTED_EDGE('',*,*,#1948,.T.);
#1273=ORIENTED_EDGE('',*,*,#1949,.F.);
#1274=ORIENTED_EDGE('',*,*,#1948,.F.);
#1275=ORIENTED_EDGE('',*,*,#1950,.T.);
#1276=ORIENTED_EDGE('',*,*,#1951,.T.);
#1277=ORIENTED_EDGE('',*,*,#1952,.F.);
#1278=ORIENTED_EDGE('',*,*,#1951,.F.);
#1279=ORIENTED_EDGE('',*,*,#1953,.T.);
#1280=ORIENTED_EDGE('',*,*,#1954,.T.);
#1281=ORIENTED_EDGE('',*,*,#1955,.F.);
#1282=ORIENTED_EDGE('',*,*,#1954,.F.);
#1283=ORIENTED_EDGE('',*,*,#1956,.T.);
#1284=ORIENTED_EDGE('',*,*,#1957,.T.);
#1285=ORIENTED_EDGE('',*,*,#1958,.F.);
#1286=ORIENTED_EDGE('',*,*,#1957,.F.);
#1287=ORIENTED_EDGE('',*,*,#1959,.T.);
#1288=ORIENTED_EDGE('',*,*,#1960,.T.);
#1289=ORIENTED_EDGE('',*,*,#1961,.F.);
#1290=ORIENTED_EDGE('',*,*,#1960,.F.);
#1291=ORIENTED_EDGE('',*,*,#1962,.T.);
#1292=ORIENTED_EDGE('',*,*,#1928,.T.);
#1293=ORIENTED_EDGE('',*,*,#1929,.F.);
#1294=ORIENTED_EDGE('',*,*,#1962,.F.);
#1295=ORIENTED_EDGE('',*,*,#1959,.F.);
#1296=ORIENTED_EDGE('',*,*,#1956,.F.);
#1297=ORIENTED_EDGE('',*,*,#1953,.F.);
#1298=ORIENTED_EDGE('',*,*,#1950,.F.);
#1299=ORIENTED_EDGE('',*,*,#1947,.F.);
#1300=ORIENTED_EDGE('',*,*,#1944,.F.);
#1301=ORIENTED_EDGE('',*,*,#1941,.F.);
#1302=ORIENTED_EDGE('',*,*,#1938,.F.);
#1303=ORIENTED_EDGE('',*,*,#1935,.F.);
#1304=ORIENTED_EDGE('',*,*,#1932,.F.);
#1305=ORIENTED_EDGE('',*,*,#1927,.T.);
#1306=ORIENTED_EDGE('',*,*,#1931,.T.);
#1307=ORIENTED_EDGE('',*,*,#1934,.T.);
#1308=ORIENTED_EDGE('',*,*,#1937,.T.);
#1309=ORIENTED_EDGE('',*,*,#1940,.T.);
#1310=ORIENTED_EDGE('',*,*,#1943,.T.);
#1311=ORIENTED_EDGE('',*,*,#1946,.T.);
#1312=ORIENTED_EDGE('',*,*,#1949,.T.);
#1313=ORIENTED_EDGE('',*,*,#1952,.T.);
#1314=ORIENTED_EDGE('',*,*,#1955,.T.);
#1315=ORIENTED_EDGE('',*,*,#1958,.T.);
#1316=ORIENTED_EDGE('',*,*,#1961,.T.);
#1317=ORIENTED_EDGE('',*,*,#1963,.F.);
#1318=ORIENTED_EDGE('',*,*,#1964,.F.);
#1319=ORIENTED_EDGE('',*,*,#1965,.T.);
#1320=ORIENTED_EDGE('',*,*,#1966,.T.);
#1321=ORIENTED_EDGE('',*,*,#1967,.F.);
#1322=ORIENTED_EDGE('',*,*,#1966,.F.);
#1323=ORIENTED_EDGE('',*,*,#1968,.T.);
#1324=ORIENTED_EDGE('',*,*,#1969,.T.);
#1325=ORIENTED_EDGE('',*,*,#1970,.F.);
#1326=ORIENTED_EDGE('',*,*,#1969,.F.);
#1327=ORIENTED_EDGE('',*,*,#1971,.T.);
#1328=ORIENTED_EDGE('',*,*,#1972,.T.);
#1329=ORIENTED_EDGE('',*,*,#1973,.F.);
#1330=ORIENTED_EDGE('',*,*,#1972,.F.);
#1331=ORIENTED_EDGE('',*,*,#1974,.T.);
#1332=ORIENTED_EDGE('',*,*,#1975,.T.);
#1333=ORIENTED_EDGE('',*,*,#1976,.F.);
#1334=ORIENTED_EDGE('',*,*,#1975,.F.);
#1335=ORIENTED_EDGE('',*,*,#1977,.T.);
#1336=ORIENTED_EDGE('',*,*,#1978,.T.);
#1337=ORIENTED_EDGE('',*,*,#1979,.F.);
#1338=ORIENTED_EDGE('',*,*,#1978,.F.);
#1339=ORIENTED_EDGE('',*,*,#1980,.T.);
#1340=ORIENTED_EDGE('',*,*,#1981,.T.);
#1341=ORIENTED_EDGE('',*,*,#1982,.F.);
#1342=ORIENTED_EDGE('',*,*,#1981,.F.);
#1343=ORIENTED_EDGE('',*,*,#1983,.T.);
#1344=ORIENTED_EDGE('',*,*,#1984,.T.);
#1345=ORIENTED_EDGE('',*,*,#1985,.F.);
#1346=ORIENTED_EDGE('',*,*,#1984,.F.);
#1347=ORIENTED_EDGE('',*,*,#1986,.T.);
#1348=ORIENTED_EDGE('',*,*,#1987,.T.);
#1349=ORIENTED_EDGE('',*,*,#1988,.F.);
#1350=ORIENTED_EDGE('',*,*,#1987,.F.);
#1351=ORIENTED_EDGE('',*,*,#1989,.T.);
#1352=ORIENTED_EDGE('',*,*,#1990,.T.);
#1353=ORIENTED_EDGE('',*,*,#1991,.F.);
#1354=ORIENTED_EDGE('',*,*,#1990,.F.);
#1355=ORIENTED_EDGE('',*,*,#1992,.T.);
#1356=ORIENTED_EDGE('',*,*,#1993,.T.);
#1357=ORIENTED_EDGE('',*,*,#1994,.F.);
#1358=ORIENTED_EDGE('',*,*,#1993,.F.);
#1359=ORIENTED_EDGE('',*,*,#1995,.T.);
#1360=ORIENTED_EDGE('',*,*,#1996,.T.);
#1361=ORIENTED_EDGE('',*,*,#1997,.F.);
#1362=ORIENTED_EDGE('',*,*,#1996,.F.);
#1363=ORIENTED_EDGE('',*,*,#1998,.T.);
#1364=ORIENTED_EDGE('',*,*,#1964,.T.);
#1365=ORIENTED_EDGE('',*,*,#1965,.F.);
#1366=ORIENTED_EDGE('',*,*,#1998,.F.);
#1367=ORIENTED_EDGE('',*,*,#1995,.F.);
#1368=ORIENTED_EDGE('',*,*,#1992,.F.);
#1369=ORIENTED_EDGE('',*,*,#1989,.F.);
#1370=ORIENTED_EDGE('',*,*,#1986,.F.);
#1371=ORIENTED_EDGE('',*,*,#1983,.F.);
#1372=ORIENTED_EDGE('',*,*,#1980,.F.);
#1373=ORIENTED_EDGE('',*,*,#1977,.F.);
#1374=ORIENTED_EDGE('',*,*,#1974,.F.);
#1375=ORIENTED_EDGE('',*,*,#1971,.F.);
#1376=ORIENTED_EDGE('',*,*,#1968,.F.);
#1377=ORIENTED_EDGE('',*,*,#1963,.T.);
#1378=ORIENTED_EDGE('',*,*,#1967,.T.);
#1379=ORIENTED_EDGE('',*,*,#1970,.T.);
#1380=ORIENTED_EDGE('',*,*,#1973,.T.);
#1381=ORIENTED_EDGE('',*,*,#1976,.T.);
#1382=ORIENTED_EDGE('',*,*,#1979,.T.);
#1383=ORIENTED_EDGE('',*,*,#1982,.T.);
#1384=ORIENTED_EDGE('',*,*,#1985,.T.);
#1385=ORIENTED_EDGE('',*,*,#1988,.T.);
#1386=ORIENTED_EDGE('',*,*,#1991,.T.);
#1387=ORIENTED_EDGE('',*,*,#1994,.T.);
#1388=ORIENTED_EDGE('',*,*,#1997,.T.);
#1389=ORIENTED_EDGE('',*,*,#1999,.F.);
#1390=ORIENTED_EDGE('',*,*,#2000,.F.);
#1391=ORIENTED_EDGE('',*,*,#2001,.T.);
#1392=ORIENTED_EDGE('',*,*,#2002,.T.);
#1393=ORIENTED_EDGE('',*,*,#2003,.F.);
#1394=ORIENTED_EDGE('',*,*,#2002,.F.);
#1395=ORIENTED_EDGE('',*,*,#2004,.T.);
#1396=ORIENTED_EDGE('',*,*,#2005,.T.);
#1397=ORIENTED_EDGE('',*,*,#2006,.F.);
#1398=ORIENTED_EDGE('',*,*,#2005,.F.);
#1399=ORIENTED_EDGE('',*,*,#2007,.T.);
#1400=ORIENTED_EDGE('',*,*,#2008,.T.);
#1401=ORIENTED_EDGE('',*,*,#2009,.F.);
#1402=ORIENTED_EDGE('',*,*,#2008,.F.);
#1403=ORIENTED_EDGE('',*,*,#2010,.T.);
#1404=ORIENTED_EDGE('',*,*,#2000,.T.);
#1405=ORIENTED_EDGE('',*,*,#2001,.F.);
#1406=ORIENTED_EDGE('',*,*,#2010,.F.);
#1407=ORIENTED_EDGE('',*,*,#2007,.F.);
#1408=ORIENTED_EDGE('',*,*,#2004,.F.);
#1409=ORIENTED_EDGE('',*,*,#1999,.T.);
#1410=ORIENTED_EDGE('',*,*,#2003,.T.);
#1411=ORIENTED_EDGE('',*,*,#2006,.T.);
#1412=ORIENTED_EDGE('',*,*,#2009,.T.);
#1413=ORIENTED_EDGE('',*,*,#2011,.F.);
#1414=ORIENTED_EDGE('',*,*,#2012,.F.);
#1415=ORIENTED_EDGE('',*,*,#2013,.T.);
#1416=ORIENTED_EDGE('',*,*,#2014,.T.);
#1417=ORIENTED_EDGE('',*,*,#2015,.F.);
#1418=ORIENTED_EDGE('',*,*,#2014,.F.);
#1419=ORIENTED_EDGE('',*,*,#2016,.T.);
#1420=ORIENTED_EDGE('',*,*,#2017,.T.);
#1421=ORIENTED_EDGE('',*,*,#2018,.F.);
#1422=ORIENTED_EDGE('',*,*,#2017,.F.);
#1423=ORIENTED_EDGE('',*,*,#2019,.T.);
#1424=ORIENTED_EDGE('',*,*,#2020,.T.);
#1425=ORIENTED_EDGE('',*,*,#2021,.F.);
#1426=ORIENTED_EDGE('',*,*,#2022,.F.);
#1427=ORIENTED_EDGE('',*,*,#2023,.T.);
#1428=ORIENTED_EDGE('',*,*,#2024,.T.);
#1429=ORIENTED_EDGE('',*,*,#2025,.F.);
#1430=ORIENTED_EDGE('',*,*,#2024,.F.);
#1431=ORIENTED_EDGE('',*,*,#2026,.T.);
#1432=ORIENTED_EDGE('',*,*,#2022,.T.);
#1433=ORIENTED_EDGE('',*,*,#2027,.F.);
#1434=ORIENTED_EDGE('',*,*,#2020,.F.);
#1435=ORIENTED_EDGE('',*,*,#2028,.T.);
#1436=ORIENTED_EDGE('',*,*,#2012,.T.);
#1437=ORIENTED_EDGE('',*,*,#2023,.F.);
#1438=ORIENTED_EDGE('',*,*,#2026,.F.);
#1439=ORIENTED_EDGE('',*,*,#2013,.F.);
#1440=ORIENTED_EDGE('',*,*,#2028,.F.);
#1441=ORIENTED_EDGE('',*,*,#2019,.F.);
#1442=ORIENTED_EDGE('',*,*,#2016,.F.);
#1443=ORIENTED_EDGE('',*,*,#2021,.T.);
#1444=ORIENTED_EDGE('',*,*,#2025,.T.);
#1445=ORIENTED_EDGE('',*,*,#2011,.T.);
#1446=ORIENTED_EDGE('',*,*,#2015,.T.);
#1447=ORIENTED_EDGE('',*,*,#2018,.T.);
#1448=ORIENTED_EDGE('',*,*,#2027,.T.);
#1449=ORIENTED_EDGE('',*,*,#2029,.F.);
#1450=ORIENTED_EDGE('',*,*,#2030,.F.);
#1451=ORIENTED_EDGE('',*,*,#2031,.T.);
#1452=ORIENTED_EDGE('',*,*,#2032,.T.);
#1453=ORIENTED_EDGE('',*,*,#2033,.F.);
#1454=ORIENTED_EDGE('',*,*,#2032,.F.);
#1455=ORIENTED_EDGE('',*,*,#2034,.T.);
#1456=ORIENTED_EDGE('',*,*,#2035,.T.);
#1457=ORIENTED_EDGE('',*,*,#2036,.F.);
#1458=ORIENTED_EDGE('',*,*,#2035,.F.);
#1459=ORIENTED_EDGE('',*,*,#2037,.T.);
#1460=ORIENTED_EDGE('',*,*,#2038,.T.);
#1461=ORIENTED_EDGE('',*,*,#2039,.F.);
#1462=ORIENTED_EDGE('',*,*,#2038,.F.);
#1463=ORIENTED_EDGE('',*,*,#2040,.T.);
#1464=ORIENTED_EDGE('',*,*,#2041,.T.);
#1465=ORIENTED_EDGE('',*,*,#2042,.F.);
#1466=ORIENTED_EDGE('',*,*,#2041,.F.);
#1467=ORIENTED_EDGE('',*,*,#2043,.T.);
#1468=ORIENTED_EDGE('',*,*,#2044,.T.);
#1469=ORIENTED_EDGE('',*,*,#2045,.F.);
#1470=ORIENTED_EDGE('',*,*,#2044,.F.);
#1471=ORIENTED_EDGE('',*,*,#2046,.T.);
#1472=ORIENTED_EDGE('',*,*,#2047,.T.);
#1473=ORIENTED_EDGE('',*,*,#2048,.F.);
#1474=ORIENTED_EDGE('',*,*,#2047,.F.);
#1475=ORIENTED_EDGE('',*,*,#2049,.T.);
#1476=ORIENTED_EDGE('',*,*,#2050,.T.);
#1477=ORIENTED_EDGE('',*,*,#2051,.F.);
#1478=ORIENTED_EDGE('',*,*,#2050,.F.);
#1479=ORIENTED_EDGE('',*,*,#2052,.T.);
#1480=ORIENTED_EDGE('',*,*,#2030,.T.);
#1481=ORIENTED_EDGE('',*,*,#2031,.F.);
#1482=ORIENTED_EDGE('',*,*,#2052,.F.);
#1483=ORIENTED_EDGE('',*,*,#2049,.F.);
#1484=ORIENTED_EDGE('',*,*,#2046,.F.);
#1485=ORIENTED_EDGE('',*,*,#2043,.F.);
#1486=ORIENTED_EDGE('',*,*,#2040,.F.);
#1487=ORIENTED_EDGE('',*,*,#2037,.F.);
#1488=ORIENTED_EDGE('',*,*,#2034,.F.);
#1489=ORIENTED_EDGE('',*,*,#2029,.T.);
#1490=ORIENTED_EDGE('',*,*,#2033,.T.);
#1491=ORIENTED_EDGE('',*,*,#2036,.T.);
#1492=ORIENTED_EDGE('',*,*,#2039,.T.);
#1493=ORIENTED_EDGE('',*,*,#2042,.T.);
#1494=ORIENTED_EDGE('',*,*,#2045,.T.);
#1495=ORIENTED_EDGE('',*,*,#2048,.T.);
#1496=ORIENTED_EDGE('',*,*,#2051,.T.);
#1497=EDGE_CURVE('',#2053,#2054,#2419,.T.);
#1498=EDGE_CURVE('',#2053,#2055,#2420,.T.);
#1499=EDGE_CURVE('',#2056,#2055,#2421,.T.);
#1500=EDGE_CURVE('',#2054,#2056,#2422,.T.);
#1501=EDGE_CURVE('',#2057,#2058,#2423,.T.);
#1502=EDGE_CURVE('',#2057,#2059,#2424,.T.);
#1503=EDGE_CURVE('',#2060,#2059,#2425,.T.);
#1504=EDGE_CURVE('',#2058,#2060,#2426,.T.);
#1505=EDGE_CURVE('',#2061,#2062,#2427,.T.);
#1506=EDGE_CURVE('',#2062,#2063,#2428,.T.);
#1507=EDGE_CURVE('',#2063,#2064,#2429,.T.);
#1508=EDGE_CURVE('',#2061,#2064,#2430,.T.);
#1509=EDGE_CURVE('',#2065,#2066,#2431,.T.);
#1510=EDGE_CURVE('',#2065,#2067,#2432,.T.);
#1511=EDGE_CURVE('',#2067,#2068,#2433,.T.);
#1512=EDGE_CURVE('',#2068,#2069,#2434,.T.);
#1513=EDGE_CURVE('',#2069,#2070,#2435,.T.);
#1514=EDGE_CURVE('',#2066,#2070,#2436,.T.);
#1515=EDGE_CURVE('',#2071,#2072,#2437,.T.);
#1516=EDGE_CURVE('',#2071,#2065,#2438,.T.);
#1517=EDGE_CURVE('',#2072,#2066,#2439,.T.);
#1518=EDGE_CURVE('',#2070,#2073,#2440,.T.);
#1519=EDGE_CURVE('',#2074,#2069,#2441,.T.);
#1520=EDGE_CURVE('',#2074,#2073,#2442,.T.);
#1521=EDGE_CURVE('',#2075,#2076,#2443,.T.);
#1522=EDGE_CURVE('',#2076,#2077,#2444,.T.);
#1523=EDGE_CURVE('',#2077,#2078,#2445,.T.);
#1524=EDGE_CURVE('',#2079,#2078,#2446,.T.);
#1525=EDGE_CURVE('',#2079,#2080,#2447,.T.);
#1526=EDGE_CURVE('',#2075,#2080,#2448,.T.);
#1527=EDGE_CURVE('',#2074,#2081,#2449,.T.);
#1528=EDGE_CURVE('',#2081,#2082,#2450,.T.);
#1529=EDGE_CURVE('',#2082,#2062,#2451,.T.);
#1530=EDGE_CURVE('',#2073,#2061,#2452,.T.);
#1531=EDGE_CURVE('',#2083,#2084,#2453,.T.);
#1532=EDGE_CURVE('',#2084,#2085,#2454,.T.);
#1533=EDGE_CURVE('',#2086,#2085,#2455,.T.);
#1534=EDGE_CURVE('',#2087,#2086,#2456,.T.);
#1535=EDGE_CURVE('',#2087,#2088,#2457,.T.);
#1536=EDGE_CURVE('',#2083,#2088,#2458,.T.);
#1537=EDGE_CURVE('',#2084,#2071,#2459,.T.);
#1538=EDGE_CURVE('',#2085,#2072,#2460,.T.);
#1539=EDGE_CURVE('',#2089,#2086,#2461,.T.);
#1540=EDGE_CURVE('',#2090,#2089,#2462,.T.);
#1541=EDGE_CURVE('',#2087,#2090,#2463,.T.);
#1542=EDGE_CURVE('',#2091,#2092,#2464,.T.);
#1543=EDGE_CURVE('',#2091,#2090,#2465,.T.);
#1544=EDGE_CURVE('',#2089,#2064,#2466,.T.);
#1545=EDGE_CURVE('',#2092,#2063,#2467,.T.);
#1546=EDGE_CURVE('',#2091,#2093,#2468,.T.);
#1547=EDGE_CURVE('',#2094,#2093,#2469,.T.);
#1548=EDGE_CURVE('',#2094,#2088,#2470,.T.);
#1549=EDGE_CURVE('',#2095,#2096,#2471,.T.);
#1550=EDGE_CURVE('',#2095,#2097,#2472,.T.);
#1551=EDGE_CURVE('',#2097,#2094,#2473,.T.);
#1552=EDGE_CURVE('',#2093,#2098,#2474,.T.);
#1553=EDGE_CURVE('',#2098,#2096,#2475,.T.);
#1554=EDGE_CURVE('',#2053,#2099,#2476,.T.);
#1555=EDGE_CURVE('',#2054,#2100,#2477,.T.);
#1556=EDGE_CURVE('',#2100,#2099,#2478,.T.);
#1557=EDGE_CURVE('',#2101,#2102,#2479,.T.);
#1558=EDGE_CURVE('',#2102,#2103,#2480,.T.);
#1559=EDGE_CURVE('',#2103,#2104,#2481,.T.);
#1560=EDGE_CURVE('',#2104,#2101,#2482,.T.);
#1561=EDGE_CURVE('',#2105,#2056,#2483,.T.);
#1562=EDGE_CURVE('',#2106,#2055,#2484,.T.);
#1563=EDGE_CURVE('',#2106,#2105,#2485,.T.);
#1564=EDGE_CURVE('',#2099,#2106,#2486,.T.);
#1565=EDGE_CURVE('',#2105,#2100,#2487,.T.);
#1566=EDGE_CURVE('',#2105,#2104,#2488,.F.);
#1567=EDGE_CURVE('',#2101,#2106,#2489,.F.);
#1568=EDGE_CURVE('',#2102,#2099,#2490,.T.);
#1569=EDGE_CURVE('',#2100,#2103,#2491,.F.);
#1570=EDGE_CURVE('',#2079,#2081,#2492,.T.);
#1571=EDGE_CURVE('',#2068,#2080,#2493,.T.);
#1572=EDGE_CURVE('',#2107,#2108,#2494,.T.);
#1573=EDGE_CURVE('',#2107,#2095,#2495,.T.);
#1574=EDGE_CURVE('',#2096,#2108,#2496,.T.);
#1575=EDGE_CURVE('',#2097,#2083,#2497,.T.);
#1576=EDGE_CURVE('',#2109,#2110,#2498,.T.);
#1577=EDGE_CURVE('',#2110,#2111,#2499,.T.);
#1578=EDGE_CURVE('',#2111,#2112,#2500,.T.);
#1579=EDGE_CURVE('',#2112,#2109,#2501,.T.);
#1580=EDGE_CURVE('',#2076,#2107,#2502,.T.);
#1581=EDGE_CURVE('',#2067,#2075,#2503,.T.);
#1582=EDGE_CURVE('',#2113,#2114,#2504,.T.);
#1583=EDGE_CURVE('',#2114,#2115,#2505,.T.);
#1584=EDGE_CURVE('',#2115,#2116,#2506,.T.);
#1585=EDGE_CURVE('',#2116,#2113,#2507,.T.);
#1586=EDGE_CURVE('',#2117,#2118,#99,.T.);
#1587=EDGE_CURVE('',#2119,#2118,#2508,.T.);
#1588=EDGE_CURVE('',#2120,#2119,#100,.F.);
#1589=EDGE_CURVE('',#2117,#2120,#2509,.T.);
#1590=EDGE_CURVE('',#2121,#2122,#2510,.T.);
#1591=EDGE_CURVE('',#2122,#2119,#101,.T.);
#1592=EDGE_CURVE('',#2118,#2121,#102,.T.);
#1593=EDGE_CURVE('',#2121,#2123,#103,.T.);
#1594=EDGE_CURVE('',#2124,#2123,#2511,.T.);
#1595=EDGE_CURVE('',#2122,#2124,#104,.F.);
#1596=EDGE_CURVE('',#2120,#2124,#105,.T.);
#1597=EDGE_CURVE('',#2125,#2120,#2512,.T.);
#1598=EDGE_CURVE('',#2125,#2126,#2513,.T.);
#1599=EDGE_CURVE('',#2126,#2117,#2514,.T.);
#1600=EDGE_CURVE('',#2123,#2117,#106,.T.);
#1601=EDGE_CURVE('',#2123,#2127,#2515,.T.);
#1602=EDGE_CURVE('',#2127,#2128,#2516,.F.);
#1603=EDGE_CURVE('',#2124,#2128,#2517,.T.);
#1604=EDGE_CURVE('',#2128,#2129,#40,.T.);
#1605=EDGE_CURVE('',#2130,#2127,#41,.F.);
#1606=EDGE_CURVE('',#2129,#2130,#2518,.T.);
#1607=EDGE_CURVE('',#2131,#2125,#42,.F.);
#1608=EDGE_CURVE('',#2132,#2131,#2519,.F.);
#1609=EDGE_CURVE('',#2126,#2132,#43,.T.);
#1610=EDGE_CURVE('',#2110,#2131,#2520,.T.);
#1611=EDGE_CURVE('',#2109,#2132,#2521,.T.);
#1612=EDGE_CURVE('',#2130,#2112,#2522,.T.);
#1613=EDGE_CURVE('',#2129,#2111,#2523,.T.);
#1614=EDGE_CURVE('',#2092,#2098,#2524,.T.);
#1615=EDGE_CURVE('',#2072,#2089,#2525,.T.);
#1616=EDGE_CURVE('',#2073,#2072,#2526,.T.);
#1617=EDGE_CURVE('',#2108,#2092,#2527,.T.);
#1618=EDGE_CURVE('',#2082,#2108,#2528,.T.);
#1619=EDGE_CURVE('',#2057,#2133,#2529,.T.);
#1620=EDGE_CURVE('',#2058,#2134,#2530,.T.);
#1621=EDGE_CURVE('',#2134,#2133,#2531,.T.);
#1622=EDGE_CURVE('',#2135,#2136,#107,.T.);
#1623=EDGE_CURVE('',#2136,#2137,#2532,.T.);
#1624=EDGE_CURVE('',#2137,#2138,#108,.T.);
#1625=EDGE_CURVE('',#2138,#2135,#2533,.T.);
#1626=EDGE_CURVE('',#2139,#2060,#2534,.T.);
#1627=EDGE_CURVE('',#2140,#2059,#2535,.T.);
#1628=EDGE_CURVE('',#2140,#2139,#2536,.T.);
#1629=EDGE_CURVE('',#2133,#2140,#109,.T.);
#1630=EDGE_CURVE('',#2139,#2134,#110,.T.);
#1631=EDGE_CURVE('',#2139,#2138,#111,.F.);
#1632=EDGE_CURVE('',#2135,#2140,#112,.F.);
#1633=EDGE_CURVE('',#2136,#2133,#113,.T.);
#1634=EDGE_CURVE('',#2134,#2137,#114,.T.);
#1635=EDGE_CURVE('',#2108,#2077,#2537,.T.);
#1636=EDGE_CURVE('',#2141,#2142,#115,.T.);
#1637=EDGE_CURVE('',#2143,#2142,#2538,.T.);
#1638=EDGE_CURVE('',#2144,#2143,#116,.F.);
#1639=EDGE_CURVE('',#2141,#2144,#2539,.T.);
#1640=EDGE_CURVE('',#2145,#2146,#2540,.T.);
#1641=EDGE_CURVE('',#2146,#2143,#117,.T.);
#1642=EDGE_CURVE('',#2142,#2145,#118,.T.);
#1643=EDGE_CURVE('',#2145,#2147,#119,.T.);
#1644=EDGE_CURVE('',#2148,#2147,#2541,.T.);
#1645=EDGE_CURVE('',#2146,#2148,#120,.F.);
#1646=EDGE_CURVE('',#2144,#2148,#121,.T.);
#1647=EDGE_CURVE('',#2149,#2144,#2542,.T.);
#1648=EDGE_CURVE('',#2149,#2150,#2543,.T.);
#1649=EDGE_CURVE('',#2150,#2141,#2544,.T.);
#1650=EDGE_CURVE('',#2147,#2141,#122,.T.);
#1651=EDGE_CURVE('',#2147,#2151,#2545,.T.);
#1652=EDGE_CURVE('',#2151,#2152,#2546,.F.);
#1653=EDGE_CURVE('',#2148,#2152,#2547,.T.);
#1654=EDGE_CURVE('',#2152,#2153,#44,.F.);
#1655=EDGE_CURVE('',#2154,#2151,#45,.T.);
#1656=EDGE_CURVE('',#2153,#2154,#2548,.T.);
#1657=EDGE_CURVE('',#2155,#2149,#46,.T.);
#1658=EDGE_CURVE('',#2156,#2155,#2549,.F.);
#1659=EDGE_CURVE('',#2150,#2156,#47,.F.);
#1660=EDGE_CURVE('',#2113,#2155,#2550,.T.);
#1661=EDGE_CURVE('',#2116,#2156,#2551,.T.);
#1662=EDGE_CURVE('',#2154,#2115,#2552,.T.);
#1663=EDGE_CURVE('',#2153,#2114,#2553,.T.);
#1664=EDGE_CURVE('',#2078,#2082,#2554,.T.);
#1665=EDGE_CURVE('',#2157,#2158,#123,.T.);
#1666=EDGE_CURVE('',#2159,#2157,#2555,.T.);
#1667=EDGE_CURVE('',#2159,#2160,#124,.T.);
#1668=EDGE_CURVE('',#2160,#2158,#2556,.T.);
#1669=EDGE_CURVE('',#2158,#2161,#125,.T.);
#1670=EDGE_CURVE('',#2160,#2162,#126,.T.);
#1671=EDGE_CURVE('',#2162,#2161,#2557,.T.);
#1672=EDGE_CURVE('',#2161,#2163,#127,.T.);
#1673=EDGE_CURVE('',#2162,#2164,#128,.T.);
#1674=EDGE_CURVE('',#2164,#2163,#2558,.T.);
#1675=EDGE_CURVE('',#2163,#2165,#129,.T.);
#1676=EDGE_CURVE('',#2164,#2166,#130,.T.);
#1677=EDGE_CURVE('',#2166,#2165,#2559,.T.);
#1678=EDGE_CURVE('',#2165,#2157,#131,.T.);
#1679=EDGE_CURVE('',#2166,#2159,#132,.T.);
#1680=EDGE_CURVE('',#2167,#2167,#133,.T.);
#1681=EDGE_CURVE('',#2168,#2168,#134,.T.);
#1682=EDGE_CURVE('',#2169,#2169,#135,.T.);
#1683=EDGE_CURVE('',#2170,#2170,#136,.T.);
#1684=EDGE_CURVE('',#2171,#2172,#137,.T.);
#1685=EDGE_CURVE('',#2173,#2171,#2560,.T.);
#1686=EDGE_CURVE('',#2173,#2174,#138,.T.);
#1687=EDGE_CURVE('',#2174,#2172,#2561,.T.);
#1688=EDGE_CURVE('',#2172,#2175,#139,.T.);
#1689=EDGE_CURVE('',#2174,#2176,#140,.T.);
#1690=EDGE_CURVE('',#2176,#2175,#2562,.T.);
#1691=EDGE_CURVE('',#2175,#2177,#141,.T.);
#1692=EDGE_CURVE('',#2176,#2178,#142,.T.);
#1693=EDGE_CURVE('',#2178,#2177,#2563,.T.);
#1694=EDGE_CURVE('',#2177,#2179,#143,.T.);
#1695=EDGE_CURVE('',#2178,#2180,#144,.T.);
#1696=EDGE_CURVE('',#2180,#2179,#2564,.T.);
#1697=EDGE_CURVE('',#2179,#2181,#145,.T.);
#1698=EDGE_CURVE('',#2180,#2182,#146,.T.);
#1699=EDGE_CURVE('',#2182,#2181,#2565,.T.);
#1700=EDGE_CURVE('',#2181,#2183,#147,.T.);
#1701=EDGE_CURVE('',#2182,#2184,#148,.T.);
#1702=EDGE_CURVE('',#2184,#2183,#2566,.T.);
#1703=EDGE_CURVE('',#2183,#2185,#149,.T.);
#1704=EDGE_CURVE('',#2184,#2186,#150,.T.);
#1705=EDGE_CURVE('',#2186,#2185,#2567,.T.);
#1706=EDGE_CURVE('',#2185,#2171,#151,.T.);
#1707=EDGE_CURVE('',#2186,#2173,#152,.T.);
#1708=EDGE_CURVE('',#2187,#2188,#153,.T.);
#1709=EDGE_CURVE('',#2189,#2187,#2568,.T.);
#1710=EDGE_CURVE('',#2189,#2190,#154,.T.);
#1711=EDGE_CURVE('',#2190,#2188,#2569,.T.);
#1712=EDGE_CURVE('',#2188,#2191,#155,.T.);
#1713=EDGE_CURVE('',#2190,#2192,#156,.T.);
#1714=EDGE_CURVE('',#2192,#2191,#2570,.T.);
#1715=EDGE_CURVE('',#2191,#2193,#157,.T.);
#1716=EDGE_CURVE('',#2192,#2194,#158,.T.);
#1717=EDGE_CURVE('',#2194,#2193,#2571,.T.);
#1718=EDGE_CURVE('',#2193,#2195,#159,.T.);
#1719=EDGE_CURVE('',#2194,#2196,#160,.T.);
#1720=EDGE_CURVE('',#2196,#2195,#2572,.T.);
#1721=EDGE_CURVE('',#2195,#2197,#161,.T.);
#1722=EDGE_CURVE('',#2196,#2198,#162,.T.);
#1723=EDGE_CURVE('',#2198,#2197,#2573,.T.);
#1724=EDGE_CURVE('',#2197,#2199,#163,.T.);
#1725=EDGE_CURVE('',#2198,#2200,#164,.T.);
#1726=EDGE_CURVE('',#2200,#2199,#2574,.T.);
#1727=EDGE_CURVE('',#2199,#2201,#165,.T.);
#1728=EDGE_CURVE('',#2200,#2202,#166,.T.);
#1729=EDGE_CURVE('',#2202,#2201,#2575,.T.);
#1730=EDGE_CURVE('',#2201,#2187,#167,.T.);
#1731=EDGE_CURVE('',#2202,#2189,#168,.T.);
#1732=EDGE_CURVE('',#2203,#2204,#169,.T.);
#1733=EDGE_CURVE('',#2205,#2203,#2576,.T.);
#1734=EDGE_CURVE('',#2205,#2206,#170,.T.);
#1735=EDGE_CURVE('',#2206,#2204,#2577,.T.);
#1736=EDGE_CURVE('',#2204,#2207,#171,.T.);
#1737=EDGE_CURVE('',#2206,#2208,#172,.T.);
#1738=EDGE_CURVE('',#2208,#2207,#2578,.T.);
#1739=EDGE_CURVE('',#2207,#2209,#173,.T.);
#1740=EDGE_CURVE('',#2208,#2210,#174,.T.);
#1741=EDGE_CURVE('',#2210,#2209,#2579,.T.);
#1742=EDGE_CURVE('',#2209,#2211,#175,.T.);
#1743=EDGE_CURVE('',#2210,#2212,#176,.T.);
#1744=EDGE_CURVE('',#2212,#2211,#2580,.T.);
#1745=EDGE_CURVE('',#2211,#2213,#177,.T.);
#1746=EDGE_CURVE('',#2212,#2214,#178,.T.);
#1747=EDGE_CURVE('',#2214,#2213,#2581,.T.);
#1748=EDGE_CURVE('',#2213,#2215,#179,.T.);
#1749=EDGE_CURVE('',#2214,#2216,#180,.T.);
#1750=EDGE_CURVE('',#2216,#2215,#2582,.T.);
#1751=EDGE_CURVE('',#2215,#2217,#181,.T.);
#1752=EDGE_CURVE('',#2216,#2218,#182,.T.);
#1753=EDGE_CURVE('',#2218,#2217,#2583,.T.);
#1754=EDGE_CURVE('',#2217,#2219,#183,.T.);
#1755=EDGE_CURVE('',#2218,#2220,#184,.T.);
#1756=EDGE_CURVE('',#2220,#2219,#2584,.T.);
#1757=EDGE_CURVE('',#2219,#2221,#185,.T.);
#1758=EDGE_CURVE('',#2220,#2222,#186,.T.);
#1759=EDGE_CURVE('',#2222,#2221,#2585,.T.);
#1760=EDGE_CURVE('',#2221,#2223,#187,.T.);
#1761=EDGE_CURVE('',#2222,#2224,#188,.T.);
#1762=EDGE_CURVE('',#2224,#2223,#2586,.T.);
#1763=EDGE_CURVE('',#2223,#2225,#189,.T.);
#1764=EDGE_CURVE('',#2224,#2226,#190,.T.);
#1765=EDGE_CURVE('',#2226,#2225,#2587,.T.);
#1766=EDGE_CURVE('',#2225,#2227,#191,.T.);
#1767=EDGE_CURVE('',#2226,#2228,#192,.T.);
#1768=EDGE_CURVE('',#2228,#2227,#2588,.T.);
#1769=EDGE_CURVE('',#2227,#2229,#193,.T.);
#1770=EDGE_CURVE('',#2228,#2230,#194,.T.);
#1771=EDGE_CURVE('',#2230,#2229,#2589,.T.);
#1772=EDGE_CURVE('',#2229,#2231,#195,.T.);
#1773=EDGE_CURVE('',#2230,#2232,#196,.T.);
#1774=EDGE_CURVE('',#2232,#2231,#2590,.T.);
#1775=EDGE_CURVE('',#2231,#2233,#197,.T.);
#1776=EDGE_CURVE('',#2232,#2234,#198,.T.);
#1777=EDGE_CURVE('',#2234,#2233,#2591,.T.);
#1778=EDGE_CURVE('',#2233,#2203,#199,.T.);
#1779=EDGE_CURVE('',#2234,#2205,#200,.T.);
#1780=EDGE_CURVE('',#2235,#2235,#201,.T.);
#1781=EDGE_CURVE('',#2236,#2236,#202,.T.);
#1782=EDGE_CURVE('',#2237,#2238,#203,.T.);
#1783=EDGE_CURVE('',#2239,#2237,#2592,.T.);
#1784=EDGE_CURVE('',#2239,#2240,#204,.T.);
#1785=EDGE_CURVE('',#2240,#2238,#2593,.T.);
#1786=EDGE_CURVE('',#2238,#2241,#205,.T.);
#1787=EDGE_CURVE('',#2240,#2242,#206,.T.);
#1788=EDGE_CURVE('',#2242,#2241,#2594,.T.);
#1789=EDGE_CURVE('',#2241,#2243,#207,.T.);
#1790=EDGE_CURVE('',#2242,#2244,#208,.T.);
#1791=EDGE_CURVE('',#2244,#2243,#2595,.T.);
#1792=EDGE_CURVE('',#2243,#2237,#209,.T.);
#1793=EDGE_CURVE('',#2244,#2239,#210,.T.);
#1794=EDGE_CURVE('',#2245,#2246,#211,.T.);
#1795=EDGE_CURVE('',#2247,#2245,#2596,.T.);
#1796=EDGE_CURVE('',#2247,#2248,#212,.T.);
#1797=EDGE_CURVE('',#2248,#2246,#2597,.T.);
#1798=EDGE_CURVE('',#2246,#2249,#213,.T.);
#1799=EDGE_CURVE('',#2248,#2250,#214,.T.);
#1800=EDGE_CURVE('',#2250,#2249,#2598,.T.);
#1801=EDGE_CURVE('',#2249,#2251,#215,.T.);
#1802=EDGE_CURVE('',#2250,#2252,#216,.T.);
#1803=EDGE_CURVE('',#2252,#2251,#2599,.T.);
#1804=EDGE_CURVE('',#2251,#2245,#217,.T.);
#1805=EDGE_CURVE('',#2252,#2247,#218,.T.);
#1806=EDGE_CURVE('',#2253,#2254,#219,.T.);
#1807=EDGE_CURVE('',#2255,#2253,#2600,.T.);
#1808=EDGE_CURVE('',#2255,#2256,#220,.T.);
#1809=EDGE_CURVE('',#2256,#2254,#2601,.T.);
#1810=EDGE_CURVE('',#2254,#2257,#221,.T.);
#1811=EDGE_CURVE('',#2256,#2258,#222,.T.);
#1812=EDGE_CURVE('',#2258,#2257,#2602,.T.);
#1813=EDGE_CURVE('',#2257,#2259,#223,.T.);
#1814=EDGE_CURVE('',#2258,#2260,#224,.T.);
#1815=EDGE_CURVE('',#2260,#2259,#2603,.T.);
#1816=EDGE_CURVE('',#2259,#2261,#225,.T.);
#1817=EDGE_CURVE('',#2260,#2262,#226,.T.);
#1818=EDGE_CURVE('',#2262,#2261,#2604,.T.);
#1819=EDGE_CURVE('',#2261,#2263,#227,.T.);
#1820=EDGE_CURVE('',#2262,#2264,#228,.T.);
#1821=EDGE_CURVE('',#2264,#2263,#2605,.T.);
#1822=EDGE_CURVE('',#2263,#2265,#229,.T.);
#1823=EDGE_CURVE('',#2264,#2266,#230,.T.);
#1824=EDGE_CURVE('',#2266,#2265,#2606,.T.);
#1825=EDGE_CURVE('',#2265,#2267,#231,.T.);
#1826=EDGE_CURVE('',#2266,#2268,#232,.T.);
#1827=EDGE_CURVE('',#2268,#2267,#2607,.T.);
#1828=EDGE_CURVE('',#2267,#2253,#233,.T.);
#1829=EDGE_CURVE('',#2268,#2255,#234,.T.);
#1830=EDGE_CURVE('',#2269,#2270,#235,.T.);
#1831=EDGE_CURVE('',#2271,#2269,#2608,.T.);
#1832=EDGE_CURVE('',#2271,#2272,#236,.T.);
#1833=EDGE_CURVE('',#2272,#2270,#2609,.T.);
#1834=EDGE_CURVE('',#2270,#2273,#237,.T.);
#1835=EDGE_CURVE('',#2272,#2274,#238,.T.);
#1836=EDGE_CURVE('',#2274,#2273,#2610,.T.);
#1837=EDGE_CURVE('',#2273,#2275,#239,.T.);
#1838=EDGE_CURVE('',#2274,#2276,#240,.T.);
#1839=EDGE_CURVE('',#2276,#2275,#2611,.T.);
#1840=EDGE_CURVE('',#2275,#2277,#241,.T.);
#1841=EDGE_CURVE('',#2276,#2278,#242,.T.);
#1842=EDGE_CURVE('',#2278,#2277,#2612,.T.);
#1843=EDGE_CURVE('',#2277,#2279,#243,.T.);
#1844=EDGE_CURVE('',#2278,#2280,#244,.T.);
#1845=EDGE_CURVE('',#2280,#2279,#2613,.T.);
#1846=EDGE_CURVE('',#2279,#2281,#245,.T.);
#1847=EDGE_CURVE('',#2280,#2282,#246,.T.);
#1848=EDGE_CURVE('',#2282,#2281,#2614,.T.);
#1849=EDGE_CURVE('',#2283,#2284,#247,.T.);
#1850=EDGE_CURVE('',#2285,#2283,#2615,.T.);
#1851=EDGE_CURVE('',#2285,#2286,#248,.T.);
#1852=EDGE_CURVE('',#2286,#2284,#2616,.T.);
#1853=EDGE_CURVE('',#2284,#2283,#249,.T.);
#1854=EDGE_CURVE('',#2286,#2285,#250,.T.);
#1855=EDGE_CURVE('',#2281,#2269,#251,.T.);
#1856=EDGE_CURVE('',#2282,#2271,#252,.T.);
#1857=EDGE_CURVE('',#2287,#2288,#253,.T.);
#1858=EDGE_CURVE('',#2289,#2287,#2617,.T.);
#1859=EDGE_CURVE('',#2289,#2290,#254,.T.);
#1860=EDGE_CURVE('',#2290,#2288,#2618,.T.);
#1861=EDGE_CURVE('',#2288,#2291,#255,.T.);
#1862=EDGE_CURVE('',#2290,#2292,#256,.T.);
#1863=EDGE_CURVE('',#2292,#2291,#2619,.T.);
#1864=EDGE_CURVE('',#2291,#2293,#257,.T.);
#1865=EDGE_CURVE('',#2292,#2294,#258,.T.);
#1866=EDGE_CURVE('',#2294,#2293,#2620,.T.);
#1867=EDGE_CURVE('',#2295,#2296,#259,.T.);
#1868=EDGE_CURVE('',#2297,#2295,#2621,.T.);
#1869=EDGE_CURVE('',#2297,#2298,#260,.T.);
#1870=EDGE_CURVE('',#2298,#2296,#2622,.T.);
#1871=EDGE_CURVE('',#2296,#2295,#261,.T.);
#1872=EDGE_CURVE('',#2298,#2297,#262,.T.);
#1873=EDGE_CURVE('',#2293,#2287,#263,.T.);
#1874=EDGE_CURVE('',#2294,#2289,#264,.T.);
#1875=EDGE_CURVE('',#2299,#2300,#265,.T.);
#1876=EDGE_CURVE('',#2301,#2299,#2623,.T.);
#1877=EDGE_CURVE('',#2301,#2302,#266,.T.);
#1878=EDGE_CURVE('',#2302,#2300,#2624,.T.);
#1879=EDGE_CURVE('',#2300,#2303,#267,.T.);
#1880=EDGE_CURVE('',#2302,#2304,#268,.T.);
#1881=EDGE_CURVE('',#2304,#2303,#2625,.T.);
#1882=EDGE_CURVE('',#2303,#2305,#269,.T.);
#1883=EDGE_CURVE('',#2304,#2306,#270,.T.);
#1884=EDGE_CURVE('',#2306,#2305,#2626,.T.);
#1885=EDGE_CURVE('',#2305,#2299,#271,.T.);
#1886=EDGE_CURVE('',#2306,#2301,#272,.T.);
#1887=EDGE_CURVE('',#2307,#2308,#273,.T.);
#1888=EDGE_CURVE('',#2309,#2307,#2627,.T.);
#1889=EDGE_CURVE('',#2309,#2310,#274,.T.);
#1890=EDGE_CURVE('',#2310,#2308,#2628,.T.);
#1891=EDGE_CURVE('',#2308,#2311,#275,.T.);
#1892=EDGE_CURVE('',#2310,#2312,#276,.T.);
#1893=EDGE_CURVE('',#2312,#2311,#2629,.T.);
#1894=EDGE_CURVE('',#2311,#2313,#277,.T.);
#1895=EDGE_CURVE('',#2312,#2314,#278,.T.);
#1896=EDGE_CURVE('',#2314,#2313,#2630,.T.);
#1897=EDGE_CURVE('',#2313,#2315,#279,.T.);
#1898=EDGE_CURVE('',#2314,#2316,#280,.T.);
#1899=EDGE_CURVE('',#2316,#2315,#2631,.T.);
#1900=EDGE_CURVE('',#2315,#2317,#281,.T.);
#1901=EDGE_CURVE('',#2316,#2318,#282,.T.);
#1902=EDGE_CURVE('',#2318,#2317,#2632,.T.);
#1903=EDGE_CURVE('',#2317,#2307,#283,.T.);
#1904=EDGE_CURVE('',#2318,#2309,#284,.T.);
#1905=EDGE_CURVE('',#2319,#2319,#285,.T.);
#1906=EDGE_CURVE('',#2320,#2320,#286,.T.);
#1907=EDGE_CURVE('',#2321,#2321,#287,.T.);
#1908=EDGE_CURVE('',#2322,#2322,#288,.T.);
#1909=EDGE_CURVE('',#2323,#2324,#289,.T.);
#1910=EDGE_CURVE('',#2325,#2323,#2633,.T.);
#1911=EDGE_CURVE('',#2325,#2326,#290,.T.);
#1912=EDGE_CURVE('',#2326,#2324,#2634,.T.);
#1913=EDGE_CURVE('',#2324,#2327,#291,.T.);
#1914=EDGE_CURVE('',#2326,#2328,#292,.T.);
#1915=EDGE_CURVE('',#2328,#2327,#2635,.T.);
#1916=EDGE_CURVE('',#2327,#2329,#293,.T.);
#1917=EDGE_CURVE('',#2328,#2330,#294,.T.);
#1918=EDGE_CURVE('',#2330,#2329,#2636,.T.);
#1919=EDGE_CURVE('',#2331,#2332,#295,.T.);
#1920=EDGE_CURVE('',#2333,#2331,#2637,.T.);
#1921=EDGE_CURVE('',#2333,#2334,#296,.T.);
#1922=EDGE_CURVE('',#2334,#2332,#2638,.T.);
#1923=EDGE_CURVE('',#2332,#2331,#297,.T.);
#1924=EDGE_CURVE('',#2334,#2333,#298,.T.);
#1925=EDGE_CURVE('',#2329,#2323,#299,.T.);
#1926=EDGE_CURVE('',#2330,#2325,#300,.T.);
#1927=EDGE_CURVE('',#2335,#2336,#301,.T.);
#1928=EDGE_CURVE('',#2337,#2335,#2639,.T.);
#1929=EDGE_CURVE('',#2337,#2338,#302,.T.);
#1930=EDGE_CURVE('',#2338,#2336,#2640,.T.);
#1931=EDGE_CURVE('',#2336,#2339,#303,.T.);
#1932=EDGE_CURVE('',#2338,#2340,#304,.T.);
#1933=EDGE_CURVE('',#2340,#2339,#2641,.T.);
#1934=EDGE_CURVE('',#2339,#2341,#305,.T.);
#1935=EDGE_CURVE('',#2340,#2342,#306,.T.);
#1936=EDGE_CURVE('',#2342,#2341,#2642,.T.);
#1937=EDGE_CURVE('',#2341,#2343,#307,.T.);
#1938=EDGE_CURVE('',#2342,#2344,#308,.T.);
#1939=EDGE_CURVE('',#2344,#2343,#2643,.T.);
#1940=EDGE_CURVE('',#2343,#2345,#309,.T.);
#1941=EDGE_CURVE('',#2344,#2346,#310,.T.);
#1942=EDGE_CURVE('',#2346,#2345,#2644,.T.);
#1943=EDGE_CURVE('',#2345,#2347,#311,.T.);
#1944=EDGE_CURVE('',#2346,#2348,#312,.T.);
#1945=EDGE_CURVE('',#2348,#2347,#2645,.T.);
#1946=EDGE_CURVE('',#2347,#2349,#313,.T.);
#1947=EDGE_CURVE('',#2348,#2350,#314,.T.);
#1948=EDGE_CURVE('',#2350,#2349,#2646,.T.);
#1949=EDGE_CURVE('',#2349,#2351,#315,.T.);
#1950=EDGE_CURVE('',#2350,#2352,#316,.T.);
#1951=EDGE_CURVE('',#2352,#2351,#2647,.T.);
#1952=EDGE_CURVE('',#2351,#2353,#317,.T.);
#1953=EDGE_CURVE('',#2352,#2354,#318,.T.);
#1954=EDGE_CURVE('',#2354,#2353,#2648,.T.);
#1955=EDGE_CURVE('',#2353,#2355,#319,.T.);
#1956=EDGE_CURVE('',#2354,#2356,#320,.T.);
#1957=EDGE_CURVE('',#2356,#2355,#2649,.T.);
#1958=EDGE_CURVE('',#2355,#2357,#321,.T.);
#1959=EDGE_CURVE('',#2356,#2358,#322,.T.);
#1960=EDGE_CURVE('',#2358,#2357,#2650,.T.);
#1961=EDGE_CURVE('',#2357,#2335,#323,.T.);
#1962=EDGE_CURVE('',#2358,#2337,#324,.T.);
#1963=EDGE_CURVE('',#2359,#2360,#325,.T.);
#1964=EDGE_CURVE('',#2361,#2359,#2651,.T.);
#1965=EDGE_CURVE('',#2361,#2362,#326,.T.);
#1966=EDGE_CURVE('',#2362,#2360,#2652,.T.);
#1967=EDGE_CURVE('',#2360,#2363,#327,.T.);
#1968=EDGE_CURVE('',#2362,#2364,#328,.T.);
#1969=EDGE_CURVE('',#2364,#2363,#2653,.T.);
#1970=EDGE_CURVE('',#2363,#2365,#329,.T.);
#1971=EDGE_CURVE('',#2364,#2366,#330,.T.);
#1972=EDGE_CURVE('',#2366,#2365,#2654,.T.);
#1973=EDGE_CURVE('',#2365,#2367,#331,.T.);
#1974=EDGE_CURVE('',#2366,#2368,#332,.T.);
#1975=EDGE_CURVE('',#2368,#2367,#2655,.T.);
#1976=EDGE_CURVE('',#2367,#2369,#333,.T.);
#1977=EDGE_CURVE('',#2368,#2370,#334,.T.);
#1978=EDGE_CURVE('',#2370,#2369,#2656,.T.);
#1979=EDGE_CURVE('',#2369,#2371,#335,.T.);
#1980=EDGE_CURVE('',#2370,#2372,#336,.T.);
#1981=EDGE_CURVE('',#2372,#2371,#2657,.T.);
#1982=EDGE_CURVE('',#2371,#2373,#337,.T.);
#1983=EDGE_CURVE('',#2372,#2374,#338,.T.);
#1984=EDGE_CURVE('',#2374,#2373,#2658,.T.);
#1985=EDGE_CURVE('',#2373,#2375,#339,.T.);
#1986=EDGE_CURVE('',#2374,#2376,#340,.T.);
#1987=EDGE_CURVE('',#2376,#2375,#2659,.T.);
#1988=EDGE_CURVE('',#2375,#2377,#341,.T.);
#1989=EDGE_CURVE('',#2376,#2378,#342,.T.);
#1990=EDGE_CURVE('',#2378,#2377,#2660,.T.);
#1991=EDGE_CURVE('',#2377,#2379,#343,.T.);
#1992=EDGE_CURVE('',#2378,#2380,#344,.T.);
#1993=EDGE_CURVE('',#2380,#2379,#2661,.T.);
#1994=EDGE_CURVE('',#2379,#2381,#345,.T.);
#1995=EDGE_CURVE('',#2380,#2382,#346,.T.);
#1996=EDGE_CURVE('',#2382,#2381,#2662,.T.);
#1997=EDGE_CURVE('',#2381,#2359,#347,.T.);
#1998=EDGE_CURVE('',#2382,#2361,#348,.T.);
#1999=EDGE_CURVE('',#2383,#2384,#349,.T.);
#2000=EDGE_CURVE('',#2385,#2383,#2663,.T.);
#2001=EDGE_CURVE('',#2385,#2386,#350,.T.);
#2002=EDGE_CURVE('',#2386,#2384,#2664,.T.);
#2003=EDGE_CURVE('',#2384,#2387,#351,.T.);
#2004=EDGE_CURVE('',#2386,#2388,#352,.T.);
#2005=EDGE_CURVE('',#2388,#2387,#2665,.T.);
#2006=EDGE_CURVE('',#2387,#2389,#353,.T.);
#2007=EDGE_CURVE('',#2388,#2390,#354,.T.);
#2008=EDGE_CURVE('',#2390,#2389,#2666,.T.);
#2009=EDGE_CURVE('',#2389,#2383,#355,.T.);
#2010=EDGE_CURVE('',#2390,#2385,#356,.T.);
#2011=EDGE_CURVE('',#2391,#2392,#357,.T.);
#2012=EDGE_CURVE('',#2393,#2391,#2667,.T.);
#2013=EDGE_CURVE('',#2393,#2394,#358,.T.);
#2014=EDGE_CURVE('',#2394,#2392,#2668,.T.);
#2015=EDGE_CURVE('',#2392,#2395,#359,.T.);
#2016=EDGE_CURVE('',#2394,#2396,#360,.T.);
#2017=EDGE_CURVE('',#2396,#2395,#2669,.T.);
#2018=EDGE_CURVE('',#2395,#2397,#361,.T.);
#2019=EDGE_CURVE('',#2396,#2398,#362,.T.);
#2020=EDGE_CURVE('',#2398,#2397,#2670,.T.);
#2021=EDGE_CURVE('',#2399,#2400,#363,.T.);
#2022=EDGE_CURVE('',#2401,#2399,#2671,.T.);
#2023=EDGE_CURVE('',#2401,#2402,#364,.T.);
#2024=EDGE_CURVE('',#2402,#2400,#2672,.T.);
#2025=EDGE_CURVE('',#2400,#2399,#365,.T.);
#2026=EDGE_CURVE('',#2402,#2401,#366,.T.);
#2027=EDGE_CURVE('',#2397,#2391,#367,.T.);
#2028=EDGE_CURVE('',#2398,#2393,#368,.T.);
#2029=EDGE_CURVE('',#2403,#2404,#369,.T.);
#2030=EDGE_CURVE('',#2405,#2403,#2673,.T.);
#2031=EDGE_CURVE('',#2405,#2406,#370,.T.);
#2032=EDGE_CURVE('',#2406,#2404,#2674,.T.);
#2033=EDGE_CURVE('',#2404,#2407,#371,.T.);
#2034=EDGE_CURVE('',#2406,#2408,#372,.T.);
#2035=EDGE_CURVE('',#2408,#2407,#2675,.T.);
#2036=EDGE_CURVE('',#2407,#2409,#373,.T.);
#2037=EDGE_CURVE('',#2408,#2410,#374,.T.);
#2038=EDGE_CURVE('',#2410,#2409,#2676,.T.);
#2039=EDGE_CURVE('',#2409,#2411,#375,.T.);
#2040=EDGE_CURVE('',#2410,#2412,#376,.T.);
#2041=EDGE_CURVE('',#2412,#2411,#2677,.T.);
#2042=EDGE_CURVE('',#2411,#2413,#377,.T.);
#2043=EDGE_CURVE('',#2412,#2414,#378,.T.);
#2044=EDGE_CURVE('',#2414,#2413,#2678,.T.);
#2045=EDGE_CURVE('',#2413,#2415,#379,.T.);
#2046=EDGE_CURVE('',#2414,#2416,#380,.T.);
#2047=EDGE_CURVE('',#2416,#2415,#2679,.T.);
#2048=EDGE_CURVE('',#2415,#2417,#381,.T.);
#2049=EDGE_CURVE('',#2416,#2418,#382,.T.);
#2050=EDGE_CURVE('',#2418,#2417,#2680,.T.);
#2051=EDGE_CURVE('',#2417,#2403,#383,.T.);
#2052=EDGE_CURVE('',#2418,#2405,#384,.T.);
#2053=VERTEX_POINT('',#6485);
#2054=VERTEX_POINT('',#6486);
#2055=VERTEX_POINT('',#6488);
#2056=VERTEX_POINT('',#6490);
#2057=VERTEX_POINT('',#6493);
#2058=VERTEX_POINT('',#6494);
#2059=VERTEX_POINT('',#6496);
#2060=VERTEX_POINT('',#6498);
#2061=VERTEX_POINT('',#6501);
#2062=VERTEX_POINT('',#6502);
#2063=VERTEX_POINT('',#6504);
#2064=VERTEX_POINT('',#6506);
#2065=VERTEX_POINT('',#6510);
#2066=VERTEX_POINT('',#6511);
#2067=VERTEX_POINT('',#6513);
#2068=VERTEX_POINT('',#6515);
#2069=VERTEX_POINT('',#6517);
#2070=VERTEX_POINT('',#6519);
#2071=VERTEX_POINT('',#6523);
#2072=VERTEX_POINT('',#6524);
#2073=VERTEX_POINT('',#6529);
#2074=VERTEX_POINT('',#6531);
#2075=VERTEX_POINT('',#6535);
#2076=VERTEX_POINT('',#6536);
#2077=VERTEX_POINT('',#6538);
#2078=VERTEX_POINT('',#6540);
#2079=VERTEX_POINT('',#6542);
#2080=VERTEX_POINT('',#6544);
#2081=VERTEX_POINT('',#6548);
#2082=VERTEX_POINT('',#6550);
#2083=VERTEX_POINT('',#6555);
#2084=VERTEX_POINT('',#6556);
#2085=VERTEX_POINT('',#6558);
#2086=VERTEX_POINT('',#6560);
#2087=VERTEX_POINT('',#6562);
#2088=VERTEX_POINT('',#6564);
#2089=VERTEX_POINT('',#6571);
#2090=VERTEX_POINT('',#6573);
#2091=VERTEX_POINT('',#6577);
#2092=VERTEX_POINT('',#6578);
#2093=VERTEX_POINT('',#6584);
#2094=VERTEX_POINT('',#6586);
#2095=VERTEX_POINT('',#6590);
#2096=VERTEX_POINT('',#6591);
#2097=VERTEX_POINT('',#6593);
#2098=VERTEX_POINT('',#6596);
#2099=VERTEX_POINT('',#6600);
#2100=VERTEX_POINT('',#6602);
#2101=VERTEX_POINT('',#6606);
#2102=VERTEX_POINT('',#6607);
#2103=VERTEX_POINT('',#6609);
#2104=VERTEX_POINT('',#6611);
#2105=VERTEX_POINT('',#6615);
#2106=VERTEX_POINT('',#6617);
#2107=VERTEX_POINT('',#6636);
#2108=VERTEX_POINT('',#6637);
#2109=VERTEX_POINT('',#6644);
#2110=VERTEX_POINT('',#6645);
#2111=VERTEX_POINT('',#6647);
#2112=VERTEX_POINT('',#6649);
#2113=VERTEX_POINT('',#6654);
#2114=VERTEX_POINT('',#6655);
#2115=VERTEX_POINT('',#6657);
#2116=VERTEX_POINT('',#6659);
#2117=VERTEX_POINT('',#6666);
#2118=VERTEX_POINT('',#6667);
#2119=VERTEX_POINT('',#6669);
#2120=VERTEX_POINT('',#6674);
#2121=VERTEX_POINT('',#6678);
#2122=VERTEX_POINT('',#6679);
#2123=VERTEX_POINT('',#6693);
#2124=VERTEX_POINT('',#6695);
#2125=VERTEX_POINT('',#6714);
#2126=VERTEX_POINT('',#6716);
#2127=VERTEX_POINT('',#6732);
#2128=VERTEX_POINT('',#6734);
#2129=VERTEX_POINT('',#6738);
#2130=VERTEX_POINT('',#6740);
#2131=VERTEX_POINT('',#6744);
#2132=VERTEX_POINT('',#6746);
#2133=VERTEX_POINT('',#6768);
#2134=VERTEX_POINT('',#6770);
#2135=VERTEX_POINT('',#6777);
#2136=VERTEX_POINT('',#6778);
#2137=VERTEX_POINT('',#6780);
#2138=VERTEX_POINT('',#6785);
#2139=VERTEX_POINT('',#6789);
#2140=VERTEX_POINT('',#6791);
#2141=VERTEX_POINT('',#6845);
#2142=VERTEX_POINT('',#6846);
#2143=VERTEX_POINT('',#6848);
#2144=VERTEX_POINT('',#6853);
#2145=VERTEX_POINT('',#6857);
#2146=VERTEX_POINT('',#6858);
#2147=VERTEX_POINT('',#6872);
#2148=VERTEX_POINT('',#6874);
#2149=VERTEX_POINT('',#6893);
#2150=VERTEX_POINT('',#6895);
#2151=VERTEX_POINT('',#6911);
#2152=VERTEX_POINT('',#6913);
#2153=VERTEX_POINT('',#6917);
#2154=VERTEX_POINT('',#6919);
#2155=VERTEX_POINT('',#6923);
#2156=VERTEX_POINT('',#6925);
#2157=VERTEX_POINT('',#6944);
#2158=VERTEX_POINT('',#6945);
#2159=VERTEX_POINT('',#6947);
#2160=VERTEX_POINT('',#6952);
#2161=VERTEX_POINT('',#6971);
#2162=VERTEX_POINT('',#6981);
#2163=VERTEX_POINT('',#6988);
#2164=VERTEX_POINT('',#6993);
#2165=VERTEX_POINT('',#7016);
#2166=VERTEX_POINT('',#7026);
#2167=VERTEX_POINT('',#7073);
#2168=VERTEX_POINT('',#7094);
#2169=VERTEX_POINT('',#7136);
#2170=VERTEX_POINT('',#7160);
#2171=VERTEX_POINT('',#7183);
#2172=VERTEX_POINT('',#7184);
#2173=VERTEX_POINT('',#7186);
#2174=VERTEX_POINT('',#7197);
#2175=VERTEX_POINT('',#7204);
#2176=VERTEX_POINT('',#7209);
#2177=VERTEX_POINT('',#7241);
#2178=VERTEX_POINT('',#7258);
#2179=VERTEX_POINT('',#7265);
#2180=VERTEX_POINT('',#7270);
#2181=VERTEX_POINT('',#7277);
#2182=VERTEX_POINT('',#7282);
#2183=VERTEX_POINT('',#7289);
#2184=VERTEX_POINT('',#7294);
#2185=VERTEX_POINT('',#7301);
#2186=VERTEX_POINT('',#7306);
#2187=VERTEX_POINT('',#7342);
#2188=VERTEX_POINT('',#7343);
#2189=VERTEX_POINT('',#7345);
#2190=VERTEX_POINT('',#7359);
#2191=VERTEX_POINT('',#7366);
#2192=VERTEX_POINT('',#7371);
#2193=VERTEX_POINT('',#7403);
#2194=VERTEX_POINT('',#7420);
#2195=VERTEX_POINT('',#7427);
#2196=VERTEX_POINT('',#7432);
#2197=VERTEX_POINT('',#7439);
#2198=VERTEX_POINT('',#7444);
#2199=VERTEX_POINT('',#7451);
#2200=VERTEX_POINT('',#7456);
#2201=VERTEX_POINT('',#7463);
#2202=VERTEX_POINT('',#7468);
#2203=VERTEX_POINT('',#7486);
#2204=VERTEX_POINT('',#7487);
#2205=VERTEX_POINT('',#7489);
#2206=VERTEX_POINT('',#7494);
#2207=VERTEX_POINT('',#7501);
#2208=VERTEX_POINT('',#7506);
#2209=VERTEX_POINT('',#7523);
#2210=VERTEX_POINT('',#7531);
#2211=VERTEX_POINT('',#7538);
#2212=VERTEX_POINT('',#7543);
#2213=VERTEX_POINT('',#7562);
#2214=VERTEX_POINT('',#7570);
#2215=VERTEX_POINT('',#7577);
#2216=VERTEX_POINT('',#7582);
#2217=VERTEX_POINT('',#7601);
#2218=VERTEX_POINT('',#7609);
#2219=VERTEX_POINT('',#7616);
#2220=VERTEX_POINT('',#7621);
#2221=VERTEX_POINT('',#7640);
#2222=VERTEX_POINT('',#7648);
#2223=VERTEX_POINT('',#7655);
#2224=VERTEX_POINT('',#7660);
#2225=VERTEX_POINT('',#7667);
#2226=VERTEX_POINT('',#7672);
#2227=VERTEX_POINT('',#7679);
#2228=VERTEX_POINT('',#7684);
#2229=VERTEX_POINT('',#7703);
#2230=VERTEX_POINT('',#7711);
#2231=VERTEX_POINT('',#7718);
#2232=VERTEX_POINT('',#7723);
#2233=VERTEX_POINT('',#7742);
#2234=VERTEX_POINT('',#7750);
#2235=VERTEX_POINT('',#7798);
#2236=VERTEX_POINT('',#7820);
#2237=VERTEX_POINT('',#7826);
#2238=VERTEX_POINT('',#7827);
#2239=VERTEX_POINT('',#7829);
#2240=VERTEX_POINT('',#7832);
#2241=VERTEX_POINT('',#7837);
#2242=VERTEX_POINT('',#7840);
#2243=VERTEX_POINT('',#7845);
#2244=VERTEX_POINT('',#7848);
#2245=VERTEX_POINT('',#7862);
#2246=VERTEX_POINT('',#7863);
#2247=VERTEX_POINT('',#7865);
#2248=VERTEX_POINT('',#7870);
#2249=VERTEX_POINT('',#7899);
#2250=VERTEX_POINT('',#7915);
#2251=VERTEX_POINT('',#7922);
#2252=VERTEX_POINT('',#7927);
#2253=VERTEX_POINT('',#7992);
#2254=VERTEX_POINT('',#7993);
#2255=VERTEX_POINT('',#7995);
#2256=VERTEX_POINT('',#8005);
#2257=VERTEX_POINT('',#8012);
#2258=VERTEX_POINT('',#8017);
#2259=VERTEX_POINT('',#8048);
#2260=VERTEX_POINT('',#8064);
#2261=VERTEX_POINT('',#8071);
#2262=VERTEX_POINT('',#8076);
#2263=VERTEX_POINT('',#8083);
#2264=VERTEX_POINT('',#8088);
#2265=VERTEX_POINT('',#8095);
#2266=VERTEX_POINT('',#8100);
#2267=VERTEX_POINT('',#8107);
#2268=VERTEX_POINT('',#8112);
#2269=VERTEX_POINT('',#8144);
#2270=VERTEX_POINT('',#8145);
#2271=VERTEX_POINT('',#8147);
#2272=VERTEX_POINT('',#8157);
#2273=VERTEX_POINT('',#8164);
#2274=VERTEX_POINT('',#8169);
#2275=VERTEX_POINT('',#8176);
#2276=VERTEX_POINT('',#8181);
#2277=VERTEX_POINT('',#8188);
#2278=VERTEX_POINT('',#8193);
#2279=VERTEX_POINT('',#8221);
#2280=VERTEX_POINT('',#8236);
#2281=VERTEX_POINT('',#8252);
#2282=VERTEX_POINT('',#8259);
#2283=VERTEX_POINT('',#8281);
#2284=VERTEX_POINT('',#8282);
#2285=VERTEX_POINT('',#8284);
#2286=VERTEX_POINT('',#8297);
#2287=VERTEX_POINT('',#8380);
#2288=VERTEX_POINT('',#8381);
#2289=VERTEX_POINT('',#8383);
#2290=VERTEX_POINT('',#8406);
#2291=VERTEX_POINT('',#8413);
#2292=VERTEX_POINT('',#8418);
#2293=VERTEX_POINT('',#8437);
#2294=VERTEX_POINT('',#8447);
#2295=VERTEX_POINT('',#8469);
#2296=VERTEX_POINT('',#8470);
#2297=VERTEX_POINT('',#8472);
#2298=VERTEX_POINT('',#8485);
#2299=VERTEX_POINT('',#8510);
#2300=VERTEX_POINT('',#8511);
#2301=VERTEX_POINT('',#8513);
#2302=VERTEX_POINT('',#8516);
#2303=VERTEX_POINT('',#8521);
#2304=VERTEX_POINT('',#8524);
#2305=VERTEX_POINT('',#8529);
#2306=VERTEX_POINT('',#8532);
#2307=VERTEX_POINT('',#8544);
#2308=VERTEX_POINT('',#8545);
#2309=VERTEX_POINT('',#8547);
#2310=VERTEX_POINT('',#8550);
#2311=VERTEX_POINT('',#8555);
#2312=VERTEX_POINT('',#8558);
#2313=VERTEX_POINT('',#8563);
#2314=VERTEX_POINT('',#8566);
#2315=VERTEX_POINT('',#8571);
#2316=VERTEX_POINT('',#8574);
#2317=VERTEX_POINT('',#8579);
#2318=VERTEX_POINT('',#8582);
#2319=VERTEX_POINT('',#8626);
#2320=VERTEX_POINT('',#8648);
#2321=VERTEX_POINT('',#8686);
#2322=VERTEX_POINT('',#8708);
#2323=VERTEX_POINT('',#8747);
#2324=VERTEX_POINT('',#8748);
#2325=VERTEX_POINT('',#8750);
#2326=VERTEX_POINT('',#8773);
#2327=VERTEX_POINT('',#8780);
#2328=VERTEX_POINT('',#8785);
#2329=VERTEX_POINT('',#8805);
#2330=VERTEX_POINT('',#8816);
#2331=VERTEX_POINT('',#8838);
#2332=VERTEX_POINT('',#8839);
#2333=VERTEX_POINT('',#8841);
#2334=VERTEX_POINT('',#8854);
#2335=VERTEX_POINT('',#8881);
#2336=VERTEX_POINT('',#8882);
#2337=VERTEX_POINT('',#8884);
#2338=VERTEX_POINT('',#8889);
#2339=VERTEX_POINT('',#8908);
#2340=VERTEX_POINT('',#8918);
#2341=VERTEX_POINT('',#8925);
#2342=VERTEX_POINT('',#8930);
#2343=VERTEX_POINT('',#8937);
#2344=VERTEX_POINT('',#8942);
#2345=VERTEX_POINT('',#8949);
#2346=VERTEX_POINT('',#8954);
#2347=VERTEX_POINT('',#8961);
#2348=VERTEX_POINT('',#8966);
#2349=VERTEX_POINT('',#8973);
#2350=VERTEX_POINT('',#8978);
#2351=VERTEX_POINT('',#8985);
#2352=VERTEX_POINT('',#8990);
#2353=VERTEX_POINT('',#8997);
#2354=VERTEX_POINT('',#9002);
#2355=VERTEX_POINT('',#9009);
#2356=VERTEX_POINT('',#9014);
#2357=VERTEX_POINT('',#9021);
#2358=VERTEX_POINT('',#9026);
#2359=VERTEX_POINT('',#9069);
#2360=VERTEX_POINT('',#9070);
#2361=VERTEX_POINT('',#9072);
#2362=VERTEX_POINT('',#9077);
#2363=VERTEX_POINT('',#9096);
#2364=VERTEX_POINT('',#9106);
#2365=VERTEX_POINT('',#9113);
#2366=VERTEX_POINT('',#9118);
#2367=VERTEX_POINT('',#9125);
#2368=VERTEX_POINT('',#9130);
#2369=VERTEX_POINT('',#9137);
#2370=VERTEX_POINT('',#9142);
#2371=VERTEX_POINT('',#9149);
#2372=VERTEX_POINT('',#9154);
#2373=VERTEX_POINT('',#9161);
#2374=VERTEX_POINT('',#9166);
#2375=VERTEX_POINT('',#9173);
#2376=VERTEX_POINT('',#9178);
#2377=VERTEX_POINT('',#9185);
#2378=VERTEX_POINT('',#9190);
#2379=VERTEX_POINT('',#9197);
#2380=VERTEX_POINT('',#9202);
#2381=VERTEX_POINT('',#9209);
#2382=VERTEX_POINT('',#9214);
#2383=VERTEX_POINT('',#9255);
#2384=VERTEX_POINT('',#9256);
#2385=VERTEX_POINT('',#9258);
#2386=VERTEX_POINT('',#9261);
#2387=VERTEX_POINT('',#9266);
#2388=VERTEX_POINT('',#9269);
#2389=VERTEX_POINT('',#9274);
#2390=VERTEX_POINT('',#9277);
#2391=VERTEX_POINT('',#9321);
#2392=VERTEX_POINT('',#9322);
#2393=VERTEX_POINT('',#9324);
#2394=VERTEX_POINT('',#9346);
#2395=VERTEX_POINT('',#9353);
#2396=VERTEX_POINT('',#9358);
#2397=VERTEX_POINT('',#9378);
#2398=VERTEX_POINT('',#9389);
#2399=VERTEX_POINT('',#9411);
#2400=VERTEX_POINT('',#9412);
#2401=VERTEX_POINT('',#9414);
#2402=VERTEX_POINT('',#9427);
#2403=VERTEX_POINT('',#9454);
#2404=VERTEX_POINT('',#9455);
#2405=VERTEX_POINT('',#9457);
#2406=VERTEX_POINT('',#9462);
#2407=VERTEX_POINT('',#9486);
#2408=VERTEX_POINT('',#9499);
#2409=VERTEX_POINT('',#9506);
#2410=VERTEX_POINT('',#9511);
#2411=VERTEX_POINT('',#9518);
#2412=VERTEX_POINT('',#9523);
#2413=VERTEX_POINT('',#9530);
#2414=VERTEX_POINT('',#9535);
#2415=VERTEX_POINT('',#9542);
#2416=VERTEX_POINT('',#9547);
#2417=VERTEX_POINT('',#9554);
#2418=VERTEX_POINT('',#9559);
#2419=LINE('',#6484,#2681);
#2420=LINE('',#6487,#2682);
#2421=LINE('',#6489,#2683);
#2422=LINE('',#6491,#2684);
#2423=LINE('',#6492,#2685);
#2424=LINE('',#6495,#2686);
#2425=LINE('',#6497,#2687);
#2426=LINE('',#6499,#2688);
#2427=LINE('',#6500,#2689);
#2428=LINE('',#6503,#2690);
#2429=LINE('',#6505,#2691);
#2430=LINE('',#6507,#2692);
#2431=LINE('',#6509,#2693);
#2432=LINE('',#6512,#2694);
#2433=LINE('',#6514,#2695);
#2434=LINE('',#6516,#2696);
#2435=LINE('',#6518,#2697);
#2436=LINE('',#6520,#2698);
#2437=LINE('',#6522,#2699);
#2438=LINE('',#6525,#2700);
#2439=LINE('',#6526,#2701);
#2440=LINE('',#6528,#2702);
#2441=LINE('',#6530,#2703);
#2442=LINE('',#6532,#2704);
#2443=LINE('',#6534,#2705);
#2444=LINE('',#6537,#2706);
#2445=LINE('',#6539,#2707);
#2446=LINE('',#6541,#2708);
#2447=LINE('',#6543,#2709);
#2448=LINE('',#6545,#2710);
#2449=LINE('',#6547,#2711);
#2450=LINE('',#6549,#2712);
#2451=LINE('',#6551,#2713);
#2452=LINE('',#6552,#2714);
#2453=LINE('',#6554,#2715);
#2454=LINE('',#6557,#2716);
#2455=LINE('',#6559,#2717);
#2456=LINE('',#6561,#2718);
#2457=LINE('',#6563,#2719);
#2458=LINE('',#6565,#2720);
#2459=LINE('',#6567,#2721);
#2460=LINE('',#6568,#2722);
#2461=LINE('',#6570,#2723);
#2462=LINE('',#6572,#2724);
#2463=LINE('',#6574,#2725);
#2464=LINE('',#6576,#2726);
#2465=LINE('',#6579,#2727);
#2466=LINE('',#6580,#2728);
#2467=LINE('',#6581,#2729);
#2468=LINE('',#6583,#2730);
#2469=LINE('',#6585,#2731);
#2470=LINE('',#6587,#2732);
#2471=LINE('',#6589,#2733);
#2472=LINE('',#6592,#2734);
#2473=LINE('',#6594,#2735);
#2474=LINE('',#6595,#2736);
#2475=LINE('',#6597,#2737);
#2476=LINE('',#6599,#2738);
#2477=LINE('',#6601,#2739);
#2478=LINE('',#6603,#2740);
#2479=LINE('',#6605,#2741);
#2480=LINE('',#6608,#2742);
#2481=LINE('',#6610,#2743);
#2482=LINE('',#6612,#2744);
#2483=LINE('',#6614,#2745);
#2484=LINE('',#6616,#2746);
#2485=LINE('',#6618,#2747);
#2486=LINE('',#6620,#2748);
#2487=LINE('',#6622,#2749);
#2488=LINE('',#6624,#2750);
#2489=LINE('',#6625,#2751);
#2490=LINE('',#6627,#2752);
#2491=LINE('',#6629,#2753);
#2492=LINE('',#6632,#2754);
#2493=LINE('',#6633,#2755);
#2494=LINE('',#6635,#2756);
#2495=LINE('',#6638,#2757);
#2496=LINE('',#6639,#2758);
#2497=LINE('',#6641,#2759);
#2498=LINE('',#6643,#2760);
#2499=LINE('',#6646,#2761);
#2500=LINE('',#6648,#2762);
#2501=LINE('',#6650,#2763);
#2502=LINE('',#6651,#2764);
#2503=LINE('',#6652,#2765);
#2504=LINE('',#6653,#2766);
#2505=LINE('',#6656,#2767);
#2506=LINE('',#6658,#2768);
#2507=LINE('',#6660,#2769);
#2508=LINE('',#6668,#2770);
#2509=LINE('',#6675,#2771);
#2510=LINE('',#6677,#2772);
#2511=LINE('',#6694,#2773);
#2512=LINE('',#6713,#2774);
#2513=LINE('',#6715,#2775);
#2514=LINE('',#6717,#2776);
#2515=LINE('',#6731,#2777);
#2516=LINE('',#6733,#2778);
#2517=LINE('',#6735,#2779);
#2518=LINE('',#6741,#2780);
#2519=LINE('',#6745,#2781);
#2520=LINE('',#6749,#2782);
#2521=LINE('',#6750,#2783);
#2522=LINE('',#6752,#2784);
#2523=LINE('',#6754,#2785);
#2524=LINE('',#6757,#2786);
#2525=LINE('',#6759,#2787);
#2526=LINE('',#6761,#2788);
#2527=LINE('',#6763,#2789);
#2528=LINE('',#6765,#2790);
#2529=LINE('',#6767,#2791);
#2530=LINE('',#6769,#2792);
#2531=LINE('',#6771,#2793);
#2532=LINE('',#6779,#2794);
#2533=LINE('',#6786,#2795);
#2534=LINE('',#6788,#2796);
#2535=LINE('',#6790,#2797);
#2536=LINE('',#6792,#2798);
#2537=LINE('',#6838,#2799);
#2538=LINE('',#6847,#2800);
#2539=LINE('',#6854,#2801);
#2540=LINE('',#6856,#2802);
#2541=LINE('',#6873,#2803);
#2542=LINE('',#6892,#2804);
#2543=LINE('',#6894,#2805);
#2544=LINE('',#6896,#2806);
#2545=LINE('',#6910,#2807);
#2546=LINE('',#6912,#2808);
#2547=LINE('',#6914,#2809);
#2548=LINE('',#6920,#2810);
#2549=LINE('',#6924,#2811);
#2550=LINE('',#6928,#2812);
#2551=LINE('',#6929,#2813);
#2552=LINE('',#6931,#2814);
#2553=LINE('',#6933,#2815);
#2554=LINE('',#6936,#2816);
#2555=LINE('',#6946,#2817);
#2556=LINE('',#6953,#2818);
#2557=LINE('',#6982,#2819);
#2558=LINE('',#6994,#2820);
#2559=LINE('',#7027,#2821);
#2560=LINE('',#7185,#2822);
#2561=LINE('',#7198,#2823);
#2562=LINE('',#7210,#2824);
#2563=LINE('',#7259,#2825);
#2564=LINE('',#7271,#2826);
#2565=LINE('',#7283,#2827);
#2566=LINE('',#7295,#2828);
#2567=LINE('',#7307,#2829);
#2568=LINE('',#7344,#2830);
#2569=LINE('',#7360,#2831);
#2570=LINE('',#7372,#2832);
#2571=LINE('',#7421,#2833);
#2572=LINE('',#7433,#2834);
#2573=LINE('',#7445,#2835);
#2574=LINE('',#7457,#2836);
#2575=LINE('',#7469,#2837);
#2576=LINE('',#7488,#2838);
#2577=LINE('',#7495,#2839);
#2578=LINE('',#7507,#2840);
#2579=LINE('',#7532,#2841);
#2580=LINE('',#7544,#2842);
#2581=LINE('',#7571,#2843);
#2582=LINE('',#7583,#2844);
#2583=LINE('',#7610,#2845);
#2584=LINE('',#7622,#2846);
#2585=LINE('',#7649,#2847);
#2586=LINE('',#7661,#2848);
#2587=LINE('',#7673,#2849);
#2588=LINE('',#7685,#2850);
#2589=LINE('',#7712,#2851);
#2590=LINE('',#7724,#2852);
#2591=LINE('',#7751,#2853);
#2592=LINE('',#7828,#2854);
#2593=LINE('',#7833,#2855);
#2594=LINE('',#7841,#2856);
#2595=LINE('',#7849,#2857);
#2596=LINE('',#7864,#2858);
#2597=LINE('',#7871,#2859);
#2598=LINE('',#7916,#2860);
#2599=LINE('',#7928,#2861);
#2600=LINE('',#7994,#2862);
#2601=LINE('',#8006,#2863);
#2602=LINE('',#8018,#2864);
#2603=LINE('',#8065,#2865);
#2604=LINE('',#8077,#2866);
#2605=LINE('',#8089,#2867);
#2606=LINE('',#8101,#2868);
#2607=LINE('',#8113,#2869);
#2608=LINE('',#8146,#2870);
#2609=LINE('',#8158,#2871);
#2610=LINE('',#8170,#2872);
#2611=LINE('',#8182,#2873);
#2612=LINE('',#8194,#2874);
#2613=LINE('',#8237,#2875);
#2614=LINE('',#8260,#2876);
#2615=LINE('',#8283,#2877);
#2616=LINE('',#8298,#2878);
#2617=LINE('',#8382,#2879);
#2618=LINE('',#8407,#2880);
#2619=LINE('',#8419,#2881);
#2620=LINE('',#8448,#2882);
#2621=LINE('',#8471,#2883);
#2622=LINE('',#8486,#2884);
#2623=LINE('',#8512,#2885);
#2624=LINE('',#8517,#2886);
#2625=LINE('',#8525,#2887);
#2626=LINE('',#8533,#2888);
#2627=LINE('',#8546,#2889);
#2628=LINE('',#8551,#2890);
#2629=LINE('',#8559,#2891);
#2630=LINE('',#8567,#2892);
#2631=LINE('',#8575,#2893);
#2632=LINE('',#8583,#2894);
#2633=LINE('',#8749,#2895);
#2634=LINE('',#8774,#2896);
#2635=LINE('',#8786,#2897);
#2636=LINE('',#8817,#2898);
#2637=LINE('',#8840,#2899);
#2638=LINE('',#8855,#2900);
#2639=LINE('',#8883,#2901);
#2640=LINE('',#8890,#2902);
#2641=LINE('',#8919,#2903);
#2642=LINE('',#8931,#2904);
#2643=LINE('',#8943,#2905);
#2644=LINE('',#8955,#2906);
#2645=LINE('',#8967,#2907);
#2646=LINE('',#8979,#2908);
#2647=LINE('',#8991,#2909);
#2648=LINE('',#9003,#2910);
#2649=LINE('',#9015,#2911);
#2650=LINE('',#9027,#2912);
#2651=LINE('',#9071,#2913);
#2652=LINE('',#9078,#2914);
#2653=LINE('',#9107,#2915);
#2654=LINE('',#9119,#2916);
#2655=LINE('',#9131,#2917);
#2656=LINE('',#9143,#2918);
#2657=LINE('',#9155,#2919);
#2658=LINE('',#9167,#2920);
#2659=LINE('',#9179,#2921);
#2660=LINE('',#9191,#2922);
#2661=LINE('',#9203,#2923);
#2662=LINE('',#9215,#2924);
#2663=LINE('',#9257,#2925);
#2664=LINE('',#9262,#2926);
#2665=LINE('',#9270,#2927);
#2666=LINE('',#9278,#2928);
#2667=LINE('',#9323,#2929);
#2668=LINE('',#9347,#2930);
#2669=LINE('',#9359,#2931);
#2670=LINE('',#9390,#2932);
#2671=LINE('',#9413,#2933);
#2672=LINE('',#9428,#2934);
#2673=LINE('',#9456,#2935);
#2674=LINE('',#9463,#2936);
#2675=LINE('',#9500,#2937);
#2676=LINE('',#9512,#2938);
#2677=LINE('',#9524,#2939);
#2678=LINE('',#9536,#2940);
#2679=LINE('',#9548,#2941);
#2680=LINE('',#9560,#2942);
#2681=VECTOR('',#5818,1000.);
#2682=VECTOR('',#5819,1000.);
#2683=VECTOR('',#5820,1000.);
#2684=VECTOR('',#5821,1000.);
#2685=VECTOR('',#5822,1000.);
#2686=VECTOR('',#5823,1000.);
#2687=VECTOR('',#5824,1000.);
#2688=VECTOR('',#5825,1000.);
#2689=VECTOR('',#5826,1000.);
#2690=VECTOR('',#5827,1000.);
#2691=VECTOR('',#5828,1000.);
#2692=VECTOR('',#5829,1000.);
#2693=VECTOR('',#5832,1000.);
#2694=VECTOR('',#5833,1000.);
#2695=VECTOR('',#5834,1000.);
#2696=VECTOR('',#5835,1000.);
#2697=VECTOR('',#5836,1000.);
#2698=VECTOR('',#5837,1000.);
#2699=VECTOR('',#5840,1000.);
#2700=VECTOR('',#5841,1000.);
#2701=VECTOR('',#5842,1000.);
#2702=VECTOR('',#5845,1000.);
#2703=VECTOR('',#5846,1000.);
#2704=VECTOR('',#5847,1000.);
#2705=VECTOR('',#5850,1000.);
#2706=VECTOR('',#5851,1000.);
#2707=VECTOR('',#5852,1000.);
#2708=VECTOR('',#5853,1000.);
#2709=VECTOR('',#5854,1000.);
#2710=VECTOR('',#5855,1000.);
#2711=VECTOR('',#5858,1000.);
#2712=VECTOR('',#5859,1000.);
#2713=VECTOR('',#5860,1000.);
#2714=VECTOR('',#5861,1000.);
#2715=VECTOR('',#5864,1000.);
#2716=VECTOR('',#5865,1000.);
#2717=VECTOR('',#5866,1000.);
#2718=VECTOR('',#5867,1000.);
#2719=VECTOR('',#5868,1000.);
#2720=VECTOR('',#5869,1000.);
#2721=VECTOR('',#5872,1000.);
#2722=VECTOR('',#5873,1000.);
#2723=VECTOR('',#5876,1000.);
#2724=VECTOR('',#5877,1000.);
#2725=VECTOR('',#5878,1000.);
#2726=VECTOR('',#5881,1000.);
#2727=VECTOR('',#5882,1000.);
#2728=VECTOR('',#5883,1000.);
#2729=VECTOR('',#5884,1000.);
#2730=VECTOR('',#5887,1000.);
#2731=VECTOR('',#5888,1000.);
#2732=VECTOR('',#5889,1000.);
#2733=VECTOR('',#5892,1000.);
#2734=VECTOR('',#5893,1000.);
#2735=VECTOR('',#5894,1000.);
#2736=VECTOR('',#5895,1000.);
#2737=VECTOR('',#5896,1000.);
#2738=VECTOR('',#5899,1000.);
#2739=VECTOR('',#5900,1000.);
#2740=VECTOR('',#5901,1000.);
#2741=VECTOR('',#5904,1000.);
#2742=VECTOR('',#5905,1000.);
#2743=VECTOR('',#5906,1000.);
#2744=VECTOR('',#5907,1000.);
#2745=VECTOR('',#5910,1000.);
#2746=VECTOR('',#5911,1000.);
#2747=VECTOR('',#5912,1000.);
#2748=VECTOR('',#5915,1000.);
#2749=VECTOR('',#5918,1000.);
#2750=VECTOR('',#5921,1000.);
#2751=VECTOR('',#5922,1000.);
#2752=VECTOR('',#5925,1000.);
#2753=VECTOR('',#5928,1000.);
#2754=VECTOR('',#5933,1000.);
#2755=VECTOR('',#5934,1000.);
#2756=VECTOR('',#5937,1000.);
#2757=VECTOR('',#5938,1000.);
#2758=VECTOR('',#5939,1000.);
#2759=VECTOR('',#5942,1000.);
#2760=VECTOR('',#5945,1000.);
#2761=VECTOR('',#5946,1000.);
#2762=VECTOR('',#5947,1000.);
#2763=VECTOR('',#5948,1000.);
#2764=VECTOR('',#5949,1000.);
#2765=VECTOR('',#5950,1000.);
#2766=VECTOR('',#5951,1000.);
#2767=VECTOR('',#5952,1000.);
#2768=VECTOR('',#5953,1000.);
#2769=VECTOR('',#5954,1000.);
#2770=VECTOR('',#5957,1000.);
#2771=VECTOR('',#5958,1000.);
#2772=VECTOR('',#5961,1000.);
#2773=VECTOR('',#5964,1000.);
#2774=VECTOR('',#5967,1000.);
#2775=VECTOR('',#5968,1000.);
#2776=VECTOR('',#5969,1000.);
#2777=VECTOR('',#5972,1000.);
#2778=VECTOR('',#5973,1000.);
#2779=VECTOR('',#5974,1000.);
#2780=VECTOR('',#5981,1000.);
#2781=VECTOR('',#5986,1000.);
#2782=VECTOR('',#5991,1000.);
#2783=VECTOR('',#5992,1000.);
#2784=VECTOR('',#5995,1000.);
#2785=VECTOR('',#5998,1000.);
#2786=VECTOR('',#6003,1000.);
#2787=VECTOR('',#6006,1000.);
#2788=VECTOR('',#6009,1000.);
#2789=VECTOR('',#6012,1000.);
#2790=VECTOR('',#6015,1000.);
#2791=VECTOR('',#6018,1000.);
#2792=VECTOR('',#6019,1000.);
#2793=VECTOR('',#6020,1000.);
#2794=VECTOR('',#6023,1000.);
#2795=VECTOR('',#6024,1000.);
#2796=VECTOR('',#6027,1000.);
#2797=VECTOR('',#6028,1000.);
#2798=VECTOR('',#6029,1000.);
#2799=VECTOR('',#6040,1000.);
#2800=VECTOR('',#6045,1000.);
#2801=VECTOR('',#6046,1000.);
#2802=VECTOR('',#6049,1000.);
#2803=VECTOR('',#6052,1000.);
#2804=VECTOR('',#6055,1000.);
#2805=VECTOR('',#6056,1000.);
#2806=VECTOR('',#6057,1000.);
#2807=VECTOR('',#6060,1000.);
#2808=VECTOR('',#6061,1000.);
#2809=VECTOR('',#6062,1000.);
#2810=VECTOR('',#6069,1000.);
#2811=VECTOR('',#6074,1000.);
#2812=VECTOR('',#6079,1000.);
#2813=VECTOR('',#6080,1000.);
#2814=VECTOR('',#6083,1000.);
#2815=VECTOR('',#6086,1000.);
#2816=VECTOR('',#6091,1000.);
#2817=VECTOR('',#6098,1000.);
#2818=VECTOR('',#6099,1000.);
#2819=VECTOR('',#6100,1000.);
#2820=VECTOR('',#6103,1000.);
#2821=VECTOR('',#6104,1000.);
#2822=VECTOR('',#6115,1000.);
#2823=VECTOR('',#6116,1000.);
#2824=VECTOR('',#6119,1000.);
#2825=VECTOR('',#6120,1000.);
#2826=VECTOR('',#6123,1000.);
#2827=VECTOR('',#6126,1000.);
#2828=VECTOR('',#6129,1000.);
#2829=VECTOR('',#6132,1000.);
#2830=VECTOR('',#6139,1000.);
#2831=VECTOR('',#6140,1000.);
#2832=VECTOR('',#6143,1000.);
#2833=VECTOR('',#6144,1000.);
#2834=VECTOR('',#6147,1000.);
#2835=VECTOR('',#6150,1000.);
#2836=VECTOR('',#6153,1000.);
#2837=VECTOR('',#6156,1000.);
#2838=VECTOR('',#6165,1000.);
#2839=VECTOR('',#6166,1000.);
#2840=VECTOR('',#6169,1000.);
#2841=VECTOR('',#6170,1000.);
#2842=VECTOR('',#6173,1000.);
#2843=VECTOR('',#6174,1000.);
#2844=VECTOR('',#6177,1000.);
#2845=VECTOR('',#6178,1000.);
#2846=VECTOR('',#6181,1000.);
#2847=VECTOR('',#6182,1000.);
#2848=VECTOR('',#6185,1000.);
#2849=VECTOR('',#6188,1000.);
#2850=VECTOR('',#6191,1000.);
#2851=VECTOR('',#6192,1000.);
#2852=VECTOR('',#6195,1000.);
#2853=VECTOR('',#6196,1000.);
#2854=VECTOR('',#6209,1000.);
#2855=VECTOR('',#6210,1000.);
#2856=VECTOR('',#6213,1000.);
#2857=VECTOR('',#6216,1000.);
#2858=VECTOR('',#6225,1000.);
#2859=VECTOR('',#6226,1000.);
#2860=VECTOR('',#6227,1000.);
#2861=VECTOR('',#6230,1000.);
#2862=VECTOR('',#6235,1000.);
#2863=VECTOR('',#6236,1000.);
#2864=VECTOR('',#6239,1000.);
#2865=VECTOR('',#6240,1000.);
#2866=VECTOR('',#6243,1000.);
#2867=VECTOR('',#6246,1000.);
#2868=VECTOR('',#6249,1000.);
#2869=VECTOR('',#6252,1000.);
#2870=VECTOR('',#6259,1000.);
#2871=VECTOR('',#6260,1000.);
#2872=VECTOR('',#6263,1000.);
#2873=VECTOR('',#6266,1000.);
#2874=VECTOR('',#6269,1000.);
#2875=VECTOR('',#6270,1000.);
#2876=VECTOR('',#6271,1000.);
#2877=VECTOR('',#6272,1000.);
#2878=VECTOR('',#6273,1000.);
#2879=VECTOR('',#6280,1000.);
#2880=VECTOR('',#6281,1000.);
#2881=VECTOR('',#6284,1000.);
#2882=VECTOR('',#6285,1000.);
#2883=VECTOR('',#6286,1000.);
#2884=VECTOR('',#6287,1000.);
#2885=VECTOR('',#6298,1000.);
#2886=VECTOR('',#6299,1000.);
#2887=VECTOR('',#6302,1000.);
#2888=VECTOR('',#6305,1000.);
#2889=VECTOR('',#6314,1000.);
#2890=VECTOR('',#6315,1000.);
#2891=VECTOR('',#6318,1000.);
#2892=VECTOR('',#6321,1000.);
#2893=VECTOR('',#6324,1000.);
#2894=VECTOR('',#6327,1000.);
#2895=VECTOR('',#6338,1000.);
#2896=VECTOR('',#6339,1000.);
#2897=VECTOR('',#6342,1000.);
#2898=VECTOR('',#6343,1000.);
#2899=VECTOR('',#6344,1000.);
#2900=VECTOR('',#6345,1000.);
#2901=VECTOR('',#6356,1000.);
#2902=VECTOR('',#6357,1000.);
#2903=VECTOR('',#6358,1000.);
#2904=VECTOR('',#6361,1000.);
#2905=VECTOR('',#6364,1000.);
#2906=VECTOR('',#6367,1000.);
#2907=VECTOR('',#6370,1000.);
#2908=VECTOR('',#6373,1000.);
#2909=VECTOR('',#6376,1000.);
#2910=VECTOR('',#6379,1000.);
#2911=VECTOR('',#6382,1000.);
#2912=VECTOR('',#6385,1000.);
#2913=VECTOR('',#6392,1000.);
#2914=VECTOR('',#6393,1000.);
#2915=VECTOR('',#6394,1000.);
#2916=VECTOR('',#6397,1000.);
#2917=VECTOR('',#6400,1000.);
#2918=VECTOR('',#6403,1000.);
#2919=VECTOR('',#6406,1000.);
#2920=VECTOR('',#6409,1000.);
#2921=VECTOR('',#6412,1000.);
#2922=VECTOR('',#6415,1000.);
#2923=VECTOR('',#6418,1000.);
#2924=VECTOR('',#6421,1000.);
#2925=VECTOR('',#6428,1000.);
#2926=VECTOR('',#6429,1000.);
#2927=VECTOR('',#6432,1000.);
#2928=VECTOR('',#6435,1000.);
#2929=VECTOR('',#6442,1000.);
#2930=VECTOR('',#6443,1000.);
#2931=VECTOR('',#6446,1000.);
#2932=VECTOR('',#6447,1000.);
#2933=VECTOR('',#6448,1000.);
#2934=VECTOR('',#6449,1000.);
#2935=VECTOR('',#6460,1000.);
#2936=VECTOR('',#6461,1000.);
#2937=VECTOR('',#6462,1000.);
#2938=VECTOR('',#6465,1000.);
#2939=VECTOR('',#6468,1000.);
#2940=VECTOR('',#6471,1000.);
#2941=VECTOR('',#6474,1000.);
#2942=VECTOR('',#6477,1000.);
#2943=EDGE_LOOP('',(#385,#386,#387,#388));
#2944=EDGE_LOOP('',(#389,#390,#391,#392));
#2945=EDGE_LOOP('',(#393,#394,#395,#396));
#2946=EDGE_LOOP('',(#397,#398,#399,#400,#401,#402));
#2947=EDGE_LOOP('',(#403,#404,#405,#406));
#2948=EDGE_LOOP('',(#407,#408,#409,#410));
#2949=EDGE_LOOP('',(#411,#412,#413,#414,#415,#416));
#2950=EDGE_LOOP('',(#417,#418,#419,#420,#421,#422));
#2951=EDGE_LOOP('',(#423,#424,#425,#426,#427,#428));
#2952=EDGE_LOOP('',(#429,#430,#431,#432));
#2953=EDGE_LOOP('',(#433,#434,#435,#436));
#2954=EDGE_LOOP('',(#437,#438,#439,#440,#441,#442));
#2955=EDGE_LOOP('',(#443,#444,#445,#446,#447,#448));
#2956=EDGE_LOOP('',(#449,#450,#451,#452,#453,#454));
#2957=EDGE_LOOP('',(#455,#456,#457,#458));
#2958=EDGE_LOOP('',(#459,#460,#461,#462));
#2959=EDGE_LOOP('',(#463,#464,#465,#466));
#2960=EDGE_LOOP('',(#467,#468,#469,#470));
#2961=EDGE_LOOP('',(#471,#472,#473,#474));
#2962=EDGE_LOOP('',(#475,#476,#477,#478));
#2963=EDGE_LOOP('',(#479,#480,#481,#482));
#2964=EDGE_LOOP('',(#483,#484,#485,#486));
#2965=EDGE_LOOP('',(#487,#488,#489,#490));
#2966=EDGE_LOOP('',(#491,#492,#493,#494,#495,#496));
#2967=EDGE_LOOP('',(#497,#498,#499,#500));
#2968=EDGE_LOOP('',(#501,#502,#503,#504));
#2969=EDGE_LOOP('',(#505,#506,#507,#508));
#2970=EDGE_LOOP('',(#509,#510,#511,#512,#513,#514,#515,#516,#517,#518));
#2971=EDGE_LOOP('',(#519,#520,#521,#522));
#2972=EDGE_LOOP('',(#523,#524,#525,#526));
#2973=EDGE_LOOP('',(#527,#528,#529,#530));
#2974=EDGE_LOOP('',(#531,#532,#533,#534));
#2975=EDGE_LOOP('',(#535,#536,#537,#538));
#2976=EDGE_LOOP('',(#539,#540,#541,#542));
#2977=EDGE_LOOP('',(#543,#544,#545,#546));
#2978=EDGE_LOOP('',(#547,#548,#549,#550));
#2979=EDGE_LOOP('',(#551,#552,#553,#554));
#2980=EDGE_LOOP('',(#555,#556,#557,#558));
#2981=EDGE_LOOP('',(#559,#560,#561,#562));
#2982=EDGE_LOOP('',(#563,#564,#565,#566,#567,#568,#569,#570));
#2983=EDGE_LOOP('',(#571,#572,#573,#574));
#2984=EDGE_LOOP('',(#575,#576,#577,#578,#579,#580,#581,#582));
#2985=EDGE_LOOP('',(#583,#584,#585,#586));
#2986=EDGE_LOOP('',(#587,#588,#589,#590));
#2987=EDGE_LOOP('',(#591,#592,#593,#594,#595));
#2988=EDGE_LOOP('',(#596,#597,#598,#599));
#2989=EDGE_LOOP('',(#600,#601,#602,#603,#604));
#2990=EDGE_LOOP('',(#605,#606,#607,#608));
#2991=EDGE_LOOP('',(#609,#610,#611,#612));
#2992=EDGE_LOOP('',(#613,#614,#615,#616));
#2993=EDGE_LOOP('',(#617,#618,#619,#620));
#2994=EDGE_LOOP('',(#621,#622,#623,#624));
#2995=EDGE_LOOP('',(#625,#626,#627,#628));
#2996=EDGE_LOOP('',(#629,#630,#631,#632));
#2997=EDGE_LOOP('',(#633,#634,#635,#636));
#2998=EDGE_LOOP('',(#637,#638,#639,#640));
#2999=EDGE_LOOP('',(#641,#642,#643,#644));
#3000=EDGE_LOOP('',(#645,#646,#647,#648));
#3001=EDGE_LOOP('',(#649,#650,#651,#652));
#3002=EDGE_LOOP('',(#653,#654,#655,#656));
#3003=EDGE_LOOP('',(#657,#658,#659,#660));
#3004=EDGE_LOOP('',(#661,#662,#663,#664));
#3005=EDGE_LOOP('',(#665,#666,#667,#668));
#3006=EDGE_LOOP('',(#669,#670,#671,#672));
#3007=EDGE_LOOP('',(#673,#674,#675,#676));
#3008=EDGE_LOOP('',(#677,#678,#679,#680));
#3009=EDGE_LOOP('',(#681,#682,#683,#684));
#3010=EDGE_LOOP('',(#685,#686,#687,#688));
#3011=EDGE_LOOP('',(#689,#690,#691,#692,#693,#694,#695,#696));
#3012=EDGE_LOOP('',(#697,#698,#699,#700));
#3013=EDGE_LOOP('',(#701,#702,#703,#704,#705,#706,#707,#708));
#3014=EDGE_LOOP('',(#709,#710,#711,#712));
#3015=EDGE_LOOP('',(#713,#714,#715,#716));
#3016=EDGE_LOOP('',(#717,#718,#719,#720));
#3017=EDGE_LOOP('',(#721,#722,#723,#724));
#3018=EDGE_LOOP('',(#725,#726,#727,#728));
#3019=EDGE_LOOP('',(#729,#730,#731,#732));
#3020=EDGE_LOOP('',(#733,#734,#735,#736));
#3021=EDGE_LOOP('',(#737,#738,#739,#740));
#3022=EDGE_LOOP('',(#741,#742,#743,#744,#745));
#3023=EDGE_LOOP('',(#746,#747,#748,#749,#750));
#3024=EDGE_LOOP('',(#751));
#3025=EDGE_LOOP('',(#752));
#3026=EDGE_LOOP('',(#753));
#3027=EDGE_LOOP('',(#754));
#3028=EDGE_LOOP('',(#755));
#3029=EDGE_LOOP('',(#756));
#3030=EDGE_LOOP('',(#757));
#3031=EDGE_LOOP('',(#758));
#3032=EDGE_LOOP('',(#759,#760,#761,#762));
#3033=EDGE_LOOP('',(#763,#764,#765,#766));
#3034=EDGE_LOOP('',(#767,#768,#769,#770));
#3035=EDGE_LOOP('',(#771,#772,#773,#774));
#3036=EDGE_LOOP('',(#775,#776,#777,#778));
#3037=EDGE_LOOP('',(#779,#780,#781,#782));
#3038=EDGE_LOOP('',(#783,#784,#785,#786));
#3039=EDGE_LOOP('',(#787,#788,#789,#790));
#3040=EDGE_LOOP('',(#791,#792,#793,#794,#795,#796,#797,#798));
#3041=EDGE_LOOP('',(#799,#800,#801,#802,#803,#804,#805,#806));
#3042=EDGE_LOOP('',(#807,#808,#809,#810));
#3043=EDGE_LOOP('',(#811,#812,#813,#814));
#3044=EDGE_LOOP('',(#815,#816,#817,#818));
#3045=EDGE_LOOP('',(#819,#820,#821,#822));
#3046=EDGE_LOOP('',(#823,#824,#825,#826));
#3047=EDGE_LOOP('',(#827,#828,#829,#830));
#3048=EDGE_LOOP('',(#831,#832,#833,#834));
#3049=EDGE_LOOP('',(#835,#836,#837,#838));
#3050=EDGE_LOOP('',(#839,#840,#841,#842,#843,#844,#845,#846));
#3051=EDGE_LOOP('',(#847,#848,#849,#850,#851,#852,#853,#854));
#3052=EDGE_LOOP('',(#855,#856,#857,#858));
#3053=EDGE_LOOP('',(#859,#860,#861,#862));
#3054=EDGE_LOOP('',(#863,#864,#865,#866));
#3055=EDGE_LOOP('',(#867,#868,#869,#870));
#3056=EDGE_LOOP('',(#871,#872,#873,#874));
#3057=EDGE_LOOP('',(#875,#876,#877,#878));
#3058=EDGE_LOOP('',(#879,#880,#881,#882));
#3059=EDGE_LOOP('',(#883,#884,#885,#886));
#3060=EDGE_LOOP('',(#887,#888,#889,#890));
#3061=EDGE_LOOP('',(#891,#892,#893,#894));
#3062=EDGE_LOOP('',(#895,#896,#897,#898));
#3063=EDGE_LOOP('',(#899,#900,#901,#902));
#3064=EDGE_LOOP('',(#903,#904,#905,#906));
#3065=EDGE_LOOP('',(#907,#908,#909,#910));
#3066=EDGE_LOOP('',(#911,#912,#913,#914));
#3067=EDGE_LOOP('',(#915,#916,#917,#918));
#3068=EDGE_LOOP('',(#919,#920,#921,#922,#923,#924,#925,#926,#927,#928,#929,
#930,#931,#932,#933,#934));
#3069=EDGE_LOOP('',(#935,#936,#937,#938,#939,#940,#941,#942,#943,#944,#945,
#946,#947,#948,#949,#950));
#3070=EDGE_LOOP('',(#951));
#3071=EDGE_LOOP('',(#952));
#3072=EDGE_LOOP('',(#953));
#3073=EDGE_LOOP('',(#954));
#3074=EDGE_LOOP('',(#955,#956,#957,#958));
#3075=EDGE_LOOP('',(#959,#960,#961,#962));
#3076=EDGE_LOOP('',(#963,#964,#965,#966));
#3077=EDGE_LOOP('',(#967,#968,#969,#970));
#3078=EDGE_LOOP('',(#971,#972,#973,#974));
#3079=EDGE_LOOP('',(#975,#976,#977,#978));
#3080=EDGE_LOOP('',(#979,#980,#981,#982));
#3081=EDGE_LOOP('',(#983,#984,#985,#986));
#3082=EDGE_LOOP('',(#987,#988,#989,#990));
#3083=EDGE_LOOP('',(#991,#992,#993,#994));
#3084=EDGE_LOOP('',(#995,#996,#997,#998));
#3085=EDGE_LOOP('',(#999,#1000,#1001,#1002));
#3086=EDGE_LOOP('',(#1003,#1004,#1005,#1006));
#3087=EDGE_LOOP('',(#1007,#1008,#1009,#1010));
#3088=EDGE_LOOP('',(#1011,#1012,#1013,#1014));
#3089=EDGE_LOOP('',(#1015,#1016,#1017,#1018));
#3090=EDGE_LOOP('',(#1019,#1020,#1021,#1022));
#3091=EDGE_LOOP('',(#1023,#1024,#1025,#1026));
#3092=EDGE_LOOP('',(#1027,#1028,#1029,#1030));
#3093=EDGE_LOOP('',(#1031,#1032,#1033,#1034));
#3094=EDGE_LOOP('',(#1035,#1036,#1037,#1038,#1039,#1040,#1041,#1042));
#3095=EDGE_LOOP('',(#1043,#1044,#1045,#1046,#1047,#1048,#1049,#1050));
#3096=EDGE_LOOP('',(#1051,#1052,#1053,#1054));
#3097=EDGE_LOOP('',(#1055,#1056,#1057,#1058));
#3098=EDGE_LOOP('',(#1059,#1060,#1061,#1062));
#3099=EDGE_LOOP('',(#1063,#1064,#1065,#1066));
#3100=EDGE_LOOP('',(#1067,#1068,#1069,#1070));
#3101=EDGE_LOOP('',(#1071,#1072,#1073,#1074));
#3102=EDGE_LOOP('',(#1075,#1076,#1077,#1078));
#3103=EDGE_LOOP('',(#1079,#1080,#1081,#1082));
#3104=EDGE_LOOP('',(#1083,#1084,#1085,#1086));
#3105=EDGE_LOOP('',(#1087,#1088));
#3106=EDGE_LOOP('',(#1089,#1090,#1091,#1092,#1093,#1094,#1095));
#3107=EDGE_LOOP('',(#1096,#1097));
#3108=EDGE_LOOP('',(#1098,#1099,#1100,#1101,#1102,#1103,#1104));
#3109=EDGE_LOOP('',(#1105,#1106,#1107,#1108));
#3110=EDGE_LOOP('',(#1109,#1110,#1111,#1112));
#3111=EDGE_LOOP('',(#1113,#1114,#1115,#1116));
#3112=EDGE_LOOP('',(#1117,#1118,#1119,#1120));
#3113=EDGE_LOOP('',(#1121,#1122,#1123,#1124));
#3114=EDGE_LOOP('',(#1125,#1126,#1127,#1128));
#3115=EDGE_LOOP('',(#1129,#1130));
#3116=EDGE_LOOP('',(#1131,#1132,#1133,#1134));
#3117=EDGE_LOOP('',(#1135,#1136));
#3118=EDGE_LOOP('',(#1137,#1138,#1139,#1140));
#3119=EDGE_LOOP('',(#1141,#1142,#1143,#1144));
#3120=EDGE_LOOP('',(#1145,#1146,#1147,#1148));
#3121=EDGE_LOOP('',(#1149,#1150,#1151,#1152));
#3122=EDGE_LOOP('',(#1153,#1154,#1155,#1156));
#3123=EDGE_LOOP('',(#1157,#1158,#1159,#1160));
#3124=EDGE_LOOP('',(#1161,#1162,#1163,#1164));
#3125=EDGE_LOOP('',(#1165,#1166,#1167,#1168));
#3126=EDGE_LOOP('',(#1169,#1170,#1171,#1172));
#3127=EDGE_LOOP('',(#1173,#1174,#1175,#1176));
#3128=EDGE_LOOP('',(#1177,#1178,#1179,#1180));
#3129=EDGE_LOOP('',(#1181,#1182,#1183,#1184));
#3130=EDGE_LOOP('',(#1185,#1186,#1187,#1188));
#3131=EDGE_LOOP('',(#1189,#1190,#1191,#1192,#1193,#1194));
#3132=EDGE_LOOP('',(#1195,#1196,#1197,#1198,#1199,#1200));
#3133=EDGE_LOOP('',(#1201));
#3134=EDGE_LOOP('',(#1202));
#3135=EDGE_LOOP('',(#1203));
#3136=EDGE_LOOP('',(#1204));
#3137=EDGE_LOOP('',(#1205));
#3138=EDGE_LOOP('',(#1206));
#3139=EDGE_LOOP('',(#1207));
#3140=EDGE_LOOP('',(#1208));
#3141=EDGE_LOOP('',(#1209,#1210,#1211,#1212));
#3142=EDGE_LOOP('',(#1213,#1214,#1215,#1216));
#3143=EDGE_LOOP('',(#1217,#1218,#1219,#1220));
#3144=EDGE_LOOP('',(#1221,#1222,#1223,#1224));
#3145=EDGE_LOOP('',(#1225,#1226,#1227,#1228));
#3146=EDGE_LOOP('',(#1229,#1230,#1231,#1232));
#3147=EDGE_LOOP('',(#1233,#1234));
#3148=EDGE_LOOP('',(#1235,#1236,#1237,#1238));
#3149=EDGE_LOOP('',(#1239,#1240));
#3150=EDGE_LOOP('',(#1241,#1242,#1243,#1244));
#3151=EDGE_LOOP('',(#1245,#1246,#1247,#1248));
#3152=EDGE_LOOP('',(#1249,#1250,#1251,#1252));
#3153=EDGE_LOOP('',(#1253,#1254,#1255,#1256));
#3154=EDGE_LOOP('',(#1257,#1258,#1259,#1260));
#3155=EDGE_LOOP('',(#1261,#1262,#1263,#1264));
#3156=EDGE_LOOP('',(#1265,#1266,#1267,#1268));
#3157=EDGE_LOOP('',(#1269,#1270,#1271,#1272));
#3158=EDGE_LOOP('',(#1273,#1274,#1275,#1276));
#3159=EDGE_LOOP('',(#1277,#1278,#1279,#1280));
#3160=EDGE_LOOP('',(#1281,#1282,#1283,#1284));
#3161=EDGE_LOOP('',(#1285,#1286,#1287,#1288));
#3162=EDGE_LOOP('',(#1289,#1290,#1291,#1292));
#3163=EDGE_LOOP('',(#1293,#1294,#1295,#1296,#1297,#1298,#1299,#1300,#1301,
#1302,#1303,#1304));
#3164=EDGE_LOOP('',(#1305,#1306,#1307,#1308,#1309,#1310,#1311,#1312,#1313,
#1314,#1315,#1316));
#3165=EDGE_LOOP('',(#1317,#1318,#1319,#1320));
#3166=EDGE_LOOP('',(#1321,#1322,#1323,#1324));
#3167=EDGE_LOOP('',(#1325,#1326,#1327,#1328));
#3168=EDGE_LOOP('',(#1329,#1330,#1331,#1332));
#3169=EDGE_LOOP('',(#1333,#1334,#1335,#1336));
#3170=EDGE_LOOP('',(#1337,#1338,#1339,#1340));
#3171=EDGE_LOOP('',(#1341,#1342,#1343,#1344));
#3172=EDGE_LOOP('',(#1345,#1346,#1347,#1348));
#3173=EDGE_LOOP('',(#1349,#1350,#1351,#1352));
#3174=EDGE_LOOP('',(#1353,#1354,#1355,#1356));
#3175=EDGE_LOOP('',(#1357,#1358,#1359,#1360));
#3176=EDGE_LOOP('',(#1361,#1362,#1363,#1364));
#3177=EDGE_LOOP('',(#1365,#1366,#1367,#1368,#1369,#1370,#1371,#1372,#1373,
#1374,#1375,#1376));
#3178=EDGE_LOOP('',(#1377,#1378,#1379,#1380,#1381,#1382,#1383,#1384,#1385,
#1386,#1387,#1388));
#3179=EDGE_LOOP('',(#1389,#1390,#1391,#1392));
#3180=EDGE_LOOP('',(#1393,#1394,#1395,#1396));
#3181=EDGE_LOOP('',(#1397,#1398,#1399,#1400));
#3182=EDGE_LOOP('',(#1401,#1402,#1403,#1404));
#3183=EDGE_LOOP('',(#1405,#1406,#1407,#1408));
#3184=EDGE_LOOP('',(#1409,#1410,#1411,#1412));
#3185=EDGE_LOOP('',(#1413,#1414,#1415,#1416));
#3186=EDGE_LOOP('',(#1417,#1418,#1419,#1420));
#3187=EDGE_LOOP('',(#1421,#1422,#1423,#1424));
#3188=EDGE_LOOP('',(#1425,#1426,#1427,#1428));
#3189=EDGE_LOOP('',(#1429,#1430,#1431,#1432));
#3190=EDGE_LOOP('',(#1433,#1434,#1435,#1436));
#3191=EDGE_LOOP('',(#1437,#1438));
#3192=EDGE_LOOP('',(#1439,#1440,#1441,#1442));
#3193=EDGE_LOOP('',(#1443,#1444));
#3194=EDGE_LOOP('',(#1445,#1446,#1447,#1448));
#3195=EDGE_LOOP('',(#1449,#1450,#1451,#1452));
#3196=EDGE_LOOP('',(#1453,#1454,#1455,#1456));
#3197=EDGE_LOOP('',(#1457,#1458,#1459,#1460));
#3198=EDGE_LOOP('',(#1461,#1462,#1463,#1464));
#3199=EDGE_LOOP('',(#1465,#1466,#1467,#1468));
#3200=EDGE_LOOP('',(#1469,#1470,#1471,#1472));
#3201=EDGE_LOOP('',(#1473,#1474,#1475,#1476));
#3202=EDGE_LOOP('',(#1477,#1478,#1479,#1480));
#3203=EDGE_LOOP('',(#1481,#1482,#1483,#1484,#1485,#1486,#1487,#1488));
#3204=EDGE_LOOP('',(#1489,#1490,#1491,#1492,#1493,#1494,#1495,#1496));
#3205=FACE_BOUND('',#2943,.T.);
#3206=FACE_BOUND('',#2944,.T.);
#3207=FACE_BOUND('',#2945,.T.);
#3208=FACE_BOUND('',#2946,.T.);
#3209=FACE_BOUND('',#2947,.T.);
#3210=FACE_BOUND('',#2948,.T.);
#3211=FACE_BOUND('',#2949,.T.);
#3212=FACE_BOUND('',#2950,.T.);
#3213=FACE_BOUND('',#2951,.T.);
#3214=FACE_BOUND('',#2952,.T.);
#3215=FACE_BOUND('',#2953,.T.);
#3216=FACE_BOUND('',#2954,.T.);
#3217=FACE_BOUND('',#2955,.T.);
#3218=FACE_BOUND('',#2956,.T.);
#3219=FACE_BOUND('',#2957,.T.);
#3220=FACE_BOUND('',#2958,.T.);
#3221=FACE_BOUND('',#2959,.T.);
#3222=FACE_BOUND('',#2960,.T.);
#3223=FACE_BOUND('',#2961,.T.);
#3224=FACE_BOUND('',#2962,.T.);
#3225=FACE_BOUND('',#2963,.T.);
#3226=FACE_BOUND('',#2964,.T.);
#3227=FACE_BOUND('',#2965,.T.);
#3228=FACE_BOUND('',#2966,.T.);
#3229=FACE_BOUND('',#2967,.T.);
#3230=FACE_BOUND('',#2968,.T.);
#3231=FACE_BOUND('',#2969,.T.);
#3232=FACE_BOUND('',#2970,.T.);
#3233=FACE_BOUND('',#2971,.T.);
#3234=FACE_BOUND('',#2972,.T.);
#3235=FACE_BOUND('',#2973,.T.);
#3236=FACE_BOUND('',#2974,.T.);
#3237=FACE_BOUND('',#2975,.T.);
#3238=FACE_BOUND('',#2976,.T.);
#3239=FACE_BOUND('',#2977,.T.);
#3240=FACE_BOUND('',#2978,.T.);
#3241=FACE_BOUND('',#2979,.T.);
#3242=FACE_BOUND('',#2980,.T.);
#3243=FACE_BOUND('',#2981,.T.);
#3244=FACE_BOUND('',#2982,.T.);
#3245=FACE_BOUND('',#2983,.T.);
#3246=FACE_BOUND('',#2984,.T.);
#3247=FACE_BOUND('',#2985,.T.);
#3248=FACE_BOUND('',#2986,.T.);
#3249=FACE_BOUND('',#2987,.T.);
#3250=FACE_BOUND('',#2988,.T.);
#3251=FACE_BOUND('',#2989,.T.);
#3252=FACE_BOUND('',#2990,.T.);
#3253=FACE_BOUND('',#2991,.T.);
#3254=FACE_BOUND('',#2992,.T.);
#3255=FACE_BOUND('',#2993,.T.);
#3256=FACE_BOUND('',#2994,.T.);
#3257=FACE_BOUND('',#2995,.T.);
#3258=FACE_BOUND('',#2996,.T.);
#3259=FACE_BOUND('',#2997,.T.);
#3260=FACE_BOUND('',#2998,.T.);
#3261=FACE_BOUND('',#2999,.T.);
#3262=FACE_BOUND('',#3000,.T.);
#3263=FACE_BOUND('',#3001,.T.);
#3264=FACE_BOUND('',#3002,.T.);
#3265=FACE_BOUND('',#3003,.T.);
#3266=FACE_BOUND('',#3004,.T.);
#3267=FACE_BOUND('',#3005,.T.);
#3268=FACE_BOUND('',#3006,.T.);
#3269=FACE_BOUND('',#3007,.T.);
#3270=FACE_BOUND('',#3008,.T.);
#3271=FACE_BOUND('',#3009,.T.);
#3272=FACE_BOUND('',#3010,.T.);
#3273=FACE_BOUND('',#3011,.T.);
#3274=FACE_BOUND('',#3012,.T.);
#3275=FACE_BOUND('',#3013,.T.);
#3276=FACE_BOUND('',#3014,.T.);
#3277=FACE_BOUND('',#3015,.T.);
#3278=FACE_BOUND('',#3016,.T.);
#3279=FACE_BOUND('',#3017,.T.);
#3280=FACE_BOUND('',#3018,.T.);
#3281=FACE_BOUND('',#3019,.T.);
#3282=FACE_BOUND('',#3020,.T.);
#3283=FACE_BOUND('',#3021,.T.);
#3284=FACE_BOUND('',#3022,.T.);
#3285=FACE_BOUND('',#3023,.T.);
#3286=FACE_BOUND('',#3024,.T.);
#3287=FACE_BOUND('',#3025,.T.);
#3288=FACE_BOUND('',#3026,.T.);
#3289=FACE_BOUND('',#3027,.T.);
#3290=FACE_BOUND('',#3028,.T.);
#3291=FACE_BOUND('',#3029,.T.);
#3292=FACE_BOUND('',#3030,.T.);
#3293=FACE_BOUND('',#3031,.T.);
#3294=FACE_BOUND('',#3032,.T.);
#3295=FACE_BOUND('',#3033,.T.);
#3296=FACE_BOUND('',#3034,.T.);
#3297=FACE_BOUND('',#3035,.T.);
#3298=FACE_BOUND('',#3036,.T.);
#3299=FACE_BOUND('',#3037,.T.);
#3300=FACE_BOUND('',#3038,.T.);
#3301=FACE_BOUND('',#3039,.T.);
#3302=FACE_BOUND('',#3040,.T.);
#3303=FACE_BOUND('',#3041,.T.);
#3304=FACE_BOUND('',#3042,.T.);
#3305=FACE_BOUND('',#3043,.T.);
#3306=FACE_BOUND('',#3044,.T.);
#3307=FACE_BOUND('',#3045,.T.);
#3308=FACE_BOUND('',#3046,.T.);
#3309=FACE_BOUND('',#3047,.T.);
#3310=FACE_BOUND('',#3048,.T.);
#3311=FACE_BOUND('',#3049,.T.);
#3312=FACE_BOUND('',#3050,.T.);
#3313=FACE_BOUND('',#3051,.T.);
#3314=FACE_BOUND('',#3052,.T.);
#3315=FACE_BOUND('',#3053,.T.);
#3316=FACE_BOUND('',#3054,.T.);
#3317=FACE_BOUND('',#3055,.T.);
#3318=FACE_BOUND('',#3056,.T.);
#3319=FACE_BOUND('',#3057,.T.);
#3320=FACE_BOUND('',#3058,.T.);
#3321=FACE_BOUND('',#3059,.T.);
#3322=FACE_BOUND('',#3060,.T.);
#3323=FACE_BOUND('',#3061,.T.);
#3324=FACE_BOUND('',#3062,.T.);
#3325=FACE_BOUND('',#3063,.T.);
#3326=FACE_BOUND('',#3064,.T.);
#3327=FACE_BOUND('',#3065,.T.);
#3328=FACE_BOUND('',#3066,.T.);
#3329=FACE_BOUND('',#3067,.T.);
#3330=FACE_BOUND('',#3068,.T.);
#3331=FACE_BOUND('',#3069,.T.);
#3332=FACE_BOUND('',#3070,.T.);
#3333=FACE_BOUND('',#3071,.T.);
#3334=FACE_BOUND('',#3072,.T.);
#3335=FACE_BOUND('',#3073,.T.);
#3336=FACE_BOUND('',#3074,.T.);
#3337=FACE_BOUND('',#3075,.T.);
#3338=FACE_BOUND('',#3076,.T.);
#3339=FACE_BOUND('',#3077,.T.);
#3340=FACE_BOUND('',#3078,.T.);
#3341=FACE_BOUND('',#3079,.T.);
#3342=FACE_BOUND('',#3080,.T.);
#3343=FACE_BOUND('',#3081,.T.);
#3344=FACE_BOUND('',#3082,.T.);
#3345=FACE_BOUND('',#3083,.T.);
#3346=FACE_BOUND('',#3084,.T.);
#3347=FACE_BOUND('',#3085,.T.);
#3348=FACE_BOUND('',#3086,.T.);
#3349=FACE_BOUND('',#3087,.T.);
#3350=FACE_BOUND('',#3088,.T.);
#3351=FACE_BOUND('',#3089,.T.);
#3352=FACE_BOUND('',#3090,.T.);
#3353=FACE_BOUND('',#3091,.T.);
#3354=FACE_BOUND('',#3092,.T.);
#3355=FACE_BOUND('',#3093,.T.);
#3356=FACE_BOUND('',#3094,.T.);
#3357=FACE_BOUND('',#3095,.T.);
#3358=FACE_BOUND('',#3096,.T.);
#3359=FACE_BOUND('',#3097,.T.);
#3360=FACE_BOUND('',#3098,.T.);
#3361=FACE_BOUND('',#3099,.T.);
#3362=FACE_BOUND('',#3100,.T.);
#3363=FACE_BOUND('',#3101,.T.);
#3364=FACE_BOUND('',#3102,.T.);
#3365=FACE_BOUND('',#3103,.T.);
#3366=FACE_BOUND('',#3104,.T.);
#3367=FACE_BOUND('',#3105,.T.);
#3368=FACE_BOUND('',#3106,.T.);
#3369=FACE_BOUND('',#3107,.T.);
#3370=FACE_BOUND('',#3108,.T.);
#3371=FACE_BOUND('',#3109,.T.);
#3372=FACE_BOUND('',#3110,.T.);
#3373=FACE_BOUND('',#3111,.T.);
#3374=FACE_BOUND('',#3112,.T.);
#3375=FACE_BOUND('',#3113,.T.);
#3376=FACE_BOUND('',#3114,.T.);
#3377=FACE_BOUND('',#3115,.T.);
#3378=FACE_BOUND('',#3116,.T.);
#3379=FACE_BOUND('',#3117,.T.);
#3380=FACE_BOUND('',#3118,.T.);
#3381=FACE_BOUND('',#3119,.T.);
#3382=FACE_BOUND('',#3120,.T.);
#3383=FACE_BOUND('',#3121,.T.);
#3384=FACE_BOUND('',#3122,.T.);
#3385=FACE_BOUND('',#3123,.T.);
#3386=FACE_BOUND('',#3124,.T.);
#3387=FACE_BOUND('',#3125,.T.);
#3388=FACE_BOUND('',#3126,.T.);
#3389=FACE_BOUND('',#3127,.T.);
#3390=FACE_BOUND('',#3128,.T.);
#3391=FACE_BOUND('',#3129,.T.);
#3392=FACE_BOUND('',#3130,.T.);
#3393=FACE_BOUND('',#3131,.T.);
#3394=FACE_BOUND('',#3132,.T.);
#3395=FACE_BOUND('',#3133,.T.);
#3396=FACE_BOUND('',#3134,.T.);
#3397=FACE_BOUND('',#3135,.T.);
#3398=FACE_BOUND('',#3136,.T.);
#3399=FACE_BOUND('',#3137,.T.);
#3400=FACE_BOUND('',#3138,.T.);
#3401=FACE_BOUND('',#3139,.T.);
#3402=FACE_BOUND('',#3140,.T.);
#3403=FACE_BOUND('',#3141,.T.);
#3404=FACE_BOUND('',#3142,.T.);
#3405=FACE_BOUND('',#3143,.T.);
#3406=FACE_BOUND('',#3144,.T.);
#3407=FACE_BOUND('',#3145,.T.);
#3408=FACE_BOUND('',#3146,.T.);
#3409=FACE_BOUND('',#3147,.T.);
#3410=FACE_BOUND('',#3148,.T.);
#3411=FACE_BOUND('',#3149,.T.);
#3412=FACE_BOUND('',#3150,.T.);
#3413=FACE_BOUND('',#3151,.T.);
#3414=FACE_BOUND('',#3152,.T.);
#3415=FACE_BOUND('',#3153,.T.);
#3416=FACE_BOUND('',#3154,.T.);
#3417=FACE_BOUND('',#3155,.T.);
#3418=FACE_BOUND('',#3156,.T.);
#3419=FACE_BOUND('',#3157,.T.);
#3420=FACE_BOUND('',#3158,.T.);
#3421=FACE_BOUND('',#3159,.T.);
#3422=FACE_BOUND('',#3160,.T.);
#3423=FACE_BOUND('',#3161,.T.);
#3424=FACE_BOUND('',#3162,.T.);
#3425=FACE_BOUND('',#3163,.T.);
#3426=FACE_BOUND('',#3164,.T.);
#3427=FACE_BOUND('',#3165,.T.);
#3428=FACE_BOUND('',#3166,.T.);
#3429=FACE_BOUND('',#3167,.T.);
#3430=FACE_BOUND('',#3168,.T.);
#3431=FACE_BOUND('',#3169,.T.);
#3432=FACE_BOUND('',#3170,.T.);
#3433=FACE_BOUND('',#3171,.T.);
#3434=FACE_BOUND('',#3172,.T.);
#3435=FACE_BOUND('',#3173,.T.);
#3436=FACE_BOUND('',#3174,.T.);
#3437=FACE_BOUND('',#3175,.T.);
#3438=FACE_BOUND('',#3176,.T.);
#3439=FACE_BOUND('',#3177,.T.);
#3440=FACE_BOUND('',#3178,.T.);
#3441=FACE_BOUND('',#3179,.T.);
#3442=FACE_BOUND('',#3180,.T.);
#3443=FACE_BOUND('',#3181,.T.);
#3444=FACE_BOUND('',#3182,.T.);
#3445=FACE_BOUND('',#3183,.T.);
#3446=FACE_BOUND('',#3184,.T.);
#3447=FACE_BOUND('',#3185,.T.);
#3448=FACE_BOUND('',#3186,.T.);
#3449=FACE_BOUND('',#3187,.T.);
#3450=FACE_BOUND('',#3188,.T.);
#3451=FACE_BOUND('',#3189,.T.);
#3452=FACE_BOUND('',#3190,.T.);
#3453=FACE_BOUND('',#3191,.T.);
#3454=FACE_BOUND('',#3192,.T.);
#3455=FACE_BOUND('',#3193,.T.);
#3456=FACE_BOUND('',#3194,.T.);
#3457=FACE_BOUND('',#3195,.T.);
#3458=FACE_BOUND('',#3196,.T.);
#3459=FACE_BOUND('',#3197,.T.);
#3460=FACE_BOUND('',#3198,.T.);
#3461=FACE_BOUND('',#3199,.T.);
#3462=FACE_BOUND('',#3200,.T.);
#3463=FACE_BOUND('',#3201,.T.);
#3464=FACE_BOUND('',#3202,.T.);
#3465=FACE_BOUND('',#3203,.T.);
#3466=FACE_BOUND('',#3204,.T.);
#3467=PLANE('',#5612);
#3468=PLANE('',#5613);
#3469=PLANE('',#5614);
#3470=PLANE('',#5615);
#3471=PLANE('',#5616);
#3472=PLANE('',#5617);
#3473=PLANE('',#5618);
#3474=PLANE('',#5619);
#3475=PLANE('',#5620);
#3476=PLANE('',#5621);
#3477=PLANE('',#5622);
#3478=PLANE('',#5623);
#3479=PLANE('',#5624);
#3480=PLANE('',#5625);
#3481=PLANE('',#5626);
#3482=PLANE('',#5627);
#3483=PLANE('',#5628);
#3484=PLANE('',#5629);
#3485=PLANE('',#5630);
#3486=PLANE('',#5631);
#3487=PLANE('',#5632);
#3488=PLANE('',#5633);
#3489=PLANE('',#5634);
#3490=PLANE('',#5635);
#3491=PLANE('',#5636);
#3492=PLANE('',#5637);
#3493=PLANE('',#5638);
#3494=PLANE('',#5639);
#3495=PLANE('',#5640);
#3496=PLANE('',#5641);
#3497=PLANE('',#5648);
#3498=PLANE('',#5649);
#3499=PLANE('',#5650);
#3500=PLANE('',#5651);
#3501=PLANE('',#5652);
#3502=PLANE('',#5653);
#3503=PLANE('',#5654);
#3504=PLANE('',#5655);
#3505=PLANE('',#5656);
#3506=PLANE('',#5657);
#3507=PLANE('',#5658);
#3508=PLANE('',#5659);
#3509=PLANE('',#5660);
#3510=PLANE('',#5661);
#3511=PLANE('',#5662);
#3512=PLANE('',#5663);
#3513=PLANE('',#5664);
#3514=PLANE('',#5665);
#3515=PLANE('',#5666);
#3516=PLANE('',#5667);
#3517=PLANE('',#5668);
#3518=PLANE('',#5669);
#3519=PLANE('',#5670);
#3520=PLANE('',#5677);
#3521=PLANE('',#5678);
#3522=PLANE('',#5679);
#3523=PLANE('',#5680);
#3524=PLANE('',#5681);
#3525=PLANE('',#5682);
#3526=PLANE('',#5683);
#3527=PLANE('',#5684);
#3528=PLANE('',#5685);
#3529=PLANE('',#5686);
#3530=PLANE('',#5687);
#3531=PLANE('',#5688);
#3532=PLANE('',#5689);
#3533=PLANE('',#5690);
#3534=PLANE('',#5691);
#3535=PLANE('',#5692);
#3536=PLANE('',#5693);
#3537=PLANE('',#5694);
#3538=PLANE('',#5695);
#3539=PLANE('',#5696);
#3540=PLANE('',#5697);
#3541=PLANE('',#5698);
#3542=PLANE('',#5699);
#3543=PLANE('',#5700);
#3544=PLANE('',#5701);
#3545=PLANE('',#5702);
#3546=PLANE('',#5703);
#3547=PLANE('',#5704);
#3548=PLANE('',#5705);
#3549=PLANE('',#5706);
#3550=PLANE('',#5707);
#3551=PLANE('',#5708);
#3552=PLANE('',#5709);
#3553=PLANE('',#5710);
#3554=PLANE('',#5711);
#3555=PLANE('',#5712);
#3556=PLANE('',#5713);
#3557=PLANE('',#5714);
#3558=PLANE('',#5715);
#3559=PLANE('',#5716);
#3560=PLANE('',#5717);
#3561=PLANE('',#5718);
#3562=PLANE('',#5719);
#3563=PLANE('',#5720);
#3564=PLANE('',#5721);
#3565=PLANE('',#5722);
#3566=PLANE('',#5723);
#3567=PLANE('',#5724);
#3568=PLANE('',#5725);
#3569=PLANE('',#5726);
#3570=PLANE('',#5727);
#3571=PLANE('',#5728);
#3572=PLANE('',#5729);
#3573=PLANE('',#5730);
#3574=PLANE('',#5731);
#3575=PLANE('',#5732);
#3576=PLANE('',#5733);
#3577=PLANE('',#5734);
#3578=PLANE('',#5735);
#3579=PLANE('',#5736);
#3580=PLANE('',#5737);
#3581=PLANE('',#5738);
#3582=PLANE('',#5739);
#3583=PLANE('',#5740);
#3584=PLANE('',#5741);
#3585=PLANE('',#5742);
#3586=PLANE('',#5743);
#3587=PLANE('',#5744);
#3588=PLANE('',#5745);
#3589=PLANE('',#5746);
#3590=PLANE('',#5747);
#3591=PLANE('',#5748);
#3592=PLANE('',#5749);
#3593=PLANE('',#5750);
#3594=PLANE('',#5751);
#3595=PLANE('',#5752);
#3596=PLANE('',#5753);
#3597=PLANE('',#5754);
#3598=PLANE('',#5755);
#3599=PLANE('',#5756);
#3600=PLANE('',#5757);
#3601=PLANE('',#5758);
#3602=PLANE('',#5759);
#3603=PLANE('',#5760);
#3604=PLANE('',#5761);
#3605=PLANE('',#5762);
#3606=PLANE('',#5763);
#3607=PLANE('',#5764);
#3608=PLANE('',#5765);
#3609=PLANE('',#5766);
#3610=PLANE('',#5767);
#3611=PLANE('',#5768);
#3612=PLANE('',#5769);
#3613=PLANE('',#5770);
#3614=PLANE('',#5771);
#3615=PLANE('',#5772);
#3616=PLANE('',#5773);
#3617=PLANE('',#5774);
#3618=PLANE('',#5775);
#3619=PLANE('',#5776);
#3620=PLANE('',#5777);
#3621=PLANE('',#5778);
#3622=PLANE('',#5779);
#3623=PLANE('',#5780);
#3624=PLANE('',#5781);
#3625=PLANE('',#5782);
#3626=PLANE('',#5783);
#3627=PLANE('',#5784);
#3628=PLANE('',#5785);
#3629=PLANE('',#5786);
#3630=PLANE('',#5787);
#3631=PLANE('',#5788);
#3632=PLANE('',#5789);
#3633=PLANE('',#5790);
#3634=PLANE('',#5791);
#3635=PLANE('',#5792);
#3636=PLANE('',#5793);
#3637=PLANE('',#5794);
#3638=PLANE('',#5795);
#3639=PLANE('',#5796);
#3640=PLANE('',#5797);
#3641=PLANE('',#5798);
#3642=PLANE('',#5799);
#3643=PLANE('',#5800);
#3644=PLANE('',#5801);
#3645=PLANE('',#5802);
#3646=PLANE('',#5803);
#3647=PLANE('',#5804);
#3648=PLANE('',#5805);
#3649=PLANE('',#5806);
#3650=PLANE('',#5807);
#3651=PLANE('',#5808);
#3652=PLANE('',#5809);
#3653=PLANE('',#5810);
#3654=PLANE('',#5811);
#3655=PLANE('',#5812);
#3656=PLANE('',#5813);
#3657=STYLED_ITEM('',(#3898),#5346);
#3658=STYLED_ITEM('',(#3899),#5347);
#3659=STYLED_ITEM('',(#3900),#5348);
#3660=STYLED_ITEM('',(#3901),#5349);
#3661=STYLED_ITEM('',(#3902),#5350);
#3662=STYLED_ITEM('',(#3903),#5351);
#3663=STYLED_ITEM('',(#3904),#5352);
#3664=STYLED_ITEM('',(#3905),#5353);
#3665=STYLED_ITEM('',(#3906),#5354);
#3666=STYLED_ITEM('',(#3907),#5355);
#3667=STYLED_ITEM('',(#3908),#5356);
#3668=STYLED_ITEM('',(#3909),#5357);
#3669=STYLED_ITEM('',(#3910),#5358);
#3670=STYLED_ITEM('',(#3911),#5359);
#3671=STYLED_ITEM('',(#3912),#5360);
#3672=STYLED_ITEM('',(#3913),#5361);
#3673=STYLED_ITEM('',(#3914),#5362);
#3674=STYLED_ITEM('',(#3915),#5363);
#3675=STYLED_ITEM('',(#3916),#5364);
#3676=STYLED_ITEM('',(#3917),#5365);
#3677=STYLED_ITEM('',(#3918),#5366);
#3678=STYLED_ITEM('',(#3919),#5367);
#3679=STYLED_ITEM('',(#3920),#5368);
#3680=STYLED_ITEM('',(#3921),#5369);
#3681=STYLED_ITEM('',(#3922),#5370);
#3682=STYLED_ITEM('',(#3923),#5371);
#3683=STYLED_ITEM('',(#3924),#5372);
#3684=STYLED_ITEM('',(#3925),#5373);
#3685=STYLED_ITEM('',(#3926),#5374);
#3686=STYLED_ITEM('',(#3927),#5375);
#3687=STYLED_ITEM('',(#3928),#5376);
#3688=STYLED_ITEM('',(#3929),#5377);
#3689=STYLED_ITEM('',(#3930),#5378);
#3690=STYLED_ITEM('',(#3931),#5379);
#3691=STYLED_ITEM('',(#3932),#5380);
#3692=STYLED_ITEM('',(#3933),#5381);
#3693=STYLED_ITEM('',(#3934),#5382);
#3694=STYLED_ITEM('',(#3935),#5383);
#3695=STYLED_ITEM('',(#3936),#5384);
#3696=STYLED_ITEM('',(#3937),#5385);
#3697=STYLED_ITEM('',(#3938),#5386);
#3698=STYLED_ITEM('',(#3939),#5387);
#3699=STYLED_ITEM('',(#3940),#5388);
#3700=STYLED_ITEM('',(#3941),#5389);
#3701=STYLED_ITEM('',(#3942),#5390);
#3702=STYLED_ITEM('',(#3943),#5391);
#3703=STYLED_ITEM('',(#3944),#5392);
#3704=STYLED_ITEM('',(#3945),#5393);
#3705=STYLED_ITEM('',(#3946),#5394);
#3706=STYLED_ITEM('',(#3947),#5395);
#3707=STYLED_ITEM('',(#3948),#5396);
#3708=STYLED_ITEM('',(#3949),#5397);
#3709=STYLED_ITEM('',(#3950),#5398);
#3710=STYLED_ITEM('',(#3951),#5399);
#3711=STYLED_ITEM('',(#3952),#5400);
#3712=STYLED_ITEM('',(#3953),#5401);
#3713=STYLED_ITEM('',(#3954),#5402);
#3714=STYLED_ITEM('',(#3955),#5403);
#3715=STYLED_ITEM('',(#3956),#5404);
#3716=STYLED_ITEM('',(#3957),#5405);
#3717=STYLED_ITEM('',(#3958),#5406);
#3718=STYLED_ITEM('',(#3959),#5407);
#3719=STYLED_ITEM('',(#3960),#5408);
#3720=STYLED_ITEM('',(#3961),#5409);
#3721=STYLED_ITEM('',(#3962),#5410);
#3722=STYLED_ITEM('',(#3963),#5411);
#3723=STYLED_ITEM('',(#3964),#5412);
#3724=STYLED_ITEM('',(#3965),#5413);
#3725=STYLED_ITEM('',(#3966),#5414);
#3726=STYLED_ITEM('',(#3967),#5415);
#3727=STYLED_ITEM('',(#3968),#5416);
#3728=STYLED_ITEM('',(#3969),#5417);
#3729=STYLED_ITEM('',(#3970),#5418);
#3730=STYLED_ITEM('',(#3971),#5419);
#3731=STYLED_ITEM('',(#3972),#5420);
#3732=STYLED_ITEM('',(#3973),#5421);
#3733=STYLED_ITEM('',(#3974),#5422);
#3734=STYLED_ITEM('',(#3975),#5423);
#3735=STYLED_ITEM('',(#3976),#5424);
#3736=STYLED_ITEM('',(#3977),#5425);
#3737=STYLED_ITEM('',(#3978),#5426);
#3738=STYLED_ITEM('',(#3979),#5427);
#3739=STYLED_ITEM('',(#3980),#5428);
#3740=STYLED_ITEM('',(#3981),#5429);
#3741=STYLED_ITEM('',(#3982),#5430);
#3742=STYLED_ITEM('',(#3983),#5431);
#3743=STYLED_ITEM('',(#3984),#5432);
#3744=STYLED_ITEM('',(#3985),#5433);
#3745=STYLED_ITEM('',(#3986),#5434);
#3746=STYLED_ITEM('',(#3987),#5435);
#3747=STYLED_ITEM('',(#3988),#5436);
#3748=STYLED_ITEM('',(#3989),#5437);
#3749=STYLED_ITEM('',(#3990),#5438);
#3750=STYLED_ITEM('',(#3991),#5439);
#3751=STYLED_ITEM('',(#3992),#5440);
#3752=STYLED_ITEM('',(#3993),#5441);
#3753=STYLED_ITEM('',(#3994),#5442);
#3754=STYLED_ITEM('',(#3995),#5443);
#3755=STYLED_ITEM('',(#3996),#5444);
#3756=STYLED_ITEM('',(#3997),#5445);
#3757=STYLED_ITEM('',(#3998),#5446);
#3758=STYLED_ITEM('',(#3999),#5447);
#3759=STYLED_ITEM('',(#4000),#5448);
#3760=STYLED_ITEM('',(#4001),#5449);
#3761=STYLED_ITEM('',(#4002),#5450);
#3762=STYLED_ITEM('',(#4003),#5451);
#3763=STYLED_ITEM('',(#4004),#5452);
#3764=STYLED_ITEM('',(#4005),#5453);
#3765=STYLED_ITEM('',(#4006),#5454);
#3766=STYLED_ITEM('',(#4007),#5455);
#3767=STYLED_ITEM('',(#4008),#5456);
#3768=STYLED_ITEM('',(#4009),#5457);
#3769=STYLED_ITEM('',(#4010),#5458);
#3770=STYLED_ITEM('',(#4011),#5459);
#3771=STYLED_ITEM('',(#4012),#5460);
#3772=STYLED_ITEM('',(#4013),#5461);
#3773=STYLED_ITEM('',(#4014),#5462);
#3774=STYLED_ITEM('',(#4015),#5463);
#3775=STYLED_ITEM('',(#4016),#5464);
#3776=STYLED_ITEM('',(#4017),#5465);
#3777=STYLED_ITEM('',(#4018),#5466);
#3778=STYLED_ITEM('',(#4019),#5467);
#3779=STYLED_ITEM('',(#4020),#5468);
#3780=STYLED_ITEM('',(#4021),#5469);
#3781=STYLED_ITEM('',(#4022),#5470);
#3782=STYLED_ITEM('',(#4023),#5471);
#3783=STYLED_ITEM('',(#4024),#5472);
#3784=STYLED_ITEM('',(#4025),#5473);
#3785=STYLED_ITEM('',(#4026),#5474);
#3786=STYLED_ITEM('',(#4027),#5475);
#3787=STYLED_ITEM('',(#4028),#5476);
#3788=STYLED_ITEM('',(#4029),#5477);
#3789=STYLED_ITEM('',(#4030),#5478);
#3790=STYLED_ITEM('',(#4031),#5479);
#3791=STYLED_ITEM('',(#4032),#5480);
#3792=STYLED_ITEM('',(#4033),#5481);
#3793=STYLED_ITEM('',(#4034),#5482);
#3794=STYLED_ITEM('',(#4035),#5483);
#3795=STYLED_ITEM('',(#4036),#5484);
#3796=STYLED_ITEM('',(#4037),#5485);
#3797=STYLED_ITEM('',(#4038),#5486);
#3798=STYLED_ITEM('',(#4039),#5487);
#3799=STYLED_ITEM('',(#4040),#5488);
#3800=STYLED_ITEM('',(#4041),#5489);
#3801=STYLED_ITEM('',(#4042),#5490);
#3802=STYLED_ITEM('',(#4043),#5491);
#3803=STYLED_ITEM('',(#4044),#5492);
#3804=STYLED_ITEM('',(#4045),#5493);
#3805=STYLED_ITEM('',(#4046),#5494);
#3806=STYLED_ITEM('',(#4047),#5495);
#3807=STYLED_ITEM('',(#4048),#5496);
#3808=STYLED_ITEM('',(#4049),#5497);
#3809=STYLED_ITEM('',(#4050),#5498);
#3810=STYLED_ITEM('',(#4051),#5499);
#3811=STYLED_ITEM('',(#4052),#5500);
#3812=STYLED_ITEM('',(#4053),#5501);
#3813=STYLED_ITEM('',(#4054),#5502);
#3814=STYLED_ITEM('',(#4055),#5503);
#3815=STYLED_ITEM('',(#4056),#5504);
#3816=STYLED_ITEM('',(#4057),#5505);
#3817=STYLED_ITEM('',(#4058),#5506);
#3818=STYLED_ITEM('',(#4059),#5507);
#3819=STYLED_ITEM('',(#4060),#5508);
#3820=STYLED_ITEM('',(#4061),#5509);
#3821=STYLED_ITEM('',(#4062),#5510);
#3822=STYLED_ITEM('',(#4063),#5511);
#3823=STYLED_ITEM('',(#4064),#5512);
#3824=STYLED_ITEM('',(#4065),#5513);
#3825=STYLED_ITEM('',(#4066),#5514);
#3826=STYLED_ITEM('',(#4067),#5515);
#3827=STYLED_ITEM('',(#4068),#5516);
#3828=STYLED_ITEM('',(#4069),#5517);
#3829=STYLED_ITEM('',(#4070),#5518);
#3830=STYLED_ITEM('',(#4071),#5519);
#3831=STYLED_ITEM('',(#4072),#5520);
#3832=STYLED_ITEM('',(#4073),#5521);
#3833=STYLED_ITEM('',(#4074),#5522);
#3834=STYLED_ITEM('',(#4075),#5523);
#3835=STYLED_ITEM('',(#4076),#5524);
#3836=STYLED_ITEM('',(#4077),#5525);
#3837=STYLED_ITEM('',(#4078),#5526);
#3838=STYLED_ITEM('',(#4079),#5527);
#3839=STYLED_ITEM('',(#4080),#5528);
#3840=STYLED_ITEM('',(#4081),#5529);
#3841=STYLED_ITEM('',(#4082),#5530);
#3842=STYLED_ITEM('',(#4083),#5531);
#3843=STYLED_ITEM('',(#4084),#5532);
#3844=STYLED_ITEM('',(#4085),#5533);
#3845=STYLED_ITEM('',(#4086),#5534);
#3846=STYLED_ITEM('',(#4087),#5535);
#3847=STYLED_ITEM('',(#4088),#5536);
#3848=STYLED_ITEM('',(#4089),#5537);
#3849=STYLED_ITEM('',(#4090),#5538);
#3850=STYLED_ITEM('',(#4091),#5539);
#3851=STYLED_ITEM('',(#4092),#5540);
#3852=STYLED_ITEM('',(#4093),#5541);
#3853=STYLED_ITEM('',(#4094),#5542);
#3854=STYLED_ITEM('',(#4095),#5543);
#3855=STYLED_ITEM('',(#4096),#5544);
#3856=STYLED_ITEM('',(#4097),#5545);
#3857=STYLED_ITEM('',(#4098),#5546);
#3858=STYLED_ITEM('',(#4099),#5547);
#3859=STYLED_ITEM('',(#4100),#5548);
#3860=STYLED_ITEM('',(#4101),#5549);
#3861=STYLED_ITEM('',(#4102),#5550);
#3862=STYLED_ITEM('',(#4103),#5551);
#3863=STYLED_ITEM('',(#4104),#5552);
#3864=STYLED_ITEM('',(#4105),#5553);
#3865=STYLED_ITEM('',(#4106),#5554);
#3866=STYLED_ITEM('',(#4107),#5555);
#3867=STYLED_ITEM('',(#4108),#5556);
#3868=STYLED_ITEM('',(#4109),#5557);
#3869=STYLED_ITEM('',(#4110),#5558);
#3870=STYLED_ITEM('',(#4111),#5559);
#3871=STYLED_ITEM('',(#4112),#5560);
#3872=STYLED_ITEM('',(#4113),#5561);
#3873=STYLED_ITEM('',(#4114),#5562);
#3874=STYLED_ITEM('',(#4115),#5563);
#3875=STYLED_ITEM('',(#4116),#5564);
#3876=STYLED_ITEM('',(#4117),#5565);
#3877=STYLED_ITEM('',(#4118),#5566);
#3878=STYLED_ITEM('',(#4119),#5567);
#3879=STYLED_ITEM('',(#4120),#5568);
#3880=STYLED_ITEM('',(#4121),#5569);
#3881=STYLED_ITEM('',(#4122),#5570);
#3882=STYLED_ITEM('',(#4123),#5571);
#3883=STYLED_ITEM('',(#4124),#5572);
#3884=STYLED_ITEM('',(#4125),#5573);
#3885=STYLED_ITEM('',(#4126),#5574);
#3886=STYLED_ITEM('',(#4127),#5575);
#3887=STYLED_ITEM('',(#4128),#5576);
#3888=STYLED_ITEM('',(#4129),#5577);
#3889=STYLED_ITEM('',(#4130),#5578);
#3890=STYLED_ITEM('',(#4131),#5579);
#3891=STYLED_ITEM('',(#4132),#5580);
#3892=STYLED_ITEM('',(#4133),#5581);
#3893=STYLED_ITEM('',(#4134),#5582);
#3894=STYLED_ITEM('',(#4135),#5583);
#3895=STYLED_ITEM('',(#4136),#5584);
#3896=STYLED_ITEM('',(#4137),#5585);
#3897=STYLED_ITEM('',(#4138),#5586);
#3898=PRESENTATION_STYLE_ASSIGNMENT((#4139));
#3899=PRESENTATION_STYLE_ASSIGNMENT((#4140));
#3900=PRESENTATION_STYLE_ASSIGNMENT((#4141));
#3901=PRESENTATION_STYLE_ASSIGNMENT((#4142));
#3902=PRESENTATION_STYLE_ASSIGNMENT((#4143));
#3903=PRESENTATION_STYLE_ASSIGNMENT((#4144));
#3904=PRESENTATION_STYLE_ASSIGNMENT((#4145));
#3905=PRESENTATION_STYLE_ASSIGNMENT((#4146));
#3906=PRESENTATION_STYLE_ASSIGNMENT((#4147));
#3907=PRESENTATION_STYLE_ASSIGNMENT((#4148));
#3908=PRESENTATION_STYLE_ASSIGNMENT((#4149));
#3909=PRESENTATION_STYLE_ASSIGNMENT((#4150));
#3910=PRESENTATION_STYLE_ASSIGNMENT((#4151));
#3911=PRESENTATION_STYLE_ASSIGNMENT((#4152));
#3912=PRESENTATION_STYLE_ASSIGNMENT((#4153));
#3913=PRESENTATION_STYLE_ASSIGNMENT((#4154));
#3914=PRESENTATION_STYLE_ASSIGNMENT((#4155));
#3915=PRESENTATION_STYLE_ASSIGNMENT((#4156));
#3916=PRESENTATION_STYLE_ASSIGNMENT((#4157));
#3917=PRESENTATION_STYLE_ASSIGNMENT((#4158));
#3918=PRESENTATION_STYLE_ASSIGNMENT((#4159));
#3919=PRESENTATION_STYLE_ASSIGNMENT((#4160));
#3920=PRESENTATION_STYLE_ASSIGNMENT((#4161));
#3921=PRESENTATION_STYLE_ASSIGNMENT((#4162));
#3922=PRESENTATION_STYLE_ASSIGNMENT((#4163));
#3923=PRESENTATION_STYLE_ASSIGNMENT((#4164));
#3924=PRESENTATION_STYLE_ASSIGNMENT((#4165));
#3925=PRESENTATION_STYLE_ASSIGNMENT((#4166));
#3926=PRESENTATION_STYLE_ASSIGNMENT((#4167));
#3927=PRESENTATION_STYLE_ASSIGNMENT((#4168));
#3928=PRESENTATION_STYLE_ASSIGNMENT((#4169));
#3929=PRESENTATION_STYLE_ASSIGNMENT((#4170));
#3930=PRESENTATION_STYLE_ASSIGNMENT((#4171));
#3931=PRESENTATION_STYLE_ASSIGNMENT((#4172));
#3932=PRESENTATION_STYLE_ASSIGNMENT((#4173));
#3933=PRESENTATION_STYLE_ASSIGNMENT((#4174));
#3934=PRESENTATION_STYLE_ASSIGNMENT((#4175));
#3935=PRESENTATION_STYLE_ASSIGNMENT((#4176));
#3936=PRESENTATION_STYLE_ASSIGNMENT((#4177));
#3937=PRESENTATION_STYLE_ASSIGNMENT((#4178));
#3938=PRESENTATION_STYLE_ASSIGNMENT((#4179));
#3939=PRESENTATION_STYLE_ASSIGNMENT((#4180));
#3940=PRESENTATION_STYLE_ASSIGNMENT((#4181));
#3941=PRESENTATION_STYLE_ASSIGNMENT((#4182));
#3942=PRESENTATION_STYLE_ASSIGNMENT((#4183));
#3943=PRESENTATION_STYLE_ASSIGNMENT((#4184));
#3944=PRESENTATION_STYLE_ASSIGNMENT((#4185));
#3945=PRESENTATION_STYLE_ASSIGNMENT((#4186));
#3946=PRESENTATION_STYLE_ASSIGNMENT((#4187));
#3947=PRESENTATION_STYLE_ASSIGNMENT((#4188));
#3948=PRESENTATION_STYLE_ASSIGNMENT((#4189));
#3949=PRESENTATION_STYLE_ASSIGNMENT((#4190));
#3950=PRESENTATION_STYLE_ASSIGNMENT((#4191));
#3951=PRESENTATION_STYLE_ASSIGNMENT((#4192));
#3952=PRESENTATION_STYLE_ASSIGNMENT((#4193));
#3953=PRESENTATION_STYLE_ASSIGNMENT((#4194));
#3954=PRESENTATION_STYLE_ASSIGNMENT((#4195));
#3955=PRESENTATION_STYLE_ASSIGNMENT((#4196));
#3956=PRESENTATION_STYLE_ASSIGNMENT((#4197));
#3957=PRESENTATION_STYLE_ASSIGNMENT((#4198));
#3958=PRESENTATION_STYLE_ASSIGNMENT((#4199));
#3959=PRESENTATION_STYLE_ASSIGNMENT((#4200));
#3960=PRESENTATION_STYLE_ASSIGNMENT((#4201));
#3961=PRESENTATION_STYLE_ASSIGNMENT((#4202));
#3962=PRESENTATION_STYLE_ASSIGNMENT((#4203));
#3963=PRESENTATION_STYLE_ASSIGNMENT((#4204));
#3964=PRESENTATION_STYLE_ASSIGNMENT((#4205));
#3965=PRESENTATION_STYLE_ASSIGNMENT((#4206));
#3966=PRESENTATION_STYLE_ASSIGNMENT((#4207));
#3967=PRESENTATION_STYLE_ASSIGNMENT((#4208));
#3968=PRESENTATION_STYLE_ASSIGNMENT((#4209));
#3969=PRESENTATION_STYLE_ASSIGNMENT((#4210));
#3970=PRESENTATION_STYLE_ASSIGNMENT((#4211));
#3971=PRESENTATION_STYLE_ASSIGNMENT((#4212));
#3972=PRESENTATION_STYLE_ASSIGNMENT((#4213));
#3973=PRESENTATION_STYLE_ASSIGNMENT((#4214));
#3974=PRESENTATION_STYLE_ASSIGNMENT((#4215));
#3975=PRESENTATION_STYLE_ASSIGNMENT((#4216));
#3976=PRESENTATION_STYLE_ASSIGNMENT((#4217));
#3977=PRESENTATION_STYLE_ASSIGNMENT((#4218));
#3978=PRESENTATION_STYLE_ASSIGNMENT((#4219));
#3979=PRESENTATION_STYLE_ASSIGNMENT((#4220));
#3980=PRESENTATION_STYLE_ASSIGNMENT((#4221));
#3981=PRESENTATION_STYLE_ASSIGNMENT((#4222));
#3982=PRESENTATION_STYLE_ASSIGNMENT((#4223));
#3983=PRESENTATION_STYLE_ASSIGNMENT((#4224));
#3984=PRESENTATION_STYLE_ASSIGNMENT((#4225));
#3985=PRESENTATION_STYLE_ASSIGNMENT((#4226));
#3986=PRESENTATION_STYLE_ASSIGNMENT((#4227));
#3987=PRESENTATION_STYLE_ASSIGNMENT((#4228));
#3988=PRESENTATION_STYLE_ASSIGNMENT((#4229));
#3989=PRESENTATION_STYLE_ASSIGNMENT((#4230));
#3990=PRESENTATION_STYLE_ASSIGNMENT((#4231));
#3991=PRESENTATION_STYLE_ASSIGNMENT((#4232));
#3992=PRESENTATION_STYLE_ASSIGNMENT((#4233));
#3993=PRESENTATION_STYLE_ASSIGNMENT((#4234));
#3994=PRESENTATION_STYLE_ASSIGNMENT((#4235));
#3995=PRESENTATION_STYLE_ASSIGNMENT((#4236));
#3996=PRESENTATION_STYLE_ASSIGNMENT((#4237));
#3997=PRESENTATION_STYLE_ASSIGNMENT((#4238));
#3998=PRESENTATION_STYLE_ASSIGNMENT((#4239));
#3999=PRESENTATION_STYLE_ASSIGNMENT((#4240));
#4000=PRESENTATION_STYLE_ASSIGNMENT((#4241));
#4001=PRESENTATION_STYLE_ASSIGNMENT((#4242));
#4002=PRESENTATION_STYLE_ASSIGNMENT((#4243));
#4003=PRESENTATION_STYLE_ASSIGNMENT((#4244));
#4004=PRESENTATION_STYLE_ASSIGNMENT((#4245));
#4005=PRESENTATION_STYLE_ASSIGNMENT((#4246));
#4006=PRESENTATION_STYLE_ASSIGNMENT((#4247));
#4007=PRESENTATION_STYLE_ASSIGNMENT((#4248));
#4008=PRESENTATION_STYLE_ASSIGNMENT((#4249));
#4009=PRESENTATION_STYLE_ASSIGNMENT((#4250));
#4010=PRESENTATION_STYLE_ASSIGNMENT((#4251));
#4011=PRESENTATION_STYLE_ASSIGNMENT((#4252));
#4012=PRESENTATION_STYLE_ASSIGNMENT((#4253));
#4013=PRESENTATION_STYLE_ASSIGNMENT((#4254));
#4014=PRESENTATION_STYLE_ASSIGNMENT((#4255));
#4015=PRESENTATION_STYLE_ASSIGNMENT((#4256));
#4016=PRESENTATION_STYLE_ASSIGNMENT((#4257));
#4017=PRESENTATION_STYLE_ASSIGNMENT((#4258));
#4018=PRESENTATION_STYLE_ASSIGNMENT((#4259));
#4019=PRESENTATION_STYLE_ASSIGNMENT((#4260));
#4020=PRESENTATION_STYLE_ASSIGNMENT((#4261));
#4021=PRESENTATION_STYLE_ASSIGNMENT((#4262));
#4022=PRESENTATION_STYLE_ASSIGNMENT((#4263));
#4023=PRESENTATION_STYLE_ASSIGNMENT((#4264));
#4024=PRESENTATION_STYLE_ASSIGNMENT((#4265));
#4025=PRESENTATION_STYLE_ASSIGNMENT((#4266));
#4026=PRESENTATION_STYLE_ASSIGNMENT((#4267));
#4027=PRESENTATION_STYLE_ASSIGNMENT((#4268));
#4028=PRESENTATION_STYLE_ASSIGNMENT((#4269));
#4029=PRESENTATION_STYLE_ASSIGNMENT((#4270));
#4030=PRESENTATION_STYLE_ASSIGNMENT((#4271));
#4031=PRESENTATION_STYLE_ASSIGNMENT((#4272));
#4032=PRESENTATION_STYLE_ASSIGNMENT((#4273));
#4033=PRESENTATION_STYLE_ASSIGNMENT((#4274));
#4034=PRESENTATION_STYLE_ASSIGNMENT((#4275));
#4035=PRESENTATION_STYLE_ASSIGNMENT((#4276));
#4036=PRESENTATION_STYLE_ASSIGNMENT((#4277));
#4037=PRESENTATION_STYLE_ASSIGNMENT((#4278));
#4038=PRESENTATION_STYLE_ASSIGNMENT((#4279));
#4039=PRESENTATION_STYLE_ASSIGNMENT((#4280));
#4040=PRESENTATION_STYLE_ASSIGNMENT((#4281));
#4041=PRESENTATION_STYLE_ASSIGNMENT((#4282));
#4042=PRESENTATION_STYLE_ASSIGNMENT((#4283));
#4043=PRESENTATION_STYLE_ASSIGNMENT((#4284));
#4044=PRESENTATION_STYLE_ASSIGNMENT((#4285));
#4045=PRESENTATION_STYLE_ASSIGNMENT((#4286));
#4046=PRESENTATION_STYLE_ASSIGNMENT((#4287));
#4047=PRESENTATION_STYLE_ASSIGNMENT((#4288));
#4048=PRESENTATION_STYLE_ASSIGNMENT((#4289));
#4049=PRESENTATION_STYLE_ASSIGNMENT((#4290));
#4050=PRESENTATION_STYLE_ASSIGNMENT((#4291));
#4051=PRESENTATION_STYLE_ASSIGNMENT((#4292));
#4052=PRESENTATION_STYLE_ASSIGNMENT((#4293));
#4053=PRESENTATION_STYLE_ASSIGNMENT((#4294));
#4054=PRESENTATION_STYLE_ASSIGNMENT((#4295));
#4055=PRESENTATION_STYLE_ASSIGNMENT((#4296));
#4056=PRESENTATION_STYLE_ASSIGNMENT((#4297));
#4057=PRESENTATION_STYLE_ASSIGNMENT((#4298));
#4058=PRESENTATION_STYLE_ASSIGNMENT((#4299));
#4059=PRESENTATION_STYLE_ASSIGNMENT((#4300));
#4060=PRESENTATION_STYLE_ASSIGNMENT((#4301));
#4061=PRESENTATION_STYLE_ASSIGNMENT((#4302));
#4062=PRESENTATION_STYLE_ASSIGNMENT((#4303));
#4063=PRESENTATION_STYLE_ASSIGNMENT((#4304));
#4064=PRESENTATION_STYLE_ASSIGNMENT((#4305));
#4065=PRESENTATION_STYLE_ASSIGNMENT((#4306));
#4066=PRESENTATION_STYLE_ASSIGNMENT((#4307));
#4067=PRESENTATION_STYLE_ASSIGNMENT((#4308));
#4068=PRESENTATION_STYLE_ASSIGNMENT((#4309));
#4069=PRESENTATION_STYLE_ASSIGNMENT((#4310));
#4070=PRESENTATION_STYLE_ASSIGNMENT((#4311));
#4071=PRESENTATION_STYLE_ASSIGNMENT((#4312));
#4072=PRESENTATION_STYLE_ASSIGNMENT((#4313));
#4073=PRESENTATION_STYLE_ASSIGNMENT((#4314));
#4074=PRESENTATION_STYLE_ASSIGNMENT((#4315));
#4075=PRESENTATION_STYLE_ASSIGNMENT((#4316));
#4076=PRESENTATION_STYLE_ASSIGNMENT((#4317));
#4077=PRESENTATION_STYLE_ASSIGNMENT((#4318));
#4078=PRESENTATION_STYLE_ASSIGNMENT((#4319));
#4079=PRESENTATION_STYLE_ASSIGNMENT((#4320));
#4080=PRESENTATION_STYLE_ASSIGNMENT((#4321));
#4081=PRESENTATION_STYLE_ASSIGNMENT((#4322));
#4082=PRESENTATION_STYLE_ASSIGNMENT((#4323));
#4083=PRESENTATION_STYLE_ASSIGNMENT((#4324));
#4084=PRESENTATION_STYLE_ASSIGNMENT((#4325));
#4085=PRESENTATION_STYLE_ASSIGNMENT((#4326));
#4086=PRESENTATION_STYLE_ASSIGNMENT((#4327));
#4087=PRESENTATION_STYLE_ASSIGNMENT((#4328));
#4088=PRESENTATION_STYLE_ASSIGNMENT((#4329));
#4089=PRESENTATION_STYLE_ASSIGNMENT((#4330));
#4090=PRESENTATION_STYLE_ASSIGNMENT((#4331));
#4091=PRESENTATION_STYLE_ASSIGNMENT((#4332));
#4092=PRESENTATION_STYLE_ASSIGNMENT((#4333));
#4093=PRESENTATION_STYLE_ASSIGNMENT((#4334));
#4094=PRESENTATION_STYLE_ASSIGNMENT((#4335));
#4095=PRESENTATION_STYLE_ASSIGNMENT((#4336));
#4096=PRESENTATION_STYLE_ASSIGNMENT((#4337));
#4097=PRESENTATION_STYLE_ASSIGNMENT((#4338));
#4098=PRESENTATION_STYLE_ASSIGNMENT((#4339));
#4099=PRESENTATION_STYLE_ASSIGNMENT((#4340));
#4100=PRESENTATION_STYLE_ASSIGNMENT((#4341));
#4101=PRESENTATION_STYLE_ASSIGNMENT((#4342));
#4102=PRESENTATION_STYLE_ASSIGNMENT((#4343));
#4103=PRESENTATION_STYLE_ASSIGNMENT((#4344));
#4104=PRESENTATION_STYLE_ASSIGNMENT((#4345));
#4105=PRESENTATION_STYLE_ASSIGNMENT((#4346));
#4106=PRESENTATION_STYLE_ASSIGNMENT((#4347));
#4107=PRESENTATION_STYLE_ASSIGNMENT((#4348));
#4108=PRESENTATION_STYLE_ASSIGNMENT((#4349));
#4109=PRESENTATION_STYLE_ASSIGNMENT((#4350));
#4110=PRESENTATION_STYLE_ASSIGNMENT((#4351));
#4111=PRESENTATION_STYLE_ASSIGNMENT((#4352));
#4112=PRESENTATION_STYLE_ASSIGNMENT((#4353));
#4113=PRESENTATION_STYLE_ASSIGNMENT((#4354));
#4114=PRESENTATION_STYLE_ASSIGNMENT((#4355));
#4115=PRESENTATION_STYLE_ASSIGNMENT((#4356));
#4116=PRESENTATION_STYLE_ASSIGNMENT((#4357));
#4117=PRESENTATION_STYLE_ASSIGNMENT((#4358));
#4118=PRESENTATION_STYLE_ASSIGNMENT((#4359));
#4119=PRESENTATION_STYLE_ASSIGNMENT((#4360));
#4120=PRESENTATION_STYLE_ASSIGNMENT((#4361));
#4121=PRESENTATION_STYLE_ASSIGNMENT((#4362));
#4122=PRESENTATION_STYLE_ASSIGNMENT((#4363));
#4123=PRESENTATION_STYLE_ASSIGNMENT((#4364));
#4124=PRESENTATION_STYLE_ASSIGNMENT((#4365));
#4125=PRESENTATION_STYLE_ASSIGNMENT((#4366));
#4126=PRESENTATION_STYLE_ASSIGNMENT((#4367));
#4127=PRESENTATION_STYLE_ASSIGNMENT((#4368));
#4128=PRESENTATION_STYLE_ASSIGNMENT((#4369));
#4129=PRESENTATION_STYLE_ASSIGNMENT((#4370));
#4130=PRESENTATION_STYLE_ASSIGNMENT((#4371));
#4131=PRESENTATION_STYLE_ASSIGNMENT((#4372));
#4132=PRESENTATION_STYLE_ASSIGNMENT((#4373));
#4133=PRESENTATION_STYLE_ASSIGNMENT((#4374));
#4134=PRESENTATION_STYLE_ASSIGNMENT((#4375));
#4135=PRESENTATION_STYLE_ASSIGNMENT((#4376));
#4136=PRESENTATION_STYLE_ASSIGNMENT((#4377));
#4137=PRESENTATION_STYLE_ASSIGNMENT((#4378));
#4138=PRESENTATION_STYLE_ASSIGNMENT((#4379));
#4139=SURFACE_STYLE_USAGE(.BOTH.,#4380);
#4140=SURFACE_STYLE_USAGE(.BOTH.,#4381);
#4141=SURFACE_STYLE_USAGE(.BOTH.,#4382);
#4142=SURFACE_STYLE_USAGE(.BOTH.,#4383);
#4143=SURFACE_STYLE_USAGE(.BOTH.,#4384);
#4144=SURFACE_STYLE_USAGE(.BOTH.,#4385);
#4145=SURFACE_STYLE_USAGE(.BOTH.,#4386);
#4146=SURFACE_STYLE_USAGE(.BOTH.,#4387);
#4147=SURFACE_STYLE_USAGE(.BOTH.,#4388);
#4148=SURFACE_STYLE_USAGE(.BOTH.,#4389);
#4149=SURFACE_STYLE_USAGE(.BOTH.,#4390);
#4150=SURFACE_STYLE_USAGE(.BOTH.,#4391);
#4151=SURFACE_STYLE_USAGE(.BOTH.,#4392);
#4152=SURFACE_STYLE_USAGE(.BOTH.,#4393);
#4153=SURFACE_STYLE_USAGE(.BOTH.,#4394);
#4154=SURFACE_STYLE_USAGE(.BOTH.,#4395);
#4155=SURFACE_STYLE_USAGE(.BOTH.,#4396);
#4156=SURFACE_STYLE_USAGE(.BOTH.,#4397);
#4157=SURFACE_STYLE_USAGE(.BOTH.,#4398);
#4158=SURFACE_STYLE_USAGE(.BOTH.,#4399);
#4159=SURFACE_STYLE_USAGE(.BOTH.,#4400);
#4160=SURFACE_STYLE_USAGE(.BOTH.,#4401);
#4161=SURFACE_STYLE_USAGE(.BOTH.,#4402);
#4162=SURFACE_STYLE_USAGE(.BOTH.,#4403);
#4163=SURFACE_STYLE_USAGE(.BOTH.,#4404);
#4164=SURFACE_STYLE_USAGE(.BOTH.,#4405);
#4165=SURFACE_STYLE_USAGE(.BOTH.,#4406);
#4166=SURFACE_STYLE_USAGE(.BOTH.,#4407);
#4167=SURFACE_STYLE_USAGE(.BOTH.,#4408);
#4168=SURFACE_STYLE_USAGE(.BOTH.,#4409);
#4169=SURFACE_STYLE_USAGE(.BOTH.,#4410);
#4170=SURFACE_STYLE_USAGE(.BOTH.,#4411);
#4171=SURFACE_STYLE_USAGE(.BOTH.,#4412);
#4172=SURFACE_STYLE_USAGE(.BOTH.,#4413);
#4173=SURFACE_STYLE_USAGE(.BOTH.,#4414);
#4174=SURFACE_STYLE_USAGE(.BOTH.,#4415);
#4175=SURFACE_STYLE_USAGE(.BOTH.,#4416);
#4176=SURFACE_STYLE_USAGE(.BOTH.,#4417);
#4177=SURFACE_STYLE_USAGE(.BOTH.,#4418);
#4178=SURFACE_STYLE_USAGE(.BOTH.,#4419);
#4179=SURFACE_STYLE_USAGE(.BOTH.,#4420);
#4180=SURFACE_STYLE_USAGE(.BOTH.,#4421);
#4181=SURFACE_STYLE_USAGE(.BOTH.,#4422);
#4182=SURFACE_STYLE_USAGE(.BOTH.,#4423);
#4183=SURFACE_STYLE_USAGE(.BOTH.,#4424);
#4184=SURFACE_STYLE_USAGE(.BOTH.,#4425);
#4185=SURFACE_STYLE_USAGE(.BOTH.,#4426);
#4186=SURFACE_STYLE_USAGE(.BOTH.,#4427);
#4187=SURFACE_STYLE_USAGE(.BOTH.,#4428);
#4188=SURFACE_STYLE_USAGE(.BOTH.,#4429);
#4189=SURFACE_STYLE_USAGE(.BOTH.,#4430);
#4190=SURFACE_STYLE_USAGE(.BOTH.,#4431);
#4191=SURFACE_STYLE_USAGE(.BOTH.,#4432);
#4192=SURFACE_STYLE_USAGE(.BOTH.,#4433);
#4193=SURFACE_STYLE_USAGE(.BOTH.,#4434);
#4194=SURFACE_STYLE_USAGE(.BOTH.,#4435);
#4195=SURFACE_STYLE_USAGE(.BOTH.,#4436);
#4196=SURFACE_STYLE_USAGE(.BOTH.,#4437);
#4197=SURFACE_STYLE_USAGE(.BOTH.,#4438);
#4198=SURFACE_STYLE_USAGE(.BOTH.,#4439);
#4199=SURFACE_STYLE_USAGE(.BOTH.,#4440);
#4200=SURFACE_STYLE_USAGE(.BOTH.,#4441);
#4201=SURFACE_STYLE_USAGE(.BOTH.,#4442);
#4202=SURFACE_STYLE_USAGE(.BOTH.,#4443);
#4203=SURFACE_STYLE_USAGE(.BOTH.,#4444);
#4204=SURFACE_STYLE_USAGE(.BOTH.,#4445);
#4205=SURFACE_STYLE_USAGE(.BOTH.,#4446);
#4206=SURFACE_STYLE_USAGE(.BOTH.,#4447);
#4207=SURFACE_STYLE_USAGE(.BOTH.,#4448);
#4208=SURFACE_STYLE_USAGE(.BOTH.,#4449);
#4209=SURFACE_STYLE_USAGE(.BOTH.,#4450);
#4210=SURFACE_STYLE_USAGE(.BOTH.,#4451);
#4211=SURFACE_STYLE_USAGE(.BOTH.,#4452);
#4212=SURFACE_STYLE_USAGE(.BOTH.,#4453);
#4213=SURFACE_STYLE_USAGE(.BOTH.,#4454);
#4214=SURFACE_STYLE_USAGE(.BOTH.,#4455);
#4215=SURFACE_STYLE_USAGE(.BOTH.,#4456);
#4216=SURFACE_STYLE_USAGE(.BOTH.,#4457);
#4217=SURFACE_STYLE_USAGE(.BOTH.,#4458);
#4218=SURFACE_STYLE_USAGE(.BOTH.,#4459);
#4219=SURFACE_STYLE_USAGE(.BOTH.,#4460);
#4220=SURFACE_STYLE_USAGE(.BOTH.,#4461);
#4221=SURFACE_STYLE_USAGE(.BOTH.,#4462);
#4222=SURFACE_STYLE_USAGE(.BOTH.,#4463);
#4223=SURFACE_STYLE_USAGE(.BOTH.,#4464);
#4224=SURFACE_STYLE_USAGE(.BOTH.,#4465);
#4225=SURFACE_STYLE_USAGE(.BOTH.,#4466);
#4226=SURFACE_STYLE_USAGE(.BOTH.,#4467);
#4227=SURFACE_STYLE_USAGE(.BOTH.,#4468);
#4228=SURFACE_STYLE_USAGE(.BOTH.,#4469);
#4229=SURFACE_STYLE_USAGE(.BOTH.,#4470);
#4230=SURFACE_STYLE_USAGE(.BOTH.,#4471);
#4231=SURFACE_STYLE_USAGE(.BOTH.,#4472);
#4232=SURFACE_STYLE_USAGE(.BOTH.,#4473);
#4233=SURFACE_STYLE_USAGE(.BOTH.,#4474);
#4234=SURFACE_STYLE_USAGE(.BOTH.,#4475);
#4235=SURFACE_STYLE_USAGE(.BOTH.,#4476);
#4236=SURFACE_STYLE_USAGE(.BOTH.,#4477);
#4237=SURFACE_STYLE_USAGE(.BOTH.,#4478);
#4238=SURFACE_STYLE_USAGE(.BOTH.,#4479);
#4239=SURFACE_STYLE_USAGE(.BOTH.,#4480);
#4240=SURFACE_STYLE_USAGE(.BOTH.,#4481);
#4241=SURFACE_STYLE_USAGE(.BOTH.,#4482);
#4242=SURFACE_STYLE_USAGE(.BOTH.,#4483);
#4243=SURFACE_STYLE_USAGE(.BOTH.,#4484);
#4244=SURFACE_STYLE_USAGE(.BOTH.,#4485);
#4245=SURFACE_STYLE_USAGE(.BOTH.,#4486);
#4246=SURFACE_STYLE_USAGE(.BOTH.,#4487);
#4247=SURFACE_STYLE_USAGE(.BOTH.,#4488);
#4248=SURFACE_STYLE_USAGE(.BOTH.,#4489);
#4249=SURFACE_STYLE_USAGE(.BOTH.,#4490);
#4250=SURFACE_STYLE_USAGE(.BOTH.,#4491);
#4251=SURFACE_STYLE_USAGE(.BOTH.,#4492);
#4252=SURFACE_STYLE_USAGE(.BOTH.,#4493);
#4253=SURFACE_STYLE_USAGE(.BOTH.,#4494);
#4254=SURFACE_STYLE_USAGE(.BOTH.,#4495);
#4255=SURFACE_STYLE_USAGE(.BOTH.,#4496);
#4256=SURFACE_STYLE_USAGE(.BOTH.,#4497);
#4257=SURFACE_STYLE_USAGE(.BOTH.,#4498);
#4258=SURFACE_STYLE_USAGE(.BOTH.,#4499);
#4259=SURFACE_STYLE_USAGE(.BOTH.,#4500);
#4260=SURFACE_STYLE_USAGE(.BOTH.,#4501);
#4261=SURFACE_STYLE_USAGE(.BOTH.,#4502);
#4262=SURFACE_STYLE_USAGE(.BOTH.,#4503);
#4263=SURFACE_STYLE_USAGE(.BOTH.,#4504);
#4264=SURFACE_STYLE_USAGE(.BOTH.,#4505);
#4265=SURFACE_STYLE_USAGE(.BOTH.,#4506);
#4266=SURFACE_STYLE_USAGE(.BOTH.,#4507);
#4267=SURFACE_STYLE_USAGE(.BOTH.,#4508);
#4268=SURFACE_STYLE_USAGE(.BOTH.,#4509);
#4269=SURFACE_STYLE_USAGE(.BOTH.,#4510);
#4270=SURFACE_STYLE_USAGE(.BOTH.,#4511);
#4271=SURFACE_STYLE_USAGE(.BOTH.,#4512);
#4272=SURFACE_STYLE_USAGE(.BOTH.,#4513);
#4273=SURFACE_STYLE_USAGE(.BOTH.,#4514);
#4274=SURFACE_STYLE_USAGE(.BOTH.,#4515);
#4275=SURFACE_STYLE_USAGE(.BOTH.,#4516);
#4276=SURFACE_STYLE_USAGE(.BOTH.,#4517);
#4277=SURFACE_STYLE_USAGE(.BOTH.,#4518);
#4278=SURFACE_STYLE_USAGE(.BOTH.,#4519);
#4279=SURFACE_STYLE_USAGE(.BOTH.,#4520);
#4280=SURFACE_STYLE_USAGE(.BOTH.,#4521);
#4281=SURFACE_STYLE_USAGE(.BOTH.,#4522);
#4282=SURFACE_STYLE_USAGE(.BOTH.,#4523);
#4283=SURFACE_STYLE_USAGE(.BOTH.,#4524);
#4284=SURFACE_STYLE_USAGE(.BOTH.,#4525);
#4285=SURFACE_STYLE_USAGE(.BOTH.,#4526);
#4286=SURFACE_STYLE_USAGE(.BOTH.,#4527);
#4287=SURFACE_STYLE_USAGE(.BOTH.,#4528);
#4288=SURFACE_STYLE_USAGE(.BOTH.,#4529);
#4289=SURFACE_STYLE_USAGE(.BOTH.,#4530);
#4290=SURFACE_STYLE_USAGE(.BOTH.,#4531);
#4291=SURFACE_STYLE_USAGE(.BOTH.,#4532);
#4292=SURFACE_STYLE_USAGE(.BOTH.,#4533);
#4293=SURFACE_STYLE_USAGE(.BOTH.,#4534);
#4294=SURFACE_STYLE_USAGE(.BOTH.,#4535);
#4295=SURFACE_STYLE_USAGE(.BOTH.,#4536);
#4296=SURFACE_STYLE_USAGE(.BOTH.,#4537);
#4297=SURFACE_STYLE_USAGE(.BOTH.,#4538);
#4298=SURFACE_STYLE_USAGE(.BOTH.,#4539);
#4299=SURFACE_STYLE_USAGE(.BOTH.,#4540);
#4300=SURFACE_STYLE_USAGE(.BOTH.,#4541);
#4301=SURFACE_STYLE_USAGE(.BOTH.,#4542);
#4302=SURFACE_STYLE_USAGE(.BOTH.,#4543);
#4303=SURFACE_STYLE_USAGE(.BOTH.,#4544);
#4304=SURFACE_STYLE_USAGE(.BOTH.,#4545);
#4305=SURFACE_STYLE_USAGE(.BOTH.,#4546);
#4306=SURFACE_STYLE_USAGE(.BOTH.,#4547);
#4307=SURFACE_STYLE_USAGE(.BOTH.,#4548);
#4308=SURFACE_STYLE_USAGE(.BOTH.,#4549);
#4309=SURFACE_STYLE_USAGE(.BOTH.,#4550);
#4310=SURFACE_STYLE_USAGE(.BOTH.,#4551);
#4311=SURFACE_STYLE_USAGE(.BOTH.,#4552);
#4312=SURFACE_STYLE_USAGE(.BOTH.,#4553);
#4313=SURFACE_STYLE_USAGE(.BOTH.,#4554);
#4314=SURFACE_STYLE_USAGE(.BOTH.,#4555);
#4315=SURFACE_STYLE_USAGE(.BOTH.,#4556);
#4316=SURFACE_STYLE_USAGE(.BOTH.,#4557);
#4317=SURFACE_STYLE_USAGE(.BOTH.,#4558);
#4318=SURFACE_STYLE_USAGE(.BOTH.,#4559);
#4319=SURFACE_STYLE_USAGE(.BOTH.,#4560);
#4320=SURFACE_STYLE_USAGE(.BOTH.,#4561);
#4321=SURFACE_STYLE_USAGE(.BOTH.,#4562);
#4322=SURFACE_STYLE_USAGE(.BOTH.,#4563);
#4323=SURFACE_STYLE_USAGE(.BOTH.,#4564);
#4324=SURFACE_STYLE_USAGE(.BOTH.,#4565);
#4325=SURFACE_STYLE_USAGE(.BOTH.,#4566);
#4326=SURFACE_STYLE_USAGE(.BOTH.,#4567);
#4327=SURFACE_STYLE_USAGE(.BOTH.,#4568);
#4328=SURFACE_STYLE_USAGE(.BOTH.,#4569);
#4329=SURFACE_STYLE_USAGE(.BOTH.,#4570);
#4330=SURFACE_STYLE_USAGE(.BOTH.,#4571);
#4331=SURFACE_STYLE_USAGE(.BOTH.,#4572);
#4332=SURFACE_STYLE_USAGE(.BOTH.,#4573);
#4333=SURFACE_STYLE_USAGE(.BOTH.,#4574);
#4334=SURFACE_STYLE_USAGE(.BOTH.,#4575);
#4335=SURFACE_STYLE_USAGE(.BOTH.,#4576);
#4336=SURFACE_STYLE_USAGE(.BOTH.,#4577);
#4337=SURFACE_STYLE_USAGE(.BOTH.,#4578);
#4338=SURFACE_STYLE_USAGE(.BOTH.,#4579);
#4339=SURFACE_STYLE_USAGE(.BOTH.,#4580);
#4340=SURFACE_STYLE_USAGE(.BOTH.,#4581);
#4341=SURFACE_STYLE_USAGE(.BOTH.,#4582);
#4342=SURFACE_STYLE_USAGE(.BOTH.,#4583);
#4343=SURFACE_STYLE_USAGE(.BOTH.,#4584);
#4344=SURFACE_STYLE_USAGE(.BOTH.,#4585);
#4345=SURFACE_STYLE_USAGE(.BOTH.,#4586);
#4346=SURFACE_STYLE_USAGE(.BOTH.,#4587);
#4347=SURFACE_STYLE_USAGE(.BOTH.,#4588);
#4348=SURFACE_STYLE_USAGE(.BOTH.,#4589);
#4349=SURFACE_STYLE_USAGE(.BOTH.,#4590);
#4350=SURFACE_STYLE_USAGE(.BOTH.,#4591);
#4351=SURFACE_STYLE_USAGE(.BOTH.,#4592);
#4352=SURFACE_STYLE_USAGE(.BOTH.,#4593);
#4353=SURFACE_STYLE_USAGE(.BOTH.,#4594);
#4354=SURFACE_STYLE_USAGE(.BOTH.,#4595);
#4355=SURFACE_STYLE_USAGE(.BOTH.,#4596);
#4356=SURFACE_STYLE_USAGE(.BOTH.,#4597);
#4357=SURFACE_STYLE_USAGE(.BOTH.,#4598);
#4358=SURFACE_STYLE_USAGE(.BOTH.,#4599);
#4359=SURFACE_STYLE_USAGE(.BOTH.,#4600);
#4360=SURFACE_STYLE_USAGE(.BOTH.,#4601);
#4361=SURFACE_STYLE_USAGE(.BOTH.,#4602);
#4362=SURFACE_STYLE_USAGE(.BOTH.,#4603);
#4363=SURFACE_STYLE_USAGE(.BOTH.,#4604);
#4364=SURFACE_STYLE_USAGE(.BOTH.,#4605);
#4365=SURFACE_STYLE_USAGE(.BOTH.,#4606);
#4366=SURFACE_STYLE_USAGE(.BOTH.,#4607);
#4367=SURFACE_STYLE_USAGE(.BOTH.,#4608);
#4368=SURFACE_STYLE_USAGE(.BOTH.,#4609);
#4369=SURFACE_STYLE_USAGE(.BOTH.,#4610);
#4370=SURFACE_STYLE_USAGE(.BOTH.,#4611);
#4371=SURFACE_STYLE_USAGE(.BOTH.,#4612);
#4372=SURFACE_STYLE_USAGE(.BOTH.,#4613);
#4373=SURFACE_STYLE_USAGE(.BOTH.,#4614);
#4374=SURFACE_STYLE_USAGE(.BOTH.,#4615);
#4375=SURFACE_STYLE_USAGE(.BOTH.,#4616);
#4376=SURFACE_STYLE_USAGE(.BOTH.,#4617);
#4377=SURFACE_STYLE_USAGE(.BOTH.,#4618);
#4378=SURFACE_STYLE_USAGE(.BOTH.,#4619);
#4379=SURFACE_STYLE_USAGE(.BOTH.,#4620);
#4380=SURFACE_SIDE_STYLE('',(#4621));
#4381=SURFACE_SIDE_STYLE('',(#4622));
#4382=SURFACE_SIDE_STYLE('',(#4623));
#4383=SURFACE_SIDE_STYLE('',(#4624));
#4384=SURFACE_SIDE_STYLE('',(#4625));
#4385=SURFACE_SIDE_STYLE('',(#4626));
#4386=SURFACE_SIDE_STYLE('',(#4627));
#4387=SURFACE_SIDE_STYLE('',(#4628));
#4388=SURFACE_SIDE_STYLE('',(#4629));
#4389=SURFACE_SIDE_STYLE('',(#4630));
#4390=SURFACE_SIDE_STYLE('',(#4631));
#4391=SURFACE_SIDE_STYLE('',(#4632));
#4392=SURFACE_SIDE_STYLE('',(#4633));
#4393=SURFACE_SIDE_STYLE('',(#4634));
#4394=SURFACE_SIDE_STYLE('',(#4635));
#4395=SURFACE_SIDE_STYLE('',(#4636));
#4396=SURFACE_SIDE_STYLE('',(#4637));
#4397=SURFACE_SIDE_STYLE('',(#4638));
#4398=SURFACE_SIDE_STYLE('',(#4639));
#4399=SURFACE_SIDE_STYLE('',(#4640));
#4400=SURFACE_SIDE_STYLE('',(#4641));
#4401=SURFACE_SIDE_STYLE('',(#4642));
#4402=SURFACE_SIDE_STYLE('',(#4643));
#4403=SURFACE_SIDE_STYLE('',(#4644));
#4404=SURFACE_SIDE_STYLE('',(#4645));
#4405=SURFACE_SIDE_STYLE('',(#4646));
#4406=SURFACE_SIDE_STYLE('',(#4647));
#4407=SURFACE_SIDE_STYLE('',(#4648));
#4408=SURFACE_SIDE_STYLE('',(#4649));
#4409=SURFACE_SIDE_STYLE('',(#4650));
#4410=SURFACE_SIDE_STYLE('',(#4651));
#4411=SURFACE_SIDE_STYLE('',(#4652));
#4412=SURFACE_SIDE_STYLE('',(#4653));
#4413=SURFACE_SIDE_STYLE('',(#4654));
#4414=SURFACE_SIDE_STYLE('',(#4655));
#4415=SURFACE_SIDE_STYLE('',(#4656));
#4416=SURFACE_SIDE_STYLE('',(#4657));
#4417=SURFACE_SIDE_STYLE('',(#4658));
#4418=SURFACE_SIDE_STYLE('',(#4659));
#4419=SURFACE_SIDE_STYLE('',(#4660));
#4420=SURFACE_SIDE_STYLE('',(#4661));
#4421=SURFACE_SIDE_STYLE('',(#4662));
#4422=SURFACE_SIDE_STYLE('',(#4663));
#4423=SURFACE_SIDE_STYLE('',(#4664));
#4424=SURFACE_SIDE_STYLE('',(#4665));
#4425=SURFACE_SIDE_STYLE('',(#4666));
#4426=SURFACE_SIDE_STYLE('',(#4667));
#4427=SURFACE_SIDE_STYLE('',(#4668));
#4428=SURFACE_SIDE_STYLE('',(#4669));
#4429=SURFACE_SIDE_STYLE('',(#4670));
#4430=SURFACE_SIDE_STYLE('',(#4671));
#4431=SURFACE_SIDE_STYLE('',(#4672));
#4432=SURFACE_SIDE_STYLE('',(#4673));
#4433=SURFACE_SIDE_STYLE('',(#4674));
#4434=SURFACE_SIDE_STYLE('',(#4675));
#4435=SURFACE_SIDE_STYLE('',(#4676));
#4436=SURFACE_SIDE_STYLE('',(#4677));
#4437=SURFACE_SIDE_STYLE('',(#4678));
#4438=SURFACE_SIDE_STYLE('',(#4679));
#4439=SURFACE_SIDE_STYLE('',(#4680));
#4440=SURFACE_SIDE_STYLE('',(#4681));
#4441=SURFACE_SIDE_STYLE('',(#4682));
#4442=SURFACE_SIDE_STYLE('',(#4683));
#4443=SURFACE_SIDE_STYLE('',(#4684));
#4444=SURFACE_SIDE_STYLE('',(#4685));
#4445=SURFACE_SIDE_STYLE('',(#4686));
#4446=SURFACE_SIDE_STYLE('',(#4687));
#4447=SURFACE_SIDE_STYLE('',(#4688));
#4448=SURFACE_SIDE_STYLE('',(#4689));
#4449=SURFACE_SIDE_STYLE('',(#4690));
#4450=SURFACE_SIDE_STYLE('',(#4691));
#4451=SURFACE_SIDE_STYLE('',(#4692));
#4452=SURFACE_SIDE_STYLE('',(#4693));
#4453=SURFACE_SIDE_STYLE('',(#4694));
#4454=SURFACE_SIDE_STYLE('',(#4695));
#4455=SURFACE_SIDE_STYLE('',(#4696));
#4456=SURFACE_SIDE_STYLE('',(#4697));
#4457=SURFACE_SIDE_STYLE('',(#4698));
#4458=SURFACE_SIDE_STYLE('',(#4699));
#4459=SURFACE_SIDE_STYLE('',(#4700));
#4460=SURFACE_SIDE_STYLE('',(#4701));
#4461=SURFACE_SIDE_STYLE('',(#4702));
#4462=SURFACE_SIDE_STYLE('',(#4703));
#4463=SURFACE_SIDE_STYLE('',(#4704));
#4464=SURFACE_SIDE_STYLE('',(#4705));
#4465=SURFACE_SIDE_STYLE('',(#4706));
#4466=SURFACE_SIDE_STYLE('',(#4707));
#4467=SURFACE_SIDE_STYLE('',(#4708));
#4468=SURFACE_SIDE_STYLE('',(#4709));
#4469=SURFACE_SIDE_STYLE('',(#4710));
#4470=SURFACE_SIDE_STYLE('',(#4711));
#4471=SURFACE_SIDE_STYLE('',(#4712));
#4472=SURFACE_SIDE_STYLE('',(#4713));
#4473=SURFACE_SIDE_STYLE('',(#4714));
#4474=SURFACE_SIDE_STYLE('',(#4715));
#4475=SURFACE_SIDE_STYLE('',(#4716));
#4476=SURFACE_SIDE_STYLE('',(#4717));
#4477=SURFACE_SIDE_STYLE('',(#4718));
#4478=SURFACE_SIDE_STYLE('',(#4719));
#4479=SURFACE_SIDE_STYLE('',(#4720));
#4480=SURFACE_SIDE_STYLE('',(#4721));
#4481=SURFACE_SIDE_STYLE('',(#4722));
#4482=SURFACE_SIDE_STYLE('',(#4723));
#4483=SURFACE_SIDE_STYLE('',(#4724));
#4484=SURFACE_SIDE_STYLE('',(#4725));
#4485=SURFACE_SIDE_STYLE('',(#4726));
#4486=SURFACE_SIDE_STYLE('',(#4727));
#4487=SURFACE_SIDE_STYLE('',(#4728));
#4488=SURFACE_SIDE_STYLE('',(#4729));
#4489=SURFACE_SIDE_STYLE('',(#4730));
#4490=SURFACE_SIDE_STYLE('',(#4731));
#4491=SURFACE_SIDE_STYLE('',(#4732));
#4492=SURFACE_SIDE_STYLE('',(#4733));
#4493=SURFACE_SIDE_STYLE('',(#4734));
#4494=SURFACE_SIDE_STYLE('',(#4735));
#4495=SURFACE_SIDE_STYLE('',(#4736));
#4496=SURFACE_SIDE_STYLE('',(#4737));
#4497=SURFACE_SIDE_STYLE('',(#4738));
#4498=SURFACE_SIDE_STYLE('',(#4739));
#4499=SURFACE_SIDE_STYLE('',(#4740));
#4500=SURFACE_SIDE_STYLE('',(#4741));
#4501=SURFACE_SIDE_STYLE('',(#4742));
#4502=SURFACE_SIDE_STYLE('',(#4743));
#4503=SURFACE_SIDE_STYLE('',(#4744));
#4504=SURFACE_SIDE_STYLE('',(#4745));
#4505=SURFACE_SIDE_STYLE('',(#4746));
#4506=SURFACE_SIDE_STYLE('',(#4747));
#4507=SURFACE_SIDE_STYLE('',(#4748));
#4508=SURFACE_SIDE_STYLE('',(#4749));
#4509=SURFACE_SIDE_STYLE('',(#4750));
#4510=SURFACE_SIDE_STYLE('',(#4751));
#4511=SURFACE_SIDE_STYLE('',(#4752));
#4512=SURFACE_SIDE_STYLE('',(#4753));
#4513=SURFACE_SIDE_STYLE('',(#4754));
#4514=SURFACE_SIDE_STYLE('',(#4755));
#4515=SURFACE_SIDE_STYLE('',(#4756));
#4516=SURFACE_SIDE_STYLE('',(#4757));
#4517=SURFACE_SIDE_STYLE('',(#4758));
#4518=SURFACE_SIDE_STYLE('',(#4759));
#4519=SURFACE_SIDE_STYLE('',(#4760));
#4520=SURFACE_SIDE_STYLE('',(#4761));
#4521=SURFACE_SIDE_STYLE('',(#4762));
#4522=SURFACE_SIDE_STYLE('',(#4763));
#4523=SURFACE_SIDE_STYLE('',(#4764));
#4524=SURFACE_SIDE_STYLE('',(#4765));
#4525=SURFACE_SIDE_STYLE('',(#4766));
#4526=SURFACE_SIDE_STYLE('',(#4767));
#4527=SURFACE_SIDE_STYLE('',(#4768));
#4528=SURFACE_SIDE_STYLE('',(#4769));
#4529=SURFACE_SIDE_STYLE('',(#4770));
#4530=SURFACE_SIDE_STYLE('',(#4771));
#4531=SURFACE_SIDE_STYLE('',(#4772));
#4532=SURFACE_SIDE_STYLE('',(#4773));
#4533=SURFACE_SIDE_STYLE('',(#4774));
#4534=SURFACE_SIDE_STYLE('',(#4775));
#4535=SURFACE_SIDE_STYLE('',(#4776));
#4536=SURFACE_SIDE_STYLE('',(#4777));
#4537=SURFACE_SIDE_STYLE('',(#4778));
#4538=SURFACE_SIDE_STYLE('',(#4779));
#4539=SURFACE_SIDE_STYLE('',(#4780));
#4540=SURFACE_SIDE_STYLE('',(#4781));
#4541=SURFACE_SIDE_STYLE('',(#4782));
#4542=SURFACE_SIDE_STYLE('',(#4783));
#4543=SURFACE_SIDE_STYLE('',(#4784));
#4544=SURFACE_SIDE_STYLE('',(#4785));
#4545=SURFACE_SIDE_STYLE('',(#4786));
#4546=SURFACE_SIDE_STYLE('',(#4787));
#4547=SURFACE_SIDE_STYLE('',(#4788));
#4548=SURFACE_SIDE_STYLE('',(#4789));
#4549=SURFACE_SIDE_STYLE('',(#4790));
#4550=SURFACE_SIDE_STYLE('',(#4791));
#4551=SURFACE_SIDE_STYLE('',(#4792));
#4552=SURFACE_SIDE_STYLE('',(#4793));
#4553=SURFACE_SIDE_STYLE('',(#4794));
#4554=SURFACE_SIDE_STYLE('',(#4795));
#4555=SURFACE_SIDE_STYLE('',(#4796));
#4556=SURFACE_SIDE_STYLE('',(#4797));
#4557=SURFACE_SIDE_STYLE('',(#4798));
#4558=SURFACE_SIDE_STYLE('',(#4799));
#4559=SURFACE_SIDE_STYLE('',(#4800));
#4560=SURFACE_SIDE_STYLE('',(#4801));
#4561=SURFACE_SIDE_STYLE('',(#4802));
#4562=SURFACE_SIDE_STYLE('',(#4803));
#4563=SURFACE_SIDE_STYLE('',(#4804));
#4564=SURFACE_SIDE_STYLE('',(#4805));
#4565=SURFACE_SIDE_STYLE('',(#4806));
#4566=SURFACE_SIDE_STYLE('',(#4807));
#4567=SURFACE_SIDE_STYLE('',(#4808));
#4568=SURFACE_SIDE_STYLE('',(#4809));
#4569=SURFACE_SIDE_STYLE('',(#4810));
#4570=SURFACE_SIDE_STYLE('',(#4811));
#4571=SURFACE_SIDE_STYLE('',(#4812));
#4572=SURFACE_SIDE_STYLE('',(#4813));
#4573=SURFACE_SIDE_STYLE('',(#4814));
#4574=SURFACE_SIDE_STYLE('',(#4815));
#4575=SURFACE_SIDE_STYLE('',(#4816));
#4576=SURFACE_SIDE_STYLE('',(#4817));
#4577=SURFACE_SIDE_STYLE('',(#4818));
#4578=SURFACE_SIDE_STYLE('',(#4819));
#4579=SURFACE_SIDE_STYLE('',(#4820));
#4580=SURFACE_SIDE_STYLE('',(#4821));
#4581=SURFACE_SIDE_STYLE('',(#4822));
#4582=SURFACE_SIDE_STYLE('',(#4823));
#4583=SURFACE_SIDE_STYLE('',(#4824));
#4584=SURFACE_SIDE_STYLE('',(#4825));
#4585=SURFACE_SIDE_STYLE('',(#4826));
#4586=SURFACE_SIDE_STYLE('',(#4827));
#4587=SURFACE_SIDE_STYLE('',(#4828));
#4588=SURFACE_SIDE_STYLE('',(#4829));
#4589=SURFACE_SIDE_STYLE('',(#4830));
#4590=SURFACE_SIDE_STYLE('',(#4831));
#4591=SURFACE_SIDE_STYLE('',(#4832));
#4592=SURFACE_SIDE_STYLE('',(#4833));
#4593=SURFACE_SIDE_STYLE('',(#4834));
#4594=SURFACE_SIDE_STYLE('',(#4835));
#4595=SURFACE_SIDE_STYLE('',(#4836));
#4596=SURFACE_SIDE_STYLE('',(#4837));
#4597=SURFACE_SIDE_STYLE('',(#4838));
#4598=SURFACE_SIDE_STYLE('',(#4839));
#4599=SURFACE_SIDE_STYLE('',(#4840));
#4600=SURFACE_SIDE_STYLE('',(#4841));
#4601=SURFACE_SIDE_STYLE('',(#4842));
#4602=SURFACE_SIDE_STYLE('',(#4843));
#4603=SURFACE_SIDE_STYLE('',(#4844));
#4604=SURFACE_SIDE_STYLE('',(#4845));
#4605=SURFACE_SIDE_STYLE('',(#4846));
#4606=SURFACE_SIDE_STYLE('',(#4847));
#4607=SURFACE_SIDE_STYLE('',(#4848));
#4608=SURFACE_SIDE_STYLE('',(#4849));
#4609=SURFACE_SIDE_STYLE('',(#4850));
#4610=SURFACE_SIDE_STYLE('',(#4851));
#4611=SURFACE_SIDE_STYLE('',(#4852));
#4612=SURFACE_SIDE_STYLE('',(#4853));
#4613=SURFACE_SIDE_STYLE('',(#4854));
#4614=SURFACE_SIDE_STYLE('',(#4855));
#4615=SURFACE_SIDE_STYLE('',(#4856));
#4616=SURFACE_SIDE_STYLE('',(#4857));
#4617=SURFACE_SIDE_STYLE('',(#4858));
#4618=SURFACE_SIDE_STYLE('',(#4859));
#4619=SURFACE_SIDE_STYLE('',(#4860));
#4620=SURFACE_SIDE_STYLE('',(#4861));
#4621=SURFACE_STYLE_FILL_AREA(#4862);
#4622=SURFACE_STYLE_FILL_AREA(#4863);
#4623=SURFACE_STYLE_FILL_AREA(#4864);
#4624=SURFACE_STYLE_FILL_AREA(#4865);
#4625=SURFACE_STYLE_FILL_AREA(#4866);
#4626=SURFACE_STYLE_FILL_AREA(#4867);
#4627=SURFACE_STYLE_FILL_AREA(#4868);
#4628=SURFACE_STYLE_FILL_AREA(#4869);
#4629=SURFACE_STYLE_FILL_AREA(#4870);
#4630=SURFACE_STYLE_FILL_AREA(#4871);
#4631=SURFACE_STYLE_FILL_AREA(#4872);
#4632=SURFACE_STYLE_FILL_AREA(#4873);
#4633=SURFACE_STYLE_FILL_AREA(#4874);
#4634=SURFACE_STYLE_FILL_AREA(#4875);
#4635=SURFACE_STYLE_FILL_AREA(#4876);
#4636=SURFACE_STYLE_FILL_AREA(#4877);
#4637=SURFACE_STYLE_FILL_AREA(#4878);
#4638=SURFACE_STYLE_FILL_AREA(#4879);
#4639=SURFACE_STYLE_FILL_AREA(#4880);
#4640=SURFACE_STYLE_FILL_AREA(#4881);
#4641=SURFACE_STYLE_FILL_AREA(#4882);
#4642=SURFACE_STYLE_FILL_AREA(#4883);
#4643=SURFACE_STYLE_FILL_AREA(#4884);
#4644=SURFACE_STYLE_FILL_AREA(#4885);
#4645=SURFACE_STYLE_FILL_AREA(#4886);
#4646=SURFACE_STYLE_FILL_AREA(#4887);
#4647=SURFACE_STYLE_FILL_AREA(#4888);
#4648=SURFACE_STYLE_FILL_AREA(#4889);
#4649=SURFACE_STYLE_FILL_AREA(#4890);
#4650=SURFACE_STYLE_FILL_AREA(#4891);
#4651=SURFACE_STYLE_FILL_AREA(#4892);
#4652=SURFACE_STYLE_FILL_AREA(#4893);
#4653=SURFACE_STYLE_FILL_AREA(#4894);
#4654=SURFACE_STYLE_FILL_AREA(#4895);
#4655=SURFACE_STYLE_FILL_AREA(#4896);
#4656=SURFACE_STYLE_FILL_AREA(#4897);
#4657=SURFACE_STYLE_FILL_AREA(#4898);
#4658=SURFACE_STYLE_FILL_AREA(#4899);
#4659=SURFACE_STYLE_FILL_AREA(#4900);
#4660=SURFACE_STYLE_FILL_AREA(#4901);
#4661=SURFACE_STYLE_FILL_AREA(#4902);
#4662=SURFACE_STYLE_FILL_AREA(#4903);
#4663=SURFACE_STYLE_FILL_AREA(#4904);
#4664=SURFACE_STYLE_FILL_AREA(#4905);
#4665=SURFACE_STYLE_FILL_AREA(#4906);
#4666=SURFACE_STYLE_FILL_AREA(#4907);
#4667=SURFACE_STYLE_FILL_AREA(#4908);
#4668=SURFACE_STYLE_FILL_AREA(#4909);
#4669=SURFACE_STYLE_FILL_AREA(#4910);
#4670=SURFACE_STYLE_FILL_AREA(#4911);
#4671=SURFACE_STYLE_FILL_AREA(#4912);
#4672=SURFACE_STYLE_FILL_AREA(#4913);
#4673=SURFACE_STYLE_FILL_AREA(#4914);
#4674=SURFACE_STYLE_FILL_AREA(#4915);
#4675=SURFACE_STYLE_FILL_AREA(#4916);
#4676=SURFACE_STYLE_FILL_AREA(#4917);
#4677=SURFACE_STYLE_FILL_AREA(#4918);
#4678=SURFACE_STYLE_FILL_AREA(#4919);
#4679=SURFACE_STYLE_FILL_AREA(#4920);
#4680=SURFACE_STYLE_FILL_AREA(#4921);
#4681=SURFACE_STYLE_FILL_AREA(#4922);
#4682=SURFACE_STYLE_FILL_AREA(#4923);
#4683=SURFACE_STYLE_FILL_AREA(#4924);
#4684=SURFACE_STYLE_FILL_AREA(#4925);
#4685=SURFACE_STYLE_FILL_AREA(#4926);
#4686=SURFACE_STYLE_FILL_AREA(#4927);
#4687=SURFACE_STYLE_FILL_AREA(#4928);
#4688=SURFACE_STYLE_FILL_AREA(#4929);
#4689=SURFACE_STYLE_FILL_AREA(#4930);
#4690=SURFACE_STYLE_FILL_AREA(#4931);
#4691=SURFACE_STYLE_FILL_AREA(#4932);
#4692=SURFACE_STYLE_FILL_AREA(#4933);
#4693=SURFACE_STYLE_FILL_AREA(#4934);
#4694=SURFACE_STYLE_FILL_AREA(#4935);
#4695=SURFACE_STYLE_FILL_AREA(#4936);
#4696=SURFACE_STYLE_FILL_AREA(#4937);
#4697=SURFACE_STYLE_FILL_AREA(#4938);
#4698=SURFACE_STYLE_FILL_AREA(#4939);
#4699=SURFACE_STYLE_FILL_AREA(#4940);
#4700=SURFACE_STYLE_FILL_AREA(#4941);
#4701=SURFACE_STYLE_FILL_AREA(#4942);
#4702=SURFACE_STYLE_FILL_AREA(#4943);
#4703=SURFACE_STYLE_FILL_AREA(#4944);
#4704=SURFACE_STYLE_FILL_AREA(#4945);
#4705=SURFACE_STYLE_FILL_AREA(#4946);
#4706=SURFACE_STYLE_FILL_AREA(#4947);
#4707=SURFACE_STYLE_FILL_AREA(#4948);
#4708=SURFACE_STYLE_FILL_AREA(#4949);
#4709=SURFACE_STYLE_FILL_AREA(#4950);
#4710=SURFACE_STYLE_FILL_AREA(#4951);
#4711=SURFACE_STYLE_FILL_AREA(#4952);
#4712=SURFACE_STYLE_FILL_AREA(#4953);
#4713=SURFACE_STYLE_FILL_AREA(#4954);
#4714=SURFACE_STYLE_FILL_AREA(#4955);
#4715=SURFACE_STYLE_FILL_AREA(#4956);
#4716=SURFACE_STYLE_FILL_AREA(#4957);
#4717=SURFACE_STYLE_FILL_AREA(#4958);
#4718=SURFACE_STYLE_FILL_AREA(#4959);
#4719=SURFACE_STYLE_FILL_AREA(#4960);
#4720=SURFACE_STYLE_FILL_AREA(#4961);
#4721=SURFACE_STYLE_FILL_AREA(#4962);
#4722=SURFACE_STYLE_FILL_AREA(#4963);
#4723=SURFACE_STYLE_FILL_AREA(#4964);
#4724=SURFACE_STYLE_FILL_AREA(#4965);
#4725=SURFACE_STYLE_FILL_AREA(#4966);
#4726=SURFACE_STYLE_FILL_AREA(#4967);
#4727=SURFACE_STYLE_FILL_AREA(#4968);
#4728=SURFACE_STYLE_FILL_AREA(#4969);
#4729=SURFACE_STYLE_FILL_AREA(#4970);
#4730=SURFACE_STYLE_FILL_AREA(#4971);
#4731=SURFACE_STYLE_FILL_AREA(#4972);
#4732=SURFACE_STYLE_FILL_AREA(#4973);
#4733=SURFACE_STYLE_FILL_AREA(#4974);
#4734=SURFACE_STYLE_FILL_AREA(#4975);
#4735=SURFACE_STYLE_FILL_AREA(#4976);
#4736=SURFACE_STYLE_FILL_AREA(#4977);
#4737=SURFACE_STYLE_FILL_AREA(#4978);
#4738=SURFACE_STYLE_FILL_AREA(#4979);
#4739=SURFACE_STYLE_FILL_AREA(#4980);
#4740=SURFACE_STYLE_FILL_AREA(#4981);
#4741=SURFACE_STYLE_FILL_AREA(#4982);
#4742=SURFACE_STYLE_FILL_AREA(#4983);
#4743=SURFACE_STYLE_FILL_AREA(#4984);
#4744=SURFACE_STYLE_FILL_AREA(#4985);
#4745=SURFACE_STYLE_FILL_AREA(#4986);
#4746=SURFACE_STYLE_FILL_AREA(#4987);
#4747=SURFACE_STYLE_FILL_AREA(#4988);
#4748=SURFACE_STYLE_FILL_AREA(#4989);
#4749=SURFACE_STYLE_FILL_AREA(#4990);
#4750=SURFACE_STYLE_FILL_AREA(#4991);
#4751=SURFACE_STYLE_FILL_AREA(#4992);
#4752=SURFACE_STYLE_FILL_AREA(#4993);
#4753=SURFACE_STYLE_FILL_AREA(#4994);
#4754=SURFACE_STYLE_FILL_AREA(#4995);
#4755=SURFACE_STYLE_FILL_AREA(#4996);
#4756=SURFACE_STYLE_FILL_AREA(#4997);
#4757=SURFACE_STYLE_FILL_AREA(#4998);
#4758=SURFACE_STYLE_FILL_AREA(#4999);
#4759=SURFACE_STYLE_FILL_AREA(#5000);
#4760=SURFACE_STYLE_FILL_AREA(#5001);
#4761=SURFACE_STYLE_FILL_AREA(#5002);
#4762=SURFACE_STYLE_FILL_AREA(#5003);
#4763=SURFACE_STYLE_FILL_AREA(#5004);
#4764=SURFACE_STYLE_FILL_AREA(#5005);
#4765=SURFACE_STYLE_FILL_AREA(#5006);
#4766=SURFACE_STYLE_FILL_AREA(#5007);
#4767=SURFACE_STYLE_FILL_AREA(#5008);
#4768=SURFACE_STYLE_FILL_AREA(#5009);
#4769=SURFACE_STYLE_FILL_AREA(#5010);
#4770=SURFACE_STYLE_FILL_AREA(#5011);
#4771=SURFACE_STYLE_FILL_AREA(#5012);
#4772=SURFACE_STYLE_FILL_AREA(#5013);
#4773=SURFACE_STYLE_FILL_AREA(#5014);
#4774=SURFACE_STYLE_FILL_AREA(#5015);
#4775=SURFACE_STYLE_FILL_AREA(#5016);
#4776=SURFACE_STYLE_FILL_AREA(#5017);
#4777=SURFACE_STYLE_FILL_AREA(#5018);
#4778=SURFACE_STYLE_FILL_AREA(#5019);
#4779=SURFACE_STYLE_FILL_AREA(#5020);
#4780=SURFACE_STYLE_FILL_AREA(#5021);
#4781=SURFACE_STYLE_FILL_AREA(#5022);
#4782=SURFACE_STYLE_FILL_AREA(#5023);
#4783=SURFACE_STYLE_FILL_AREA(#5024);
#4784=SURFACE_STYLE_FILL_AREA(#5025);
#4785=SURFACE_STYLE_FILL_AREA(#5026);
#4786=SURFACE_STYLE_FILL_AREA(#5027);
#4787=SURFACE_STYLE_FILL_AREA(#5028);
#4788=SURFACE_STYLE_FILL_AREA(#5029);
#4789=SURFACE_STYLE_FILL_AREA(#5030);
#4790=SURFACE_STYLE_FILL_AREA(#5031);
#4791=SURFACE_STYLE_FILL_AREA(#5032);
#4792=SURFACE_STYLE_FILL_AREA(#5033);
#4793=SURFACE_STYLE_FILL_AREA(#5034);
#4794=SURFACE_STYLE_FILL_AREA(#5035);
#4795=SURFACE_STYLE_FILL_AREA(#5036);
#4796=SURFACE_STYLE_FILL_AREA(#5037);
#4797=SURFACE_STYLE_FILL_AREA(#5038);
#4798=SURFACE_STYLE_FILL_AREA(#5039);
#4799=SURFACE_STYLE_FILL_AREA(#5040);
#4800=SURFACE_STYLE_FILL_AREA(#5041);
#4801=SURFACE_STYLE_FILL_AREA(#5042);
#4802=SURFACE_STYLE_FILL_AREA(#5043);
#4803=SURFACE_STYLE_FILL_AREA(#5044);
#4804=SURFACE_STYLE_FILL_AREA(#5045);
#4805=SURFACE_STYLE_FILL_AREA(#5046);
#4806=SURFACE_STYLE_FILL_AREA(#5047);
#4807=SURFACE_STYLE_FILL_AREA(#5048);
#4808=SURFACE_STYLE_FILL_AREA(#5049);
#4809=SURFACE_STYLE_FILL_AREA(#5050);
#4810=SURFACE_STYLE_FILL_AREA(#5051);
#4811=SURFACE_STYLE_FILL_AREA(#5052);
#4812=SURFACE_STYLE_FILL_AREA(#5053);
#4813=SURFACE_STYLE_FILL_AREA(#5054);
#4814=SURFACE_STYLE_FILL_AREA(#5055);
#4815=SURFACE_STYLE_FILL_AREA(#5056);
#4816=SURFACE_STYLE_FILL_AREA(#5057);
#4817=SURFACE_STYLE_FILL_AREA(#5058);
#4818=SURFACE_STYLE_FILL_AREA(#5059);
#4819=SURFACE_STYLE_FILL_AREA(#5060);
#4820=SURFACE_STYLE_FILL_AREA(#5061);
#4821=SURFACE_STYLE_FILL_AREA(#5062);
#4822=SURFACE_STYLE_FILL_AREA(#5063);
#4823=SURFACE_STYLE_FILL_AREA(#5064);
#4824=SURFACE_STYLE_FILL_AREA(#5065);
#4825=SURFACE_STYLE_FILL_AREA(#5066);
#4826=SURFACE_STYLE_FILL_AREA(#5067);
#4827=SURFACE_STYLE_FILL_AREA(#5068);
#4828=SURFACE_STYLE_FILL_AREA(#5069);
#4829=SURFACE_STYLE_FILL_AREA(#5070);
#4830=SURFACE_STYLE_FILL_AREA(#5071);
#4831=SURFACE_STYLE_FILL_AREA(#5072);
#4832=SURFACE_STYLE_FILL_AREA(#5073);
#4833=SURFACE_STYLE_FILL_AREA(#5074);
#4834=SURFACE_STYLE_FILL_AREA(#5075);
#4835=SURFACE_STYLE_FILL_AREA(#5076);
#4836=SURFACE_STYLE_FILL_AREA(#5077);
#4837=SURFACE_STYLE_FILL_AREA(#5078);
#4838=SURFACE_STYLE_FILL_AREA(#5079);
#4839=SURFACE_STYLE_FILL_AREA(#5080);
#4840=SURFACE_STYLE_FILL_AREA(#5081);
#4841=SURFACE_STYLE_FILL_AREA(#5082);
#4842=SURFACE_STYLE_FILL_AREA(#5083);
#4843=SURFACE_STYLE_FILL_AREA(#5084);
#4844=SURFACE_STYLE_FILL_AREA(#5085);
#4845=SURFACE_STYLE_FILL_AREA(#5086);
#4846=SURFACE_STYLE_FILL_AREA(#5087);
#4847=SURFACE_STYLE_FILL_AREA(#5088);
#4848=SURFACE_STYLE_FILL_AREA(#5089);
#4849=SURFACE_STYLE_FILL_AREA(#5090);
#4850=SURFACE_STYLE_FILL_AREA(#5091);
#4851=SURFACE_STYLE_FILL_AREA(#5092);
#4852=SURFACE_STYLE_FILL_AREA(#5093);
#4853=SURFACE_STYLE_FILL_AREA(#5094);
#4854=SURFACE_STYLE_FILL_AREA(#5095);
#4855=SURFACE_STYLE_FILL_AREA(#5096);
#4856=SURFACE_STYLE_FILL_AREA(#5097);
#4857=SURFACE_STYLE_FILL_AREA(#5098);
#4858=SURFACE_STYLE_FILL_AREA(#5099);
#4859=SURFACE_STYLE_FILL_AREA(#5100);
#4860=SURFACE_STYLE_FILL_AREA(#5101);
#4861=SURFACE_STYLE_FILL_AREA(#5102);
#4862=FILL_AREA_STYLE('',(#5103));
#4863=FILL_AREA_STYLE('',(#5104));
#4864=FILL_AREA_STYLE('',(#5105));
#4865=FILL_AREA_STYLE('',(#5106));
#4866=FILL_AREA_STYLE('',(#5107));
#4867=FILL_AREA_STYLE('',(#5108));
#4868=FILL_AREA_STYLE('',(#5109));
#4869=FILL_AREA_STYLE('',(#5110));
#4870=FILL_AREA_STYLE('',(#5111));
#4871=FILL_AREA_STYLE('',(#5112));
#4872=FILL_AREA_STYLE('',(#5113));
#4873=FILL_AREA_STYLE('',(#5114));
#4874=FILL_AREA_STYLE('',(#5115));
#4875=FILL_AREA_STYLE('',(#5116));
#4876=FILL_AREA_STYLE('',(#5117));
#4877=FILL_AREA_STYLE('',(#5118));
#4878=FILL_AREA_STYLE('',(#5119));
#4879=FILL_AREA_STYLE('',(#5120));
#4880=FILL_AREA_STYLE('',(#5121));
#4881=FILL_AREA_STYLE('',(#5122));
#4882=FILL_AREA_STYLE('',(#5123));
#4883=FILL_AREA_STYLE('',(#5124));
#4884=FILL_AREA_STYLE('',(#5125));
#4885=FILL_AREA_STYLE('',(#5126));
#4886=FILL_AREA_STYLE('',(#5127));
#4887=FILL_AREA_STYLE('',(#5128));
#4888=FILL_AREA_STYLE('',(#5129));
#4889=FILL_AREA_STYLE('',(#5130));
#4890=FILL_AREA_STYLE('',(#5131));
#4891=FILL_AREA_STYLE('',(#5132));
#4892=FILL_AREA_STYLE('',(#5133));
#4893=FILL_AREA_STYLE('',(#5134));
#4894=FILL_AREA_STYLE('',(#5135));
#4895=FILL_AREA_STYLE('',(#5136));
#4896=FILL_AREA_STYLE('',(#5137));
#4897=FILL_AREA_STYLE('',(#5138));
#4898=FILL_AREA_STYLE('',(#5139));
#4899=FILL_AREA_STYLE('',(#5140));
#4900=FILL_AREA_STYLE('',(#5141));
#4901=FILL_AREA_STYLE('',(#5142));
#4902=FILL_AREA_STYLE('',(#5143));
#4903=FILL_AREA_STYLE('',(#5144));
#4904=FILL_AREA_STYLE('',(#5145));
#4905=FILL_AREA_STYLE('',(#5146));
#4906=FILL_AREA_STYLE('',(#5147));
#4907=FILL_AREA_STYLE('',(#5148));
#4908=FILL_AREA_STYLE('',(#5149));
#4909=FILL_AREA_STYLE('',(#5150));
#4910=FILL_AREA_STYLE('',(#5151));
#4911=FILL_AREA_STYLE('',(#5152));
#4912=FILL_AREA_STYLE('',(#5153));
#4913=FILL_AREA_STYLE('',(#5154));
#4914=FILL_AREA_STYLE('',(#5155));
#4915=FILL_AREA_STYLE('',(#5156));
#4916=FILL_AREA_STYLE('',(#5157));
#4917=FILL_AREA_STYLE('',(#5158));
#4918=FILL_AREA_STYLE('',(#5159));
#4919=FILL_AREA_STYLE('',(#5160));
#4920=FILL_AREA_STYLE('',(#5161));
#4921=FILL_AREA_STYLE('',(#5162));
#4922=FILL_AREA_STYLE('',(#5163));
#4923=FILL_AREA_STYLE('',(#5164));
#4924=FILL_AREA_STYLE('',(#5165));
#4925=FILL_AREA_STYLE('',(#5166));
#4926=FILL_AREA_STYLE('',(#5167));
#4927=FILL_AREA_STYLE('',(#5168));
#4928=FILL_AREA_STYLE('',(#5169));
#4929=FILL_AREA_STYLE('',(#5170));
#4930=FILL_AREA_STYLE('',(#5171));
#4931=FILL_AREA_STYLE('',(#5172));
#4932=FILL_AREA_STYLE('',(#5173));
#4933=FILL_AREA_STYLE('',(#5174));
#4934=FILL_AREA_STYLE('',(#5175));
#4935=FILL_AREA_STYLE('',(#5176));
#4936=FILL_AREA_STYLE('',(#5177));
#4937=FILL_AREA_STYLE('',(#5178));
#4938=FILL_AREA_STYLE('',(#5179));
#4939=FILL_AREA_STYLE('',(#5180));
#4940=FILL_AREA_STYLE('',(#5181));
#4941=FILL_AREA_STYLE('',(#5182));
#4942=FILL_AREA_STYLE('',(#5183));
#4943=FILL_AREA_STYLE('',(#5184));
#4944=FILL_AREA_STYLE('',(#5185));
#4945=FILL_AREA_STYLE('',(#5186));
#4946=FILL_AREA_STYLE('',(#5187));
#4947=FILL_AREA_STYLE('',(#5188));
#4948=FILL_AREA_STYLE('',(#5189));
#4949=FILL_AREA_STYLE('',(#5190));
#4950=FILL_AREA_STYLE('',(#5191));
#4951=FILL_AREA_STYLE('',(#5192));
#4952=FILL_AREA_STYLE('',(#5193));
#4953=FILL_AREA_STYLE('',(#5194));
#4954=FILL_AREA_STYLE('',(#5195));
#4955=FILL_AREA_STYLE('',(#5196));
#4956=FILL_AREA_STYLE('',(#5197));
#4957=FILL_AREA_STYLE('',(#5198));
#4958=FILL_AREA_STYLE('',(#5199));
#4959=FILL_AREA_STYLE('',(#5200));
#4960=FILL_AREA_STYLE('',(#5201));
#4961=FILL_AREA_STYLE('',(#5202));
#4962=FILL_AREA_STYLE('',(#5203));
#4963=FILL_AREA_STYLE('',(#5204));
#4964=FILL_AREA_STYLE('',(#5205));
#4965=FILL_AREA_STYLE('',(#5206));
#4966=FILL_AREA_STYLE('',(#5207));
#4967=FILL_AREA_STYLE('',(#5208));
#4968=FILL_AREA_STYLE('',(#5209));
#4969=FILL_AREA_STYLE('',(#5210));
#4970=FILL_AREA_STYLE('',(#5211));
#4971=FILL_AREA_STYLE('',(#5212));
#4972=FILL_AREA_STYLE('',(#5213));
#4973=FILL_AREA_STYLE('',(#5214));
#4974=FILL_AREA_STYLE('',(#5215));
#4975=FILL_AREA_STYLE('',(#5216));
#4976=FILL_AREA_STYLE('',(#5217));
#4977=FILL_AREA_STYLE('',(#5218));
#4978=FILL_AREA_STYLE('',(#5219));
#4979=FILL_AREA_STYLE('',(#5220));
#4980=FILL_AREA_STYLE('',(#5221));
#4981=FILL_AREA_STYLE('',(#5222));
#4982=FILL_AREA_STYLE('',(#5223));
#4983=FILL_AREA_STYLE('',(#5224));
#4984=FILL_AREA_STYLE('',(#5225));
#4985=FILL_AREA_STYLE('',(#5226));
#4986=FILL_AREA_STYLE('',(#5227));
#4987=FILL_AREA_STYLE('',(#5228));
#4988=FILL_AREA_STYLE('',(#5229));
#4989=FILL_AREA_STYLE('',(#5230));
#4990=FILL_AREA_STYLE('',(#5231));
#4991=FILL_AREA_STYLE('',(#5232));
#4992=FILL_AREA_STYLE('',(#5233));
#4993=FILL_AREA_STYLE('',(#5234));
#4994=FILL_AREA_STYLE('',(#5235));
#4995=FILL_AREA_STYLE('',(#5236));
#4996=FILL_AREA_STYLE('',(#5237));
#4997=FILL_AREA_STYLE('',(#5238));
#4998=FILL_AREA_STYLE('',(#5239));
#4999=FILL_AREA_STYLE('',(#5240));
#5000=FILL_AREA_STYLE('',(#5241));
#5001=FILL_AREA_STYLE('',(#5242));
#5002=FILL_AREA_STYLE('',(#5243));
#5003=FILL_AREA_STYLE('',(#5244));
#5004=FILL_AREA_STYLE('',(#5245));
#5005=FILL_AREA_STYLE('',(#5246));
#5006=FILL_AREA_STYLE('',(#5247));
#5007=FILL_AREA_STYLE('',(#5248));
#5008=FILL_AREA_STYLE('',(#5249));
#5009=FILL_AREA_STYLE('',(#5250));
#5010=FILL_AREA_STYLE('',(#5251));
#5011=FILL_AREA_STYLE('',(#5252));
#5012=FILL_AREA_STYLE('',(#5253));
#5013=FILL_AREA_STYLE('',(#5254));
#5014=FILL_AREA_STYLE('',(#5255));
#5015=FILL_AREA_STYLE('',(#5256));
#5016=FILL_AREA_STYLE('',(#5257));
#5017=FILL_AREA_STYLE('',(#5258));
#5018=FILL_AREA_STYLE('',(#5259));
#5019=FILL_AREA_STYLE('',(#5260));
#5020=FILL_AREA_STYLE('',(#5261));
#5021=FILL_AREA_STYLE('',(#5262));
#5022=FILL_AREA_STYLE('',(#5263));
#5023=FILL_AREA_STYLE('',(#5264));
#5024=FILL_AREA_STYLE('',(#5265));
#5025=FILL_AREA_STYLE('',(#5266));
#5026=FILL_AREA_STYLE('',(#5267));
#5027=FILL_AREA_STYLE('',(#5268));
#5028=FILL_AREA_STYLE('',(#5269));
#5029=FILL_AREA_STYLE('',(#5270));
#5030=FILL_AREA_STYLE('',(#5271));
#5031=FILL_AREA_STYLE('',(#5272));
#5032=FILL_AREA_STYLE('',(#5273));
#5033=FILL_AREA_STYLE('',(#5274));
#5034=FILL_AREA_STYLE('',(#5275));
#5035=FILL_AREA_STYLE('',(#5276));
#5036=FILL_AREA_STYLE('',(#5277));
#5037=FILL_AREA_STYLE('',(#5278));
#5038=FILL_AREA_STYLE('',(#5279));
#5039=FILL_AREA_STYLE('',(#5280));
#5040=FILL_AREA_STYLE('',(#5281));
#5041=FILL_AREA_STYLE('',(#5282));
#5042=FILL_AREA_STYLE('',(#5283));
#5043=FILL_AREA_STYLE('',(#5284));
#5044=FILL_AREA_STYLE('',(#5285));
#5045=FILL_AREA_STYLE('',(#5286));
#5046=FILL_AREA_STYLE('',(#5287));
#5047=FILL_AREA_STYLE('',(#5288));
#5048=FILL_AREA_STYLE('',(#5289));
#5049=FILL_AREA_STYLE('',(#5290));
#5050=FILL_AREA_STYLE('',(#5291));
#5051=FILL_AREA_STYLE('',(#5292));
#5052=FILL_AREA_STYLE('',(#5293));
#5053=FILL_AREA_STYLE('',(#5294));
#5054=FILL_AREA_STYLE('',(#5295));
#5055=FILL_AREA_STYLE('',(#5296));
#5056=FILL_AREA_STYLE('',(#5297));
#5057=FILL_AREA_STYLE('',(#5298));
#5058=FILL_AREA_STYLE('',(#5299));
#5059=FILL_AREA_STYLE('',(#5300));
#5060=FILL_AREA_STYLE('',(#5301));
#5061=FILL_AREA_STYLE('',(#5302));
#5062=FILL_AREA_STYLE('',(#5303));
#5063=FILL_AREA_STYLE('',(#5304));
#5064=FILL_AREA_STYLE('',(#5305));
#5065=FILL_AREA_STYLE('',(#5306));
#5066=FILL_AREA_STYLE('',(#5307));
#5067=FILL_AREA_STYLE('',(#5308));
#5068=FILL_AREA_STYLE('',(#5309));
#5069=FILL_AREA_STYLE('',(#5310));
#5070=FILL_AREA_STYLE('',(#5311));
#5071=FILL_AREA_STYLE('',(#5312));
#5072=FILL_AREA_STYLE('',(#5313));
#5073=FILL_AREA_STYLE('',(#5314));
#5074=FILL_AREA_STYLE('',(#5315));
#5075=FILL_AREA_STYLE('',(#5316));
#5076=FILL_AREA_STYLE('',(#5317));
#5077=FILL_AREA_STYLE('',(#5318));
#5078=FILL_AREA_STYLE('',(#5319));
#5079=FILL_AREA_STYLE('',(#5320));
#5080=FILL_AREA_STYLE('',(#5321));
#5081=FILL_AREA_STYLE('',(#5322));
#5082=FILL_AREA_STYLE('',(#5323));
#5083=FILL_AREA_STYLE('',(#5324));
#5084=FILL_AREA_STYLE('',(#5325));
#5085=FILL_AREA_STYLE('',(#5326));
#5086=FILL_AREA_STYLE('',(#5327));
#5087=FILL_AREA_STYLE('',(#5328));
#5088=FILL_AREA_STYLE('',(#5329));
#5089=FILL_AREA_STYLE('',(#5330));
#5090=FILL_AREA_STYLE('',(#5331));
#5091=FILL_AREA_STYLE('',(#5332));
#5092=FILL_AREA_STYLE('',(#5333));
#5093=FILL_AREA_STYLE('',(#5334));
#5094=FILL_AREA_STYLE('',(#5335));
#5095=FILL_AREA_STYLE('',(#5336));
#5096=FILL_AREA_STYLE('',(#5337));
#5097=FILL_AREA_STYLE('',(#5338));
#5098=FILL_AREA_STYLE('',(#5339));
#5099=FILL_AREA_STYLE('',(#5340));
#5100=FILL_AREA_STYLE('',(#5341));
#5101=FILL_AREA_STYLE('',(#5342));
#5102=FILL_AREA_STYLE('',(#5343));
#5103=FILL_AREA_STYLE_COLOUR('',#5344);
#5104=FILL_AREA_STYLE_COLOUR('',#5344);
#5105=FILL_AREA_STYLE_COLOUR('',#5344);
#5106=FILL_AREA_STYLE_COLOUR('',#5344);
#5107=FILL_AREA_STYLE_COLOUR('',#5344);
#5108=FILL_AREA_STYLE_COLOUR('',#5344);
#5109=FILL_AREA_STYLE_COLOUR('',#5344);
#5110=FILL_AREA_STYLE_COLOUR('',#5344);
#5111=FILL_AREA_STYLE_COLOUR('',#5344);
#5112=FILL_AREA_STYLE_COLOUR('',#5344);
#5113=FILL_AREA_STYLE_COLOUR('',#5344);
#5114=FILL_AREA_STYLE_COLOUR('',#5344);
#5115=FILL_AREA_STYLE_COLOUR('',#5345);
#5116=FILL_AREA_STYLE_COLOUR('',#5345);
#5117=FILL_AREA_STYLE_COLOUR('',#5345);
#5118=FILL_AREA_STYLE_COLOUR('',#5345);
#5119=FILL_AREA_STYLE_COLOUR('',#5345);
#5120=FILL_AREA_STYLE_COLOUR('',#5345);
#5121=FILL_AREA_STYLE_COLOUR('',#5345);
#5122=FILL_AREA_STYLE_COLOUR('',#5345);
#5123=FILL_AREA_STYLE_COLOUR('',#5345);
#5124=FILL_AREA_STYLE_COLOUR('',#5344);
#5125=FILL_AREA_STYLE_COLOUR('',#5344);
#5126=FILL_AREA_STYLE_COLOUR('',#5344);
#5127=FILL_AREA_STYLE_COLOUR('',#5344);
#5128=FILL_AREA_STYLE_COLOUR('',#5345);
#5129=FILL_AREA_STYLE_COLOUR('',#5345);
#5130=FILL_AREA_STYLE_COLOUR('',#5345);
#5131=FILL_AREA_STYLE_COLOUR('',#5345);
#5132=FILL_AREA_STYLE_COLOUR('',#5345);
#5133=FILL_AREA_STYLE_COLOUR('',#5345);
#5134=FILL_AREA_STYLE_COLOUR('',#5345);
#5135=FILL_AREA_STYLE_COLOUR('',#5345);
#5136=FILL_AREA_STYLE_COLOUR('',#5345);
#5137=FILL_AREA_STYLE_COLOUR('',#5345);
#5138=FILL_AREA_STYLE_COLOUR('',#5345);
#5139=FILL_AREA_STYLE_COLOUR('',#5345);
#5140=FILL_AREA_STYLE_COLOUR('',#5345);
#5141=FILL_AREA_STYLE_COLOUR('',#5344);
#5142=FILL_AREA_STYLE_COLOUR('',#5344);
#5143=FILL_AREA_STYLE_COLOUR('',#5344);
#5144=FILL_AREA_STYLE_COLOUR('',#5344);
#5145=FILL_AREA_STYLE_COLOUR('',#5344);
#5146=FILL_AREA_STYLE_COLOUR('',#5345);
#5147=FILL_AREA_STYLE_COLOUR('',#5345);
#5148=FILL_AREA_STYLE_COLOUR('',#5345);
#5149=FILL_AREA_STYLE_COLOUR('',#5345);
#5150=FILL_AREA_STYLE_COLOUR('',#5345);
#5151=FILL_AREA_STYLE_COLOUR('',#5345);
#5152=FILL_AREA_STYLE_COLOUR('',#5345);
#5153=FILL_AREA_STYLE_COLOUR('',#5345);
#5154=FILL_AREA_STYLE_COLOUR('',#5345);
#5155=FILL_AREA_STYLE_COLOUR('',#5344);
#5156=FILL_AREA_STYLE_COLOUR('',#5344);
#5157=FILL_AREA_STYLE_COLOUR('',#5345);
#5158=FILL_AREA_STYLE_COLOUR('',#5345);
#5159=FILL_AREA_STYLE_COLOUR('',#5345);
#5160=FILL_AREA_STYLE_COLOUR('',#5345);
#5161=FILL_AREA_STYLE_COLOUR('',#5345);
#5162=FILL_AREA_STYLE_COLOUR('',#5345);
#5163=FILL_AREA_STYLE_COLOUR('',#5345);
#5164=FILL_AREA_STYLE_COLOUR('',#5345);
#5165=FILL_AREA_STYLE_COLOUR('',#5345);
#5166=FILL_AREA_STYLE_COLOUR('',#5345);
#5167=FILL_AREA_STYLE_COLOUR('',#5345);
#5168=FILL_AREA_STYLE_COLOUR('',#5345);
#5169=FILL_AREA_STYLE_COLOUR('',#5345);
#5170=FILL_AREA_STYLE_COLOUR('',#5344);
#5171=FILL_AREA_STYLE_COLOUR('',#5344);
#5172=FILL_AREA_STYLE_COLOUR('',#5344);
#5173=FILL_AREA_STYLE_COLOUR('',#5344);
#5174=FILL_AREA_STYLE_COLOUR('',#5344);
#5175=FILL_AREA_STYLE_COLOUR('',#5344);
#5176=FILL_AREA_STYLE_COLOUR('',#5344);
#5177=FILL_AREA_STYLE_COLOUR('',#5344);
#5178=FILL_AREA_STYLE_COLOUR('',#5344);
#5179=FILL_AREA_STYLE_COLOUR('',#5344);
#5180=FILL_AREA_STYLE_COLOUR('',#5344);
#5181=FILL_AREA_STYLE_COLOUR('',#5344);
#5182=FILL_AREA_STYLE_COLOUR('',#5344);
#5183=FILL_AREA_STYLE_COLOUR('',#5344);
#5184=FILL_AREA_STYLE_COLOUR('',#5344);
#5185=FILL_AREA_STYLE_COLOUR('',#5344);
#5186=FILL_AREA_STYLE_COLOUR('',#5344);
#5187=FILL_AREA_STYLE_COLOUR('',#5344);
#5188=FILL_AREA_STYLE_COLOUR('',#5344);
#5189=FILL_AREA_STYLE_COLOUR('',#5344);
#5190=FILL_AREA_STYLE_COLOUR('',#5344);
#5191=FILL_AREA_STYLE_COLOUR('',#5344);
#5192=FILL_AREA_STYLE_COLOUR('',#5344);
#5193=FILL_AREA_STYLE_COLOUR('',#5344);
#5194=FILL_AREA_STYLE_COLOUR('',#5344);
#5195=FILL_AREA_STYLE_COLOUR('',#5344);
#5196=FILL_AREA_STYLE_COLOUR('',#5344);
#5197=FILL_AREA_STYLE_COLOUR('',#5344);
#5198=FILL_AREA_STYLE_COLOUR('',#5344);
#5199=FILL_AREA_STYLE_COLOUR('',#5344);
#5200=FILL_AREA_STYLE_COLOUR('',#5344);
#5201=FILL_AREA_STYLE_COLOUR('',#5344);
#5202=FILL_AREA_STYLE_COLOUR('',#5344);
#5203=FILL_AREA_STYLE_COLOUR('',#5344);
#5204=FILL_AREA_STYLE_COLOUR('',#5344);
#5205=FILL_AREA_STYLE_COLOUR('',#5344);
#5206=FILL_AREA_STYLE_COLOUR('',#5344);
#5207=FILL_AREA_STYLE_COLOUR('',#5344);
#5208=FILL_AREA_STYLE_COLOUR('',#5344);
#5209=FILL_AREA_STYLE_COLOUR('',#5344);
#5210=FILL_AREA_STYLE_COLOUR('',#5344);
#5211=FILL_AREA_STYLE_COLOUR('',#5344);
#5212=FILL_AREA_STYLE_COLOUR('',#5344);
#5213=FILL_AREA_STYLE_COLOUR('',#5344);
#5214=FILL_AREA_STYLE_COLOUR('',#5344);
#5215=FILL_AREA_STYLE_COLOUR('',#5344);
#5216=FILL_AREA_STYLE_COLOUR('',#5344);
#5217=FILL_AREA_STYLE_COLOUR('',#5344);
#5218=FILL_AREA_STYLE_COLOUR('',#5344);
#5219=FILL_AREA_STYLE_COLOUR('',#5344);
#5220=FILL_AREA_STYLE_COLOUR('',#5344);
#5221=FILL_AREA_STYLE_COLOUR('',#5344);
#5222=FILL_AREA_STYLE_COLOUR('',#5344);
#5223=FILL_AREA_STYLE_COLOUR('',#5344);
#5224=FILL_AREA_STYLE_COLOUR('',#5344);
#5225=FILL_AREA_STYLE_COLOUR('',#5344);
#5226=FILL_AREA_STYLE_COLOUR('',#5344);
#5227=FILL_AREA_STYLE_COLOUR('',#5344);
#5228=FILL_AREA_STYLE_COLOUR('',#5344);
#5229=FILL_AREA_STYLE_COLOUR('',#5344);
#5230=FILL_AREA_STYLE_COLOUR('',#5344);
#5231=FILL_AREA_STYLE_COLOUR('',#5344);
#5232=FILL_AREA_STYLE_COLOUR('',#5344);
#5233=FILL_AREA_STYLE_COLOUR('',#5344);
#5234=FILL_AREA_STYLE_COLOUR('',#5344);
#5235=FILL_AREA_STYLE_COLOUR('',#5344);
#5236=FILL_AREA_STYLE_COLOUR('',#5344);
#5237=FILL_AREA_STYLE_COLOUR('',#5344);
#5238=FILL_AREA_STYLE_COLOUR('',#5344);
#5239=FILL_AREA_STYLE_COLOUR('',#5344);
#5240=FILL_AREA_STYLE_COLOUR('',#5344);
#5241=FILL_AREA_STYLE_COLOUR('',#5344);
#5242=FILL_AREA_STYLE_COLOUR('',#5344);
#5243=FILL_AREA_STYLE_COLOUR('',#5344);
#5244=FILL_AREA_STYLE_COLOUR('',#5344);
#5245=FILL_AREA_STYLE_COLOUR('',#5344);
#5246=FILL_AREA_STYLE_COLOUR('',#5344);
#5247=FILL_AREA_STYLE_COLOUR('',#5344);
#5248=FILL_AREA_STYLE_COLOUR('',#5344);
#5249=FILL_AREA_STYLE_COLOUR('',#5344);
#5250=FILL_AREA_STYLE_COLOUR('',#5344);
#5251=FILL_AREA_STYLE_COLOUR('',#5344);
#5252=FILL_AREA_STYLE_COLOUR('',#5344);
#5253=FILL_AREA_STYLE_COLOUR('',#5344);
#5254=FILL_AREA_STYLE_COLOUR('',#5344);
#5255=FILL_AREA_STYLE_COLOUR('',#5344);
#5256=FILL_AREA_STYLE_COLOUR('',#5344);
#5257=FILL_AREA_STYLE_COLOUR('',#5344);
#5258=FILL_AREA_STYLE_COLOUR('',#5344);
#5259=FILL_AREA_STYLE_COLOUR('',#5344);
#5260=FILL_AREA_STYLE_COLOUR('',#5344);
#5261=FILL_AREA_STYLE_COLOUR('',#5344);
#5262=FILL_AREA_STYLE_COLOUR('',#5344);
#5263=FILL_AREA_STYLE_COLOUR('',#5344);
#5264=FILL_AREA_STYLE_COLOUR('',#5344);
#5265=FILL_AREA_STYLE_COLOUR('',#5344);
#5266=FILL_AREA_STYLE_COLOUR('',#5344);
#5267=FILL_AREA_STYLE_COLOUR('',#5344);
#5268=FILL_AREA_STYLE_COLOUR('',#5344);
#5269=FILL_AREA_STYLE_COLOUR('',#5344);
#5270=FILL_AREA_STYLE_COLOUR('',#5344);
#5271=FILL_AREA_STYLE_COLOUR('',#5344);
#5272=FILL_AREA_STYLE_COLOUR('',#5344);
#5273=FILL_AREA_STYLE_COLOUR('',#5344);
#5274=FILL_AREA_STYLE_COLOUR('',#5344);
#5275=FILL_AREA_STYLE_COLOUR('',#5344);
#5276=FILL_AREA_STYLE_COLOUR('',#5344);
#5277=FILL_AREA_STYLE_COLOUR('',#5344);
#5278=FILL_AREA_STYLE_COLOUR('',#5344);
#5279=FILL_AREA_STYLE_COLOUR('',#5344);
#5280=FILL_AREA_STYLE_COLOUR('',#5344);
#5281=FILL_AREA_STYLE_COLOUR('',#5344);
#5282=FILL_AREA_STYLE_COLOUR('',#5344);
#5283=FILL_AREA_STYLE_COLOUR('',#5344);
#5284=FILL_AREA_STYLE_COLOUR('',#5344);
#5285=FILL_AREA_STYLE_COLOUR('',#5344);
#5286=FILL_AREA_STYLE_COLOUR('',#5344);
#5287=FILL_AREA_STYLE_COLOUR('',#5344);
#5288=FILL_AREA_STYLE_COLOUR('',#5344);
#5289=FILL_AREA_STYLE_COLOUR('',#5344);
#5290=FILL_AREA_STYLE_COLOUR('',#5344);
#5291=FILL_AREA_STYLE_COLOUR('',#5344);
#5292=FILL_AREA_STYLE_COLOUR('',#5344);
#5293=FILL_AREA_STYLE_COLOUR('',#5344);
#5294=FILL_AREA_STYLE_COLOUR('',#5344);
#5295=FILL_AREA_STYLE_COLOUR('',#5344);
#5296=FILL_AREA_STYLE_COLOUR('',#5344);
#5297=FILL_AREA_STYLE_COLOUR('',#5344);
#5298=FILL_AREA_STYLE_COLOUR('',#5344);
#5299=FILL_AREA_STYLE_COLOUR('',#5344);
#5300=FILL_AREA_STYLE_COLOUR('',#5344);
#5301=FILL_AREA_STYLE_COLOUR('',#5344);
#5302=FILL_AREA_STYLE_COLOUR('',#5344);
#5303=FILL_AREA_STYLE_COLOUR('',#5344);
#5304=FILL_AREA_STYLE_COLOUR('',#5344);
#5305=FILL_AREA_STYLE_COLOUR('',#5344);
#5306=FILL_AREA_STYLE_COLOUR('',#5344);
#5307=FILL_AREA_STYLE_COLOUR('',#5344);
#5308=FILL_AREA_STYLE_COLOUR('',#5344);
#5309=FILL_AREA_STYLE_COLOUR('',#5344);
#5310=FILL_AREA_STYLE_COLOUR('',#5344);
#5311=FILL_AREA_STYLE_COLOUR('',#5344);
#5312=FILL_AREA_STYLE_COLOUR('',#5344);
#5313=FILL_AREA_STYLE_COLOUR('',#5344);
#5314=FILL_AREA_STYLE_COLOUR('',#5344);
#5315=FILL_AREA_STYLE_COLOUR('',#5344);
#5316=FILL_AREA_STYLE_COLOUR('',#5344);
#5317=FILL_AREA_STYLE_COLOUR('',#5344);
#5318=FILL_AREA_STYLE_COLOUR('',#5344);
#5319=FILL_AREA_STYLE_COLOUR('',#5344);
#5320=FILL_AREA_STYLE_COLOUR('',#5344);
#5321=FILL_AREA_STYLE_COLOUR('',#5344);
#5322=FILL_AREA_STYLE_COLOUR('',#5344);
#5323=FILL_AREA_STYLE_COLOUR('',#5344);
#5324=FILL_AREA_STYLE_COLOUR('',#5344);
#5325=FILL_AREA_STYLE_COLOUR('',#5344);
#5326=FILL_AREA_STYLE_COLOUR('',#5344);
#5327=FILL_AREA_STYLE_COLOUR('',#5344);
#5328=FILL_AREA_STYLE_COLOUR('',#5344);
#5329=FILL_AREA_STYLE_COLOUR('',#5344);
#5330=FILL_AREA_STYLE_COLOUR('',#5344);
#5331=FILL_AREA_STYLE_COLOUR('',#5344);
#5332=FILL_AREA_STYLE_COLOUR('',#5344);
#5333=FILL_AREA_STYLE_COLOUR('',#5344);
#5334=FILL_AREA_STYLE_COLOUR('',#5344);
#5335=FILL_AREA_STYLE_COLOUR('',#5344);
#5336=FILL_AREA_STYLE_COLOUR('',#5344);
#5337=FILL_AREA_STYLE_COLOUR('',#5344);
#5338=FILL_AREA_STYLE_COLOUR('',#5344);
#5339=FILL_AREA_STYLE_COLOUR('',#5344);
#5340=FILL_AREA_STYLE_COLOUR('',#5344);
#5341=FILL_AREA_STYLE_COLOUR('',#5344);
#5342=FILL_AREA_STYLE_COLOUR('',#5344);
#5343=FILL_AREA_STYLE_COLOUR('',#5344);
#5344=COLOUR_RGB('',0.170000001788139,0.170000001788139,0.170000001788139);
#5345=COLOUR_RGB('',0.699999988079071,0.699999988079071,0.699999988079071);
#5346=ADVANCED_FACE('',(#3205,#3206,#3207),#3467,.T.);
#5347=ADVANCED_FACE('',(#3208),#3468,.F.);
#5348=ADVANCED_FACE('',(#3209),#3469,.F.);
#5349=ADVANCED_FACE('',(#3210),#3470,.F.);
#5350=ADVANCED_FACE('',(#3211),#3471,.F.);
#5351=ADVANCED_FACE('',(#3212),#3472,.F.);
#5352=ADVANCED_FACE('',(#3213),#3473,.F.);
#5353=ADVANCED_FACE('',(#3214),#3474,.F.);
#5354=ADVANCED_FACE('',(#3215),#3475,.F.);
#5355=ADVANCED_FACE('',(#3216),#3476,.F.);
#5356=ADVANCED_FACE('',(#3217),#3477,.F.);
#5357=ADVANCED_FACE('',(#3218),#3478,.F.);
#5358=ADVANCED_FACE('',(#3219),#3479,.F.);
#5359=ADVANCED_FACE('',(#3220),#3480,.F.);
#5360=ADVANCED_FACE('',(#3221),#3481,.F.);
#5361=ADVANCED_FACE('',(#3222),#3482,.T.);
#5362=ADVANCED_FACE('',(#3223),#3483,.F.);
#5363=ADVANCED_FACE('',(#3224),#3484,.F.);
#5364=ADVANCED_FACE('',(#3225),#3485,.T.);
#5365=ADVANCED_FACE('',(#3226),#3486,.F.);
#5366=ADVANCED_FACE('',(#3227),#3487,.F.);
#5367=ADVANCED_FACE('',(#3228),#3488,.F.);
#5368=ADVANCED_FACE('',(#3229),#3489,.F.);
#5369=ADVANCED_FACE('',(#3230),#3490,.T.);
#5370=ADVANCED_FACE('',(#3231,#3232,#3233),#3491,.F.);
#5371=ADVANCED_FACE('',(#3234),#3492,.F.);
#5372=ADVANCED_FACE('',(#3235),#3493,.F.);
#5373=ADVANCED_FACE('',(#3236),#3494,.F.);
#5374=ADVANCED_FACE('',(#3237),#52,.T.);
#5375=ADVANCED_FACE('',(#3238),#3495,.F.);
#5376=ADVANCED_FACE('',(#3239),#53,.T.);
#5377=ADVANCED_FACE('',(#3240),#3496,.F.);
#5378=ADVANCED_FACE('',(#3241),#48,.T.);
#5379=ADVANCED_FACE('',(#3242),#49,.F.);
#5380=ADVANCED_FACE('',(#3243),#3497,.F.);
#5381=ADVANCED_FACE('',(#3244),#3498,.F.);
#5382=ADVANCED_FACE('',(#3245),#3499,.F.);
#5383=ADVANCED_FACE('',(#3246),#3500,.T.);
#5384=ADVANCED_FACE('',(#3247),#3501,.F.);
#5385=ADVANCED_FACE('',(#3248),#3502,.T.);
#5386=ADVANCED_FACE('',(#3249),#3503,.F.);
#5387=ADVANCED_FACE('',(#3250),#3504,.F.);
#5388=ADVANCED_FACE('',(#3251),#3505,.T.);
#5389=ADVANCED_FACE('',(#3252),#3506,.F.);
#5390=ADVANCED_FACE('',(#3253),#3507,.F.);
#5391=ADVANCED_FACE('',(#3254),#3508,.F.);
#5392=ADVANCED_FACE('',(#3255),#3509,.T.);
#5393=ADVANCED_FACE('',(#3256),#3510,.F.);
#5394=ADVANCED_FACE('',(#3257),#3511,.F.);
#5395=ADVANCED_FACE('',(#3258),#54,.T.);
#5396=ADVANCED_FACE('',(#3259),#55,.T.);
#5397=ADVANCED_FACE('',(#3260),#3512,.F.);
#5398=ADVANCED_FACE('',(#3261),#3513,.F.);
#5399=ADVANCED_FACE('',(#3262),#3514,.T.);
#5400=ADVANCED_FACE('',(#3263),#3515,.F.);
#5401=ADVANCED_FACE('',(#3264),#3516,.F.);
#5402=ADVANCED_FACE('',(#3265),#3517,.F.);
#5403=ADVANCED_FACE('',(#3266),#56,.T.);
#5404=ADVANCED_FACE('',(#3267),#3518,.F.);
#5405=ADVANCED_FACE('',(#3268),#57,.T.);
#5406=ADVANCED_FACE('',(#3269),#3519,.F.);
#5407=ADVANCED_FACE('',(#3270),#50,.F.);
#5408=ADVANCED_FACE('',(#3271),#51,.T.);
#5409=ADVANCED_FACE('',(#3272),#3520,.F.);
#5410=ADVANCED_FACE('',(#3273),#3521,.F.);
#5411=ADVANCED_FACE('',(#3274),#3522,.F.);
#5412=ADVANCED_FACE('',(#3275),#3523,.T.);
#5413=ADVANCED_FACE('',(#3276),#3524,.F.);
#5414=ADVANCED_FACE('',(#3277),#3525,.T.);
#5415=ADVANCED_FACE('',(#3278),#3526,.F.);
#5416=ADVANCED_FACE('',(#3279),#3527,.T.);
#5417=ADVANCED_FACE('',(#3280),#58,.T.);
#5418=ADVANCED_FACE('',(#3281),#3528,.T.);
#5419=ADVANCED_FACE('',(#3282),#59,.T.);
#5420=ADVANCED_FACE('',(#3283),#3529,.T.);
#5421=ADVANCED_FACE('',(#3284),#3530,.T.);
#5422=ADVANCED_FACE('',(#3285),#3531,.F.);
#5423=ADVANCED_FACE('',(#3286,#3287),#60,.T.);
#5424=ADVANCED_FACE('',(#3288,#3289),#61,.T.);
#5425=ADVANCED_FACE('',(#3290,#3291),#3532,.T.);
#5426=ADVANCED_FACE('',(#3292,#3293),#3533,.F.);
#5427=ADVANCED_FACE('',(#3294),#62,.T.);
#5428=ADVANCED_FACE('',(#3295),#3534,.T.);
#5429=ADVANCED_FACE('',(#3296),#63,.T.);
#5430=ADVANCED_FACE('',(#3297),#3535,.T.);
#5431=ADVANCED_FACE('',(#3298),#3536,.T.);
#5432=ADVANCED_FACE('',(#3299),#3537,.T.);
#5433=ADVANCED_FACE('',(#3300),#3538,.T.);
#5434=ADVANCED_FACE('',(#3301),#3539,.T.);
#5435=ADVANCED_FACE('',(#3302),#3540,.T.);
#5436=ADVANCED_FACE('',(#3303),#3541,.F.);
#5437=ADVANCED_FACE('',(#3304),#64,.T.);
#5438=ADVANCED_FACE('',(#3305),#3542,.T.);
#5439=ADVANCED_FACE('',(#3306),#65,.T.);
#5440=ADVANCED_FACE('',(#3307),#3543,.T.);
#5441=ADVANCED_FACE('',(#3308),#3544,.T.);
#5442=ADVANCED_FACE('',(#3309),#3545,.T.);
#5443=ADVANCED_FACE('',(#3310),#3546,.T.);
#5444=ADVANCED_FACE('',(#3311),#3547,.T.);
#5445=ADVANCED_FACE('',(#3312),#3548,.T.);
#5446=ADVANCED_FACE('',(#3313),#3549,.F.);
#5447=ADVANCED_FACE('',(#3314),#3550,.T.);
#5448=ADVANCED_FACE('',(#3315),#3551,.T.);
#5449=ADVANCED_FACE('',(#3316),#66,.T.);
#5450=ADVANCED_FACE('',(#3317),#3552,.T.);
#5451=ADVANCED_FACE('',(#3318),#67,.T.);
#5452=ADVANCED_FACE('',(#3319),#3553,.T.);
#5453=ADVANCED_FACE('',(#3320),#68,.T.);
#5454=ADVANCED_FACE('',(#3321),#3554,.T.);
#5455=ADVANCED_FACE('',(#3322),#69,.T.);
#5456=ADVANCED_FACE('',(#3323),#3555,.T.);
#5457=ADVANCED_FACE('',(#3324),#3556,.T.);
#5458=ADVANCED_FACE('',(#3325),#3557,.T.);
#5459=ADVANCED_FACE('',(#3326),#70,.T.);
#5460=ADVANCED_FACE('',(#3327),#3558,.T.);
#5461=ADVANCED_FACE('',(#3328),#71,.T.);
#5462=ADVANCED_FACE('',(#3329),#3559,.T.);
#5463=ADVANCED_FACE('',(#3330),#3560,.T.);
#5464=ADVANCED_FACE('',(#3331),#3561,.F.);
#5465=ADVANCED_FACE('',(#3332,#3333),#72,.T.);
#5466=ADVANCED_FACE('',(#3334),#3562,.T.);
#5467=ADVANCED_FACE('',(#3335),#3563,.F.);
#5468=ADVANCED_FACE('',(#3336),#3564,.T.);
#5469=ADVANCED_FACE('',(#3337),#3565,.T.);
#5470=ADVANCED_FACE('',(#3338),#3566,.T.);
#5471=ADVANCED_FACE('',(#3339),#3567,.T.);
#5472=ADVANCED_FACE('',(#3340),#3568,.T.);
#5473=ADVANCED_FACE('',(#3341),#3569,.F.);
#5474=ADVANCED_FACE('',(#3342),#3570,.T.);
#5475=ADVANCED_FACE('',(#3343),#73,.T.);
#5476=ADVANCED_FACE('',(#3344),#3571,.T.);
#5477=ADVANCED_FACE('',(#3345),#74,.T.);
#5478=ADVANCED_FACE('',(#3346),#3572,.T.);
#5479=ADVANCED_FACE('',(#3347),#3573,.F.);
#5480=ADVANCED_FACE('',(#3348),#75,.T.);
#5481=ADVANCED_FACE('',(#3349),#3574,.T.);
#5482=ADVANCED_FACE('',(#3350),#76,.T.);
#5483=ADVANCED_FACE('',(#3351),#3575,.T.);
#5484=ADVANCED_FACE('',(#3352),#3576,.T.);
#5485=ADVANCED_FACE('',(#3353),#3577,.T.);
#5486=ADVANCED_FACE('',(#3354),#3578,.T.);
#5487=ADVANCED_FACE('',(#3355),#3579,.T.);
#5488=ADVANCED_FACE('',(#3356),#3580,.T.);
#5489=ADVANCED_FACE('',(#3357),#3581,.F.);
#5490=ADVANCED_FACE('',(#3358),#77,.T.);
#5491=ADVANCED_FACE('',(#3359),#3582,.T.);
#5492=ADVANCED_FACE('',(#3360),#3583,.T.);
#5493=ADVANCED_FACE('',(#3361),#3584,.T.);
#5494=ADVANCED_FACE('',(#3362),#78,.T.);
#5495=ADVANCED_FACE('',(#3363),#79,.T.);
#5496=ADVANCED_FACE('',(#3364),#80,.T.);
#5497=ADVANCED_FACE('',(#3365),#81,.T.);
#5498=ADVANCED_FACE('',(#3366),#3585,.T.);
#5499=ADVANCED_FACE('',(#3367,#3368),#3586,.T.);
#5500=ADVANCED_FACE('',(#3369,#3370),#3587,.F.);
#5501=ADVANCED_FACE('',(#3371),#82,.T.);
#5502=ADVANCED_FACE('',(#3372),#3588,.T.);
#5503=ADVANCED_FACE('',(#3373),#83,.T.);
#5504=ADVANCED_FACE('',(#3374),#84,.T.);
#5505=ADVANCED_FACE('',(#3375),#3589,.T.);
#5506=ADVANCED_FACE('',(#3376),#3590,.T.);
#5507=ADVANCED_FACE('',(#3377,#3378),#3591,.T.);
#5508=ADVANCED_FACE('',(#3379,#3380),#3592,.F.);
#5509=ADVANCED_FACE('',(#3381),#3593,.T.);
#5510=ADVANCED_FACE('',(#3382),#3594,.T.);
#5511=ADVANCED_FACE('',(#3383),#3595,.T.);
#5512=ADVANCED_FACE('',(#3384),#3596,.T.);
#5513=ADVANCED_FACE('',(#3385),#3597,.T.);
#5514=ADVANCED_FACE('',(#3386),#3598,.F.);
#5515=ADVANCED_FACE('',(#3387),#3599,.T.);
#5516=ADVANCED_FACE('',(#3388),#3600,.T.);
#5517=ADVANCED_FACE('',(#3389),#3601,.T.);
#5518=ADVANCED_FACE('',(#3390),#3602,.T.);
#5519=ADVANCED_FACE('',(#3391),#3603,.T.);
#5520=ADVANCED_FACE('',(#3392),#3604,.T.);
#5521=ADVANCED_FACE('',(#3393),#3605,.T.);
#5522=ADVANCED_FACE('',(#3394),#3606,.F.);
#5523=ADVANCED_FACE('',(#3395,#3396),#85,.T.);
#5524=ADVANCED_FACE('',(#3397,#3398),#86,.T.);
#5525=ADVANCED_FACE('',(#3399,#3400),#3607,.T.);
#5526=ADVANCED_FACE('',(#3401,#3402),#3608,.F.);
#5527=ADVANCED_FACE('',(#3403),#87,.T.);
#5528=ADVANCED_FACE('',(#3404),#3609,.T.);
#5529=ADVANCED_FACE('',(#3405),#88,.T.);
#5530=ADVANCED_FACE('',(#3406),#89,.T.);
#5531=ADVANCED_FACE('',(#3407),#3610,.T.);
#5532=ADVANCED_FACE('',(#3408),#3611,.T.);
#5533=ADVANCED_FACE('',(#3409,#3410),#3612,.T.);
#5534=ADVANCED_FACE('',(#3411,#3412),#3613,.F.);
#5535=ADVANCED_FACE('',(#3413),#3614,.T.);
#5536=ADVANCED_FACE('',(#3414),#90,.T.);
#5537=ADVANCED_FACE('',(#3415),#3615,.T.);
#5538=ADVANCED_FACE('',(#3416),#3616,.T.);
#5539=ADVANCED_FACE('',(#3417),#3617,.T.);
#5540=ADVANCED_FACE('',(#3418),#3618,.T.);
#5541=ADVANCED_FACE('',(#3419),#3619,.T.);
#5542=ADVANCED_FACE('',(#3420),#3620,.T.);
#5543=ADVANCED_FACE('',(#3421),#3621,.T.);
#5544=ADVANCED_FACE('',(#3422),#3622,.T.);
#5545=ADVANCED_FACE('',(#3423),#3623,.T.);
#5546=ADVANCED_FACE('',(#3424),#91,.T.);
#5547=ADVANCED_FACE('',(#3425),#3624,.F.);
#5548=ADVANCED_FACE('',(#3426),#3625,.T.);
#5549=ADVANCED_FACE('',(#3427),#3626,.T.);
#5550=ADVANCED_FACE('',(#3428),#92,.T.);
#5551=ADVANCED_FACE('',(#3429),#3627,.T.);
#5552=ADVANCED_FACE('',(#3430),#3628,.T.);
#5553=ADVANCED_FACE('',(#3431),#3629,.T.);
#5554=ADVANCED_FACE('',(#3432),#3630,.T.);
#5555=ADVANCED_FACE('',(#3433),#3631,.T.);
#5556=ADVANCED_FACE('',(#3434),#3632,.T.);
#5557=ADVANCED_FACE('',(#3435),#3633,.T.);
#5558=ADVANCED_FACE('',(#3436),#3634,.T.);
#5559=ADVANCED_FACE('',(#3437),#3635,.T.);
#5560=ADVANCED_FACE('',(#3438),#93,.T.);
#5561=ADVANCED_FACE('',(#3439),#3636,.F.);
#5562=ADVANCED_FACE('',(#3440),#3637,.T.);
#5563=ADVANCED_FACE('',(#3441),#3638,.T.);
#5564=ADVANCED_FACE('',(#3442),#3639,.T.);
#5565=ADVANCED_FACE('',(#3443),#3640,.T.);
#5566=ADVANCED_FACE('',(#3444),#3641,.T.);
#5567=ADVANCED_FACE('',(#3445),#3642,.T.);
#5568=ADVANCED_FACE('',(#3446),#3643,.F.);
#5569=ADVANCED_FACE('',(#3447),#94,.T.);
#5570=ADVANCED_FACE('',(#3448),#3644,.T.);
#5571=ADVANCED_FACE('',(#3449),#95,.T.);
#5572=ADVANCED_FACE('',(#3450),#96,.T.);
#5573=ADVANCED_FACE('',(#3451),#3645,.T.);
#5574=ADVANCED_FACE('',(#3452),#3646,.T.);
#5575=ADVANCED_FACE('',(#3453,#3454),#3647,.T.);
#5576=ADVANCED_FACE('',(#3455,#3456),#3648,.F.);
#5577=ADVANCED_FACE('',(#3457),#3649,.T.);
#5578=ADVANCED_FACE('',(#3458),#97,.T.);
#5579=ADVANCED_FACE('',(#3459),#3650,.T.);
#5580=ADVANCED_FACE('',(#3460),#3651,.T.);
#5581=ADVANCED_FACE('',(#3461),#3652,.T.);
#5582=ADVANCED_FACE('',(#3462),#3653,.T.);
#5583=ADVANCED_FACE('',(#3463),#3654,.T.);
#5584=ADVANCED_FACE('',(#3464),#98,.T.);
#5585=ADVANCED_FACE('',(#3465),#3655,.F.);
#5586=ADVANCED_FACE('',(#3466),#3656,.T.);
#5587=CLOSED_SHELL('',(#5346,#5347,#5348,#5349,#5350,#5351,#5352,#5353,
#5354,#5355,#5356,#5357,#5358,#5359,#5360,#5361,#5362,#5363,#5364,#5365,
#5366,#5367,#5368,#5369,#5370,#5371,#5372,#5373,#5374,#5375,#5376,#5377,
#5378,#5379,#5380,#5381,#5382,#5383,#5384,#5385,#5386,#5387,#5388,#5389,
#5390,#5391,#5392,#5393,#5394,#5395,#5396,#5397,#5398,#5399,#5400,#5401,
#5402,#5403,#5404,#5405,#5406,#5407,#5408,#5409,#5410,#5411,#5412,#5413,
#5414,#5415));
#5588=CLOSED_SHELL('',(#5416,#5417,#5418,#5419,#5420,#5421,#5422));
#5589=CLOSED_SHELL('',(#5423,#5424,#5425,#5426));
#5590=CLOSED_SHELL('',(#5427,#5428,#5429,#5430,#5431,#5432,#5433,#5434,
#5435,#5436));
#5591=CLOSED_SHELL('',(#5437,#5438,#5439,#5440,#5441,#5442,#5443,#5444,
#5445,#5446));
#5592=CLOSED_SHELL('',(#5447,#5448,#5449,#5450,#5451,#5452,#5453,#5454,
#5455,#5456,#5457,#5458,#5459,#5460,#5461,#5462,#5463,#5464));
#5593=CLOSED_SHELL('',(#5465,#5466,#5467));
#5594=CLOSED_SHELL('',(#5468,#5469,#5470,#5471,#5472,#5473));
#5595=CLOSED_SHELL('',(#5474,#5475,#5476,#5477,#5478,#5479));
#5596=CLOSED_SHELL('',(#5480,#5481,#5482,#5483,#5484,#5485,#5486,#5487,
#5488,#5489));
#5597=CLOSED_SHELL('',(#5490,#5491,#5492,#5493,#5494,#5495,#5496,#5497,
#5498,#5499,#5500));
#5598=CLOSED_SHELL('',(#5501,#5502,#5503,#5504,#5505,#5506,#5507,#5508));
#5599=CLOSED_SHELL('',(#5509,#5510,#5511,#5512,#5513,#5514));
#5600=CLOSED_SHELL('',(#5515,#5516,#5517,#5518,#5519,#5520,#5521,#5522));
#5601=CLOSED_SHELL('',(#5523,#5524,#5525,#5526));
#5602=CLOSED_SHELL('',(#5527,#5528,#5529,#5530,#5531,#5532,#5533,#5534));
#5603=CLOSED_SHELL('',(#5535,#5536,#5537,#5538,#5539,#5540,#5541,#5542,
#5543,#5544,#5545,#5546,#5547,#5548));
#5604=CLOSED_SHELL('',(#5549,#5550,#5551,#5552,#5553,#5554,#5555,#5556,
#5557,#5558,#5559,#5560,#5561,#5562));
#5605=CLOSED_SHELL('',(#5563,#5564,#5565,#5566,#5567,#5568));
#5606=CLOSED_SHELL('',(#5569,#5570,#5571,#5572,#5573,#5574,#5575,#5576));
#5607=CLOSED_SHELL('',(#5577,#5578,#5579,#5580,#5581,#5582,#5583,#5584,
#5585,#5586));
#5608=BREP_WITH_VOIDS('',#5587,(#20,#21,#22,#23,#24,#25,#26,#27,#28,#29,
#30,#31,#32,#33,#34,#35,#36,#37,#38,#39));
#5609=SHAPE_DEFINITION_REPRESENTATION(#9597,#5610);
#5610=SHAPE_REPRESENTATION('Header - SMD - Vertical - Dual Row - 2',(#5611),
#9592);
#5611=AXIS2_PLACEMENT_3D('',#6482,#5814,#5815);
#5612=AXIS2_PLACEMENT_3D('',#6483,#5816,#5817);
#5613=AXIS2_PLACEMENT_3D('',#6508,#5830,#5831);
#5614=AXIS2_PLACEMENT_3D('',#6521,#5838,#5839);
#5615=AXIS2_PLACEMENT_3D('',#6527,#5843,#5844);
#5616=AXIS2_PLACEMENT_3D('',#6533,#5848,#5849);
#5617=AXIS2_PLACEMENT_3D('',#6546,#5856,#5857);
#5618=AXIS2_PLACEMENT_3D('',#6553,#5862,#5863);
#5619=AXIS2_PLACEMENT_3D('',#6566,#5870,#5871);
#5620=AXIS2_PLACEMENT_3D('',#6569,#5874,#5875);
#5621=AXIS2_PLACEMENT_3D('',#6575,#5879,#5880);
#5622=AXIS2_PLACEMENT_3D('',#6582,#5885,#5886);
#5623=AXIS2_PLACEMENT_3D('',#6588,#5890,#5891);
#5624=AXIS2_PLACEMENT_3D('',#6598,#5897,#5898);
#5625=AXIS2_PLACEMENT_3D('',#6604,#5902,#5903);
#5626=AXIS2_PLACEMENT_3D('',#6613,#5908,#5909);
#5627=AXIS2_PLACEMENT_3D('',#6619,#5913,#5914);
#5628=AXIS2_PLACEMENT_3D('',#6621,#5916,#5917);
#5629=AXIS2_PLACEMENT_3D('',#6623,#5919,#5920);
#5630=AXIS2_PLACEMENT_3D('',#6626,#5923,#5924);
#5631=AXIS2_PLACEMENT_3D('',#6628,#5926,#5927);
#5632=AXIS2_PLACEMENT_3D('',#6630,#5929,#5930);
#5633=AXIS2_PLACEMENT_3D('',#6631,#5931,#5932);
#5634=AXIS2_PLACEMENT_3D('',#6634,#5935,#5936);
#5635=AXIS2_PLACEMENT_3D('',#6640,#5940,#5941);
#5636=AXIS2_PLACEMENT_3D('',#6642,#5943,#5944);
#5637=AXIS2_PLACEMENT_3D('',#6661,#5955,#5956);
#5638=AXIS2_PLACEMENT_3D('',#6676,#5959,#5960);
#5639=AXIS2_PLACEMENT_3D('',#6688,#5962,#5963);
#5640=AXIS2_PLACEMENT_3D('',#6712,#5965,#5966);
#5641=AXIS2_PLACEMENT_3D('',#6730,#5970,#5971);
#5642=AXIS2_PLACEMENT_3D('',#6736,#5975,#5976);
#5643=AXIS2_PLACEMENT_3D('',#6737,#5977,#5978);
#5644=AXIS2_PLACEMENT_3D('',#6739,#5979,#5980);
#5645=AXIS2_PLACEMENT_3D('',#6742,#5982,#5983);
#5646=AXIS2_PLACEMENT_3D('',#6743,#5984,#5985);
#5647=AXIS2_PLACEMENT_3D('',#6747,#5987,#5988);
#5648=AXIS2_PLACEMENT_3D('',#6748,#5989,#5990);
#5649=AXIS2_PLACEMENT_3D('',#6751,#5993,#5994);
#5650=AXIS2_PLACEMENT_3D('',#6753,#5996,#5997);
#5651=AXIS2_PLACEMENT_3D('',#6755,#5999,#6000);
#5652=AXIS2_PLACEMENT_3D('',#6756,#6001,#6002);
#5653=AXIS2_PLACEMENT_3D('',#6758,#6004,#6005);
#5654=AXIS2_PLACEMENT_3D('',#6760,#6007,#6008);
#5655=AXIS2_PLACEMENT_3D('',#6762,#6010,#6011);
#5656=AXIS2_PLACEMENT_3D('',#6764,#6013,#6014);
#5657=AXIS2_PLACEMENT_3D('',#6766,#6016,#6017);
#5658=AXIS2_PLACEMENT_3D('',#6772,#6021,#6022);
#5659=AXIS2_PLACEMENT_3D('',#6787,#6025,#6026);
#5660=AXIS2_PLACEMENT_3D('',#6793,#6030,#6031);
#5661=AXIS2_PLACEMENT_3D('',#6798,#6032,#6033);
#5662=AXIS2_PLACEMENT_3D('',#6803,#6034,#6035);
#5663=AXIS2_PLACEMENT_3D('',#6836,#6036,#6037);
#5664=AXIS2_PLACEMENT_3D('',#6837,#6038,#6039);
#5665=AXIS2_PLACEMENT_3D('',#6839,#6041,#6042);
#5666=AXIS2_PLACEMENT_3D('',#6840,#6043,#6044);
#5667=AXIS2_PLACEMENT_3D('',#6855,#6047,#6048);
#5668=AXIS2_PLACEMENT_3D('',#6867,#6050,#6051);
#5669=AXIS2_PLACEMENT_3D('',#6891,#6053,#6054);
#5670=AXIS2_PLACEMENT_3D('',#6909,#6058,#6059);
#5671=AXIS2_PLACEMENT_3D('',#6915,#6063,#6064);
#5672=AXIS2_PLACEMENT_3D('',#6916,#6065,#6066);
#5673=AXIS2_PLACEMENT_3D('',#6918,#6067,#6068);
#5674=AXIS2_PLACEMENT_3D('',#6921,#6070,#6071);
#5675=AXIS2_PLACEMENT_3D('',#6922,#6072,#6073);
#5676=AXIS2_PLACEMENT_3D('',#6926,#6075,#6076);
#5677=AXIS2_PLACEMENT_3D('',#6927,#6077,#6078);
#5678=AXIS2_PLACEMENT_3D('',#6930,#6081,#6082);
#5679=AXIS2_PLACEMENT_3D('',#6932,#6084,#6085);
#5680=AXIS2_PLACEMENT_3D('',#6934,#6087,#6088);
#5681=AXIS2_PLACEMENT_3D('',#6935,#6089,#6090);
#5682=AXIS2_PLACEMENT_3D('',#6937,#6092,#6093);
#5683=AXIS2_PLACEMENT_3D('',#6938,#6094,#6095);
#5684=AXIS2_PLACEMENT_3D('',#6939,#6096,#6097);
#5685=AXIS2_PLACEMENT_3D('',#6983,#6101,#6102);
#5686=AXIS2_PLACEMENT_3D('',#7028,#6105,#6106);
#5687=AXIS2_PLACEMENT_3D('',#7037,#6107,#6108);
#5688=AXIS2_PLACEMENT_3D('',#7038,#6109,#6110);
#5689=AXIS2_PLACEMENT_3D('',#7161,#6111,#6112);
#5690=AXIS2_PLACEMENT_3D('',#7162,#6113,#6114);
#5691=AXIS2_PLACEMENT_3D('',#7199,#6117,#6118);
#5692=AXIS2_PLACEMENT_3D('',#7260,#6121,#6122);
#5693=AXIS2_PLACEMENT_3D('',#7272,#6124,#6125);
#5694=AXIS2_PLACEMENT_3D('',#7284,#6127,#6128);
#5695=AXIS2_PLACEMENT_3D('',#7296,#6130,#6131);
#5696=AXIS2_PLACEMENT_3D('',#7308,#6133,#6134);
#5697=AXIS2_PLACEMENT_3D('',#7317,#6135,#6136);
#5698=AXIS2_PLACEMENT_3D('',#7318,#6137,#6138);
#5699=AXIS2_PLACEMENT_3D('',#7361,#6141,#6142);
#5700=AXIS2_PLACEMENT_3D('',#7422,#6145,#6146);
#5701=AXIS2_PLACEMENT_3D('',#7434,#6148,#6149);
#5702=AXIS2_PLACEMENT_3D('',#7446,#6151,#6152);
#5703=AXIS2_PLACEMENT_3D('',#7458,#6154,#6155);
#5704=AXIS2_PLACEMENT_3D('',#7470,#6157,#6158);
#5705=AXIS2_PLACEMENT_3D('',#7479,#6159,#6160);
#5706=AXIS2_PLACEMENT_3D('',#7480,#6161,#6162);
#5707=AXIS2_PLACEMENT_3D('',#7481,#6163,#6164);
#5708=AXIS2_PLACEMENT_3D('',#7496,#6167,#6168);
#5709=AXIS2_PLACEMENT_3D('',#7533,#6171,#6172);
#5710=AXIS2_PLACEMENT_3D('',#7572,#6175,#6176);
#5711=AXIS2_PLACEMENT_3D('',#7611,#6179,#6180);
#5712=AXIS2_PLACEMENT_3D('',#7650,#6183,#6184);
#5713=AXIS2_PLACEMENT_3D('',#7662,#6186,#6187);
#5714=AXIS2_PLACEMENT_3D('',#7674,#6189,#6190);
#5715=AXIS2_PLACEMENT_3D('',#7713,#6193,#6194);
#5716=AXIS2_PLACEMENT_3D('',#7752,#6197,#6198);
#5717=AXIS2_PLACEMENT_3D('',#7761,#6199,#6200);
#5718=AXIS2_PLACEMENT_3D('',#7762,#6201,#6202);
#5719=AXIS2_PLACEMENT_3D('',#7821,#6203,#6204);
#5720=AXIS2_PLACEMENT_3D('',#7822,#6205,#6206);
#5721=AXIS2_PLACEMENT_3D('',#7823,#6207,#6208);
#5722=AXIS2_PLACEMENT_3D('',#7834,#6211,#6212);
#5723=AXIS2_PLACEMENT_3D('',#7842,#6214,#6215);
#5724=AXIS2_PLACEMENT_3D('',#7850,#6217,#6218);
#5725=AXIS2_PLACEMENT_3D('',#7855,#6219,#6220);
#5726=AXIS2_PLACEMENT_3D('',#7856,#6221,#6222);
#5727=AXIS2_PLACEMENT_3D('',#7857,#6223,#6224);
#5728=AXIS2_PLACEMENT_3D('',#7917,#6228,#6229);
#5729=AXIS2_PLACEMENT_3D('',#7971,#6231,#6232);
#5730=AXIS2_PLACEMENT_3D('',#7972,#6233,#6234);
#5731=AXIS2_PLACEMENT_3D('',#8007,#6237,#6238);
#5732=AXIS2_PLACEMENT_3D('',#8066,#6241,#6242);
#5733=AXIS2_PLACEMENT_3D('',#8078,#6244,#6245);
#5734=AXIS2_PLACEMENT_3D('',#8090,#6247,#6248);
#5735=AXIS2_PLACEMENT_3D('',#8102,#6250,#6251);
#5736=AXIS2_PLACEMENT_3D('',#8114,#6253,#6254);
#5737=AXIS2_PLACEMENT_3D('',#8123,#6255,#6256);
#5738=AXIS2_PLACEMENT_3D('',#8124,#6257,#6258);
#5739=AXIS2_PLACEMENT_3D('',#8159,#6261,#6262);
#5740=AXIS2_PLACEMENT_3D('',#8171,#6264,#6265);
#5741=AXIS2_PLACEMENT_3D('',#8183,#6267,#6268);
#5742=AXIS2_PLACEMENT_3D('',#8333,#6274,#6275);
#5743=AXIS2_PLACEMENT_3D('',#8342,#6276,#6277);
#5744=AXIS2_PLACEMENT_3D('',#8343,#6278,#6279);
#5745=AXIS2_PLACEMENT_3D('',#8408,#6282,#6283);
#5746=AXIS2_PLACEMENT_3D('',#8487,#6288,#6289);
#5747=AXIS2_PLACEMENT_3D('',#8496,#6290,#6291);
#5748=AXIS2_PLACEMENT_3D('',#8505,#6292,#6293);
#5749=AXIS2_PLACEMENT_3D('',#8506,#6294,#6295);
#5750=AXIS2_PLACEMENT_3D('',#8507,#6296,#6297);
#5751=AXIS2_PLACEMENT_3D('',#8518,#6300,#6301);
#5752=AXIS2_PLACEMENT_3D('',#8526,#6303,#6304);
#5753=AXIS2_PLACEMENT_3D('',#8534,#6306,#6307);
#5754=AXIS2_PLACEMENT_3D('',#8539,#6308,#6309);
#5755=AXIS2_PLACEMENT_3D('',#8540,#6310,#6311);
#5756=AXIS2_PLACEMENT_3D('',#8541,#6312,#6313);
#5757=AXIS2_PLACEMENT_3D('',#8552,#6316,#6317);
#5758=AXIS2_PLACEMENT_3D('',#8560,#6319,#6320);
#5759=AXIS2_PLACEMENT_3D('',#8568,#6322,#6323);
#5760=AXIS2_PLACEMENT_3D('',#8576,#6325,#6326);
#5761=AXIS2_PLACEMENT_3D('',#8584,#6328,#6329);
#5762=AXIS2_PLACEMENT_3D('',#8589,#6330,#6331);
#5763=AXIS2_PLACEMENT_3D('',#8590,#6332,#6333);
#5764=AXIS2_PLACEMENT_3D('',#8709,#6334,#6335);
#5765=AXIS2_PLACEMENT_3D('',#8710,#6336,#6337);
#5766=AXIS2_PLACEMENT_3D('',#8775,#6340,#6341);
#5767=AXIS2_PLACEMENT_3D('',#8856,#6346,#6347);
#5768=AXIS2_PLACEMENT_3D('',#8865,#6348,#6349);
#5769=AXIS2_PLACEMENT_3D('',#8874,#6350,#6351);
#5770=AXIS2_PLACEMENT_3D('',#8875,#6352,#6353);
#5771=AXIS2_PLACEMENT_3D('',#8876,#6354,#6355);
#5772=AXIS2_PLACEMENT_3D('',#8920,#6359,#6360);
#5773=AXIS2_PLACEMENT_3D('',#8932,#6362,#6363);
#5774=AXIS2_PLACEMENT_3D('',#8944,#6365,#6366);
#5775=AXIS2_PLACEMENT_3D('',#8956,#6368,#6369);
#5776=AXIS2_PLACEMENT_3D('',#8968,#6371,#6372);
#5777=AXIS2_PLACEMENT_3D('',#8980,#6374,#6375);
#5778=AXIS2_PLACEMENT_3D('',#8992,#6377,#6378);
#5779=AXIS2_PLACEMENT_3D('',#9004,#6380,#6381);
#5780=AXIS2_PLACEMENT_3D('',#9016,#6383,#6384);
#5781=AXIS2_PLACEMENT_3D('',#9062,#6386,#6387);
#5782=AXIS2_PLACEMENT_3D('',#9063,#6388,#6389);
#5783=AXIS2_PLACEMENT_3D('',#9064,#6390,#6391);
#5784=AXIS2_PLACEMENT_3D('',#9108,#6395,#6396);
#5785=AXIS2_PLACEMENT_3D('',#9120,#6398,#6399);
#5786=AXIS2_PLACEMENT_3D('',#9132,#6401,#6402);
#5787=AXIS2_PLACEMENT_3D('',#9144,#6404,#6405);
#5788=AXIS2_PLACEMENT_3D('',#9156,#6407,#6408);
#5789=AXIS2_PLACEMENT_3D('',#9168,#6410,#6411);
#5790=AXIS2_PLACEMENT_3D('',#9180,#6413,#6414);
#5791=AXIS2_PLACEMENT_3D('',#9192,#6416,#6417);
#5792=AXIS2_PLACEMENT_3D('',#9204,#6419,#6420);
#5793=AXIS2_PLACEMENT_3D('',#9250,#6422,#6423);
#5794=AXIS2_PLACEMENT_3D('',#9251,#6424,#6425);
#5795=AXIS2_PLACEMENT_3D('',#9252,#6426,#6427);
#5796=AXIS2_PLACEMENT_3D('',#9263,#6430,#6431);
#5797=AXIS2_PLACEMENT_3D('',#9271,#6433,#6434);
#5798=AXIS2_PLACEMENT_3D('',#9279,#6436,#6437);
#5799=AXIS2_PLACEMENT_3D('',#9284,#6438,#6439);
#5800=AXIS2_PLACEMENT_3D('',#9285,#6440,#6441);
#5801=AXIS2_PLACEMENT_3D('',#9348,#6444,#6445);
#5802=AXIS2_PLACEMENT_3D('',#9429,#6450,#6451);
#5803=AXIS2_PLACEMENT_3D('',#9438,#6452,#6453);
#5804=AXIS2_PLACEMENT_3D('',#9447,#6454,#6455);
#5805=AXIS2_PLACEMENT_3D('',#9448,#6456,#6457);
#5806=AXIS2_PLACEMENT_3D('',#9449,#6458,#6459);
#5807=AXIS2_PLACEMENT_3D('',#9501,#6463,#6464);
#5808=AXIS2_PLACEMENT_3D('',#9513,#6466,#6467);
#5809=AXIS2_PLACEMENT_3D('',#9525,#6469,#6470);
#5810=AXIS2_PLACEMENT_3D('',#9537,#6472,#6473);
#5811=AXIS2_PLACEMENT_3D('',#9549,#6475,#6476);
#5812=AXIS2_PLACEMENT_3D('',#9589,#6478,#6479);
#5813=AXIS2_PLACEMENT_3D('',#9590,#6480,#6481);
#5814=DIRECTION('',(0.,0.,1.));
#5815=DIRECTION('',(1.,0.,0.));
#5816=DIRECTION('',(0.,0.,1.));
#5817=DIRECTION('',(1.,0.,0.));
#5818=DIRECTION('',(-1.,0.,0.));
#5819=DIRECTION('',(0.,-1.,0.));
#5820=DIRECTION('',(1.,0.,0.));
#5821=DIRECTION('',(0.,-1.,0.));
#5822=DIRECTION('',(-1.,0.,0.));
#5823=DIRECTION('',(0.,-1.,0.));
#5824=DIRECTION('',(1.,0.,0.));
#5825=DIRECTION('',(0.,-1.,0.));
#5826=DIRECTION('',(-1.,0.,0.));
#5827=DIRECTION('',(0.,-1.,0.));
#5828=DIRECTION('',(1.,0.,0.));
#5829=DIRECTION('',(-1.70740499604016E-16,-1.,0.));
#5830=DIRECTION('',(-1.,0.,0.));
#5831=DIRECTION('',(0.,0.,1.));
#5832=DIRECTION('',(0.,0.,1.));
#5833=DIRECTION('',(-1.54237127013565E-16,1.,0.));
#5834=DIRECTION('',(0.,0.,-1.));
#5835=DIRECTION('',(0.,1.,0.));
#5836=DIRECTION('',(0.,0.,1.));
#5837=DIRECTION('',(1.70740499604016E-16,1.,0.));
#5838=DIRECTION('',(-0.707106781186548,0.707106781186547,0.));
#5839=DIRECTION('',(-0.707106781186547,-0.707106781186548,0.));
#5840=DIRECTION('',(0.,0.,1.));
#5841=DIRECTION('',(0.707106781186547,0.707106781186548,0.));
#5842=DIRECTION('',(0.707106781186547,0.707106781186548,0.));
#5843=DIRECTION('',(-0.707106781186547,-0.707106781186548,0.));
#5844=DIRECTION('',(0.707106781186548,-0.707106781186547,0.));
#5845=DIRECTION('',(-0.707106781186548,0.707106781186547,0.));
#5846=DIRECTION('',(0.707106781186548,-0.707106781186547,0.));
#5847=DIRECTION('',(0.,0.,1.));
#5848=DIRECTION('',(1.,0.,0.));
#5849=DIRECTION('',(0.,0.,-1.));
#5850=DIRECTION('',(1.54237127013565E-16,-1.,0.));
#5851=DIRECTION('',(0.,0.,1.));
#5852=DIRECTION('',(0.,1.,0.));
#5853=DIRECTION('',(0.,0.,1.));
#5854=DIRECTION('',(0.,-1.,0.));
#5855=DIRECTION('',(0.,0.,-1.));
#5856=DIRECTION('',(0.,-1.,0.));
#5857=DIRECTION('',(0.,0.,-1.));
#5858=DIRECTION('',(-1.,0.,0.));
#5859=DIRECTION('',(0.,0.,1.));
#5860=DIRECTION('',(0.,0.,1.));
#5861=DIRECTION('',(0.,0.,1.));
#5862=DIRECTION('',(-1.,0.,0.));
#5863=DIRECTION('',(0.,0.,1.));
#5864=DIRECTION('',(1.54237127013565E-16,1.,0.));
#5865=DIRECTION('',(0.,0.,1.));
#5866=DIRECTION('',(-1.70740499604016E-16,1.,0.));
#5867=DIRECTION('',(0.,0.,1.));
#5868=DIRECTION('',(0.,1.,0.));
#5869=DIRECTION('',(0.,0.,-1.));
#5870=DIRECTION('',(-0.707106781186548,-0.707106781186547,0.));
#5871=DIRECTION('',(0.707106781186547,-0.707106781186548,0.));
#5872=DIRECTION('',(-0.707106781186547,0.707106781186548,0.));
#5873=DIRECTION('',(-0.707106781186547,0.707106781186548,0.));
#5874=DIRECTION('',(-0.707106781186547,0.707106781186548,0.));
#5875=DIRECTION('',(-0.707106781186548,-0.707106781186547,0.));
#5876=DIRECTION('',(0.707106781186548,0.707106781186547,0.));
#5877=DIRECTION('',(0.,0.,1.));
#5878=DIRECTION('',(-0.707106781186548,-0.707106781186547,0.));
#5879=DIRECTION('',(0.,1.,0.));
#5880=DIRECTION('',(0.,0.,1.));
#5881=DIRECTION('',(0.,0.,1.));
#5882=DIRECTION('',(1.,0.,0.));
#5883=DIRECTION('',(0.,0.,1.));
#5884=DIRECTION('',(0.,0.,1.));
#5885=DIRECTION('',(0.,0.,1.));
#5886=DIRECTION('',(1.,0.,0.));
#5887=DIRECTION('',(-0.707106781186548,0.707106781186547,0.));
#5888=DIRECTION('',(0.,-1.,0.));
#5889=DIRECTION('',(1.,0.,0.));
#5890=DIRECTION('',(1.,0.,0.));
#5891=DIRECTION('',(0.,0.,-1.));
#5892=DIRECTION('',(0.,0.,1.));
#5893=DIRECTION('',(-1.54237127013565E-16,-1.,0.));
#5894=DIRECTION('',(0.,0.,-1.));
#5895=DIRECTION('',(0.,0.,1.));
#5896=DIRECTION('',(0.,1.,0.));
#5897=DIRECTION('',(0.,-1.,0.));
#5898=DIRECTION('',(0.,0.,-1.));
#5899=DIRECTION('',(0.,0.,1.));
#5900=DIRECTION('',(0.,0.,1.));
#5901=DIRECTION('',(1.,0.,0.));
#5902=DIRECTION('',(0.,0.,-1.));
#5903=DIRECTION('',(-1.,0.,0.));
#5904=DIRECTION('',(0.,1.,0.));
#5905=DIRECTION('',(-1.,0.,0.));
#5906=DIRECTION('',(0.,-1.,0.));
#5907=DIRECTION('',(1.,0.,0.));
#5908=DIRECTION('',(0.,1.,1.43479411431947E-16));
#5909=DIRECTION('',(0.,-1.43479411431947E-16,1.));
#5910=DIRECTION('',(0.,1.43479411431947E-16,-1.));
#5911=DIRECTION('',(0.,1.43479411431947E-16,-1.));
#5912=DIRECTION('',(-1.,0.,0.));
#5913=DIRECTION('',(1.,0.,0.));
#5914=DIRECTION('',(0.,0.,-1.));
#5915=DIRECTION('',(0.,-1.,0.));
#5916=DIRECTION('',(1.,0.,0.));
#5917=DIRECTION('',(0.,0.,-1.));
#5918=DIRECTION('',(0.,1.,0.));
#5919=DIRECTION('',(0.,0.984807753012751,-0.173648177663852));
#5920=DIRECTION('',(-1.,0.,0.));
#5921=DIRECTION('',(-0.171087869741175,-0.171087869743149,-0.97028752524918));
#5922=DIRECTION('',(-0.171087869741175,0.171087869743149,0.97028752524918));
#5923=DIRECTION('',(0.984807753013093,0.,0.173648177661909));
#5924=DIRECTION('',(0.,1.,0.));
#5925=DIRECTION('',(0.17108786974129,0.171087869739316,-0.970287525249836));
#5926=DIRECTION('',(0.984807753013093,0.,-0.173648177661908));
#5927=DIRECTION('',(0.,-1.,0.));
#5928=DIRECTION('',(-0.17108786974129,0.171087869739316,-0.970287525249836));
#5929=DIRECTION('',(0.,-0.984807753013436,-0.173648177659965));
#5930=DIRECTION('',(-1.,0.,0.));
#5931=DIRECTION('',(0.,0.,1.));
#5932=DIRECTION('',(1.,0.,0.));
#5933=DIRECTION('',(0.707106781186548,0.707106781186547,0.));
#5934=DIRECTION('',(-1.,0.,0.));
#5935=DIRECTION('',(0.707106781186548,-0.707106781186548,0.));
#5936=DIRECTION('',(0.707106781186548,0.707106781186548,0.));
#5937=DIRECTION('',(0.,0.,1.));
#5938=DIRECTION('',(-0.707106781186548,-0.707106781186548,0.));
#5939=DIRECTION('',(0.707106781186548,0.707106781186548,0.));
#5940=DIRECTION('',(0.,1.,0.));
#5941=DIRECTION('',(0.,0.,1.));
#5942=DIRECTION('',(1.,0.,0.));
#5943=DIRECTION('',(0.,0.,1.));
#5944=DIRECTION('',(1.,0.,0.));
#5945=DIRECTION('',(1.,0.,0.));
#5946=DIRECTION('',(0.,1.,0.));
#5947=DIRECTION('',(-1.,0.,0.));
#5948=DIRECTION('',(0.,-1.,0.));
#5949=DIRECTION('',(0.707106781186548,-0.707106781186548,0.));
#5950=DIRECTION('',(-1.,0.,0.));
#5951=DIRECTION('',(0.,1.,0.));
#5952=DIRECTION('',(-1.,0.,0.));
#5953=DIRECTION('',(0.,-1.,0.));
#5954=DIRECTION('',(1.,0.,0.));
#5955=DIRECTION('',(0.,0.173648177666931,-0.984807753012208));
#5956=DIRECTION('',(-1.,0.,0.));
#5957=DIRECTION('',(-1.,0.,0.));
#5958=DIRECTION('',(1.,0.,0.));
#5959=DIRECTION('',(0.,1.,0.));
#5960=DIRECTION('',(0.,0.,1.));
#5961=DIRECTION('',(1.,0.,0.));
#5962=DIRECTION('',(0.,0.173648177663852,0.984807753012751));
#5963=DIRECTION('',(-1.,0.,0.));
#5964=DIRECTION('',(-1.,0.,0.));
#5965=DIRECTION('',(0.,4.96338661639582E-17,-1.));
#5966=DIRECTION('',(0.,1.,4.96338661639582E-17));
#5967=DIRECTION('',(0.,-1.,-4.96338661639582E-17));
#5968=DIRECTION('',(-1.,0.,0.));
#5969=DIRECTION('',(0.,-1.,-4.96338661639582E-17));
#5970=DIRECTION('',(0.,0.,1.));
#5971=DIRECTION('',(1.,0.,0.));
#5972=DIRECTION('',(0.,1.,0.));
#5973=DIRECTION('',(-1.,0.,0.));
#5974=DIRECTION('',(0.,1.,0.));
#5975=DIRECTION('',(-1.,0.,0.));
#5976=DIRECTION('',(0.,0.,1.));
#5977=DIRECTION('',(1.,0.,0.));
#5978=DIRECTION('',(0.,0.,-1.));
#5979=DIRECTION('',(1.,0.,0.));
#5980=DIRECTION('',(0.,0.,-1.));
#5981=DIRECTION('',(-1.,0.,0.));
#5982=DIRECTION('',(1.,0.,0.));
#5983=DIRECTION('',(0.,0.,-1.));
#5984=DIRECTION('',(1.,0.,0.));
#5985=DIRECTION('',(0.,0.,-1.));
#5986=DIRECTION('',(-1.,0.,0.));
#5987=DIRECTION('',(1.,0.,0.));
#5988=DIRECTION('',(0.,0.,-1.));
#5989=DIRECTION('',(0.,1.,1.43479411431947E-16));
#5990=DIRECTION('',(0.,-1.43479411431947E-16,1.));
#5991=DIRECTION('',(0.,1.43479411431947E-16,-1.));
#5992=DIRECTION('',(0.,1.43479411431947E-16,-1.));
#5993=DIRECTION('',(1.,0.,0.));
#5994=DIRECTION('',(0.,0.,-1.));
#5995=DIRECTION('',(0.,0.,1.));
#5996=DIRECTION('',(0.,-1.,0.));
#5997=DIRECTION('',(0.,0.,-1.));
#5998=DIRECTION('',(0.,0.,1.));
#5999=DIRECTION('',(1.,0.,0.));
#6000=DIRECTION('',(0.,0.,-1.));
#6001=DIRECTION('',(0.707106781186547,0.707106781186548,0.));
#6002=DIRECTION('',(-0.707106781186548,0.707106781186547,0.));
#6003=DIRECTION('',(-0.707106781186548,0.707106781186547,0.));
#6004=DIRECTION('',(0.,0.,1.));
#6005=DIRECTION('',(1.,0.,0.));
#6006=DIRECTION('',(-1.70740499604016E-16,-1.,0.));
#6007=DIRECTION('',(-1.,1.70740499604016E-16,0.));
#6008=DIRECTION('',(-1.70740499604016E-16,-1.,0.));
#6009=DIRECTION('',(1.70740499604016E-16,-1.,0.));
#6010=DIRECTION('',(0.,0.,-1.));
#6011=DIRECTION('',(-1.,0.,0.));
#6012=DIRECTION('',(0.,-1.,0.));
#6013=DIRECTION('',(-1.,0.,0.));
#6014=DIRECTION('',(0.,0.,1.));
#6015=DIRECTION('',(0.,-1.,0.));
#6016=DIRECTION('',(0.,-1.,1.43479411431947E-16));
#6017=DIRECTION('',(0.,-1.43479411431947E-16,-1.));
#6018=DIRECTION('',(0.,1.43479411431947E-16,1.));
#6019=DIRECTION('',(0.,1.43479411431947E-16,1.));
#6020=DIRECTION('',(1.,0.,0.));
#6021=DIRECTION('',(0.,0.,-1.));
#6022=DIRECTION('',(-1.,0.,0.));
#6023=DIRECTION('',(-1.,0.,0.));
#6024=DIRECTION('',(1.,0.,0.));
#6025=DIRECTION('',(0.,1.,0.));
#6026=DIRECTION('',(0.,0.,1.));
#6027=DIRECTION('',(0.,0.,-1.));
#6028=DIRECTION('',(0.,0.,-1.));
#6029=DIRECTION('',(-1.,0.,0.));
#6030=DIRECTION('',(1.,0.,0.));
#6031=DIRECTION('',(0.,0.,-1.));
#6032=DIRECTION('',(1.,0.,0.));
#6033=DIRECTION('',(0.,0.,-1.));
#6034=DIRECTION('',(0.,0.984807753012751,-0.173648177663853));
#6035=DIRECTION('',(-1.,0.,0.));
#6036=DIRECTION('',(0.,-0.984807753019,-0.17364817762841));
#6037=DIRECTION('',(-1.,0.,0.));
#6038=DIRECTION('',(0.707106781186548,0.707106781186548,0.));
#6039=DIRECTION('',(-0.707106781186548,0.707106781186548,0.));
#6040=DIRECTION('',(-0.707106781186548,0.707106781186548,0.));
#6041=DIRECTION('',(0.,-1.,0.));
#6042=DIRECTION('',(0.,0.,-1.));
#6043=DIRECTION('',(0.,-0.173648177651311,0.984807753014962));
#6044=DIRECTION('',(-1.,0.,0.));
#6045=DIRECTION('',(-1.,0.,0.));
#6046=DIRECTION('',(1.,0.,0.));
#6047=DIRECTION('',(0.,-1.,0.));
#6048=DIRECTION('',(0.,0.,-1.));
#6049=DIRECTION('',(1.,0.,0.));
#6050=DIRECTION('',(0.,-0.173648177663852,-0.984807753012751));
#6051=DIRECTION('',(-1.,0.,0.));
#6052=DIRECTION('',(-1.,0.,0.));
#6053=DIRECTION('',(0.,0.,1.));
#6054=DIRECTION('',(1.,0.,0.));
#6055=DIRECTION('',(0.,1.,0.));
#6056=DIRECTION('',(-1.,0.,0.));
#6057=DIRECTION('',(0.,1.,0.));
#6058=DIRECTION('',(0.,-4.96338661639582E-17,-1.));
#6059=DIRECTION('',(0.,1.,-4.96338661639582E-17));
#6060=DIRECTION('',(0.,-1.,4.96338661639582E-17));
#6061=DIRECTION('',(-1.,0.,0.));
#6062=DIRECTION('',(0.,-1.,4.96338661639582E-17));
#6063=DIRECTION('',(1.,0.,0.));
#6064=DIRECTION('',(0.,0.,-1.));
#6065=DIRECTION('',(1.,0.,0.));
#6066=DIRECTION('',(0.,0.,-1.));
#6067=DIRECTION('',(1.,0.,0.));
#6068=DIRECTION('',(0.,0.,-1.));
#6069=DIRECTION('',(-1.,0.,0.));
#6070=DIRECTION('',(-1.,0.,0.));
#6071=DIRECTION('',(0.,0.,1.));
#6072=DIRECTION('',(1.,0.,0.));
#6073=DIRECTION('',(0.,0.,-1.));
#6074=DIRECTION('',(-1.,0.,0.));
#6075=DIRECTION('',(1.,0.,0.));
#6076=DIRECTION('',(0.,0.,-1.));
#6077=DIRECTION('',(0.,1.,0.));
#6078=DIRECTION('',(0.,0.,1.));
#6079=DIRECTION('',(0.,0.,-1.));
#6080=DIRECTION('',(0.,0.,-1.));
#6081=DIRECTION('',(1.,0.,0.));
#6082=DIRECTION('',(0.,0.,-1.));
#6083=DIRECTION('',(0.,1.43479411431947E-16,1.));
#6084=DIRECTION('',(0.,-1.,1.43479411431947E-16));
#6085=DIRECTION('',(0.,-1.43479411431947E-16,-1.));
#6086=DIRECTION('',(0.,1.43479411431947E-16,1.));
#6087=DIRECTION('',(1.,0.,0.));
#6088=DIRECTION('',(0.,0.,-1.));
#6089=DIRECTION('',(0.707106781186547,-0.707106781186548,0.));
#6090=DIRECTION('',(0.707106781186548,0.707106781186547,0.));
#6091=DIRECTION('',(0.707106781186548,0.707106781186547,0.));
#6092=DIRECTION('',(0.,0.,1.));
#6093=DIRECTION('',(1.,0.,0.));
#6094=DIRECTION('',(0.,0.,-1.));
#6095=DIRECTION('',(-1.,0.,0.));
#6096=DIRECTION('',(-1.,0.,0.));
#6097=DIRECTION('',(0.,0.,1.));
#6098=DIRECTION('',(0.,-1.,0.));
#6099=DIRECTION('',(0.,-1.,0.));
#6100=DIRECTION('',(0.,-1.,0.));
#6101=DIRECTION('',(1.,0.,0.));
#6102=DIRECTION('',(0.,0.,-1.));
#6103=DIRECTION('',(0.,-1.,0.));
#6104=DIRECTION('',(0.,-1.,0.));
#6105=DIRECTION('',(0.,0.,-1.));
#6106=DIRECTION('',(-1.,0.,0.));
#6107=DIRECTION('',(0.,-1.,0.));
#6108=DIRECTION('',(0.,0.,-1.));
#6109=DIRECTION('',(0.,-1.,0.));
#6110=DIRECTION('',(0.,0.,-1.));
#6111=DIRECTION('',(0.,-1.,0.));
#6112=DIRECTION('',(0.,0.,-1.));
#6113=DIRECTION('',(0.,-1.,0.));
#6114=DIRECTION('',(0.,0.,-1.));
#6115=DIRECTION('',(0.,-1.,0.));
#6116=DIRECTION('',(0.,-1.,0.));
#6117=DIRECTION('',(0.,0.,1.));
#6118=DIRECTION('',(1.,0.,0.));
#6119=DIRECTION('',(0.,-1.,0.));
#6120=DIRECTION('',(0.,-1.,0.));
#6121=DIRECTION('',(0.,0.,1.));
#6122=DIRECTION('',(1.,0.,0.));
#6123=DIRECTION('',(0.,-1.,0.));
#6124=DIRECTION('',(1.,0.,0.));
#6125=DIRECTION('',(0.,0.,-1.));
#6126=DIRECTION('',(0.,-1.,0.));
#6127=DIRECTION('',(0.,0.,-1.));
#6128=DIRECTION('',(-1.,0.,0.));
#6129=DIRECTION('',(0.,-1.,0.));
#6130=DIRECTION('',(-1.,0.,0.));
#6131=DIRECTION('',(0.,0.,1.));
#6132=DIRECTION('',(0.,-1.,0.));
#6133=DIRECTION('',(0.,0.,-1.));
#6134=DIRECTION('',(-1.,0.,0.));
#6135=DIRECTION('',(0.,-1.,0.));
#6136=DIRECTION('',(0.,0.,-1.));
#6137=DIRECTION('',(0.,-1.,0.));
#6138=DIRECTION('',(0.,0.,-1.));
#6139=DIRECTION('',(0.,-1.,0.));
#6140=DIRECTION('',(0.,-1.,0.));
#6141=DIRECTION('',(0.,0.,1.));
#6142=DIRECTION('',(1.,0.,0.));
#6143=DIRECTION('',(0.,-1.,0.));
#6144=DIRECTION('',(0.,-1.,0.));
#6145=DIRECTION('',(0.,0.,1.));
#6146=DIRECTION('',(1.,0.,0.));
#6147=DIRECTION('',(0.,-1.,0.));
#6148=DIRECTION('',(1.,0.,0.));
#6149=DIRECTION('',(0.,0.,-1.));
#6150=DIRECTION('',(0.,-1.,0.));
#6151=DIRECTION('',(0.,0.,-1.));
#6152=DIRECTION('',(-1.,0.,0.));
#6153=DIRECTION('',(0.,-1.,0.));
#6154=DIRECTION('',(-1.,0.,0.));
#6155=DIRECTION('',(0.,0.,1.));
#6156=DIRECTION('',(0.,-1.,0.));
#6157=DIRECTION('',(0.,0.,-1.));
#6158=DIRECTION('',(-1.,0.,0.));
#6159=DIRECTION('',(0.,-1.,0.));
#6160=DIRECTION('',(0.,0.,-1.));
#6161=DIRECTION('',(0.,-1.,0.));
#6162=DIRECTION('',(0.,0.,-1.));
#6163=DIRECTION('',(-1.,0.,0.));
#6164=DIRECTION('',(0.,0.,1.));
#6165=DIRECTION('',(0.,-1.,0.));
#6166=DIRECTION('',(0.,-1.,0.));
#6167=DIRECTION('',(0.,0.,1.));
#6168=DIRECTION('',(1.,0.,0.));
#6169=DIRECTION('',(0.,-1.,0.));
#6170=DIRECTION('',(0.,-1.,0.));
#6171=DIRECTION('',(0.,0.,1.));
#6172=DIRECTION('',(1.,0.,0.));
#6173=DIRECTION('',(0.,-1.,0.));
#6174=DIRECTION('',(0.,-1.,0.));
#6175=DIRECTION('',(0.,0.,1.));
#6176=DIRECTION('',(1.,0.,0.));
#6177=DIRECTION('',(0.,-1.,0.));
#6178=DIRECTION('',(0.,-1.,0.));
#6179=DIRECTION('',(0.,0.,1.));
#6180=DIRECTION('',(1.,0.,0.));
#6181=DIRECTION('',(0.,-1.,0.));
#6182=DIRECTION('',(0.,-1.,0.));
#6183=DIRECTION('',(0.,0.,1.));
#6184=DIRECTION('',(1.,0.,0.));
#6185=DIRECTION('',(0.,-1.,0.));
#6186=DIRECTION('',(1.,0.,0.));
#6187=DIRECTION('',(0.,0.,-1.));
#6188=DIRECTION('',(0.,-1.,0.));
#6189=DIRECTION('',(0.,0.,-1.));
#6190=DIRECTION('',(-1.,0.,0.));
#6191=DIRECTION('',(0.,-1.,0.));
#6192=DIRECTION('',(0.,-1.,0.));
#6193=DIRECTION('',(0.,0.,-1.));
#6194=DIRECTION('',(-1.,0.,0.));
#6195=DIRECTION('',(0.,-1.,0.));
#6196=DIRECTION('',(0.,-1.,0.));
#6197=DIRECTION('',(0.,0.,-1.));
#6198=DIRECTION('',(-1.,0.,0.));
#6199=DIRECTION('',(0.,-1.,0.));
#6200=DIRECTION('',(0.,0.,-1.));
#6201=DIRECTION('',(0.,-1.,0.));
#6202=DIRECTION('',(0.,0.,-1.));
#6203=DIRECTION('',(0.,-1.,0.));
#6204=DIRECTION('',(0.,0.,-1.));
#6205=DIRECTION('',(0.,-1.,0.));
#6206=DIRECTION('',(0.,0.,-1.));
#6207=DIRECTION('',(-1.,0.,0.));
#6208=DIRECTION('',(0.,0.,1.));
#6209=DIRECTION('',(0.,-1.,0.));
#6210=DIRECTION('',(0.,-1.,0.));
#6211=DIRECTION('',(0.,0.,1.));
#6212=DIRECTION('',(1.,0.,0.));
#6213=DIRECTION('',(0.,-1.,0.));
#6214=DIRECTION('',(1.,0.,0.));
#6215=DIRECTION('',(0.,0.,-1.));
#6216=DIRECTION('',(0.,-1.,0.));
#6217=DIRECTION('',(0.,0.,-1.));
#6218=DIRECTION('',(-1.,0.,0.));
#6219=DIRECTION('',(0.,-1.,0.));
#6220=DIRECTION('',(0.,0.,-1.));
#6221=DIRECTION('',(0.,-1.,0.));
#6222=DIRECTION('',(0.,0.,-1.));
#6223=DIRECTION('',(-1.,0.,0.));
#6224=DIRECTION('',(0.,0.,1.));
#6225=DIRECTION('',(0.,-1.,0.));
#6226=DIRECTION('',(0.,-1.,0.));
#6227=DIRECTION('',(0.,-1.,0.));
#6228=DIRECTION('',(-1.,0.,0.));
#6229=DIRECTION('',(0.,0.,1.));
#6230=DIRECTION('',(0.,-1.,0.));
#6231=DIRECTION('',(0.,-1.,0.));
#6232=DIRECTION('',(0.,0.,-1.));
#6233=DIRECTION('',(0.,-1.,0.));
#6234=DIRECTION('',(0.,0.,-1.));
#6235=DIRECTION('',(0.,-1.,0.));
#6236=DIRECTION('',(0.,-1.,0.));
#6237=DIRECTION('',(0.,0.,1.));
#6238=DIRECTION('',(1.,0.,0.));
#6239=DIRECTION('',(0.,-1.,0.));
#6240=DIRECTION('',(0.,-1.,0.));
#6241=DIRECTION('',(0.,0.,1.));
#6242=DIRECTION('',(1.,0.,0.));
#6243=DIRECTION('',(0.,-1.,0.));
#6244=DIRECTION('',(1.,0.,0.));
#6245=DIRECTION('',(0.,0.,-1.));
#6246=DIRECTION('',(0.,-1.,0.));
#6247=DIRECTION('',(0.,0.,-1.));
#6248=DIRECTION('',(-1.,0.,0.));
#6249=DIRECTION('',(0.,-1.,0.));
#6250=DIRECTION('',(-1.,0.,0.));
#6251=DIRECTION('',(0.,0.,1.));
#6252=DIRECTION('',(0.,-1.,0.));
#6253=DIRECTION('',(0.,0.,-1.));
#6254=DIRECTION('',(-1.,0.,0.));
#6255=DIRECTION('',(0.,-1.,0.));
#6256=DIRECTION('',(0.,0.,-1.));
#6257=DIRECTION('',(0.,-1.,0.));
#6258=DIRECTION('',(0.,0.,-1.));
#6259=DIRECTION('',(0.,-1.,0.));
#6260=DIRECTION('',(0.,-1.,0.));
#6261=DIRECTION('',(0.,0.,1.));
#6262=DIRECTION('',(1.,0.,0.));
#6263=DIRECTION('',(0.,-1.,0.));
#6264=DIRECTION('',(1.,0.,0.));
#6265=DIRECTION('',(0.,0.,-1.));
#6266=DIRECTION('',(0.,-1.,0.));
#6267=DIRECTION('',(0.,0.,1.));
#6268=DIRECTION('',(1.,0.,0.));
#6269=DIRECTION('',(0.,-1.,0.));
#6270=DIRECTION('',(0.,-1.,0.));
#6271=DIRECTION('',(0.,-1.,0.));
#6272=DIRECTION('',(0.,-1.,0.));
#6273=DIRECTION('',(0.,-1.,0.));
#6274=DIRECTION('',(1.,0.,0.));
#6275=DIRECTION('',(0.,0.,-1.));
#6276=DIRECTION('',(0.,-1.,0.));
#6277=DIRECTION('',(0.,0.,-1.));
#6278=DIRECTION('',(0.,-1.,0.));
#6279=DIRECTION('',(0.,0.,-1.));
#6280=DIRECTION('',(0.,-1.,0.));
#6281=DIRECTION('',(0.,-1.,0.));
#6282=DIRECTION('',(0.,0.,1.));
#6283=DIRECTION('',(1.,0.,0.));
#6284=DIRECTION('',(0.,-1.,0.));
#6285=DIRECTION('',(0.,-1.,0.));
#6286=DIRECTION('',(0.,-1.,0.));
#6287=DIRECTION('',(0.,-1.,0.));
#6288=DIRECTION('',(0.,0.,-1.));
#6289=DIRECTION('',(-1.,0.,0.));
#6290=DIRECTION('',(-1.,0.,0.));
#6291=DIRECTION('',(0.,0.,1.));
#6292=DIRECTION('',(0.,-1.,0.));
#6293=DIRECTION('',(0.,0.,-1.));
#6294=DIRECTION('',(0.,-1.,0.));
#6295=DIRECTION('',(0.,0.,-1.));
#6296=DIRECTION('',(-1.,0.,0.));
#6297=DIRECTION('',(0.,0.,1.));
#6298=DIRECTION('',(0.,-1.,0.));
#6299=DIRECTION('',(0.,-1.,0.));
#6300=DIRECTION('',(0.,0.,1.));
#6301=DIRECTION('',(1.,0.,0.));
#6302=DIRECTION('',(0.,-1.,0.));
#6303=DIRECTION('',(1.,0.,0.));
#6304=DIRECTION('',(0.,0.,-1.));
#6305=DIRECTION('',(0.,-1.,0.));
#6306=DIRECTION('',(0.,0.,-1.));
#6307=DIRECTION('',(-1.,0.,0.));
#6308=DIRECTION('',(0.,-1.,0.));
#6309=DIRECTION('',(0.,0.,-1.));
#6310=DIRECTION('',(0.,-1.,0.));
#6311=DIRECTION('',(0.,0.,-1.));
#6312=DIRECTION('',(-1.,0.,0.));
#6313=DIRECTION('',(0.,0.,1.));
#6314=DIRECTION('',(0.,-1.,0.));
#6315=DIRECTION('',(0.,-1.,0.));
#6316=DIRECTION('',(0.,0.,1.));
#6317=DIRECTION('',(1.,0.,0.));
#6318=DIRECTION('',(0.,-1.,0.));
#6319=DIRECTION('',(1.,0.,0.));
#6320=DIRECTION('',(0.,0.,-1.));
#6321=DIRECTION('',(0.,-1.,0.));
#6322=DIRECTION('',(0.,0.,-1.));
#6323=DIRECTION('',(-1.,0.,0.));
#6324=DIRECTION('',(0.,-1.,0.));
#6325=DIRECTION('',(-1.,0.,0.));
#6326=DIRECTION('',(0.,0.,1.));
#6327=DIRECTION('',(0.,-1.,0.));
#6328=DIRECTION('',(0.,0.,-1.));
#6329=DIRECTION('',(-1.,0.,0.));
#6330=DIRECTION('',(0.,-1.,0.));
#6331=DIRECTION('',(0.,0.,-1.));
#6332=DIRECTION('',(0.,-1.,0.));
#6333=DIRECTION('',(0.,0.,-1.));
#6334=DIRECTION('',(0.,-1.,0.));
#6335=DIRECTION('',(0.,0.,-1.));
#6336=DIRECTION('',(0.,-1.,0.));
#6337=DIRECTION('',(0.,0.,-1.));
#6338=DIRECTION('',(0.,-1.,0.));
#6339=DIRECTION('',(0.,-1.,0.));
#6340=DIRECTION('',(0.,0.,1.));
#6341=DIRECTION('',(1.,0.,0.));
#6342=DIRECTION('',(0.,-1.,0.));
#6343=DIRECTION('',(0.,-1.,0.));
#6344=DIRECTION('',(0.,-1.,0.));
#6345=DIRECTION('',(0.,-1.,0.));
#6346=DIRECTION('',(0.,0.,-1.));
#6347=DIRECTION('',(-1.,0.,0.));
#6348=DIRECTION('',(-1.,0.,0.));
#6349=DIRECTION('',(0.,0.,1.));
#6350=DIRECTION('',(0.,-1.,0.));
#6351=DIRECTION('',(0.,0.,-1.));
#6352=DIRECTION('',(0.,-1.,0.));
#6353=DIRECTION('',(0.,0.,-1.));
#6354=DIRECTION('',(-1.,0.,0.));
#6355=DIRECTION('',(0.,0.,1.));
#6356=DIRECTION('',(0.,-1.,0.));
#6357=DIRECTION('',(0.,-1.,0.));
#6358=DIRECTION('',(0.,-1.,0.));
#6359=DIRECTION('',(0.,0.,-1.));
#6360=DIRECTION('',(-1.,0.,0.));
#6361=DIRECTION('',(0.,-1.,0.));
#6362=DIRECTION('',(-1.,0.,0.));
#6363=DIRECTION('',(0.,0.,1.));
#6364=DIRECTION('',(0.,-1.,0.));
#6365=DIRECTION('',(0.,0.,1.));
#6366=DIRECTION('',(1.,0.,0.));
#6367=DIRECTION('',(0.,-1.,0.));
#6368=DIRECTION('',(-1.,0.,0.));
#6369=DIRECTION('',(0.,0.,1.));
#6370=DIRECTION('',(0.,-1.,0.));
#6371=DIRECTION('',(0.,0.,1.));
#6372=DIRECTION('',(1.,0.,0.));
#6373=DIRECTION('',(0.,-1.,0.));
#6374=DIRECTION('',(1.,0.,0.));
#6375=DIRECTION('',(0.,0.,-1.));
#6376=DIRECTION('',(0.,-1.,0.));
#6377=DIRECTION('',(0.,0.,1.));
#6378=DIRECTION('',(1.,0.,0.));
#6379=DIRECTION('',(0.,-1.,0.));
#6380=DIRECTION('',(1.,0.,0.));
#6381=DIRECTION('',(0.,0.,-1.));
#6382=DIRECTION('',(0.,-1.,0.));
#6383=DIRECTION('',(0.,0.,-1.));
#6384=DIRECTION('',(-1.,0.,0.));
#6385=DIRECTION('',(0.,-1.,0.));
#6386=DIRECTION('',(0.,1.,0.));
#6387=DIRECTION('',(0.,0.,1.));
#6388=DIRECTION('',(0.,1.,0.));
#6389=DIRECTION('',(0.,0.,1.));
#6390=DIRECTION('',(-1.,0.,0.));
#6391=DIRECTION('',(0.,0.,1.));
#6392=DIRECTION('',(0.,-1.,0.));
#6393=DIRECTION('',(0.,-1.,0.));
#6394=DIRECTION('',(0.,-1.,0.));
#6395=DIRECTION('',(0.,0.,-1.));
#6396=DIRECTION('',(-1.,0.,0.));
#6397=DIRECTION('',(0.,-1.,0.));
#6398=DIRECTION('',(-1.,0.,0.));
#6399=DIRECTION('',(0.,0.,1.));
#6400=DIRECTION('',(0.,-1.,0.));
#6401=DIRECTION('',(0.,0.,1.));
#6402=DIRECTION('',(1.,0.,0.));
#6403=DIRECTION('',(0.,-1.,0.));
#6404=DIRECTION('',(-1.,0.,0.));
#6405=DIRECTION('',(0.,0.,1.));
#6406=DIRECTION('',(0.,-1.,0.));
#6407=DIRECTION('',(0.,0.,1.));
#6408=DIRECTION('',(1.,0.,0.));
#6409=DIRECTION('',(0.,-1.,0.));
#6410=DIRECTION('',(1.,0.,0.));
#6411=DIRECTION('',(0.,0.,-1.));
#6412=DIRECTION('',(0.,-1.,0.));
#6413=DIRECTION('',(0.,0.,1.));
#6414=DIRECTION('',(1.,0.,0.));
#6415=DIRECTION('',(0.,-1.,0.));
#6416=DIRECTION('',(1.,0.,0.));
#6417=DIRECTION('',(0.,0.,-1.));
#6418=DIRECTION('',(0.,-1.,0.));
#6419=DIRECTION('',(0.,0.,-1.));
#6420=DIRECTION('',(-1.,0.,0.));
#6421=DIRECTION('',(0.,-1.,0.));
#6422=DIRECTION('',(0.,1.,0.));
#6423=DIRECTION('',(0.,0.,1.));
#6424=DIRECTION('',(0.,1.,0.));
#6425=DIRECTION('',(0.,0.,1.));
#6426=DIRECTION('',(-1.,0.,0.));
#6427=DIRECTION('',(0.,0.,1.));
#6428=DIRECTION('',(0.,-1.,0.));
#6429=DIRECTION('',(0.,-1.,0.));
#6430=DIRECTION('',(0.,0.,1.));
#6431=DIRECTION('',(1.,0.,0.));
#6432=DIRECTION('',(0.,-1.,0.));
#6433=DIRECTION('',(1.,0.,0.));
#6434=DIRECTION('',(0.,0.,-1.));
#6435=DIRECTION('',(0.,-1.,0.));
#6436=DIRECTION('',(0.,0.,-1.));
#6437=DIRECTION('',(-1.,0.,0.));
#6438=DIRECTION('',(0.,-1.,0.));
#6439=DIRECTION('',(0.,0.,-1.));
#6440=DIRECTION('',(0.,-1.,0.));
#6441=DIRECTION('',(0.,0.,-1.));
#6442=DIRECTION('',(0.,-1.,0.));
#6443=DIRECTION('',(0.,-1.,0.));
#6444=DIRECTION('',(0.,0.,1.));
#6445=DIRECTION('',(1.,0.,0.));
#6446=DIRECTION('',(0.,-1.,0.));
#6447=DIRECTION('',(0.,-1.,0.));
#6448=DIRECTION('',(0.,-1.,0.));
#6449=DIRECTION('',(0.,-1.,0.));
#6450=DIRECTION('',(0.,0.,-1.));
#6451=DIRECTION('',(-1.,0.,0.));
#6452=DIRECTION('',(-1.,0.,0.));
#6453=DIRECTION('',(0.,0.,1.));
#6454=DIRECTION('',(0.,-1.,0.));
#6455=DIRECTION('',(0.,0.,-1.));
#6456=DIRECTION('',(0.,-1.,0.));
#6457=DIRECTION('',(0.,0.,-1.));
#6458=DIRECTION('',(-1.,0.,0.));
#6459=DIRECTION('',(0.,0.,1.));
#6460=DIRECTION('',(0.,-1.,0.));
#6461=DIRECTION('',(0.,-1.,0.));
#6462=DIRECTION('',(0.,-1.,0.));
#6463=DIRECTION('',(0.,0.,1.));
#6464=DIRECTION('',(1.,0.,0.));
#6465=DIRECTION('',(0.,-1.,0.));
#6466=DIRECTION('',(1.,0.,0.));
#6467=DIRECTION('',(0.,0.,-1.));
#6468=DIRECTION('',(0.,-1.,0.));
#6469=DIRECTION('',(0.,0.,-1.));
#6470=DIRECTION('',(-1.,0.,0.));
#6471=DIRECTION('',(0.,-1.,0.));
#6472=DIRECTION('',(-1.,0.,0.));
#6473=DIRECTION('',(0.,0.,1.));
#6474=DIRECTION('',(0.,-1.,0.));
#6475=DIRECTION('',(0.,0.,-1.));
#6476=DIRECTION('',(-1.,0.,0.));
#6477=DIRECTION('',(0.,-1.,0.));
#6478=DIRECTION('',(0.,1.,0.));
#6479=DIRECTION('',(0.,0.,1.));
#6480=DIRECTION('',(0.,1.,0.));
#6481=DIRECTION('',(0.,0.,1.));
#6482=CARTESIAN_POINT('',(0.,0.,0.));
#6483=CARTESIAN_POINT('',(0.,0.,4.318));
#6484=CARTESIAN_POINT('',(0.3175,2.8194,4.318));
#6485=CARTESIAN_POINT('',(0.3175,2.8194,4.318));
#6486=CARTESIAN_POINT('',(-0.3175,2.8194,4.318));
#6487=CARTESIAN_POINT('',(0.3175,0.,4.318));
#6488=CARTESIAN_POINT('',(0.3175,2.1844,4.318));
#6489=CARTESIAN_POINT('',(0.3175,2.1844,4.318));
#6490=CARTESIAN_POINT('',(-0.3175,2.1844,4.318));
#6491=CARTESIAN_POINT('',(-0.3175,0.,4.318));
#6492=CARTESIAN_POINT('',(0.3175,5.35939877071937,4.318));
#6493=CARTESIAN_POINT('',(0.3175,5.35939877071937,4.318));
#6494=CARTESIAN_POINT('',(-0.3175,5.35939877071937,4.318));
#6495=CARTESIAN_POINT('',(0.3175,0.,4.318));
#6496=CARTESIAN_POINT('',(0.3175,4.72439877071937,4.318));
#6497=CARTESIAN_POINT('',(0.3175,4.72439877071937,4.318));
#6498=CARTESIAN_POINT('',(-0.3175,4.72439877071937,4.318));
#6499=CARTESIAN_POINT('',(-0.3175,0.,4.318));
#6500=CARTESIAN_POINT('',(1.27,6.31189938535968,4.318));
#6501=CARTESIAN_POINT('',(1.02140480116493,6.31189938535968,4.318));
#6502=CARTESIAN_POINT('',(-1.02140480116493,6.31189938535968,4.318));
#6503=CARTESIAN_POINT('',(-1.02140480116493,3.77189938535969,4.318));
#6504=CARTESIAN_POINT('',(-1.02140480116493,1.23189938535968,4.318));
#6505=CARTESIAN_POINT('',(-1.27,1.23189938535969,4.318));
#6506=CARTESIAN_POINT('',(1.02140480116493,1.23189938535968,4.318));
#6507=CARTESIAN_POINT('',(1.02140480116493,3.77189938535969,4.318));
#6508=CARTESIAN_POINT('',(1.27,3.77189938535968,4.318));
#6509=CARTESIAN_POINT('',(1.27,4.02049458419475,1.7145));
#6510=CARTESIAN_POINT('',(1.27,4.02049458419475,2.22377));
#6511=CARTESIAN_POINT('',(1.27,4.02049458419475,4.2926));
#6512=CARTESIAN_POINT('',(1.27,4.33895438535968,2.22377));
#6513=CARTESIAN_POINT('',(1.27,5.74484438535968,2.22377));
#6514=CARTESIAN_POINT('',(1.27,5.74484438535968,2.22377));
#6515=CARTESIAN_POINT('',(1.27,5.74484438535968,1.778));
#6516=CARTESIAN_POINT('',(1.27,3.77189938535968,1.778));
#6517=CARTESIAN_POINT('',(1.27,6.06330418652462,1.778));
#6518=CARTESIAN_POINT('',(1.27,6.06330418652462,1.7145));
#6519=CARTESIAN_POINT('',(1.27,6.06330418652462,4.2926));
#6520=CARTESIAN_POINT('',(1.27,3.77189938535968,4.2926));
#6521=CARTESIAN_POINT('',(1.27,4.02049458419475,1.7145));
#6522=CARTESIAN_POINT('',(1.02140480116493,3.77189938535969,1.7145));
#6523=CARTESIAN_POINT('',(1.02140480116493,3.77189938535969,2.22377));
#6524=CARTESIAN_POINT('',(1.02140480116493,3.77189938535968,4.2926));
#6525=CARTESIAN_POINT('',(1.27,4.02049458419475,2.22377));
#6526=CARTESIAN_POINT('',(1.27,4.02049458419475,4.2926));
#6527=CARTESIAN_POINT('',(1.02140480116493,6.31189938535968,1.7145));
#6528=CARTESIAN_POINT('',(1.02140480116493,6.31189938535968,4.2926));
#6529=CARTESIAN_POINT('',(1.02140480116493,6.31189938535968,4.2926));
#6530=CARTESIAN_POINT('',(3.66665209326231,3.66665209326231,1.778));
#6531=CARTESIAN_POINT('',(1.02140480116493,6.31189938535968,1.778));
#6532=CARTESIAN_POINT('',(1.02140480116493,6.31189938535968,1.7145));
#6533=CARTESIAN_POINT('',(-1.27,6.31189938535968,4.318));
#6534=CARTESIAN_POINT('',(-1.27,5.74484438535968,2.22377));
#6535=CARTESIAN_POINT('',(-1.27,5.74484438535968,2.22377));
#6536=CARTESIAN_POINT('',(-1.27,4.02049458419475,2.22377));
#6537=CARTESIAN_POINT('',(-1.27,4.02049458419475,1.7145));
#6538=CARTESIAN_POINT('',(-1.27,4.02049458419475,4.2926));
#6539=CARTESIAN_POINT('',(-1.27,6.31189938535968,4.2926));
#6540=CARTESIAN_POINT('',(-1.27,6.06330418652462,4.2926));
#6541=CARTESIAN_POINT('',(-1.27,6.06330418652462,1.7145));
#6542=CARTESIAN_POINT('',(-1.27,6.06330418652462,1.778));
#6543=CARTESIAN_POINT('',(-1.27,6.31189938535968,1.778));
#6544=CARTESIAN_POINT('',(-1.27,5.74484438535968,1.778));
#6545=CARTESIAN_POINT('',(-1.27,5.74484438535968,2.22377));
#6546=CARTESIAN_POINT('',(1.27,6.31189938535968,4.318));
#6547=CARTESIAN_POINT('',(1.27,6.31189938535968,1.778));
#6548=CARTESIAN_POINT('',(-1.02140480116493,6.31189938535968,1.778));
#6549=CARTESIAN_POINT('',(-1.02140480116493,6.31189938535968,1.7145));
#6550=CARTESIAN_POINT('',(-1.02140480116493,6.31189938535968,4.2926));
#6551=CARTESIAN_POINT('',(-1.02140480116493,6.31189938535968,4.2926));
#6552=CARTESIAN_POINT('',(1.02140480116493,6.31189938535968,4.2926));
#6553=CARTESIAN_POINT('',(1.27,1.23189938535969,4.318));
#6554=CARTESIAN_POINT('',(1.27,1.79895438535969,2.22377));
#6555=CARTESIAN_POINT('',(1.27,1.79895438535969,2.22377));
#6556=CARTESIAN_POINT('',(1.27,3.52330418652462,2.22377));
#6557=CARTESIAN_POINT('',(1.27,3.52330418652462,1.7145));
#6558=CARTESIAN_POINT('',(1.27,3.52330418652462,4.2926));
#6559=CARTESIAN_POINT('',(1.27,1.23189938535968,4.2926));
#6560=CARTESIAN_POINT('',(1.27,1.48049458419475,4.2926));
#6561=CARTESIAN_POINT('',(1.27,1.48049458419475,1.7145));
#6562=CARTESIAN_POINT('',(1.27,1.48049458419475,1.778));
#6563=CARTESIAN_POINT('',(1.27,1.23189938535969,1.778));
#6564=CARTESIAN_POINT('',(1.27,1.79895438535969,1.778));
#6565=CARTESIAN_POINT('',(1.27,1.79895438535969,2.22377));
#6566=CARTESIAN_POINT('',(1.02140480116493,3.77189938535969,1.7145));
#6567=CARTESIAN_POINT('',(1.02140480116493,3.77189938535969,2.22377));
#6568=CARTESIAN_POINT('',(1.02140480116493,3.77189938535969,4.2926));
#6569=CARTESIAN_POINT('',(1.27,1.48049458419475,1.7145));
#6570=CARTESIAN_POINT('',(1.27,1.48049458419475,4.2926));
#6571=CARTESIAN_POINT('',(1.02140480116493,1.23189938535968,4.2926));
#6572=CARTESIAN_POINT('',(1.02140480116493,1.23189938535968,1.7145));
#6573=CARTESIAN_POINT('',(1.02140480116493,1.23189938535969,1.778));
#6574=CARTESIAN_POINT('',(-0.105247292097377,0.105247292097377,1.778));
#6575=CARTESIAN_POINT('',(-1.27,1.23189938535969,4.318));
#6576=CARTESIAN_POINT('',(-1.02140480116493,1.23189938535968,1.7145));
#6577=CARTESIAN_POINT('',(-1.02140480116493,1.23189938535968,1.778));
#6578=CARTESIAN_POINT('',(-1.02140480116493,1.23189938535968,4.2926));
#6579=CARTESIAN_POINT('',(-1.27,1.23189938535969,1.778));
#6580=CARTESIAN_POINT('',(1.02140480116493,1.23189938535968,4.2926));
#6581=CARTESIAN_POINT('',(-1.02140480116493,1.23189938535968,4.2926));
#6582=CARTESIAN_POINT('',(0.,0.,1.778));
#6583=CARTESIAN_POINT('',(0.105247292097377,0.105247292097377,1.778));
#6584=CARTESIAN_POINT('',(-1.27,1.48049458419475,1.778));
#6585=CARTESIAN_POINT('',(-1.27,3.77189938535969,1.778));
#6586=CARTESIAN_POINT('',(-1.27,1.79895438535969,1.778));
#6587=CARTESIAN_POINT('',(-1.27,1.79895438535969,1.778));
#6588=CARTESIAN_POINT('',(-1.27,3.77189938535969,4.318));
#6589=CARTESIAN_POINT('',(-1.27,3.52330418652462,1.7145));
#6590=CARTESIAN_POINT('',(-1.27,3.52330418652462,2.22377));
#6591=CARTESIAN_POINT('',(-1.27,3.52330418652462,4.2926));
#6592=CARTESIAN_POINT('',(-1.27,3.20484438535969,2.22377));
#6593=CARTESIAN_POINT('',(-1.27,1.79895438535969,2.22377));
#6594=CARTESIAN_POINT('',(-1.27,1.79895438535969,2.22377));
#6595=CARTESIAN_POINT('',(-1.27,1.48049458419475,1.7145));
#6596=CARTESIAN_POINT('',(-1.27,1.48049458419475,4.2926));
#6597=CARTESIAN_POINT('',(-1.27,3.77189938535969,4.2926));
#6598=CARTESIAN_POINT('',(0.3175,2.8194,0.));
#6599=CARTESIAN_POINT('',(0.3175,2.8194,0.));
#6600=CARTESIAN_POINT('',(0.3175,2.8194,9.29955276266263));
#6601=CARTESIAN_POINT('',(-0.3175,2.8194,0.));
#6602=CARTESIAN_POINT('',(-0.3175,2.8194,9.29955276266263));
#6603=CARTESIAN_POINT('',(0.3175,2.8194,9.29954927685953));
#6604=CARTESIAN_POINT('',(0.3175,2.8194,9.7028));
#6605=CARTESIAN_POINT('',(0.246396632163392,2.8194,9.7028));
#6606=CARTESIAN_POINT('',(0.246396632163392,2.25550275319629,9.7028));
#6607=CARTESIAN_POINT('',(0.246396632163392,2.74829601752308,9.7028));
#6608=CARTESIAN_POINT('',(0.3175,2.74829601752308,9.7028));
#6609=CARTESIAN_POINT('',(-0.246396632163392,2.74829601752308,9.7028));
#6610=CARTESIAN_POINT('',(-0.246396632163392,2.8194,9.7028));
#6611=CARTESIAN_POINT('',(-0.246396632163392,2.25550275319629,9.7028));
#6612=CARTESIAN_POINT('',(0.3175,2.25550275319629,9.7028));
#6613=CARTESIAN_POINT('',(0.3175,2.1844,9.7028));
#6614=CARTESIAN_POINT('',(-0.3175,2.1844,9.7028));
#6615=CARTESIAN_POINT('',(-0.3175,2.1844,9.29955624846573));
#6616=CARTESIAN_POINT('',(0.3175,2.1844,9.7028));
#6617=CARTESIAN_POINT('',(0.3175,2.1844,9.29955276266263));
#6618=CARTESIAN_POINT('',(0.3175,2.1844,9.29955624846573));
#6619=CARTESIAN_POINT('',(0.3175,0.,0.));
#6620=CARTESIAN_POINT('',(0.3175,2.1844,9.29955276266263));
#6621=CARTESIAN_POINT('',(-0.3175,0.,0.));
#6622=CARTESIAN_POINT('',(-0.3175,0.,9.29955276266263));
#6623=CARTESIAN_POINT('',(0.3175,2.1844,9.29955624846573));
#6624=CARTESIAN_POINT('',(-0.298912280775477,2.2029871045836,9.40496895677196));
#6625=CARTESIAN_POINT('',(0.38143968366611,2.12045970169202,8.9369327971241));
#6626=CARTESIAN_POINT('',(0.3175,0.,9.29955276266263));
#6627=CARTESIAN_POINT('',(0.234973193760885,2.7368725791207,9.76758553853159));
#6628=CARTESIAN_POINT('',(-0.246396632163392,2.8194,9.7028));
#6629=CARTESIAN_POINT('',(-0.248477921041858,2.75037730640152,9.69099642422183));
#6630=CARTESIAN_POINT('',(0.3175,2.74829601752308,9.7028));
#6631=CARTESIAN_POINT('',(0.,0.,1.778));
#6632=CARTESIAN_POINT('',(-3.66665209326231,3.66665209326231,1.778));
#6633=CARTESIAN_POINT('',(1.27,5.74484438535968,1.778));
#6634=CARTESIAN_POINT('',(-1.27,3.52330418652462,1.7145));
#6635=CARTESIAN_POINT('',(-1.02140480116493,3.77189938535969,1.7145));
#6636=CARTESIAN_POINT('',(-1.02140480116493,3.77189938535969,2.22377));
#6637=CARTESIAN_POINT('',(-1.02140480116493,3.77189938535968,4.2926));
#6638=CARTESIAN_POINT('',(-1.27,3.52330418652462,2.22377));
#6639=CARTESIAN_POINT('',(-1.27,3.52330418652462,4.2926));
#6640=CARTESIAN_POINT('',(-1.27,1.79895438535969,2.22377));
#6641=CARTESIAN_POINT('',(-1.27,1.79895438535969,2.22377));
#6642=CARTESIAN_POINT('',(0.,0.,2.22377));
#6643=CARTESIAN_POINT('',(-0.3175,2.1844,2.22377));
#6644=CARTESIAN_POINT('',(-0.3175,2.1844,2.22377));
#6645=CARTESIAN_POINT('',(0.3175,2.1844,2.22377));
#6646=CARTESIAN_POINT('',(0.3175,2.1844,2.22377));
#6647=CARTESIAN_POINT('',(0.3175,2.8194,2.22377));
#6648=CARTESIAN_POINT('',(0.3175,2.8194,2.22377));
#6649=CARTESIAN_POINT('',(-0.3175,2.8194,2.22377));
#6650=CARTESIAN_POINT('',(-0.3175,2.8194,2.22377));
#6651=CARTESIAN_POINT('',(-1.02140480116493,3.77189938535968,2.22377));
#6652=CARTESIAN_POINT('',(1.27,5.74484438535968,2.22377));
#6653=CARTESIAN_POINT('',(0.3175,4.72439877071937,2.22377));
#6654=CARTESIAN_POINT('',(0.3175,4.72439877071937,2.22377));
#6655=CARTESIAN_POINT('',(0.3175,5.35939877071937,2.22377));
#6656=CARTESIAN_POINT('',(0.3175,5.35939877071937,2.22377));
#6657=CARTESIAN_POINT('',(-0.3175,5.35939877071937,2.22377));
#6658=CARTESIAN_POINT('',(-0.3175,5.35939877071937,2.22377));
#6659=CARTESIAN_POINT('',(-0.3175,4.72439877071937,2.22377));
#6660=CARTESIAN_POINT('',(-0.3175,4.72439877071937,2.22377));
#6661=CARTESIAN_POINT('',(0.3175,0.,0.563899685));
#6662=CARTESIAN_POINT('',(-0.3175,0.403229923828592,0.635));
#6663=CARTESIAN_POINT('',(-0.293799895,0.268819949219061,0.611299895));
#6664=CARTESIAN_POINT('',(-0.27009979,0.134409974609531,0.58759979));
#6665=CARTESIAN_POINT('',(-0.246399685,0.,0.563899685));
#6666=CARTESIAN_POINT('',(-0.3175,0.403229923828592,0.635));
#6667=CARTESIAN_POINT('',(-0.246399685,0.,0.563899685));
#6668=CARTESIAN_POINT('',(0.3175,0.,0.563899685));
#6669=CARTESIAN_POINT('',(0.246399685,0.,0.563899685));
#6670=CARTESIAN_POINT('',(0.246399685,0.,0.563899685));
#6671=CARTESIAN_POINT('',(0.27009979,0.134409974609531,0.58759979));
#6672=CARTESIAN_POINT('',(0.293799895,0.268819949219062,0.611299895));
#6673=CARTESIAN_POINT('',(0.3175,0.403229923828592,0.635));
#6674=CARTESIAN_POINT('',(0.3175,0.403229923828592,0.635));
#6675=CARTESIAN_POINT('',(0.3175,0.403229923828592,0.635));
#6676=CARTESIAN_POINT('',(0.3175,0.,0.635));
#6677=CARTESIAN_POINT('',(0.3175,0.,0.0711027531962934));
#6678=CARTESIAN_POINT('',(-0.246399685,0.,0.0711027531962939));
#6679=CARTESIAN_POINT('',(0.246399685,0.,0.0711027531962934));
#6680=CARTESIAN_POINT('',(0.246399685,0.,0.0711027531962937));
#6681=CARTESIAN_POINT('',(0.246399685,0.,0.235368397130862));
#6682=CARTESIAN_POINT('',(0.246399685,0.,0.399634041065431));
#6683=CARTESIAN_POINT('',(0.246399685,0.,0.563899685));
#6684=CARTESIAN_POINT('',(-0.246399685,0.,0.563899685));
#6685=CARTESIAN_POINT('',(-0.246399685,0.,0.399634041065431));
#6686=CARTESIAN_POINT('',(-0.246399685,0.,0.235368397130863));
#6687=CARTESIAN_POINT('',(-0.246399685,0.,0.0711027531962939));
#6688=CARTESIAN_POINT('',(0.3175,0.403243751534275,0.));
#6689=CARTESIAN_POINT('',(-0.246399685,-1.0842021724855E-16,0.0711027531962934));
#6690=CARTESIAN_POINT('',(-0.270100196366265,0.134412279227144,0.0474022418304611));
#6691=CARTESIAN_POINT('',(-0.293800707732531,0.268824558454289,0.0237017304646288));
#6692=CARTESIAN_POINT('',(-0.317501219098797,0.403236837681434,1.21909879650167E-6));
#6693=CARTESIAN_POINT('',(-0.3175,0.403229923828592,0.));
#6694=CARTESIAN_POINT('',(0.3175,0.403243751534275,0.));
#6695=CARTESIAN_POINT('',(0.3175,0.403229923828592,0.));
#6696=CARTESIAN_POINT('',(0.317501219098797,0.403236837681433,1.2190987965108E-6));
#6697=CARTESIAN_POINT('',(0.293800707732531,0.268824558454289,0.0237017304646288));
#6698=CARTESIAN_POINT('',(0.270100196366266,0.134412279227144,0.0474022418304611));
#6699=CARTESIAN_POINT('',(0.246399685,-1.0842021724855E-16,0.0711027531962934));
#6700=CARTESIAN_POINT('',(0.3175,0.403229923828592,0.638809992685407));
#6701=CARTESIAN_POINT('',(0.3175,0.403229923828592,0.424603737261401));
#6702=CARTESIAN_POINT('',(0.3175,0.403229923828592,0.210397481837395));
#6703=CARTESIAN_POINT('',(0.3175,0.403229923828592,-0.0038087735866107));
#6704=CARTESIAN_POINT('',(0.246399685,0.,0.638809992685407));
#6705=CARTESIAN_POINT('',(0.246399685,0.,0.424603737261401));
#6706=CARTESIAN_POINT('',(0.246399685,0.,0.210397481837395));
#6707=CARTESIAN_POINT('',(0.246399685,0.,-0.00380877358661076));
#6708=CARTESIAN_POINT('',(0.3175,0.403229923828592,0.635));
#6709=CARTESIAN_POINT('',(0.3175,0.403229923828592,0.423333333333333));
#6710=CARTESIAN_POINT('',(0.3175,0.403229923828592,0.211666666666667));
#6711=CARTESIAN_POINT('',(0.3175,0.403229923828592,-3.3881317890172E-18));
#6712=CARTESIAN_POINT('',(0.3175,2.1844,0.635));
#6713=CARTESIAN_POINT('',(0.3175,2.1844,0.635));
#6714=CARTESIAN_POINT('',(0.3175,1.1049,0.635));
#6715=CARTESIAN_POINT('',(-0.3175,1.1049,0.635));
#6716=CARTESIAN_POINT('',(-0.3175,1.1049,0.635));
#6717=CARTESIAN_POINT('',(-0.3175,2.1844,0.635));
#6718=CARTESIAN_POINT('',(-0.246399685,0.,0.638809992685407));
#6719=CARTESIAN_POINT('',(-0.246399685,0.,0.424603737261401));
#6720=CARTESIAN_POINT('',(-0.246399685,0.,0.210397481837395));
#6721=CARTESIAN_POINT('',(-0.246399685,0.,-0.00380877358661076));
#6722=CARTESIAN_POINT('',(-0.3175,0.403229923828592,0.638809992685407));
#6723=CARTESIAN_POINT('',(-0.3175,0.403229923828592,0.424603737261401));
#6724=CARTESIAN_POINT('',(-0.3175,0.403229923828592,0.210397481837395));
#6725=CARTESIAN_POINT('',(-0.3175,0.403229923828592,-0.0038087735866107));
#6726=CARTESIAN_POINT('',(-0.3175,0.403229923828592,-3.3881317890172E-18));
#6727=CARTESIAN_POINT('',(-0.3175,0.403229923828592,0.211666666666667));
#6728=CARTESIAN_POINT('',(-0.3175,0.403229923828592,0.423333333333333));
#6729=CARTESIAN_POINT('',(-0.3175,0.403229923828592,0.635));
#6730=CARTESIAN_POINT('',(0.3175,0.,0.));
#6731=CARTESIAN_POINT('',(-0.3175,0.,0.));
#6732=CARTESIAN_POINT('',(-0.3175,1.4859,0.));
#6733=CARTESIAN_POINT('',(0.3175,1.4859,0.));
#6734=CARTESIAN_POINT('',(0.3175,1.4859,0.));
#6735=CARTESIAN_POINT('',(0.3175,0.,0.));
#6736=CARTESIAN_POINT('',(0.3175,1.4859,1.3335));
#6737=CARTESIAN_POINT('',(0.3175,1.4859,1.3335));
#6738=CARTESIAN_POINT('',(0.3175,2.8194,1.3335));
#6739=CARTESIAN_POINT('',(-0.3175,1.4859,1.3335));
#6740=CARTESIAN_POINT('',(-0.3175,2.8194,1.3335));
#6741=CARTESIAN_POINT('',(0.3175,2.8194,1.3335));
#6742=CARTESIAN_POINT('',(0.3175,1.1049,1.7145));
#6743=CARTESIAN_POINT('',(0.3175,1.1049,1.7145));
#6744=CARTESIAN_POINT('',(0.3175,2.1844,1.7145));
#6745=CARTESIAN_POINT('',(0.3175,2.1844,1.7145));
#6746=CARTESIAN_POINT('',(-0.3175,2.1844,1.7145));
#6747=CARTESIAN_POINT('',(-0.3175,1.1049,1.7145));
#6748=CARTESIAN_POINT('',(0.3175,2.1844,9.7028));
#6749=CARTESIAN_POINT('',(0.3175,2.1844,9.7028));
#6750=CARTESIAN_POINT('',(-0.3175,2.1844,9.7028));
#6751=CARTESIAN_POINT('',(-0.3175,0.,0.));
#6752=CARTESIAN_POINT('',(-0.3175,2.8194,0.));
#6753=CARTESIAN_POINT('',(0.3175,2.8194,0.));
#6754=CARTESIAN_POINT('',(0.3175,2.8194,0.));
#6755=CARTESIAN_POINT('',(0.3175,0.,0.));
#6756=CARTESIAN_POINT('',(-1.02140480116493,1.23189938535968,1.7145));
#6757=CARTESIAN_POINT('',(-1.02140480116493,1.23189938535968,4.2926));
#6758=CARTESIAN_POINT('',(0.,0.,4.2926));
#6759=CARTESIAN_POINT('',(1.02140480116493,3.77189938535969,4.2926));
#6760=CARTESIAN_POINT('',(1.02140480116493,3.77189938535969,4.2926));
#6761=CARTESIAN_POINT('',(1.02140480116493,6.31189938535968,4.2926));
#6762=CARTESIAN_POINT('',(0.,0.,4.2926));
#6763=CARTESIAN_POINT('',(-1.02140480116493,3.77189938535969,4.2926));
#6764=CARTESIAN_POINT('',(-1.02140480116493,3.77189938535969,4.2926));
#6765=CARTESIAN_POINT('',(-1.02140480116493,6.31189938535968,4.2926));
#6766=CARTESIAN_POINT('',(0.3175,5.35939877071937,0.635));
#6767=CARTESIAN_POINT('',(0.3175,5.35939877071937,0.635));
#6768=CARTESIAN_POINT('',(0.317497844245216,5.35940092647415,9.29958230206432));
#6769=CARTESIAN_POINT('',(-0.3175,5.35939877071937,0.635));
#6770=CARTESIAN_POINT('',(-0.3175,5.35939877071937,9.29959452795724));
#6771=CARTESIAN_POINT('',(0.3175,5.35939877071937,9.29961897974307));
#6772=CARTESIAN_POINT('',(0.3175,5.35939877071937,9.7028));
#6773=CARTESIAN_POINT('',(0.246399685,4.79550152391564,9.7028));
#6774=CARTESIAN_POINT('',(0.246399685,4.95977004219536,9.7028));
#6775=CARTESIAN_POINT('',(0.246399685,5.12403856047507,9.7028));
#6776=CARTESIAN_POINT('',(0.246399685,5.28830707875479,9.7028));
#6777=CARTESIAN_POINT('',(0.246399685,4.79550152391564,9.7028));
#6778=CARTESIAN_POINT('',(0.246399685,5.28830707875479,9.7028));
#6779=CARTESIAN_POINT('',(0.3175,5.28830707875477,9.7028));
#6780=CARTESIAN_POINT('',(-0.246399685,5.28830707875479,9.7028));
#6781=CARTESIAN_POINT('',(-0.246399685,5.28830707875479,9.7028));
#6782=CARTESIAN_POINT('',(-0.246399685,5.12403856047507,9.7028));
#6783=CARTESIAN_POINT('',(-0.246399685,4.95977004219536,9.7028));
#6784=CARTESIAN_POINT('',(-0.246399685,4.79550152391565,9.7028));
#6785=CARTESIAN_POINT('',(-0.246399685,4.79550152391566,9.7028));
#6786=CARTESIAN_POINT('',(0.3175,4.79550152391566,9.7028));
#6787=CARTESIAN_POINT('',(0.3175,4.72439877071937,9.7028));
#6788=CARTESIAN_POINT('',(-0.3175,4.72439877071937,9.7028));
#6789=CARTESIAN_POINT('',(-0.3175,4.72439877071937,9.29957007617141));
#6790=CARTESIAN_POINT('',(0.3175,4.72439877071937,9.7028));
#6791=CARTESIAN_POINT('',(0.3175,4.72439877071937,9.29957007617141));
#6792=CARTESIAN_POINT('',(0.3175,4.72439877071937,9.29955624846573));
#6793=CARTESIAN_POINT('',(0.3175,0.,0.));
#6794=CARTESIAN_POINT('',(0.3175,5.35939877071937,9.29957007617141));
#6795=CARTESIAN_POINT('',(0.3175,5.1477321040527,9.29957007617141));
#6796=CARTESIAN_POINT('',(0.3175,4.93606543738603,9.29957007617141));
#6797=CARTESIAN_POINT('',(0.3175,4.72439877071937,9.29957007617141));
#6798=CARTESIAN_POINT('',(-0.3175,0.,0.));
#6799=CARTESIAN_POINT('',(-0.3175,4.72439877071937,9.29957007617141));
#6800=CARTESIAN_POINT('',(-0.3175,4.93606543738603,9.29957007617141));
#6801=CARTESIAN_POINT('',(-0.3175,5.1477321040527,9.29957007617141));
#6802=CARTESIAN_POINT('',(-0.3175,5.35939877071937,9.29957007617141));
#6803=CARTESIAN_POINT('',(0.3175,4.72439877071937,9.29955624846573));
#6804=CARTESIAN_POINT('',(-0.246399685,4.79550152391566,9.7028));
#6805=CARTESIAN_POINT('',(-0.270099813789542,4.77180139512655,9.56838989047327));
#6806=CARTESIAN_POINT('',(-0.293799942579084,4.74810126633744,9.43397978094654));
#6807=CARTESIAN_POINT('',(-0.317500071368626,4.72440113754834,9.29956967141981));
#6808=CARTESIAN_POINT('',(0.317501219098796,4.72439998981817,9.29956316231857));
#6809=CARTESIAN_POINT('',(0.293800707732531,4.748100501184,9.43397544154571));
#6810=CARTESIAN_POINT('',(0.270100196366265,4.77180101254983,9.56838772077286));
#6811=CARTESIAN_POINT('',(0.246399685,4.79550152391566,9.7028));
#6812=CARTESIAN_POINT('',(0.3175,5.3632131007834,9.29957007617141));
#6813=CARTESIAN_POINT('',(0.3175,5.14900539094349,9.29957007617141));
#6814=CARTESIAN_POINT('',(0.3175,4.93479768110362,9.29957007617141));
#6815=CARTESIAN_POINT('',(0.3175,4.7205899712637,9.29957007617141));
#6816=CARTESIAN_POINT('',(0.246399685,5.3632131007834,9.7028));
#6817=CARTESIAN_POINT('',(0.246399685,5.14900539094349,9.7028));
#6818=CARTESIAN_POINT('',(0.246399685,4.93479768110362,9.7028));
#6819=CARTESIAN_POINT('',(0.246399685,4.7205899712637,9.7028));
#6820=CARTESIAN_POINT('',(0.246399685,5.28830707875477,9.7028));
#6821=CARTESIAN_POINT('',(0.270098352830144,5.31200574657949,9.56839817598575));
#6822=CARTESIAN_POINT('',(0.293797020660288,5.33570441440421,9.43399635197149));
#6823=CARTESIAN_POINT('',(0.317495688490432,5.35940308222894,9.29959452795724));
#6824=CARTESIAN_POINT('',(-0.246399685,5.3632090246387,9.7028));
#6825=CARTESIAN_POINT('',(-0.246399685,5.14900227282744,9.7028));
#6826=CARTESIAN_POINT('',(-0.246399685,4.93479552101621,9.7028));
#6827=CARTESIAN_POINT('',(-0.246399685,4.72058876920494,9.7028));
#6828=CARTESIAN_POINT('',(-0.3175,5.3632090246387,9.29957007617141));
#6829=CARTESIAN_POINT('',(-0.3175,5.14900227282744,9.29957007617141));
#6830=CARTESIAN_POINT('',(-0.3175,4.93479552101621,9.29957007617141));
#6831=CARTESIAN_POINT('',(-0.3175,4.72058876920494,9.29957007617141));
#6832=CARTESIAN_POINT('',(-0.317491629385766,5.35939902312427,9.29961754828373));
#6833=CARTESIAN_POINT('',(-0.293794314590511,5.33570170833444,9.43401169885582));
#6834=CARTESIAN_POINT('',(-0.270096999795255,5.3120043935446,9.56840584942791));
#6835=CARTESIAN_POINT('',(-0.246399685,5.28830707875477,9.7028));
#6836=CARTESIAN_POINT('',(0.3175,5.28830707875477,9.7028));
#6837=CARTESIAN_POINT('',(-1.02140480116493,3.77189938535968,1.7145));
#6838=CARTESIAN_POINT('',(-1.02140480116493,3.77189938535968,4.2926));
#6839=CARTESIAN_POINT('',(1.27,5.74484438535968,2.22377));
#6840=CARTESIAN_POINT('',(0.3175,7.54379877071937,0.0711058072772774));
#6841=CARTESIAN_POINT('',(-0.317502746141936,7.14055327274594,2.74614193621829E-6));
#6842=CARTESIAN_POINT('',(-0.29380172576129,7.27496843873708,0.0237037665203833));
#6843=CARTESIAN_POINT('',(-0.270100705380645,7.40938360472823,0.0474047868988304));
#6844=CARTESIAN_POINT('',(-0.246399685,7.54379877071937,0.0711058072772774));
#6845=CARTESIAN_POINT('',(-0.3175,7.14055327274594,0.));
#6846=CARTESIAN_POINT('',(-0.246399685,7.54379877071937,0.0711058072772839));
#6847=CARTESIAN_POINT('',(0.3175,7.54379877071937,0.0711058072772774));
#6848=CARTESIAN_POINT('',(0.246399685,7.54379877071937,0.0711058072772774));
#6849=CARTESIAN_POINT('',(0.246399685,7.54379877071937,0.0711058072772774));
#6850=CARTESIAN_POINT('',(0.270099843588322,7.40938849219536,0.0474056486911535));
#6851=CARTESIAN_POINT('',(0.293800002176644,7.27497821367135,0.0237054901050295));
#6852=CARTESIAN_POINT('',(0.317500160764966,7.14056793514735,5.33151890550528E-6));
#6853=CARTESIAN_POINT('',(0.3175,7.14056884689078,0.));
#6854=CARTESIAN_POINT('',(0.3175,7.1405376986011,0.));
#6855=CARTESIAN_POINT('',(0.3175,7.54379877071937,0.));
#6856=CARTESIAN_POINT('',(0.3175,7.54379877071937,0.563897246803707));
#6857=CARTESIAN_POINT('',(-0.246399685,7.54379877071937,0.563897246803707));
#6858=CARTESIAN_POINT('',(0.246399685,7.54379877071937,0.563897246803707));
#6859=CARTESIAN_POINT('',(0.246399685,7.54379877071937,0.563897246803698));
#6860=CARTESIAN_POINT('',(0.246399685,7.54379877071937,0.399633433628226));
#6861=CARTESIAN_POINT('',(0.246399685,7.54379877071937,0.235369620452754));
#6862=CARTESIAN_POINT('',(0.246399685,7.54379877071937,0.0711058072772815));
#6863=CARTESIAN_POINT('',(-0.246399685,7.54379877071937,0.0711058072772839));
#6864=CARTESIAN_POINT('',(-0.246399685,7.54379877071937,0.235369620452755));
#6865=CARTESIAN_POINT('',(-0.246399685,7.54379877071937,0.399633433628226));
#6866=CARTESIAN_POINT('',(-0.246399685,7.54379877071937,0.563897246803698));
#6867=CARTESIAN_POINT('',(0.3175,7.1405550191851,0.635));
#6868=CARTESIAN_POINT('',(-0.246399685,7.54379877071937,0.563897246803707));
#6869=CARTESIAN_POINT('',(-0.270100196366265,7.40938649149223,0.587597758169539));
#6870=CARTESIAN_POINT('',(-0.293800707732531,7.27497421226508,0.611298269535371));
#6871=CARTESIAN_POINT('',(-0.317501219098796,7.14056193303794,0.634998780901203));
#6872=CARTESIAN_POINT('',(-0.3175,7.14056884689078,0.635));
#6873=CARTESIAN_POINT('',(0.3175,7.1405550191851,0.635));
#6874=CARTESIAN_POINT('',(0.3175,7.14056884689078,0.635));
#6875=CARTESIAN_POINT('',(0.317501219098796,7.14056193303794,0.634998780901204));
#6876=CARTESIAN_POINT('',(0.293800707732531,7.27497421226508,0.611298269535371));
#6877=CARTESIAN_POINT('',(0.270100196366265,7.40938649149223,0.587597758169539));
#6878=CARTESIAN_POINT('',(0.246399685,7.54379877071937,0.563897246803707));
#6879=CARTESIAN_POINT('',(0.3175,7.14056884689078,-0.00380999268540652));
#6880=CARTESIAN_POINT('',(0.3175,7.14056884689078,0.2103962627386));
#6881=CARTESIAN_POINT('',(0.3175,7.14056884689078,0.424602518162615));
#6882=CARTESIAN_POINT('',(0.3175,7.14056884689078,0.63880877358661));
#6883=CARTESIAN_POINT('',(0.246399685,7.54379877071937,-0.00380999268540652));
#6884=CARTESIAN_POINT('',(0.246399685,7.54379877071937,0.2103962627386));
#6885=CARTESIAN_POINT('',(0.246399685,7.54379877071937,0.424602518162615));
#6886=CARTESIAN_POINT('',(0.246399685,7.54379877071937,0.63880877358661));
#6887=CARTESIAN_POINT('',(0.3175,7.14056884689077,7.13201741588121E-16));
#6888=CARTESIAN_POINT('',(0.3175,7.14056884689078,0.211666666666667));
#6889=CARTESIAN_POINT('',(0.3175,7.14056884689078,0.423333333333333));
#6890=CARTESIAN_POINT('',(0.3175,7.14056884689078,0.634999999999999));
#6891=CARTESIAN_POINT('',(0.3175,4.72439877071937,0.));
#6892=CARTESIAN_POINT('',(0.3175,4.72439877071937,0.));
#6893=CARTESIAN_POINT('',(0.3175,6.05789877071937,0.));
#6894=CARTESIAN_POINT('',(0.3175,6.05789877071937,0.));
#6895=CARTESIAN_POINT('',(-0.3175,6.05789877071937,0.));
#6896=CARTESIAN_POINT('',(-0.3175,4.72439877071937,0.));
#6897=CARTESIAN_POINT('',(-0.246399685,7.54379877071937,-0.00380999268540688));
#6898=CARTESIAN_POINT('',(-0.246399685,7.54379877071937,0.210396262738597));
#6899=CARTESIAN_POINT('',(-0.246399685,7.54379877071937,0.424602518162615));
#6900=CARTESIAN_POINT('',(-0.246399685,7.54379877071937,0.63880877358661));
#6901=CARTESIAN_POINT('',(-0.3175,7.14056884689078,-0.00380999268540688));
#6902=CARTESIAN_POINT('',(-0.3175,7.14056884689078,0.210396262738597));
#6903=CARTESIAN_POINT('',(-0.3175,7.14056884689078,0.424602518162615));
#6904=CARTESIAN_POINT('',(-0.3175,7.14056884689078,0.63880877358661));
#6905=CARTESIAN_POINT('',(-0.3175,7.14056884689078,0.634999999999998));
#6906=CARTESIAN_POINT('',(-0.3175,7.14056884689078,0.423333333333333));
#6907=CARTESIAN_POINT('',(-0.3175,7.14056884689078,0.211666666666667));
#6908=CARTESIAN_POINT('',(-0.3175,7.14056884689078,9.55453164502851E-16));
#6909=CARTESIAN_POINT('',(0.3175,7.54379877071937,0.635));
#6910=CARTESIAN_POINT('',(-0.3175,7.54379877071937,0.635));
#6911=CARTESIAN_POINT('',(-0.3175,6.43889877071937,0.635));
#6912=CARTESIAN_POINT('',(0.3175,6.43889877071937,0.635));
#6913=CARTESIAN_POINT('',(0.3175,6.43889877071937,0.635));
#6914=CARTESIAN_POINT('',(0.3175,7.54379877071937,0.635));
#6915=CARTESIAN_POINT('',(0.3175,6.43889877071937,1.7145));
#6916=CARTESIAN_POINT('',(0.3175,6.43889877071937,1.7145));
#6917=CARTESIAN_POINT('',(0.3175,5.35939877071937,1.7145));
#6918=CARTESIAN_POINT('',(-0.3175,6.43889877071937,1.7145));
#6919=CARTESIAN_POINT('',(-0.3175,5.35939877071937,1.7145));
#6920=CARTESIAN_POINT('',(-0.3175,5.35939877071937,1.7145));
#6921=CARTESIAN_POINT('',(0.3175,6.05789877071937,1.3335));
#6922=CARTESIAN_POINT('',(0.3175,6.05789877071937,1.3335));
#6923=CARTESIAN_POINT('',(0.3175,4.72439877071937,1.3335));
#6924=CARTESIAN_POINT('',(0.3175,4.72439877071937,1.3335));
#6925=CARTESIAN_POINT('',(-0.3175,4.72439877071937,1.3335));
#6926=CARTESIAN_POINT('',(-0.3175,6.05789877071937,1.3335));
#6927=CARTESIAN_POINT('',(0.3175,4.72439877071937,9.7028));
#6928=CARTESIAN_POINT('',(0.3175,4.72439877071937,9.7028));
#6929=CARTESIAN_POINT('',(-0.3175,4.72439877071937,9.7028));
#6930=CARTESIAN_POINT('',(-0.3175,0.,0.));
#6931=CARTESIAN_POINT('',(-0.3175,5.35939877071937,0.635));
#6932=CARTESIAN_POINT('',(0.3175,5.35939877071937,0.635));
#6933=CARTESIAN_POINT('',(0.3175,5.35939877071937,0.635));
#6934=CARTESIAN_POINT('',(0.3175,0.,0.));
#6935=CARTESIAN_POINT('',(-1.27,6.06330418652462,1.7145));
#6936=CARTESIAN_POINT('',(-1.27,6.06330418652462,4.2926));
#6937=CARTESIAN_POINT('',(0.,0.,4.2926));
#6938=CARTESIAN_POINT('',(0.,0.,4.2926));
#6939=CARTESIAN_POINT('',(-0.47884717818643,1.65076815201316,3.53055168040583));
#6940=CARTESIAN_POINT('',(-0.47884717818643,1.62536815201316,3.53055168040583));
#6941=CARTESIAN_POINT('',(-0.47884717818643,1.62536815201316,3.47981610653139));
#6942=CARTESIAN_POINT('',(-0.47884717818643,1.62536815201316,3.42908053265694));
#6943=CARTESIAN_POINT('',(-0.47884717818643,1.62536815201316,3.3783449587825));
#6944=CARTESIAN_POINT('',(-0.47884717818643,1.62536815201316,3.53055168040583));
#6945=CARTESIAN_POINT('',(-0.47884717818643,1.62536815201316,3.3783449587825));
#6946=CARTESIAN_POINT('',(-0.47884717818643,1.65076815201316,3.53055168040583));
#6947=CARTESIAN_POINT('',(-0.47884717818643,1.65076815201316,3.53055168040583));
#6948=CARTESIAN_POINT('',(-0.47884717818643,1.65076815201316,3.53055168040583));
#6949=CARTESIAN_POINT('',(-0.47884717818643,1.65076815201316,3.47981610653139));
#6950=CARTESIAN_POINT('',(-0.47884717818643,1.65076815201316,3.42908053265694));
#6951=CARTESIAN_POINT('',(-0.47884717818643,1.65076815201316,3.3783449587825));
#6952=CARTESIAN_POINT('',(-0.47884717818643,1.65076815201316,3.3783449587825));
#6953=CARTESIAN_POINT('',(-0.47884717818643,1.65076815201316,3.3783449587825));
#6954=CARTESIAN_POINT('',(-0.47884717818643,1.65076815201316,3.3783449587825));
#6955=CARTESIAN_POINT('',(-0.47884717818643,1.62536815201316,3.3783449587825));
#6956=CARTESIAN_POINT('',(-0.47884717818643,1.65076815201316,3.31853923697363));
#6957=CARTESIAN_POINT('',(-0.47884717818643,1.62536815201316,3.31853923697363));
#6958=CARTESIAN_POINT('',(-0.531499374937538,1.65076815201316,3.27710145405578));
#6959=CARTESIAN_POINT('',(-0.531499374937538,1.62536815201316,3.27710145405578));
#6960=CARTESIAN_POINT('',(-0.567110970196576,1.65076815201316,3.29346353836398));
#6961=CARTESIAN_POINT('',(-0.567110970196576,1.62536815201316,3.29346353836398));
#6962=CARTESIAN_POINT('',(-0.47884717818643,1.62536815201316,3.3783449587825));
#6963=CARTESIAN_POINT('',(-0.47884717818643,1.62536815201316,3.35031959416614));
#6964=CARTESIAN_POINT('',(-0.484806594800254,1.62536815201316,3.32841471147749));
#6965=CARTESIAN_POINT('',(-0.496725428027901,1.62536815201316,3.31279137603044));
#6966=CARTESIAN_POINT('',(-0.508585007398723,1.62536815201316,3.2972457111795));
#6967=CARTESIAN_POINT('',(-0.524428662016487,1.62536815201316,3.2894369055168));
#6968=CARTESIAN_POINT('',(-0.553581483830057,1.62536815201316,3.2894369055168));
#6969=CARTESIAN_POINT('',(-0.561151553582752,1.62536815201316,3.2907254280279));
#6970=CARTESIAN_POINT('',(-0.567110970196576,1.62536815201316,3.29346353836398));
#6971=CARTESIAN_POINT('',(-0.567110970196576,1.62536815201316,3.29346353836398));
#6972=CARTESIAN_POINT('',(-0.47884717818643,1.65076815201316,3.3783449587825));
#6973=CARTESIAN_POINT('',(-0.47884717818643,1.65076815201316,3.35031959416614));
#6974=CARTESIAN_POINT('',(-0.484806594800254,1.65076815201316,3.32841471147749));
#6975=CARTESIAN_POINT('',(-0.496725428027901,1.65076815201316,3.31279137603044));
#6976=CARTESIAN_POINT('',(-0.508585007398723,1.65076815201316,3.2972457111795));
#6977=CARTESIAN_POINT('',(-0.524428662016487,1.65076815201316,3.2894369055168));
#6978=CARTESIAN_POINT('',(-0.553581483830057,1.65076815201316,3.2894369055168));
#6979=CARTESIAN_POINT('',(-0.561151553582752,1.65076815201316,3.2907254280279));
#6980=CARTESIAN_POINT('',(-0.567110970196576,1.65076815201316,3.29346353836398));
#6981=CARTESIAN_POINT('',(-0.567110970196576,1.65076815201316,3.29346353836398));
#6982=CARTESIAN_POINT('',(-0.567110970196576,1.65076815201316,3.29346353836398));
#6983=CARTESIAN_POINT('',(-0.567110970196576,1.65076815201316,3.29346353836398));
#6984=CARTESIAN_POINT('',(-0.567110970196576,1.62536815201316,3.29346353836398));
#6985=CARTESIAN_POINT('',(-0.567110970196576,1.62536815201316,3.30264426125555));
#6986=CARTESIAN_POINT('',(-0.567110970196576,1.62536815201316,3.31182498414712));
#6987=CARTESIAN_POINT('',(-0.567110970196576,1.62536815201316,3.32100570703868));
#6988=CARTESIAN_POINT('',(-0.567110970196576,1.62536815201316,3.32100570703868));
#6989=CARTESIAN_POINT('',(-0.567110970196576,1.65076815201316,3.29346353836398));
#6990=CARTESIAN_POINT('',(-0.567110970196576,1.65076815201316,3.30264426125555));
#6991=CARTESIAN_POINT('',(-0.567110970196576,1.65076815201316,3.31182498414712));
#6992=CARTESIAN_POINT('',(-0.567110970196576,1.65076815201316,3.32100570703868));
#6993=CARTESIAN_POINT('',(-0.567110970196576,1.65076815201316,3.32100570703868));
#6994=CARTESIAN_POINT('',(-0.567110970196576,1.65076815201316,3.32100570703868));
#6995=CARTESIAN_POINT('',(-0.567110970196576,1.65076815201316,3.32100570703868));
#6996=CARTESIAN_POINT('',(-0.567110970196576,1.62536815201316,3.32100570703868));
#6997=CARTESIAN_POINT('',(-0.553832089570064,1.65076815201316,3.31131571306798));
#6998=CARTESIAN_POINT('',(-0.553832089570064,1.62536815201316,3.31131571306798));
#6999=CARTESIAN_POINT('',(-0.505055687664744,1.65076815201316,3.31276450561159));
#7000=CARTESIAN_POINT('',(-0.505055687664744,1.62536815201316,3.31276450561159));
#7001=CARTESIAN_POINT('',(-0.50718954237896,1.65076815201316,3.43589096458092));
#7002=CARTESIAN_POINT('',(-0.50718954237896,1.62536815201316,3.43589096458092));
#7003=CARTESIAN_POINT('',(-0.506389346861129,1.65076815201316,3.48721840719402));
#7004=CARTESIAN_POINT('',(-0.506389346861129,1.62536815201316,3.48721840719402));
#7005=CARTESIAN_POINT('',(-0.506389346861129,1.65076815201316,3.53055168040583));
#7006=CARTESIAN_POINT('',(-0.506389346861129,1.62536815201316,3.53055168040583));
#7007=CARTESIAN_POINT('',(-0.567110970196576,1.62536815201316,3.32100570703868));
#7008=CARTESIAN_POINT('',(-0.561151553582752,1.62536815201316,3.31665694356373));
#7009=CARTESIAN_POINT('',(-0.55342041851617,1.62536815201316,3.3145630944832));
#7010=CARTESIAN_POINT('',(-0.518952441344325,1.62536815201316,3.3145630944832));
#7011=CARTESIAN_POINT('',(-0.506389346861129,1.62536815201316,3.33566265060241));
#7012=CARTESIAN_POINT('',(-0.506389346861129,1.62536815201316,3.37818389346861));
#7013=CARTESIAN_POINT('',(-0.506389346861129,1.62536815201316,3.42897315578102));
#7014=CARTESIAN_POINT('',(-0.506389346861129,1.62536815201316,3.47976241809343));
#7015=CARTESIAN_POINT('',(-0.506389346861129,1.62536815201316,3.53055168040583));
#7016=CARTESIAN_POINT('',(-0.506389346861129,1.62536815201316,3.53055168040583));
#7017=CARTESIAN_POINT('',(-0.567110970196576,1.65076815201316,3.32100570703868));
#7018=CARTESIAN_POINT('',(-0.561151553582752,1.65076815201316,3.31665694356373));
#7019=CARTESIAN_POINT('',(-0.55342041851617,1.65076815201316,3.3145630944832));
#7020=CARTESIAN_POINT('',(-0.518952441344325,1.65076815201316,3.3145630944832));
#7021=CARTESIAN_POINT('',(-0.506389346861129,1.65076815201316,3.33566265060241));
#7022=CARTESIAN_POINT('',(-0.506389346861129,1.65076815201316,3.37818389346861));
#7023=CARTESIAN_POINT('',(-0.506389346861129,1.65076815201316,3.42897315578102));
#7024=CARTESIAN_POINT('',(-0.506389346861129,1.65076815201316,3.47976241809343));
#7025=CARTESIAN_POINT('',(-0.506389346861129,1.65076815201316,3.53055168040583));
#7026=CARTESIAN_POINT('',(-0.506389346861129,1.65076815201316,3.53055168040583));
#7027=CARTESIAN_POINT('',(-0.506389346861129,1.65076815201316,3.53055168040583));
#7028=CARTESIAN_POINT('',(-0.506389346861129,1.65076815201316,3.53055168040583));
#7029=CARTESIAN_POINT('',(-0.506389346861129,1.62536815201316,3.53055168040583));
#7030=CARTESIAN_POINT('',(-0.497208623969563,1.62536815201316,3.53055168040583));
#7031=CARTESIAN_POINT('',(-0.488027901077996,1.62536815201316,3.53055168040583));
#7032=CARTESIAN_POINT('',(-0.47884717818643,1.62536815201316,3.53055168040583));
#7033=CARTESIAN_POINT('',(-0.506389346861129,1.65076815201316,3.53055168040583));
#7034=CARTESIAN_POINT('',(-0.497208623969563,1.65076815201316,3.53055168040583));
#7035=CARTESIAN_POINT('',(-0.488027901077996,1.65076815201316,3.53055168040583));
#7036=CARTESIAN_POINT('',(-0.47884717818643,1.65076815201316,3.53055168040583));
#7037=CARTESIAN_POINT('',(-0.499882487945411,1.65076815201316,3.30894233970952));
#7038=CARTESIAN_POINT('',(-0.499882487945411,1.62536815201316,3.30894233970952));
#7039=CARTESIAN_POINT('',(-0.257567065481557,1.65076815201316,3.32298679434693));
#7040=CARTESIAN_POINT('',(-0.257567065481557,1.62536815201316,3.32298679434693));
#7041=CARTESIAN_POINT('',(-0.320614739724273,1.65076815201316,3.46301327677953));
#7042=CARTESIAN_POINT('',(-0.320614739724273,1.62536815201316,3.46301327677953));
#7043=CARTESIAN_POINT('',(-0.413620888800371,1.65076815201316,3.42453171510373));
#7044=CARTESIAN_POINT('',(-0.413620888800371,1.62536815201316,3.42453171510373));
#7045=CARTESIAN_POINT('',(-0.414473123823985,1.65076815201316,3.29786636922686));
#7046=CARTESIAN_POINT('',(-0.414473123823985,1.62536815201316,3.29786636922686));
#7047=CARTESIAN_POINT('',(-0.257567065481557,1.65076815201316,3.32298679434693));
#7048=CARTESIAN_POINT('',(-0.257567065481557,1.62536815201316,3.32298679434693));
#7049=CARTESIAN_POINT('',(-0.320614739724273,1.65076815201316,3.46301327677953));
#7050=CARTESIAN_POINT('',(-0.320614739724273,1.62536815201316,3.46301327677953));
#7051=CARTESIAN_POINT('',(-0.413620888800371,1.65076815201316,3.42453171510373));
#7052=CARTESIAN_POINT('',(-0.413620888800371,1.62536815201316,3.42453171510373));
#7053=CARTESIAN_POINT('',(-0.349511731135067,1.65076815201316,3.44438173747622));
#7054=CARTESIAN_POINT('',(-0.366903883436792,1.65076815201316,3.44453984795169));
#7055=CARTESIAN_POINT('',(-0.38075840202917,1.65076815201316,3.43826125554851));
#7056=CARTESIAN_POINT('',(-0.390905516804058,1.65076815201316,3.42650348763475));
#7057=CARTESIAN_POINT('',(-0.401211964635211,1.65076815201316,3.41456109570342));
#7058=CARTESIAN_POINT('',(-0.406045656309448,1.65076815201316,3.39815599239062));
#7059=CARTESIAN_POINT('',(-0.406045656309448,1.65076815201316,3.35692327203551));
#7060=CARTESIAN_POINT('',(-0.40089156626506,1.65076815201316,3.34097780596069));
#7061=CARTESIAN_POINT('',(-0.390744451490171,1.65076815201316,3.32938110336081));
#7062=CARTESIAN_POINT('',(-0.380527494234039,1.65076815201316,3.31770458078238));
#7063=CARTESIAN_POINT('',(-0.366745719720989,1.65076815201316,3.311986049461));
#7064=CARTESIAN_POINT('',(-0.331794546607483,1.65076815201316,3.311986049461));
#7065=CARTESIAN_POINT('',(-0.318426125554851,1.65076815201316,3.31762333544705));
#7066=CARTESIAN_POINT('',(-0.29942041851617,1.65076815201316,3.34049461001902));
#7067=CARTESIAN_POINT('',(-0.294749524413443,1.65076815201316,3.35676220672162));
#7068=CARTESIAN_POINT('',(-0.294749524413443,1.65076815201316,3.39912238427394));
#7069=CARTESIAN_POINT('',(-0.29942041851617,1.65076815201316,3.41538998097654));
#7070=CARTESIAN_POINT('',(-0.318426125554851,1.65076815201316,3.43858338617628));
#7071=CARTESIAN_POINT('',(-0.331794546607483,1.65076815201316,3.44422067216233));
#7072=CARTESIAN_POINT('',(-0.349511731135067,1.65076815201316,3.44438173747622));
#7073=CARTESIAN_POINT('',(-0.349511731135067,1.65076815201316,3.44438173747622));
#7074=CARTESIAN_POINT('',(-0.349511731135067,1.62536815201316,3.44438173747622));
#7075=CARTESIAN_POINT('',(-0.366903883436792,1.62536815201316,3.44453984795169));
#7076=CARTESIAN_POINT('',(-0.38075840202917,1.62536815201316,3.43826125554851));
#7077=CARTESIAN_POINT('',(-0.390905516804058,1.62536815201316,3.42650348763475));
#7078=CARTESIAN_POINT('',(-0.401211964635211,1.62536815201316,3.41456109570342));
#7079=CARTESIAN_POINT('',(-0.406045656309448,1.62536815201316,3.39815599239062));
#7080=CARTESIAN_POINT('',(-0.406045656309448,1.62536815201316,3.35692327203551));
#7081=CARTESIAN_POINT('',(-0.40089156626506,1.62536815201316,3.34097780596069));
#7082=CARTESIAN_POINT('',(-0.390744451490171,1.62536815201316,3.32938110336081));
#7083=CARTESIAN_POINT('',(-0.380527494234039,1.62536815201316,3.31770458078238));
#7084=CARTESIAN_POINT('',(-0.366745719720989,1.62536815201316,3.311986049461));
#7085=CARTESIAN_POINT('',(-0.331794546607483,1.62536815201316,3.311986049461));
#7086=CARTESIAN_POINT('',(-0.318426125554851,1.62536815201316,3.31762333544705));
#7087=CARTESIAN_POINT('',(-0.29942041851617,1.62536815201316,3.34049461001902));
#7088=CARTESIAN_POINT('',(-0.294749524413443,1.62536815201316,3.35676220672162));
#7089=CARTESIAN_POINT('',(-0.294749524413443,1.62536815201316,3.39912238427394));
#7090=CARTESIAN_POINT('',(-0.29942041851617,1.62536815201316,3.41538998097654));
#7091=CARTESIAN_POINT('',(-0.318426125554851,1.62536815201316,3.43858338617628));
#7092=CARTESIAN_POINT('',(-0.331794546607483,1.62536815201316,3.44422067216233));
#7093=CARTESIAN_POINT('',(-0.349511731135067,1.62536815201316,3.44438173747622));
#7094=CARTESIAN_POINT('',(-0.349511731135067,1.62536815201316,3.44438173747622));
#7095=CARTESIAN_POINT('',(-0.256314538686503,1.65076815201316,3.31914862562543));
#7096=CARTESIAN_POINT('',(-0.256314538686503,1.62536815201316,3.31914862562543));
#7097=CARTESIAN_POINT('',(-0.346970509065503,1.65076815201316,3.28064500973467));
#7098=CARTESIAN_POINT('',(-0.346970509065503,1.62536815201316,3.28064500973467));
#7099=CARTESIAN_POINT('',(-0.440924000683836,1.65076815201316,3.31272002122831));
#7100=CARTESIAN_POINT('',(-0.440924000683836,1.62536815201316,3.31272002122831));
#7101=CARTESIAN_POINT('',(-0.443847250375745,1.65076815201316,3.43690910237778));
#7102=CARTESIAN_POINT('',(-0.443847250375745,1.62536815201316,3.43690910237778));
#7103=CARTESIAN_POINT('',(-0.35500778668608,1.65076815201316,3.47529272124649));
#7104=CARTESIAN_POINT('',(-0.35500778668608,1.62536815201316,3.47529272124649));
#7105=CARTESIAN_POINT('',(-0.258501040278394,1.65076815201316,3.44575652574142));
#7106=CARTESIAN_POINT('',(-0.258501040278394,1.62536815201316,3.44575652574142));
#7107=CARTESIAN_POINT('',(-0.256314538686503,1.65076815201316,3.31914862562543));
#7108=CARTESIAN_POINT('',(-0.256314538686503,1.62536815201316,3.31914862562543));
#7109=CARTESIAN_POINT('',(-0.346970509065503,1.65076815201316,3.28064500973467));
#7110=CARTESIAN_POINT('',(-0.346970509065503,1.62536815201316,3.28064500973467));
#7111=CARTESIAN_POINT('',(-0.440924000683836,1.65076815201316,3.31272002122831));
#7112=CARTESIAN_POINT('',(-0.440924000683836,1.62536815201316,3.31272002122831));
#7113=CARTESIAN_POINT('',(-0.351444514901712,1.65076815201316,3.2894369055168));
#7114=CARTESIAN_POINT('',(-0.376409638554217,1.65076815201316,3.2894369055168));
#7115=CARTESIAN_POINT('',(-0.396381737476221,1.65076815201316,3.29732910589727));
#7116=CARTESIAN_POINT('',(-0.411360811667724,1.65076815201316,3.31311350665821));
#7117=CARTESIAN_POINT('',(-0.426343989040674,1.65076815201316,3.32890223120175));
#7118=CARTESIAN_POINT('',(-0.433748890298034,1.65076815201316,3.34999746353836));
#7119=CARTESIAN_POINT('',(-0.433748890298034,1.65076815201316,3.4045986049461));
#7120=CARTESIAN_POINT('',(-0.425856689917565,1.65076815201316,3.42682561826252));
#7121=CARTESIAN_POINT('',(-0.410394419784401,1.65076815201316,3.44277108433735));
#7122=CARTESIAN_POINT('',(-0.39485165510724,1.65076815201316,3.45879956041067));
#7123=CARTESIAN_POINT('',(-0.373832593532023,1.65076815201316,3.46676981610653));
#7124=CARTESIAN_POINT('',(-0.347417882054534,1.65076815201316,3.46693088142042));
#7125=CARTESIAN_POINT('',(-0.322293609320452,1.65076815201316,3.46708407820538));
#7126=CARTESIAN_POINT('',(-0.302480659480026,1.65076815201316,3.45903868103995));
#7127=CARTESIAN_POINT('',(-0.288306911857958,1.65076815201316,3.4434153455929));
#7128=CARTESIAN_POINT('',(-0.274213316601037,1.65076815201316,3.42788035991197));
#7129=CARTESIAN_POINT('',(-0.267207355738745,1.65076815201316,3.40637032339886));
#7130=CARTESIAN_POINT('',(-0.267207355738745,1.65076815201316,3.35176918199112));
#7131=CARTESIAN_POINT('',(-0.27477742549144,1.65076815201316,3.33002536461636));
#7132=CARTESIAN_POINT('',(-0.290078630310717,1.65076815201316,3.31375776791376));
#7133=CARTESIAN_POINT('',(-0.305304228427724,1.65076815201316,3.29757055307357));
#7134=CARTESIAN_POINT('',(-0.325674064679772,1.65076815201316,3.2894369055168));
#7135=CARTESIAN_POINT('',(-0.351444514901712,1.65076815201316,3.2894369055168));
#7136=CARTESIAN_POINT('',(-0.351444514901712,1.65076815201316,3.2894369055168));
#7137=CARTESIAN_POINT('',(-0.351444514901712,1.62536815201316,3.2894369055168));
#7138=CARTESIAN_POINT('',(-0.376409638554217,1.62536815201316,3.2894369055168));
#7139=CARTESIAN_POINT('',(-0.396381737476221,1.62536815201316,3.29732910589727));
#7140=CARTESIAN_POINT('',(-0.411360811667724,1.62536815201316,3.31311350665821));
#7141=CARTESIAN_POINT('',(-0.426343989040674,1.62536815201316,3.32890223120175));
#7142=CARTESIAN_POINT('',(-0.433748890298034,1.62536815201316,3.34999746353836));
#7143=CARTESIAN_POINT('',(-0.433748890298034,1.62536815201316,3.4045986049461));
#7144=CARTESIAN_POINT('',(-0.425856689917565,1.62536815201316,3.42682561826252));
#7145=CARTESIAN_POINT('',(-0.410394419784401,1.62536815201316,3.44277108433735));
#7146=CARTESIAN_POINT('',(-0.39485165510724,1.62536815201316,3.45879956041067));
#7147=CARTESIAN_POINT('',(-0.373832593532023,1.62536815201316,3.46676981610653));
#7148=CARTESIAN_POINT('',(-0.347417882054534,1.62536815201316,3.46693088142042));
#7149=CARTESIAN_POINT('',(-0.322293609320452,1.62536815201316,3.46708407820538));
#7150=CARTESIAN_POINT('',(-0.302480659480026,1.62536815201316,3.45903868103995));
#7151=CARTESIAN_POINT('',(-0.288306911857958,1.62536815201316,3.4434153455929));
#7152=CARTESIAN_POINT('',(-0.274213316601037,1.62536815201316,3.42788035991197));
#7153=CARTESIAN_POINT('',(-0.267207355738745,1.62536815201316,3.40637032339886));
#7154=CARTESIAN_POINT('',(-0.267207355738745,1.62536815201316,3.35176918199112));
#7155=CARTESIAN_POINT('',(-0.27477742549144,1.62536815201316,3.33002536461636));
#7156=CARTESIAN_POINT('',(-0.290078630310717,1.62536815201316,3.31375776791376));
#7157=CARTESIAN_POINT('',(-0.305304228427724,1.62536815201316,3.29757055307357));
#7158=CARTESIAN_POINT('',(-0.325674064679772,1.62536815201316,3.2894369055168));
#7159=CARTESIAN_POINT('',(-0.351444514901712,1.62536815201316,3.2894369055168));
#7160=CARTESIAN_POINT('',(-0.351444514901712,1.62536815201316,3.2894369055168));
#7161=CARTESIAN_POINT('',(-0.349033746061628,1.65076815201316,3.46691116207523));
#7162=CARTESIAN_POINT('',(-0.349033746061628,1.62536815201316,3.46691116207523));
#7163=CARTESIAN_POINT('',(-0.19569435637286,1.65076815201316,3.43503994927077));
#7164=CARTESIAN_POINT('',(-0.19569435637286,1.62536815201316,3.43503994927077));
#7165=CARTESIAN_POINT('',(-0.169359277685138,1.65076815201316,3.47816364062191));
#7166=CARTESIAN_POINT('',(-0.169359277685138,1.62536815201316,3.47816364062191));
#7167=CARTESIAN_POINT('',(-0.0515374060155558,1.65076815201316,3.46106471573266));
#7168=CARTESIAN_POINT('',(-0.0515374060155558,1.62536815201316,3.46106471573266));
#7169=CARTESIAN_POINT('',(-0.0831097019657579,1.65076815201316,3.33913651572343));
#7170=CARTESIAN_POINT('',(-0.0831097019657579,1.62536815201316,3.33913651572343));
#7171=CARTESIAN_POINT('',(-0.0831097019657579,1.65076815201316,3.29346353836398));
#7172=CARTESIAN_POINT('',(-0.0831097019657579,1.62536815201316,3.29346353836398));
#7173=CARTESIAN_POINT('',(-0.19569435637286,1.62536815201316,3.43503994927077));
#7174=CARTESIAN_POINT('',(-0.18280913126189,1.62536815201316,3.45613950538998));
#7175=CARTESIAN_POINT('',(-0.16428662016487,1.62536815201316,3.46676981610653));
#7176=CARTESIAN_POINT('',(-0.140287888395688,1.62536815201316,3.46693088142042));
#7177=CARTESIAN_POINT('',(-0.102118209257171,1.62536815201316,3.46718705376363));
#7178=CARTESIAN_POINT('',(-0.0831097019657579,1.62536815201316,3.44389854153456));
#7179=CARTESIAN_POINT('',(-0.0831097019657579,1.62536815201316,3.39783386176284));
#7180=CARTESIAN_POINT('',(-0.0831097019657579,1.62536815201316,3.36304375396322));
#7181=CARTESIAN_POINT('',(-0.0831097019657579,1.62536815201316,3.3282536461636));
#7182=CARTESIAN_POINT('',(-0.0831097019657579,1.62536815201316,3.29346353836398));
#7183=CARTESIAN_POINT('',(-0.19569435637286,1.62536815201316,3.43503994927077));
#7184=CARTESIAN_POINT('',(-0.0831097019657579,1.62536815201316,3.29346353836398));
#7185=CARTESIAN_POINT('',(-0.19569435637286,1.65076815201316,3.43503994927077));
#7186=CARTESIAN_POINT('',(-0.19569435637286,1.65076815201316,3.43503994927077));
#7187=CARTESIAN_POINT('',(-0.19569435637286,1.65076815201316,3.43503994927077));
#7188=CARTESIAN_POINT('',(-0.18280913126189,1.65076815201316,3.45613950538998));
#7189=CARTESIAN_POINT('',(-0.16428662016487,1.65076815201316,3.46676981610653));
#7190=CARTESIAN_POINT('',(-0.140287888395688,1.65076815201316,3.46693088142042));
#7191=CARTESIAN_POINT('',(-0.102118209257171,1.65076815201316,3.46718705376363));
#7192=CARTESIAN_POINT('',(-0.0831097019657579,1.65076815201316,3.44389854153456));
#7193=CARTESIAN_POINT('',(-0.0831097019657579,1.65076815201316,3.39783386176284));
#7194=CARTESIAN_POINT('',(-0.0831097019657579,1.65076815201316,3.36304375396322));
#7195=CARTESIAN_POINT('',(-0.0831097019657579,1.65076815201316,3.3282536461636));
#7196=CARTESIAN_POINT('',(-0.0831097019657579,1.65076815201316,3.29346353836398));
#7197=CARTESIAN_POINT('',(-0.0831097019657579,1.65076815201316,3.29346353836398));
#7198=CARTESIAN_POINT('',(-0.0831097019657579,1.65076815201316,3.29346353836398));
#7199=CARTESIAN_POINT('',(-0.0831097019657579,1.65076815201316,3.29346353836398));
#7200=CARTESIAN_POINT('',(-0.0831097019657579,1.62536815201316,3.29346353836398));
#7201=CARTESIAN_POINT('',(-0.0921293595434371,1.62536815201316,3.29346353836398));
#7202=CARTESIAN_POINT('',(-0.101149017121116,1.62536815201316,3.29346353836398));
#7203=CARTESIAN_POINT('',(-0.110168674698795,1.62536815201316,3.29346353836398));
#7204=CARTESIAN_POINT('',(-0.110168674698795,1.62536815201316,3.29346353836398));
#7205=CARTESIAN_POINT('',(-0.0831097019657579,1.65076815201316,3.29346353836398));
#7206=CARTESIAN_POINT('',(-0.0921293595434371,1.65076815201316,3.29346353836398));
#7207=CARTESIAN_POINT('',(-0.101149017121116,1.65076815201316,3.29346353836398));
#7208=CARTESIAN_POINT('',(-0.110168674698795,1.65076815201316,3.29346353836398));
#7209=CARTESIAN_POINT('',(-0.110168674698795,1.65076815201316,3.29346353836398));
#7210=CARTESIAN_POINT('',(-0.110168674698795,1.65076815201316,3.29346353836398));
#7211=CARTESIAN_POINT('',(-0.110168674698795,1.65076815201316,3.29346353836398));
#7212=CARTESIAN_POINT('',(-0.110168674698795,1.62536815201316,3.29346353836398));
#7213=CARTESIAN_POINT('',(-0.110168674698795,1.65076815201316,3.32261128911433));
#7214=CARTESIAN_POINT('',(-0.110168674698795,1.62536815201316,3.32261128911433));
#7215=CARTESIAN_POINT('',(-0.0988244926766392,1.65076815201316,3.37833116231181));
#7216=CARTESIAN_POINT('',(-0.0988244926766392,1.62536815201316,3.37833116231181));
#7217=CARTESIAN_POINT('',(-0.149873311776342,1.65076815201316,3.47736474192734));
#7218=CARTESIAN_POINT('',(-0.149873311776342,1.62536815201316,3.47736474192734));
#7219=CARTESIAN_POINT('',(-0.209821503275425,1.65076815201316,3.3783498392558));
#7220=CARTESIAN_POINT('',(-0.209821503275425,1.62536815201316,3.3783498392558));
#7221=CARTESIAN_POINT('',(-0.196499682942296,1.65076815201316,3.32261525089033));
#7222=CARTESIAN_POINT('',(-0.196499682942296,1.62536815201316,3.32261525089033));
#7223=CARTESIAN_POINT('',(-0.196499682942296,1.65076815201316,3.29346353836398));
#7224=CARTESIAN_POINT('',(-0.196499682942296,1.62536815201316,3.29346353836398));
#7225=CARTESIAN_POINT('',(-0.110168674698795,1.62536815201316,3.29346353836398));
#7226=CARTESIAN_POINT('',(-0.110168674698795,1.62536815201316,3.32605242020714));
#7227=CARTESIAN_POINT('',(-0.110168674698795,1.62536815201316,3.35864130205031));
#7228=CARTESIAN_POINT('',(-0.110168674698795,1.62536815201316,3.39123018389347));
#7229=CARTESIAN_POINT('',(-0.110168674698795,1.62536815201316,3.42650348763475));
#7230=CARTESIAN_POINT('',(-0.123214965123653,1.62536815201316,3.44422067216233));
#7231=CARTESIAN_POINT('',(-0.149468611287255,1.62536815201316,3.44438173747622));
#7232=CARTESIAN_POINT('',(-0.162674481854682,1.62536815201316,3.44446275508706));
#7233=CARTESIAN_POINT('',(-0.173789473684211,1.62536815201316,3.43922764743183));
#7234=CARTESIAN_POINT('',(-0.18280913126189,1.62536815201316,3.42891946734306));
#7235=CARTESIAN_POINT('',(-0.191748968861006,1.62536815201316,3.41870251008692));
#7236=CARTESIAN_POINT('',(-0.196499682942296,1.62536815201316,3.40556499682942));
#7237=CARTESIAN_POINT('',(-0.196499682942296,1.62536815201316,3.3896195307546));
#7238=CARTESIAN_POINT('',(-0.196499682942296,1.62536815201316,3.35756753329106));
#7239=CARTESIAN_POINT('',(-0.196499682942296,1.62536815201316,3.32551553582752));
#7240=CARTESIAN_POINT('',(-0.196499682942296,1.62536815201316,3.29346353836398));
#7241=CARTESIAN_POINT('',(-0.196499682942296,1.62536815201316,3.29346353836398));
#7242=CARTESIAN_POINT('',(-0.110168674698795,1.65076815201316,3.29346353836398));
#7243=CARTESIAN_POINT('',(-0.110168674698795,1.65076815201316,3.32605242020714));
#7244=CARTESIAN_POINT('',(-0.110168674698795,1.65076815201316,3.35864130205031));
#7245=CARTESIAN_POINT('',(-0.110168674698795,1.65076815201316,3.39123018389347));
#7246=CARTESIAN_POINT('',(-0.110168674698795,1.65076815201316,3.42650348763475));
#7247=CARTESIAN_POINT('',(-0.123214965123653,1.65076815201316,3.44422067216233));
#7248=CARTESIAN_POINT('',(-0.149468611287255,1.65076815201316,3.44438173747622));
#7249=CARTESIAN_POINT('',(-0.162674481854682,1.65076815201316,3.44446275508706));
#7250=CARTESIAN_POINT('',(-0.173789473684211,1.65076815201316,3.43922764743183));
#7251=CARTESIAN_POINT('',(-0.18280913126189,1.65076815201316,3.42891946734306));
#7252=CARTESIAN_POINT('',(-0.191748968861006,1.65076815201316,3.41870251008692));
#7253=CARTESIAN_POINT('',(-0.196499682942296,1.65076815201316,3.40556499682942));
#7254=CARTESIAN_POINT('',(-0.196499682942296,1.65076815201316,3.3896195307546));
#7255=CARTESIAN_POINT('',(-0.196499682942296,1.65076815201316,3.35756753329106));
#7256=CARTESIAN_POINT('',(-0.196499682942296,1.65076815201316,3.32551553582752));
#7257=CARTESIAN_POINT('',(-0.196499682942296,1.65076815201316,3.29346353836398));
#7258=CARTESIAN_POINT('',(-0.196499682942296,1.65076815201316,3.29346353836398));
#7259=CARTESIAN_POINT('',(-0.196499682942296,1.65076815201316,3.29346353836398));
#7260=CARTESIAN_POINT('',(-0.196499682942296,1.65076815201316,3.29346353836398));
#7261=CARTESIAN_POINT('',(-0.196499682942296,1.62536815201316,3.29346353836398));
#7262=CARTESIAN_POINT('',(-0.205519340519975,1.62536815201316,3.29346353836398));
#7263=CARTESIAN_POINT('',(-0.214538998097654,1.62536815201316,3.29346353836398));
#7264=CARTESIAN_POINT('',(-0.223558655675333,1.62536815201316,3.29346353836398));
#7265=CARTESIAN_POINT('',(-0.223558655675333,1.62536815201316,3.29346353836398));
#7266=CARTESIAN_POINT('',(-0.196499682942296,1.65076815201316,3.29346353836398));
#7267=CARTESIAN_POINT('',(-0.205519340519975,1.65076815201316,3.29346353836398));
#7268=CARTESIAN_POINT('',(-0.214538998097654,1.65076815201316,3.29346353836398));
#7269=CARTESIAN_POINT('',(-0.223558655675333,1.65076815201316,3.29346353836398));
#7270=CARTESIAN_POINT('',(-0.223558655675333,1.65076815201316,3.29346353836398));
#7271=CARTESIAN_POINT('',(-0.223558655675333,1.65076815201316,3.29346353836398));
#7272=CARTESIAN_POINT('',(-0.223558655675333,1.65076815201316,3.29346353836398));
#7273=CARTESIAN_POINT('',(-0.223558655675333,1.62536815201316,3.29346353836398));
#7274=CARTESIAN_POINT('',(-0.223558655675333,1.62536815201316,3.37700274783344));
#7275=CARTESIAN_POINT('',(-0.223558655675333,1.62536815201316,3.4605419573029));
#7276=CARTESIAN_POINT('',(-0.223558655675333,1.62536815201316,3.54408116677235));
#7277=CARTESIAN_POINT('',(-0.223558655675333,1.62536815201316,3.54408116677235));
#7278=CARTESIAN_POINT('',(-0.223558655675333,1.65076815201316,3.29346353836398));
#7279=CARTESIAN_POINT('',(-0.223558655675333,1.65076815201316,3.37700274783344));
#7280=CARTESIAN_POINT('',(-0.223558655675333,1.65076815201316,3.4605419573029));
#7281=CARTESIAN_POINT('',(-0.223558655675333,1.65076815201316,3.54408116677235));
#7282=CARTESIAN_POINT('',(-0.223558655675333,1.65076815201316,3.54408116677235));
#7283=CARTESIAN_POINT('',(-0.223558655675333,1.65076815201316,3.54408116677235));
#7284=CARTESIAN_POINT('',(-0.223558655675333,1.65076815201316,3.54408116677235));
#7285=CARTESIAN_POINT('',(-0.223558655675333,1.62536815201316,3.54408116677235));
#7286=CARTESIAN_POINT('',(-0.214538998097654,1.62536815201316,3.54408116677235));
#7287=CARTESIAN_POINT('',(-0.205519340519975,1.62536815201316,3.54408116677235));
#7288=CARTESIAN_POINT('',(-0.196499682942296,1.62536815201316,3.54408116677235));
#7289=CARTESIAN_POINT('',(-0.196499682942296,1.62536815201316,3.54408116677235));
#7290=CARTESIAN_POINT('',(-0.223558655675333,1.65076815201316,3.54408116677235));
#7291=CARTESIAN_POINT('',(-0.214538998097654,1.65076815201316,3.54408116677235));
#7292=CARTESIAN_POINT('',(-0.205519340519975,1.65076815201316,3.54408116677235));
#7293=CARTESIAN_POINT('',(-0.196499682942296,1.65076815201316,3.54408116677235));
#7294=CARTESIAN_POINT('',(-0.196499682942296,1.65076815201316,3.54408116677235));
#7295=CARTESIAN_POINT('',(-0.196499682942296,1.65076815201316,3.54408116677235));
#7296=CARTESIAN_POINT('',(-0.196499682942296,1.65076815201316,3.54408116677235));
#7297=CARTESIAN_POINT('',(-0.196499682942296,1.62536815201316,3.54408116677235));
#7298=CARTESIAN_POINT('',(-0.196499682942296,1.62536815201316,3.50773409427183));
#7299=CARTESIAN_POINT('',(-0.196499682942296,1.62536815201316,3.4713870217713));
#7300=CARTESIAN_POINT('',(-0.196499682942296,1.62536815201316,3.43503994927077));
#7301=CARTESIAN_POINT('',(-0.196499682942296,1.62536815201316,3.43503994927077));
#7302=CARTESIAN_POINT('',(-0.196499682942296,1.65076815201316,3.54408116677235));
#7303=CARTESIAN_POINT('',(-0.196499682942296,1.65076815201316,3.50773409427183));
#7304=CARTESIAN_POINT('',(-0.196499682942296,1.65076815201316,3.4713870217713));
#7305=CARTESIAN_POINT('',(-0.196499682942296,1.65076815201316,3.43503994927077));
#7306=CARTESIAN_POINT('',(-0.196499682942296,1.65076815201316,3.43503994927077));
#7307=CARTESIAN_POINT('',(-0.196499682942296,1.65076815201316,3.43503994927077));
#7308=CARTESIAN_POINT('',(-0.196499682942296,1.65076815201316,3.43503994927077));
#7309=CARTESIAN_POINT('',(-0.196499682942296,1.62536815201316,3.43503994927077));
#7310=CARTESIAN_POINT('',(-0.196231240752484,1.62536815201316,3.43503994927077));
#7311=CARTESIAN_POINT('',(-0.195962798562672,1.62536815201316,3.43503994927077));
#7312=CARTESIAN_POINT('',(-0.19569435637286,1.62536815201316,3.43503994927077));
#7313=CARTESIAN_POINT('',(-0.196499682942296,1.65076815201316,3.43503994927077));
#7314=CARTESIAN_POINT('',(-0.196231240752484,1.65076815201316,3.43503994927077));
#7315=CARTESIAN_POINT('',(-0.195962798562672,1.65076815201316,3.43503994927077));
#7316=CARTESIAN_POINT('',(-0.19569435637286,1.65076815201316,3.43503994927077));
#7317=CARTESIAN_POINT('',(-0.0888859479205018,1.65076815201316,3.43485739695267));
#7318=CARTESIAN_POINT('',(-0.0888859479205018,1.62536815201316,3.43485739695267));
#7319=CARTESIAN_POINT('',(-0.00418769816106553,1.65076815201316,3.43503994927077));
#7320=CARTESIAN_POINT('',(-0.00418769816106553,1.62536815201316,3.43503994927077));
#7321=CARTESIAN_POINT('',(0.0220305078417111,1.65076815201316,3.47797226160032));
#7322=CARTESIAN_POINT('',(0.0220305078417111,1.62536815201316,3.47797226160032));
#7323=CARTESIAN_POINT('',(0.141217242322813,1.65076815201316,3.45582086786924));
#7324=CARTESIAN_POINT('',(0.141217242322813,1.62536815201316,3.45582086786924));
#7325=CARTESIAN_POINT('',(0.108558021559924,1.65076815201316,3.33906237874489));
#7326=CARTESIAN_POINT('',(0.108558021559924,1.62536815201316,3.33906237874489));
#7327=CARTESIAN_POINT('',(0.108558021559924,1.65076815201316,3.29346353836398));
#7328=CARTESIAN_POINT('',(0.108558021559924,1.62536815201316,3.29346353836398));
#7329=CARTESIAN_POINT('',(-0.00418769816106553,1.62536815201316,3.43503994927077));
#7330=CARTESIAN_POINT('',(0.0086975269499045,1.62536815201316,3.45613950538998));
#7331=CARTESIAN_POINT('',(0.0272200380469242,1.62536815201316,3.46676981610653));
#7332=CARTESIAN_POINT('',(0.0513798351299934,1.62536815201316,3.46693088142042));
#7333=CARTESIAN_POINT('',(0.0699004493198455,1.62536815201316,3.46705435218168));
#7334=CARTESIAN_POINT('',(0.0840760938490802,1.62536815201316,3.46081039949271));
#7335=CARTESIAN_POINT('',(0.093901077996195,1.62536815201316,3.44889156626506));
#7336=CARTESIAN_POINT('',(0.103805114967805,1.62536815201316,3.43687683288966));
#7337=CARTESIAN_POINT('',(0.108558021559924,1.62536815201316,3.4195776791376));
#7338=CARTESIAN_POINT('',(0.108558021559924,1.62536815201316,3.39702853519341));
#7339=CARTESIAN_POINT('',(0.108558021559924,1.62536815201316,3.3625068695836));
#7340=CARTESIAN_POINT('',(0.108558021559924,1.62536815201316,3.32798520397379));
#7341=CARTESIAN_POINT('',(0.108558021559924,1.62536815201316,3.29346353836398));
#7342=CARTESIAN_POINT('',(-0.00418769816106553,1.62536815201316,3.43503994927077));
#7343=CARTESIAN_POINT('',(0.108558021559924,1.62536815201316,3.29346353836398));
#7344=CARTESIAN_POINT('',(-0.00418769816106553,1.65076815201316,3.43503994927077));
#7345=CARTESIAN_POINT('',(-0.00418769816106553,1.65076815201316,3.43503994927077));
#7346=CARTESIAN_POINT('',(-0.00418769816106553,1.65076815201316,3.43503994927077));
#7347=CARTESIAN_POINT('',(0.0086975269499045,1.65076815201316,3.45613950538998));
#7348=CARTESIAN_POINT('',(0.0272200380469242,1.65076815201316,3.46676981610653));
#7349=CARTESIAN_POINT('',(0.0513798351299934,1.65076815201316,3.46693088142042));
#7350=CARTESIAN_POINT('',(0.0699004493198455,1.65076815201316,3.46705435218168));
#7351=CARTESIAN_POINT('',(0.0840760938490802,1.65076815201316,3.46081039949271));
#7352=CARTESIAN_POINT('',(0.093901077996195,1.65076815201316,3.44889156626506));
#7353=CARTESIAN_POINT('',(0.103805114967805,1.65076815201316,3.43687683288966));
#7354=CARTESIAN_POINT('',(0.108558021559924,1.65076815201316,3.4195776791376));
#7355=CARTESIAN_POINT('',(0.108558021559924,1.65076815201316,3.39702853519341));
#7356=CARTESIAN_POINT('',(0.108558021559924,1.65076815201316,3.3625068695836));
#7357=CARTESIAN_POINT('',(0.108558021559924,1.65076815201316,3.32798520397379));
#7358=CARTESIAN_POINT('',(0.108558021559924,1.65076815201316,3.29346353836398));
#7359=CARTESIAN_POINT('',(0.108558021559924,1.65076815201316,3.29346353836398));
#7360=CARTESIAN_POINT('',(0.108558021559924,1.65076815201316,3.29346353836398));
#7361=CARTESIAN_POINT('',(0.108558021559924,1.65076815201316,3.29346353836398));
#7362=CARTESIAN_POINT('',(0.108558021559924,1.62536815201316,3.29346353836398));
#7363=CARTESIAN_POINT('',(0.0995383639822446,1.62536815201316,3.29346353836398));
#7364=CARTESIAN_POINT('',(0.0905187064045653,1.62536815201316,3.29346353836398));
#7365=CARTESIAN_POINT('',(0.0814990488268862,1.62536815201316,3.29346353836398));
#7366=CARTESIAN_POINT('',(0.0814990488268862,1.62536815201316,3.29346353836398));
#7367=CARTESIAN_POINT('',(0.108558021559924,1.65076815201316,3.29346353836398));
#7368=CARTESIAN_POINT('',(0.0995383639822446,1.65076815201316,3.29346353836398));
#7369=CARTESIAN_POINT('',(0.0905187064045653,1.65076815201316,3.29346353836398));
#7370=CARTESIAN_POINT('',(0.0814990488268862,1.65076815201316,3.29346353836398));
#7371=CARTESIAN_POINT('',(0.0814990488268862,1.65076815201316,3.29346353836398));
#7372=CARTESIAN_POINT('',(0.0814990488268862,1.65076815201316,3.29346353836398));
#7373=CARTESIAN_POINT('',(0.0814990488268862,1.65076815201316,3.29346353836398));
#7374=CARTESIAN_POINT('',(0.0814990488268862,1.62536815201316,3.29346353836398));
#7375=CARTESIAN_POINT('',(0.0814990488268862,1.65076815201316,3.32262121604243));
#7376=CARTESIAN_POINT('',(0.0814990488268862,1.62536815201316,3.32262121604243));
#7377=CARTESIAN_POINT('',(0.0929436024439544,1.65076815201316,3.37838821957565));
#7378=CARTESIAN_POINT('',(0.0929436024439544,1.62536815201316,3.37838821957565));
#7379=CARTESIAN_POINT('',(0.0414431111671476,1.65076815201316,3.47732883581749));
#7380=CARTESIAN_POINT('',(0.0414431111671476,1.62536815201316,3.47732883581749));
#7381=CARTESIAN_POINT('',(-0.0180534081548318,1.65076815201316,3.37840653605854));
#7382=CARTESIAN_POINT('',(-0.0180534081548318,1.62536815201316,3.37840653605854));
#7383=CARTESIAN_POINT('',(-0.00483195941661414,1.65076815201316,3.32262510135698));
#7384=CARTESIAN_POINT('',(-0.00483195941661414,1.62536815201316,3.32262510135698));
#7385=CARTESIAN_POINT('',(-0.00483195941661414,1.65076815201316,3.29346353836398));
#7386=CARTESIAN_POINT('',(-0.00483195941661414,1.62536815201316,3.29346353836398));
#7387=CARTESIAN_POINT('',(0.0814990488268862,1.62536815201316,3.29346353836398));
#7388=CARTESIAN_POINT('',(0.0814990488268862,1.62536815201316,3.32573028957937));
#7389=CARTESIAN_POINT('',(0.0814990488268862,1.62536815201316,3.35799704079476));
#7390=CARTESIAN_POINT('',(0.0814990488268862,1.62536815201316,3.39026379201015));
#7391=CARTESIAN_POINT('',(0.0814990488268862,1.62536815201316,3.42634242232086));
#7392=CARTESIAN_POINT('',(0.068452758402029,1.62536815201316,3.44422067216233));
#7393=CARTESIAN_POINT('',(0.042199112238427,1.62536815201316,3.44438173747622));
#7394=CARTESIAN_POINT('',(0.0286711231670732,1.62536815201316,3.4444647312742));
#7395=CARTESIAN_POINT('',(0.0173950538998094,1.62536815201316,3.43922764743183));
#7396=CARTESIAN_POINT('',(0.00853646163601757,1.62536815201316,3.42891946734306));
#7397=CARTESIAN_POINT('',(-0.000242514014253486,1.62536815201316,3.41870393204092));
#7398=CARTESIAN_POINT('',(-0.00483195941661414,1.62536815201316,3.4058871274572));
#7399=CARTESIAN_POINT('',(-0.00483195941661414,1.62536815201316,3.39026379201015));
#7400=CARTESIAN_POINT('',(-0.00483195941661414,1.62536815201316,3.35799704079476));
#7401=CARTESIAN_POINT('',(-0.00483195941661414,1.62536815201316,3.32573028957937));
#7402=CARTESIAN_POINT('',(-0.00483195941661414,1.62536815201316,3.29346353836398));
#7403=CARTESIAN_POINT('',(-0.00483195941661414,1.62536815201316,3.29346353836398));
#7404=CARTESIAN_POINT('',(0.0814990488268862,1.65076815201316,3.29346353836398));
#7405=CARTESIAN_POINT('',(0.0814990488268862,1.65076815201316,3.32573028957937));
#7406=CARTESIAN_POINT('',(0.0814990488268862,1.65076815201316,3.35799704079476));
#7407=CARTESIAN_POINT('',(0.0814990488268862,1.65076815201316,3.39026379201015));
#7408=CARTESIAN_POINT('',(0.0814990488268862,1.65076815201316,3.42634242232086));
#7409=CARTESIAN_POINT('',(0.068452758402029,1.65076815201316,3.44422067216233));
#7410=CARTESIAN_POINT('',(0.042199112238427,1.65076815201316,3.44438173747622));
#7411=CARTESIAN_POINT('',(0.0286711231670732,1.65076815201316,3.4444647312742));
#7412=CARTESIAN_POINT('',(0.0173950538998094,1.65076815201316,3.43922764743183));
#7413=CARTESIAN_POINT('',(0.00853646163601757,1.65076815201316,3.42891946734306));
#7414=CARTESIAN_POINT('',(-0.000242514014253486,1.65076815201316,3.41870393204092));
#7415=CARTESIAN_POINT('',(-0.00483195941661414,1.65076815201316,3.4058871274572));
#7416=CARTESIAN_POINT('',(-0.00483195941661414,1.65076815201316,3.39026379201015));
#7417=CARTESIAN_POINT('',(-0.00483195941661414,1.65076815201316,3.35799704079476));
#7418=CARTESIAN_POINT('',(-0.00483195941661414,1.65076815201316,3.32573028957937));
#7419=CARTESIAN_POINT('',(-0.00483195941661414,1.65076815201316,3.29346353836398));
#7420=CARTESIAN_POINT('',(-0.00483195941661414,1.65076815201316,3.29346353836398));
#7421=CARTESIAN_POINT('',(-0.00483195941661414,1.65076815201316,3.29346353836398));
#7422=CARTESIAN_POINT('',(-0.00483195941661414,1.65076815201316,3.29346353836398));
#7423=CARTESIAN_POINT('',(-0.00483195941661414,1.62536815201316,3.29346353836398));
#7424=CARTESIAN_POINT('',(-0.0138516169942933,1.62536815201316,3.29346353836398));
#7425=CARTESIAN_POINT('',(-0.0228712745719723,1.62536815201316,3.29346353836398));
#7426=CARTESIAN_POINT('',(-0.0318909321496514,1.62536815201316,3.29346353836398));
#7427=CARTESIAN_POINT('',(-0.0318909321496514,1.62536815201316,3.29346353836398));
#7428=CARTESIAN_POINT('',(-0.00483195941661414,1.65076815201316,3.29346353836398));
#7429=CARTESIAN_POINT('',(-0.0138516169942933,1.65076815201316,3.29346353836398));
#7430=CARTESIAN_POINT('',(-0.0228712745719723,1.65076815201316,3.29346353836398));
#7431=CARTESIAN_POINT('',(-0.0318909321496514,1.65076815201316,3.29346353836398));
#7432=CARTESIAN_POINT('',(-0.0318909321496514,1.65076815201316,3.29346353836398));
#7433=CARTESIAN_POINT('',(-0.0318909321496514,1.65076815201316,3.29346353836398));
#7434=CARTESIAN_POINT('',(-0.0318909321496514,1.65076815201316,3.29346353836398));
#7435=CARTESIAN_POINT('',(-0.0318909321496514,1.62536815201316,3.29346353836398));
#7436=CARTESIAN_POINT('',(-0.0318909321496514,1.62536815201316,3.3499437751004));
#7437=CARTESIAN_POINT('',(-0.0318909321496514,1.62536815201316,3.40642401183682));
#7438=CARTESIAN_POINT('',(-0.0318909321496514,1.62536815201316,3.46290424857324));
#7439=CARTESIAN_POINT('',(-0.0318909321496514,1.62536815201316,3.46290424857324));
#7440=CARTESIAN_POINT('',(-0.0318909321496514,1.65076815201316,3.29346353836398));
#7441=CARTESIAN_POINT('',(-0.0318909321496514,1.65076815201316,3.3499437751004));
#7442=CARTESIAN_POINT('',(-0.0318909321496514,1.65076815201316,3.40642401183682));
#7443=CARTESIAN_POINT('',(-0.0318909321496514,1.65076815201316,3.46290424857324));
#7444=CARTESIAN_POINT('',(-0.0318909321496514,1.65076815201316,3.46290424857324));
#7445=CARTESIAN_POINT('',(-0.0318909321496514,1.65076815201316,3.46290424857324));
#7446=CARTESIAN_POINT('',(-0.0318909321496514,1.65076815201316,3.46290424857324));
#7447=CARTESIAN_POINT('',(-0.0318909321496514,1.62536815201316,3.46290424857324));
#7448=CARTESIAN_POINT('',(-0.0228712745719723,1.62536815201316,3.46290424857324));
#7449=CARTESIAN_POINT('',(-0.0138516169942933,1.62536815201316,3.46290424857324));
#7450=CARTESIAN_POINT('',(-0.00483195941661414,1.62536815201316,3.46290424857324));
#7451=CARTESIAN_POINT('',(-0.00483195941661414,1.62536815201316,3.46290424857324));
#7452=CARTESIAN_POINT('',(-0.0318909321496514,1.65076815201316,3.46290424857324));
#7453=CARTESIAN_POINT('',(-0.0228712745719723,1.65076815201316,3.46290424857324));
#7454=CARTESIAN_POINT('',(-0.0138516169942933,1.65076815201316,3.46290424857324));
#7455=CARTESIAN_POINT('',(-0.00483195941661414,1.65076815201316,3.46290424857324));
#7456=CARTESIAN_POINT('',(-0.00483195941661414,1.65076815201316,3.46290424857324));
#7457=CARTESIAN_POINT('',(-0.00483195941661414,1.65076815201316,3.46290424857324));
#7458=CARTESIAN_POINT('',(-0.00483195941661414,1.65076815201316,3.46290424857324));
#7459=CARTESIAN_POINT('',(-0.00483195941661414,1.62536815201316,3.46290424857324));
#7460=CARTESIAN_POINT('',(-0.00483195941661414,1.62536815201316,3.45361614880575));
#7461=CARTESIAN_POINT('',(-0.00483195941661414,1.62536815201316,3.44432804903826));
#7462=CARTESIAN_POINT('',(-0.00483195941661414,1.62536815201316,3.43503994927077));
#7463=CARTESIAN_POINT('',(-0.00483195941661414,1.62536815201316,3.43503994927077));
#7464=CARTESIAN_POINT('',(-0.00483195941661414,1.65076815201316,3.46290424857324));
#7465=CARTESIAN_POINT('',(-0.00483195941661414,1.65076815201316,3.45361614880575));
#7466=CARTESIAN_POINT('',(-0.00483195941661414,1.65076815201316,3.44432804903826));
#7467=CARTESIAN_POINT('',(-0.00483195941661414,1.65076815201316,3.43503994927077));
#7468=CARTESIAN_POINT('',(-0.00483195941661414,1.65076815201316,3.43503994927077));
#7469=CARTESIAN_POINT('',(-0.00483195941661414,1.65076815201316,3.43503994927077));
#7470=CARTESIAN_POINT('',(-0.00483195941661414,1.65076815201316,3.43503994927077));
#7471=CARTESIAN_POINT('',(-0.00483195941661414,1.62536815201316,3.43503994927077));
#7472=CARTESIAN_POINT('',(-0.00461720566476457,1.62536815201316,3.43503994927077));
#7473=CARTESIAN_POINT('',(-0.00440245191291511,1.62536815201316,3.43503994927077));
#7474=CARTESIAN_POINT('',(-0.00418769816106553,1.62536815201316,3.43503994927077));
#7475=CARTESIAN_POINT('',(-0.00483195941661414,1.65076815201316,3.43503994927077));
#7476=CARTESIAN_POINT('',(-0.00461720566476457,1.65076815201316,3.43503994927077));
#7477=CARTESIAN_POINT('',(-0.00440245191291511,1.65076815201316,3.43503994927077));
#7478=CARTESIAN_POINT('',(-0.00418769816106553,1.65076815201316,3.43503994927077));
#7479=CARTESIAN_POINT('',(0.103255753511815,1.65076815201316,3.43216909402092));
#7480=CARTESIAN_POINT('',(0.103255753511815,1.62536815201316,3.43216909402092));
#7481=CARTESIAN_POINT('',(-0.297809765377299,1.65076815201316,3.16171211160431));
#7482=CARTESIAN_POINT('',(-0.297809765377299,1.62536815201316,3.16171211160431));
#7483=CARTESIAN_POINT('',(-0.297809765377299,1.62536815201316,3.0826827309237));
#7484=CARTESIAN_POINT('',(-0.297809765377299,1.62536815201316,3.00365335024308));
#7485=CARTESIAN_POINT('',(-0.297809765377299,1.62536815201316,2.92462396956246));
#7486=CARTESIAN_POINT('',(-0.297809765377299,1.62536815201316,3.16171211160431));
#7487=CARTESIAN_POINT('',(-0.297809765377299,1.62536815201316,2.92462396956246));
#7488=CARTESIAN_POINT('',(-0.297809765377299,1.65076815201316,3.16171211160431));
#7489=CARTESIAN_POINT('',(-0.297809765377299,1.65076815201316,3.16171211160431));
#7490=CARTESIAN_POINT('',(-0.297809765377299,1.65076815201316,3.16171211160431));
#7491=CARTESIAN_POINT('',(-0.297809765377299,1.65076815201316,3.0826827309237));
#7492=CARTESIAN_POINT('',(-0.297809765377299,1.65076815201316,3.00365335024308));
#7493=CARTESIAN_POINT('',(-0.297809765377299,1.65076815201316,2.92462396956246));
#7494=CARTESIAN_POINT('',(-0.297809765377299,1.65076815201316,2.92462396956246));
#7495=CARTESIAN_POINT('',(-0.297809765377299,1.65076815201316,2.92462396956246));
#7496=CARTESIAN_POINT('',(-0.297809765377299,1.65076815201316,2.92462396956246));
#7497=CARTESIAN_POINT('',(-0.297809765377299,1.62536815201316,2.92462396956246));
#7498=CARTESIAN_POINT('',(-0.306990488268865,1.62536815201316,2.92462396956246));
#7499=CARTESIAN_POINT('',(-0.316171211160431,1.62536815201316,2.92462396956246));
#7500=CARTESIAN_POINT('',(-0.325351934051998,1.62536815201316,2.92462396956246));
#7501=CARTESIAN_POINT('',(-0.325351934051998,1.62536815201316,2.92462396956246));
#7502=CARTESIAN_POINT('',(-0.297809765377299,1.65076815201316,2.92462396956246));
#7503=CARTESIAN_POINT('',(-0.306990488268865,1.65076815201316,2.92462396956246));
#7504=CARTESIAN_POINT('',(-0.316171211160431,1.65076815201316,2.92462396956246));
#7505=CARTESIAN_POINT('',(-0.325351934051998,1.65076815201316,2.92462396956246));
#7506=CARTESIAN_POINT('',(-0.325351934051998,1.65076815201316,2.92462396956246));
#7507=CARTESIAN_POINT('',(-0.325351934051998,1.65076815201316,2.92462396956246));
#7508=CARTESIAN_POINT('',(-0.325351934051998,1.65076815201316,2.92462396956246));
#7509=CARTESIAN_POINT('',(-0.325351934051998,1.62536815201316,2.92462396956246));
#7510=CARTESIAN_POINT('',(-0.325351934051998,1.65076815201316,2.99304521488511));
#7511=CARTESIAN_POINT('',(-0.325351934051998,1.62536815201316,2.99304521488511));
#7512=CARTESIAN_POINT('',(-0.329547052929063,1.65076815201316,3.04883742837935));
#7513=CARTESIAN_POINT('',(-0.329547052929063,1.62536815201316,3.04883742837935));
#7514=CARTESIAN_POINT('',(-0.323097019657578,1.65076815201316,3.12982117945466));
#7515=CARTESIAN_POINT('',(-0.323097019657578,1.62536815201316,3.12982117945466));
#7516=CARTESIAN_POINT('',(-0.325351934051998,1.62536815201316,2.92462396956246));
#7517=CARTESIAN_POINT('',(-0.325351934051998,1.62536815201316,2.97766814626929));
#7518=CARTESIAN_POINT('',(-0.325351934051998,1.62536815201316,3.03071232297612));
#7519=CARTESIAN_POINT('',(-0.325351934051998,1.62536815201316,3.08375649968294));
#7520=CARTESIAN_POINT('',(-0.325351934051998,1.62536815201316,3.09615852885225));
#7521=CARTESIAN_POINT('',(-0.324546607482562,1.62536815201316,3.11162079898542));
#7522=CARTESIAN_POINT('',(-0.323097019657578,1.62536815201316,3.12982117945466));
#7523=CARTESIAN_POINT('',(-0.323097019657578,1.62536815201316,3.12982117945466));
#7524=CARTESIAN_POINT('',(-0.325351934051998,1.65076815201316,2.92462396956246));
#7525=CARTESIAN_POINT('',(-0.325351934051998,1.65076815201316,2.97766814626929));
#7526=CARTESIAN_POINT('',(-0.325351934051998,1.65076815201316,3.03071232297612));
#7527=CARTESIAN_POINT('',(-0.325351934051998,1.65076815201316,3.08375649968294));
#7528=CARTESIAN_POINT('',(-0.325351934051998,1.65076815201316,3.09615852885225));
#7529=CARTESIAN_POINT('',(-0.324546607482562,1.65076815201316,3.11162079898542));
#7530=CARTESIAN_POINT('',(-0.323097019657578,1.65076815201316,3.12982117945466));
#7531=CARTESIAN_POINT('',(-0.323097019657578,1.65076815201316,3.12982117945466));
#7532=CARTESIAN_POINT('',(-0.323097019657578,1.65076815201316,3.12982117945466));
#7533=CARTESIAN_POINT('',(-0.323097019657578,1.65076815201316,3.12982117945466));
#7534=CARTESIAN_POINT('',(-0.323097019657578,1.62536815201316,3.12982117945466));
#7535=CARTESIAN_POINT('',(-0.323311773409427,1.62536815201316,3.12982117945466));
#7536=CARTESIAN_POINT('',(-0.323526527161277,1.62536815201316,3.12982117945466));
#7537=CARTESIAN_POINT('',(-0.323741280913126,1.62536815201316,3.12982117945466));
#7538=CARTESIAN_POINT('',(-0.323741280913126,1.62536815201316,3.12982117945466));
#7539=CARTESIAN_POINT('',(-0.323097019657578,1.65076815201316,3.12982117945466));
#7540=CARTESIAN_POINT('',(-0.323311773409427,1.65076815201316,3.12982117945466));
#7541=CARTESIAN_POINT('',(-0.323526527161277,1.65076815201316,3.12982117945466));
#7542=CARTESIAN_POINT('',(-0.323741280913126,1.65076815201316,3.12982117945466));
#7543=CARTESIAN_POINT('',(-0.323741280913126,1.65076815201316,3.12982117945466));
#7544=CARTESIAN_POINT('',(-0.323741280913126,1.65076815201316,3.12982117945466));
#7545=CARTESIAN_POINT('',(-0.323741280913126,1.65076815201316,3.12982117945466));
#7546=CARTESIAN_POINT('',(-0.323741280913126,1.62536815201316,3.12982117945466));
#7547=CARTESIAN_POINT('',(-0.335669907388694,1.65076815201316,3.07987005608822));
#7548=CARTESIAN_POINT('',(-0.335669907388694,1.62536815201316,3.07987005608822));
#7549=CARTESIAN_POINT('',(-0.366743126291175,1.65076815201316,3.03430692087068));
#7550=CARTESIAN_POINT('',(-0.366743126291175,1.62536815201316,3.03430692087068));
#7551=CARTESIAN_POINT('',(-0.396444247493739,1.65076815201316,2.95866149241832));
#7552=CARTESIAN_POINT('',(-0.396444247493739,1.62536815201316,2.95866149241832));
#7553=CARTESIAN_POINT('',(-0.411521876981611,1.65076815201316,2.92462396956246));
#7554=CARTESIAN_POINT('',(-0.411521876981611,1.62536815201316,2.92462396956246));
#7555=CARTESIAN_POINT('',(-0.323741280913126,1.62536815201316,3.12982117945466));
#7556=CARTESIAN_POINT('',(-0.32631832593532,1.62536815201316,3.11902980342422));
#7557=CARTESIAN_POINT('',(-0.328734305643627,1.62536815201316,3.11145973367153));
#7558=CARTESIAN_POINT('',(-0.33082815472416,1.62536815201316,3.1067888395688));
#7559=CARTESIAN_POINT('',(-0.357994291705644,1.62536815201316,3.04618745707164));
#7560=CARTESIAN_POINT('',(-0.384623969562461,1.62536815201316,2.98534559289791));
#7561=CARTESIAN_POINT('',(-0.411521876981611,1.62536815201316,2.92462396956246));
#7562=CARTESIAN_POINT('',(-0.411521876981611,1.62536815201316,2.92462396956246));
#7563=CARTESIAN_POINT('',(-0.323741280913126,1.65076815201316,3.12982117945466));
#7564=CARTESIAN_POINT('',(-0.32631832593532,1.65076815201316,3.11902980342422));
#7565=CARTESIAN_POINT('',(-0.328734305643627,1.65076815201316,3.11145973367153));
#7566=CARTESIAN_POINT('',(-0.33082815472416,1.65076815201316,3.1067888395688));
#7567=CARTESIAN_POINT('',(-0.357994291705644,1.65076815201316,3.04618745707164));
#7568=CARTESIAN_POINT('',(-0.384623969562461,1.65076815201316,2.98534559289791));
#7569=CARTESIAN_POINT('',(-0.411521876981611,1.65076815201316,2.92462396956246));
#7570=CARTESIAN_POINT('',(-0.411521876981611,1.65076815201316,2.92462396956246));
#7571=CARTESIAN_POINT('',(-0.411521876981611,1.65076815201316,2.92462396956246));
#7572=CARTESIAN_POINT('',(-0.411521876981611,1.65076815201316,2.92462396956246));
#7573=CARTESIAN_POINT('',(-0.411521876981611,1.62536815201316,2.92462396956246));
#7574=CARTESIAN_POINT('',(-0.41603170577045,1.62536815201316,2.92462396956246));
#7575=CARTESIAN_POINT('',(-0.42054153455929,1.62536815201316,2.92462396956246));
#7576=CARTESIAN_POINT('',(-0.42505136334813,1.62536815201316,2.92462396956246));
#7577=CARTESIAN_POINT('',(-0.42505136334813,1.62536815201316,2.92462396956246));
#7578=CARTESIAN_POINT('',(-0.411521876981611,1.65076815201316,2.92462396956246));
#7579=CARTESIAN_POINT('',(-0.41603170577045,1.65076815201316,2.92462396956246));
#7580=CARTESIAN_POINT('',(-0.42054153455929,1.65076815201316,2.92462396956246));
#7581=CARTESIAN_POINT('',(-0.42505136334813,1.65076815201316,2.92462396956246));
#7582=CARTESIAN_POINT('',(-0.42505136334813,1.65076815201316,2.92462396956246));
#7583=CARTESIAN_POINT('',(-0.42505136334813,1.65076815201316,2.92462396956246));
#7584=CARTESIAN_POINT('',(-0.42505136334813,1.65076815201316,2.92462396956246));
#7585=CARTESIAN_POINT('',(-0.42505136334813,1.62536815201316,2.92462396956246));
#7586=CARTESIAN_POINT('',(-0.440193259475421,1.65076815201316,2.95863266826436));
#7587=CARTESIAN_POINT('',(-0.440193259475421,1.62536815201316,2.95863266826436));
#7588=CARTESIAN_POINT('',(-0.469839912187691,1.65076815201316,3.03318095515276));
#7589=CARTESIAN_POINT('',(-0.469839912187691,1.62536815201316,3.03318095515276));
#7590=CARTESIAN_POINT('',(-0.502035123069211,1.65076815201316,3.08160568410272));
#7591=CARTESIAN_POINT('',(-0.502035123069211,1.62536815201316,3.08160568410272));
#7592=CARTESIAN_POINT('',(-0.512670894102727,1.65076815201316,3.12982117945466));
#7593=CARTESIAN_POINT('',(-0.512670894102727,1.62536815201316,3.12982117945466));
#7594=CARTESIAN_POINT('',(-0.42505136334813,1.62536815201316,2.92462396956246));
#7595=CARTESIAN_POINT('',(-0.451895582329317,1.62536815201316,2.98491608539421));
#7596=CARTESIAN_POINT('',(-0.478739801310505,1.62536815201316,3.04520820122596));
#7597=CARTESIAN_POINT('',(-0.505584020291693,1.62536815201316,3.10550031705771));
#7598=CARTESIAN_POINT('',(-0.507932058303191,1.62536815201316,3.11077401043153));
#7599=CARTESIAN_POINT('',(-0.51025491439442,1.62536815201316,3.11886873811034));
#7600=CARTESIAN_POINT('',(-0.512670894102727,1.62536815201316,3.12982117945466));
#7601=CARTESIAN_POINT('',(-0.512670894102727,1.62536815201316,3.12982117945466));
#7602=CARTESIAN_POINT('',(-0.42505136334813,1.65076815201316,2.92462396956246));
#7603=CARTESIAN_POINT('',(-0.451895582329317,1.65076815201316,2.98491608539421));
#7604=CARTESIAN_POINT('',(-0.478739801310505,1.65076815201316,3.04520820122596));
#7605=CARTESIAN_POINT('',(-0.505584020291693,1.65076815201316,3.10550031705771));
#7606=CARTESIAN_POINT('',(-0.507932058303191,1.65076815201316,3.11077401043153));
#7607=CARTESIAN_POINT('',(-0.51025491439442,1.65076815201316,3.11886873811034));
#7608=CARTESIAN_POINT('',(-0.512670894102727,1.65076815201316,3.12982117945466));
#7609=CARTESIAN_POINT('',(-0.512670894102727,1.65076815201316,3.12982117945466));
#7610=CARTESIAN_POINT('',(-0.512670894102727,1.65076815201316,3.12982117945466));
#7611=CARTESIAN_POINT('',(-0.512670894102727,1.65076815201316,3.12982117945466));
#7612=CARTESIAN_POINT('',(-0.512670894102727,1.62536815201316,3.12982117945466));
#7613=CARTESIAN_POINT('',(-0.512885647854576,1.62536815201316,3.12982117945466));
#7614=CARTESIAN_POINT('',(-0.513100401606426,1.62536815201316,3.12982117945466));
#7615=CARTESIAN_POINT('',(-0.513315155358275,1.62536815201316,3.12982117945466));
#7616=CARTESIAN_POINT('',(-0.513315155358275,1.62536815201316,3.12982117945466));
#7617=CARTESIAN_POINT('',(-0.512670894102727,1.65076815201316,3.12982117945466));
#7618=CARTESIAN_POINT('',(-0.512885647854576,1.65076815201316,3.12982117945466));
#7619=CARTESIAN_POINT('',(-0.513100401606426,1.65076815201316,3.12982117945466));
#7620=CARTESIAN_POINT('',(-0.513315155358275,1.65076815201316,3.12982117945466));
#7621=CARTESIAN_POINT('',(-0.513315155358275,1.65076815201316,3.12982117945466));
#7622=CARTESIAN_POINT('',(-0.513315155358275,1.65076815201316,3.12982117945466));
#7623=CARTESIAN_POINT('',(-0.513315155358275,1.65076815201316,3.12982117945466));
#7624=CARTESIAN_POINT('',(-0.513315155358275,1.62536815201316,3.12982117945466));
#7625=CARTESIAN_POINT('',(-0.511186256322754,1.65076815201316,3.10888700560536));
#7626=CARTESIAN_POINT('',(-0.511186256322754,1.62536815201316,3.10888700560536));
#7627=CARTESIAN_POINT('',(-0.512446821109391,1.65076815201316,3.02062037963724));
#7628=CARTESIAN_POINT('',(-0.512446821109391,1.62536815201316,3.02062037963724));
#7629=CARTESIAN_POINT('',(-0.512026632847178,1.65076815201316,2.95882904739814));
#7630=CARTESIAN_POINT('',(-0.512026632847178,1.62536815201316,2.95882904739814));
#7631=CARTESIAN_POINT('',(-0.512026632847178,1.65076815201316,2.92462396956246));
#7632=CARTESIAN_POINT('',(-0.512026632847178,1.62536815201316,2.92462396956246));
#7633=CARTESIAN_POINT('',(-0.513315155358275,1.62536815201316,3.12982117945466));
#7634=CARTESIAN_POINT('',(-0.512348763474953,1.62536815201316,3.12031832593532));
#7635=CARTESIAN_POINT('',(-0.512026632847178,1.62536815201316,3.10485605580216));
#7636=CARTESIAN_POINT('',(-0.512026632847178,1.62536815201316,3.08327330374128));
#7637=CARTESIAN_POINT('',(-0.512026632847178,1.62536815201316,3.03039019234834));
#7638=CARTESIAN_POINT('',(-0.512026632847178,1.62536815201316,2.9775070809554));
#7639=CARTESIAN_POINT('',(-0.512026632847178,1.62536815201316,2.92462396956246));
#7640=CARTESIAN_POINT('',(-0.512026632847178,1.62536815201316,2.92462396956246));
#7641=CARTESIAN_POINT('',(-0.513315155358275,1.65076815201316,3.12982117945466));
#7642=CARTESIAN_POINT('',(-0.512348763474953,1.65076815201316,3.12031832593532));
#7643=CARTESIAN_POINT('',(-0.512026632847178,1.65076815201316,3.10485605580216));
#7644=CARTESIAN_POINT('',(-0.512026632847178,1.65076815201316,3.08327330374128));
#7645=CARTESIAN_POINT('',(-0.512026632847178,1.65076815201316,3.03039019234834));
#7646=CARTESIAN_POINT('',(-0.512026632847178,1.65076815201316,2.9775070809554));
#7647=CARTESIAN_POINT('',(-0.512026632847178,1.65076815201316,2.92462396956246));
#7648=CARTESIAN_POINT('',(-0.512026632847178,1.65076815201316,2.92462396956246));
#7649=CARTESIAN_POINT('',(-0.512026632847178,1.65076815201316,2.92462396956246));
#7650=CARTESIAN_POINT('',(-0.512026632847178,1.65076815201316,2.92462396956246));
#7651=CARTESIAN_POINT('',(-0.512026632847178,1.62536815201316,2.92462396956246));
#7652=CARTESIAN_POINT('',(-0.521207355738745,1.62536815201316,2.92462396956246));
#7653=CARTESIAN_POINT('',(-0.530388078630311,1.62536815201316,2.92462396956246));
#7654=CARTESIAN_POINT('',(-0.539568801521877,1.62536815201316,2.92462396956246));
#7655=CARTESIAN_POINT('',(-0.539568801521877,1.62536815201316,2.92462396956246));
#7656=CARTESIAN_POINT('',(-0.512026632847178,1.65076815201316,2.92462396956246));
#7657=CARTESIAN_POINT('',(-0.521207355738745,1.65076815201316,2.92462396956246));
#7658=CARTESIAN_POINT('',(-0.530388078630311,1.65076815201316,2.92462396956246));
#7659=CARTESIAN_POINT('',(-0.539568801521877,1.65076815201316,2.92462396956246));
#7660=CARTESIAN_POINT('',(-0.539568801521877,1.65076815201316,2.92462396956246));
#7661=CARTESIAN_POINT('',(-0.539568801521877,1.65076815201316,2.92462396956246));
#7662=CARTESIAN_POINT('',(-0.539568801521877,1.65076815201316,2.92462396956246));
#7663=CARTESIAN_POINT('',(-0.539568801521877,1.62536815201316,2.92462396956246));
#7664=CARTESIAN_POINT('',(-0.539568801521877,1.62536815201316,3.00365335024308));
#7665=CARTESIAN_POINT('',(-0.539568801521877,1.62536815201316,3.0826827309237));
#7666=CARTESIAN_POINT('',(-0.539568801521877,1.62536815201316,3.16171211160431));
#7667=CARTESIAN_POINT('',(-0.539568801521877,1.62536815201316,3.16171211160431));
#7668=CARTESIAN_POINT('',(-0.539568801521877,1.65076815201316,2.92462396956246));
#7669=CARTESIAN_POINT('',(-0.539568801521877,1.65076815201316,3.00365335024308));
#7670=CARTESIAN_POINT('',(-0.539568801521877,1.65076815201316,3.0826827309237));
#7671=CARTESIAN_POINT('',(-0.539568801521877,1.65076815201316,3.16171211160431));
#7672=CARTESIAN_POINT('',(-0.539568801521877,1.65076815201316,3.16171211160431));
#7673=CARTESIAN_POINT('',(-0.539568801521877,1.65076815201316,3.16171211160431));
#7674=CARTESIAN_POINT('',(-0.539568801521877,1.65076815201316,3.16171211160431));
#7675=CARTESIAN_POINT('',(-0.539568801521877,1.62536815201316,3.16171211160431));
#7676=CARTESIAN_POINT('',(-0.527059395476644,1.62536815201316,3.16171211160431));
#7677=CARTESIAN_POINT('',(-0.51454998943141,1.62536815201316,3.16171211160431));
#7678=CARTESIAN_POINT('',(-0.502040583386177,1.62536815201316,3.16171211160431));
#7679=CARTESIAN_POINT('',(-0.502040583386177,1.62536815201316,3.16171211160431));
#7680=CARTESIAN_POINT('',(-0.539568801521877,1.65076815201316,3.16171211160431));
#7681=CARTESIAN_POINT('',(-0.527059395476644,1.65076815201316,3.16171211160431));
#7682=CARTESIAN_POINT('',(-0.51454998943141,1.65076815201316,3.16171211160431));
#7683=CARTESIAN_POINT('',(-0.502040583386177,1.65076815201316,3.16171211160431));
#7684=CARTESIAN_POINT('',(-0.502040583386177,1.65076815201316,3.16171211160431));
#7685=CARTESIAN_POINT('',(-0.502040583386177,1.65076815201316,3.16171211160431));
#7686=CARTESIAN_POINT('',(-0.502040583386177,1.65076815201316,3.16171211160431));
#7687=CARTESIAN_POINT('',(-0.502040583386177,1.62536815201316,3.16171211160431));
#7688=CARTESIAN_POINT('',(-0.487918233645131,1.65076815201316,3.12951315419473));
#7689=CARTESIAN_POINT('',(-0.487918233645131,1.62536815201316,3.12951315419473));
#7690=CARTESIAN_POINT('',(-0.463218863472764,1.65076815201316,3.07064033024253));
#7691=CARTESIAN_POINT('',(-0.463218863472764,1.62536815201316,3.07064033024253));
#7692=CARTESIAN_POINT('',(-0.424338176061496,1.65076815201316,2.98966714282246));
#7693=CARTESIAN_POINT('',(-0.424338176061496,1.62536815201316,2.98966714282246));
#7694=CARTESIAN_POINT('',(-0.418769816106532,1.65076815201316,2.9679505389981));
#7695=CARTESIAN_POINT('',(-0.418769816106532,1.62536815201316,2.9679505389981));
#7696=CARTESIAN_POINT('',(-0.502040583386177,1.62536815201316,3.16171211160431));
#7697=CARTESIAN_POINT('',(-0.477880786303107,1.62536815201316,3.10662777425492));
#7698=CARTESIAN_POINT('',(-0.453720989220038,1.62536815201316,3.05154343690552));
#7699=CARTESIAN_POINT('',(-0.429561192136969,1.62536815201316,2.99645909955612));
#7700=CARTESIAN_POINT('',(-0.423997287740752,1.62536815201316,2.98377339753274));
#7701=CARTESIAN_POINT('',(-0.420380469245403,1.62536815201316,2.9742320862397));
#7702=CARTESIAN_POINT('',(-0.418769816106532,1.62536815201316,2.9679505389981));
#7703=CARTESIAN_POINT('',(-0.418769816106532,1.62536815201316,2.9679505389981));
#7704=CARTESIAN_POINT('',(-0.502040583386177,1.65076815201316,3.16171211160431));
#7705=CARTESIAN_POINT('',(-0.477880786303107,1.65076815201316,3.10662777425492));
#7706=CARTESIAN_POINT('',(-0.453720989220038,1.65076815201316,3.05154343690552));
#7707=CARTESIAN_POINT('',(-0.429561192136969,1.65076815201316,2.99645909955612));
#7708=CARTESIAN_POINT('',(-0.423997287740752,1.65076815201316,2.98377339753274));
#7709=CARTESIAN_POINT('',(-0.420380469245403,1.65076815201316,2.9742320862397));
#7710=CARTESIAN_POINT('',(-0.418769816106532,1.65076815201316,2.9679505389981));
#7711=CARTESIAN_POINT('',(-0.418769816106532,1.65076815201316,2.9679505389981));
#7712=CARTESIAN_POINT('',(-0.418769816106532,1.65076815201316,2.9679505389981));
#7713=CARTESIAN_POINT('',(-0.418769816106532,1.65076815201316,2.9679505389981));
#7714=CARTESIAN_POINT('',(-0.418769816106532,1.62536815201316,2.9679505389981));
#7715=CARTESIAN_POINT('',(-0.418447685478757,1.62536815201316,2.9679505389981));
#7716=CARTESIAN_POINT('',(-0.418125554850983,1.62536815201316,2.9679505389981));
#7717=CARTESIAN_POINT('',(-0.417803424223209,1.62536815201316,2.9679505389981));
#7718=CARTESIAN_POINT('',(-0.417803424223209,1.62536815201316,2.9679505389981));
#7719=CARTESIAN_POINT('',(-0.418769816106532,1.65076815201316,2.9679505389981));
#7720=CARTESIAN_POINT('',(-0.418447685478757,1.65076815201316,2.9679505389981));
#7721=CARTESIAN_POINT('',(-0.418125554850983,1.65076815201316,2.9679505389981));
#7722=CARTESIAN_POINT('',(-0.417803424223209,1.65076815201316,2.9679505389981));
#7723=CARTESIAN_POINT('',(-0.417803424223209,1.65076815201316,2.9679505389981));
#7724=CARTESIAN_POINT('',(-0.417803424223209,1.65076815201316,2.9679505389981));
#7725=CARTESIAN_POINT('',(-0.417803424223209,1.65076815201316,2.9679505389981));
#7726=CARTESIAN_POINT('',(-0.417803424223209,1.62536815201316,2.9679505389981));
#7727=CARTESIAN_POINT('',(-0.401468161988271,1.65076815201316,3.01205574703243));
#7728=CARTESIAN_POINT('',(-0.401468161988271,1.62536815201316,3.01205574703243));
#7729=CARTESIAN_POINT('',(-0.377420639015171,1.65076815201316,3.05944318380575));
#7730=CARTESIAN_POINT('',(-0.377420639015171,1.62536815201316,3.05944318380575));
#7731=CARTESIAN_POINT('',(-0.346898955235661,1.65076815201316,3.12951544359815));
#7732=CARTESIAN_POINT('',(-0.346898955235661,1.62536815201316,3.12951544359815));
#7733=CARTESIAN_POINT('',(-0.332438807863031,1.65076815201316,3.16171211160431));
#7734=CARTESIAN_POINT('',(-0.332438807863031,1.62536815201316,3.16171211160431));
#7735=CARTESIAN_POINT('',(-0.417803424223209,1.62536815201316,2.9679505389981));
#7736=CARTESIAN_POINT('',(-0.412971464806595,1.62536815201316,2.98099682942296));
#7737=CARTESIAN_POINT('',(-0.409266962587191,1.62536815201316,2.99066074825618));
#7738=CARTESIAN_POINT('',(-0.406367786937223,1.62536815201316,2.99710336081167));
#7739=CARTESIAN_POINT('',(-0.381684611297801,1.62536815201316,3.05195486223261));
#7740=CARTESIAN_POINT('',(-0.357081800887762,1.62536815201316,3.10684252800676));
#7741=CARTESIAN_POINT('',(-0.332438807863031,1.62536815201316,3.16171211160431));
#7742=CARTESIAN_POINT('',(-0.332438807863031,1.62536815201316,3.16171211160431));
#7743=CARTESIAN_POINT('',(-0.417803424223209,1.65076815201316,2.9679505389981));
#7744=CARTESIAN_POINT('',(-0.412971464806595,1.65076815201316,2.98099682942296));
#7745=CARTESIAN_POINT('',(-0.409266962587191,1.65076815201316,2.99066074825618));
#7746=CARTESIAN_POINT('',(-0.406367786937223,1.65076815201316,2.99710336081167));
#7747=CARTESIAN_POINT('',(-0.381684611297801,1.65076815201316,3.05195486223261));
#7748=CARTESIAN_POINT('',(-0.357081800887762,1.65076815201316,3.10684252800676));
#7749=CARTESIAN_POINT('',(-0.332438807863031,1.65076815201316,3.16171211160431));
#7750=CARTESIAN_POINT('',(-0.332438807863031,1.65076815201316,3.16171211160431));
#7751=CARTESIAN_POINT('',(-0.332438807863031,1.65076815201316,3.16171211160431));
#7752=CARTESIAN_POINT('',(-0.332438807863031,1.65076815201316,3.16171211160431));
#7753=CARTESIAN_POINT('',(-0.332438807863031,1.62536815201316,3.16171211160431));
#7754=CARTESIAN_POINT('',(-0.32089579370112,1.62536815201316,3.16171211160431));
#7755=CARTESIAN_POINT('',(-0.30935277953921,1.62536815201316,3.16171211160431));
#7756=CARTESIAN_POINT('',(-0.297809765377299,1.62536815201316,3.16171211160431));
#7757=CARTESIAN_POINT('',(-0.332438807863031,1.65076815201316,3.16171211160431));
#7758=CARTESIAN_POINT('',(-0.32089579370112,1.65076815201316,3.16171211160431));
#7759=CARTESIAN_POINT('',(-0.30935277953921,1.65076815201316,3.16171211160431));
#7760=CARTESIAN_POINT('',(-0.297809765377299,1.65076815201316,3.16171211160431));
#7761=CARTESIAN_POINT('',(-0.325351934051998,1.65076815201316,3.02725583754644));
#7762=CARTESIAN_POINT('',(-0.325351934051998,1.62536815201316,3.02725583754644));
#7763=CARTESIAN_POINT('',(-0.20396011243852,1.65076815201316,3.14369228981312));
#7764=CARTESIAN_POINT('',(-0.20396011243852,1.62536815201316,3.14369228981312));
#7765=CARTESIAN_POINT('',(-0.22393528607615,1.65076815201316,3.13498899144168));
#7766=CARTESIAN_POINT('',(-0.22393528607615,1.62536815201316,3.13498899144168));
#7767=CARTESIAN_POINT('',(-0.253482380221324,1.65076815201317,3.14646887252319));
#7768=CARTESIAN_POINT('',(-0.253482380221324,1.62536815201317,3.14646887252319));
#7769=CARTESIAN_POINT('',(-0.213326107308111,1.65076815201316,3.19063529355807));
#7770=CARTESIAN_POINT('',(-0.213326107308111,1.62536815201316,3.19063529355807));
#7771=CARTESIAN_POINT('',(-0.20396011243852,1.65076815201316,3.14369228981312));
#7772=CARTESIAN_POINT('',(-0.20396011243852,1.62536815201316,3.14369228981312));
#7773=CARTESIAN_POINT('',(-0.22393528607615,1.65076815201316,3.13498899144168));
#7774=CARTESIAN_POINT('',(-0.22393528607615,1.62536815201316,3.13498899144168));
#7775=CARTESIAN_POINT('',(-0.253482380221324,1.65076815201317,3.14646887252319));
#7776=CARTESIAN_POINT('',(-0.253482380221324,1.62536815201317,3.14646887252319));
#7777=CARTESIAN_POINT('',(-0.225008243500317,1.65076815201316,3.13706911857958));
#7778=CARTESIAN_POINT('',(-0.229840202916931,1.65076815201316,3.13706911857958));
#7779=CARTESIAN_POINT('',(-0.234027901077996,1.65076815201316,3.13884083703234));
#7780=CARTESIAN_POINT('',(-0.237410272669626,1.65076815201316,3.14206214331008));
#7781=CARTESIAN_POINT('',(-0.240873081159987,1.65076815201316,3.14536005615805));
#7782=CARTESIAN_POINT('',(-0.242564362714014,1.65076815201316,3.14963221306278));
#7783=CARTESIAN_POINT('',(-0.242564362714014,1.65076815201316,3.15994039315155));
#7784=CARTESIAN_POINT('',(-0.240792644261256,1.65076815201316,3.16412809131262));
#7785=CARTESIAN_POINT('',(-0.234027901077996,1.65076815201316,3.17089283449588));
#7786=CARTESIAN_POINT('',(-0.229840202916931,1.65076815201316,3.17266455294864));
#7787=CARTESIAN_POINT('',(-0.220015218769816,1.65076815201316,3.17266455294864));
#7788=CARTESIAN_POINT('',(-0.215666455294864,1.65076815201316,3.17089283449588));
#7789=CARTESIAN_POINT('',(-0.212123018389347,1.65076815201316,3.16751046290425));
#7790=CARTESIAN_POINT('',(-0.208663857821043,1.65076815201316,3.16420853690723));
#7791=CARTESIAN_POINT('',(-0.206968928344959,1.65076815201316,3.15994039315155));
#7792=CARTESIAN_POINT('',(-0.206968928344959,1.65076815201316,3.14995434369055));
#7793=CARTESIAN_POINT('',(-0.208740646797717,1.65076815201316,3.14576664552949));
#7794=CARTESIAN_POINT('',(-0.212123018389347,1.65076815201316,3.14222320862397));
#7795=CARTESIAN_POINT('',(-0.21550173336304,1.65076815201316,3.13868360246105));
#7796=CARTESIAN_POINT('',(-0.220015218769816,1.65076815201316,3.13706911857958));
#7797=CARTESIAN_POINT('',(-0.225008243500317,1.65076815201316,3.13706911857958));
#7798=CARTESIAN_POINT('',(-0.225008243500317,1.65076815201316,3.13706911857958));
#7799=CARTESIAN_POINT('',(-0.225008243500317,1.62536815201316,3.13706911857958));
#7800=CARTESIAN_POINT('',(-0.229840202916931,1.62536815201316,3.13706911857958));
#7801=CARTESIAN_POINT('',(-0.234027901077996,1.62536815201316,3.13884083703234));
#7802=CARTESIAN_POINT('',(-0.237410272669626,1.62536815201316,3.14206214331008));
#7803=CARTESIAN_POINT('',(-0.240873081159987,1.62536815201316,3.14536005615805));
#7804=CARTESIAN_POINT('',(-0.242564362714014,1.62536815201316,3.14963221306278));
#7805=CARTESIAN_POINT('',(-0.242564362714014,1.62536815201316,3.15994039315155));
#7806=CARTESIAN_POINT('',(-0.240792644261256,1.62536815201316,3.16412809131262));
#7807=CARTESIAN_POINT('',(-0.234027901077996,1.62536815201316,3.17089283449588));
#7808=CARTESIAN_POINT('',(-0.229840202916931,1.62536815201316,3.17266455294864));
#7809=CARTESIAN_POINT('',(-0.220015218769816,1.62536815201316,3.17266455294864));
#7810=CARTESIAN_POINT('',(-0.215666455294864,1.62536815201316,3.17089283449588));
#7811=CARTESIAN_POINT('',(-0.212123018389347,1.62536815201316,3.16751046290425));
#7812=CARTESIAN_POINT('',(-0.208663857821043,1.62536815201316,3.16420853690723));
#7813=CARTESIAN_POINT('',(-0.206968928344959,1.62536815201316,3.15994039315155));
#7814=CARTESIAN_POINT('',(-0.206968928344959,1.62536815201316,3.14995434369055));
#7815=CARTESIAN_POINT('',(-0.208740646797717,1.62536815201316,3.14576664552949));
#7816=CARTESIAN_POINT('',(-0.212123018389347,1.62536815201316,3.14222320862397));
#7817=CARTESIAN_POINT('',(-0.21550173336304,1.62536815201316,3.13868360246105));
#7818=CARTESIAN_POINT('',(-0.220015218769816,1.62536815201316,3.13706911857958));
#7819=CARTESIAN_POINT('',(-0.225008243500317,1.62536815201316,3.13706911857958));
#7820=CARTESIAN_POINT('',(-0.225008243500317,1.62536815201316,3.13706911857958));
#7821=CARTESIAN_POINT('',(-0.224393892123669,1.65076815201316,3.17265552713525));
#7822=CARTESIAN_POINT('',(-0.224393892123669,1.62536815201316,3.17265552713525));
#7823=CARTESIAN_POINT('',(-0.21196195307546,1.65076815201316,3.09406467977172));
#7824=CARTESIAN_POINT('',(-0.21196195307546,1.62536815201316,3.09406467977172));
#7825=CARTESIAN_POINT('',(-0.21196195307546,1.62536815201316,2.92462396956246));
#7826=CARTESIAN_POINT('',(-0.21196195307546,1.62536815201316,3.09406467977172));
#7827=CARTESIAN_POINT('',(-0.21196195307546,1.62536815201316,2.92462396956246));
#7828=CARTESIAN_POINT('',(-0.21196195307546,1.65076815201316,3.09406467977172));
#7829=CARTESIAN_POINT('',(-0.21196195307546,1.65076815201316,3.09406467977172));
#7830=CARTESIAN_POINT('',(-0.21196195307546,1.65076815201316,3.09406467977172));
#7831=CARTESIAN_POINT('',(-0.21196195307546,1.65076815201316,2.92462396956246));
#7832=CARTESIAN_POINT('',(-0.21196195307546,1.65076815201316,2.92462396956246));
#7833=CARTESIAN_POINT('',(-0.21196195307546,1.65076815201316,2.92462396956246));
#7834=CARTESIAN_POINT('',(-0.21196195307546,1.65076815201316,2.92462396956246));
#7835=CARTESIAN_POINT('',(-0.21196195307546,1.62536815201316,2.92462396956246));
#7836=CARTESIAN_POINT('',(-0.239020925808497,1.62536815201316,2.92462396956246));
#7837=CARTESIAN_POINT('',(-0.239020925808497,1.62536815201316,2.92462396956246));
#7838=CARTESIAN_POINT('',(-0.21196195307546,1.65076815201316,2.92462396956246));
#7839=CARTESIAN_POINT('',(-0.239020925808497,1.65076815201316,2.92462396956246));
#7840=CARTESIAN_POINT('',(-0.239020925808497,1.65076815201316,2.92462396956246));
#7841=CARTESIAN_POINT('',(-0.239020925808497,1.65076815201316,2.92462396956246));
#7842=CARTESIAN_POINT('',(-0.239020925808497,1.65076815201316,2.92462396956246));
#7843=CARTESIAN_POINT('',(-0.239020925808497,1.62536815201316,2.92462396956246));
#7844=CARTESIAN_POINT('',(-0.239020925808497,1.62536815201316,3.09406467977172));
#7845=CARTESIAN_POINT('',(-0.239020925808497,1.62536815201316,3.09406467977172));
#7846=CARTESIAN_POINT('',(-0.239020925808497,1.65076815201316,2.92462396956246));
#7847=CARTESIAN_POINT('',(-0.239020925808497,1.65076815201316,3.09406467977172));
#7848=CARTESIAN_POINT('',(-0.239020925808497,1.65076815201316,3.09406467977172));
#7849=CARTESIAN_POINT('',(-0.239020925808497,1.65076815201316,3.09406467977172));
#7850=CARTESIAN_POINT('',(-0.239020925808497,1.65076815201316,3.09406467977172));
#7851=CARTESIAN_POINT('',(-0.239020925808497,1.62536815201316,3.09406467977172));
#7852=CARTESIAN_POINT('',(-0.21196195307546,1.62536815201316,3.09406467977172));
#7853=CARTESIAN_POINT('',(-0.239020925808497,1.65076815201316,3.09406467977172));
#7854=CARTESIAN_POINT('',(-0.21196195307546,1.65076815201316,3.09406467977172));
#7855=CARTESIAN_POINT('',(-0.21196195307546,1.65076815201316,3.00934432466709));
#7856=CARTESIAN_POINT('',(-0.21196195307546,1.62536815201316,3.00934432466709));
#7857=CARTESIAN_POINT('',(-0.0423601775523148,1.65076815201316,2.95780342422321));
#7858=CARTESIAN_POINT('',(-0.0423601775523148,1.62536815201316,2.95780342422321));
#7859=CARTESIAN_POINT('',(-0.0423601775523148,1.62536815201316,2.94926696258719));
#7860=CARTESIAN_POINT('',(-0.0423601775523148,1.62536815201316,2.94073050095117));
#7861=CARTESIAN_POINT('',(-0.0423601775523148,1.62536815201316,2.93219403931516));
#7862=CARTESIAN_POINT('',(-0.0423601775523148,1.62536815201316,2.95780342422321));
#7863=CARTESIAN_POINT('',(-0.0423601775523148,1.62536815201316,2.93219403931516));
#7864=CARTESIAN_POINT('',(-0.0423601775523148,1.65076815201316,2.95780342422321));
#7865=CARTESIAN_POINT('',(-0.0423601775523148,1.65076815201316,2.95780342422321));
#7866=CARTESIAN_POINT('',(-0.0423601775523148,1.65076815201316,2.95780342422321));
#7867=CARTESIAN_POINT('',(-0.0423601775523148,1.65076815201316,2.94926696258719));
#7868=CARTESIAN_POINT('',(-0.0423601775523148,1.65076815201316,2.94073050095117));
#7869=CARTESIAN_POINT('',(-0.0423601775523148,1.65076815201316,2.93219403931516));
#7870=CARTESIAN_POINT('',(-0.0423601775523148,1.65076815201316,2.93219403931516));
#7871=CARTESIAN_POINT('',(-0.0423601775523148,1.65076815201316,2.93219403931516));
#7872=CARTESIAN_POINT('',(-0.0423601775523148,1.65076815201316,2.93219403931516));
#7873=CARTESIAN_POINT('',(-0.0423601775523148,1.62536815201316,2.93219403931516));
#7874=CARTESIAN_POINT('',(-0.0672037128144177,1.65076815201316,2.91747194434502));
#7875=CARTESIAN_POINT('',(-0.0672037128144177,1.62536815201316,2.91747194434502));
#7876=CARTESIAN_POINT('',(-0.141406037121901,1.65076815201316,2.91327756427252));
#7877=CARTESIAN_POINT('',(-0.141406037121901,1.62536815201316,2.91327756427252));
#7878=CARTESIAN_POINT('',(-0.200220870601811,1.65076815201316,3.04673821805182));
#7879=CARTESIAN_POINT('',(-0.200220870601811,1.62536815201316,3.04673821805182));
#7880=CARTESIAN_POINT('',(-0.0932263471391105,1.65076815201316,3.11446681862428));
#7881=CARTESIAN_POINT('',(-0.0932263471391105,1.62536815201316,3.11446681862428));
#7882=CARTESIAN_POINT('',(-0.0418769816106534,1.65076815201316,3.08987698161065));
#7883=CARTESIAN_POINT('',(-0.0418769816106534,1.62536815201316,3.08987698161065));
#7884=CARTESIAN_POINT('',(-0.0423601775523148,1.62536815201316,2.93219403931516));
#7885=CARTESIAN_POINT('',(-0.055406467977172,1.62536815201316,2.92446290424857));
#7886=CARTESIAN_POINT('',(-0.0707076727964491,1.62536815201316,2.92059733671528));
#7887=CARTESIAN_POINT('',(-0.112584654407102,1.62536815201316,2.92059733671528));
#7888=CARTESIAN_POINT('',(-0.131912492073558,1.62536815201316,2.92848953709575));
#7889=CARTESIAN_POINT('',(-0.146730500951173,1.62536815201316,2.94427393785669));
#7890=CARTESIAN_POINT('',(-0.161392686179976,1.62536815201316,2.95989235255694));
#7891=CARTESIAN_POINT('',(-0.16879644895371,1.62536815201316,2.98035256816741));
#7892=CARTESIAN_POINT('',(-0.16879644895371,1.62536815201316,3.03318199112238));
#7893=CARTESIAN_POINT('',(-0.16090424857324,1.62536815201316,3.05573113506658));
#7894=CARTESIAN_POINT('',(-0.129013316423589,1.62536815201316,3.08955485098288));
#7895=CARTESIAN_POINT('',(-0.107752694990488,1.62536815201316,3.0980913126189));
#7896=CARTESIAN_POINT('',(-0.0663589093214969,1.62536815201316,3.0980913126189));
#7897=CARTESIAN_POINT('',(-0.0533126188966395,1.62536815201316,3.09535320228282));
#7898=CARTESIAN_POINT('',(-0.0418769816106534,1.62536815201316,3.08987698161065));
#7899=CARTESIAN_POINT('',(-0.0418769816106534,1.62536815201316,3.08987698161065));
#7900=CARTESIAN_POINT('',(-0.0423601775523148,1.65076815201316,2.93219403931516));
#7901=CARTESIAN_POINT('',(-0.055406467977172,1.65076815201316,2.92446290424857));
#7902=CARTESIAN_POINT('',(-0.0707076727964491,1.65076815201316,2.92059733671528));
#7903=CARTESIAN_POINT('',(-0.112584654407102,1.65076815201316,2.92059733671528));
#7904=CARTESIAN_POINT('',(-0.131912492073558,1.65076815201316,2.92848953709575));
#7905=CARTESIAN_POINT('',(-0.146730500951173,1.65076815201316,2.94427393785669));
#7906=CARTESIAN_POINT('',(-0.161392686179976,1.65076815201316,2.95989235255694));
#7907=CARTESIAN_POINT('',(-0.16879644895371,1.65076815201316,2.98035256816741));
#7908=CARTESIAN_POINT('',(-0.16879644895371,1.65076815201316,3.03318199112238));
#7909=CARTESIAN_POINT('',(-0.16090424857324,1.65076815201316,3.05573113506658));
#7910=CARTESIAN_POINT('',(-0.129013316423589,1.65076815201316,3.08955485098288));
#7911=CARTESIAN_POINT('',(-0.107752694990488,1.65076815201316,3.0980913126189));
#7912=CARTESIAN_POINT('',(-0.0663589093214969,1.65076815201316,3.0980913126189));
#7913=CARTESIAN_POINT('',(-0.0533126188966395,1.65076815201316,3.09535320228282));
#7914=CARTESIAN_POINT('',(-0.0418769816106534,1.65076815201316,3.08987698161065));
#7915=CARTESIAN_POINT('',(-0.0418769816106534,1.65076815201316,3.08987698161065));
#7916=CARTESIAN_POINT('',(-0.0418769816106534,1.65076815201316,3.08987698161065));
#7917=CARTESIAN_POINT('',(-0.0418769816106534,1.65076815201316,3.08987698161065));
#7918=CARTESIAN_POINT('',(-0.0418769816106534,1.62536815201316,3.08987698161065));
#7919=CARTESIAN_POINT('',(-0.0418769816106534,1.62536815201316,3.08074994715705));
#7920=CARTESIAN_POINT('',(-0.0418769816106534,1.62536815201316,3.07162291270345));
#7921=CARTESIAN_POINT('',(-0.0418769816106534,1.62536815201316,3.06249587824984));
#7922=CARTESIAN_POINT('',(-0.0418769816106534,1.62536815201316,3.06249587824984));
#7923=CARTESIAN_POINT('',(-0.0418769816106534,1.65076815201316,3.08987698161065));
#7924=CARTESIAN_POINT('',(-0.0418769816106534,1.65076815201316,3.08074994715705));
#7925=CARTESIAN_POINT('',(-0.0418769816106534,1.65076815201316,3.07162291270345));
#7926=CARTESIAN_POINT('',(-0.0418769816106534,1.65076815201316,3.06249587824984));
#7927=CARTESIAN_POINT('',(-0.0418769816106534,1.65076815201316,3.06249587824984));
#7928=CARTESIAN_POINT('',(-0.0418769816106534,1.65076815201316,3.06249587824984));
#7929=CARTESIAN_POINT('',(-0.0418769816106534,1.65076815201316,3.06249587824984));
#7930=CARTESIAN_POINT('',(-0.0418769816106534,1.62536815201316,3.06249587824984));
#7931=CARTESIAN_POINT('',(-0.0853799096288651,1.65076815201316,3.09261328995476));
#7932=CARTESIAN_POINT('',(-0.0853799096288651,1.62536815201316,3.09261328995476));
#7933=CARTESIAN_POINT('',(-0.196315821306349,1.65076815201316,3.00704690514182));
#7934=CARTESIAN_POINT('',(-0.196315821306349,1.62536815201316,3.00704690514182));
#7935=CARTESIAN_POINT('',(-0.0870055665960581,1.65076815201316,2.92418158802977));
#7936=CARTESIAN_POINT('',(-0.0870055665960581,1.62536815201316,2.92418158802977));
#7937=CARTESIAN_POINT('',(-0.0423601775523148,1.65076815201316,2.95780342422321));
#7938=CARTESIAN_POINT('',(-0.0423601775523148,1.62536815201316,2.95780342422321));
#7939=CARTESIAN_POINT('',(-0.0418769816106534,1.62536815201316,3.06249587824984));
#7940=CARTESIAN_POINT('',(-0.0544400760938493,1.62536815201316,3.07119340519975));
#7941=CARTESIAN_POINT('',(-0.067808497146481,1.62536815201316,3.0755421686747));
#7942=CARTESIAN_POINT('',(-0.0993772986683577,1.62536815201316,3.0755421686747));
#7943=CARTESIAN_POINT('',(-0.113551046290425,1.62536815201316,3.0692606214331));
#7944=CARTESIAN_POINT('',(-0.124664552948637,1.62536815201316,3.05669752694991));
#7945=CARTESIAN_POINT('',(-0.135627420097512,1.62536815201316,3.0443047206077));
#7946=CARTESIAN_POINT('',(-0.141254280279011,1.62536815201316,3.02786683576411));
#7947=CARTESIAN_POINT('',(-0.141254280279011,1.62536815201316,2.98776157260622));
#7948=CARTESIAN_POINT('',(-0.136100190234623,1.62536815201316,2.97197717184528));
#7949=CARTESIAN_POINT('',(-0.12563094483196,1.62536815201316,2.96054153455929));
#7950=CARTESIAN_POINT('',(-0.115154920293486,1.62536815201316,2.94909849237111));
#7951=CARTESIAN_POINT('',(-0.101310082435003,1.62536815201316,2.94314648065948));
#7952=CARTESIAN_POINT('',(-0.069258084971465,1.62536815201316,2.94314648065948));
#7953=CARTESIAN_POINT('',(-0.055406467977172,1.62536815201316,2.94797844007609));
#7954=CARTESIAN_POINT('',(-0.0423601775523148,1.62536815201316,2.95780342422321));
#7955=CARTESIAN_POINT('',(-0.0418769816106534,1.65076815201316,3.06249587824984));
#7956=CARTESIAN_POINT('',(-0.0544400760938493,1.65076815201316,3.07119340519975));
#7957=CARTESIAN_POINT('',(-0.067808497146481,1.65076815201316,3.0755421686747));
#7958=CARTESIAN_POINT('',(-0.0993772986683577,1.65076815201316,3.0755421686747));
#7959=CARTESIAN_POINT('',(-0.113551046290425,1.65076815201316,3.0692606214331));
#7960=CARTESIAN_POINT('',(-0.124664552948637,1.65076815201316,3.05669752694991));
#7961=CARTESIAN_POINT('',(-0.135627420097512,1.65076815201316,3.0443047206077));
#7962=CARTESIAN_POINT('',(-0.141254280279011,1.65076815201316,3.02786683576411));
#7963=CARTESIAN_POINT('',(-0.141254280279011,1.65076815201316,2.98776157260622));
#7964=CARTESIAN_POINT('',(-0.136100190234623,1.65076815201316,2.97197717184528));
#7965=CARTESIAN_POINT('',(-0.12563094483196,1.65076815201316,2.96054153455929));
#7966=CARTESIAN_POINT('',(-0.115154920293486,1.65076815201316,2.94909849237111));
#7967=CARTESIAN_POINT('',(-0.101310082435003,1.65076815201316,2.94314648065948));
#7968=CARTESIAN_POINT('',(-0.069258084971465,1.65076815201316,2.94314648065948));
#7969=CARTESIAN_POINT('',(-0.055406467977172,1.65076815201316,2.94797844007609));
#7970=CARTESIAN_POINT('',(-0.0423601775523148,1.65076815201316,2.95780342422321));
#7971=CARTESIAN_POINT('',(-0.168727645723763,1.65076815201316,3.00977673352233));
#7972=CARTESIAN_POINT('',(-0.168727645723763,1.62536815201316,3.00977673352233));
#7973=CARTESIAN_POINT('',(0.0268979074191499,1.65076815201316,3.06620038046925));
#7974=CARTESIAN_POINT('',(0.0268979074191499,1.62536815201316,3.06620038046925));
#7975=CARTESIAN_POINT('',(0.0541748650443377,1.65076815201316,3.1106517188214));
#7976=CARTESIAN_POINT('',(0.0541748650443377,1.62536815201316,3.1106517188214));
#7977=CARTESIAN_POINT('',(0.17110795094916,1.65076815201316,3.09069558182006));
#7978=CARTESIAN_POINT('',(0.17110795094916,1.62536815201316,3.09069558182006));
#7979=CARTESIAN_POINT('',(0.139643627140139,1.65076815201316,2.97034384671389));
#7980=CARTESIAN_POINT('',(0.139643627140139,1.62536815201316,2.97034384671389));
#7981=CARTESIAN_POINT('',(0.139643627140139,1.65076815201316,2.92462396956246));
#7982=CARTESIAN_POINT('',(0.139643627140139,1.62536815201316,2.92462396956246));
#7983=CARTESIAN_POINT('',(0.0268979074191499,1.62536815201316,3.06620038046925));
#7984=CARTESIAN_POINT('',(0.0399441978440073,1.62536815201316,3.08746100190235));
#7985=CARTESIAN_POINT('',(0.0584667089410271,1.62536815201316,3.0980913126189));
#7986=CARTESIAN_POINT('',(0.120637920101458,1.62536815201316,3.0980913126189));
#7987=CARTESIAN_POINT('',(0.139643627140139,1.62536815201316,3.07505897273304));
#7988=CARTESIAN_POINT('',(0.139643627140139,1.62536815201316,3.02899429296132));
#7989=CARTESIAN_POINT('',(0.139643627140139,1.62536815201316,2.9942041851617));
#7990=CARTESIAN_POINT('',(0.139643627140139,1.62536815201316,2.95941407736208));
#7991=CARTESIAN_POINT('',(0.139643627140139,1.62536815201316,2.92462396956246));
#7992=CARTESIAN_POINT('',(0.0268979074191499,1.62536815201316,3.06620038046925));
#7993=CARTESIAN_POINT('',(0.139643627140139,1.62536815201316,2.92462396956246));
#7994=CARTESIAN_POINT('',(0.0268979074191499,1.65076815201316,3.06620038046925));
#7995=CARTESIAN_POINT('',(0.0268979074191499,1.65076815201316,3.06620038046925));
#7996=CARTESIAN_POINT('',(0.0268979074191499,1.65076815201316,3.06620038046925));
#7997=CARTESIAN_POINT('',(0.0399441978440073,1.65076815201316,3.08746100190235));
#7998=CARTESIAN_POINT('',(0.0584667089410271,1.65076815201316,3.0980913126189));
#7999=CARTESIAN_POINT('',(0.120637920101458,1.65076815201316,3.0980913126189));
#8000=CARTESIAN_POINT('',(0.139643627140139,1.65076815201316,3.07505897273304));
#8001=CARTESIAN_POINT('',(0.139643627140139,1.65076815201316,3.02899429296132));
#8002=CARTESIAN_POINT('',(0.139643627140139,1.65076815201316,2.9942041851617));
#8003=CARTESIAN_POINT('',(0.139643627140139,1.65076815201316,2.95941407736208));
#8004=CARTESIAN_POINT('',(0.139643627140139,1.65076815201316,2.92462396956246));
#8005=CARTESIAN_POINT('',(0.139643627140139,1.65076815201316,2.92462396956246));
#8006=CARTESIAN_POINT('',(0.139643627140139,1.65076815201316,2.92462396956246));
#8007=CARTESIAN_POINT('',(0.139643627140139,1.65076815201316,2.92462396956246));
#8008=CARTESIAN_POINT('',(0.139643627140139,1.62536815201316,2.92462396956246));
#8009=CARTESIAN_POINT('',(0.13062396956246,1.62536815201316,2.92462396956246));
#8010=CARTESIAN_POINT('',(0.121604311984781,1.62536815201316,2.92462396956246));
#8011=CARTESIAN_POINT('',(0.112584654407102,1.62536815201316,2.92462396956246));
#8012=CARTESIAN_POINT('',(0.112584654407102,1.62536815201316,2.92462396956246));
#8013=CARTESIAN_POINT('',(0.139643627140139,1.65076815201316,2.92462396956246));
#8014=CARTESIAN_POINT('',(0.13062396956246,1.65076815201316,2.92462396956246));
#8015=CARTESIAN_POINT('',(0.121604311984781,1.65076815201316,2.92462396956246));
#8016=CARTESIAN_POINT('',(0.112584654407102,1.65076815201316,2.92462396956246));
#8017=CARTESIAN_POINT('',(0.112584654407102,1.65076815201316,2.92462396956246));
#8018=CARTESIAN_POINT('',(0.112584654407102,1.65076815201316,2.92462396956246));
#8019=CARTESIAN_POINT('',(0.112584654407102,1.65076815201316,2.92462396956246));
#8020=CARTESIAN_POINT('',(0.112584654407102,1.62536815201316,2.92462396956246));
#8021=CARTESIAN_POINT('',(0.112584654407102,1.65076815201316,2.95378538890767));
#8022=CARTESIAN_POINT('',(0.112584654407102,1.62536815201316,2.95378538890767));
#8023=CARTESIAN_POINT('',(0.123865596557955,1.65076815201316,3.00956797947491));
#8024=CARTESIAN_POINT('',(0.123865596557955,1.62536815201316,3.00956797947491));
#8025=CARTESIAN_POINT('',(0.0731013568791164,1.65076815201316,3.10848335406481));
#8026=CARTESIAN_POINT('',(0.0731013568791164,1.62536815201316,3.10848335406481));
#8027=CARTESIAN_POINT('',(0.0128685859591687,1.65076815201316,3.00956563429049));
#8028=CARTESIAN_POINT('',(0.0128685859591687,1.62536815201316,3.00956563429049));
#8029=CARTESIAN_POINT('',(0.0262536461636015,1.65076815201316,2.95378489144431));
#8030=CARTESIAN_POINT('',(0.0262536461636015,1.62536815201316,2.95378489144431));
#8031=CARTESIAN_POINT('',(0.0262536461636015,1.65076815201316,2.92462396956246));
#8032=CARTESIAN_POINT('',(0.0262536461636015,1.62536815201316,2.92462396956246));
#8033=CARTESIAN_POINT('',(0.112584654407102,1.62536815201316,2.92462396956246));
#8034=CARTESIAN_POINT('',(0.112584654407102,1.62536815201316,2.95721285140562));
#8035=CARTESIAN_POINT('',(0.112584654407102,1.62536815201316,2.98980173324879));
#8036=CARTESIAN_POINT('',(0.112584654407102,1.62536815201316,3.02239061509195));
#8037=CARTESIAN_POINT('',(0.112584654407102,1.62536815201316,3.05782498414712));
#8038=CARTESIAN_POINT('',(0.0995383639822447,1.62536815201316,3.0755421686747));
#8039=CARTESIAN_POINT('',(0.0600773620798984,1.62536815201316,3.0755421686747));
#8040=CARTESIAN_POINT('',(0.0489638554216866,1.62536815201316,3.07038807863031));
#8041=CARTESIAN_POINT('',(0.0397831325301204,1.62536815201316,3.06007989854154));
#8042=CARTESIAN_POINT('',(0.0307536509550796,1.62536815201316,3.0499415332643));
#8043=CARTESIAN_POINT('',(0.0262536461636015,1.62536815201316,3.0367254280279));
#8044=CARTESIAN_POINT('',(0.0262536461636015,1.62536815201316,3.02077996195308));
#8045=CARTESIAN_POINT('',(0.0262536461636015,1.62536815201316,2.98872796448954));
#8046=CARTESIAN_POINT('',(0.0262536461636015,1.62536815201316,2.956675967026));
#8047=CARTESIAN_POINT('',(0.0262536461636015,1.62536815201316,2.92462396956246));
#8048=CARTESIAN_POINT('',(0.0262536461636015,1.62536815201316,2.92462396956246));
#8049=CARTESIAN_POINT('',(0.112584654407102,1.65076815201316,2.92462396956246));
#8050=CARTESIAN_POINT('',(0.112584654407102,1.65076815201316,2.95721285140562));
#8051=CARTESIAN_POINT('',(0.112584654407102,1.65076815201316,2.98980173324879));
#8052=CARTESIAN_POINT('',(0.112584654407102,1.65076815201316,3.02239061509195));
#8053=CARTESIAN_POINT('',(0.112584654407102,1.65076815201316,3.05782498414712));
#8054=CARTESIAN_POINT('',(0.0995383639822447,1.65076815201316,3.0755421686747));
#8055=CARTESIAN_POINT('',(0.0600773620798984,1.65076815201316,3.0755421686747));
#8056=CARTESIAN_POINT('',(0.0489638554216866,1.65076815201316,3.07038807863031));
#8057=CARTESIAN_POINT('',(0.0397831325301204,1.65076815201316,3.06007989854154));
#8058=CARTESIAN_POINT('',(0.0307536509550796,1.65076815201316,3.0499415332643));
#8059=CARTESIAN_POINT('',(0.0262536461636015,1.65076815201316,3.0367254280279));
#8060=CARTESIAN_POINT('',(0.0262536461636015,1.65076815201316,3.02077996195308));
#8061=CARTESIAN_POINT('',(0.0262536461636015,1.65076815201316,2.98872796448954));
#8062=CARTESIAN_POINT('',(0.0262536461636015,1.65076815201316,2.956675967026));
#8063=CARTESIAN_POINT('',(0.0262536461636015,1.65076815201316,2.92462396956246));
#8064=CARTESIAN_POINT('',(0.0262536461636015,1.65076815201316,2.92462396956246));
#8065=CARTESIAN_POINT('',(0.0262536461636015,1.65076815201316,2.92462396956246));
#8066=CARTESIAN_POINT('',(0.0262536461636015,1.65076815201316,2.92462396956246));
#8067=CARTESIAN_POINT('',(0.0262536461636015,1.62536815201316,2.92462396956246));
#8068=CARTESIAN_POINT('',(0.0172339885859224,1.62536815201316,2.92462396956246));
#8069=CARTESIAN_POINT('',(0.00821433100824315,1.62536815201316,2.92462396956246));
#8070=CARTESIAN_POINT('',(-0.00080532656943598,1.62536815201316,2.92462396956246));
#8071=CARTESIAN_POINT('',(-0.00080532656943598,1.62536815201316,2.92462396956246));
#8072=CARTESIAN_POINT('',(0.0262536461636015,1.65076815201316,2.92462396956246));
#8073=CARTESIAN_POINT('',(0.0172339885859224,1.65076815201316,2.92462396956246));
#8074=CARTESIAN_POINT('',(0.00821433100824315,1.65076815201316,2.92462396956246));
#8075=CARTESIAN_POINT('',(-0.00080532656943598,1.65076815201316,2.92462396956246));
#8076=CARTESIAN_POINT('',(-0.00080532656943598,1.65076815201316,2.92462396956246));
#8077=CARTESIAN_POINT('',(-0.00080532656943598,1.65076815201316,2.92462396956246));
#8078=CARTESIAN_POINT('',(-0.00080532656943598,1.65076815201316,2.92462396956246));
#8079=CARTESIAN_POINT('',(-0.00080532656943598,1.62536815201316,2.92462396956246));
#8080=CARTESIAN_POINT('',(-0.00080532656943598,1.62536815201316,3.00816317903192));
#8081=CARTESIAN_POINT('',(-0.00080532656943598,1.62536815201316,3.09170238850137));
#8082=CARTESIAN_POINT('',(-0.00080532656943598,1.62536815201316,3.17524159797083));
#8083=CARTESIAN_POINT('',(-0.00080532656943598,1.62536815201316,3.17524159797083));
#8084=CARTESIAN_POINT('',(-0.00080532656943598,1.65076815201316,2.92462396956246));
#8085=CARTESIAN_POINT('',(-0.00080532656943598,1.65076815201316,3.00816317903192));
#8086=CARTESIAN_POINT('',(-0.00080532656943598,1.65076815201316,3.09170238850137));
#8087=CARTESIAN_POINT('',(-0.00080532656943598,1.65076815201316,3.17524159797083));
#8088=CARTESIAN_POINT('',(-0.00080532656943598,1.65076815201316,3.17524159797083));
#8089=CARTESIAN_POINT('',(-0.00080532656943598,1.65076815201316,3.17524159797083));
#8090=CARTESIAN_POINT('',(-0.00080532656943598,1.65076815201316,3.17524159797083));
#8091=CARTESIAN_POINT('',(-0.00080532656943598,1.62536815201316,3.17524159797083));
#8092=CARTESIAN_POINT('',(0.00821433100824315,1.62536815201316,3.17524159797083));
#8093=CARTESIAN_POINT('',(0.0172339885859224,1.62536815201316,3.17524159797083));
#8094=CARTESIAN_POINT('',(0.0262536461636015,1.62536815201316,3.17524159797083));
#8095=CARTESIAN_POINT('',(0.0262536461636015,1.62536815201316,3.17524159797083));
#8096=CARTESIAN_POINT('',(-0.00080532656943598,1.65076815201316,3.17524159797083));
#8097=CARTESIAN_POINT('',(0.00821433100824315,1.65076815201316,3.17524159797083));
#8098=CARTESIAN_POINT('',(0.0172339885859224,1.65076815201316,3.17524159797083));
#8099=CARTESIAN_POINT('',(0.0262536461636015,1.65076815201316,3.17524159797083));
#8100=CARTESIAN_POINT('',(0.0262536461636015,1.65076815201316,3.17524159797083));
#8101=CARTESIAN_POINT('',(0.0262536461636015,1.65076815201316,3.17524159797083));
#8102=CARTESIAN_POINT('',(0.0262536461636015,1.65076815201316,3.17524159797083));
#8103=CARTESIAN_POINT('',(0.0262536461636015,1.62536815201316,3.17524159797083));
#8104=CARTESIAN_POINT('',(0.0262536461636015,1.62536815201316,3.1388945254703));
#8105=CARTESIAN_POINT('',(0.0262536461636015,1.62536815201316,3.10254745296977));
#8106=CARTESIAN_POINT('',(0.0262536461636015,1.62536815201316,3.06620038046925));
#8107=CARTESIAN_POINT('',(0.0262536461636015,1.62536815201316,3.06620038046925));
#8108=CARTESIAN_POINT('',(0.0262536461636015,1.65076815201316,3.17524159797083));
#8109=CARTESIAN_POINT('',(0.0262536461636015,1.65076815201316,3.1388945254703));
#8110=CARTESIAN_POINT('',(0.0262536461636015,1.65076815201316,3.10254745296977));
#8111=CARTESIAN_POINT('',(0.0262536461636015,1.65076815201316,3.06620038046925));
#8112=CARTESIAN_POINT('',(0.0262536461636015,1.65076815201316,3.06620038046925));
#8113=CARTESIAN_POINT('',(0.0262536461636015,1.65076815201316,3.06620038046925));
#8114=CARTESIAN_POINT('',(0.0262536461636015,1.65076815201316,3.06620038046925));
#8115=CARTESIAN_POINT('',(0.0262536461636015,1.62536815201316,3.06620038046925));
#8116=CARTESIAN_POINT('',(0.026468399915451,1.62536815201316,3.06620038046925));
#8117=CARTESIAN_POINT('',(0.0266831536673005,1.62536815201316,3.06620038046925));
#8118=CARTESIAN_POINT('',(0.0268979074191499,1.62536815201316,3.06620038046925));
#8119=CARTESIAN_POINT('',(0.0262536461636015,1.65076815201316,3.06620038046925));
#8120=CARTESIAN_POINT('',(0.026468399915451,1.65076815201316,3.06620038046925));
#8121=CARTESIAN_POINT('',(0.0266831536673005,1.65076815201316,3.06620038046925));
#8122=CARTESIAN_POINT('',(0.0268979074191499,1.65076815201316,3.06620038046925));
#8123=CARTESIAN_POINT('',(0.134008598520699,1.65076815201316,3.06559668229385));
#8124=CARTESIAN_POINT('',(0.134008598520699,1.62536815201316,3.06559668229385));
#8125=CARTESIAN_POINT('',(0.194889029803424,1.65076815201316,3.08214584654407));
#8126=CARTESIAN_POINT('',(0.194889029803424,1.62536815201316,3.08214584654407));
#8127=CARTESIAN_POINT('',(0.234599983558083,1.65076815201316,3.10759170040628));
#8128=CARTESIAN_POINT('',(0.234599983558083,1.62536815201316,3.10759170040628));
#8129=CARTESIAN_POINT('',(0.343492726300221,1.65076815201316,3.08458999145599));
#8130=CARTESIAN_POINT('',(0.343492726300221,1.62536815201316,3.08458999145599));
#8131=CARTESIAN_POINT('',(0.311822447685479,1.65076815201316,2.96966605280671));
#8132=CARTESIAN_POINT('',(0.311822447685479,1.62536815201316,2.96966605280671));
#8133=CARTESIAN_POINT('',(0.311822447685479,1.65076815201316,2.92462396956246));
#8134=CARTESIAN_POINT('',(0.311822447685479,1.62536815201316,2.92462396956246));
#8135=CARTESIAN_POINT('',(0.194889029803424,1.62536815201316,3.08214584654407));
#8136=CARTESIAN_POINT('',(0.211478757133798,1.62536815201316,3.09277615726062));
#8137=CARTESIAN_POINT('',(0.230645529486366,1.62536815201316,3.0980913126189));
#8138=CARTESIAN_POINT('',(0.291850348763475,1.62536815201316,3.0980913126189));
#8139=CARTESIAN_POINT('',(0.311822447685479,1.62536815201316,3.07699175649968));
#8140=CARTESIAN_POINT('',(0.311822447685479,1.62536815201316,3.03479264426126));
#8141=CARTESIAN_POINT('',(0.311822447685479,1.62536815201316,2.99806975269499));
#8142=CARTESIAN_POINT('',(0.311822447685479,1.62536815201316,2.96134686112873));
#8143=CARTESIAN_POINT('',(0.311822447685479,1.62536815201316,2.92462396956246));
#8144=CARTESIAN_POINT('',(0.194889029803424,1.62536815201316,3.08214584654407));
#8145=CARTESIAN_POINT('',(0.311822447685479,1.62536815201316,2.92462396956246));
#8146=CARTESIAN_POINT('',(0.194889029803424,1.65076815201316,3.08214584654407));
#8147=CARTESIAN_POINT('',(0.194889029803424,1.65076815201316,3.08214584654407));
#8148=CARTESIAN_POINT('',(0.194889029803424,1.65076815201316,3.08214584654407));
#8149=CARTESIAN_POINT('',(0.211478757133798,1.65076815201316,3.09277615726062));
#8150=CARTESIAN_POINT('',(0.230645529486366,1.65076815201316,3.0980913126189));
#8151=CARTESIAN_POINT('',(0.291850348763475,1.65076815201316,3.0980913126189));
#8152=CARTESIAN_POINT('',(0.311822447685479,1.65076815201316,3.07699175649968));
#8153=CARTESIAN_POINT('',(0.311822447685479,1.65076815201316,3.03479264426126));
#8154=CARTESIAN_POINT('',(0.311822447685479,1.65076815201316,2.99806975269499));
#8155=CARTESIAN_POINT('',(0.311822447685479,1.65076815201316,2.96134686112873));
#8156=CARTESIAN_POINT('',(0.311822447685479,1.65076815201316,2.92462396956246));
#8157=CARTESIAN_POINT('',(0.311822447685479,1.65076815201316,2.92462396956246));
#8158=CARTESIAN_POINT('',(0.311822447685479,1.65076815201316,2.92462396956246));
#8159=CARTESIAN_POINT('',(0.311822447685479,1.65076815201316,2.92462396956246));
#8160=CARTESIAN_POINT('',(0.311822447685479,1.62536815201316,2.92462396956246));
#8161=CARTESIAN_POINT('',(0.302749101669837,1.62536815201316,2.92462396956246));
#8162=CARTESIAN_POINT('',(0.293675755654196,1.62536815201316,2.92462396956246));
#8163=CARTESIAN_POINT('',(0.284602409638554,1.62536815201316,2.92462396956246));
#8164=CARTESIAN_POINT('',(0.284602409638554,1.62536815201316,2.92462396956246));
#8165=CARTESIAN_POINT('',(0.311822447685479,1.65076815201316,2.92462396956246));
#8166=CARTESIAN_POINT('',(0.302749101669837,1.65076815201316,2.92462396956246));
#8167=CARTESIAN_POINT('',(0.293675755654196,1.65076815201316,2.92462396956246));
#8168=CARTESIAN_POINT('',(0.284602409638554,1.65076815201316,2.92462396956246));
#8169=CARTESIAN_POINT('',(0.284602409638554,1.65076815201316,2.92462396956246));
#8170=CARTESIAN_POINT('',(0.284602409638554,1.65076815201316,2.92462396956246));
#8171=CARTESIAN_POINT('',(0.284602409638554,1.65076815201316,2.92462396956246));
#8172=CARTESIAN_POINT('',(0.284602409638554,1.62536815201316,2.92462396956246));
#8173=CARTESIAN_POINT('',(0.284602409638554,1.62536815201316,2.93332149651237));
#8174=CARTESIAN_POINT('',(0.284602409638554,1.62536815201316,2.94201902346227));
#8175=CARTESIAN_POINT('',(0.284602409638554,1.62536815201316,2.95071655041218));
#8176=CARTESIAN_POINT('',(0.284602409638554,1.62536815201316,2.95071655041218));
#8177=CARTESIAN_POINT('',(0.284602409638554,1.65076815201316,2.92462396956246));
#8178=CARTESIAN_POINT('',(0.284602409638554,1.65076815201316,2.93332149651237));
#8179=CARTESIAN_POINT('',(0.284602409638554,1.65076815201316,2.94201902346227));
#8180=CARTESIAN_POINT('',(0.284602409638554,1.65076815201316,2.95071655041218));
#8181=CARTESIAN_POINT('',(0.284602409638554,1.65076815201316,2.95071655041218));
#8182=CARTESIAN_POINT('',(0.284602409638554,1.65076815201316,2.95071655041218));
#8183=CARTESIAN_POINT('',(0.284602409638554,1.65076815201316,2.95071655041218));
#8184=CARTESIAN_POINT('',(0.284602409638554,1.62536815201316,2.95071655041218));
#8185=CARTESIAN_POINT('',(0.284387655886705,1.62536815201316,2.95071655041218));
#8186=CARTESIAN_POINT('',(0.284172902134855,1.62536815201316,2.95071655041218));
#8187=CARTESIAN_POINT('',(0.283958148383005,1.62536815201316,2.95071655041218));
#8188=CARTESIAN_POINT('',(0.283958148383005,1.62536815201316,2.95071655041218));
#8189=CARTESIAN_POINT('',(0.284602409638554,1.65076815201316,2.95071655041218));
#8190=CARTESIAN_POINT('',(0.284387655886705,1.65076815201316,2.95071655041218));
#8191=CARTESIAN_POINT('',(0.284172902134855,1.65076815201316,2.95071655041218));
#8192=CARTESIAN_POINT('',(0.283958148383005,1.65076815201316,2.95071655041218));
#8193=CARTESIAN_POINT('',(0.283958148383005,1.65076815201316,2.95071655041218));
#8194=CARTESIAN_POINT('',(0.283958148383005,1.65076815201316,2.95071655041218));
#8195=CARTESIAN_POINT('',(0.283958148383005,1.65076815201316,2.95071655041218));
#8196=CARTESIAN_POINT('',(0.283958148383005,1.62536815201316,2.95071655041218));
#8197=CARTESIAN_POINT('',(0.256534403017731,1.65076815201316,2.90413375006568));
#8198=CARTESIAN_POINT('',(0.256534403017731,1.62536815201316,2.90413375006568));
#8199=CARTESIAN_POINT('',(0.147388481644248,1.65076815201316,2.93667640694738));
#8200=CARTESIAN_POINT('',(0.147388481644248,1.62536815201316,2.93667640694738));
#8201=CARTESIAN_POINT('',(0.204256917274445,1.65076815201316,3.0318297279827));
#8202=CARTESIAN_POINT('',(0.204256917274445,1.62536815201316,3.0318297279827));
#8203=CARTESIAN_POINT('',(0.261188618358867,1.65076815201316,3.02861255518356));
#8204=CARTESIAN_POINT('',(0.261188618358867,1.62536815201316,3.02861255518356));
#8205=CARTESIAN_POINT('',(0.284602409638554,1.65076815201316,3.03189346861129));
#8206=CARTESIAN_POINT('',(0.284602409638554,1.62536815201316,3.03189346861129));
#8207=CARTESIAN_POINT('',(0.283958148383005,1.62536815201316,2.95071655041218));
#8208=CARTESIAN_POINT('',(0.272200380469245,1.62536815201316,2.93074445149017));
#8209=CARTESIAN_POINT('',(0.254966391883323,1.62536815201316,2.92059733671528));
#8210=CARTESIAN_POINT('',(0.215183259353202,1.62536815201316,2.92059733671528));
#8211=CARTESIAN_POINT('',(0.202136968928345,1.62536815201316,2.92510716550412));
#8212=CARTESIAN_POINT('',(0.192634115409004,1.62536815201316,2.93396575776791));
#8213=CARTESIAN_POINT('',(0.183050927284136,1.62536815201316,2.9428992382233));
#8214=CARTESIAN_POINT('',(0.17829930247305,1.62536815201316,2.95474318325935));
#8215=CARTESIAN_POINT('',(0.17829930247305,1.62536815201316,3.00112999365885));
#8216=CARTESIAN_POINT('',(0.196982878883957,1.62536815201316,3.01965250475587));
#8217=CARTESIAN_POINT('',(0.234027901077996,1.62536815201316,3.02480659480025));
#8218=CARTESIAN_POINT('',(0.25088836453337,1.62536815201316,3.02715239841144));
#8219=CARTESIAN_POINT('',(0.267744240118368,1.62536815201316,3.02953117734094));
#8220=CARTESIAN_POINT('',(0.284602409638554,1.62536815201316,3.03189346861129));
#8221=CARTESIAN_POINT('',(0.284602409638554,1.62536815201316,3.03189346861129));
#8222=CARTESIAN_POINT('',(0.283958148383005,1.65076815201316,2.95071655041218));
#8223=CARTESIAN_POINT('',(0.272200380469245,1.65076815201316,2.93074445149017));
#8224=CARTESIAN_POINT('',(0.254966391883323,1.65076815201316,2.92059733671528));
#8225=CARTESIAN_POINT('',(0.215183259353202,1.65076815201316,2.92059733671528));
#8226=CARTESIAN_POINT('',(0.202136968928345,1.65076815201316,2.92510716550412));
#8227=CARTESIAN_POINT('',(0.192634115409004,1.65076815201316,2.93396575776791));
#8228=CARTESIAN_POINT('',(0.183050927284136,1.65076815201316,2.9428992382233));
#8229=CARTESIAN_POINT('',(0.17829930247305,1.65076815201316,2.95474318325935));
#8230=CARTESIAN_POINT('',(0.17829930247305,1.65076815201316,3.00112999365885));
#8231=CARTESIAN_POINT('',(0.196982878883957,1.65076815201316,3.01965250475587));
#8232=CARTESIAN_POINT('',(0.234027901077996,1.65076815201316,3.02480659480025));
#8233=CARTESIAN_POINT('',(0.25088836453337,1.65076815201316,3.02715239841144));
#8234=CARTESIAN_POINT('',(0.267744240118368,1.65076815201316,3.02953117734094));
#8235=CARTESIAN_POINT('',(0.284602409638554,1.65076815201316,3.03189346861129));
#8236=CARTESIAN_POINT('',(0.284602409638554,1.65076815201316,3.03189346861129));
#8237=CARTESIAN_POINT('',(0.284602409638554,1.65076815201316,3.03189346861129));
#8238=CARTESIAN_POINT('',(0.284602409638554,1.65076815201316,3.03189346861129));
#8239=CARTESIAN_POINT('',(0.284602409638554,1.62536815201316,3.03189346861129));
#8240=CARTESIAN_POINT('',(0.284602409638554,1.65076815201316,3.08607806179345));
#8241=CARTESIAN_POINT('',(0.284602409638554,1.62536815201316,3.08607806179345));
#8242=CARTESIAN_POINT('',(0.229877273505047,1.65076815201316,3.08458100069451));
#8243=CARTESIAN_POINT('',(0.229877273505047,1.62536815201316,3.08458100069451));
#8244=CARTESIAN_POINT('',(0.194889029803424,1.65076815201316,3.05444261255549));
#8245=CARTESIAN_POINT('',(0.194889029803424,1.62536815201316,3.05444261255549));
#8246=CARTESIAN_POINT('',(0.284602409638554,1.62536815201316,3.03189346861129));
#8247=CARTESIAN_POINT('',(0.284602409638554,1.62536815201316,3.06088522511097));
#8248=CARTESIAN_POINT('',(0.273166772352568,1.62536815201316,3.0755421686747));
#8249=CARTESIAN_POINT('',(0.229518072289156,1.62536815201316,3.0755421686747));
#8250=CARTESIAN_POINT('',(0.211156626506024,1.62536815201316,3.06845529486367));
#8251=CARTESIAN_POINT('',(0.194889029803424,1.62536815201316,3.05444261255549));
#8252=CARTESIAN_POINT('',(0.194889029803424,1.62536815201316,3.05444261255549));
#8253=CARTESIAN_POINT('',(0.284602409638554,1.65076815201316,3.03189346861129));
#8254=CARTESIAN_POINT('',(0.284602409638554,1.65076815201316,3.06088522511097));
#8255=CARTESIAN_POINT('',(0.273166772352568,1.65076815201316,3.0755421686747));
#8256=CARTESIAN_POINT('',(0.229518072289156,1.65076815201316,3.0755421686747));
#8257=CARTESIAN_POINT('',(0.211156626506024,1.65076815201316,3.06845529486367));
#8258=CARTESIAN_POINT('',(0.194889029803424,1.65076815201316,3.05444261255549));
#8259=CARTESIAN_POINT('',(0.194889029803424,1.65076815201316,3.05444261255549));
#8260=CARTESIAN_POINT('',(0.194889029803424,1.65076815201316,3.05444261255549));
#8261=CARTESIAN_POINT('',(0.214700063411541,1.65076815201316,2.95103868103995));
#8262=CARTESIAN_POINT('',(0.214700063411541,1.62536815201316,2.95103868103995));
#8263=CARTESIAN_POINT('',(0.241074075746661,1.65076815201316,2.92686250306609));
#8264=CARTESIAN_POINT('',(0.241074075746661,1.62536815201316,2.92686250306609));
#8265=CARTESIAN_POINT('',(0.284602409638554,1.65076815201316,2.97068241872077));
#8266=CARTESIAN_POINT('',(0.284602409638554,1.62536815201316,2.97068241872077));
#8267=CARTESIAN_POINT('',(0.284602409638554,1.65076815201316,3.01031071655041));
#8268=CARTESIAN_POINT('',(0.284602409638554,1.62536815201316,3.01031071655041));
#8269=CARTESIAN_POINT('',(0.214700063411541,1.62536815201316,2.95103868103995));
#8270=CARTESIAN_POINT('',(0.220505708235125,1.62536815201316,2.94571683995166));
#8271=CARTESIAN_POINT('',(0.228551680405834,1.62536815201316,2.94314648065948));
#8272=CARTESIAN_POINT('',(0.25174508560558,1.62536815201316,2.94314648065948));
#8273=CARTESIAN_POINT('',(0.262697526949905,1.62536815201316,2.94797844007609));
#8274=CARTESIAN_POINT('',(0.271556119213697,1.62536815201316,2.95748129359544));
#8275=CARTESIAN_POINT('',(0.280259488680367,1.62536815201316,2.96681763538695));
#8276=CARTESIAN_POINT('',(0.284602409638554,1.62536815201316,2.97890298034242));
#8277=CARTESIAN_POINT('',(0.284602409638554,1.62536815201316,2.99339885859226));
#8278=CARTESIAN_POINT('',(0.284602409638554,1.62536815201316,2.99903614457831));
#8279=CARTESIAN_POINT('',(0.284602409638554,1.62536815201316,3.00467343056436));
#8280=CARTESIAN_POINT('',(0.284602409638554,1.62536815201316,3.01031071655041));
#8281=CARTESIAN_POINT('',(0.214700063411541,1.62536815201316,2.95103868103995));
#8282=CARTESIAN_POINT('',(0.284602409638554,1.62536815201316,3.01031071655041));
#8283=CARTESIAN_POINT('',(0.214700063411541,1.65076815201316,2.95103868103995));
#8284=CARTESIAN_POINT('',(0.214700063411541,1.65076815201316,2.95103868103995));
#8285=CARTESIAN_POINT('',(0.214700063411541,1.65076815201316,2.95103868103995));
#8286=CARTESIAN_POINT('',(0.220505708235125,1.65076815201316,2.94571683995166));
#8287=CARTESIAN_POINT('',(0.228551680405834,1.65076815201316,2.94314648065948));
#8288=CARTESIAN_POINT('',(0.25174508560558,1.65076815201316,2.94314648065948));
#8289=CARTESIAN_POINT('',(0.262697526949905,1.65076815201316,2.94797844007609));
#8290=CARTESIAN_POINT('',(0.271556119213697,1.65076815201316,2.95748129359544));
#8291=CARTESIAN_POINT('',(0.280259488680367,1.65076815201316,2.96681763538695));
#8292=CARTESIAN_POINT('',(0.284602409638554,1.65076815201316,2.97890298034242));
#8293=CARTESIAN_POINT('',(0.284602409638554,1.65076815201316,2.99339885859226));
#8294=CARTESIAN_POINT('',(0.284602409638554,1.65076815201316,2.99903614457831));
#8295=CARTESIAN_POINT('',(0.284602409638554,1.65076815201316,3.00467343056436));
#8296=CARTESIAN_POINT('',(0.284602409638554,1.65076815201316,3.01031071655041));
#8297=CARTESIAN_POINT('',(0.284602409638554,1.65076815201316,3.01031071655041));
#8298=CARTESIAN_POINT('',(0.284602409638554,1.65076815201316,3.01031071655041));
#8299=CARTESIAN_POINT('',(0.284602409638554,1.65076815201316,3.01031071655041));
#8300=CARTESIAN_POINT('',(0.284602409638554,1.62536815201316,3.01031071655041));
#8301=CARTESIAN_POINT('',(0.264621671396568,1.65076815201316,3.00754658280152));
#8302=CARTESIAN_POINT('',(0.264621671396568,1.62536815201316,3.00754658280152));
#8303=CARTESIAN_POINT('',(0.215619076541336,1.65076815201316,3.01221614136085));
#8304=CARTESIAN_POINT('',(0.215619076541336,1.62536815201316,3.01221614136085));
#8305=CARTESIAN_POINT('',(0.198167513006288,1.65076815201316,2.96619351891143));
#8306=CARTESIAN_POINT('',(0.198167513006288,1.62536815201316,2.96619351891143));
#8307=CARTESIAN_POINT('',(0.214700063411541,1.65076815201316,2.95103868103995));
#8308=CARTESIAN_POINT('',(0.214700063411541,1.62536815201316,2.95103868103995));
#8309=CARTESIAN_POINT('',(0.284602409638554,1.62536815201316,3.01031071655041));
#8310=CARTESIAN_POINT('',(0.271019234834073,1.62536815201316,3.00843162122173));
#8311=CARTESIAN_POINT('',(0.257436060029592,1.62536815201316,3.00655252589305));
#8312=CARTESIAN_POINT('',(0.243852885225111,1.62536815201316,3.00467343056436));
#8313=CARTESIAN_POINT('',(0.231285210673894,1.62536815201316,3.00293481946044));
#8314=CARTESIAN_POINT('',(0.221948002536462,1.62536815201316,2.99968040583386));
#8315=CARTESIAN_POINT('',(0.215505389980976,1.62536815201316,2.99533164235891));
#8316=CARTESIAN_POINT('',(0.208988088486462,1.62536815201316,2.99093246385011));
#8317=CARTESIAN_POINT('',(0.205841471147749,1.62536815201316,2.98276854787571));
#8318=CARTESIAN_POINT('',(0.205841471147749,1.62536815201316,2.96311857958148));
#8319=CARTESIAN_POINT('',(0.208901712111604,1.62536815201316,2.95635383639822));
#8320=CARTESIAN_POINT('',(0.214700063411541,1.62536815201316,2.95103868103995));
#8321=CARTESIAN_POINT('',(0.284602409638554,1.65076815201316,3.01031071655041));
#8322=CARTESIAN_POINT('',(0.271019234834073,1.65076815201316,3.00843162122173));
#8323=CARTESIAN_POINT('',(0.257436060029592,1.65076815201316,3.00655252589305));
#8324=CARTESIAN_POINT('',(0.243852885225111,1.65076815201316,3.00467343056436));
#8325=CARTESIAN_POINT('',(0.231285210673894,1.65076815201316,3.00293481946044));
#8326=CARTESIAN_POINT('',(0.221948002536462,1.65076815201316,2.99968040583386));
#8327=CARTESIAN_POINT('',(0.215505389980976,1.65076815201316,2.99533164235891));
#8328=CARTESIAN_POINT('',(0.208988088486462,1.65076815201316,2.99093246385011));
#8329=CARTESIAN_POINT('',(0.205841471147749,1.65076815201316,2.98276854787571));
#8330=CARTESIAN_POINT('',(0.205841471147749,1.65076815201316,2.96311857958148));
#8331=CARTESIAN_POINT('',(0.208901712111604,1.65076815201316,2.95635383639822));
#8332=CARTESIAN_POINT('',(0.214700063411541,1.65076815201316,2.95103868103995));
#8333=CARTESIAN_POINT('',(0.194889029803424,1.65076815201316,3.05444261255549));
#8334=CARTESIAN_POINT('',(0.194889029803424,1.62536815201316,3.05444261255549));
#8335=CARTESIAN_POINT('',(0.194889029803424,1.62536815201316,3.06367702388501));
#8336=CARTESIAN_POINT('',(0.194889029803424,1.62536815201316,3.07291143521454));
#8337=CARTESIAN_POINT('',(0.194889029803424,1.62536815201316,3.08214584654407));
#8338=CARTESIAN_POINT('',(0.194889029803424,1.65076815201316,3.05444261255549));
#8339=CARTESIAN_POINT('',(0.194889029803424,1.65076815201316,3.06367702388501));
#8340=CARTESIAN_POINT('',(0.194889029803424,1.65076815201316,3.07291143521454));
#8341=CARTESIAN_POINT('',(0.194889029803424,1.65076815201316,3.08214584654407));
#8342=CARTESIAN_POINT('',(0.308351970961001,1.65076815201316,3.06160943403124));
#8343=CARTESIAN_POINT('',(0.308351970961001,1.62536815201316,3.06160943403124));
#8344=CARTESIAN_POINT('',(0.487383639822448,1.65076815201316,2.93686493341788));
#8345=CARTESIAN_POINT('',(0.487383639822448,1.62536815201316,2.93686493341788));
#8346=CARTESIAN_POINT('',(0.46007722747288,1.65076815201316,2.91719257183271));
#8347=CARTESIAN_POINT('',(0.46007722747288,1.62536815201316,2.91719257183271));
#8348=CARTESIAN_POINT('',(0.357674831948422,1.65076815201316,2.9114025752555));
#8349=CARTESIAN_POINT('',(0.357674831948422,1.62536815201316,2.9114025752555));
#8350=CARTESIAN_POINT('',(0.329784413379753,1.65076815201316,3.0573002951672));
#8351=CARTESIAN_POINT('',(0.329784413379753,1.62536815201316,3.0573002951672));
#8352=CARTESIAN_POINT('',(0.466164477264059,1.65076815201316,3.12904932955297));
#8353=CARTESIAN_POINT('',(0.466164477264059,1.62536815201316,3.12904932955297));
#8354=CARTESIAN_POINT('',(0.498819277108433,1.65076815201316,3.04146702913613));
#8355=CARTESIAN_POINT('',(0.498819277108433,1.62536815201316,3.04146702913613));
#8356=CARTESIAN_POINT('',(0.498819277108433,1.65076815201316,3.0029017121116));
#8357=CARTESIAN_POINT('',(0.498819277108433,1.62536815201316,3.0029017121116));
#8358=CARTESIAN_POINT('',(0.487383639822448,1.62536815201316,2.93686493341788));
#8359=CARTESIAN_POINT('',(0.472404565630945,1.62536815201316,2.92607355738745));
#8360=CARTESIAN_POINT('',(0.452754597336715,1.62536815201316,2.92059733671528));
#8361=CARTESIAN_POINT('',(0.404435003170577,1.62536815201316,2.92059733671528));
#8362=CARTESIAN_POINT('',(0.385590361445783,1.62536815201316,2.92832847178186));
#8363=CARTESIAN_POINT('',(0.371899809765377,1.62536815201316,2.94379074191503));
#8364=CARTESIAN_POINT('',(0.358289198049774,1.62536815201316,2.95916272691148));
#8365=CARTESIAN_POINT('',(0.351444514901712,1.62536815201316,2.98067469879518));
#8366=CARTESIAN_POINT('',(0.351444514901712,1.62536815201316,3.03495370957514));
#8367=CARTESIAN_POINT('',(0.35885351934052,1.62536815201316,3.05653646163602));
#8368=CARTESIAN_POINT('',(0.373832593532023,1.62536815201316,3.07312618896639));
#8369=CARTESIAN_POINT('',(0.388739331349042,1.62536815201316,3.0896358018175));
#8370=CARTESIAN_POINT('',(0.407173113506658,1.62536815201316,3.0980913126189));
#8371=CARTESIAN_POINT('',(0.451466074825618,1.62536815201316,3.0980913126189));
#8372=CARTESIAN_POINT('',(0.468538998097654,1.62536815201316,3.09084337349398));
#8373=CARTESIAN_POINT('',(0.480779961953075,1.62536815201316,3.07650856055802));
#8374=CARTESIAN_POINT('',(0.492873465851124,1.62536815201316,3.0623464309932));
#8375=CARTESIAN_POINT('',(0.498819277108433,1.62536815201316,3.04236271401395));
#8376=CARTESIAN_POINT('',(0.498819277108433,1.62536815201316,3.01707545973367));
#8377=CARTESIAN_POINT('',(0.498819277108433,1.62536815201316,3.01235087719298));
#8378=CARTESIAN_POINT('',(0.498819277108433,1.62536815201316,3.00762629465229));
#8379=CARTESIAN_POINT('',(0.498819277108433,1.62536815201316,3.0029017121116));
#8380=CARTESIAN_POINT('',(0.487383639822448,1.62536815201316,2.93686493341788));
#8381=CARTESIAN_POINT('',(0.498819277108433,1.62536815201316,3.0029017121116));
#8382=CARTESIAN_POINT('',(0.487383639822448,1.65076815201316,2.93686493341788));
#8383=CARTESIAN_POINT('',(0.487383639822448,1.65076815201316,2.93686493341788));
#8384=CARTESIAN_POINT('',(0.487383639822448,1.65076815201316,2.93686493341788));
#8385=CARTESIAN_POINT('',(0.472404565630945,1.65076815201316,2.92607355738745));
#8386=CARTESIAN_POINT('',(0.452754597336715,1.65076815201316,2.92059733671528));
#8387=CARTESIAN_POINT('',(0.404435003170577,1.65076815201316,2.92059733671528));
#8388=CARTESIAN_POINT('',(0.385590361445783,1.65076815201316,2.92832847178186));
#8389=CARTESIAN_POINT('',(0.371899809765377,1.65076815201316,2.94379074191503));
#8390=CARTESIAN_POINT('',(0.358289198049774,1.65076815201316,2.95916272691148));
#8391=CARTESIAN_POINT('',(0.351444514901712,1.65076815201316,2.98067469879518));
#8392=CARTESIAN_POINT('',(0.351444514901712,1.65076815201316,3.03495370957514));
#8393=CARTESIAN_POINT('',(0.35885351934052,1.65076815201316,3.05653646163602));
#8394=CARTESIAN_POINT('',(0.373832593532023,1.65076815201316,3.07312618896639));
#8395=CARTESIAN_POINT('',(0.388739331349042,1.65076815201316,3.0896358018175));
#8396=CARTESIAN_POINT('',(0.407173113506658,1.65076815201316,3.0980913126189));
#8397=CARTESIAN_POINT('',(0.451466074825618,1.65076815201316,3.0980913126189));
#8398=CARTESIAN_POINT('',(0.468538998097654,1.65076815201316,3.09084337349398));
#8399=CARTESIAN_POINT('',(0.480779961953075,1.65076815201316,3.07650856055802));
#8400=CARTESIAN_POINT('',(0.492873465851124,1.65076815201316,3.0623464309932));
#8401=CARTESIAN_POINT('',(0.498819277108433,1.65076815201316,3.04236271401395));
#8402=CARTESIAN_POINT('',(0.498819277108433,1.65076815201316,3.01707545973367));
#8403=CARTESIAN_POINT('',(0.498819277108433,1.65076815201316,3.01235087719298));
#8404=CARTESIAN_POINT('',(0.498819277108433,1.65076815201316,3.00762629465229));
#8405=CARTESIAN_POINT('',(0.498819277108433,1.65076815201316,3.0029017121116));
#8406=CARTESIAN_POINT('',(0.498819277108433,1.65076815201316,3.0029017121116));
#8407=CARTESIAN_POINT('',(0.498819277108433,1.65076815201316,3.0029017121116));
#8408=CARTESIAN_POINT('',(0.498819277108433,1.65076815201316,3.0029017121116));
#8409=CARTESIAN_POINT('',(0.498819277108433,1.62536815201316,3.0029017121116));
#8410=CARTESIAN_POINT('',(0.458875079264426,1.62536815201316,3.0029017121116));
#8411=CARTESIAN_POINT('',(0.418930881420418,1.62536815201316,3.0029017121116));
#8412=CARTESIAN_POINT('',(0.378986683576411,1.62536815201316,3.0029017121116));
#8413=CARTESIAN_POINT('',(0.378986683576411,1.62536815201316,3.0029017121116));
#8414=CARTESIAN_POINT('',(0.498819277108433,1.65076815201316,3.0029017121116));
#8415=CARTESIAN_POINT('',(0.458875079264426,1.65076815201316,3.0029017121116));
#8416=CARTESIAN_POINT('',(0.418930881420418,1.65076815201316,3.0029017121116));
#8417=CARTESIAN_POINT('',(0.378986683576411,1.65076815201316,3.0029017121116));
#8418=CARTESIAN_POINT('',(0.378986683576411,1.65076815201316,3.0029017121116));
#8419=CARTESIAN_POINT('',(0.378986683576411,1.65076815201316,3.0029017121116));
#8420=CARTESIAN_POINT('',(0.378986683576411,1.65076815201316,3.0029017121116));
#8421=CARTESIAN_POINT('',(0.378986683576411,1.62536815201316,3.0029017121116));
#8422=CARTESIAN_POINT('',(0.380498500613807,1.65076815201316,2.94293296962819));
#8423=CARTESIAN_POINT('',(0.380498500613807,1.62536815201316,2.94293296962819));
#8424=CARTESIAN_POINT('',(0.442997527917804,1.65076815201316,2.92724822460738));
#8425=CARTESIAN_POINT('',(0.442997527917804,1.62536815201316,2.92724822460738));
#8426=CARTESIAN_POINT('',(0.487383639822448,1.65076815201316,2.96231325301205));
#8427=CARTESIAN_POINT('',(0.487383639822448,1.62536815201316,2.96231325301205));
#8428=CARTESIAN_POINT('',(0.378986683576411,1.62536815201316,3.0029017121116));
#8429=CARTESIAN_POINT('',(0.379469879518072,1.62536815201316,2.98373493975904));
#8430=CARTESIAN_POINT('',(0.384462904248573,1.62536815201316,2.96907799619531));
#8431=CARTESIAN_POINT('',(0.394287888395688,1.62536815201316,2.95876981610653));
#8432=CARTESIAN_POINT('',(0.404116643164837,1.62536815201316,2.94845767995529));
#8433=CARTESIAN_POINT('',(0.417481293595434,1.62536815201316,2.94314648065948));
#8434=CARTESIAN_POINT('',(0.453720989220038,1.62536815201316,2.94314648065948));
#8435=CARTESIAN_POINT('',(0.471277108433734,1.62536815201316,2.94958909321497));
#8436=CARTESIAN_POINT('',(0.487383639822448,1.62536815201316,2.96231325301205));
#8437=CARTESIAN_POINT('',(0.487383639822448,1.62536815201316,2.96231325301205));
#8438=CARTESIAN_POINT('',(0.378986683576411,1.65076815201316,3.0029017121116));
#8439=CARTESIAN_POINT('',(0.379469879518072,1.65076815201316,2.98373493975904));
#8440=CARTESIAN_POINT('',(0.384462904248573,1.65076815201316,2.96907799619531));
#8441=CARTESIAN_POINT('',(0.394287888395688,1.65076815201316,2.95876981610653));
#8442=CARTESIAN_POINT('',(0.404116643164837,1.65076815201316,2.94845767995529));
#8443=CARTESIAN_POINT('',(0.417481293595434,1.65076815201316,2.94314648065948));
#8444=CARTESIAN_POINT('',(0.453720989220038,1.65076815201316,2.94314648065948));
#8445=CARTESIAN_POINT('',(0.471277108433734,1.65076815201316,2.94958909321497));
#8446=CARTESIAN_POINT('',(0.487383639822448,1.65076815201316,2.96231325301205));
#8447=CARTESIAN_POINT('',(0.487383639822448,1.65076815201316,2.96231325301205));
#8448=CARTESIAN_POINT('',(0.487383639822448,1.65076815201316,2.96231325301205));
#8449=CARTESIAN_POINT('',(0.471277108433734,1.65076815201316,3.0254508560558));
#8450=CARTESIAN_POINT('',(0.471277108433734,1.62536815201316,3.0254508560558));
#8451=CARTESIAN_POINT('',(0.470658185491678,1.65076815201316,3.08610530437744));
#8452=CARTESIAN_POINT('',(0.470658185491678,1.62536815201316,3.08610530437744));
#8453=CARTESIAN_POINT('',(0.387162945988782,1.65076815201316,3.08103394253142));
#8454=CARTESIAN_POINT('',(0.387162945988782,1.62536815201316,3.08103394253142));
#8455=CARTESIAN_POINT('',(0.379308814204185,1.65076815201316,3.0254508560558));
#8456=CARTESIAN_POINT('',(0.379308814204185,1.62536815201316,3.0254508560558));
#8457=CARTESIAN_POINT('',(0.471277108433734,1.62536815201316,3.0254508560558));
#8458=CARTESIAN_POINT('',(0.471116043119848,1.62536815201316,3.04123525681674));
#8459=CARTESIAN_POINT('',(0.467411540900444,1.62536815201316,3.05347622067216));
#8460=CARTESIAN_POINT('',(0.459841471147749,1.62536815201316,3.06233481293595));
#8461=CARTESIAN_POINT('',(0.4524189266367,1.62536815201316,3.07102076927867));
#8462=CARTESIAN_POINT('',(0.441963221306278,1.62536815201316,3.0755421686747));
#8463=CARTESIAN_POINT('',(0.415870640456563,1.62536815201316,3.0755421686747));
#8464=CARTESIAN_POINT('',(0.404918199112238,1.62536815201316,3.07087127457197));
#8465=CARTESIAN_POINT('',(0.395898541534559,1.62536815201316,3.06152948636652));
#8466=CARTESIAN_POINT('',(0.387037074874396,1.62536815201316,3.05235153875421));
#8467=CARTESIAN_POINT('',(0.381402663284718,1.62536815201316,3.04026886493342));
#8468=CARTESIAN_POINT('',(0.379308814204185,1.62536815201316,3.0254508560558));
#8469=CARTESIAN_POINT('',(0.471277108433734,1.62536815201316,3.0254508560558));
#8470=CARTESIAN_POINT('',(0.379308814204185,1.62536815201316,3.0254508560558));
#8471=CARTESIAN_POINT('',(0.471277108433734,1.65076815201316,3.0254508560558));
#8472=CARTESIAN_POINT('',(0.471277108433734,1.65076815201316,3.0254508560558));
#8473=CARTESIAN_POINT('',(0.471277108433734,1.65076815201316,3.0254508560558));
#8474=CARTESIAN_POINT('',(0.471116043119848,1.65076815201316,3.04123525681674));
#8475=CARTESIAN_POINT('',(0.467411540900444,1.65076815201316,3.05347622067216));
#8476=CARTESIAN_POINT('',(0.459841471147749,1.65076815201316,3.06233481293595));
#8477=CARTESIAN_POINT('',(0.4524189266367,1.65076815201316,3.07102076927867));
#8478=CARTESIAN_POINT('',(0.441963221306278,1.65076815201316,3.0755421686747));
#8479=CARTESIAN_POINT('',(0.415870640456563,1.65076815201316,3.0755421686747));
#8480=CARTESIAN_POINT('',(0.404918199112238,1.65076815201316,3.07087127457197));
#8481=CARTESIAN_POINT('',(0.395898541534559,1.65076815201316,3.06152948636652));
#8482=CARTESIAN_POINT('',(0.387037074874396,1.65076815201316,3.05235153875421));
#8483=CARTESIAN_POINT('',(0.381402663284718,1.65076815201316,3.04026886493342));
#8484=CARTESIAN_POINT('',(0.379308814204185,1.65076815201316,3.0254508560558));
#8485=CARTESIAN_POINT('',(0.379308814204185,1.65076815201316,3.0254508560558));
#8486=CARTESIAN_POINT('',(0.379308814204185,1.65076815201316,3.0254508560558));
#8487=CARTESIAN_POINT('',(0.379308814204185,1.65076815201316,3.0254508560558));
#8488=CARTESIAN_POINT('',(0.379308814204185,1.62536815201316,3.0254508560558));
#8489=CARTESIAN_POINT('',(0.409964912280701,1.62536815201316,3.0254508560558));
#8490=CARTESIAN_POINT('',(0.440621010357218,1.62536815201316,3.0254508560558));
#8491=CARTESIAN_POINT('',(0.471277108433734,1.62536815201316,3.0254508560558));
#8492=CARTESIAN_POINT('',(0.379308814204185,1.65076815201316,3.0254508560558));
#8493=CARTESIAN_POINT('',(0.409964912280701,1.65076815201316,3.0254508560558));
#8494=CARTESIAN_POINT('',(0.440621010357218,1.65076815201316,3.0254508560558));
#8495=CARTESIAN_POINT('',(0.471277108433734,1.65076815201316,3.0254508560558));
#8496=CARTESIAN_POINT('',(0.487383639822448,1.65076815201316,2.96231325301205));
#8497=CARTESIAN_POINT('',(0.487383639822448,1.62536815201316,2.96231325301205));
#8498=CARTESIAN_POINT('',(0.487383639822448,1.62536815201316,2.95383047981399));
#8499=CARTESIAN_POINT('',(0.487383639822448,1.62536815201316,2.94534770661594));
#8500=CARTESIAN_POINT('',(0.487383639822448,1.62536815201316,2.93686493341788));
#8501=CARTESIAN_POINT('',(0.487383639822448,1.65076815201316,2.96231325301205));
#8502=CARTESIAN_POINT('',(0.487383639822448,1.65076815201316,2.95383047981399));
#8503=CARTESIAN_POINT('',(0.487383639822448,1.65076815201316,2.94534770661594));
#8504=CARTESIAN_POINT('',(0.487383639822448,1.65076815201316,2.93686493341788));
#8505=CARTESIAN_POINT('',(0.357162827121915,1.65076815201316,3.04494218091288));
#8506=CARTESIAN_POINT('',(0.357162827121915,1.62536815201316,3.04494218091288));
#8507=CARTESIAN_POINT('',(0.567110970196576,1.65076815201316,3.17524159797083));
#8508=CARTESIAN_POINT('',(0.567110970196576,1.62536815201316,3.17524159797083));
#8509=CARTESIAN_POINT('',(0.567110970196576,1.62536815201316,2.92462396956246));
#8510=CARTESIAN_POINT('',(0.567110970196576,1.62536815201316,3.17524159797083));
#8511=CARTESIAN_POINT('',(0.567110970196576,1.62536815201316,2.92462396956246));
#8512=CARTESIAN_POINT('',(0.567110970196576,1.65076815201316,3.17524159797083));
#8513=CARTESIAN_POINT('',(0.567110970196576,1.65076815201316,3.17524159797083));
#8514=CARTESIAN_POINT('',(0.567110970196576,1.65076815201316,3.17524159797083));
#8515=CARTESIAN_POINT('',(0.567110970196576,1.65076815201316,2.92462396956246));
#8516=CARTESIAN_POINT('',(0.567110970196576,1.65076815201316,2.92462396956246));
#8517=CARTESIAN_POINT('',(0.567110970196576,1.65076815201316,2.92462396956246));
#8518=CARTESIAN_POINT('',(0.567110970196576,1.65076815201316,2.92462396956246));
#8519=CARTESIAN_POINT('',(0.567110970196576,1.62536815201316,2.92462396956246));
#8520=CARTESIAN_POINT('',(0.540051997463538,1.62536815201316,2.92462396956246));
#8521=CARTESIAN_POINT('',(0.540051997463538,1.62536815201316,2.92462396956246));
#8522=CARTESIAN_POINT('',(0.567110970196576,1.65076815201316,2.92462396956246));
#8523=CARTESIAN_POINT('',(0.540051997463538,1.65076815201316,2.92462396956246));
#8524=CARTESIAN_POINT('',(0.540051997463538,1.65076815201316,2.92462396956246));
#8525=CARTESIAN_POINT('',(0.540051997463538,1.65076815201316,2.92462396956246));
#8526=CARTESIAN_POINT('',(0.540051997463538,1.65076815201316,2.92462396956246));
#8527=CARTESIAN_POINT('',(0.540051997463538,1.62536815201316,2.92462396956246));
#8528=CARTESIAN_POINT('',(0.540051997463538,1.62536815201316,3.17524159797083));
#8529=CARTESIAN_POINT('',(0.540051997463538,1.62536815201316,3.17524159797083));
#8530=CARTESIAN_POINT('',(0.540051997463538,1.65076815201316,2.92462396956246));
#8531=CARTESIAN_POINT('',(0.540051997463538,1.65076815201316,3.17524159797083));
#8532=CARTESIAN_POINT('',(0.540051997463538,1.65076815201316,3.17524159797083));
#8533=CARTESIAN_POINT('',(0.540051997463538,1.65076815201316,3.17524159797083));
#8534=CARTESIAN_POINT('',(0.540051997463538,1.65076815201316,3.17524159797083));
#8535=CARTESIAN_POINT('',(0.540051997463538,1.62536815201316,3.17524159797083));
#8536=CARTESIAN_POINT('',(0.567110970196576,1.62536815201316,3.17524159797083));
#8537=CARTESIAN_POINT('',(0.540051997463538,1.65076815201316,3.17524159797083));
#8538=CARTESIAN_POINT('',(0.567110970196576,1.65076815201316,3.17524159797083));
#8539=CARTESIAN_POINT('',(0.567110970196576,1.65076815201316,3.04993278376665));
#8540=CARTESIAN_POINT('',(0.567110970196576,1.62536815201316,3.04993278376665));
#8541=CARTESIAN_POINT('',(-0.416675967025999,1.65076815201316,2.58091058972733));
#8542=CARTESIAN_POINT('',(-0.416675967025999,1.62536815201316,2.58091058972733));
#8543=CARTESIAN_POINT('',(-0.416675967025999,1.62536815201316,2.55594546607483));
#8544=CARTESIAN_POINT('',(-0.416675967025999,1.62536815201316,2.58091058972733));
#8545=CARTESIAN_POINT('',(-0.416675967025999,1.62536815201316,2.55594546607483));
#8546=CARTESIAN_POINT('',(-0.416675967025999,1.65076815201316,2.58091058972733));
#8547=CARTESIAN_POINT('',(-0.416675967025999,1.65076815201316,2.58091058972733));
#8548=CARTESIAN_POINT('',(-0.416675967025999,1.65076815201316,2.58091058972733));
#8549=CARTESIAN_POINT('',(-0.416675967025999,1.65076815201316,2.55594546607483));
#8550=CARTESIAN_POINT('',(-0.416675967025999,1.65076815201316,2.55594546607483));
#8551=CARTESIAN_POINT('',(-0.416675967025999,1.65076815201316,2.55594546607483));
#8552=CARTESIAN_POINT('',(-0.416675967025999,1.65076815201316,2.55594546607483));
#8553=CARTESIAN_POINT('',(-0.416675967025999,1.62536815201316,2.55594546607483));
#8554=CARTESIAN_POINT('',(-0.539568801521877,1.62536815201316,2.55594546607483));
#8555=CARTESIAN_POINT('',(-0.539568801521877,1.62536815201316,2.55594546607483));
#8556=CARTESIAN_POINT('',(-0.416675967025999,1.65076815201316,2.55594546607483));
#8557=CARTESIAN_POINT('',(-0.539568801521877,1.65076815201316,2.55594546607483));
#8558=CARTESIAN_POINT('',(-0.539568801521877,1.65076815201316,2.55594546607483));
#8559=CARTESIAN_POINT('',(-0.539568801521877,1.65076815201316,2.55594546607483));
#8560=CARTESIAN_POINT('',(-0.539568801521877,1.65076815201316,2.55594546607483));
#8561=CARTESIAN_POINT('',(-0.539568801521877,1.62536815201316,2.55594546607483));
#8562=CARTESIAN_POINT('',(-0.539568801521877,1.62536815201316,2.79287254280279));
#8563=CARTESIAN_POINT('',(-0.539568801521877,1.62536815201316,2.79287254280279));
#8564=CARTESIAN_POINT('',(-0.539568801521877,1.65076815201316,2.55594546607483));
#8565=CARTESIAN_POINT('',(-0.539568801521877,1.65076815201316,2.79287254280279));
#8566=CARTESIAN_POINT('',(-0.539568801521877,1.65076815201316,2.79287254280279));
#8567=CARTESIAN_POINT('',(-0.539568801521877,1.65076815201316,2.79287254280279));
#8568=CARTESIAN_POINT('',(-0.539568801521877,1.65076815201316,2.79287254280279));
#8569=CARTESIAN_POINT('',(-0.539568801521877,1.62536815201316,2.79287254280279));
#8570=CARTESIAN_POINT('',(-0.512026632847178,1.62536815201316,2.79287254280279));
#8571=CARTESIAN_POINT('',(-0.512026632847178,1.62536815201316,2.79287254280279));
#8572=CARTESIAN_POINT('',(-0.539568801521877,1.65076815201316,2.79287254280279));
#8573=CARTESIAN_POINT('',(-0.512026632847178,1.65076815201316,2.79287254280279));
#8574=CARTESIAN_POINT('',(-0.512026632847178,1.65076815201316,2.79287254280279));
#8575=CARTESIAN_POINT('',(-0.512026632847178,1.65076815201316,2.79287254280279));
#8576=CARTESIAN_POINT('',(-0.512026632847178,1.65076815201316,2.79287254280279));
#8577=CARTESIAN_POINT('',(-0.512026632847178,1.62536815201316,2.79287254280279));
#8578=CARTESIAN_POINT('',(-0.512026632847178,1.62536815201316,2.58091058972733));
#8579=CARTESIAN_POINT('',(-0.512026632847178,1.62536815201316,2.58091058972733));
#8580=CARTESIAN_POINT('',(-0.512026632847178,1.65076815201316,2.79287254280279));
#8581=CARTESIAN_POINT('',(-0.512026632847178,1.65076815201316,2.58091058972733));
#8582=CARTESIAN_POINT('',(-0.512026632847178,1.65076815201316,2.58091058972733));
#8583=CARTESIAN_POINT('',(-0.512026632847178,1.65076815201316,2.58091058972733));
#8584=CARTESIAN_POINT('',(-0.512026632847178,1.65076815201316,2.58091058972733));
#8585=CARTESIAN_POINT('',(-0.512026632847178,1.62536815201316,2.58091058972733));
#8586=CARTESIAN_POINT('',(-0.416675967025999,1.62536815201316,2.58091058972733));
#8587=CARTESIAN_POINT('',(-0.512026632847178,1.65076815201316,2.58091058972733));
#8588=CARTESIAN_POINT('',(-0.416675967025999,1.65076815201316,2.58091058972733));
#8589=CARTESIAN_POINT('',(-0.416675967025999,1.65076815201316,2.56842802790108));
#8590=CARTESIAN_POINT('',(-0.416675967025999,1.62536815201316,2.56842802790108));
#8591=CARTESIAN_POINT('',(-0.227220185650981,1.65076815201316,2.67246504458246));
#8592=CARTESIAN_POINT('',(-0.227220185650981,1.62536815201316,2.67246504458246));
#8593=CARTESIAN_POINT('',(-0.343360472626715,1.65076815201316,2.73205508843012));
#8594=CARTESIAN_POINT('',(-0.343360472626715,1.62536815201316,2.73205508843012));
#8595=CARTESIAN_POINT('',(-0.394770180164558,1.65076815201316,2.61012679800222));
#8596=CARTESIAN_POINT('',(-0.394770180164558,1.62536815201316,2.61012679800222));
#8597=CARTESIAN_POINT('',(-0.280758996080418,1.65076815201316,2.54838738962338));
#8598=CARTESIAN_POINT('',(-0.280758996080418,1.62536815201316,2.54838738962338));
#8599=CARTESIAN_POINT('',(-0.227220185650981,1.65076815201316,2.67246504458246));
#8600=CARTESIAN_POINT('',(-0.227220185650981,1.62536815201316,2.67246504458246));
#8601=CARTESIAN_POINT('',(-0.343360472626715,1.65076815201316,2.73205508843012));
#8602=CARTESIAN_POINT('',(-0.343360472626715,1.62536815201316,2.73205508843012));
#8603=CARTESIAN_POINT('',(-0.394770180164558,1.65076815201316,2.61012679800222));
#8604=CARTESIAN_POINT('',(-0.394770180164558,1.62536815201316,2.61012679800222));
#8605=CARTESIAN_POINT('',(-0.310856055802156,1.65076815201316,2.70670259987318));
#8606=CARTESIAN_POINT('',(-0.328251109701966,1.65076815201316,2.70670259987318));
#8607=CARTESIAN_POINT('',(-0.342102726696259,1.65076815201316,2.70074318325935));
#8608=CARTESIAN_POINT('',(-0.362396956246037,1.65076815201316,2.67690551680406));
#8609=CARTESIAN_POINT('',(-0.367551046290425,1.65076815201316,2.66047685478757));
#8610=CARTESIAN_POINT('',(-0.367551046290425,1.65076815201316,2.61940519974635));
#8611=CARTESIAN_POINT('',(-0.362396956246037,1.65076815201316,2.60345973367153));
#8612=CARTESIAN_POINT('',(-0.352088776157261,1.65076815201316,2.59186303107166));
#8613=CARTESIAN_POINT('',(-0.341700618809175,1.65076815201316,2.58017635405506));
#8614=CARTESIAN_POINT('',(-0.328090044388079,1.65076815201316,2.57430691185796));
#8615=CARTESIAN_POINT('',(-0.310856055802156,1.65076815201316,2.57446797717185));
#8616=CARTESIAN_POINT('',(-0.293302975025822,1.65076815201316,2.57463202465574));
#8617=CARTESIAN_POINT('',(-0.279770450221941,1.65076815201316,2.5801052631579));
#8618=CARTESIAN_POINT('',(-0.26076474318326,1.65076815201316,2.60297653772987));
#8619=CARTESIAN_POINT('',(-0.256093849080533,1.65076815201316,2.61908306911858));
#8620=CARTESIAN_POINT('',(-0.256093849080533,1.65076815201316,2.6614432466709));
#8621=CARTESIAN_POINT('',(-0.26076474318326,1.65076815201316,2.67787190868738));
#8622=CARTESIAN_POINT('',(-0.2702675967026,1.65076815201316,2.68930754597337));
#8623=CARTESIAN_POINT('',(-0.279849622082991,1.65076815201316,2.7008384578718));
#8624=CARTESIAN_POINT('',(-0.293299936588459,1.65076815201316,2.70670259987318));
#8625=CARTESIAN_POINT('',(-0.310856055802156,1.65076815201316,2.70670259987318));
#8626=CARTESIAN_POINT('',(-0.310856055802156,1.65076815201316,2.70670259987318));
#8627=CARTESIAN_POINT('',(-0.310856055802156,1.62536815201316,2.70670259987318));
#8628=CARTESIAN_POINT('',(-0.328251109701966,1.62536815201316,2.70670259987318));
#8629=CARTESIAN_POINT('',(-0.342102726696259,1.62536815201316,2.70074318325935));
#8630=CARTESIAN_POINT('',(-0.362396956246037,1.62536815201316,2.67690551680406));
#8631=CARTESIAN_POINT('',(-0.367551046290425,1.62536815201316,2.66047685478757));
#8632=CARTESIAN_POINT('',(-0.367551046290425,1.62536815201316,2.61940519974635));
#8633=CARTESIAN_POINT('',(-0.362396956246037,1.62536815201316,2.60345973367153));
#8634=CARTESIAN_POINT('',(-0.352088776157261,1.62536815201316,2.59186303107166));
#8635=CARTESIAN_POINT('',(-0.341700618809175,1.62536815201316,2.58017635405506));
#8636=CARTESIAN_POINT('',(-0.328090044388079,1.62536815201316,2.57430691185796));
#8637=CARTESIAN_POINT('',(-0.310856055802156,1.62536815201316,2.57446797717185));
#8638=CARTESIAN_POINT('',(-0.293302975025822,1.62536815201316,2.57463202465574));
#8639=CARTESIAN_POINT('',(-0.279770450221941,1.62536815201316,2.5801052631579));
#8640=CARTESIAN_POINT('',(-0.26076474318326,1.62536815201316,2.60297653772987));
#8641=CARTESIAN_POINT('',(-0.256093849080533,1.62536815201316,2.61908306911858));
#8642=CARTESIAN_POINT('',(-0.256093849080533,1.62536815201316,2.6614432466709));
#8643=CARTESIAN_POINT('',(-0.26076474318326,1.62536815201316,2.67787190868738));
#8644=CARTESIAN_POINT('',(-0.2702675967026,1.62536815201316,2.68930754597337));
#8645=CARTESIAN_POINT('',(-0.279849622082991,1.62536815201316,2.7008384578718));
#8646=CARTESIAN_POINT('',(-0.293299936588459,1.62536815201316,2.70670259987318));
#8647=CARTESIAN_POINT('',(-0.310856055802156,1.62536815201316,2.70670259987318));
#8648=CARTESIAN_POINT('',(-0.310856055802156,1.62536815201316,2.70670259987318));
#8649=CARTESIAN_POINT('',(-0.21268854058411,1.65076815201316,2.59768176180591));
#8650=CARTESIAN_POINT('',(-0.21268854058411,1.62536815201316,2.59768176180591));
#8651=CARTESIAN_POINT('',(-0.296376119665854,1.65076815201316,2.53900481585803));
#8652=CARTESIAN_POINT('',(-0.296376119665854,1.62536815201316,2.53900481585803));
#8653=CARTESIAN_POINT('',(-0.402449649749017,1.65076815201316,2.57529765005418));
#8654=CARTESIAN_POINT('',(-0.402449649749017,1.62536815201316,2.57529765005418));
#8655=CARTESIAN_POINT('',(-0.408076464720001,1.65076815201316,2.72779283906865));
#8656=CARTESIAN_POINT('',(-0.408076464720001,1.62536815201316,2.72779283906865));
#8657=CARTESIAN_POINT('',(-0.23883438493329,1.65076815201316,2.74394357162606));
#8658=CARTESIAN_POINT('',(-0.23883438493329,1.62536815201316,2.74394357162606));
#8659=CARTESIAN_POINT('',(-0.21268854058411,1.65076815201316,2.59768176180591));
#8660=CARTESIAN_POINT('',(-0.21268854058411,1.62536815201316,2.59768176180591));
#8661=CARTESIAN_POINT('',(-0.296376119665854,1.65076815201316,2.53900481585803));
#8662=CARTESIAN_POINT('',(-0.296376119665854,1.62536815201316,2.53900481585803));
#8663=CARTESIAN_POINT('',(-0.402449649749017,1.65076815201316,2.57529765005418));
#8664=CARTESIAN_POINT('',(-0.402449649749017,1.62536815201316,2.57529765005418));
#8665=CARTESIAN_POINT('',(-0.312788839568802,1.65076815201316,2.55191883322765));
#8666=CARTESIAN_POINT('',(-0.337753963221307,1.65076815201316,2.55191883322765));
#8667=CARTESIAN_POINT('',(-0.35772606214331,1.65076815201316,2.55964996829423));
#8668=CARTESIAN_POINT('',(-0.372705136334813,1.65076815201316,2.57559543436906));
#8669=CARTESIAN_POINT('',(-0.387603835006264,1.65076815201316,2.59145533940641));
#8670=CARTESIAN_POINT('',(-0.395093214965124,1.65076815201316,2.61231832593532));
#8671=CARTESIAN_POINT('',(-0.395093214965124,1.65076815201316,2.66691946734306));
#8672=CARTESIAN_POINT('',(-0.387362079898542,1.65076815201316,2.68914648065948));
#8673=CARTESIAN_POINT('',(-0.37173874445149,1.65076815201316,2.70525301204819));
#8674=CARTESIAN_POINT('',(-0.35627398477254,1.65076815201316,2.72119606326361));
#8675=CARTESIAN_POINT('',(-0.335176918199112,1.65076815201316,2.72925174381738));
#8676=CARTESIAN_POINT('',(-0.283636017755232,1.65076815201316,2.72925174381738));
#8677=CARTESIAN_POINT('',(-0.263986049461002,1.65076815201316,2.72135954343691));
#8678=CARTESIAN_POINT('',(-0.249812301838935,1.65076815201316,2.70589727330374));
#8679=CARTESIAN_POINT('',(-0.235558325456743,1.65076815201316,2.69034748088681));
#8680=CARTESIAN_POINT('',(-0.228551680405834,1.65076815201316,2.6688522511097));
#8681=CARTESIAN_POINT('',(-0.228551680405834,1.65076815201316,2.61409004438808));
#8682=CARTESIAN_POINT('',(-0.236121750158529,1.65076815201316,2.5925072923272));
#8683=CARTESIAN_POINT('',(-0.266724159797083,1.65076815201316,2.559972098922));
#8684=CARTESIAN_POINT('',(-0.287179454660749,1.65076815201316,2.55191883322765));
#8685=CARTESIAN_POINT('',(-0.312788839568802,1.65076815201316,2.55191883322765));
#8686=CARTESIAN_POINT('',(-0.312788839568802,1.65076815201316,2.55191883322765));
#8687=CARTESIAN_POINT('',(-0.312788839568802,1.62536815201316,2.55191883322765));
#8688=CARTESIAN_POINT('',(-0.337753963221307,1.62536815201316,2.55191883322765));
#8689=CARTESIAN_POINT('',(-0.35772606214331,1.62536815201316,2.55964996829423));
#8690=CARTESIAN_POINT('',(-0.372705136334813,1.62536815201316,2.57559543436906));
#8691=CARTESIAN_POINT('',(-0.387603835006264,1.62536815201316,2.59145533940641));
#8692=CARTESIAN_POINT('',(-0.395093214965124,1.62536815201316,2.61231832593532));
#8693=CARTESIAN_POINT('',(-0.395093214965124,1.62536815201316,2.66691946734306));
#8694=CARTESIAN_POINT('',(-0.387362079898542,1.62536815201316,2.68914648065948));
#8695=CARTESIAN_POINT('',(-0.37173874445149,1.62536815201316,2.70525301204819));
#8696=CARTESIAN_POINT('',(-0.35627398477254,1.62536815201316,2.72119606326361));
#8697=CARTESIAN_POINT('',(-0.335176918199112,1.62536815201316,2.72925174381738));
#8698=CARTESIAN_POINT('',(-0.283636017755232,1.62536815201316,2.72925174381738));
#8699=CARTESIAN_POINT('',(-0.263986049461002,1.62536815201316,2.72135954343691));
#8700=CARTESIAN_POINT('',(-0.249812301838935,1.62536815201316,2.70589727330374));
#8701=CARTESIAN_POINT('',(-0.235558325456743,1.62536815201316,2.69034748088681));
#8702=CARTESIAN_POINT('',(-0.228551680405834,1.62536815201316,2.6688522511097));
#8703=CARTESIAN_POINT('',(-0.228551680405834,1.62536815201316,2.61409004438808));
#8704=CARTESIAN_POINT('',(-0.236121750158529,1.62536815201316,2.5925072923272));
#8705=CARTESIAN_POINT('',(-0.266724159797083,1.62536815201316,2.559972098922));
#8706=CARTESIAN_POINT('',(-0.287179454660749,1.62536815201316,2.55191883322765));
#8707=CARTESIAN_POINT('',(-0.312788839568802,1.62536815201316,2.55191883322765));
#8708=CARTESIAN_POINT('',(-0.312788839568802,1.62536815201316,2.55191883322765));
#8709=CARTESIAN_POINT('',(-0.30982896769715,1.65076815201316,2.72924853384989));
#8710=CARTESIAN_POINT('',(-0.30982896769715,1.62536815201316,2.72924853384989));
#8711=CARTESIAN_POINT('',(-0.0603994927076729,1.65076815201316,2.56802536461636));
#8712=CARTESIAN_POINT('',(-0.0603994927076729,1.62536815201316,2.56802536461636));
#8713=CARTESIAN_POINT('',(-0.0878229791943948,1.65076815201316,2.54826865929797));
#8714=CARTESIAN_POINT('',(-0.0878229791943948,1.62536815201316,2.54826865929797));
#8715=CARTESIAN_POINT('',(-0.190220704315031,1.65076815201316,2.54258799499251));
#8716=CARTESIAN_POINT('',(-0.190220704315031,1.62536815201316,2.54258799499251));
#8717=CARTESIAN_POINT('',(-0.218119200703443,1.65076815201316,2.68910228134094));
#8718=CARTESIAN_POINT('',(-0.218119200703443,1.62536815201316,2.68910228134094));
#8719=CARTESIAN_POINT('',(-0.0809624195774167,1.65076815201316,2.75983215297304));
#8720=CARTESIAN_POINT('',(-0.0809624195774167,1.62536815201316,2.75983215297304));
#8721=CARTESIAN_POINT('',(-0.048963855421687,1.65076815201316,2.67263836393773));
#8722=CARTESIAN_POINT('',(-0.048963855421687,1.62536815201316,2.67263836393773));
#8723=CARTESIAN_POINT('',(-0.048963855421687,1.65076815201316,2.63406214331008));
#8724=CARTESIAN_POINT('',(-0.048963855421687,1.62536815201316,2.63406214331008));
#8725=CARTESIAN_POINT('',(-0.0603994927076729,1.62536815201316,2.56802536461636));
#8726=CARTESIAN_POINT('',(-0.0753785668991759,1.62536815201316,2.55723398858592));
#8727=CARTESIAN_POINT('',(-0.0950285351934055,1.62536815201316,2.55191883322765));
#8728=CARTESIAN_POINT('',(-0.143509194673431,1.62536815201316,2.55191883322765));
#8729=CARTESIAN_POINT('',(-0.162192771084338,1.62536815201316,2.55948890298034));
#8730=CARTESIAN_POINT('',(-0.175883322764743,1.62536815201316,2.57495117311351));
#8731=CARTESIAN_POINT('',(-0.189493934480347,1.62536815201316,2.59032315810995));
#8732=CARTESIAN_POINT('',(-0.196499682942296,1.62536815201316,2.61199619530755));
#8733=CARTESIAN_POINT('',(-0.196499682942296,1.62536815201316,2.66627520608751));
#8734=CARTESIAN_POINT('',(-0.188929613189601,1.62536815201316,2.6876968928345));
#8735=CARTESIAN_POINT('',(-0.174111604311985,1.62536815201316,2.70428662016487));
#8736=CARTESIAN_POINT('',(-0.159222119692916,1.62536815201316,2.72095636924926));
#8737=CARTESIAN_POINT('',(-0.140610019023462,1.62536815201316,2.72925174381738));
#8738=CARTESIAN_POINT('',(-0.0963170577045025,1.62536815201316,2.72925174381738));
#8739=CARTESIAN_POINT('',(-0.0792441344324669,1.62536815201316,2.72200380469245));
#8740=CARTESIAN_POINT('',(-0.0671642358909324,1.62536815201316,2.70783005707039));
#8741=CARTESIAN_POINT('',(-0.0549370545711592,1.62536815201316,2.69348349765519));
#8742=CARTESIAN_POINT('',(-0.048963855421687,1.62536815201316,2.67352314521243));
#8743=CARTESIAN_POINT('',(-0.048963855421687,1.62536815201316,2.64823589093215));
#8744=CARTESIAN_POINT('',(-0.048963855421687,1.62536815201316,2.64351130839146));
#8745=CARTESIAN_POINT('',(-0.048963855421687,1.62536815201316,2.63878672585077));
#8746=CARTESIAN_POINT('',(-0.048963855421687,1.62536815201316,2.63406214331008));
#8747=CARTESIAN_POINT('',(-0.0603994927076729,1.62536815201316,2.56802536461636));
#8748=CARTESIAN_POINT('',(-0.048963855421687,1.62536815201316,2.63406214331008));
#8749=CARTESIAN_POINT('',(-0.0603994927076729,1.65076815201316,2.56802536461636));
#8750=CARTESIAN_POINT('',(-0.0603994927076729,1.65076815201316,2.56802536461636));
#8751=CARTESIAN_POINT('',(-0.0603994927076729,1.65076815201316,2.56802536461636));
#8752=CARTESIAN_POINT('',(-0.0753785668991759,1.65076815201316,2.55723398858592));
#8753=CARTESIAN_POINT('',(-0.0950285351934055,1.65076815201316,2.55191883322765));
#8754=CARTESIAN_POINT('',(-0.143509194673431,1.65076815201316,2.55191883322765));
#8755=CARTESIAN_POINT('',(-0.162192771084338,1.65076815201316,2.55948890298034));
#8756=CARTESIAN_POINT('',(-0.175883322764743,1.65076815201316,2.57495117311351));
#8757=CARTESIAN_POINT('',(-0.189493934480347,1.65076815201316,2.59032315810995));
#8758=CARTESIAN_POINT('',(-0.196499682942296,1.65076815201316,2.61199619530755));
#8759=CARTESIAN_POINT('',(-0.196499682942296,1.65076815201316,2.66627520608751));
#8760=CARTESIAN_POINT('',(-0.188929613189601,1.65076815201316,2.6876968928345));
#8761=CARTESIAN_POINT('',(-0.174111604311985,1.65076815201316,2.70428662016487));
#8762=CARTESIAN_POINT('',(-0.159222119692916,1.65076815201316,2.72095636924926));
#8763=CARTESIAN_POINT('',(-0.140610019023462,1.65076815201316,2.72925174381738));
#8764=CARTESIAN_POINT('',(-0.0963170577045025,1.65076815201316,2.72925174381738));
#8765=CARTESIAN_POINT('',(-0.0792441344324669,1.65076815201316,2.72200380469245));
#8766=CARTESIAN_POINT('',(-0.0671642358909324,1.65076815201316,2.70783005707039));
#8767=CARTESIAN_POINT('',(-0.0549370545711592,1.65076815201316,2.69348349765519));
#8768=CARTESIAN_POINT('',(-0.048963855421687,1.65076815201316,2.67352314521243));
#8769=CARTESIAN_POINT('',(-0.048963855421687,1.65076815201316,2.64823589093215));
#8770=CARTESIAN_POINT('',(-0.048963855421687,1.65076815201316,2.64351130839146));
#8771=CARTESIAN_POINT('',(-0.048963855421687,1.65076815201316,2.63878672585077));
#8772=CARTESIAN_POINT('',(-0.048963855421687,1.65076815201316,2.63406214331008));
#8773=CARTESIAN_POINT('',(-0.048963855421687,1.65076815201316,2.63406214331008));
#8774=CARTESIAN_POINT('',(-0.048963855421687,1.65076815201316,2.63406214331008));
#8775=CARTESIAN_POINT('',(-0.048963855421687,1.65076815201316,2.63406214331008));
#8776=CARTESIAN_POINT('',(-0.048963855421687,1.62536815201316,2.63406214331008));
#8777=CARTESIAN_POINT('',(-0.0889080532656946,1.62536815201316,2.63406214331008));
#8778=CARTESIAN_POINT('',(-0.128852251109702,1.62536815201316,2.63406214331008));
#8779=CARTESIAN_POINT('',(-0.16879644895371,1.62536815201316,2.63406214331008));
#8780=CARTESIAN_POINT('',(-0.16879644895371,1.62536815201316,2.63406214331008));
#8781=CARTESIAN_POINT('',(-0.048963855421687,1.65076815201316,2.63406214331008));
#8782=CARTESIAN_POINT('',(-0.0889080532656946,1.65076815201316,2.63406214331008));
#8783=CARTESIAN_POINT('',(-0.128852251109702,1.65076815201316,2.63406214331008));
#8784=CARTESIAN_POINT('',(-0.16879644895371,1.65076815201316,2.63406214331008));
#8785=CARTESIAN_POINT('',(-0.16879644895371,1.65076815201316,2.63406214331008));
#8786=CARTESIAN_POINT('',(-0.16879644895371,1.65076815201316,2.63406214331008));
#8787=CARTESIAN_POINT('',(-0.16879644895371,1.65076815201316,2.63406214331008));
#8788=CARTESIAN_POINT('',(-0.16879644895371,1.62536815201316,2.63406214331008));
#8789=CARTESIAN_POINT('',(-0.167285813784602,1.65076815201316,2.57414028160217));
#8790=CARTESIAN_POINT('',(-0.167285813784602,1.62536815201316,2.57414028160217));
#8791=CARTESIAN_POINT('',(-0.102357214819002,1.65076815201316,2.56032708374258));
#8792=CARTESIAN_POINT('',(-0.102357214819002,1.62536815201316,2.56032708374258));
#8793=CARTESIAN_POINT('',(-0.0603994927076729,1.65076815201316,2.59347368421053));
#8794=CARTESIAN_POINT('',(-0.0603994927076729,1.62536815201316,2.59347368421053));
#8795=CARTESIAN_POINT('',(-0.16879644895371,1.62536815201316,2.63406214331008));
#8796=CARTESIAN_POINT('',(-0.168313253012048,1.62536815201316,2.61489537095752));
#8797=CARTESIAN_POINT('',(-0.163320228281548,1.62536815201316,2.60023842739379));
#8798=CARTESIAN_POINT('',(-0.153495244134433,1.62536815201316,2.58993024730501));
#8799=CARTESIAN_POINT('',(-0.143746929302013,1.62536815201316,2.57970250715296));
#8800=CARTESIAN_POINT('',(-0.130462904248573,1.62536815201316,2.57430691185796));
#8801=CARTESIAN_POINT('',(-0.113389980976538,1.62536815201316,2.57446797717185));
#8802=CARTESIAN_POINT('',(-0.0942264336569522,1.62536815201316,2.57464876535411));
#8803=CARTESIAN_POINT('',(-0.0765060240963858,1.62536815201316,2.58074952441344));
#8804=CARTESIAN_POINT('',(-0.0603994927076729,1.62536815201316,2.59347368421053));
#8805=CARTESIAN_POINT('',(-0.0603994927076729,1.62536815201316,2.59347368421053));
#8806=CARTESIAN_POINT('',(-0.16879644895371,1.65076815201316,2.63406214331008));
#8807=CARTESIAN_POINT('',(-0.168313253012048,1.65076815201316,2.61489537095752));
#8808=CARTESIAN_POINT('',(-0.163320228281548,1.65076815201316,2.60023842739379));
#8809=CARTESIAN_POINT('',(-0.153495244134433,1.65076815201316,2.58993024730501));
#8810=CARTESIAN_POINT('',(-0.143746929302013,1.65076815201316,2.57970250715296));
#8811=CARTESIAN_POINT('',(-0.130462904248573,1.65076815201316,2.57430691185796));
#8812=CARTESIAN_POINT('',(-0.113389980976538,1.65076815201316,2.57446797717185));
#8813=CARTESIAN_POINT('',(-0.0942264336569522,1.65076815201316,2.57464876535411));
#8814=CARTESIAN_POINT('',(-0.0765060240963858,1.65076815201316,2.58074952441344));
#8815=CARTESIAN_POINT('',(-0.0603994927076729,1.65076815201316,2.59347368421053));
#8816=CARTESIAN_POINT('',(-0.0603994927076729,1.65076815201316,2.59347368421053));
#8817=CARTESIAN_POINT('',(-0.0603994927076729,1.65076815201316,2.59347368421053));
#8818=CARTESIAN_POINT('',(-0.0765060240963858,1.65076815201316,2.65661128725428));
#8819=CARTESIAN_POINT('',(-0.0765060240963858,1.62536815201316,2.65661128725428));
#8820=CARTESIAN_POINT('',(-0.0771252798952761,1.65076815201316,2.71729835554553));
#8821=CARTESIAN_POINT('',(-0.0771252798952761,1.62536815201316,2.71729835554553));
#8822=CARTESIAN_POINT('',(-0.160649285425095,1.65076815201316,2.71198844316792));
#8823=CARTESIAN_POINT('',(-0.160649285425095,1.62536815201316,2.71198844316792));
#8824=CARTESIAN_POINT('',(-0.168474318325936,1.65076815201316,2.65661128725428));
#8825=CARTESIAN_POINT('',(-0.168474318325936,1.62536815201316,2.65661128725428));
#8826=CARTESIAN_POINT('',(-0.0765060240963858,1.62536815201316,2.65661128725428));
#8827=CARTESIAN_POINT('',(-0.0766670894102729,1.62536815201316,2.67239568801522));
#8828=CARTESIAN_POINT('',(-0.0803715916296768,1.62536815201316,2.68463665187064));
#8829=CARTESIAN_POINT('',(-0.0879416613823718,1.62536815201316,2.69349524413443));
#8830=CARTESIAN_POINT('',(-0.0953642058934209,1.62536815201316,2.70218120047715));
#8831=CARTESIAN_POINT('',(-0.105819911223843,1.62536815201316,2.70670259987318));
#8832=CARTESIAN_POINT('',(-0.131912492073558,1.62536815201316,2.70670259987318));
#8833=CARTESIAN_POINT('',(-0.142864933417882,1.62536815201316,2.70203170577045));
#8834=CARTESIAN_POINT('',(-0.151884590995561,1.62536815201316,2.69285098287888));
#8835=CARTESIAN_POINT('',(-0.160984768617395,1.62536815201316,2.68358830208523));
#8836=CARTESIAN_POINT('',(-0.166380469245403,1.62536815201316,2.6714292961319));
#8837=CARTESIAN_POINT('',(-0.168474318325936,1.62536815201316,2.65661128725428));
#8838=CARTESIAN_POINT('',(-0.0765060240963858,1.62536815201316,2.65661128725428));
#8839=CARTESIAN_POINT('',(-0.168474318325936,1.62536815201316,2.65661128725428));
#8840=CARTESIAN_POINT('',(-0.0765060240963858,1.65076815201316,2.65661128725428));
#8841=CARTESIAN_POINT('',(-0.0765060240963858,1.65076815201316,2.65661128725428));
#8842=CARTESIAN_POINT('',(-0.0765060240963858,1.65076815201316,2.65661128725428));
#8843=CARTESIAN_POINT('',(-0.0766670894102729,1.65076815201316,2.67239568801522));
#8844=CARTESIAN_POINT('',(-0.0803715916296768,1.65076815201316,2.68463665187064));
#8845=CARTESIAN_POINT('',(-0.0879416613823718,1.65076815201316,2.69349524413443));
#8846=CARTESIAN_POINT('',(-0.0953642058934209,1.65076815201316,2.70218120047715));
#8847=CARTESIAN_POINT('',(-0.105819911223843,1.65076815201316,2.70670259987318));
#8848=CARTESIAN_POINT('',(-0.131912492073558,1.65076815201316,2.70670259987318));
#8849=CARTESIAN_POINT('',(-0.142864933417882,1.65076815201316,2.70203170577045));
#8850=CARTESIAN_POINT('',(-0.151884590995561,1.65076815201316,2.69285098287888));
#8851=CARTESIAN_POINT('',(-0.160984768617395,1.65076815201316,2.68358830208523));
#8852=CARTESIAN_POINT('',(-0.166380469245403,1.65076815201316,2.6714292961319));
#8853=CARTESIAN_POINT('',(-0.168474318325936,1.65076815201316,2.65661128725428));
#8854=CARTESIAN_POINT('',(-0.168474318325936,1.65076815201316,2.65661128725428));
#8855=CARTESIAN_POINT('',(-0.168474318325936,1.65076815201316,2.65661128725428));
#8856=CARTESIAN_POINT('',(-0.168474318325936,1.65076815201316,2.65661128725428));
#8857=CARTESIAN_POINT('',(-0.168474318325936,1.62536815201316,2.65661128725428));
#8858=CARTESIAN_POINT('',(-0.137818220249419,1.62536815201316,2.65661128725428));
#8859=CARTESIAN_POINT('',(-0.107162122172902,1.62536815201316,2.65661128725428));
#8860=CARTESIAN_POINT('',(-0.0765060240963858,1.62536815201316,2.65661128725428));
#8861=CARTESIAN_POINT('',(-0.168474318325936,1.65076815201316,2.65661128725428));
#8862=CARTESIAN_POINT('',(-0.137818220249419,1.65076815201316,2.65661128725428));
#8863=CARTESIAN_POINT('',(-0.107162122172902,1.65076815201316,2.65661128725428));
#8864=CARTESIAN_POINT('',(-0.0765060240963858,1.65076815201316,2.65661128725428));
#8865=CARTESIAN_POINT('',(-0.0603994927076729,1.65076815201316,2.59347368421053));
#8866=CARTESIAN_POINT('',(-0.0603994927076729,1.62536815201316,2.59347368421053));
#8867=CARTESIAN_POINT('',(-0.0603994927076729,1.62536815201316,2.58499091101247));
#8868=CARTESIAN_POINT('',(-0.0603994927076729,1.62536815201316,2.57650813781442));
#8869=CARTESIAN_POINT('',(-0.0603994927076729,1.62536815201316,2.56802536461636));
#8870=CARTESIAN_POINT('',(-0.0603994927076729,1.65076815201316,2.59347368421053));
#8871=CARTESIAN_POINT('',(-0.0603994927076729,1.65076815201316,2.58499091101247));
#8872=CARTESIAN_POINT('',(-0.0603994927076729,1.65076815201316,2.57650813781442));
#8873=CARTESIAN_POINT('',(-0.0603994927076729,1.65076815201316,2.56802536461636));
#8874=CARTESIAN_POINT('',(-0.19060998778437,1.65076815201316,2.67647154555488));
#8875=CARTESIAN_POINT('',(-0.19060998778437,1.62536815201316,2.67647154555488));
#8876=CARTESIAN_POINT('',(0.0755396322130626,1.65076815201316,2.80704629042486));
#8877=CARTESIAN_POINT('',(0.0755396322130626,1.62536815201316,2.80704629042486));
#8878=CARTESIAN_POINT('',(0.0755396322130626,1.62536815201316,2.7989930247305));
#8879=CARTESIAN_POINT('',(0.0755396322130626,1.62536815201316,2.79093975903615));
#8880=CARTESIAN_POINT('',(0.0755396322130626,1.62536815201316,2.78288649334179));
#8881=CARTESIAN_POINT('',(0.0755396322130626,1.62536815201316,2.80704629042486));
#8882=CARTESIAN_POINT('',(0.0755396322130626,1.62536815201316,2.78288649334179));
#8883=CARTESIAN_POINT('',(0.0755396322130626,1.65076815201316,2.80704629042486));
#8884=CARTESIAN_POINT('',(0.0755396322130626,1.65076815201316,2.80704629042486));
#8885=CARTESIAN_POINT('',(0.0755396322130626,1.65076815201316,2.80704629042486));
#8886=CARTESIAN_POINT('',(0.0755396322130626,1.65076815201316,2.7989930247305));
#8887=CARTESIAN_POINT('',(0.0755396322130626,1.65076815201316,2.79093975903615));
#8888=CARTESIAN_POINT('',(0.0755396322130626,1.65076815201316,2.78288649334179));
#8889=CARTESIAN_POINT('',(0.0755396322130626,1.65076815201316,2.78288649334179));
#8890=CARTESIAN_POINT('',(0.0755396322130626,1.65076815201316,2.78288649334179));
#8891=CARTESIAN_POINT('',(0.0755396322130626,1.65076815201316,2.78288649334179));
#8892=CARTESIAN_POINT('',(0.0755396322130626,1.62536815201316,2.78288649334179));
#8893=CARTESIAN_POINT('',(0.0481425938674903,1.65076815201316,2.79783033243937));
#8894=CARTESIAN_POINT('',(0.0481425938674903,1.62536815201316,2.79783033243937));
#8895=CARTESIAN_POINT('',(0.029313887127457,1.65076815201316,2.75761630901435));
#8896=CARTESIAN_POINT('',(0.029313887127457,1.62536815201316,2.75761630901435));
#8897=CARTESIAN_POINT('',(0.029313887127457,1.65076815201316,2.7252251109702));
#8898=CARTESIAN_POINT('',(0.029313887127457,1.62536815201316,2.7252251109702));
#8899=CARTESIAN_POINT('',(0.0755396322130626,1.62536815201316,2.78288649334179));
#8900=CARTESIAN_POINT('',(0.0702244768547872,1.62536815201316,2.78578566899176));
#8901=CARTESIAN_POINT('',(0.0642650602409637,1.62536815201316,2.78739632213063));
#8902=CARTESIAN_POINT('',(0.0388167406467975,1.62536815201316,2.78739632213063));
#8903=CARTESIAN_POINT('',(0.029313887127457,1.62536815201316,2.77531642358909));
#8904=CARTESIAN_POINT('',(0.029313887127457,1.62536815201316,2.7514787571338));
#8905=CARTESIAN_POINT('',(0.029313887127457,1.62536815201316,2.74272754174593));
#8906=CARTESIAN_POINT('',(0.029313887127457,1.62536815201316,2.73397632635806));
#8907=CARTESIAN_POINT('',(0.029313887127457,1.62536815201316,2.7252251109702));
#8908=CARTESIAN_POINT('',(0.029313887127457,1.62536815201316,2.7252251109702));
#8909=CARTESIAN_POINT('',(0.0755396322130626,1.65076815201316,2.78288649334179));
#8910=CARTESIAN_POINT('',(0.0702244768547872,1.65076815201316,2.78578566899176));
#8911=CARTESIAN_POINT('',(0.0642650602409637,1.65076815201316,2.78739632213063));
#8912=CARTESIAN_POINT('',(0.0388167406467975,1.65076815201316,2.78739632213063));
#8913=CARTESIAN_POINT('',(0.029313887127457,1.65076815201316,2.77531642358909));
#8914=CARTESIAN_POINT('',(0.029313887127457,1.65076815201316,2.7514787571338));
#8915=CARTESIAN_POINT('',(0.029313887127457,1.65076815201316,2.74272754174593));
#8916=CARTESIAN_POINT('',(0.029313887127457,1.65076815201316,2.73397632635806));
#8917=CARTESIAN_POINT('',(0.029313887127457,1.65076815201316,2.7252251109702));
#8918=CARTESIAN_POINT('',(0.029313887127457,1.65076815201316,2.7252251109702));
#8919=CARTESIAN_POINT('',(0.029313887127457,1.65076815201316,2.7252251109702));
#8920=CARTESIAN_POINT('',(0.029313887127457,1.65076815201316,2.7252251109702));
#8921=CARTESIAN_POINT('',(0.029313887127457,1.62536815201316,2.7252251109702));
#8922=CARTESIAN_POINT('',(0.0423601775523143,1.62536815201316,2.7252251109702));
#8923=CARTESIAN_POINT('',(0.0554064679771717,1.62536815201316,2.7252251109702));
#8924=CARTESIAN_POINT('',(0.068452758402029,1.62536815201316,2.7252251109702));
#8925=CARTESIAN_POINT('',(0.068452758402029,1.62536815201316,2.7252251109702));
#8926=CARTESIAN_POINT('',(0.029313887127457,1.65076815201316,2.7252251109702));
#8927=CARTESIAN_POINT('',(0.0423601775523143,1.65076815201316,2.7252251109702));
#8928=CARTESIAN_POINT('',(0.0554064679771717,1.65076815201316,2.7252251109702));
#8929=CARTESIAN_POINT('',(0.068452758402029,1.65076815201316,2.7252251109702));
#8930=CARTESIAN_POINT('',(0.068452758402029,1.65076815201316,2.7252251109702));
#8931=CARTESIAN_POINT('',(0.068452758402029,1.65076815201316,2.7252251109702));
#8932=CARTESIAN_POINT('',(0.068452758402029,1.65076815201316,2.7252251109702));
#8933=CARTESIAN_POINT('',(0.068452758402029,1.62536815201316,2.7252251109702));
#8934=CARTESIAN_POINT('',(0.068452758402029,1.62536815201316,2.71770872965546));
#8935=CARTESIAN_POINT('',(0.068452758402029,1.62536815201316,2.71019234834073));
#8936=CARTESIAN_POINT('',(0.068452758402029,1.62536815201316,2.702675967026));
#8937=CARTESIAN_POINT('',(0.068452758402029,1.62536815201316,2.702675967026));
#8938=CARTESIAN_POINT('',(0.068452758402029,1.65076815201316,2.7252251109702));
#8939=CARTESIAN_POINT('',(0.068452758402029,1.65076815201316,2.71770872965546));
#8940=CARTESIAN_POINT('',(0.068452758402029,1.65076815201316,2.71019234834073));
#8941=CARTESIAN_POINT('',(0.068452758402029,1.65076815201316,2.702675967026));
#8942=CARTESIAN_POINT('',(0.068452758402029,1.65076815201316,2.702675967026));
#8943=CARTESIAN_POINT('',(0.068452758402029,1.65076815201316,2.702675967026));
#8944=CARTESIAN_POINT('',(0.068452758402029,1.65076815201316,2.702675967026));
#8945=CARTESIAN_POINT('',(0.068452758402029,1.62536815201316,2.702675967026));
#8946=CARTESIAN_POINT('',(0.0554064679771717,1.62536815201316,2.702675967026));
#8947=CARTESIAN_POINT('',(0.0423601775523143,1.62536815201316,2.702675967026));
#8948=CARTESIAN_POINT('',(0.029313887127457,1.62536815201316,2.702675967026));
#8949=CARTESIAN_POINT('',(0.029313887127457,1.62536815201316,2.702675967026));
#8950=CARTESIAN_POINT('',(0.068452758402029,1.65076815201316,2.702675967026));
#8951=CARTESIAN_POINT('',(0.0554064679771717,1.65076815201316,2.702675967026));
#8952=CARTESIAN_POINT('',(0.0423601775523143,1.65076815201316,2.702675967026));
#8953=CARTESIAN_POINT('',(0.029313887127457,1.65076815201316,2.702675967026));
#8954=CARTESIAN_POINT('',(0.029313887127457,1.65076815201316,2.702675967026));
#8955=CARTESIAN_POINT('',(0.029313887127457,1.65076815201316,2.702675967026));
#8956=CARTESIAN_POINT('',(0.029313887127457,1.65076815201316,2.702675967026));
#8957=CARTESIAN_POINT('',(0.029313887127457,1.62536815201316,2.702675967026));
#8958=CARTESIAN_POINT('',(0.029313887127457,1.62536815201316,2.65376580004228));
#8959=CARTESIAN_POINT('',(0.029313887127457,1.62536815201316,2.60485563305855));
#8960=CARTESIAN_POINT('',(0.029313887127457,1.62536815201316,2.55594546607483));
#8961=CARTESIAN_POINT('',(0.029313887127457,1.62536815201316,2.55594546607483));
#8962=CARTESIAN_POINT('',(0.029313887127457,1.65076815201316,2.702675967026));
#8963=CARTESIAN_POINT('',(0.029313887127457,1.65076815201316,2.65376580004228));
#8964=CARTESIAN_POINT('',(0.029313887127457,1.65076815201316,2.60485563305855));
#8965=CARTESIAN_POINT('',(0.029313887127457,1.65076815201316,2.55594546607483));
#8966=CARTESIAN_POINT('',(0.029313887127457,1.65076815201316,2.55594546607483));
#8967=CARTESIAN_POINT('',(0.029313887127457,1.65076815201316,2.55594546607483));
#8968=CARTESIAN_POINT('',(0.029313887127457,1.65076815201316,2.55594546607483));
#8969=CARTESIAN_POINT('',(0.029313887127457,1.62536815201316,2.55594546607483));
#8970=CARTESIAN_POINT('',(0.0202942295497779,1.62536815201316,2.55594546607483));
#8971=CARTESIAN_POINT('',(0.0112745719720988,1.62536815201316,2.55594546607483));
#8972=CARTESIAN_POINT('',(0.0022549143944197,1.62536815201316,2.55594546607483));
#8973=CARTESIAN_POINT('',(0.0022549143944197,1.62536815201316,2.55594546607483));
#8974=CARTESIAN_POINT('',(0.029313887127457,1.65076815201316,2.55594546607483));
#8975=CARTESIAN_POINT('',(0.0202942295497779,1.65076815201316,2.55594546607483));
#8976=CARTESIAN_POINT('',(0.0112745719720988,1.65076815201316,2.55594546607483));
#8977=CARTESIAN_POINT('',(0.0022549143944197,1.65076815201316,2.55594546607483));
#8978=CARTESIAN_POINT('',(0.0022549143944197,1.65076815201316,2.55594546607483));
#8979=CARTESIAN_POINT('',(0.0022549143944197,1.65076815201316,2.55594546607483));
#8980=CARTESIAN_POINT('',(0.0022549143944197,1.65076815201316,2.55594546607483));
#8981=CARTESIAN_POINT('',(0.0022549143944197,1.62536815201316,2.55594546607483));
#8982=CARTESIAN_POINT('',(0.0022549143944197,1.62536815201316,2.60485563305855));
#8983=CARTESIAN_POINT('',(0.0022549143944197,1.62536815201316,2.65376580004228));
#8984=CARTESIAN_POINT('',(0.0022549143944197,1.62536815201316,2.702675967026));
#8985=CARTESIAN_POINT('',(0.0022549143944197,1.62536815201316,2.702675967026));
#8986=CARTESIAN_POINT('',(0.0022549143944197,1.65076815201316,2.55594546607483));
#8987=CARTESIAN_POINT('',(0.0022549143944197,1.65076815201316,2.60485563305855));
#8988=CARTESIAN_POINT('',(0.0022549143944197,1.65076815201316,2.65376580004228));
#8989=CARTESIAN_POINT('',(0.0022549143944197,1.65076815201316,2.702675967026));
#8990=CARTESIAN_POINT('',(0.0022549143944197,1.65076815201316,2.702675967026));
#8991=CARTESIAN_POINT('',(0.0022549143944197,1.65076815201316,2.702675967026));
#8992=CARTESIAN_POINT('',(0.0022549143944197,1.65076815201316,2.702675967026));
#8993=CARTESIAN_POINT('',(0.0022549143944197,1.62536815201316,2.702675967026));
#8994=CARTESIAN_POINT('',(-0.00746269287677035,1.62536815201316,2.702675967026));
#8995=CARTESIAN_POINT('',(-0.0171803001479603,1.62536815201316,2.702675967026));
#8996=CARTESIAN_POINT('',(-0.0268979074191504,1.62536815201316,2.702675967026));
#8997=CARTESIAN_POINT('',(-0.0268979074191504,1.62536815201316,2.702675967026));
#8998=CARTESIAN_POINT('',(0.0022549143944197,1.65076815201316,2.702675967026));
#8999=CARTESIAN_POINT('',(-0.00746269287677035,1.65076815201316,2.702675967026));
#9000=CARTESIAN_POINT('',(-0.0171803001479603,1.65076815201316,2.702675967026));
#9001=CARTESIAN_POINT('',(-0.0268979074191504,1.65076815201316,2.702675967026));
#9002=CARTESIAN_POINT('',(-0.0268979074191504,1.65076815201316,2.702675967026));
#9003=CARTESIAN_POINT('',(-0.0268979074191504,1.65076815201316,2.702675967026));
#9004=CARTESIAN_POINT('',(-0.0268979074191504,1.65076815201316,2.702675967026));
#9005=CARTESIAN_POINT('',(-0.0268979074191504,1.62536815201316,2.702675967026));
#9006=CARTESIAN_POINT('',(-0.0268979074191504,1.62536815201316,2.71019234834073));
#9007=CARTESIAN_POINT('',(-0.0268979074191504,1.62536815201316,2.71770872965546));
#9008=CARTESIAN_POINT('',(-0.0268979074191504,1.62536815201316,2.7252251109702));
#9009=CARTESIAN_POINT('',(-0.0268979074191504,1.62536815201316,2.7252251109702));
#9010=CARTESIAN_POINT('',(-0.0268979074191504,1.65076815201316,2.702675967026));
#9011=CARTESIAN_POINT('',(-0.0268979074191504,1.65076815201316,2.71019234834073));
#9012=CARTESIAN_POINT('',(-0.0268979074191504,1.65076815201316,2.71770872965546));
#9013=CARTESIAN_POINT('',(-0.0268979074191504,1.65076815201316,2.7252251109702));
#9014=CARTESIAN_POINT('',(-0.0268979074191504,1.65076815201316,2.7252251109702));
#9015=CARTESIAN_POINT('',(-0.0268979074191504,1.65076815201316,2.7252251109702));
#9016=CARTESIAN_POINT('',(-0.0268979074191504,1.65076815201316,2.7252251109702));
#9017=CARTESIAN_POINT('',(-0.0268979074191504,1.62536815201316,2.7252251109702));
#9018=CARTESIAN_POINT('',(-0.0171803001479603,1.62536815201316,2.7252251109702));
#9019=CARTESIAN_POINT('',(-0.00746269287677035,1.62536815201316,2.7252251109702));
#9020=CARTESIAN_POINT('',(0.0022549143944197,1.62536815201316,2.7252251109702));
#9021=CARTESIAN_POINT('',(0.0022549143944197,1.62536815201316,2.7252251109702));
#9022=CARTESIAN_POINT('',(-0.0268979074191504,1.65076815201316,2.7252251109702));
#9023=CARTESIAN_POINT('',(-0.0171803001479603,1.65076815201316,2.7252251109702));
#9024=CARTESIAN_POINT('',(-0.00746269287677035,1.65076815201316,2.7252251109702));
#9025=CARTESIAN_POINT('',(0.0022549143944197,1.65076815201316,2.7252251109702));
#9026=CARTESIAN_POINT('',(0.0022549143944197,1.65076815201316,2.7252251109702));
#9027=CARTESIAN_POINT('',(0.0022549143944197,1.65076815201316,2.7252251109702));
#9028=CARTESIAN_POINT('',(0.0022549143944197,1.65076815201316,2.7252251109702));
#9029=CARTESIAN_POINT('',(0.0022549143944197,1.62536815201316,2.7252251109702));
#9030=CARTESIAN_POINT('',(0.0022549143944197,1.65076815201316,2.74783464765796));
#9031=CARTESIAN_POINT('',(0.0022549143944197,1.62536815201316,2.74783464765796));
#9032=CARTESIAN_POINT('',(-0.00297144734173781,1.65076815201316,2.80101770792217));
#9033=CARTESIAN_POINT('',(-0.00297144734173781,1.62536815201316,2.80101770792217));
#9034=CARTESIAN_POINT('',(0.0605245488465948,1.65076815201316,2.81305232377144));
#9035=CARTESIAN_POINT('',(0.0605245488465948,1.62536815201316,2.81305232377144));
#9036=CARTESIAN_POINT('',(0.0755396322130626,1.65076815201316,2.80704629042486));
#9037=CARTESIAN_POINT('',(0.0755396322130626,1.62536815201316,2.80704629042486));
#9038=CARTESIAN_POINT('',(0.0022549143944197,1.62536815201316,2.7252251109702));
#9039=CARTESIAN_POINT('',(0.0022549143944197,1.62536815201316,2.7343521454238));
#9040=CARTESIAN_POINT('',(0.0022549143944197,1.62536815201316,2.74347917987741));
#9041=CARTESIAN_POINT('',(0.0022549143944197,1.62536815201316,2.75260621433101));
#9042=CARTESIAN_POINT('',(0.0022549143944197,1.62536815201316,2.77032339885859));
#9043=CARTESIAN_POINT('',(0.00740900443880772,1.62536815201316,2.78417501585289));
#9044=CARTESIAN_POINT('',(0.0175561192136968,1.62536815201316,2.79448319594166));
#9045=CARTESIAN_POINT('',(0.027782498493337,1.62536815201316,2.80487189870193));
#9046=CARTESIAN_POINT('',(0.0405884590995559,1.62536815201316,2.80994546607483));
#9047=CARTESIAN_POINT('',(0.0641039949270765,1.62536815201316,2.80994546607483));
#9048=CARTESIAN_POINT('',(0.0707076727964487,1.62536815201316,2.8089790741915));
#9049=CARTESIAN_POINT('',(0.0755396322130626,1.62536815201316,2.80704629042486));
#9050=CARTESIAN_POINT('',(0.0022549143944197,1.65076815201316,2.7252251109702));
#9051=CARTESIAN_POINT('',(0.0022549143944197,1.65076815201316,2.7343521454238));
#9052=CARTESIAN_POINT('',(0.0022549143944197,1.65076815201316,2.74347917987741));
#9053=CARTESIAN_POINT('',(0.0022549143944197,1.65076815201316,2.75260621433101));
#9054=CARTESIAN_POINT('',(0.0022549143944197,1.65076815201316,2.77032339885859));
#9055=CARTESIAN_POINT('',(0.00740900443880772,1.65076815201316,2.78417501585289));
#9056=CARTESIAN_POINT('',(0.0175561192136968,1.65076815201316,2.79448319594166));
#9057=CARTESIAN_POINT('',(0.027782498493337,1.65076815201316,2.80487189870193));
#9058=CARTESIAN_POINT('',(0.0405884590995559,1.65076815201316,2.80994546607483));
#9059=CARTESIAN_POINT('',(0.0641039949270765,1.65076815201316,2.80994546607483));
#9060=CARTESIAN_POINT('',(0.0707076727964487,1.65076815201316,2.8089790741915));
#9061=CARTESIAN_POINT('',(0.0755396322130626,1.65076815201316,2.80704629042486));
#9062=CARTESIAN_POINT('',(0.0345333606555573,1.65076815201316,2.77563755871459));
#9063=CARTESIAN_POINT('',(0.0345333606555573,1.62536815201316,2.77563755871459));
#9064=CARTESIAN_POINT('',(0.181359543436905,1.65076815201316,2.80704629042486));
#9065=CARTESIAN_POINT('',(0.181359543436905,1.62536815201316,2.80704629042486));
#9066=CARTESIAN_POINT('',(0.181359543436905,1.62536815201316,2.7989930247305));
#9067=CARTESIAN_POINT('',(0.181359543436905,1.62536815201316,2.79093975903615));
#9068=CARTESIAN_POINT('',(0.181359543436905,1.62536815201316,2.78288649334179));
#9069=CARTESIAN_POINT('',(0.181359543436905,1.62536815201316,2.80704629042486));
#9070=CARTESIAN_POINT('',(0.181359543436905,1.62536815201316,2.78288649334179));
#9071=CARTESIAN_POINT('',(0.181359543436905,1.65076815201316,2.80704629042486));
#9072=CARTESIAN_POINT('',(0.181359543436905,1.65076815201316,2.80704629042486));
#9073=CARTESIAN_POINT('',(0.181359543436905,1.65076815201316,2.80704629042486));
#9074=CARTESIAN_POINT('',(0.181359543436905,1.65076815201316,2.7989930247305));
#9075=CARTESIAN_POINT('',(0.181359543436905,1.65076815201316,2.79093975903615));
#9076=CARTESIAN_POINT('',(0.181359543436905,1.65076815201316,2.78288649334179));
#9077=CARTESIAN_POINT('',(0.181359543436905,1.65076815201316,2.78288649334179));
#9078=CARTESIAN_POINT('',(0.181359543436905,1.65076815201316,2.78288649334179));
#9079=CARTESIAN_POINT('',(0.181359543436905,1.65076815201316,2.78288649334179));
#9080=CARTESIAN_POINT('',(0.181359543436905,1.62536815201316,2.78288649334179));
#9081=CARTESIAN_POINT('',(0.153292080865179,1.65076815201316,2.79819601838091));
#9082=CARTESIAN_POINT('',(0.153292080865179,1.62536815201316,2.79819601838091));
#9083=CARTESIAN_POINT('',(0.1351337983513,1.65076815201316,2.75760944025159));
#9084=CARTESIAN_POINT('',(0.1351337983513,1.62536815201316,2.75760944025159));
#9085=CARTESIAN_POINT('',(0.1351337983513,1.65076815201316,2.7252251109702));
#9086=CARTESIAN_POINT('',(0.1351337983513,1.62536815201316,2.7252251109702));
#9087=CARTESIAN_POINT('',(0.181359543436905,1.62536815201316,2.78288649334179));
#9088=CARTESIAN_POINT('',(0.17604438807863,1.62536815201316,2.78578566899176));
#9089=CARTESIAN_POINT('',(0.170084971464806,1.62536815201316,2.78739632213063));
#9090=CARTESIAN_POINT('',(0.14463665187064,1.62536815201316,2.78739632213063));
#9091=CARTESIAN_POINT('',(0.1351337983513,1.62536815201316,2.77531642358909));
#9092=CARTESIAN_POINT('',(0.1351337983513,1.62536815201316,2.7514787571338));
#9093=CARTESIAN_POINT('',(0.1351337983513,1.62536815201316,2.74272754174593));
#9094=CARTESIAN_POINT('',(0.1351337983513,1.62536815201316,2.73397632635806));
#9095=CARTESIAN_POINT('',(0.1351337983513,1.62536815201316,2.7252251109702));
#9096=CARTESIAN_POINT('',(0.1351337983513,1.62536815201316,2.7252251109702));
#9097=CARTESIAN_POINT('',(0.181359543436905,1.65076815201316,2.78288649334179));
#9098=CARTESIAN_POINT('',(0.17604438807863,1.65076815201316,2.78578566899176));
#9099=CARTESIAN_POINT('',(0.170084971464806,1.65076815201316,2.78739632213063));
#9100=CARTESIAN_POINT('',(0.14463665187064,1.65076815201316,2.78739632213063));
#9101=CARTESIAN_POINT('',(0.1351337983513,1.65076815201316,2.77531642358909));
#9102=CARTESIAN_POINT('',(0.1351337983513,1.65076815201316,2.7514787571338));
#9103=CARTESIAN_POINT('',(0.1351337983513,1.65076815201316,2.74272754174593));
#9104=CARTESIAN_POINT('',(0.1351337983513,1.65076815201316,2.73397632635806));
#9105=CARTESIAN_POINT('',(0.1351337983513,1.65076815201316,2.7252251109702));
#9106=CARTESIAN_POINT('',(0.1351337983513,1.65076815201316,2.7252251109702));
#9107=CARTESIAN_POINT('',(0.1351337983513,1.65076815201316,2.7252251109702));
#9108=CARTESIAN_POINT('',(0.1351337983513,1.65076815201316,2.7252251109702));
#9109=CARTESIAN_POINT('',(0.1351337983513,1.62536815201316,2.7252251109702));
#9110=CARTESIAN_POINT('',(0.148180088776157,1.62536815201316,2.7252251109702));
#9111=CARTESIAN_POINT('',(0.161226379201014,1.62536815201316,2.7252251109702));
#9112=CARTESIAN_POINT('',(0.174272669625872,1.62536815201316,2.7252251109702));
#9113=CARTESIAN_POINT('',(0.174272669625872,1.62536815201316,2.7252251109702));
#9114=CARTESIAN_POINT('',(0.1351337983513,1.65076815201316,2.7252251109702));
#9115=CARTESIAN_POINT('',(0.148180088776157,1.65076815201316,2.7252251109702));
#9116=CARTESIAN_POINT('',(0.161226379201014,1.65076815201316,2.7252251109702));
#9117=CARTESIAN_POINT('',(0.174272669625872,1.65076815201316,2.7252251109702));
#9118=CARTESIAN_POINT('',(0.174272669625872,1.65076815201316,2.7252251109702));
#9119=CARTESIAN_POINT('',(0.174272669625872,1.65076815201316,2.7252251109702));
#9120=CARTESIAN_POINT('',(0.174272669625872,1.65076815201316,2.7252251109702));
#9121=CARTESIAN_POINT('',(0.174272669625872,1.62536815201316,2.7252251109702));
#9122=CARTESIAN_POINT('',(0.174272669625872,1.62536815201316,2.71770872965546));
#9123=CARTESIAN_POINT('',(0.174272669625872,1.62536815201316,2.71019234834073));
#9124=CARTESIAN_POINT('',(0.174272669625872,1.62536815201316,2.702675967026));
#9125=CARTESIAN_POINT('',(0.174272669625872,1.62536815201316,2.702675967026));
#9126=CARTESIAN_POINT('',(0.174272669625872,1.65076815201316,2.7252251109702));
#9127=CARTESIAN_POINT('',(0.174272669625872,1.65076815201316,2.71770872965546));
#9128=CARTESIAN_POINT('',(0.174272669625872,1.65076815201316,2.71019234834073));
#9129=CARTESIAN_POINT('',(0.174272669625872,1.65076815201316,2.702675967026));
#9130=CARTESIAN_POINT('',(0.174272669625872,1.65076815201316,2.702675967026));
#9131=CARTESIAN_POINT('',(0.174272669625872,1.65076815201316,2.702675967026));
#9132=CARTESIAN_POINT('',(0.174272669625872,1.65076815201316,2.702675967026));
#9133=CARTESIAN_POINT('',(0.174272669625872,1.62536815201316,2.702675967026));
#9134=CARTESIAN_POINT('',(0.161226379201014,1.62536815201316,2.702675967026));
#9135=CARTESIAN_POINT('',(0.148180088776157,1.62536815201316,2.702675967026));
#9136=CARTESIAN_POINT('',(0.1351337983513,1.62536815201316,2.702675967026));
#9137=CARTESIAN_POINT('',(0.1351337983513,1.62536815201316,2.702675967026));
#9138=CARTESIAN_POINT('',(0.174272669625872,1.65076815201316,2.702675967026));
#9139=CARTESIAN_POINT('',(0.161226379201014,1.65076815201316,2.702675967026));
#9140=CARTESIAN_POINT('',(0.148180088776157,1.65076815201316,2.702675967026));
#9141=CARTESIAN_POINT('',(0.1351337983513,1.65076815201316,2.702675967026));
#9142=CARTESIAN_POINT('',(0.1351337983513,1.65076815201316,2.702675967026));
#9143=CARTESIAN_POINT('',(0.1351337983513,1.65076815201316,2.702675967026));
#9144=CARTESIAN_POINT('',(0.1351337983513,1.65076815201316,2.702675967026));
#9145=CARTESIAN_POINT('',(0.1351337983513,1.62536815201316,2.702675967026));
#9146=CARTESIAN_POINT('',(0.1351337983513,1.62536815201316,2.65376580004228));
#9147=CARTESIAN_POINT('',(0.1351337983513,1.62536815201316,2.60485563305855));
#9148=CARTESIAN_POINT('',(0.1351337983513,1.62536815201316,2.55594546607483));
#9149=CARTESIAN_POINT('',(0.1351337983513,1.62536815201316,2.55594546607483));
#9150=CARTESIAN_POINT('',(0.1351337983513,1.65076815201316,2.702675967026));
#9151=CARTESIAN_POINT('',(0.1351337983513,1.65076815201316,2.65376580004228));
#9152=CARTESIAN_POINT('',(0.1351337983513,1.65076815201316,2.60485563305855));
#9153=CARTESIAN_POINT('',(0.1351337983513,1.65076815201316,2.55594546607483));
#9154=CARTESIAN_POINT('',(0.1351337983513,1.65076815201316,2.55594546607483));
#9155=CARTESIAN_POINT('',(0.1351337983513,1.65076815201316,2.55594546607483));
#9156=CARTESIAN_POINT('',(0.1351337983513,1.65076815201316,2.55594546607483));
#9157=CARTESIAN_POINT('',(0.1351337983513,1.62536815201316,2.55594546607483));
#9158=CARTESIAN_POINT('',(0.126114140773621,1.62536815201316,2.55594546607483));
#9159=CARTESIAN_POINT('',(0.117094483195941,1.62536815201316,2.55594546607483));
#9160=CARTESIAN_POINT('',(0.108074825618262,1.62536815201316,2.55594546607483));
#9161=CARTESIAN_POINT('',(0.108074825618262,1.62536815201316,2.55594546607483));
#9162=CARTESIAN_POINT('',(0.1351337983513,1.65076815201316,2.55594546607483));
#9163=CARTESIAN_POINT('',(0.126114140773621,1.65076815201316,2.55594546607483));
#9164=CARTESIAN_POINT('',(0.117094483195941,1.65076815201316,2.55594546607483));
#9165=CARTESIAN_POINT('',(0.108074825618262,1.65076815201316,2.55594546607483));
#9166=CARTESIAN_POINT('',(0.108074825618262,1.65076815201316,2.55594546607483));
#9167=CARTESIAN_POINT('',(0.108074825618262,1.65076815201316,2.55594546607483));
#9168=CARTESIAN_POINT('',(0.108074825618262,1.65076815201316,2.55594546607483));
#9169=CARTESIAN_POINT('',(0.108074825618262,1.62536815201316,2.55594546607483));
#9170=CARTESIAN_POINT('',(0.108074825618262,1.62536815201316,2.60485563305855));
#9171=CARTESIAN_POINT('',(0.108074825618262,1.62536815201316,2.65376580004228));
#9172=CARTESIAN_POINT('',(0.108074825618262,1.62536815201316,2.702675967026));
#9173=CARTESIAN_POINT('',(0.108074825618262,1.62536815201316,2.702675967026));
#9174=CARTESIAN_POINT('',(0.108074825618262,1.65076815201316,2.55594546607483));
#9175=CARTESIAN_POINT('',(0.108074825618262,1.65076815201316,2.60485563305855));
#9176=CARTESIAN_POINT('',(0.108074825618262,1.65076815201316,2.65376580004228));
#9177=CARTESIAN_POINT('',(0.108074825618262,1.65076815201316,2.702675967026));
#9178=CARTESIAN_POINT('',(0.108074825618262,1.65076815201316,2.702675967026));
#9179=CARTESIAN_POINT('',(0.108074825618262,1.65076815201316,2.702675967026));
#9180=CARTESIAN_POINT('',(0.108074825618262,1.65076815201316,2.702675967026));
#9181=CARTESIAN_POINT('',(0.108074825618262,1.62536815201316,2.702675967026));
#9182=CARTESIAN_POINT('',(0.0983572183470722,1.62536815201316,2.702675967026));
#9183=CARTESIAN_POINT('',(0.0886396110758822,1.62536815201316,2.702675967026));
#9184=CARTESIAN_POINT('',(0.0789220038046922,1.62536815201316,2.702675967026));
#9185=CARTESIAN_POINT('',(0.0789220038046922,1.62536815201316,2.702675967026));
#9186=CARTESIAN_POINT('',(0.108074825618262,1.65076815201316,2.702675967026));
#9187=CARTESIAN_POINT('',(0.0983572183470722,1.65076815201316,2.702675967026));
#9188=CARTESIAN_POINT('',(0.0886396110758822,1.65076815201316,2.702675967026));
#9189=CARTESIAN_POINT('',(0.0789220038046922,1.65076815201316,2.702675967026));
#9190=CARTESIAN_POINT('',(0.0789220038046922,1.65076815201316,2.702675967026));
#9191=CARTESIAN_POINT('',(0.0789220038046922,1.65076815201316,2.702675967026));
#9192=CARTESIAN_POINT('',(0.0789220038046922,1.65076815201316,2.702675967026));
#9193=CARTESIAN_POINT('',(0.0789220038046922,1.62536815201316,2.702675967026));
#9194=CARTESIAN_POINT('',(0.0789220038046922,1.62536815201316,2.71019234834073));
#9195=CARTESIAN_POINT('',(0.0789220038046922,1.62536815201316,2.71770872965546));
#9196=CARTESIAN_POINT('',(0.0789220038046922,1.62536815201316,2.7252251109702));
#9197=CARTESIAN_POINT('',(0.0789220038046922,1.62536815201316,2.7252251109702));
#9198=CARTESIAN_POINT('',(0.0789220038046922,1.65076815201316,2.702675967026));
#9199=CARTESIAN_POINT('',(0.0789220038046922,1.65076815201316,2.71019234834073));
#9200=CARTESIAN_POINT('',(0.0789220038046922,1.65076815201316,2.71770872965546));
#9201=CARTESIAN_POINT('',(0.0789220038046922,1.65076815201316,2.7252251109702));
#9202=CARTESIAN_POINT('',(0.0789220038046922,1.65076815201316,2.7252251109702));
#9203=CARTESIAN_POINT('',(0.0789220038046922,1.65076815201316,2.7252251109702));
#9204=CARTESIAN_POINT('',(0.0789220038046922,1.65076815201316,2.7252251109702));
#9205=CARTESIAN_POINT('',(0.0789220038046922,1.62536815201316,2.7252251109702));
#9206=CARTESIAN_POINT('',(0.0886396110758822,1.62536815201316,2.7252251109702));
#9207=CARTESIAN_POINT('',(0.0983572183470722,1.62536815201316,2.7252251109702));
#9208=CARTESIAN_POINT('',(0.108074825618262,1.62536815201316,2.7252251109702));
#9209=CARTESIAN_POINT('',(0.108074825618262,1.62536815201316,2.7252251109702));
#9210=CARTESIAN_POINT('',(0.0789220038046922,1.65076815201316,2.7252251109702));
#9211=CARTESIAN_POINT('',(0.0886396110758822,1.65076815201316,2.7252251109702));
#9212=CARTESIAN_POINT('',(0.0983572183470722,1.65076815201316,2.7252251109702));
#9213=CARTESIAN_POINT('',(0.108074825618262,1.65076815201316,2.7252251109702));
#9214=CARTESIAN_POINT('',(0.108074825618262,1.65076815201316,2.7252251109702));
#9215=CARTESIAN_POINT('',(0.108074825618262,1.65076815201316,2.7252251109702));
#9216=CARTESIAN_POINT('',(0.108074825618262,1.65076815201316,2.7252251109702));
#9217=CARTESIAN_POINT('',(0.108074825618262,1.62536815201316,2.7252251109702));
#9218=CARTESIAN_POINT('',(0.108074825618262,1.65076815201316,2.74783464765796));
#9219=CARTESIAN_POINT('',(0.108074825618262,1.62536815201316,2.74783464765796));
#9220=CARTESIAN_POINT('',(0.102848463882104,1.65076815201316,2.80101770792217));
#9221=CARTESIAN_POINT('',(0.102848463882104,1.62536815201316,2.80101770792217));
#9222=CARTESIAN_POINT('',(0.166344460070438,1.65076815201316,2.81305232377144));
#9223=CARTESIAN_POINT('',(0.166344460070438,1.62536815201316,2.81305232377144));
#9224=CARTESIAN_POINT('',(0.181359543436905,1.65076815201316,2.80704629042486));
#9225=CARTESIAN_POINT('',(0.181359543436905,1.62536815201316,2.80704629042486));
#9226=CARTESIAN_POINT('',(0.108074825618262,1.62536815201316,2.7252251109702));
#9227=CARTESIAN_POINT('',(0.108074825618262,1.62536815201316,2.7343521454238));
#9228=CARTESIAN_POINT('',(0.108074825618262,1.62536815201316,2.74347917987741));
#9229=CARTESIAN_POINT('',(0.108074825618262,1.62536815201316,2.75260621433101));
#9230=CARTESIAN_POINT('',(0.108074825618262,1.62536815201316,2.77032339885859));
#9231=CARTESIAN_POINT('',(0.11322891566265,1.62536815201316,2.78417501585289));
#9232=CARTESIAN_POINT('',(0.123376030437539,1.62536815201316,2.79448319594166));
#9233=CARTESIAN_POINT('',(0.13360240971718,1.62536815201316,2.80487189870193));
#9234=CARTESIAN_POINT('',(0.146408370323399,1.62536815201316,2.80994546607483));
#9235=CARTESIAN_POINT('',(0.169923906150919,1.62536815201316,2.80994546607483));
#9236=CARTESIAN_POINT('',(0.176527584020291,1.62536815201316,2.8089790741915));
#9237=CARTESIAN_POINT('',(0.181359543436905,1.62536815201316,2.80704629042486));
#9238=CARTESIAN_POINT('',(0.108074825618262,1.65076815201316,2.7252251109702));
#9239=CARTESIAN_POINT('',(0.108074825618262,1.65076815201316,2.7343521454238));
#9240=CARTESIAN_POINT('',(0.108074825618262,1.65076815201316,2.74347917987741));
#9241=CARTESIAN_POINT('',(0.108074825618262,1.65076815201316,2.75260621433101));
#9242=CARTESIAN_POINT('',(0.108074825618262,1.65076815201316,2.77032339885859));
#9243=CARTESIAN_POINT('',(0.11322891566265,1.65076815201316,2.78417501585289));
#9244=CARTESIAN_POINT('',(0.123376030437539,1.65076815201316,2.79448319594166));
#9245=CARTESIAN_POINT('',(0.13360240971718,1.65076815201316,2.80487189870193));
#9246=CARTESIAN_POINT('',(0.146408370323399,1.65076815201316,2.80994546607483));
#9247=CARTESIAN_POINT('',(0.169923906150919,1.65076815201316,2.80994546607483));
#9248=CARTESIAN_POINT('',(0.176527584020291,1.65076815201316,2.8089790741915));
#9249=CARTESIAN_POINT('',(0.181359543436905,1.65076815201316,2.80704629042486));
#9250=CARTESIAN_POINT('',(0.140275276819894,1.65076815201316,2.77548349021431));
#9251=CARTESIAN_POINT('',(0.140275276819894,1.62536815201316,2.77548349021431));
#9252=CARTESIAN_POINT('',(0.230967660114141,1.65076815201316,2.80640202916931));
#9253=CARTESIAN_POINT('',(0.230967660114141,1.62536815201316,2.80640202916931));
#9254=CARTESIAN_POINT('',(0.230967660114141,1.62536815201316,2.55594546607483));
#9255=CARTESIAN_POINT('',(0.230967660114141,1.62536815201316,2.80640202916931));
#9256=CARTESIAN_POINT('',(0.230967660114141,1.62536815201316,2.55594546607483));
#9257=CARTESIAN_POINT('',(0.230967660114141,1.65076815201316,2.80640202916931));
#9258=CARTESIAN_POINT('',(0.230967660114141,1.65076815201316,2.80640202916931));
#9259=CARTESIAN_POINT('',(0.230967660114141,1.65076815201316,2.80640202916931));
#9260=CARTESIAN_POINT('',(0.230967660114141,1.65076815201316,2.55594546607483));
#9261=CARTESIAN_POINT('',(0.230967660114141,1.65076815201316,2.55594546607483));
#9262=CARTESIAN_POINT('',(0.230967660114141,1.65076815201316,2.55594546607483));
#9263=CARTESIAN_POINT('',(0.230967660114141,1.65076815201316,2.55594546607483));
#9264=CARTESIAN_POINT('',(0.230967660114141,1.62536815201316,2.55594546607483));
#9265=CARTESIAN_POINT('',(0.203908687381103,1.62536815201316,2.55594546607483));
#9266=CARTESIAN_POINT('',(0.203908687381103,1.62536815201316,2.55594546607483));
#9267=CARTESIAN_POINT('',(0.230967660114141,1.65076815201316,2.55594546607483));
#9268=CARTESIAN_POINT('',(0.203908687381103,1.65076815201316,2.55594546607483));
#9269=CARTESIAN_POINT('',(0.203908687381103,1.65076815201316,2.55594546607483));
#9270=CARTESIAN_POINT('',(0.203908687381103,1.65076815201316,2.55594546607483));
#9271=CARTESIAN_POINT('',(0.203908687381103,1.65076815201316,2.55594546607483));
#9272=CARTESIAN_POINT('',(0.203908687381103,1.62536815201316,2.55594546607483));
#9273=CARTESIAN_POINT('',(0.203908687381103,1.62536815201316,2.80640202916931));
#9274=CARTESIAN_POINT('',(0.203908687381103,1.62536815201316,2.80640202916931));
#9275=CARTESIAN_POINT('',(0.203908687381103,1.65076815201316,2.55594546607483));
#9276=CARTESIAN_POINT('',(0.203908687381103,1.65076815201316,2.80640202916931));
#9277=CARTESIAN_POINT('',(0.203908687381103,1.65076815201316,2.80640202916931));
#9278=CARTESIAN_POINT('',(0.203908687381103,1.65076815201316,2.80640202916931));
#9279=CARTESIAN_POINT('',(0.203908687381103,1.65076815201316,2.80640202916931));
#9280=CARTESIAN_POINT('',(0.203908687381103,1.62536815201316,2.80640202916931));
#9281=CARTESIAN_POINT('',(0.230967660114141,1.62536815201316,2.80640202916931));
#9282=CARTESIAN_POINT('',(0.203908687381103,1.65076815201316,2.80640202916931));
#9283=CARTESIAN_POINT('',(0.230967660114141,1.65076815201316,2.80640202916931));
#9284=CARTESIAN_POINT('',(0.230967660114141,1.65076815201316,2.68117374762207));
#9285=CARTESIAN_POINT('',(0.230967660114141,1.62536815201316,2.68117374762207));
#9286=CARTESIAN_POINT('',(0.410072289156626,1.65076815201316,2.56802536461636));
#9287=CARTESIAN_POINT('',(0.410072289156626,1.62536815201316,2.56802536461636));
#9288=CARTESIAN_POINT('',(0.383036610782474,1.65076815201316,2.54833633797431));
#9289=CARTESIAN_POINT('',(0.383036610782474,1.62536815201316,2.54833633797431));
#9290=CARTESIAN_POINT('',(0.279255617704705,1.65076815201316,2.53963557449825));
#9291=CARTESIAN_POINT('',(0.279255617704705,1.62536815201316,2.53963557449825));
#9292=CARTESIAN_POINT('',(0.255508429739961,1.65076815201316,2.69916628004357));
#9293=CARTESIAN_POINT('',(0.255508429739961,1.62536815201316,2.69916628004357));
#9294=CARTESIAN_POINT('',(0.391743549428245,1.65076815201316,2.75602899247998));
#9295=CARTESIAN_POINT('',(0.391743549428245,1.62536815201316,2.75602899247998));
#9296=CARTESIAN_POINT('',(0.421668991756499,1.65076815201316,2.6726231998347));
#9297=CARTESIAN_POINT('',(0.421668991756499,1.62536815201316,2.6726231998347));
#9298=CARTESIAN_POINT('',(0.421668991756499,1.65076815201316,2.63406214331008));
#9299=CARTESIAN_POINT('',(0.421668991756499,1.62536815201316,2.63406214331008));
#9300=CARTESIAN_POINT('',(0.410072289156626,1.62536815201316,2.56802536461636));
#9301=CARTESIAN_POINT('',(0.395254280279011,1.62536815201316,2.55723398858592));
#9302=CARTESIAN_POINT('',(0.375443246670894,1.62536815201316,2.55191883322765));
#9303=CARTESIAN_POINT('',(0.327123652504756,1.62536815201316,2.55191883322765));
#9304=CARTESIAN_POINT('',(0.308279010779962,1.62536815201316,2.55948890298034));
#9305=CARTESIAN_POINT('',(0.294588459099556,1.62536815201316,2.57495117311351));
#9306=CARTESIAN_POINT('',(0.280977847383952,1.62536815201316,2.59032315810995));
#9307=CARTESIAN_POINT('',(0.274133164235891,1.62536815201316,2.61199619530755));
#9308=CARTESIAN_POINT('',(0.274133164235891,1.62536815201316,2.66627520608751));
#9309=CARTESIAN_POINT('',(0.281542168674698,1.62536815201316,2.6876968928345));
#9310=CARTESIAN_POINT('',(0.311500317057704,1.62536815201316,2.72087634749525));
#9311=CARTESIAN_POINT('',(0.329861762840837,1.62536815201316,2.72925174381738));
#9312=CARTESIAN_POINT('',(0.374154724159797,1.62536815201316,2.72925174381738));
#9313=CARTESIAN_POINT('',(0.39138871274572,1.62536815201316,2.72200380469245));
#9314=CARTESIAN_POINT('',(0.403468611287254,1.62536815201316,2.70783005707039));
#9315=CARTESIAN_POINT('',(0.415628024457531,1.62536815201316,2.69356301228393));
#9316=CARTESIAN_POINT('',(0.421668991756499,1.62536815201316,2.67352314521243));
#9317=CARTESIAN_POINT('',(0.421668991756499,1.62536815201316,2.64823589093215));
#9318=CARTESIAN_POINT('',(0.421668991756499,1.62536815201316,2.64351130839146));
#9319=CARTESIAN_POINT('',(0.421668991756499,1.62536815201316,2.63878672585077));
#9320=CARTESIAN_POINT('',(0.421668991756499,1.62536815201316,2.63406214331008));
#9321=CARTESIAN_POINT('',(0.410072289156626,1.62536815201316,2.56802536461636));
#9322=CARTESIAN_POINT('',(0.421668991756499,1.62536815201316,2.63406214331008));
#9323=CARTESIAN_POINT('',(0.410072289156626,1.65076815201316,2.56802536461636));
#9324=CARTESIAN_POINT('',(0.410072289156626,1.65076815201316,2.56802536461636));
#9325=CARTESIAN_POINT('',(0.410072289156626,1.65076815201316,2.56802536461636));
#9326=CARTESIAN_POINT('',(0.395254280279011,1.65076815201316,2.55723398858592));
#9327=CARTESIAN_POINT('',(0.375443246670894,1.65076815201316,2.55191883322765));
#9328=CARTESIAN_POINT('',(0.327123652504756,1.65076815201316,2.55191883322765));
#9329=CARTESIAN_POINT('',(0.308279010779962,1.65076815201316,2.55948890298034));
#9330=CARTESIAN_POINT('',(0.294588459099556,1.65076815201316,2.57495117311351));
#9331=CARTESIAN_POINT('',(0.280977847383952,1.65076815201316,2.59032315810995));
#9332=CARTESIAN_POINT('',(0.274133164235891,1.65076815201316,2.61199619530755));
#9333=CARTESIAN_POINT('',(0.274133164235891,1.65076815201316,2.66627520608751));
#9334=CARTESIAN_POINT('',(0.281542168674698,1.65076815201316,2.6876968928345));
#9335=CARTESIAN_POINT('',(0.311500317057704,1.65076815201316,2.72087634749525));
#9336=CARTESIAN_POINT('',(0.329861762840837,1.65076815201316,2.72925174381738));
#9337=CARTESIAN_POINT('',(0.374154724159797,1.65076815201316,2.72925174381738));
#9338=CARTESIAN_POINT('',(0.39138871274572,1.65076815201316,2.72200380469245));
#9339=CARTESIAN_POINT('',(0.403468611287254,1.65076815201316,2.70783005707039));
#9340=CARTESIAN_POINT('',(0.415628024457531,1.65076815201316,2.69356301228393));
#9341=CARTESIAN_POINT('',(0.421668991756499,1.65076815201316,2.67352314521243));
#9342=CARTESIAN_POINT('',(0.421668991756499,1.65076815201316,2.64823589093215));
#9343=CARTESIAN_POINT('',(0.421668991756499,1.65076815201316,2.64351130839146));
#9344=CARTESIAN_POINT('',(0.421668991756499,1.65076815201316,2.63878672585077));
#9345=CARTESIAN_POINT('',(0.421668991756499,1.65076815201316,2.63406214331008));
#9346=CARTESIAN_POINT('',(0.421668991756499,1.65076815201316,2.63406214331008));
#9347=CARTESIAN_POINT('',(0.421668991756499,1.65076815201316,2.63406214331008));
#9348=CARTESIAN_POINT('',(0.421668991756499,1.65076815201316,2.63406214331008));
#9349=CARTESIAN_POINT('',(0.421668991756499,1.62536815201316,2.63406214331008));
#9350=CARTESIAN_POINT('',(0.381671105474529,1.62536815201316,2.63406214331008));
#9351=CARTESIAN_POINT('',(0.341673219192559,1.62536815201316,2.63406214331008));
#9352=CARTESIAN_POINT('',(0.301675332910589,1.62536815201316,2.63406214331008));
#9353=CARTESIAN_POINT('',(0.301675332910589,1.62536815201316,2.63406214331008));
#9354=CARTESIAN_POINT('',(0.421668991756499,1.65076815201316,2.63406214331008));
#9355=CARTESIAN_POINT('',(0.381671105474529,1.65076815201316,2.63406214331008));
#9356=CARTESIAN_POINT('',(0.341673219192559,1.65076815201316,2.63406214331008));
#9357=CARTESIAN_POINT('',(0.301675332910589,1.65076815201316,2.63406214331008));
#9358=CARTESIAN_POINT('',(0.301675332910589,1.65076815201316,2.63406214331008));
#9359=CARTESIAN_POINT('',(0.301675332910589,1.65076815201316,2.63406214331008));
#9360=CARTESIAN_POINT('',(0.301675332910589,1.65076815201316,2.63406214331008));
#9361=CARTESIAN_POINT('',(0.301675332910589,1.62536815201316,2.63406214331008));
#9362=CARTESIAN_POINT('',(0.303186865501562,1.65076815201316,2.57410468386817));
#9363=CARTESIAN_POINT('',(0.303186865501562,1.62536815201316,2.57410468386817));
#9364=CARTESIAN_POINT('',(0.368004505136647,1.65076815201316,2.56024013483474));
#9365=CARTESIAN_POINT('',(0.368004505136647,1.62536815201316,2.56024013483474));
#9366=CARTESIAN_POINT('',(0.410072289156626,1.65076815201316,2.59347368421053));
#9367=CARTESIAN_POINT('',(0.410072289156626,1.62536815201316,2.59347368421053));
#9368=CARTESIAN_POINT('',(0.301675332910589,1.62536815201316,2.63406214331008));
#9369=CARTESIAN_POINT('',(0.302158528852251,1.62536815201316,2.61489537095752));
#9370=CARTESIAN_POINT('',(0.307312618896639,1.62536815201316,2.60023842739379));
#9371=CARTESIAN_POINT('',(0.316976537729867,1.62536815201316,2.58993024730501));
#9372=CARTESIAN_POINT('',(0.326715798965641,1.62536815201316,2.57954170198685));
#9373=CARTESIAN_POINT('',(0.340169942929613,1.62536815201316,2.57430691185796));
#9374=CARTESIAN_POINT('',(0.357242866201648,1.62536815201316,2.57446797717185));
#9375=CARTESIAN_POINT('',(0.376406413521234,1.62536815201316,2.57464876535411));
#9376=CARTESIAN_POINT('',(0.393965757767914,1.62536815201316,2.58074952441344));
#9377=CARTESIAN_POINT('',(0.410072289156626,1.62536815201316,2.59347368421053));
#9378=CARTESIAN_POINT('',(0.410072289156626,1.62536815201316,2.59347368421053));
#9379=CARTESIAN_POINT('',(0.301675332910589,1.65076815201316,2.63406214331008));
#9380=CARTESIAN_POINT('',(0.302158528852251,1.65076815201316,2.61489537095752));
#9381=CARTESIAN_POINT('',(0.307312618896639,1.65076815201316,2.60023842739379));
#9382=CARTESIAN_POINT('',(0.316976537729867,1.65076815201316,2.58993024730501));
#9383=CARTESIAN_POINT('',(0.326715798965641,1.65076815201316,2.57954170198685));
#9384=CARTESIAN_POINT('',(0.340169942929613,1.65076815201316,2.57430691185796));
#9385=CARTESIAN_POINT('',(0.357242866201648,1.65076815201316,2.57446797717185));
#9386=CARTESIAN_POINT('',(0.376406413521234,1.65076815201316,2.57464876535411));
#9387=CARTESIAN_POINT('',(0.393965757767914,1.65076815201316,2.58074952441344));
#9388=CARTESIAN_POINT('',(0.410072289156626,1.65076815201316,2.59347368421053));
#9389=CARTESIAN_POINT('',(0.410072289156626,1.65076815201316,2.59347368421053));
#9390=CARTESIAN_POINT('',(0.410072289156626,1.65076815201316,2.59347368421053));
#9391=CARTESIAN_POINT('',(0.393965757767914,1.65076815201316,2.65661128725428));
#9392=CARTESIAN_POINT('',(0.393965757767914,1.62536815201316,2.65661128725428));
#9393=CARTESIAN_POINT('',(0.393965757767914,1.65076815201316,2.71724091198895));
#9394=CARTESIAN_POINT('',(0.393965757767914,1.62536815201316,2.71724091198895));
#9395=CARTESIAN_POINT('',(0.309810746460029,1.65076815201316,2.71190528946915));
#9396=CARTESIAN_POINT('',(0.309810746460029,1.62536815201316,2.71190528946915));
#9397=CARTESIAN_POINT('',(0.301997463538364,1.65076815201316,2.65661128725428));
#9398=CARTESIAN_POINT('',(0.301997463538364,1.62536815201316,2.65661128725428));
#9399=CARTESIAN_POINT('',(0.393965757767914,1.62536815201316,2.65661128725428));
#9400=CARTESIAN_POINT('',(0.393965757767914,1.62536815201316,2.67239568801522));
#9401=CARTESIAN_POINT('',(0.390100190234622,1.62536815201316,2.68463665187064));
#9402=CARTESIAN_POINT('',(0.382530120481927,1.62536815201316,2.69349524413443));
#9403=CARTESIAN_POINT('',(0.375107575970878,1.62536815201316,2.70218120047715));
#9404=CARTESIAN_POINT('',(0.364812935954343,1.62536815201316,2.70670259987318));
#9405=CARTESIAN_POINT('',(0.338559289790742,1.62536815201316,2.70670259987318));
#9406=CARTESIAN_POINT('',(0.327606848446417,1.62536815201316,2.70203170577045));
#9407=CARTESIAN_POINT('',(0.318748256182625,1.62536815201316,2.69285098287888));
#9408=CARTESIAN_POINT('',(0.309731525198153,1.62536815201316,2.68350637076771));
#9409=CARTESIAN_POINT('',(0.304091312618896,1.62536815201316,2.6714292961319));
#9410=CARTESIAN_POINT('',(0.301997463538364,1.62536815201316,2.65661128725428));
#9411=CARTESIAN_POINT('',(0.393965757767914,1.62536815201316,2.65661128725428));
#9412=CARTESIAN_POINT('',(0.301997463538364,1.62536815201316,2.65661128725428));
#9413=CARTESIAN_POINT('',(0.393965757767914,1.65076815201316,2.65661128725428));
#9414=CARTESIAN_POINT('',(0.393965757767914,1.65076815201316,2.65661128725428));
#9415=CARTESIAN_POINT('',(0.393965757767914,1.65076815201316,2.65661128725428));
#9416=CARTESIAN_POINT('',(0.393965757767914,1.65076815201316,2.67239568801522));
#9417=CARTESIAN_POINT('',(0.390100190234622,1.65076815201316,2.68463665187064));
#9418=CARTESIAN_POINT('',(0.382530120481927,1.65076815201316,2.69349524413443));
#9419=CARTESIAN_POINT('',(0.375107575970878,1.65076815201316,2.70218120047715));
#9420=CARTESIAN_POINT('',(0.364812935954343,1.65076815201316,2.70670259987318));
#9421=CARTESIAN_POINT('',(0.338559289790742,1.65076815201316,2.70670259987318));
#9422=CARTESIAN_POINT('',(0.327606848446417,1.65076815201316,2.70203170577045));
#9423=CARTESIAN_POINT('',(0.318748256182625,1.65076815201316,2.69285098287888));
#9424=CARTESIAN_POINT('',(0.309731525198153,1.65076815201316,2.68350637076771));
#9425=CARTESIAN_POINT('',(0.304091312618896,1.65076815201316,2.6714292961319));
#9426=CARTESIAN_POINT('',(0.301997463538364,1.65076815201316,2.65661128725428));
#9427=CARTESIAN_POINT('',(0.301997463538364,1.65076815201316,2.65661128725428));
#9428=CARTESIAN_POINT('',(0.301997463538364,1.65076815201316,2.65661128725428));
#9429=CARTESIAN_POINT('',(0.301997463538364,1.65076815201316,2.65661128725428));
#9430=CARTESIAN_POINT('',(0.301997463538364,1.62536815201316,2.65661128725428));
#9431=CARTESIAN_POINT('',(0.33265356161488,1.62536815201316,2.65661128725428));
#9432=CARTESIAN_POINT('',(0.363309659691397,1.62536815201316,2.65661128725428));
#9433=CARTESIAN_POINT('',(0.393965757767914,1.62536815201316,2.65661128725428));
#9434=CARTESIAN_POINT('',(0.301997463538364,1.65076815201316,2.65661128725428));
#9435=CARTESIAN_POINT('',(0.33265356161488,1.65076815201316,2.65661128725428));
#9436=CARTESIAN_POINT('',(0.363309659691397,1.65076815201316,2.65661128725428));
#9437=CARTESIAN_POINT('',(0.393965757767914,1.65076815201316,2.65661128725428));
#9438=CARTESIAN_POINT('',(0.410072289156626,1.65076815201316,2.59347368421053));
#9439=CARTESIAN_POINT('',(0.410072289156626,1.62536815201316,2.59347368421053));
#9440=CARTESIAN_POINT('',(0.410072289156626,1.62536815201316,2.58499091101247));
#9441=CARTESIAN_POINT('',(0.410072289156626,1.62536815201316,2.57650813781442));
#9442=CARTESIAN_POINT('',(0.410072289156626,1.62536815201316,2.56802536461636));
#9443=CARTESIAN_POINT('',(0.410072289156626,1.65076815201316,2.59347368421053));
#9444=CARTESIAN_POINT('',(0.410072289156626,1.65076815201316,2.58499091101247));
#9445=CARTESIAN_POINT('',(0.410072289156626,1.65076815201316,2.57650813781442));
#9446=CARTESIAN_POINT('',(0.410072289156626,1.65076815201316,2.56802536461636));
#9447=CARTESIAN_POINT('',(0.282172147682132,1.65076815201316,2.68205494785875));
#9448=CARTESIAN_POINT('',(0.282172147682132,1.62536815201316,2.68205494785875));
#9449=CARTESIAN_POINT('',(0.550521242866201,1.65076815201316,2.72538617628408));
#9450=CARTESIAN_POINT('',(0.550521242866201,1.62536815201316,2.72538617628408));
#9451=CARTESIAN_POINT('',(0.550521242866201,1.62536815201316,2.71599069964067));
#9452=CARTESIAN_POINT('',(0.550521242866201,1.62536815201316,2.70659522299725));
#9453=CARTESIAN_POINT('',(0.550521242866201,1.62536815201316,2.69719974635384));
#9454=CARTESIAN_POINT('',(0.550521242866201,1.62536815201316,2.72538617628408));
#9455=CARTESIAN_POINT('',(0.550521242866201,1.62536815201316,2.69719974635384));
#9456=CARTESIAN_POINT('',(0.550521242866201,1.65076815201316,2.72538617628408));
#9457=CARTESIAN_POINT('',(0.550521242866201,1.65076815201316,2.72538617628408));
#9458=CARTESIAN_POINT('',(0.550521242866201,1.65076815201316,2.72538617628408));
#9459=CARTESIAN_POINT('',(0.550521242866201,1.65076815201316,2.71599069964067));
#9460=CARTESIAN_POINT('',(0.550521242866201,1.65076815201316,2.70659522299725));
#9461=CARTESIAN_POINT('',(0.550521242866201,1.65076815201316,2.69719974635384));
#9462=CARTESIAN_POINT('',(0.550521242866201,1.65076815201316,2.69719974635384));
#9463=CARTESIAN_POINT('',(0.550521242866201,1.65076815201316,2.69719974635384));
#9464=CARTESIAN_POINT('',(0.550521242866201,1.65076815201316,2.69719974635384));
#9465=CARTESIAN_POINT('',(0.550521242866201,1.62536815201316,2.69719974635384));
#9466=CARTESIAN_POINT('',(0.532386657887696,1.65076815201316,2.71095701771684));
#9467=CARTESIAN_POINT('',(0.532386657887696,1.62536815201316,2.71095701771684));
#9468=CARTESIAN_POINT('',(0.468571088769819,1.65076815201316,2.65434654732264));
#9469=CARTESIAN_POINT('',(0.468571088769819,1.62536815201316,2.65434654732264));
#9470=CARTESIAN_POINT('',(0.489316423589093,1.65076815201316,2.58743328564336));
#9471=CARTESIAN_POINT('',(0.489316423589093,1.62536815201316,2.58743328564336));
#9472=CARTESIAN_POINT('',(0.489316423589093,1.65076815201316,2.55594546607483));
#9473=CARTESIAN_POINT('',(0.489316423589093,1.62536815201316,2.55594546607483));
#9474=CARTESIAN_POINT('',(0.550521242866201,1.62536815201316,2.69719974635384));
#9475=CARTESIAN_POINT('',(0.545850348763475,1.62536815201316,2.70074318325935));
#9476=CARTESIAN_POINT('',(0.538924540266328,1.62536815201316,2.702675967026));
#9477=CARTESIAN_POINT('',(0.518469245402663,1.62536815201316,2.702675967026));
#9478=CARTESIAN_POINT('',(0.508805326569435,1.62536815201316,2.69719974635384));
#9479=CARTESIAN_POINT('',(0.501074191502853,1.62536815201316,2.6864083703234));
#9480=CARTESIAN_POINT('',(0.49321217456778,1.62536815201316,2.67543430501819));
#9481=CARTESIAN_POINT('',(0.489316423589093,1.62536815201316,2.66063792010146));
#9482=CARTESIAN_POINT('',(0.489316423589093,1.62536815201316,2.64179327837667));
#9483=CARTESIAN_POINT('',(0.489316423589093,1.62536815201316,2.61317734094272));
#9484=CARTESIAN_POINT('',(0.489316423589093,1.62536815201316,2.58456140350877));
#9485=CARTESIAN_POINT('',(0.489316423589093,1.62536815201316,2.55594546607483));
#9486=CARTESIAN_POINT('',(0.489316423589093,1.62536815201316,2.55594546607483));
#9487=CARTESIAN_POINT('',(0.550521242866201,1.65076815201316,2.69719974635384));
#9488=CARTESIAN_POINT('',(0.545850348763475,1.65076815201316,2.70074318325935));
#9489=CARTESIAN_POINT('',(0.538924540266328,1.65076815201316,2.702675967026));
#9490=CARTESIAN_POINT('',(0.518469245402663,1.65076815201316,2.702675967026));
#9491=CARTESIAN_POINT('',(0.508805326569435,1.65076815201316,2.69719974635384));
#9492=CARTESIAN_POINT('',(0.501074191502853,1.65076815201316,2.6864083703234));
#9493=CARTESIAN_POINT('',(0.49321217456778,1.65076815201316,2.67543430501819));
#9494=CARTESIAN_POINT('',(0.489316423589093,1.65076815201316,2.66063792010146));
#9495=CARTESIAN_POINT('',(0.489316423589093,1.65076815201316,2.64179327837667));
#9496=CARTESIAN_POINT('',(0.489316423589093,1.65076815201316,2.61317734094272));
#9497=CARTESIAN_POINT('',(0.489316423589093,1.65076815201316,2.58456140350877));
#9498=CARTESIAN_POINT('',(0.489316423589093,1.65076815201316,2.55594546607483));
#9499=CARTESIAN_POINT('',(0.489316423589093,1.65076815201316,2.55594546607483));
#9500=CARTESIAN_POINT('',(0.489316423589093,1.65076815201316,2.55594546607483));
#9501=CARTESIAN_POINT('',(0.489316423589093,1.65076815201316,2.55594546607483));
#9502=CARTESIAN_POINT('',(0.489316423589093,1.62536815201316,2.55594546607483));
#9503=CARTESIAN_POINT('',(0.480296766011414,1.62536815201316,2.55594546607483));
#9504=CARTESIAN_POINT('',(0.471277108433735,1.62536815201316,2.55594546607483));
#9505=CARTESIAN_POINT('',(0.462257450856056,1.62536815201316,2.55594546607483));
#9506=CARTESIAN_POINT('',(0.462257450856056,1.62536815201316,2.55594546607483));
#9507=CARTESIAN_POINT('',(0.489316423589093,1.65076815201316,2.55594546607483));
#9508=CARTESIAN_POINT('',(0.480296766011414,1.65076815201316,2.55594546607483));
#9509=CARTESIAN_POINT('',(0.471277108433735,1.65076815201316,2.55594546607483));
#9510=CARTESIAN_POINT('',(0.462257450856056,1.65076815201316,2.55594546607483));
#9511=CARTESIAN_POINT('',(0.462257450856056,1.65076815201316,2.55594546607483));
#9512=CARTESIAN_POINT('',(0.462257450856056,1.65076815201316,2.55594546607483));
#9513=CARTESIAN_POINT('',(0.462257450856056,1.65076815201316,2.55594546607483));
#9514=CARTESIAN_POINT('',(0.462257450856056,1.62536815201316,2.55594546607483));
#9515=CARTESIAN_POINT('',(0.462257450856056,1.62536815201316,2.61237201437328));
#9516=CARTESIAN_POINT('',(0.462257450856056,1.62536815201316,2.66879856267174));
#9517=CARTESIAN_POINT('',(0.462257450856056,1.62536815201316,2.7252251109702));
#9518=CARTESIAN_POINT('',(0.462257450856056,1.62536815201316,2.7252251109702));
#9519=CARTESIAN_POINT('',(0.462257450856056,1.65076815201316,2.55594546607483));
#9520=CARTESIAN_POINT('',(0.462257450856056,1.65076815201316,2.61237201437328));
#9521=CARTESIAN_POINT('',(0.462257450856056,1.65076815201316,2.66879856267174));
#9522=CARTESIAN_POINT('',(0.462257450856056,1.65076815201316,2.7252251109702));
#9523=CARTESIAN_POINT('',(0.462257450856056,1.65076815201316,2.7252251109702));
#9524=CARTESIAN_POINT('',(0.462257450856056,1.65076815201316,2.7252251109702));
#9525=CARTESIAN_POINT('',(0.462257450856056,1.65076815201316,2.7252251109702));
#9526=CARTESIAN_POINT('',(0.462257450856056,1.62536815201316,2.7252251109702));
#9527=CARTESIAN_POINT('',(0.471277108433735,1.62536815201316,2.7252251109702));
#9528=CARTESIAN_POINT('',(0.480296766011414,1.62536815201316,2.7252251109702));
#9529=CARTESIAN_POINT('',(0.489316423589093,1.62536815201316,2.7252251109702));
#9530=CARTESIAN_POINT('',(0.489316423589093,1.62536815201316,2.7252251109702));
#9531=CARTESIAN_POINT('',(0.462257450856056,1.65076815201316,2.7252251109702));
#9532=CARTESIAN_POINT('',(0.471277108433735,1.65076815201316,2.7252251109702));
#9533=CARTESIAN_POINT('',(0.480296766011414,1.65076815201316,2.7252251109702));
#9534=CARTESIAN_POINT('',(0.489316423589093,1.65076815201316,2.7252251109702));
#9535=CARTESIAN_POINT('',(0.489316423589093,1.65076815201316,2.7252251109702));
#9536=CARTESIAN_POINT('',(0.489316423589093,1.65076815201316,2.7252251109702));
#9537=CARTESIAN_POINT('',(0.489316423589093,1.65076815201316,2.7252251109702));
#9538=CARTESIAN_POINT('',(0.489316423589093,1.62536815201316,2.7252251109702));
#9539=CARTESIAN_POINT('',(0.489316423589093,1.62536815201316,2.71341365461847));
#9540=CARTESIAN_POINT('',(0.489316423589093,1.62536815201316,2.70160219826675));
#9541=CARTESIAN_POINT('',(0.489316423589093,1.62536815201316,2.68979074191503));
#9542=CARTESIAN_POINT('',(0.489316423589093,1.62536815201316,2.68979074191503));
#9543=CARTESIAN_POINT('',(0.489316423589093,1.65076815201316,2.7252251109702));
#9544=CARTESIAN_POINT('',(0.489316423589093,1.65076815201316,2.71341365461847));
#9545=CARTESIAN_POINT('',(0.489316423589093,1.65076815201316,2.70160219826675));
#9546=CARTESIAN_POINT('',(0.489316423589093,1.65076815201316,2.68979074191503));
#9547=CARTESIAN_POINT('',(0.489316423589093,1.65076815201316,2.68979074191503));
#9548=CARTESIAN_POINT('',(0.489316423589093,1.65076815201316,2.68979074191503));
#9549=CARTESIAN_POINT('',(0.489316423589093,1.65076815201316,2.68979074191503));
#9550=CARTESIAN_POINT('',(0.489316423589093,1.62536815201316,2.68979074191503));
#9551=CARTESIAN_POINT('',(0.489531177340942,1.62536815201316,2.68979074191503));
#9552=CARTESIAN_POINT('',(0.489745931092792,1.62536815201316,2.68979074191503));
#9553=CARTESIAN_POINT('',(0.489960684844642,1.62536815201316,2.68979074191503));
#9554=CARTESIAN_POINT('',(0.489960684844642,1.62536815201316,2.68979074191503));
#9555=CARTESIAN_POINT('',(0.489316423589093,1.65076815201316,2.68979074191503));
#9556=CARTESIAN_POINT('',(0.489531177340942,1.65076815201316,2.68979074191503));
#9557=CARTESIAN_POINT('',(0.489745931092792,1.65076815201316,2.68979074191503));
#9558=CARTESIAN_POINT('',(0.489960684844642,1.65076815201316,2.68979074191503));
#9559=CARTESIAN_POINT('',(0.489960684844642,1.65076815201316,2.68979074191503));
#9560=CARTESIAN_POINT('',(0.489960684844642,1.65076815201316,2.68979074191503));
#9561=CARTESIAN_POINT('',(0.489960684844642,1.65076815201316,2.68979074191503));
#9562=CARTESIAN_POINT('',(0.489960684844642,1.62536815201316,2.68979074191503));
#9563=CARTESIAN_POINT('',(0.499092629593631,1.65076815201316,2.71794757155775));
#9564=CARTESIAN_POINT('',(0.499092629593631,1.62536815201316,2.71794757155775));
#9565=CARTESIAN_POINT('',(0.532838839126766,1.65076815201316,2.73307417790993));
#9566=CARTESIAN_POINT('',(0.532838839126766,1.62536815201316,2.73307417790993));
#9567=CARTESIAN_POINT('',(0.550521242866201,1.65076815201316,2.72538617628408));
#9568=CARTESIAN_POINT('',(0.550521242866201,1.62536815201316,2.72538617628408));
#9569=CARTESIAN_POINT('',(0.489960684844642,1.62536815201316,2.68979074191503));
#9570=CARTESIAN_POINT('',(0.493826252377932,1.62536815201316,2.70170957514268));
#9571=CARTESIAN_POINT('',(0.499785668991756,1.62536815201316,2.71105136334813));
#9572=CARTESIAN_POINT('',(0.507677869372225,1.62536815201316,2.7176550412175));
#9573=CARTESIAN_POINT('',(0.515649339771215,1.62536815201316,2.72432504706155));
#9574=CARTESIAN_POINT('',(0.524589727330374,1.62536815201316,2.7276410906785));
#9575=CARTESIAN_POINT('',(0.534253646163601,1.62536815201316,2.72780215599239));
#9576=CARTESIAN_POINT('',(0.541335868268819,1.62536815201316,2.72792019302748));
#9577=CARTESIAN_POINT('',(0.546816740646798,1.62536815201316,2.72699682942296));
#9578=CARTESIAN_POINT('',(0.550521242866201,1.62536815201316,2.72538617628408));
#9579=CARTESIAN_POINT('',(0.489960684844642,1.65076815201316,2.68979074191503));
#9580=CARTESIAN_POINT('',(0.493826252377932,1.65076815201316,2.70170957514268));
#9581=CARTESIAN_POINT('',(0.499785668991756,1.65076815201316,2.71105136334813));
#9582=CARTESIAN_POINT('',(0.507677869372225,1.65076815201316,2.7176550412175));
#9583=CARTESIAN_POINT('',(0.515649339771215,1.65076815201316,2.72432504706155));
#9584=CARTESIAN_POINT('',(0.524589727330374,1.65076815201316,2.7276410906785));
#9585=CARTESIAN_POINT('',(0.534253646163601,1.65076815201316,2.72780215599239));
#9586=CARTESIAN_POINT('',(0.541335868268819,1.65076815201316,2.72792019302748));
#9587=CARTESIAN_POINT('',(0.546816740646798,1.65076815201316,2.72699682942296));
#9588=CARTESIAN_POINT('',(0.550521242866201,1.65076815201316,2.72538617628408));
#9589=CARTESIAN_POINT('',(0.489711314754107,1.65076815201316,2.65177084950137));
#9590=CARTESIAN_POINT('',(0.489711314754107,1.62536815201316,2.65177084950137));
#9591=MECHANICAL_DESIGN_GEOMETRIC_PRESENTATION_REPRESENTATION('',(#3657,
#3658,#3659,#3660,#3661,#3662,#3663,#3664,#3665,#3666,#3667,#3668,#3669,
#3670,#3671,#3672,#3673,#3674,#3675,#3676,#3677,#3678,#3679,#3680,#3681,
#3682,#3683,#3684,#3685,#3686,#3687,#3688,#3689,#3690,#3691,#3692,#3693,
#3694,#3695,#3696,#3697,#3698,#3699,#3700,#3701,#3702,#3703,#3704,#3705,
#3706,#3707,#3708,#3709,#3710,#3711,#3712,#3713,#3714,#3715,#3716,#3717,
#3718,#3719,#3720,#3721,#3722,#3723,#3724,#3725,#3726,#3727,#3728,#3729,
#3730,#3731,#3732,#3733,#3734,#3735,#3736,#3737,#3738,#3739,#3740,#3741,
#3742,#3743,#3744,#3745,#3746,#3747,#3748,#3749,#3750,#3751,#3752,#3753,
#3754,#3755,#3756,#3757,#3758,#3759,#3760,#3761,#3762,#3763,#3764,#3765,
#3766,#3767,#3768,#3769,#3770,#3771,#3772,#3773,#3774,#3775,#3776,#3777,
#3778,#3779,#3780,#3781,#3782,#3783,#3784,#3785,#3786,#3787,#3788,#3789,
#3790,#3791,#3792,#3793,#3794,#3795,#3796,#3797,#3798,#3799,#3800,#3801,
#3802,#3803,#3804,#3805,#3806,#3807,#3808,#3809,#3810,#3811,#3812,#3813,
#3814,#3815,#3816,#3817,#3818,#3819,#3820,#3821,#3822,#3823,#3824,#3825,
#3826,#3827,#3828,#3829,#3830,#3831,#3832,#3833,#3834,#3835,#3836,#3837,
#3838,#3839,#3840,#3841,#3842,#3843,#3844,#3845,#3846,#3847,#3848,#3849,
#3850,#3851,#3852,#3853,#3854,#3855,#3856,#3857,#3858,#3859,#3860,#3861,
#3862,#3863,#3864,#3865,#3866,#3867,#3868,#3869,#3870,#3871,#3872,#3873,
#3874,#3875,#3876,#3877,#3878,#3879,#3880,#3881,#3882,#3883,#3884,#3885,
#3886,#3887,#3888,#3889,#3890,#3891,#3892,#3893,#3894,#3895,#3896,#3897),
#9592);
#9592=(
GEOMETRIC_REPRESENTATION_CONTEXT(3)
GLOBAL_UNCERTAINTY_ASSIGNED_CONTEXT((#9593))
GLOBAL_UNIT_ASSIGNED_CONTEXT((#9596,#9595,#9594))
REPRESENTATION_CONTEXT('Header - SMD - Vertical - Dual Row - 2',
'TOP_LEVEL_ASSEMBLY_PART')
);
#9593=UNCERTAINTY_MEASURE_WITH_UNIT(LENGTH_MEASURE(0.005),#9596,
'DISTANCE_ACCURACY_VALUE','Maximum Tolerance applied to model');
#9594=(
NAMED_UNIT(*)
SI_UNIT($,.STERADIAN.)
SOLID_ANGLE_UNIT()
);
#9595=(
NAMED_UNIT(*)
PLANE_ANGLE_UNIT()
SI_UNIT($,.RADIAN.)
);
#9596=(
LENGTH_UNIT()
NAMED_UNIT(*)
SI_UNIT(.MILLI.,.METRE.)
);
#9597=PRODUCT_DEFINITION_SHAPE('','',#9598);
#9598=PRODUCT_DEFINITION('','',#9600,#9599);
#9599=PRODUCT_DEFINITION_CONTEXT('',#9606,'design');
#9600=PRODUCT_DEFINITION_FORMATION_WITH_SPECIFIED_SOURCE('','',#9602,
 .NOT_KNOWN.);
#9601=PRODUCT_RELATED_PRODUCT_CATEGORY('','',(#9602));
#9602=PRODUCT('Header - SMD - Vertical - Dual Row - 2',
'Header - SMD - Vertical - Dual Row - 2',
'Header - SMD - Vertical - Dual Row - 2',(#9604));
#9603=PRODUCT_CATEGORY('','');
#9604=PRODUCT_CONTEXT('',#9606,'mechanical');
#9605=APPLICATION_PROTOCOL_DEFINITION('international standard',
'automotive_design',2010,#9606);
#9606=APPLICATION_CONTEXT(
'core data for automotive mechanical design processes');
ENDSEC;
END-ISO-10303-21;
