ISO-10303-21;
HEADER;
FILE_DESCRIPTION (( 'STEP AP214' ),
    '1' );
FILE_NAME ('IFSC1008ABER1R0M01.STEP',
    '2020-08-14T15:22:50',
    ( '' ),
    ( '' ),
    'SwSTEP 2.0',
    'SolidWorks 2017',
    '' );
FILE_SCHEMA (( 'AUTOMOTIVE_DESIGN' ));
ENDSEC;

DATA;
#1 = LINE ( 'NONE', #2175, #1681 ) ;
#2 = LINE ( 'NONE', #4480, #3331 ) ;
#3 = CARTESIAN_POINT ( 'NONE',  ( -1.045767653215896600, 0.4834646935682069800, 0.1166666666666697800 ) ) ;
#4 = AXIS2_PLACEMENT_3D ( 'NONE', #2004, #1298, #3805 ) ;
#5 = CARTESIAN_POINT ( 'NONE',  ( 0.8449999999999999700, 0.2900000000000000400, 0.9000000000000003600 ) ) ;
#7 = EDGE_CURVE ( 'NONE', #1281, #1558, #1343, .T. ) ;
#6 = LINE ( 'NONE', #3078, #1458 ) ;
#8 = CARTESIAN_POINT ( 'NONE',  ( 1.150000000000000100, 0.9250000000000011500, 0.5833333333333303700 ) ) ;
#9 = CARTESIAN_POINT ( 'NONE',  ( -0.8249999999999999600, 0.03500000000000036400, 0.9000000000000010200 ) ) ;
#10 = LINE ( 'NONE', #666, #1401 ) ;
#11 = ORIENTED_EDGE ( 'NONE', *, *, #1467, .F. ) ;
#12 = CARTESIAN_POINT ( 'NONE',  ( 0.1277777777777763500, 0.5888888888888944600, 0.1777777777777794800 ) ) ;
#13 = STYLED_ITEM ( 'NONE', ( #1577 ), #429 ) ;
#14 = STYLED_ITEM ( 'NONE', ( #1119 ), #3874 ) ;
#15 = EDGE_LOOP ( 'NONE', ( #1111, #3602, #3415, #1539 ) ) ;
#16 = DIRECTION ( 'NONE',  ( -0.0000000000000000000, -1.000000000000000000, -0.0000000000000000000 ) ) ;
#17 = CARTESIAN_POINT ( 'NONE',  ( 0.3166666666666617700, 0.4834646935682069800, 0.7957676532159049200 ) ) ;
#18 = CARTESIAN_POINT ( 'NONE',  ( 1.053941337974263900, 0.2750000000000000200, -0.8789013745003552100 ) ) ;
#19 = CARTESIAN_POINT ( 'NONE',  ( 1.053941337974272600, 0.9250000000000011500, 0.8789013745003549900 ) ) ;
#20 = SURFACE_SIDE_STYLE ('',( #3546 ) ) ;
#21 = EDGE_CURVE ( 'NONE', #3875, #1209, #3380, .T. ) ;
#22 = ADVANCED_FACE ( 'NONE', ( #1741 ), #2765, .F. ) ;
#23 = VERTEX_POINT ( 'NONE', #2071 ) ;
#24 = FILL_AREA_STYLE_COLOUR ( '', #3657 ) ;
#25 = ORIENTED_EDGE ( 'NONE', *, *, #1612, .F. ) ;
#26 = DIRECTION ( 'NONE',  ( 0.0000000000000000000, 0.0000000000000000000, -1.000000000000000000 ) ) ;
#27 =( NAMED_UNIT ( * ) SI_UNIT ( $, .STERADIAN. ) SOLID_ANGLE_UNIT ( ) );
#28 = EDGE_LOOP ( 'NONE', ( #1632, #4578, #3429, #301 ) ) ;
#29 = CARTESIAN_POINT ( 'NONE',  ( 1.045767653215896600, 0.4834646935682069800, 0.4666666666666679500 ) ) ;
#30 = ORIENTED_EDGE ( 'NONE', *, *, #3497, .T. ) ;
#31 =( LENGTH_UNIT ( ) NAMED_UNIT ( * ) SI_UNIT ( .MILLI., .METRE. ) );
#32 = PRESENTATION_STYLE_ASSIGNMENT (( #4131 ) ) ;
#33 = PRESENTATION_LAYER_ASSIGNMENT (  '', '', ( #2389 ) ) ;
#34 = SURFACE_SIDE_STYLE ('',( #3868 ) ) ;
#35 = COLOUR_RGB ( '',0.2509803921568627400, 0.2509803921568627400, 0.2509803921568627400 ) ;
#36 =( GEOMETRIC_REPRESENTATION_CONTEXT ( 3 ) GLOBAL_UNCERTAINTY_ASSIGNED_CONTEXT ( ( #1270 ) ) GLOBAL_UNIT_ASSIGNED_CONTEXT ( ( #4319, #375, #3880 ) ) REPRESENTATION_CONTEXT ( 'NONE', 'WORKASPACE' ) );
#37 = LINE ( 'NONE', #2248, #1548 ) ;
#38 = LINE ( 'NONE', #2281, #4440 ) ;
#39 = ORIENTED_EDGE ( 'NONE', *, *, #4348, .F. ) ;
#40 = COLOUR_RGB ( '',0.2509803921568627400, 0.2509803921568627400, 0.2509803921568627400 ) ;
#41 = COLOUR_RGB ( '',0.2509803921568627400, 0.2509803921568627400, 0.2509803921568627400 ) ;
#42 = EDGE_LOOP ( 'NONE', ( #2216, #1068, #1765, #3523 ) ) ;
#43 = SURFACE_SIDE_STYLE ('',( #326 ) ) ;
#44 = LINE ( 'NONE', #4195, #1858 ) ;
#45 = ADVANCED_FACE ( 'NONE', ( #3997 ), #3872, .F. ) ;
#46 = CARTESIAN_POINT ( 'NONE',  ( -1.045736331160749300, 0.4834646935682069800, -0.7387122884057458800 ) ) ;
#47 = ORIENTED_EDGE ( 'NONE', *, *, #4060, .T. ) ;
#48 = VECTOR ( 'NONE', #1551, 1000.000000000000000 ) ;
#49 =( NAMED_UNIT ( * ) PLANE_ANGLE_UNIT ( ) SI_UNIT ( $, .RADIAN. ) );
#50 =( LENGTH_UNIT ( ) NAMED_UNIT ( * ) SI_UNIT ( .MILLI., .METRE. ) );
#51 = SURFACE_SIDE_STYLE ('',( #3552 ) ) ;
#52 = LINE ( 'NONE', #2701, #646 ) ;
#53 = COLOUR_RGB ( '',0.7921568627450980000, 0.8196078431372548800, 0.9333333333333333500 ) ;
#54 = VERTEX_POINT ( 'NONE', #1027 ) ;
#55 = LINE ( 'NONE', #3676, #3719 ) ;
#56 = FILL_AREA_STYLE_COLOUR ( '', #1698 ) ;
#57 = FACE_OUTER_BOUND ( 'NONE', #4504, .T. ) ;
#58 = EDGE_CURVE ( 'NONE', #4126, #2801, #3551, .T. ) ;
#59 = VERTEX_POINT ( 'NONE', #2480 ) ;
#60 = SURFACE_STYLE_USAGE ( .BOTH. , #43 ) ;
#61 = CARTESIAN_POINT ( 'NONE',  ( 1.045767653215896600, 0.7165353064317944200, 0.2333333333333336100 ) ) ;
#62 = PRESENTATION_LAYER_ASSIGNMENT (  '', '', ( #206 ) ) ;
#63 = STYLED_ITEM ( 'NONE', ( #3054 ), #22 ) ;
#64 = VERTEX_POINT ( 'NONE', #4268 ) ;
#65 =( NAMED_UNIT ( * ) SI_UNIT ( $, .STERADIAN. ) SOLID_ANGLE_UNIT ( ) );
#66 = PRESENTATION_LAYER_ASSIGNMENT (  '', '', ( #2914 ) ) ;
#67 = PLANE ( 'NONE',  #2178 ) ;
#68 = ORIENTED_EDGE ( 'NONE', *, *, #2927, .T. ) ;
#69 = VERTEX_POINT ( 'NONE', #4614 ) ;
#70 = CARTESIAN_POINT ( 'NONE',  ( 0.8249999999999999600, 0.2900000000000001500, 0.8836479909237158200 ) ) ;
#71 = UNCERTAINTY_MEASURE_WITH_UNIT (LENGTH_MEASURE( 1.000000000000000100E-005 ), #2179, 'distance_accuracy_value', 'NONE');
#72 = CARTESIAN_POINT ( 'NONE',  ( 0.0000000000000000000, 0.2749999999999999700, -1.000000000000000000 ) ) ;
#73 = CARTESIAN_POINT ( 'NONE',  ( 1.045767653215896600, 0.7165353064317944200, 0.4083333333333319900 ) ) ;
#74 = EDGE_CURVE ( 'NONE', #3790, #4259, #2503, .T. ) ;
#75 = CARTESIAN_POINT ( 'NONE',  ( -0.1583333333333444600, 0.4834646935682069800, -0.7957676532158967100 ) ) ;
#76 =( LENGTH_UNIT ( ) NAMED_UNIT ( * ) SI_UNIT ( .MILLI., .METRE. ) );
#77 =( NAMED_UNIT ( * ) PLANE_ANGLE_UNIT ( ) SI_UNIT ( $, .RADIAN. ) );
#78 = CARTESIAN_POINT ( 'NONE',  ( 0.6999999999999999600, 0.05000000000000042600, -1.000000000000000200 ) ) ;
#79 = UNCERTAINTY_MEASURE_WITH_UNIT (LENGTH_MEASURE( 1.000000000000000100E-005 ), #890, 'distance_accuracy_value', 'NONE');
#80 = VERTEX_POINT ( 'NONE', #1745 ) ;
#81 = ORIENTED_EDGE ( 'NONE', *, *, #2750, .F. ) ;
#82 = ORIENTED_EDGE ( 'NONE', *, *, #3742, .T. ) ;
#83 = VERTEX_POINT ( 'NONE', #745 ) ;
#84 = MECHANICAL_DESIGN_GEOMETRIC_PRESENTATION_REPRESENTATION (  '', ( #3350 ), #4075 ) ;
#85 = ORIENTED_EDGE ( 'NONE', *, *, #1654, .T. ) ;
#86 =( LENGTH_UNIT ( ) NAMED_UNIT ( * ) SI_UNIT ( .MILLI., .METRE. ) );
#87 = CARTESIAN_POINT ( 'NONE',  ( -0.9499999999999995100, 0.2750000000000000800, 0.9000000000000002400 ) ) ;
#88 = CARTESIAN_POINT ( 'NONE',  ( 0.6333333333333418500, 0.7165353064317944200, -0.7957676532158964900 ) ) ;
#89 = EDGE_CURVE ( 'NONE', #2312, #1032, #3430, .T. ) ;
#90 = ADVANCED_FACE ( 'NONE', ( #2381 ), #1820, .F. ) ;
#91 = PRESENTATION_STYLE_ASSIGNMENT (( #1854 ) ) ;
#92 = CARTESIAN_POINT ( 'NONE',  ( 1.045767653215896600, 0.4834646935682069800, 0.4083333333333319900 ) ) ;
#93 = DIRECTION ( 'NONE',  ( -0.0000000000000000000, -1.000000000000000000, -0.0000000000000000000 ) ) ;
#94 = VECTOR ( 'NONE', #975, 1000.000000000000000 ) ;
#95 = DIRECTION ( 'NONE',  ( -1.275531967630005000E-016, 8.297607182274969700E-032, -1.000000000000000000 ) ) ;
#96 = CARTESIAN_POINT ( 'NONE',  ( -1.250000000000000000, 0.05000000000000035000, 0.8499999999999998700 ) ) ;
#97 = SURFACE_STYLE_USAGE ( .BOTH. , #1835 ) ;
#98 = CARTESIAN_POINT ( 'NONE',  ( 0.8450000000000000800, 0.6000000000000004200, 1.550000000000000300 ) ) ;
#99 = FACE_OUTER_BOUND ( 'NONE', #3003, .T. ) ;
#100 = ORIENTED_EDGE ( 'NONE', *, *, #3533, .F. ) ;
#101 = STYLED_ITEM ( 'NONE', ( #2577 ), #517 ) ;
#102 = VERTEX_POINT ( 'NONE', #3133 ) ;
#103 = CARTESIAN_POINT ( 'NONE',  ( -1.045767653215896600, 0.7165353064317944200, 0.1166666666666697800 ) ) ;
#104 = VECTOR ( 'NONE', #2279, 1000.000000000000000 ) ;
#105 = EDGE_LOOP ( 'NONE', ( #4496, #716, #1315, #282 ) ) ;
#106 = FACE_OUTER_BOUND ( 'NONE', #2849, .T. ) ;
#107 = DIRECTION ( 'NONE',  ( 2.915954978783975800E-031, 1.000000000000000000, -2.891205793294687300E-015 ) ) ;
#108 = CARTESIAN_POINT ( 'NONE',  ( -0.6333333333333403000, 0.9250000000000011500, -0.8999999999999998000 ) ) ;
#109 = DIRECTION ( 'NONE',  ( 0.0000000000000000000, 5.082197683525788600E-015, 1.000000000000000000 ) ) ;
#110 = CARTESIAN_POINT ( 'NONE',  ( 0.1583333333333332400, 0.4834646935682069800, 0.7957676532158967100 ) ) ;
#111 = FILL_AREA_STYLE ('',( #4371 ) ) ;
#112 = VECTOR ( 'NONE', #4178, 1000.000000000000000 ) ;
#113 = VECTOR ( 'NONE', #1936, 1000.000000000000000 ) ;
#114 = EDGE_CURVE ( 'NONE', #3290, #4209, #4426, .T. ) ;
#115 = VERTEX_POINT ( 'NONE', #784 ) ;
#116 = FILL_AREA_STYLE ('',( #2618 ) ) ;
#117 = DIRECTION ( 'NONE',  ( -1.000000000000000000, 0.0000000000000000000, -1.008560160451631500E-016 ) ) ;
#118 = TOROIDAL_SURFACE ( 'NONE', #2166, 0.01500000000000014500, 0.02000000000000000000 ) ;
#119 = ADVANCED_FACE ( 'NONE', ( #2767 ), #1673, .T. ) ;
#120 = CARTESIAN_POINT ( 'NONE',  ( -1.149999999999999500, 0.2750000000000000200, 0.4666666666666663400 ) ) ;
#121 =( NAMED_UNIT ( * ) PLANE_ANGLE_UNIT ( ) SI_UNIT ( $, .RADIAN. ) );
#122 = LINE ( 'NONE', #3135, #2949 ) ;
#123 = ORIENTED_EDGE ( 'NONE', *, *, #1933, .F. ) ;
#124 = COLOUR_RGB ( '',0.2509803921568627400, 0.2509803921568627400, 0.2509803921568627400 ) ;
#125 = CARTESIAN_POINT ( 'NONE',  ( -1.249999999999999800, 1.888477631085024000, -0.8500000000000000900 ) ) ;
#126 = SURFACE_SIDE_STYLE ('',( #1030 ) ) ;
#127 = DIRECTION ( 'NONE',  ( -2.915954978783976200E-031, -1.000000000000000000, 2.891205793294687300E-015 ) ) ;
#128 = CARTESIAN_POINT ( 'NONE',  ( 1.149934587401703700, 0.9250000000000011500, 0.7523523450256495200 ) ) ;
#129 = ORIENTED_EDGE ( 'NONE', *, *, #2098, .T. ) ;
#130 = PRESENTATION_LAYER_ASSIGNMENT (  '', '', ( #511 ) ) ;
#131 = CARTESIAN_POINT ( 'NONE',  ( -0.8449999999999999700, 0.05000000000000020400, 0.8499999999999997600 ) ) ;
#132 = PRESENTATION_LAYER_ASSIGNMENT (  '', '', ( #3545 ) ) ;
#133 = CARTESIAN_POINT ( 'NONE',  ( 0.6999999999999999600, 0.05000000000000042600, -1.000000000000000200 ) ) ;
#134 = VERTEX_POINT ( 'NONE', #1190 ) ;
#135 =( GEOMETRIC_REPRESENTATION_CONTEXT ( 3 ) GLOBAL_UNCERTAINTY_ASSIGNED_CONTEXT ( ( #3572 ) ) GLOBAL_UNIT_ASSIGNED_CONTEXT ( ( #635, #2406, #4531 ) ) REPRESENTATION_CONTEXT ( 'NONE', 'WORKASPACE' ) );
#136 = DIRECTION ( 'NONE',  ( 0.0000000000000000000, -2.710505431213754000E-015, -1.000000000000000000 ) ) ;
#137 = DIRECTION ( 'NONE',  ( -1.000000000000000000, 0.0000000000000000000, 0.0000000000000000000 ) ) ;
#138 = DIRECTION ( 'NONE',  ( 0.0000000000000000000, -1.000000000000000000, 0.0000000000000000000 ) ) ;
#139 =( BOUNDED_SURFACE ( )  B_SPLINE_SURFACE ( 3, 3, ( 
 ( #3305, #4050, #149, #3974, #2689, #4130, #189, #3733, #2315, #2678, #568, #535, #3026, #2663, #211, #3711, #4086, #3376, #1574, #3388, #1542, #4421, #3064, #3765, #2341, #4487, #1606, #1237, #2290, #4473, #1560, #3740, #4105, #3016, #1953, #198, #166, #3752, #555, #909, #1250, #1925, #2646, #4461, #3046, #4437, #3404, #870, #4070, #2302, #522, #515, #893, #1943, #3398, #2997, #1590, #851, #4119, #1972, #3361, #1207, #589, #605, #2731, #261 ),
 ( #3835, #3823, #3422, #939, #3794, #3081, #4557, #1619, #1665, #2371, #969, #620, #4196, #1302, #2046, #1290, #1685, #1987, #2360, #4519, #1648, #3439, #1327, #4502, #925, #3453, #3127, #2422, #1275, #245, #232, #3811, #2716, #581, #2393, #4148, #3142, #3780, #1634, #1998, #3091, #2010, #4185, #3464, #291, #2743, #3110, #950, #2026, #4543, #2407, #281, #2756, #985, #1316, #2777, #637, #3487, #1739, #3212, #2470, #2063, #3521, #17, #1367, #2489 ),
 ( #324, #2816, #3174, #1356, #1044, #4605, #3865, #363, #4577, #2830, #1720, #4248, #2097, #679, #1000, #2131, #2509, #3185, #3555, #2843, #3158, #3904, #4217, #2440, #2791, #653, #3503, #1339, #3849, #4234, #2883, #3950, #1771, #3594, #1473, #1457, #88, #2536, #2521, #403, #4337, #376, #764, #3252, #2182, #1442, #4353, #1782, #3265, #4320, #61, #73, #2170, #2549, #4291, #2149, #2863, #3577, #391, #719, #1422, #3625, #3225, #2215, #734, #1100 ),
 ( #1118, #3242, #2898, #1087, #754, #1072, #438, #3921, #4308, #1825, #3934, #1801, #1816, #2567, #2926, #421, #778, #2908, #3284, #1136, #1535, #3337, #4063, #3314, #3722, #3986, #2232, #1870, #3685, #108, #2629, #1898, #2594, #2986, #832, #4404, #1522, #1919, #4004, #845, #2258, #142, #2282, #4384, #491, #455, #2943, #800, #1154, #2243, #3296, #3670, #2297, #3653, #172, #128, #1184, #1510, #2973, #4039, #4022, #1489, #2612, #4416, #815, #1214 ) ),
 .UNSPECIFIED., .F., .T., .F. ) 
 B_SPLINE_SURFACE_WITH_KNOTS ( ( 4, 4 ),
 ( 4, 2, 2, 2, 2, 2, 2, 2, 2, 2, 2, 2, 2, 2, 2, 2, 2, 2, 2, 2, 2, 2, 2, 2, 2, 2, 2, 2, 2, 2, 2, 2, 4 ),
 ( 0.0000000000000000000, 1.000000000000000000 ),
 ( 0.0000000000000000000, 0.06045843740593843900, 0.09068765610890766600, 0.1209168748118768800, 0.1409101151068258300, 0.1609033554017747800, 0.1831775165513310800, 0.2054516777008873500, 0.2499999999999998900, 0.2945483222991124300, 0.3168224834486687000, 0.3390966445982250300, 0.3590898848931740100, 0.3790831251881229800, 0.4093123438910922800, 0.4395415625940615200, 0.5000000000000000000, 0.5604584374059384800, 0.5906876561089077200, 0.6209168748118769600, 0.6409101151068259400, 0.6609033554017748100, 0.6831775165513311900, 0.7054516777008874600, 0.7500000000000000000, 0.7945483222991125400, 0.8168224834486688100, 0.8390966445982250800, 0.8590898848931740600, 0.8790831251881229300, 0.9093123438910921700, 0.9395415625940615200, 1.000000000000000000 ),
 .UNSPECIFIED. ) 
 GEOMETRIC_REPRESENTATION_ITEM ( )  RATIONAL_B_SPLINE_SURFACE ( (
 ( 1.000000000000000000, 1.000000000000000000, 1.000000000000000000, 1.000000000000000000, 1.000000000000000000, 1.000000000000000000, 1.000000000000000000, 1.000000000000000000, 1.000000000000000000, 1.000000000000000000, 1.000000000000000000, 1.000000000000000000, 1.000000000000000000, 1.000000000000000000, 1.000000000000000000, 1.000000000000000000, 1.000000000000000000, 1.000000000000000000, 1.000000000000000000, 1.000000000000000000, 1.000000000000000000, 1.000000000000000000, 1.000000000000000000, 1.000000000000000000, 1.000000000000000000, 1.000000000000000000, 1.000000000000000000, 1.000000000000000000, 1.000000000000000000, 1.000000000000000000, 1.000000000000000000, 1.000000000000000000, 1.000000000000000000, 1.000000000000000000, 1.000000000000000000, 1.000000000000000000, 1.000000000000000000, 1.000000000000000000, 1.000000000000000000, 1.000000000000000000, 1.000000000000000000, 1.000000000000000000, 1.000000000000000000, 1.000000000000000000, 1.000000000000000000, 1.000000000000000000, 1.000000000000000000, 1.000000000000000000, 1.000000000000000000, 1.000000000000000000, 1.000000000000000000, 1.000000000000000000, 1.000000000000000000, 1.000000000000000000, 1.000000000000000000, 1.000000000000000000, 1.000000000000000000, 1.000000000000000000, 1.000000000000000000, 1.000000000000000000, 1.000000000000000000, 1.000000000000000000, 1.000000000000000000, 1.000000000000000000, 1.000000000000000000, 1.000000000000000000),
 ( 0.9296181273332770900, 0.9296181273332770900, 0.9296181273332770900, 0.9296181273332770900, 0.9296181273332770900, 0.9296181273332770900, 0.9296181273332770900, 0.9296181273332770900, 0.9296181273332770900, 0.9296181273332770900, 0.9296181273332770900, 0.9296181273332770900, 0.9296181273332770900, 0.9296181273332770900, 0.9296181273332770900, 0.9296181273332770900, 0.9296181273332770900, 0.9296181273332770900, 0.9296181273332770900, 0.9296181273332770900, 0.9296181273332770900, 0.9296181273332770900, 0.9296181273332770900, 0.9296181273332770900, 0.9296181273332770900, 0.9296181273332770900, 0.9296181273332770900, 0.9296181273332770900, 0.9296181273332770900, 0.9296181273332770900, 0.9296181273332770900, 0.9296181273332770900, 0.9296181273332770900, 0.9296181273332770900, 0.9296181273332770900, 0.9296181273332770900, 0.9296181273332770900, 0.9296181273332770900, 0.9296181273332770900, 0.9296181273332770900, 0.9296181273332770900, 0.9296181273332770900, 0.9296181273332770900, 0.9296181273332770900, 0.9296181273332770900, 0.9296181273332770900, 0.9296181273332770900, 0.9296181273332770900, 0.9296181273332770900, 0.9296181273332770900, 0.9296181273332770900, 0.9296181273332770900, 0.9296181273332770900, 0.9296181273332770900, 0.9296181273332770900, 0.9296181273332770900, 0.9296181273332770900, 0.9296181273332770900, 0.9296181273332770900, 0.9296181273332770900, 0.9296181273332770900, 0.9296181273332770900, 0.9296181273332770900, 0.9296181273332770900, 0.9296181273332770900, 0.9296181273332770900),
 ( 0.9296181273332770900, 0.9296181273332770900, 0.9296181273332770900, 0.9296181273332770900, 0.9296181273332770900, 0.9296181273332770900, 0.9296181273332770900, 0.9296181273332770900, 0.9296181273332770900, 0.9296181273332770900, 0.9296181273332770900, 0.9296181273332770900, 0.9296181273332770900, 0.9296181273332770900, 0.9296181273332770900, 0.9296181273332770900, 0.9296181273332770900, 0.9296181273332770900, 0.9296181273332770900, 0.9296181273332770900, 0.9296181273332770900, 0.9296181273332770900, 0.9296181273332770900, 0.9296181273332770900, 0.9296181273332770900, 0.9296181273332770900, 0.9296181273332770900, 0.9296181273332770900, 0.9296181273332770900, 0.9296181273332770900, 0.9296181273332770900, 0.9296181273332770900, 0.9296181273332770900, 0.9296181273332770900, 0.9296181273332770900, 0.9296181273332770900, 0.9296181273332770900, 0.9296181273332770900, 0.9296181273332770900, 0.9296181273332770900, 0.9296181273332770900, 0.9296181273332770900, 0.9296181273332770900, 0.9296181273332770900, 0.9296181273332770900, 0.9296181273332770900, 0.9296181273332770900, 0.9296181273332770900, 0.9296181273332770900, 0.9296181273332770900, 0.9296181273332770900, 0.9296181273332770900, 0.9296181273332770900, 0.9296181273332770900, 0.9296181273332770900, 0.9296181273332770900, 0.9296181273332770900, 0.9296181273332770900, 0.9296181273332770900, 0.9296181273332770900, 0.9296181273332770900, 0.9296181273332770900, 0.9296181273332770900, 0.9296181273332770900, 0.9296181273332770900, 0.9296181273332770900),
 ( 1.000000000000000000, 1.000000000000000000, 1.000000000000000000, 1.000000000000000000, 1.000000000000000000, 1.000000000000000000, 1.000000000000000000, 1.000000000000000000, 1.000000000000000000, 1.000000000000000000, 1.000000000000000000, 1.000000000000000000, 1.000000000000000000, 1.000000000000000000, 1.000000000000000000, 1.000000000000000000, 1.000000000000000000, 1.000000000000000000, 1.000000000000000000, 1.000000000000000000, 1.000000000000000000, 1.000000000000000000, 1.000000000000000000, 1.000000000000000000, 1.000000000000000000, 1.000000000000000000, 1.000000000000000000, 1.000000000000000000, 1.000000000000000000, 1.000000000000000000, 1.000000000000000000, 1.000000000000000000, 1.000000000000000000, 1.000000000000000000, 1.000000000000000000, 1.000000000000000000, 1.000000000000000000, 1.000000000000000000, 1.000000000000000000, 1.000000000000000000, 1.000000000000000000, 1.000000000000000000, 1.000000000000000000, 1.000000000000000000, 1.000000000000000000, 1.000000000000000000, 1.000000000000000000, 1.000000000000000000, 1.000000000000000000, 1.000000000000000000, 1.000000000000000000, 1.000000000000000000, 1.000000000000000000, 1.000000000000000000, 1.000000000000000000, 1.000000000000000000, 1.000000000000000000, 1.000000000000000000, 1.000000000000000000, 1.000000000000000000, 1.000000000000000000, 1.000000000000000000, 1.000000000000000000, 1.000000000000000000, 1.000000000000000000, 1.000000000000000000) ) ) 
 REPRESENTATION_ITEM ( '' )  SURFACE ( )  );
#140 = FILL_AREA_STYLE_COLOUR ( '', #2712 ) ;
#141 = CARTESIAN_POINT ( 'NONE',  ( -0.8000000000000017100, 1.200000000000000000, -0.7999999999999981600 ) ) ;
#142 = CARTESIAN_POINT ( 'NONE',  ( 1.128901374500358000, 0.9250000000000011500, -0.8039413379742695900 ) ) ;
#143 = EDGE_CURVE ( 'NONE', #2746, #3290, #1918, .T. ) ;
#144 = ADVANCED_FACE ( 'NONE', ( #749 ), #867, .T. ) ;
#145 = VERTEX_POINT ( 'NONE', #480 ) ;
#146 = VERTEX_POINT ( 'NONE', #1516 ) ;
#147 = CARTESIAN_POINT ( 'NONE',  ( -0.6999999999999995100, 0.05000000000000007900, -1.000000000000000200 ) ) ;
#148 = CARTESIAN_POINT ( 'NONE',  ( -0.5500000000000000400, 1.888477631085024000, 0.8499999999999998700 ) ) ;
#149 = CARTESIAN_POINT ( 'NONE',  ( -0.3166666666666636500, 0.2750000000000000200, 0.8999999999999914700 ) ) ;
#150 = ORIENTED_EDGE ( 'NONE', *, *, #2582, .T. ) ;
#151 = VECTOR ( 'NONE', #1628, 1000.000000000000000 ) ;
#152 = VERTEX_POINT ( 'NONE', #3291 ) ;
#153 = DIRECTION ( 'NONE',  ( 0.0000000000000000000, 0.0000000000000000000, -1.000000000000000000 ) ) ;
#154 = ORIENTED_EDGE ( 'NONE', *, *, #1713, .F. ) ;
#155 = VECTOR ( 'NONE', #2162, 1000.000000000000000 ) ;
#156 = AXIS2_PLACEMENT_3D ( 'NONE', #2907, #3264, #1456 ) ;
#157 = CARTESIAN_POINT ( 'NONE',  ( 0.8249999999999999600, 0.03500000000000036400, 0.9000000000000010200 ) ) ;
#158 = CARTESIAN_POINT ( 'NONE',  ( 0.0000000000000000000, 1.200000000000000000, -1.000000000000000000 ) ) ;
#159 = SURFACE_STYLE_USAGE ( .BOTH. , #1897 ) ;
#160 = DIRECTION ( 'NONE',  ( 0.0000000000000000000, 0.0000000000000000000, -1.000000000000000000 ) ) ;
#161 = EDGE_CURVE ( 'NONE', #2308, #839, #4561, .T. ) ;
#162 = CARTESIAN_POINT ( 'NONE',  ( -1.249999999999999800, 0.05000000000000035000, -0.8500000000000000900 ) ) ;
#163 = PRESENTATION_STYLE_ASSIGNMENT (( #2154 ) ) ;
#164 = VERTEX_POINT ( 'NONE', #4395 ) ;
#165 = CARTESIAN_POINT ( 'NONE',  ( -1.091421356183549500, 0.2750000000000009700, -0.8414213562910692900 ) ) ;
#166 = CARTESIAN_POINT ( 'NONE',  ( 0.6333333333333416300, 0.2750000000000000200, -0.8999999999999999100 ) ) ;
#167 = VECTOR ( 'NONE', #2516, 1000.000000000000000 ) ;
#168 = ADVANCED_FACE ( 'NONE', ( #1984 ), #1680, .T. ) ;
#169 = EDGE_CURVE ( 'NONE', #3993, #3635, #4285, .T. ) ;
#170 = DIRECTION ( 'NONE',  ( 0.0000000000000000000, 5.421010862427523000E-015, 1.000000000000000000 ) ) ;
#171 = PLANE ( 'NONE',  #3681 ) ;
#172 = CARTESIAN_POINT ( 'NONE',  ( 1.150072875168515600, 0.9250000000000011500, 0.6416750585470066800 ) ) ;
#173 = SURFACE_STYLE_FILL_AREA ( #4485 ) ;
#174 = LINE ( 'NONE', #2278, #2992 ) ;
#175 = VECTOR ( 'NONE', #1193, 1000.000000000000000 ) ;
#176 = ORIENTED_EDGE ( 'NONE', *, *, #4443, .T. ) ;
#177 = EDGE_CURVE ( 'NONE', #115, #1424, #626, .T. ) ;
#178 = ORIENTED_EDGE ( 'NONE', *, *, #833, .T. ) ;
#179 = ORIENTED_EDGE ( 'NONE', *, *, #1748, .F. ) ;
#180 = DIRECTION ( 'NONE',  ( -0.0000000000000000000, -0.0000000000000000000, 1.000000000000000000 ) ) ;
#181 = EDGE_LOOP ( 'NONE', ( #3301, #4453, #3134, #1443 ) ) ;
#182 = STYLED_ITEM ( 'NONE', ( #1204 ), #2284 ) ;
#183 = CARTESIAN_POINT ( 'NONE',  ( -1.150072875168515000, 0.2750000000000000200, -0.6416750585464956500 ) ) ;
#184 = DIRECTION ( 'NONE',  ( -0.0000000000000000000, -1.000000000000000000, -0.0000000000000000000 ) ) ;
#185 = CARTESIAN_POINT ( 'NONE',  ( -0.1277777777777763500, 0.5888888888888941200, 0.1777777777777793400 ) ) ;
#186 = ADVANCED_FACE ( 'NONE', ( #3603 ), #139, .T. ) ;
#187 = MECHANICAL_DESIGN_GEOMETRIC_PRESENTATION_REPRESENTATION (  '', ( #413 ), #938 ) ;
#188 = CARTESIAN_POINT ( 'NONE',  ( -0.8049999999999999400, 0.05000000000000042600, 0.9000000000000004700 ) ) ;
#189 = CARTESIAN_POINT ( 'NONE',  ( -0.8708447223137780700, 0.2750000000000000200, 0.9000989020144053400 ) ) ;
#190 = PLANE ( 'NONE',  #993 ) ;
#191 = ORIENTED_EDGE ( 'NONE', *, *, #758, .F. ) ;
#192 = PRODUCT ( 'IFSC1008ABER1R0M01', 'IFSC1008ABER1R0M01', '', ( #578 ) ) ;
#193 = CARTESIAN_POINT ( 'NONE',  ( -1.250000000000000000, 1.200000000000000000, -1.000000000000000000 ) ) ;
#194 = DIRECTION ( 'NONE',  ( 1.000000000000000000, 0.0000000000000000000, -1.008560160451631500E-016 ) ) ;
#195 = ORIENTED_EDGE ( 'NONE', *, *, #4221, .T. ) ;
#196 = PRESENTATION_LAYER_ASSIGNMENT (  '', '', ( #3202 ) ) ;
#197 = CARTESIAN_POINT ( 'NONE',  ( -0.8049999999999999400, 0.2900000000000000400, 0.8927139131245819300 ) ) ;
#198 = CARTESIAN_POINT ( 'NONE',  ( 0.5541666666666734700, 0.2750000000000000200, -0.9000000000000042400 ) ) ;
#199 = CARTESIAN_POINT ( 'NONE',  ( 0.9887122884057428800, 0.7165353064317944200, -0.7957363311607520400 ) ) ;
#200 = SURFACE_STYLE_FILL_AREA ( #859 ) ;
#201 = EDGE_CURVE ( 'NONE', #786, #2609, #2995, .T. ) ;
#202 = PRESENTATION_LAYER_ASSIGNMENT (  '', '', ( #4323 ) ) ;
#203 = CARTESIAN_POINT ( 'NONE',  ( 0.8449999999999999700, 0.2900000000000000400, 0.8927139131245819300 ) ) ;
#204 = ORIENTED_EDGE ( 'NONE', *, *, #3925, .T. ) ;
#205 = VERTEX_POINT ( 'NONE', #2655 ) ;
#206 = STYLED_ITEM ( 'NONE', ( #1505 ), #3298 ) ;
#207 = AXIS2_PLACEMENT_3D ( 'NONE', #3956, #444, #1143 ) ;
#208 = SURFACE_STYLE_FILL_AREA ( #3893 ) ;
#209 = CARTESIAN_POINT ( 'NONE',  ( 0.0000000000000000000, 0.9249999999999999300, 1.000000000000000000 ) ) ;
#210 = CARTESIAN_POINT ( 'NONE',  ( -0.9482803179626863000, 0.9250000000000004900, 0.9000000000000003600 ) ) ;
#211 = CARTESIAN_POINT ( 'NONE',  ( -1.149999999999987000, 0.2750000000000000200, 0.4083333333333353200 ) ) ;
#212 = MECHANICAL_DESIGN_GEOMETRIC_PRESENTATION_REPRESENTATION (  '', ( #302 ), #449 ) ;
#213 = CARTESIAN_POINT ( 'NONE',  ( 0.9997710900495795400, 0.7165353064317944200, -0.7856648239649822700 ) ) ;
#214 = VECTOR ( 'NONE', #1971, 1000.000000000000000 ) ;
#215 = DIRECTION ( 'NONE',  ( -0.7071067811865460200, 0.0000000000000000000, 0.7071067811865490200 ) ) ;
#216 = CARTESIAN_POINT ( 'NONE',  ( 0.9499999999999998400, 0.05000000000000023900, -1.000000000000000200 ) ) ;
#217 = CARTESIAN_POINT ( 'NONE',  ( 0.8331793938475513500, 0.3083688198498280000, 0.8843598949601797500 ) ) ;
#218 = DIRECTION ( 'NONE',  ( -0.0000000000000000000, -1.000000000000000000, -0.0000000000000000000 ) ) ;
#219 = PRESENTATION_STYLE_ASSIGNMENT (( #648 ) ) ;
#220 = LINE ( 'NONE', #1257, #3342 ) ;
#221 = CARTESIAN_POINT ( 'NONE',  ( 0.8049999999999999400, 0.05000000000000042600, 0.9000000000000004700 ) ) ;
#222 = CARTESIAN_POINT ( 'NONE',  ( -0.8249999999999999600, 0.03500000000000019100, 0.8499999999999997600 ) ) ;
#223 = DIRECTION ( 'NONE',  ( -1.000000000000000000, 0.0000000000000000000, -0.0000000000000000000 ) ) ;
#224 = ORIENTED_EDGE ( 'NONE', *, *, #3258, .F. ) ;
#225 = DIRECTION ( 'NONE',  ( 0.0000000000000000000, 0.0000000000000000000, -1.000000000000000000 ) ) ;
#226 = VECTOR ( 'NONE', #2614, 1000.000000000000000 ) ;
#227 = CARTESIAN_POINT ( 'NONE',  ( 0.0000000000000000000, 0.2749999999999999700, 1.000000000000000000 ) ) ;
#228 = ORIENTED_EDGE ( 'NONE', *, *, #2836, .F. ) ;
#229 = CARTESIAN_POINT ( 'NONE',  ( -0.8202169588818135600, 0.3095513677165942500, 0.8838433441261749300 ) ) ;
#230 = SURFACE_STYLE_USAGE ( .BOTH. , #2359 ) ;
#231 = DIRECTION ( 'NONE',  ( -1.000000000000000000, 0.0000000000000000000, -0.0000000000000000000 ) ) ;
#232 = CARTESIAN_POINT ( 'NONE',  ( -0.5541666666666583700, 0.4834646935682069800, -0.7957676532158920500 ) ) ;
#233 = ADVANCED_FACE ( 'NONE', ( #2158 ), #3355, .T. ) ;
#234 =( LENGTH_UNIT ( ) NAMED_UNIT ( * ) SI_UNIT ( .MILLI., .METRE. ) );
#235 = AXIS2_PLACEMENT_3D ( 'NONE', #4227, #3101, #990 ) ;
#236 = CARTESIAN_POINT ( 'NONE',  ( 0.8446834200635329200, 0.2941013640164282800, 0.8907916032078663200 ) ) ;
#237 = EDGE_CURVE ( 'NONE', #3263, #1650, #4335, .T. ) ;
#238 = CARTESIAN_POINT ( 'NONE',  ( 1.250000000000000000, 0.0000000000000000000, 0.8499999999999998700 ) ) ;
#239 = CARTESIAN_POINT ( 'NONE',  ( -1.149934587401909800, 0.2750000000000000200, 0.7523523450251469200 ) ) ;
#240 = EDGE_LOOP ( 'NONE', ( #3846, #2783, #3200, #3864 ) ) ;
#241 = CARTESIAN_POINT ( 'NONE',  ( 0.8249999999999998400, 0.05000000000000042600, 0.9000000000000004700 ) ) ;
#242 =( GEOMETRIC_REPRESENTATION_CONTEXT ( 3 ) GLOBAL_UNCERTAINTY_ASSIGNED_CONTEXT ( ( #1347 ) ) GLOBAL_UNIT_ASSIGNED_CONTEXT ( ( #496, #3346, #1528 ) ) REPRESENTATION_CONTEXT ( 'NONE', 'WORKASPACE' ) );
#243 =( LENGTH_UNIT ( ) NAMED_UNIT ( * ) SI_UNIT ( .MILLI., .METRE. ) );
#244 = FILL_AREA_STYLE ('',( #2329 ) ) ;
#245 = CARTESIAN_POINT ( 'NONE',  ( -0.6333333333333404100, 0.4834646935682069800, -0.7957676532158960400 ) ) ;
#246 = ORIENTED_EDGE ( 'NONE', *, *, #4367, .T. ) ;
#247 = VERTEX_POINT ( 'NONE', #2353 ) ;
#248 = DIRECTION ( 'NONE',  ( -0.4472135954999622000, 0.8944271909999137500, 0.0000000000000000000 ) ) ;
#249 = FILL_AREA_STYLE ('',( #2718 ) ) ;
#250 = PLANE ( 'NONE',  #330 ) ;
#251 = ORIENTED_EDGE ( 'NONE', *, *, #1713, .T. ) ;
#252 = EDGE_LOOP ( 'NONE', ( #2961, #385, #1626, #1603 ) ) ;
#253 = PLANE ( 'NONE',  #1023 ) ;
#254 = B_SPLINE_CURVE_WITH_KNOTS ( 'NONE', 3,
 ( #506, #2985, #2578, #812 ),
 .UNSPECIFIED., .F., .F.,
 ( 4, 4 ),
 ( 0.0000000000000000000, 1.000000000000000000 ),
 .UNSPECIFIED. ) ;
#255 = FACE_OUTER_BOUND ( 'NONE', #3744, .T. ) ;
#256 = EDGE_CURVE ( 'NONE', #3738, #4137, #1547, .T. ) ;
#257 = SURFACE_STYLE_USAGE ( .BOTH. , #2404 ) ;
#258 = PLANE ( 'NONE',  #2608 ) ;
#259 = DIRECTION ( 'NONE',  ( 1.000000000000000000, 0.0000000000000000000, -1.008560160451631500E-016 ) ) ;
#260 = VECTOR ( 'NONE', #4486, 1000.000000000000000 ) ;
#261 = CARTESIAN_POINT ( 'NONE',  ( -2.710505431213761100E-017, 0.2750000000000000200, 0.9000000000000000200 ) ) ;
#262 = LINE ( 'NONE', #3682, #104 ) ;
#263 = AXIS2_PLACEMENT_3D ( 'NONE', #1589, #4068, #1529 ) ;
#264 = SURFACE_SIDE_STYLE ('',( #3597 ) ) ;
#265 = DIRECTION ( 'NONE',  ( 0.0000000000000000000, -1.000000000000000000, 0.0000000000000000000 ) ) ;
#266 = FACE_OUTER_BOUND ( 'NONE', #1486, .T. ) ;
#267 = SURFACE_SIDE_STYLE ('',( #1397 ) ) ;
#268 = CARTESIAN_POINT ( 'NONE',  ( 1.250000000000000000, 0.0000000000000000000, 0.8499999999999998700 ) ) ;
#269 = EDGE_LOOP ( 'NONE', ( #1179, #1376, #2192, #4332 ) ) ;
#270 = LINE ( 'NONE', #2788, #3049 ) ;
#271 =( GEOMETRIC_REPRESENTATION_CONTEXT ( 3 ) GLOBAL_UNCERTAINTY_ASSIGNED_CONTEXT ( ( #1544 ) ) GLOBAL_UNIT_ASSIGNED_CONTEXT ( ( #50, #2911, #2540 ) ) REPRESENTATION_CONTEXT ( 'NONE', 'WORKASPACE' ) );
#272 = CARTESIAN_POINT ( 'NONE',  ( -0.6333333333333229800, 0.2750000000000000200, 0.9000000000000001300 ) ) ;
#273 = FILL_AREA_STYLE ('',( #2401 ) ) ;
#274 = VECTOR ( 'NONE', #420, 1000.000000000000000 ) ;
#275 = UNCERTAINTY_MEASURE_WITH_UNIT (LENGTH_MEASURE( 1.000000000000000100E-005 ), #1881, 'distance_accuracy_value', 'NONE');
#276 = ORIENTED_EDGE ( 'NONE', *, *, #1040, .T. ) ;
#277 = MECHANICAL_DESIGN_GEOMETRIC_PRESENTATION_REPRESENTATION (  '', ( #2418 ), #882 ) ;
#278 = PLANE ( 'NONE',  #531 ) ;
#279 = CARTESIAN_POINT ( 'NONE',  ( 1.049999999999999400, 0.0000000000000000000, 1.000000000000000000 ) ) ;
#280 = SURFACE_STYLE_USAGE ( .BOTH. , #1618 ) ;
#281 = CARTESIAN_POINT ( 'NONE',  ( 1.045767653215896600, 0.4834646935682069800, 0.4083333333333319900 ) ) ;
#282 = ORIENTED_EDGE ( 'NONE', *, *, #2727, .F. ) ;
#283 =( LENGTH_UNIT ( ) NAMED_UNIT ( * ) SI_UNIT ( .MILLI., .METRE. ) );
#284 =( LENGTH_UNIT ( ) NAMED_UNIT ( * ) SI_UNIT ( .MILLI., .METRE. ) );
#285 = EDGE_CURVE ( 'NONE', #371, #2005, #2, .T. ) ;
#286 = ORIENTED_EDGE ( 'NONE', *, *, #4430, .T. ) ;
#287 = EDGE_LOOP ( 'NONE', ( #3201, #2195, #4139, #650 ) ) ;
#288 = ORIENTED_EDGE ( 'NONE', *, *, #4407, .T. ) ;
#289 = CARTESIAN_POINT ( 'NONE',  ( -0.8249999999999998400, 0.3100000000000001600, 0.8836479909237159300 ) ) ;
#290 = ORIENTED_EDGE ( 'NONE', *, *, #3850, .T. ) ;
#291 = CARTESIAN_POINT ( 'NONE',  ( 1.045767653215896600, 0.4834646935682069800, -0.5833333333333354800 ) ) ;
#292 = EDGE_CURVE ( 'NONE', #2631, #563, #1082, .T. ) ;
#293 = CARTESIAN_POINT ( 'NONE',  ( 1.045736331160749300, 0.7165353064317944200, 0.7387122884057486500 ) ) ;
#294 = MECHANICAL_DESIGN_GEOMETRIC_PRESENTATION_REPRESENTATION (  '', ( #206 ), #4294 ) ;
#295 = DIRECTION ( 'NONE',  ( 0.0000000000000000000, 0.0000000000000000000, -1.000000000000000000 ) ) ;
#296 =( NAMED_UNIT ( * ) PLANE_ANGLE_UNIT ( ) SI_UNIT ( $, .RADIAN. ) );
#297 = PRESENTATION_LAYER_ASSIGNMENT (  '', '', ( #63 ) ) ;
#298 = ORIENTED_EDGE ( 'NONE', *, *, #1155, .F. ) ;
#299 = FILL_AREA_STYLE_COLOUR ( '', #2254 ) ;
#300 = ORIENTED_EDGE ( 'NONE', *, *, #21, .F. ) ;
#301 = ORIENTED_EDGE ( 'NONE', *, *, #1725, .T. ) ;
#302 = STYLED_ITEM ( 'NONE', ( #4565 ), #4431 ) ;
#303 = DIRECTION ( 'NONE',  ( -1.000000000000000000, 6.505213034913026600E-016, -4.336808689942017700E-016 ) ) ;
#304 = FILL_AREA_STYLE_COLOUR ( '', #1841 ) ;
#305 = ORIENTED_EDGE ( 'NONE', *, *, #2864, .T. ) ;
#306 = VERTEX_POINT ( 'NONE', #1615 ) ;
#307 = EDGE_LOOP ( 'NONE', ( #664, #1649, #3366, #406 ) ) ;
#308 = EDGE_CURVE ( 'NONE', #1424, #4242, #3094, .T. ) ;
#309 = CARTESIAN_POINT ( 'NONE',  ( 0.7916666666666520900, 0.9250000000000011500, -0.9000000000000000200 ) ) ;
#310 = CIRCLE ( 'NONE', #705, 0.02000000000000000000 ) ;
#311 = FILL_AREA_STYLE_COLOUR ( '', #2212 ) ;
#312 = DIRECTION ( 'NONE',  ( -1.000000000000000000, 6.505213034913026600E-016, 0.0000000000000000000 ) ) ;
#313 = DIRECTION ( 'NONE',  ( -0.0000000000000000000, -0.0000000000000000000, 1.000000000000000000 ) ) ;
#314 = VECTOR ( 'NONE', #127, 1000.000000000000000 ) ;
#315 = ORIENTED_EDGE ( 'NONE', *, *, #1447, .F. ) ;
#316 = LINE ( 'NONE', #3698, #2432 ) ;
#317 = CARTESIAN_POINT ( 'NONE',  ( -1.002352345025650600, 0.2750000000000000200, -0.8999345874017089500 ) ) ;
#318 = CARTESIAN_POINT ( 'NONE',  ( 0.8249999999999998400, 0.01500000000000019500, 0.8499999999999997600 ) ) ;
#319 = ORIENTED_EDGE ( 'NONE', *, *, #3122, .T. ) ;
#320 = EDGE_CURVE ( 'NONE', #2589, #463, #1874, .T. ) ;
#321 = LINE ( 'NONE', #2049, #2930 ) ;
#322 = SURFACE_STYLE_USAGE ( .BOTH. , #2044 ) ;
#323 = CARTESIAN_POINT ( 'NONE',  ( 1.049999999999999400, 1.200000000000000000, 1.000000000000000000 ) ) ;
#324 = CARTESIAN_POINT ( 'NONE',  ( -2.915719209337254000E-017, 0.7165353064317944200, 0.7957676532158967100 ) ) ;
#325 = AXIS2_PLACEMENT_3D ( 'NONE', #241, #1601, #225 ) ;
#326 = SURFACE_STYLE_FILL_AREA ( #1781 ) ;
#327 = EDGE_CURVE ( 'NONE', #2674, #2185, #2624, .T. ) ;
#328 = PLANE ( 'NONE',  #3107 ) ;
#329 = DIRECTION ( 'NONE',  ( 0.0000000000000000000, 0.0000000000000000000, 1.000000000000000000 ) ) ;
#330 = AXIS2_PLACEMENT_3D ( 'NONE', #2745, #4506, #2365 ) ;
#331 = VECTOR ( 'NONE', #4329, 1000.000000000000000 ) ;
#332 = LINE ( 'NONE', #3371, #981 ) ;
#333 = UNCERTAINTY_MEASURE_WITH_UNIT (LENGTH_MEASURE( 1.000000000000000100E-005 ), #2203, 'distance_accuracy_value', 'NONE');
#334 = LINE ( 'NONE', #590, #2720 ) ;
#335 = CARTESIAN_POINT ( 'NONE',  ( -0.3166666666666802500, 0.2750000000000000200, -0.9000000000000083500 ) ) ;
#336 = STYLED_ITEM ( 'NONE', ( #928 ), #346 ) ;
#337 = FACE_OUTER_BOUND ( 'NONE', #3034, .T. ) ;
#338 = LINE ( 'NONE', #2807, #2673 ) ;
#339 = LINE ( 'NONE', #1827, #3004 ) ;
#340 = CARTESIAN_POINT ( 'NONE',  ( -1.045736331160748800, 0.4834646935682069800, 0.7387122884057584200 ) ) ;
#341 = CARTESIAN_POINT ( 'NONE',  ( 0.5500000000000000400, 0.0000000000000000000, 0.8499999999999998700 ) ) ;
#342 = CARTESIAN_POINT ( 'NONE',  ( 1.150072875168515600, 0.9250000000000011500, -0.6416750585470016900 ) ) ;
#343 = DIRECTION ( 'NONE',  ( -1.000000000000000000, 0.0000000000000000000, 0.0000000000000000000 ) ) ;
#344 = VERTEX_POINT ( 'NONE', #3402 ) ;
#345 = EDGE_CURVE ( 'NONE', #911, #1174, #708, .T. ) ;
#346 = ADVANCED_FACE ( 'NONE', ( #4176 ), #962, .F. ) ;
#347 = CARTESIAN_POINT ( 'NONE',  ( -0.6333333333333403000, 0.2750000000000000200, -0.8999999999999996900 ) ) ;
#348 = CARTESIAN_POINT ( 'NONE',  ( 0.0000000000000000000, 1.200000000000000000, 1.000000000000000000 ) ) ;
#349 =( NAMED_UNIT ( * ) SI_UNIT ( $, .STERADIAN. ) SOLID_ANGLE_UNIT ( ) );
#350 = CARTESIAN_POINT ( 'NONE',  ( -0.02500000000000099000, 1.200000000000000000, -0.02500000000000091700 ) ) ;
#351 = CARTESIAN_POINT ( 'NONE',  ( -1.045767653215896600, 0.4834646935682069800, -0.1166666666666674600 ) ) ;
#352 = CARTESIAN_POINT ( 'NONE',  ( -0.9499999999999995100, 0.05000000000000023900, -1.000000000000000200 ) ) ;
#353 = CARTESIAN_POINT ( 'NONE',  ( -0.6000000000000005300, 1.200000000000000000, -1.000000000000000000 ) ) ;
#354 = CARTESIAN_POINT ( 'NONE',  ( 1.002352345025681900, 0.9250000000000011500, 0.8999345874017091700 ) ) ;
#355 = ORIENTED_EDGE ( 'NONE', *, *, #2337, .F. ) ;
#356 = PRESENTATION_LAYER_ASSIGNMENT (  '', '', ( #14 ) ) ;
#357 = ORIENTED_EDGE ( 'NONE', *, *, #1439, .F. ) ;
#358 = AXIS2_PLACEMENT_3D ( 'NONE', #408, #4358, #2903 ) ;
#359 = EDGE_LOOP ( 'NONE', ( #1277, #3205, #3650, #1818 ) ) ;
#360 = LINE ( 'NONE', #3006, #151 ) ;
#361 = COLOUR_RGB ( '',0.2509803921568627400, 0.2509803921568627400, 0.2509803921568627400 ) ;
#362 = LINE ( 'NONE', #2429, #4152 ) ;
#363 = CARTESIAN_POINT ( 'NONE',  ( -0.9887122884057555300, 0.7165353064317944200, 0.7957363311607520400 ) ) ;
#364 = VECTOR ( 'NONE', #3618, 1000.000000000000000 ) ;
#365 = EDGE_CURVE ( 'NONE', #2588, #1650, #885, .T. ) ;
#366 = LINE ( 'NONE', #3516, #3207 ) ;
#367 = CARTESIAN_POINT ( 'NONE',  ( 0.6000000000000009800, 8.470329472543003400E-017, -0.8500000000000000900 ) ) ;
#368 = VECTOR ( 'NONE', #215, 1000.000000000000100 ) ;
#369 = DIRECTION ( 'NONE',  ( 1.000000000000000000, -0.0000000000000000000, 1.008560160451631500E-016 ) ) ;
#370 =( NAMED_UNIT ( * ) PLANE_ANGLE_UNIT ( ) SI_UNIT ( $, .RADIAN. ) );
#371 = VERTEX_POINT ( 'NONE', #3944 ) ;
#372 = ORIENTED_EDGE ( 'NONE', *, *, #3680, .F. ) ;
#373 = SURFACE_SIDE_STYLE ('',( #3386 ) ) ;
#374 = COLOUR_RGB ( '',0.2509803921568627400, 0.2509803921568627400, 0.2509803921568627400 ) ;
#375 =( NAMED_UNIT ( * ) PLANE_ANGLE_UNIT ( ) SI_UNIT ( $, .RADIAN. ) );
#376 = CARTESIAN_POINT ( 'NONE',  ( 1.035664823964983300, 0.7165353064317944200, -0.7497710900495839800 ) ) ;
#377 = CARTESIAN_POINT ( 'NONE',  ( 0.6000000000000005300, 0.2749999999999999700, -1.000000000000000000 ) ) ;
#378 = CARTESIAN_POINT ( 'NONE',  ( 0.8914681054472913800, 0.4834646935682069800, 0.7958150112849845500 ) ) ;
#379 = MECHANICAL_DESIGN_GEOMETRIC_PRESENTATION_REPRESENTATION (  '', ( #2295 ), #2377 ) ;
#381 = EDGE_CURVE ( 'NONE', #765, #1610, #655, .T. ) ;
#380 = FACE_OUTER_BOUND ( 'NONE', #3671, .T. ) ;
#382 = CARTESIAN_POINT ( 'NONE',  ( 0.6000000000000005300, 0.2749999999999999700, 1.000000000000000000 ) ) ;
#383 = ORIENTED_EDGE ( 'NONE', *, *, #1076, .T. ) ;
#384 = DIRECTION ( 'NONE',  ( 1.000000000000000000, -0.0000000000000000000, -0.0000000000000000000 ) ) ;
#385 = ORIENTED_EDGE ( 'NONE', *, *, #3188, .F. ) ;
#386 = PRESENTATION_STYLE_ASSIGNMENT (( #3923 ) ) ;
#387 = ADVANCED_FACE ( 'NONE', ( #1350 ), #498, .T. ) ;
#388 = VERTEX_POINT ( 'NONE', #431 ) ;
#389 = PLANE ( 'NONE',  #3079 ) ;
#390 = DIRECTION ( 'NONE',  ( -2.915954978783975800E-031, 1.000000000000000000, -2.891205793294687300E-015 ) ) ;
#391 = CARTESIAN_POINT ( 'NONE',  ( 0.9887122884057866200, 0.7165353064317944200, 0.7957363311607520400 ) ) ;
#392 = VERTEX_POINT ( 'NONE', #415 ) ;
#393 =( NAMED_UNIT ( * ) SI_UNIT ( $, .STERADIAN. ) SOLID_ANGLE_UNIT ( ) );
#394 = DIRECTION ( 'NONE',  ( 1.008560160451631600E-016, -9.637352644315616400E-016, 1.000000000000000000 ) ) ;
#395 =( NAMED_UNIT ( * ) PLANE_ANGLE_UNIT ( ) SI_UNIT ( $, .RADIAN. ) );
#396 = DIRECTION ( 'NONE',  ( 0.0000000000000000000, 0.0000000000000000000, -1.000000000000000000 ) ) ;
#397 = EDGE_CURVE ( 'NONE', #2674, #1448, #3557, .T. ) ;
#398 = ORIENTED_EDGE ( 'NONE', *, *, #4123, .T. ) ;
#399 = VERTEX_POINT ( 'NONE', #448 ) ;
#400 =( GEOMETRIC_REPRESENTATION_CONTEXT ( 3 ) GLOBAL_UNCERTAINTY_ASSIGNED_CONTEXT ( ( #2047 ) ) GLOBAL_UNIT_ASSIGNED_CONTEXT ( ( #780, #1138, #2632 ) ) REPRESENTATION_CONTEXT ( 'NONE', 'WORKASPACE' ) );
#401 = MANIFOLD_SOLID_BREP ( 'Housing A', #3970 ) ;
#402 =( NAMED_UNIT ( * ) PLANE_ANGLE_UNIT ( ) SI_UNIT ( $, .RADIAN. ) );
#403 = CARTESIAN_POINT ( 'NONE',  ( 0.9887122884057428800, 0.7165353064317944200, -0.7957363311607520400 ) ) ;
#404 = DIRECTION ( 'NONE',  ( 0.0000000000000000000, 1.000000000000000000, -0.0000000000000000000 ) ) ;
#405 = CARTESIAN_POINT ( 'NONE',  ( -0.9997710900495794300, 0.4834646935682069800, -0.7856648239649849400 ) ) ;
#406 = ORIENTED_EDGE ( 'NONE', *, *, #3654, .F. ) ;
#407 = DIRECTION ( 'NONE',  ( 0.0000000000000000000, -1.000000000000000000, -9.637352644315616400E-016 ) ) ;
#408 = CARTESIAN_POINT ( 'NONE',  ( 0.8000000000000017100, 1.200000000000000000, -0.7999999999999981600 ) ) ;
#409 = LINE ( 'NONE', #1121, #524 ) ;
#410 = ADVANCED_BREP_SHAPE_REPRESENTATION ( 'IFSC1008ABER1R0M01', ( #3234, #2556, #3844, #401, #3035, #1393, #1600, #1149 ), #761 ) ;
#411 = ORIENTED_EDGE ( 'NONE', *, *, #4340, .T. ) ;
#412 = ORIENTED_EDGE ( 'NONE', *, *, #3473, .T. ) ;
#413 = STYLED_ITEM ( 'NONE', ( #1067 ), #1600 ) ;
#414 = FILL_AREA_STYLE ('',( #3247 ) ) ;
#415 = CARTESIAN_POINT ( 'NONE',  ( -0.8249999999999999600, 0.3100000000000000500, 0.9000000000000004700 ) ) ;
#416 = LINE ( 'NONE', #3382, #1438 ) ;
#417 = EDGE_LOOP ( 'NONE', ( #1006, #1150, #1875, #3758 ) ) ;
#418 = DIRECTION ( 'NONE',  ( -0.0000000000000000000, -0.0000000000000000000, 1.000000000000000000 ) ) ;
#419 = ORIENTED_EDGE ( 'NONE', *, *, #2643, .F. ) ;
#420 = DIRECTION ( 'NONE',  ( 1.000000000000000000, -6.505213034913026600E-016, 0.0000000000000000000 ) ) ;
#421 = CARTESIAN_POINT ( 'NONE',  ( -1.150000000000012300, 0.9250000000000011500, 0.2333333333333324200 ) ) ;
#422 = STYLED_ITEM ( 'NONE', ( #4151 ), #1887 ) ;
#423 = CARTESIAN_POINT ( 'NONE',  ( 0.5541666666666735800, 0.4834646935682069800, -0.7957676532159005900 ) ) ;
#424 = CARTESIAN_POINT ( 'NONE',  ( -0.6999999999999995100, 0.05000000000000007900, -1.000000000000000200 ) ) ;
#425 = EDGE_CURVE ( 'NONE', #3693, #399, #4575, .T. ) ;
#426 = SURFACE_STYLE_USAGE ( .BOTH. , #3644 ) ;
#427 = VECTOR ( 'NONE', #1202, 1000.000000000000000 ) ;
#428 = ORIENTED_EDGE ( 'NONE', *, *, #520, .T. ) ;
#429 = ADVANCED_FACE ( 'NONE', ( #2989 ), #3278, .T. ) ;
#430 = VECTOR ( 'NONE', #608, 1000.000000000000000 ) ;
#431 = CARTESIAN_POINT ( 'NONE',  ( 1.091422153223905900, 0.9250000000000010400, -0.8414205570515830300 ) ) ;
#432 = LINE ( 'NONE', #3524, #546 ) ;
#433 = LINE ( 'NONE', #3129, #2219 ) ;
#434 = EDGE_CURVE ( 'NONE', #2133, #4263, #4569, .T. ) ;
#435 = ORIENTED_EDGE ( 'NONE', *, *, #1123, .T. ) ;
#436 =( GEOMETRIC_REPRESENTATION_CONTEXT ( 3 ) GLOBAL_UNCERTAINTY_ASSIGNED_CONTEXT ( ( #597 ) ) GLOBAL_UNIT_ASSIGNED_CONTEXT ( ( #3072, #1320, #2190 ) ) REPRESENTATION_CONTEXT ( 'NONE', 'WORKASPACE' ) );
#437 = FILL_AREA_STYLE_COLOUR ( '', #2486 ) ;
#438 = CARTESIAN_POINT ( 'NONE',  ( -0.8708447223137780700, 0.9250000000000011500, 0.9000989020144054600 ) ) ;
#439 = CIRCLE ( 'NONE', #503, 0.7267220926874317100 ) ;
#440 = SURFACE_SIDE_STYLE ('',( #4059 ) ) ;
#441 = MECHANICAL_DESIGN_GEOMETRIC_PRESENTATION_REPRESENTATION (  '', ( #3937 ), #3244 ) ;
#442 = EDGE_LOOP ( 'NONE', ( #4018, #645, #1487, #2343 ) ) ;
#443 = FILL_AREA_STYLE ('',( #3940 ) ) ;
#444 = DIRECTION ( 'NONE',  ( -1.000000000000000000, -0.0000000000000000000, 1.008560160451631700E-016 ) ) ;
#445 = FACE_OUTER_BOUND ( 'NONE', #895, .T. ) ;
#446 = PRESENTATION_LAYER_ASSIGNMENT (  '', '', ( #822 ) ) ;
#447 = CARTESIAN_POINT ( 'NONE',  ( 0.8138153867805652000, 0.3067608128347921200, 0.8850659950308504800 ) ) ;
#448 = CARTESIAN_POINT ( 'NONE',  ( -0.8449999999999999700, 0.2900000000000000400, 0.8927139131245819300 ) ) ;
#449 =( GEOMETRIC_REPRESENTATION_CONTEXT ( 3 ) GLOBAL_UNCERTAINTY_ASSIGNED_CONTEXT ( ( #3851 ) ) GLOBAL_UNIT_ASSIGNED_CONTEXT ( ( #283, #3442, #1653 ) ) REPRESENTATION_CONTEXT ( 'NONE', 'WORKASPACE' ) );
#450 = ORIENTED_EDGE ( 'NONE', *, *, #2945, .F. ) ;
#451 = DIRECTION ( 'NONE',  ( 0.0000000000000000000, 0.0000000000000000000, -1.000000000000000000 ) ) ;
#452 = DIRECTION ( 'NONE',  ( 1.000000000000000000, 0.0000000000000000000, 0.0000000000000000000 ) ) ;
#453 =( LENGTH_UNIT ( ) NAMED_UNIT ( * ) SI_UNIT ( .MILLI., .METRE. ) );
#454 =( NAMED_UNIT ( * ) SI_UNIT ( $, .STERADIAN. ) SOLID_ANGLE_UNIT ( ) );
#455 = CARTESIAN_POINT ( 'NONE',  ( 1.150000000000000100, 0.9250000000000011500, -0.4666666666666664500 ) ) ;
#456 = EDGE_CURVE ( 'NONE', #2835, #3673, #818, .T. ) ;
#457 = ADVANCED_FACE ( 'NONE', ( #1689 ), #4535, .F. ) ;
#458 =( NAMED_UNIT ( * ) PLANE_ANGLE_UNIT ( ) SI_UNIT ( $, .RADIAN. ) );
#459 = CARTESIAN_POINT ( 'NONE',  ( -2.915719209337254000E-017, 0.7165353064317944200, 0.7957676532158967100 ) ) ;
#460 = SURFACE_SIDE_STYLE ('',( #1328 ) ) ;
#461 = SURFACE_SIDE_STYLE ('',( #4380 ) ) ;
#462 = CARTESIAN_POINT ( 'NONE',  ( -0.9499999999999998400, 0.9250000000000009300, -0.6999999999999995100 ) ) ;
#463 = VERTEX_POINT ( 'NONE', #4315 ) ;
#464 = DIRECTION ( 'NONE',  ( 1.008560160451631400E-016, 0.0000000000000000000, -1.000000000000000000 ) ) ;
#465 = ORIENTED_EDGE ( 'NONE', *, *, #4309, .F. ) ;
#466 = ORIENTED_EDGE ( 'NONE', *, *, #4040, .F. ) ;
#467 = CARTESIAN_POINT ( 'NONE',  ( -1.149999999999999500, 0.2750000000000000200, 0.5833333333330778000 ) ) ;
#468 =( NAMED_UNIT ( * ) PLANE_ANGLE_UNIT ( ) SI_UNIT ( $, .RADIAN. ) );
#469 = UNCERTAINTY_MEASURE_WITH_UNIT (LENGTH_MEASURE( 1.000000000000000100E-005 ), #777, 'distance_accuracy_value', 'NONE');
#470 = ORIENTED_EDGE ( 'NONE', *, *, #1625, .F. ) ;
#471 =( GEOMETRIC_REPRESENTATION_CONTEXT ( 3 ) GLOBAL_UNCERTAINTY_ASSIGNED_CONTEXT ( ( #4554 ) ) GLOBAL_UNIT_ASSIGNED_CONTEXT ( ( #2734, #1295, #4538 ) ) REPRESENTATION_CONTEXT ( 'NONE', 'WORKASPACE' ) );
#472 = ORIENTED_EDGE ( 'NONE', *, *, #3507, .F. ) ;
#473 = DIRECTION ( 'NONE',  ( 0.0000000000000000000, 0.0000000000000000000, -1.000000000000000000 ) ) ;
#474 = CARTESIAN_POINT ( 'NONE',  ( 0.8049999999999999400, 0.2900000000000000400, 0.8927139131245819300 ) ) ;
#475 = EDGE_CURVE ( 'NONE', #1043, #1407, #1039, .T. ) ;
#476 = SURFACE_STYLE_FILL_AREA ( #2647 ) ;
#477 = ORIENTED_EDGE ( 'NONE', *, *, #3704, .F. ) ;
#478 =( LENGTH_UNIT ( ) NAMED_UNIT ( * ) SI_UNIT ( .MILLI., .METRE. ) );
#479 = FILL_AREA_STYLE ('',( #1907 ) ) ;
#480 = CARTESIAN_POINT ( 'NONE',  ( 0.6999999999999999600, 0.2749999999999999700, 0.9000000000000006900 ) ) ;
#481 = MECHANICAL_DESIGN_GEOMETRIC_PRESENTATION_REPRESENTATION (  '', ( #13 ), #3041 ) ;
#482 = STYLED_ITEM ( 'NONE', ( #163 ), #3646 ) ;
#483 = ADVANCED_FACE ( 'NONE', ( #2950 ), #2106, .F. ) ;
#484 = STYLED_ITEM ( 'NONE', ( #1183 ), #1562 ) ;
#485 = FILL_AREA_STYLE ('',( #1502 ) ) ;
#486 =( NAMED_UNIT ( * ) SI_UNIT ( $, .STERADIAN. ) SOLID_ANGLE_UNIT ( ) );
#487 = VECTOR ( 'NONE', #1355, 1000.000000000000000 ) ;
#488 = ORIENTED_EDGE ( 'NONE', *, *, #3533, .T. ) ;
#489 = PLANE ( 'NONE',  #4174 ) ;
#490 = DIRECTION ( 'NONE',  ( -1.000000000000000000, 0.0000000000000000000, -4.336808689942017700E-016 ) ) ;
#491 = CARTESIAN_POINT ( 'NONE',  ( 1.150000000000000100, 0.9250000000000011500, -0.5833333333333355900 ) ) ;
#492 = VECTOR ( 'NONE', #2799, 1000.000000000000000 ) ;
#493 = DIRECTION ( 'NONE',  ( 1.000000000000000000, 0.0000000000000000000, 1.275531967630005000E-016 ) ) ;
#494 = EDGE_CURVE ( 'NONE', #2968, #2437, #3775, .T. ) ;
#495 = CARTESIAN_POINT ( 'NONE',  ( -1.002352345025650200, 0.2750000000000000200, -0.8999345874017091700 ) ) ;
#496 =( LENGTH_UNIT ( ) NAMED_UNIT ( * ) SI_UNIT ( .MILLI., .METRE. ) );
#497 = COLOUR_RGB ( '',0.2509803921568627400, 0.2509803921568627400, 0.2509803921568627400 ) ;
#498 = CYLINDRICAL_SURFACE ( 'NONE', #3274, 0.7267220926874314900 ) ;
#499 = CARTESIAN_POINT ( 'NONE',  ( -1.049999999999998900, 0.0000000000000000000, -1.000000000000000200 ) ) ;
#500 = ORIENTED_EDGE ( 'NONE', *, *, #1169, .T. ) ;
#501 = CARTESIAN_POINT ( 'NONE',  ( 0.0000000000000000000, 1.200000000000000000, -1.000000000000000000 ) ) ;
#502 = VECTOR ( 'NONE', #2073, 1000.000000000000000 ) ;
#503 = AXIS2_PLACEMENT_3D ( 'NONE', #2285, #2641, #1156 ) ;
#504 = PRESENTATION_STYLE_ASSIGNMENT (( #4134 ) ) ;
#505 = VERTEX_POINT ( 'NONE', #1727 ) ;
#506 = CARTESIAN_POINT ( 'NONE',  ( 1.149999999999999900, 0.2750000000000001300, 0.6999999999999991800 ) ) ;
#507 =( NAMED_UNIT ( * ) SI_UNIT ( $, .STERADIAN. ) SOLID_ANGLE_UNIT ( ) );
#508 = EDGE_LOOP ( 'NONE', ( #4230, #1051, #1396, #3960 ) ) ;
#509 = ADVANCED_FACE ( 'NONE', ( #4183 ), #2413, .F. ) ;
#510 = CARTESIAN_POINT ( 'NONE',  ( -0.8000000000000017100, 0.2749999999999999700, -0.7999999999999981600 ) ) ;
#511 = STYLED_ITEM ( 'NONE', ( #4101 ), #3672 ) ;
#512 = CLOSED_SHELL ( 'NONE', ( #3378, #233, #3000, #2928, #2884, #2471 ) ) ;
#513 = DIRECTION ( 'NONE',  ( -0.6666666666666644100, -0.3333333333333367600, 0.6666666666666671800 ) ) ;
#514 = DIRECTION ( 'NONE',  ( 0.0000000000000000000, 0.0000000000000000000, 1.000000000000000000 ) ) ;
#515 = CARTESIAN_POINT ( 'NONE',  ( 1.149999999999999900, 0.2750000000000000200, 0.4083333333333319400 ) ) ;
#516 = CARTESIAN_POINT ( 'NONE',  ( 1.045767653215896600, 0.7165353064317944200, -0.4083333333333355500 ) ) ;
#517 = ADVANCED_FACE ( 'NONE', ( #4586 ), #902, .F. ) ;
#518 = SURFACE_STYLE_USAGE ( .BOTH. , #1225 ) ;
#519 = CARTESIAN_POINT ( 'NONE',  ( -0.8249999999999998400, 0.05000000000000050200, 0.9150000000000009200 ) ) ;
#520 = EDGE_CURVE ( 'NONE', #1002, #2308, #220, .T. ) ;
#521 = EDGE_LOOP ( 'NONE', ( #3855, #2885, #2706, #3587 ) ) ;
#522 = CARTESIAN_POINT ( 'NONE',  ( 1.149999999999999900, 0.2750000000000000200, 0.2333333333333335600 ) ) ;
#523 = ADVANCED_FACE ( 'NONE', ( #4567 ), #1037, .T. ) ;
#524 = VECTOR ( 'NONE', #3938, 1000.000000000000000 ) ;
#525 = CARTESIAN_POINT ( 'NONE',  ( -0.9499999999999995100, 0.05000000000000012800, -0.8999999999999995800 ) ) ;
#526 = SURFACE_STYLE_USAGE ( .BOTH. , #1840 ) ;
#527 = ORIENTED_EDGE ( 'NONE', *, *, #3622, .T. ) ;
#528 = VECTOR ( 'NONE', #1889, 1000.000000000000000 ) ;
#529 = MECHANICAL_DESIGN_GEOMETRIC_PRESENTATION_REPRESENTATION (  '', ( #63 ), #2824 ) ;
#530 = FILL_AREA_STYLE_COLOUR ( '', #3612 ) ;
#531 = AXIS2_PLACEMENT_3D ( 'NONE', #669, #3171, #2772 ) ;
#532 = SURFACE_SIDE_STYLE ('',( #2882 ) ) ;
#533 = FACE_OUTER_BOUND ( 'NONE', #4073, .T. ) ;
#534 = DIRECTION ( 'NONE',  ( 0.0000000000000000000, 0.0000000000000000000, -1.000000000000000000 ) ) ;
#535 = CARTESIAN_POINT ( 'NONE',  ( -1.150072875168515000, 0.2750000000000000200, 0.6416750585470051300 ) ) ;
#536 = LINE ( 'NONE', #193, #695 ) ;
#537 = AXIS2_PLACEMENT_3D ( 'NONE', #2263, #493, #880 ) ;
#538 = CARTESIAN_POINT ( 'NONE',  ( -0.7916666666666594100, 0.7165353064317944200, -0.7957676532158960400 ) ) ;
#539 = FACE_OUTER_BOUND ( 'NONE', #1130, .T. ) ;
#540 = CARTESIAN_POINT ( 'NONE',  ( -1.250000000000000000, 1.888477631085024000, 0.8499999999999998700 ) ) ;
#541 = DIRECTION ( 'NONE',  ( 0.0000000000000000000, 1.000000000000000000, 1.084202172485504600E-014 ) ) ;
#542 = VERTEX_POINT ( 'NONE', #2368 ) ;
#543 = EDGE_CURVE ( 'NONE', #1365, #2634, #2778, .T. ) ;
#544 = PRESENTATION_STYLE_ASSIGNMENT (( #1497 ) ) ;
#545 = CARTESIAN_POINT ( 'NONE',  ( 1.249999999999999800, 1.888477631085024000, -0.8500000000000000900 ) ) ;
#546 = VECTOR ( 'NONE', #1656, 1000.000000000000000 ) ;
#547 = LINE ( 'NONE', #3449, #3873 ) ;
#548 = PRESENTATION_STYLE_ASSIGNMENT (( #4223 ) ) ;
#549 = UNCERTAINTY_MEASURE_WITH_UNIT (LENGTH_MEASURE( 1.000000000000000100E-005 ), #1819, 'distance_accuracy_value', 'NONE');
#550 = EDGE_CURVE ( 'NONE', #2798, #4088, #3992, .T. ) ;
#551 = CARTESIAN_POINT ( 'NONE',  ( -1.457859604668627000E-017, 0.7165353064317941900, 0.7957676532158964900 ) ) ;
#552 = VECTOR ( 'NONE', #847, 1000.000000000000000 ) ;
#553 = VERTEX_POINT ( 'NONE', #4157 ) ;
#554 = DIRECTION ( 'NONE',  ( -1.275531967630005000E-016, 0.0000000000000000000, -1.000000000000000000 ) ) ;
#555 = CARTESIAN_POINT ( 'NONE',  ( 0.8708447223137996100, 0.2750000000000000200, -0.9000989020144051200 ) ) ;
#556 = ORIENTED_EDGE ( 'NONE', *, *, #1255, .T. ) ;
#557 = DIRECTION ( 'NONE',  ( -1.275531967630005000E-016, 0.0000000000000000000, 1.000000000000000000 ) ) ;
#558 = UNCERTAINTY_MEASURE_WITH_UNIT (LENGTH_MEASURE( 1.000000000000000100E-005 ), #76, 'distance_accuracy_value', 'NONE');
#559 = AXIS2_PLACEMENT_3D ( 'NONE', #2079, #2753, #633 ) ;
#560 =( NAMED_UNIT ( * ) SI_UNIT ( $, .STERADIAN. ) SOLID_ANGLE_UNIT ( ) );
#561 = EDGE_CURVE ( 'NONE', #3901, #2173, #983, .T. ) ;
#562 = DIRECTION ( 'NONE',  ( -1.000000000000000000, 0.0000000000000000000, 5.421010862427508000E-015 ) ) ;
#563 = VERTEX_POINT ( 'NONE', #2002 ) ;
#564 = CARTESIAN_POINT ( 'NONE',  ( -0.6000000000000005300, 1.200000000000000000, 1.000000000000000000 ) ) ;
#565 = VERTEX_POINT ( 'NONE', #1677 ) ;
#566 = CARTESIAN_POINT ( 'NONE',  ( -0.8179954577397484700, 0.3088651097128555800, 0.8841421541984431100 ) ) ;
#567 = CARTESIAN_POINT ( 'NONE',  ( 0.8049999999999999400, 0.01500000000000019500, 0.8499999999999997600 ) ) ;
#568 = CARTESIAN_POINT ( 'NONE',  ( -1.149934587401703300, 0.2750000000000000200, 0.7523523450256536200 ) ) ;
#569 = CARTESIAN_POINT ( 'NONE',  ( 0.5541666666666735800, 0.7165353064317944200, -0.7957676532159005900 ) ) ;
#570 = ORIENTED_EDGE ( 'NONE', *, *, #3473, .F. ) ;
#571 = ORIENTED_EDGE ( 'NONE', *, *, #3338, .T. ) ;
#572 = VERTEX_POINT ( 'NONE', #2384 ) ;
#573 = DIRECTION ( 'NONE',  ( -0.0000000000000000000, -1.000000000000000000, -0.0000000000000000000 ) ) ;
#574 = FILL_AREA_STYLE ('',( #530 ) ) ;
#575 = VERTEX_POINT ( 'NONE', #1659 ) ;
#576 = ORIENTED_EDGE ( 'NONE', *, *, #865, .F. ) ;
#577 = ORIENTED_EDGE ( 'NONE', *, *, #3616, .F. ) ;
#578 = PRODUCT_CONTEXT ( 'NONE', #1219, 'mechanical' ) ;
#579 = CARTESIAN_POINT ( 'NONE',  ( -0.8233035133021310300, 0.3099458657853577100, 0.8836715427741307400 ) ) ;
#580 = DIRECTION ( 'NONE',  ( 1.000000000000000000, -0.0000000000000000000, 0.0000000000000000000 ) ) ;
#581 = CARTESIAN_POINT ( 'NONE',  ( 0.1583333333333444600, 0.4834646935682069800, -0.7957676532158967100 ) ) ;
#582 = VECTOR ( 'NONE', #4097, 1000.000000000000000 ) ;
#583 = ORIENTED_EDGE ( 'NONE', *, *, #1076, .F. ) ;
#584 = PLANE ( 'NONE',  #1079 ) ;
#585 = AXIS2_PLACEMENT_3D ( 'NONE', #4225, #1729, #312 ) ;
#586 = VERTEX_POINT ( 'NONE', #4585 ) ;
#587 = CARTESIAN_POINT ( 'NONE',  ( -1.250000000000000000, 0.0000000000000000000, 0.8499999999999998700 ) ) ;
#589 = CARTESIAN_POINT ( 'NONE',  ( 0.5541666666666664700, 0.2750000000000000200, 0.8999999999999956900 ) ) ;
#588 = LINE ( 'NONE', #3730, #3486 ) ;
#590 = CARTESIAN_POINT ( 'NONE',  ( 0.0000000000000000000, 0.2749999999999999700, 1.000000000000000000 ) ) ;
#591 = CARTESIAN_POINT ( 'NONE',  ( -0.9499999999999996200, 0.05000000000000016200, -0.8500000000000000900 ) ) ;
#592 = DIRECTION ( 'NONE',  ( 1.000000000000000000, -6.505213034913026600E-016, 4.336808689942017700E-016 ) ) ;
#593 = B_SPLINE_CURVE_WITH_KNOTS ( 'NONE', 3,
 ( #1293, #3785, #1638, #4166 ),
 .UNSPECIFIED., .F., .F.,
 ( 4, 4 ),
 ( 0.1209168748118768800, 0.1409102570163562600 ),
 .UNSPECIFIED. ) ;
#594 = EDGE_CURVE ( 'NONE', #2119, #2478, #338, .T. ) ;
#595 = ORIENTED_EDGE ( 'NONE', *, *, #3384, .F. ) ;
#596 = DIRECTION ( 'NONE',  ( 1.000000000000000000, 0.0000000000000000000, 5.421010862427508000E-015 ) ) ;
#597 = UNCERTAINTY_MEASURE_WITH_UNIT (LENGTH_MEASURE( 1.000000000000000100E-005 ), #3072, 'distance_accuracy_value', 'NONE');
#598 = EDGE_LOOP ( 'NONE', ( #3279, #2245, #3852, #411 ) ) ;
#599 =( LENGTH_UNIT ( ) NAMED_UNIT ( * ) SI_UNIT ( .MILLI., .METRE. ) );
#600 = CYLINDRICAL_SURFACE ( 'NONE', #1912, 0.01999999999999999700 ) ;
#601 = PLANE ( 'NONE',  #3399 ) ;
#602 = DIRECTION ( 'NONE',  ( 7.589415207398527900E-015, 0.0000000000000000000, 1.000000000000000000 ) ) ;
#603 = ORIENTED_EDGE ( 'NONE', *, *, #1123, .F. ) ;
#604 = PLANE ( 'NONE',  #4036 ) ;
#605 = CARTESIAN_POINT ( 'NONE',  ( 0.3166666666666617100, 0.2750000000000000200, 0.9000000000000085700 ) ) ;
#606 = ORIENTED_EDGE ( 'NONE', *, *, #292, .F. ) ;
#607 = VERTEX_POINT ( 'NONE', #3514 ) ;
#608 = DIRECTION ( 'NONE',  ( -1.008560160451631900E-016, 6.630391210202588800E-015, -1.000000000000000000 ) ) ;
#609 = PRESENTATION_LAYER_ASSIGNMENT (  '', '', ( #4202 ) ) ;
#610 = SURFACE_STYLE_USAGE ( .BOTH. , #899 ) ;
#611 = FILL_AREA_STYLE ('',( #663 ) ) ;
#612 = EDGE_CURVE ( 'NONE', #4080, #3436, #1256, .T. ) ;
#613 =( GEOMETRIC_REPRESENTATION_CONTEXT ( 3 ) GLOBAL_UNCERTAINTY_ASSIGNED_CONTEXT ( ( #2951 ) ) GLOBAL_UNIT_ASSIGNED_CONTEXT ( ( #234, #2014, #2719 ) ) REPRESENTATION_CONTEXT ( 'NONE', 'WORKASPACE' ) );
#614 = CARTESIAN_POINT ( 'NONE',  ( 0.0000000000000000000, 0.2749999999999999700, -0.9000000000000003600 ) ) ;
#615 = CARTESIAN_POINT ( 'NONE',  ( -0.9499999999999995100, 0.2750000000000000800, 0.6999999999999999600 ) ) ;
#616 = CARTESIAN_POINT ( 'NONE',  ( 1.049999999999999400, 0.0000000000000000000, -1.000000000000000200 ) ) ;
#617 = PRESENTATION_LAYER_ASSIGNMENT (  '', '', ( #302 ) ) ;
#618 = DIRECTION ( 'NONE',  ( 0.0000000000000000000, 0.0000000000000000000, -1.000000000000000000 ) ) ;
#619 = FILL_AREA_STYLE ('',( #304 ) ) ;
#620 = CARTESIAN_POINT ( 'NONE',  ( -1.045802548635227600, 0.4834646935682069800, 0.6568712355927729400 ) ) ;
#621 = DIRECTION ( 'NONE',  ( 6.505213034913026600E-016, 1.000000000000000000, 0.0000000000000000000 ) ) ;
#622 = FILL_AREA_STYLE_COLOUR ( '', #3124 ) ;
#623 = ORIENTED_EDGE ( 'NONE', *, *, #846, .T. ) ;
#624 = SURFACE_STYLE_USAGE ( .BOTH. , #2805 ) ;
#625 = CARTESIAN_POINT ( 'NONE',  ( 0.5500000000000000400, 0.0000000000000000000, 0.8499999999999998700 ) ) ;
#626 = B_SPLINE_CURVE_WITH_KNOTS ( 'NONE', 3,
 ( #1162, #1860, #1878, #824 ),
 .UNSPECIFIED., .F., .F.,
 ( 4, 4 ),
 ( 0.0000000000000000000, 0.4995470393753789800 ),
 .UNSPECIFIED. ) ;
#627 = CIRCLE ( 'NONE', #1511, 0.01999999999999999700 ) ;
#628 = CARTESIAN_POINT ( 'NONE',  ( 0.3166666666666666500, 0.2749999999999999700, -0.9000000000000004700 ) ) ;
#629 = ORIENTED_EDGE ( 'NONE', *, *, #3570, .T. ) ;
#630 = CARTESIAN_POINT ( 'NONE',  ( -1.149999999999999900, 0.2750000000000000200, -0.2333333333333271500 ) ) ;
#631 = VERTEX_POINT ( 'NONE', #4599 ) ;
#632 = EDGE_CURVE ( 'NONE', #2444, #2909, #926, .T. ) ;
#633 = DIRECTION ( 'NONE',  ( -1.008560160451631400E-016, 0.0000000000000000000, -1.000000000000000000 ) ) ;
#634 = PRESENTATION_STYLE_ASSIGNMENT (( #4125 ) ) ;
#635 =( LENGTH_UNIT ( ) NAMED_UNIT ( * ) SI_UNIT ( .MILLI., .METRE. ) );
#636 = CARTESIAN_POINT ( 'NONE',  ( 0.0000000000000000000, 1.200000000000000000, 1.000000000000000000 ) ) ;
#637 = CARTESIAN_POINT ( 'NONE',  ( 1.035664823964985000, 0.4834646935682069800, 0.7497710900495734300 ) ) ;
#638 = DIRECTION ( 'NONE',  ( 0.7071067811865464600, 0.0000000000000000000, -0.7071067811865486800 ) ) ;
#639 = MECHANICAL_DESIGN_GEOMETRIC_PRESENTATION_REPRESENTATION (  '', ( #3032 ), #875 ) ;
#640 = CARTESIAN_POINT ( 'NONE',  ( 0.9499999999999998400, 1.200000000000000000, 0.9000000000000002400 ) ) ;
#641 = CARTESIAN_POINT ( 'NONE',  ( -0.5500000000000000400, 0.04999999999999991300, 0.8499999999999998700 ) ) ;
#642 =( NAMED_UNIT ( * ) PLANE_ANGLE_UNIT ( ) SI_UNIT ( $, .RADIAN. ) );
#643 = ORIENTED_EDGE ( 'NONE', *, *, #2534, .T. ) ;
#644 = PLANE ( 'NONE',  #4560 ) ;
#645 = ORIENTED_EDGE ( 'NONE', *, *, #2874, .T. ) ;
#646 = VECTOR ( 'NONE', #2687, 1000.000000000000000 ) ;
#647 = AXIS2_PLACEMENT_3D ( 'NONE', #1994, #4513, #2685 ) ;
#648 = SURFACE_STYLE_USAGE ( .BOTH. , #2325 ) ;
#649 = PRESENTATION_LAYER_ASSIGNMENT (  '', '', ( #2418 ) ) ;
#650 = ORIENTED_EDGE ( 'NONE', *, *, #698, .F. ) ;
#651 = FILL_AREA_STYLE_COLOUR ( '', #2768 ) ;
#652 =( LENGTH_UNIT ( ) NAMED_UNIT ( * ) SI_UNIT ( .MILLI., .METRE. ) );
#653 = CARTESIAN_POINT ( 'NONE',  ( -0.9997710900495794300, 0.7165353064317944200, -0.7856648239649849400 ) ) ;
#654 = CARTESIAN_POINT ( 'NONE',  ( 1.150072875168515400, 0.2750000000000000200, -0.6416750585470016900 ) ) ;
#655 = LINE ( 'NONE', #2960, #2620 ) ;
#656 = ORIENTED_EDGE ( 'NONE', *, *, #4099, .T. ) ;
#657 = CARTESIAN_POINT ( 'NONE',  ( -1.150072875168514800, 0.9250000000000011500, 0.6416750585464905400 ) ) ;
#658 = DIRECTION ( 'NONE',  ( 0.7071067811865464600, 0.0000000000000000000, 0.7071067811865486800 ) ) ;
#659 = TOROIDAL_SURFACE ( 'NONE', #559, 0.01500000000000045600, 0.02000000000000000000 ) ;
#660 = EDGE_LOOP ( 'NONE', ( #1096, #3297, #1802, #1388 ) ) ;
#661 = AXIS2_PLACEMENT_3D ( 'NONE', #222, #2708, #2369 ) ;
#662 =( LENGTH_UNIT ( ) NAMED_UNIT ( * ) SI_UNIT ( .MILLI., .METRE. ) );
#663 = FILL_AREA_STYLE_COLOUR ( '', #1842 ) ;
#664 = ORIENTED_EDGE ( 'NONE', *, *, #434, .F. ) ;
#665 = EDGE_CURVE ( 'NONE', #4490, #2312, #1810, .T. ) ;
#666 = CARTESIAN_POINT ( 'NONE',  ( 0.8049999999999999400, 0.05000000000000020400, 0.8499999999999997600 ) ) ;
#667 = CARTESIAN_POINT ( 'NONE',  ( 0.1583333333333444600, 0.2750000000000000200, -0.9000000000000000200 ) ) ;
#668 = FILL_AREA_STYLE ('',( #299 ) ) ;
#669 = CARTESIAN_POINT ( 'NONE',  ( 0.8450000000000000800, 0.6000000000000004200, 1.550000000000000300 ) ) ;
#670 = CARTESIAN_POINT ( 'NONE',  ( 1.249999999999999800, 1.888477631085024000, -0.8500000000000000900 ) ) ;
#671 = CARTESIAN_POINT ( 'NONE',  ( 1.150000000000000100, 0.9250000000000011500, 0.4083333333333319400 ) ) ;
#672 = CARTESIAN_POINT ( 'NONE',  ( 0.6999999999999999600, 0.05000000000000042600, -0.8500000000000000900 ) ) ;
#673 =( GEOMETRIC_REPRESENTATION_CONTEXT ( 3 ) GLOBAL_UNCERTAINTY_ASSIGNED_CONTEXT ( ( #549 ) ) GLOBAL_UNIT_ASSIGNED_CONTEXT ( ( #1819, #395, #2890 ) ) REPRESENTATION_CONTEXT ( 'NONE', 'WORKASPACE' ) );
#674 = DIRECTION ( 'NONE',  ( 0.6666666666666648500, 0.3333333333333364800, 0.6666666666666669600 ) ) ;
#675 = ORIENTED_EDGE ( 'NONE', *, *, #1843, .T. ) ;
#676 = EDGE_LOOP ( 'NONE', ( #2526, #3014, #82, #2007, #11, #2709, #2520, #129, #1669, #1709, #2139, #3251 ) ) ;
#677 = STYLED_ITEM ( 'NONE', ( #386 ), #4292 ) ;
#678 = SURFACE_STYLE_USAGE ( .BOTH. , #3141 ) ;
#679 = CARTESIAN_POINT ( 'NONE',  ( -1.045767653215896600, 0.7165353064317944200, 0.4666666666666663400 ) ) ;
#680 = CARTESIAN_POINT ( 'NONE',  ( -1.045767653215896600, 0.4834646935682069800, 0.5833333333333349200 ) ) ;
#681 = ORIENTED_EDGE ( 'NONE', *, *, #4385, .F. ) ;
#682 = EDGE_LOOP ( 'NONE', ( #3847, #3947, #1107, #3370 ) ) ;
#683 = PLANE ( 'NONE',  #2107 ) ;
#684 = EDGE_CURVE ( 'NONE', #2752, #2798, #10, .T. ) ;
#685 = CARTESIAN_POINT ( 'NONE',  ( -1.150000000000000100, 0.9250000000000011500, -0.5833333333333299300 ) ) ;
#686 = SURFACE_STYLE_FILL_AREA ( #1426 ) ;
#687 = SURFACE_SIDE_STYLE ('',( #1580 ) ) ;
#688 = CARTESIAN_POINT ( 'NONE',  ( -1.050000000000000000, 0.2749999999999999700, -1.000000000000000000 ) ) ;
#689 = SURFACE_STYLE_FILL_AREA ( #619 ) ;
#690 = UNCERTAINTY_MEASURE_WITH_UNIT (LENGTH_MEASURE( 1.000000000000000100E-005 ), #31, 'distance_accuracy_value', 'NONE');
#691 = VECTOR ( 'NONE', #3269, 1000.000000000000000 ) ;
#692 = CARTESIAN_POINT ( 'NONE',  ( -0.5541666666666583700, 0.2750000000000000200, -0.8999999999999954700 ) ) ;
#693 = CARTESIAN_POINT ( 'NONE',  ( 1.150000000000000400, 0.9249999999999999300, 0.2321391736539998300 ) ) ;
#694 = LINE ( 'NONE', #2981, #2983 ) ;
#695 = VECTOR ( 'NONE', #918, 1000.000000000000000 ) ;
#696 = LINE ( 'NONE', #4491, #368 ) ;
#697 = AXIS2_PLACEMENT_3D ( 'NONE', #3022, #1259, #4469 ) ;
#698 = EDGE_CURVE ( 'NONE', #4576, #1043, #1148, .T. ) ;
#699 = CARTESIAN_POINT ( 'NONE',  ( -1.002352345025650600, 0.9250000000000011500, -0.8999345874017090600 ) ) ;
#700 = STYLED_ITEM ( 'NONE', ( #4169 ), #816 ) ;
#701 = DIRECTION ( 'NONE',  ( -1.000000000000000000, 0.0000000000000000000, -1.008560160451631500E-016 ) ) ;
#702 = VECTOR ( 'NONE', #3933, 1000.000000000000000 ) ;
#703 = ADVANCED_FACE ( 'NONE', ( #874 ), #2454, .F. ) ;
#704 = VECTOR ( 'NONE', #955, 1000.000000000000000 ) ;
#705 = AXIS2_PLACEMENT_3D ( 'NONE', #157, #170, #1597 ) ;
#706 = PRESENTATION_STYLE_ASSIGNMENT (( #257 ) ) ;
#707 = CARTESIAN_POINT ( 'NONE',  ( 0.0000000000000000000, 0.0000000000000000000, 1.000000000000000000 ) ) ;
#708 = LINE ( 'NONE', #185, #2111 ) ;
#709 = CARTESIAN_POINT ( 'NONE',  ( 1.002352345025646900, 0.2750000000000000200, -0.8999345874017090600 ) ) ;
#710 = CARTESIAN_POINT ( 'NONE',  ( -0.8449999999999999700, 0.05000000000000020400, 0.8499999999999997600 ) ) ;
#711 = CARTESIAN_POINT ( 'NONE',  ( -0.6333333333333404100, 0.4834646935682069800, -0.7957676532158960400 ) ) ;
#712 = EDGE_LOOP ( 'NONE', ( #3143, #948, #2598, #879 ) ) ;
#713 = CARTESIAN_POINT ( 'NONE',  ( -2.710505431213761100E-017, 0.9250000000000011500, 0.9000000000000001300 ) ) ;
#714 = CARTESIAN_POINT ( 'NONE',  ( -0.5500000000000000400, 0.0000000000000000000, 0.8499999999999998700 ) ) ;
#715 = EDGE_CURVE ( 'NONE', #1424, #565, #4551, .T. ) ;
#716 = ORIENTED_EDGE ( 'NONE', *, *, #58, .T. ) ;
#717 = PRESENTATION_LAYER_ASSIGNMENT (  '', '', ( #182 ) ) ;
#718 = CARTESIAN_POINT ( 'NONE',  ( -1.250000000000000000, 0.0000000000000000000, 0.8499999999999998700 ) ) ;
#719 = CARTESIAN_POINT ( 'NONE',  ( 0.8914681054472913800, 0.7165353064317944200, 0.7958150112849845500 ) ) ;
#720 = EDGE_CURVE ( 'NONE', #3183, #2801, #122, .T. ) ;
#721 = ADVANCED_FACE ( 'NONE', ( #1753 ), #1913, .F. ) ;
#722 = FILL_AREA_STYLE ('',( #3285 ) ) ;
#723 = CARTESIAN_POINT ( 'NONE',  ( -1.150000000000000100, 0.9250000000000011500, -0.5833333333330726900 ) ) ;
#724 = CARTESIAN_POINT ( 'NONE',  ( 0.8449999999999999700, 0.05000000000000042600, 0.9000000000000004700 ) ) ;
#725 = EDGE_LOOP ( 'NONE', ( #3211, #2372, #3902, #357 ) ) ;
#726 = ORIENTED_EDGE ( 'NONE', *, *, #1411, .T. ) ;
#727 = ORIENTED_EDGE ( 'NONE', *, *, #4526, .T. ) ;
#728 = LINE ( 'NONE', #2423, #582 ) ;
#729 = ORIENTED_EDGE ( 'NONE', *, *, #954, .F. ) ;
#730 = UNCERTAINTY_MEASURE_WITH_UNIT (LENGTH_MEASURE( 1.000000000000000100E-005 ), #4182, 'distance_accuracy_value', 'NONE');
#731 = DIRECTION ( 'NONE',  ( 1.000000000000000000, -0.0000000000000000000, 0.0000000000000000000 ) ) ;
#732 = DIRECTION ( 'NONE',  ( 0.0000000000000000000, 1.000000000000000000, -0.0000000000000000000 ) ) ;
#733 = DIRECTION ( 'NONE',  ( -0.7071067811865486800, 0.0000000000000000000, -0.7071067811865464600 ) ) ;
#734 = CARTESIAN_POINT ( 'NONE',  ( 0.1583333333333332400, 0.7165353064317944200, 0.7957676532158967100 ) ) ;
#735 = FACE_OUTER_BOUND ( 'NONE', #2191, .T. ) ;
#736 = AXIS2_PLACEMENT_3D ( 'NONE', #4512, #4511, #562 ) ;
#737 = CARTESIAN_POINT ( 'NONE',  ( 1.045802548635228300, 0.4834646935682069800, 0.6568712355927810400 ) ) ;
#738 = VECTOR ( 'NONE', #2924, 1000.000000000000000 ) ;
#739 = EDGE_CURVE ( 'NONE', #553, #2723, #2394, .T. ) ;
#740 = CARTESIAN_POINT ( 'NONE',  ( 0.0000000000000000000, 1.200000000000000000, -1.000000000000000000 ) ) ;
#741 = DIRECTION ( 'NONE',  ( 0.0000000000000000000, -0.0000000000000000000, -1.000000000000000000 ) ) ;
#742 =( LENGTH_UNIT ( ) NAMED_UNIT ( * ) SI_UNIT ( .MILLI., .METRE. ) );
#743 = UNCERTAINTY_MEASURE_WITH_UNIT (LENGTH_MEASURE( 1.000000000000000100E-005 ), #2378, 'distance_accuracy_value', 'NONE');
#744 = SURFACE_STYLE_USAGE ( .BOTH. , #1809 ) ;
#745 = CARTESIAN_POINT ( 'NONE',  ( 0.8249999999999999600, 0.3100000000000000500, 0.9000000000000004700 ) ) ;
#746 = ORIENTED_EDGE ( 'NONE', *, *, #2679, .F. ) ;
#747 = VECTOR ( 'NONE', #3566, 1000.000000000000000 ) ;
#748 = ADVANCED_FACE ( 'NONE', ( #4520 ), #1895, .F. ) ;
#749 = FACE_OUTER_BOUND ( 'NONE', #287, .T. ) ;
#750 = VECTOR ( 'NONE', #949, 1000.000000000000000 ) ;
#751 = EDGE_CURVE ( 'NONE', #1425, #4316, #1688, .T. ) ;
#752 = ORIENTED_EDGE ( 'NONE', *, *, #3315, .F. ) ;
#753 =( NAMED_UNIT ( * ) PLANE_ANGLE_UNIT ( ) SI_UNIT ( $, .RADIAN. ) );
#754 = CARTESIAN_POINT ( 'NONE',  ( -0.6333333333333229800, 0.9250000000000011500, 0.9000000000000002400 ) ) ;
#755 = VECTOR ( 'NONE', #3584, 1000.000000000000000 ) ;
#756 = CARTESIAN_POINT ( 'NONE',  ( -0.8914681054473423400, 0.4834646935682069800, -0.7958150112849845500 ) ) ;
#757 = AXIS2_PLACEMENT_3D ( 'NONE', #1848, #3652, #4366 ) ;
#758 = EDGE_CURVE ( 'NONE', #3954, #4304, #2891, .T. ) ;
#759 = VECTOR ( 'NONE', #3162, 1000.000000000000000 ) ;
#760 = MECHANICAL_DESIGN_GEOMETRIC_PRESENTATION_REPRESENTATION (  '', ( #2914 ), #135 ) ;
#761 =( GEOMETRIC_REPRESENTATION_CONTEXT ( 3 ) GLOBAL_UNCERTAINTY_ASSIGNED_CONTEXT ( ( #2780 ) ) GLOBAL_UNIT_ASSIGNED_CONTEXT ( ( #4045, #2991, #864 ) ) REPRESENTATION_CONTEXT ( 'NONE', 'WORKASPACE' ) );
#762 = ORIENTED_EDGE ( 'NONE', *, *, #3150, .F. ) ;
#763 = CARTESIAN_POINT ( 'NONE',  ( 0.0000000000000000000, 0.9250000000000004900, -0.9000000000000003600 ) ) ;
#764 = CARTESIAN_POINT ( 'NONE',  ( 1.045736331160749300, 0.7165353064317944200, -0.7387122884057525400 ) ) ;
#765 = VERTEX_POINT ( 'NONE', #3293 ) ;
#766 = EDGE_CURVE ( 'NONE', #146, #563, #3121, .T. ) ;
#767 = ADVANCED_FACE ( 'NONE', ( #4057 ), #2160, .T. ) ;
#768 = CARTESIAN_POINT ( 'NONE',  ( 0.3166666666666563800, 0.4834646935682069800, -0.7957676532158878300 ) ) ;
#769 = DIRECTION ( 'NONE',  ( 1.000000000000000000, 0.0000000000000000000, 0.0000000000000000000 ) ) ;
#770 = FILL_AREA_STYLE ('',( #4548 ) ) ;
#771 = DIRECTION ( 'NONE',  ( 0.0000000000000000000, 1.000000000000000000, -0.0000000000000000000 ) ) ;
#772 = CARTESIAN_POINT ( 'NONE',  ( 0.8224643908234912100, 0.3098386160329800200, 0.8837182493461620500 ) ) ;
#773 = EDGE_CURVE ( 'NONE', #3954, #344, #4049, .T. ) ;
#774 = AXIS2_PLACEMENT_3D ( 'NONE', #3791, #3123, #3498 ) ;
#775 = CARTESIAN_POINT ( 'NONE',  ( 1.250000000000000000, 0.9249999999999999300, -1.000000000000000000 ) ) ;
#776 = CARTESIAN_POINT ( 'NONE',  ( 1.150000000000000400, 0.2750000000000000800, -0.6982087604808994200 ) ) ;
#777 =( LENGTH_UNIT ( ) NAMED_UNIT ( * ) SI_UNIT ( .MILLI., .METRE. ) );
#778 = CARTESIAN_POINT ( 'NONE',  ( -1.149999999999999900, 0.9250000000000011500, 0.1166666666666698000 ) ) ;
#779 = EDGE_CURVE ( 'NONE', #1546, #765, #2277, .T. ) ;
#780 =( LENGTH_UNIT ( ) NAMED_UNIT ( * ) SI_UNIT ( .MILLI., .METRE. ) );
#781 = CARTESIAN_POINT ( 'NONE',  ( -0.3166666666666636500, 0.7165353064317944200, 0.7957676532158878300 ) ) ;
#782 = ORIENTED_EDGE ( 'NONE', *, *, #1215, .F. ) ;
#783 = DIRECTION ( 'NONE',  ( -1.000000000000000000, 0.0000000000000000000, -0.0000000000000000000 ) ) ;
#784 = CARTESIAN_POINT ( 'NONE',  ( -0.9482803075323887900, 0.2749999999999996300, -0.9000000000000004700 ) ) ;
#785 = DIRECTION ( 'NONE',  ( -1.008560160451631400E-016, 0.0000000000000000000, -1.000000000000000000 ) ) ;
#786 = VERTEX_POINT ( 'NONE', #3713 ) ;
#787 = ORIENTED_EDGE ( 'NONE', *, *, #1787, .T. ) ;
#788 = AXIS2_PLACEMENT_3D ( 'NONE', #501, #2253, #827 ) ;
#789 = ADVANCED_FACE ( 'NONE', ( #2387 ), #4476, .F. ) ;
#790 = MECHANICAL_DESIGN_GEOMETRIC_PRESENTATION_REPRESENTATION (  '', ( #4273 ), #3194 ) ;
#791 = LINE ( 'NONE', #1038, #1015 ) ;
#792 = ORIENTED_EDGE ( 'NONE', *, *, #161, .F. ) ;
#793 = CARTESIAN_POINT ( 'NONE',  ( 0.9500000000000004000, 0.9250000000000010400, 0.8999999999999999100 ) ) ;
#794 = ORIENTED_EDGE ( 'NONE', *, *, #3390, .F. ) ;
#795 = UNCERTAINTY_MEASURE_WITH_UNIT (LENGTH_MEASURE( 1.000000000000000100E-005 ), #243, 'distance_accuracy_value', 'NONE');
#796 = LINE ( 'NONE', #2902, #3475 ) ;
#797 = DIRECTION ( 'NONE',  ( -0.0000000000000000000, -1.000000000000000000, -0.0000000000000000000 ) ) ;
#798 =( NAMED_UNIT ( * ) SI_UNIT ( $, .STERADIAN. ) SOLID_ANGLE_UNIT ( ) );
#799 = DIRECTION ( 'NONE',  ( -0.0000000000000000000, -0.0000000000000000000, 1.000000000000000000 ) ) ;
#800 = CARTESIAN_POINT ( 'NONE',  ( 1.150000000000000100, 0.9250000000000011500, -0.2333333333333322500 ) ) ;
#801 = CARTESIAN_POINT ( 'NONE',  ( -0.6999999999999995100, 0.05000000000000007900, 0.8499999999999998700 ) ) ;
#802 = CARTESIAN_POINT ( 'NONE',  ( -0.5541666666666674700, 0.7165353064317944200, 0.7957676532159010400 ) ) ;
#803 = ORIENTED_EDGE ( 'NONE', *, *, #4060, .F. ) ;
#804 = DIRECTION ( 'NONE',  ( 1.000000000000000000, 0.0000000000000000000, -0.0000000000000000000 ) ) ;
#805 = EDGE_CURVE ( 'NONE', #1674, #958, #3556, .T. ) ;
#806 = DIRECTION ( 'NONE',  ( 1.000000000000000000, 0.0000000000000000000, 0.0000000000000000000 ) ) ;
#807 = DIRECTION ( 'NONE',  ( -1.491907544018793800E-016, 0.0000000000000000000, -1.000000000000000000 ) ) ;
#808 = FACE_OUTER_BOUND ( 'NONE', #1837, .T. ) ;
#809 = CYLINDRICAL_SURFACE ( 'NONE', #207, 0.7267220926874314900 ) ;
#810 = FILL_AREA_STYLE_COLOUR ( '', #1552 ) ;
#811 = EDGE_CURVE ( 'NONE', #2895, #2787, #921, .T. ) ;
#812 = CARTESIAN_POINT ( 'NONE',  ( 1.091421356288382500, 0.2749999999999999700, 0.8414213561862362600 ) ) ;
#813 = CARTESIAN_POINT ( 'NONE',  ( -0.8050000000000000500, 0.2899999999999957100, 1.549999999999998300 ) ) ;
#814 = CARTESIAN_POINT ( 'NONE',  ( 1.053941337974258400, 0.9250000000000011500, -0.8789013745003523300 ) ) ;
#815 = CARTESIAN_POINT ( 'NONE',  ( 0.1583333333333332400, 0.9250000000000011500, 0.9000000000000001300 ) ) ;
#816 = ADVANCED_FACE ( 'NONE', ( #4343 ), #250, .F. ) ;
#817 = MECHANICAL_DESIGN_GEOMETRIC_PRESENTATION_REPRESENTATION (  '', ( #2976 ), #242 ) ;
#818 = LINE ( 'NONE', #3699, #4344 ) ;
#819 = CARTESIAN_POINT ( 'NONE',  ( 1.149999999999999900, 0.2750000000000001300, 0.6999999999999991800 ) ) ;
#820 =( NAMED_UNIT ( * ) SI_UNIT ( $, .STERADIAN. ) SOLID_ANGLE_UNIT ( ) );
#821 = LINE ( 'NONE', #943, #1260 ) ;
#822 = STYLED_ITEM ( 'NONE', ( #544 ), #1109 ) ;
#823 = DIRECTION ( 'NONE',  ( -2.710505431213759900E-015, 0.0000000000000000000, -1.000000000000000000 ) ) ;
#824 = CARTESIAN_POINT ( 'NONE',  ( 0.0000000000000000000, 0.2749999999999999700, -0.9000000000000003600 ) ) ;
#825 = ORIENTED_EDGE ( 'NONE', *, *, #3939, .F. ) ;
#826 = DIRECTION ( 'NONE',  ( 0.0000000000000000000, 5.082197683525788600E-015, 1.000000000000000000 ) ) ;
#827 = DIRECTION ( 'NONE',  ( -1.000000000000000000, 0.0000000000000000000, -0.0000000000000000000 ) ) ;
#828 = ORIENTED_EDGE ( 'NONE', *, *, #2441, .F. ) ;
#829 = VERTEX_POINT ( 'NONE', #525 ) ;
#830 = CARTESIAN_POINT ( 'NONE',  ( -0.8449999999999999700, 0.2900000000000000400, 0.9000000000000003600 ) ) ;
#831 = CARTESIAN_POINT ( 'NONE',  ( 0.0000000000000000000, 0.0000000000000000000, -1.000000000000000000 ) ) ;
#832 = CARTESIAN_POINT ( 'NONE',  ( 0.3166666666666562200, 0.9250000000000011500, -0.8999999999999913600 ) ) ;
#833 = EDGE_CURVE ( 'NONE', #3634, #1011, #334, .T. ) ;
#834 = DIRECTION ( 'NONE',  ( 0.4472135954999618100, 0.8944271909999139700, 0.0000000000000000000 ) ) ;
#835 = DIRECTION ( 'NONE',  ( -0.0000000000000000000, -1.000000000000000000, -0.0000000000000000000 ) ) ;
#836 = CARTESIAN_POINT ( 'NONE',  ( 0.8050000000000000500, 0.03500000000000258500, 1.550000000000002000 ) ) ;
#837 = CARTESIAN_POINT ( 'NONE',  ( -1.045767653215896600, 0.7165353064317944200, -0.5833333333333301500 ) ) ;
#838 = ADVANCED_FACE ( 'NONE', ( #3272 ), #584, .T. ) ;
#839 = VERTEX_POINT ( 'NONE', #3490 ) ;
#840 = SURFACE_STYLE_USAGE ( .BOTH. , #2274 ) ;
#841 = STYLED_ITEM ( 'NONE', ( #3866 ), #3327 ) ;
#842 = EDGE_LOOP ( 'NONE', ( #3908, #3894, #3086, #2896 ) ) ;
#843 = CARTESIAN_POINT ( 'NONE',  ( 1.150000000000000400, 0.2749999999999999700, -0.2321391736539328300 ) ) ;
#844 = DIRECTION ( 'NONE',  ( -0.0000000000000000000, -1.000000000000000000, -0.0000000000000000000 ) ) ;
#845 = CARTESIAN_POINT ( 'NONE',  ( 1.002352345025646900, 0.9250000000000011500, -0.8999345874017091700 ) ) ;
#846 = EDGE_CURVE ( 'NONE', #3834, #4610, #3437, .T. ) ;
#847 = DIRECTION ( 'NONE',  ( 0.0000000000000000000, 1.000000000000000000, 9.637352644315614500E-016 ) ) ;
#848 = FACE_OUTER_BOUND ( 'NONE', #1065, .T. ) ;
#849 = AXIS2_PLACEMENT_3D ( 'NONE', #4056, #4089, #541 ) ;
#850 = FILL_AREA_STYLE_COLOUR ( '', #3493 ) ;
#851 = CARTESIAN_POINT ( 'NONE',  ( 1.053941337974267000, 0.2750000000000000200, 0.8789013745003548800 ) ) ;
#852 = LINE ( 'NONE', #1798, #3589 ) ;
#853 = CARTESIAN_POINT ( 'NONE',  ( 0.7916666666666520900, 0.7165353064317944200, -0.7957676532158964900 ) ) ;
#854 = VECTOR ( 'NONE', #4307, 1000.000000000000000 ) ;
#855 = B_SPLINE_CURVE_WITH_KNOTS ( 'NONE', 3,
 ( #3360, #495, #1188, #165 ),
 .UNSPECIFIED., .F., .F.,
 ( 4, 4 ),
 ( 0.6209168748118769600, 0.6409101150877072300 ),
 .UNSPECIFIED. ) ;
#856 = CARTESIAN_POINT ( 'NONE',  ( 1.049999999999999400, 0.0000000000000000000, -1.000000000000000200 ) ) ;
#857 = LINE ( 'NONE', #3283, #3053 ) ;
#858 = ORIENTED_EDGE ( 'NONE', *, *, #2186, .T. ) ;
#859 = FILL_AREA_STYLE ('',( #2972 ) ) ;
#860 = DIRECTION ( 'NONE',  ( 0.0000000000000000000, -0.0000000000000000000, -1.000000000000000000 ) ) ;
#861 = EDGE_LOOP ( 'NONE', ( #1469, #992, #3959, #2144 ) ) ;
#862 = CARTESIAN_POINT ( 'NONE',  ( 0.5500000000000000400, 0.0000000000000000000, 0.8499999999999998700 ) ) ;
#863 = CARTESIAN_POINT ( 'NONE',  ( -1.250000000000000000, 1.888477631085024000, 0.8499999999999998700 ) ) ;
#864 =( NAMED_UNIT ( * ) SI_UNIT ( $, .STERADIAN. ) SOLID_ANGLE_UNIT ( ) );
#865 = EDGE_CURVE ( 'NONE', #1674, #2552, #3876, .T. ) ;
#866 = CARTESIAN_POINT ( 'NONE',  ( 0.8000000000000017100, 0.2749999999999999700, -0.7999999999999981600 ) ) ;
#867 = CYLINDRICAL_SURFACE ( 'NONE', #1513, 0.02000000000000005200 ) ;
#868 = CARTESIAN_POINT ( 'NONE',  ( -2.710505431213794700E-017, 0.9250000000000000400, 0.9000000000000008000 ) ) ;
#870 = CARTESIAN_POINT ( 'NONE',  ( 1.149999999999999900, 0.2750000000000000200, -0.2333333333333322500 ) ) ;
#869 = LINE ( 'NONE', #4522, #1139 ) ;
#871 = LINE ( 'NONE', #567, #214 ) ;
#872 = COLOUR_RGB ( '',0.2509803921568627400, 0.2509803921568627400, 0.2509803921568627400 ) ;
#873 = FILL_AREA_STYLE_COLOUR ( '', #3770 ) ;
#874 = FACE_OUTER_BOUND ( 'NONE', #4262, .T. ) ;
#875 =( GEOMETRIC_REPRESENTATION_CONTEXT ( 3 ) GLOBAL_UNCERTAINTY_ASSIGNED_CONTEXT ( ( #1220 ) ) GLOBAL_UNIT_ASSIGNED_CONTEXT ( ( #3727, #458, #4042 ) ) REPRESENTATION_CONTEXT ( 'NONE', 'WORKASPACE' ) );
#876 = VERTEX_POINT ( 'NONE', #3814 ) ;
#877 = CIRCLE ( 'NONE', #3649, 0.01500000000000014900 ) ;
#878 = DIRECTION ( 'NONE',  ( -1.008560160451631400E-016, 0.0000000000000000000, -1.000000000000000000 ) ) ;
#879 = ORIENTED_EDGE ( 'NONE', *, *, #4099, .F. ) ;
#880 = DIRECTION ( 'NONE',  ( 1.275531967630005000E-016, 0.0000000000000000000, -1.000000000000000000 ) ) ;
#881 = DIRECTION ( 'NONE',  ( 1.000000000000000000, -0.0000000000000000000, 0.0000000000000000000 ) ) ;
#882 =( GEOMETRIC_REPRESENTATION_CONTEXT ( 3 ) GLOBAL_UNCERTAINTY_ASSIGNED_CONTEXT ( ( #469 ) ) GLOBAL_UNIT_ASSIGNED_CONTEXT ( ( #777, #753, #454 ) ) REPRESENTATION_CONTEXT ( 'NONE', 'WORKASPACE' ) );
#883 = CARTESIAN_POINT ( 'NONE',  ( -0.6333333333333404100, 0.7165353064317944200, -0.7957676532158960400 ) ) ;
#884 = ORIENTED_EDGE ( 'NONE', *, *, #3007, .T. ) ;
#885 = B_SPLINE_CURVE_WITH_KNOTS ( 'NONE', 3,
 ( #793, #2193, #2206, #2560 ),
 .UNSPECIFIED., .F., .F.,
 ( 4, 4 ),
 ( 0.0000000000000000000, 1.000000000000000000 ),
 .UNSPECIFIED. ) ;
#886 = AXIS2_PLACEMENT_3D ( 'NONE', #932, #3788, #826 ) ;
#887 = CARTESIAN_POINT ( 'NONE',  ( 1.250000000000000000, 0.2749999999999999700, -1.000000000000000000 ) ) ;
#888 = EDGE_CURVE ( 'NONE', #2437, #1365, #3332, .T. ) ;
#889 = CARTESIAN_POINT ( 'NONE',  ( 1.250000000000000000, 1.888477631085024000, 0.8499999999999998700 ) ) ;
#890 =( LENGTH_UNIT ( ) NAMED_UNIT ( * ) SI_UNIT ( .MILLI., .METRE. ) );
#891 = APPLICATION_PROTOCOL_DEFINITION ( 'draft international standard', 'automotive_design', 1998, #1219 ) ;
#892 = CARTESIAN_POINT ( 'NONE',  ( -0.8049999999999999400, 0.2900000000000000400, 0.8927139131245819300 ) ) ;
#893 = CARTESIAN_POINT ( 'NONE',  ( 1.149999999999999900, 0.2750000000000000200, 0.4666666666666678400 ) ) ;
#894 = ORIENTED_EDGE ( 'NONE', *, *, #3925, .F. ) ;
#895 = EDGE_LOOP ( 'NONE', ( #1335, #2576, #3737, #3746, #2180, #1112, #2828, #178, #2683, #1928, #286, #1814, #2481, #179, #355, #3235, #2048, #2878, #3613, #246 ) ) ;
#896 = CARTESIAN_POINT ( 'NONE',  ( 3.903127820947818400E-016, 1.200000000000000000, -0.9000000000000005800 ) ) ;
#897 = ORIENTED_EDGE ( 'NONE', *, *, #1872, .T. ) ;
#898 = ORIENTED_EDGE ( 'NONE', *, *, #1040, .F. ) ;
#899 = SURFACE_SIDE_STYLE ('',( #4232 ) ) ;
#900 = LINE ( 'NONE', #3062, #1900 ) ;
#901 = AXIS2_PLACEMENT_3D ( 'NONE', #2392, #4147, #907 ) ;
#902 = PLANE ( 'NONE',  #1630 ) ;
#903 = FACE_OUTER_BOUND ( 'NONE', #1884, .T. ) ;
#904 = SURFACE_STYLE_FILL_AREA ( #443 ) ;
#905 = ORIENTED_EDGE ( 'NONE', *, *, #4066, .F. ) ;
#906 = FACE_OUTER_BOUND ( 'NONE', #3801, .T. ) ;
#907 = DIRECTION ( 'NONE',  ( 0.0000000000000000000, 0.0000000000000000000, 1.000000000000000000 ) ) ;
#908 = FILL_AREA_STYLE_COLOUR ( '', #3208 ) ;
#909 = CARTESIAN_POINT ( 'NONE',  ( 1.002352345025646900, 0.2750000000000000200, -0.8999345874017090600 ) ) ;
#910 = VECTOR ( 'NONE', #1153, 1000.000000000000000 ) ;
#911 = VERTEX_POINT ( 'NONE', #3799 ) ;
#912 = CYLINDRICAL_SURFACE ( 'NONE', #2518, 0.01999999999999999700 ) ;
#913 = CARTESIAN_POINT ( 'NONE',  ( 0.8384032570418481500, 0.3049915866320129800, 0.8858487861013806300 ) ) ;
#914 = CARTESIAN_POINT ( 'NONE',  ( 0.0000000000000000000, 0.0000000000000000000, 0.0000000000000000000 ) ) ;
#915 = EDGE_CURVE ( 'NONE', #83, #4209, #3606, .T. ) ;
#916 = FACE_OUTER_BOUND ( 'NONE', #1435, .T. ) ;
#917 = DIRECTION ( 'NONE',  ( 0.0000000000000000000, 1.000000000000000000, 9.637352644315614500E-016 ) ) ;
#918 = DIRECTION ( 'NONE',  ( -0.0000000000000000000, -1.000000000000000000, -0.0000000000000000000 ) ) ;
#919 = CARTESIAN_POINT ( 'NONE',  ( 0.9500000000000004000, 0.2750000000000000800, 0.8999999999999998000 ) ) ;
#920 = CARTESIAN_POINT ( 'NONE',  ( -1.128901374500539600, 0.2750000000000000200, 0.8039413379740790700 ) ) ;
#921 = LINE ( 'NONE', #216, #3495 ) ;
#922 =( NAMED_UNIT ( * ) SI_UNIT ( $, .STERADIAN. ) SOLID_ANGLE_UNIT ( ) );
#923 = CARTESIAN_POINT ( 'NONE',  ( -0.8049999999999999400, 0.2924053870180443600, 0.8915794452110157300 ) ) ;
#924 = VECTOR ( 'NONE', #2299, 1000.000000000000000 ) ;
#925 = CARTESIAN_POINT ( 'NONE',  ( -1.035664823964987300, 0.4834646935682069800, -0.7497710900495767600 ) ) ;
#926 = CIRCLE ( 'NONE', #2388, 0.2000000000000000900 ) ;
#927 = CARTESIAN_POINT ( 'NONE',  ( -0.6333333333333229800, 0.9250000000000011500, 0.9000000000000002400 ) ) ;
#928 = PRESENTATION_STYLE_ASSIGNMENT (( #2785 ) ) ;
#929 = VERTEX_POINT ( 'NONE', #4547 ) ;
#930 = DIRECTION ( 'NONE',  ( -1.275531967630005000E-016, 8.297607182274969700E-032, 1.000000000000000000 ) ) ;
#931 = PRESENTATION_LAYER_ASSIGNMENT (  '', '', ( #3965 ) ) ;
#932 = CARTESIAN_POINT ( 'NONE',  ( 0.8249999999999999600, 0.05000000000000050200, 0.9150000000000010300 ) ) ;
#933 = EDGE_CURVE ( 'NONE', #586, #1717, #869, .T. ) ;
#934 = EDGE_LOOP ( 'NONE', ( #2952, #2322, #2820, #762 ) ) ;
#935 = ORIENTED_EDGE ( 'NONE', *, *, #550, .F. ) ;
#936 = PRESENTATION_LAYER_ASSIGNMENT (  '', '', ( #1391 ) ) ;
#937 = SURFACE_SIDE_STYLE ('',( #3917 ) ) ;
#938 =( GEOMETRIC_REPRESENTATION_CONTEXT ( 3 ) GLOBAL_UNCERTAINTY_ASSIGNED_CONTEXT ( ( #3899 ) ) GLOBAL_UNIT_ASSIGNED_CONTEXT ( ( #1719, #3822, #2469 ) ) REPRESENTATION_CONTEXT ( 'NONE', 'WORKASPACE' ) );
#939 = CARTESIAN_POINT ( 'NONE',  ( -0.5541666666666674700, 0.4834646935682069800, 0.7957676532159010400 ) ) ;
#940 = EDGE_CURVE ( 'NONE', #1011, #2005, #3980, .T. ) ;
#941 = DIRECTION ( 'NONE',  ( 1.000000000000000000, 0.0000000000000000000, 0.0000000000000000000 ) ) ;
#942 = CARTESIAN_POINT ( 'NONE',  ( 1.249999999999999800, 0.0000000000000000000, -0.8500000000000000900 ) ) ;
#943 = CARTESIAN_POINT ( 'NONE',  ( -0.8049999999999999400, 0.5999999999999985300, 0.9149999999999997000 ) ) ;
#944 = EDGE_LOOP ( 'NONE', ( #3181, #3406, #1409, #1461 ) ) ;
#945 =( NAMED_UNIT ( * ) SI_UNIT ( $, .STERADIAN. ) SOLID_ANGLE_UNIT ( ) );
#946 = EDGE_CURVE ( 'NONE', #2609, #4576, #1978, .T. ) ;
#947 =( NAMED_UNIT ( * ) SI_UNIT ( $, .STERADIAN. ) SOLID_ANGLE_UNIT ( ) );
#948 = ORIENTED_EDGE ( 'NONE', *, *, #594, .T. ) ;
#949 = DIRECTION ( 'NONE',  ( -1.008560160451631600E-016, -3.388131789017105500E-015, -1.000000000000000000 ) ) ;
#950 = CARTESIAN_POINT ( 'NONE',  ( 1.045767653215896600, 0.4834646935682069800, -0.2333333333333322500 ) ) ;
#951 = TOROIDAL_SURFACE ( 'NONE', #4417, 0.01500000000000045600, 0.02000000000000000000 ) ;
#952 = ORIENTED_EDGE ( 'NONE', *, *, #3338, .F. ) ;
#953 = DIRECTION ( 'NONE',  ( 7.589415207398535000E-016, 1.000000000000000000, 0.0000000000000000000 ) ) ;
#954 = EDGE_CURVE ( 'NONE', #2173, #2323, #1455, .T. ) ;
#955 = DIRECTION ( 'NONE',  ( 1.000000000000000000, -6.505213034913026600E-016, 0.0000000000000000000 ) ) ;
#956 = SURFACE_STYLE_USAGE ( .BOTH. , #1657 ) ;
#957 = PRESENTATION_STYLE_ASSIGNMENT (( #3157 ) ) ;
#958 = VERTEX_POINT ( 'NONE', #1333 ) ;
#959 = FACE_OUTER_BOUND ( 'NONE', #1930, .T. ) ;
#960 = AXIS2_PLACEMENT_3D ( 'NONE', #4597, #2851, #3912 ) ;
#961 = CARTESIAN_POINT ( 'NONE',  ( 0.8249999999999998400, 0.03500000000000036400, 0.9000000000000010200 ) ) ;
#962 = PLANE ( 'NONE',  #1031 ) ;
#963 = CARTESIAN_POINT ( 'NONE',  ( -0.8249999999999999600, 0.2749999999999999700, 0.9350000000000007200 ) ) ;
#964 = PRESENTATION_STYLE_ASSIGNMENT (( #1645 ) ) ;
#965 = UNCERTAINTY_MEASURE_WITH_UNIT (LENGTH_MEASURE( 1.000000000000000100E-005 ), #4488, 'distance_accuracy_value', 'NONE');
#966 = CARTESIAN_POINT ( 'NONE',  ( 0.6999999999999999600, 0.2749999999999999700, -0.9000000000000003600 ) ) ;
#967 = FACE_OUTER_BOUND ( 'NONE', #2779, .T. ) ;
#968 = DIRECTION ( 'NONE',  ( 0.0000000000000000000, 0.0000000000000000000, 1.000000000000000000 ) ) ;
#969 = CARTESIAN_POINT ( 'NONE',  ( -1.045736331160748800, 0.4834646935682069800, 0.7387122884057584200 ) ) ;
#970 = CARTESIAN_POINT ( 'NONE',  ( 0.8249999999999999600, 0.01499999999999997200, 0.9000000000000011300 ) ) ;
#971 = CARTESIAN_POINT ( 'NONE',  ( 0.7916666666666790600, 0.7165353064317944200, 0.7957676532158964900 ) ) ;
#972 = LINE ( 'NONE', #323, #3600 ) ;
#973 = CARTESIAN_POINT ( 'NONE',  ( -1.149999999999999700, 0.9250000000000012700, 0.5833333333330778000 ) ) ;
#974 = FILL_AREA_STYLE_COLOUR ( '', #1557 ) ;
#975 = DIRECTION ( 'NONE',  ( -1.000000000000000000, 0.0000000000000000000, 0.0000000000000000000 ) ) ;
#976 = FACE_OUTER_BOUND ( 'NONE', #4331, .T. ) ;
#977 = AXIS2_PLACEMENT_3D ( 'NONE', #519, #3400, #2695 ) ;
#978 = DIRECTION ( 'NONE',  ( -5.510129769479458700E-030, -5.421010862427523000E-015, -1.000000000000000000 ) ) ;
#979 = CARTESIAN_POINT ( 'NONE',  ( -1.250000000000000000, 0.9249999999999999300, -0.0000000000000000000 ) ) ;
#980 = B_SPLINE_CURVE_WITH_KNOTS ( 'NONE', 3,
 ( #2477, #1005, #3179, #3540 ),
 .UNSPECIFIED., .F., .F.,
 ( 4, 4 ),
 ( 0.0000000000000000000, 1.000000000000000000 ),
 .UNSPECIFIED. ) ;
#981 = VECTOR ( 'NONE', #3344, 1000.000000000000000 ) ;
#982 = EDGE_CURVE ( 'NONE', #1209, #2558, #980, .T. ) ;
#983 = LINE ( 'NONE', #238, #3666 ) ;
#984 = CARTESIAN_POINT ( 'NONE',  ( 0.0000000000000000000, 0.0000000000000000000, -1.000000000000000000 ) ) ;
#985 = CARTESIAN_POINT ( 'NONE',  ( 1.045767653215896600, 0.4834646935682069800, 0.5833333333333302600 ) ) ;
#986 = EDGE_CURVE ( 'NONE', #1596, #23, #2887, .T. ) ;
#987 = ORIENTED_EDGE ( 'NONE', *, *, #74, .T. ) ;
#988 = SURFACE_SIDE_STYLE ('',( #2099 ) ) ;
#989 = PRESENTATION_LAYER_ASSIGNMENT (  '', '', ( #841 ) ) ;
#990 = DIRECTION ( 'NONE',  ( 0.0000000000000000000, 0.0000000000000000000, 1.000000000000000000 ) ) ;
#991 = EDGE_CURVE ( 'NONE', #1883, #3320, #1929, .T. ) ;
#992 = ORIENTED_EDGE ( 'NONE', *, *, #2639, .F. ) ;
#993 = AXIS2_PLACEMENT_3D ( 'NONE', #540, #1579, #557 ) ;
#994 = DIRECTION ( 'NONE',  ( 0.8944271909999137500, 0.4472135954999622000, -0.0000000000000000000 ) ) ;
#995 = CARTESIAN_POINT ( 'NONE',  ( -1.149999999999999900, 0.2750000000000000200, -0.4083333333333345500 ) ) ;
#996 = DIRECTION ( 'NONE',  ( -1.000000000000000000, 0.0000000000000000000, -0.0000000000000000000 ) ) ;
#997 = DIRECTION ( 'NONE',  ( -1.000000000000000000, -0.0000000000000000000, -0.0000000000000000000 ) ) ;
#998 = AXIS2_PLACEMENT_3D ( 'NONE', #4043, #1570, #3403 ) ;
#999 = DIRECTION ( 'NONE',  ( 0.0000000000000000000, -1.000000000000000000, 0.0000000000000000000 ) ) ;
#1000 = CARTESIAN_POINT ( 'NONE',  ( -1.045767653215889700, 0.7165353064317944200, 0.4083333333333352700 ) ) ;
#1001 = CARTESIAN_POINT ( 'NONE',  ( 1.149999999999999900, 0.2750000000000000200, -0.2333333333333322500 ) ) ;
#1002 = VERTEX_POINT ( 'NONE', #2124 ) ;
#1003 = EDGE_CURVE ( 'NONE', #1032, #1390, #4460, .T. ) ;
#1004 = CARTESIAN_POINT ( 'NONE',  ( 0.5541666666666734700, 0.9250000000000011500, -0.9000000000000043500 ) ) ;
#1005 = CARTESIAN_POINT ( 'NONE',  ( 0.6310404116818241200, 0.2749999999999999700, 0.9000000000000011300 ) ) ;
#1006 = ORIENTED_EDGE ( 'NONE', *, *, #4583, .T. ) ;
#1007 =( LENGTH_UNIT ( ) NAMED_UNIT ( * ) SI_UNIT ( .MILLI., .METRE. ) );
#1008 = SURFACE_STYLE_USAGE ( .BOTH. , #2449 ) ;
#1009 = DIRECTION ( 'NONE',  ( 1.275531967630005200E-016, -0.0000000000000000000, 1.000000000000000000 ) ) ;
#1010 = CARTESIAN_POINT ( 'NONE',  ( 0.3166666666666562200, 0.2750000000000000200, -0.8999999999999912500 ) ) ;
#1011 = VERTEX_POINT ( 'NONE', #3256 ) ;
#1012 = ORIENTED_EDGE ( 'NONE', *, *, #1592, .T. ) ;
#1013 = SURFACE_STYLE_USAGE ( .BOTH. , #4245 ) ;
#1014 = EDGE_CURVE ( 'NONE', #2517, #3012, #1, .T. ) ;
#1015 = VECTOR ( 'NONE', #1373, 1000.000000000000000 ) ;
#1016 = CARTESIAN_POINT ( 'NONE',  ( 0.8249999999999999600, 0.2749999999999999700, 0.9350000000000007200 ) ) ;
#1017 = PRESENTATION_STYLE_ASSIGNMENT (( #1228 ) ) ;
#1018 = CARTESIAN_POINT ( 'NONE',  ( 0.9499999999999999600, 1.200000000000000000, -0.9000000000000002400 ) ) ;
#1019 = SURFACE_STYLE_FILL_AREA ( #611 ) ;
#1020 = CARTESIAN_POINT ( 'NONE',  ( -0.9500000000000002900, 0.9250000000000010400, -0.8999999999999998000 ) ) ;
#1021 = VECTOR ( 'NONE', #2220, 1000.000000000000000 ) ;
#1022 = CARTESIAN_POINT ( 'NONE',  ( -0.8914681054473345700, 0.4834646935682069800, 0.7958150112849846600 ) ) ;
#1023 = AXIS2_PLACEMENT_3D ( 'NONE', #1266, #3051, #3757 ) ;
#1024 = DIRECTION ( 'NONE',  ( -1.000000000000000000, 6.505213034913026600E-016, 0.0000000000000000000 ) ) ;
#1025 = EDGE_CURVE ( 'NONE', #2428, #3903, #2559, .T. ) ;
#1026 = CARTESIAN_POINT ( 'NONE',  ( 0.5541666666666664700, 0.9250000000000011500, 0.8999999999999956900 ) ) ;
#1027 = CARTESIAN_POINT ( 'NONE',  ( -1.250000000000000000, 1.200000000000000000, -1.000000000000000000 ) ) ;
#1028 = CYLINDRICAL_SURFACE ( 'NONE', #2822, 0.02000000000000005200 ) ;
#1029 = ADVANCED_FACE ( 'NONE', ( #916 ), #3270, .T. ) ;
#1031 = AXIS2_PLACEMENT_3D ( 'NONE', #1405, #1778, #2533 ) ;
#1030 = SURFACE_STYLE_FILL_AREA ( #1167 ) ;
#1032 = VERTEX_POINT ( 'NONE', #96 ) ;
#1033 = FACE_OUTER_BOUND ( 'NONE', #521, .T. ) ;
#1034 = VECTOR ( 'NONE', #2261, 1000.000000000000000 ) ;
#1035 = CARTESIAN_POINT ( 'NONE',  ( -1.045767653215896600, 0.4834646935682069800, 0.4666666666666663400 ) ) ;
#1036 = CARTESIAN_POINT ( 'NONE',  ( 1.150000000000000100, 0.9250000000000011500, -0.2333333333333322500 ) ) ;
#1037 = CYLINDRICAL_SURFACE ( 'NONE', #1892, 0.02000000000000005200 ) ;
#1038 = CARTESIAN_POINT ( 'NONE',  ( 0.6999999999999999600, 1.200000000000000000, 0.9000000000000006900 ) ) ;
#1039 = CIRCLE ( 'NONE', #1734, 0.02000000000000005200 ) ;
#1040 = EDGE_CURVE ( 'NONE', #2339, #3834, #1249, .T. ) ;
#1041 = CARTESIAN_POINT ( 'NONE',  ( -0.1583333333333444600, 0.2750000000000000200, -0.9000000000000000200 ) ) ;
#1042 = ORIENTED_EDGE ( 'NONE', *, *, #805, .F. ) ;
#1043 = VERTEX_POINT ( 'NONE', #4328 ) ;
#1044 = CARTESIAN_POINT ( 'NONE',  ( -0.6333333333333233100, 0.7165353064317944200, 0.7957676532158968200 ) ) ;
#1045 = ADVANCED_FACE ( 'NONE', ( #2937 ), #1092, .F. ) ;
#1046 = CARTESIAN_POINT ( 'NONE',  ( -1.045767653215884200, 0.4834646935682069800, -0.2333333333333271800 ) ) ;
#1047 = CARTESIAN_POINT ( 'NONE',  ( -1.149999999999999900, 0.9250000000000010400, -0.6999999999999989600 ) ) ;
#1048 = CARTESIAN_POINT ( 'NONE',  ( 0.6333333333333252000, 0.9250000000000011500, 0.9000000000000000200 ) ) ;
#1049 = ORIENTED_EDGE ( 'NONE', *, *, #2679, .T. ) ;
#1050 = MECHANICAL_DESIGN_GEOMETRIC_PRESENTATION_REPRESENTATION (  '', ( #14 ), #1631 ) ;
#1051 = ORIENTED_EDGE ( 'NONE', *, *, #2475, .T. ) ;
#1052 =( GEOMETRIC_REPRESENTATION_CONTEXT ( 3 ) GLOBAL_UNCERTAINTY_ASSIGNED_CONTEXT ( ( #2691 ) ) GLOBAL_UNIT_ASSIGNED_CONTEXT ( ( #1890, #2635, #2249 ) ) REPRESENTATION_CONTEXT ( 'NONE', 'WORKASPACE' ) );
#1053 =( LENGTH_UNIT ( ) NAMED_UNIT ( * ) SI_UNIT ( .MILLI., .METRE. ) );
#1054 = ORIENTED_EDGE ( 'NONE', *, *, #3588, .F. ) ;
#1055 = ORIENTED_EDGE ( 'NONE', *, *, #1369, .F. ) ;
#1056 = ORIENTED_EDGE ( 'NONE', *, *, #4205, .F. ) ;
#1057 =( GEOMETRIC_REPRESENTATION_CONTEXT ( 3 ) GLOBAL_UNCERTAINTY_ASSIGNED_CONTEXT ( ( #79 ) ) GLOBAL_UNIT_ASSIGNED_CONTEXT ( ( #890, #4143, #3747 ) ) REPRESENTATION_CONTEXT ( 'NONE', 'WORKASPACE' ) );
#1058 = CARTESIAN_POINT ( 'NONE',  ( -0.6333333333333331900, 0.9249999999999999300, -0.9000000000000009100 ) ) ;
#1059 = CARTESIAN_POINT ( 'NONE',  ( -1.250000000000000000, 1.200000000000000000, 1.000000000000000000 ) ) ;
#1060 = CARTESIAN_POINT ( 'NONE',  ( -1.045802548635227800, 0.4834646935682069800, -0.6568712355927837100 ) ) ;
#1061 = EDGE_CURVE ( 'NONE', #607, #2848, #3655, .T. ) ;
#1062 = CARTESIAN_POINT ( 'NONE',  ( 1.150000000000000100, 0.9250000000000011500, 0.4666666666666678400 ) ) ;
#1063 = DIRECTION ( 'NONE',  ( -1.000000000000000000, 0.0000000000000000000, -0.0000000000000000000 ) ) ;
#1064 = FACE_OUTER_BOUND ( 'NONE', #712, .T. ) ;
#1065 = EDGE_LOOP ( 'NONE', ( #681, #1856, #2633, #315 ) ) ;
#1066 = ADVANCED_FACE ( 'NONE', ( #1743 ), #809, .T. ) ;
#1067 = PRESENTATION_STYLE_ASSIGNMENT (( #280 ) ) ;
#1068 = ORIENTED_EDGE ( 'NONE', *, *, #3654, .T. ) ;
#1069 = CARTESIAN_POINT ( 'NONE',  ( 0.6000000000000007500, 6.098637220230962400E-017, 0.8499999999999998700 ) ) ;
#1070 = ORIENTED_EDGE ( 'NONE', *, *, #4281, .T. ) ;
#1071 = UNCERTAINTY_MEASURE_WITH_UNIT (LENGTH_MEASURE( 1.000000000000000100E-005 ), #1377, 'distance_accuracy_value', 'NONE');
#1072 = CARTESIAN_POINT ( 'NONE',  ( -0.7916666666666760700, 0.9250000000000011500, 0.9000000000000002400 ) ) ;
#1073 = PRESENTATION_LAYER_ASSIGNMENT (  '', '', ( #2349 ) ) ;
#1074 = VECTOR ( 'NONE', #4020, 1000.000000000000000 ) ;
#1075 =( NAMED_UNIT ( * ) PLANE_ANGLE_UNIT ( ) SI_UNIT ( $, .RADIAN. ) );
#1076 = EDGE_CURVE ( 'NONE', #1940, #4080, #2446, .T. ) ;
#1077 = VERTEX_POINT ( 'NONE', #4408 ) ;
#1078 =( NAMED_UNIT ( * ) SI_UNIT ( $, .STERADIAN. ) SOLID_ANGLE_UNIT ( ) );
#1079 = AXIS2_PLACEMENT_3D ( 'NONE', #3084, #2761, #3827 ) ;
#1080 =( NAMED_UNIT ( * ) PLANE_ANGLE_UNIT ( ) SI_UNIT ( $, .RADIAN. ) );
#1081 = VECTOR ( 'NONE', #580, 1000.000000000000000 ) ;
#1082 = LINE ( 'NONE', #1965, #48 ) ;
#1083 = CIRCLE ( 'NONE', #1253, 0.01500000000000047300 ) ;
#1084 = VECTOR ( 'NONE', #4425, 1000.000000000000000 ) ;
#1085 = CARTESIAN_POINT ( 'NONE',  ( 0.9499999999999998400, 0.05000000000000023900, -1.000000000000000200 ) ) ;
#1086 = SURFACE_STYLE_USAGE ( .BOTH. , #373 ) ;
#1087 = CARTESIAN_POINT ( 'NONE',  ( -0.5541666666666674700, 0.9250000000000011500, 0.9000000000000045700 ) ) ;
#1088 = DIRECTION ( 'NONE',  ( 0.0000000000000000000, -1.000000000000000000, -5.421010862427523000E-015 ) ) ;
#1089 = CARTESIAN_POINT ( 'NONE',  ( 1.045802548635228300, 0.4834646935682069800, -0.6568712355927790500 ) ) ;
#1090 = ORIENTED_EDGE ( 'NONE', *, *, #2019, .T. ) ;
#1091 = CARTESIAN_POINT ( 'NONE',  ( -0.8049999999999999400, 0.05000000000000050200, 0.9150000000000013700 ) ) ;
#1092 = PLANE ( 'NONE',  #358 ) ;
#1093 = DIRECTION ( 'NONE',  ( 0.0000000000000000000, 0.0000000000000000000, 1.000000000000000000 ) ) ;
#1094 = DIRECTION ( 'NONE',  ( -1.000000000000000000, 6.505213034913026600E-016, 0.0000000000000000000 ) ) ;
#1095 = EDGE_CURVE ( 'NONE', #3320, #3027, #3492, .T. ) ;
#1096 = ORIENTED_EDGE ( 'NONE', *, *, #1995, .F. ) ;
#1097 = EDGE_LOOP ( 'NONE', ( #2543, #4238, #2064, #792, #787 ) ) ;
#1098 = DIRECTION ( 'NONE',  ( -0.7071067811865464600, 0.0000000000000000000, -0.7071067811865486800 ) ) ;
#1099 = DIRECTION ( 'NONE',  ( 0.0000000000000000000, -1.000000000000000000, 0.0000000000000000000 ) ) ;
#1100 = CARTESIAN_POINT ( 'NONE',  ( -2.915719209337254000E-017, 0.7165353064317944200, 0.7957676532158967100 ) ) ;
#1101 = SURFACE_STYLE_USAGE ( .BOTH. , #440 ) ;
#1102 = CARTESIAN_POINT ( 'NONE',  ( 1.045767653215896600, 0.4834646935682069800, 0.1166666666666671700 ) ) ;
#1103 = CARTESIAN_POINT ( 'NONE',  ( -1.149999999999999900, 0.9250000000000011500, -0.1166666666666674200 ) ) ;
#1104 = DIRECTION ( 'NONE',  ( -2.710505431213761500E-015, 0.0000000000000000000, -1.000000000000000000 ) ) ;
#1105 = ORIENTED_EDGE ( 'NONE', *, *, #4077, .T. ) ;
#1106 = FILL_AREA_STYLE_COLOUR ( '', #3535 ) ;
#1107 = ORIENTED_EDGE ( 'NONE', *, *, #1773, .T. ) ;
#1108 =( LENGTH_UNIT ( ) NAMED_UNIT ( * ) SI_UNIT ( .MILLI., .METRE. ) );
#1109 = ADVANCED_FACE ( 'NONE', ( #4509 ), #3013, .F. ) ;
#1110 = AXIS2_PLACEMENT_3D ( 'NONE', #141, #1815, #4336 ) ;
#1111 = ORIENTED_EDGE ( 'NONE', *, *, #4546, .T. ) ;
#1112 = ORIENTED_EDGE ( 'NONE', *, *, #3294, .T. ) ;
#1113 = SURFACE_SIDE_STYLE ('',( #1399 ) ) ;
#1114 = ORIENTED_EDGE ( 'NONE', *, *, #1459, .T. ) ;
#1115 = ORIENTED_EDGE ( 'NONE', *, *, #1495, .F. ) ;
#1116 = ORIENTED_EDGE ( 'NONE', *, *, #1187, .F. ) ;
#1117 = DIRECTION ( 'NONE',  ( -0.0000000000000000000, -1.000000000000000000, -0.0000000000000000000 ) ) ;
#1118 = CARTESIAN_POINT ( 'NONE',  ( -2.710505431213761100E-017, 0.9250000000000011500, 0.9000000000000001300 ) ) ;
#1119 = PRESENTATION_STYLE_ASSIGNMENT (( #230 ) ) ;
#1120 = CARTESIAN_POINT ( 'NONE',  ( -1.035664823964987300, 0.4834646935682069800, -0.7497710900495767600 ) ) ;
#1121 = CARTESIAN_POINT ( 'NONE',  ( 0.0000000000000000000, 0.9249999999999999300, -1.000000000000000000 ) ) ;
#1122 = FACE_OUTER_BOUND ( 'NONE', #4011, .T. ) ;
#1123 = EDGE_CURVE ( 'NONE', #2677, #1705, #55, .T. ) ;
#1124 = SURFACE_STYLE_FILL_AREA ( #4582 ) ;
#1125 = PLANE ( 'NONE',  #3192 ) ;
#1126 = CARTESIAN_POINT ( 'NONE',  ( -0.8449999999999999700, 0.2749999999999999700, 0.9000000000000004700 ) ) ;
#1127 = CARTESIAN_POINT ( 'NONE',  ( 0.8118321896219125000, 0.3052397323387360300, 0.8857371943370271300 ) ) ;
#1128 = FILL_AREA_STYLE_COLOUR ( '', #4374 ) ;
#1129 = ORIENTED_EDGE ( 'NONE', *, *, #1832, .T. ) ;
#1130 = EDGE_LOOP ( 'NONE', ( #488, #629, #897, #3796, #1635, #2841, #3567, #1243, #2726, #1308, #1952, #3932, #2910, #2001, #1258 ) ) ;
#1131 = UNCERTAINTY_MEASURE_WITH_UNIT (LENGTH_MEASURE( 1.000000000000000100E-005 ), #662, 'distance_accuracy_value', 'NONE');
#1132 = LINE ( 'NONE', #2994, #4399 ) ;
#1133 = EDGE_CURVE ( 'NONE', #115, #2909, #855, .T. ) ;
#1134 = VECTOR ( 'NONE', #3112, 1000.000000000000000 ) ;
#1135 = CARTESIAN_POINT ( 'NONE',  ( -1.250000000000000000, 1.200000000000000000, -1.000000000000000000 ) ) ;
#1136 = CARTESIAN_POINT ( 'NONE',  ( -1.150000000000006400, 0.9250000000000011500, -0.4083333333333345500 ) ) ;
#1137 = ADVANCED_FACE ( 'NONE', ( #976 ), #4419, .F. ) ;
#1138 =( NAMED_UNIT ( * ) PLANE_ANGLE_UNIT ( ) SI_UNIT ( $, .RADIAN. ) );
#1139 = VECTOR ( 'NONE', #941, 1000.000000000000000 ) ;
#1140 = CARTESIAN_POINT ( 'NONE',  ( -0.8914681054473345700, 0.7165353064317944200, 0.7958150112849846600 ) ) ;
#1141 = MECHANICAL_DESIGN_GEOMETRIC_PRESENTATION_REPRESENTATION (  '', ( #2653 ), #3471 ) ;
#1142 = CARTESIAN_POINT ( 'NONE',  ( -0.8000000000000017100, 1.200000000000000000, 0.7999999999999981600 ) ) ;
#1143 = DIRECTION ( 'NONE',  ( 1.491907544018794300E-016, 0.0000000000000000000, 1.000000000000000000 ) ) ;
#1144 = PRESENTATION_LAYER_ASSIGNMENT (  '', '', ( #4180 ) ) ;
#1145 = DIRECTION ( 'NONE',  ( 1.000000000000000000, -0.0000000000000000000, 0.0000000000000000000 ) ) ;
#1146 = VECTOR ( 'NONE', #2354, 1000.000000000000000 ) ;
#1147 = FILL_AREA_STYLE ('',( #2575 ) ) ;
#1148 = LINE ( 'NONE', #3169, #502 ) ;
#1149 = AXIS2_PLACEMENT_3D ( 'NONE', #1244, #2714, #4128 ) ;
#1150 = ORIENTED_EDGE ( 'NONE', *, *, #345, .T. ) ;
#1151 = SURFACE_STYLE_FILL_AREA ( #722 ) ;
#1152 = ORIENTED_EDGE ( 'NONE', *, *, #397, .F. ) ;
#1153 = DIRECTION ( 'NONE',  ( -1.275531967630005200E-016, 0.0000000000000000000, 1.000000000000000000 ) ) ;
#1154 = CARTESIAN_POINT ( 'NONE',  ( 1.150000000000000100, 0.9250000000000011500, -0.1166666666666704000 ) ) ;
#1155 = EDGE_CURVE ( 'NONE', #4409, #2250, #2331, .T. ) ;
#1156 = DIRECTION ( 'NONE',  ( 1.491907544018793800E-016, 0.0000000000000000000, -1.000000000000000000 ) ) ;
#1157 = CARTESIAN_POINT ( 'NONE',  ( 0.6333333333333252000, 0.4834646935682069800, 0.7957676532158964900 ) ) ;
#1158 = ORIENTED_EDGE ( 'NONE', *, *, #3525, .T. ) ;
#1159 = CARTESIAN_POINT ( 'NONE',  ( 0.8249999999999999600, 0.2900000000000000900, 0.9000000000000003600 ) ) ;
#1160 = DIRECTION ( 'NONE',  ( -0.8944271909999139700, 0.4472135954999618100, 0.0000000000000000000 ) ) ;
#1161 = ORIENTED_EDGE ( 'NONE', *, *, #494, .T. ) ;
#1162 = CARTESIAN_POINT ( 'NONE',  ( -0.9482803075323887900, 0.2749999999999996300, -0.9000000000000004700 ) ) ;
#1163 = ADVANCED_FACE ( 'NONE', ( #2771 ), #2300, .F. ) ;
#1164 = CARTESIAN_POINT ( 'NONE',  ( -1.250000000000001100, 0.05000000000000035000, -0.8500000000000000900 ) ) ;
#1165 = MECHANICAL_DESIGN_GEOMETRIC_PRESENTATION_REPRESENTATION (  '', ( #3965 ), #4236 ) ;
#1166 = DIRECTION ( 'NONE',  ( -1.000000000000000000, 0.0000000000000000000, -0.0000000000000000000 ) ) ;
#1167 = FILL_AREA_STYLE ('',( #2242 ) ) ;
#1168 = PLANE ( 'NONE',  #4247 ) ;
#1169 = EDGE_CURVE ( 'NONE', #3634, #1077, #1132, .T. ) ;
#1170 = EDGE_LOOP ( 'NONE', ( #4243, #2918, #1090, #4428 ) ) ;
#1171 = DIRECTION ( 'NONE',  ( 0.0000000000000000000, 1.000000000000000000, 5.421010862427523000E-015 ) ) ;
#1172 = DIRECTION ( 'NONE',  ( 1.275531967630005000E-016, 0.0000000000000000000, -1.000000000000000000 ) ) ;
#1173 = ORIENTED_EDGE ( 'NONE', *, *, #766, .F. ) ;
#1174 = VERTEX_POINT ( 'NONE', #1203 ) ;
#1175 =( GEOMETRIC_REPRESENTATION_CONTEXT ( 3 ) GLOBAL_UNCERTAINTY_ASSIGNED_CONTEXT ( ( #1342 ) ) GLOBAL_UNIT_ASSIGNED_CONTEXT ( ( #1053, #370, #349 ) ) REPRESENTATION_CONTEXT ( 'NONE', 'WORKASPACE' ) );
#1176 =( GEOMETRIC_REPRESENTATION_CONTEXT ( 3 ) GLOBAL_UNCERTAINTY_ASSIGNED_CONTEXT ( ( #1485 ) ) GLOBAL_UNIT_ASSIGNED_CONTEXT ( ( #1428, #3598, #65 ) ) REPRESENTATION_CONTEXT ( 'NONE', 'WORKASPACE' ) );
#1177 = FACE_OUTER_BOUND ( 'NONE', #417, .T. ) ;
#1178 = CARTESIAN_POINT ( 'NONE',  ( -0.8449999999999999700, 0.05000000000000042600, 0.9000000000000004700 ) ) ;
#1179 = ORIENTED_EDGE ( 'NONE', *, *, #550, .T. ) ;
#1180 = SURFACE_STYLE_FILL_AREA ( #244 ) ;
#1181 = DIRECTION ( 'NONE',  ( 0.0000000000000000000, -1.000000000000000000, 0.0000000000000000000 ) ) ;
#1182 = SURFACE_SIDE_STYLE ('',( #200 ) ) ;
#1184 = CARTESIAN_POINT ( 'NONE',  ( 1.128901374500349300, 0.9250000000000011500, 0.8039413379742609300 ) ) ;
#1183 = PRESENTATION_STYLE_ASSIGNMENT (( #3324 ) ) ;
#1185 = DIRECTION ( 'NONE',  ( 6.505213034913026600E-016, 1.000000000000000000, 0.0000000000000000000 ) ) ;
#1186 = LINE ( 'NONE', #1799, #4503 ) ;
#1187 = EDGE_CURVE ( 'NONE', #2848, #4316, #4164, .T. ) ;
#1188 = CARTESIAN_POINT ( 'NONE',  ( -1.053941337974267300, 0.2750000000000000200, -0.8789013745003484400 ) ) ;
#1189 = DIRECTION ( 'NONE',  ( -0.0000000000000000000, 0.0000000000000000000, -1.000000000000000000 ) ) ;
#1190 = CARTESIAN_POINT ( 'NONE',  ( -0.6999999999999995100, 0.05000000000000012100, -0.9000000000000005800 ) ) ;
#1191 = COLOUR_RGB ( '',0.2509803921568627400, 0.2509803921568627400, 0.2509803921568627400 ) ;
#1192 = DIRECTION ( 'NONE',  ( 1.000000000000000000, -6.505213034913026600E-016, 0.0000000000000000000 ) ) ;
#1193 = DIRECTION ( 'NONE',  ( 1.000000000000000000, 0.0000000000000000000, 1.008560160451631700E-016 ) ) ;
#1194 = PRESENTATION_LAYER_ASSIGNMENT (  '', '', ( #3261 ) ) ;
#1195 = FACE_OUTER_BOUND ( 'NONE', #2025, .T. ) ;
#1196 = EDGE_CURVE ( 'NONE', #631, #4259, #588, .T. ) ;
#1197 = CARTESIAN_POINT ( 'NONE',  ( 0.8049999999999999400, 0.05000000000000050200, 0.9150000000000013700 ) ) ;
#1198 = DIRECTION ( 'NONE',  ( 0.0000000000000000000, -2.710505431213754000E-015, -1.000000000000000000 ) ) ;
#1199 = CARTESIAN_POINT ( 'NONE',  ( 0.9499999999999996200, 0.9250000000000009300, 0.8999999999999999100 ) ) ;
#1200 = VECTOR ( 'NONE', #1145, 1000.000000000000000 ) ;
#1201 = AXIS2_PLACEMENT_3D ( 'NONE', #125, #451, #1166 ) ;
#1202 = DIRECTION ( 'NONE',  ( 0.0000000000000000000, 0.0000000000000000000, -1.000000000000000000 ) ) ;
#1203 = CARTESIAN_POINT ( 'NONE',  ( 0.9499999999999998400, 0.05000000000000023900, -0.9000000000000002400 ) ) ;
#1204 = PRESENTATION_STYLE_ASSIGNMENT (( #1101 ) ) ;
#1205 = MECHANICAL_DESIGN_GEOMETRIC_PRESENTATION_REPRESENTATION (  '', ( #1419 ), #36 ) ;
#1206 = DIRECTION ( 'NONE',  ( -1.000000000000000000, 0.0000000000000000000, -1.008560160451631500E-016 ) ) ;
#1207 = CARTESIAN_POINT ( 'NONE',  ( 0.6333333333333252000, 0.2750000000000000200, 0.8999999999999999100 ) ) ;
#1208 = CARTESIAN_POINT ( 'NONE',  ( 1.045767653215896600, 0.7165353064317944200, 0.1166666666666671700 ) ) ;
#1209 = VERTEX_POINT ( 'NONE', #1556 ) ;
#1210 = ADVANCED_FACE ( 'NONE', ( #3599 ), #2328, .F. ) ;
#1211 = CARTESIAN_POINT ( 'NONE',  ( 0.8449999999999999700, 0.05000000000000042600, 0.9000000000000004700 ) ) ;
#1212 = ORIENTED_EDGE ( 'NONE', *, *, #3578, .F. ) ;
#1213 = CARTESIAN_POINT ( 'NONE',  ( 1.250000000000000000, 1.200000000000000000, 1.000000000000000000 ) ) ;
#1214 = CARTESIAN_POINT ( 'NONE',  ( -2.710505431213761100E-017, 0.9250000000000011500, 0.9000000000000001300 ) ) ;
#1215 = EDGE_CURVE ( 'NONE', #64, #69, #3168, .T. ) ;
#1216 = VERTEX_POINT ( 'NONE', #3303 ) ;
#1217 = CARTESIAN_POINT ( 'NONE',  ( -1.150000000000000400, 0.2750000000000000800, -0.6982087604809096300 ) ) ;
#1218 = CARTESIAN_POINT ( 'NONE',  ( 0.5499999999999998200, 0.0000000000000000000, -0.8500000000000000900 ) ) ;
#1219 = APPLICATION_CONTEXT ( 'automotive_design' ) ;
#1220 = UNCERTAINTY_MEASURE_WITH_UNIT (LENGTH_MEASURE( 1.000000000000000100E-005 ), #3727, 'distance_accuracy_value', 'NONE');
#1221 =( NAMED_UNIT ( * ) SI_UNIT ( $, .STERADIAN. ) SOLID_ANGLE_UNIT ( ) );
#1222 = CARTESIAN_POINT ( 'NONE',  ( -0.9887122884057527600, 0.7165353064317944200, -0.7957363311607520400 ) ) ;
#1223 = EDGE_CURVE ( 'NONE', #1216, #2428, #1676, .T. ) ;
#1224 = ORIENTED_EDGE ( 'NONE', *, *, #285, .T. ) ;
#1225 = SURFACE_SIDE_STYLE ('',( #1868 ) ) ;
#1226 = PRESENTATION_LAYER_ASSIGNMENT (  '', '', ( #3100 ) ) ;
#1227 = DIRECTION ( 'NONE',  ( 0.0000000000000000000, 0.0000000000000000000, -1.000000000000000000 ) ) ;
#1228 = SURFACE_STYLE_USAGE ( .BOTH. , #1182 ) ;
#1229 = CARTESIAN_POINT ( 'NONE',  ( -0.8049999999999999400, 0.03500000000000019100, 0.8499999999999997600 ) ) ;
#1230 = EDGE_CURVE ( 'NONE', #1558, #69, #52, .T. ) ;
#1231 = CARTESIAN_POINT ( 'NONE',  ( -0.8249999999999998400, 0.2749999999999999700, 0.9000000000000004700 ) ) ;
#1232 = PRESENTATION_LAYER_ASSIGNMENT (  '', '', ( #1768 ) ) ;
#1233 = ORIENTED_EDGE ( 'NONE', *, *, #2557, .T. ) ;
#1234 = ORIENTED_EDGE ( 'NONE', *, *, #1003, .F. ) ;
#1235 = DIRECTION ( 'NONE',  ( -0.8944271909999139700, 0.4472135954999618100, 0.0000000000000000000 ) ) ;
#1236 = CARTESIAN_POINT ( 'NONE',  ( 1.250000000000000000, 1.888477631085024000, 0.8499999999999998700 ) ) ;
#1237 = CARTESIAN_POINT ( 'NONE',  ( -0.8708447223137965000, 0.2750000000000000200, -0.9000989020144049000 ) ) ;
#1238 = LINE ( 'NONE', #4290, #3641 ) ;
#1239 = VECTOR ( 'NONE', #218, 1000.000000000000000 ) ;
#1240 = DIRECTION ( 'NONE',  ( 1.000000000000000000, 0.0000000000000000000, 4.336808689942017700E-016 ) ) ;
#1241 = ORIENTED_EDGE ( 'NONE', *, *, #3069, .F. ) ;
#1242 = EDGE_CURVE ( 'NONE', #2558, #572, #2893, .T. ) ;
#1243 = ORIENTED_EDGE ( 'NONE', *, *, #256, .F. ) ;
#1244 = CARTESIAN_POINT ( 'NONE',  ( 0.0000000000000000000, 0.0000000000000000000, 0.0000000000000000000 ) ) ;
#1245 = EDGE_CURVE ( 'NONE', #2873, #1949, #3759, .T. ) ;
#1246 = CARTESIAN_POINT ( 'NONE',  ( -0.8102307353225298700, 0.3034858748654596900, 0.8865210074194528300 ) ) ;
#1247 = PLANE ( 'NONE',  #3419 ) ;
#1248 = DIRECTION ( 'NONE',  ( -2.710505431213754400E-015, 1.000000000000000000, -2.710505431213754400E-015 ) ) ;
#1250 = CARTESIAN_POINT ( 'NONE',  ( 1.053941337974263900, 0.2750000000000000200, -0.8789013745003552100 ) ) ;
#1249 = LINE ( 'NONE', #1463, #755 ) ;
#1251 = LINE ( 'NONE', #1776, #4564 ) ;
#1252 = SURFACE_SIDE_STYLE ('',( #1738 ) ) ;
#1253 = AXIS2_PLACEMENT_3D ( 'NONE', #188, #1206, #534 ) ;
#1255 = EDGE_CURVE ( 'NONE', #1705, #1002, #2155, .T. ) ;
#1254 = LINE ( 'NONE', #1920, #552 ) ;
#1256 = CIRCLE ( 'NONE', #2956, 0.02000000000000000000 ) ;
#1257 = CARTESIAN_POINT ( 'NONE',  ( 0.8449999999999999700, 0.05000000000000042600, 0.9000000000000004700 ) ) ;
#1258 = ORIENTED_EDGE ( 'NONE', *, *, #3365, .F. ) ;
#1259 = DIRECTION ( 'NONE',  ( 1.008560160451631600E-016, -3.388131789017105500E-015, -1.000000000000000000 ) ) ;
#1260 = VECTOR ( 'NONE', #2017, 1000.000000000000000 ) ;
#1261 = ORIENTED_EDGE ( 'NONE', *, *, #3102, .T. ) ;
#1262 = FILL_AREA_STYLE ('',( #1541 ) ) ;
#1263 = CARTESIAN_POINT ( 'NONE',  ( -0.1277777777777763500, 0.5888888888888941200, -0.1777777777777793400 ) ) ;
#1264 = CARTESIAN_POINT ( 'NONE',  ( -0.6999999999999995100, 0.05000000000000012100, 0.9000000000000005800 ) ) ;
#1265 = ORIENTED_EDGE ( 'NONE', *, *, #2525, .F. ) ;
#1266 = CARTESIAN_POINT ( 'NONE',  ( -1.250000000000000000, 1.200000000000000000, 0.0000000000000000000 ) ) ;
#1267 = SURFACE_STYLE_USAGE ( .BOTH. , #1976 ) ;
#1268 = AXIS2_PLACEMENT_3D ( 'NONE', #3401, #2352, #223 ) ;
#1269 = DIRECTION ( 'NONE',  ( 0.0000000000000000000, 2.710505431213754000E-015, 1.000000000000000000 ) ) ;
#1270 = UNCERTAINTY_MEASURE_WITH_UNIT (LENGTH_MEASURE( 1.000000000000000100E-005 ), #4319, 'distance_accuracy_value', 'NONE');
#1271 = EDGE_CURVE ( 'NONE', #3436, #2677, #2988, .T. ) ;
#1272 = DIRECTION ( 'NONE',  ( -0.0000000000000000000, -1.000000000000000000, -0.0000000000000000000 ) ) ;
#1273 = SURFACE_SIDE_STYLE ('',( #2450 ) ) ;
#1274 = CARTESIAN_POINT ( 'NONE',  ( -0.8249999999999998400, 0.3100000000000001600, 0.8836479909237159300 ) ) ;
#1275 = CARTESIAN_POINT ( 'NONE',  ( -0.7916666666666594100, 0.4834646935682069800, -0.7957676532158960400 ) ) ;
#1276 = EDGE_LOOP ( 'NONE', ( #1761, #4370, #1948, #2538 ) ) ;
#1277 = ORIENTED_EDGE ( 'NONE', *, *, #833, .F. ) ;
#1278 = CARTESIAN_POINT ( 'NONE',  ( 0.5541666666666667000, 0.7165353064317944200, 0.7957676532158922700 ) ) ;
#1279 = DIRECTION ( 'NONE',  ( -0.8944271909999137500, -0.4472135954999622000, 0.0000000000000000000 ) ) ;
#1280 = CARTESIAN_POINT ( 'NONE',  ( -0.8249999999999998400, 0.03500000000000021100, 0.8499999999999997600 ) ) ;
#1281 = VERTEX_POINT ( 'NONE', #3519 ) ;
#1282 = PRESENTATION_LAYER_ASSIGNMENT (  '', '', ( #2818 ) ) ;
#1283 = MECHANICAL_DESIGN_GEOMETRIC_PRESENTATION_REPRESENTATION (  '', ( #3773 ), #4397 ) ;
#1284 = CARTESIAN_POINT ( 'NONE',  ( -1.149999999999999500, 0.2750000000000000200, 0.5833333333333350400 ) ) ;
#1286 = CARTESIAN_POINT ( 'NONE',  ( 0.0000000000000000000, 0.7165353064317941900, -0.7957676532158964900 ) ) ;
#1285 = VECTOR ( 'NONE', #674, 999.9999999999998900 ) ;
#1287 = AXIS2_PLACEMENT_3D ( 'NONE', #148, #4372, #1172 ) ;
#1288 = SURFACE_STYLE_USAGE ( .BOTH. , #937 ) ;
#1289 = LINE ( 'NONE', #12, #1285 ) ;
#1290 = CARTESIAN_POINT ( 'NONE',  ( -1.045767653215908800, 0.4834646935682069800, 0.2333333333333324500 ) ) ;
#1291 = CARTESIAN_POINT ( 'NONE',  ( -1.053941337974262100, 0.9250000000000011500, 0.8789013745003594300 ) ) ;
#1292 = ORIENTED_EDGE ( 'NONE', *, *, #320, .F. ) ;
#1293 = CARTESIAN_POINT ( 'NONE',  ( -0.9482803179626863000, 0.9250000000000004900, 0.9000000000000003600 ) ) ;
#1294 = DIRECTION ( 'NONE',  ( 1.000000000000000000, -0.0000000000000000000, 0.0000000000000000000 ) ) ;
#1295 =( NAMED_UNIT ( * ) PLANE_ANGLE_UNIT ( ) SI_UNIT ( $, .RADIAN. ) );
#1296 = EDGE_CURVE ( 'NONE', #4610, #1325, #4333, .T. ) ;
#1297 = FACE_OUTER_BOUND ( 'NONE', #2513, .T. ) ;
#1298 = DIRECTION ( 'NONE',  ( -1.000000000000000000, 0.0000000000000000000, 1.275531967630005000E-016 ) ) ;
#1299 = CARTESIAN_POINT ( 'NONE',  ( -0.6000000000000005300, 0.0000000000000000000, 1.000000000000000000 ) ) ;
#1300 = DIRECTION ( 'NONE',  ( -1.000000000000000000, 0.0000000000000000000, -1.008560160451631500E-016 ) ) ;
#1301 = CARTESIAN_POINT ( 'NONE',  ( -1.250000000000000000, 0.0000000000000000000, -0.0000000000000000000 ) ) ;
#1302 = CARTESIAN_POINT ( 'NONE',  ( -1.045767653215896600, 0.4834646935682069800, 0.4666666666666663400 ) ) ;
#1303 = ORIENTED_EDGE ( 'NONE', *, *, #237, .T. ) ;
#1304 = VERTEX_POINT ( 'NONE', #1299 ) ;
#1305 = AXIS2_PLACEMENT_3D ( 'NONE', #2241, #3668, #1181 ) ;
#1306 = SURFACE_SIDE_STYLE ('',( #1988 ) ) ;
#1307 = EDGE_CURVE ( 'NONE', #4594, #3790, #2209, .T. ) ;
#1308 = ORIENTED_EDGE ( 'NONE', *, *, #632, .T. ) ;
#1309 = CARTESIAN_POINT ( 'NONE',  ( -0.1583333333333331300, 0.2750000000000000200, 0.9000000000000000200 ) ) ;
#1310 = CARTESIAN_POINT ( 'NONE',  ( -1.149999999999999900, 0.2750000000000000200, -0.4666666666666675600 ) ) ;
#1311 = DIRECTION ( 'NONE',  ( -5.421010862427508000E-015, -0.0000000000000000000, 1.000000000000000000 ) ) ;
#1312 = EDGE_LOOP ( 'NONE', ( #204, #2532, #1672, #1752 ) ) ;
#1313 = DIRECTION ( 'NONE',  ( 0.4472135954999618100, 0.8944271909999139700, 0.0000000000000000000 ) ) ;
#1314 = CARTESIAN_POINT ( 'NONE',  ( -1.044444444444446700, 0.2222222222222256500, -0.5555555555555520300 ) ) ;
#1315 = ORIENTED_EDGE ( 'NONE', *, *, #720, .F. ) ;
#1316 = CARTESIAN_POINT ( 'NONE',  ( 1.045802548635228300, 0.4834646935682069800, 0.6568712355927810400 ) ) ;
#1317 = CARTESIAN_POINT ( 'NONE',  ( -1.149999999999999700, 0.9250000000000011500, 0.4666666666666663400 ) ) ;
#1318 = CARTESIAN_POINT ( 'NONE',  ( 1.250000000000000000, 0.0000000000000000000, 0.8499999999999998700 ) ) ;
#1319 = CARTESIAN_POINT ( 'NONE',  ( 1.044444444444447400, 0.2222222222222261000, -0.5555555555555513600 ) ) ;
#1320 =( NAMED_UNIT ( * ) PLANE_ANGLE_UNIT ( ) SI_UNIT ( $, .RADIAN. ) );
#1321 = B_SPLINE_CURVE_WITH_KNOTS ( 'NONE', 3,
 ( #3804, #3075, #4193, #919 ),
 .UNSPECIFIED., .F., .F.,
 ( 4, 4 ),
 ( 0.0000000000000000000, 1.000000000000000000 ),
 .UNSPECIFIED. ) ;
#1322 = ORIENTED_EDGE ( 'NONE', *, *, #865, .T. ) ;
#1323 = EDGE_CURVE ( 'NONE', #134, #829, #270, .T. ) ;
#1324 =( NAMED_UNIT ( * ) PLANE_ANGLE_UNIT ( ) SI_UNIT ( $, .RADIAN. ) );
#1325 = VERTEX_POINT ( 'NONE', #1326 ) ;
#1326 = CARTESIAN_POINT ( 'NONE',  ( -0.5500000000000000400, 0.0000000000000000000, 0.8499999999999998700 ) ) ;
#1327 = CARTESIAN_POINT ( 'NONE',  ( -1.045802548635227800, 0.4834646935682069800, -0.6568712355927837100 ) ) ;
#1328 = SURFACE_STYLE_FILL_AREA ( #111 ) ;
#1329 = CARTESIAN_POINT ( 'NONE',  ( 1.149999999999999900, 0.2750000000000000200, 0.2333333333333335600 ) ) ;
#1330 = CLOSED_SHELL ( 'NONE', ( #1137, #1418, #3696, #1066, #1374, #1714, #3579, #2587, #2569, #3988, #4041, #2451, #144, #767, #3276, #1444 ) ) ;
#1331 = AXIS2_PLACEMENT_3D ( 'NONE', #3369, #4368, #109 ) ;
#1332 = ORIENTED_EDGE ( 'NONE', *, *, #3560, .T. ) ;
#1333 = CARTESIAN_POINT ( 'NONE',  ( -0.8449999999999999700, 0.05000000000000020400, 0.8499999999999997600 ) ) ;
#1334 = AXIS2_PLACEMENT_3D ( 'NONE', #2225, #2606, #1792 ) ;
#1335 = ORIENTED_EDGE ( 'NONE', *, *, #4470, .T. ) ;
#1336 = CARTESIAN_POINT ( 'NONE',  ( -0.5499999999999998200, 1.888477631085024000, -0.8500000000000000900 ) ) ;
#1337 = LINE ( 'NONE', #1085, #2550 ) ;
#1339 = CARTESIAN_POINT ( 'NONE',  ( -0.8914681054473423400, 0.7165353064317944200, -0.7958150112849845500 ) ) ;
#1338 = SURFACE_STYLE_FILL_AREA ( #2024 ) ;
#1340 = CARTESIAN_POINT ( 'NONE',  ( 1.149999999999999900, 0.2750000000000000200, 0.5833333333333303700 ) ) ;
#1341 = LINE ( 'NONE', #710, #702 ) ;
#1342 = UNCERTAINTY_MEASURE_WITH_UNIT (LENGTH_MEASURE( 1.000000000000000100E-005 ), #1053, 'distance_accuracy_value', 'NONE');
#1343 = CIRCLE ( 'NONE', #4452, 0.01500000000000014900 ) ;
#1344 = CARTESIAN_POINT ( 'NONE',  ( 1.150072875168515600, 0.9250000000000011500, 0.6416750585470066800 ) ) ;
#1345 = VECTOR ( 'NONE', #1857, 1000.000000000000100 ) ;
#1346 = STYLED_ITEM ( 'NONE', ( #2319 ), #2112 ) ;
#1347 = UNCERTAINTY_MEASURE_WITH_UNIT (LENGTH_MEASURE( 1.000000000000000100E-005 ), #496, 'distance_accuracy_value', 'NONE');
#1348 = DIRECTION ( 'NONE',  ( -5.510129769479458700E-030, 5.421010862427523000E-015, 1.000000000000000000 ) ) ;
#1349 = CARTESIAN_POINT ( 'NONE',  ( 0.6333333333333416300, 0.2750000000000000200, -0.8999999999999999100 ) ) ;
#1350 = FACE_OUTER_BOUND ( 'NONE', #2921, .T. ) ;
#1351 = FILL_AREA_STYLE ('',( #2455 ) ) ;
#1352 = VECTOR ( 'NONE', #3316, 1000.000000000000000 ) ;
#1353 = ORIENTED_EDGE ( 'NONE', *, *, #2089, .T. ) ;
#1354 = DIRECTION ( 'NONE',  ( 0.0000000000000000000, 1.000000000000000000, -0.0000000000000000000 ) ) ;
#1355 = DIRECTION ( 'NONE',  ( -0.0000000000000000000, -1.000000000000000000, -0.0000000000000000000 ) ) ;
#1356 = CARTESIAN_POINT ( 'NONE',  ( -0.5541666666666674700, 0.7165353064317944200, 0.7957676532159010400 ) ) ;
#1358 = EDGE_CURVE ( 'NONE', #2732, #586, #2439, .T. ) ;
#1357 = LINE ( 'NONE', #4388, #226 ) ;
#1359 = ADVANCED_FACE ( 'NONE', ( #539 ), #2080, .F. ) ;
#1360 = CARTESIAN_POINT ( 'NONE',  ( 0.3166666666666617100, 0.2750000000000000200, 0.9000000000000085700 ) ) ;
#1361 = ORIENTED_EDGE ( 'NONE', *, *, #1296, .T. ) ;
#1362 = CARTESIAN_POINT ( 'NONE',  ( 1.150000000000000400, 0.2750000000000000800, -0.6982087604808994200 ) ) ;
#1363 = CARTESIAN_POINT ( 'NONE',  ( 1.150000000000000100, 0.9250000000000011500, -0.5833333333333355900 ) ) ;
#1364 = CARTESIAN_POINT ( 'NONE',  ( -1.149934587401910200, 0.9250000000000011500, -0.7523523450251394800 ) ) ;
#1365 = VERTEX_POINT ( 'NONE', #2457 ) ;
#1366 = MECHANICAL_DESIGN_GEOMETRIC_PRESENTATION_REPRESENTATION (  '', ( #1768 ), #2006 ) ;
#1367 = CARTESIAN_POINT ( 'NONE',  ( 0.1583333333333332400, 0.4834646935682069800, 0.7957676532158967100 ) ) ;
#1368 = CARTESIAN_POINT ( 'NONE',  ( 1.149934587401910200, 0.2750000000000000200, -0.7523523450251491400 ) ) ;
#1369 = EDGE_CURVE ( 'NONE', #4088, #3290, #3104, .T. ) ;
#1370 = CARTESIAN_POINT ( 'NONE',  ( 1.150000000000000100, 0.9250000000000011500, -0.4083333333333354400 ) ) ;
#1371 = ORIENTED_EDGE ( 'NONE', *, *, #2630, .F. ) ;
#1372 = FILL_AREA_STYLE_COLOUR ( '', #2397 ) ;
#1373 = DIRECTION ( 'NONE',  ( -0.0000000000000000000, -1.000000000000000000, -0.0000000000000000000 ) ) ;
#1374 = ADVANCED_FACE ( 'NONE', ( #3914 ), #278, .T. ) ;
#1375 = ORIENTED_EDGE ( 'NONE', *, *, #933, .T. ) ;
#1376 = ORIENTED_EDGE ( 'NONE', *, *, #1787, .F. ) ;
#1377 =( LENGTH_UNIT ( ) NAMED_UNIT ( * ) SI_UNIT ( .MILLI., .METRE. ) );
#1378 = ORIENTED_EDGE ( 'NONE', *, *, #1384, .T. ) ;
#1379 = VECTOR ( 'NONE', #2834, 1000.000000000000000 ) ;
#1380 = CIRCLE ( 'NONE', #3907, 0.02000000000000005200 ) ;
#1381 = FACE_OUTER_BOUND ( 'NONE', #2993, .T. ) ;
#1382 =( NAMED_UNIT ( * ) PLANE_ANGLE_UNIT ( ) SI_UNIT ( $, .RADIAN. ) );
#1383 = STYLED_ITEM ( 'NONE', ( #219 ), #2556 ) ;
#1384 = EDGE_CURVE ( 'NONE', #575, #3920, #2266, .T. ) ;
#1385 = CARTESIAN_POINT ( 'NONE',  ( 0.7916666666666789500, 0.9250000000000011500, 0.9000000000000000200 ) ) ;
#1386 = CARTESIAN_POINT ( 'NONE',  ( -1.128901374500533400, 0.9250000000000011500, -0.8039413379740800700 ) ) ;
#1387 = PLANE ( 'NONE',  #2797 ) ;
#1388 = ORIENTED_EDGE ( 'NONE', *, *, #1223, .T. ) ;
#1389 = VECTOR ( 'NONE', #2922, 999.9999999999998900 ) ;
#1390 = VERTEX_POINT ( 'NONE', #3848 ) ;
#1391 = STYLED_ITEM ( 'NONE', ( #634 ), #3936 ) ;
#1392 = FACE_OUTER_BOUND ( 'NONE', #42, .T. ) ;
#1393 = MANIFOLD_SOLID_BREP ( 'Pad 1', #4566 ) ;
#1394 = EDGE_LOOP ( 'NONE', ( #3955, #1070, #2571, #3008 ) ) ;
#1395 = CARTESIAN_POINT ( 'NONE',  ( 0.8249999999999998400, 0.2749999999999999700, 0.9350000000000007200 ) ) ;
#1396 = ORIENTED_EDGE ( 'NONE', *, *, #2630, .T. ) ;
#1397 = SURFACE_STYLE_FILL_AREA ( #2398 ) ;
#1398 = CARTESIAN_POINT ( 'NONE',  ( 0.6333333333333418500, 0.4834646935682069800, -0.7957676532158964900 ) ) ;
#1399 = SURFACE_STYLE_FILL_AREA ( #1147 ) ;
#1400 = SURFACE_SIDE_STYLE ('',( #2758 ) ) ;
#1402 = CARTESIAN_POINT ( 'NONE',  ( 0.8049999999999999400, 0.2900000000000000400, 0.8927139131245819300 ) ) ;
#1401 = VECTOR ( 'NONE', #4552, 1000.000000000000000 ) ;
#1403 = ORIENTED_EDGE ( 'NONE', *, *, #7, .F. ) ;
#1404 = EDGE_CURVE ( 'NONE', #134, #1961, #2374, .T. ) ;
#1405 = CARTESIAN_POINT ( 'NONE',  ( -1.049999999999998900, 0.0000000000000000000, -1.000000000000000200 ) ) ;
#1406 = CARTESIAN_POINT ( 'NONE',  ( -0.9482803179626863000, 0.9250000000000004900, 0.9000000000000003600 ) ) ;
#1407 = VERTEX_POINT ( 'NONE', #1016 ) ;
#1408 = AXIS2_PLACEMENT_3D ( 'NONE', #1899, #1185, #2235 ) ;
#1409 = ORIENTED_EDGE ( 'NONE', *, *, #4407, .F. ) ;
#1410 = CARTESIAN_POINT ( 'NONE',  ( -0.9500000000000002900, 0.9250000000000010400, -0.8999999999999998000 ) ) ;
#1411 = EDGE_CURVE ( 'NONE', #2895, #2517, #44, .T. ) ;
#1412 =( NAMED_UNIT ( * ) SI_UNIT ( $, .STERADIAN. ) SOLID_ANGLE_UNIT ( ) );
#1413 = CARTESIAN_POINT ( 'NONE',  ( -0.8449999999999999700, 0.2749999999999995800, 0.9000000000000004700 ) ) ;
#1414 = FILL_AREA_STYLE ('',( #2527 ) ) ;
#1415 =( GEOMETRIC_REPRESENTATION_CONTEXT ( 3 ) GLOBAL_UNCERTAINTY_ASSIGNED_CONTEXT ( ( #965 ) ) GLOBAL_UNIT_ASSIGNED_CONTEXT ( ( #4488, #4474, #2342 ) ) REPRESENTATION_CONTEXT ( 'NONE', 'WORKASPACE' ) );
#1416 = DIRECTION ( 'NONE',  ( 1.000000000000000000, -0.0000000000000000000, 1.008560160451631500E-016 ) ) ;
#1417 =( NAMED_UNIT ( * ) SI_UNIT ( $, .STERADIAN. ) SOLID_ANGLE_UNIT ( ) );
#1418 = ADVANCED_FACE ( 'NONE', ( #106 ), #389, .F. ) ;
#1419 = STYLED_ITEM ( 'NONE', ( #957 ), #1617 ) ;
#1420 = CARTESIAN_POINT ( 'NONE',  ( -1.149999999999999900, 0.9250000000000004900, 0.6982087604810987000 ) ) ;
#1421 = CARTESIAN_POINT ( 'NONE',  ( -0.8449999999999999700, 0.2900000000000000400, 0.8927139131245819300 ) ) ;
#1422 = CARTESIAN_POINT ( 'NONE',  ( 0.7916666666666790600, 0.7165353064317944200, 0.7957676532158964900 ) ) ;
#1423 = CARTESIAN_POINT ( 'NONE',  ( 1.045767653215896600, 0.4834646935682069800, -0.4083333333333355500 ) ) ;
#1424 = VERTEX_POINT ( 'NONE', #2859 ) ;
#1425 = VERTEX_POINT ( 'NONE', #1069 ) ;
#1426 = FILL_AREA_STYLE ('',( #3971 ) ) ;
#1427 = EDGE_CURVE ( 'NONE', #1961, #3351, #1616, .T. ) ;
#1428 =( LENGTH_UNIT ( ) NAMED_UNIT ( * ) SI_UNIT ( .MILLI., .METRE. ) );
#1429 = CARTESIAN_POINT ( 'NONE',  ( 0.6999999999999999600, 0.05000000000000042600, -1.000000000000000200 ) ) ;
#1430 = FACE_OUTER_BOUND ( 'NONE', #4360, .T. ) ;
#1431 = ORIENTED_EDGE ( 'NONE', *, *, #1025, .F. ) ;
#1432 = CARTESIAN_POINT ( 'NONE',  ( -1.250000000000000000, 0.0000000000000000000, 0.8499999999999998700 ) ) ;
#1433 = FILL_AREA_STYLE ('',( #2840 ) ) ;
#1434 = CARTESIAN_POINT ( 'NONE',  ( -0.8449999999999999700, 0.2900000000000000900, 0.9000000000000003600 ) ) ;
#1435 = EDGE_LOOP ( 'NONE', ( #3148, #1375, #1332, #412 ) ) ;
#1436 = ORIENTED_EDGE ( 'NONE', *, *, #1427, .F. ) ;
#1437 = DIRECTION ( 'NONE',  ( -0.0000000000000000000, -1.000000000000000000, -0.0000000000000000000 ) ) ;
#1438 = VECTOR ( 'NONE', #184, 1000.000000000000000 ) ;
#1439 = EDGE_CURVE ( 'NONE', #3012, #3155, #2023, .T. ) ;
#1440 = ORIENTED_EDGE ( 'NONE', *, *, #256, .T. ) ;
#1442 = CARTESIAN_POINT ( 'NONE',  ( 1.045767653215896600, 0.7165353064317944200, -0.4666666666666665600 ) ) ;
#1441 = SURFACE_STYLE_FILL_AREA ( #2934 ) ;
#1443 = ORIENTED_EDGE ( 'NONE', *, *, #1915, .T. ) ;
#1444 = ADVANCED_FACE ( 'NONE', ( #3709 ), #912, .T. ) ;
#1445 = AXIS2_PLACEMENT_3D ( 'NONE', #2280, #2611, #1508 ) ;
#1446 = CARTESIAN_POINT ( 'NONE',  ( 0.9499999999999998400, 0.2750000000000000800, -0.6999999999999997300 ) ) ;
#1447 = EDGE_CURVE ( 'NONE', #1610, #1304, #3322, .T. ) ;
#1448 = VERTEX_POINT ( 'NONE', #2229 ) ;
#1449 = VECTOR ( 'NONE', #3483, 1000.000000000000000 ) ;
#1450 =( GEOMETRIC_REPRESENTATION_CONTEXT ( 3 ) GLOBAL_UNCERTAINTY_ASSIGNED_CONTEXT ( ( #1903 ) ) GLOBAL_UNIT_ASSIGNED_CONTEXT ( ( #3427, #3096, #3571 ) ) REPRESENTATION_CONTEXT ( 'NONE', 'WORKASPACE' ) );
#1451 =( NAMED_UNIT ( * ) PLANE_ANGLE_UNIT ( ) SI_UNIT ( $, .RADIAN. ) );
#1452 = CARTESIAN_POINT ( 'NONE',  ( 1.249999999999999800, 0.0000000000000000000, -0.8500000000000000900 ) ) ;
#1453 = ORIENTED_EDGE ( 'NONE', *, *, #4135, .F. ) ;
#1454 = COLOUR_RGB ( '',0.2509803921568627400, 0.2509803921568627400, 0.2509803921568627400 ) ;
#1455 = LINE ( 'NONE', #1318, #3764 ) ;
#1456 = DIRECTION ( 'NONE',  ( 0.0000000000000000000, 0.0000000000000000000, -1.000000000000000000 ) ) ;
#1457 = CARTESIAN_POINT ( 'NONE',  ( 0.5541666666666735800, 0.7165353064317944200, -0.7957676532159005900 ) ) ;
#1458 = VECTOR ( 'NONE', #1272, 1000.000000000000000 ) ;
#1459 = EDGE_CURVE ( 'NONE', #2005, #876, #2815, .T. ) ;
#1460 = CARTESIAN_POINT ( 'NONE',  ( 1.045767653215896600, 0.4834646935682069800, -0.2333333333333322500 ) ) ;
#1461 = ORIENTED_EDGE ( 'NONE', *, *, #1904, .F. ) ;
#1462 = CARTESIAN_POINT ( 'NONE',  ( 0.8049999999999999400, 0.2749999999999999700, 0.9000000000000004700 ) ) ;
#1463 = CARTESIAN_POINT ( 'NONE',  ( -1.250000000000001100, 0.05000000000000035000, -0.8500000000000000900 ) ) ;
#1464 = CARTESIAN_POINT ( 'NONE',  ( 0.0000000000000000000, 0.0000000000000000000, 1.000000000000000000 ) ) ;
#1465 = DIRECTION ( 'NONE',  ( 0.7071067811865464600, 0.0000000000000000000, 0.7071067811865486800 ) ) ;
#1466 = DIRECTION ( 'NONE',  ( -1.000000000000000000, 7.589415207398535000E-016, -4.336808689942017700E-016 ) ) ;
#1467 = EDGE_CURVE ( 'NONE', #829, #2723, #4447, .T. ) ;
#1468 = ADVANCED_FACE ( 'NONE', ( #266 ), #190, .T. ) ;
#1469 = ORIENTED_EDGE ( 'NONE', *, *, #3359, .F. ) ;
#1470 = AXIS2_PLACEMENT_3D ( 'NONE', #2850, #3232, #3998 ) ;
#1471 = CARTESIAN_POINT ( 'NONE',  ( 1.149999999999999900, 0.2750000000000001300, 0.6999999999999991800 ) ) ;
#1472 = CARTESIAN_POINT ( 'NONE',  ( -0.6999999999999995100, 0.05000000000000007900, -1.000000000000000200 ) ) ;
#1473 = CARTESIAN_POINT ( 'NONE',  ( 0.3166666666666563800, 0.7165353064317944200, -0.7957676532158878300 ) ) ;
#1474 = EDGE_CURVE ( 'NONE', #145, #3673, #696, .T. ) ;
#1475 = CARTESIAN_POINT ( 'NONE',  ( -0.9997710900495809800, 0.7165353064317944200, 0.7856648239649886000 ) ) ;
#1476 = DIRECTION ( 'NONE',  ( 0.4472135954999618100, 0.8944271909999139700, 0.0000000000000000000 ) ) ;
#1477 = CARTESIAN_POINT ( 'NONE',  ( 0.0000000000000000000, 0.9250000000000004900, -0.9000000000000003600 ) ) ;
#1478 = DIRECTION ( 'NONE',  ( 1.008560160451631900E-016, 3.388131789017105500E-015, 1.000000000000000000 ) ) ;
#1479 = CARTESIAN_POINT ( 'NONE',  ( -0.8249999999999999600, 0.05000000000000042600, 0.9000000000000004700 ) ) ;
#1480 = MECHANICAL_DESIGN_GEOMETRIC_PRESENTATION_REPRESENTATION (  '', ( #101 ), #2713 ) ;
#1481 = CARTESIAN_POINT ( 'NONE',  ( -1.045767653215889700, 0.7165353064317944200, 0.4083333333333352700 ) ) ;
#1482 = ORIENTED_EDGE ( 'NONE', *, *, #1061, .F. ) ;
#1483 = ORIENTED_EDGE ( 'NONE', *, *, #2122, .T. ) ;
#1484 = CARTESIAN_POINT ( 'NONE',  ( 3.903127820947818400E-016, 1.200000000000000000, -0.9000000000000005800 ) ) ;
#1485 = UNCERTAINTY_MEASURE_WITH_UNIT (LENGTH_MEASURE( 1.000000000000000100E-005 ), #1428, 'distance_accuracy_value', 'NONE');
#1486 = EDGE_LOOP ( 'NONE', ( #1791, #3250, #1261, #1777 ) ) ;
#1487 = ORIENTED_EDGE ( 'NONE', *, *, #2403, .T. ) ;
#1488 = DIRECTION ( 'NONE',  ( -1.000000000000000000, 0.0000000000000000000, -0.0000000000000000000 ) ) ;
#1489 = CARTESIAN_POINT ( 'NONE',  ( 0.6333333333333252000, 0.9250000000000011500, 0.9000000000000000200 ) ) ;
#1490 = ADVANCED_FACE ( 'NONE', ( #2497 ), #2013, .T. ) ;
#1491 = SURFACE_SIDE_STYLE ('',( #1151 ) ) ;
#1492 = CYLINDRICAL_SURFACE ( 'NONE', #960, 0.02000000000000005200 ) ;
#1493 = CARTESIAN_POINT ( 'NONE',  ( 0.3166666666666617700, 0.4834646935682069800, 0.7957676532159049200 ) ) ;
#1494 = DIRECTION ( 'NONE',  ( 0.0000000000000000000, 5.421010862427523000E-015, -1.000000000000000000 ) ) ;
#1495 = EDGE_CURVE ( 'NONE', #4064, #2339, #2711, .T. ) ;
#1496 = CIRCLE ( 'NONE', #736, 0.02000000000000005200 ) ;
#1497 = SURFACE_STYLE_USAGE ( .BOTH. , #2978 ) ;
#1498 = DIRECTION ( 'NONE',  ( -0.8944271909999135200, -0.4472135954999628100, 0.0000000000000000000 ) ) ;
#1499 = CARTESIAN_POINT ( 'NONE',  ( 0.8179954577397484700, 0.3088651097128555800, 0.8841421541984431100 ) ) ;
#1500 = LINE ( 'NONE', #3749, #3310 ) ;
#1501 = PRESENTATION_STYLE_ASSIGNMENT (( #744 ) ) ;
#1502 = FILL_AREA_STYLE_COLOUR ( '', #40 ) ;
#1503 = LINE ( 'NONE', #718, #2143 ) ;
#1504 = PRESENTATION_STYLE_ASSIGNMENT (( #3083 ) ) ;
#1505 = PRESENTATION_STYLE_ASSIGNMENT (( #2296 ) ) ;
#1506 = CARTESIAN_POINT ( 'NONE',  ( 1.249999999999999800, 0.0000000000000000000, -0.8500000000000000900 ) ) ;
#1507 = SURFACE_SIDE_STYLE ('',( #2607 ) ) ;
#1508 = DIRECTION ( 'NONE',  ( -1.000000000000000000, 0.0000000000000000000, -0.0000000000000000000 ) ) ;
#1509 = PLANE ( 'NONE',  #1110 ) ;
#1510 = CARTESIAN_POINT ( 'NONE',  ( 1.053941337974272600, 0.9250000000000011500, 0.8789013745003549900 ) ) ;
#1511 = AXIS2_PLACEMENT_3D ( 'NONE', #3645, #3349, #2291 ) ;
#1513 = AXIS2_PLACEMENT_3D ( 'NONE', #3632, #3678, #136 ) ;
#1512 = PRESENTATION_STYLE_ASSIGNMENT (( #60 ) ) ;
#1514 = FILL_AREA_STYLE ('',( #3675 ) ) ;
#1515 = SURFACE_STYLE_USAGE ( .BOTH. , #3043 ) ;
#1516 = CARTESIAN_POINT ( 'NONE',  ( -0.8449999999999999700, 0.05000000000000042600, 0.9000000000000004700 ) ) ;
#1517 = ADVANCED_FACE ( 'NONE', ( #4505 ), #1387, .F. ) ;
#1518 = CARTESIAN_POINT ( 'NONE',  ( 0.5500000000000000400, 0.0000000000000000000, 0.8499999999999998700 ) ) ;
#1519 = SURFACE_STYLE_FILL_AREA ( #2402 ) ;
#1520 = ORIENTED_EDGE ( 'NONE', *, *, #1095, .F. ) ;
#1521 = CARTESIAN_POINT ( 'NONE',  ( 0.8449999999999999700, 0.2749999999999995800, 0.9000000000000004700 ) ) ;
#1522 = CARTESIAN_POINT ( 'NONE',  ( 0.6333333333333416300, 0.9250000000000011500, -0.9000000000000000200 ) ) ;
#1523 = EDGE_CURVE ( 'NONE', #3834, #1717, #4383, .T. ) ;
#1524 = DIRECTION ( 'NONE',  ( -1.000000000000000000, 0.0000000000000000000, -4.336808689942017700E-016 ) ) ;
#1525 = CARTESIAN_POINT ( 'NONE',  ( -0.6999999999999995100, 0.05000000000000007900, -1.000000000000000200 ) ) ;
#1526 = ORIENTED_EDGE ( 'NONE', *, *, #766, .T. ) ;
#1527 = DIRECTION ( 'NONE',  ( 0.0000000000000000000, 1.000000000000000000, -0.0000000000000000000 ) ) ;
#1528 =( NAMED_UNIT ( * ) SI_UNIT ( $, .STERADIAN. ) SOLID_ANGLE_UNIT ( ) );
#1529 = DIRECTION ( 'NONE',  ( 0.0000000000000000000, 0.0000000000000000000, -1.000000000000000000 ) ) ;
#1530 = CARTESIAN_POINT ( 'NONE',  ( 1.045736331160749300, 0.7165353064317944200, -0.7387122884057525400 ) ) ;
#1531 = DIRECTION ( 'NONE',  ( 0.0000000000000000000, 1.000000000000000000, -0.0000000000000000000 ) ) ;
#1532 = CARTESIAN_POINT ( 'NONE',  ( 1.249999999999998700, 0.04999999999999861500, 0.8499999999999998700 ) ) ;
#1533 = ORIENTED_EDGE ( 'NONE', *, *, #915, .T. ) ;
#1534 = MECHANICAL_DESIGN_GEOMETRIC_PRESENTATION_REPRESENTATION (  '', ( #2349 ), #1785 ) ;
#1535 = CARTESIAN_POINT ( 'NONE',  ( -1.150000000000000100, 0.9250000000000011500, -0.4666666666666675600 ) ) ;
#1536 = EDGE_CURVE ( 'NONE', #4091, #463, #2083, .T. ) ;
#1537 = ADVANCED_FACE ( 'NONE', ( #533 ), #67, .T. ) ;
#1538 = DIRECTION ( 'NONE',  ( 0.0000000000000000000, -1.000000000000000000, 0.0000000000000000000 ) ) ;
#1539 = ORIENTED_EDGE ( 'NONE', *, *, #494, .F. ) ;
#1540 = UNCERTAINTY_MEASURE_WITH_UNIT (LENGTH_MEASURE( 1.000000000000000100E-005 ), #3458, 'distance_accuracy_value', 'NONE');
#1541 = FILL_AREA_STYLE_COLOUR ( '', #2553 ) ;
#1542 = CARTESIAN_POINT ( 'NONE',  ( -1.149999999999999900, 0.2750000000000000200, -0.4666666666666675600 ) ) ;
#1543 = AXIS2_PLACEMENT_3D ( 'NONE', #914, #1531, #4523 ) ;
#1544 = UNCERTAINTY_MEASURE_WITH_UNIT (LENGTH_MEASURE( 1.000000000000000100E-005 ), #50, 'distance_accuracy_value', 'NONE');
#1545 = ORIENTED_EDGE ( 'NONE', *, *, #1411, .F. ) ;
#1546 = VERTEX_POINT ( 'NONE', #4028 ) ;
#1547 = B_SPLINE_CURVE_WITH_KNOTS ( 'NONE', 3,
 ( #3076, #239, #920, #1566 ),
 .UNSPECIFIED., .F., .F.,
 ( 4, 4 ),
 ( 0.8390966445982251900, 0.8590898848749976000 ),
 .UNSPECIFIED. ) ;
#1548 = VECTOR ( 'NONE', #3658, 1000.000000000000000 ) ;
#1549 = FILL_AREA_STYLE_COLOUR ( '', #4093 ) ;
#1551 = DIRECTION ( 'NONE',  ( 0.0000000000000000000, 4.472333961502635600E-015, 1.000000000000000000 ) ) ;
#1550 = LINE ( 'NONE', #2147, #854 ) ;
#1552 = COLOUR_RGB ( '',0.2509803921568627400, 0.2509803921568627400, 0.2509803921568627400 ) ;
#1553 = CARTESIAN_POINT ( 'NONE',  ( -0.9499999999999995100, 0.05000000000000023900, 0.8499999999999998700 ) ) ;
#1554 = VERTEX_POINT ( 'NONE', #2268 ) ;
#1555 = EDGE_CURVE ( 'NONE', #388, #3854, #4220, .T. ) ;
#1556 = CARTESIAN_POINT ( 'NONE',  ( 0.9465606199808028800, 0.2750000000000000800, 0.9000020868984781600 ) ) ;
#1557 = COLOUR_RGB ( '',0.2509803921568627400, 0.2509803921568627400, 0.2509803921568627400 ) ;
#1558 = VERTEX_POINT ( 'NONE', #3691 ) ;
#1559 = DIRECTION ( 'NONE',  ( -0.0000000000000000000, -1.000000000000000000, -0.0000000000000000000 ) ) ;
#1560 = CARTESIAN_POINT ( 'NONE',  ( -0.5541666666666583700, 0.2750000000000000200, -0.8999999999999954700 ) ) ;
#1561 = COLOUR_RGB ( '',0.2509803921568627400, 0.2509803921568627400, 0.2509803921568627400 ) ;
#1562 = ADVANCED_FACE ( 'NONE', ( #906 ), #3347, .F. ) ;
#1563 = PRESENTATION_LAYER_ASSIGNMENT (  '', '', ( #3350 ) ) ;
#1564 = LINE ( 'NONE', #2146, #3111 ) ;
#1565 = COLOUR_RGB ( '',0.2509803921568627400, 0.2509803921568627400, 0.2509803921568627400 ) ;
#1566 = CARTESIAN_POINT ( 'NONE',  ( -1.091421356288420100, 0.2750000000000000800, 0.8414213561861981800 ) ) ;
#1567 = CIRCLE ( 'NONE', #3482, 0.01999999999999999700 ) ;
#1568 = DIRECTION ( 'NONE',  ( 1.008560160451631400E-016, 0.0000000000000000000, -1.000000000000000000 ) ) ;
#1569 = VECTOR ( 'NONE', #4074, 1000.000000000000000 ) ;
#1570 = DIRECTION ( 'NONE',  ( -1.008560160451631700E-016, 0.0000000000000000000, 1.000000000000000000 ) ) ;
#1571 =( GEOMETRIC_REPRESENTATION_CONTEXT ( 3 ) GLOBAL_UNCERTAINTY_ASSIGNED_CONTEXT ( ( #2264 ) ) GLOBAL_UNIT_ASSIGNED_CONTEXT ( ( #1621, #2376, #3098 ) ) REPRESENTATION_CONTEXT ( 'NONE', 'WORKASPACE' ) );
#1572 = CYLINDRICAL_SURFACE ( 'NONE', #774, 0.01999999999999999700 ) ;
#1573 = CARTESIAN_POINT ( 'NONE',  ( 1.250000000000000000, 0.0000000000000000000, 0.8499999999999998700 ) ) ;
#1574 = CARTESIAN_POINT ( 'NONE',  ( -1.149999999999999900, 0.2750000000000000200, -0.2333333333333271500 ) ) ;
#1575 = SURFACE_SIDE_STYLE ('',( #476 ) ) ;
#1576 = CARTESIAN_POINT ( 'NONE',  ( -1.045802548635227800, 0.7165353064317944200, -0.6568712355927837100 ) ) ;
#1577 = PRESENTATION_STYLE_ASSIGNMENT (( #526 ) ) ;
#1578 = EDGE_LOOP ( 'NONE', ( #3781, #1839, #4342, #1152 ) ) ;
#1579 = DIRECTION ( 'NONE',  ( -1.000000000000000000, 0.0000000000000000000, -1.275531967630005000E-016 ) ) ;
#1580 = SURFACE_STYLE_FILL_AREA ( #3165 ) ;
#1581 = CARTESIAN_POINT ( 'NONE',  ( 0.8367032369247089400, 0.3062183305411457200, 0.8853065889505852300 ) ) ;
#1582 = ORIENTED_EDGE ( 'NONE', *, *, #954, .T. ) ;
#1583 = PRESENTATION_LAYER_ASSIGNMENT (  '', '', ( #1346 ) ) ;
#1584 = CLOSED_SHELL ( 'NONE', ( #2112, #1517, #2159, #1210, #346, #3726, #721, #3213, #748, #1934, #3298, #838, #1887, #1617, #1826, #3626, #1910, #1490, #457, #4431, #90, #517, #3672, #4072, #789, #1045, #3534, #1767, #1163, #2234, #3356, #509, #4386, #2284, #3327, #4250, #816, #2305, #1109, #3936, #4292, #22, #3646, #1562, #2183, #2613 ) ) ;
#1585 = EDGE_CURVE ( 'NONE', #4102, #2631, #2925, .T. ) ;
#1586 = ORIENTED_EDGE ( 'NONE', *, *, #1384, .F. ) ;
#1587 = VERTEX_POINT ( 'NONE', #1573 ) ;
#1588 = DIRECTION ( 'NONE',  ( 0.4472135954999618100, 0.8944271909999139700, 0.0000000000000000000 ) ) ;
#1589 = CARTESIAN_POINT ( 'NONE',  ( -0.8249999999999998400, 0.2749999999999999700, 0.9000000000000004700 ) ) ;
#1590 = CARTESIAN_POINT ( 'NONE',  ( 1.128901374500355100, 0.2750000000000000200, 0.8039413379742608200 ) ) ;
#1591 = ORIENTED_EDGE ( 'NONE', *, *, #2582, .F. ) ;
#1592 = EDGE_CURVE ( 'NONE', #2588, #2167, #694, .T. ) ;
#1593 =( GEOMETRIC_REPRESENTATION_CONTEXT ( 3 ) GLOBAL_UNCERTAINTY_ASSIGNED_CONTEXT ( ( #4271 ) ) GLOBAL_UNIT_ASSIGNED_CONTEXT ( ( #4062, #3684, #507 ) ) REPRESENTATION_CONTEXT ( 'NONE', 'WORKASPACE' ) );
#1594 = EDGE_LOOP ( 'NONE', ( #3563, #81, #905, #1718 ) ) ;
#1595 = PRESENTATION_LAYER_ASSIGNMENT (  '', '', ( #3937 ) ) ;
#1596 = VERTEX_POINT ( 'NONE', #3763 ) ;
#1597 = DIRECTION ( 'NONE',  ( 0.0000000000000000000, -1.000000000000000000, 5.421010862427522200E-015 ) ) ;
#1598 =( NAMED_UNIT ( * ) PLANE_ANGLE_UNIT ( ) SI_UNIT ( $, .RADIAN. ) );
#1599 = AXIS2_PLACEMENT_3D ( 'NONE', #1479, #117, #464 ) ;
#1600 = MANIFOLD_SOLID_BREP ( 'Pad 2', #512 ) ;
#1601 = DIRECTION ( 'NONE',  ( -1.000000000000000000, -0.0000000000000000000, 1.008560160451631500E-016 ) ) ;
#1602 = AXIS2_PLACEMENT_3D ( 'NONE', #2265, #1527, #1905 ) ;
#1603 = ORIENTED_EDGE ( 'NONE', *, *, #1812, .T. ) ;
#1604 = ORIENTED_EDGE ( 'NONE', *, *, #2945, .T. ) ;
#1605 = CARTESIAN_POINT ( 'NONE',  ( 1.149999999999999900, 0.9250000000000010400, -0.7000000000000005100 ) ) ;
#1606 = CARTESIAN_POINT ( 'NONE',  ( -1.002352345025650600, 0.2750000000000000200, -0.8999345874017089500 ) ) ;
#1607 =( GEOMETRIC_REPRESENTATION_CONTEXT ( 3 ) GLOBAL_UNCERTAINTY_ASSIGNED_CONTEXT ( ( #558 ) ) GLOBAL_UNIT_ASSIGNED_CONTEXT ( ( #76, #1075, #1412 ) ) REPRESENTATION_CONTEXT ( 'NONE', 'WORKASPACE' ) );
#1608 = LINE ( 'NONE', #3532, #4377 ) ;
#1609 = FILL_AREA_STYLE_COLOUR ( '', #4115 ) ;
#1610 = VERTEX_POINT ( 'NONE', #1264 ) ;
#1611 = B_SPLINE_CURVE_WITH_KNOTS ( 'NONE', 3,
 ( #2351, #183, #3154, #1310, #995, #630, #3496, #3842, #4528, #2385, #120, #467, #3352, #3073 ),
 .UNSPECIFIED., .F., .F.,
 ( 4, 2, 2, 2, 2, 2, 4 ),
 ( 0.6609033554017749200, 0.6831775165513313000, 0.7054516777008875700, 0.7500000000000001100, 0.7945483222991126500, 0.8168224834486689200, 0.8390966445982251900 ),
 .UNSPECIFIED. ) ;
#1612 = EDGE_CURVE ( 'NONE', #247, #4373, #3529, .T. ) ;
#1613 = LINE ( 'NONE', #3311, #910 ) ;
#1614 =( LENGTH_UNIT ( ) NAMED_UNIT ( * ) SI_UNIT ( .MILLI., .METRE. ) );
#1615 = CARTESIAN_POINT ( 'NONE',  ( -0.6999999999999994000, 0.05000000000000000300, -0.8500000000000000900 ) ) ;
#1616 = LINE ( 'NONE', #3863, #747 ) ;
#1617 = ADVANCED_FACE ( 'NONE', ( #2018 ), #2814, .F. ) ;
#1618 = SURFACE_SIDE_STYLE ('',( #1735 ) ) ;
#1619 = CARTESIAN_POINT ( 'NONE',  ( -0.9887122884057555300, 0.4834646935682069800, 0.7957363311607520400 ) ) ;
#1620 = DIRECTION ( 'NONE',  ( -1.008560160451631700E-016, 0.0000000000000000000, 1.000000000000000000 ) ) ;
#1621 =( LENGTH_UNIT ( ) NAMED_UNIT ( * ) SI_UNIT ( .MILLI., .METRE. ) );
#1622 =( GEOMETRIC_REPRESENTATION_CONTEXT ( 3 ) GLOBAL_UNCERTAINTY_ASSIGNED_CONTEXT ( ( #3186 ) ) GLOBAL_UNIT_ASSIGNED_CONTEXT ( ( #3813, #4187, #2029 ) ) REPRESENTATION_CONTEXT ( 'NONE', 'WORKASPACE' ) );
#1623 = CARTESIAN_POINT ( 'NONE',  ( 0.8450000000020431200, 0.2920380978534313200, 0.8917526721258189900 ) ) ;
#1625 = EDGE_CURVE ( 'NONE', #3351, #306, #1608, .T. ) ;
#1624 = SURFACE_STYLE_FILL_AREA ( #1351 ) ;
#1626 = ORIENTED_EDGE ( 'NONE', *, *, #169, .T. ) ;
#1627 = DIRECTION ( 'NONE',  ( -0.0000000000000000000, -1.000000000000000000, -0.0000000000000000000 ) ) ;
#1628 = DIRECTION ( 'NONE',  ( 0.0000000000000000000, 1.000000000000000000, 9.637352644315614500E-016 ) ) ;
#1629 = DIRECTION ( 'NONE',  ( 1.000000000000000000, -0.0000000000000000000, 0.0000000000000000000 ) ) ;
#1630 = AXIS2_PLACEMENT_3D ( 'NONE', #4527, #4124, #4140 ) ;
#1631 =( GEOMETRIC_REPRESENTATION_CONTEXT ( 3 ) GLOBAL_UNCERTAINTY_ASSIGNED_CONTEXT ( ( #2150 ) ) GLOBAL_UNIT_ASSIGNED_CONTEXT ( ( #2421, #2812, #2775 ) ) REPRESENTATION_CONTEXT ( 'NONE', 'WORKASPACE' ) );
#1632 = ORIENTED_EDGE ( 'NONE', *, *, #2019, .F. ) ;
#1633 = DIRECTION ( 'NONE',  ( -0.6666666666666649600, 0.3333333333333361500, -0.6666666666666670700 ) ) ;
#1634 = CARTESIAN_POINT ( 'NONE',  ( 0.8914681054473544400, 0.4834646935682069800, -0.7958150112849845500 ) ) ;
#1635 = ORIENTED_EDGE ( 'NONE', *, *, #982, .T. ) ;
#1636 = CARTESIAN_POINT ( 'NONE',  ( -1.128901374500355800, 0.9250000000000011500, 0.8039413379742603700 ) ) ;
#1637 = FILL_AREA_STYLE_COLOUR ( '', #2379 ) ;
#1638 = CARTESIAN_POINT ( 'NONE',  ( -1.053941337974262100, 0.9250000000000012700, 0.8789013745003595400 ) ) ;
#1639 = DIRECTION ( 'NONE',  ( -1.000000000000000000, 0.0000000000000000000, -4.336808689942017700E-016 ) ) ;
#1640 = CARTESIAN_POINT ( 'NONE',  ( 0.8312043826511109600, 0.3090133015649619300, 0.8840782768660799800 ) ) ;
#1641 = CARTESIAN_POINT ( 'NONE',  ( -1.149999999999999900, 0.9250000000000010400, -0.6999999999999989600 ) ) ;
#1642 = ORIENTED_EDGE ( 'NONE', *, *, #1977, .F. ) ;
#1643 = EDGE_CURVE ( 'NONE', #2051, #1216, #2199, .T. ) ;
#1644 = ORIENTED_EDGE ( 'NONE', *, *, #3768, .F. ) ;
#1645 = SURFACE_STYLE_USAGE ( .BOTH. , #3450 ) ;
#1646 = DIRECTION ( 'NONE',  ( 0.0000000000000000000, 0.0000000000000000000, -1.000000000000000000 ) ) ;
#1647 = PLANE ( 'NONE',  #2134 ) ;
#1648 = CARTESIAN_POINT ( 'NONE',  ( -1.045767653215896600, 0.4834646935682069800, -0.4666666666666677800 ) ) ;
#1649 = ORIENTED_EDGE ( 'NONE', *, *, #2864, .F. ) ;
#1650 = VERTEX_POINT ( 'NONE', #2130 ) ;
#1651 = CARTESIAN_POINT ( 'NONE',  ( -2.915719209337254000E-017, 0.7165353064317944200, 0.7957676532158967100 ) ) ;
#1652 = AXIS2_PLACEMENT_3D ( 'NONE', #4190, #4204, #2034 ) ;
#1653 =( NAMED_UNIT ( * ) SI_UNIT ( $, .STERADIAN. ) SOLID_ANGLE_UNIT ( ) );
#1654 = EDGE_CURVE ( 'NONE', #1705, #2752, #1550, .T. ) ;
#1655 = DIRECTION ( 'NONE',  ( -0.8944271909999139700, 0.4472135954999618100, 0.0000000000000000000 ) ) ;
#1656 = DIRECTION ( 'NONE',  ( 0.0000000000000000000, 0.0000000000000000000, -1.000000000000000000 ) ) ;
#1657 = SURFACE_SIDE_STYLE ('',( #1019 ) ) ;
#1658 = MECHANICAL_DESIGN_GEOMETRIC_PRESENTATION_REPRESENTATION (  '', ( #2763 ), #1176 ) ;
#1659 = CARTESIAN_POINT ( 'NONE',  ( -1.091422153223081900, 0.9250000000000009300, 0.8414205570524088100 ) ) ;
#1660 = CARTESIAN_POINT ( 'NONE',  ( -1.002352345025660600, 0.2750000000000000200, 0.8999345874017094000 ) ) ;
#1661 = SURFACE_SIDE_STYLE ('',( #2977 ) ) ;
#1662 = MECHANICAL_DESIGN_GEOMETRIC_PRESENTATION_REPRESENTATION (  '', ( #1855 ), #3395 ) ;
#1663 = CARTESIAN_POINT ( 'NONE',  ( 0.0000000000000000000, 0.0000000000000000000, 1.000000000000000000 ) ) ;
#1664 = LINE ( 'NONE', #1135, #4438 ) ;
#1665 = CARTESIAN_POINT ( 'NONE',  ( -0.9997710900495809800, 0.4834646935682069800, 0.7856648239649886000 ) ) ;
#1666 = FACE_OUTER_BOUND ( 'NONE', #269, .T. ) ;
#1667 = ORIENTED_EDGE ( 'NONE', *, *, #3130, .F. ) ;
#1668 = VECTOR ( 'NONE', #3819, 999.9999999999998900 ) ;
#1669 = ORIENTED_EDGE ( 'NONE', *, *, #4295, .T. ) ;
#1670 = DIRECTION ( 'NONE',  ( -1.000000000000000000, 0.0000000000000000000, 0.0000000000000000000 ) ) ;
#1671 = AXIS2_PLACEMENT_3D ( 'NONE', #348, #3832, #996 ) ;
#1672 = ORIENTED_EDGE ( 'NONE', *, *, #2058, .F. ) ;
#1673 = TOROIDAL_SURFACE ( 'NONE', #1599, 0.01500000000000045600, 0.02000000000000000000 ) ;
#1674 = VERTEX_POINT ( 'NONE', #3313 ) ;
#1675 = EDGE_CURVE ( 'NONE', #1011, #3155, #1238, .T. ) ;
#1676 = LINE ( 'NONE', #209, #1796 ) ;
#1677 = CARTESIAN_POINT ( 'NONE',  ( 0.9499999999999994000, 0.2750000000000007400, -0.8999999999999998000 ) ) ;
#1678 = CARTESIAN_POINT ( 'NONE',  ( -1.128901374500355500, 0.2750000000000000200, 0.8039413379742631500 ) ) ;
#1679 = SURFACE_SIDE_STYLE ('',( #1519 ) ) ;
#1680 = TOROIDAL_SURFACE ( 'NONE', #4008, 0.01500000000000045600, 0.02000000000000000000 ) ;
#1681 = VECTOR ( 'NONE', #2912, 1000.000000000000000 ) ;
#1682 = CARTESIAN_POINT ( 'NONE',  ( 0.0000000000000000000, 0.2749999999999999700, 0.0000000000000000000 ) ) ;
#1683 = CARTESIAN_POINT ( 'NONE',  ( -0.8049999999999999400, 0.03499999999999996900, 0.9000000000000010200 ) ) ;
#1684 = SURFACE_SIDE_STYLE ('',( #689 ) ) ;
#1685 = CARTESIAN_POINT ( 'NONE',  ( -1.045767653215896600, 0.4834646935682069800, 0.1166666666666697800 ) ) ;
#1686 = EDGE_CURVE ( 'NONE', #134, #306, #4096, .T. ) ;
#1687 = VERTEX_POINT ( 'NONE', #87 ) ;
#1688 = LINE ( 'NONE', #2605, #3002 ) ;
#1689 = FACE_OUTER_BOUND ( 'NONE', #1938, .T. ) ;
#1690 = UNCERTAINTY_MEASURE_WITH_UNIT (LENGTH_MEASURE( 1.000000000000000100E-005 ), #478, 'distance_accuracy_value', 'NONE');
#1691 = ORIENTED_EDGE ( 'NONE', *, *, #58, .F. ) ;
#1692 = CARTESIAN_POINT ( 'NONE',  ( 1.091421356288406300, 0.2750000000000009100, -0.8414213561862123900 ) ) ;
#1693 = VECTOR ( 'NONE', #1985, 1000.000000000000000 ) ;
#1694 = CARTESIAN_POINT ( 'NONE',  ( 0.1583333333333444600, 0.9250000000000011500, -0.9000000000000001300 ) ) ;
#1695 = AXIS2_PLACEMENT_3D ( 'NONE', #3407, #248, #1279 ) ;
#1696 = DIRECTION ( 'NONE',  ( 0.0000000000000000000, 0.0000000000000000000, -1.000000000000000000 ) ) ;
#1697 =( GEOMETRIC_REPRESENTATION_CONTEXT ( 3 ) GLOBAL_UNCERTAINTY_ASSIGNED_CONTEXT ( ( #2800 ) ) GLOBAL_UNIT_ASSIGNED_CONTEXT ( ( #1007, #3510, #3180 ) ) REPRESENTATION_CONTEXT ( 'NONE', 'WORKASPACE' ) );
#1698 = COLOUR_RGB ( '',0.2509803921568627400, 0.2509803921568627400, 0.2509803921568627400 ) ;
#1699 = ORIENTED_EDGE ( 'NONE', *, *, #3497, .F. ) ;
#1700 = UNCERTAINTY_MEASURE_WITH_UNIT (LENGTH_MEASURE( 1.000000000000000100E-005 ), #453, 'distance_accuracy_value', 'NONE');
#1701 = EDGE_LOOP ( 'NONE', ( #3581, #2969, #1353, #2529, #3099, #1845, #3306, #3238 ) ) ;
#1702 = FILL_AREA_STYLE_COLOUR ( '', #4571 ) ;
#1703 = ORIENTED_EDGE ( 'NONE', *, *, #1886, .F. ) ;
#1704 = CARTESIAN_POINT ( 'NONE',  ( 0.9500000000000004000, 0.9250000000000010400, 0.8999999999999999100 ) ) ;
#1705 = VERTEX_POINT ( 'NONE', #3639 ) ;
#1706 =( GEOMETRIC_REPRESENTATION_CONTEXT ( 3 ) GLOBAL_UNCERTAINTY_ASSIGNED_CONTEXT ( ( #4359 ) ) GLOBAL_UNIT_ASSIGNED_CONTEXT ( ( #1937, #2313, #922 ) ) REPRESENTATION_CONTEXT ( 'NONE', 'WORKASPACE' ) );
#1707 = CARTESIAN_POINT ( 'NONE',  ( -1.250000000000000000, 0.0000000000000000000, 0.8499999999999998700 ) ) ;
#1708 = CARTESIAN_POINT ( 'NONE',  ( -0.6999999999999999600, 1.200000000000000000, -0.9000000000000004700 ) ) ;
#1709 = ORIENTED_EDGE ( 'NONE', *, *, #4160, .T. ) ;
#1710 = COLOUR_RGB ( '',0.2509803921568627400, 0.2509803921568627400, 0.2509803921568627400 ) ;
#1711 = CARTESIAN_POINT ( 'NONE',  ( 1.149934587401703500, 0.2750000000000000200, 0.7523523450256495200 ) ) ;
#1712 = CARTESIAN_POINT ( 'NONE',  ( -1.150000000000012300, 0.9250000000000011500, 0.2333333333333324200 ) ) ;
#1713 = EDGE_CURVE ( 'NONE', #164, #388, #3736, .T. ) ;
#1714 = ADVANCED_FACE ( 'NONE', ( #903 ), #1168, .F. ) ;
#1715 = CARTESIAN_POINT ( 'NONE',  ( -0.9499999999999998400, 0.2750000000000000800, -0.6999999999999995100 ) ) ;
#1716 = CARTESIAN_POINT ( 'NONE',  ( 0.8270990231557482400, 0.3100000000000001600, 0.8836479909237159300 ) ) ;
#1717 = VERTEX_POINT ( 'NONE', #3669 ) ;
#1718 = ORIENTED_EDGE ( 'NONE', *, *, #3315, .T. ) ;
#1719 =( LENGTH_UNIT ( ) NAMED_UNIT ( * ) SI_UNIT ( .MILLI., .METRE. ) );
#1720 = CARTESIAN_POINT ( 'NONE',  ( -1.045736331160748800, 0.7165353064317944200, 0.7387122884057584200 ) ) ;
#1721 = ORIENTED_EDGE ( 'NONE', *, *, #1748, .T. ) ;
#1722 = CARTESIAN_POINT ( 'NONE',  ( 0.6333333333333252000, 0.2750000000000000200, 0.8999999999999999100 ) ) ;
#1723 = EDGE_LOOP ( 'NONE', ( #3409, #1591, #3411, #470 ) ) ;
#1724 = ORIENTED_EDGE ( 'NONE', *, *, #1271, .F. ) ;
#1725 = EDGE_CURVE ( 'NONE', #463, #3405, #2430, .T. ) ;
#1726 = CARTESIAN_POINT ( 'NONE',  ( -0.8708447223137965000, 0.9250000000000011500, -0.9000989020144050100 ) ) ;
#1727 = CARTESIAN_POINT ( 'NONE',  ( -0.6000000000000005300, 0.0000000000000000000, 0.8499999999999998700 ) ) ;
#1728 = CARTESIAN_POINT ( 'NONE',  ( 1.250000000000000000, 1.200000000000000000, 0.0000000000000000000 ) ) ;
#1729 = DIRECTION ( 'NONE',  ( 6.505213034913026600E-016, 1.000000000000000000, 0.0000000000000000000 ) ) ;
#1730 = CIRCLE ( 'NONE', #661, 0.02000000000000005200 ) ;
#1731 = FACE_OUTER_BOUND ( 'NONE', #2483, .T. ) ;
#1732 = CARTESIAN_POINT ( 'NONE',  ( -1.149999999999999900, 0.2750000000000000200, 0.1166666666666698000 ) ) ;
#1733 = FILL_AREA_STYLE_COLOUR ( '', #2754 ) ;
#1734 = AXIS2_PLACEMENT_3D ( 'NONE', #3839, #2793, #329 ) ;
#1735 = SURFACE_STYLE_FILL_AREA ( #4501 ) ;
#1736 = PRESENTATION_LAYER_ASSIGNMENT (  '', '', ( #3664 ) ) ;
#1737 =( NAMED_UNIT ( * ) SI_UNIT ( $, .STERADIAN. ) SOLID_ANGLE_UNIT ( ) );
#1739 = CARTESIAN_POINT ( 'NONE',  ( 0.9887122884057866200, 0.4834646935682069800, 0.7957363311607520400 ) ) ;
#1738 = SURFACE_STYLE_FILL_AREA ( #249 ) ;
#1740 = CARTESIAN_POINT ( 'NONE',  ( 1.149999999999999900, 0.2750000000000000200, 0.4083333333333319400 ) ) ;
#1741 = FACE_OUTER_BOUND ( 'NONE', #3501, .T. ) ;
#1742 = CARTESIAN_POINT ( 'NONE',  ( -1.149999999999987500, 0.9250000000000011500, -0.2333333333333271500 ) ) ;
#1743 = FACE_OUTER_BOUND ( 'NONE', #1097, .T. ) ;
#1744 = CARTESIAN_POINT ( 'NONE',  ( 0.9499999999999998400, 0.05000000000000018300, 0.9000000000000002400 ) ) ;
#1745 = CARTESIAN_POINT ( 'NONE',  ( 1.250000000000000000, 0.04999999999999861500, 0.8499999999999998700 ) ) ;
#1746 = CIRCLE ( 'NONE', #2704, 0.02000000000000005200 ) ;
#1747 = FACE_OUTER_BOUND ( 'NONE', #3452, .T. ) ;
#1748 = EDGE_CURVE ( 'NONE', #3120, #2250, #1909, .T. ) ;
#1749 =( NAMED_UNIT ( * ) PLANE_ANGLE_UNIT ( ) SI_UNIT ( $, .RADIAN. ) );
#1750 = PRESENTATION_STYLE_ASSIGNMENT (( #3607 ) ) ;
#1751 = VECTOR ( 'NONE', #997, 1000.000000000000000 ) ;
#1752 = ORIENTED_EDGE ( 'NONE', *, *, #946, .F. ) ;
#1753 = FACE_OUTER_BOUND ( 'NONE', #2853, .T. ) ;
#1754 = CARTESIAN_POINT ( 'NONE',  ( 0.8449999999999999700, 0.05000000000000020400, 0.8499999999999997600 ) ) ;
#1755 = COLOUR_RGB ( '',0.2509803921568627400, 0.2509803921568627400, 0.2509803921568627400 ) ;
#1756 = UNCERTAINTY_MEASURE_WITH_UNIT (LENGTH_MEASURE( 1.000000000000000100E-005 ), #2161, 'distance_accuracy_value', 'NONE');
#1757 = CARTESIAN_POINT ( 'NONE',  ( -0.8350573030508553500, 0.3074060455182972600, 0.8847816418350752400 ) ) ;
#1758 = DIRECTION ( 'NONE',  ( -0.8944271909999139700, 0.4472135954999618100, 0.0000000000000000000 ) ) ;
#1759 = CIRCLE ( 'NONE', #235, 0.02000000000000005200 ) ;
#1760 = CARTESIAN_POINT ( 'NONE',  ( 1.149999999999999900, 0.2750000000000000200, -0.5833333333333355900 ) ) ;
#1761 = ORIENTED_EDGE ( 'NONE', *, *, #2027, .T. ) ;
#1762 = CARTESIAN_POINT ( 'NONE',  ( -1.128901374500349100, 0.9250000000000011500, -0.8039413379742642600 ) ) ;
#1763 = MECHANICAL_DESIGN_GEOMETRIC_PRESENTATION_REPRESENTATION (  '', ( #2389 ), #1415 ) ;
#1764 = STYLED_ITEM ( 'NONE', ( #3220 ), #186 ) ;
#1765 = ORIENTED_EDGE ( 'NONE', *, *, #758, .T. ) ;
#1766 = ORIENTED_EDGE ( 'NONE', *, *, #4256, .F. ) ;
#1767 = ADVANCED_FACE ( 'NONE', ( #3702 ), #1509, .T. ) ;
#1768 = STYLED_ITEM ( 'NONE', ( #964 ), #1393 ) ;
#1769 =( GEOMETRIC_REPRESENTATION_CONTEXT ( 3 ) GLOBAL_UNCERTAINTY_ASSIGNED_CONTEXT ( ( #275 ) ) GLOBAL_UNIT_ASSIGNED_CONTEXT ( ( #1881, #3328, #2348 ) ) REPRESENTATION_CONTEXT ( 'NONE', 'WORKASPACE' ) );
#1770 = CARTESIAN_POINT ( 'NONE',  ( -0.8449999999999999700, 0.05000000000000020400, 0.8499999999999997600 ) ) ;
#1771 = CARTESIAN_POINT ( 'NONE',  ( -0.1583333333333444600, 0.7165353064317944200, -0.7957676532158967100 ) ) ;
#1772 =( GEOMETRIC_REPRESENTATION_CONTEXT ( 3 ) GLOBAL_UNCERTAINTY_ASSIGNED_CONTEXT ( ( #2617 ) ) GLOBAL_UNIT_ASSIGNED_CONTEXT ( ( #3476, #4619, #2485 ) ) REPRESENTATION_CONTEXT ( 'NONE', 'WORKASPACE' ) );
#1773 = EDGE_CURVE ( 'NONE', #2051, #54, #38, .T. ) ;
#1774 = FILL_AREA_STYLE ('',( #3178 ) ) ;
#1775 = ORIENTED_EDGE ( 'NONE', *, *, #2411, .F. ) ;
#1776 = CARTESIAN_POINT ( 'NONE',  ( -0.8249999999999998400, 0.3100000000000001600, 0.8836479909237159300 ) ) ;
#1777 = ORIENTED_EDGE ( 'NONE', *, *, #1358, .F. ) ;
#1778 = DIRECTION ( 'NONE',  ( -0.4472135954999622000, 0.8944271909999137500, 0.0000000000000000000 ) ) ;
#1779 = ORIENTED_EDGE ( 'NONE', *, *, #4309, .T. ) ;
#1780 = VECTOR ( 'NONE', #1466, 1000.000000000000000 ) ;
#1781 = FILL_AREA_STYLE ('',( #3611 ) ) ;
#1782 = CARTESIAN_POINT ( 'NONE',  ( 1.045767653215896600, 0.7165353064317944200, -0.2333333333333322500 ) ) ;
#1783 = ADVANCED_FACE ( 'NONE', ( #1122 ), #4095, .T. ) ;
#1784 = CARTESIAN_POINT ( 'NONE',  ( 0.7916666666666520900, 0.4834646935682069800, -0.7957676532158964900 ) ) ;
#1785 =( GEOMETRIC_REPRESENTATION_CONTEXT ( 3 ) GLOBAL_UNCERTAINTY_ASSIGNED_CONTEXT ( ( #3456 ) ) GLOBAL_UNIT_ASSIGNED_CONTEXT ( ( #3803, #2736, #2724 ) ) REPRESENTATION_CONTEXT ( 'NONE', 'WORKASPACE' ) );
#1786 = SURFACE_STYLE_FILL_AREA ( #4021 ) ;
#1787 = EDGE_CURVE ( 'NONE', #2308, #4088, #2866, .T. ) ;
#1788 = CARTESIAN_POINT ( 'NONE',  ( 1.249999999999999800, 1.888477631085024000, -0.8500000000000000900 ) ) ;
#1789 = PRESENTATION_STYLE_ASSIGNMENT (( #3583 ) ) ;
#1790 = ORIENTED_EDGE ( 'NONE', *, *, #475, .T. ) ;
#1791 = ORIENTED_EDGE ( 'NONE', *, *, #2283, .F. ) ;
#1792 = DIRECTION ( 'NONE',  ( 1.491907544018793800E-016, 0.0000000000000000000, -1.000000000000000000 ) ) ;
#1793 = LINE ( 'NONE', #831, #1861 ) ;
#1794 = MECHANICAL_DESIGN_GEOMETRIC_PRESENTATION_REPRESENTATION (  '', ( #677 ), #3782 ) ;
#1795 = VECTOR ( 'NONE', #3999, 1000.000000000000000 ) ;
#1796 = VECTOR ( 'NONE', #881, 1000.000000000000000 ) ;
#1797 = VECTOR ( 'NONE', #2548, 1000.000000000000000 ) ;
#1798 = CARTESIAN_POINT ( 'NONE',  ( -1.250000000000000000, 0.2749999999999999700, 0.0000000000000000000 ) ) ;
#1799 = CARTESIAN_POINT ( 'NONE',  ( -1.249999999999999800, -0.0000000000000000000, -0.8500000000000000900 ) ) ;
#1800 = CARTESIAN_POINT ( 'NONE',  ( 1.249999999999998400, 0.04999999999999861500, -0.8500000000000000900 ) ) ;
#1801 = CARTESIAN_POINT ( 'NONE',  ( -1.150072875168515200, 0.9250000000000011500, 0.6416750585470051300 ) ) ;
#1802 = ORIENTED_EDGE ( 'NONE', *, *, #1643, .T. ) ;
#1803 = CARTESIAN_POINT ( 'NONE',  ( 0.9997710900495795400, 0.4834646935682069800, -0.7856648239649822700 ) ) ;
#1804 = PLANE ( 'NONE',  #3018 ) ;
#1805 = CYLINDRICAL_SURFACE ( 'NONE', #1470, 0.01999999999999999700 ) ;
#1806 = LINE ( 'NONE', #2050, #3608 ) ;
#1807 = DIRECTION ( 'NONE',  ( -1.000000000000000000, 0.0000000000000000000, -0.0000000000000000000 ) ) ;
#1808 = DIRECTION ( 'NONE',  ( -0.4472135954999628100, 0.8944271909999135200, 0.0000000000000000000 ) ) ;
#1809 = SURFACE_SIDE_STYLE ('',( #1441 ) ) ;
#1810 = LINE ( 'NONE', #2038, #2108 ) ;
#1811 = EDGE_LOOP ( 'NONE', ( #1056, #1721, #3979, #224 ) ) ;
#1812 = EDGE_CURVE ( 'NONE', #3635, #829, #416, .T. ) ;
#1813 = DIRECTION ( 'NONE',  ( 0.7071067811865486800, 0.0000000000000000000, -0.7071067811865464600 ) ) ;
#1814 = ORIENTED_EDGE ( 'NONE', *, *, #1904, .T. ) ;
#1815 = DIRECTION ( 'NONE',  ( -0.7071067811865490200, 0.0000000000000000000, -0.7071067811865461300 ) ) ;
#1816 = CARTESIAN_POINT ( 'NONE',  ( -1.149999999999999700, 0.9250000000000011500, 0.5833333333333350400 ) ) ;
#1817 = CARTESIAN_POINT ( 'NONE',  ( 1.035664823964983300, 0.4834646935682069800, -0.7497710900495839800 ) ) ;
#1818 = ORIENTED_EDGE ( 'NONE', *, *, #1675, .F. ) ;
#1819 =( LENGTH_UNIT ( ) NAMED_UNIT ( * ) SI_UNIT ( .MILLI., .METRE. ) );
#1820 = PLANE ( 'NONE',  #2110 ) ;
#1821 = ORIENTED_EDGE ( 'NONE', *, *, #1404, .F. ) ;
#1822 = CARTESIAN_POINT ( 'NONE',  ( 1.250000000000000000, 1.200000000000000000, -1.000000000000000000 ) ) ;
#1823 = CARTESIAN_POINT ( 'NONE',  ( 0.7916666666666520900, 0.2750000000000000200, -0.8999999999999999100 ) ) ;
#1824 = CARTESIAN_POINT ( 'NONE',  ( -0.6000000000000005300, 0.2749999999999999700, -1.000000000000000000 ) ) ;
#1825 = CARTESIAN_POINT ( 'NONE',  ( -1.128901374500355800, 0.9250000000000011500, 0.8039413379742603700 ) ) ;
#1826 = ADVANCED_FACE ( 'NONE', ( #1964 ), #171, .F. ) ;
#1827 = CARTESIAN_POINT ( 'NONE',  ( -1.250000000000000000, 1.888477631085024000, 0.8499999999999998700 ) ) ;
#1828 = MECHANICAL_DESIGN_GEOMETRIC_PRESENTATION_REPRESENTATION (  '', ( #1346 ), #1769 ) ;
#1829 = ORIENTED_EDGE ( 'NONE', *, *, #114, .F. ) ;
#1830 = EDGE_LOOP ( 'NONE', ( #2236, #1161, #1699, #2132 ) ) ;
#1831 = CARTESIAN_POINT ( 'NONE',  ( -1.249999999999999800, 1.888477631085024000, -0.8500000000000000900 ) ) ;
#1832 = EDGE_CURVE ( 'NONE', #2167, #572, #2867, .T. ) ;
#1833 = CARTESIAN_POINT ( 'NONE',  ( 0.6321868716883773900, 0.9249999999999999300, -0.9000000000000003600 ) ) ;
#1834 = CARTESIAN_POINT ( 'NONE',  ( 1.250000000000000000, 0.9249999999999999300, 0.0000000000000000000 ) ) ;
#1835 = SURFACE_SIDE_STYLE ('',( #4477 ) ) ;
#1836 = CARTESIAN_POINT ( 'NONE',  ( 0.8241527629921829900, 0.3100000000000005000, 0.8836479909237157100 ) ) ;
#1837 = EDGE_LOOP ( 'NONE', ( #1054, #3063, #2479, #3447 ) ) ;
#1838 = ORIENTED_EDGE ( 'NONE', *, *, #751, .T. ) ;
#1839 = ORIENTED_EDGE ( 'NONE', *, *, #2151, .T. ) ;
#1840 = SURFACE_SIDE_STYLE ('',( #3500 ) ) ;
#1841 = COLOUR_RGB ( '',0.2509803921568627400, 0.2509803921568627400, 0.2509803921568627400 ) ;
#1842 = COLOUR_RGB ( '',0.2509803921568627400, 0.2509803921568627400, 0.2509803921568627400 ) ;
#1843 = EDGE_CURVE ( 'NONE', #392, #4091, #1380, .T. ) ;
#1844 = CIRCLE ( 'NONE', #2033, 0.01500000000000014900 ) ;
#1845 = ORIENTED_EDGE ( 'NONE', *, *, #1675, .T. ) ;
#1846 = DIRECTION ( 'NONE',  ( -0.0000000000000000000, -1.000000000000000000, -0.0000000000000000000 ) ) ;
#1847 = SURFACE_STYLE_USAGE ( .BOTH. , #1507 ) ;
#1848 = CARTESIAN_POINT ( 'NONE',  ( 0.8249999999999999600, 0.2749999999999999700, 0.9000000000000004700 ) ) ;
#1849 = CARTESIAN_POINT ( 'NONE',  ( 0.8050000000000000500, 0.6000000000000004200, 1.550000000000000300 ) ) ;
#1850 = SURFACE_STYLE_FILL_AREA ( #273 ) ;
#1851 = CARTESIAN_POINT ( 'NONE',  ( -1.045736331160748800, 0.7165353064317944200, 0.7387122884057584200 ) ) ;
#1852 = MECHANICAL_DESIGN_GEOMETRIC_PRESENTATION_REPRESENTATION (  '', ( #841 ), #4110 ) ;
#1853 = VECTOR ( 'NONE', #731, 1000.000000000000000 ) ;
#1854 = SURFACE_STYLE_USAGE ( .BOTH. , #4339 ) ;
#1855 = STYLED_ITEM ( 'NONE', ( #4280 ), #90 ) ;
#1856 = ORIENTED_EDGE ( 'NONE', *, *, #2382, .T. ) ;
#1857 = DIRECTION ( 'NONE',  ( -0.7071067811865460200, 0.0000000000000000000, -0.7071067811865490200 ) ) ;
#1858 = VECTOR ( 'NONE', #4305, 1000.000000000000000 ) ;
#1859 = CARTESIAN_POINT ( 'NONE',  ( 0.0000000000000000000, 0.2750000000000000800, 0.8999999999999999100 ) ) ;
#1860 = CARTESIAN_POINT ( 'NONE',  ( -0.6321868716882589300, 0.2749999999999999700, -0.9000000000000009100 ) ) ;
#1861 = VECTOR ( 'NONE', #3985, 1000.000000000000000 ) ;
#1862 = ORIENTED_EDGE ( 'NONE', *, *, #3622, .F. ) ;
#1863 = ADVANCED_FACE ( 'NONE', ( #2492 ), #4158, .F. ) ;
#1864 = VECTOR ( 'NONE', #2188, 1000.000000000000000 ) ;
#1865 = FILL_AREA_STYLE_COLOUR ( '', #3609 ) ;
#1866 = VECTOR ( 'NONE', #2330, 1000.000000000000000 ) ;
#1867 = VECTOR ( 'NONE', #1465, 999.9999999999998900 ) ;
#1868 = SURFACE_STYLE_FILL_AREA ( #4464 ) ;
#1869 = PLANE ( 'NONE',  #1201 ) ;
#1870 = CARTESIAN_POINT ( 'NONE',  ( -0.8708447223137965000, 0.9250000000000011500, -0.9000989020144050100 ) ) ;
#1871 = VECTOR ( 'NONE', #3778, 1000.000000000000000 ) ;
#1872 = EDGE_CURVE ( 'NONE', #2833, #3875, #1321, .T. ) ;
#1873 = VECTOR ( 'NONE', #1655, 1000.000000000000000 ) ;
#1874 = CIRCLE ( 'NONE', #4570, 0.02000000000000005200 ) ;
#1875 = ORIENTED_EDGE ( 'NONE', *, *, #3412, .F. ) ;
#1876 = SURFACE_STYLE_USAGE ( .BOTH. , #461 ) ;
#1877 =( LENGTH_UNIT ( ) NAMED_UNIT ( * ) SI_UNIT ( .MILLI., .METRE. ) );
#1878 = CARTESIAN_POINT ( 'NONE',  ( -0.3160934358441295200, 0.2749999999999999700, -0.9000000000000006900 ) ) ;
#1879 = ORIENTED_EDGE ( 'NONE', *, *, #4611, .T. ) ;
#1880 = ORIENTED_EDGE ( 'NONE', *, *, #1447, .T. ) ;
#1881 =( LENGTH_UNIT ( ) NAMED_UNIT ( * ) SI_UNIT ( .MILLI., .METRE. ) );
#1882 = CARTESIAN_POINT ( 'NONE',  ( 0.5499999999999998200, 1.888477631085024000, -0.8500000000000000900 ) ) ;
#1883 = VERTEX_POINT ( 'NONE', #1641 ) ;
#1884 = EDGE_LOOP ( 'NONE', ( #527, #4265, #1055, #935, #2068, #450, #3745, #4391, #3318 ) ) ;
#1885 = MECHANICAL_DESIGN_GEOMETRIC_PRESENTATION_REPRESENTATION (  '', ( #3628 ), #2845 ) ;
#1886 = EDGE_CURVE ( 'NONE', #1687, #4137, #3209, .T. ) ;
#1887 = ADVANCED_FACE ( 'NONE', ( #1064 ), #2725, .F. ) ;
#1888 = CARTESIAN_POINT ( 'NONE',  ( 0.9500000000000029500, 0.04999999999999877500, -0.8500000000000000900 ) ) ;
#1889 = DIRECTION ( 'NONE',  ( -0.0000000000000000000, -0.0000000000000000000, 1.000000000000000000 ) ) ;
#1890 =( LENGTH_UNIT ( ) NAMED_UNIT ( * ) SI_UNIT ( .MILLI., .METRE. ) );
#1891 = CARTESIAN_POINT ( 'NONE',  ( 0.8102307353225298700, 0.3034858748654596900, 0.8865210074194528300 ) ) ;
#1892 = AXIS2_PLACEMENT_3D ( 'NONE', #4497, #3802, #2350 ) ;
#1893 = AXIS2_PLACEMENT_3D ( 'NONE', #1211, #4446, #3772 ) ;
#1894 = ORIENTED_EDGE ( 'NONE', *, *, #933, .F. ) ;
#1895 = PLANE ( 'NONE',  #4413 ) ;
#1896 = DIRECTION ( 'NONE',  ( -1.008560160451631700E-016, 0.0000000000000000000, -1.000000000000000000 ) ) ;
#1897 = SURFACE_SIDE_STYLE ('',( #3428 ) ) ;
#1898 = CARTESIAN_POINT ( 'NONE',  ( -0.3166666666666802500, 0.9250000000000011500, -0.9000000000000084600 ) ) ;
#1899 = CARTESIAN_POINT ( 'NONE',  ( -0.9499999999999995100, 0.05000000000000023900, -1.000000000000000200 ) ) ;
#1900 = VECTOR ( 'NONE', #4481, 1000.000000000000000 ) ;
#1901 = CARTESIAN_POINT ( 'NONE',  ( -0.8449999999999999700, 0.05000000000000050200, 0.9150000000000013700 ) ) ;
#1902 = ORIENTED_EDGE ( 'NONE', *, *, #7, .T. ) ;
#1903 = UNCERTAINTY_MEASURE_WITH_UNIT (LENGTH_MEASURE( 1.000000000000000100E-005 ), #3427, 'distance_accuracy_value', 'NONE');
#1904 = EDGE_CURVE ( 'NONE', #2386, #4409, #366, .T. ) ;
#1905 = DIRECTION ( 'NONE',  ( 0.0000000000000000000, 0.0000000000000000000, 1.000000000000000000 ) ) ;
#1906 = DIRECTION ( 'NONE',  ( 0.0000000000000000000, 2.710505431213754000E-015, 1.000000000000000000 ) ) ;
#1907 = FILL_AREA_STYLE_COLOUR ( '', #2435 ) ;
#1908 = FILL_AREA_STYLE ('',( #3692 ) ) ;
#1909 = LINE ( 'NONE', #72, #738 ) ;
#1910 = ADVANCED_FACE ( 'NONE', ( #4500 ), #4601, .F. ) ;
#1911 = CIRCLE ( 'NONE', #886, 0.02000000000000005200 ) ;
#1912 = AXIS2_PLACEMENT_3D ( 'NONE', #2886, #3952, #1088 ) ;
#1913 = PLANE ( 'NONE',  #4170 ) ;
#1914 = ORIENTED_EDGE ( 'NONE', *, *, #1187, .T. ) ;
#1915 = EDGE_CURVE ( 'NONE', #3790, #829, #1289, .T. ) ;
#1916 = PLANE ( 'NONE',  #537 ) ;
#1917 = DIRECTION ( 'NONE',  ( 1.000000000000000000, 0.0000000000000000000, 4.336808689942017700E-016 ) ) ;
#1918 = LINE ( 'NONE', #3911, #1795 ) ;
#1919 = CARTESIAN_POINT ( 'NONE',  ( 0.7916666666666520900, 0.9250000000000011500, -0.9000000000000000200 ) ) ;
#1920 = CARTESIAN_POINT ( 'NONE',  ( -0.8049999999999999400, 0.05000000000000042600, 0.9000000000000004700 ) ) ;
#1921 = MECHANICAL_DESIGN_GEOMETRIC_PRESENTATION_REPRESENTATION (  '', ( #511 ), #2658 ) ;
#1922 = LINE ( 'NONE', #670, #3918 ) ;
#1923 = CARTESIAN_POINT ( 'NONE',  ( 0.9500000000000028400, 0.04999999999999880200, 0.8499999999999998700 ) ) ;
#1924 =( NAMED_UNIT ( * ) PLANE_ANGLE_UNIT ( ) SI_UNIT ( $, .RADIAN. ) );
#1925 = CARTESIAN_POINT ( 'NONE',  ( 1.128901374500352000, 0.2750000000000000200, -0.8039413379742668100 ) ) ;
#1926 = CARTESIAN_POINT ( 'NONE',  ( -0.1583333333333444600, 0.7165353064317944200, -0.7957676532158967100 ) ) ;
#1927 = VECTOR ( 'NONE', #4012, 1000.000000000000000 ) ;
#1928 = ORIENTED_EDGE ( 'NONE', *, *, #285, .F. ) ;
#1929 = B_SPLINE_CURVE_WITH_KNOTS ( 'NONE', 3,
 ( #2494, #1364, #1386, #3910 ),
 .UNSPECIFIED., .F., .F.,
 ( 4, 4 ),
 ( 0.3390966445982250300, 0.3590897487622670100 ),
 .UNSPECIFIED. ) ;
#1930 = EDGE_LOOP ( 'NONE', ( #987, #3233, #884, #3815 ) ) ;
#1931 = FILL_AREA_STYLE ('',( #1549 ) ) ;
#1932 = EDGE_LOOP ( 'NONE', ( #1241, #305, #2789, #2031 ) ) ;
#1933 = EDGE_CURVE ( 'NONE', #3405, #929, #4387, .T. ) ;
#1934 = ADVANCED_FACE ( 'NONE', ( #4026 ), #2545, .T. ) ;
#1935 = EDGE_LOOP ( 'NONE', ( #4468, #1431, #2226, #2660 ) ) ;
#1936 = DIRECTION ( 'NONE',  ( 1.000000000000000000, -0.0000000000000000000, 0.0000000000000000000 ) ) ;
#1937 =( LENGTH_UNIT ( ) NAMED_UNIT ( * ) SI_UNIT ( .MILLI., .METRE. ) );
#1938 = EDGE_LOOP ( 'NONE', ( #3887, #4433, #2648, #1969 ) ) ;
#1939 = CARTESIAN_POINT ( 'NONE',  ( 2.202285662861180900E-017, 0.2750000000000000800, 0.8999999999999999100 ) ) ;
#1940 = VERTEX_POINT ( 'NONE', #318 ) ;
#1941 =( NAMED_UNIT ( * ) SI_UNIT ( $, .STERADIAN. ) SOLID_ANGLE_UNIT ( ) );
#1942 = CARTESIAN_POINT ( 'NONE',  ( 1.249999999999999800, 1.888477631085024000, -0.8500000000000000900 ) ) ;
#1943 = CARTESIAN_POINT ( 'NONE',  ( 1.149999999999999900, 0.2750000000000000200, 0.5833333333333303700 ) ) ;
#1944 = EDGE_CURVE ( 'NONE', #1425, #2185, #3705, .T. ) ;
#1945 = MECHANICAL_DESIGN_GEOMETRIC_PRESENTATION_REPRESENTATION (  '', ( #3100 ), #1622 ) ;
#1946 = CARTESIAN_POINT ( 'NONE',  ( -1.263095530945612700E-015, 0.05000000000000100200, 0.9000000000000008000 ) ) ;
#1947 = PRESENTATION_LAYER_ASSIGNMENT (  '', '', ( #1855 ) ) ;
#1948 = ORIENTED_EDGE ( 'NONE', *, *, #2757, .T. ) ;
#1949 = VERTEX_POINT ( 'NONE', #289 ) ;
#1950 = AXIS2_PLACEMENT_3D ( 'NONE', #4312, #2932, #741 ) ;
#1951 = CARTESIAN_POINT ( 'NONE',  ( -2.710505431213794700E-017, 0.9250000000000000400, 0.9000000000000008000 ) ) ;
#1952 = ORIENTED_EDGE ( 'NONE', *, *, #1133, .F. ) ;
#1953 = CARTESIAN_POINT ( 'NONE',  ( 0.3166666666666562200, 0.2750000000000000200, -0.8999999999999912500 ) ) ;
#1954 = ORIENTED_EDGE ( 'NONE', *, *, #3384, .T. ) ;
#1955 = ORIENTED_EDGE ( 'NONE', *, *, #2901, .T. ) ;
#1956 = MECHANICAL_DESIGN_GEOMETRIC_PRESENTATION_REPRESENTATION (  '', ( #4364 ), #1057 ) ;
#1957 = CARTESIAN_POINT ( 'NONE',  ( 0.6333333333333418500, 0.7165353064317944200, -0.7957676532158964900 ) ) ;
#1958 = ORIENTED_EDGE ( 'NONE', *, *, #4160, .F. ) ;
#1959 = VERTEX_POINT ( 'NONE', #4033 ) ;
#1960 = CARTESIAN_POINT ( 'NONE',  ( 0.8398997928421377800, 0.3034959656643468300, 0.8865140620139964100 ) ) ;
#1961 = VERTEX_POINT ( 'NONE', #2881 ) ;
#1962 = EDGE_CURVE ( 'NONE', #83, #1281, #1496, .T. ) ;
#1963 = CIRCLE ( 'NONE', #1893, 0.01500000000000047300 ) ;
#1965 = CARTESIAN_POINT ( 'NONE',  ( -0.8049999999999999400, 0.05000000000000020400, 0.8499999999999997600 ) ) ;
#1964 = FACE_OUTER_BOUND ( 'NONE', #240, .T. ) ;
#1966 = VECTOR ( 'NONE', #3414, 1000.000000000000000 ) ;
#1967 = PLANE ( 'NONE',  #3505 ) ;
#1968 = LINE ( 'NONE', #4357, #1021 ) ;
#1969 = ORIENTED_EDGE ( 'NONE', *, *, #3294, .F. ) ;
#1970 = COLOUR_RGB ( '',0.2509803921568627400, 0.2509803921568627400, 0.2509803921568627400 ) ;
#1971 = DIRECTION ( 'NONE',  ( 0.0000000000000000000, 1.000000000000000000, 0.0000000000000000000 ) ) ;
#1972 = CARTESIAN_POINT ( 'NONE',  ( 0.8708447223137494300, 0.2750000000000000200, 0.9000989020144051200 ) ) ;
#1973 = COLOUR_RGB ( '',0.2509803921568627400, 0.2509803921568627400, 0.2509803921568627400 ) ;
#1974 = CARTESIAN_POINT ( 'NONE',  ( -0.6000000000000007500, 4.065758146820641600E-017, -0.8500000000000000900 ) ) ;
#1975 = AXIS2_PLACEMENT_3D ( 'NONE', #1236, #2688, #554 ) ;
#1976 = SURFACE_SIDE_STYLE ('',( #2081 ) ) ;
#1977 = EDGE_CURVE ( 'NONE', #2848, #2787, #3038, .T. ) ;
#1978 = CIRCLE ( 'NONE', #3631, 0.01500000000000047300 ) ;
#1979 = DIRECTION ( 'NONE',  ( 0.0000000000000000000, 1.000000000000000000, 9.637352644315614500E-016 ) ) ;
#1980 = CARTESIAN_POINT ( 'NONE',  ( 1.250000000000000000, 0.0000000000000000000, 0.0000000000000000000 ) ) ;
#1981 =( NAMED_UNIT ( * ) SI_UNIT ( $, .STERADIAN. ) SOLID_ANGLE_UNIT ( ) );
#1982 = CARTESIAN_POINT ( 'NONE',  ( -0.8249999999999998400, 0.2749999999999999100, 0.9150000000000007000 ) ) ;
#1983 = LINE ( 'NONE', #2405, #3268 ) ;
#1984 = FACE_OUTER_BOUND ( 'NONE', #1170, .T. ) ;
#1985 = DIRECTION ( 'NONE',  ( -0.8944271909999137500, -0.4472135954999622000, 0.0000000000000000000 ) ) ;
#1986 = CARTESIAN_POINT ( 'NONE',  ( 0.8249999999999998400, 0.05000000000000050200, 0.9150000000000009200 ) ) ;
#1987 = CARTESIAN_POINT ( 'NONE',  ( -1.045767653215896600, 0.4834646935682069800, -0.1166666666666674600 ) ) ;
#1988 = SURFACE_STYLE_FILL_AREA ( #3117 ) ;
#1989 = CARTESIAN_POINT ( 'NONE',  ( 0.9997710900495809800, 0.7165353064317944200, 0.7856648239649888200 ) ) ;
#1990 = ORIENTED_EDGE ( 'NONE', *, *, #3085, .F. ) ;
#1991 = PRESENTATION_STYLE_ASSIGNMENT (( #1008 ) ) ;
#1992 = CARTESIAN_POINT ( 'NONE',  ( 0.5500000000000000400, 0.04999999999999926700, 0.8499999999999998700 ) ) ;
#1993 = CARTESIAN_POINT ( 'NONE',  ( -0.8249999999999998400, 0.2900000000000000900, 0.9000000000000004700 ) ) ;
#1994 = CARTESIAN_POINT ( 'NONE',  ( 0.9499999999999998400, 0.9250000000000009300, 0.6999999999999997300 ) ) ;
#1995 = EDGE_CURVE ( 'NONE', #247, #2428, #4326, .T. ) ;
#1996 =( BOUNDED_SURFACE ( )  B_SPLINE_SURFACE ( 3, 3, ( 
 ( #4141, #1309, #2770, #3432, #272, #2022, #2400, #1660, #3151, #1678, #4208, #4540, #1284, #2057, #2466, #4244, #1732, #3526, #2074, #2808, #3170, #3548, #3889, #2127, #4587, #4257, #317, #2826, #2113, #347, #692, #335, #1041, #667, #1010, #3515, #1349, #1823, #2564, #709, #18, #3175, #3882, #654, #1760, #4235, #3160, #1001, #3504, #3144, #1329, #1740, #4261, #1340, #2442, #1711, #3522, #3853, #3836, #2491, #2082, #1722, #4591, #1360, #2459, #3891 ),
 ( #2120, #4278, #4607, #2832, #3199, #4251, #1022, #2100, #3488, #2472, #340, #2817, #680, #1035, #2512, #3536, #3, #351, #1046, #2844, #2217, #3596, #1060, #46, #1120, #405, #3614, #756, #3922, #711, #3569, #3953, #75, #2581, #768, #423, #1398, #1784, #3627, #3266, #1803, #1817, #3906, #1089, #2537, #3243, #1423, #1460, #4322, #1102, #4310, #92, #29, #2888, #737, #4338, #4293, #2153, #2523, #378, #2865, #1157, #3656, #1493, #110, #4006 ),
 ( #459, #2947, #781, #802, #2929, #3286, #1140, #3640, #1475, #3991, #1851, #4369, #4014, #3977, #1481, #4362, #103, #2586, #2936, #3292, #2271, #837, #1576, #4120, #3377, #3695, #1222, #4462, #538, #883, #3029, #4422, #1926, #4107, #2664, #569, #1957, #853, #2332, #199, #213, #3066, #1530, #4053, #2292, #2649, #516, #2998, #3362, #1208, #4071, #4439, #2304, #4559, #3766, #293, #3454, #1989, #4186, #3440, #971, #4198, #1278, #3812, #3093, #1651 ),
 ( #2395, #2408, #4533, #4132, #927, #3424, #3783, #3797, #1291, #1636, #4165, #2011, #2759, #1317, #2137, #4593, #2067, #2476, #1742, #2445, #2837, #685, #4252, #3539, #1762, #3857, #699, #1726, #2105, #2123, #4239, #4612, #3837, #1694, #4222, #1004, #2084, #309, #2821, #4266, #4282, #3870, #4579, #342, #1363, #3189, #1370, #1036, #2792, #2462, #3886, #671, #1062, #8, #1344, #2493, #3204, #19, #354, #3561, #1385, #1048, #1026, #3892, #2514, #713 ) ),
 .UNSPECIFIED., .F., .T., .T. ) 
 B_SPLINE_SURFACE_WITH_KNOTS ( ( 4, 4 ),
 ( 4, 2, 2, 2, 2, 2, 2, 2, 2, 2, 2, 2, 2, 2, 2, 2, 2, 2, 2, 2, 2, 2, 2, 2, 2, 2, 2, 2, 2, 2, 2, 2, 4 ),
 ( 0.0000000000000000000, 1.000000000000000000 ),
 ( 0.0000000000000000000, 0.06045843740593843900, 0.09068765610890766600, 0.1209168748118768800, 0.1409101151068258300, 0.1609033554017747800, 0.1831775165513310800, 0.2054516777008873500, 0.2499999999999998900, 0.2945483222991124300, 0.3168224834486687000, 0.3390966445982250300, 0.3590898848931740100, 0.3790831251881229800, 0.4093123438910922800, 0.4395415625940615200, 0.5000000000000000000, 0.5604584374059384800, 0.5906876561089077200, 0.6209168748118769600, 0.6409101151068259400, 0.6609033554017748100, 0.6831775165513311900, 0.7054516777008874600, 0.7500000000000000000, 0.7945483222991125400, 0.8168224834486688100, 0.8390966445982250800, 0.8590898848931740600, 0.8790831251881229300, 0.9093123438910921700, 0.9395415625940615200, 1.000000000000000000 ),
 .UNSPECIFIED. ) 
 GEOMETRIC_REPRESENTATION_ITEM ( )  RATIONAL_B_SPLINE_SURFACE ( (
 ( 1.000000000000000000, 1.000000000000000000, 1.000000000000000000, 1.000000000000000000, 1.000000000000000000, 1.000000000000000000, 1.000000000000000000, 1.000000000000000000, 1.000000000000000000, 1.000000000000000000, 1.000000000000000000, 1.000000000000000000, 1.000000000000000000, 1.000000000000000000, 1.000000000000000000, 1.000000000000000000, 1.000000000000000000, 1.000000000000000000, 1.000000000000000000, 1.000000000000000000, 1.000000000000000000, 1.000000000000000000, 1.000000000000000000, 1.000000000000000000, 1.000000000000000000, 1.000000000000000000, 1.000000000000000000, 1.000000000000000000, 1.000000000000000000, 1.000000000000000000, 1.000000000000000000, 1.000000000000000000, 1.000000000000000000, 1.000000000000000000, 1.000000000000000000, 1.000000000000000000, 1.000000000000000000, 1.000000000000000000, 1.000000000000000000, 1.000000000000000000, 1.000000000000000000, 1.000000000000000000, 1.000000000000000000, 1.000000000000000000, 1.000000000000000000, 1.000000000000000000, 1.000000000000000000, 1.000000000000000000, 1.000000000000000000, 1.000000000000000000, 1.000000000000000000, 1.000000000000000000, 1.000000000000000000, 1.000000000000000000, 1.000000000000000000, 1.000000000000000000, 1.000000000000000000, 1.000000000000000000, 1.000000000000000000, 1.000000000000000000, 1.000000000000000000, 1.000000000000000000, 1.000000000000000000, 1.000000000000000000, 1.000000000000000000, 1.000000000000000000),
 ( 0.9296181273332770900, 0.9296181273332770900, 0.9296181273332770900, 0.9296181273332770900, 0.9296181273332770900, 0.9296181273332770900, 0.9296181273332770900, 0.9296181273332770900, 0.9296181273332770900, 0.9296181273332770900, 0.9296181273332770900, 0.9296181273332770900, 0.9296181273332770900, 0.9296181273332770900, 0.9296181273332770900, 0.9296181273332770900, 0.9296181273332770900, 0.9296181273332770900, 0.9296181273332770900, 0.9296181273332770900, 0.9296181273332770900, 0.9296181273332770900, 0.9296181273332770900, 0.9296181273332770900, 0.9296181273332770900, 0.9296181273332770900, 0.9296181273332770900, 0.9296181273332770900, 0.9296181273332770900, 0.9296181273332770900, 0.9296181273332770900, 0.9296181273332770900, 0.9296181273332770900, 0.9296181273332770900, 0.9296181273332770900, 0.9296181273332770900, 0.9296181273332770900, 0.9296181273332770900, 0.9296181273332770900, 0.9296181273332770900, 0.9296181273332770900, 0.9296181273332770900, 0.9296181273332770900, 0.9296181273332770900, 0.9296181273332770900, 0.9296181273332770900, 0.9296181273332770900, 0.9296181273332770900, 0.9296181273332770900, 0.9296181273332770900, 0.9296181273332770900, 0.9296181273332770900, 0.9296181273332770900, 0.9296181273332770900, 0.9296181273332770900, 0.9296181273332770900, 0.9296181273332770900, 0.9296181273332770900, 0.9296181273332770900, 0.9296181273332770900, 0.9296181273332770900, 0.9296181273332770900, 0.9296181273332770900, 0.9296181273332770900, 0.9296181273332770900, 0.9296181273332770900),
 ( 0.9296181273332770900, 0.9296181273332770900, 0.9296181273332770900, 0.9296181273332770900, 0.9296181273332770900, 0.9296181273332770900, 0.9296181273332770900, 0.9296181273332770900, 0.9296181273332770900, 0.9296181273332770900, 0.9296181273332770900, 0.9296181273332770900, 0.9296181273332770900, 0.9296181273332770900, 0.9296181273332770900, 0.9296181273332770900, 0.9296181273332770900, 0.9296181273332770900, 0.9296181273332770900, 0.9296181273332770900, 0.9296181273332770900, 0.9296181273332770900, 0.9296181273332770900, 0.9296181273332770900, 0.9296181273332770900, 0.9296181273332770900, 0.9296181273332770900, 0.9296181273332770900, 0.9296181273332770900, 0.9296181273332770900, 0.9296181273332770900, 0.9296181273332770900, 0.9296181273332770900, 0.9296181273332770900, 0.9296181273332770900, 0.9296181273332770900, 0.9296181273332770900, 0.9296181273332770900, 0.9296181273332770900, 0.9296181273332770900, 0.9296181273332770900, 0.9296181273332770900, 0.9296181273332770900, 0.9296181273332770900, 0.9296181273332770900, 0.9296181273332770900, 0.9296181273332770900, 0.9296181273332770900, 0.9296181273332770900, 0.9296181273332770900, 0.9296181273332770900, 0.9296181273332770900, 0.9296181273332770900, 0.9296181273332770900, 0.9296181273332770900, 0.9296181273332770900, 0.9296181273332770900, 0.9296181273332770900, 0.9296181273332770900, 0.9296181273332770900, 0.9296181273332770900, 0.9296181273332770900, 0.9296181273332770900, 0.9296181273332770900, 0.9296181273332770900, 0.9296181273332770900),
 ( 1.000000000000000000, 1.000000000000000000, 1.000000000000000000, 1.000000000000000000, 1.000000000000000000, 1.000000000000000000, 1.000000000000000000, 1.000000000000000000, 1.000000000000000000, 1.000000000000000000, 1.000000000000000000, 1.000000000000000000, 1.000000000000000000, 1.000000000000000000, 1.000000000000000000, 1.000000000000000000, 1.000000000000000000, 1.000000000000000000, 1.000000000000000000, 1.000000000000000000, 1.000000000000000000, 1.000000000000000000, 1.000000000000000000, 1.000000000000000000, 1.000000000000000000, 1.000000000000000000, 1.000000000000000000, 1.000000000000000000, 1.000000000000000000, 1.000000000000000000, 1.000000000000000000, 1.000000000000000000, 1.000000000000000000, 1.000000000000000000, 1.000000000000000000, 1.000000000000000000, 1.000000000000000000, 1.000000000000000000, 1.000000000000000000, 1.000000000000000000, 1.000000000000000000, 1.000000000000000000, 1.000000000000000000, 1.000000000000000000, 1.000000000000000000, 1.000000000000000000, 1.000000000000000000, 1.000000000000000000, 1.000000000000000000, 1.000000000000000000, 1.000000000000000000, 1.000000000000000000, 1.000000000000000000, 1.000000000000000000, 1.000000000000000000, 1.000000000000000000, 1.000000000000000000, 1.000000000000000000, 1.000000000000000000, 1.000000000000000000, 1.000000000000000000, 1.000000000000000000, 1.000000000000000000, 1.000000000000000000, 1.000000000000000000, 1.000000000000000000) ) ) 
 REPRESENTATION_ITEM ( '' )  SURFACE ( )  );
#1997 = CARTESIAN_POINT ( 'NONE',  ( -0.8085243136718658400, 0.3016170607720876600, 0.8873561955446714900 ) ) ;
#1998 = CARTESIAN_POINT ( 'NONE',  ( 0.9887122884057428800, 0.4834646935682069800, -0.7957363311607520400 ) ) ;
#1999 = ORIENTED_EDGE ( 'NONE', *, *, #4555, .F. ) ;
#2000 = PRESENTATION_LAYER_ASSIGNMENT (  '', '', ( #4052 ) ) ;
#2001 = ORIENTED_EDGE ( 'NONE', *, *, #4229, .T. ) ;
#2002 = CARTESIAN_POINT ( 'NONE',  ( -0.8049999999999999400, 0.05000000000000042600, 0.9000000000000004700 ) ) ;
#2003 = PRESENTATION_LAYER_ASSIGNMENT (  '', '', ( #1764 ) ) ;
#2004 = CARTESIAN_POINT ( 'NONE',  ( 0.5500000000000000400, 1.888477631085024000, 0.8499999999999998700 ) ) ;
#2005 = VERTEX_POINT ( 'NONE', #887 ) ;
#2006 =( GEOMETRIC_REPRESENTATION_CONTEXT ( 3 ) GLOBAL_UNCERTAINTY_ASSIGNED_CONTEXT ( ( #730 ) ) GLOBAL_UNIT_ASSIGNED_CONTEXT ( ( #4182, #4542, #2755 ) ) REPRESENTATION_CONTEXT ( 'NONE', 'WORKASPACE' ) );
#2007 = ORIENTED_EDGE ( 'NONE', *, *, #739, .T. ) ;
#2008 = ORIENTED_EDGE ( 'NONE', *, *, #2847, .F. ) ;
#2009 = FILL_AREA_STYLE_COLOUR ( '', #53 ) ;
#2010 = CARTESIAN_POINT ( 'NONE',  ( 1.035664823964983300, 0.4834646935682069800, -0.7497710900495839800 ) ) ;
#2011 = CARTESIAN_POINT ( 'NONE',  ( -1.150072875168515200, 0.9250000000000011500, 0.6416750585470051300 ) ) ;
#2012 = VECTOR ( 'NONE', #3701, 1000.000000000000000 ) ;
#2013 = PLANE ( 'NONE',  #4515 ) ;
#2014 =( NAMED_UNIT ( * ) PLANE_ANGLE_UNIT ( ) SI_UNIT ( $, .RADIAN. ) );
#2015 = LINE ( 'NONE', #2519, #155 ) ;
#2016 = CARTESIAN_POINT ( 'NONE',  ( 0.8411067166960803900, 0.3018563770724521600, 0.8872516464686290800 ) ) ;
#2017 = DIRECTION ( 'NONE',  ( 2.915954978783976200E-031, 1.000000000000000000, -2.891205793294687300E-015 ) ) ;
#2018 = FACE_OUTER_BOUND ( 'NONE', #3687, .T. ) ;
#2019 = EDGE_CURVE ( 'NONE', #2971, #3405, #3254, .T. ) ;
#2020 = PRESENTATION_STYLE_ASSIGNMENT (( #2076 ) ) ;
#2021 = LINE ( 'NONE', #3163, #3040 ) ;
#2022 = CARTESIAN_POINT ( 'NONE',  ( -0.7916666666666760700, 0.2750000000000000200, 0.9000000000000001300 ) ) ;
#2023 = LINE ( 'NONE', #707, #3426 ) ;
#2024 = FILL_AREA_STYLE ('',( #651 ) ) ;
#2025 = EDGE_LOOP ( 'NONE', ( #1322, #1158, #4098, #3610 ) ) ;
#2026 = CARTESIAN_POINT ( 'NONE',  ( 1.045767653215896600, 0.4834646935682069800, -0.1166666666666704600 ) ) ;
#2027 = EDGE_CURVE ( 'NONE', #2552, #4102, #1730, .T. ) ;
#2028 = VECTOR ( 'NONE', #1633, 999.9999999999998900 ) ;
#2029 =( NAMED_UNIT ( * ) SI_UNIT ( $, .STERADIAN. ) SOLID_ANGLE_UNIT ( ) );
#2030 = CARTESIAN_POINT ( 'NONE',  ( 0.8000000000000017100, 1.200000000000000000, 0.7999999999999981600 ) ) ;
#2031 = ORIENTED_EDGE ( 'NONE', *, *, #561, .F. ) ;
#2032 =( NAMED_UNIT ( * ) SI_UNIT ( $, .STERADIAN. ) SOLID_ANGLE_UNIT ( ) );
#2033 = AXIS2_PLACEMENT_3D ( 'NONE', #1462, #3926, #3255 ) ;
#2034 = DIRECTION ( 'NONE',  ( 1.000000000000000000, 0.0000000000000000000, -0.0000000000000000000 ) ) ;
#2035 = EDGE_CURVE ( 'NONE', #2444, #3738, #1611, .T. ) ;
#2036 = PRESENTATION_STYLE_ASSIGNMENT (( #2338 ) ) ;
#2037 = VECTOR ( 'NONE', #138, 1000.000000000000000 ) ;
#2038 = CARTESIAN_POINT ( 'NONE',  ( -1.049999999999998900, 0.0000000000000000000, 0.8499999999999998700 ) ) ;
#2039 = SURFACE_STYLE_USAGE ( .BOTH. , #3831 ) ;
#2040 = DIRECTION ( 'NONE',  ( -0.0000000000000000000, -1.000000000000000000, -0.0000000000000000000 ) ) ;
#2041 = ORIENTED_EDGE ( 'NONE', *, *, #1654, .F. ) ;
#2042 = LINE ( 'NONE', #979, #2728 ) ;
#2043 = PRODUCT_DEFINITION ( 'UNKNOWN', '', #3082, #4303 ) ;
#2044 = SURFACE_SIDE_STYLE ('',( #1338 ) ) ;
#2045 = ORIENTED_EDGE ( 'NONE', *, *, #1242, .F. ) ;
#2046 = CARTESIAN_POINT ( 'NONE',  ( -1.045767653215889700, 0.4834646935682069800, 0.4083333333333352700 ) ) ;
#2047 = UNCERTAINTY_MEASURE_WITH_UNIT (LENGTH_MEASURE( 1.000000000000000100E-005 ), #780, 'distance_accuracy_value', 'NONE');
#2048 = ORIENTED_EDGE ( 'NONE', *, *, #169, .F. ) ;
#2049 = CARTESIAN_POINT ( 'NONE',  ( 0.6999999999999999600, 0.05000000000000042600, 0.8499999999999998700 ) ) ;
#2050 = CARTESIAN_POINT ( 'NONE',  ( 0.5500000000000000400, 1.888477631085024000, 0.8499999999999998700 ) ) ;
#2051 = VERTEX_POINT ( 'NONE', #3460 ) ;
#2052 = DIRECTION ( 'NONE',  ( -1.000000000000000000, -0.0000000000000000000, 1.008560160451631500E-016 ) ) ;
#2053 = CARTESIAN_POINT ( 'NONE',  ( 0.9465606199808028800, 0.2750000000000000800, 0.9000020868984781600 ) ) ;
#2054 =( NAMED_UNIT ( * ) PLANE_ANGLE_UNIT ( ) SI_UNIT ( $, .RADIAN. ) );
#2055 = B_SPLINE_CURVE_WITH_KNOTS ( 'NONE', 3,
 ( #3462, #1716, #4171, #1640, #217, #3787, #1581, #913, #1960, #2016, #2399, #2347, #4478, #236, #1623, #203 ),
 .UNSPECIFIED., .F., .F.,
 ( 4, 3, 3, 3, 3, 4 ),
 ( 0.0000000000000000000, 6.297069467304187900E-006, 1.258062965377359200E-005, 1.906739807427778000E-005, 2.607197132508224700E-005, 3.281456313824892400E-005 ),
 .UNSPECIFIED. ) ;
#2056 = CARTESIAN_POINT ( 'NONE',  ( 0.6333333333333334100, 0.2749999999999999700, -0.9000000000000003600 ) ) ;
#2057 = CARTESIAN_POINT ( 'NONE',  ( -1.149999999999999500, 0.2750000000000000200, 0.4666666666666663400 ) ) ;
#2058 = EDGE_CURVE ( 'NONE', #4576, #64, #1911, .T. ) ;
#2059 = ORIENTED_EDGE ( 'NONE', *, *, #89, .F. ) ;
#2060 = CARTESIAN_POINT ( 'NONE',  ( 0.0000000000000000000, 0.9249999999999999300, 0.0000000000000000000 ) ) ;
#2061 = DIRECTION ( 'NONE',  ( 0.0000000000000000000, -1.000000000000000000, 0.0000000000000000000 ) ) ;
#2062 = CARTESIAN_POINT ( 'NONE',  ( 1.250000000000000000, 1.200000000000000000, 0.0000000000000000000 ) ) ;
#2063 = CARTESIAN_POINT ( 'NONE',  ( 0.6333333333333252000, 0.4834646935682069800, 0.7957676532158964900 ) ) ;
#2064 = ORIENTED_EDGE ( 'NONE', *, *, #2639, .T. ) ;
#2065 = PRESENTATION_LAYER_ASSIGNMENT (  '', '', ( #1383 ) ) ;
#2066 = SURFACE_SIDE_STYLE ('',( #3554 ) ) ;
#2067 = CARTESIAN_POINT ( 'NONE',  ( -1.149999999999999900, 0.9250000000000011500, 0.1166666666666698000 ) ) ;
#2068 = ORIENTED_EDGE ( 'NONE', *, *, #684, .F. ) ;
#2069 = MECHANICAL_DESIGN_GEOMETRIC_PRESENTATION_REPRESENTATION (  '', ( #2541 ), #2324 ) ;
#2070 = ORIENTED_EDGE ( 'NONE', *, *, #3069, .T. ) ;
#2071 = CARTESIAN_POINT ( 'NONE',  ( -0.5500000000000000400, 0.0000000000000000000, 0.8499999999999998700 ) ) ;
#2072 = FILL_AREA_STYLE ('',( #2380 ) ) ;
#2073 = DIRECTION ( 'NONE',  ( -2.915954978783976200E-031, 1.000000000000000000, -2.891205793294687300E-015 ) ) ;
#2074 = CARTESIAN_POINT ( 'NONE',  ( -1.149999999999999900, 0.2750000000000000200, -0.2333333333333271500 ) ) ;
#2075 = ORIENTED_EDGE ( 'NONE', *, *, #4229, .F. ) ;
#2076 = SURFACE_STYLE_USAGE ( .BOTH. , #2784 ) ;
#2077 = ORIENTED_EDGE ( 'NONE', *, *, #561, .T. ) ;
#2078 = MECHANICAL_DESIGN_GEOMETRIC_PRESENTATION_REPRESENTATION (  '', ( #2238 ), #4246 ) ;
#2079 = CARTESIAN_POINT ( 'NONE',  ( 0.8249999999999998400, 0.05000000000000042600, 0.9000000000000004700 ) ) ;
#2080 = PLANE ( 'NONE',  #2686 ) ;
#2081 = SURFACE_STYLE_FILL_AREA ( #485 ) ;
#2082 = CARTESIAN_POINT ( 'NONE',  ( 0.7916666666666789500, 0.2750000000000000200, 0.8999999999999999100 ) ) ;
#2083 = CIRCLE ( 'NONE', #2661, 0.01500000000000014900 ) ;
#2084 = CARTESIAN_POINT ( 'NONE',  ( 0.6333333333333416300, 0.9250000000000011500, -0.9000000000000000200 ) ) ;
#2085 = DIRECTION ( 'NONE',  ( -1.275531967630005200E-016, 0.0000000000000000000, 1.000000000000000000 ) ) ;
#2086 = CARTESIAN_POINT ( 'NONE',  ( -0.8249999999999998400, 0.03500000000000036400, 0.9000000000000010200 ) ) ;
#2087 = FILL_AREA_STYLE ('',( #311 ) ) ;
#2088 = FACE_OUTER_BOUND ( 'NONE', #307, .T. ) ;
#2089 = EDGE_CURVE ( 'NONE', #2634, #876, #3755, .T. ) ;
#2090 = DIRECTION ( 'NONE',  ( -0.0000000000000000000, -1.000000000000000000, -0.0000000000000000000 ) ) ;
#2091 = LINE ( 'NONE', #4414, #4037 ) ;
#2092 = ORIENTED_EDGE ( 'NONE', *, *, #1242, .T. ) ;
#2093 = ORIENTED_EDGE ( 'NONE', *, *, #3239, .T. ) ;
#2094 = VECTOR ( 'NONE', #2584, 1000.000000000000000 ) ;
#2095 = LINE ( 'NONE', #1663, #112 ) ;
#2096 = VECTOR ( 'NONE', #2240, 1000.000000000000000 ) ;
#2097 = CARTESIAN_POINT ( 'NONE',  ( -1.045767653215896600, 0.7165353064317944200, 0.5833333333333349200 ) ) ;
#2098 = EDGE_CURVE ( 'NONE', #306, #2970, #3531, .T. ) ;
#2099 = SURFACE_STYLE_FILL_AREA ( #2733 ) ;
#2100 = CARTESIAN_POINT ( 'NONE',  ( -0.9887122884057555300, 0.4834646935682069800, 0.7957363311607520400 ) ) ;
#2101 = AXIS2_PLACEMENT_3D ( 'NONE', #2795, #4618, #2769 ) ;
#2102 = CARTESIAN_POINT ( 'NONE',  ( 0.7000000000000000700, 0.05000000000000026600, -0.9000000000000000200 ) ) ;
#2103 = DIRECTION ( 'NONE',  ( 0.6666666666666648500, 0.3333333333333364800, -0.6666666666666669600 ) ) ;
#2104 = LINE ( 'NONE', #4100, #1693 ) ;
#2105 = CARTESIAN_POINT ( 'NONE',  ( -0.7916666666666591900, 0.9250000000000011500, -0.8999999999999998000 ) ) ;
#2106 = PLANE ( 'NONE',  #3833 ) ;
#2107 = AXIS2_PLACEMENT_3D ( 'NONE', #352, #621, #1024 ) ;
#2109 = DIRECTION ( 'NONE',  ( -0.8944271909999135200, -0.4472135954999628100, 0.0000000000000000000 ) ) ;
#2108 = VECTOR ( 'NONE', #994, 1000.000000000000000 ) ;
#2110 = AXIS2_PLACEMENT_3D ( 'NONE', #2554, #2904, #1063 ) ;
#2111 = VECTOR ( 'NONE', #4212, 999.9999999999998900 ) ;
#2112 = ADVANCED_FACE ( 'NONE', ( #959 ), #4156, .F. ) ;
#2113 = CARTESIAN_POINT ( 'NONE',  ( -0.7916666666666591900, 0.2750000000000000200, -0.8999999999999996900 ) ) ;
#2114 = CARTESIAN_POINT ( 'NONE',  ( -0.5499999999999998200, 0.05000000000000012800, -0.8500000000000000900 ) ) ;
#2115 = ORIENTED_EDGE ( 'NONE', *, *, #1427, .T. ) ;
#2116 = UNCERTAINTY_MEASURE_WITH_UNIT (LENGTH_MEASURE( 1.000000000000000100E-005 ), #742, 'distance_accuracy_value', 'NONE');
#2117 = ORIENTED_EDGE ( 'NONE', *, *, #982, .F. ) ;
#2118 = CARTESIAN_POINT ( 'NONE',  ( -0.8270990231557482400, 0.3100000000000001600, 0.8836479909237159300 ) ) ;
#2119 = VERTEX_POINT ( 'NONE', #3308 ) ;
#2120 = CARTESIAN_POINT ( 'NONE',  ( -2.915719209337254000E-017, 0.4834646935682069800, 0.7957676532158967100 ) ) ;
#2121 = CARTESIAN_POINT ( 'NONE',  ( 0.8249999999999998400, 0.3100000000000001600, 0.8836479909237159300 ) ) ;
#2122 = EDGE_CURVE ( 'NONE', #1587, #2517, #316, .T. ) ;
#2123 = CARTESIAN_POINT ( 'NONE',  ( -0.6333333333333403000, 0.9250000000000011500, -0.8999999999999998000 ) ) ;
#2124 = CARTESIAN_POINT ( 'NONE',  ( 0.8449999999999999700, 0.05000000000000042600, 0.9000000000000004700 ) ) ;
#2125 = CARTESIAN_POINT ( 'NONE',  ( 0.8049999999999999400, 0.05000000000000042600, 0.9000000000000004700 ) ) ;
#2126 =( NAMED_UNIT ( * ) SI_UNIT ( $, .STERADIAN. ) SOLID_ANGLE_UNIT ( ) );
#2127 = CARTESIAN_POINT ( 'NONE',  ( -1.149934587401703700, 0.2750000000000000200, -0.7523523450256463000 ) ) ;
#2128 = ORIENTED_EDGE ( 'NONE', *, *, #805, .T. ) ;
#2129 = CARTESIAN_POINT ( 'NONE',  ( -0.8440573770075618900, 0.2960676504222570200, 0.8898862773121509800 ) ) ;
#2130 = CARTESIAN_POINT ( 'NONE',  ( 1.091422122874319500, 0.9250000000000010400, 0.8414205917014645500 ) ) ;
#2131 = CARTESIAN_POINT ( 'NONE',  ( -1.045767653215908800, 0.7165353064317944200, 0.2333333333333324500 ) ) ;
#2132 = ORIENTED_EDGE ( 'NONE', *, *, #345, .F. ) ;
#2133 = VERTEX_POINT ( 'NONE', #4032 ) ;
#2134 = AXIS2_PLACEMENT_3D ( 'NONE', #3126, #3485, #3184 ) ;
#2135 = ORIENTED_EDGE ( 'NONE', *, *, #434, .T. ) ;
#2136 = EDGE_CURVE ( 'NONE', #2250, #3183, #4379, .T. ) ;
#2137 = CARTESIAN_POINT ( 'NONE',  ( -1.149999999999993500, 0.9250000000000011500, 0.4083333333333353200 ) ) ;
#2138 = LINE ( 'NONE', #1452, #2803 ) ;
#2139 = ORIENTED_EDGE ( 'NONE', *, *, #4385, .T. ) ;
#2140 = PRESENTATION_STYLE_ASSIGNMENT (( #4346 ) ) ;
#2141 = CARTESIAN_POINT ( 'NONE',  ( -0.8449999999999999700, 0.05000000000000042600, 0.9000000000000004700 ) ) ;
#2142 = PRESENTATION_LAYER_ASSIGNMENT (  '', '', ( #13 ) ) ;
#2143 = VECTOR ( 'NONE', #3240, 1000.000000000000000 ) ;
#2144 = ORIENTED_EDGE ( 'NONE', *, *, #1962, .T. ) ;
#2145 = CARTESIAN_POINT ( 'NONE',  ( 0.8449999999999999700, 0.03499999999999996900, 0.9000000000000010200 ) ) ;
#2146 = CARTESIAN_POINT ( 'NONE',  ( 1.250000000000000000, 0.04999999999999861500, 0.8499999999999998700 ) ) ;
#2147 = CARTESIAN_POINT ( 'NONE',  ( 0.8449999999999999700, 0.05000000000000020400, 0.8499999999999997600 ) ) ;
#2149 = CARTESIAN_POINT ( 'NONE',  ( 1.045736331160749300, 0.7165353064317944200, 0.7387122884057486500 ) ) ;
#2148 = COLOUR_RGB ( '',0.2509803921568627400, 0.2509803921568627400, 0.2509803921568627400 ) ;
#2150 = UNCERTAINTY_MEASURE_WITH_UNIT (LENGTH_MEASURE( 1.000000000000000100E-005 ), #2421, 'distance_accuracy_value', 'NONE');
#2151 = EDGE_CURVE ( 'NONE', #2185, #3511, #3156, .T. ) ;
#2152 = PLANE ( 'NONE',  #1408 ) ;
#2153 = CARTESIAN_POINT ( 'NONE',  ( 0.9997710900495809800, 0.4834646935682069800, 0.7856648239649888200 ) ) ;
#2154 = SURFACE_STYLE_USAGE ( .BOTH. , #4327 ) ;
#2155 = LINE ( 'NONE', #3042, #3385 ) ;
#2156 = CARTESIAN_POINT ( 'NONE',  ( 0.8049999999999999400, 0.05000000000000020400, 0.8499999999999997600 ) ) ;
#2157 = EDGE_CURVE ( 'NONE', #4490, #4525, #3964, .T. ) ;
#2158 = FACE_OUTER_BOUND ( 'NONE', #4213, .T. ) ;
#2159 = ADVANCED_FACE ( 'NONE', ( #2920 ), #2415, .F. ) ;
#2160 = CYLINDRICAL_SURFACE ( 'NONE', #849, 0.01999999999999999700 ) ;
#2161 =( LENGTH_UNIT ( ) NAMED_UNIT ( * ) SI_UNIT ( .MILLI., .METRE. ) );
#2162 = DIRECTION ( 'NONE',  ( -1.000000000000000000, 6.505213034913026600E-016, -0.0000000000000000000 ) ) ;
#2163 = VECTOR ( 'NONE', #2721, 1000.000000000000100 ) ;
#2164 = FACE_OUTER_BOUND ( 'NONE', #3946, .T. ) ;
#2165 = VECTOR ( 'NONE', #2984, 1000.000000000000000 ) ;
#2166 = AXIS2_PLACEMENT_3D ( 'NONE', #3706, #194, #878 ) ;
#2167 = VERTEX_POINT ( 'NONE', #2273 ) ;
#2168 = DIRECTION ( 'NONE',  ( 1.000000000000000000, 0.0000000000000000000, 0.0000000000000000000 ) ) ;
#2169 = CARTESIAN_POINT ( 'NONE',  ( -0.8446834200635329200, 0.2941013640164282800, 0.8907916032078663200 ) ) ;
#2170 = CARTESIAN_POINT ( 'NONE',  ( 1.045767653215896600, 0.7165353064317944200, 0.4666666666666679500 ) ) ;
#2172 = EDGE_CURVE ( 'NONE', #4378, #1610, #362, .T. ) ;
#2171 = FACE_OUTER_BOUND ( 'NONE', #1594, .T. ) ;
#2173 = VERTEX_POINT ( 'NONE', #268 ) ;
#2174 = FILL_AREA_STYLE ('',( #1106 ) ) ;
#2175 = CARTESIAN_POINT ( 'NONE',  ( 1.049999999999999400, 0.0000000000000000000, -1.000000000000000200 ) ) ;
#2176 = SURFACE_STYLE_USAGE ( .BOTH. , #34 ) ;
#2177 = ORIENTED_EDGE ( 'NONE', *, *, #3007, .F. ) ;
#2178 = AXIS2_PLACEMENT_3D ( 'NONE', #4459, #4394, #514 ) ;
#2179 =( LENGTH_UNIT ( ) NAMED_UNIT ( * ) SI_UNIT ( .MILLI., .METRE. ) );
#2180 = ORIENTED_EDGE ( 'NONE', *, *, #1474, .F. ) ;
#2181 = DIRECTION ( 'NONE',  ( 1.275531967630005000E-016, -8.297607182274969700E-032, 1.000000000000000000 ) ) ;
#2182 = CARTESIAN_POINT ( 'NONE',  ( 1.045767653215896600, 0.7165353064317944200, -0.5833333333333354800 ) ) ;
#2183 = ADVANCED_FACE ( 'NONE', ( #1381 ), #3167, .F. ) ;
#2184 = MECHANICAL_DESIGN_GEOMETRIC_PRESENTATION_REPRESENTATION (  '', ( #4427 ), #3990 ) ;
#2185 = VERTEX_POINT ( 'NONE', #625 ) ;
#2186 = EDGE_CURVE ( 'NONE', #542, #2589, #1759, .T. ) ;
#2187 = DIRECTION ( 'NONE',  ( 0.0000000000000000000, 0.0000000000000000000, -1.000000000000000000 ) ) ;
#2188 = DIRECTION ( 'NONE',  ( 0.0000000000000000000, 0.0000000000000000000, -1.000000000000000000 ) ) ;
#2189 = ORIENTED_EDGE ( 'NONE', *, *, #2965, .T. ) ;
#2190 =( NAMED_UNIT ( * ) SI_UNIT ( $, .STERADIAN. ) SOLID_ANGLE_UNIT ( ) );
#2191 = EDGE_LOOP ( 'NONE', ( #2860, #276, #3106, #1894 ) ) ;
#2192 = ORIENTED_EDGE ( 'NONE', *, *, #520, .F. ) ;
#2193 = CARTESIAN_POINT ( 'NONE',  ( 1.002659575180625100, 0.9249999999999999300, 0.9000000000000002400 ) ) ;
#2194 = EDGE_CURVE ( 'NONE', #1216, #3028, #2042, .T. ) ;
#2195 = ORIENTED_EDGE ( 'NONE', *, *, #3150, .T. ) ;
#2196 = EDGE_LOOP ( 'NONE', ( #2590, #4184, #4529, #1914 ) ) ;
#2197 = MECHANICAL_DESIGN_GEOMETRIC_PRESENTATION_REPRESENTATION (  '', ( #2819 ), #4001 ) ;
#2198 = CARTESIAN_POINT ( 'NONE',  ( 1.250000000000000000, 0.0000000000000000000, 1.000000000000000000 ) ) ;
#2199 = LINE ( 'NONE', #1059, #3754 ) ;
#2200 = SURFACE_STYLE_USAGE ( .BOTH. , #3617 ) ;
#2201 =( GEOMETRIC_REPRESENTATION_CONTEXT ( 3 ) GLOBAL_UNCERTAINTY_ASSIGNED_CONTEXT ( ( #795 ) ) GLOBAL_UNIT_ASSIGNED_CONTEXT ( ( #243, #3739, #4116 ) ) REPRESENTATION_CONTEXT ( 'NONE', 'WORKASPACE' ) );
#2202 = DIRECTION ( 'NONE',  ( 0.0000000000000000000, 0.0000000000000000000, 1.000000000000000000 ) ) ;
#2203 =( LENGTH_UNIT ( ) NAMED_UNIT ( * ) SI_UNIT ( .MILLI., .METRE. ) );
#2204 = COLOUR_RGB ( '',0.2509803921568627400, 0.2509803921568627400, 0.2509803921568627400 ) ;
#2205 = ORIENTED_EDGE ( 'NONE', *, *, #3159, .T. ) ;
#2206 = CARTESIAN_POINT ( 'NONE',  ( 1.053761485371300000, 0.9249999999999999300, 0.8790812270997453400 ) ) ;
#2207 = LINE ( 'NONE', #1018, #487 ) ;
#2208 = MECHANICAL_DESIGN_GEOMETRIC_PRESENTATION_REPRESENTATION (  '', ( #4603 ), #1706 ) ;
#2209 = LINE ( 'NONE', #984, #1449 ) ;
#2210 = UNCERTAINTY_MEASURE_WITH_UNIT (LENGTH_MEASURE( 1.000000000000000100E-005 ), #599, 'distance_accuracy_value', 'NONE');
#2211 = CARTESIAN_POINT ( 'NONE',  ( -1.044444444444446700, 0.2222222222222256500, 0.5555555555555520300 ) ) ;
#2212 = COLOUR_RGB ( '',0.2509803921568627400, 0.2509803921568627400, 0.2509803921568627400 ) ;
#2213 = CARTESIAN_POINT ( 'NONE',  ( 0.0000000000000000000, 0.0000000000000000000, 0.0000000000000000000 ) ) ;
#2214 = CARTESIAN_POINT ( 'NONE',  ( -0.8449999999999999700, 0.05000000000000045400, 0.9150000000000013700 ) ) ;
#2215 = CARTESIAN_POINT ( 'NONE',  ( 0.3166666666666617700, 0.7165353064317944200, 0.7957676532159049200 ) ) ;
#2216 = ORIENTED_EDGE ( 'NONE', *, *, #4498, .F. ) ;
#2217 = CARTESIAN_POINT ( 'NONE',  ( -1.045767653215896600, 0.4834646935682069800, -0.4666666666666677800 ) ) ;
#2218 = VECTOR ( 'NONE', #4240, 1000.000000000000000 ) ;
#2219 = VECTOR ( 'NONE', #4534, 999.9999999999998900 ) ;
#2220 = DIRECTION ( 'NONE',  ( 1.008560160451631600E-016, -3.388131789017105500E-015, -1.000000000000000000 ) ) ;
#2221 = ORIENTED_EDGE ( 'NONE', *, *, #986, .F. ) ;
#2222 = CARTESIAN_POINT ( 'NONE',  ( -0.8249999999999998400, 0.05000000000000042600, 0.9000000000000004700 ) ) ;
#2223 = LINE ( 'NONE', #3299, #924 ) ;
#2224 =( NAMED_UNIT ( * ) SI_UNIT ( $, .STERADIAN. ) SOLID_ANGLE_UNIT ( ) );
#2225 = CARTESIAN_POINT ( 'NONE',  ( -0.8450000000000000800, 0.6000000000000004200, 1.550000000000000300 ) ) ;
#2226 = ORIENTED_EDGE ( 'NONE', *, *, #1223, .F. ) ;
#2227 = LINE ( 'NONE', #2244, #4179 ) ;
#2228 = STYLED_ITEM ( 'NONE', ( #1991 ), #2234 ) ;
#2229 = CARTESIAN_POINT ( 'NONE',  ( 0.5499999999999998200, 0.04999999999999926700, -0.8500000000000000900 ) ) ;
#2230 = CARTESIAN_POINT ( 'NONE',  ( 0.8249999999999998400, 0.03500000000000021100, 0.8499999999999997600 ) ) ;
#2231 = DIRECTION ( 'NONE',  ( 1.000000000000000000, 0.0000000000000000000, -1.008560160451631600E-016 ) ) ;
#2232 = CARTESIAN_POINT ( 'NONE',  ( -1.002352345025650600, 0.9250000000000011500, -0.8999345874017090600 ) ) ;
#2233 = EDGE_CURVE ( 'NONE', #3637, #542, #821, .T. ) ;
#2234 = ADVANCED_FACE ( 'NONE', ( #445 ), #644, .T. ) ;
#2235 = DIRECTION ( 'NONE',  ( -1.000000000000000000, 6.505213034913026600E-016, 0.0000000000000000000 ) ) ;
#2236 = ORIENTED_EDGE ( 'NONE', *, *, #4590, .T. ) ;
#2237 = CARTESIAN_POINT ( 'NONE',  ( 1.044444444444447400, 0.2222222222222261000, 0.5555555555555513600 ) ) ;
#2238 = STYLED_ITEM ( 'NONE', ( #3714 ), #509 ) ;
#2239 = DIRECTION ( 'NONE',  ( 1.000000000000000000, 0.0000000000000000000, 4.336808689942017700E-016 ) ) ;
#2240 = DIRECTION ( 'NONE',  ( 1.000000000000000000, -0.0000000000000000000, -0.0000000000000000000 ) ) ;
#2241 = CARTESIAN_POINT ( 'NONE',  ( 0.8249999999999999600, 0.03500000000000258500, 1.550000000000002000 ) ) ;
#2242 = FILL_AREA_STYLE_COLOUR ( '', #1191 ) ;
#2243 = CARTESIAN_POINT ( 'NONE',  ( 1.150000000000000100, 0.9250000000000011500, 0.1166666666666671500 ) ) ;
#2244 = CARTESIAN_POINT ( 'NONE',  ( 1.250000000000000000, 1.888477631085024000, 0.8499999999999998700 ) ) ;
#2245 = ORIENTED_EDGE ( 'NONE', *, *, #4546, .F. ) ;
#2246 = ORIENTED_EDGE ( 'NONE', *, *, #237, .F. ) ;
#2247 = EDGE_CURVE ( 'NONE', #1002, #2798, #2894, .T. ) ;
#2248 = CARTESIAN_POINT ( 'NONE',  ( -1.250000000000000000, 0.05000000000000035000, 0.8499999999999998700 ) ) ;
#2249 =( NAMED_UNIT ( * ) SI_UNIT ( $, .STERADIAN. ) SOLID_ANGLE_UNIT ( ) );
#2250 = VERTEX_POINT ( 'NONE', #377 ) ;
#2251 = ADVANCED_FACE ( 'NONE', ( #2171 ), #600, .T. ) ;
#2252 = TOROIDAL_SURFACE ( 'NONE', #2637, 0.01500000000000014500, 0.02000000000000000000 ) ;
#2253 = DIRECTION ( 'NONE',  ( 0.0000000000000000000, 0.0000000000000000000, -1.000000000000000000 ) ) ;
#2254 = COLOUR_RGB ( '',0.2509803921568627400, 0.2509803921568627400, 0.2509803921568627400 ) ;
#2255 = MECHANICAL_DESIGN_GEOMETRIC_PRESENTATION_REPRESENTATION (  '', ( #4323 ), #436 ) ;
#2256 = MECHANICAL_DESIGN_GEOMETRIC_PRESENTATION_REPRESENTATION (  '', ( #3202 ), #1593 ) ;
#2257 = SURFACE_STYLE_USAGE ( .BOTH. , #4403 ) ;
#2258 = CARTESIAN_POINT ( 'NONE',  ( 1.053941337974258400, 0.9250000000000011500, -0.8789013745003523300 ) ) ;
#2259 = SURFACE_STYLE_FILL_AREA ( #414 ) ;
#2260 = PRESENTATION_LAYER_ASSIGNMENT (  '', '', ( #2763 ) ) ;
#2261 = DIRECTION ( 'NONE',  ( 0.0000000000000000000, 4.472333961502635600E-015, 1.000000000000000000 ) ) ;
#2262 = MECHANICAL_DESIGN_GEOMETRIC_PRESENTATION_REPRESENTATION (  '', ( #1764 ), #3219 ) ;
#2263 = CARTESIAN_POINT ( 'NONE',  ( -0.5500000000000000400, 1.888477631085024000, 0.8499999999999998700 ) ) ;
#2264 = UNCERTAINTY_MEASURE_WITH_UNIT (LENGTH_MEASURE( 1.000000000000000100E-005 ), #1621, 'distance_accuracy_value', 'NONE');
#2265 = CARTESIAN_POINT ( 'NONE',  ( 0.0000000000000000000, 0.0000000000000000000, 0.0000000000000000000 ) ) ;
#2266 = CIRCLE ( 'NONE', #3221, 0.2000000000000000900 ) ;
#2267 = PRESENTATION_LAYER_ASSIGNMENT (  '', '', ( #3728 ) ) ;
#2268 = CARTESIAN_POINT ( 'NONE',  ( -0.5500000000000000400, 0.04999999999999991300, 0.8499999999999998700 ) ) ;
#2269 = CARTESIAN_POINT ( 'NONE',  ( -0.02500000000000137200, 0.2749999999999999700, 0.02500000000000129900 ) ) ;
#2270 = FACE_OUTER_BOUND ( 'NONE', #3357, .T. ) ;
#2271 = CARTESIAN_POINT ( 'NONE',  ( -1.045767653215896600, 0.7165353064317944200, -0.4666666666666677800 ) ) ;
#2272 = VECTOR ( 'NONE', #513, 1000.000000000000000 ) ;
#2273 = CARTESIAN_POINT ( 'NONE',  ( 0.9465606224389170300, 0.9250000000000010400, 0.9000020868955829200 ) ) ;
#2274 = SURFACE_SIDE_STYLE ('',( #2623 ) ) ;
#2275 = LINE ( 'NONE', #636, #1081 ) ;
#2276 = LINE ( 'NONE', #856, #4284 ) ;
#2277 = LINE ( 'NONE', #2651, #2563 ) ;
#2278 = CARTESIAN_POINT ( 'NONE',  ( -0.5500000000000000400, 1.888477631085024000, 0.8499999999999998700 ) ) ;
#2279 = DIRECTION ( 'NONE',  ( -1.008560160451631900E-016, 3.388131789017105500E-015, 1.000000000000000000 ) ) ;
#2280 = CARTESIAN_POINT ( 'NONE',  ( 0.0000000000000000000, 1.200000000000000000, -1.000000000000000000 ) ) ;
#2281 = CARTESIAN_POINT ( 'NONE',  ( -1.250000000000000000, 1.200000000000000000, 0.0000000000000000000 ) ) ;
#2282 = CARTESIAN_POINT ( 'NONE',  ( 1.149934587401703700, 0.9250000000000011500, -0.7523523450256562900 ) ) ;
#2283 = EDGE_CURVE ( 'NONE', #4064, #2732, #339, .T. ) ;
#2284 = ADVANCED_FACE ( 'NONE', ( #2831 ), #2152, .F. ) ;
#2285 = CARTESIAN_POINT ( 'NONE',  ( -0.8050000000000000500, 0.6000000000000004200, 1.550000000000000300 ) ) ;
#2286 = ORIENTED_EDGE ( 'NONE', *, *, #1832, .F. ) ;
#2287 = DIRECTION ( 'NONE',  ( -1.000000000000000000, 0.0000000000000000000, 3.252606517456511700E-015 ) ) ;
#2288 = COLOUR_RGB ( '',0.2509803921568627400, 0.2509803921568627400, 0.2509803921568627400 ) ;
#2289 = CARTESIAN_POINT ( 'NONE',  ( 1.049999999999999400, 0.0000000000000000000, -0.8500000000000000900 ) ) ;
#2290 = CARTESIAN_POINT ( 'NONE',  ( -0.7916666666666591900, 0.2750000000000000200, -0.8999999999999996900 ) ) ;
#2291 = DIRECTION ( 'NONE',  ( 0.0000000000000000000, 1.000000000000000000, 5.421010862427523000E-015 ) ) ;
#2292 = CARTESIAN_POINT ( 'NONE',  ( 1.045767653215896600, 0.7165353064317944200, -0.5833333333333354800 ) ) ;
#2293 = PRODUCT_DEFINITION_SHAPE ( 'NONE', 'NONE',  #2043 ) ;
#2294 = EDGE_CURVE ( 'NONE', #505, #1304, #1357, .T. ) ;
#2295 = STYLED_ITEM ( 'NONE', ( #1512 ), #3213 ) ;
#2296 = SURFACE_STYLE_USAGE ( .BOTH. , #126 ) ;
#2297 = CARTESIAN_POINT ( 'NONE',  ( 1.150000000000000100, 0.9250000000000011500, 0.4666666666666678400 ) ) ;
#2298 = EDGE_CURVE ( 'NONE', #2133, #2173, #2227, .T. ) ;
#2299 = DIRECTION ( 'NONE',  ( -0.0000000000000000000, -1.000000000000000000, -0.0000000000000000000 ) ) ;
#2300 = PLANE ( 'NONE',  #1602 ) ;
#2301 = UNCERTAINTY_MEASURE_WITH_UNIT (LENGTH_MEASURE( 1.000000000000000100E-005 ), #86, 'distance_accuracy_value', 'NONE');
#2302 = CARTESIAN_POINT ( 'NONE',  ( 1.149999999999999900, 0.2750000000000000200, 0.1166666666666671500 ) ) ;
#2303 = STYLED_ITEM ( 'NONE', ( #3416 ), #2159 ) ;
#2304 = CARTESIAN_POINT ( 'NONE',  ( 1.045767653215896600, 0.7165353064317944200, 0.4666666666666679500 ) ) ;
#2305 = ADVANCED_FACE ( 'NONE', ( #3996 ), #2975, .F. ) ;
#2306 = ORIENTED_EDGE ( 'NONE', *, *, #3122, .F. ) ;
#2307 = B_SPLINE_CURVE_WITH_KNOTS ( 'NONE', 3,
 ( #4589, #2118, #2488, #3502, #4233, #1757, #2508, #4277, #3198, #2458, #2829, #3173, #2129, #2169, #3593, #1421 ),
 .UNSPECIFIED., .F., .F.,
 ( 4, 3, 3, 3, 3, 4 ),
 ( 0.0000000000000000000, 6.297069467304187900E-006, 1.258062965377359200E-005, 1.906739807427778000E-005, 2.607197132508224700E-005, 3.281456313824892400E-005 ),
 .UNSPECIFIED. ) ;
#2308 = VERTEX_POINT ( 'NONE', #3009 ) ;
#2309 = FILL_AREA_STYLE_COLOUR ( '', #1973 ) ;
#2310 = DIRECTION ( 'NONE',  ( -1.000000000000000000, -0.0000000000000000000, 1.008560160451631700E-016 ) ) ;
#2311 = COLOUR_RGB ( '',0.2509803921568627400, 0.2509803921568627400, 0.2509803921568627400 ) ;
#2312 = VERTEX_POINT ( 'NONE', #1553 ) ;
#2313 =( NAMED_UNIT ( * ) PLANE_ANGLE_UNIT ( ) SI_UNIT ( $, .RADIAN. ) );
#2314 = EDGE_CURVE ( 'NONE', #152, #3635, #4117, .T. ) ;
#2315 = CARTESIAN_POINT ( 'NONE',  ( -1.053941337974261900, 0.2750000000000000200, 0.8789013745003564400 ) ) ;
#2316 = FACE_OUTER_BOUND ( 'NONE', #1935, .T. ) ;
#2317 = COLOUR_RGB ( '',0.2509803921568627400, 0.2509803921568627400, 0.2509803921568627400 ) ;
#2318 = ORIENTED_EDGE ( 'NONE', *, *, #1625, .T. ) ;
#2319 = PRESENTATION_STYLE_ASSIGNMENT (( #1267 ) ) ;
#2320 = FILL_AREA_STYLE_COLOUR ( '', #1755 ) ;
#2321 = MECHANICAL_DESIGN_GEOMETRIC_PRESENTATION_REPRESENTATION (  '', ( #2228 ), #471 ) ;
#2322 = ORIENTED_EDGE ( 'NONE', *, *, #1230, .F. ) ;
#2323 = VERTEX_POINT ( 'NONE', #862 ) ;
#2324 =( GEOMETRIC_REPRESENTATION_CONTEXT ( 3 ) GLOBAL_UNCERTAINTY_ASSIGNED_CONTEXT ( ( #3767 ) ) GLOBAL_UNIT_ASSIGNED_CONTEXT ( ( #3408, #4133, #2334 ) ) REPRESENTATION_CONTEXT ( 'NONE', 'WORKASPACE' ) );
#2325 = SURFACE_SIDE_STYLE ('',( #2944 ) ) ;
#2326 = LINE ( 'NONE', #1301, #2616 ) ;
#2327 = ORIENTED_EDGE ( 'NONE', *, *, #715, .F. ) ;
#2328 = PLANE ( 'NONE',  #3942 ) ;
#2329 = FILL_AREA_STYLE_COLOUR ( '', #4549 ) ;
#2330 = DIRECTION ( 'NONE',  ( 1.275531967630005000E-016, -8.297607182274969700E-032, 1.000000000000000000 ) ) ;
#2331 = LINE ( 'NONE', #866, #1345 ) ;
#2332 = CARTESIAN_POINT ( 'NONE',  ( 0.8914681054473544400, 0.7165353064317944200, -0.7958150112849845500 ) ) ;
#2333 = EDGE_LOOP ( 'NONE', ( #150, #3642, #1999, #3592 ) ) ;
#2334 =( NAMED_UNIT ( * ) SI_UNIT ( $, .STERADIAN. ) SOLID_ANGLE_UNIT ( ) );
#2335 = LINE ( 'NONE', #801, #1352 ) ;
#2336 = CARTESIAN_POINT ( 'NONE',  ( 0.0000000000000000000, 0.2749999999999999700, -0.9000000000000003600 ) ) ;
#2337 = EDGE_CURVE ( 'NONE', #152, #3120, #3663, .T. ) ;
#2338 = SURFACE_STYLE_USAGE ( .BOTH. , #1273 ) ;
#2339 = VERTEX_POINT ( 'NONE', #162 ) ;
#2340 = CARTESIAN_POINT ( 'NONE',  ( -0.8160070029040011900, 0.3078640981645131000, 0.8845816241951486300 ) ) ;
#2341 = CARTESIAN_POINT ( 'NONE',  ( -1.128901374500354700, 0.2750000000000000200, -0.8039413379742669200 ) ) ;
#2342 =( NAMED_UNIT ( * ) SI_UNIT ( $, .STERADIAN. ) SOLID_ANGLE_UNIT ( ) );
#2343 = ORIENTED_EDGE ( 'NONE', *, *, #3869, .F. ) ;
#2344 = EDGE_CURVE ( 'NONE', #563, #59, #1254, .T. ) ;
#2345 = CARTESIAN_POINT ( 'NONE',  ( -0.8449999999999999700, 0.01500000000000019500, 0.8499999999999997600 ) ) ;
#2346 = FILL_AREA_STYLE ('',( #2320 ) ) ;
#2347 = CARTESIAN_POINT ( 'NONE',  ( 0.8434080898390168300, 0.2981069423220917300, 0.8889473379183933100 ) ) ;
#2348 =( NAMED_UNIT ( * ) SI_UNIT ( $, .STERADIAN. ) SOLID_ANGLE_UNIT ( ) );
#2349 = STYLED_ITEM ( 'NONE', ( #4615 ), #3605 ) ;
#2350 = DIRECTION ( 'NONE',  ( 0.0000000000000000000, 5.421010862427508000E-015, 1.000000000000000000 ) ) ;
#2351 = CARTESIAN_POINT ( 'NONE',  ( -1.150000000000000400, 0.2750000000000000800, -0.6982087604809096300 ) ) ;
#2352 = DIRECTION ( 'NONE',  ( 0.0000000000000000000, 0.0000000000000000000, -1.000000000000000000 ) ) ;
#2353 = CARTESIAN_POINT ( 'NONE',  ( 1.250000000000000000, 1.200000000000000000, 1.000000000000000000 ) ) ;
#2354 = DIRECTION ( 'NONE',  ( -0.0000000000000000000, -1.000000000000000000, -0.0000000000000000000 ) ) ;
#2355 = MECHANICAL_DESIGN_GEOMETRIC_PRESENTATION_REPRESENTATION (  '', ( #3728 ), #2201 ) ;
#2356 = CARTESIAN_POINT ( 'NONE',  ( 1.250000000000000000, 1.200000000000000000, -1.000000000000000000 ) ) ;
#2357 = DIRECTION ( 'NONE',  ( 2.755064884739722300E-029, 1.000000000000000000, -5.082197683525789400E-015 ) ) ;
#2358 = EDGE_LOOP ( 'NONE', ( #2802, #4489, #858, #3929 ) ) ;
#2359 = SURFACE_SIDE_STYLE ('',( #1180 ) ) ;
#2360 = CARTESIAN_POINT ( 'NONE',  ( -1.045767653215884200, 0.4834646935682069800, -0.2333333333333271800 ) ) ;
#2361 = CARTESIAN_POINT ( 'NONE',  ( 0.02500000000000129900, 1.200000000000000000, 0.02500000000000122300 ) ) ;
#2362 = ORIENTED_EDGE ( 'NONE', *, *, #1995, .T. ) ;
#2363 =( GEOMETRIC_REPRESENTATION_CONTEXT ( 3 ) GLOBAL_UNCERTAINTY_ASSIGNED_CONTEXT ( ( #4058 ) ) GLOBAL_UNIT_ASSIGNED_CONTEXT ( ( #284, #2054, #3858 ) ) REPRESENTATION_CONTEXT ( 'NONE', 'WORKASPACE' ) );
#2364 = PRESENTATION_LAYER_ASSIGNMENT (  '', '', ( #4364 ) ) ;
#2365 = DIRECTION ( 'NONE',  ( 1.000000000000000000, 0.0000000000000000000, -0.0000000000000000000 ) ) ;
#2366 = ORIENTED_EDGE ( 'NONE', *, *, #1686, .F. ) ;
#2367 = LINE ( 'NONE', #341, #1379 ) ;
#2368 = CARTESIAN_POINT ( 'NONE',  ( -0.8049999999999999400, 0.2749999999999999700, 0.9150000000000007000 ) ) ;
#2369 = DIRECTION ( 'NONE',  ( -1.000000000000000000, 0.0000000000000000000, 0.0000000000000000000 ) ) ;
#2370 = DIRECTION ( 'NONE',  ( 0.0000000000000000000, 0.0000000000000000000, -1.000000000000000000 ) ) ;
#2371 = CARTESIAN_POINT ( 'NONE',  ( -1.035664823964981500, 0.4834646935682069800, 0.7497710900495767600 ) ) ;
#2372 = ORIENTED_EDGE ( 'NONE', *, *, #2122, .F. ) ;
#2373 = DIRECTION ( 'NONE',  ( -0.7071067811865486800, 0.0000000000000000000, 0.7071067811865464600 ) ) ;
#2374 = LINE ( 'NONE', #1314, #1668 ) ;
#2375 = SURFACE_STYLE_USAGE ( .BOTH. , #267 ) ;
#2376 =( NAMED_UNIT ( * ) PLANE_ANGLE_UNIT ( ) SI_UNIT ( $, .RADIAN. ) );
#2377 =( GEOMETRIC_REPRESENTATION_CONTEXT ( 3 ) GLOBAL_UNCERTAINTY_ASSIGNED_CONTEXT ( ( #3131 ) ) GLOBAL_UNIT_ASSIGNED_CONTEXT ( ( #4289, #402, #27 ) ) REPRESENTATION_CONTEXT ( 'NONE', 'WORKASPACE' ) );
#2378 =( LENGTH_UNIT ( ) NAMED_UNIT ( * ) SI_UNIT ( .MILLI., .METRE. ) );
#2379 = COLOUR_RGB ( '',0.2509803921568627400, 0.2509803921568627400, 0.2509803921568627400 ) ;
#2380 = FILL_AREA_STYLE_COLOUR ( '', #3564 ) ;
#2381 = FACE_OUTER_BOUND ( 'NONE', #359, .T. ) ;
#2382 = EDGE_CURVE ( 'NONE', #102, #505, #2335, .T. ) ;
#2383 =( GEOMETRIC_REPRESENTATION_CONTEXT ( 3 ) GLOBAL_UNCERTAINTY_ASSIGNED_CONTEXT ( ( #4411 ) ) GLOBAL_UNIT_ASSIGNED_CONTEXT ( ( #4167, #3786, #2032 ) ) REPRESENTATION_CONTEXT ( 'NONE', 'WORKASPACE' ) );
#2384 = CARTESIAN_POINT ( 'NONE',  ( -2.710505431213794700E-017, 0.9250000000000000400, 0.9000000000000008000 ) ) ;
#2385 = CARTESIAN_POINT ( 'NONE',  ( -1.149999999999987000, 0.2750000000000000200, 0.4083333333333353200 ) ) ;
#2386 = VERTEX_POINT ( 'NONE', #4005 ) ;
#2387 = FACE_OUTER_BOUND ( 'NONE', #944, .T. ) ;
#2388 = AXIS2_PLACEMENT_3D ( 'NONE', #1715, #2090, #3877 ) ;
#2389 = STYLED_ITEM ( 'NONE', ( #32 ), #4072 ) ;
#2390 = CARTESIAN_POINT ( 'NONE',  ( 0.8050000000000000500, 0.6000000000000004200, 1.550000000000000300 ) ) ;
#2391 = FACE_OUTER_BOUND ( 'NONE', #4482, .T. ) ;
#2392 = CARTESIAN_POINT ( 'NONE',  ( 0.0000000000000000000, 1.200000000000000000, 0.0000000000000000000 ) ) ;
#2393 = CARTESIAN_POINT ( 'NONE',  ( 0.3166666666666563800, 0.4834646935682069800, -0.7957676532158878300 ) ) ;
#2394 = LINE ( 'NONE', #3329, #2165 ) ;
#2395 = CARTESIAN_POINT ( 'NONE',  ( -2.710505431213761100E-017, 0.9250000000000011500, 0.9000000000000001300 ) ) ;
#2396 = CARTESIAN_POINT ( 'NONE',  ( -1.049999999999998900, 0.0000000000000000000, 0.8499999999999998700 ) ) ;
#2397 = COLOUR_RGB ( '',0.2509803921568627400, 0.2509803921568627400, 0.2509803921568627400 ) ;
#2398 = FILL_AREA_STYLE ('',( #873 ) ) ;
#2399 = CARTESIAN_POINT ( 'NONE',  ( 0.8424093248500661400, 0.3000868027434608900, 0.8880477062380330900 ) ) ;
#2400 = CARTESIAN_POINT ( 'NONE',  ( -0.8708447223137780700, 0.2750000000000000200, 0.9000989020144053400 ) ) ;
#2401 = FILL_AREA_STYLE_COLOUR ( '', #3700 ) ;
#2402 = FILL_AREA_STYLE ('',( #1702 ) ) ;
#2403 = EDGE_CURVE ( 'NONE', #3637, #2971, #3275, .T. ) ;
#2404 = SURFACE_SIDE_STYLE ('',( #1624 ) ) ;
#2405 = CARTESIAN_POINT ( 'NONE',  ( 0.02500000000000129900, 0.2749999999999999700, 0.02500000000000122300 ) ) ;
#2406 =( NAMED_UNIT ( * ) PLANE_ANGLE_UNIT ( ) SI_UNIT ( $, .RADIAN. ) );
#2407 = CARTESIAN_POINT ( 'NONE',  ( 1.045767653215896600, 0.4834646935682069800, 0.2333333333333336100 ) ) ;
#2408 = CARTESIAN_POINT ( 'NONE',  ( -0.1583333333333331300, 0.9250000000000011500, 0.9000000000000001300 ) ) ;
#2409 = MECHANICAL_DESIGN_GEOMETRIC_PRESENTATION_REPRESENTATION (  '', ( #3261 ), #3741 ) ;
#2410 = DIRECTION ( 'NONE',  ( -1.000000000000000000, 6.505213034913026600E-016, 0.0000000000000000000 ) ) ;
#2411 = EDGE_CURVE ( 'NONE', #59, #2873, #439, .T. ) ;
#2412 = DIRECTION ( 'NONE',  ( 0.7071067811865490200, -0.0000000000000000000, 0.7071067811865461300 ) ) ;
#2413 = PLANE ( 'NONE',  #4051 ) ;
#2414 = CARTESIAN_POINT ( 'NONE',  ( 0.9477070783484906600, 0.2749999999999999700, 0.9000000000000012400 ) ) ;
#2415 = PLANE ( 'NONE',  #4471 ) ;
#2416 = MECHANICAL_DESIGN_GEOMETRIC_PRESENTATION_REPRESENTATION (  '', ( #482 ), #271 ) ;
#2417 = CARTESIAN_POINT ( 'NONE',  ( 1.150000000000000400, 0.9250000000000004900, 0.6982087604809996700 ) ) ;
#2418 = STYLED_ITEM ( 'NONE', ( #3963 ), #1767 ) ;
#2419 = ORIENTED_EDGE ( 'NONE', *, *, #3443, .F. ) ;
#2420 = DIRECTION ( 'NONE',  ( -1.491907544018793800E-016, 0.0000000000000000000, -1.000000000000000000 ) ) ;
#2421 =( LENGTH_UNIT ( ) NAMED_UNIT ( * ) SI_UNIT ( .MILLI., .METRE. ) );
#2422 = CARTESIAN_POINT ( 'NONE',  ( -0.8914681054473423400, 0.4834646935682069800, -0.7958150112849845500 ) ) ;
#2423 = CARTESIAN_POINT ( 'NONE',  ( -1.049999999999998900, 1.200000000000000000, 1.000000000000000000 ) ) ;
#2424 = EDGE_LOOP ( 'NONE', ( #1644, #383, #894, #3087 ) ) ;
#2425 = DIRECTION ( 'NONE',  ( 0.0000000000000000000, 0.0000000000000000000, -1.000000000000000000 ) ) ;
#2426 = CIRCLE ( 'NONE', #3662, 0.02000000000000005200 ) ;
#2427 = PRESENTATION_LAYER_ASSIGNMENT (  '', '', ( #4094 ) ) ;
#2428 = VERTEX_POINT ( 'NONE', #3358 ) ;
#2429 = CARTESIAN_POINT ( 'NONE',  ( -1.138412281109780100E-015, 0.04999999999999969700, 0.9000000000000008000 ) ) ;
#2430 = LINE ( 'NONE', #2214, #314 ) ;
#2431 = EDGE_CURVE ( 'NONE', #3673, #4316, #2223, .T. ) ;
#2432 = VECTOR ( 'NONE', #137, 1000.000000000000000 ) ;
#2433 = CARTESIAN_POINT ( 'NONE',  ( 0.9499999999999994000, 0.2750000000000007400, -0.8999999999999998000 ) ) ;
#2434 = ORIENTED_EDGE ( 'NONE', *, *, #3939, .T. ) ;
#2435 = COLOUR_RGB ( '',0.2509803921568627400, 0.2509803921568627400, 0.2509803921568627400 ) ;
#2436 = FACE_OUTER_BOUND ( 'NONE', #2358, .T. ) ;
#2437 = VERTEX_POINT ( 'NONE', #1888 ) ;
#2438 = ORIENTED_EDGE ( 'NONE', *, *, #1404, .T. ) ;
#2440 = CARTESIAN_POINT ( 'NONE',  ( -1.045736331160749300, 0.7165353064317944200, -0.7387122884057458800 ) ) ;
#2439 = LINE ( 'NONE', #1707, #492 ) ;
#2441 = EDGE_CURVE ( 'NONE', #542, #4296, #877, .T. ) ;
#2442 = CARTESIAN_POINT ( 'NONE',  ( 1.150072875168515400, 0.2750000000000000200, 0.6416750585470066800 ) ) ;
#2443 = LINE ( 'NONE', #4078, #427 ) ;
#2444 = VERTEX_POINT ( 'NONE', #1217 ) ;
#2445 = CARTESIAN_POINT ( 'NONE',  ( -1.150000000000006400, 0.9250000000000011500, -0.4083333333333345500 ) ) ;
#2446 = LINE ( 'NONE', #3643, #4231 ) ;
#2447 = AXIS2_PLACEMENT_3D ( 'NONE', #2230, #1896, #452 ) ;
#2448 = DIRECTION ( 'NONE',  ( 0.0000000000000000000, -0.0000000000000000000, 1.000000000000000000 ) ) ;
#2449 = SURFACE_SIDE_STYLE ('',( #3182 ) ) ;
#2450 = SURFACE_STYLE_FILL_AREA ( #3417 ) ;
#2451 = ADVANCED_FACE ( 'NONE', ( #3061 ), #118, .T. ) ;
#2452 = AXIS2_PLACEMENT_3D ( 'NONE', #1986, #2357, #4499 ) ;
#2453 = VECTOR ( 'NONE', #4444, 1000.000000000000000 ) ;
#2454 = PLANE ( 'NONE',  #2101 ) ;
#2455 = FILL_AREA_STYLE_COLOUR ( '', #3559 ) ;
#2456 = FACE_OUTER_BOUND ( 'NONE', #3941, .T. ) ;
#2457 = CARTESIAN_POINT ( 'NONE',  ( 1.249999999999999800, 0.04999999999999861500, -0.8500000000000000900 ) ) ;
#2458 = CARTESIAN_POINT ( 'NONE',  ( -0.8411067166960803900, 0.3018563770724521600, 0.8872516464686290800 ) ) ;
#2459 = CARTESIAN_POINT ( 'NONE',  ( 0.1583333333333332400, 0.2750000000000000200, 0.9000000000000000200 ) ) ;
#2460 = ORIENTED_EDGE ( 'NONE', *, *, #1555, .F. ) ;
#2461 = EDGE_CURVE ( 'NONE', #4080, #64, #3176, .T. ) ;
#2462 = CARTESIAN_POINT ( 'NONE',  ( 1.150000000000000100, 0.9250000000000011500, 0.1166666666666671500 ) ) ;
#2463 = DIRECTION ( 'NONE',  ( 1.008560160451631600E-016, 0.0000000000000000000, -1.000000000000000000 ) ) ;
#2464 = SURFACE_STYLE_USAGE ( .BOTH. , #687 ) ;
#2465 = ORIENTED_EDGE ( 'NONE', *, *, #2344, .T. ) ;
#2466 = CARTESIAN_POINT ( 'NONE',  ( -1.149999999999987000, 0.2750000000000000200, 0.4083333333333353200 ) ) ;
#2467 = DIRECTION ( 'NONE',  ( -1.000000000000000000, 0.0000000000000000000, -0.0000000000000000000 ) ) ;
#2468 = UNCERTAINTY_MEASURE_WITH_UNIT (LENGTH_MEASURE( 1.000000000000000100E-005 ), #1877, 'distance_accuracy_value', 'NONE');
#2469 =( NAMED_UNIT ( * ) SI_UNIT ( $, .STERADIAN. ) SOLID_ANGLE_UNIT ( ) );
#2470 = CARTESIAN_POINT ( 'NONE',  ( 0.7916666666666790600, 0.4834646935682069800, 0.7957676532158964900 ) ) ;
#2471 = ADVANCED_FACE ( 'NONE', ( #337 ), #1967, .T. ) ;
#2472 = CARTESIAN_POINT ( 'NONE',  ( -1.035664823964981500, 0.4834646935682069800, 0.7497710900495767600 ) ) ;
#2473 = AXIS2_PLACEMENT_3D ( 'NONE', #2086, #978, #4254 ) ;
#2474 = DIRECTION ( 'NONE',  ( -0.0000000000000000000, -1.000000000000000000, -0.0000000000000000000 ) ) ;
#2475 = EDGE_CURVE ( 'NONE', #2835, #1304, #2676, .T. ) ;
#2476 = CARTESIAN_POINT ( 'NONE',  ( -1.149999999999999900, 0.9250000000000011500, -0.1166666666666674200 ) ) ;
#2477 = CARTESIAN_POINT ( 'NONE',  ( 0.9465606199808028800, 0.2750000000000000800, 0.9000020868984781600 ) ) ;
#2478 = VERTEX_POINT ( 'NONE', #2672 ) ;
#2479 = ORIENTED_EDGE ( 'NONE', *, *, #3188, .T. ) ;
#2480 = CARTESIAN_POINT ( 'NONE',  ( -0.8049999999999999400, 0.2749999999999995800, 0.9000000000000004700 ) ) ;
#2481 = ORIENTED_EDGE ( 'NONE', *, *, #1155, .T. ) ;
#2482 = DIRECTION ( 'NONE',  ( -0.0000000000000000000, -1.000000000000000000, -0.0000000000000000000 ) ) ;
#2483 = EDGE_LOOP ( 'NONE', ( #4136, #1224, #1114, #4276 ) ) ;
#2484 = ORIENTED_EDGE ( 'NONE', *, *, #1592, .F. ) ;
#2485 =( NAMED_UNIT ( * ) SI_UNIT ( $, .STERADIAN. ) SOLID_ANGLE_UNIT ( ) );
#2486 = COLOUR_RGB ( '',0.2509803921568627400, 0.2509803921568627400, 0.2509803921568627400 ) ;
#2487 = ORIENTED_EDGE ( 'NONE', *, *, #632, .F. ) ;
#2488 = CARTESIAN_POINT ( 'NONE',  ( -0.8292269995522698600, 0.3096585572745572700, 0.8837963205609187200 ) ) ;
#2489 = CARTESIAN_POINT ( 'NONE',  ( -2.915719209337254000E-017, 0.4834646935682069800, 0.7957676532158967100 ) ) ;
#2490 = PRESENTATION_STYLE_ASSIGNMENT (( #1515 ) ) ;
#2491 = CARTESIAN_POINT ( 'NONE',  ( 0.8708447223137494300, 0.2750000000000000200, 0.9000989020144051200 ) ) ;
#2492 = FACE_OUTER_BOUND ( 'NONE', #660, .T. ) ;
#2493 = CARTESIAN_POINT ( 'NONE',  ( 1.149934587401703700, 0.9250000000000011500, 0.7523523450256495200 ) ) ;
#2494 = CARTESIAN_POINT ( 'NONE',  ( -1.149999999999999900, 0.9250000000000010400, -0.6999999999999989600 ) ) ;
#2495 = ORIENTED_EDGE ( 'NONE', *, *, #2431, .T. ) ;
#2496 = EDGE_CURVE ( 'NONE', #2723, #4259, #2104, .T. ) ;
#2497 = FACE_OUTER_BOUND ( 'NONE', #4081, .T. ) ;
#2498 = ADVANCED_FACE ( 'NONE', ( #2568 ), #4573, .T. ) ;
#2499 =( NAMED_UNIT ( * ) SI_UNIT ( $, .STERADIAN. ) SOLID_ANGLE_UNIT ( ) );
#2500 = CARTESIAN_POINT ( 'NONE',  ( -0.6321868786417909100, 0.9249999999999999300, 0.9000000000000004700 ) ) ;
#2501 = LINE ( 'NONE', #813, #1074 ) ;
#2502 = ORIENTED_EDGE ( 'NONE', *, *, #3724, .T. ) ;
#2503 = LINE ( 'NONE', #3828, #167 ) ;
#2504 = CARTESIAN_POINT ( 'NONE',  ( 0.5499999999999998200, 0.04999999999999926700, -0.8500000000000000900 ) ) ;
#2505 = PRESENTATION_STYLE_ASSIGNMENT (( #1288 ) ) ;
#2506 = LINE ( 'NONE', #2897, #1797 ) ;
#2507 = PRESENTATION_STYLE_ASSIGNMENT (( #4082 ) ) ;
#2508 = CARTESIAN_POINT ( 'NONE',  ( -0.8367032369247089400, 0.3062183305411457200, 0.8853065889505852300 ) ) ;
#2509 = CARTESIAN_POINT ( 'NONE',  ( -1.045767653215896600, 0.7165353064317944200, 0.1166666666666697800 ) ) ;
#2510 = UNCERTAINTY_MEASURE_WITH_UNIT (LENGTH_MEASURE( 1.000000000000000100E-005 ), #652, 'distance_accuracy_value', 'NONE');
#2511 = VECTOR ( 'NONE', #930, 1000.000000000000000 ) ;
#2512 = CARTESIAN_POINT ( 'NONE',  ( -1.045767653215889700, 0.4834646935682069800, 0.4083333333333352700 ) ) ;
#2513 = EDGE_LOOP ( 'NONE', ( #2221, #2419, #1436, #2665, #3565, #803, #2729, #3958, #1838, #1371, #3983, #1453 ) ) ;
#2514 = CARTESIAN_POINT ( 'NONE',  ( 0.1583333333333332400, 0.9250000000000011500, 0.9000000000000001300 ) ) ;
#2515 = MECHANICAL_DESIGN_GEOMETRIC_PRESENTATION_REPRESENTATION (  '', ( #1391 ), #2856 ) ;
#2516 = DIRECTION ( 'NONE',  ( -0.0000000000000000000, -0.0000000000000000000, 1.000000000000000000 ) ) ;
#2517 = VERTEX_POINT ( 'NONE', #3059 ) ;
#2518 = AXIS2_PLACEMENT_3D ( 'NONE', #70, #3280, #2962 ) ;
#2519 = CARTESIAN_POINT ( 'NONE',  ( -1.250000000000001300, 0.05000000000000035000, 0.8499999999999998700 ) ) ;
#2520 = ORIENTED_EDGE ( 'NONE', *, *, #1686, .T. ) ;
#2521 = CARTESIAN_POINT ( 'NONE',  ( 0.8914681054473544400, 0.7165353064317944200, -0.7958150112849845500 ) ) ;
#2522 = ADVANCED_FACE ( 'NONE', ( #2456 ), #3987, .T. ) ;
#2523 = CARTESIAN_POINT ( 'NONE',  ( 0.9887122884057866200, 0.4834646935682069800, 0.7957363311607520400 ) ) ;
#2524 = CARTESIAN_POINT ( 'NONE',  ( -1.150000000000006400, 0.9250000000000011500, -0.4083333333333345500 ) ) ;
#2525 = EDGE_CURVE ( 'NONE', #1546, #4378, #6, .T. ) ;
#2526 = ORIENTED_EDGE ( 'NONE', *, *, #3466, .F. ) ;
#2527 = FILL_AREA_STYLE_COLOUR ( '', #1565 ) ;
#2528 = SURFACE_SIDE_STYLE ('',( #208 ) ) ;
#2529 = ORIENTED_EDGE ( 'NONE', *, *, #1459, .F. ) ;
#2530 = CARTESIAN_POINT ( 'NONE',  ( 0.5499999999999998200, 1.888477631085024000, -0.8500000000000000900 ) ) ;
#2531 = CARTESIAN_POINT ( 'NONE',  ( 0.8249999999999999600, 0.05000000000000042600, 0.9000000000000004700 ) ) ;
#2532 = ORIENTED_EDGE ( 'NONE', *, *, #2461, .T. ) ;
#2533 = DIRECTION ( 'NONE',  ( -0.8944271909999137500, -0.4472135954999622000, 0.0000000000000000000 ) ) ;
#2534 = EDGE_CURVE ( 'NONE', #80, #1587, #3223, .T. ) ;
#2535 = ORIENTED_EDGE ( 'NONE', *, *, #2233, .F. ) ;
#2536 = CARTESIAN_POINT ( 'NONE',  ( 0.7916666666666520900, 0.7165353064317944200, -0.7957676532158964900 ) ) ;
#2537 = CARTESIAN_POINT ( 'NONE',  ( 1.045767653215896600, 0.4834646935682069800, -0.5833333333333354800 ) ) ;
#2538 = ORIENTED_EDGE ( 'NONE', *, *, #3525, .F. ) ;
#2539 = ORIENTED_EDGE ( 'NONE', *, *, #3588, .T. ) ;
#2540 =( NAMED_UNIT ( * ) SI_UNIT ( $, .STERADIAN. ) SOLID_ANGLE_UNIT ( ) );
#2541 = STYLED_ITEM ( 'NONE', ( #3659 ), #789 ) ;
#2542 = ORIENTED_EDGE ( 'NONE', *, *, #4023, .F. ) ;
#2543 = ORIENTED_EDGE ( 'NONE', *, *, #1369, .T. ) ;
#2544 = FACE_OUTER_BOUND ( 'NONE', #1394, .T. ) ;
#2545 = PLANE ( 'NONE',  #4580 ) ;
#2546 = VECTOR ( 'NONE', #799, 1000.000000000000000 ) ;
#2547 = CARTESIAN_POINT ( 'NONE',  ( 0.5499999999999998200, 0.0000000000000000000, -0.8500000000000000900 ) ) ;
#2548 = DIRECTION ( 'NONE',  ( -0.0000000000000000000, -1.000000000000000000, -0.0000000000000000000 ) ) ;
#2549 = CARTESIAN_POINT ( 'NONE',  ( 1.045767653215896600, 0.7165353064317944200, 0.5833333333333302600 ) ) ;
#2550 = VECTOR ( 'NONE', #3576, 1000.000000000000000 ) ;
#2551 = CARTESIAN_POINT ( 'NONE',  ( -1.149999999999987500, 0.9250000000000011500, -0.2333333333333271500 ) ) ;
#2552 = VERTEX_POINT ( 'NONE', #3435 ) ;
#2553 = COLOUR_RGB ( '',0.2509803921568627400, 0.2509803921568627400, 0.2509803921568627400 ) ;
#2554 = CARTESIAN_POINT ( 'NONE',  ( 0.0000000000000000000, 1.200000000000000000, 1.000000000000000000 ) ) ;
#2555 = CYLINDRICAL_SURFACE ( 'NONE', #4537, 0.02000000000000000000 ) ;
#2556 = MANIFOLD_SOLID_BREP ( 'Wire 1', #4298 ) ;
#2557 = EDGE_CURVE ( 'NONE', #4490, #1390, #4173, .T. ) ;
#2558 = VERTEX_POINT ( 'NONE', #4530 ) ;
#2559 = LINE ( 'NONE', #1834, #1864 ) ;
#2560 = CARTESIAN_POINT ( 'NONE',  ( 1.091422122874319500, 0.9250000000000010400, 0.8414205917014645500 ) ) ;
#2561 = LINE ( 'NONE', #942, #4111 ) ;
#2562 = LINE ( 'NONE', #3333, #2096 ) ;
#2563 = VECTOR ( 'NONE', #1240, 1000.000000000000000 ) ;
#2564 = CARTESIAN_POINT ( 'NONE',  ( 0.8708447223137996100, 0.2750000000000000200, -0.9000989020144051200 ) ) ;
#2565 = CARTESIAN_POINT ( 'NONE',  ( -0.3166666666666666500, 0.9249999999999999300, -0.9000000000000006900 ) ) ;
#2566 = CARTESIAN_POINT ( 'NONE',  ( 1.091422153223905900, 0.9250000000000010400, -0.8414205570515830300 ) ) ;
#2567 = CARTESIAN_POINT ( 'NONE',  ( -1.149999999999999700, 0.9250000000000011500, 0.4666666666666663400 ) ) ;
#2568 = FACE_OUTER_BOUND ( 'NONE', #1276, .T. ) ;
#2569 = ADVANCED_FACE ( 'NONE', ( #4517 ), #1572, .T. ) ;
#2570 = ORIENTED_EDGE ( 'NONE', *, *, #2314, .F. ) ;
#2571 = ORIENTED_EDGE ( 'NONE', *, *, #1196, .T. ) ;
#2572 =( NAMED_UNIT ( * ) SI_UNIT ( $, .STERADIAN. ) SOLID_ANGLE_UNIT ( ) );
#2573 = CARTESIAN_POINT ( 'NONE',  ( 0.8160070029040011900, 0.3078640981645131000, 0.8845816241951486300 ) ) ;
#2574 = ORIENTED_EDGE ( 'NONE', *, *, #3113, .T. ) ;
#2575 = FILL_AREA_STYLE_COLOUR ( '', #2722 ) ;
#2576 = ORIENTED_EDGE ( 'NONE', *, *, #779, .T. ) ;
#2577 = PRESENTATION_STYLE_ASSIGNMENT (( #97 ) ) ;
#2578 = CARTESIAN_POINT ( 'NONE',  ( 1.129081227178228500, 0.2749999999999999700, 0.8037614851875346500 ) ) ;
#2579 =( NAMED_UNIT ( * ) SI_UNIT ( $, .STERADIAN. ) SOLID_ANGLE_UNIT ( ) );
#2580 = CARTESIAN_POINT ( 'NONE',  ( 0.9482803075325659800, 0.9250000000000004900, -0.9000000000000002400 ) ) ;
#2581 = CARTESIAN_POINT ( 'NONE',  ( 0.1583333333333444600, 0.4834646935682069800, -0.7957676532158967100 ) ) ;
#2582 = EDGE_CURVE ( 'NONE', #2970, #1596, #3499, .T. ) ;
#2583 = PLANE ( 'NONE',  #3300 ) ;
#2584 = DIRECTION ( 'NONE',  ( -0.0000000000000000000, -0.0000000000000000000, 1.000000000000000000 ) ) ;
#2585 =( NAMED_UNIT ( * ) PLANE_ANGLE_UNIT ( ) SI_UNIT ( $, .RADIAN. ) );
#2586 = CARTESIAN_POINT ( 'NONE',  ( -1.045767653215896600, 0.7165353064317944200, -0.1166666666666674600 ) ) ;
#2587 = ADVANCED_FACE ( 'NONE', ( #2391 ), #659, .T. ) ;
#2588 = VERTEX_POINT ( 'NONE', #1704 ) ;
#2589 = VERTEX_POINT ( 'NONE', #963 ) ;
#2590 = ORIENTED_EDGE ( 'NONE', *, *, #751, .F. ) ;
#2591 = ORIENTED_EDGE ( 'NONE', *, *, #177, .F. ) ;
#2592 = ORIENTED_EDGE ( 'NONE', *, *, #1230, .T. ) ;
#2593 =( NAMED_UNIT ( * ) PLANE_ANGLE_UNIT ( ) SI_UNIT ( $, .RADIAN. ) );
#2594 = CARTESIAN_POINT ( 'NONE',  ( -0.1583333333333444600, 0.9250000000000011500, -0.9000000000000001300 ) ) ;
#2595 = CARTESIAN_POINT ( 'NONE',  ( 3.903127820947818400E-016, 0.2749999999999999700, -0.9000000000000005800 ) ) ;
#2596 = ORIENTED_EDGE ( 'NONE', *, *, #1725, .F. ) ;
#2597 = AXIS2_PLACEMENT_3D ( 'NONE', #1770, #3312, #4003 ) ;
#2598 = ORIENTED_EDGE ( 'NONE', *, *, #2836, .T. ) ;
#2599 = VECTOR ( 'NONE', #1192, 1000.000000000000000 ) ;
#2600 = CARTESIAN_POINT ( 'NONE',  ( -1.149999999999999700, 0.2750000000000001300, 0.7000000000000005100 ) ) ;
#2601 = PRESENTATION_LAYER_ASSIGNMENT (  '', '', ( #4207 ) ) ;
#2602 = CARTESIAN_POINT ( 'NONE',  ( -0.5499999999999998200, 1.888477631085024000, -0.8500000000000000900 ) ) ;
#2603 = CARTESIAN_POINT ( 'NONE',  ( 0.8233035133021310300, 0.3099458657853577100, 0.8836715427741307400 ) ) ;
#2604 = SURFACE_STYLE_FILL_AREA ( #2174 ) ;
#2605 = CARTESIAN_POINT ( 'NONE',  ( 0.6000000000000005300, 0.0000000000000000000, -1.000000000000000200 ) ) ;
#2606 = DIRECTION ( 'NONE',  ( 1.000000000000000000, -0.0000000000000000000, 1.008560160451631500E-016 ) ) ;
#2607 = SURFACE_STYLE_FILL_AREA ( #3984 ) ;
#2608 = AXIS2_PLACEMENT_3D ( 'NONE', #616, #1313, #3806 ) ;
#2609 = VERTEX_POINT ( 'NONE', #3861 ) ;
#2610 = PRESENTATION_STYLE_ASSIGNMENT (( #3586 ) ) ;
#2611 = DIRECTION ( 'NONE',  ( 0.0000000000000000000, 0.0000000000000000000, -1.000000000000000000 ) ) ;
#2612 = CARTESIAN_POINT ( 'NONE',  ( 0.5541666666666664700, 0.9250000000000011500, 0.8999999999999956900 ) ) ;
#2613 = ADVANCED_FACE ( 'NONE', ( #4345 ), #4161, .F. ) ;
#2614 = DIRECTION ( 'NONE',  ( -0.0000000000000000000, -0.0000000000000000000, 1.000000000000000000 ) ) ;
#2615 = SURFACE_STYLE_FILL_AREA ( #4067 ) ;
#2616 = VECTOR ( 'NONE', #618, 1000.000000000000000 ) ;
#2617 = UNCERTAINTY_MEASURE_WITH_UNIT (LENGTH_MEASURE( 1.000000000000000100E-005 ), #3476, 'distance_accuracy_value', 'NONE');
#2618 = FILL_AREA_STYLE_COLOUR ( '', #3215 ) ;
#2619 = VECTOR ( 'NONE', #2640, 1000.000000000000000 ) ;
#2620 = VECTOR ( 'NONE', #1437, 1000.000000000000000 ) ;
#2621 = VECTOR ( 'NONE', #3845, 1000.000000000000000 ) ;
#2622 = DIRECTION ( 'NONE',  ( -1.275531967630005200E-016, 0.0000000000000000000, -1.000000000000000000 ) ) ;
#2623 = SURFACE_STYLE_FILL_AREA ( #4410 ) ;
#2624 = LINE ( 'NONE', #3776, #3067 ) ;
#2625 = EDGE_LOOP ( 'NONE', ( #1955, #1403, #4025, #3916 ) ) ;
#2626 =( GEOMETRIC_REPRESENTATION_CONTEXT ( 3 ) GLOBAL_UNCERTAINTY_ASSIGNED_CONTEXT ( ( #2301 ) ) GLOBAL_UNIT_ASSIGNED_CONTEXT ( ( #86, #3224, #2579 ) ) REPRESENTATION_CONTEXT ( 'NONE', 'WORKASPACE' ) );
#2627 = CARTESIAN_POINT ( 'NONE',  ( -1.091421356288420100, 0.2750000000000000800, 0.8414213561861981800 ) ) ;
#2628 = DIRECTION ( 'NONE',  ( -2.915954978783975800E-031, -1.000000000000000000, 2.891205793294687300E-015 ) ) ;
#2629 = CARTESIAN_POINT ( 'NONE',  ( -0.5541666666666583700, 0.9250000000000011500, -0.8999999999999955800 ) ) ;
#2630 = EDGE_CURVE ( 'NONE', #1304, #4316, #2095, .T. ) ;
#2631 = VERTEX_POINT ( 'NONE', #3138 ) ;
#2632 =( NAMED_UNIT ( * ) SI_UNIT ( $, .STERADIAN. ) SOLID_ANGLE_UNIT ( ) );
#2633 = ORIENTED_EDGE ( 'NONE', *, *, #2294, .T. ) ;
#2634 = VERTEX_POINT ( 'NONE', #3448 ) ;
#2635 =( NAMED_UNIT ( * ) PLANE_ANGLE_UNIT ( ) SI_UNIT ( $, .RADIAN. ) );
#2636 = CARTESIAN_POINT ( 'NONE',  ( 0.9499999999999998400, 0.9250000000000009300, -0.6999999999999997300 ) ) ;
#2637 = AXIS2_PLACEMENT_3D ( 'NONE', #3543, #701, #4269 ) ;
#2638 = ORIENTED_EDGE ( 'NONE', *, *, #3841, .F. ) ;
#2639 = EDGE_CURVE ( 'NONE', #4209, #839, #2055, .T. ) ;
#2640 = DIRECTION ( 'NONE',  ( 1.008560160451631600E-016, 3.388131789017105500E-015, 1.000000000000000000 ) ) ;
#2641 = DIRECTION ( 'NONE',  ( 1.000000000000000000, -0.0000000000000000000, 1.008560160451631500E-016 ) ) ;
#2642 = ORIENTED_EDGE ( 'NONE', *, *, #3570, .F. ) ;
#2643 = EDGE_CURVE ( 'NONE', #765, #2835, #3723, .T. ) ;
#2644 = DIRECTION ( 'NONE',  ( 1.008560160451631700E-016, -0.0000000000000000000, 1.000000000000000000 ) ) ;
#2645 = PLANE ( 'NONE',  #901 ) ;
#2646 = CARTESIAN_POINT ( 'NONE',  ( 1.149934587401703500, 0.2750000000000000200, -0.7523523450256562900 ) ) ;
#2647 = FILL_AREA_STYLE ('',( #1128 ) ) ;
#2648 = ORIENTED_EDGE ( 'NONE', *, *, #4539, .F. ) ;
#2649 = CARTESIAN_POINT ( 'NONE',  ( 1.045767653215896600, 0.7165353064317944200, -0.4666666666666665600 ) ) ;
#2650 = FACE_OUTER_BOUND ( 'NONE', #4584, .T. ) ;
#2651 = CARTESIAN_POINT ( 'NONE',  ( -3.903127820947819400E-016, 0.2749999999999999700, 0.9000000000000008000 ) ) ;
#2652 =( LENGTH_UNIT ( ) NAMED_UNIT ( * ) SI_UNIT ( .MILLI., .METRE. ) );
#2653 = STYLED_ITEM ( 'NONE', ( #3058 ), #2958 ) ;
#2654 = CARTESIAN_POINT ( 'NONE',  ( 1.250000000000000000, 1.200000000000000000, -1.000000000000000000 ) ) ;
#2655 = CARTESIAN_POINT ( 'NONE',  ( 1.150000000000000400, 0.2750000000000000800, -0.6982087604808994200 ) ) ;
#2656 = ADVANCED_FACE ( 'NONE', ( #3924 ), #253, .T. ) ;
#2657 = CARTESIAN_POINT ( 'NONE',  ( -1.249999999999999800, 1.888477631085024000, -0.8500000000000000900 ) ) ;
#2658 =( GEOMETRIC_REPRESENTATION_CONTEXT ( 3 ) GLOBAL_UNCERTAINTY_ASSIGNED_CONTEXT ( ( #690 ) ) GLOBAL_UNIT_ASSIGNED_CONTEXT ( ( #31, #77, #3973 ) ) REPRESENTATION_CONTEXT ( 'NONE', 'WORKASPACE' ) );
#2659 = ORIENTED_EDGE ( 'NONE', *, *, #3724, .F. ) ;
#2660 = ORIENTED_EDGE ( 'NONE', *, *, #2194, .T. ) ;
#2661 = AXIS2_PLACEMENT_3D ( 'NONE', #1126, #1416, #396 ) ;
#2662 = CARTESIAN_POINT ( 'NONE',  ( -0.8249999999999999600, 0.03500000000000258500, 1.550000000000002000 ) ) ;
#2663 = CARTESIAN_POINT ( 'NONE',  ( -1.149999999999999500, 0.2750000000000000200, 0.4666666666666663400 ) ) ;
#2664 = CARTESIAN_POINT ( 'NONE',  ( 0.3166666666666563800, 0.7165353064317944200, -0.7957676532158878300 ) ) ;
#2665 = ORIENTED_EDGE ( 'NONE', *, *, #3258, .T. ) ;
#2666 = B_SPLINE_CURVE_WITH_KNOTS ( 'NONE', 3,
 ( #2417, #693, #3136, #4300 ),
 .UNSPECIFIED., .F., .F.,
 ( 4, 4 ),
 ( 0.0000000000000000000, 1.000000000000000000 ),
 .UNSPECIFIED. ) ;
#2667 = CARTESIAN_POINT ( 'NONE',  ( -0.5500000000000000400, 0.04999999999999991300, 0.8499999999999998700 ) ) ;
#2668 = AXIS2_PLACEMENT_3D ( 'NONE', #4211, #2809, #2467 ) ;
#2669 =( LENGTH_UNIT ( ) NAMED_UNIT ( * ) SI_UNIT ( .MILLI., .METRE. ) );
#2670 = LINE ( 'NONE', #4048, #1866 ) ;
#2671 = LINE ( 'NONE', #640, #759 ) ;
#2672 = CARTESIAN_POINT ( 'NONE',  ( -1.250000000000000000, 0.0000000000000000000, 1.000000000000000000 ) ) ;
#2673 = VECTOR ( 'NONE', #2482, 1000.000000000000000 ) ;
#2674 = VERTEX_POINT ( 'NONE', #1992 ) ;
#2675 = CARTESIAN_POINT ( 'NONE',  ( -0.8118321896219125000, 0.3052397323387360300, 0.8857371943370271300 ) ) ;
#2676 = LINE ( 'NONE', #564, #1146 ) ;
#2677 = VERTEX_POINT ( 'NONE', #4507 ) ;
#2678 = CARTESIAN_POINT ( 'NONE',  ( -1.128901374500355500, 0.2750000000000000200, 0.8039413379742631500 ) ) ;
#2679 = EDGE_CURVE ( 'NONE', #4304, #3901, #2561, .T. ) ;
#2680 = DIRECTION ( 'NONE',  ( 1.000000000000000000, 0.0000000000000000000, 4.336808689942017700E-016 ) ) ;
#2681 = ORIENTED_EDGE ( 'NONE', *, *, #425, .F. ) ;
#2682 = ORIENTED_EDGE ( 'NONE', *, *, #161, .T. ) ;
#2683 = ORIENTED_EDGE ( 'NONE', *, *, #940, .T. ) ;
#2684 = PRESENTATION_LAYER_ASSIGNMENT (  '', '', ( #3628 ) ) ;
#2685 = DIRECTION ( 'NONE',  ( 1.000000000000000000, 0.0000000000000000000, -3.252606517456511700E-015 ) ) ;
#2686 = AXIS2_PLACEMENT_3D ( 'NONE', #1682, #4588, #968 ) ;
#2687 = DIRECTION ( 'NONE',  ( 2.915954978783976200E-031, -1.000000000000000000, 2.891205793294687300E-015 ) ) ;
#2688 = DIRECTION ( 'NONE',  ( 1.000000000000000000, 0.0000000000000000000, -1.275531967630005000E-016 ) ) ;
#2689 = CARTESIAN_POINT ( 'NONE',  ( -0.6333333333333229800, 0.2750000000000000200, 0.9000000000000001300 ) ) ;
#2690 = ORIENTED_EDGE ( 'NONE', *, *, #612, .T. ) ;
#2691 = UNCERTAINTY_MEASURE_WITH_UNIT (LENGTH_MEASURE( 1.000000000000000100E-005 ), #1890, 'distance_accuracy_value', 'NONE');
#2692 = EDGE_CURVE ( 'NONE', #3155, #1587, #432, .T. ) ;
#2693 = ORIENTED_EDGE ( 'NONE', *, *, #4539, .T. ) ;
#2694 = ORIENTED_EDGE ( 'NONE', *, *, #2475, .F. ) ;
#2695 = DIRECTION ( 'NONE',  ( 0.0000000000000000000, 5.082197683525788600E-015, 1.000000000000000000 ) ) ;
#2696 = DIRECTION ( 'NONE',  ( 1.000000000000000000, -0.0000000000000000000, 0.0000000000000000000 ) ) ;
#2697 = DIRECTION ( 'NONE',  ( 1.000000000000000000, 0.0000000000000000000, -0.0000000000000000000 ) ) ;
#2698 = ORIENTED_EDGE ( 'NONE', *, *, #1003, .T. ) ;
#2699 = ORIENTED_EDGE ( 'NONE', *, *, #1585, .F. ) ;
#2700 = ORIENTED_EDGE ( 'NONE', *, *, #665, .F. ) ;
#2701 = CARTESIAN_POINT ( 'NONE',  ( 0.8449999999999999700, 0.05000000000000045400, 0.9150000000000013700 ) ) ;
#2702 = ORIENTED_EDGE ( 'NONE', *, *, #3507, .T. ) ;
#2703 = PRESENTATION_STYLE_ASSIGNMENT (( #956 ) ) ;
#2704 = AXIS2_PLACEMENT_3D ( 'NONE', #3397, #1248, #1906 ) ;
#2705 = FILL_AREA_STYLE ('',( #24 ) ) ;
#2706 = ORIENTED_EDGE ( 'NONE', *, *, #2750, .T. ) ;
#2707 = EDGE_CURVE ( 'NONE', #3931, #929, #3172, .T. ) ;
#2708 = DIRECTION ( 'NONE',  ( -1.008560160451631700E-016, 0.0000000000000000000, 1.000000000000000000 ) ) ;
#2709 = ORIENTED_EDGE ( 'NONE', *, *, #1323, .F. ) ;
#2710 = CARTESIAN_POINT ( 'NONE',  ( 1.250000000000000000, 1.888477631085024000, 0.8499999999999998700 ) ) ;
#2711 = LINE ( 'NONE', #3826, #2875 ) ;
#2713 =( GEOMETRIC_REPRESENTATION_CONTEXT ( 3 ) GLOBAL_UNCERTAINTY_ASSIGNED_CONTEXT ( ( #1690 ) ) GLOBAL_UNIT_ASSIGNED_CONTEXT ( ( #478, #4510, #945 ) ) REPRESENTATION_CONTEXT ( 'NONE', 'WORKASPACE' ) );
#2712 = COLOUR_RGB ( '',0.2509803921568627400, 0.2509803921568627400, 0.2509803921568627400 ) ;
#2714 = DIRECTION ( 'NONE',  ( 0.0000000000000000000, 0.0000000000000000000, 1.000000000000000000 ) ) ;
#2715 = CARTESIAN_POINT ( 'NONE',  ( -0.8054439499195303900, 0.2948515443673138700, 0.8904427756380685100 ) ) ;
#2716 = CARTESIAN_POINT ( 'NONE',  ( -0.1583333333333444600, 0.4834646935682069800, -0.7957676532158967100 ) ) ;
#2717 = DIRECTION ( 'NONE',  ( 0.7071067811865486800, -0.0000000000000000000, 0.7071067811865464600 ) ) ;
#2718 = FILL_AREA_STYLE_COLOUR ( '', #2148 ) ;
#2719 =( NAMED_UNIT ( * ) SI_UNIT ( $, .STERADIAN. ) SOLID_ANGLE_UNIT ( ) );
#2720 = VECTOR ( 'NONE', #1294, 1000.000000000000000 ) ;
#2721 = DIRECTION ( 'NONE',  ( 0.7071067811865460200, 0.0000000000000000000, 0.7071067811865489100 ) ) ;
#2722 = COLOUR_RGB ( '',0.7921568627450980000, 0.8196078431372548800, 0.9333333333333333500 ) ;
#2723 = VERTEX_POINT ( 'NONE', #591 ) ;
#2724 =( NAMED_UNIT ( * ) SI_UNIT ( $, .STERADIAN. ) SOLID_ANGLE_UNIT ( ) );
#2725 = PLANE ( 'NONE',  #1671 ) ;
#2726 = ORIENTED_EDGE ( 'NONE', *, *, #2035, .F. ) ;
#2727 = EDGE_CURVE ( 'NONE', #3363, #3183, #4054, .T. ) ;
#2728 = VECTOR ( 'NONE', #1696, 1000.000000000000000 ) ;
#2729 = ORIENTED_EDGE ( 'NONE', *, *, #2151, .F. ) ;
#2730 = DIRECTION ( 'NONE',  ( -1.000000000000000000, 0.0000000000000000000, 1.275531967630005000E-016 ) ) ;
#2731 = CARTESIAN_POINT ( 'NONE',  ( 0.1583333333333332400, 0.2750000000000000200, 0.9000000000000000200 ) ) ;
#2732 = VERTEX_POINT ( 'NONE', #1432 ) ;
#2733 = FILL_AREA_STYLE ('',( #1609 ) ) ;
#2734 =( LENGTH_UNIT ( ) NAMED_UNIT ( * ) SI_UNIT ( .MILLI., .METRE. ) );
#2735 = PRESENTATION_LAYER_ASSIGNMENT (  '', '', ( #3773 ) ) ;
#2736 =( NAMED_UNIT ( * ) PLANE_ANGLE_UNIT ( ) SI_UNIT ( $, .RADIAN. ) );
#2737 = SURFACE_STYLE_USAGE ( .BOTH. , #1661 ) ;
#2738 = ORIENTED_EDGE ( 'NONE', *, *, #308, .F. ) ;
#2739 = STYLED_ITEM ( 'NONE', ( #1504 ), #1490 ) ;
#2740 = DIRECTION ( 'NONE',  ( -0.0000000000000000000, -1.000000000000000000, -0.0000000000000000000 ) ) ;
#2741 = ORIENTED_EDGE ( 'NONE', *, *, #1255, .F. ) ;
#2742 = DIRECTION ( 'NONE',  ( 1.000000000000000000, 0.0000000000000000000, 1.008560160451631700E-016 ) ) ;
#2743 = CARTESIAN_POINT ( 'NONE',  ( 1.045767653215896600, 0.4834646935682069800, -0.4666666666666665600 ) ) ;
#2744 = PLANE ( 'NONE',  #3334 ) ;
#2745 = CARTESIAN_POINT ( 'NONE',  ( -1.250000000000000000, 1.888477631085024000, 0.8499999999999998700 ) ) ;
#2746 = VERTEX_POINT ( 'NONE', #4189 ) ;
#2747 = ORIENTED_EDGE ( 'NONE', *, *, #2786, .T. ) ;
#2748 = DIRECTION ( 'NONE',  ( 1.000000000000000000, -0.0000000000000000000, -0.0000000000000000000 ) ) ;
#2749 = ORIENTED_EDGE ( 'NONE', *, *, #1271, .T. ) ;
#2750 = EDGE_CURVE ( 'NONE', #392, #1949, #1251, .T. ) ;
#2751 = LINE ( 'NONE', #353, #2857 ) ;
#2752 = VERTEX_POINT ( 'NONE', #2156 ) ;
#2753 = DIRECTION ( 'NONE',  ( 1.000000000000000000, 0.0000000000000000000, -1.008560160451631500E-016 ) ) ;
#2754 = COLOUR_RGB ( '',0.7921568627450980000, 0.8196078431372548800, 0.9333333333333333500 ) ;
#2755 =( NAMED_UNIT ( * ) SI_UNIT ( $, .STERADIAN. ) SOLID_ANGLE_UNIT ( ) );
#2756 = CARTESIAN_POINT ( 'NONE',  ( 1.045767653215896600, 0.4834646935682069800, 0.4666666666666679500 ) ) ;
#2757 = EDGE_CURVE ( 'NONE', #3441, #3931, #2823, .T. ) ;
#2758 = SURFACE_STYLE_FILL_AREA ( #1774 ) ;
#2759 = CARTESIAN_POINT ( 'NONE',  ( -1.149999999999999700, 0.9250000000000011500, 0.5833333333333350400 ) ) ;
#2760 = CARTESIAN_POINT ( 'NONE',  ( 1.249999999999998700, 0.04999999999999861500, 0.8499999999999998700 ) ) ;
#2761 = DIRECTION ( 'NONE',  ( -1.000000000000000000, 0.0000000000000000000, 0.0000000000000000000 ) ) ;
#2762 = DIRECTION ( 'NONE',  ( -1.000000000000000000, 0.0000000000000000000, -1.008560160451631600E-016 ) ) ;
#2763 = STYLED_ITEM ( 'NONE', ( #1789 ), #3626 ) ;
#2764 =( NAMED_UNIT ( * ) SI_UNIT ( $, .STERADIAN. ) SOLID_ANGLE_UNIT ( ) );
#2765 = PLANE ( 'NONE',  #3077 ) ;
#2766 = FACE_OUTER_BOUND ( 'NONE', #842, .T. ) ;
#2767 = FACE_OUTER_BOUND ( 'NONE', #442, .T. ) ;
#2768 = COLOUR_RGB ( '',0.2509803921568627400, 0.2509803921568627400, 0.2509803921568627400 ) ;
#2769 = DIRECTION ( 'NONE',  ( -0.0000000000000000000, -1.000000000000000000, -9.637352644315616400E-016 ) ) ;
#2770 = CARTESIAN_POINT ( 'NONE',  ( -0.3166666666666636500, 0.2750000000000000200, 0.8999999999999914700 ) ) ;
#2771 = FACE_OUTER_BOUND ( 'NONE', #725, .T. ) ;
#2772 = DIRECTION ( 'NONE',  ( -1.008560160451631600E-016, 0.0000000000000000000, -1.000000000000000000 ) ) ;
#2773 = PRESENTATION_STYLE_ASSIGNMENT (( #610 ) ) ;
#2774 = VECTOR ( 'NONE', #4406, 1000.000000000000000 ) ;
#2775 =( NAMED_UNIT ( * ) SI_UNIT ( $, .STERADIAN. ) SOLID_ANGLE_UNIT ( ) );
#2776 = CARTESIAN_POINT ( 'NONE',  ( -0.5499999999999998200, 0.05000000000000012800, -0.8500000000000000900 ) ) ;
#2777 = CARTESIAN_POINT ( 'NONE',  ( 1.045736331160749300, 0.4834646935682069800, 0.7387122884057486500 ) ) ;
#2778 = LINE ( 'NONE', #545, #3065 ) ;
#2779 = EDGE_LOOP ( 'NONE', ( #1482, #176, #4616, #3638, #3677, #466, #30, #3620, #2574, #571, #4210, #1642 ) ) ;
#2780 = UNCERTAINTY_MEASURE_WITH_UNIT (LENGTH_MEASURE( 1.000000000000000100E-005 ), #4045, 'distance_accuracy_value', 'NONE');
#2781 = DIRECTION ( 'NONE',  ( -1.000000000000000000, -0.0000000000000000000, 1.008560160451631700E-016 ) ) ;
#2782 = B_SPLINE_CURVE_WITH_KNOTS ( 'NONE', 3,
 ( #3506, #657, #973, #4592, #3856, #1712, #4237, #1103, #2551, #2524, #3203, #723, #3253, #1047 ),
 .UNSPECIFIED., .F., .F.,
 ( 4, 2, 2, 2, 2, 2, 4 ),
 ( 0.1609033554017747800, 0.1831775165513310800, 0.2054516777008873500, 0.2499999999999998900, 0.2945483222991124300, 0.3168224834486687000, 0.3390966445982250300 ),
 .UNSPECIFIED. ) ;
#2783 = ORIENTED_EDGE ( 'NONE', *, *, #2172, .T. ) ;
#2784 = SURFACE_SIDE_STYLE ('',( #4031 ) ) ;
#2785 = SURFACE_STYLE_USAGE ( .BOTH. , #1679 ) ;
#2786 = EDGE_CURVE ( 'NONE', #1448, #3511, #2889, .T. ) ;
#2787 = VERTEX_POINT ( 'NONE', #1744 ) ;
#2788 = CARTESIAN_POINT ( 'NONE',  ( -3.577867169202163600E-016, 0.04999999999999969700, -0.9000000000000005800 ) ) ;
#2789 = ORIENTED_EDGE ( 'NONE', *, *, #2298, .T. ) ;
#2790 = DIRECTION ( 'NONE',  ( 0.8944271909999135200, 0.4472135954999628100, 0.0000000000000000000 ) ) ;
#2791 = CARTESIAN_POINT ( 'NONE',  ( -1.035664823964987300, 0.7165353064317944200, -0.7497710900495767600 ) ) ;
#2792 = CARTESIAN_POINT ( 'NONE',  ( 1.150000000000000100, 0.9250000000000011500, -0.1166666666666704000 ) ) ;
#2793 = DIRECTION ( 'NONE',  ( 0.0000000000000000000, 1.000000000000000000, -0.0000000000000000000 ) ) ;
#2794 = STYLED_ITEM ( 'NONE', ( #548 ), #838 ) ;
#2795 = CARTESIAN_POINT ( 'NONE',  ( -0.8449999999999999700, 0.05000000000000042600, 0.9000000000000004700 ) ) ;
#2796 =( NAMED_UNIT ( * ) SI_UNIT ( $, .STERADIAN. ) SOLID_ANGLE_UNIT ( ) );
#2797 = AXIS2_PLACEMENT_3D ( 'NONE', #3943, #771, #2202 ) ;
#2798 = VERTEX_POINT ( 'NONE', #2125 ) ;
#2799 = DIRECTION ( 'NONE',  ( 1.275531967630005200E-016, -0.0000000000000000000, -1.000000000000000000 ) ) ;
#2800 = UNCERTAINTY_MEASURE_WITH_UNIT (LENGTH_MEASURE( 1.000000000000000100E-005 ), #1007, 'distance_accuracy_value', 'NONE');
#2801 = VERTEX_POINT ( 'NONE', #367 ) ;
#2802 = ORIENTED_EDGE ( 'NONE', *, *, #2403, .F. ) ;
#2803 = VECTOR ( 'NONE', #384, 1000.000000000000000 ) ;
#2804 = PRESENTATION_LAYER_ASSIGNMENT (  '', '', ( #422 ) ) ;
#2805 = SURFACE_SIDE_STYLE ('',( #3976 ) ) ;
#2806 = ADVANCED_FACE ( 'NONE', ( #1033 ), #1805, .T. ) ;
#2807 = CARTESIAN_POINT ( 'NONE',  ( -1.250000000000000000, 1.200000000000000000, 1.000000000000000000 ) ) ;
#2808 = CARTESIAN_POINT ( 'NONE',  ( -1.149999999999999900, 0.2750000000000000200, -0.4083333333333345500 ) ) ;
#2809 = DIRECTION ( 'NONE',  ( 0.0000000000000000000, 0.0000000000000000000, -1.000000000000000000 ) ) ;
#2810 = ORIENTED_EDGE ( 'NONE', *, *, #2027, .F. ) ;
#2811 = LINE ( 'NONE', #830, #4390 ) ;
#2812 =( NAMED_UNIT ( * ) PLANE_ANGLE_UNIT ( ) SI_UNIT ( $, .RADIAN. ) );
#2813 = FILL_AREA_STYLE ('',( #2009 ) ) ;
#2814 = PLANE ( 'NONE',  #3978 ) ;
#2816 = CARTESIAN_POINT ( 'NONE',  ( -0.1583333333333332100, 0.7165353064317944200, 0.7957676532158967100 ) ) ;
#2815 = LINE ( 'NONE', #1822, #3479 ) ;
#2817 = CARTESIAN_POINT ( 'NONE',  ( -1.045802548635227600, 0.4834646935682069800, 0.6568712355927729400 ) ) ;
#2818 = STYLED_ITEM ( 'NONE', ( #4175 ), #748 ) ;
#2819 = STYLED_ITEM ( 'NONE', ( #3647 ), #1863 ) ;
#2820 = ORIENTED_EDGE ( 'NONE', *, *, #2901, .F. ) ;
#2821 = CARTESIAN_POINT ( 'NONE',  ( 0.8708447223137996100, 0.9250000000000011500, -0.9000989020144052300 ) ) ;
#2822 = AXIS2_PLACEMENT_3D ( 'NONE', #4019, #2628, #1198 ) ;
#2824 =( GEOMETRIC_REPRESENTATION_CONTEXT ( 3 ) GLOBAL_UNCERTAINTY_ASSIGNED_CONTEXT ( ( #1131 ) ) GLOBAL_UNIT_ASSIGNED_CONTEXT ( ( #662, #642, #2126 ) ) REPRESENTATION_CONTEXT ( 'NONE', 'WORKASPACE' ) );
#2823 = CIRCLE ( 'NONE', #3364, 0.02000000000000000000 ) ;
#2825 = FACE_OUTER_BOUND ( 'NONE', #3153, .T. ) ;
#2826 = CARTESIAN_POINT ( 'NONE',  ( -0.8708447223137965000, 0.2750000000000000200, -0.9000989020144049000 ) ) ;
#2827 = PRESENTATION_LAYER_ASSIGNMENT (  '', '', ( #4603 ) ) ;
#2828 = ORIENTED_EDGE ( 'NONE', *, *, #1169, .F. ) ;
#2829 = CARTESIAN_POINT ( 'NONE',  ( -0.8424093248500661400, 0.3000868027434608900, 0.8880477062380330900 ) ) ;
#2830 = CARTESIAN_POINT ( 'NONE',  ( -1.035664823964981500, 0.7165353064317944200, 0.7497710900495767600 ) ) ;
#2831 = FACE_OUTER_BOUND ( 'NONE', #676, .T. ) ;
#2832 = CARTESIAN_POINT ( 'NONE',  ( -0.5541666666666674700, 0.4834646935682069800, 0.7957676532159010400 ) ) ;
#2833 = VERTEX_POINT ( 'NONE', #2980 ) ;
#2834 = DIRECTION ( 'NONE',  ( -1.275531967630005200E-016, 0.0000000000000000000, -1.000000000000000000 ) ) ;
#2835 = VERTEX_POINT ( 'NONE', #3206 ) ;
#2836 = EDGE_CURVE ( 'NONE', #2478, #4525, #3119, .T. ) ;
#2837 = CARTESIAN_POINT ( 'NONE',  ( -1.150000000000000100, 0.9250000000000011500, -0.4666666666666675600 ) ) ;
#2838 = DIRECTION ( 'NONE',  ( 0.0000000000000000000, -1.000000000000000000, 5.421010862427522200E-015 ) ) ;
#2839 = DIRECTION ( 'NONE',  ( 0.7071067811865460200, 0.0000000000000000000, -0.7071067811865489100 ) ) ;
#2840 = FILL_AREA_STYLE_COLOUR ( '', #1454 ) ;
#2841 = ORIENTED_EDGE ( 'NONE', *, *, #2847, .T. ) ;
#2842 = DIRECTION ( 'NONE',  ( 4.510617857806378900E-031, -1.000000000000000000, 4.472333961502635600E-015 ) ) ;
#2843 = CARTESIAN_POINT ( 'NONE',  ( -1.045767653215902600, 0.7165353064317944200, -0.4083333333333344900 ) ) ;
#2844 = CARTESIAN_POINT ( 'NONE',  ( -1.045767653215902600, 0.4834646935682069800, -0.4083333333333344900 ) ) ;
#2845 =( GEOMETRIC_REPRESENTATION_CONTEXT ( 3 ) GLOBAL_UNCERTAINTY_ASSIGNED_CONTEXT ( ( #4218 ) ) GLOBAL_UNIT_ASSIGNED_CONTEXT ( ( #4038, #2593, #798 ) ) REPRESENTATION_CONTEXT ( 'NONE', 'WORKASPACE' ) );
#2846 = CARTESIAN_POINT ( 'NONE',  ( 0.5500000000000000400, 0.04999999999999926700, 0.8499999999999998700 ) ) ;
#2847 = EDGE_CURVE ( 'NONE', #2558, #1687, #3981, .T. ) ;
#2848 = VERTEX_POINT ( 'NONE', #2915 ) ;
#2849 = EDGE_LOOP ( 'NONE', ( #2852, #4090, #2741, #85 ) ) ;
#2850 = CARTESIAN_POINT ( 'NONE',  ( -0.8249999999999999600, 0.2899999999999957100, 1.549999999999998300 ) ) ;
#2851 = DIRECTION ( 'NONE',  ( -2.915954978783975800E-031, 1.000000000000000000, -2.891205793294687300E-015 ) ) ;
#2852 = ORIENTED_EDGE ( 'NONE', *, *, #684, .T. ) ;
#2853 = EDGE_LOOP ( 'NONE', ( #1879, #4441, #3033, #228 ) ) ;
#2854 = FILL_AREA_STYLE ('',( #1733 ) ) ;
#2855 = STYLED_ITEM ( 'NONE', ( #1750 ), #401 ) ;
#2856 =( GEOMETRIC_REPRESENTATION_CONTEXT ( 3 ) GLOBAL_UNCERTAINTY_ASSIGNED_CONTEXT ( ( #3604 ) ) GLOBAL_UNIT_ASSIGNED_CONTEXT ( ( #2669, #3020, #3394 ) ) REPRESENTATION_CONTEXT ( 'NONE', 'WORKASPACE' ) );
#2857 = VECTOR ( 'NONE', #2474, 1000.000000000000000 ) ;
#2858 = EDGE_LOOP ( 'NONE', ( #2327, #3197, #2659, #251, #3630, #4000, #1303, #3191, #1012, #1129, #2045, #2117, #300, #3867, #2642, #100, #4159, #2075 ) ) ;
#2859 = CARTESIAN_POINT ( 'NONE',  ( 0.0000000000000000000, 0.2749999999999999700, -0.9000000000000003600 ) ) ;
#2860 = ORIENTED_EDGE ( 'NONE', *, *, #3102, .F. ) ;
#2861 = CARTESIAN_POINT ( 'NONE',  ( 0.9500000000000004000, 0.2750000000000000800, 0.8999999999999998000 ) ) ;
#2862 = PLANE ( 'NONE',  #3721 ) ;
#2863 = CARTESIAN_POINT ( 'NONE',  ( 1.035664823964985000, 0.7165353064317944200, 0.7497710900495734300 ) ) ;
#2864 = EDGE_CURVE ( 'NONE', #344, #2133, #2670, .T. ) ;
#2865 = CARTESIAN_POINT ( 'NONE',  ( 0.7916666666666790600, 0.4834646935682069800, 0.7957676532158964900 ) ) ;
#2866 = LINE ( 'NONE', #1521, #3859 ) ;
#2867 = LINE ( 'NONE', #1199, #2012 ) ;
#2868 = CARTESIAN_POINT ( 'NONE',  ( -0.8050000000000000500, 0.03500000000000258500, 1.550000000000002000 ) ) ;
#2869 = SURFACE_STYLE_USAGE ( .BOTH. , #2528 ) ;
#2870 =( LENGTH_UNIT ( ) NAMED_UNIT ( * ) SI_UNIT ( .MILLI., .METRE. ) );
#2871 = PLANE ( 'NONE',  #3808 ) ;
#2872 = FACE_OUTER_BOUND ( 'NONE', #4472, .T. ) ;
#2873 = VERTEX_POINT ( 'NONE', #197 ) ;
#2874 = EDGE_CURVE ( 'NONE', #3441, #3637, #1083, .T. ) ;
#2875 = VECTOR ( 'NONE', #3562, 1000.000000000000000 ) ;
#2876 = TOROIDAL_SURFACE ( 'NONE', #757, 0.01500000000000014500, 0.02000000000000000000 ) ;
#2877 = VECTOR ( 'NONE', #1094, 1000.000000000000000 ) ;
#2878 = ORIENTED_EDGE ( 'NONE', *, *, #3459, .F. ) ;
#2879 = PRESENTATION_STYLE_ASSIGNMENT (( #2967 ) ) ;
#2880 = PRESENTATION_LAYER_ASSIGNMENT (  '', '', ( #2653 ) ) ;
#2881 = CARTESIAN_POINT ( 'NONE',  ( -0.6000000000000005300, 0.0000000000000000000, -1.000000000000000000 ) ) ;
#2882 = SURFACE_STYLE_FILL_AREA ( #3729 ) ;
#2883 = CARTESIAN_POINT ( 'NONE',  ( -0.5541666666666583700, 0.7165353064317944200, -0.7957676532158920500 ) ) ;
#2884 = ADVANCED_FACE ( 'NONE', ( #3820 ), #3751, .T. ) ;
#2885 = ORIENTED_EDGE ( 'NONE', *, *, #1843, .F. ) ;
#2886 = CARTESIAN_POINT ( 'NONE',  ( -0.8249999999999999600, 0.2900000000000001500, 0.8836479909237158200 ) ) ;
#2887 = LINE ( 'NONE', #714, #4109 ) ;
#2888 = CARTESIAN_POINT ( 'NONE',  ( 1.045767653215896600, 0.4834646935682069800, 0.5833333333333302600 ) ) ;
#2889 = LINE ( 'NONE', #2530, #331 ) ;
#2890 =( NAMED_UNIT ( * ) SI_UNIT ( $, .STERADIAN. ) SOLID_ANGLE_UNIT ( ) );
#2891 = LINE ( 'NONE', #1882, #2037 ) ;
#2892 = MECHANICAL_DESIGN_GEOMETRIC_PRESENTATION_REPRESENTATION (  '', ( #3545 ), #1697 ) ;
#2893 =( BOUNDED_CURVE ( )  B_SPLINE_CURVE ( 3, ( #1939, #3387, #551, #1951 ),
 .UNSPECIFIED., .F., .F. ) 
 B_SPLINE_CURVE_WITH_KNOTS ( ( 4, 4 ),
 ( 0.0000000000000000000, 1.000000000000000000 ),
 .UNSPECIFIED. ) 
 CURVE ( )  GEOMETRIC_REPRESENTATION_ITEM ( )  RATIONAL_B_SPLINE_CURVE ( ( 1.000000000000000000, 0.9296181273332770900, 0.9296181273332770900, 1.000000000000000000 ) ) 
 REPRESENTATION_ITEM ( '' )  );
#2894 = LINE ( 'NONE', #3829, #4122 ) ;
#2895 = VERTEX_POINT ( 'NONE', #1923 ) ;
#2896 = ORIENTED_EDGE ( 'NONE', *, *, #4191, .F. ) ;
#2897 = CARTESIAN_POINT ( 'NONE',  ( -1.050000000000000000, 1.200000000000000000, -1.000000000000000200 ) ) ;
#2898 = CARTESIAN_POINT ( 'NONE',  ( -0.3166666666666636500, 0.9250000000000011500, 0.8999999999999915800 ) ) ;
#2899 = DIRECTION ( 'NONE',  ( 0.0000000000000000000, 0.0000000000000000000, 1.000000000000000000 ) ) ;
#2900 = DIRECTION ( 'NONE',  ( -0.8944271909999139700, 0.4472135954999618100, 0.0000000000000000000 ) ) ;
#2901 = EDGE_CURVE ( 'NONE', #1407, #1558, #1746, .T. ) ;
#2902 = CARTESIAN_POINT ( 'NONE',  ( 0.5500000000000000400, 0.04999999999999926700, 0.8499999999999998700 ) ) ;
#2903 = DIRECTION ( 'NONE',  ( 0.7071067811865460200, 0.0000000000000000000, 0.7071067811865489100 ) ) ;
#2904 = DIRECTION ( 'NONE',  ( 0.0000000000000000000, 0.0000000000000000000, -1.000000000000000000 ) ) ;
#2905 = DIRECTION ( 'NONE',  ( -1.491907544018794300E-016, 0.0000000000000000000, 1.000000000000000000 ) ) ;
#2906 = CARTESIAN_POINT ( 'NONE',  ( 0.0000000000000000000, 0.2749999999999999700, -1.000000000000000000 ) ) ;
#2907 = CARTESIAN_POINT ( 'NONE',  ( 0.8249999999999998400, 0.2749999999999999700, 0.9000000000000004700 ) ) ;
#2908 = CARTESIAN_POINT ( 'NONE',  ( -1.149999999999999900, 0.9250000000000011500, -0.1166666666666674200 ) ) ;
#2909 = VERTEX_POINT ( 'NONE', #3731 ) ;
#2910 = ORIENTED_EDGE ( 'NONE', *, *, #715, .T. ) ;
#2911 =( NAMED_UNIT ( * ) PLANE_ANGLE_UNIT ( ) SI_UNIT ( $, .RADIAN. ) );
#2912 = DIRECTION ( 'NONE',  ( -0.0000000000000000000, -0.0000000000000000000, 1.000000000000000000 ) ) ;
#2913 = ORIENTED_EDGE ( 'NONE', *, *, #1536, .F. ) ;
#2914 = STYLED_ITEM ( 'NONE', ( #3431 ), #1359 ) ;
#2915 = CARTESIAN_POINT ( 'NONE',  ( 0.6999999999999999600, 0.05000000000000042600, 0.9000000000000012400 ) ) ;
#2916 = CARTESIAN_POINT ( 'NONE',  ( 0.8202169588818135600, 0.3095513677165942500, 0.8838433441261749300 ) ) ;
#2917 = ORIENTED_EDGE ( 'NONE', *, *, #2337, .T. ) ;
#2918 = ORIENTED_EDGE ( 'NONE', *, *, #3869, .T. ) ;
#2919 =( NAMED_UNIT ( * ) SI_UNIT ( $, .STERADIAN. ) SOLID_ANGLE_UNIT ( ) );
#2920 = FACE_OUTER_BOUND ( 'NONE', #105, .T. ) ;
#2921 = EDGE_LOOP ( 'NONE', ( #1775, #3195, #3125, #1990, #3345 ) ) ;
#2922 = DIRECTION ( 'NONE',  ( 0.6666666666666646300, -0.3333333333333359800, 0.6666666666666675200 ) ) ;
#2923 = VERTEX_POINT ( 'NONE', #210 ) ;
#2924 = DIRECTION ( 'NONE',  ( 1.000000000000000000, -0.0000000000000000000, 0.0000000000000000000 ) ) ;
#2926 = CARTESIAN_POINT ( 'NONE',  ( -1.149999999999993500, 0.9250000000000011500, 0.4083333333333353200 ) ) ;
#2925 = LINE ( 'NONE', #4163, #260 ) ;
#2927 = EDGE_CURVE ( 'NONE', #2589, #392, #2939, .T. ) ;
#2928 = ADVANCED_FACE ( 'NONE', ( #57 ), #4118, .T. ) ;
#2929 = CARTESIAN_POINT ( 'NONE',  ( -0.6333333333333233100, 0.7165353064317944200, 0.7957676532158968200 ) ) ;
#2930 = VECTOR ( 'NONE', #2790, 1000.000000000000000 ) ;
#2931 = CARTESIAN_POINT ( 'NONE',  ( 0.6000000000000005300, 0.0000000000000000000, 1.000000000000000000 ) ) ;
#2932 = DIRECTION ( 'NONE',  ( 0.0000000000000000000, -1.000000000000000000, 0.0000000000000000000 ) ) ;
#2933 = COLOUR_RGB ( '',0.7921568627450980000, 0.8196078431372548800, 0.9333333333333333500 ) ;
#2934 = FILL_AREA_STYLE ('',( #2954 ) ) ;
#2935 =( NAMED_UNIT ( * ) SI_UNIT ( $, .STERADIAN. ) SOLID_ANGLE_UNIT ( ) );
#2936 = CARTESIAN_POINT ( 'NONE',  ( -1.045767653215884200, 0.7165353064317944200, -0.2333333333333271800 ) ) ;
#2937 = FACE_OUTER_BOUND ( 'NONE', #3580, .T. ) ;
#2938 =( LENGTH_UNIT ( ) NAMED_UNIT ( * ) SI_UNIT ( .MILLI., .METRE. ) );
#2939 = CIRCLE ( 'NONE', #263, 0.03500000000000019800 ) ;
#2940 = CARTESIAN_POINT ( 'NONE',  ( 1.049999999999999400, 1.200000000000000000, -1.000000000000000000 ) ) ;
#2941 = AXIS2_PLACEMENT_3D ( 'NONE', #1231, #4514, #1568 ) ;
#2942 =( NAMED_UNIT ( * ) SI_UNIT ( $, .STERADIAN. ) SOLID_ANGLE_UNIT ( ) );
#2943 = CARTESIAN_POINT ( 'NONE',  ( 1.150000000000000100, 0.9250000000000011500, -0.4083333333333354400 ) ) ;
#2945 = EDGE_CURVE ( 'NONE', #786, #2752, #871, .T. ) ;
#2944 = SURFACE_STYLE_FILL_AREA ( #574 ) ;
#2946 = SURFACE_STYLE_USAGE ( .BOTH. , #1491 ) ;
#2947 = CARTESIAN_POINT ( 'NONE',  ( -0.1583333333333332100, 0.7165353064317944200, 0.7957676532158967100 ) ) ;
#2948 = MECHANICAL_DESIGN_GEOMETRIC_PRESENTATION_REPRESENTATION (  '', ( #700 ), #2383 ) ;
#2949 = VECTOR ( 'NONE', #418, 1000.000000000000000 ) ;
#2950 = FACE_OUTER_BOUND ( 'NONE', #3480, .T. ) ;
#2951 = UNCERTAINTY_MEASURE_WITH_UNIT (LENGTH_MEASURE( 1.000000000000000100E-005 ), #234, 'distance_accuracy_value', 'NONE');
#2952 = ORIENTED_EDGE ( 'NONE', *, *, #1215, .T. ) ;
#2953 = FILL_AREA_STYLE_COLOUR ( '', #3055 ) ;
#2954 = FILL_AREA_STYLE_COLOUR ( '', #1970 ) ;
#2955 = DIRECTION ( 'NONE',  ( 1.008560160451631400E-016, 0.0000000000000000000, -1.000000000000000000 ) ) ;
#2956 = AXIS2_PLACEMENT_3D ( 'NONE', #961, #1348, #3860 ) ;
#2957 = ORIENTED_EDGE ( 'NONE', *, *, #4443, .F. ) ;
#2958 = ADVANCED_FACE ( 'NONE', ( #380 ), #2645, .T. ) ;
#2959 = PRESENTATION_LAYER_ASSIGNMENT (  '', '', ( #4273 ) ) ;
#2960 = CARTESIAN_POINT ( 'NONE',  ( -0.6999999999999995100, 1.200000000000000000, 0.9000000000000005800 ) ) ;
#2961 = ORIENTED_EDGE ( 'NONE', *, *, #1915, .F. ) ;
#2962 = DIRECTION ( 'NONE',  ( 0.0000000000000000000, -1.000000000000000000, -5.421010862427523000E-015 ) ) ;
#2963 = CARTESIAN_POINT ( 'NONE',  ( 0.0000000000000000000, 0.0000000000000000000, 0.0000000000000000000 ) ) ;
#2964 = DIRECTION ( 'NONE',  ( 0.0000000000000000000, 0.0000000000000000000, 1.000000000000000000 ) ) ;
#2965 = EDGE_CURVE ( 'NONE', #2051, #247, #2275, .T. ) ;
#2966 = CARTESIAN_POINT ( 'NONE',  ( 0.3160934358441886400, 0.9249999999999999300, -0.9000000000000004700 ) ) ;
#2967 = SURFACE_STYLE_USAGE ( .BOTH. , #4047 ) ;
#2968 = VERTEX_POINT ( 'NONE', #2289 ) ;
#2969 = ORIENTED_EDGE ( 'NONE', *, *, #543, .T. ) ;
#2970 = VERTEX_POINT ( 'NONE', #2776 ) ;
#2971 = VERTEX_POINT ( 'NONE', #3421 ) ;
#2972 = FILL_AREA_STYLE_COLOUR ( '', #2317 ) ;
#2973 = CARTESIAN_POINT ( 'NONE',  ( 1.002352345025681900, 0.9250000000000011500, 0.8999345874017091700 ) ) ;
#2974 = ADVANCED_FACE ( 'NONE', ( #1195 ), #2555, .T. ) ;
#2975 = PLANE ( 'NONE',  #3591 ) ;
#2976 = STYLED_ITEM ( 'NONE', ( #2490 ), #3844 ) ;
#2977 = SURFACE_STYLE_FILL_AREA ( #3088 ) ;
#2978 = SURFACE_SIDE_STYLE ('',( #2615 ) ) ;
#2979 = MECHANICAL_DESIGN_GEOMETRIC_PRESENTATION_REPRESENTATION (  '', ( #4180 ), #1052 ) ;
#2980 = CARTESIAN_POINT ( 'NONE',  ( 1.091421356288382500, 0.2749999999999999700, 0.8414213561862362600 ) ) ;
#2981 = CARTESIAN_POINT ( 'NONE',  ( 0.9499999999999996200, 0.9250000000000009300, 0.8999999999999999100 ) ) ;
#2982 = ORIENTED_EDGE ( 'NONE', *, *, #2186, .F. ) ;
#2983 = VECTOR ( 'NONE', #4532, 1000.000000000000000 ) ;
#2984 = DIRECTION ( 'NONE',  ( 1.000000000000000000, -6.505213034913026600E-016, 0.0000000000000000000 ) ) ;
#2985 = CARTESIAN_POINT ( 'NONE',  ( 1.150000000000000100, 0.2749999999999999700, 0.7526595750838142000 ) ) ;
#2986 = CARTESIAN_POINT ( 'NONE',  ( 0.1583333333333444600, 0.9250000000000011500, -0.9000000000000001300 ) ) ;
#2987 = EDGE_CURVE ( 'NONE', #3012, #2787, #3433, .T. ) ;
#2988 = LINE ( 'NONE', #4215, #750 ) ;
#2989 = FACE_OUTER_BOUND ( 'NONE', #3703, .T. ) ;
#2990 = COLOUR_RGB ( '',0.2509803921568627400, 0.2509803921568627400, 0.2509803921568627400 ) ;
#2991 =( NAMED_UNIT ( * ) PLANE_ANGLE_UNIT ( ) SI_UNIT ( $, .RADIAN. ) );
#2992 = VECTOR ( 'NONE', #3667, 1000.000000000000000 ) ;
#2993 = EDGE_LOOP ( 'NONE', ( #3001, #3383, #2957, #794 ) ) ;
#2994 = CARTESIAN_POINT ( 'NONE',  ( 0.02500000000000129900, 0.2749999999999999700, -0.02500000000000122300 ) ) ;
#2995 = LINE ( 'NONE', #836, #2619 ) ;
#2997 = CARTESIAN_POINT ( 'NONE',  ( 1.149934587401703500, 0.2750000000000000200, 0.7523523450256495200 ) ) ;
#2996 = VECTOR ( 'NONE', #3995, 1000.000000000000000 ) ;
#2998 = CARTESIAN_POINT ( 'NONE',  ( 1.045767653215896600, 0.7165353064317944200, -0.2333333333333322500 ) ) ;
#2999 = LINE ( 'NONE', #3319, #113 ) ;
#3000 = ADVANCED_FACE ( 'NONE', ( #1392 ), #604, .T. ) ;
#3001 = ORIENTED_EDGE ( 'NONE', *, *, #1944, .T. ) ;
#3002 = VECTOR ( 'NONE', #3665, 1000.000000000000000 ) ;
#3003 = EDGE_LOOP ( 'NONE', ( #4087, #1880, #2694, #419 ) ) ;
#3004 = VECTOR ( 'NONE', #4354, 1000.000000000000000 ) ;
#3005 = DIRECTION ( 'NONE',  ( 0.0000000000000000000, -1.000000000000000000, 0.0000000000000000000 ) ) ;
#3006 = CARTESIAN_POINT ( 'NONE',  ( -0.8449999999999999700, 0.05000000000000042600, 0.9000000000000004700 ) ) ;
#3007 = EDGE_CURVE ( 'NONE', #631, #4594, #2326, .T. ) ;
#3008 = ORIENTED_EDGE ( 'NONE', *, *, #2496, .F. ) ;
#3009 = CARTESIAN_POINT ( 'NONE',  ( 0.8449999999999999700, 0.2749999999999995800, 0.9000000000000004700 ) ) ;
#3010 = AXIS2_PLACEMENT_3D ( 'NONE', #462, #835, #2287 ) ;
#3011 = FILL_AREA_STYLE_COLOUR ( '', #4046 ) ;
#3012 = VERTEX_POINT ( 'NONE', #279 ) ;
#3013 = PLANE ( 'NONE',  #1287 ) ;
#3014 = ORIENTED_EDGE ( 'NONE', *, *, #89, .T. ) ;
#3015 =( LENGTH_UNIT ( ) NAMED_UNIT ( * ) SI_UNIT ( .MILLI., .METRE. ) );
#3016 = CARTESIAN_POINT ( 'NONE',  ( 0.1583333333333444600, 0.2750000000000000200, -0.9000000000000000200 ) ) ;
#3017 = PRESENTATION_LAYER_ASSIGNMENT (  '', '', ( #2303 ) ) ;
#3018 = AXIS2_PLACEMENT_3D ( 'NONE', #863, #2964, #804 ) ;
#3019 = DIRECTION ( 'NONE',  ( 1.000000000000000000, -0.0000000000000000000, 0.0000000000000000000 ) ) ;
#3020 =( NAMED_UNIT ( * ) PLANE_ANGLE_UNIT ( ) SI_UNIT ( $, .RADIAN. ) );
#3021 = ADVANCED_FACE ( 'NONE', ( #3553 ), #1647, .T. ) ;
#3022 = CARTESIAN_POINT ( 'NONE',  ( -0.8249999999999999600, 0.03500000000000036400, 0.9000000000000010200 ) ) ;
#3023 = CARTESIAN_POINT ( 'NONE',  ( -0.9499999999999995100, 0.05000000000000023900, 0.9000000000000003600 ) ) ;
#3024 = CARTESIAN_POINT ( 'NONE',  ( 1.049999999999999400, 0.0000000000000000000, -1.000000000000000200 ) ) ;
#3025 =( NAMED_UNIT ( * ) PLANE_ANGLE_UNIT ( ) SI_UNIT ( $, .RADIAN. ) );
#3026 = CARTESIAN_POINT ( 'NONE',  ( -1.149999999999999500, 0.2750000000000000200, 0.5833333333333350400 ) ) ;
#3027 = VERTEX_POINT ( 'NONE', #1020 ) ;
#3028 = VERTEX_POINT ( 'NONE', #3520 ) ;
#3029 = CARTESIAN_POINT ( 'NONE',  ( -0.5541666666666583700, 0.7165353064317944200, -0.7957676532158920500 ) ) ;
#3030 = CARTESIAN_POINT ( 'NONE',  ( 1.249999999999998400, 0.04999999999999861500, -0.8500000000000000900 ) ) ;
#3031 = ORIENTED_EDGE ( 'NONE', *, *, #612, .F. ) ;
#3032 = STYLED_ITEM ( 'NONE', ( #3881 ), #2305 ) ;
#3033 = ORIENTED_EDGE ( 'NONE', *, *, #2157, .T. ) ;
#3034 = EDGE_LOOP ( 'NONE', ( #4608, #2135, #4521, #729 ) ) ;
#3035 = MANIFOLD_SOLID_BREP ( 'Housing B', #1584 ) ;
#3036 = SURFACE_SIDE_STYLE ('',( #3470 ) ) ;
#3037 = CARTESIAN_POINT ( 'NONE',  ( 0.0000000000000000000, 0.4834646935682069800, -0.7957676532158964900 ) ) ;
#3038 = LINE ( 'NONE', #1946, #4272 ) ;
#3039 = UNCERTAINTY_MEASURE_WITH_UNIT (LENGTH_MEASURE( 1.000000000000000100E-005 ), #4324, 'distance_accuracy_value', 'NONE');
#3040 = VECTOR ( 'NONE', #3509, 1000.000000000000000 ) ;
#3041 =( GEOMETRIC_REPRESENTATION_CONTEXT ( 3 ) GLOBAL_UNCERTAINTY_ASSIGNED_CONTEXT ( ( #3288 ) ) GLOBAL_UNIT_ASSIGNED_CONTEXT ( ( #2652, #4034, #486 ) ) REPRESENTATION_CONTEXT ( 'NONE', 'WORKASPACE' ) );
#3042 = CARTESIAN_POINT ( 'NONE',  ( 0.8449999999999999700, 0.05000000000000020400, 0.8499999999999997600 ) ) ;
#3043 = SURFACE_SIDE_STYLE ('',( #4030 ) ) ;
#3044 =( GEOMETRIC_REPRESENTATION_CONTEXT ( 3 ) GLOBAL_UNCERTAINTY_ASSIGNED_CONTEXT ( ( #3518 ) ) GLOBAL_UNIT_ASSIGNED_CONTEXT ( ( #4085, #1924, #4436 ) ) REPRESENTATION_CONTEXT ( 'NONE', 'WORKASPACE' ) );
#3045 = SURFACE_STYLE_USAGE ( .BOTH. , #3710 ) ;
#3046 = CARTESIAN_POINT ( 'NONE',  ( 1.149999999999999900, 0.2750000000000000200, -0.5833333333333355900 ) ) ;
#3047 = EDGE_LOOP ( 'NONE', ( #2681, #4600, #39, #1042, #477, #123, #2596, #2913, #1212 ) ) ;
#3048 = CARTESIAN_POINT ( 'NONE',  ( 0.9499999999999998400, 0.05000000000000023900, -1.000000000000000200 ) ) ;
#3049 = VECTOR ( 'NONE', #303, 1000.000000000000000 ) ;
#3050 = FILL_AREA_STYLE_COLOUR ( '', #497 ) ;
#3051 = DIRECTION ( 'NONE',  ( -1.000000000000000000, 0.0000000000000000000, 0.0000000000000000000 ) ) ;
#3052 = SURFACE_STYLE_USAGE ( .BOTH. , #1306 ) ;
#3053 = VECTOR ( 'NONE', #107, 1000.000000000000000 ) ;
#3054 = PRESENTATION_STYLE_ASSIGNMENT (( #624 ) ) ;
#3055 = COLOUR_RGB ( '',0.2509803921568627400, 0.2509803921568627400, 0.2509803921568627400 ) ;
#3056 = DIRECTION ( 'NONE',  ( 1.000000000000000000, -7.589415207398535000E-016, 4.336808689942017700E-016 ) ) ;
#3057 = CARTESIAN_POINT ( 'NONE',  ( 0.0000000000000000000, 0.9250000000000004900, -0.9000000000000003600 ) ) ;
#3058 = PRESENTATION_STYLE_ASSIGNMENT (( #3045 ) ) ;
#3059 = CARTESIAN_POINT ( 'NONE',  ( 1.049999999999999400, 0.0000000000000000000, 0.8499999999999998700 ) ) ;
#3060 = CARTESIAN_POINT ( 'NONE',  ( -0.8224643908234912100, 0.3098386160329800200, 0.8837182493461620500 ) ) ;
#3061 = FACE_OUTER_BOUND ( 'NONE', #2625, .T. ) ;
#3062 = CARTESIAN_POINT ( 'NONE',  ( -1.250000000000001300, 0.05000000000000035000, 0.8499999999999998700 ) ) ;
#3063 = ORIENTED_EDGE ( 'NONE', *, *, #3459, .T. ) ;
#3064 = CARTESIAN_POINT ( 'NONE',  ( -1.150072875168515400, 0.2750000000000000200, -0.6416750585470097900 ) ) ;
#3065 = VECTOR ( 'NONE', #1627, 1000.000000000000000 ) ;
#3066 = CARTESIAN_POINT ( 'NONE',  ( 1.035664823964983300, 0.7165353064317944200, -0.7497710900495839800 ) ) ;
#3067 = VECTOR ( 'NONE', #573, 1000.000000000000000 ) ;
#3068 = ORIENTED_EDGE ( 'NONE', *, *, #4191, .T. ) ;
#3069 = EDGE_CURVE ( 'NONE', #344, #3901, #1922, .T. ) ;
#3070 = DIRECTION ( 'NONE',  ( -4.336808689942017700E-016, 0.0000000000000000000, 1.000000000000000000 ) ) ;
#3071 =( NAMED_UNIT ( * ) PLANE_ANGLE_UNIT ( ) SI_UNIT ( $, .RADIAN. ) );
#3072 =( LENGTH_UNIT ( ) NAMED_UNIT ( * ) SI_UNIT ( .MILLI., .METRE. ) );
#3073 = CARTESIAN_POINT ( 'NONE',  ( -1.149999999999999700, 0.2750000000000001300, 0.7000000000000005100 ) ) ;
#3074 = DIRECTION ( 'NONE',  ( -1.000000000000000000, 0.0000000000000000000, -0.0000000000000000000 ) ) ;
#3075 = CARTESIAN_POINT ( 'NONE',  ( 1.054185413717774600, 0.2749999999999999700, 0.8786572988644754100 ) ) ;
#3076 = CARTESIAN_POINT ( 'NONE',  ( -1.149999999999999700, 0.2750000000000001300, 0.7000000000000005100 ) ) ;
#3077 = AXIS2_PLACEMENT_3D ( 'NONE', #4241, #2448, #4596 ) ;
#3078 = CARTESIAN_POINT ( 'NONE',  ( -0.9499999999999995100, 1.200000000000000000, 0.9000000000000003600 ) ) ;
#3079 = AXIS2_PLACEMENT_3D ( 'NONE', #1754, #2842, #4275 ) ;
#3080 = FILL_AREA_STYLE_COLOUR ( '', #872 ) ;
#3081 = CARTESIAN_POINT ( 'NONE',  ( -0.7916666666666764000, 0.4834646935682069800, 0.7957676532158968200 ) ) ;
#3082 = PRODUCT_DEFINITION_FORMATION_WITH_SPECIFIED_SOURCE ( 'ANY', '', #192, .NOT_KNOWN. ) ;
#3083 = SURFACE_STYLE_USAGE ( .BOTH. , #1252 ) ;
#3084 = CARTESIAN_POINT ( 'NONE',  ( -1.250000000000000000, 1.200000000000000000, 0.0000000000000000000 ) ) ;
#3085 = EDGE_CURVE ( 'NONE', #1949, #399, #2307, .T. ) ;
#3086 = ORIENTED_EDGE ( 'NONE', *, *, #3466, .T. ) ;
#3087 = ORIENTED_EDGE ( 'NONE', *, *, #201, .F. ) ;
#3088 = FILL_AREA_STYLE ('',( #4079 ) ) ;
#3089 = ORIENTED_EDGE ( 'NONE', *, *, #1474, .T. ) ;
#3090 = CARTESIAN_POINT ( 'NONE',  ( -0.8249999999999998400, 0.05000000000000042600, 0.9000000000000004700 ) ) ;
#3091 = CARTESIAN_POINT ( 'NONE',  ( 0.9997710900495795400, 0.4834646935682069800, -0.7856648239649822700 ) ) ;
#3092 = VECTOR ( 'NONE', #3451, 1000.000000000000000 ) ;
#3093 = CARTESIAN_POINT ( 'NONE',  ( 0.1583333333333332400, 0.7165353064317944200, 0.7957676532158967100 ) ) ;
#3094 =( BOUNDED_CURVE ( )  B_SPLINE_CURVE ( 3, ( #2336, #3037, #1286, #3057 ),
 .UNSPECIFIED., .F., .T. ) 
 B_SPLINE_CURVE_WITH_KNOTS ( ( 4, 4 ),
 ( 0.0000000000000000000, 1.000000000000000000 ),
 .UNSPECIFIED. ) 
 CURVE ( )  GEOMETRIC_REPRESENTATION_ITEM ( )  RATIONAL_B_SPLINE_CURVE ( ( 1.000000000000000000, 0.9296181273332770900, 0.9296181273332770900, 1.000000000000000000 ) ) 
 REPRESENTATION_ITEM ( '' )  );
#3095 = CARTESIAN_POINT ( 'NONE',  ( 1.249999999999998700, 0.04999999999999861500, 0.8499999999999998700 ) ) ;
#3096 =( NAMED_UNIT ( * ) PLANE_ANGLE_UNIT ( ) SI_UNIT ( $, .RADIAN. ) );
#3097 = CARTESIAN_POINT ( 'NONE',  ( 1.249999999999998400, 0.04999999999999861500, -0.8500000000000000900 ) ) ;
#3098 =( NAMED_UNIT ( * ) SI_UNIT ( $, .STERADIAN. ) SOLID_ANGLE_UNIT ( ) );
#3099 = ORIENTED_EDGE ( 'NONE', *, *, #940, .F. ) ;
#3100 = STYLED_ITEM ( 'NONE', ( #3549 ), #3356 ) ;
#3101 = DIRECTION ( 'NONE',  ( -0.0000000000000000000, -1.000000000000000000, -0.0000000000000000000 ) ) ;
#3102 = EDGE_CURVE ( 'NONE', #2339, #586, #4400, .T. ) ;
#3103 =( NAMED_UNIT ( * ) PLANE_ANGLE_UNIT ( ) SI_UNIT ( $, .RADIAN. ) );
#3104 = CIRCLE ( 'NONE', #4361, 0.7267220926874317100 ) ;
#3105 = MECHANICAL_DESIGN_GEOMETRIC_PRESENTATION_REPRESENTATION (  '', ( #336 ), #1175 ) ;
#3106 = ORIENTED_EDGE ( 'NONE', *, *, #1523, .T. ) ;
#3107 = AXIS2_PLACEMENT_3D ( 'NONE', #1142, #3909, #4297 ) ;
#3108 = FILL_AREA_STYLE ('',( #4162 ) ) ;
#3109 = DIRECTION ( 'NONE',  ( 0.0000000000000000000, 0.0000000000000000000, -1.000000000000000000 ) ) ;
#3110 = CARTESIAN_POINT ( 'NONE',  ( 1.045767653215896600, 0.4834646935682069800, -0.4083333333333355500 ) ) ;
#3111 = VECTOR ( 'NONE', #2181, 1000.000000000000000 ) ;
#3112 = DIRECTION ( 'NONE',  ( -1.000000000000000000, 6.505213034913026600E-016, 0.0000000000000000000 ) ) ;
#3113 = EDGE_CURVE ( 'NONE', #1365, #80, #1564, .T. ) ;
#3114 = DIRECTION ( 'NONE',  ( 0.0000000000000000000, 0.0000000000000000000, -1.000000000000000000 ) ) ;
#3115 = DIRECTION ( 'NONE',  ( 4.336808689942017700E-016, 0.0000000000000000000, -1.000000000000000000 ) ) ;
#3116 =( NAMED_UNIT ( * ) PLANE_ANGLE_UNIT ( ) SI_UNIT ( $, .RADIAN. ) );
#3117 = FILL_AREA_STYLE ('',( #4568 ) ) ;
#3118 = SURFACE_STYLE_USAGE ( .BOTH. , #4550 ) ;
#3119 = LINE ( 'NONE', #1464, #1200 ) ;
#3120 = VERTEX_POINT ( 'NONE', #1824 ) ;
#3121 = LINE ( 'NONE', #1178, #175 ) ;
#3122 = EDGE_CURVE ( 'NONE', #4242, #3027, #4466, .T. ) ;
#3123 = DIRECTION ( 'NONE',  ( -1.008560160451631600E-016, -3.388131789017105500E-015, -1.000000000000000000 ) ) ;
#3124 = COLOUR_RGB ( '',0.2509803921568627400, 0.2509803921568627400, 0.2509803921568627400 ) ;
#3125 = ORIENTED_EDGE ( 'NONE', *, *, #425, .T. ) ;
#3126 = CARTESIAN_POINT ( 'NONE',  ( -0.8450000000000000800, 0.6000000000000004200, 1.550000000000000300 ) ) ;
#3127 = CARTESIAN_POINT ( 'NONE',  ( -0.9887122884057527600, 0.4834646935682069800, -0.7957363311607520400 ) ) ;
#3128 = AXIS2_PLACEMENT_3D ( 'NONE', #3375, #1189, #4084 ) ;
#3129 = CARTESIAN_POINT ( 'NONE',  ( -0.02500000000000099000, 0.2749999999999999700, -0.02500000000000091700 ) ) ;
#3130 = EDGE_CURVE ( 'NONE', #1448, #4126, #3262, .T. ) ;
#3131 = UNCERTAINTY_MEASURE_WITH_UNIT (LENGTH_MEASURE( 1.000000000000000100E-005 ), #4289, 'distance_accuracy_value', 'NONE');
#3132 = ORIENTED_EDGE ( 'NONE', *, *, #3789, .T. ) ;
#3133 = CARTESIAN_POINT ( 'NONE',  ( -0.6999999999999996200, 0.05000000000000005100, 0.8499999999999998700 ) ) ;
#3134 = ORIENTED_EDGE ( 'NONE', *, *, #74, .F. ) ;
#3135 = CARTESIAN_POINT ( 'NONE',  ( 0.6000000000000005300, 0.0000000000000000000, -1.000000000000000200 ) ) ;
#3136 = CARTESIAN_POINT ( 'NONE',  ( 1.150000000000000400, 0.9249999999999999300, -0.2339304131730000900 ) ) ;
#3137 = PRESENTATION_LAYER_ASSIGNMENT (  '', '', ( #2855 ) ) ;
#3138 = CARTESIAN_POINT ( 'NONE',  ( -0.8049999999999999400, 0.05000000000000020400, 0.8499999999999997600 ) ) ;
#3139 = CARTESIAN_POINT ( 'NONE',  ( -0.5500000000000000400, 1.888477631085024000, 0.8499999999999998700 ) ) ;
#3140 = ORIENTED_EDGE ( 'NONE', *, *, #4470, .F. ) ;
#3141 = SURFACE_SIDE_STYLE ('',( #4044 ) ) ;
#3142 = CARTESIAN_POINT ( 'NONE',  ( 0.6333333333333418500, 0.4834646935682069800, -0.7957676532158964900 ) ) ;
#3143 = ORIENTED_EDGE ( 'NONE', *, *, #4367, .F. ) ;
#3144 = CARTESIAN_POINT ( 'NONE',  ( 1.149999999999999900, 0.2750000000000000200, 0.1166666666666671500 ) ) ;
#3145 = FILL_AREA_STYLE ('',( #3818 ) ) ;
#3146 = CARTESIAN_POINT ( 'NONE',  ( 1.250000000000000000, 0.2749999999999999700, 0.0000000000000000000 ) ) ;
#3147 = MECHANICAL_DESIGN_GEOMETRIC_PRESENTATION_REPRESENTATION (  '', ( #422 ), #1772 ) ;
#3148 = ORIENTED_EDGE ( 'NONE', *, *, #1358, .T. ) ;
#3149 = B_SPLINE_CURVE_WITH_KNOTS ( 'NONE', 3,
 ( #3629, #1833, #2966, #1477 ),
 .UNSPECIFIED., .F., .F.,
 ( 4, 4 ),
 ( 0.0000000000000000000, 0.4995470393754257200 ),
 .UNSPECIFIED. ) ;
#3150 = EDGE_CURVE ( 'NONE', #64, #1407, #3218, .T. ) ;
#3151 = CARTESIAN_POINT ( 'NONE',  ( -1.053941337974261900, 0.2750000000000000200, 0.8789013745003564400 ) ) ;
#3152 = ORIENTED_EDGE ( 'NONE', *, *, #2927, .F. ) ;
#3153 = EDGE_LOOP ( 'NONE', ( #3972, #726, #3935, #3193 ) ) ;
#3154 = CARTESIAN_POINT ( 'NONE',  ( -1.149999999999999900, 0.2750000000000000200, -0.5833333333330729100 ) ) ;
#3155 = VERTEX_POINT ( 'NONE', #2198 ) ;
#3156 = LINE ( 'NONE', #1518, #4604 ) ;
#3157 = SURFACE_STYLE_USAGE ( .BOTH. , #1684 ) ;
#3158 = CARTESIAN_POINT ( 'NONE',  ( -1.045767653215896600, 0.7165353064317944200, -0.4666666666666677800 ) ) ;
#3159 = EDGE_CURVE ( 'NONE', #958, #2631, #1341, .T. ) ;
#3160 = CARTESIAN_POINT ( 'NONE',  ( 1.149999999999999900, 0.2750000000000000200, -0.4083333333333354400 ) ) ;
#3161 = VERTEX_POINT ( 'NONE', #4306 ) ;
#3162 = DIRECTION ( 'NONE',  ( -0.0000000000000000000, -1.000000000000000000, -0.0000000000000000000 ) ) ;
#3163 = CARTESIAN_POINT ( 'NONE',  ( 0.0000000000000000000, 1.200000000000000000, -1.000000000000000000 ) ) ;
#3164 = MECHANICAL_DESIGN_GEOMETRIC_PRESENTATION_REPRESENTATION (  '', ( #4202 ), #2626 ) ;
#3165 = FILL_AREA_STYLE ('',( #1372 ) ) ;
#3166 = FACE_OUTER_BOUND ( 'NONE', #3304, .T. ) ;
#3167 = PLANE ( 'NONE',  #1652 ) ;
#3168 = CIRCLE ( 'NONE', #2452, 0.02000000000000005200 ) ;
#3169 = CARTESIAN_POINT ( 'NONE',  ( 0.8049999999999999400, 0.5999999999999985300, 0.9149999999999997000 ) ) ;
#3170 = CARTESIAN_POINT ( 'NONE',  ( -1.149999999999999900, 0.2750000000000000200, -0.4666666666666675600 ) ) ;
#3171 = DIRECTION ( 'NONE',  ( 1.000000000000000000, 0.0000000000000000000, -1.008560160451631600E-016 ) ) ;
#3172 = CIRCLE ( 'NONE', #2473, 0.02000000000000000000 ) ;
#3173 = CARTESIAN_POINT ( 'NONE',  ( -0.8434080898390168300, 0.2981069423220917300, 0.8889473379183933100 ) ) ;
#3174 = CARTESIAN_POINT ( 'NONE',  ( -0.3166666666666636500, 0.7165353064317944200, 0.7957676532158878300 ) ) ;
#3175 = CARTESIAN_POINT ( 'NONE',  ( 1.128901374500352000, 0.2750000000000000200, -0.8039413379742668100 ) ) ;
#3176 = CIRCLE ( 'NONE', #325, 0.03500000000000042000 ) ;
#3177 = EDGE_CURVE ( 'NONE', #3634, #3012, #972, .T. ) ;
#3178 = FILL_AREA_STYLE_COLOUR ( '', #4219 ) ;
#3179 = CARTESIAN_POINT ( 'NONE',  ( 0.3155202058409119500, 0.2749999999999999700, 0.9000000000000009100 ) ) ;
#3180 =( NAMED_UNIT ( * ) SI_UNIT ( $, .STERADIAN. ) SOLID_ANGLE_UNIT ( ) );
#3181 = ORIENTED_EDGE ( 'NONE', *, *, #3412, .T. ) ;
#3182 = SURFACE_STYLE_FILL_AREA ( #2072 ) ;
#3183 = VERTEX_POINT ( 'NONE', #4318 ) ;
#3184 = DIRECTION ( 'NONE',  ( 1.008560160451631600E-016, 0.0000000000000000000, -1.000000000000000000 ) ) ;
#3185 = CARTESIAN_POINT ( 'NONE',  ( -1.045767653215896600, 0.7165353064317944200, -0.1166666666666674600 ) ) ;
#3186 = UNCERTAINTY_MEASURE_WITH_UNIT (LENGTH_MEASURE( 1.000000000000000100E-005 ), #3813, 'distance_accuracy_value', 'NONE');
#3187 = MECHANICAL_DESIGN_GEOMETRIC_PRESENTATION_REPRESENTATION (  '', ( #1383 ), #4381 ) ;
#3188 = EDGE_CURVE ( 'NONE', #3993, #3790, #2506, .T. ) ;
#3189 = CARTESIAN_POINT ( 'NONE',  ( 1.150000000000000100, 0.9250000000000011500, -0.4666666666666664500 ) ) ;
#3190 = MECHANICAL_DESIGN_GEOMETRIC_PRESENTATION_REPRESENTATION (  '', ( #2794 ), #613 ) ;
#3191 = ORIENTED_EDGE ( 'NONE', *, *, #365, .F. ) ;
#3192 = AXIS2_PLACEMENT_3D ( 'NONE', #724, #394, #407 ) ;
#3193 = ORIENTED_EDGE ( 'NONE', *, *, #2987, .T. ) ;
#3194 =( GEOMETRIC_REPRESENTATION_CONTEXT ( 3 ) GLOBAL_UNCERTAINTY_ASSIGNED_CONTEXT ( ( #3717 ) ) GLOBAL_UNIT_ASSIGNED_CONTEXT ( ( #1108, #1451, #2572 ) ) REPRESENTATION_CONTEXT ( 'NONE', 'WORKASPACE' ) );
#3195 = ORIENTED_EDGE ( 'NONE', *, *, #3850, .F. ) ;
#3196 = ORIENTED_EDGE ( 'NONE', *, *, #4066, .T. ) ;
#3197 = ORIENTED_EDGE ( 'NONE', *, *, #308, .T. ) ;
#3198 = CARTESIAN_POINT ( 'NONE',  ( -0.8398997928421377800, 0.3034959656643468300, 0.8865140620139964100 ) ) ;
#3199 = CARTESIAN_POINT ( 'NONE',  ( -0.6333333333333233100, 0.4834646935682069800, 0.7957676532158968200 ) ) ;
#3200 = ORIENTED_EDGE ( 'NONE', *, *, #381, .F. ) ;
#3201 = ORIENTED_EDGE ( 'NONE', *, *, #2058, .T. ) ;
#3202 = STYLED_ITEM ( 'NONE', ( #1017 ), #1826 ) ;
#3203 = CARTESIAN_POINT ( 'NONE',  ( -1.150000000000000100, 0.9250000000000011500, -0.4666666666666675600 ) ) ;
#3204 = CARTESIAN_POINT ( 'NONE',  ( 1.128901374500349300, 0.9250000000000011500, 0.8039413379742609300 ) ) ;
#3205 = ORIENTED_EDGE ( 'NONE', *, *, #3177, .T. ) ;
#3206 = CARTESIAN_POINT ( 'NONE',  ( -0.6000000000000005300, 0.2749999999999999700, 1.000000000000000000 ) ) ;
#3207 = VECTOR ( 'NONE', #4258, 1000.000000000000000 ) ;
#3208 = COLOUR_RGB ( '',0.7921568627450980000, 0.8196078431372548800, 0.9333333333333333500 ) ;
#3209 = CIRCLE ( 'NONE', #4350, 0.1999999999999999800 ) ;
#3210 = CIRCLE ( 'NONE', #2447, 0.02000000000000005200 ) ;
#3211 = ORIENTED_EDGE ( 'NONE', *, *, #1014, .F. ) ;
#3212 = CARTESIAN_POINT ( 'NONE',  ( 0.8914681054472913800, 0.4834646935682069800, 0.7958150112849845500 ) ) ;
#3213 = ADVANCED_FACE ( 'NONE', ( #1297 ), #2862, .F. ) ;
#3214 = CARTESIAN_POINT ( 'NONE',  ( -1.250000000000000000, 0.2749999999999999700, -1.000000000000000000 ) ) ;
#3215 = COLOUR_RGB ( '',0.2509803921568627400, 0.2509803921568627400, 0.2509803921568627400 ) ;
#3216 = AXIS2_PLACEMENT_3D ( 'NONE', #3090, #1300, #1646 ) ;
#3217 = CARTESIAN_POINT ( 'NONE',  ( -1.250000000000001300, 0.05000000000000035000, 0.8499999999999998700 ) ) ;
#3219 =( GEOMETRIC_REPRESENTATION_CONTEXT ( 3 ) GLOBAL_UNCERTAINTY_ASSIGNED_CONTEXT ( ( #333 ) ) GLOBAL_UNIT_ASSIGNED_CONTEXT ( ( #2203, #2585, #2935 ) ) REPRESENTATION_CONTEXT ( 'NONE', 'WORKASPACE' ) );
#3218 = LINE ( 'NONE', #1395, #3715 ) ;
#3220 = PRESENTATION_STYLE_ASSIGNMENT (( #426 ) ) ;
#3221 = AXIS2_PLACEMENT_3D ( 'NONE', #3809, #2740, #602 ) ;
#3222 = DIRECTION ( 'NONE',  ( 0.0000000000000000000, 0.0000000000000000000, -1.000000000000000000 ) ) ;
#3223 = LINE ( 'NONE', #2710, #1871 ) ;
#3224 =( NAMED_UNIT ( * ) PLANE_ANGLE_UNIT ( ) SI_UNIT ( $, .RADIAN. ) );
#3225 = CARTESIAN_POINT ( 'NONE',  ( 0.5541666666666667000, 0.7165353064317944200, 0.7957676532158922700 ) ) ;
#3226 = PRESENTATION_STYLE_ASSIGNMENT (( #2464 ) ) ;
#3227 = PRESENTATION_LAYER_ASSIGNMENT (  '', '', ( #4427 ) ) ;
#3228 = ORIENTED_EDGE ( 'NONE', *, *, #4555, .T. ) ;
#3229 = EDGE_CURVE ( 'NONE', #1407, #83, #4334, .T. ) ;
#3230 = DIRECTION ( 'NONE',  ( 0.0000000000000000000, 0.0000000000000000000, -1.000000000000000000 ) ) ;
#3231 =( NAMED_UNIT ( * ) PLANE_ANGLE_UNIT ( ) SI_UNIT ( $, .RADIAN. ) );
#3232 = DIRECTION ( 'NONE',  ( 1.008560160451631600E-016, 6.630391210202588800E-015, -1.000000000000000000 ) ) ;
#3233 = ORIENTED_EDGE ( 'NONE', *, *, #1196, .F. ) ;
#3234 = MANIFOLD_SOLID_BREP ( 'Wire 2', #1330 ) ;
#3235 = ORIENTED_EDGE ( 'NONE', *, *, #2314, .T. ) ;
#3236 = ADVANCED_FACE ( 'NONE', ( #3330 ), #3623, .F. ) ;
#3237 = CARTESIAN_POINT ( 'NONE',  ( -0.02500000000000137200, 1.200000000000000000, 0.02500000000000129900 ) ) ;
#3238 = ORIENTED_EDGE ( 'NONE', *, *, #2534, .F. ) ;
#3239 = EDGE_CURVE ( 'NONE', #4373, #3903, #4396, .T. ) ;
#3240 = DIRECTION ( 'NONE',  ( -1.000000000000000000, -0.0000000000000000000, -0.0000000000000000000 ) ) ;
#3241 = DIRECTION ( 'NONE',  ( -0.7071067811865464600, 0.0000000000000000000, 0.7071067811865486800 ) ) ;
#3242 = CARTESIAN_POINT ( 'NONE',  ( -0.1583333333333331300, 0.9250000000000011500, 0.9000000000000001300 ) ) ;
#3243 = CARTESIAN_POINT ( 'NONE',  ( 1.045767653215896600, 0.4834646935682069800, -0.4666666666666665600 ) ) ;
#3244 =( GEOMETRIC_REPRESENTATION_CONTEXT ( 3 ) GLOBAL_UNCERTAINTY_ASSIGNED_CONTEXT ( ( #2510 ) ) GLOBAL_UNIT_ASSIGNED_CONTEXT ( ( #652, #1382, #1737 ) ) REPRESENTATION_CONTEXT ( 'NONE', 'WORKASPACE' ) );
#3245 = EDGE_CURVE ( 'NONE', #2971, #2589, #857, .T. ) ;
#3246 = CARTESIAN_POINT ( 'NONE',  ( 1.049999999999999400, 0.2749999999999999700, 1.000000000000000000 ) ) ;
#3247 = FILL_AREA_STYLE_COLOUR ( '', #361 ) ;
#3248 = PRODUCT_RELATED_PRODUCT_CATEGORY ( 'part', '', ( #192 ) ) ;
#3249 = VECTOR ( 'NONE', #93, 1000.000000000000000 ) ;
#3250 = ORIENTED_EDGE ( 'NONE', *, *, #1495, .T. ) ;
#3251 = ORIENTED_EDGE ( 'NONE', *, *, #2172, .F. ) ;
#3252 = CARTESIAN_POINT ( 'NONE',  ( 1.045802548635228300, 0.7165353064317944200, -0.6568712355927790500 ) ) ;
#3253 = CARTESIAN_POINT ( 'NONE',  ( -1.150072875168514800, 0.9250000000000011500, -0.6416750585464954200 ) ) ;
#3254 = CIRCLE ( 'NONE', #977, 0.02000000000000005200 ) ;
#3255 = DIRECTION ( 'NONE',  ( 0.0000000000000000000, 0.0000000000000000000, -1.000000000000000000 ) ) ;
#3256 = CARTESIAN_POINT ( 'NONE',  ( 1.250000000000000000, 0.2749999999999999700, 1.000000000000000000 ) ) ;
#3257 = ORIENTED_EDGE ( 'NONE', *, *, #4526, .F. ) ;
#3258 = EDGE_CURVE ( 'NONE', #1961, #3183, #1793, .T. ) ;
#3259 = EDGE_LOOP ( 'NONE', ( #2682, #3469, #1902, #2592, #2434, #2749, #435, #556, #428 ) ) ;
#3260 = DIRECTION ( 'NONE',  ( -1.275531967630005000E-016, 8.297607182274969700E-032, -1.000000000000000000 ) ) ;
#3261 = STYLED_ITEM ( 'NONE', ( #706 ), #2613 ) ;
#3262 = LINE ( 'NONE', #1800, #274 ) ;
#3263 = VERTEX_POINT ( 'NONE', #3353 ) ;
#3264 = DIRECTION ( 'NONE',  ( -1.000000000000000000, -0.0000000000000000000, 1.008560160451631500E-016 ) ) ;
#3265 = CARTESIAN_POINT ( 'NONE',  ( 1.045767653215896600, 0.7165353064317944200, -0.1166666666666704600 ) ) ;
#3266 = CARTESIAN_POINT ( 'NONE',  ( 0.9887122884057428800, 0.4834646935682069800, -0.7957363311607520400 ) ) ;
#3267 = CARTESIAN_POINT ( 'NONE',  ( -1.049999999999998900, 0.0000000000000000000, -0.8500000000000000900 ) ) ;
#3268 = VECTOR ( 'NONE', #3463, 999.9999999999998900 ) ;
#3269 = DIRECTION ( 'NONE',  ( -1.008560160451631600E-016, 3.388131789017105500E-015, 1.000000000000000000 ) ) ;
#3270 = PLANE ( 'NONE',  #1950 ) ;
#3271 =( LENGTH_UNIT ( ) NAMED_UNIT ( * ) SI_UNIT ( .MILLI., .METRE. ) );
#3273 = CARTESIAN_POINT ( 'NONE',  ( 0.8063161432034065000, 0.2971353693110020400, 0.8893957194525481400 ) ) ;
#3272 = FACE_OUTER_BOUND ( 'NONE', #3951, .T. ) ;
#3274 = AXIS2_PLACEMENT_3D ( 'NONE', #3309, #3962, #2905 ) ;
#3275 = CIRCLE ( 'NONE', #1331, 0.02000000000000005200 ) ;
#3276 = ADVANCED_FACE ( 'NONE', ( #2270 ), #2876, .T. ) ;
#3277 = MECHANICAL_DESIGN_GEOMETRIC_PRESENTATION_REPRESENTATION (  '', ( #3664 ), #3374 ) ;
#3278 = PLANE ( 'NONE',  #788 ) ;
#3279 = ORIENTED_EDGE ( 'NONE', *, *, #2089, .F. ) ;
#3280 = DIRECTION ( 'NONE',  ( 1.008560160451631600E-016, -6.630391210202588800E-015, 1.000000000000000000 ) ) ;
#3281 = EDGE_LOOP ( 'NONE', ( #2738, #2591, #4595, #2487, #3468, #1440, #1703, #2008, #2092, #2638, #727, #1378, #1954, #4536, #4142, #2306 ) ) ;
#3282 = CARTESIAN_POINT ( 'NONE',  ( 1.150000000000000400, 0.2749999999999999700, 0.2339304131730335900 ) ) ;
#3283 = CARTESIAN_POINT ( 'NONE',  ( -0.8249999999999998400, 0.2749999999999999700, 0.9350000000000007200 ) ) ;
#3284 = CARTESIAN_POINT ( 'NONE',  ( -1.149999999999987500, 0.9250000000000011500, -0.2333333333333271500 ) ) ;
#3285 = FILL_AREA_STYLE_COLOUR ( '', #124 ) ;
#3286 = CARTESIAN_POINT ( 'NONE',  ( -0.7916666666666764000, 0.7165353064317944200, 0.7957676532158968200 ) ) ;
#3287 = PLANE ( 'NONE',  #3734 ) ;
#3288 = UNCERTAINTY_MEASURE_WITH_UNIT (LENGTH_MEASURE( 1.000000000000000100E-005 ), #2652, 'distance_accuracy_value', 'NONE');
#3289 = PLANE ( 'NONE',  #3541 ) ;
#3290 = VERTEX_POINT ( 'NONE', #474 ) ;
#3291 = CARTESIAN_POINT ( 'NONE',  ( -0.6999999999999999600, 0.2749999999999999700, -0.9000000000000003600 ) ) ;
#3292 = CARTESIAN_POINT ( 'NONE',  ( -1.045767653215902600, 0.7165353064317944200, -0.4083333333333344900 ) ) ;
#3293 = CARTESIAN_POINT ( 'NONE',  ( -0.6999999999999995100, 0.2749999999999999700, 0.9000000000000006900 ) ) ;
#3294 = EDGE_CURVE ( 'NONE', #145, #1077, #2091, .T. ) ;
#3295 = CARTESIAN_POINT ( 'NONE',  ( -1.091422122874836900, 0.9250000000000010400, -0.8414205917009484100 ) ) ;
#3296 = CARTESIAN_POINT ( 'NONE',  ( 1.150000000000000100, 0.9250000000000011500, 0.2333333333333335600 ) ) ;
#3297 = ORIENTED_EDGE ( 'NONE', *, *, #2965, .F. ) ;
#3298 = ADVANCED_FACE ( 'NONE', ( #808 ), #4382, .T. ) ;
#3299 = CARTESIAN_POINT ( 'NONE',  ( 0.6000000000000005300, 1.200000000000000000, 1.000000000000000000 ) ) ;
#3300 = AXIS2_PLACEMENT_3D ( 'NONE', #1788, #2187, #783 ) ;
#3301 = ORIENTED_EDGE ( 'NONE', *, *, #1467, .T. ) ;
#3302 =( LENGTH_UNIT ( ) NAMED_UNIT ( * ) SI_UNIT ( .MILLI., .METRE. ) );
#3303 = CARTESIAN_POINT ( 'NONE',  ( -1.250000000000000000, 0.9249999999999999300, 1.000000000000000000 ) ) ;
#3304 = EDGE_LOOP ( 'NONE', ( #472, #1724, #3031, #583 ) ) ;
#3305 = CARTESIAN_POINT ( 'NONE',  ( -2.710505431213761100E-017, 0.2750000000000000200, 0.9000000000000000200 ) ) ;
#3306 = ORIENTED_EDGE ( 'NONE', *, *, #2692, .T. ) ;
#3307 = LINE ( 'NONE', #4558, #3092 ) ;
#3308 = CARTESIAN_POINT ( 'NONE',  ( -1.250000000000000000, 0.2749999999999999700, 1.000000000000000000 ) ) ;
#3309 = CARTESIAN_POINT ( 'NONE',  ( -0.8450000000000000800, 0.6000000000000004200, 1.550000000000000300 ) ) ;
#3310 = VECTOR ( 'NONE', #2742, 1000.000000000000000 ) ;
#3311 = CARTESIAN_POINT ( 'NONE',  ( -0.5500000000000000400, 0.0000000000000000000, 0.8499999999999998700 ) ) ;
#3312 = DIRECTION ( 'NONE',  ( -4.510617857806378900E-031, -1.000000000000000000, 4.472333961502635600E-015 ) ) ;
#3313 = CARTESIAN_POINT ( 'NONE',  ( -0.8449999999999999700, 0.03500000000000021100, 0.8499999999999997600 ) ) ;
#3314 = CARTESIAN_POINT ( 'NONE',  ( -1.149934587401704000, 0.9250000000000011500, -0.7523523450256463000 ) ) ;
#3315 = EDGE_CURVE ( 'NONE', #4296, #2873, #2501, .T. ) ;
#3316 = DIRECTION ( 'NONE',  ( 0.8944271909999139700, -0.4472135954999618100, 0.0000000000000000000 ) ) ;
#3317 = CYLINDRICAL_SURFACE ( 'NONE', #1305, 0.02000000000000000000 ) ;
#3318 = ORIENTED_EDGE ( 'NONE', *, *, #698, .T. ) ;
#3319 = CARTESIAN_POINT ( 'NONE',  ( 0.0000000000000000000, 0.0000000000000000000, -1.000000000000000000 ) ) ;
#3320 = VERTEX_POINT ( 'NONE', #3295 ) ;
#3321 = DIRECTION ( 'NONE',  ( -1.008560160451631700E-016, 0.0000000000000000000, -1.000000000000000000 ) ) ;
#3322 = LINE ( 'NONE', #2211, #1389 ) ;
#3323 = UNCERTAINTY_MEASURE_WITH_UNIT (LENGTH_MEASURE( 1.000000000000000100E-005 ), #3015, 'distance_accuracy_value', 'NONE');
#3324 = SURFACE_STYLE_USAGE ( .BOTH. , #3732 ) ;
#3325 = CARTESIAN_POINT ( 'NONE',  ( 0.8085243136718658400, 0.3016170607720876600, 0.8873561955446714900 ) ) ;
#3326 = VECTOR ( 'NONE', #844, 1000.000000000000000 ) ;
#3327 = ADVANCED_FACE ( 'NONE', ( #2766 ), #3336, .F. ) ;
#3328 =( NAMED_UNIT ( * ) PLANE_ANGLE_UNIT ( ) SI_UNIT ( $, .RADIAN. ) );
#3329 = CARTESIAN_POINT ( 'NONE',  ( -1.250000000000001100, 0.05000000000000035000, -0.8500000000000000900 ) ) ;
#3330 = FACE_OUTER_BOUND ( 'NONE', #3679, .T. ) ;
#3331 = VECTOR ( 'NONE', #2696, 1000.000000000000000 ) ;
#3332 = LINE ( 'NONE', #3097, #704 ) ;
#3333 = CARTESIAN_POINT ( 'NONE',  ( 1.249999999999999800, 0.0000000000000000000, -0.8500000000000000900 ) ) ;
#3334 = AXIS2_PLACEMENT_3D ( 'NONE', #3048, #953, #4199 ) ;
#3335 = CARTESIAN_POINT ( 'NONE',  ( -0.8249999999999999600, 0.01499999999999997200, 0.9000000000000011300 ) ) ;
#3336 = PLANE ( 'NONE',  #1695 ) ;
#3337 = CARTESIAN_POINT ( 'NONE',  ( -1.150000000000000100, 0.9250000000000011500, -0.5833333333333299300 ) ) ;
#3338 = EDGE_CURVE ( 'NONE', #80, #2895, #4450, .T. ) ;
#3339 = DIRECTION ( 'NONE',  ( 0.0000000000000000000, 0.0000000000000000000, -1.000000000000000000 ) ) ;
#3340 = AXIS2_PLACEMENT_3D ( 'NONE', #896, #3070, #2680 ) ;
#3341 = ORIENTED_EDGE ( 'NONE', *, *, #3229, .T. ) ;
#3342 = VECTOR ( 'NONE', #1979, 1000.000000000000000 ) ;
#3343 = SURFACE_STYLE_FILL_AREA ( #2346 ) ;
#3344 = DIRECTION ( 'NONE',  ( -1.275531967630005000E-016, 8.297607182274969700E-032, 1.000000000000000000 ) ) ;
#3345 = ORIENTED_EDGE ( 'NONE', *, *, #1245, .F. ) ;
#3346 =( NAMED_UNIT ( * ) PLANE_ANGLE_UNIT ( ) SI_UNIT ( $, .RADIAN. ) );
#3347 = PLANE ( 'NONE',  #4083 ) ;
#3348 = CARTESIAN_POINT ( 'NONE',  ( 0.8249999999999998400, 0.3100000000000001600, 0.8836479909237159300 ) ) ;
#3349 = DIRECTION ( 'NONE',  ( -0.0000000000000000000, -5.421010862427523000E-015, 1.000000000000000000 ) ) ;
#3350 = STYLED_ITEM ( 'NONE', ( #2703 ), #2183 ) ;
#3351 = VERTEX_POINT ( 'NONE', #1974 ) ;
#3352 = CARTESIAN_POINT ( 'NONE',  ( -1.150072875168514100, 0.2749999999999999100, 0.6416750585464907600 ) ) ;
#3353 = CARTESIAN_POINT ( 'NONE',  ( 1.150000000000000400, 0.9250000000000004900, 0.6982087604809996700 ) ) ;
#3354 = DIRECTION ( 'NONE',  ( 1.000000000000000000, 0.0000000000000000000, 0.0000000000000000000 ) ) ;
#3355 = PLANE ( 'NONE',  #4144 ) ;
#3356 = ADVANCED_FACE ( 'NONE', ( #967 ), #2744, .F. ) ;
#3357 = EDGE_LOOP ( 'NONE', ( #1790, #3341, #465, #1862 ) ) ;
#3358 = CARTESIAN_POINT ( 'NONE',  ( 1.250000000000000000, 0.9249999999999999300, 1.000000000000000000 ) ) ;
#3359 = EDGE_CURVE ( 'NONE', #839, #1281, #3862, .T. ) ;
#3360 = CARTESIAN_POINT ( 'NONE',  ( -0.9482803075323887900, 0.2749999999999996300, -0.9000000000000004700 ) ) ;
#3361 = CARTESIAN_POINT ( 'NONE',  ( 0.7916666666666789500, 0.2750000000000000200, 0.8999999999999999100 ) ) ;
#3362 = CARTESIAN_POINT ( 'NONE',  ( 1.045767653215896600, 0.7165353064317944200, -0.1166666666666704600 ) ) ;
#3363 = VERTEX_POINT ( 'NONE', #2102 ) ;
#3364 = AXIS2_PLACEMENT_3D ( 'NONE', #9, #3896, #2838 ) ;
#3365 = EDGE_CURVE ( 'NONE', #205, #3161, #4494, .T. ) ;
#3366 = ORIENTED_EDGE ( 'NONE', *, *, #773, .F. ) ;
#3367 = ORIENTED_EDGE ( 'NONE', *, *, #3900, .F. ) ;
#3368 = CARTESIAN_POINT ( 'NONE',  ( -3.903127820947819400E-016, 1.200000000000000000, 0.9000000000000008000 ) ) ;
#3369 = CARTESIAN_POINT ( 'NONE',  ( -0.8249999999999999600, 0.05000000000000050200, 0.9150000000000010300 ) ) ;
#3370 = ORIENTED_EDGE ( 'NONE', *, *, #3900, .T. ) ;
#3371 = CARTESIAN_POINT ( 'NONE',  ( -0.5500000000000000400, 0.04999999999999991300, 0.8499999999999998700 ) ) ;
#3372 = MECHANICAL_DESIGN_GEOMETRIC_PRESENTATION_REPRESENTATION (  '', ( #2855 ), #3661 ) ;
#3373 =( NAMED_UNIT ( * ) PLANE_ANGLE_UNIT ( ) SI_UNIT ( $, .RADIAN. ) );
#3374 =( GEOMETRIC_REPRESENTATION_CONTEXT ( 3 ) GLOBAL_UNCERTAINTY_ASSIGNED_CONTEXT ( ( #4617 ) ) GLOBAL_UNIT_ASSIGNED_CONTEXT ( ( #3271, #3025, #1221 ) ) REPRESENTATION_CONTEXT ( 'NONE', 'WORKASPACE' ) );
#3375 = CARTESIAN_POINT ( 'NONE',  ( 1.249999999999999800, 1.888477631085024000, -0.8500000000000000900 ) ) ;
#3376 = CARTESIAN_POINT ( 'NONE',  ( -1.149999999999999900, 0.2750000000000000200, -0.1166666666666674200 ) ) ;
#3377 = CARTESIAN_POINT ( 'NONE',  ( -1.035664823964987300, 0.7165353064317944200, -0.7497710900495767600 ) ) ;
#3378 = ADVANCED_FACE ( 'NONE', ( #2088 ), #683, .T. ) ;
#3379 = UNCERTAINTY_MEASURE_WITH_UNIT (LENGTH_MEASURE( 1.000000000000000100E-005 ), #3478, 'distance_accuracy_value', 'NONE');
#3380 = B_SPLINE_CURVE_WITH_KNOTS ( 'NONE', 3,
 ( #4581, #4224, #2414, #2053 ),
 .UNSPECIFIED., .F., .F.,
 ( 4, 4 ),
 ( 0.0000000000000000000, 1.000000000000000000 ),
 .UNSPECIFIED. ) ;
#3381 = CARTESIAN_POINT ( 'NONE',  ( -1.249999999999999800, 1.888477631085024000, -0.8500000000000000900 ) ) ;
#3382 = CARTESIAN_POINT ( 'NONE',  ( -0.9499999999999998400, 1.200000000000000000, -0.9000000000000000200 ) ) ;
#3383 = ORIENTED_EDGE ( 'NONE', *, *, #327, .F. ) ;
#3384 = EDGE_CURVE ( 'NONE', #3920, #1883, #2782, .T. ) ;
#3385 = VECTOR ( 'NONE', #4516, 1000.000000000000000 ) ;
#3386 = SURFACE_STYLE_FILL_AREA ( #4352 ) ;
#3387 = CARTESIAN_POINT ( 'NONE',  ( -1.457859604668627000E-017, 0.4834646935682069800, 0.7957676532158964900 ) ) ;
#3388 = CARTESIAN_POINT ( 'NONE',  ( -1.149999999999999900, 0.2750000000000000200, -0.4083333333333345500 ) ) ;
#3389 = LINE ( 'NONE', #1525, #2774 ) ;
#3390 = EDGE_CURVE ( 'NONE', #1425, #607, #321, .T. ) ;
#3391 = CARTESIAN_POINT ( 'NONE',  ( -3.903127820947819400E-016, 1.200000000000000000, 0.9000000000000008000 ) ) ;
#3392 = VECTOR ( 'NONE', #3260, 1000.000000000000000 ) ;
#3393 = VECTOR ( 'NONE', #4405, 1000.000000000000100 ) ;
#3394 =( NAMED_UNIT ( * ) SI_UNIT ( $, .STERADIAN. ) SOLID_ANGLE_UNIT ( ) );
#3395 =( GEOMETRIC_REPRESENTATION_CONTEXT ( 3 ) GLOBAL_UNCERTAINTY_ASSIGNED_CONTEXT ( ( #4351 ) ) GLOBAL_UNIT_ASSIGNED_CONTEXT ( ( #2870, #1080, #1417 ) ) REPRESENTATION_CONTEXT ( 'NONE', 'WORKASPACE' ) );
#3396 = ORIENTED_EDGE ( 'NONE', *, *, #3825, .F. ) ;
#3397 = CARTESIAN_POINT ( 'NONE',  ( 0.8249999999999998400, 0.2749999999999999100, 0.9150000000000007000 ) ) ;
#3398 = CARTESIAN_POINT ( 'NONE',  ( 1.150072875168515400, 0.2750000000000000200, 0.6416750585470066800 ) ) ;
#3399 = AXIS2_PLACEMENT_3D ( 'NONE', #4545, #2373, #658 ) ;
#3400 = DIRECTION ( 'NONE',  ( 2.755064884739722300E-029, -1.000000000000000000, 5.082197683525789400E-015 ) ) ;
#3401 = CARTESIAN_POINT ( 'NONE',  ( 0.0000000000000000000, 1.200000000000000000, 1.000000000000000000 ) ) ;
#3402 = CARTESIAN_POINT ( 'NONE',  ( 1.249999999999999800, 0.04999999999999861500, -0.8500000000000000900 ) ) ;
#3403 = DIRECTION ( 'NONE',  ( -1.000000000000000000, 0.0000000000000000000, -1.008560160451631700E-016 ) ) ;
#3404 = CARTESIAN_POINT ( 'NONE',  ( 1.149999999999999900, 0.2750000000000000200, -0.4083333333333354400 ) ) ;
#3405 = VERTEX_POINT ( 'NONE', #1901 ) ;
#3406 = ORIENTED_EDGE ( 'NONE', *, *, #4040, .T. ) ;
#3407 = CARTESIAN_POINT ( 'NONE',  ( -1.049999999999998900, 0.0000000000000000000, -1.000000000000000200 ) ) ;
#3408 =( LENGTH_UNIT ( ) NAMED_UNIT ( * ) SI_UNIT ( .MILLI., .METRE. ) );
#3409 = ORIENTED_EDGE ( 'NONE', *, *, #3443, .T. ) ;
#3410 = PRESENTATION_LAYER_ASSIGNMENT (  '', '', ( #3032 ) ) ;
#3411 = ORIENTED_EDGE ( 'NONE', *, *, #2098, .F. ) ;
#3412 = EDGE_CURVE ( 'NONE', #2386, #1174, #2207, .T. ) ;
#3413 = AXIS2_PLACEMENT_3D ( 'NONE', #1280, #1620, #3444 ) ;
#3414 = DIRECTION ( 'NONE',  ( -0.0000000000000000000, -1.000000000000000000, -0.0000000000000000000 ) ) ;
#3415 = ORIENTED_EDGE ( 'NONE', *, *, #888, .F. ) ;
#3416 = PRESENTATION_STYLE_ASSIGNMENT (( #3118 ) ) ;
#3417 = FILL_AREA_STYLE ('',( #3080 ) ) ;
#3418 = APPLICATION_PROTOCOL_DEFINITION ( 'draft international standard', 'automotive_design', 1998, #4483 ) ;
#3419 = AXIS2_PLACEMENT_3D ( 'NONE', #2060, #1354, #3530 ) ;
#3420 = CARTESIAN_POINT ( 'NONE',  ( -0.8241527629921829900, 0.3100000000000005000, 0.8836479909237157100 ) ) ;
#3421 = CARTESIAN_POINT ( 'NONE',  ( -0.8249999999999999600, 0.05000000000000060600, 0.9350000000000013900 ) ) ;
#3422 = CARTESIAN_POINT ( 'NONE',  ( -0.3166666666666636500, 0.4834646935682069800, 0.7957676532158878300 ) ) ;
#3423 = SURFACE_STYLE_FILL_AREA ( #4228 ) ;
#3424 = CARTESIAN_POINT ( 'NONE',  ( -0.7916666666666760700, 0.9250000000000011500, 0.9000000000000002400 ) ) ;
#3425 = UNCERTAINTY_MEASURE_WITH_UNIT (LENGTH_MEASURE( 1.000000000000000100E-005 ), #1614, 'distance_accuracy_value', 'NONE');
#3426 = VECTOR ( 'NONE', #3575, 1000.000000000000000 ) ;
#3427 =( LENGTH_UNIT ( ) NAMED_UNIT ( * ) SI_UNIT ( .MILLI., .METRE. ) );
#3428 = SURFACE_STYLE_FILL_AREA ( #3683 ) ;
#3429 = ORIENTED_EDGE ( 'NONE', *, *, #320, .T. ) ;
#3430 = LINE ( 'NONE', #3217, #2877 ) ;
#3431 = PRESENTATION_STYLE_ASSIGNMENT (( #322 ) ) ;
#3432 = CARTESIAN_POINT ( 'NONE',  ( -0.5541666666666674700, 0.2750000000000000200, 0.9000000000000044600 ) ) ;
#3433 = LINE ( 'NONE', #1263, #2028 ) ;
#3434 = SURFACE_STYLE_FILL_AREA ( #1908 ) ;
#3435 = CARTESIAN_POINT ( 'NONE',  ( -0.8249999999999998400, 0.01500000000000019500, 0.8499999999999997600 ) ) ;
#3436 = VERTEX_POINT ( 'NONE', #2145 ) ;
#3437 = LINE ( 'NONE', #641, #2511 ) ;
#3438 = DIRECTION ( 'NONE',  ( 1.275531967630005000E-016, 0.0000000000000000000, 1.000000000000000000 ) ) ;
#3439 = CARTESIAN_POINT ( 'NONE',  ( -1.045767653215896600, 0.4834646935682069800, -0.5833333333333301500 ) ) ;
#3440 = CARTESIAN_POINT ( 'NONE',  ( 0.8914681054472913800, 0.7165353064317944200, 0.7958150112849845500 ) ) ;
#3441 = VERTEX_POINT ( 'NONE', #1683 ) ;
#3442 =( NAMED_UNIT ( * ) PLANE_ANGLE_UNIT ( ) SI_UNIT ( $, .RADIAN. ) );
#3443 = EDGE_CURVE ( 'NONE', #3351, #1596, #1186, .T. ) ;
#3444 = DIRECTION ( 'NONE',  ( -1.000000000000000000, 0.0000000000000000000, 0.0000000000000000000 ) ) ;
#3445 =( GEOMETRIC_REPRESENTATION_CONTEXT ( 3 ) GLOBAL_UNCERTAINTY_ASSIGNED_CONTEXT ( ( #4121 ) ) GLOBAL_UNIT_ASSIGNED_CONTEXT ( ( #2938, #468, #2224 ) ) REPRESENTATION_CONTEXT ( 'NONE', 'WORKASPACE' ) );
#3446 = CARTESIAN_POINT ( 'NONE',  ( 0.6999999999999999600, 0.05000000000000042600, -1.000000000000000200 ) ) ;
#3447 = ORIENTED_EDGE ( 'NONE', *, *, #1307, .F. ) ;
#3448 = CARTESIAN_POINT ( 'NONE',  ( 1.249999999999999800, 0.0000000000000000000, -0.8500000000000000900 ) ) ;
#3449 = CARTESIAN_POINT ( 'NONE',  ( 0.6999999999999999600, 1.200000000000000000, -0.9000000000000003600 ) ) ;
#3450 = SURFACE_SIDE_STYLE ('',( #4556 ) ) ;
#3451 = DIRECTION ( 'NONE',  ( -1.000000000000000000, -0.0000000000000000000, -0.0000000000000000000 ) ) ;
#3452 = EDGE_LOOP ( 'NONE', ( #576, #2128, #2205, #2699, #2810 ) ) ;
#3453 = CARTESIAN_POINT ( 'NONE',  ( -0.9997710900495794300, 0.4834646935682069800, -0.7856648239649849400 ) ) ;
#3454 = CARTESIAN_POINT ( 'NONE',  ( 1.035664823964985000, 0.7165353064317944200, 0.7497710900495734300 ) ) ;
#3455 = SURFACE_STYLE_USAGE ( .BOTH. , #264 ) ;
#3456 = UNCERTAINTY_MEASURE_WITH_UNIT (LENGTH_MEASURE( 1.000000000000000100E-005 ), #3803, 'distance_accuracy_value', 'NONE');
#3457 = AXIS2_PLACEMENT_3D ( 'NONE', #2141, #369, #3222 ) ;
#3458 =( LENGTH_UNIT ( ) NAMED_UNIT ( * ) SI_UNIT ( .MILLI., .METRE. ) );
#3459 = EDGE_CURVE ( 'NONE', #3648, #3993, #3544, .T. ) ;
#3460 = CARTESIAN_POINT ( 'NONE',  ( -1.250000000000000000, 1.200000000000000000, 1.000000000000000000 ) ) ;
#3461 = CARTESIAN_POINT ( 'NONE',  ( 0.6999999999999972900, 0.04999999999999903100, -0.8500000000000000900 ) ) ;
#3462 = CARTESIAN_POINT ( 'NONE',  ( 0.8249999999999998400, 0.3100000000000001600, 0.8836479909237159300 ) ) ;
#3463 = DIRECTION ( 'NONE',  ( -0.7071067811865464600, 0.0000000000000000000, 0.7071067811865486800 ) ) ;
#3464 = CARTESIAN_POINT ( 'NONE',  ( 1.045802548635228300, 0.4834646935682069800, -0.6568712355927790500 ) ) ;
#3465 = CARTESIAN_POINT ( 'NONE',  ( 0.8049999999999999400, 0.2749999999999995800, 0.9000000000000004700 ) ) ;
#3466 = EDGE_CURVE ( 'NONE', #2312, #4378, #4035, .T. ) ;
#3467 = ORIENTED_EDGE ( 'NONE', *, *, #4077, .F. ) ;
#3468 = ORIENTED_EDGE ( 'NONE', *, *, #2035, .T. ) ;
#3469 = ORIENTED_EDGE ( 'NONE', *, *, #3359, .T. ) ;
#3470 = SURFACE_STYLE_FILL_AREA ( #1931 ) ;
#3471 =( GEOMETRIC_REPRESENTATION_CONTEXT ( 3 ) GLOBAL_UNCERTAINTY_ASSIGNED_CONTEXT ( ( #3323 ) ) GLOBAL_UNIT_ASSIGNED_CONTEXT ( ( #3015, #4435, #1941 ) ) REPRESENTATION_CONTEXT ( 'NONE', 'WORKASPACE' ) );
#3472 = DIRECTION ( 'NONE',  ( -0.8944271909999135200, -0.4472135954999628100, 0.0000000000000000000 ) ) ;
#3473 = EDGE_CURVE ( 'NONE', #1325, #2732, #1503, .T. ) ;
#3474 = AXIS2_PLACEMENT_3D ( 'NONE', #4010, #2644, #3708 ) ;
#3475 = VECTOR ( 'NONE', #95, 1000.000000000000000 ) ;
#3476 =( LENGTH_UNIT ( ) NAMED_UNIT ( * ) SI_UNIT ( .MILLI., .METRE. ) );
#3477 = ORIENTED_EDGE ( 'NONE', *, *, #4281, .F. ) ;
#3478 =( LENGTH_UNIT ( ) NAMED_UNIT ( * ) SI_UNIT ( .MILLI., .METRE. ) );
#3479 = VECTOR ( 'NONE', #1846, 1000.000000000000000 ) ;
#3480 = EDGE_LOOP ( 'NONE', ( #828, #2535, #4365, #372, #3508, #4177, #2465, #4541, #752 ) ) ;
#3481 = VECTOR ( 'NONE', #3967, 1000.000000000000000 ) ;
#3482 = AXIS2_PLACEMENT_3D ( 'NONE', #1159, #1494, #1171 ) ;
#3483 = DIRECTION ( 'NONE',  ( 1.000000000000000000, -0.0000000000000000000, 0.0000000000000000000 ) ) ;
#3484 = ORIENTED_EDGE ( 'NONE', *, *, #3616, .T. ) ;
#3485 = DIRECTION ( 'NONE',  ( -1.000000000000000000, 0.0000000000000000000, -1.008560160451631600E-016 ) ) ;
#3487 = CARTESIAN_POINT ( 'NONE',  ( 0.9997710900495809800, 0.4834646935682069800, 0.7856648239649888200 ) ) ;
#3486 = VECTOR ( 'NONE', #806, 1000.000000000000000 ) ;
#3488 = CARTESIAN_POINT ( 'NONE',  ( -0.9997710900495809800, 0.4834646935682069800, 0.7856648239649886000 ) ) ;
#3489 = COLOUR_RGB ( '',0.7921568627450980000, 0.8196078431372548800, 0.9333333333333333500 ) ;
#3490 = CARTESIAN_POINT ( 'NONE',  ( 0.8449999999999999700, 0.2900000000000000400, 0.8927139131245819300 ) ) ;
#3491 = CARTESIAN_POINT ( 'NONE',  ( -0.8050000000000000500, 0.6000000000000004200, 1.550000000000000300 ) ) ;
#3492 = CIRCLE ( 'NONE', #3010, 0.2000000000000000900 ) ;
#3493 = COLOUR_RGB ( '',0.2509803921568627400, 0.2509803921568627400, 0.2509803921568627400 ) ;
#3494 = COLOUR_RGB ( '',0.2509803921568627400, 0.2509803921568627400, 0.2509803921568627400 ) ;
#3495 = VECTOR ( 'NONE', #180, 1000.000000000000000 ) ;
#3496 = CARTESIAN_POINT ( 'NONE',  ( -1.149999999999999900, 0.2750000000000000200, -0.1166666666666674200 ) ) ;
#3497 = EDGE_CURVE ( 'NONE', #1174, #2437, #1337, .T. ) ;
#3498 = DIRECTION ( 'NONE',  ( 0.0000000000000000000, 1.000000000000000000, -5.421010862427523000E-015 ) ) ;
#3499 = LINE ( 'NONE', #1336, #2621 ) ;
#3500 = SURFACE_STYLE_FILL_AREA ( #3636 ) ;
#3501 = EDGE_LOOP ( 'NONE', ( #952, #643, #1483, #1545 ) ) ;
#3502 = CARTESIAN_POINT ( 'NONE',  ( -0.8312043826511109600, 0.3090133015649619300, 0.8840782768660799800 ) ) ;
#3503 = CARTESIAN_POINT ( 'NONE',  ( -0.9887122884057527600, 0.7165353064317944200, -0.7957363311607520400 ) ) ;
#3504 = CARTESIAN_POINT ( 'NONE',  ( 1.149999999999999900, 0.2750000000000000200, -0.1166666666666704000 ) ) ;
#3505 = AXIS2_PLACEMENT_3D ( 'NONE', #889, #4127, #2697 ) ;
#3506 = CARTESIAN_POINT ( 'NONE',  ( -1.149999999999999900, 0.9250000000000004900, 0.6982087604810987000 ) ) ;
#3507 = EDGE_CURVE ( 'NONE', #2677, #1940, #3210, .T. ) ;
#3508 = ORIENTED_EDGE ( 'NONE', *, *, #1585, .T. ) ;
#3509 = DIRECTION ( 'NONE',  ( 1.000000000000000000, -0.0000000000000000000, 0.0000000000000000000 ) ) ;
#3510 =( NAMED_UNIT ( * ) PLANE_ANGLE_UNIT ( ) SI_UNIT ( $, .RADIAN. ) );
#3511 = VERTEX_POINT ( 'NONE', #2547 ) ;
#3512 = ORIENTED_EDGE ( 'NONE', *, *, #1536, .T. ) ;
#3513 = ADVANCED_FACE ( 'NONE', ( #2436 ), #1028, .T. ) ;
#3514 = CARTESIAN_POINT ( 'NONE',  ( 0.6999999999999999600, 0.05000000000000042600, 0.8499999999999998700 ) ) ;
#3515 = CARTESIAN_POINT ( 'NONE',  ( 0.5541666666666734700, 0.2750000000000000200, -0.9000000000000042400 ) ) ;
#3516 = CARTESIAN_POINT ( 'NONE',  ( 3.903127820947818400E-016, 0.2749999999999999700, -0.9000000000000005800 ) ) ;
#3517 = STYLED_ITEM ( 'NONE', ( #504 ), #457 ) ;
#3518 = UNCERTAINTY_MEASURE_WITH_UNIT (LENGTH_MEASURE( 1.000000000000000100E-005 ), #4085, 'distance_accuracy_value', 'NONE');
#3519 = CARTESIAN_POINT ( 'NONE',  ( 0.8449999999999999700, 0.2900000000000000900, 0.9000000000000003600 ) ) ;
#3520 = CARTESIAN_POINT ( 'NONE',  ( -1.250000000000000000, 0.9249999999999999300, -1.000000000000000000 ) ) ;
#3521 = CARTESIAN_POINT ( 'NONE',  ( 0.5541666666666667000, 0.4834646935682069800, 0.7957676532158922700 ) ) ;
#3522 = CARTESIAN_POINT ( 'NONE',  ( 1.128901374500355100, 0.2750000000000000200, 0.8039413379742608200 ) ) ;
#3523 = ORIENTED_EDGE ( 'NONE', *, *, #4221, .F. ) ;
#3524 = CARTESIAN_POINT ( 'NONE',  ( 1.250000000000000000, 0.0000000000000000000, 0.0000000000000000000 ) ) ;
#3525 = EDGE_CURVE ( 'NONE', #2552, #3931, #262, .T. ) ;
#3526 = CARTESIAN_POINT ( 'NONE',  ( -1.149999999999999900, 0.2750000000000000200, -0.1166666666666674200 ) ) ;
#3527 = ORIENTED_EDGE ( 'NONE', *, *, #3841, .T. ) ;
#3528 = LINE ( 'NONE', #3538, #3697 ) ;
#3529 = LINE ( 'NONE', #2062, #4216 ) ;
#3530 = DIRECTION ( 'NONE',  ( 0.0000000000000000000, 0.0000000000000000000, 1.000000000000000000 ) ) ;
#3531 = LINE ( 'NONE', #1164, #2599 ) ;
#3532 = CARTESIAN_POINT ( 'NONE',  ( -0.6999999999999995100, 0.05000000000000007900, -0.8500000000000000900 ) ) ;
#3533 = EDGE_CURVE ( 'NONE', #205, #3735, #4524, .T. ) ;
#3534 = ADVANCED_FACE ( 'NONE', ( #3913 ), #3651, .T. ) ;
#3535 = COLOUR_RGB ( '',0.2509803921568627400, 0.2509803921568627400, 0.2509803921568627400 ) ;
#3536 = CARTESIAN_POINT ( 'NONE',  ( -1.045767653215908800, 0.4834646935682069800, 0.2333333333333324500 ) ) ;
#3537 = PRESENTATION_LAYER_ASSIGNMENT (  '', '', ( #2819 ) ) ;
#3538 = CARTESIAN_POINT ( 'NONE',  ( 0.1277777777777766900, 0.5888888888888947900, -0.1777777777777790100 ) ) ;
#3539 = CARTESIAN_POINT ( 'NONE',  ( -1.149934587401704000, 0.9250000000000011500, -0.7523523450256463000 ) ) ;
#3540 = CARTESIAN_POINT ( 'NONE',  ( 2.202285662861180900E-017, 0.2750000000000000800, 0.8999999999999999100 ) ) ;
#3541 = AXIS2_PLACEMENT_3D ( 'NONE', #740, #3230, #1807 ) ;
#3542 = DIRECTION ( 'NONE',  ( 1.008560160451631900E-016, 6.630391210202588800E-015, -1.000000000000000000 ) ) ;
#3543 = CARTESIAN_POINT ( 'NONE',  ( -0.8249999999999999600, 0.2749999999999999700, 0.9000000000000004700 ) ) ;
#3544 = LINE ( 'NONE', #2906, #1853 ) ;
#3545 = STYLED_ITEM ( 'NONE', ( #3226 ), #45 ) ;
#3546 = SURFACE_STYLE_FILL_AREA ( #3897 ) ;
#3547 = PRESENTATION_LAYER_ASSIGNMENT (  '', '', ( #2739 ) ) ;
#3548 = CARTESIAN_POINT ( 'NONE',  ( -1.149999999999999900, 0.2750000000000000200, -0.5833333333333299300 ) ) ;
#3549 = PRESENTATION_STYLE_ASSIGNMENT (( #3455 ) ) ;
#3550 = ORIENTED_EDGE ( 'NONE', *, *, #846, .F. ) ;
#3551 = LINE ( 'NONE', #672, #4398 ) ;
#3552 = SURFACE_STYLE_FILL_AREA ( #1414 ) ;
#3553 = FACE_OUTER_BOUND ( 'NONE', #3047, .T. ) ;
#3554 = SURFACE_STYLE_FILL_AREA ( #3145 ) ;
#3555 = CARTESIAN_POINT ( 'NONE',  ( -1.045767653215884200, 0.7165353064317944200, -0.2333333333333271800 ) ) ;
#3556 = LINE ( 'NONE', #2345, #2453 ) ;
#3557 = LINE ( 'NONE', #4376, #3392 ) ;
#3558 = CARTESIAN_POINT ( 'NONE',  ( 0.0000000000000000000, 0.9250000000000004900, -0.9000000000000003600 ) ) ;
#3559 = COLOUR_RGB ( '',0.2509803921568627400, 0.2509803921568627400, 0.2509803921568627400 ) ;
#3560 = EDGE_CURVE ( 'NONE', #1717, #1325, #1613, .T. ) ;
#3561 = CARTESIAN_POINT ( 'NONE',  ( 0.8708447223137494300, 0.9250000000000011500, 0.9000989020144052300 ) ) ;
#3562 = DIRECTION ( 'NONE',  ( 1.275531967630005000E-016, -8.297607182274969700E-032, -1.000000000000000000 ) ) ;
#3563 = ORIENTED_EDGE ( 'NONE', *, *, #1245, .T. ) ;
#3564 = COLOUR_RGB ( '',0.2509803921568627400, 0.2509803921568627400, 0.2509803921568627400 ) ;
#3565 = ORIENTED_EDGE ( 'NONE', *, *, #720, .T. ) ;
#3566 = DIRECTION ( 'NONE',  ( -0.0000000000000000000, -0.0000000000000000000, 1.000000000000000000 ) ) ;
#3567 = ORIENTED_EDGE ( 'NONE', *, *, #1886, .T. ) ;
#3568 = CARTESIAN_POINT ( 'NONE',  ( -1.249999999999999800, 1.888477631085024000, -0.8500000000000000900 ) ) ;
#3569 = CARTESIAN_POINT ( 'NONE',  ( -0.5541666666666583700, 0.4834646935682069800, -0.7957676532158920500 ) ) ;
#3570 = EDGE_CURVE ( 'NONE', #3735, #2833, #254, .T. ) ;
#3571 =( NAMED_UNIT ( * ) SI_UNIT ( $, .STERADIAN. ) SOLID_ANGLE_UNIT ( ) );
#3572 = UNCERTAINTY_MEASURE_WITH_UNIT (LENGTH_MEASURE( 1.000000000000000100E-005 ), #635, 'distance_accuracy_value', 'NONE');
#3573 = PRESENTATION_LAYER_ASSIGNMENT (  '', '', ( #336 ) ) ;
#3574 = AXIS2_PLACEMENT_3D ( 'NONE', #1446, #3582, #1104 ) ;
#3575 = DIRECTION ( 'NONE',  ( 1.000000000000000000, -0.0000000000000000000, 0.0000000000000000000 ) ) ;
#3576 = DIRECTION ( 'NONE',  ( -0.0000000000000000000, -0.0000000000000000000, 1.000000000000000000 ) ) ;
#3577 = CARTESIAN_POINT ( 'NONE',  ( 0.9997710900495809800, 0.7165353064317944200, 0.7856648239649888200 ) ) ;
#3578 = EDGE_CURVE ( 'NONE', #399, #4091, #2811, .T. ) ;
#3579 = ADVANCED_FACE ( 'NONE', ( #3166 ), #3317, .T. ) ;
#3580 = EDGE_LOOP ( 'NONE', ( #288, #4493, #4475, #298 ) ) ;
#3581 = ORIENTED_EDGE ( 'NONE', *, *, #3113, .F. ) ;
#3582 = DIRECTION ( 'NONE',  ( -0.0000000000000000000, -1.000000000000000000, -0.0000000000000000000 ) ) ;
#3583 = SURFACE_STYLE_USAGE ( .BOTH. , #1400 ) ;
#3584 = DIRECTION ( 'NONE',  ( 1.000000000000000000, -6.505213034913026600E-016, 0.0000000000000000000 ) ) ;
#3585 = CIRCLE ( 'NONE', #3574, 0.1999999999999999800 ) ;
#3586 = SURFACE_STYLE_USAGE ( .BOTH. , #20 ) ;
#3587 = ORIENTED_EDGE ( 'NONE', *, *, #3085, .T. ) ;
#3588 = EDGE_CURVE ( 'NONE', #3648, #4594, #536, .T. ) ;
#3589 = VECTOR ( 'NONE', #26, 1000.000000000000000 ) ;
#3590 = VECTOR ( 'NONE', #313, 1000.000000000000000 ) ;
#3591 = AXIS2_PLACEMENT_3D ( 'NONE', #2657, #3339, #3686 ) ;
#3592 = ORIENTED_EDGE ( 'NONE', *, *, #4295, .F. ) ;
#3593 = CARTESIAN_POINT ( 'NONE',  ( -0.8450000000020431200, 0.2920380978534313200, 0.8917526721258189900 ) ) ;
#3594 = CARTESIAN_POINT ( 'NONE',  ( 0.1583333333333444600, 0.7165353064317944200, -0.7957676532158967100 ) ) ;
#3595 = CARTESIAN_POINT ( 'NONE',  ( 0.0000000000000000000, 0.2749999999999999700, 0.0000000000000000000 ) ) ;
#3596 = CARTESIAN_POINT ( 'NONE',  ( -1.045767653215896600, 0.4834646935682069800, -0.5833333333333301500 ) ) ;
#3597 = SURFACE_STYLE_FILL_AREA ( #3756 ) ;
#3598 =( NAMED_UNIT ( * ) PLANE_ANGLE_UNIT ( ) SI_UNIT ( $, .RADIAN. ) );
#3599 = FACE_OUTER_BOUND ( 'NONE', #1830, .T. ) ;
#3601 = PRESENTATION_LAYER_ASSIGNMENT (  '', '', ( #3517 ) ) ;
#3600 = VECTOR ( 'NONE', #1117, 1000.000000000000000 ) ;
#3602 = ORIENTED_EDGE ( 'NONE', *, *, #543, .F. ) ;
#3603 = FACE_OUTER_BOUND ( 'NONE', #3281, .T. ) ;
#3604 = UNCERTAINTY_MEASURE_WITH_UNIT (LENGTH_MEASURE( 1.000000000000000100E-005 ), #2669, 'distance_accuracy_value', 'NONE');
#3605 = ADVANCED_FACE ( 'NONE', ( #4226 ), #1996, .T. ) ;
#3606 = LINE ( 'NONE', #4154, #430 ) ;
#3607 = SURFACE_STYLE_USAGE ( .BOTH. , #1113 ) ;
#3608 = VECTOR ( 'NONE', #265, 1000.000000000000000 ) ;
#3609 = COLOUR_RGB ( '',0.2509803921568627400, 0.2509803921568627400, 0.2509803921568627400 ) ;
#3610 = ORIENTED_EDGE ( 'NONE', *, *, #3704, .T. ) ;
#3611 = FILL_AREA_STYLE_COLOUR ( '', #2990 ) ;
#3612 = COLOUR_RGB ( '',0.7921568627450980000, 0.8196078431372548800, 0.9333333333333333500 ) ;
#3613 = ORIENTED_EDGE ( 'NONE', *, *, #3885, .F. ) ;
#3614 = CARTESIAN_POINT ( 'NONE',  ( -0.9887122884057527600, 0.4834646935682069800, -0.7957363311607520400 ) ) ;
#3615 = ORIENTED_EDGE ( 'NONE', *, *, #2283, .T. ) ;
#3616 = EDGE_CURVE ( 'NONE', #54, #4373, #2021, .T. ) ;
#3617 = SURFACE_SIDE_STYLE ('',( #2604 ) ) ;
#3618 = DIRECTION ( 'NONE',  ( 0.0000000000000000000, -1.000000000000000000, 0.0000000000000000000 ) ) ;
#3619 = CARTESIAN_POINT ( 'NONE',  ( 0.8054439499195303900, 0.2948515443673138700, 0.8904427756380685100 ) ) ;
#3620 = ORIENTED_EDGE ( 'NONE', *, *, #888, .T. ) ;
#3621 = ORIENTED_EDGE ( 'NONE', *, *, #4611, .F. ) ;
#3622 = EDGE_CURVE ( 'NONE', #1043, #2746, #1844, .T. ) ;
#3623 = PLANE ( 'NONE',  #2597 ) ;
#3624 = DIRECTION ( 'NONE',  ( -0.0000000000000000000, -1.000000000000000000, -0.0000000000000000000 ) ) ;
#3625 = CARTESIAN_POINT ( 'NONE',  ( 0.6333333333333252000, 0.7165353064317944200, 0.7957676532158964900 ) ) ;
#3626 = ADVANCED_FACE ( 'NONE', ( #99 ), #328, .F. ) ;
#3627 = CARTESIAN_POINT ( 'NONE',  ( 0.8914681054473544400, 0.4834646935682069800, -0.7958150112849845500 ) ) ;
#3628 = STYLED_ITEM ( 'NONE', ( #4106 ), #3534 ) ;
#3629 = CARTESIAN_POINT ( 'NONE',  ( 0.9482803075325659800, 0.9250000000000004900, -0.9000000000000002400 ) ) ;
#3630 = ORIENTED_EDGE ( 'NONE', *, *, #1555, .T. ) ;
#3631 = AXIS2_PLACEMENT_3D ( 'NONE', #4201, #2052, #2425 ) ;
#3632 = CARTESIAN_POINT ( 'NONE',  ( 0.8249999999999999600, 0.2749999999999999100, 0.9150000000000007000 ) ) ;
#3633 = CARTESIAN_POINT ( 'NONE',  ( -1.250000000000000000, 0.05000000000000035000, 0.8499999999999998700 ) ) ;
#3634 = VERTEX_POINT ( 'NONE', #3246 ) ;
#3635 = VERTEX_POINT ( 'NONE', #4311 ) ;
#3636 = FILL_AREA_STYLE ('',( #56 ) ) ;
#3637 = VERTEX_POINT ( 'NONE', #1091 ) ;
#3638 = ORIENTED_EDGE ( 'NONE', *, *, #3130, .T. ) ;
#3639 = CARTESIAN_POINT ( 'NONE',  ( 0.8449999999999999700, 0.05000000000000020400, 0.8499999999999997600 ) ) ;
#3640 = CARTESIAN_POINT ( 'NONE',  ( -0.9887122884057555300, 0.7165353064317944200, 0.7957363311607520400 ) ) ;
#3641 = VECTOR ( 'NONE', #3624, 1000.000000000000000 ) ;
#3642 = ORIENTED_EDGE ( 'NONE', *, *, #986, .T. ) ;
#3643 = CARTESIAN_POINT ( 'NONE',  ( 0.8249999999999998400, 0.01500000000000036400, 0.9000000000000011300 ) ) ;
#3644 = SURFACE_SIDE_STYLE ('',( #3434 ) ) ;
#3645 = CARTESIAN_POINT ( 'NONE',  ( -0.8249999999999999600, 0.2900000000000000900, 0.9000000000000003600 ) ) ;
#3646 = ADVANCED_FACE ( 'NONE', ( #4606 ), #2583, .F. ) ;
#3647 = PRESENTATION_STYLE_ASSIGNMENT (( #2737 ) ) ;
#3648 = VERTEX_POINT ( 'NONE', #3214 ) ;
#3649 = AXIS2_PLACEMENT_3D ( 'NONE', #4113, #4454, #2370 ) ;
#3650 = ORIENTED_EDGE ( 'NONE', *, *, #1439, .T. ) ;
#3651 = PLANE ( 'NONE',  #3800 ) ;
#3652 = DIRECTION ( 'NONE',  ( 1.000000000000000000, 0.0000000000000000000, -1.008560160451631500E-016 ) ) ;
#3653 = CARTESIAN_POINT ( 'NONE',  ( 1.150000000000000100, 0.9250000000000011500, 0.5833333333333303700 ) ) ;
#3654 = EDGE_CURVE ( 'NONE', #4263, #3954, #796, .T. ) ;
#3655 = LINE ( 'NONE', #78, #2094 ) ;
#3656 = CARTESIAN_POINT ( 'NONE',  ( 0.5541666666666667000, 0.4834646935682069800, 0.7957676532158922700 ) ) ;
#3657 = COLOUR_RGB ( '',0.2509803921568627400, 0.2509803921568627400, 0.2509803921568627400 ) ;
#3658 = DIRECTION ( 'NONE',  ( 1.275531967630005000E-016, -8.297607182274969700E-032, -1.000000000000000000 ) ) ;
#3660 = CARTESIAN_POINT ( 'NONE',  ( 0.8071901212460770300, 0.2994238676186432000, 0.8883465206883474100 ) ) ;
#3659 = PRESENTATION_STYLE_ASSIGNMENT (( #518 ) ) ;
#3661 =( GEOMETRIC_REPRESENTATION_CONTEXT ( 3 ) GLOBAL_UNCERTAINTY_ASSIGNED_CONTEXT ( ( #71 ) ) GLOBAL_UNIT_ASSIGNED_CONTEXT ( ( #2179, #121, #2919 ) ) REPRESENTATION_CONTEXT ( 'NONE', 'WORKASPACE' ) );
#3662 = AXIS2_PLACEMENT_3D ( 'NONE', #4009, #3321, #769 ) ;
#3663 = LINE ( 'NONE', #510, #3393 ) ;
#3664 = STYLED_ITEM ( 'NONE', ( #1501 ), #1537 ) ;
#3665 = DIRECTION ( 'NONE',  ( -0.0000000000000000000, -0.0000000000000000000, 1.000000000000000000 ) ) ;
#3666 = VECTOR ( 'NONE', #1009, 1000.000000000000000 ) ;
#3667 = DIRECTION ( 'NONE',  ( -0.0000000000000000000, -1.000000000000000000, -0.0000000000000000000 ) ) ;
#3668 = DIRECTION ( 'NONE',  ( 1.008560160451631600E-016, 3.388131789017105500E-015, 1.000000000000000000 ) ) ;
#3669 = CARTESIAN_POINT ( 'NONE',  ( -0.5499999999999998200, -0.0000000000000000000, -0.8500000000000000900 ) ) ;
#3670 = CARTESIAN_POINT ( 'NONE',  ( 1.150000000000000100, 0.9250000000000011500, 0.4083333333333319400 ) ) ;
#3671 = EDGE_LOOP ( 'NONE', ( #4150, #577, #3966, #2189 ) ) ;
#3672 = ADVANCED_FACE ( 'NONE', ( #1731 ), #3289, .T. ) ;
#3673 = VERTEX_POINT ( 'NONE', #382 ) ;
#3674 = ORIENTED_EDGE ( 'NONE', *, *, #3177, .F. ) ;
#3675 = FILL_AREA_STYLE_COLOUR ( '', #41 ) ;
#3676 = CARTESIAN_POINT ( 'NONE',  ( 0.8449999999999999700, 0.01500000000000019500, 0.8499999999999997600 ) ) ;
#3677 = ORIENTED_EDGE ( 'NONE', *, *, #3761, .F. ) ;
#3678 = DIRECTION ( 'NONE',  ( 2.915954978783975800E-031, -1.000000000000000000, 2.891205793294687300E-015 ) ) ;
#3679 = EDGE_LOOP ( 'NONE', ( #606, #4192, #3895, #1526 ) ) ;
#3680 = EDGE_CURVE ( 'NONE', #4102, #3441, #4330, .T. ) ;
#3681 = AXIS2_PLACEMENT_3D ( 'NONE', #3368, #4467, #490 ) ;
#3682 = CARTESIAN_POINT ( 'NONE',  ( -0.8249999999999998400, 0.01500000000000036400, 0.9000000000000011300 ) ) ;
#3683 = FILL_AREA_STYLE ('',( #140 ) ) ;
#3684 =( NAMED_UNIT ( * ) PLANE_ANGLE_UNIT ( ) SI_UNIT ( $, .RADIAN. ) );
#3685 = CARTESIAN_POINT ( 'NONE',  ( -0.7916666666666591900, 0.9250000000000011500, -0.8999999999999998000 ) ) ;
#3686 = DIRECTION ( 'NONE',  ( -1.000000000000000000, 0.0000000000000000000, -0.0000000000000000000 ) ) ;
#3687 = EDGE_LOOP ( 'NONE', ( #656, #3068, #1265, #3140 ) ) ;
#3688 = PRESENTATION_LAYER_ASSIGNMENT (  '', '', ( #482 ) ) ;
#3689 = ORIENTED_EDGE ( 'NONE', *, *, #2382, .F. ) ;
#3690 = MECHANICAL_DESIGN_GEOMETRIC_PRESENTATION_REPRESENTATION (  '', ( #4207 ), #673 ) ;
#3691 = CARTESIAN_POINT ( 'NONE',  ( 0.8449999999999999700, 0.2749999999999999700, 0.9150000000000007000 ) ) ;
#3692 = FILL_AREA_STYLE_COLOUR ( '', #374 ) ;
#3693 = VERTEX_POINT ( 'NONE', #1413 ) ;
#3694 = ORIENTED_EDGE ( 'NONE', *, *, #3885, .T. ) ;
#3695 = CARTESIAN_POINT ( 'NONE',  ( -0.9997710900495794300, 0.7165353064317944200, -0.7856648239649849400 ) ) ;
#3696 = ADVANCED_FACE ( 'NONE', ( #1666 ), #1125, .F. ) ;
#3697 = VECTOR ( 'NONE', #2103, 999.9999999999998900 ) ;
#3698 = CARTESIAN_POINT ( 'NONE',  ( 1.250000000000000000, 0.0000000000000000000, 0.8499999999999998700 ) ) ;
#3699 = CARTESIAN_POINT ( 'NONE',  ( 0.0000000000000000000, 0.2749999999999999700, 1.000000000000000000 ) ) ;
#3700 = COLOUR_RGB ( '',0.2509803921568627400, 0.2509803921568627400, 0.2509803921568627400 ) ;
#3701 = DIRECTION ( 'NONE',  ( -1.000000000000000000, -0.0000000000000000000, 1.141265444721584000E-016 ) ) ;
#3702 = FACE_OUTER_BOUND ( 'NONE', #4458, .T. ) ;
#3703 = EDGE_LOOP ( 'NONE', ( #2093, #1766, #3367, #3484 ) ) ;
#3704 = EDGE_CURVE ( 'NONE', #929, #1674, #1968, .T. ) ;
#3705 = LINE ( 'NONE', #4274, #94 ) ;
#3706 = CARTESIAN_POINT ( 'NONE',  ( 0.8249999999999998400, 0.2749999999999999700, 0.9000000000000004700 ) ) ;
#3707 = PRESENTATION_STYLE_ASSIGNMENT (( #1876 ) ) ;
#3708 = DIRECTION ( 'NONE',  ( 1.000000000000000000, 0.0000000000000000000, -1.008560160451631700E-016 ) ) ;
#3709 = FACE_OUTER_BOUND ( 'NONE', #3784, .T. ) ;
#3710 = SURFACE_SIDE_STYLE ('',( #173 ) ) ;
#3711 = CARTESIAN_POINT ( 'NONE',  ( -1.150000000000025000, 0.2750000000000000200, 0.2333333333333324200 ) ) ;
#3712 = VECTOR ( 'NONE', #999, 1000.000000000000000 ) ;
#3713 = CARTESIAN_POINT ( 'NONE',  ( 0.8049999999999999400, 0.03500000000000019100, 0.8499999999999997600 ) ) ;
#3714 = PRESENTATION_STYLE_ASSIGNMENT (( #2869 ) ) ;
#3715 = VECTOR ( 'NONE', #390, 1000.000000000000000 ) ;
#3716 = SHAPE_DEFINITION_REPRESENTATION ( #2293, #410 ) ;
#3717 = UNCERTAINTY_MEASURE_WITH_UNIT (LENGTH_MEASURE( 1.000000000000000100E-005 ), #1108, 'distance_accuracy_value', 'NONE');
#3718 = ORIENTED_EDGE ( 'NONE', *, *, #2987, .F. ) ;
#3719 = VECTOR ( 'NONE', #4393, 1000.000000000000000 ) ;
#3720 = DIRECTION ( 'NONE',  ( -0.0000000000000000000, -1.000000000000000000, -0.0000000000000000000 ) ) ;
#3721 = AXIS2_PLACEMENT_3D ( 'NONE', #2213, #732, #3948 ) ;
#3722 = CARTESIAN_POINT ( 'NONE',  ( -1.128901374500349100, 0.9250000000000011500, -0.8039413379742642600 ) ) ;
#3724 = EDGE_CURVE ( 'NONE', #164, #4242, #3149, .T. ) ;
#3723 = LINE ( 'NONE', #4076, #2163 ) ;
#3725 = LINE ( 'NONE', #227, #3982 ) ;
#3726 = ADVANCED_FACE ( 'NONE', ( #2872 ), #4392, .F. ) ;
#3727 =( LENGTH_UNIT ( ) NAMED_UNIT ( * ) SI_UNIT ( .MILLI., .METRE. ) );
#3728 = STYLED_ITEM ( 'NONE', ( #2505 ), #1210 ) ;
#3729 = FILL_AREA_STYLE ('',( #3011 ) ) ;
#3730 = CARTESIAN_POINT ( 'NONE',  ( -1.249999999999999800, -0.0000000000000000000, -0.8500000000000000900 ) ) ;
#3731 = CARTESIAN_POINT ( 'NONE',  ( -1.091421356183549500, 0.2750000000000009700, -0.8414213562910692900 ) ) ;
#3732 = SURFACE_SIDE_STYLE ('',( #4104 ) ) ;
#3733 = CARTESIAN_POINT ( 'NONE',  ( -1.002352345025660600, 0.2750000000000000200, 0.8999345874017094000 ) ) ;
#3734 = AXIS2_PLACEMENT_3D ( 'NONE', #424, #1476, #2900 ) ;
#3735 = VERTEX_POINT ( 'NONE', #819 ) ;
#3736 = B_SPLINE_CURVE_WITH_KNOTS ( 'NONE', 3,
 ( #2580, #3949, #814, #2566 ),
 .UNSPECIFIED., .F., .F.,
 ( 4, 4 ),
 ( 0.6209168748118769600, 0.6409102570165031700 ),
 .UNSPECIFIED. ) ;
#3737 = ORIENTED_EDGE ( 'NONE', *, *, #2643, .T. ) ;
#3738 = VERTEX_POINT ( 'NONE', #2600 ) ;
#3739 =( NAMED_UNIT ( * ) PLANE_ANGLE_UNIT ( ) SI_UNIT ( $, .RADIAN. ) );
#3740 = CARTESIAN_POINT ( 'NONE',  ( -0.3166666666666802500, 0.2750000000000000200, -0.9000000000000083500 ) ) ;
#3741 =( GEOMETRIC_REPRESENTATION_CONTEXT ( 3 ) GLOBAL_UNCERTAINTY_ASSIGNED_CONTEXT ( ( #2210 ) ) GLOBAL_UNIT_ASSIGNED_CONTEXT ( ( #599, #3103, #947 ) ) REPRESENTATION_CONTEXT ( 'NONE', 'WORKASPACE' ) );
#3742 = EDGE_CURVE ( 'NONE', #1032, #553, #37, .T. ) ;
#3743 = PRESENTATION_LAYER_ASSIGNMENT (  '', '', ( #2794 ) ) ;
#3744 = EDGE_LOOP ( 'NONE', ( #2982, #4347, #3196, #3152 ) ) ;
#3745 = ORIENTED_EDGE ( 'NONE', *, *, #201, .T. ) ;
#3746 = ORIENTED_EDGE ( 'NONE', *, *, #456, .T. ) ;
#3747 =( NAMED_UNIT ( * ) SI_UNIT ( $, .STERADIAN. ) SOLID_ANGLE_UNIT ( ) );
#3748 = MECHANICAL_DESIGN_GEOMETRIC_PRESENTATION_REPRESENTATION (  '', ( #3517 ), #1571 ) ;
#3749 = CARTESIAN_POINT ( 'NONE',  ( -0.8449999999999999700, 0.2749999999999995800, 0.9000000000000004700 ) ) ;
#3750 = PRESENTATION_LAYER_ASSIGNMENT (  '', '', ( #1419 ) ) ;
#3751 = PLANE ( 'NONE',  #1975 ) ;
#3752 = CARTESIAN_POINT ( 'NONE',  ( 0.7916666666666520900, 0.2750000000000000200, -0.8999999999999999100 ) ) ;
#3753 = LINE ( 'NONE', #1708, #4024 ) ;
#3754 = VECTOR ( 'NONE', #16, 1000.000000000000000 ) ;
#3755 = LINE ( 'NONE', #1980, #4442 ) ;
#3756 = FILL_AREA_STYLE ('',( #1637 ) ) ;
#3757 = DIRECTION ( 'NONE',  ( 0.0000000000000000000, 0.0000000000000000000, 1.000000000000000000 ) ) ;
#3758 = ORIENTED_EDGE ( 'NONE', *, *, #4430, .F. ) ;
#3759 = B_SPLINE_CURVE_WITH_KNOTS ( 'NONE', 3,
 ( #892, #923, #2715, #4145, #4129, #1997, #1246, #2675, #4103, #2340, #566, #229, #3060, #579, #3420, #1274 ),
 .UNSPECIFIED., .F., .F.,
 ( 4, 3, 3, 3, 3, 4 ),
 ( 0.0000000000000000000, 7.978479640970924800E-006, 1.598600551848244600E-005, 2.350156565806377900E-005, 3.030905304214136200E-005, 3.281404113839405700E-005 ),
 .UNSPECIFIED. ) ;
#3760 = VECTOR ( 'NONE', #3824, 1000.000000000000000 ) ;
#3761 = EDGE_CURVE ( 'NONE', #3363, #4126, #3905, .T. ) ;
#3762 = VECTOR ( 'NONE', #4153, 1000.000000000000000 ) ;
#3763 = CARTESIAN_POINT ( 'NONE',  ( -0.5499999999999998200, -0.0000000000000000000, -0.8500000000000000900 ) ) ;
#3765 = CARTESIAN_POINT ( 'NONE',  ( -1.149934587401703700, 0.2750000000000000200, -0.7523523450256463000 ) ) ;
#3764 = VECTOR ( 'NONE', #1670, 1000.000000000000000 ) ;
#3766 = CARTESIAN_POINT ( 'NONE',  ( 1.045802548635228300, 0.7165353064317944200, 0.6568712355927810400 ) ) ;
#3767 = UNCERTAINTY_MEASURE_WITH_UNIT (LENGTH_MEASURE( 1.000000000000000100E-005 ), #3408, 'distance_accuracy_value', 'NONE');
#3768 = EDGE_CURVE ( 'NONE', #1940, #786, #2426, .T. ) ;
#3769 = SURFACE_SIDE_STYLE ('',( #3343 ) ) ;
#3770 = COLOUR_RGB ( '',0.2509803921568627400, 0.2509803921568627400, 0.2509803921568627400 ) ;
#3771 = MECHANICAL_DESIGN_GEOMETRIC_PRESENTATION_REPRESENTATION (  '', ( #2818 ), #3445 ) ;
#3772 = DIRECTION ( 'NONE',  ( 0.0000000000000000000, 0.0000000000000000000, -1.000000000000000000 ) ) ;
#3773 = STYLED_ITEM ( 'NONE', ( #3707 ), #3726 ) ;
#3774 = PRESENTATION_STYLE_ASSIGNMENT (( #3052 ) ) ;
#3775 = LINE ( 'NONE', #4613, #1873 ) ;
#3776 = CARTESIAN_POINT ( 'NONE',  ( 0.5500000000000000400, 1.888477631085024000, 0.8499999999999998700 ) ) ;
#3777 = AXIS2_PLACEMENT_3D ( 'NONE', #98, #4013, #807 ) ;
#3778 = DIRECTION ( 'NONE',  ( -0.0000000000000000000, -1.000000000000000000, -0.0000000000000000000 ) ) ;
#3779 = MECHANICAL_DESIGN_GEOMETRIC_PRESENTATION_REPRESENTATION (  '', ( #2739 ), #1450 ) ;
#3780 = CARTESIAN_POINT ( 'NONE',  ( 0.7916666666666520900, 0.4834646935682069800, -0.7957676532158964900 ) ) ;
#3781 = ORIENTED_EDGE ( 'NONE', *, *, #327, .T. ) ;
#3782 =( GEOMETRIC_REPRESENTATION_CONTEXT ( 3 ) GLOBAL_UNCERTAINTY_ASSIGNED_CONTEXT ( ( #3039 ) ) GLOBAL_UNIT_ASSIGNED_CONTEXT ( ( #4324, #49, #393 ) ) REPRESENTATION_CONTEXT ( 'NONE', 'WORKASPACE' ) );
#3783 = CARTESIAN_POINT ( 'NONE',  ( -0.8708447223137780700, 0.9250000000000011500, 0.9000989020144054600 ) ) ;
#3784 = EDGE_LOOP ( 'NONE', ( #1829, #4508, #1779, #1533 ) ) ;
#3785 = CARTESIAN_POINT ( 'NONE',  ( -1.002352345025660600, 0.9250000000000011500, 0.8999345874017095100 ) ) ;
#3786 =( NAMED_UNIT ( * ) PLANE_ANGLE_UNIT ( ) SI_UNIT ( $, .RADIAN. ) );
#3787 = CARTESIAN_POINT ( 'NONE',  ( 0.8350573030508553500, 0.3074060455182972600, 0.8847816418350752400 ) ) ;
#3788 = DIRECTION ( 'NONE',  ( 0.0000000000000000000, 1.000000000000000000, -5.082197683525816200E-015 ) ) ;
#3789 = EDGE_CURVE ( 'NONE', #3263, #3854, #2666, .T. ) ;
#3790 = VERTEX_POINT ( 'NONE', #4620 ) ;
#3791 = CARTESIAN_POINT ( 'NONE',  ( 0.8249999999999999600, 0.03500000000000036400, 0.9000000000000010200 ) ) ;
#3792 = ORIENTED_EDGE ( 'NONE', *, *, #3825, .T. ) ;
#3793 = DIRECTION ( 'NONE',  ( -1.008560160451631600E-016, 3.388131789017105500E-015, 1.000000000000000000 ) ) ;
#3794 = CARTESIAN_POINT ( 'NONE',  ( -0.6333333333333233100, 0.4834646935682069800, 0.7957676532158968200 ) ) ;
#3795 = ORIENTED_EDGE ( 'NONE', *, *, #3742, .F. ) ;
#3796 = ORIENTED_EDGE ( 'NONE', *, *, #21, .T. ) ;
#3797 = CARTESIAN_POINT ( 'NONE',  ( -1.002352345025660600, 0.9250000000000011500, 0.8999345874017095100 ) ) ;
#3798 = CARTESIAN_POINT ( 'NONE',  ( -1.049999999999998900, 0.0000000000000000000, 1.000000000000000000 ) ) ;
#3799 = CARTESIAN_POINT ( 'NONE',  ( 1.049999999999999400, 0.0000000000000000000, -1.000000000000000000 ) ) ;
#3800 = AXIS2_PLACEMENT_3D ( 'NONE', #158, #473, #1488 ) ;
#3801 = EDGE_LOOP ( 'NONE', ( #1667, #2747, #47, #1691 ) ) ;
#3802 = DIRECTION ( 'NONE',  ( 2.915954978783975800E-031, 1.000000000000000000, -2.891205793294687300E-015 ) ) ;
#3803 =( LENGTH_UNIT ( ) NAMED_UNIT ( * ) SI_UNIT ( .MILLI., .METRE. ) );
#3804 = CARTESIAN_POINT ( 'NONE',  ( 1.091421356288382500, 0.2749999999999999700, 0.8414213561862362600 ) ) ;
#3805 = DIRECTION ( 'NONE',  ( 1.275531967630005000E-016, 0.0000000000000000000, 1.000000000000000000 ) ) ;
#3806 = DIRECTION ( 'NONE',  ( -0.8944271909999139700, 0.4472135954999618100, 0.0000000000000000000 ) ) ;
#3807 = PRESENTATION_LAYER_ASSIGNMENT (  '', '', ( #101 ) ) ;
#3808 = AXIS2_PLACEMENT_3D ( 'NONE', #2361, #2717, #638 ) ;
#3809 = CARTESIAN_POINT ( 'NONE',  ( -0.9499999999999995100, 0.9250000000000009300, 0.6999999999999999600 ) ) ;
#3810 = DIRECTION ( 'NONE',  ( 0.0000000000000000000, -1.000000000000000000, 0.0000000000000000000 ) ) ;
#3811 = CARTESIAN_POINT ( 'NONE',  ( -0.3166666666666802000, 0.4834646935682069800, -0.7957676532159048100 ) ) ;
#3812 = CARTESIAN_POINT ( 'NONE',  ( 0.3166666666666617700, 0.7165353064317944200, 0.7957676532159049200 ) ) ;
#3813 =( LENGTH_UNIT ( ) NAMED_UNIT ( * ) SI_UNIT ( .MILLI., .METRE. ) );
#3814 = CARTESIAN_POINT ( 'NONE',  ( 1.250000000000000000, 0.0000000000000000000, -1.000000000000000000 ) ) ;
#3815 = ORIENTED_EDGE ( 'NONE', *, *, #1307, .T. ) ;
#3816 = SURFACE_STYLE_FILL_AREA ( #116 ) ;
#3817 = FACE_OUTER_BOUND ( 'NONE', #4279, .T. ) ;
#3818 = FILL_AREA_STYLE_COLOUR ( '', #3494 ) ;
#3819 = DIRECTION ( 'NONE',  ( 0.6666666666666646300, -0.3333333333333359800, -0.6666666666666675200 ) ) ;
#3820 = FACE_OUTER_BOUND ( 'NONE', #1932, .T. ) ;
#3821 = LINE ( 'NONE', #2760, #4112 ) ;
#3822 =( NAMED_UNIT ( * ) PLANE_ANGLE_UNIT ( ) SI_UNIT ( $, .RADIAN. ) );
#3823 = CARTESIAN_POINT ( 'NONE',  ( -0.1583333333333332100, 0.4834646935682069800, 0.7957676532158967100 ) ) ;
#3824 = DIRECTION ( 'NONE',  ( 1.008560160451631600E-016, -6.630391210202588800E-015, 1.000000000000000000 ) ) ;
#3825 = EDGE_CURVE ( 'NONE', #4610, #4064, #2015, .T. ) ;
#3826 = CARTESIAN_POINT ( 'NONE',  ( -1.250000000000000000, 0.05000000000000035000, 0.8499999999999998700 ) ) ;
#3827 = DIRECTION ( 'NONE',  ( 0.0000000000000000000, 0.0000000000000000000, 1.000000000000000000 ) ) ;
#3828 = CARTESIAN_POINT ( 'NONE',  ( -1.049999999999998900, 0.0000000000000000000, -1.000000000000000200 ) ) ;
#3829 = CARTESIAN_POINT ( 'NONE',  ( 0.8449999999999999700, 0.05000000000000042600, 0.9000000000000004700 ) ) ;
#3830 = EDGE_LOOP ( 'NONE', ( #2362, #4412, #3888, #25 ) ) ;
#3831 = SURFACE_SIDE_STYLE ('',( #3423 ) ) ;
#3832 = DIRECTION ( 'NONE',  ( 0.0000000000000000000, 0.0000000000000000000, -1.000000000000000000 ) ) ;
#3833 = AXIS2_PLACEMENT_3D ( 'NONE', #3491, #2762, #2463 ) ;
#3834 = VERTEX_POINT ( 'NONE', #2114 ) ;
#3835 = CARTESIAN_POINT ( 'NONE',  ( -2.915719209337254000E-017, 0.4834646935682069800, 0.7957676532158967100 ) ) ;
#3836 = CARTESIAN_POINT ( 'NONE',  ( 1.002352345025681900, 0.2750000000000000200, 0.8999345874017090600 ) ) ;
#3837 = CARTESIAN_POINT ( 'NONE',  ( -0.1583333333333444600, 0.9250000000000011500, -0.9000000000000001300 ) ) ;
#3838 = CARTESIAN_POINT ( 'NONE',  ( -1.250000000000000000, 1.888477631085024000, 0.8499999999999998700 ) ) ;
#3839 = CARTESIAN_POINT ( 'NONE',  ( 0.8249999999999999600, 0.2749999999999999700, 0.9150000000000007000 ) ) ;
#3840 = CARTESIAN_POINT ( 'NONE',  ( 0.8449999999999999700, 0.2749999999999999700, 0.9000000000000004700 ) ) ;
#3841 = EDGE_CURVE ( 'NONE', #2923, #572, #4092, .T. ) ;
#3842 = CARTESIAN_POINT ( 'NONE',  ( -1.149999999999999900, 0.2750000000000000200, 0.1166666666666698000 ) ) ;
#3843 = CARTESIAN_POINT ( 'NONE',  ( 0.0000000000000000000, 0.0000000000000000000, 0.0000000000000000000 ) ) ;
#3844 = MANIFOLD_SOLID_BREP ( 'Coil', #4194 ) ;
#3845 = DIRECTION ( 'NONE',  ( -0.0000000000000000000, -1.000000000000000000, -0.0000000000000000000 ) ) ;
#3846 = ORIENTED_EDGE ( 'NONE', *, *, #2525, .T. ) ;
#3847 = ORIENTED_EDGE ( 'NONE', *, *, #2194, .F. ) ;
#3848 = CARTESIAN_POINT ( 'NONE',  ( -1.250000000000000000, 0.0000000000000000000, 0.8499999999999998700 ) ) ;
#3849 = CARTESIAN_POINT ( 'NONE',  ( -0.7916666666666594100, 0.7165353064317944200, -0.7957676532158960400 ) ) ;
#3850 = EDGE_CURVE ( 'NONE', #3693, #59, #1500, .T. ) ;
#3851 = UNCERTAINTY_MEASURE_WITH_UNIT (LENGTH_MEASURE( 1.000000000000000100E-005 ), #283, 'distance_accuracy_value', 'NONE');
#3852 = ORIENTED_EDGE ( 'NONE', *, *, #4590, .F. ) ;
#3853 = CARTESIAN_POINT ( 'NONE',  ( 1.053941337974267000, 0.2750000000000000200, 0.8789013745003548800 ) ) ;
#3854 = VERTEX_POINT ( 'NONE', #1605 ) ;
#3855 = ORIENTED_EDGE ( 'NONE', *, *, #3578, .T. ) ;
#3856 = CARTESIAN_POINT ( 'NONE',  ( -1.149999999999993500, 0.9250000000000011500, 0.4083333333333353200 ) ) ;
#3857 = CARTESIAN_POINT ( 'NONE',  ( -1.053941337974273500, 0.9250000000000011500, -0.8789013745003512200 ) ) ;
#3858 =( NAMED_UNIT ( * ) SI_UNIT ( $, .STERADIAN. ) SOLID_ANGLE_UNIT ( ) );
#3859 = VECTOR ( 'NONE', #2310, 1000.000000000000000 ) ;
#3860 = DIRECTION ( 'NONE',  ( 0.0000000000000000000, -1.000000000000000000, 5.421010862427522200E-015 ) ) ;
#3861 = CARTESIAN_POINT ( 'NONE',  ( 0.8049999999999999400, 0.03499999999999996900, 0.9000000000000010200 ) ) ;
#3862 = LINE ( 'NONE', #5, #3760 ) ;
#3863 = CARTESIAN_POINT ( 'NONE',  ( -0.6000000000000005300, 0.0000000000000000000, -1.000000000000000200 ) ) ;
#3864 = ORIENTED_EDGE ( 'NONE', *, *, #779, .F. ) ;
#3865 = CARTESIAN_POINT ( 'NONE',  ( -0.8914681054473345700, 0.7165353064317944200, 0.7958150112849846600 ) ) ;
#3866 = PRESENTATION_STYLE_ASSIGNMENT (( #159 ) ) ;
#3867 = ORIENTED_EDGE ( 'NONE', *, *, #1872, .F. ) ;
#3868 = SURFACE_STYLE_FILL_AREA ( #1433 ) ;
#3869 = EDGE_CURVE ( 'NONE', #3931, #2971, #4155, .T. ) ;
#3870 = CARTESIAN_POINT ( 'NONE',  ( 1.128901374500358000, 0.9250000000000011500, -0.8039413379742695900 ) ) ;
#3871 = VECTOR ( 'NONE', #3114, 1000.000000000000000 ) ;
#3872 = PLANE ( 'NONE',  #4418 ) ;
#3873 = VECTOR ( 'NONE', #4181, 1000.000000000000000 ) ;
#3874 = ADVANCED_FACE ( 'NONE', ( #2316 ), #1247, .F. ) ;
#3875 = VERTEX_POINT ( 'NONE', #2861 ) ;
#3876 = CIRCLE ( 'NONE', #3413, 0.02000000000000005200 ) ;
#3877 = DIRECTION ( 'NONE',  ( -1.000000000000000000, 0.0000000000000000000, 3.252606517456511700E-015 ) ) ;
#3878 = VECTOR ( 'NONE', #1524, 1000.000000000000000 ) ;
#3879 = VECTOR ( 'NONE', #917, 1000.000000000000000 ) ;
#3880 =( NAMED_UNIT ( * ) SI_UNIT ( $, .STERADIAN. ) SOLID_ANGLE_UNIT ( ) );
#3881 = PRESENTATION_STYLE_ASSIGNMENT (( #2946 ) ) ;
#3882 = CARTESIAN_POINT ( 'NONE',  ( 1.149934587401703500, 0.2750000000000000200, -0.7523523450256562900 ) ) ;
#3883 = MECHANICAL_DESIGN_GEOMETRIC_PRESENTATION_REPRESENTATION (  '', ( #182 ), #400 ) ;
#3884 = ORIENTED_EDGE ( 'NONE', *, *, #3768, .T. ) ;
#3885 = EDGE_CURVE ( 'NONE', #2119, #3648, #852, .T. ) ;
#3886 = CARTESIAN_POINT ( 'NONE',  ( 1.150000000000000100, 0.9250000000000011500, 0.2333333333333335600 ) ) ;
#3887 = ORIENTED_EDGE ( 'NONE', *, *, #4023, .T. ) ;
#3888 = ORIENTED_EDGE ( 'NONE', *, *, #3239, .F. ) ;
#3889 = CARTESIAN_POINT ( 'NONE',  ( -1.150072875168515400, 0.2750000000000000200, -0.6416750585470097900 ) ) ;
#3890 = ADVANCED_FACE ( 'NONE', ( #735 ), #1869, .T. ) ;
#3891 = CARTESIAN_POINT ( 'NONE',  ( -2.710505431213761100E-017, 0.2750000000000000200, 0.9000000000000000200 ) ) ;
#3892 = CARTESIAN_POINT ( 'NONE',  ( 0.3166666666666617100, 0.9250000000000011500, 0.9000000000000086800 ) ) ;
#3893 = FILL_AREA_STYLE ('',( #622 ) ) ;
#3894 = ORIENTED_EDGE ( 'NONE', *, *, #665, .T. ) ;
#3895 = ORIENTED_EDGE ( 'NONE', *, *, #4348, .T. ) ;
#3896 = DIRECTION ( 'NONE',  ( -0.0000000000000000000, -5.421010862427523000E-015, -1.000000000000000000 ) ) ;
#3897 = FILL_AREA_STYLE ('',( #974 ) ) ;
#3898 = CARTESIAN_POINT ( 'NONE',  ( -4.824699667560488800E-016, 0.05000000000000100200, -0.9000000000000005800 ) ) ;
#3899 = UNCERTAINTY_MEASURE_WITH_UNIT (LENGTH_MEASURE( 1.000000000000000100E-005 ), #1719, 'distance_accuracy_value', 'NONE');
#3900 = EDGE_CURVE ( 'NONE', #54, #3028, #1664, .T. ) ;
#3901 = VERTEX_POINT ( 'NONE', #1506 ) ;
#3902 = ORIENTED_EDGE ( 'NONE', *, *, #2692, .F. ) ;
#3903 = VERTEX_POINT ( 'NONE', #775 ) ;
#3904 = CARTESIAN_POINT ( 'NONE',  ( -1.045767653215896600, 0.7165353064317944200, -0.5833333333333301500 ) ) ;
#3905 = LINE ( 'NONE', #133, #528 ) ;
#3906 = CARTESIAN_POINT ( 'NONE',  ( 1.045736331160749300, 0.4834646935682069800, -0.7387122884057525400 ) ) ;
#3907 = AXIS2_PLACEMENT_3D ( 'NONE', #1993, #1311, #596 ) ;
#3908 = ORIENTED_EDGE ( 'NONE', *, *, #2157, .F. ) ;
#3909 = DIRECTION ( 'NONE',  ( 0.7071067811865490200, 0.0000000000000000000, -0.7071067811865461300 ) ) ;
#3910 = CARTESIAN_POINT ( 'NONE',  ( -1.091422122874836900, 0.9250000000000010400, -0.8414205917009484100 ) ) ;
#3911 = CARTESIAN_POINT ( 'NONE',  ( 0.8050000000000000500, 0.2899999999999957100, 1.549999999999998300 ) ) ;
#3912 = DIRECTION ( 'NONE',  ( 0.0000000000000000000, 5.421010862427508000E-015, 1.000000000000000000 ) ) ;
#3913 = FACE_OUTER_BOUND ( 'NONE', #1811, .T. ) ;
#3914 = FACE_OUTER_BOUND ( 'NONE', #3259, .T. ) ;
#3915 = MECHANICAL_DESIGN_GEOMETRIC_PRESENTATION_REPRESENTATION (  '', ( #822 ), #4114 ) ;
#3916 = ORIENTED_EDGE ( 'NONE', *, *, #3229, .F. ) ;
#3917 = SURFACE_STYLE_FILL_AREA ( #1262 ) ;
#3918 = VECTOR ( 'NONE', #2061, 1000.000000000000000 ) ;
#3919 = LINE ( 'NONE', #2940, #4457 ) ;
#3920 = VERTEX_POINT ( 'NONE', #1420 ) ;
#3921 = CARTESIAN_POINT ( 'NONE',  ( -1.002352345025660600, 0.9250000000000011500, 0.8999345874017095100 ) ) ;
#3922 = CARTESIAN_POINT ( 'NONE',  ( -0.7916666666666594100, 0.4834646935682069800, -0.7957676532158960400 ) ) ;
#3923 = SURFACE_STYLE_USAGE ( .BOTH. , #460 ) ;
#3924 = FACE_OUTER_BOUND ( 'NONE', #682, .T. ) ;
#3925 = EDGE_CURVE ( 'NONE', #2609, #4080, #310, .T. ) ;
#3926 = DIRECTION ( 'NONE',  ( -1.000000000000000000, -0.0000000000000000000, 1.008560160451631500E-016 ) ) ;
#3927 = COLOUR_RGB ( '',0.2509803921568627400, 0.2509803921568627400, 0.2509803921568627400 ) ;
#3928 = DIRECTION ( 'NONE',  ( 1.000000000000000000, 0.0000000000000000000, -1.008560160451631500E-016 ) ) ;
#3929 = ORIENTED_EDGE ( 'NONE', *, *, #3245, .F. ) ;
#3930 = UNCERTAINTY_MEASURE_WITH_UNIT (LENGTH_MEASURE( 1.000000000000000100E-005 ), #4445, 'distance_accuracy_value', 'NONE');
#3931 = VERTEX_POINT ( 'NONE', #3335 ) ;
#3932 = ORIENTED_EDGE ( 'NONE', *, *, #177, .T. ) ;
#3933 = DIRECTION ( 'NONE',  ( 1.000000000000000000, 0.0000000000000000000, 1.008560160451631700E-016 ) ) ;
#3934 = CARTESIAN_POINT ( 'NONE',  ( -1.149934587401703500, 0.9250000000000011500, 0.7523523450256536200 ) ) ;
#3935 = ORIENTED_EDGE ( 'NONE', *, *, #1014, .T. ) ;
#3936 = ADVANCED_FACE ( 'NONE', ( #2544 ), #489, .F. ) ;
#3937 = STYLED_ITEM ( 'NONE', ( #4108 ), #3035 ) ;
#3938 = DIRECTION ( 'NONE',  ( 1.000000000000000000, -0.0000000000000000000, 0.0000000000000000000 ) ) ;
#3939 = EDGE_CURVE ( 'NONE', #69, #3436, #1963, .T. ) ;
#3940 = FILL_AREA_STYLE_COLOUR ( '', #2204 ) ;
#3941 = EDGE_LOOP ( 'NONE', ( #1292, #68, #675, #3512 ) ) ;
#3942 = AXIS2_PLACEMENT_3D ( 'NONE', #3024, #1588, #1235 ) ;
#3943 = CARTESIAN_POINT ( 'NONE',  ( 0.0000000000000000000, 0.0000000000000000000, 0.0000000000000000000 ) ) ;
#3944 = CARTESIAN_POINT ( 'NONE',  ( 1.049999999999999400, 0.2749999999999999700, -1.000000000000000000 ) ) ;
#3945 = PRESENTATION_LAYER_ASSIGNMENT (  '', '', ( #677 ) ) ;
#3946 = EDGE_LOOP ( 'NONE', ( #3718, #3674, #500, #2693 ) ) ;
#3947 = ORIENTED_EDGE ( 'NONE', *, *, #1643, .F. ) ;
#3948 = DIRECTION ( 'NONE',  ( 0.0000000000000000000, 0.0000000000000000000, 1.000000000000000000 ) ) ;
#3949 = CARTESIAN_POINT ( 'NONE',  ( 1.002352345025646900, 0.9250000000000011500, -0.8999345874017091700 ) ) ;
#3950 = CARTESIAN_POINT ( 'NONE',  ( -0.3166666666666802000, 0.7165353064317944200, -0.7957676532159048100 ) ) ;
#3951 = EDGE_LOOP ( 'NONE', ( #3477, #3795, #2698, #3621, #4423, #3694, #2539, #2177 ) ) ;
#3952 = DIRECTION ( 'NONE',  ( -1.008560160451631600E-016, -6.630391210202588800E-015, 1.000000000000000000 ) ) ;
#3953 = CARTESIAN_POINT ( 'NONE',  ( -0.3166666666666802000, 0.4834646935682069800, -0.7957676532159048100 ) ) ;
#3954 = VERTEX_POINT ( 'NONE', #2504 ) ;
#3955 = ORIENTED_EDGE ( 'NONE', *, *, #739, .F. ) ;
#3956 = CARTESIAN_POINT ( 'NONE',  ( 0.8450000000000000800, 0.6000000000000004200, 1.550000000000000300 ) ) ;
#3957 = CARTESIAN_POINT ( 'NONE',  ( 0.8049999999999999400, 0.2924053870180443600, 0.8915794452110157300 ) ) ;
#3958 = ORIENTED_EDGE ( 'NONE', *, *, #1944, .F. ) ;
#3959 = ORIENTED_EDGE ( 'NONE', *, *, #915, .F. ) ;
#3960 = ORIENTED_EDGE ( 'NONE', *, *, #2431, .F. ) ;
#3961 = ADVANCED_FACE ( 'NONE', ( #2650 ), #4621, .T. ) ;
#3962 = DIRECTION ( 'NONE',  ( 1.000000000000000000, 0.0000000000000000000, 1.008560160451631700E-016 ) ) ;
#3963 = PRESENTATION_STYLE_ASSIGNMENT (( #2257 ) ) ;
#3964 = LINE ( 'NONE', #499, #3590 ) ;
#3965 = STYLED_ITEM ( 'NONE', ( #2773 ), #2656 ) ;
#3966 = ORIENTED_EDGE ( 'NONE', *, *, #1773, .F. ) ;
#3967 = DIRECTION ( 'NONE',  ( -0.0000000000000000000, -0.0000000000000000000, 1.000000000000000000 ) ) ;
#3968 = FILL_AREA_STYLE_COLOUR ( '', #3489 ) ;
#3969 = DIRECTION ( 'NONE',  ( -1.008560160451631600E-016, 0.0000000000000000000, -1.000000000000000000 ) ) ;
#3970 = CLOSED_SHELL ( 'NONE', ( #2958, #429, #45, #1863, #2656, #3874 ) ) ;
#3971 = FILL_AREA_STYLE_COLOUR ( '', #4432 ) ;
#3972 = ORIENTED_EDGE ( 'NONE', *, *, #811, .F. ) ;
#3973 =( NAMED_UNIT ( * ) SI_UNIT ( $, .STERADIAN. ) SOLID_ANGLE_UNIT ( ) );
#3974 = CARTESIAN_POINT ( 'NONE',  ( -0.5541666666666674700, 0.2750000000000000200, 0.9000000000000044600 ) ) ;
#3975 = PRESENTATION_LAYER_ASSIGNMENT (  '', '', ( #2238 ) ) ;
#3976 = SURFACE_STYLE_FILL_AREA ( #2087 ) ;
#3977 = CARTESIAN_POINT ( 'NONE',  ( -1.045767653215896600, 0.7165353064317944200, 0.4666666666666663400 ) ) ;
#3978 = AXIS2_PLACEMENT_3D ( 'NONE', #350, #733, #3241 ) ;
#3979 = ORIENTED_EDGE ( 'NONE', *, *, #2136, .T. ) ;
#3980 = LINE ( 'NONE', #3146, #3871 ) ;
#3981 = LINE ( 'NONE', #1859, #1927 ) ;
#3982 = VECTOR ( 'NONE', #1629, 1000.000000000000000 ) ;
#3983 = ORIENTED_EDGE ( 'NONE', *, *, #2294, .F. ) ;
#3984 = FILL_AREA_STYLE ('',( #4429 ) ) ;
#3985 = DIRECTION ( 'NONE',  ( 1.000000000000000000, -0.0000000000000000000, 0.0000000000000000000 ) ) ;
#3986 = CARTESIAN_POINT ( 'NONE',  ( -1.053941337974273500, 0.9250000000000011500, -0.8789013745003512200 ) ) ;
#3987 = TOROIDAL_SURFACE ( 'NONE', #2941, 0.01500000000000014500, 0.02000000000000000000 ) ;
#3988 = ADVANCED_FACE ( 'NONE', ( #4149 ), #1492, .T. ) ;
#3989 = FILL_AREA_STYLE ('',( #4321 ) ) ;
#3990 =( GEOMETRIC_REPRESENTATION_CONTEXT ( 3 ) GLOBAL_UNCERTAINTY_ASSIGNED_CONTEXT ( ( #1071 ) ) GLOBAL_UNIT_ASSIGNED_CONTEXT ( ( #1377, #1749, #2796 ) ) REPRESENTATION_CONTEXT ( 'NONE', 'WORKASPACE' ) );
#3991 = CARTESIAN_POINT ( 'NONE',  ( -1.035664823964981500, 0.7165353064317944200, 0.7497710900495767600 ) ) ;
#3992 = LINE ( 'NONE', #221, #3879 ) ;
#3993 = VERTEX_POINT ( 'NONE', #688 ) ;
#3994 =( NAMED_UNIT ( * ) PLANE_ANGLE_UNIT ( ) SI_UNIT ( $, .RADIAN. ) );
#3995 = DIRECTION ( 'NONE',  ( -0.0000000000000000000, -1.000000000000000000, -0.0000000000000000000 ) ) ;
#3996 = FACE_OUTER_BOUND ( 'NONE', #1723, .T. ) ;
#3997 = FACE_OUTER_BOUND ( 'NONE', #3830, .T. ) ;
#3998 = DIRECTION ( 'NONE',  ( 0.0000000000000000000, 1.000000000000000000, 1.084202172485504600E-014 ) ) ;
#3999 = DIRECTION ( 'NONE',  ( -1.008560160451631600E-016, 6.630391210202588800E-015, -1.000000000000000000 ) ) ;
#4000 = ORIENTED_EDGE ( 'NONE', *, *, #3789, .F. ) ;
#4001 =( GEOMETRIC_REPRESENTATION_CONTEXT ( 3 ) GLOBAL_UNCERTAINTY_ASSIGNED_CONTEXT ( ( #3425 ) ) GLOBAL_UNIT_ASSIGNED_CONTEXT ( ( #1614, #1598, #1981 ) ) REPRESENTATION_CONTEXT ( 'NONE', 'WORKASPACE' ) );
#4002 = DIRECTION ( 'NONE',  ( -1.008560160451631600E-016, -6.630391210202588800E-015, 1.000000000000000000 ) ) ;
#4003 = DIRECTION ( 'NONE',  ( -0.0000000000000000000, -4.472333961502635600E-015, -1.000000000000000000 ) ) ;
#4004 = CARTESIAN_POINT ( 'NONE',  ( 0.8708447223137996100, 0.9250000000000011500, -0.9000989020144052300 ) ) ;
#4005 = CARTESIAN_POINT ( 'NONE',  ( 0.9499999999999999600, 0.2749999999999999700, -0.9000000000000002400 ) ) ;
#4006 = CARTESIAN_POINT ( 'NONE',  ( -2.915719209337254000E-017, 0.4834646935682069800, 0.7957676532158967100 ) ) ;
#4007 = AXIS2_PLACEMENT_3D ( 'NONE', #147, #834, #1160 ) ;
#4008 = AXIS2_PLACEMENT_3D ( 'NONE', #2222, #4029, #2955 ) ;
#4009 = CARTESIAN_POINT ( 'NONE',  ( 0.8249999999999999600, 0.03500000000000019100, 0.8499999999999997600 ) ) ;
#4010 = CARTESIAN_POINT ( 'NONE',  ( 0.8449999999999999700, 0.01500000000000019500, 0.8499999999999997600 ) ) ;
#4011 = EDGE_LOOP ( 'NONE', ( #4465, #3792, #3615, #570 ) ) ;
#4012 = DIRECTION ( 'NONE',  ( -1.000000000000000000, -0.0000000000000000000, 1.141265444721584000E-016 ) ) ;
#4013 = DIRECTION ( 'NONE',  ( 1.000000000000000000, 0.0000000000000000000, -1.008560160451631500E-016 ) ) ;
#4014 = CARTESIAN_POINT ( 'NONE',  ( -1.045767653215896600, 0.7165353064317944200, 0.5833333333333349200 ) ) ;
#4015 = ADVANCED_FACE ( 'NONE', ( #255 ), #2252, .T. ) ;
#4016 = ORIENTED_EDGE ( 'NONE', *, *, #1812, .F. ) ;
#4017 = ORIENTED_EDGE ( 'NONE', *, *, #4205, .T. ) ;
#4018 = ORIENTED_EDGE ( 'NONE', *, *, #2757, .F. ) ;
#4019 = CARTESIAN_POINT ( 'NONE',  ( -0.8249999999999999600, 0.2749999999999999100, 0.9150000000000007000 ) ) ;
#4020 = DIRECTION ( 'NONE',  ( 1.008560160451631600E-016, 6.630391210202588800E-015, -1.000000000000000000 ) ) ;
#4021 = FILL_AREA_STYLE ('',( #437 ) ) ;
#4022 = CARTESIAN_POINT ( 'NONE',  ( 0.7916666666666789500, 0.9250000000000011500, 0.9000000000000000200 ) ) ;
#4023 = EDGE_CURVE ( 'NONE', #145, #2848, #791, .T. ) ;
#4024 = VECTOR ( 'NONE', #4197, 1000.000000000000000 ) ;
#4025 = ORIENTED_EDGE ( 'NONE', *, *, #1962, .F. ) ;
#4026 = FACE_OUTER_BOUND ( 'NONE', #252, .T. ) ;
#4027 =( NAMED_UNIT ( * ) SI_UNIT ( $, .STERADIAN. ) SOLID_ANGLE_UNIT ( ) );
#4028 = CARTESIAN_POINT ( 'NONE',  ( -0.9499999999999995100, 0.2749999999999999700, 0.9000000000000003600 ) ) ;
#4029 = DIRECTION ( 'NONE',  ( -1.000000000000000000, 0.0000000000000000000, -1.008560160451631500E-016 ) ) ;
#4030 = SURFACE_STYLE_FILL_AREA ( #2854 ) ;
#4031 = SURFACE_STYLE_FILL_AREA ( #668 ) ;
#4032 = CARTESIAN_POINT ( 'NONE',  ( 1.250000000000000000, 0.04999999999999861500, 0.8499999999999998700 ) ) ;
#4033 = CARTESIAN_POINT ( 'NONE',  ( -1.049999999999998900, 0.2749999999999999700, 1.000000000000000000 ) ) ;
#4034 =( NAMED_UNIT ( * ) PLANE_ANGLE_UNIT ( ) SI_UNIT ( $, .RADIAN. ) );
#4035 = LINE ( 'NONE', #4288, #3481 ) ;
#4036 = AXIS2_PLACEMENT_3D ( 'NONE', #4518, #2730, #3438 ) ;
#4037 = VECTOR ( 'NONE', #1917, 1000.000000000000000 ) ;
#4038 =( LENGTH_UNIT ( ) NAMED_UNIT ( * ) SI_UNIT ( .MILLI., .METRE. ) );
#4039 = CARTESIAN_POINT ( 'NONE',  ( 0.8708447223137494300, 0.9250000000000011500, 0.9000989020144052300 ) ) ;
#4040 = EDGE_CURVE ( 'NONE', #1174, #3363, #4495, .T. ) ;
#4041 = ADVANCED_FACE ( 'NONE', ( #4544 ), #951, .T. ) ;
#4042 =( NAMED_UNIT ( * ) SI_UNIT ( $, .STERADIAN. ) SOLID_ANGLE_UNIT ( ) );
#4043 = CARTESIAN_POINT ( 'NONE',  ( -0.8449999999999999700, 0.01500000000000019500, 0.8499999999999997600 ) ) ;
#4044 = SURFACE_STYLE_FILL_AREA ( #2813 ) ;
#4045 =( LENGTH_UNIT ( ) NAMED_UNIT ( * ) SI_UNIT ( .MILLI., .METRE. ) );
#4046 = COLOUR_RGB ( '',0.7921568627450980000, 0.8196078431372548800, 0.9333333333333333500 ) ;
#4047 = SURFACE_SIDE_STYLE ('',( #3816 ) ) ;
#4048 = CARTESIAN_POINT ( 'NONE',  ( 1.250000000000000000, 0.04999999999999861500, 0.8499999999999998700 ) ) ;
#4050 = CARTESIAN_POINT ( 'NONE',  ( -0.1583333333333331300, 0.2750000000000000200, 0.9000000000000000200 ) ) ;
#4049 = LINE ( 'NONE', #3030, #1569 ) ;
#4051 = AXIS2_PLACEMENT_3D ( 'NONE', #1429, #1808, #1498 ) ;
#4052 = STYLED_ITEM ( 'NONE', ( #91 ), #4250 ) ;
#4053 = CARTESIAN_POINT ( 'NONE',  ( 1.045802548635228300, 0.7165353064317944200, -0.6568712355927790500 ) ) ;
#4054 = LINE ( 'NONE', #1319, #2218 ) ;
#4055 = CARTESIAN_POINT ( 'NONE',  ( 0.6000000000000005300, 1.200000000000000000, -1.000000000000000000 ) ) ;
#4056 = CARTESIAN_POINT ( 'NONE',  ( 0.8249999999999999600, 0.2899999999999957100, 1.549999999999998300 ) ) ;
#4057 = FACE_OUTER_BOUND ( 'NONE', #861, .T. ) ;
#4058 = UNCERTAINTY_MEASURE_WITH_UNIT (LENGTH_MEASURE( 1.000000000000000100E-005 ), #284, 'distance_accuracy_value', 'NONE');
#4059 = SURFACE_STYLE_FILL_AREA ( #3989 ) ;
#4060 = EDGE_CURVE ( 'NONE', #3511, #2801, #2138, .T. ) ;
#4061 = DIRECTION ( 'NONE',  ( -0.0000000000000000000, -0.0000000000000000000, 1.000000000000000000 ) ) ;
#4062 =( LENGTH_UNIT ( ) NAMED_UNIT ( * ) SI_UNIT ( .MILLI., .METRE. ) );
#4063 = CARTESIAN_POINT ( 'NONE',  ( -1.150072875168515600, 0.9250000000000011500, -0.6416750585470097900 ) ) ;
#4064 = VERTEX_POINT ( 'NONE', #3633 ) ;
#4065 = CARTESIAN_POINT ( 'NONE',  ( -0.8049999999999999400, 0.2900000000000000900, 0.9000000000000003600 ) ) ;
#4066 = EDGE_CURVE ( 'NONE', #4296, #392, #627, .T. ) ;
#4067 = FILL_AREA_STYLE ('',( #2953 ) ) ;
#4068 = DIRECTION ( 'NONE',  ( -1.000000000000000000, 0.0000000000000000000, -1.008560160451631500E-016 ) ) ;
#4069 = DIRECTION ( 'NONE',  ( 0.0000000000000000000, 0.0000000000000000000, -1.000000000000000000 ) ) ;
#4070 = CARTESIAN_POINT ( 'NONE',  ( 1.149999999999999900, 0.2750000000000000200, -0.1166666666666704000 ) ) ;
#4071 = CARTESIAN_POINT ( 'NONE',  ( 1.045767653215896600, 0.7165353064317944200, 0.2333333333333336100 ) ) ;
#4072 = ADVANCED_FACE ( 'NONE', ( #1177 ), #2871, .F. ) ;
#4073 = EDGE_LOOP ( 'NONE', ( #154, #2502, #319, #1520, #4602, #595, #1586, #3257, #3527, #2286, #2484, #4260, #2246, #3132, #2460 ) ) ;
#4074 = DIRECTION ( 'NONE',  ( 1.000000000000000000, -6.505213034913026600E-016, 0.0000000000000000000 ) ) ;
#4075 =( GEOMETRIC_REPRESENTATION_CONTEXT ( 3 ) GLOBAL_UNCERTAINTY_ASSIGNED_CONTEXT ( ( #1540 ) ) GLOBAL_UNIT_ASSIGNED_CONTEXT ( ( #3458, #296, #4172 ) ) REPRESENTATION_CONTEXT ( 'NONE', 'WORKASPACE' ) );
#4076 = CARTESIAN_POINT ( 'NONE',  ( -0.8000000000000017100, 0.2749999999999999700, 0.7999999999999981600 ) ) ;
#4077 = EDGE_CURVE ( 'NONE', #152, #134, #3753, .T. ) ;
#4078 = CARTESIAN_POINT ( 'NONE',  ( -1.250000000000000000, 0.0000000000000000000, -0.0000000000000000000 ) ) ;
#4079 = FILL_AREA_STYLE_COLOUR ( '', #35 ) ;
#4080 = VERTEX_POINT ( 'NONE', #970 ) ;
#4081 = EDGE_LOOP ( 'NONE', ( #1116, #2542, #3089, #2495 ) ) ;
#4082 = SURFACE_STYLE_USAGE ( .BOTH. , #532 ) ;
#4083 = AXIS2_PLACEMENT_3D ( 'NONE', #1942, #4069, #231 ) ;
#4084 = DIRECTION ( 'NONE',  ( -1.000000000000000000, 0.0000000000000000000, 0.0000000000000000000 ) ) ;
#4085 =( LENGTH_UNIT ( ) NAMED_UNIT ( * ) SI_UNIT ( .MILLI., .METRE. ) );
#4086 = CARTESIAN_POINT ( 'NONE',  ( -1.149999999999999900, 0.2750000000000000200, 0.1166666666666698000 ) ) ;
#4087 = ORIENTED_EDGE ( 'NONE', *, *, #381, .T. ) ;
#4088 = VERTEX_POINT ( 'NONE', #3465 ) ;
#4089 = DIRECTION ( 'NONE',  ( -1.008560160451631600E-016, 6.630391210202588800E-015, -1.000000000000000000 ) ) ;
#4090 = ORIENTED_EDGE ( 'NONE', *, *, #2247, .F. ) ;
#4091 = VERTEX_POINT ( 'NONE', #1434 ) ;
#4092 = B_SPLINE_CURVE_WITH_KNOTS ( 'NONE', 3,
 ( #1406, #2500, #4286, #868 ),
 .UNSPECIFIED., .F., .F.,
 ( 4, 4 ),
 ( 0.0000000000000000000, 1.000000000000000000 ),
 .UNSPECIFIED. ) ;
#4093 = COLOUR_RGB ( '',0.2509803921568627400, 0.2509803921568627400, 0.2509803921568627400 ) ;
#4094 = STYLED_ITEM ( 'NONE', ( #2140 ), #1934 ) ;
#4095 = PLANE ( 'NONE',  #4264 ) ;
#4096 = LINE ( 'NONE', #1472, #2546 ) ;
#4097 = DIRECTION ( 'NONE',  ( -0.0000000000000000000, -1.000000000000000000, -0.0000000000000000000 ) ) ;
#4098 = ORIENTED_EDGE ( 'NONE', *, *, #2707, .T. ) ;
#4099 = EDGE_CURVE ( 'NONE', #1959, #4525, #728, .T. ) ;
#4100 = CARTESIAN_POINT ( 'NONE',  ( -1.049999999999998900, 0.0000000000000000000, -0.8500000000000000900 ) ) ;
#4101 = PRESENTATION_STYLE_ASSIGNMENT (( #2200 ) ) ;
#4102 = VERTEX_POINT ( 'NONE', #1229 ) ;
#4103 = CARTESIAN_POINT ( 'NONE',  ( -0.8138153867805652000, 0.3067608128347921200, 0.8850659950308504800 ) ) ;
#4104 = SURFACE_STYLE_FILL_AREA ( #479 ) ;
#4105 = CARTESIAN_POINT ( 'NONE',  ( -0.1583333333333444600, 0.2750000000000000200, -0.9000000000000000200 ) ) ;
#4106 = PRESENTATION_STYLE_ASSIGNMENT (( #1847 ) ) ;
#4107 = CARTESIAN_POINT ( 'NONE',  ( 0.1583333333333444600, 0.7165353064317944200, -0.7957676532158967100 ) ) ;
#4108 = PRESENTATION_STYLE_ASSIGNMENT (( #678 ) ) ;
#4109 = VECTOR ( 'NONE', #2085, 1000.000000000000000 ) ;
#4110 =( GEOMETRIC_REPRESENTATION_CONTEXT ( 3 ) GLOBAL_UNCERTAINTY_ASSIGNED_CONTEXT ( ( #3930 ) ) GLOBAL_UNIT_ASSIGNED_CONTEXT ( ( #4445, #3116, #2764 ) ) REPRESENTATION_CONTEXT ( 'NONE', 'WORKASPACE' ) );
#4111 = VECTOR ( 'NONE', #2748, 1000.000000000000000 ) ;
#4112 = VECTOR ( 'NONE', #2410, 1000.000000000000000 ) ;
#4113 = CARTESIAN_POINT ( 'NONE',  ( -0.8049999999999999400, 0.2749999999999999700, 0.9000000000000004700 ) ) ;
#4114 =( GEOMETRIC_REPRESENTATION_CONTEXT ( 3 ) GLOBAL_UNCERTAINTY_ASSIGNED_CONTEXT ( ( #2468 ) ) GLOBAL_UNIT_ASSIGNED_CONTEXT ( ( #1877, #3373, #820 ) ) REPRESENTATION_CONTEXT ( 'NONE', 'WORKASPACE' ) );
#4115 = COLOUR_RGB ( '',0.2509803921568627400, 0.2509803921568627400, 0.2509803921568627400 ) ;
#4116 =( NAMED_UNIT ( * ) SI_UNIT ( $, .STERADIAN. ) SOLID_ANGLE_UNIT ( ) );
#4117 = LINE ( 'NONE', #2595, #3878 ) ;
#4118 = PLANE ( 'NONE',  #3128 ) ;
#4119 = CARTESIAN_POINT ( 'NONE',  ( 1.002352345025681900, 0.2750000000000000200, 0.8999345874017090600 ) ) ;
#4120 = CARTESIAN_POINT ( 'NONE',  ( -1.045736331160749300, 0.7165353064317944200, -0.7387122884057458800 ) ) ;
#4121 = UNCERTAINTY_MEASURE_WITH_UNIT (LENGTH_MEASURE( 1.000000000000000100E-005 ), #2938, 'distance_accuracy_value', 'NONE');
#4122 = VECTOR ( 'NONE', #2781, 1000.000000000000000 ) ;
#4123 = EDGE_CURVE ( 'NONE', #146, #3693, #360, .T. ) ;
#4124 = DIRECTION ( 'NONE',  ( -1.000000000000000000, 0.0000000000000000000, 0.0000000000000000000 ) ) ;
#4125 = SURFACE_STYLE_USAGE ( .BOTH. , #3036 ) ;
#4126 = VERTEX_POINT ( 'NONE', #3461 ) ;
#4127 = DIRECTION ( 'NONE',  ( 0.0000000000000000000, 0.0000000000000000000, 1.000000000000000000 ) ) ;
#4128 = DIRECTION ( 'NONE',  ( 1.000000000000000000, 0.0000000000000000000, 0.0000000000000000000 ) ) ;
#4129 = CARTESIAN_POINT ( 'NONE',  ( -0.8071901212460770300, 0.2994238676186432000, 0.8883465206883474100 ) ) ;
#4130 = CARTESIAN_POINT ( 'NONE',  ( -0.7916666666666760700, 0.2750000000000000200, 0.9000000000000001300 ) ) ;
#4131 = SURFACE_STYLE_USAGE ( .BOTH. , #1575 ) ;
#4132 = CARTESIAN_POINT ( 'NONE',  ( -0.5541666666666674700, 0.9250000000000011500, 0.9000000000000045700 ) ) ;
#4133 =( NAMED_UNIT ( * ) PLANE_ANGLE_UNIT ( ) SI_UNIT ( $, .RADIAN. ) );
#4134 = SURFACE_STYLE_USAGE ( .BOTH. , #3769 ) ;
#4135 = EDGE_CURVE ( 'NONE', #23, #505, #3307, .T. ) ;
#4136 = ORIENTED_EDGE ( 'NONE', *, *, #4583, .F. ) ;
#4137 = VERTEX_POINT ( 'NONE', #2627 ) ;
#4138 = PRESENTATION_LAYER_ASSIGNMENT (  '', '', ( #2541 ) ) ;
#4139 = ORIENTED_EDGE ( 'NONE', *, *, #475, .F. ) ;
#4140 = DIRECTION ( 'NONE',  ( 0.0000000000000000000, 0.0000000000000000000, 1.000000000000000000 ) ) ;
#4141 = CARTESIAN_POINT ( 'NONE',  ( -2.710505431213761100E-017, 0.2750000000000000200, 0.9000000000000000200 ) ) ;
#4142 = ORIENTED_EDGE ( 'NONE', *, *, #1095, .T. ) ;
#4143 =( NAMED_UNIT ( * ) PLANE_ANGLE_UNIT ( ) SI_UNIT ( $, .RADIAN. ) );
#4144 = AXIS2_PLACEMENT_3D ( 'NONE', #2963, #3005, #860 ) ;
#4145 = CARTESIAN_POINT ( 'NONE',  ( -0.8063161432034065000, 0.2971353693110020400, 0.8893957194525481400 ) ) ;
#4146 = AXIS2_PLACEMENT_3D ( 'NONE', #2636, #1559, #823 ) ;
#4147 = DIRECTION ( 'NONE',  ( 0.0000000000000000000, 1.000000000000000000, -0.0000000000000000000 ) ) ;
#4148 = CARTESIAN_POINT ( 'NONE',  ( 0.5541666666666735800, 0.4834646935682069800, -0.7957676532159005900 ) ) ;
#4149 = FACE_OUTER_BOUND ( 'NONE', #934, .T. ) ;
#4150 = ORIENTED_EDGE ( 'NONE', *, *, #1612, .T. ) ;
#4151 = PRESENTATION_STYLE_ASSIGNMENT (( #1013 ) ) ;
#4152 = VECTOR ( 'NONE', #592, 1000.000000000000000 ) ;
#4153 = DIRECTION ( 'NONE',  ( -0.0000000000000000000, -0.0000000000000000000, 1.000000000000000000 ) ) ;
#4154 = CARTESIAN_POINT ( 'NONE',  ( 0.8249999999999998400, 0.3100000000000001600, 0.8836479909237159300 ) ) ;
#4155 = CIRCLE ( 'NONE', #3216, 0.03500000000000042000 ) ;
#4156 = PLANE ( 'NONE',  #1543 ) ;
#4157 = CARTESIAN_POINT ( 'NONE',  ( -1.249999999999999800, 0.05000000000000035000, -0.8500000000000000900 ) ) ;
#4158 = PLANE ( 'NONE',  #1268 ) ;
#4159 = ORIENTED_EDGE ( 'NONE', *, *, #3365, .T. ) ;
#4160 = EDGE_CURVE ( 'NONE', #1554, #102, #900, .T. ) ;
#4161 = PLANE ( 'NONE',  #4 ) ;
#4162 = FILL_AREA_STYLE_COLOUR ( '', #2933 ) ;
#4163 = CARTESIAN_POINT ( 'NONE',  ( -0.8049999999999999400, 0.01500000000000019500, 0.8499999999999997600 ) ) ;
#4164 = LINE ( 'NONE', #2237, #2272 ) ;
#4165 = CARTESIAN_POINT ( 'NONE',  ( -1.149934587401703500, 0.9250000000000011500, 0.7523523450256536200 ) ) ;
#4166 = CARTESIAN_POINT ( 'NONE',  ( -1.091422153223081900, 0.9250000000000009300, 0.8414205570524088100 ) ) ;
#4167 =( LENGTH_UNIT ( ) NAMED_UNIT ( * ) SI_UNIT ( .MILLI., .METRE. ) );
#4168 = DIRECTION ( 'NONE',  ( 0.0000000000000000000, 1.000000000000000000, -0.0000000000000000000 ) ) ;
#4169 = PRESENTATION_STYLE_ASSIGNMENT (( #2375 ) ) ;
#4170 = AXIS2_PLACEMENT_3D ( 'NONE', #3843, #4168, #1093 ) ;
#4171 = CARTESIAN_POINT ( 'NONE',  ( 0.8292269995522698600, 0.3096585572745572700, 0.8837963205609187200 ) ) ;
#4172 =( NAMED_UNIT ( * ) SI_UNIT ( $, .STERADIAN. ) SOLID_ANGLE_UNIT ( ) );
#4173 = LINE ( 'NONE', #587, #1751 ) ;
#4174 = AXIS2_PLACEMENT_3D ( 'NONE', #3381, #1227, #3074 ) ;
#4175 = PRESENTATION_STYLE_ASSIGNMENT (( #840 ) ) ;
#4176 = FACE_OUTER_BOUND ( 'NONE', #181, .T. ) ;
#4177 = ORIENTED_EDGE ( 'NONE', *, *, #292, .T. ) ;
#4178 = DIRECTION ( 'NONE',  ( 1.000000000000000000, -0.0000000000000000000, 0.0000000000000000000 ) ) ;
#4179 = VECTOR ( 'NONE', #1538, 1000.000000000000000 ) ;
#4180 = STYLED_ITEM ( 'NONE', ( #2879 ), #1163 ) ;
#4181 = DIRECTION ( 'NONE',  ( -0.0000000000000000000, -1.000000000000000000, -0.0000000000000000000 ) ) ;
#4182 =( LENGTH_UNIT ( ) NAMED_UNIT ( * ) SI_UNIT ( .MILLI., .METRE. ) );
#4183 = FACE_OUTER_BOUND ( 'NONE', #2196, .T. ) ;
#4184 = ORIENTED_EDGE ( 'NONE', *, *, #3390, .T. ) ;
#4185 = CARTESIAN_POINT ( 'NONE',  ( 1.045736331160749300, 0.4834646935682069800, -0.7387122884057525400 ) ) ;
#4186 = CARTESIAN_POINT ( 'NONE',  ( 0.9887122884057866200, 0.7165353064317944200, 0.7957363311607520400 ) ) ;
#4187 =( NAMED_UNIT ( * ) PLANE_ANGLE_UNIT ( ) SI_UNIT ( $, .RADIAN. ) );
#4188 =( GEOMETRIC_REPRESENTATION_CONTEXT ( 3 ) GLOBAL_UNCERTAINTY_ASSIGNED_CONTEXT ( ( #1756 ) ) GLOBAL_UNIT_ASSIGNED_CONTEXT ( ( #2161, #4314, #2499 ) ) REPRESENTATION_CONTEXT ( 'NONE', 'WORKASPACE' ) );
#4189 = CARTESIAN_POINT ( 'NONE',  ( 0.8049999999999999400, 0.2900000000000000900, 0.9000000000000003600 ) ) ;
#4190 = CARTESIAN_POINT ( 'NONE',  ( 1.250000000000000000, 1.888477631085024000, 0.8499999999999998700 ) ) ;
#4191 = EDGE_CURVE ( 'NONE', #4525, #4378, #3528, .T. ) ;
#4192 = ORIENTED_EDGE ( 'NONE', *, *, #3159, .F. ) ;
#4193 = CARTESIAN_POINT ( 'NONE',  ( 1.003259100224432700, 0.2749999999999999700, 0.9000000000000002400 ) ) ;
#4194 = CLOSED_SHELL ( 'NONE', ( #3605, #1537, #186, #1359 ) ) ;
#4195 = CARTESIAN_POINT ( 'NONE',  ( 1.049999999999999400, 0.0000000000000000000, 0.8499999999999998700 ) ) ;
#4196 = CARTESIAN_POINT ( 'NONE',  ( -1.045767653215896600, 0.4834646935682069800, 0.5833333333333349200 ) ) ;
#4197 = DIRECTION ( 'NONE',  ( -0.0000000000000000000, -1.000000000000000000, -0.0000000000000000000 ) ) ;
#4198 = CARTESIAN_POINT ( 'NONE',  ( 0.6333333333333252000, 0.7165353064317944200, 0.7957676532158964900 ) ) ;
#4199 = DIRECTION ( 'NONE',  ( -1.000000000000000000, 7.589415207398535000E-016, 0.0000000000000000000 ) ) ;
#4200 = SURFACE_STYLE_USAGE ( .BOTH. , #2066 ) ;
#4201 = CARTESIAN_POINT ( 'NONE',  ( 0.8049999999999999400, 0.05000000000000042600, 0.9000000000000004700 ) ) ;
#4202 = STYLED_ITEM ( 'NONE', ( #4283 ), #3234 ) ;
#4203 = DIRECTION ( 'NONE',  ( 1.000000000000000000, 0.0000000000000000000, -1.008560160451631500E-016 ) ) ;
#4204 = DIRECTION ( 'NONE',  ( 0.0000000000000000000, -0.0000000000000000000, 1.000000000000000000 ) ) ;
#4205 = EDGE_CURVE ( 'NONE', #3120, #1961, #2751, .T. ) ;
#4206 = LINE ( 'NONE', #1831, #3249 ) ;
#4207 = STYLED_ITEM ( 'NONE', ( #4562 ), #1045 ) ;
#4208 = CARTESIAN_POINT ( 'NONE',  ( -1.149934587401703300, 0.2750000000000000200, 0.7523523450256536200 ) ) ;
#4209 = VERTEX_POINT ( 'NONE', #2121 ) ;
#4210 = ORIENTED_EDGE ( 'NONE', *, *, #811, .T. ) ;
#4211 = CARTESIAN_POINT ( 'NONE',  ( 0.0000000000000000000, 1.200000000000000000, 1.000000000000000000 ) ) ;
#4212 = DIRECTION ( 'NONE',  ( -0.6666666666666649600, 0.3333333333333361500, 0.6666666666666670700 ) ) ;
#4213 = EDGE_LOOP ( 'NONE', ( #1582, #195, #1049, #2077 ) ) ;
#4214 = MECHANICAL_DESIGN_GEOMETRIC_PRESENTATION_REPRESENTATION (  '', ( #2303 ), #2363 ) ;
#4215 = CARTESIAN_POINT ( 'NONE',  ( 0.8449999999999999700, 0.03500000000000021100, 0.8499999999999996400 ) ) ;
#4216 = VECTOR ( 'NONE', #3109, 1000.000000000000000 ) ;
#4217 = CARTESIAN_POINT ( 'NONE',  ( -1.045802548635227800, 0.7165353064317944200, -0.6568712355927837100 ) ) ;
#4218 = UNCERTAINTY_MEASURE_WITH_UNIT (LENGTH_MEASURE( 1.000000000000000100E-005 ), #4038, 'distance_accuracy_value', 'NONE');
#4219 = COLOUR_RGB ( '',0.2509803921568627400, 0.2509803921568627400, 0.2509803921568627400 ) ;
#4220 = CIRCLE ( 'NONE', #4146, 0.2000000000000000900 ) ;
#4221 = EDGE_CURVE ( 'NONE', #2323, #4304, #2367, .T. ) ;
#4222 = CARTESIAN_POINT ( 'NONE',  ( 0.3166666666666562200, 0.9250000000000011500, -0.8999999999999913600 ) ) ;
#4223 = SURFACE_STYLE_USAGE ( .BOTH. , #988 ) ;
#4224 = CARTESIAN_POINT ( 'NONE',  ( 0.9488535391742452000, 0.2749999999999999700, 0.9000000000000012400 ) ) ;
#4225 = CARTESIAN_POINT ( 'NONE',  ( -0.9499999999999995100, 0.05000000000000023900, -1.000000000000000200 ) ) ;
#4226 = FACE_OUTER_BOUND ( 'NONE', #2858, .T. ) ;
#4227 = CARTESIAN_POINT ( 'NONE',  ( -0.8249999999999999600, 0.2749999999999999700, 0.9150000000000007000 ) ) ;
#4228 = FILL_AREA_STYLE ('',( #2309 ) ) ;
#4229 = EDGE_CURVE ( 'NONE', #565, #3161, #3585, .T. ) ;
#4230 = ORIENTED_EDGE ( 'NONE', *, *, #456, .F. ) ;
#4231 = VECTOR ( 'NONE', #1478, 1000.000000000000000 ) ;
#4232 = SURFACE_STYLE_FILL_AREA ( #2705 ) ;
#4233 = CARTESIAN_POINT ( 'NONE',  ( -0.8331793938475513500, 0.3083688198498280000, 0.8843598949601797500 ) ) ;
#4234 = CARTESIAN_POINT ( 'NONE',  ( -0.6333333333333404100, 0.7165353064317944200, -0.7957676532158960400 ) ) ;
#4235 = CARTESIAN_POINT ( 'NONE',  ( 1.149999999999999900, 0.2750000000000000200, -0.4666666666666664500 ) ) ;
#4236 =( GEOMETRIC_REPRESENTATION_CONTEXT ( 3 ) GLOBAL_UNCERTAINTY_ASSIGNED_CONTEXT ( ( #743 ) ) GLOBAL_UNIT_ASSIGNED_CONTEXT ( ( #2378, #3071, #560 ) ) REPRESENTATION_CONTEXT ( 'NONE', 'WORKASPACE' ) );
#4237 = CARTESIAN_POINT ( 'NONE',  ( -1.149999999999999900, 0.9250000000000011500, 0.1166666666666698000 ) ) ;
#4238 = ORIENTED_EDGE ( 'NONE', *, *, #114, .T. ) ;
#4239 = CARTESIAN_POINT ( 'NONE',  ( -0.5541666666666583700, 0.9250000000000011500, -0.8999999999999955800 ) ) ;
#4240 = DIRECTION ( 'NONE',  ( -0.6666666666666644100, -0.3333333333333367600, -0.6666666666666671800 ) ) ;
#4241 = CARTESIAN_POINT ( 'NONE',  ( 1.250000000000000000, 1.888477631085024000, 0.8499999999999998700 ) ) ;
#4242 = VERTEX_POINT ( 'NONE', #3558 ) ;
#4243 = ORIENTED_EDGE ( 'NONE', *, *, #2707, .F. ) ;
#4244 = CARTESIAN_POINT ( 'NONE',  ( -1.150000000000025000, 0.2750000000000000200, 0.2333333333333324200 ) ) ;
#4245 = SURFACE_SIDE_STYLE ('',( #1850 ) ) ;
#4246 =( GEOMETRIC_REPRESENTATION_CONTEXT ( 3 ) GLOBAL_UNCERTAINTY_ASSIGNED_CONTEXT ( ( #2116 ) ) GLOBAL_UNIT_ASSIGNED_CONTEXT ( ( #742, #3231, #1078 ) ) REPRESENTATION_CONTEXT ( 'NONE', 'WORKASPACE' ) );
#4247 = AXIS2_PLACEMENT_3D ( 'NONE', #1849, #2231, #3969 ) ;
#4248 = CARTESIAN_POINT ( 'NONE',  ( -1.045802548635227600, 0.7165353064317944200, 0.6568712355927729400 ) ) ;
#4249 = ORIENTED_EDGE ( 'NONE', *, *, #1323, .T. ) ;
#4250 = ADVANCED_FACE ( 'NONE', ( #848 ), #3287, .F. ) ;
#4251 = CARTESIAN_POINT ( 'NONE',  ( -0.7916666666666764000, 0.4834646935682069800, 0.7957676532158968200 ) ) ;
#4252 = CARTESIAN_POINT ( 'NONE',  ( -1.150072875168515600, 0.9250000000000011500, -0.6416750585470097900 ) ) ;
#4253 = MECHANICAL_DESIGN_GEOMETRIC_PRESENTATION_REPRESENTATION (  '', ( #4094 ), #4188 ) ;
#4254 = DIRECTION ( 'NONE',  ( 0.0000000000000000000, -1.000000000000000000, 5.421010862427522200E-015 ) ) ;
#4255 = DIRECTION ( 'NONE',  ( 0.0000000000000000000, 0.0000000000000000000, 1.000000000000000000 ) ) ;
#4256 = EDGE_CURVE ( 'NONE', #3028, #3903, #409, .T. ) ;
#4257 = CARTESIAN_POINT ( 'NONE',  ( -1.053941337974267500, 0.2750000000000000200, -0.8789013745003483300 ) ) ;
#4258 = DIRECTION ( 'NONE',  ( -1.000000000000000000, 0.0000000000000000000, -4.336808689942017700E-016 ) ) ;
#4259 = VERTEX_POINT ( 'NONE', #3267 ) ;
#4260 = ORIENTED_EDGE ( 'NONE', *, *, #365, .T. ) ;
#4261 = CARTESIAN_POINT ( 'NONE',  ( 1.149999999999999900, 0.2750000000000000200, 0.4666666666666678400 ) ) ;
#4262 = EDGE_LOOP ( 'NONE', ( #4356, #1173, #398, #290 ) ) ;
#4263 = VERTEX_POINT ( 'NONE', #2846 ) ;
#4264 = AXIS2_PLACEMENT_3D ( 'NONE', #4479, #4415, #3354 ) ;
#4265 = ORIENTED_EDGE ( 'NONE', *, *, #143, .T. ) ;
#4266 = CARTESIAN_POINT ( 'NONE',  ( 1.002352345025646900, 0.9250000000000011500, -0.8999345874017091700 ) ) ;
#4267 = PRESENTATION_LAYER_ASSIGNMENT (  '', '', ( #2976 ) ) ;
#4268 = CARTESIAN_POINT ( 'NONE',  ( 0.8249999999999999600, 0.05000000000000060600, 0.9350000000000013900 ) ) ;
#4269 = DIRECTION ( 'NONE',  ( 1.008560160451631400E-016, 0.0000000000000000000, -1.000000000000000000 ) ) ;
#4270 = ORIENTED_EDGE ( 'NONE', *, *, #773, .T. ) ;
#4271 = UNCERTAINTY_MEASURE_WITH_UNIT (LENGTH_MEASURE( 1.000000000000000100E-005 ), #4062, 'distance_accuracy_value', 'NONE');
#4272 = VECTOR ( 'NONE', #3056, 1000.000000000000000 ) ;
#4273 = STYLED_ITEM ( 'NONE', ( #2610 ), #1517 ) ;
#4274 = CARTESIAN_POINT ( 'NONE',  ( 1.250000000000000000, 0.0000000000000000000, 0.8499999999999998700 ) ) ;
#4275 = DIRECTION ( 'NONE',  ( 0.0000000000000000000, -4.472333961502635600E-015, -1.000000000000000000 ) ) ;
#4276 = ORIENTED_EDGE ( 'NONE', *, *, #4340, .F. ) ;
#4277 = CARTESIAN_POINT ( 'NONE',  ( -0.8384032570418481500, 0.3049915866320129800, 0.8858487861013806300 ) ) ;
#4278 = CARTESIAN_POINT ( 'NONE',  ( -0.1583333333333332100, 0.4834646935682069800, 0.7957676532158967100 ) ) ;
#4279 = EDGE_LOOP ( 'NONE', ( #4401, #623, #1361, #4313 ) ) ;
#4280 = PRESENTATION_STYLE_ASSIGNMENT (( #2176 ) ) ;
#4281 = EDGE_CURVE ( 'NONE', #553, #631, #4206, .T. ) ;
#4282 = CARTESIAN_POINT ( 'NONE',  ( 1.053941337974258400, 0.9250000000000011500, -0.8789013745003523300 ) ) ;
#4283 = PRESENTATION_STYLE_ASSIGNMENT (( #1086 ) ) ;
#4284 = VECTOR ( 'NONE', #4061, 1000.000000000000000 ) ;
#4285 = LINE ( 'NONE', #2269, #1867 ) ;
#4286 = CARTESIAN_POINT ( 'NONE',  ( -0.3160934393208954500, 0.9249999999999999300, 0.9000000000000006900 ) ) ;
#4287 = ORIENTED_EDGE ( 'NONE', *, *, #2461, .F. ) ;
#4288 = CARTESIAN_POINT ( 'NONE',  ( -0.9499999999999995100, 0.05000000000000023900, -1.000000000000000200 ) ) ;
#4289 =( LENGTH_UNIT ( ) NAMED_UNIT ( * ) SI_UNIT ( .MILLI., .METRE. ) );
#4290 = CARTESIAN_POINT ( 'NONE',  ( 1.250000000000000000, 1.200000000000000000, 1.000000000000000000 ) ) ;
#4291 = CARTESIAN_POINT ( 'NONE',  ( 1.045802548635228300, 0.7165353064317944200, 0.6568712355927810400 ) ) ;
#4292 = ADVANCED_FACE ( 'NONE', ( #1430 ), #1804, .F. ) ;
#4293 = CARTESIAN_POINT ( 'NONE',  ( 1.035664823964985000, 0.4834646935682069800, 0.7497710900495734300 ) ) ;
#4294 =( GEOMETRIC_REPRESENTATION_CONTEXT ( 3 ) GLOBAL_UNCERTAINTY_ASSIGNED_CONTEXT ( ( #1700 ) ) GLOBAL_UNIT_ASSIGNED_CONTEXT ( ( #453, #4402, #2942 ) ) REPRESENTATION_CONTEXT ( 'NONE', 'WORKASPACE' ) );
#4295 = EDGE_CURVE ( 'NONE', #2970, #1554, #332, .T. ) ;
#4296 = VERTEX_POINT ( 'NONE', #4065 ) ;
#4297 = DIRECTION ( 'NONE',  ( -0.7071067811865460200, 0.0000000000000000000, -0.7071067811865489100 ) ) ;
#4298 = CLOSED_SHELL ( 'NONE', ( #4363, #3236, #703, #387, #3021, #483, #2974, #168, #2498, #523, #119, #2522, #3513, #2806, #4015, #2251 ) ) ;
#4299 = SURFACE_SIDE_STYLE ('',( #2259 ) ) ;
#4300 = CARTESIAN_POINT ( 'NONE',  ( 1.149999999999999900, 0.9250000000000010400, -0.7000000000000005100 ) ) ;
#4301 = AXIS2_PLACEMENT_3D ( 'NONE', #3391, #3115, #1639 ) ;
#4302 = MECHANICAL_DESIGN_GEOMETRIC_PRESENTATION_REPRESENTATION (  '', ( #4052 ), #1607 ) ;
#4303 = PRODUCT_DEFINITION_CONTEXT ( 'detailed design', #4483, 'design' ) ;
#4304 = VERTEX_POINT ( 'NONE', #1218 ) ;
#4305 = DIRECTION ( 'NONE',  ( 0.8944271909999139700, -0.4472135954999618100, -0.0000000000000000000 ) ) ;
#4306 = CARTESIAN_POINT ( 'NONE',  ( 1.091421356288406300, 0.2750000000000009100, -0.8414213561862123900 ) ) ;
#4307 = DIRECTION ( 'NONE',  ( -1.000000000000000000, -0.0000000000000000000, 1.008560160451631700E-016 ) ) ;
#4308 = CARTESIAN_POINT ( 'NONE',  ( -1.053941337974262100, 0.9250000000000011500, 0.8789013745003594300 ) ) ;
#4309 = EDGE_CURVE ( 'NONE', #2746, #83, #1567, .T. ) ;
#4310 = CARTESIAN_POINT ( 'NONE',  ( 1.045767653215896600, 0.4834646935682069800, 0.2333333333333336100 ) ) ;
#4311 = CARTESIAN_POINT ( 'NONE',  ( -0.9499999999999998400, 0.2749999999999999700, -0.9000000000000010200 ) ) ;
#4312 = CARTESIAN_POINT ( 'NONE',  ( 0.0000000000000000000, 0.0000000000000000000, 0.0000000000000000000 ) ) ;
#4313 = ORIENTED_EDGE ( 'NONE', *, *, #3560, .F. ) ;
#4314 =( NAMED_UNIT ( * ) PLANE_ANGLE_UNIT ( ) SI_UNIT ( $, .RADIAN. ) );
#4315 = CARTESIAN_POINT ( 'NONE',  ( -0.8449999999999999700, 0.2749999999999999700, 0.9150000000000007000 ) ) ;
#4316 = VERTEX_POINT ( 'NONE', #2931 ) ;
#4317 = PRESENTATION_LAYER_ASSIGNMENT (  '', '', ( #2228 ) ) ;
#4318 = CARTESIAN_POINT ( 'NONE',  ( 0.6000000000000005300, 0.0000000000000000000, -1.000000000000000200 ) ) ;
#4319 =( LENGTH_UNIT ( ) NAMED_UNIT ( * ) SI_UNIT ( .MILLI., .METRE. ) );
#4320 = CARTESIAN_POINT ( 'NONE',  ( 1.045767653215896600, 0.7165353064317944200, 0.1166666666666671700 ) ) ;
#4321 = FILL_AREA_STYLE_COLOUR ( '', #2288 ) ;
#4322 = CARTESIAN_POINT ( 'NONE',  ( 1.045767653215896600, 0.4834646935682069800, -0.1166666666666704600 ) ) ;
#4323 = STYLED_ITEM ( 'NONE', ( #3774 ), #721 ) ;
#4324 =( LENGTH_UNIT ( ) NAMED_UNIT ( * ) SI_UNIT ( .MILLI., .METRE. ) );
#4325 = ORIENTED_EDGE ( 'NONE', *, *, #4135, .T. ) ;
#4326 = LINE ( 'NONE', #1213, #1966 ) ;
#4327 = SURFACE_SIDE_STYLE ('',( #904 ) ) ;
#4328 = CARTESIAN_POINT ( 'NONE',  ( 0.8049999999999999400, 0.2749999999999999700, 0.9150000000000007000 ) ) ;
#4329 = DIRECTION ( 'NONE',  ( -0.0000000000000000000, -1.000000000000000000, -0.0000000000000000000 ) ) ;
#4330 = LINE ( 'NONE', #2868, #691 ) ;
#4331 = EDGE_LOOP ( 'NONE', ( #2702, #3884, #1604, #2041, #603 ) ) ;
#4332 = ORIENTED_EDGE ( 'NONE', *, *, #2247, .T. ) ;
#4333 = LINE ( 'NONE', #3139, #3712 ) ;
#4334 = CIRCLE ( 'NONE', #156, 0.03500000000000019800 ) ;
#4335 = CIRCLE ( 'NONE', #647, 0.2000000000000000900 ) ;
#4336 = DIRECTION ( 'NONE',  ( -0.7071067811865460200, 0.0000000000000000000, 0.7071067811865489100 ) ) ;
#4337 = CARTESIAN_POINT ( 'NONE',  ( 0.9997710900495795400, 0.7165353064317944200, -0.7856648239649822700 ) ) ;
#4338 = CARTESIAN_POINT ( 'NONE',  ( 1.045736331160749300, 0.4834646935682069800, 0.7387122884057486500 ) ) ;
#4339 = SURFACE_SIDE_STYLE ('',( #686 ) ) ;
#4340 = EDGE_CURVE ( 'NONE', #911, #876, #2999, .T. ) ;
#4341 = SURFACE_STYLE_USAGE ( .BOTH. , #51 ) ;
#4342 = ORIENTED_EDGE ( 'NONE', *, *, #2786, .F. ) ;
#4343 = FACE_OUTER_BOUND ( 'NONE', #4424, .T. ) ;
#4344 = VECTOR ( 'NONE', #3019, 1000.000000000000000 ) ;
#4345 = FACE_OUTER_BOUND ( 'NONE', #1578, .T. ) ;
#4346 = SURFACE_STYLE_USAGE ( .BOTH. , #4299 ) ;
#4347 = ORIENTED_EDGE ( 'NONE', *, *, #2441, .T. ) ;
#4348 = EDGE_CURVE ( 'NONE', #958, #146, #4463, .T. ) ;
#4349 = CARTESIAN_POINT ( 'NONE',  ( -0.9499999999999995100, 0.05000000000000023900, -1.000000000000000200 ) ) ;
#4350 = AXIS2_PLACEMENT_3D ( 'NONE', #615, #2040, #4553 ) ;
#4351 = UNCERTAINTY_MEASURE_WITH_UNIT (LENGTH_MEASURE( 1.000000000000000100E-005 ), #2870, 'distance_accuracy_value', 'NONE');
#4352 = FILL_AREA_STYLE ('',( #3968 ) ) ;
#4353 = CARTESIAN_POINT ( 'NONE',  ( 1.045767653215896600, 0.7165353064317944200, -0.4083333333333355500 ) ) ;
#4354 = DIRECTION ( 'NONE',  ( 0.0000000000000000000, -1.000000000000000000, 0.0000000000000000000 ) ) ;
#4355 = PRESENTATION_LAYER_ASSIGNMENT (  '', '', ( #2295 ) ) ;
#4356 = ORIENTED_EDGE ( 'NONE', *, *, #2344, .F. ) ;
#4357 = CARTESIAN_POINT ( 'NONE',  ( -0.8449999999999999700, 0.03500000000000021100, 0.8499999999999996400 ) ) ;
#4358 = DIRECTION ( 'NONE',  ( -0.7071067811865490200, 0.0000000000000000000, 0.7071067811865461300 ) ) ;
#4359 = UNCERTAINTY_MEASURE_WITH_UNIT (LENGTH_MEASURE( 1.000000000000000100E-005 ), #1937, 'distance_accuracy_value', 'NONE');
#4360 = EDGE_LOOP ( 'NONE', ( #1233, #1234, #2059, #2700 ) ) ;
#4361 = AXIS2_PLACEMENT_3D ( 'NONE', #2390, #259, #2420 ) ;
#4362 = CARTESIAN_POINT ( 'NONE',  ( -1.045767653215908800, 0.7165353064317944200, 0.2333333333333324500 ) ) ;
#4363 = ADVANCED_FACE ( 'NONE', ( #1747 ), #4455, .F. ) ;
#4364 = STYLED_ITEM ( 'NONE', ( #2036 ), #4386 ) ;
#4365 = ORIENTED_EDGE ( 'NONE', *, *, #2874, .F. ) ;
#4366 = DIRECTION ( 'NONE',  ( -1.008560160451631400E-016, 0.0000000000000000000, -1.000000000000000000 ) ) ;
#4367 = EDGE_CURVE ( 'NONE', #2119, #1959, #3725, .T. ) ;
#4368 = DIRECTION ( 'NONE',  ( -0.0000000000000000000, -1.000000000000000000, 5.082197683525816200E-015 ) ) ;
#4369 = CARTESIAN_POINT ( 'NONE',  ( -1.045802548635227600, 0.7165353064317944200, 0.6568712355927729400 ) ) ;
#4370 = ORIENTED_EDGE ( 'NONE', *, *, #3680, .T. ) ;
#4371 = FILL_AREA_STYLE_COLOUR ( '', #2311 ) ;
#4372 = DIRECTION ( 'NONE',  ( 1.000000000000000000, -0.0000000000000000000, 1.275531967630005000E-016 ) ) ;
#4373 = VERTEX_POINT ( 'NONE', #2356 ) ;
#4374 = COLOUR_RGB ( '',0.2509803921568627400, 0.2509803921568627400, 0.2509803921568627400 ) ;
#4375 = DIRECTION ( 'NONE',  ( -4.336808689942017700E-016, 0.0000000000000000000, 1.000000000000000000 ) ) ;
#4376 = CARTESIAN_POINT ( 'NONE',  ( 0.5500000000000000400, 0.04999999999999926700, 0.8499999999999998700 ) ) ;
#4377 = VECTOR ( 'NONE', #1758, 1000.000000000000000 ) ;
#4378 = VERTEX_POINT ( 'NONE', #3023 ) ;
#4379 = LINE ( 'NONE', #4055, #1239 ) ;
#4380 = SURFACE_STYLE_FILL_AREA ( #1514 ) ;
#4381 =( GEOMETRIC_REPRESENTATION_CONTEXT ( 3 ) GLOBAL_UNCERTAINTY_ASSIGNED_CONTEXT ( ( #3379 ) ) GLOBAL_UNIT_ASSIGNED_CONTEXT ( ( #3478, #1324, #4572 ) ) REPRESENTATION_CONTEXT ( 'NONE', 'WORKASPACE' ) );
#4382 = PLANE ( 'NONE',  #1445 ) ;
#4384 = CARTESIAN_POINT ( 'NONE',  ( 1.150072875168515600, 0.9250000000000011500, -0.6416750585470016900 ) ) ;
#4383 = LINE ( 'NONE', #2602, #364 ) ;
#4385 = EDGE_CURVE ( 'NONE', #102, #1610, #3389, .T. ) ;
#4386 = ADVANCED_FACE ( 'NONE', ( #2825 ), #258, .F. ) ;
#4387 = CIRCLE ( 'NONE', #3457, 0.01500000000000047300 ) ;
#4388 = CARTESIAN_POINT ( 'NONE',  ( -0.6000000000000005300, 0.0000000000000000000, -1.000000000000000200 ) ) ;
#4389 = PRESENTATION_LAYER_ASSIGNMENT (  '', '', ( #700 ) ) ;
#4390 = VECTOR ( 'NONE', #4002, 1000.000000000000000 ) ;
#4391 = ORIENTED_EDGE ( 'NONE', *, *, #946, .T. ) ;
#4392 = PLANE ( 'NONE',  #4007 ) ;
#4393 = DIRECTION ( 'NONE',  ( 0.0000000000000000000, 1.000000000000000000, 0.0000000000000000000 ) ) ;
#4394 = DIRECTION ( 'NONE',  ( 0.0000000000000000000, 1.000000000000000000, -0.0000000000000000000 ) ) ;
#4395 = CARTESIAN_POINT ( 'NONE',  ( 0.9482803075325659800, 0.9250000000000004900, -0.9000000000000002400 ) ) ;
#4396 = LINE ( 'NONE', #2654, #3326 ) ;
#4397 =( GEOMETRIC_REPRESENTATION_CONTEXT ( 3 ) GLOBAL_UNCERTAINTY_ASSIGNED_CONTEXT ( ( #4448 ) ) GLOBAL_UNIT_ASSIGNED_CONTEXT ( ( #3302, #3994, #4027 ) ) REPRESENTATION_CONTEXT ( 'NONE', 'WORKASPACE' ) );
#4398 = VECTOR ( 'NONE', #2109, 1000.000000000000000 ) ;
#4399 = VECTOR ( 'NONE', #4434, 999.9999999999998900 ) ;
#4400 = LINE ( 'NONE', #3568, #4456 ) ;
#4401 = ORIENTED_EDGE ( 'NONE', *, *, #1523, .F. ) ;
#4402 =( NAMED_UNIT ( * ) PLANE_ANGLE_UNIT ( ) SI_UNIT ( $, .RADIAN. ) );
#4403 = SURFACE_SIDE_STYLE ('',( #1786 ) ) ;
#4404 = CARTESIAN_POINT ( 'NONE',  ( 0.5541666666666734700, 0.9250000000000011500, -0.9000000000000043500 ) ) ;
#4405 = DIRECTION ( 'NONE',  ( 0.7071067811865460200, -0.0000000000000000000, -0.7071067811865489100 ) ) ;
#4406 = DIRECTION ( 'NONE',  ( -0.0000000000000000000, -0.0000000000000000000, 1.000000000000000000 ) ) ;
#4407 = EDGE_CURVE ( 'NONE', #4409, #3363, #547, .T. ) ;
#4408 = CARTESIAN_POINT ( 'NONE',  ( 0.9499999999999998400, 0.2749999999999999700, 0.9000000000000002400 ) ) ;
#4409 = VERTEX_POINT ( 'NONE', #966 ) ;
#4410 = FILL_AREA_STYLE ('',( #1865 ) ) ;
#4411 = UNCERTAINTY_MEASURE_WITH_UNIT (LENGTH_MEASURE( 1.000000000000000100E-005 ), #4167, 'distance_accuracy_value', 'NONE');
#4412 = ORIENTED_EDGE ( 'NONE', *, *, #1025, .T. ) ;
#4413 = AXIS2_PLACEMENT_3D ( 'NONE', #1484, #4375, #2239 ) ;
#4414 = CARTESIAN_POINT ( 'NONE',  ( -3.903127820947819400E-016, 0.2749999999999999700, 0.9000000000000008000 ) ) ;
#4415 = DIRECTION ( 'NONE',  ( -0.0000000000000000000, 0.0000000000000000000, 1.000000000000000000 ) ) ;
#4416 = CARTESIAN_POINT ( 'NONE',  ( 0.3166666666666617100, 0.9250000000000011500, 0.9000000000000086800 ) ) ;
#4417 = AXIS2_PLACEMENT_3D ( 'NONE', #2531, #3928, #785 ) ;
#4418 = AXIS2_PLACEMENT_3D ( 'NONE', #1728, #343, #4255 ) ;
#4419 = PLANE ( 'NONE',  #3474 ) ;
#4420 = MECHANICAL_DESIGN_GEOMETRIC_PRESENTATION_REPRESENTATION (  '', ( #484 ), #3044 ) ;
#4421 = CARTESIAN_POINT ( 'NONE',  ( -1.149999999999999900, 0.2750000000000000200, -0.5833333333333299300 ) ) ;
#4422 = CARTESIAN_POINT ( 'NONE',  ( -0.3166666666666802000, 0.7165353064317944200, -0.7957676532159048100 ) ) ;
#4423 = ORIENTED_EDGE ( 'NONE', *, *, #594, .F. ) ;
#4424 = EDGE_LOOP ( 'NONE', ( #1958, #3228, #4325, #3689 ) ) ;
#4425 = DIRECTION ( 'NONE',  ( -1.000000000000000000, 6.505213034913026600E-016, 0.0000000000000000000 ) ) ;
#4426 = B_SPLINE_CURVE_WITH_KNOTS ( 'NONE', 3,
 ( #1402, #3957, #3619, #3273, #3660, #3325, #1891, #1127, #447, #2573, #1499, #2916, #772, #2603, #1836, #3348 ),
 .UNSPECIFIED., .F., .F.,
 ( 4, 3, 3, 3, 3, 4 ),
 ( 0.0000000000000000000, 7.978479640970924800E-006, 1.598600551848244600E-005, 2.350156565806377900E-005, 3.030905304214136200E-005, 3.281404113839405700E-005 ),
 .UNSPECIFIED. ) ;
#4427 = STYLED_ITEM ( 'NONE', ( #2020 ), #1910 ) ;
#4428 = ORIENTED_EDGE ( 'NONE', *, *, #1933, .T. ) ;
#4429 = FILL_AREA_STYLE_COLOUR ( '', #1561 ) ;
#4430 = EDGE_CURVE ( 'NONE', #371, #2386, #1983, .T. ) ;
#4431 = ADVANCED_FACE ( 'NONE', ( #2164 ), #601, .T. ) ;
#4432 = COLOUR_RGB ( '',0.2509803921568627400, 0.2509803921568627400, 0.2509803921568627400 ) ;
#4433 = ORIENTED_EDGE ( 'NONE', *, *, #1977, .T. ) ;
#4434 = DIRECTION ( 'NONE',  ( -0.7071067811865464600, 0.0000000000000000000, -0.7071067811865486800 ) ) ;
#4435 =( NAMED_UNIT ( * ) PLANE_ANGLE_UNIT ( ) SI_UNIT ( $, .RADIAN. ) );
#4436 =( NAMED_UNIT ( * ) SI_UNIT ( $, .STERADIAN. ) SOLID_ANGLE_UNIT ( ) );
#4437 = CARTESIAN_POINT ( 'NONE',  ( 1.149999999999999900, 0.2750000000000000200, -0.4666666666666664500 ) ) ;
#4438 = VECTOR ( 'NONE', #797, 1000.000000000000000 ) ;
#4439 = CARTESIAN_POINT ( 'NONE',  ( 1.045767653215896600, 0.7165353064317944200, 0.4083333333333319900 ) ) ;
#4440 = VECTOR ( 'NONE', #160, 1000.000000000000000 ) ;
#4441 = ORIENTED_EDGE ( 'NONE', *, *, #2557, .F. ) ;
#4442 = VECTOR ( 'NONE', #153, 1000.000000000000000 ) ;
#4443 = EDGE_CURVE ( 'NONE', #607, #2674, #3821, .T. ) ;
#4444 = DIRECTION ( 'NONE',  ( 0.0000000000000000000, 1.000000000000000000, 0.0000000000000000000 ) ) ;
#4445 =( LENGTH_UNIT ( ) NAMED_UNIT ( * ) SI_UNIT ( .MILLI., .METRE. ) );
#4446 = DIRECTION ( 'NONE',  ( 1.000000000000000000, 0.0000000000000000000, -1.008560160451631500E-016 ) ) ;
#4447 = LINE ( 'NONE', #4349, #3762 ) ;
#4448 = UNCERTAINTY_MEASURE_WITH_UNIT (LENGTH_MEASURE( 1.000000000000000100E-005 ), #3302, 'distance_accuracy_value', 'NONE');
#4449 = CARTESIAN_POINT ( 'NONE',  ( -1.250000000000000000, 0.0000000000000000000, -1.000000000000000000 ) ) ;
#4450 = LINE ( 'NONE', #3095, #1134 ) ;
#4451 = DIRECTION ( 'NONE',  ( -2.710505431213754400E-015, -1.000000000000000000, 2.710505431213754400E-015 ) ) ;
#4452 = AXIS2_PLACEMENT_3D ( 'NONE', #3840, #4203, #295 ) ;
#4453 = ORIENTED_EDGE ( 'NONE', *, *, #2496, .T. ) ;
#4454 = DIRECTION ( 'NONE',  ( -1.000000000000000000, 0.0000000000000000000, -1.008560160451631500E-016 ) ) ;
#4455 = PLANE ( 'NONE',  #998 ) ;
#4456 = VECTOR ( 'NONE', #1099, 1000.000000000000000 ) ;
#4457 = VECTOR ( 'NONE', #3720, 1000.000000000000000 ) ;
#4458 = EDGE_LOOP ( 'NONE', ( #1821, #3467, #2917, #4017 ) ) ;
#4459 = CARTESIAN_POINT ( 'NONE',  ( 0.0000000000000000000, 0.9249999999999999300, 0.0000000000000000000 ) ) ;
#4461 = CARTESIAN_POINT ( 'NONE',  ( 1.150072875168515400, 0.2750000000000000200, -0.6416750585470016900 ) ) ;
#4460 = LINE ( 'NONE', #3838, #2996 ) ;
#4462 = CARTESIAN_POINT ( 'NONE',  ( -0.8914681054473423400, 0.7165353064317944200, -0.7958150112849845500 ) ) ;
#4463 = LINE ( 'NONE', #131, #1034 ) ;
#4464 = FILL_AREA_STYLE ('',( #3050 ) ) ;
#4465 = ORIENTED_EDGE ( 'NONE', *, *, #1296, .F. ) ;
#4466 = B_SPLINE_CURVE_WITH_KNOTS ( 'NONE', 3,
 ( #763, #2565, #1058, #1410 ),
 .UNSPECIFIED., .F., .F.,
 ( 4, 4 ),
 ( 0.4995470393754257200, 1.000000000000000000 ),
 .UNSPECIFIED. ) ;
#4467 = DIRECTION ( 'NONE',  ( 4.336808689942017700E-016, 0.0000000000000000000, -1.000000000000000000 ) ) ;
#4468 = ORIENTED_EDGE ( 'NONE', *, *, #4256, .T. ) ;
#4469 = DIRECTION ( 'NONE',  ( 0.0000000000000000000, 1.000000000000000000, -5.421010862427523000E-015 ) ) ;
#4470 = EDGE_CURVE ( 'NONE', #1959, #1546, #433, .T. ) ;
#4471 = AXIS2_PLACEMENT_3D ( 'NONE', #3446, #4563, #3472 ) ;
#4472 = EDGE_LOOP ( 'NONE', ( #2115, #2318, #2366, #2438 ) ) ;
#4473 = CARTESIAN_POINT ( 'NONE',  ( -0.6333333333333403000, 0.2750000000000000200, -0.8999999999999996900 ) ) ;
#4474 =( NAMED_UNIT ( * ) PLANE_ANGLE_UNIT ( ) SI_UNIT ( $, .RADIAN. ) );
#4475 = ORIENTED_EDGE ( 'NONE', *, *, #2136, .F. ) ;
#4476 = PLANE ( 'NONE',  #3340 ) ;
#4477 = SURFACE_STYLE_FILL_AREA ( #770 ) ;
#4478 = CARTESIAN_POINT ( 'NONE',  ( 0.8440573770075618900, 0.2960676504222570200, 0.8898862773121509800 ) ) ;
#4479 = CARTESIAN_POINT ( 'NONE',  ( -1.250000000000000000, 1.888477631085024000, 0.8499999999999998700 ) ) ;
#4480 = CARTESIAN_POINT ( 'NONE',  ( 0.0000000000000000000, 0.2749999999999999700, -1.000000000000000000 ) ) ;
#4481 = DIRECTION ( 'NONE',  ( -1.000000000000000000, 6.505213034913026600E-016, 0.0000000000000000000 ) ) ;
#4482 = EDGE_LOOP ( 'NONE', ( #2690, #825, #782, #4287 ) ) ;
#4483 = APPLICATION_CONTEXT ( 'automotive_design' ) ;
#4484 = PRESENTATION_LAYER_ASSIGNMENT (  '', '', ( #413 ) ) ;
#4485 = FILL_AREA_STYLE ('',( #850 ) ) ;
#4486 = DIRECTION ( 'NONE',  ( 0.0000000000000000000, 1.000000000000000000, 0.0000000000000000000 ) ) ;
#4487 = CARTESIAN_POINT ( 'NONE',  ( -1.053941337974267500, 0.2750000000000000200, -0.8789013745003483300 ) ) ;
#4488 =( LENGTH_UNIT ( ) NAMED_UNIT ( * ) SI_UNIT ( .MILLI., .METRE. ) );
#4489 = ORIENTED_EDGE ( 'NONE', *, *, #2233, .T. ) ;
#4490 = VERTEX_POINT ( 'NONE', #2396 ) ;
#4491 = CARTESIAN_POINT ( 'NONE',  ( 0.8000000000000017100, 0.2749999999999999700, 0.7999999999999981600 ) ) ;
#4492 = EDGE_LOOP ( 'NONE', ( #1105, #4249, #4016, #2570 ) ) ;
#4493 = ORIENTED_EDGE ( 'NONE', *, *, #2727, .T. ) ;
#4494 = B_SPLINE_CURVE_WITH_KNOTS ( 'NONE', 3,
 ( #1362, #1368, #4609, #1692 ),
 .UNSPECIFIED., .F., .F.,
 ( 4, 4 ),
 ( 0.3390966445982251900, 0.3590898848750024300 ),
 .UNSPECIFIED. ) ;
#4495 = LINE ( 'NONE', #3898, #1780 ) ;
#4496 = ORIENTED_EDGE ( 'NONE', *, *, #3761, .T. ) ;
#4497 = CARTESIAN_POINT ( 'NONE',  ( -0.8249999999999998400, 0.5999999999999985300, 0.9149999999999997000 ) ) ;
#4498 = EDGE_CURVE ( 'NONE', #4263, #2323, #1806, .T. ) ;
#4499 = DIRECTION ( 'NONE',  ( 0.0000000000000000000, 5.082197683525788600E-015, 1.000000000000000000 ) ) ;
#4500 = FACE_OUTER_BOUND ( 'NONE', #508, .T. ) ;
#4501 = FILL_AREA_STYLE ('',( #908 ) ) ;
#4502 = CARTESIAN_POINT ( 'NONE',  ( -1.045736331160749300, 0.4834646935682069800, -0.7387122884057458800 ) ) ;
#4503 = VECTOR ( 'NONE', #2168, 1000.000000000000000 ) ;
#4504 = EDGE_LOOP ( 'NONE', ( #191, #4270, #2070, #746 ) ) ;
#4505 = FACE_OUTER_BOUND ( 'NONE', #598, .T. ) ;
#4506 = DIRECTION ( 'NONE',  ( 0.0000000000000000000, 0.0000000000000000000, 1.000000000000000000 ) ) ;
#4507 = CARTESIAN_POINT ( 'NONE',  ( 0.8449999999999999700, 0.03500000000000021100, 0.8499999999999997600 ) ) ;
#4508 = ORIENTED_EDGE ( 'NONE', *, *, #143, .F. ) ;
#4509 = FACE_OUTER_BOUND ( 'NONE', #2333, .T. ) ;
#4510 =( NAMED_UNIT ( * ) PLANE_ANGLE_UNIT ( ) SI_UNIT ( $, .RADIAN. ) );
#4511 = DIRECTION ( 'NONE',  ( -5.421010862427508000E-015, 0.0000000000000000000, -1.000000000000000000 ) ) ;
#4512 = CARTESIAN_POINT ( 'NONE',  ( 0.8249999999999998400, 0.2900000000000000900, 0.9000000000000004700 ) ) ;
#4513 = DIRECTION ( 'NONE',  ( -0.0000000000000000000, -1.000000000000000000, -0.0000000000000000000 ) ) ;
#4514 = DIRECTION ( 'NONE',  ( -1.000000000000000000, 0.0000000000000000000, -1.008560160451631500E-016 ) ) ;
#4515 = AXIS2_PLACEMENT_3D ( 'NONE', #2030, #2412, #2839 ) ;
#4516 = DIRECTION ( 'NONE',  ( 0.0000000000000000000, 4.472333961502635600E-015, 1.000000000000000000 ) ) ;
#4517 = FACE_OUTER_BOUND ( 'NONE', #2424, .T. ) ;
#4518 = CARTESIAN_POINT ( 'NONE',  ( 0.5500000000000000400, 1.888477631085024000, 0.8499999999999998700 ) ) ;
#4519 = CARTESIAN_POINT ( 'NONE',  ( -1.045767653215902600, 0.4834646935682069800, -0.4083333333333344900 ) ) ;
#4520 = FACE_OUTER_BOUND ( 'NONE', #4492, .T. ) ;
#4521 = ORIENTED_EDGE ( 'NONE', *, *, #4498, .T. ) ;
#4522 = CARTESIAN_POINT ( 'NONE',  ( -1.249999999999999800, -0.0000000000000000000, -0.8500000000000000900 ) ) ;
#4523 = DIRECTION ( 'NONE',  ( 0.0000000000000000000, 0.0000000000000000000, 1.000000000000000000 ) ) ;
#4524 = B_SPLINE_CURVE_WITH_KNOTS ( 'NONE', 3,
 ( #776, #843, #3282, #1471 ),
 .UNSPECIFIED., .F., .F.,
 ( 4, 4 ),
 ( 0.0000000000000000000, 1.000000000000000000 ),
 .UNSPECIFIED. ) ;
#4525 = VERTEX_POINT ( 'NONE', #3798 ) ;
#4526 = EDGE_CURVE ( 'NONE', #2923, #575, #593, .T. ) ;
#4527 = CARTESIAN_POINT ( 'NONE',  ( 1.250000000000000000, 1.200000000000000000, 0.0000000000000000000 ) ) ;
#4528 = CARTESIAN_POINT ( 'NONE',  ( -1.150000000000025000, 0.2750000000000000200, 0.2333333333333324200 ) ) ;
#4529 = ORIENTED_EDGE ( 'NONE', *, *, #1061, .T. ) ;
#4530 = CARTESIAN_POINT ( 'NONE',  ( 2.202285662861180900E-017, 0.2750000000000000800, 0.8999999999999999100 ) ) ;
#4531 =( NAMED_UNIT ( * ) SI_UNIT ( $, .STERADIAN. ) SOLID_ANGLE_UNIT ( ) );
#4532 = DIRECTION ( 'NONE',  ( -1.000000000000000000, -0.0000000000000000000, 1.141265444721584000E-016 ) ) ;
#4533 = CARTESIAN_POINT ( 'NONE',  ( -0.3166666666666636500, 0.9250000000000011500, 0.8999999999999915800 ) ) ;
#4534 = DIRECTION ( 'NONE',  ( 0.7071067811865464600, -0.0000000000000000000, -0.7071067811865486800 ) ) ;
#4535 = PLANE ( 'NONE',  #4301 ) ;
#4536 = ORIENTED_EDGE ( 'NONE', *, *, #991, .T. ) ;
#4537 = AXIS2_PLACEMENT_3D ( 'NONE', #2662, #3793, #3810 ) ;
#4538 =( NAMED_UNIT ( * ) SI_UNIT ( $, .STERADIAN. ) SOLID_ANGLE_UNIT ( ) );
#4539 = EDGE_CURVE ( 'NONE', #1077, #2787, #2671, .T. ) ;
#4540 = CARTESIAN_POINT ( 'NONE',  ( -1.150072875168515000, 0.2750000000000000200, 0.6416750585470051300 ) ) ;
#4541 = ORIENTED_EDGE ( 'NONE', *, *, #2411, .T. ) ;
#4542 =( NAMED_UNIT ( * ) PLANE_ANGLE_UNIT ( ) SI_UNIT ( $, .RADIAN. ) );
#4543 = CARTESIAN_POINT ( 'NONE',  ( 1.045767653215896600, 0.4834646935682069800, 0.1166666666666671700 ) ) ;
#4544 = FACE_OUTER_BOUND ( 'NONE', #1312, .T. ) ;
#4545 = CARTESIAN_POINT ( 'NONE',  ( 0.02500000000000129900, 1.200000000000000000, -0.02500000000000122300 ) ) ;
#4546 = EDGE_CURVE ( 'NONE', #2968, #2634, #2562, .T. ) ;
#4547 = CARTESIAN_POINT ( 'NONE',  ( -0.8449999999999999700, 0.03499999999999996900, 0.9000000000000010200 ) ) ;
#4548 = FILL_AREA_STYLE_COLOUR ( '', #1710 ) ;
#4549 = COLOUR_RGB ( '',0.2509803921568627400, 0.2509803921568627400, 0.2509803921568627400 ) ;
#4550 = SURFACE_SIDE_STYLE ('',( #1124 ) ) ;
#4551 = B_SPLINE_CURVE_WITH_KNOTS ( 'NONE', 3,
 ( #614, #628, #2056, #2433 ),
 .UNSPECIFIED., .F., .F.,
 ( 4, 4 ),
 ( 0.4995470393753789800, 1.000000000000000000 ),
 .UNSPECIFIED. ) ;
#4552 = DIRECTION ( 'NONE',  ( 0.0000000000000000000, 4.472333961502635600E-015, 1.000000000000000000 ) ) ;
#4553 = DIRECTION ( 'NONE',  ( 7.589415207398531000E-015, 0.0000000000000000000, 1.000000000000000000 ) ) ;
#4554 = UNCERTAINTY_MEASURE_WITH_UNIT (LENGTH_MEASURE( 1.000000000000000100E-005 ), #2734, 'distance_accuracy_value', 'NONE');
#4555 = EDGE_CURVE ( 'NONE', #1554, #23, #174, .T. ) ;
#4556 = SURFACE_STYLE_FILL_AREA ( #3108 ) ;
#4557 = CARTESIAN_POINT ( 'NONE',  ( -0.8914681054473345700, 0.4834646935682069800, 0.7958150112849846600 ) ) ;
#4558 = CARTESIAN_POINT ( 'NONE',  ( -1.250000000000000000, 0.0000000000000000000, 0.8499999999999998700 ) ) ;
#4559 = CARTESIAN_POINT ( 'NONE',  ( 1.045767653215896600, 0.7165353064317944200, 0.5833333333333302600 ) ) ;
#4560 = AXIS2_PLACEMENT_3D ( 'NONE', #3595, #404, #2899 ) ;
#4561 = CIRCLE ( 'NONE', #3777, 0.7267220926874317100 ) ;
#4562 = PRESENTATION_STYLE_ASSIGNMENT (( #4341 ) ) ;
#4563 = DIRECTION ( 'NONE',  ( -0.4472135954999628100, 0.8944271909999135200, 0.0000000000000000000 ) ) ;
#4564 = VECTOR ( 'NONE', #3542, 1000.000000000000000 ) ;
#4565 = PRESENTATION_STYLE_ASSIGNMENT (( #4200 ) ) ;
#4566 = CLOSED_SHELL ( 'NONE', ( #3961, #1029, #3890, #4598, #1783, #1468 ) ) ;
#4567 = FACE_OUTER_BOUND ( 'NONE', #28, .T. ) ;
#4568 = FILL_AREA_STYLE_COLOUR ( '', #3927 ) ;
#4569 = LINE ( 'NONE', #1532, #1084 ) ;
#4570 = AXIS2_PLACEMENT_3D ( 'NONE', #1982, #4451, #1269 ) ;
#4571 = COLOUR_RGB ( '',0.2509803921568627400, 0.2509803921568627400, 0.2509803921568627400 ) ;
#4572 =( NAMED_UNIT ( * ) SI_UNIT ( $, .STERADIAN. ) SOLID_ANGLE_UNIT ( ) );
#4573 = CYLINDRICAL_SURFACE ( 'NONE', #697, 0.01999999999999999700 ) ;
#4574 = PRESENTATION_LAYER_ASSIGNMENT (  '', '', ( #484 ) ) ;
#4575 = CIRCLE ( 'NONE', #1334, 0.7267220926874317100 ) ;
#4576 = VERTEX_POINT ( 'NONE', #1197 ) ;
#4577 = CARTESIAN_POINT ( 'NONE',  ( -0.9997710900495809800, 0.7165353064317944200, 0.7856648239649886000 ) ) ;
#4578 = ORIENTED_EDGE ( 'NONE', *, *, #3245, .T. ) ;
#4579 = CARTESIAN_POINT ( 'NONE',  ( 1.149934587401703700, 0.9250000000000011500, -0.7523523450256562900 ) ) ;
#4580 = AXIS2_PLACEMENT_3D ( 'NONE', #3237, #1813, #1098 ) ;
#4581 = CARTESIAN_POINT ( 'NONE',  ( 0.9500000000000004000, 0.2750000000000000800, 0.8999999999999998000 ) ) ;
#4582 = FILL_AREA_STYLE ('',( #810 ) ) ;
#4583 = EDGE_CURVE ( 'NONE', #371, #911, #3919, .T. ) ;
#4584 = EDGE_LOOP ( 'NONE', ( #1115, #3396, #3550, #898 ) ) ;
#4585 = CARTESIAN_POINT ( 'NONE',  ( -1.249999999999999800, -0.0000000000000000000, -0.8500000000000000900 ) ) ;
#4586 = FACE_OUTER_BOUND ( 'NONE', #1701, .T. ) ;
#4587 = CARTESIAN_POINT ( 'NONE',  ( -1.128901374500354700, 0.2750000000000000200, -0.8039413379742669200 ) ) ;
#4588 = DIRECTION ( 'NONE',  ( 0.0000000000000000000, 1.000000000000000000, -0.0000000000000000000 ) ) ;
#4589 = CARTESIAN_POINT ( 'NONE',  ( -0.8249999999999998400, 0.3100000000000001600, 0.8836479909237159300 ) ) ;
#4590 = EDGE_CURVE ( 'NONE', #911, #2968, #2276, .T. ) ;
#4591 = CARTESIAN_POINT ( 'NONE',  ( 0.5541666666666664700, 0.2750000000000000200, 0.8999999999999956900 ) ) ;
#4592 = CARTESIAN_POINT ( 'NONE',  ( -1.149999999999999700, 0.9250000000000011500, 0.4666666666666663400 ) ) ;
#4593 = CARTESIAN_POINT ( 'NONE',  ( -1.150000000000012300, 0.9250000000000011500, 0.2333333333333324200 ) ) ;
#4594 = VERTEX_POINT ( 'NONE', #4449 ) ;
#4595 = ORIENTED_EDGE ( 'NONE', *, *, #1133, .T. ) ;
#4596 = DIRECTION ( 'NONE',  ( 1.000000000000000000, 0.0000000000000000000, -0.0000000000000000000 ) ) ;
#4597 = CARTESIAN_POINT ( 'NONE',  ( 0.8249999999999998400, 0.5999999999999985300, 0.9149999999999997000 ) ) ;
#4598 = ADVANCED_FACE ( 'NONE', ( #3817 ), #1916, .T. ) ;
#4599 = CARTESIAN_POINT ( 'NONE',  ( -1.249999999999999800, -0.0000000000000000000, -0.8500000000000000900 ) ) ;
#4600 = ORIENTED_EDGE ( 'NONE', *, *, #4123, .F. ) ;
#4601 = PLANE ( 'NONE',  #2668 ) ;
#4602 = ORIENTED_EDGE ( 'NONE', *, *, #991, .F. ) ;
#4603 = STYLED_ITEM ( 'NONE', ( #2507 ), #410 ) ;
#4604 = VECTOR ( 'NONE', #2622, 1000.000000000000000 ) ;
#4605 = CARTESIAN_POINT ( 'NONE',  ( -0.7916666666666764000, 0.7165353064317944200, 0.7957676532158968200 ) ) ;
#4606 = FACE_OUTER_BOUND ( 'NONE', #15, .T. ) ;
#4607 = CARTESIAN_POINT ( 'NONE',  ( -0.3166666666666636500, 0.4834646935682069800, 0.7957676532158878300 ) ) ;
#4608 = ORIENTED_EDGE ( 'NONE', *, *, #2298, .F. ) ;
#4609 = CARTESIAN_POINT ( 'NONE',  ( 1.128901374500536100, 0.2750000000000000200, -0.8039413379740826300 ) ) ;
#4610 = VERTEX_POINT ( 'NONE', #2667 ) ;
#4611 = EDGE_CURVE ( 'NONE', #2478, #1390, #2443, .T. ) ;
#4612 = CARTESIAN_POINT ( 'NONE',  ( -0.3166666666666802500, 0.9250000000000011500, -0.9000000000000084600 ) ) ;
#4613 = CARTESIAN_POINT ( 'NONE',  ( 1.049999999999999400, 0.0000000000000000000, -0.8500000000000000900 ) ) ;
#4614 = CARTESIAN_POINT ( 'NONE',  ( 0.8449999999999999700, 0.05000000000000050200, 0.9150000000000013700 ) ) ;
#4615 = PRESENTATION_STYLE_ASSIGNMENT (( #2039 ) ) ;
#4616 = ORIENTED_EDGE ( 'NONE', *, *, #397, .T. ) ;
#4617 = UNCERTAINTY_MEASURE_WITH_UNIT (LENGTH_MEASURE( 1.000000000000000100E-005 ), #3271, 'distance_accuracy_value', 'NONE');
#4618 = DIRECTION ( 'NONE',  ( -1.008560160451631600E-016, -9.637352644315616400E-016, 1.000000000000000000 ) ) ;
#4619 =( NAMED_UNIT ( * ) PLANE_ANGLE_UNIT ( ) SI_UNIT ( $, .RADIAN. ) );
#4620 = CARTESIAN_POINT ( 'NONE',  ( -1.049999999999998900, 0.0000000000000000000, -1.000000000000000200 ) ) ;
#4621 = PLANE ( 'NONE',  #585 ) ;
ENDSEC;
END-ISO-10303-21;
