ISO-10303-21;
HEADER;
FILE_DESCRIPTION (( 'STEP AP214' ),
    '1' );
FILE_NAME ('5137B8E9-7F00-4A32-9F4C-CE5830150855.STEP',
    '2026-01-26T09:08:38',
    ( '' ),
    ( '' ),
    'SwSTEP 2.0',
    'SolidWorks 2022',
    '' );
FILE_SCHEMA (( 'AUTOMOTIVE_DESIGN' ));
ENDSEC;

DATA;
#1 = CARTESIAN_POINT ( 'NONE',  ( -1.871398015404526882, -4.577431149336793403, -29.75436310163102505 ) ) ;
#2 = SURFACE_STYLE_USAGE ( .BOTH. , #9340 ) ;
#3 = CARTESIAN_POINT ( 'NONE',  ( -6.504348610793474705, 2.158157293835599511, -23.00766219089984332 ) ) ;
#4 = B_SPLINE_CURVE_WITH_KNOTS ( 'NONE', 3,
 ( #6509, #2897, #2194, #5087 ),
 .UNSPECIFIED., .F., .F.,
 ( 4, 4 ),
 ( 0.0000000000000000000, 1.000000000000000000 ),
 .UNSPECIFIED. ) ;
#5 = DIRECTION ( 'NONE',  ( -0.9698885295564771969, 0.02753297007862900297, 0.2419879662161404654 ) ) ;
#6 = CIRCLE ( 'NONE', #4548, 0.2500000000000096589 ) ;
#7 = DIRECTION ( 'NONE',  ( 0.0000000000000000000, 0.0000000000000000000, -1.000000000000000000 ) ) ;
#8 = FILL_AREA_STYLE ('',( #4221 ) ) ;
#9 = CARTESIAN_POINT ( 'NONE',  ( 3.268589743414204385, 0.5030801212795075195, -25.46686656559523243 ) ) ;
#10 = ORIENTED_EDGE ( 'NONE', *, *, #5663, .F. ) ;
#11 = CARTESIAN_POINT ( 'NONE',  ( 2.792047404261679855, -1.830896181162664060, -23.64176205281231802 ) ) ;
#12 =( NAMED_UNIT ( * ) SI_UNIT ( $, .STERADIAN. ) SOLID_ANGLE_UNIT ( ) );
#13 =( LENGTH_UNIT ( ) NAMED_UNIT ( * ) SI_UNIT ( .MILLI., .METRE. ) );
#14 = FILL_AREA_STYLE_COLOUR ( '', #3723 ) ;
#15 =( GEOMETRIC_REPRESENTATION_CONTEXT ( 3 ) GLOBAL_UNCERTAINTY_ASSIGNED_CONTEXT ( ( #5805 ) ) GLOBAL_UNIT_ASSIGNED_CONTEXT ( ( #1976, #9275, #6979 ) ) REPRESENTATION_CONTEXT ( 'NONE', 'WORKASPACE' ) );
#16 = CARTESIAN_POINT ( 'NONE',  ( -4.150000000000000355, -4.238084680662899344E-17, 0.0000000000000000000 ) ) ;
#17 = CIRCLE ( 'NONE', #5327, 0.2499999999999958644 ) ;
#18 = SURFACE_STYLE_USAGE ( .BOTH. , #1487 ) ;
#19 = ORIENTED_EDGE ( 'NONE', *, *, #2136, .T. ) ;
#20 = SURFACE_STYLE_FILL_AREA ( #731 ) ;
#21 =( LENGTH_UNIT ( ) NAMED_UNIT ( * ) SI_UNIT ( .MILLI., .METRE. ) );
#22 = ORIENTED_EDGE ( 'NONE', *, *, #2013, .F. ) ;
#23 = CARTESIAN_POINT ( 'NONE',  ( 0.03658263147051823289, 3.340009761081564221, -23.56571782172411034 ) ) ;
#24 = DIRECTION ( 'NONE',  ( 1.000000000000000000, 1.672957273954558210E-16, 0.0000000000000000000 ) ) ;
#25 = CARTESIAN_POINT ( 'NONE',  ( 6.182609125245425830, 2.725514048995511196, -20.06087300196343648 ) ) ;
#26 = DIRECTION ( 'NONE',  ( 1.000000000000000000, 0.0000000000000000000, 0.0000000000000000000 ) ) ;
#27 = CARTESIAN_POINT ( 'NONE',  ( 6.519762775000654820, 1.546441044292286904, -22.75810220009762475 ) ) ;
#28 = CARTESIAN_POINT ( 'NONE',  ( 1.850906908581623878, -3.060240854081328621, -23.21005533523129927 ) ) ;
#29 = EDGE_CURVE ( 'NONE', #1331, #3934, #678, .T. ) ;
#30 = STYLED_ITEM ( 'NONE', ( #4435 ), #6903 ) ;
#31 = DIRECTION ( 'NONE',  ( -0.2420797396335340468, 0.0000000000000000000, -0.9702563577008710416 ) ) ;
#32 = CARTESIAN_POINT ( 'NONE',  ( 1.872832080032804658, 0.9499999999999997335, -29.50000000000000355 ) ) ;
#33 = CARTESIAN_POINT ( 'NONE',  ( -6.413551386279008781, -2.893458392265217061, -21.90841109022790434 ) ) ;
#34 = SURFACE_STYLE_FILL_AREA ( #1507 ) ;
#35 = CARTESIAN_POINT ( 'NONE',  ( 2.826775610078679168, 0.9499999999999995115, -29.50000000000000355 ) ) ;
#36 = ORIENTED_EDGE ( 'NONE', *, *, #201, .T. ) ;
#37 = FACE_OUTER_BOUND ( 'NONE', #1724, .T. ) ;
#38 = STYLED_ITEM ( 'NONE', ( #7664 ), #6947 ) ;
#39 =( BOUNDED_SURFACE ( )  B_SPLINE_SURFACE ( 3, 2, ( 
 ( #4808, #1016, #7700 ),
 ( #4002, #7656, #4665 ),
 ( #1197, #3301, #6244 ),
 ( #9065, #324, #6198 ),
 ( #6753, #7521, #6110 ),
 ( #3253, #275, #8920 ) ),
 .UNSPECIFIED., .F., .F., .T. ) 
 B_SPLINE_SURFACE_WITH_KNOTS ( ( 4, 2, 4 ),
 ( 3, 3 ),
 ( 0.0000000000000000000, 0.0003975742794959426511, 0.0007951485589918853023 ),
 ( 0.0000000000000000000, 1.000000000000000000 ),
 .UNSPECIFIED. ) 
 GEOMETRIC_REPRESENTATION_ITEM ( )  RATIONAL_B_SPLINE_SURFACE ( (
 ( 1.000000000000000000, 0.7584309759676206575, 1.000000000000000000),
 ( 1.000000000000000000, 0.7565357518896205224, 1.000000000000000000),
 ( 1.000000000000000000, 0.7573320476306681925, 1.000000000000000000),
 ( 1.000000000000000000, 0.7448078753863944801, 1.000000000000000000),
 ( 1.000000000000000000, 0.7302654868126827736, 1.000000000000000000),
 ( 1.000000000000000000, 0.7009092642998487888, 1.000000000000000000) ) ) 
 REPRESENTATION_ITEM ( '' )  SURFACE ( )  );
#40 =( LENGTH_UNIT ( ) NAMED_UNIT ( * ) SI_UNIT ( .MILLI., .METRE. ) );
#41 = CARTESIAN_POINT ( 'NONE',  ( 1.289834533945758421, -3.234500830732835563, -23.50273104897469523 ) ) ;
#42 = PLANE ( 'NONE',  #2093 ) ;
#43 = EDGE_CURVE ( 'NONE', #2629, #8755, #5221, .T. ) ;
#44 = EDGE_CURVE ( 'NONE', #7890, #2956, #1701, .T. ) ;
#45 = ORIENTED_EDGE ( 'NONE', *, *, #1727, .F. ) ;
#46 =( NAMED_UNIT ( * ) PLANE_ANGLE_UNIT ( ) SI_UNIT ( $, .RADIAN. ) );
#47 = CARTESIAN_POINT ( 'NONE',  ( 1.871412712720895488, -4.577467098906674359, -29.75290886364105702 ) ) ;
#48 = AXIS2_PLACEMENT_3D ( 'NONE', #7489, #1640, #8013 ) ;
#49 = VERTEX_POINT ( 'NONE', #8595 ) ;
#50 = CARTESIAN_POINT ( 'NONE',  ( -1.969729866933063400, 0.7299567491647973583, -29.38586863906539293 ) ) ;
#51 = DIRECTION ( 'NONE',  ( 1.000000000000000000, 0.0000000000000000000, -0.0000000000000000000 ) ) ;
#52 = CARTESIAN_POINT ( 'NONE',  ( 5.889587238063713315, 2.401679395893368429, -19.15941097058134446 ) ) ;
#53 = B_SPLINE_CURVE_WITH_KNOTS ( 'NONE', 3,
 ( #6338, #8510, #9, #585, #4182, #8686, #7180, #7092, #2901, #670 ),
 .UNSPECIFIED., .F., .F.,
 ( 4, 2, 2, 2, 4 ),
 ( 0.0000000000000000000, 0.2500000000000000000, 0.5000000000000000000, 0.7500000000000000000, 1.000000000000000000 ),
 .UNSPECIFIED. ) ;
#54 = CARTESIAN_POINT ( 'NONE',  ( 3.187685826374567544, 0.6999999999999999556, -28.35379515955781216 ) ) ;
#55 = DIRECTION ( 'NONE',  ( -0.01764487228148346395, 4.357065908270340625E-14, -0.9998443171225058768 ) ) ;
#56 = ORIENTED_EDGE ( 'NONE', *, *, #4102, .T. ) ;
#57 = CARTESIAN_POINT ( 'NONE',  ( 6.050000000000004263, -1.400739683024801563, -0.2500000000000018319 ) ) ;
#58 = CARTESIAN_POINT ( 'NONE',  ( -6.049999999999999822, -1.400739683024801341, 0.0000000000000000000 ) ) ;
#59 =( NAMED_UNIT ( * ) PLANE_ANGLE_UNIT ( ) SI_UNIT ( $, .RADIAN. ) );
#60 = CARTESIAN_POINT ( 'NONE',  ( 6.226830715046000719, 1.379626407265620358, -20.41464572036802849 ) ) ;
#61 = CARTESIAN_POINT ( 'NONE',  ( -5.894242518874500014, 2.888783050867395286, -22.84818514201051798 ) ) ;
#62 = STYLED_ITEM ( 'NONE', ( #723 ), #1204 ) ;
#63 = DIRECTION ( 'NONE',  ( -0.3135166956321288612, 0.9495826881108939688, 4.577840026113030326E-16 ) ) ;
#64 = STYLED_ITEM ( 'NONE', ( #322 ), #7706 ) ;
#65 = CARTESIAN_POINT ( 'NONE',  ( -1.230185108622112056, 3.332542411984833919, -23.30938451862035876 ) ) ;
#66 =( GEOMETRIC_REPRESENTATION_CONTEXT ( 3 ) GLOBAL_UNCERTAINTY_ASSIGNED_CONTEXT ( ( #7398 ) ) GLOBAL_UNIT_ASSIGNED_CONTEXT ( ( #8077, #5034, #5172 ) ) REPRESENTATION_CONTEXT ( 'NONE', 'WORKASPACE' ) );
#67 = EDGE_CURVE ( 'NONE', #4715, #7432, #3298, .T. ) ;
#68 = FACE_OUTER_BOUND ( 'NONE', #476, .T. ) ;
#69 = VERTEX_POINT ( 'NONE', #665 ) ;
#70 = CARTESIAN_POINT ( 'NONE',  ( -6.277272018743024873, -2.042551934939642599, -23.04099028961906015 ) ) ;
#71 = ORIENTED_EDGE ( 'NONE', *, *, #9021, .T. ) ;
#72 = CARTESIAN_POINT ( 'NONE',  ( -1.230185108622133372, 3.332542411984831698, -23.30938451862043692 ) ) ;
#73 = CARTESIAN_POINT ( 'NONE',  ( 3.296782783244247561, 0.6267886446490517072, -23.60083857067263580 ) ) ;
#74 = PRESENTATION_LAYER_ASSIGNMENT (  '', '', ( #4164 ) ) ;
#75 =( NAMED_UNIT ( * ) PLANE_ANGLE_UNIT ( ) SI_UNIT ( $, .RADIAN. ) );
#76 = CARTESIAN_POINT ( 'NONE',  ( -2.810381237481925254, 1.802899289778837622, -23.64040206543239719 ) ) ;
#77 = CIRCLE ( 'NONE', #3104, 3.265266776875108690 ) ;
#78 = COLOUR_RGB ( '',0.2509803921568627416, 0.2509803921568627416, 0.2509803921568627416 ) ;
#79 = DIRECTION ( 'NONE',  ( -1.000000000000000000, -1.112002228190260952E-16, -0.0000000000000000000 ) ) ;
#80 = CARTESIAN_POINT ( 'NONE',  ( 1.979898987322333603, -0.6999999999999997335, -25.60000000000000497 ) ) ;
#81 = UNCERTAINTY_MEASURE_WITH_UNIT (LENGTH_MEASURE( 1.000000000000000082E-05 ), #6809, 'distance_accuracy_value', 'NONE');
#82 = ORIENTED_EDGE ( 'NONE', *, *, #8081, .F. ) ;
#83 = PRESENTATION_STYLE_ASSIGNMENT (( #8064 ) ) ;
#84 = CARTESIAN_POINT ( 'NONE',  ( 2.912274948409522057, 0.9499999999999998446, -25.35000000000000853 ) ) ;
#85 = EDGE_LOOP ( 'NONE', ( #6860, #3800, #5483, #8976 ) ) ;
#86 = SURFACE_SIDE_STYLE ('',( #2049 ) ) ;
#87 = CARTESIAN_POINT ( 'NONE',  ( 3.159863157963034741, 0.8916661702791246480, -27.00436305298581630 ) ) ;
#88 = CARTESIAN_POINT ( 'NONE',  ( -1.853946724414780256, 4.516864885436073784, -26.75000000000000355 ) ) ;
#89 = DIRECTION ( 'NONE',  ( -0.01765117317945480088, -4.273710711156729750E-14, -0.9998442059067947918 ) ) ;
#90 = CARTESIAN_POINT ( 'NONE',  ( 3.294471266781945129, -1.390612031808155846, -23.37412614558708057 ) ) ;
#91 = EDGE_LOOP ( 'NONE', ( #4904, #6325, #6114, #572 ) ) ;
#92 = CARTESIAN_POINT ( 'NONE',  ( 2.925000000000000266, 6.740375306945725563E-16, 6.599999999999999645 ) ) ;
#93 = PRESENTATION_STYLE_ASSIGNMENT (( #2273 ) ) ;
#94 = VERTEX_POINT ( 'NONE', #4176 ) ;
#95 = CARTESIAN_POINT ( 'NONE',  ( -1.931425879585301875, 0.8259943559174784955, -29.47694034360441506 ) ) ;
#96 = PRESENTATION_LAYER_ASSIGNMENT (  '', '', ( #3131 ) ) ;
#97 = ADVANCED_FACE ( 'NONE', ( #1281 ), #7169, .T. ) ;
#98 = EDGE_CURVE ( 'NONE', #6038, #1680, #4847, .T. ) ;
#99 = CARTESIAN_POINT ( 'NONE',  ( 3.149912906151238534, 1.027518800200482918, -25.10436310160577023 ) ) ;
#100 = CARTESIAN_POINT ( 'NONE',  ( -5.081678923886832955, 3.051138586820093757, -21.26461840833500361 ) ) ;
#101 = CARTESIAN_POINT ( 'NONE',  ( -1.589309410256830423E-16, -0.9500000000000000666, -29.50000000000000355 ) ) ;
#102 = CARTESIAN_POINT ( 'NONE',  ( -2.903663096235939101, 0.8868582448344484170, -28.10000000000000497 ) ) ;
#103 = SURFACE_STYLE_USAGE ( .BOTH. , #6557 ) ;
#104 = ORIENTED_EDGE ( 'NONE', *, *, #1202, .F. ) ;
#105 = COLOUR_RGB ( '',0.2509803921568627416, 0.2509803921568627416, 0.2509803921568627416 ) ;
#106 = DIRECTION ( 'NONE',  ( 0.9479016385291569868, -0.3185631549218138625, 0.0000000000000000000 ) ) ;
#107 = CARTESIAN_POINT ( 'NONE',  ( 6.247217815545838882, 2.194500980249276534, -23.04540069161694760 ) ) ;
#108 = DIRECTION ( 'NONE',  ( 1.672957273954557963E-16, -1.000000000000000000, 0.0000000000000000000 ) ) ;
#109 = B_SPLINE_CURVE_WITH_KNOTS ( 'NONE', 3,
 ( #9210, #8459, #582, #4992 ),
 .UNSPECIFIED., .F., .F.,
 ( 4, 4 ),
 ( 0.0000000000000000000, 1.000000000000000000 ),
 .UNSPECIFIED. ) ;
#110 = CARTESIAN_POINT ( 'NONE',  ( 6.182609125245414283, 2.725514048995502314, -20.06087300196333345 ) ) ;
#111 = CARTESIAN_POINT ( 'NONE',  ( -5.377124662659109156, 3.015564992578248393, -22.91587315940145331 ) ) ;
#112 = LINE ( 'NONE', #6611, #6767 ) ;
#113 = CARTESIAN_POINT ( 'NONE',  ( -6.226830715045829301, -1.379626407265765353, -20.41464572036665359 ) ) ;
#114 = B_SPLINE_CURVE_WITH_KNOTS ( 'NONE', 3,
 ( #1575, #8140, #2387, #2285, #8187, #5279, #8737, #3659, #3151, #6560, #6050, #61, #2948, #4421, #111, #2243 ),
 .UNSPECIFIED., .F., .F.,
 ( 4, 2, 2, 2, 2, 2, 2, 4 ),
 ( 0.0000000000000000000, 0.2499875595102978298, 0.3749896329252481730, 0.4999917063401985162, 0.5624927430476737156, 0.6249937797551489149, 0.7499958531700992026, 1.000000000000000000 ),
 .UNSPECIFIED. ) ;
#115 = PRESENTATION_LAYER_ASSIGNMENT (  '', '', ( #3309 ) ) ;
#116 = VECTOR ( 'NONE', #819, 1000.000000000000000 ) ;
#117 = CARTESIAN_POINT ( 'NONE',  ( 6.144306646161713736, -2.731094615809356085, -19.75445316928945161 ) ) ;
#118 = CARTESIAN_POINT ( 'NONE',  ( 0.6497532197536350917, 3.345133249704921319, -23.41356102350139068 ) ) ;
#119 = CARTESIAN_POINT ( 'NONE',  ( -1.944096826691227520, 4.724011390307932601, -25.10436310160459072 ) ) ;
#120 = ORIENTED_EDGE ( 'NONE', *, *, #3185, .F. ) ;
#121 = CARTESIAN_POINT ( 'NONE',  ( -3.223174816538952214, 0.7659880536410729190, -25.16213213213904965 ) ) ;
#122 = ORIENTED_EDGE ( 'NONE', *, *, #1371, .F. ) ;
#123 = PRESENTATION_LAYER_ASSIGNMENT (  '', '', ( #4200 ) ) ;
#124 = CARTESIAN_POINT ( 'NONE',  ( 0.6240106888048922995, 3.279587666686364145, -23.66350093397796073 ) ) ;
#125 = FILL_AREA_STYLE_COLOUR ( '', #1425 ) ;
#126 = PRESENTATION_STYLE_ASSIGNMENT (( #231 ) ) ;
#127 = CARTESIAN_POINT ( 'NONE',  ( -0.4202714543535681635, 3.331435787986420038, -23.53410231636526362 ) ) ;
#128 =( NAMED_UNIT ( * ) SI_UNIT ( $, .STERADIAN. ) SOLID_ANGLE_UNIT ( ) );
#129 = ADVANCED_FACE ( 'NONE', ( #7731 ), #5657, .T. ) ;
#130 = DIRECTION ( 'NONE',  ( -0.9279907553101148787, -0.3715074003493700761, -0.02855537680745155737 ) ) ;
#131 = UNCERTAINTY_MEASURE_WITH_UNIT (LENGTH_MEASURE( 1.000000000000000082E-05 ), #6616, 'distance_accuracy_value', 'NONE');
#132 = B_SPLINE_CURVE_WITH_KNOTS ( 'NONE', 3,
 ( #5209, #1046, #8118, #895, #8896, #3787 ),
 .UNSPECIFIED., .F., .F.,
 ( 4, 2, 4 ),
 ( 1.084202172485504314E-19, 0.0002044486849903297894, 0.0004088973699806594704 ),
 .UNSPECIFIED. ) ;
#133 =( NAMED_UNIT ( * ) PLANE_ANGLE_UNIT ( ) SI_UNIT ( $, .RADIAN. ) );
#134 = LINE ( 'NONE', #840, #1685 ) ;
#135 = ORIENTED_EDGE ( 'NONE', *, *, #8870, .F. ) ;
#136 = DIRECTION ( 'NONE',  ( 0.9479016385291569868, -0.3185631549218138625, 0.0000000000000000000 ) ) ;
#137 = PRESENTATION_STYLE_ASSIGNMENT (( #8939 ) ) ;
#138 = SURFACE_STYLE_USAGE ( .BOTH. , #1555 ) ;
#139 = AXIS2_PLACEMENT_3D ( 'NONE', #5223, #5991, #8733 ) ;
#140 = ORIENTED_EDGE ( 'NONE', *, *, #1265, .F. ) ;
#141 = CARTESIAN_POINT ( 'NONE',  ( -1.872388150728041989, -3.309548376258909741, -23.45936070531321960 ) ) ;
#142 = CARTESIAN_POINT ( 'NONE',  ( -2.956821066562483669, 0.6999999999999995115, -29.25000000253384158 ) ) ;
#143 = CARTESIAN_POINT ( 'NONE',  ( 3.005366193732539326, 0.6999999999999995115, -26.50000000000000355 ) ) ;
#144 = CARTESIAN_POINT ( 'NONE',  ( 2.861741315536934227, 0.9499999999999998446, -27.85000000000000497 ) ) ;
#145 = CARTESIAN_POINT ( 'NONE',  ( 5.407144597843106304, -3.011872847783571228, -23.16023973132787006 ) ) ;
#146 = CARTESIAN_POINT ( 'NONE',  ( -1.969603516111538832, -0.7302592511815345633, -26.63605490775049134 ) ) ;
#147 =( NAMED_UNIT ( * ) SI_UNIT ( $, .STERADIAN. ) SOLID_ANGLE_UNIT ( ) );
#148 = EDGE_LOOP ( 'NONE', ( #1477, #3872, #5105, #6292, #3259, #1815, #7275, #2587 ) ) ;
#149 = CARTESIAN_POINT ( 'NONE',  ( -2.993201758971644644, 0.7282307204263057665, -26.63269047128341072 ) ) ;
#150 =( LENGTH_UNIT ( ) NAMED_UNIT ( * ) SI_UNIT ( .MILLI., .METRE. ) );
#151 = ORIENTED_EDGE ( 'NONE', *, *, #7737, .F. ) ;
#152 = CARTESIAN_POINT ( 'NONE',  ( 4.121403298417670946, -3.168364245349591712, -23.31752082634014300 ) ) ;
#153 = CARTESIAN_POINT ( 'NONE',  ( 5.808818998585802085, 2.917208982802837802, -22.85969196246172075 ) ) ;
#154 = CARTESIAN_POINT ( 'NONE',  ( 1.811462300288619209, 4.430828659074964371, -29.50000000000000000 ) ) ;
#155 = CARTESIAN_POINT ( 'NONE',  ( -1.480933811711807824, -3.163712551058155409, -23.49063498531733174 ) ) ;
#156 = CARTESIAN_POINT ( 'NONE',  ( -2.861741315536933783, 0.9499999999999996225, -28.10000000000000497 ) ) ;
#157 = SURFACE_STYLE_FILL_AREA ( #4465 ) ;
#158 = EDGE_LOOP ( 'NONE', ( #1880, #6504, #9212, #8607 ) ) ;
#159 = EDGE_CURVE ( 'NONE', #6102, #2133, #9262, .T. ) ;
#160 =( BOUNDED_SURFACE ( )  B_SPLINE_SURFACE ( 3, 2, ( 
 ( #4923, #3504, #8707 ),
 ( #9229, #7066, #7814 ),
 ( #3459, #1363, #6356 ),
 ( #4291, #6404, #1266 ),
 ( #3545, #4161, #2741 ),
 ( #1317, #742, #8580 ) ),
 .UNSPECIFIED., .F., .F., .T. ) 
 B_SPLINE_SURFACE_WITH_KNOTS ( ( 4, 2, 4 ),
 ( 3, 3 ),
 ( 0.0000000000000000000, 0.0003973486710694777149, 0.0007946973421389554298 ),
 ( 0.0000000000000000000, 1.000000000000000000 ),
 .UNSPECIFIED. ) 
 GEOMETRIC_REPRESENTATION_ITEM ( )  RATIONAL_B_SPLINE_SURFACE ( (
 ( 1.000000000000000000, 0.7576472942965196689, 1.000000000000000000),
 ( 1.000000000000000000, 0.7557558200242832092, 1.000000000000000000),
 ( 1.000000000000000000, 0.7565154110691009182, 1.000000000000000000),
 ( 1.000000000000000000, 0.7441580577857637158, 1.000000000000000000),
 ( 1.000000000000000000, 0.7298381231937866032, 1.000000000000000000),
 ( 1.000000000000000000, 0.7009092642998543399, 1.000000000000000000) ) ) 
 REPRESENTATION_ITEM ( '' )  SURFACE ( )  );
#161 = CARTESIAN_POINT ( 'NONE',  ( 6.308239556175612606, 1.546407208780338660, -23.03642561252741672 ) ) ;
#162 = CARTESIAN_POINT ( 'NONE',  ( 2.779107259146086140, -1.850448768859922266, -23.64272063334379936 ) ) ;
#163 = CARTESIAN_POINT ( 'NONE',  ( 6.272448303477497156, 1.432916833142306556, -20.77958642781999288 ) ) ;
#164 = FILL_AREA_STYLE ('',( #6654 ) ) ;
#165 = CARTESIAN_POINT ( 'NONE',  ( -4.713855710941720289, 2.891763259629740013, -18.87548450340289463 ) ) ;
#166 = STYLED_ITEM ( 'NONE', ( #8048 ), #5789 ) ;
#167 = UNCERTAINTY_MEASURE_WITH_UNIT (LENGTH_MEASURE( 1.000000000000000082E-05 ), #6912, 'distance_accuracy_value', 'NONE');
#168 = CARTESIAN_POINT ( 'NONE',  ( 1.797428898620710980, 4.367619181192916145, -25.35000000000000142 ) ) ;
#169 = VERTEX_POINT ( 'NONE', #8127 ) ;
#170 = ADVANCED_FACE ( 'NONE', ( #6549 ), #7414, .T. ) ;
#171 = ADVANCED_FACE ( 'NONE', ( #7268 ), #1645, .T. ) ;
#172 = CARTESIAN_POINT ( 'NONE',  ( -6.227759973040134511, -2.260518613037560520, -23.04824405417275557 ) ) ;
#173 = ORIENTED_EDGE ( 'NONE', *, *, #4332, .F. ) ;
#174 = CARTESIAN_POINT ( 'NONE',  ( -0.1061117842698210134, 3.338459656929331665, -23.57073144719840840 ) ) ;
#175 = PRESENTATION_STYLE_ASSIGNMENT (( #6007 ) ) ;
#176 = FILL_AREA_STYLE ('',( #5952 ) ) ;
#177 =( NAMED_UNIT ( * ) PLANE_ANGLE_UNIT ( ) SI_UNIT ( $, .RADIAN. ) );
#178 = CARTESIAN_POINT ( 'NONE',  ( 2.100000000000000089, 0.0000000000000000000, -41.50000000000000000 ) ) ;
#179 =( NAMED_UNIT ( * ) PLANE_ANGLE_UNIT ( ) SI_UNIT ( $, .RADIAN. ) );
#180 = AXIS2_PLACEMENT_3D ( 'NONE', #4162, #7867, #4242 ) ;
#181 =( GEOMETRIC_REPRESENTATION_CONTEXT ( 3 ) GLOBAL_UNCERTAINTY_ASSIGNED_CONTEXT ( ( #8839 ) ) GLOBAL_UNIT_ASSIGNED_CONTEXT ( ( #4810, #4004, #8334 ) ) REPRESENTATION_CONTEXT ( 'NONE', 'WORKASPACE' ) );
#182 = CARTESIAN_POINT ( 'NONE',  ( 1.872832080032804658, 0.9499999999999997335, -26.75000000000000355 ) ) ;
#183 = CARTESIAN_POINT ( 'NONE',  ( -1.979898987322648019, -0.6999999999999489964, -28.28072421940213133 ) ) ;
#184 = UNCERTAINTY_MEASURE_WITH_UNIT (LENGTH_MEASURE( 1.000000000000000082E-05 ), #3044, 'distance_accuracy_value', 'NONE');
#185 = CARTESIAN_POINT ( 'NONE',  ( -1.055543785833199522, -3.170097750938824621, -23.59999655286387110 ) ) ;
#186 =( NAMED_UNIT ( * ) PLANE_ANGLE_UNIT ( ) SI_UNIT ( $, .RADIAN. ) );
#187 = FILL_AREA_STYLE_COLOUR ( '', #7367 ) ;
#188 = SURFACE_STYLE_USAGE ( .BOTH. , #6675 ) ;
#189 = DIRECTION ( 'NONE',  ( 0.04314216907130690587, 0.0000000000000000000, 0.9990689431905201978 ) ) ;
#190 = ORIENTED_EDGE ( 'NONE', *, *, #3109, .T. ) ;
#191 =( NAMED_UNIT ( * ) SI_UNIT ( $, .STERADIAN. ) SOLID_ANGLE_UNIT ( ) );
#192 = CARTESIAN_POINT ( 'NONE',  ( 5.021739545883078470, 3.058171014082662786, -21.47721924185215414 ) ) ;
#193 =( GEOMETRIC_REPRESENTATION_CONTEXT ( 3 ) GLOBAL_UNCERTAINTY_ASSIGNED_CONTEXT ( ( #3446 ) ) GLOBAL_UNIT_ASSIGNED_CONTEXT ( ( #8199, #177, #835 ) ) REPRESENTATION_CONTEXT ( 'NONE', 'WORKASPACE' ) );
#194 = SURFACE_STYLE_FILL_AREA ( #6681 ) ;
#195 = SURFACE_STYLE_USAGE ( .BOTH. , #8072 ) ;
#196 = FILL_AREA_STYLE_COLOUR ( '', #1755 ) ;
#197 = MECHANICAL_DESIGN_GEOMETRIC_PRESENTATION_REPRESENTATION (  '', ( #3060 ), #2615 ) ;
#198 = DIRECTION ( 'NONE',  ( 0.9506966266692067347, 0.3101224339511591821, 0.0000000000000000000 ) ) ;
#199 = CARTESIAN_POINT ( 'NONE',  ( 2.975056042905190878, 0.6999999999999995115, -28.28356587419166246 ) ) ;
#200 = FACE_OUTER_BOUND ( 'NONE', #8943, .T. ) ;
#201 = EDGE_CURVE ( 'NONE', #5337, #7988, #2299, .T. ) ;
#202 = CARTESIAN_POINT ( 'NONE',  ( 3.295893152633065259, 1.387205178496005553, -23.37401696538305274 ) ) ;
#203 = CARTESIAN_POINT ( 'NONE',  ( -5.247457868340419829, -2.539490354391350735, -4.391018798566306368E-15 ) ) ;
#204 = ORIENTED_EDGE ( 'NONE', *, *, #7999, .T. ) ;
#205 = CIRCLE ( 'NONE', #5652, 0.2499999999999998335 ) ;
#206 = CARTESIAN_POINT ( 'NONE',  ( -3.202636172253588320, 0.4880369978868367986, -29.32436948255727316 ) ) ;
#207 =( GEOMETRIC_REPRESENTATION_CONTEXT ( 3 ) GLOBAL_UNCERTAINTY_ASSIGNED_CONTEXT ( ( #6944 ) ) GLOBAL_UNIT_ASSIGNED_CONTEXT ( ( #5760, #5096, #7232 ) ) REPRESENTATION_CONTEXT ( 'NONE', 'WORKASPACE' ) );
#208 = SURFACE_STYLE_FILL_AREA ( #2898 ) ;
#209 = FILL_AREA_STYLE_COLOUR ( '', #3514 ) ;
#210 = SURFACE_STYLE_FILL_AREA ( #4367 ) ;
#211 = ORIENTED_EDGE ( 'NONE', *, *, #516, .T. ) ;
#212 = CARTESIAN_POINT ( 'NONE',  ( 5.254050494821799866, 3.030443306818590976, -23.27146601063158116 ) ) ;
#213 = CARTESIAN_POINT ( 'NONE',  ( 6.308211145017355470, 1.737449562477893616, -23.03642981090886366 ) ) ;
#214 = CARTESIAN_POINT ( 'NONE',  ( 2.854773903111272659, -1.732672113021732851, -23.63708707025871902 ) ) ;
#215 = CARTESIAN_POINT ( 'NONE',  ( -5.099195893422436399, 3.049138062213132550, -22.07549305311518850 ) ) ;
#216 = CARTESIAN_POINT ( 'NONE',  ( -6.055908479276653544, 2.743985188911898465, -19.05343563844416011 ) ) ;
#217 = CIRCLE ( 'NONE', #5522, 0.2500000000000004441 ) ;
#218 = EDGE_CURVE ( 'NONE', #4459, #6738, #2625, .T. ) ;
#219 = FILL_AREA_STYLE_COLOUR ( '', #1313 ) ;
#220 =( BOUNDED_SURFACE ( )  B_SPLINE_SURFACE ( 3, 3, ( 
 ( #465, #5635, #2014, #3315 ),
 ( #2551, #7802, #1833, #4723 ),
 ( #6215, #6920, #8391, #1878 ),
 ( #7213, #705, #2268, #5783 ) ),
 .UNSPECIFIED., .F., .F., .T. ) 
 B_SPLINE_SURFACE_WITH_KNOTS ( ( 4, 4 ),
 ( 4, 4 ),
 ( 0.0000000000000000000, 1.000000000000000000 ),
 ( 0.0000000000000000000, 1.000000000000000000 ),
 .UNSPECIFIED. ) 
 GEOMETRIC_REPRESENTATION_ITEM ( )  RATIONAL_B_SPLINE_SURFACE ( (
 ( 1.000000000000000000, 0.5423444637547523151, 0.5423444637547523151, 1.000000000000000000),
 ( 0.8047378541243641603, 0.4364451199582283780, 0.4364451199582283780, 0.8047378541243641603),
 ( 0.8047378541243641603, 0.4364451199582283780, 0.4364451199582283780, 0.8047378541243641603),
 ( 1.000000000000000000, 0.5423444637547523151, 0.5423444637547523151, 1.000000000000000000) ) ) 
 REPRESENTATION_ITEM ( '' )  SURFACE ( )  );
#221 = CARTESIAN_POINT ( 'NONE',  ( -0.4202714543474312392, -3.331435787986774422, -23.53410231636526362 ) ) ;
#222 = PRESENTATION_STYLE_ASSIGNMENT (( #6113 ) ) ;
#223 = VERTEX_POINT ( 'NONE', #6036 ) ;
#224 = FILL_AREA_STYLE_COLOUR ( '', #8630 ) ;
#225 =( GEOMETRIC_REPRESENTATION_CONTEXT ( 3 ) GLOBAL_UNCERTAINTY_ASSIGNED_CONTEXT ( ( #8719 ) ) GLOBAL_UNIT_ASSIGNED_CONTEXT ( ( #413, #5393, #2441 ) ) REPRESENTATION_CONTEXT ( 'NONE', 'WORKASPACE' ) );
#226 = B_SPLINE_CURVE_WITH_KNOTS ( 'NONE', 3,
 ( #6306, #8485, #1222, #4733 ),
 .UNSPECIFIED., .F., .F.,
 ( 4, 4 ),
 ( 0.0000000000000000000, 1.000000000000000000 ),
 .UNSPECIFIED. ) ;
#227 = CARTESIAN_POINT ( 'NONE',  ( -5.783826129263952787, -2.674157167339997976, -23.11074794972885371 ) ) ;
#228 = ORIENTED_EDGE ( 'NONE', *, *, #7880, .F. ) ;
#229 = CARTESIAN_POINT ( 'NONE',  ( 0.6366049755104303820, 3.277116157259384988, -23.66593501546089584 ) ) ;
#230 = MECHANICAL_DESIGN_GEOMETRIC_PRESENTATION_REPRESENTATION (  '', ( #7786 ), #1419 ) ;
#231 = SURFACE_STYLE_USAGE ( .BOTH. , #8882 ) ;
#232 = CARTESIAN_POINT ( 'NONE',  ( 0.8476827695102485682, 3.289600364480381511, -23.54675541107371828 ) ) ;
#233 = SURFACE_STYLE_FILL_AREA ( #4579 ) ;
#234 = ADVANCED_FACE ( 'NONE', ( #3840 ), #7769, .F. ) ;
#235 = EDGE_CURVE ( 'NONE', #5135, #8761, #342, .T. ) ;
#236 =( GEOMETRIC_REPRESENTATION_CONTEXT ( 3 ) GLOBAL_UNCERTAINTY_ASSIGNED_CONTEXT ( ( #2547 ) ) GLOBAL_UNIT_ASSIGNED_CONTEXT ( ( #8982, #4529, #3823 ) ) REPRESENTATION_CONTEXT ( 'NONE', 'WORKASPACE' ) );
#237 = CARTESIAN_POINT ( 'NONE',  ( -0.2239213603374706485, -3.333891406399631219, -23.58633734597239950 ) ) ;
#238 = CARTESIAN_POINT ( 'NONE',  ( -1.223091024609547883, 3.082643084310617176, -23.30938451862043692 ) ) ;
#239 = CARTESIAN_POINT ( 'NONE',  ( 1.861692529204637125, 3.060240855352717393, -23.45982436663733495 ) ) ;
#240 =( LENGTH_UNIT ( ) NAMED_UNIT ( * ) SI_UNIT ( .MILLI., .METRE. ) );
#241 =( NAMED_UNIT ( * ) SI_UNIT ( $, .STERADIAN. ) SOLID_ANGLE_UNIT ( ) );
#242 =( GEOMETRIC_REPRESENTATION_CONTEXT ( 3 ) GLOBAL_UNCERTAINTY_ASSIGNED_CONTEXT ( ( #5212 ) ) GLOBAL_UNIT_ASSIGNED_CONTEXT ( ( #7905, #689, #1632 ) ) REPRESENTATION_CONTEXT ( 'NONE', 'WORKASPACE' ) );
#243 = ORIENTED_EDGE ( 'NONE', *, *, #1202, .T. ) ;
#244 = FILL_AREA_STYLE_COLOUR ( '', #2328 ) ;
#246 = DIRECTION ( 'NONE',  ( -1.672957273954558210E-16, -1.000000000000000000, 0.0000000000000000000 ) ) ;
#245 = VECTOR ( 'NONE', #5049, 1000.000000000000000 ) ;
#247 = B_SPLINE_CURVE_WITH_KNOTS ( 'NONE', 3,
 ( #3273, #1694, #3875, #8262, #4637, #6778, #7544, #1038, #3931, #3223, #8989, #2505, #5405, #1796 ),
 .UNSPECIFIED., .F., .F.,
 ( 4, 2, 2, 2, 2, 2, 4 ),
 ( 0.0000000000000000000, 0.1249999999999997780, 0.2499999999999996669, 0.4999999999999992228, 0.7499999999999988898, 0.8749999999999993339, 1.000000000000000000 ),
 .UNSPECIFIED. ) ;
#248 = FILL_AREA_STYLE_COLOUR ( '', #3436 ) ;
#249 = CARTESIAN_POINT ( 'NONE',  ( -2.861741315536933783, 0.9499999999999997335, -28.10000000000000497 ) ) ;
#250 = PRESENTATION_STYLE_ASSIGNMENT (( #940 ) ) ;
#251 = CARTESIAN_POINT ( 'NONE',  ( -2.956820923034311210, 0.4500000000000001776, -29.25000000000002487 ) ) ;
#252 = CARTESIAN_POINT ( 'NONE',  ( 0.0000000000000000000, 0.0000000000000000000, -26.75000000000000355 ) ) ;
#253 = SURFACE_STYLE_USAGE ( .BOTH. , #8167 ) ;
#254 = CARTESIAN_POINT ( 'NONE',  ( 4.713855710941726507, 2.891763259629746674, 34.54051063606326721 ) ) ;
#255 = EDGE_LOOP ( 'NONE', ( #8604, #3651, #6642, #8296 ) ) ;
#256 = EDGE_LOOP ( 'NONE', ( #8159, #2800, #5624, #3705, #4416, #8426, #2459 ) ) ;
#257 = FACE_OUTER_BOUND ( 'NONE', #9295, .T. ) ;
#258 = EDGE_CURVE ( 'NONE', #5346, #8643, #7918, .T. ) ;
#259 = CARTESIAN_POINT ( 'NONE',  ( -6.049999999999999822, 1.400739683024801341, -18.87548450340289818 ) ) ;
#260 = CARTESIAN_POINT ( 'NONE',  ( -4.713855710941728283, 2.891763259629744454, -0.2500000000000002220 ) ) ;
#261 = LINE ( 'NONE', #9008, #272 ) ;
#262 = CARTESIAN_POINT ( 'NONE',  ( -2.969867363064837118, 0.7281763094000949232, -28.21729594356174076 ) ) ;
#263 = CARTESIAN_POINT ( 'NONE',  ( 2.785739655610224741, 2.263186076148301584, -23.41051480406754948 ) ) ;
#264 = ORIENTED_EDGE ( 'NONE', *, *, #4444, .F. ) ;
#265 = CARTESIAN_POINT ( 'NONE',  ( 4.741856460906237025, -2.888676873037211656, -19.30960607446512611 ) ) ;
#266 = CARTESIAN_POINT ( 'NONE',  ( 6.277358664107230979, 2.041985000501899350, -23.04097755149824067 ) ) ;
#267 = MECHANICAL_DESIGN_GEOMETRIC_PRESENTATION_REPRESENTATION (  '', ( #3729 ), #3575 ) ;
#268 = CARTESIAN_POINT ( 'NONE',  ( -1.872832080032804658, 0.9499999999999997335, -26.75000000000000355 ) ) ;
#269 = CARTESIAN_POINT ( 'NONE',  ( 6.323227782603963121, -1.561437385389026211, -21.18582226083172060 ) ) ;
#270 = CARTESIAN_POINT ( 'NONE',  ( -2.953517272070468547, 0.8867847214734687622, -25.35000000000000497 ) ) ;
#271 = CARTESIAN_POINT ( 'NONE',  ( 3.005366193732539326, -0.4500000000000002887, -26.50000000000000711 ) ) ;
#272 = VECTOR ( 'NONE', #1057, 1000.000000000000000 ) ;
#273 = STYLED_ITEM ( 'NONE', ( #3281 ), #3492 ) ;
#274 = AXIS2_PLACEMENT_3D ( 'NONE', #6012, #130, #3164 ) ;
#275 = CARTESIAN_POINT ( 'NONE',  ( 3.067923538873095879, -1.031043055394240460, -29.49999999999999645 ) ) ;
#276 = SURFACE_STYLE_USAGE ( .BOTH. , #5383 ) ;
#277 =( NAMED_UNIT ( * ) SI_UNIT ( $, .STERADIAN. ) SOLID_ANGLE_UNIT ( ) );
#278 = ORIENTED_EDGE ( 'NONE', *, *, #741, .T. ) ;
#279 = CARTESIAN_POINT ( 'NONE',  ( -5.569108200409326415, -2.367169795744636929, -4.445228907190568179E-15 ) ) ;
#280 = CARTESIAN_POINT ( 'NONE',  ( -6.020443908810557687, -2.556284064316908911, -23.07797926399936728 ) ) ;
#281 = ORIENTED_EDGE ( 'NONE', *, *, #2993, .F. ) ;
#282 = CARTESIAN_POINT ( 'NONE',  ( 3.010661088395650165, -0.6999999999999996225, -26.20000000538511031 ) ) ;
#283 = CARTESIAN_POINT ( 'NONE',  ( -1.058359166300745224, 3.257451562123511835, -23.54799739396680991 ) ) ;
#284 = AXIS2_PLACEMENT_3D ( 'NONE', #8424, #5336, #1916 ) ;
#285 = MECHANICAL_DESIGN_GEOMETRIC_PRESENTATION_REPRESENTATION (  '', ( #2689 ), #5114 ) ;
#286 = PRESENTATION_STYLE_ASSIGNMENT (( #8253 ) ) ;
#287 = CARTESIAN_POINT ( 'NONE',  ( 4.713855710941729171, -2.891763259629740013, -5.662645351020880291 ) ) ;
#288 = FACE_OUTER_BOUND ( 'NONE', #3052, .T. ) ;
#289 = CIRCLE ( 'NONE', #8609, 0.2499999999999999722 ) ;
#290 = ORIENTED_EDGE ( 'NONE', *, *, #5123, .F. ) ;
#291 = CARTESIAN_POINT ( 'NONE',  ( 6.180271013676015279, 1.384904610932400360, -20.04216810940814497 ) ) ;
#292 = CARTESIAN_POINT ( 'NONE',  ( -1.701746675569294709, -3.450080428636227214, -21.26461840833499295 ) ) ;
#293 = CARTESIAN_POINT ( 'NONE',  ( 1.480933811688068591, 3.163712551031326203, -23.49063498533942962 ) ) ;
#294 = LINE ( 'NONE', #7714, #6147 ) ;
#295 = EDGE_CURVE ( 'NONE', #8745, #1657, #9142, .T. ) ;
#296 = CARTESIAN_POINT ( 'NONE',  ( 5.799999999999999822, 3.149999999999999911, -0.2500000000000000000 ) ) ;
#297 = SURFACE_SIDE_STYLE ('',( #3695 ) ) ;
#298 = ORIENTED_EDGE ( 'NONE', *, *, #2370, .T. ) ;
#299 = CARTESIAN_POINT ( 'NONE',  ( -3.261033612374864887, -0.5630392169870573893, -25.34057343835701914 ) ) ;
#300 = CARTESIAN_POINT ( 'NONE',  ( -5.633203053144735684, -2.938640865857614415, -21.39904486357184865 ) ) ;
#301 =( NAMED_UNIT ( * ) SI_UNIT ( $, .STERADIAN. ) SOLID_ANGLE_UNIT ( ) );
#302 = SURFACE_SIDE_STYLE ('',( #3880 ) ) ;
#303 = CARTESIAN_POINT ( 'NONE',  ( -5.210767358599760257, 2.787535110521076831, -23.18423843541935270 ) ) ;
#304 = CARTESIAN_POINT ( 'NONE',  ( 2.972710554573828823, 0.6999999999999994005, -28.35000000254290597 ) ) ;
#305 = UNCERTAINTY_MEASURE_WITH_UNIT (LENGTH_MEASURE( 1.000000000000000082E-05 ), #6354, 'distance_accuracy_value', 'NONE');
#306 = CARTESIAN_POINT ( 'NONE',  ( 0.5312846556864732062, -3.322800249590877719, -23.53887209609788300 ) ) ;
#307 = CARTESIAN_POINT ( 'NONE',  ( 3.082789136429469945, -1.293765062472785221, -23.61903380571784439 ) ) ;
#308 = EDGE_CURVE ( 'NONE', #4719, #3603, #5693, .T. ) ;
#309 = SURFACE_SIDE_STYLE ('',( #6791 ) ) ;
#310 = ORIENTED_EDGE ( 'NONE', *, *, #5283, .F. ) ;
#311 = CARTESIAN_POINT ( 'NONE',  ( -3.106181419378290620, 0.8965370816932772824, -29.74287737671122756 ) ) ;
#312 = STYLED_ITEM ( 'NONE', ( #842 ), #4804 ) ;
#313 = CARTESIAN_POINT ( 'NONE',  ( 6.199702832740998204, -2.726471070784010742, -23.05262270499801502 ) ) ;
#314 = CARTESIAN_POINT ( 'NONE',  ( -1.577579022422546551, 3.236423702677465819, -0.1035533905932739945 ) ) ;
#315 = FILL_AREA_STYLE_COLOUR ( '', #6775 ) ;
#316 = FILL_AREA_STYLE ('',( #8860 ) ) ;
#317 = VERTEX_POINT ( 'NONE', #7028 ) ;
#318 = DIRECTION ( 'NONE',  ( -0.0000000000000000000, -0.0000000000000000000, -1.000000000000000000 ) ) ;
#319 =( GEOMETRIC_REPRESENTATION_CONTEXT ( 3 ) GLOBAL_UNCERTAINTY_ASSIGNED_CONTEXT ( ( #7622 ) ) GLOBAL_UNIT_ASSIGNED_CONTEXT ( ( #4961, #8571, #5681 ) ) REPRESENTATION_CONTEXT ( 'NONE', 'WORKASPACE' ) );
#320 = CARTESIAN_POINT ( 'NONE',  ( -6.485940740138483207, 1.550624787427870244, -22.48752592110787774 ) ) ;
#321 = CARTESIAN_POINT ( 'NONE',  ( -6.078874523085883830, 2.508541145930062832, -23.06969890780613852 ) ) ;
#322 = PRESENTATION_STYLE_ASSIGNMENT (( #6810 ) ) ;
#323 = VECTOR ( 'NONE', #2668, 1000.000000000000000 ) ;
#324 = CARTESIAN_POINT ( 'NONE',  ( 3.121899288966857977, -0.8626554543276344633, -29.50162892539223236 ) ) ;
#325 = CARTESIAN_POINT ( 'NONE',  ( -3.147516565147403966, 1.026737100672116876, -25.24876908820928634 ) ) ;
#326 = EDGE_LOOP ( 'NONE', ( #122, #2528 ) ) ;
#327 = CARTESIAN_POINT ( 'NONE',  ( -5.325097655859498680, -2.514073798898976531, -4.065758146820641628E-15 ) ) ;
#328 = CARTESIAN_POINT ( 'NONE',  ( -6.279539129292155408, 2.027477062834144306, -23.04065689166600706 ) ) ;
#329 =( LENGTH_UNIT ( ) NAMED_UNIT ( * ) SI_UNIT ( .MILLI., .METRE. ) );
#330 = CARTESIAN_POINT ( 'NONE',  ( -5.210771453046260326, 2.787534617688210759, -23.18423793736070238 ) ) ;
#331 = MECHANICAL_DESIGN_GEOMETRIC_PRESENTATION_REPRESENTATION (  '', ( #7581 ), #5619 ) ;
#332 = FILL_AREA_STYLE_COLOUR ( '', #3099 ) ;
#333 = CARTESIAN_POINT ( 'NONE',  ( -0.5616010405518898629, -3.322381989838881999, -23.53520467621316570 ) ) ;
#334 = ORIENTED_EDGE ( 'NONE', *, *, #6707, .T. ) ;
#335 = DIRECTION ( 'NONE',  ( -1.000000000000000000, 0.0000000000000000000, 0.0000000000000000000 ) ) ;
#336 =( NAMED_UNIT ( * ) SI_UNIT ( $, .STERADIAN. ) SOLID_ANGLE_UNIT ( ) );
#337 = CARTESIAN_POINT ( 'NONE',  ( -3.203937384120291387, 0.4876087726119910926, -29.25436289842509652 ) ) ;
#338 = FILL_AREA_STYLE ('',( #7632 ) ) ;
#339 = CARTESIAN_POINT ( 'NONE',  ( 5.408178252727267044, 3.011747347347451420, -23.16011330960269632 ) ) ;
#340 = ORIENTED_EDGE ( 'NONE', *, *, #2981, .F. ) ;
#341 = PRESENTATION_LAYER_ASSIGNMENT (  '', '', ( #1082 ) ) ;
#342 =( BOUNDED_CURVE ( )  B_SPLINE_CURVE ( 2, ( #571, #4977, #3464 ),
 .UNSPECIFIED., .F., .F. ) 
 B_SPLINE_CURVE_WITH_KNOTS ( ( 3, 3 ),
 ( 0.0000000000000000000, 1.000000000000000000 ),
 .UNSPECIFIED. ) 
 CURVE ( )  GEOMETRIC_REPRESENTATION_ITEM ( )  RATIONAL_B_SPLINE_CURVE ( ( 1.000000000000000000, 1.491155899116284766, 1.000000000000000000 ) ) 
 REPRESENTATION_ITEM ( '' )  );
#343 = AXIS2_PLACEMENT_3D ( 'NONE', #7044, #8461, #2000 ) ;
#344 = CARTESIAN_POINT ( 'NONE',  ( 4.993047265035483129, 2.960834823798434989, -20.85271663322433611 ) ) ;
#345 = EDGE_CURVE ( 'NONE', #423, #751, #8663, .T. ) ;
#346 = CARTESIAN_POINT ( 'NONE',  ( -1.279002806387931290, -3.206160996100413385, -23.51942546254711175 ) ) ;
#347 =( NAMED_UNIT ( * ) PLANE_ANGLE_UNIT ( ) SI_UNIT ( $, .RADIAN. ) );
#348 = CARTESIAN_POINT ( 'NONE',  ( 0.0000000000000000000, 0.0000000000000000000, -26.75000000000000355 ) ) ;
#349 = COLOUR_RGB ( '',0.2509803921568627416, 0.2509803921568627416, 0.2509803921568627416 ) ;
#350 = CARTESIAN_POINT ( 'NONE',  ( 1.960599249740875960, 3.018568113443435674, -23.45633577118719160 ) ) ;
#351 = VERTEX_POINT ( 'NONE', #8444 ) ;
#352 = ORIENTED_EDGE ( 'NONE', *, *, #4857, .T. ) ;
#353 = CARTESIAN_POINT ( 'NONE',  ( 5.725288101336235336, -2.689755921319064491, -23.11851333401640574 ) ) ;
#354 = STYLED_ITEM ( 'NONE', ( #7906 ), #6888 ) ;
#355 = STYLED_ITEM ( 'NONE', ( #93 ), #171 ) ;
#356 = EDGE_CURVE ( 'NONE', #9336, #4066, #7722, .T. ) ;
#357 = ADVANCED_FACE ( 'NONE', ( #3416 ), #6316, .T. ) ;
#358 = CARTESIAN_POINT ( 'NONE',  ( 1.914376003281629712, -4.664091817133389384, -27.00290886362657972 ) ) ;
#359 = PRESENTATION_STYLE_ASSIGNMENT (( #4747 ) ) ;
#360 = CARTESIAN_POINT ( 'NONE',  ( -3.015955676326079082, -0.6999999999999996225, -25.90000000535678382 ) ) ;
#361 = EDGE_LOOP ( 'NONE', ( #1806, #352, #3450, #2250 ) ) ;
#362 = DIRECTION ( 'NONE',  ( -1.000000000000000000, -8.881784197001252323E-16, 0.0000000000000000000 ) ) ;
#363 = AXIS2_PLACEMENT_3D ( 'NONE', #7051, #8565, #5673 ) ;
#364 = AXIS2_PLACEMENT_3D ( 'NONE', #8645, #3487, #9087 ) ;
#365 = CARTESIAN_POINT ( 'NONE',  ( 2.903896132386206475, 0.8865072565709825048, -28.10000000000000497 ) ) ;
#366 = CARTESIAN_POINT ( 'NONE',  ( -1.675003155388869791, 3.113848057775111311, -23.46788425806609979 ) ) ;
#367 = PRESENTATION_LAYER_ASSIGNMENT (  '', '', ( #2170 ) ) ;
#368 = FACE_OUTER_BOUND ( 'NONE', #393, .T. ) ;
#369 = CARTESIAN_POINT ( 'NONE',  ( 2.955957632331233764, 5.911915264662468417, -31.50000000000000355 ) ) ;
#370 =( LENGTH_UNIT ( ) NAMED_UNIT ( * ) SI_UNIT ( .MILLI., .METRE. ) );
#371 = ORIENTED_EDGE ( 'NONE', *, *, #5144, .F. ) ;
#372 = CARTESIAN_POINT ( 'NONE',  ( -5.412426630249423276, -2.749420457953803965, -8.498708270017907851E-15 ) ) ;
#373 = VERTEX_POINT ( 'NONE', #8627 ) ;
#374 = CARTESIAN_POINT ( 'NONE',  ( -6.192453876635600096, 2.345324886918151996, -23.05337540808022823 ) ) ;
#375 = CARTESIAN_POINT ( 'NONE',  ( 1.755541667288233132, -4.282270775395513596, -28.10000000000000142 ) ) ;
#376 = SURFACE_STYLE_USAGE ( .BOTH. , #8299 ) ;
#377 = UNCERTAINTY_MEASURE_WITH_UNIT (LENGTH_MEASURE( 1.000000000000000082E-05 ), #3270, 'distance_accuracy_value', 'NONE');
#378 = EDGE_CURVE ( 'NONE', #845, #9073, #7472, .T. ) ;
#379 =( NAMED_UNIT ( * ) SI_UNIT ( $, .STERADIAN. ) SOLID_ANGLE_UNIT ( ) );
#380 = ORIENTED_EDGE ( 'NONE', *, *, #4737, .F. ) ;
#381 = SURFACE_STYLE_FILL_AREA ( #5637 ) ;
#382 =( GEOMETRIC_REPRESENTATION_CONTEXT ( 3 ) GLOBAL_UNCERTAINTY_ASSIGNED_CONTEXT ( ( #6344 ) ) GLOBAL_UNIT_ASSIGNED_CONTEXT ( ( #1013, #1577, #3807 ) ) REPRESENTATION_CONTEXT ( 'NONE', 'WORKASPACE' ) );
#383 = CARTESIAN_POINT ( 'NONE',  ( 6.135850098577360967, 2.444036889726077799, -23.06155297114160874 ) ) ;
#384 = DIRECTION ( 'NONE',  ( 0.1207522916204553237, 0.0000000000000000000, -0.9926826703778043326 ) ) ;
#385 =( LENGTH_UNIT ( ) NAMED_UNIT ( * ) SI_UNIT ( .MILLI., .METRE. ) );
#386 = DIRECTION ( 'NONE',  ( 0.0000000000000000000, 0.0000000000000000000, 1.000000000000000000 ) ) ;
#387 =( NAMED_UNIT ( * ) SI_UNIT ( $, .STERADIAN. ) SOLID_ANGLE_UNIT ( ) );
#388 = LINE ( 'NONE', #7399, #3149 ) ;
#389 = CARTESIAN_POINT ( 'NONE',  ( 3.085102420976200133, 1.298650267305994532, -23.39015557910684961 ) ) ;
#390 = EDGE_LOOP ( 'NONE', ( #151, #557, #3485, #82 ) ) ;
#391 = CARTESIAN_POINT ( 'NONE',  ( 1.230185108644109793, -3.332542411984210418, -23.30938451861454652 ) ) ;
#392 = CARTESIAN_POINT ( 'NONE',  ( -0.3240542462122638079, -3.323671093061234316, -23.60557658259703473 ) ) ;
#393 = EDGE_LOOP ( 'NONE', ( #9240, #1441, #7921, #5297, #8827 ) ) ;
#394 = CARTESIAN_POINT ( 'NONE',  ( -3.178132434346875534, 0.6074370698219840881, -29.57439474798667689 ) ) ;
#395 = B_SPLINE_CURVE_WITH_KNOTS ( 'NONE', 3,
 ( #2559, #1083, #5457, #9040, #1886, #4154 ),
 .UNSPECIFIED., .F., .F.,
 ( 4, 2, 4 ),
 ( 1.084202172485504314E-19, 0.0002044486849903297894, 0.0004088973699806594704 ),
 .UNSPECIFIED. ) ;
#396 = AXIS2_PLACEMENT_3D ( 'NONE', #2460, #246, #3127 ) ;
#397 = CARTESIAN_POINT ( 'NONE',  ( -5.715747250757283737, 2.662946040526783076, -20.11833675097516760 ) ) ;
#398 = CARTESIAN_POINT ( 'NONE',  ( -2.944529224315334037, -0.7282647970031600471, -29.38283625590219117 ) ) ;
#399 =( NAMED_UNIT ( * ) SI_UNIT ( $, .STERADIAN. ) SOLID_ANGLE_UNIT ( ) );
#400 = DIRECTION ( 'NONE',  ( 1.000000000000000000, 1.672957273954558210E-16, 0.0000000000000000000 ) ) ;
#401 = ORIENTED_EDGE ( 'NONE', *, *, #6541, .T. ) ;
#402 = FILL_AREA_STYLE_COLOUR ( '', #3776 ) ;
#403 = FILL_AREA_STYLE ('',( #1062 ) ) ;
#404 =( LENGTH_UNIT ( ) NAMED_UNIT ( * ) SI_UNIT ( .MILLI., .METRE. ) );
#405 = ADVANCED_FACE ( 'NONE', ( #5162 ), #749, .T. ) ;
#406 = EDGE_CURVE ( 'NONE', #6779, #6826, #6916, .T. ) ;
#407 = CARTESIAN_POINT ( 'NONE',  ( -3.236742971957817350, 0.6999999999999994005, -25.60380293868477253 ) ) ;
#408 = CARTESIAN_POINT ( 'NONE',  ( 0.5312846556864732062, -3.322800249590877719, -23.53887209609789011 ) ) ;
#409 = COLOUR_RGB ( '',0.2509803921568627416, 0.2509803921568627416, 0.2509803921568627416 ) ;
#410 = ORIENTED_EDGE ( 'NONE', *, *, #1868, .T. ) ;
#411 = CARTESIAN_POINT ( 'NONE',  ( -6.050000000000008704, -1.571127900305620662, -0.2500000000000618949 ) ) ;
#412 = ORIENTED_EDGE ( 'NONE', *, *, #7937, .F. ) ;
#413 =( LENGTH_UNIT ( ) NAMED_UNIT ( * ) SI_UNIT ( .MILLI., .METRE. ) );
#414 = ADVANCED_FACE ( 'NONE', ( #2883 ), #7969, .T. ) ;
#415 =( BOUNDED_SURFACE ( )  B_SPLINE_SURFACE ( 3, 3, ( 
 ( #8176, #6848, #1661, #7450 ),
 ( #3845, #358, #6745, #6799 ),
 ( #6042, #8909, #6150, #9006 ),
 ( #2425, #5318, #5427, #8328 ) ),
 .UNSPECIFIED., .F., .F., .T. ) 
 B_SPLINE_SURFACE_WITH_KNOTS ( ( 4, 4 ),
 ( 4, 4 ),
 ( 0.0000000000000000000, 1.000000000000000000 ),
 ( 0.0000000000000000000, 1.000000000000000000 ),
 .UNSPECIFIED. ) 
 GEOMETRIC_REPRESENTATION_ITEM ( )  RATIONAL_B_SPLINE_SURFACE ( (
 ( 1.000000000000000000, 0.5423444637547523151, 0.5423444637547523151, 1.000000000000000000),
 ( 0.9999746153761140954, 0.5423306965445232608, 0.5423306965445232608, 0.9999746153761140954),
 ( 0.9999746153761140954, 0.5423306965445232608, 0.5423306965445232608, 0.9999746153761140954),
 ( 1.000000000000000000, 0.5423444637547523151, 0.5423444637547523151, 1.000000000000000000) ) ) 
 REPRESENTATION_ITEM ( '' )  SURFACE ( )  );
#416 = CARTESIAN_POINT ( 'NONE',  ( 5.645440128033444083, -2.274351865065018075, -3.252606517456513302E-15 ) ) ;
#417 = PRESENTATION_LAYER_ASSIGNMENT (  '', '', ( #4793 ) ) ;
#418 = VECTOR ( 'NONE', #2877, 1000.000000000000000 ) ;
#419 = UNCERTAINTY_MEASURE_WITH_UNIT (LENGTH_MEASURE( 1.000000000000000082E-05 ), #3967, 'distance_accuracy_value', 'NONE');
#420 = CARTESIAN_POINT ( 'NONE',  ( -6.135831125713118617, -2.444062260202283898, -23.06155569696969465 ) ) ;
#421 = CARTESIAN_POINT ( 'NONE',  ( -3.219856693096560196, -0.4874122644376498448, -28.35436319653968340 ) ) ;
#422 = CARTESIAN_POINT ( 'NONE',  ( -4.953218920559853800, 2.898252250935761776, -20.64959789984799698 ) ) ;
#423 = VERTEX_POINT ( 'NONE', #4729 ) ;
#424 = CARTESIAN_POINT ( 'NONE',  ( 6.431695787197096337, -1.546463600971525132, -22.99174847725301163 ) ) ;
#425 =( NAMED_UNIT ( * ) SI_UNIT ( $, .STERADIAN. ) SOLID_ANGLE_UNIT ( ) );
#426 = PRESENTATION_LAYER_ASSIGNMENT (  '', '', ( #2225 ) ) ;
#427 = DIRECTION ( 'NONE',  ( -0.0000000000000000000, -1.000000000000000000, -0.0000000000000000000 ) ) ;
#428 = AXIS2_PLACEMENT_3D ( 'NONE', #449, #3250, #1151 ) ;
#429 =( NAMED_UNIT ( * ) PLANE_ANGLE_UNIT ( ) SI_UNIT ( $, .RADIAN. ) );
#430 = DIRECTION ( 'NONE',  ( 1.000000000000000000, 0.0000000000000000000, -0.0000000000000000000 ) ) ;
#431 = STYLED_ITEM ( 'NONE', ( #8333 ), #3944 ) ;
#432 = FACE_OUTER_BOUND ( 'NONE', #8494, .T. ) ;
#433 = SURFACE_STYLE_FILL_AREA ( #4691 ) ;
#434 =( LENGTH_UNIT ( ) NAMED_UNIT ( * ) SI_UNIT ( .MILLI., .METRE. ) );
#435 = FILL_AREA_STYLE ('',( #3539 ) ) ;
#436 = CARTESIAN_POINT ( 'NONE',  ( -0.6478223669792171346, -3.345162167873775960, -23.41382226463742100 ) ) ;
#437 = CARTESIAN_POINT ( 'NONE',  ( -1.051549096097831315, 3.171507337331581411, -23.60044010194654618 ) ) ;
#438 = PRESENTATION_LAYER_ASSIGNMENT (  '', '', ( #5126 ) ) ;
#439 = CARTESIAN_POINT ( 'NONE',  ( -0.6279770318394318762, -3.278811282778363978, -23.66428332213909869 ) ) ;
#440 = EDGE_LOOP ( 'NONE', ( #2709, #1395, #2794, #6430, #3267, #3158, #6230, #6089, #7693, #1742 ) ) ;
#441 = CARTESIAN_POINT ( 'NONE',  ( -6.180271013676003733, 1.384904610932400360, -20.04216810940805260 ) ) ;
#442 = CYLINDRICAL_SURFACE ( 'NONE', #3586, 0.6249999999999996669 ) ;
#443 = CARTESIAN_POINT ( 'NONE',  ( -3.281302166560566391, 0.6628974616468003012, -23.37564754801331546 ) ) ;
#444 = CARTESIAN_POINT ( 'NONE',  ( -1.979898987322333603, -0.6999999999999997335, -26.50000000000000355 ) ) ;
#445 = VERTEX_POINT ( 'NONE', #8352 ) ;
#446 = CARTESIAN_POINT ( 'NONE',  ( -4.702543834651160104, -2.788829561756629438, 1.590296134315146828E-14 ) ) ;
#447 = LINE ( 'NONE', #8504, #8998 ) ;
#448 = CARTESIAN_POINT ( 'NONE',  ( -1.861642404832318798, -3.310010245961622743, -23.21005533523129927 ) ) ;
#449 = CARTESIAN_POINT ( 'NONE',  ( 1.979898987322333603, 0.9499999999999997335, -26.50000000000000355 ) ) ;
#450 = CARTESIAN_POINT ( 'NONE',  ( -3.227858913821163078, 0.7506214546116378727, -25.15524567722371785 ) ) ;
#451 = ADVANCED_FACE ( 'NONE', ( #1841 ), #4552, .T. ) ;
#452 = SURFACE_STYLE_USAGE ( .BOTH. , #1067 ) ;
#453 = MECHANICAL_DESIGN_GEOMETRIC_PRESENTATION_REPRESENTATION (  '', ( #6645 ), #1353 ) ;
#454 = ORIENTED_EDGE ( 'NONE', *, *, #3744, .F. ) ;
#455 = FILL_AREA_STYLE_COLOUR ( '', #2381 ) ;
#456 = ORIENTED_EDGE ( 'NONE', *, *, #6600, .T. ) ;
#457 = CARTESIAN_POINT ( 'NONE',  ( 3.226043172826883687, -0.7000000000000968781, -26.20376792832807311 ) ) ;
#458 = B_SPLINE_CURVE_WITH_KNOTS ( 'NONE', 3,
 ( #8917, #8041, #8091, #821, #4471, #4516, #3709, #913, #5897, #8780, #5185, #7369, #874, #3756 ),
 .UNSPECIFIED., .F., .F.,
 ( 4, 2, 2, 2, 2, 2, 4 ),
 ( 0.0000000000000000000, 0.1249999999999992228, 0.2499999999999984457, 0.4999999999999982236, 0.7499999999999980016, 0.8749999999999990008, 1.000000000000000000 ),
 .UNSPECIFIED. ) ;
#459 = CARTESIAN_POINT ( 'NONE',  ( 1.059057078722271061, 3.257289327013035418, -23.54790701832735067 ) ) ;
#460 = CARTESIAN_POINT ( 'NONE',  ( 6.050000000000009592, -1.400739683024801785, -0.2500000000000021649 ) ) ;
#461 = AXIS2_PLACEMENT_3D ( 'NONE', #5323, #6103, #362 ) ;
#462 = EDGE_CURVE ( 'NONE', #7057, #4137, #247, .T. ) ;
#463 = ADVANCED_FACE ( 'NONE', ( #4684 ), #8398, .T. ) ;
#464 = UNCERTAINTY_MEASURE_WITH_UNIT (LENGTH_MEASURE( 1.000000000000000082E-05 ), #2711, 'distance_accuracy_value', 'NONE');
#465 = CARTESIAN_POINT ( 'NONE',  ( 3.114765733250401070, -1.028379173908029687, -27.00000000000000355 ) ) ;
#466 = CARTESIAN_POINT ( 'NONE',  ( -1.794827529581148218, -2.815520819920195539, -23.70274989577757196 ) ) ;
#467 = ORIENTED_EDGE ( 'NONE', *, *, #621, .F. ) ;
#468 = CARTESIAN_POINT ( 'NONE',  ( -3.216390820169736653, -0.5483446864204917226, -28.08915728043589155 ) ) ;
#469 = DIRECTION ( 'NONE',  ( 1.672957273954558210E-16, -1.000000000000000000, 0.0000000000000000000 ) ) ;
#470 =( BOUNDED_CURVE ( )  B_SPLINE_CURVE ( 3, ( #4174, #4933, #2043, #7081 ),
 .UNSPECIFIED., .F., .T. ) 
 B_SPLINE_CURVE_WITH_KNOTS ( ( 4, 4 ),
 ( 0.0000000000000000000, 1.000000000000000000 ),
 .UNSPECIFIED. ) 
 CURVE ( )  GEOMETRIC_REPRESENTATION_ITEM ( )  RATIONAL_B_SPLINE_CURVE ( ( 1.000000000000000000, 0.9960104784910838172, 0.9960104784910838172, 1.000000000000000000 ) ) 
 REPRESENTATION_ITEM ( '' )  );
#471 = CARTESIAN_POINT ( 'NONE',  ( 6.056084814483611467, 2.535306977198313216, -23.07296054268534036 ) ) ;
#472 = DIRECTION ( 'NONE',  ( 0.0000000000000000000, 0.0000000000000000000, 1.000000000000000000 ) ) ;
#473 = COLOUR_RGB ( '',0.2509803921568627416, 0.2509803921568627416, 0.2509803921568627416 ) ;
#474 = CARTESIAN_POINT ( 'NONE',  ( -2.826775610078679168, 0.9499999999999997335, -29.75000000000000355 ) ) ;
#475 = CARTESIAN_POINT ( 'NONE',  ( -0.2117564144192939923, -3.333168576422899321, -23.58511889110668847 ) ) ;
#476 = EDGE_LOOP ( 'NONE', ( #2223, #7579, #6958, #3245 ) ) ;
#477 = CARTESIAN_POINT ( 'NONE',  ( 3.093415828407130252, 0.9541030318326536586, -29.51982742949298455 ) ) ;
#478 =( GEOMETRIC_REPRESENTATION_CONTEXT ( 3 ) GLOBAL_UNCERTAINTY_ASSIGNED_CONTEXT ( ( #6296 ) ) GLOBAL_UNIT_ASSIGNED_CONTEXT ( ( #40, #800, #5167 ) ) REPRESENTATION_CONTEXT ( 'NONE', 'WORKASPACE' ) );
#479 = FILL_AREA_STYLE_COLOUR ( '', #2835 ) ;
#480 = CARTESIAN_POINT ( 'NONE',  ( -3.257876130366425649, -0.4869552922526746430, -26.20436268900113674 ) ) ;
#481 = EDGE_CURVE ( 'NONE', #6005, #8761, #4988, .T. ) ;
#482 = CYLINDRICAL_SURFACE ( 'NONE', #2843, 0.2500000000000001110 ) ;
#483 = CARTESIAN_POINT ( 'NONE',  ( -3.555641296642687799, 0.3560717322086137115, -23.35327128608896174 ) ) ;
#484 = ORIENTED_EDGE ( 'NONE', *, *, #6529, .T. ) ;
#485 = FILL_AREA_STYLE_COLOUR ( '', #5303 ) ;
#486 = CARTESIAN_POINT ( 'NONE',  ( 4.860813780662764927, 2.875358454448231349, -20.22822021129189451 ) ) ;
#487 = CARTESIAN_POINT ( 'NONE',  ( 0.0000000000000000000, 0.0000000000000000000, -41.50000000000000000 ) ) ;
#488 = CARTESIAN_POINT ( 'NONE',  ( -1.861642404832310138, 3.310010245961616082, -23.21005533523130282 ) ) ;
#489 = COLOUR_RGB ( '',0.2509803921568627416, 0.2509803921568627416, 0.2509803921568627416 ) ;
#490 = PRESENTATION_STYLE_ASSIGNMENT (( #4448 ) ) ;
#491 = CARTESIAN_POINT ( 'NONE',  ( 2.903663096235906682, -0.8868582448345488922, -28.10000000000001208 ) ) ;
#492 = COLOUR_RGB ( '',0.2509803921568627416, 0.2509803921568627416, 0.2509803921568627416 ) ;
#493 = AXIS2_PLACEMENT_3D ( 'NONE', #474, #5565, #4788 ) ;
#494 = DIRECTION ( 'NONE',  ( 0.9279907553124471242, -0.3715074003443163408, -0.02855537679740501739 ) ) ;
#495 = CARTESIAN_POINT ( 'NONE',  ( 6.509773541169016298, 1.546429765820374946, -22.88901351863439970 ) ) ;
#496 = ORIENTED_EDGE ( 'NONE', *, *, #6094, .T. ) ;
#497 = CARTESIAN_POINT ( 'NONE',  ( -2.955957632331233764, 0.0000000000000000000, -31.25000000000000000 ) ) ;
#498 = CARTESIAN_POINT ( 'NONE',  ( 2.826775610078679168, 0.9499999999999995115, -29.50000000000000355 ) ) ;
#499 = ORIENTED_EDGE ( 'NONE', *, *, #3414, .T. ) ;
#500 = CARTESIAN_POINT ( 'NONE',  ( -5.842139190723117714, 2.650646830338742710, -23.10274373987979857 ) ) ;
#501 =( LENGTH_UNIT ( ) NAMED_UNIT ( * ) SI_UNIT ( .MILLI., .METRE. ) );
#502 = EDGE_CURVE ( 'NONE', #2861, #94, #5509, .T. ) ;
#503 = MECHANICAL_DESIGN_GEOMETRIC_PRESENTATION_REPRESENTATION (  '', ( #2759 ), #3523 ) ;
#504 = CARTESIAN_POINT ( 'NONE',  ( 6.050000019281839947, -1.571696618625070263, 6.346665086826508524E-14 ) ) ;
#505 = MECHANICAL_DESIGN_GEOMETRIC_PRESENTATION_REPRESENTATION (  '', ( #951 ), #8978 ) ;
#506 = UNCERTAINTY_MEASURE_WITH_UNIT (LENGTH_MEASURE( 1.000000000000000082E-05 ), #8330, 'distance_accuracy_value', 'NONE');
#507 = CARTESIAN_POINT ( 'NONE',  ( -5.766001567091190161, -2.678944212622134113, -23.11311349841161800 ) ) ;
#508 = CARTESIAN_POINT ( 'NONE',  ( 6.050000000000005151, 1.400739683024801785, -0.2500000000012842505 ) ) ;
#509 = DIRECTION ( 'NONE',  ( -1.672957273954557963E-16, -1.000000000000000000, 0.0000000000000000000 ) ) ;
#510 = VERTEX_POINT ( 'NONE', #2112 ) ;
#511 = FACE_OUTER_BOUND ( 'NONE', #5365, .T. ) ;
#512 = CARTESIAN_POINT ( 'NONE',  ( -3.178466005977035547, -0.7510787414533436346, -27.90554942797383475 ) ) ;
#513 = CARTESIAN_POINT ( 'NONE',  ( -3.203398940256226179, -7.846064517153621543E-16, -31.39876908820451717 ) ) ;
#514 = CARTESIAN_POINT ( 'NONE',  ( 6.306898936106102305, -2.098312650321110251, -21.30258153916998509 ) ) ;
#515 = CARTESIAN_POINT ( 'NONE',  ( 5.929772499870869851, 2.882960924458564556, -23.09082710740228350 ) ) ;
#516 = EDGE_CURVE ( 'NONE', #1021, #5638, #8528, .T. ) ;
#517 = EDGE_CURVE ( 'NONE', #9073, #3388, #9042, .T. ) ;
#518 = DIRECTION ( 'NONE',  ( -1.000000000000000000, 0.0000000000000000000, 0.0000000000000000000 ) ) ;
#519 = CARTESIAN_POINT ( 'NONE',  ( -2.869275084791317543, -0.8867702544207763937, -29.50000000000000355 ) ) ;
#520 = CARTESIAN_POINT ( 'NONE',  ( -2.979806295160160712, 3.261949736377541598, -23.16204623756802405 ) ) ;
#521 = B_SPLINE_CURVE_WITH_KNOTS ( 'NONE', 3,
 ( #1836, #4635, #5347, #8432 ),
 .UNSPECIFIED., .F., .F.,
 ( 4, 4 ),
 ( 0.0000000000000000000, 1.000000000000000000 ),
 .UNSPECIFIED. ) ;
#522 =( BOUNDED_SURFACE ( )  B_SPLINE_SURFACE ( 3, 2, ( 
 ( #9075, #6643, #1566 ),
 ( #2234, #764, #553 ),
 ( #8725, #152, #2982 ),
 ( #6343, #9216, #1300 ) ),
 .UNSPECIFIED., .F., .F., .T. ) 
 B_SPLINE_SURFACE_WITH_KNOTS ( ( 4, 4 ),
 ( 3, 3 ),
 ( 0.0000000000000000000, 0.003352041652120103625 ),
 ( 0.0000000000000000000, 1.000000000000000000 ),
 .UNSPECIFIED. ) 
 GEOMETRIC_REPRESENTATION_ITEM ( )  RATIONAL_B_SPLINE_SURFACE ( (
 ( 1.000000000000000000, 0.7077614747841411980, 1.000000000000000000),
 ( 1.000000000000000000, 0.7085510890049814270, 1.000000000000000000),
 ( 1.000000000000000000, 0.7100503286676118631, 1.000000000000000000),
 ( 1.000000000000000000, 0.7122195952380250272, 1.000000000000000000) ) ) 
 REPRESENTATION_ITEM ( '' )  SURFACE ( )  );
#523 = CARTESIAN_POINT ( 'NONE',  ( -4.848315794074531837, 2.625481737770705593, -2.168404344971008868E-16 ) ) ;
#524 = CARTESIAN_POINT ( 'NONE',  ( 0.1857572535203869668, -3.335138827055000199, -23.57992382279827481 ) ) ;
#525 = DIRECTION ( 'NONE',  ( 0.01745240643733633051, 0.0000000000000000000, 0.9998476951563902704 ) ) ;
#526 = MECHANICAL_DESIGN_GEOMETRIC_PRESENTATION_REPRESENTATION (  '', ( #5967 ), #225 ) ;
#527 = EDGE_LOOP ( 'NONE', ( #2393, #204, #5391, #4960, #3727, #4751, #2440, #243 ) ) ;
#528 = FACE_OUTER_BOUND ( 'NONE', #5441, .T. ) ;
#529 = STYLED_ITEM ( 'NONE', ( #4237 ), #1785 ) ;
#530 = PRESENTATION_LAYER_ASSIGNMENT (  '', '', ( #3556 ) ) ;
#531 = SURFACE_SIDE_STYLE ('',( #7692 ) ) ;
#532 = ORIENTED_EDGE ( 'NONE', *, *, #1484, .T. ) ;
#533 = FILL_AREA_STYLE_COLOUR ( '', #4091 ) ;
#534 = CARTESIAN_POINT ( 'NONE',  ( 3.219856693096561084, 0.4874122644376497338, -28.35436319653966564 ) ) ;
#535 = CARTESIAN_POINT ( 'NONE',  ( -3.202633821088542110, -0.4880366334449246501, -29.32450578875493363 ) ) ;
#536 = CARTESIAN_POINT ( 'NONE',  ( -6.302797513163747922, 1.870770880644269774, -23.03723625745224268 ) ) ;
#537 = CARTESIAN_POINT ( 'NONE',  ( -1.241898298753213448, -3.097668276133595189, -23.72510330486155539 ) ) ;
#538 = PRESENTATION_LAYER_ASSIGNMENT (  '', '', ( #8703 ) ) ;
#539 = B_SPLINE_CURVE_WITH_KNOTS ( 'NONE', 3,
 ( #6688, #6505, #3604, #203, #3648, #1470, #5269, #8076, #9383, #1417, #1562, #8809, #2185, #5216, #2893, #5791 ),
 .UNSPECIFIED., .F., .F.,
 ( 4, 2, 2, 2, 2, 2, 2, 4 ),
 ( 0.0000000000000000000, 0.2500000000000000000, 0.3750000000000000000, 0.4375000000000000000, 0.5000000000000000000, 0.6250000000000000000, 0.7500000000000000000, 1.000000000000000000 ),
 .UNSPECIFIED. ) ;
#540 =( LENGTH_UNIT ( ) NAMED_UNIT ( * ) SI_UNIT ( .MILLI., .METRE. ) );
#541 = PRESENTATION_LAYER_ASSIGNMENT (  '', '', ( #838 ) ) ;
#542 = SURFACE_SIDE_STYLE ('',( #7042 ) ) ;
#543 = CARTESIAN_POINT ( 'NONE',  ( 0.0000000000000000000, 0.0000000000000000000, -29.50000000000000355 ) ) ;
#544 = CARTESIAN_POINT ( 'NONE',  ( 4.713855711713331509, 2.891763259544950504, -19.02075593405391274 ) ) ;
#545 = SURFACE_STYLE_FILL_AREA ( #7612 ) ;
#546 = DIRECTION ( 'NONE',  ( -8.673617379884119289E-16, 1.000000000000000000, -6.018531076210222043E-30 ) ) ;
#547 = EDGE_LOOP ( 'NONE', ( #2158, #1527, #1749, #6594 ) ) ;
#548 = DIRECTION ( 'NONE',  ( 0.0000000000000000000, 1.000000000000000000, 0.0000000000000000000 ) ) ;
#549 = SURFACE_STYLE_FILL_AREA ( #1869 ) ;
#550 = ORIENTED_EDGE ( 'NONE', *, *, #1435, .F. ) ;
#551 = CARTESIAN_POINT ( 'NONE',  ( -6.336694120250919049, 1.734560685586373330, -21.29355296200737513 ) ) ;
#552 = CARTESIAN_POINT ( 'NONE',  ( 5.471614542947080828, 2.440964227592420599, -3.089976191583687637E-15 ) ) ;
#553 = CARTESIAN_POINT ( 'NONE',  ( 2.985064664438077386, -3.261723723080862225, -23.16182304803742298 ) ) ;
#554 = AXIS2_PLACEMENT_3D ( 'NONE', #4148, #469, #4020 ) ;
#555 = CARTESIAN_POINT ( 'NONE',  ( -6.417079037205676073, -2.440176268622936018, -23.02078767983070406 ) ) ;
#556 = CARTESIAN_POINT ( 'NONE',  ( -3.339580227060280571, -1.109876329436902548E-11, -23.59694821494533912 ) ) ;
#557 = ORIENTED_EDGE ( 'NONE', *, *, #3715, .F. ) ;
#558 = SURFACE_SIDE_STYLE ('',( #1259 ) ) ;
#559 = CARTESIAN_POINT ( 'NONE',  ( 3.100385616021496649, -6.200771232042990633, -31.50000000000000355 ) ) ;
#560 = VERTEX_POINT ( 'NONE', #3323 ) ;
#561 = DIRECTION ( 'NONE',  ( 1.000000000000000000, -0.0000000000000000000, 0.0000000000000000000 ) ) ;
#562 = CARTESIAN_POINT ( 'NONE',  ( 2.955957632331234652, 3.681227066825041439E-16, -31.50000000000000000 ) ) ;
#563 = CARTESIAN_POINT ( 'NONE',  ( 3.247780769372003551, -0.5034356824736392344, -26.64222484068002927 ) ) ;
#564 =( NAMED_UNIT ( * ) SI_UNIT ( $, .STERADIAN. ) SOLID_ANGLE_UNIT ( ) );
#565 = LINE ( 'NONE', #3460, #2602 ) ;
#566 =( GEOMETRIC_REPRESENTATION_CONTEXT ( 3 ) GLOBAL_UNCERTAINTY_ASSIGNED_CONTEXT ( ( #4910 ) ) GLOBAL_UNIT_ASSIGNED_CONTEXT ( ( #1278, #7878, #9200 ) ) REPRESENTATION_CONTEXT ( 'NONE', 'WORKASPACE' ) );
#567 = EDGE_CURVE ( 'NONE', #1707, #7890, #4424, .T. ) ;
#568 = CARTESIAN_POINT ( 'NONE',  ( -5.539677381595061512, 2.399506475976212805, -4.878909776184769953E-16 ) ) ;
#569 = PRESENTATION_STYLE_ASSIGNMENT (( #7072 ) ) ;
#570 = CARTESIAN_POINT ( 'NONE',  ( 0.8916267626856002604, -3.216694156343250732, -23.70633026852467395 ) ) ;
#571 = CARTESIAN_POINT ( 'NONE',  ( -6.180271013676017056, -1.384904610932400582, -20.04216810940815563 ) ) ;
#572 = ORIENTED_EDGE ( 'NONE', *, *, #1786, .T. ) ;
#573 = CARTESIAN_POINT ( 'NONE',  ( 3.067923538873095879, 1.031043055394240460, -29.49999999999999645 ) ) ;
#574 =( BOUNDED_CURVE ( )  B_SPLINE_CURVE ( 2, ( #4822, #6259, #1926 ),
 .UNSPECIFIED., .F., .T. ) 
 B_SPLINE_CURVE_WITH_KNOTS ( ( 3, 3 ),
 ( 0.0000000000000000000, 1.000000000000000000 ),
 .UNSPECIFIED. ) 
 CURVE ( )  GEOMETRIC_REPRESENTATION_ITEM ( )  RATIONAL_B_SPLINE_CURVE ( ( 1.000000000000000000, 1.489320292087568554, 1.000000000000000000 ) ) 
 REPRESENTATION_ITEM ( '' )  );
#575 = EDGE_CURVE ( 'NONE', #5765, #8257, #6138, .T. ) ;
#576 = STYLED_ITEM ( 'NONE', ( #1087 ), #9365 ) ;
#577 = VECTOR ( 'NONE', #6786, 1000.000000000000000 ) ;
#578 = ORIENTED_EDGE ( 'NONE', *, *, #1088, .T. ) ;
#579 = CARTESIAN_POINT ( 'NONE',  ( 1.577579022422549881, -3.236423702677465819, -0.2500000000033217873 ) ) ;
#580 = PRESENTATION_STYLE_ASSIGNMENT (( #2851 ) ) ;
#581 = CARTESIAN_POINT ( 'NONE',  ( 3.238244312016871351, -0.6989874317707550633, -25.52867459525556981 ) ) ;
#582 = CARTESIAN_POINT ( 'NONE',  ( -4.101475264559192091, 2.921058879537994368, -23.31917559111935390 ) ) ;
#583 = CARTESIAN_POINT ( 'NONE',  ( -1.334914588164364924, -3.329678907891329143, -23.72946640647251471 ) ) ;
#584 = SURFACE_SIDE_STYLE ('',( #8731 ) ) ;
#585 = CARTESIAN_POINT ( 'NONE',  ( 3.261033612374758306, 0.5630392169879049336, -25.34057343835523568 ) ) ;
#586 = ORIENTED_EDGE ( 'NONE', *, *, #3553, .F. ) ;
#587 = LINE ( 'NONE', #3482, #4534 ) ;
#588 = CARTESIAN_POINT ( 'NONE',  ( 1.979898987322333603, 0.6999999999999997335, -25.35000000000000497 ) ) ;
#589 = ORIENTED_EDGE ( 'NONE', *, *, #5679, .T. ) ;
#590 = CARTESIAN_POINT ( 'NONE',  ( -1.872832080032804658, 0.9499999999999997335, -25.35000000000000497 ) ) ;
#591 = CARTESIAN_POINT ( 'NONE',  ( 5.084688196152153949, -3.050830003774882559, -21.96350248008070949 ) ) ;
#592 = CARTESIAN_POINT ( 'NONE',  ( 5.917275395656887760, 2.304617330449088453, -3.089976191583692370E-15 ) ) ;
#593 = CARTESIAN_POINT ( 'NONE',  ( 4.713855710941730059, -2.891763259629738236, -4.119968255444933415E-15 ) ) ;
#594 = CARTESIAN_POINT ( 'NONE',  ( -6.334385225660197349, -2.542438618232678138, -22.78652357430993547 ) ) ;
#595 = FILL_AREA_STYLE_COLOUR ( '', #3215 ) ;
#596 = ORIENTED_EDGE ( 'NONE', *, *, #67, .T. ) ;
#597 =( NAMED_UNIT ( * ) PLANE_ANGLE_UNIT ( ) SI_UNIT ( $, .RADIAN. ) );
#598 = CARTESIAN_POINT ( 'NONE',  ( 3.171865818593636366, -0.9602199513616606064, -25.10438160621796300 ) ) ;
#599 = VERTEX_POINT ( 'NONE', #8237 ) ;
#600 = CARTESIAN_POINT ( 'NONE',  ( -0.4935925377115144563, 3.302902538008610556, -23.63944922509399760 ) ) ;
#601 = FACE_OUTER_BOUND ( 'NONE', #7469, .T. ) ;
#602 = CARTESIAN_POINT ( 'NONE',  ( 1.962091086028564968, 2.701014989807233757, -23.69437990712905417 ) ) ;
#603 = CARTESIAN_POINT ( 'NONE',  ( -1.861642404832318798, -3.310010245961622743, -23.21005533523129927 ) ) ;
#604 = PRESENTATION_STYLE_ASSIGNMENT (( #4924 ) ) ;
#605 = AXIS2_PLACEMENT_3D ( 'NONE', #8972, #2391, #7419 ) ;
#606 = CARTESIAN_POINT ( 'NONE',  ( -6.050000000000004263, 1.400739683024801563, -0.2500000000000015543 ) ) ;
#607 = CARTESIAN_POINT ( 'NONE',  ( -3.227987692823387711, -0.7499955811313215870, -25.15565212299075881 ) ) ;
#608 = CARTESIAN_POINT ( 'NONE',  ( 0.6824099689997699114, -3.267773326137045409, -23.67409050300944173 ) ) ;
#609 = CARTESIAN_POINT ( 'NONE',  ( 5.052691498763437039, 2.953862332817743575, -20.85272001113171214 ) ) ;
#610 = CARTESIAN_POINT ( 'NONE',  ( -0.4146723793418589654, 3.314993094967854770, -23.62272085114096143 ) ) ;
#611 = ORIENTED_EDGE ( 'NONE', *, *, #2928, .F. ) ;
#612 =( NAMED_UNIT ( * ) SI_UNIT ( $, .STERADIAN. ) SOLID_ANGLE_UNIT ( ) );
#613 = PRESENTATION_LAYER_ASSIGNMENT (  '', '', ( #8500 ) ) ;
#614 = EDGE_CURVE ( 'NONE', #3732, #815, #6705, .T. ) ;
#615 =( NAMED_UNIT ( * ) SI_UNIT ( $, .STERADIAN. ) SOLID_ANGLE_UNIT ( ) );
#616 = FACE_OUTER_BOUND ( 'NONE', #7289, .T. ) ;
#617 = ORIENTED_EDGE ( 'NONE', *, *, #2087, .F. ) ;
#618 = FACE_OUTER_BOUND ( 'NONE', #6617, .T. ) ;
#619 = CARTESIAN_POINT ( 'NONE',  ( 5.210625238660474778, 3.035723021756047579, -22.93606804207785288 ) ) ;
#620 = CARTESIAN_POINT ( 'NONE',  ( 2.912274948409522946, -0.9499999999999995115, -25.35000000000000497 ) ) ;
#621 = EDGE_CURVE ( 'NONE', #7184, #9003, #3828, .T. ) ;
#622 = EDGE_CURVE ( 'NONE', #2254, #4137, #8156, .T. ) ;
#623 = STYLED_ITEM ( 'NONE', ( #2627 ), #5904 ) ;
#624 =( NAMED_UNIT ( * ) SI_UNIT ( $, .STERADIAN. ) SOLID_ANGLE_UNIT ( ) );
#625 = CARTESIAN_POINT ( 'NONE',  ( -0.09973890347302183379, -3.350009742775982069, -23.47083507813200143 ) ) ;
#626 = CARTESIAN_POINT ( 'NONE',  ( 3.144239910926306614, -0.8923931553374732095, -27.85436314551301962 ) ) ;
#627 = CARTESIAN_POINT ( 'NONE',  ( -1.882173618142512606, -4.573542576979122920, -25.35000000000000142 ) ) ;
#628 = EDGE_LOOP ( 'NONE', ( #6163, #7643, #5837, #6016 ) ) ;
#629 = MECHANICAL_DESIGN_GEOMETRIC_PRESENTATION_REPRESENTATION (  '', ( #4115 ), #4411 ) ;
#630 = CARTESIAN_POINT ( 'NONE',  ( 4.713855710941725619, 2.891763259629740013, -12.26906492721187902 ) ) ;
#631 = ORIENTED_EDGE ( 'NONE', *, *, #3897, .T. ) ;
#632 = CARTESIAN_POINT ( 'NONE',  ( 4.860818397582953310, -2.875357931054805416, -20.22822021129186254 ) ) ;
#633 = PRESENTATION_STYLE_ASSIGNMENT (( #6519 ) ) ;
#634 = UNCERTAINTY_MEASURE_WITH_UNIT (LENGTH_MEASURE( 1.000000000000000082E-05 ), #1447, 'distance_accuracy_value', 'NONE');
#635 = STYLED_ITEM ( 'NONE', ( #690 ), #6901 ) ;
#636 = COLOUR_RGB ( '',0.2509803921568627416, 0.2509803921568627416, 0.2509803921568627416 ) ;
#637 = CARTESIAN_POINT ( 'NONE',  ( 3.203937384120291387, -0.4876087726119903154, -29.25436289842508231 ) ) ;
#638 = FILL_AREA_STYLE ('',( #7856 ) ) ;
#639 = EDGE_LOOP ( 'NONE', ( #5219, #4008, #7952, #2613 ) ) ;
#640 = SURFACE_STYLE_FILL_AREA ( #4105 ) ;
#641 = CARTESIAN_POINT ( 'NONE',  ( -3.000988996857737234, -3.260760346415243482, -23.41034611585054037 ) ) ;
#642 = EDGE_LOOP ( 'NONE', ( #281, #8777, #4767, #4777, #2765, #5401, #4549 ) ) ;
#643 = CARTESIAN_POINT ( 'NONE',  ( 6.336694315820962764, -1.734560671706349533, -21.29355452656772840 ) ) ;
#644 =( GEOMETRIC_REPRESENTATION_CONTEXT ( 3 ) GLOBAL_UNCERTAINTY_ASSIGNED_CONTEXT ( ( #5788 ) ) GLOBAL_UNIT_ASSIGNED_CONTEXT ( ( #4022, #429, #2409 ) ) REPRESENTATION_CONTEXT ( 'NONE', 'WORKASPACE' ) );
#645 = CARTESIAN_POINT ( 'NONE',  ( 2.965592591092356400, -0.9966524939202078270, -29.50000000000000000 ) ) ;
#646 = CARTESIAN_POINT ( 'NONE',  ( 5.247507304507446513, 2.539475639168478072, -3.144186300207964436E-15 ) ) ;
#647 = EDGE_CURVE ( 'NONE', #1680, #3123, #114, .T. ) ;
#648 =( LENGTH_UNIT ( ) NAMED_UNIT ( * ) SI_UNIT ( .MILLI., .METRE. ) );
#649 = CARTESIAN_POINT ( 'NONE',  ( 3.268484527109242421, 0.4868243463363506329, -25.60436319814958850 ) ) ;
#650 = AXIS2_PLACEMENT_3D ( 'NONE', #3071, #5199, #1693 ) ;
#651 = CARTESIAN_POINT ( 'NONE',  ( -3.503114553280967325, -0.7082388987084093923, -23.35758187361134475 ) ) ;
#652 = CARTESIAN_POINT ( 'NONE',  ( -3.023593509155264147, -0.6999999999999995115, -25.53360123883778243 ) ) ;
#653 = CARTESIAN_POINT ( 'NONE',  ( 0.7658948099601342596, -3.249046221748632224, -23.68803070787168608 ) ) ;
#654 = CARTESIAN_POINT ( 'NONE',  ( 0.4526504719362187124, 3.330727717529581966, -23.53171147683543651 ) ) ;
#655 = ORIENTED_EDGE ( 'NONE', *, *, #6080, .T. ) ;
#656 = CARTESIAN_POINT ( 'NONE',  ( 3.201553547669421018, 0.4876384123614456723, -29.38912265357129527 ) ) ;
#657 = LINE ( 'NONE', #3557, #1698 ) ;
#658 = PRESENTATION_STYLE_ASSIGNMENT (( #8633 ) ) ;
#659 = FILL_AREA_STYLE_COLOUR ( '', #2379 ) ;
#660 = UNCERTAINTY_MEASURE_WITH_UNIT (LENGTH_MEASURE( 1.000000000000000082E-05 ), #5915, 'distance_accuracy_value', 'NONE');
#661 = STYLED_ITEM ( 'NONE', ( #8427 ), #1191 ) ;
#662 = B_SPLINE_CURVE_WITH_KNOTS ( 'NONE', 3,
 ( #2712, #1992, #3341, #1193, #4801, #8550, #4177, #4936, #535, #2754 ),
 .UNSPECIFIED., .F., .F.,
 ( 4, 2, 2, 2, 4 ),
 ( 0.0000000000000000000, 0.2500000000000000000, 0.5000000000000000000, 0.7500000000000000000, 1.000000000000000000 ),
 .UNSPECIFIED. ) ;
#663 = ORIENTED_EDGE ( 'NONE', *, *, #1625, .T. ) ;
#664 = CARTESIAN_POINT ( 'NONE',  ( -6.050000000000007816, -2.744927974232791890, -5.662645351020884732 ) ) ;
#665 = CARTESIAN_POINT ( 'NONE',  ( -1.872832080032804658, -0.9499999999999998446, -28.10000000000000497 ) ) ;
#666 = PRESENTATION_STYLE_ASSIGNMENT (( #6597 ) ) ;
#667 = MECHANICAL_DESIGN_GEOMETRIC_PRESENTATION_REPRESENTATION (  '', ( #8695 ), #3856 ) ;
#668 = DIRECTION ( 'NONE',  ( 0.0000000000000000000, -0.0000000000000000000, 1.000000000000000000 ) ) ;
#669 = CARTESIAN_POINT ( 'NONE',  ( 3.216396546245678056, -0.5483893032930100553, -28.08895497933253438 ) ) ;
#670 = CARTESIAN_POINT ( 'NONE',  ( 3.149912906151238534, 1.027518800200482918, -25.10436310160577023 ) ) ;
#671 = ORIENTED_EDGE ( 'NONE', *, *, #6263, .F. ) ;
#672 = EDGE_CURVE ( 'NONE', #4408, #4930, #2605, .T. ) ;
#673 = CARTESIAN_POINT ( 'NONE',  ( -1.279002806385804103, 3.206160996100532845, -23.51942546254695543 ) ) ;
#674 = EDGE_CURVE ( 'NONE', #4837, #7013, #458, .T. ) ;
#675 = CARTESIAN_POINT ( 'NONE',  ( -6.519762889482353607, -1.546441044280906896, -22.75810311586026913 ) ) ;
#676 = SURFACE_STYLE_USAGE ( .BOTH. , #7705 ) ;
#677 = CARTESIAN_POINT ( 'NONE',  ( 2.826775610078678724, -0.9499999999999995115, -29.50000000000000355 ) ) ;
#678 =( BOUNDED_CURVE ( )  B_SPLINE_CURVE ( 2, ( #988, #4987, #3380 ),
 .UNSPECIFIED., .F., .F. ) 
 B_SPLINE_CURVE_WITH_KNOTS ( ( 3, 3 ),
 ( 0.0000000000000000000, 1.000000000000000000 ),
 .UNSPECIFIED. ) 
 CURVE ( )  GEOMETRIC_REPRESENTATION_ITEM ( )  RATIONAL_B_SPLINE_CURVE ( ( 1.000000000000000000, 1.514946580168846202, 1.000022535367686149 ) ) 
 REPRESENTATION_ITEM ( '' )  );
#679 = CARTESIAN_POINT ( 'NONE',  ( 3.100385616021496205, 3.796877320783219238E-16, -31.50000000000000000 ) ) ;
#680 = DIRECTION ( 'NONE',  ( -0.0000000000000000000, -0.0000000000000000000, -1.000000000000000000 ) ) ;
#681 = CARTESIAN_POINT ( 'NONE',  ( 6.563173287081419893, -2.870607684945978288, -23.10538629665137833 ) ) ;
#682 = SURFACE_SIDE_STYLE ('',( #9309 ) ) ;
#683 = ORIENTED_EDGE ( 'NONE', *, *, #4319, .T. ) ;
#684 = ADVANCED_FACE ( 'NONE', ( #3805 ), #2919, .T. ) ;
#685 = CARTESIAN_POINT ( 'NONE',  ( -4.101475264544061083, -2.921058879540056719, -23.31917559112066840 ) ) ;
#686 = ORIENTED_EDGE ( 'NONE', *, *, #9375, .T. ) ;
#687 = CARTESIAN_POINT ( 'NONE',  ( -6.059204088937525157, -1.698815963105216209, -19.12849554567163679 ) ) ;
#688 = CARTESIAN_POINT ( 'NONE',  ( -2.925000000000000266, -4.238084680662899344E-17, 0.0000000000000000000 ) ) ;
#689 =( NAMED_UNIT ( * ) PLANE_ANGLE_UNIT ( ) SI_UNIT ( $, .RADIAN. ) );
#690 = PRESENTATION_STYLE_ASSIGNMENT (( #5641 ) ) ;
#691 = CARTESIAN_POINT ( 'NONE',  ( 5.471614542947080828, 2.440964227592419711, -3.089976191583687637E-15 ) ) ;
#692 = VECTOR ( 'NONE', #6933, 1000.000000000000114 ) ;
#693 =( GEOMETRIC_REPRESENTATION_CONTEXT ( 3 ) GLOBAL_UNCERTAINTY_ASSIGNED_CONTEXT ( ( #2550 ) ) GLOBAL_UNIT_ASSIGNED_CONTEXT ( ( #7255, #4394, #3679 ) ) REPRESENTATION_CONTEXT ( 'NONE', 'WORKASPACE' ) );
#694 = UNCERTAINTY_MEASURE_WITH_UNIT (LENGTH_MEASURE( 1.000000000000000082E-05 ), #7214, 'distance_accuracy_value', 'NONE');
#695 = DIRECTION ( 'NONE',  ( 0.04314216907130577483, 0.0000000000000000000, -0.9990689431905203088 ) ) ;
#696 = CARTESIAN_POINT ( 'NONE',  ( -3.143451000515071314, 1.138828546879973258, -23.61395595799303138 ) ) ;
#697 = PRESENTATION_LAYER_ASSIGNMENT (  '', '', ( #8300 ) ) ;
#698 = SURFACE_SIDE_STYLE ('',( #2840 ) ) ;
#699 = VERTEX_POINT ( 'NONE', #448 ) ;
#700 = FILL_AREA_STYLE ('',( #3640 ) ) ;
#701 =( BOUNDED_SURFACE ( )  B_SPLINE_SURFACE ( 3, 2, ( 
 ( #2509, #141, #8944 ),
 ( #3935, #4592, #5918 ),
 ( #8315, #6135, #8802 ),
 ( #2311, #3074, #3782 ) ),
 .UNSPECIFIED., .F., .F., .T. ) 
 B_SPLINE_SURFACE_WITH_KNOTS ( ( 4, 4 ),
 ( 3, 3 ),
 ( 0.0000000000000000000, 0.0006360195993505347346 ),
 ( 0.0000000000000000000, 1.000000000000000000 ),
 .UNSPECIFIED. ) 
 GEOMETRIC_REPRESENTATION_ITEM ( )  RATIONAL_B_SPLINE_SURFACE ( (
 ( 1.000000000000000000, 0.7077614747841314280, 1.000000000000000000),
 ( 1.000000000000000000, 0.7719438097321713599, 1.000000000000000000),
 ( 1.000000000000000000, 0.8239129627383041665, 1.000000000000000000),
 ( 1.000000000000000000, 0.8660886143547066318, 1.000000000000000000) ) ) 
 REPRESENTATION_ITEM ( '' )  SURFACE ( )  );
#702 = PRESENTATION_LAYER_ASSIGNMENT (  '', '', ( #3141 ) ) ;
#703 = AXIS2_PLACEMENT_3D ( 'NONE', #1535, #3097, #8781 ) ;
#704 = CARTESIAN_POINT ( 'NONE',  ( 6.514761913214087485, -1.886761241403923872, -22.75909685491236090 ) ) ;
#705 = CARTESIAN_POINT ( 'NONE',  ( 1.768476342693171111, -4.308629038710201975, -26.75000000000000355 ) ) ;
#706 = SURFACE_SIDE_STYLE ('',( #7215 ) ) ;
#707 = CARTESIAN_POINT ( 'NONE',  ( -0.4421406167160139011, -3.312287096960740751, -23.57718148476506670 ) ) ;
#708 = CARTESIAN_POINT ( 'NONE',  ( 2.219249719567920831, -2.504554258580871995, -23.44337524648249627 ) ) ;
#709 = VERTEX_POINT ( 'NONE', #6283 ) ;
#710 = DIRECTION ( 'NONE',  ( -0.0000000000000000000, -0.0000000000000000000, -1.000000000000000000 ) ) ;
#711 = STYLED_ITEM ( 'NONE', ( #802 ), #9189 ) ;
#712 = COLOUR_RGB ( '',0.2509803921568627416, 0.2509803921568627416, 0.2509803921568627416 ) ;
#713 = CARTESIAN_POINT ( 'NONE',  ( 0.0000000000000000000, 0.0000000000000000000, -29.50000000000000355 ) ) ;
#714 = COLOUR_RGB ( '',0.2509803921568627416, 0.2509803921568627416, 0.2509803921568627416 ) ;
#715 = PLANE ( 'NONE',  #4605 ) ;
#716 = CARTESIAN_POINT ( 'NONE',  ( 3.063751019710968748, 1.029640788730452172, -29.60355339059327662 ) ) ;
#717 = CARTESIAN_POINT ( 'NONE',  ( -1.979898987322333603, 0.6999999999999996225, -29.25000000000000000 ) ) ;
#718 = CARTESIAN_POINT ( 'NONE',  ( -1.850906908581640753, -3.060240854081325956, -23.21005533523129927 ) ) ;
#719 = DIRECTION ( 'NONE',  ( 0.0000000000000000000, 0.0000000000000000000, 1.000000000000000000 ) ) ;
#720 = ORIENTED_EDGE ( 'NONE', *, *, #4202, .F. ) ;
#721 =( NAMED_UNIT ( * ) PLANE_ANGLE_UNIT ( ) SI_UNIT ( $, .RADIAN. ) );
#722 = CARTESIAN_POINT ( 'NONE',  ( 2.861741315536924457, -0.9499999999999959588, -27.85000000000000497 ) ) ;
#723 = PRESENTATION_STYLE_ASSIGNMENT (( #7231 ) ) ;
#724 = DIRECTION ( 'NONE',  ( -0.9698885295549705132, 0.02753297007862304593, -0.2419879662221796068 ) ) ;
#725 = UNCERTAINTY_MEASURE_WITH_UNIT (LENGTH_MEASURE( 1.000000000000000082E-05 ), #1077, 'distance_accuracy_value', 'NONE');
#726 = EDGE_CURVE ( 'NONE', #9284, #1310, #3248, .T. ) ;
#727 = B_SPLINE_CURVE_WITH_KNOTS ( 'NONE', 3,
 ( #6386, #9260, #2937, #8080, #2421, #4506 ),
 .UNSPECIFIED., .F., .F.,
 ( 4, 2, 4 ),
 ( 0.0000000000000000000, 0.0002044486849903297352, 0.0004088973699806594704 ),
 .UNSPECIFIED. ) ;
#728 = FILL_AREA_STYLE_COLOUR ( '', #5562 ) ;
#729 = CARTESIAN_POINT ( 'NONE',  ( -6.509773389624329276, 1.546429764236930904, -22.88901382553040520 ) ) ;
#730 = ORIENTED_EDGE ( 'NONE', *, *, #5515, .F. ) ;
#731 = FILL_AREA_STYLE ('',( #224 ) ) ;
#732 = CARTESIAN_POINT ( 'NONE',  ( 3.149912906151219882, -1.027518800200476035, -25.10436310160695328 ) ) ;
#733 = ORIENTED_EDGE ( 'NONE', *, *, #2137, .T. ) ;
#734 = LINE ( 'NONE', #2296, #2177 ) ;
#735 = SURFACE_SIDE_STYLE ('',( #4666 ) ) ;
#736 = SURFACE_SIDE_STYLE ('',( #4967 ) ) ;
#737 = CARTESIAN_POINT ( 'NONE',  ( -3.160126336933064106, 0.8908690498675801983, -27.00436307381838930 ) ) ;
#738 = CARTESIAN_POINT ( 'NONE',  ( 5.800000016939865333, 1.563505304132808860, -4.336808689942009847E-15 ) ) ;
#739 = STYLED_ITEM ( 'NONE', ( #828 ), #4442 ) ;
#740 = ADVANCED_FACE ( 'NONE', ( #1194 ), #5544, .T. ) ;
#741 = EDGE_CURVE ( 'NONE', #6914, #4573, #2922, .T. ) ;
#742 = CARTESIAN_POINT ( 'NONE',  ( 3.118945652137671498, -1.029759226823860008, -26.75000000000000355 ) ) ;
#743 = LINE ( 'NONE', #3632, #7144 ) ;
#744 = UNCERTAINTY_MEASURE_WITH_UNIT (LENGTH_MEASURE( 1.000000000000000082E-05 ), #8448, 'distance_accuracy_value', 'NONE');
#745 = CARTESIAN_POINT ( 'NONE',  ( -3.568965807072877361, -0.1753808838404944670, -23.35215950717477895 ) ) ;
#746 =( NAMED_UNIT ( * ) SI_UNIT ( $, .STERADIAN. ) SOLID_ANGLE_UNIT ( ) );
#747 = CIRCLE ( 'NONE', #6975, 0.2500000000000037192 ) ;
#748 = SURFACE_STYLE_USAGE ( .BOTH. , #698 ) ;
#749 = PLANE ( 'NONE',  #5944 ) ;
#750 = FILL_AREA_STYLE ('',( #795 ) ) ;
#751 = VERTEX_POINT ( 'NONE', #7835 ) ;
#752 = CARTESIAN_POINT ( 'NONE',  ( -6.106013773779109144, 2.736621280183198834, -19.44811019024305310 ) ) ;
#753 = CARTESIAN_POINT ( 'NONE',  ( -6.314629397193539440, 2.889830559466771476, -21.11703517754824944 ) ) ;
#754 = STYLED_ITEM ( 'NONE', ( #7250 ), #3039 ) ;
#755 = CARTESIAN_POINT ( 'NONE',  ( 5.377121631658849488, -3.015565359413821866, -22.91587406989600950 ) ) ;
#756 = DIRECTION ( 'NONE',  ( -0.3150593542896191201, 0.9490719694915703553, -0.0000000000000000000 ) ) ;
#757 = SURFACE_SIDE_STYLE ('',( #8074 ) ) ;
#758 = CARTESIAN_POINT ( 'NONE',  ( 2.672817137175004021, -2.007459377520400157, -23.65056409890790690 ) ) ;
#759 = ORIENTED_EDGE ( 'NONE', *, *, #5246, .T. ) ;
#760 = PRESENTATION_STYLE_ASSIGNMENT (( #748 ) ) ;
#761 =( NAMED_UNIT ( * ) PLANE_ANGLE_UNIT ( ) SI_UNIT ( $, .RADIAN. ) );
#762 = ORIENTED_EDGE ( 'NONE', *, *, #4855, .T. ) ;
#763 =( BOUNDED_SURFACE ( )  B_SPLINE_SURFACE ( 2, 3, ( 
 ( #8438, #1936, #4831, #1224 ),
 ( #4113, #117, #3100, #8094 ),
 ( #6706, #2998, #8145, #7372 ) ),
 .UNSPECIFIED., .F., .F., .F. ) 
 B_SPLINE_SURFACE_WITH_KNOTS ( ( 3, 3 ),
 ( 4, 4 ),
 ( 0.0000000000000000000, 1.000000000000000000 ),
 ( 1.457913947503815866, 1.460687952380122834 ),
 .UNSPECIFIED. ) 
 GEOMETRIC_REPRESENTATION_ITEM ( )  RATIONAL_B_SPLINE_SURFACE ( (
 ( 1.000000000000000000, 1.000000000000000000, 1.000000000000000000, 1.000000000000000000),
 ( 1.491155899116284322, 1.490544502060682230, 1.489932632847582816, 1.489320292087567887),
 ( 1.000000000000000000, 1.000000000000000000, 1.000000000000000000, 1.000000000000000000) ) ) 
 REPRESENTATION_ITEM ( '' )  SURFACE ( )  );
#764 = CARTESIAN_POINT ( 'NONE',  ( 3.000988996865671332, -3.260760346415358057, -23.41034611585016378 ) ) ;
#765 = ADVANCED_FACE ( 'NONE', ( #4896 ), #6502, .T. ) ;
#766 = CARTESIAN_POINT ( 'NONE',  ( -5.864801306505318834, -2.411131113827887251, -0.2499999999999963085 ) ) ;
#767 = SURFACE_STYLE_FILL_AREA ( #8084 ) ;
#768 = CARTESIAN_POINT ( 'NONE',  ( 3.219856694775999006, 0.4874122644155988726, -28.35436310160932294 ) ) ;
#769 =( LENGTH_UNIT ( ) NAMED_UNIT ( * ) SI_UNIT ( .MILLI., .METRE. ) );
#770 = EDGE_LOOP ( 'NONE', ( #935, #1541, #1595, #8415 ) ) ;
#771 = CARTESIAN_POINT ( 'NONE',  ( -6.314629397193493254, -2.889830559465982773, -21.11703517754823878 ) ) ;
#772 = CARTESIAN_POINT ( 'NONE',  ( 2.975056042905190878, 0.6999999999999995115, -28.28356587419166246 ) ) ;
#773 = CARTESIAN_POINT ( 'NONE',  ( 6.316880344890968502, -1.545372342530291654, -21.13504275912776720 ) ) ;
#774 =( NAMED_UNIT ( * ) SI_UNIT ( $, .STERADIAN. ) SOLID_ANGLE_UNIT ( ) );
#775 = MECHANICAL_DESIGN_GEOMETRIC_PRESENTATION_REPRESENTATION (  '', ( #3652 ), #6106 ) ;
#776 = SURFACE_SIDE_STYLE ('',( #9356 ) ) ;
#777 = MECHANICAL_DESIGN_GEOMETRIC_PRESENTATION_REPRESENTATION (  '', ( #1695 ), #5490 ) ;
#778 = CARTESIAN_POINT ( 'NONE',  ( 6.488345274931623941, -2.882135770454172352, -22.50676219946973333 ) ) ;
#779 = ORIENTED_EDGE ( 'NONE', *, *, #2301, .F. ) ;
#780 = B_SPLINE_CURVE_WITH_KNOTS ( 'NONE', 3,
 ( #268, #3247, #6852, #5377, #5278, #6197 ),
 .UNSPECIFIED., .F., .F.,
 ( 4, 2, 4 ),
 ( 0.0000000000000000000, 0.0002044486849903297352, 0.0004088973699806594704 ),
 .UNSPECIFIED. ) ;
#781 = CARTESIAN_POINT ( 'NONE',  ( -5.669776881348369990, -2.705310632344452682, -23.12590463405986085 ) ) ;
#782 = ORIENTED_EDGE ( 'NONE', *, *, #6806, .T. ) ;
#783 = SURFACE_STYLE_USAGE ( .BOTH. , #7291 ) ;
#784 = PRESENTATION_STYLE_ASSIGNMENT (( #5012 ) ) ;
#785 = CARTESIAN_POINT ( 'NONE',  ( -0.2065405356506959111, 3.349633491046306144, -23.49438403204330683 ) ) ;
#786 = CARTESIAN_POINT ( 'NONE',  ( 4.821170601922184495, 2.879852575700569961, -19.92206324540908824 ) ) ;
#787 = SURFACE_STYLE_USAGE ( .BOTH. , #4392 ) ;
#788 = MECHANICAL_DESIGN_GEOMETRIC_PRESENTATION_REPRESENTATION (  '', ( #7310 ), #7163 ) ;
#789 = FACE_OUTER_BOUND ( 'NONE', #7777, .T. ) ;
#790 = FILL_AREA_STYLE_COLOUR ( '', #9319 ) ;
#791 = SURFACE_STYLE_USAGE ( .BOTH. , #2309 ) ;
#792 = EDGE_CURVE ( 'NONE', #6565, #1707, #5888, .T. ) ;
#793 = SURFACE_SIDE_STYLE ('',( #34 ) ) ;
#794 = ADVANCED_FACE ( 'NONE', ( #7256 ), #9343, .T. ) ;
#795 = FILL_AREA_STYLE_COLOUR ( '', #1288 ) ;
#796 = ORIENTED_EDGE ( 'NONE', *, *, #8224, .T. ) ;
#797 = CARTESIAN_POINT ( 'NONE',  ( -3.035766082959412415E-15, 40.00249999999994088, 63.29051063606328142 ) ) ;
#798 = PRESENTATION_LAYER_ASSIGNMENT (  '', '', ( #4894 ) ) ;
#799 = CARTESIAN_POINT ( 'NONE',  ( 5.804269808915586637, -2.918631932586946309, -22.86030025203023186 ) ) ;
#800 =( NAMED_UNIT ( * ) PLANE_ANGLE_UNIT ( ) SI_UNIT ( $, .RADIAN. ) );
#801 = FACE_OUTER_BOUND ( 'NONE', #3176, .T. ) ;
#802 = PRESENTATION_STYLE_ASSIGNMENT (( #5030 ) ) ;
#803 = CARTESIAN_POINT ( 'NONE',  ( 2.224061279782545864, -2.494758372450973205, -23.67997005731761817 ) ) ;
#804 = ORIENTED_EDGE ( 'NONE', *, *, #3520, .T. ) ;
#805 = CARTESIAN_POINT ( 'NONE',  ( -2.956820923034310766, -0.6999999999999996225, -29.25000000000003197 ) ) ;
#806 =( GEOMETRIC_REPRESENTATION_CONTEXT ( 3 ) GLOBAL_UNCERTAINTY_ASSIGNED_CONTEXT ( ( #1901 ) ) GLOBAL_UNIT_ASSIGNED_CONTEXT ( ( #404, #9015, #7565 ) ) REPRESENTATION_CONTEXT ( 'NONE', 'WORKASPACE' ) );
#807 = FILL_AREA_STYLE_COLOUR ( '', #6436 ) ;
#808 = EDGE_LOOP ( 'NONE', ( #532, #9358, #6302, #1257 ) ) ;
#809 = CARTESIAN_POINT ( 'NONE',  ( 1.279002806407622650, -3.206160996096236726, -23.51942546254382904 ) ) ;
#810 = DIRECTION ( 'NONE',  ( -0.0000000000000000000, 0.0000000000000000000, 1.000000000000000000 ) ) ;
#811 = CARTESIAN_POINT ( 'NONE',  ( -1.697772117165319727, 3.349851502203068598, -20.85272001113171214 ) ) ;
#812 = COLOUR_RGB ( '',0.2509803921568627416, 0.2509803921568627416, 0.2509803921568627416 ) ;
#813 = CARTESIAN_POINT ( 'NONE',  ( -4.993047265035968074, -2.960834823798374593, -20.85271663322431834 ) ) ;
#814 =( NAMED_UNIT ( * ) PLANE_ANGLE_UNIT ( ) SI_UNIT ( $, .RADIAN. ) );
#815 = VERTEX_POINT ( 'NONE', #4882 ) ;
#816 = CARTESIAN_POINT ( 'NONE',  ( -5.014841564334761692, -3.058975456037609231, -21.26437149633547463 ) ) ;
#817 =( BOUNDED_SURFACE ( )  B_SPLINE_SURFACE ( 2, 3, ( 
 ( #8626, #2882, #9372, #7968 ),
 ( #3596, #33, #6539, #2131 ),
 ( #2925, #5822, #8014, #5069 ) ),
 .UNSPECIFIED., .F., .F., .T. ) 
 B_SPLINE_SURFACE_WITH_KNOTS ( ( 3, 3 ),
 ( 4, 4 ),
 ( 0.0000000000000000000, 1.000000000000000000 ),
 ( 4.828484473046520620, 4.833881353352545318 ),
 .UNSPECIFIED. ) 
 GEOMETRIC_REPRESENTATION_ITEM ( )  RATIONAL_B_SPLINE_SURFACE ( (
 ( 1.000000000000000000, 1.000000000000000000, 1.000000000000000000, 1.000000000000000000),
 ( 1.493278530499287715, 1.494465885743992750, 1.495651451177922864, 1.496835222325187953),
 ( 1.000000000000000000, 1.000000000000000000, 1.000000000000000000, 1.000000000000000000) ) ) 
 REPRESENTATION_ITEM ( '' )  SURFACE ( )  );
#818 = EDGE_CURVE ( 'NONE', #8075, #5362, #4131, .T. ) ;
#819 = DIRECTION ( 'NONE',  ( 0.0000000000000000000, 1.000000000000000000, -0.0000000000000000000 ) ) ;
#820 =( LENGTH_UNIT ( ) NAMED_UNIT ( * ) SI_UNIT ( .MILLI., .METRE. ) );
#821 = CARTESIAN_POINT ( 'NONE',  ( -5.501006971750319607, 2.860165899650374932, -20.82106536141557385 ) ) ;
#822 = AXIS2_PLACEMENT_3D ( 'NONE', #7695, #7085, #5703 ) ;
#823 = CARTESIAN_POINT ( 'NONE',  ( -2.912274948409522501, 0.9499999999999995115, -25.35000000000000853 ) ) ;
#824 =( NAMED_UNIT ( * ) PLANE_ANGLE_UNIT ( ) SI_UNIT ( $, .RADIAN. ) );
#825 = CARTESIAN_POINT ( 'NONE',  ( -3.149912906151564052, 1.027518800200588833, -25.10436310160932649 ) ) ;
#826 = CARTESIAN_POINT ( 'NONE',  ( -0.5050773180816998664, 3.347077939073588304, -23.43216512699006060 ) ) ;
#827 = SURFACE_STYLE_FILL_AREA ( #6391 ) ;
#828 = PRESENTATION_STYLE_ASSIGNMENT (( #2865 ) ) ;
#829 = VERTEX_POINT ( 'NONE', #4204 ) ;
#830 = CARTESIAN_POINT ( 'NONE',  ( -3.270759796015097809, 0.4882550577172529160, -25.46336026306492073 ) ) ;
#831 = CIRCLE ( 'NONE', #2336, 2.100000000000000089 ) ;
#832 = ORIENTED_EDGE ( 'NONE', *, *, #3470, .T. ) ;
#833 =( LENGTH_UNIT ( ) NAMED_UNIT ( * ) SI_UNIT ( .MILLI., .METRE. ) );
#834 = DIRECTION ( 'NONE',  ( -0.9981490824568877152, 0.04290207719931136282, -0.04310244729081558895 ) ) ;
#835 =( NAMED_UNIT ( * ) SI_UNIT ( $, .STERADIAN. ) SOLID_ANGLE_UNIT ( ) );
#836 = DIRECTION ( 'NONE',  ( -0.0000000000000000000, -0.0000000000000000000, -1.000000000000000000 ) ) ;
#837 = CARTESIAN_POINT ( 'NONE',  ( 4.713855710941729171, -2.891763259629740013, -18.87548450340290174 ) ) ;
#838 = STYLED_ITEM ( 'NONE', ( #2008 ), #7593 ) ;
#839 = CARTESIAN_POINT ( 'NONE',  ( 2.925000000000000711, 1.224999999999999201, 6.599999999999999645 ) ) ;
#840 = CARTESIAN_POINT ( 'NONE',  ( -1.979898987322333603, -0.6999999999999997335, -28.10000000000000497 ) ) ;
#841 = UNCERTAINTY_MEASURE_WITH_UNIT (LENGTH_MEASURE( 1.000000000000000082E-05 ), #8662, 'distance_accuracy_value', 'NONE');
#842 = PRESENTATION_STYLE_ASSIGNMENT (( #8841 ) ) ;
#843 = DIRECTION ( 'NONE',  ( -0.01764487228148346395, -4.357065908270339363E-14, 0.9998443171225058768 ) ) ;
#844 = SURFACE_STYLE_USAGE ( .BOTH. , #1505 ) ;
#845 = VERTEX_POINT ( 'NONE', #5739 ) ;
#846 = CARTESIAN_POINT ( 'NONE',  ( -6.065444240656108654, -1.397679964033983646, -19.12355392525030595 ) ) ;
#847 = PRESENTATION_STYLE_ASSIGNMENT (( #5258 ) ) ;
#848 = B_SPLINE_CURVE_WITH_KNOTS ( 'NONE', 3,
 ( #2054, #8423, #3528, #6427, #8605, #7792 ),
 .UNSPECIFIED., .F., .F.,
 ( 4, 2, 4 ),
 ( 0.0000000000000000000, 0.0002044750616301802308, 0.0004089501232603602989 ),
 .UNSPECIFIED. ) ;
#849 = ADVANCED_FACE ( 'NONE', ( #3549 ), #2130, .F. ) ;
#850 = FILL_AREA_STYLE ('',( #248 ) ) ;
#851 = DIRECTION ( 'NONE',  ( -1.000000000000000000, 0.0000000000000000000, -0.0000000000000000000 ) ) ;
#852 = VECTOR ( 'NONE', #4878, 1000.000000000000000 ) ;
#853 =( GEOMETRIC_REPRESENTATION_CONTEXT ( 3 ) GLOBAL_UNCERTAINTY_ASSIGNED_CONTEXT ( ( #4343 ) ) GLOBAL_UNIT_ASSIGNED_CONTEXT ( ( #4488, #889, #4682 ) ) REPRESENTATION_CONTEXT ( 'NONE', 'WORKASPACE' ) );
#854 = SURFACE_STYLE_FILL_AREA ( #5168 ) ;
#855 = CARTESIAN_POINT ( 'NONE',  ( 5.377118804125474050, -3.015565701869094450, -22.91587386998676479 ) ) ;
#856 = CARTESIAN_POINT ( 'NONE',  ( -6.308239556175614382, -1.546474879900061605, -23.03642561252743093 ) ) ;
#857 = ORIENTED_EDGE ( 'NONE', *, *, #6782, .F. ) ;
#858 = PRESENTATION_STYLE_ASSIGNMENT (( #4458 ) ) ;
#859 =( LENGTH_UNIT ( ) NAMED_UNIT ( * ) SI_UNIT ( .MILLI., .METRE. ) );
#860 = ORIENTED_EDGE ( 'NONE', *, *, #3867, .F. ) ;
#861 = EDGE_CURVE ( 'NONE', #351, #3388, #8816, .T. ) ;
#862 = ADVANCED_FACE ( 'NONE', ( #890 ), #4441, .T. ) ;
#863 = CARTESIAN_POINT ( 'NONE',  ( 2.925000000000000266, -1.225000000000000089, 0.0000000000000000000 ) ) ;
#864 = CARTESIAN_POINT ( 'NONE',  ( -3.276049450176239830, 0.6999999999999995115, -25.60000000000000497 ) ) ;
#865 = STYLED_ITEM ( 'NONE', ( #359 ), #9013 ) ;
#866 = SURFACE_STYLE_FILL_AREA ( #5320 ) ;
#867 = CARTESIAN_POINT ( 'NONE',  ( 1.265088804137949330, 3.331551573991615722, -23.44939137582546707 ) ) ;
#868 = EDGE_LOOP ( 'NONE', ( #8382, #3696, #6474, #586 ) ) ;
#869 = MECHANICAL_DESIGN_GEOMETRIC_PRESENTATION_REPRESENTATION (  '', ( #7087 ), #9187 ) ;
#870 =( NAMED_UNIT ( * ) SI_UNIT ( $, .STERADIAN. ) SOLID_ANGLE_UNIT ( ) );
#871 = CARTESIAN_POINT ( 'NONE',  ( 5.678524885021227320, 2.702975111895315141, -23.12474427874289518 ) ) ;
#872 = B_SPLINE_CURVE_WITH_KNOTS ( 'NONE', 3,
 ( #732, #598, #3498, #2069, #9266, #4963, #7860, #1356 ),
 .UNSPECIFIED., .F., .F.,
 ( 4, 2, 2, 4 ),
 ( 0.0000000000000000000, 0.2499999999999998890, 0.4999999999999997780, 1.000000000000000000 ),
 .UNSPECIFIED. ) ;
#873 = FILL_AREA_STYLE ('',( #8779 ) ) ;
#874 = CARTESIAN_POINT ( 'NONE',  ( -6.310816666662447894, 1.701094315010653224, -21.08653333329961654 ) ) ;
#875 = MECHANICAL_DESIGN_GEOMETRIC_PRESENTATION_REPRESENTATION (  '', ( #3309 ), #5723 ) ;
#876 =( BOUNDED_SURFACE ( )  B_SPLINE_SURFACE ( 3, 2, ( 
 ( #5090, #7889, #6512 ),
 ( #2105, #6556, #1292 ),
 ( #3654, #7986, #5753 ),
 ( #7942, #54, #768 ) ),
 .UNSPECIFIED., .F., .F., .T. ) 
 B_SPLINE_SURFACE_WITH_KNOTS ( ( 4, 4 ),
 ( 3, 3 ),
 ( 0.0000000000000000000, 0.0009001402534121746108 ),
 ( 0.0000000000000000000, 1.000000000000000000 ),
 .UNSPECIFIED. ) 
 GEOMETRIC_REPRESENTATION_ITEM ( )  RATIONAL_B_SPLINE_SURFACE ( (
 ( 1.000000000000000000, 0.7584309759676206575, 1.000000000000000000),
 ( 1.000000000000000000, 0.7583441562058509389, 1.000000000000000000),
 ( 1.000000000000000000, 0.7582577775424765854, 1.000000000000000000),
 ( 1.000000000000000000, 0.7581718333143204758, 1.000000000000000000) ) ) 
 REPRESENTATION_ITEM ( '' )  SURFACE ( )  );
#877 =( LENGTH_UNIT ( ) NAMED_UNIT ( * ) SI_UNIT ( .MILLI., .METRE. ) );
#878 = ORIENTED_EDGE ( 'NONE', *, *, #1175, .F. ) ;
#879 = CARTESIAN_POINT ( 'NONE',  ( 1.647584942765441873, -3.319210785163600796, -23.21924558605510569 ) ) ;
#880 = EDGE_LOOP ( 'NONE', ( #2451, #2340, #4183, #8366 ) ) ;
#881 = CARTESIAN_POINT ( 'NONE',  ( -3.252572331385708004, 0.4870147112774182996, -26.50436310160932507 ) ) ;
#882 = CARTESIAN_POINT ( 'NONE',  ( 0.4162231985268268208, 3.348123411492345269, -23.44294899361641527 ) ) ;
#883 = SURFACE_SIDE_STYLE ('',( #8657 ) ) ;
#884 = ADVANCED_FACE ( 'NONE', ( #4395 ), #1287, .T. ) ;
#885 = STYLED_ITEM ( 'NONE', ( #8674 ), #4373 ) ;
#886 =( LENGTH_UNIT ( ) NAMED_UNIT ( * ) SI_UNIT ( .MILLI., .METRE. ) );
#887 = CARTESIAN_POINT ( 'NONE',  ( 0.2128281299526252335, -3.342860240042535569, -23.52262531633845200 ) ) ;
#888 = SURFACE_STYLE_USAGE ( .BOTH. , #1594 ) ;
#889 =( NAMED_UNIT ( * ) PLANE_ANGLE_UNIT ( ) SI_UNIT ( $, .RADIAN. ) );
#890 = FACE_OUTER_BOUND ( 'NONE', #6795, .T. ) ;
#891 = DIRECTION ( 'NONE',  ( 0.0000000000000000000, -1.000000000000000000, 0.0000000000000000000 ) ) ;
#892 = CARTESIAN_POINT ( 'NONE',  ( -1.755541667288231356, 4.282270775395512707, -28.10000000000000497 ) ) ;
#893 = ORIENTED_EDGE ( 'NONE', *, *, #7999, .F. ) ;
#894 = DIRECTION ( 'NONE',  ( 0.0000000000000000000, 0.0000000000000000000, 1.000000000000000000 ) ) ;
#895 = CARTESIAN_POINT ( 'NONE',  ( 1.969729866933062956, 0.7299567491647972473, -25.46413136093460494 ) ) ;
#896 = MECHANICAL_DESIGN_GEOMETRIC_PRESENTATION_REPRESENTATION (  '', ( #312 ), #8335 ) ;
#897 = SURFACE_STYLE_USAGE ( .BOTH. , #8214 ) ;
#898 = CARTESIAN_POINT ( 'NONE',  ( -6.431695787202504455, -1.546463601360342555, -22.99174847724968984 ) ) ;
#899 = DIRECTION ( 'NONE',  ( 0.0000000000000000000, 0.0000000000000000000, 1.000000000000000000 ) ) ;
#900 = CARTESIAN_POINT ( 'NONE',  ( 1.237036603517808198, 3.104182335376878932, -23.48235989797552747 ) ) ;
#901 = ORIENTED_EDGE ( 'NONE', *, *, #481, .T. ) ;
#902 = DIRECTION ( 'NONE',  ( -0.01765117317953538573, 4.692768490297518461E-14, 0.9998442059067934595 ) ) ;
#903 = VERTEX_POINT ( 'NONE', #1079 ) ;
#904 = EDGE_CURVE ( 'NONE', #3029, #5431, #294, .T. ) ;
#905 = CARTESIAN_POINT ( 'NONE',  ( 6.282893559523481386, -2.003653940425737190, -23.04016338798435015 ) ) ;
#906 = CARTESIAN_POINT ( 'NONE',  ( -5.081678923886832067, 3.051138586820093757, -21.47721981097154753 ) ) ;
#907 = CARTESIAN_POINT ( 'NONE',  ( 1.979898987322333603, -0.6999999999999997335, -28.10000000000000497 ) ) ;
#908 = PRESENTATION_STYLE_ASSIGNMENT (( #103 ) ) ;
#909 = ORIENTED_EDGE ( 'NONE', *, *, #621, .T. ) ;
#910 = CARTESIAN_POINT ( 'NONE',  ( -3.156460480799663681, 0.8952689044002950514, -26.99284700257537040 ) ) ;
#911 = CARTESIAN_POINT ( 'NONE',  ( 5.305515276600154095, 2.776129174244581055, -23.17271307231408528 ) ) ;
#912 = CARTESIAN_POINT ( 'NONE',  ( 2.402091371796500230, -2.319755613582760834, -23.66843826787164673 ) ) ;
#913 = CARTESIAN_POINT ( 'NONE',  ( -6.112475060614586120, 2.476000936402608321, -20.86616969099951291 ) ) ;
#914 = ADVANCED_FACE ( 'NONE', ( #7631 ), #5498, .F. ) ;
#915 = EDGE_CURVE ( 'NONE', #3210, #9031, #3929, .T. ) ;
#916 = COLOUR_RGB ( '',0.2509803921568627416, 0.2509803921568627416, 0.2509803921568627416 ) ;
#917 = FILL_AREA_STYLE_COLOUR ( '', #3266 ) ;
#918 = FILL_AREA_STYLE_COLOUR ( '', #4850 ) ;
#919 = SURFACE_STYLE_FILL_AREA ( #8095 ) ;
#920 = EDGE_LOOP ( 'NONE', ( #2120, #9052 ) ) ;
#921 = CARTESIAN_POINT ( 'NONE',  ( -6.184950062614104738, -2.360763683527515866, -23.05446279901908824 ) ) ;
#922 = EDGE_LOOP ( 'NONE', ( #4256, #8322, #6759, #1235 ) ) ;
#923 = CARTESIAN_POINT ( 'NONE',  ( 0.07425893887938192495, 3.339451664035141487, -23.56764546921446879 ) ) ;
#924 = CARTESIAN_POINT ( 'NONE',  ( 2.861741315536935115, -0.9499999999999994005, -28.10000000000000497 ) ) ;
#925 = CARTESIAN_POINT ( 'NONE',  ( -0.09973890348184717702, 3.350009742775956756, -23.47083507813148984 ) ) ;
#926 = SURFACE_STYLE_USAGE ( .BOTH. , #2347 ) ;
#927 = LINE ( 'NONE', #8704, #5908 ) ;
#928 = LINE ( 'NONE', #3724, #7534 ) ;
#929 = COLOUR_RGB ( '',0.7529411764705882248, 0.7529411764705882248, 0.7529411764705882248 ) ;
#930 =( NAMED_UNIT ( * ) SI_UNIT ( $, .STERADIAN. ) SOLID_ANGLE_UNIT ( ) );
#931 = PRESENTATION_STYLE_ASSIGNMENT (( #7431 ) ) ;
#932 = UNCERTAINTY_MEASURE_WITH_UNIT (LENGTH_MEASURE( 1.000000000000000082E-05 ), #2104, 'distance_accuracy_value', 'NONE');
#933 = DIRECTION ( 'NONE',  ( 1.672957273954557963E-16, -1.000000000000000000, 0.0000000000000000000 ) ) ;
#934 = STYLED_ITEM ( 'NONE', ( #7453 ), #6021 ) ;
#935 = ORIENTED_EDGE ( 'NONE', *, *, #4092, .F. ) ;
#936 = CARTESIAN_POINT ( 'NONE',  ( -3.254617180495652740, -0.6058023720918708221, -25.28486960772138659 ) ) ;
#937 = CARTESIAN_POINT ( 'NONE',  ( 3.205608552439441095, 0.6067685013814991812, -28.03460633024599957 ) ) ;
#938 = PRESENTATION_STYLE_ASSIGNMENT (( #2360 ) ) ;
#939 = LINE ( 'NONE', #7588, #7735 ) ;
#940 = SURFACE_STYLE_USAGE ( .BOTH. , #7438 ) ;
#941 = AXIS2_PLACEMENT_3D ( 'NONE', #3368, #4206, #6362 ) ;
#942 = CARTESIAN_POINT ( 'NONE',  ( -2.912274948409522501, 0.9499999999999995115, -25.35000000000000853 ) ) ;
#943 = CARTESIAN_POINT ( 'NONE',  ( 2.861741315536934227, 0.9499999999999997335, -28.10000000000000497 ) ) ;
#944 = CARTESIAN_POINT ( 'NONE',  ( 1.058526312264209013, -3.337567545748799880, -23.46719934278355524 ) ) ;
#945 = CARTESIAN_POINT ( 'NONE',  ( 3.568677644722213493, -0.3610740471657652995, -23.35218342115417300 ) ) ;
#946 = CARTESIAN_POINT ( 'NONE',  ( -3.002989136015711047, -0.6999999999999996225, -26.56733985315533175 ) ) ;
#947 = CARTESIAN_POINT ( 'NONE',  ( -6.065444246572639031, -1.397760580596318913, -19.12355397258112788 ) ) ;
#948 = VERTEX_POINT ( 'NONE', #337 ) ;
#949 = STYLED_ITEM ( 'NONE', ( #8812 ), #6981 ) ;
#950 = LINE ( 'NONE', #8129, #4887 ) ;
#951 = STYLED_ITEM ( 'NONE', ( #5941 ), #684 ) ;
#952 =( NAMED_UNIT ( * ) PLANE_ANGLE_UNIT ( ) SI_UNIT ( $, .RADIAN. ) );
#953 = DIRECTION ( 'NONE',  ( 0.01765117317953538226, -1.834240217092188694E-14, -0.9998442059067933485 ) ) ;
#954 = CARTESIAN_POINT ( 'NONE',  ( -3.185912832180785248, 0.7102737608210077935, -27.94461152179454189 ) ) ;
#955 =( NAMED_UNIT ( * ) SI_UNIT ( $, .STERADIAN. ) SOLID_ANGLE_UNIT ( ) );
#956 = FACE_OUTER_BOUND ( 'NONE', #7244, .T. ) ;
#957 = ORIENTED_EDGE ( 'NONE', *, *, #378, .F. ) ;
#958 = CARTESIAN_POINT ( 'NONE',  ( 6.055148810859217079, -1.399752460615913519, -19.04119048687374871 ) ) ;
#959 = CARTESIAN_POINT ( 'NONE',  ( -2.984394458113841964, -0.8216974570748958318, -25.37564451671842036 ) ) ;
#960 = CARTESIAN_POINT ( 'NONE',  ( 3.094903922266729612, 1.027401991294851102, -28.09999999999999787 ) ) ;
#961 = SURFACE_STYLE_FILL_AREA ( #164 ) ;
#962 = CARTESIAN_POINT ( 'NONE',  ( 4.097260284273529507, 3.170517849258087217, -23.07071706525699994 ) ) ;
#963 = SURFACE_STYLE_FILL_AREA ( #8782 ) ;
#964 = CARTESIAN_POINT ( 'NONE',  ( -2.925000000000000266, -4.238084680662899344E-17, 6.599999999999999645 ) ) ;
#965 = EDGE_CURVE ( 'NONE', #1957, #5680, #8395, .T. ) ;
#966 = ADVANCED_FACE ( 'NONE', ( #3272 ), #6219, .F. ) ;
#967 = SURFACE_SIDE_STYLE ('',( #919 ) ) ;
#968 = ORIENTED_EDGE ( 'NONE', *, *, #2928, .T. ) ;
#969 = CARTESIAN_POINT ( 'NONE',  ( -5.917273628474634783, -2.304623341042869811, -0.2500000000000012768 ) ) ;
#970 = VECTOR ( 'NONE', #9286, 1000.000000000000227 ) ;
#971 = CARTESIAN_POINT ( 'NONE',  ( -6.265626204253608833, -2.110638378982852892, -23.04270130819045548 ) ) ;
#972 = ORIENTED_EDGE ( 'NONE', *, *, #2993, .T. ) ;
#973 = CARTESIAN_POINT ( 'NONE',  ( 3.015955676327442436, -0.6999999999999996225, -25.90000000535682290 ) ) ;
#974 = CARTESIAN_POINT ( 'NONE',  ( 4.883789598329824067, 2.873088412116953982, -0.2499999999999798495 ) ) ;
#975 =( LENGTH_UNIT ( ) NAMED_UNIT ( * ) SI_UNIT ( .MILLI., .METRE. ) );
#976 = AXIS2_PLACEMENT_3D ( 'NONE', #9315, #2828, #9270 ) ;
#977 = EDGE_CURVE ( 'NONE', #4719, #3085, #6793, .T. ) ;
#978 = LINE ( 'NONE', #839, #5259 ) ;
#979 = SURFACE_STYLE_FILL_AREA ( #3870 ) ;
#980 = COLOUR_RGB ( '',0.2509803921568627416, 0.2509803921568627416, 0.2509803921568627416 ) ;
#981 = CARTESIAN_POINT ( 'NONE',  ( -0.1252269999419808322, -3.345209349116708974, -23.51855648252523423 ) ) ;
#982 = VERTEX_POINT ( 'NONE', #4965 ) ;
#983 = CARTESIAN_POINT ( 'NONE',  ( 6.323227782603948022, 1.561437385389131682, -21.18582226083159270 ) ) ;
#984 = CARTESIAN_POINT ( 'NONE',  ( 1.675003155475045080, 3.113848058034021538, -23.46788425806134981 ) ) ;
#985 = FILL_AREA_STYLE ('',( #5964 ) ) ;
#986 = COLOUR_RGB ( '',0.2509803921568627416, 0.2509803921568627416, 0.2509803921568627416 ) ;
#987 = B_SPLINE_CURVE_WITH_KNOTS ( 'NONE', 3,
 ( #7218, #2978, #149, #5927, #8855, #4308 ),
 .UNSPECIFIED., .F., .F.,
 ( 4, 2, 4 ),
 ( 0.0000000000000000000, 0.4999999999999999445, 1.000000000000000000 ),
 .UNSPECIFIED. ) ;
#988 = CARTESIAN_POINT ( 'NONE',  ( 6.316880380456845856, 1.545372432545164987, -21.13504304365478248 ) ) ;
#989 = SURFACE_SIDE_STYLE ('',( #6679 ) ) ;
#990 = DIRECTION ( 'NONE',  ( 1.000000000000000000, -1.672957273954558210E-16, 0.0000000000000000000 ) ) ;
#991 = CARTESIAN_POINT ( 'NONE',  ( 2.877370061222676245, 0.9499999999999996225, -26.75000000000000355 ) ) ;
#992 = CARTESIAN_POINT ( 'NONE',  ( 2.998813866467186617, 0.9955033872826838381, -28.10000000000000497 ) ) ;
#993 = DIRECTION ( 'NONE',  ( -0.0000000000000000000, -1.000000000000000000, -0.0000000000000000000 ) ) ;
#994 = DIRECTION ( 'NONE',  ( -0.9998441683048793216, 0.0000000000000000000, -0.01765330299757788407 ) ) ;
#995 = CARTESIAN_POINT ( 'NONE',  ( 5.021694169433441601, -3.058176305876201706, -21.47721983866968998 ) ) ;
#996 = PRESENTATION_LAYER_ASSIGNMENT (  '', '', ( #9307 ) ) ;
#997 = SURFACE_STYLE_USAGE ( .BOTH. , #7504 ) ;
#998 = ORIENTED_EDGE ( 'NONE', *, *, #7810, .T. ) ;
#999 = FILL_AREA_STYLE_COLOUR ( '', #3747 ) ;
#1000 = CARTESIAN_POINT ( 'NONE',  ( -6.144306646160795360, -2.731094615806323400, -19.75445316928960082 ) ) ;
#1001 = VERTEX_POINT ( 'NONE', #3584 ) ;
#1002 = CARTESIAN_POINT ( 'NONE',  ( 6.146722996647966397, -2.426847425145807424, -23.05998401661001651 ) ) ;
#1003 =( GEOMETRIC_REPRESENTATION_CONTEXT ( 3 ) GLOBAL_UNCERTAINTY_ASSIGNED_CONTEXT ( ( #9077 ) ) GLOBAL_UNIT_ASSIGNED_CONTEXT ( ( #434, #5560, #8403 ) ) REPRESENTATION_CONTEXT ( 'NONE', 'WORKASPACE' ) );
#1004 = CARTESIAN_POINT ( 'NONE',  ( -4.702543834651004673, 2.788829561755110209, -2.258077030698973602E-16 ) ) ;
#1005 = DIRECTION ( 'NONE',  ( 0.0000000000000000000, 1.000000000000000000, 0.0000000000000000000 ) ) ;
#1006 =( LENGTH_UNIT ( ) NAMED_UNIT ( * ) SI_UNIT ( .MILLI., .METRE. ) );
#1007 = CARTESIAN_POINT ( 'NONE',  ( 0.5321279244124333951, -3.298809569318351009, -23.58691295412197775 ) ) ;
#1008 = ORIENTED_EDGE ( 'NONE', *, *, #5863, .T. ) ;
#1009 = SURFACE_SIDE_STYLE ('',( #5226 ) ) ;
#1010 = CARTESIAN_POINT ( 'NONE',  ( -6.338793502159009385, 2.904576307138830416, -21.31034801727208716 ) ) ;
#1011 = CARTESIAN_POINT ( 'NONE',  ( -5.529547445916216830, 2.743658015650673132, -23.14454210768287368 ) ) ;
#1012 = VECTOR ( 'NONE', #8301, 1000.000000000000227 ) ;
#1013 =( LENGTH_UNIT ( ) NAMED_UNIT ( * ) SI_UNIT ( .MILLI., .METRE. ) );
#1014 =( BOUNDED_SURFACE ( )  B_SPLINE_SURFACE ( 3, 3, ( 
 ( #6065, #8934, #1738, #3216 ),
 ( #4313, #5661, #6552, #716 ),
 ( #6644, #6797, #154, #1710 ),
 ( #3194, #3031, #6694, #5986 ) ),
 .UNSPECIFIED., .F., .F., .T. ) 
 B_SPLINE_SURFACE_WITH_KNOTS ( ( 4, 4 ),
 ( 4, 4 ),
 ( 0.0000000000000000000, 1.000000000000000000 ),
 ( 0.0000000000000000000, 1.000000000000000000 ),
 .UNSPECIFIED. ) 
 GEOMETRIC_REPRESENTATION_ITEM ( )  RATIONAL_B_SPLINE_SURFACE ( (
 ( 1.000000000000000000, 0.5457087699478756493, 0.5457087699478756493, 1.000000000000000000),
 ( 0.8047378541243654926, 0.4391525045047005027, 0.4391525045047005027, 0.8047378541243654926),
 ( 0.8047378541243654926, 0.4391525045047005027, 0.4391525045047005027, 0.8047378541243654926),
 ( 1.000000000000000000, 0.5457087699478756493, 0.5457087699478756493, 1.000000000000000000) ) ) 
 REPRESENTATION_ITEM ( '' )  SURFACE ( )  );
#1015 =( GEOMETRIC_REPRESENTATION_CONTEXT ( 3 ) GLOBAL_UNCERTAINTY_ASSIGNED_CONTEXT ( ( #5852 ) ) GLOBAL_UNIT_ASSIGNED_CONTEXT ( ( #4178, #2142, #1995 ) ) REPRESENTATION_CONTEXT ( 'NONE', 'WORKASPACE' ) );
#1016 = CARTESIAN_POINT ( 'NONE',  ( 3.171623530768502786, -0.6999999999999995115, -29.25379256652107074 ) ) ;
#1017 = CARTESIAN_POINT ( 'NONE',  ( -2.912274948409522057, 0.9499999999999994005, -25.35000000000000497 ) ) ;
#1018 = ORIENTED_EDGE ( 'NONE', *, *, #8203, .T. ) ;
#1019 = CARTESIAN_POINT ( 'NONE',  ( -5.688419972120940749, -2.201535222751743515, -5.095750210681870840E-15 ) ) ;
#1020 = PLANE ( 'NONE',  #4806 ) ;
#1021 = VERTEX_POINT ( 'NONE', #2827 ) ;
#1022 = DIRECTION ( 'NONE',  ( 1.000000000000000000, 0.0000000000000000000, 0.0000000000000000000 ) ) ;
#1023 = COLOUR_RGB ( '',0.2509803921568627416, 0.2509803921568627416, 0.2509803921568627416 ) ;
#1024 = CARTESIAN_POINT ( 'NONE',  ( 1.265088804140397150, 3.331551573991550441, -23.44939137582643696 ) ) ;
#1025 = VECTOR ( 'NONE', #3529, 1000.000000000000000 ) ;
#1026 = EDGE_CURVE ( 'NONE', #2254, #3388, #6547, .T. ) ;
#1027 = FACE_OUTER_BOUND ( 'NONE', #2138, .T. ) ;
#1028 = SURFACE_SIDE_STYLE ('',( #233 ) ) ;
#1029 = AXIS2_PLACEMENT_3D ( 'NONE', #5360, #5308, #3885 ) ;
#1030 = UNCERTAINTY_MEASURE_WITH_UNIT (LENGTH_MEASURE( 1.000000000000000082E-05 ), #6924, 'distance_accuracy_value', 'NONE');
#1031 = MECHANICAL_DESIGN_GEOMETRIC_PRESENTATION_REPRESENTATION (  '', ( #5126 ), #7558 ) ;
#1032 = CARTESIAN_POINT ( 'NONE',  ( -0.4320253207874145129, -3.312652339328289397, -23.62632111410918867 ) ) ;
#1033 = ORIENTED_EDGE ( 'NONE', *, *, #6264, .F. ) ;
#1034 = CARTESIAN_POINT ( 'NONE',  ( 6.519762868643873333, -1.546441045543816006, -22.75810294915242693 ) ) ;
#1035 = DIRECTION ( 'NONE',  ( -1.000000000000000000, 0.0000000000000000000, 0.0000000000000000000 ) ) ;
#1036 =( LENGTH_UNIT ( ) NAMED_UNIT ( * ) SI_UNIT ( .MILLI., .METRE. ) );
#1037 = DIRECTION ( 'NONE',  ( -0.9922778767136676281, 0.0000000000000000000, -0.1240347345892085923 ) ) ;
#1038 = CARTESIAN_POINT ( 'NONE',  ( 6.112475060614535494, -2.476000936402676267, -20.86616969099950225 ) ) ;
#1039 = CARTESIAN_POINT ( 'NONE',  ( 5.840238413093804759, 2.912953061888690520, -23.10312264397024151 ) ) ;
#1040 = ORIENTED_EDGE ( 'NONE', *, *, #3049, .T. ) ;
#1041 = EDGE_CURVE ( 'NONE', #49, #1729, #217, .T. ) ;
#1042 = EDGE_CURVE ( 'NONE', #4235, #7857, #4509, .T. ) ;
#1043 = CARTESIAN_POINT ( 'NONE',  ( 3.219856693096561084, 0.4874122644376497338, -28.35436319653966564 ) ) ;
#1044 = B_SPLINE_CURVE_WITH_KNOTS ( 'NONE', 3,
 ( #5037, #8682, #8773, #2325 ),
 .UNSPECIFIED., .F., .F.,
 ( 4, 4 ),
 ( 0.0000000000000000000, 1.000000000000000000 ),
 .UNSPECIFIED. ) ;
#1045 = CARTESIAN_POINT ( 'NONE',  ( -2.956820874848935965, -0.6999999999999995115, -29.24999999914924231 ) ) ;
#1046 = CARTESIAN_POINT ( 'NONE',  ( 1.904079279032715899, 0.8883992034755759937, -25.35000000000000853 ) ) ;
#1047 = DIRECTION ( 'NONE',  ( 0.0000000000000000000, 0.0000000000000000000, -1.000000000000000000 ) ) ;
#1048 = FILL_AREA_STYLE_COLOUR ( '', #3457 ) ;
#1049 = CARTESIAN_POINT ( 'NONE',  ( 0.4219241528826022658, -3.348073123098719517, -23.49017892404370400 ) ) ;
#1050 = CARTESIAN_POINT ( 'NONE',  ( 2.570757019381404884, 2.136466941815753806, -23.65775564607896797 ) ) ;
#1051 = ORIENTED_EDGE ( 'NONE', *, *, #6263, .T. ) ;
#1052 = CARTESIAN_POINT ( 'NONE',  ( -4.860818397582969297, -2.875357931054808969, -20.22822021129200110 ) ) ;
#1053 = VERTEX_POINT ( 'NONE', #4335 ) ;
#1054 = CARTESIAN_POINT ( 'NONE',  ( -3.199092939237250466, 0.5041006880668547074, -29.39239251386961982 ) ) ;
#1055 = STYLED_ITEM ( 'NONE', ( #9311 ), #4966 ) ;
#1056 = CARTESIAN_POINT ( 'NONE',  ( -1.577579022422546329, 3.236423702677465819, -0.2500000000000002220 ) ) ;
#1057 = DIRECTION ( 'NONE',  ( -1.000000000000000000, 1.672957273954558210E-16, 0.0000000000000000000 ) ) ;
#1058 = CARTESIAN_POINT ( 'NONE',  ( -3.173542262181549223, 0.7671852260406524238, -27.91199343329263627 ) ) ;
#1059 = FILL_AREA_STYLE ('',( #8414 ) ) ;
#1060 = ORIENTED_EDGE ( 'NONE', *, *, #3979, .F. ) ;
#1061 = AXIS2_PLACEMENT_3D ( 'NONE', #5846, #1431, #106 ) ;
#1062 = FILL_AREA_STYLE_COLOUR ( '', #2036 ) ;
#1063 = CARTESIAN_POINT ( 'NONE',  ( -5.947288828153420859, 2.601791193920004464, -23.08822216536637129 ) ) ;
#1064 = EDGE_CURVE ( 'NONE', #8248, #5891, #7245, .T. ) ;
#1065 = PRESENTATION_LAYER_ASSIGNMENT (  '', '', ( #2728 ) ) ;
#1066 = CARTESIAN_POINT ( 'NONE',  ( -3.021249962336046480, 0.6999999999999995115, -25.60000000000000497 ) ) ;
#1067 = SURFACE_SIDE_STYLE ('',( #545 ) ) ;
#1068 = FILL_AREA_STYLE ('',( #9115 ) ) ;
#1069 = ORIENTED_EDGE ( 'NONE', *, *, #7073, .F. ) ;
#1070 = CARTESIAN_POINT ( 'NONE',  ( -4.883785457762605198, -2.873088867143685832, -0.2500000000000247580 ) ) ;
#1071 = CARTESIAN_POINT ( 'NONE',  ( 2.956820874848932856, 0.6999999999999995115, -29.24999999914924231 ) ) ;
#1072 = VERTEX_POINT ( 'NONE', #4432 ) ;
#1073 = CARTESIAN_POINT ( 'NONE',  ( -6.206526449118591415, 2.313958396607682655, -23.05133279989420458 ) ) ;
#1074 = UNCERTAINTY_MEASURE_WITH_UNIT (LENGTH_MEASURE( 1.000000000000000082E-05 ), #3911, 'distance_accuracy_value', 'NONE');
#1075 = CARTESIAN_POINT ( 'NONE',  ( -3.339580216714199690, -0.3074690698451541526, -23.59694898451433431 ) ) ;
#1076 = EDGE_LOOP ( 'NONE', ( #6409, #7953, #3308, #2902 ) ) ;
#1077 =( LENGTH_UNIT ( ) NAMED_UNIT ( * ) SI_UNIT ( .MILLI., .METRE. ) );
#1078 = CARTESIAN_POINT ( 'NONE',  ( 1.872832080032804658, -0.9499999999999997335, -25.35000000000000497 ) ) ;
#1079 = CARTESIAN_POINT ( 'NONE',  ( -1.979898987322333603, 0.6999999999999996225, -26.50000000000000355 ) ) ;
#1080 = CARTESIAN_POINT ( 'NONE',  ( 5.531550149645688030, 2.743408197749550137, -23.14428812662721668 ) ) ;
#1081 = ORIENTED_EDGE ( 'NONE', *, *, #4213, .F. ) ;
#1082 = STYLED_ITEM ( 'NONE', ( #4735 ), #6251 ) ;
#1083 = CARTESIAN_POINT ( 'NONE',  ( 1.904079279032715899, 0.8883992034755759937, -28.09999999999999787 ) ) ;
#1084 = PLANE ( 'NONE',  #7824 ) ;
#1085 = CARTESIAN_POINT ( 'NONE',  ( 1.899604555597858901, 4.633681572372108981, -27.99876908820495558 ) ) ;
#1086 = CARTESIAN_POINT ( 'NONE',  ( -2.944519263455455338, 0.7282700004458753096, -29.38276129204714948 ) ) ;
#1087 = PRESENTATION_STYLE_ASSIGNMENT (( #7589 ) ) ;
#1088 = EDGE_CURVE ( 'NONE', #6963, #8336, #734, .T. ) ;
#1089 = ADVANCED_FACE ( 'NONE', ( #8700 ), #8443, .T. ) ;
#1090 = FILL_AREA_STYLE ('',( #5977 ) ) ;
#1091 = CARTESIAN_POINT ( 'NONE',  ( 3.359714542867141329, -1.222982383021053554, -23.36904466260401492 ) ) ;
#1092 = EDGE_LOOP ( 'NONE', ( #6455, #6650, #120, #8128 ) ) ;
#1093 = CARTESIAN_POINT ( 'NONE',  ( -0.3481344071607210267, -3.349434630264935375, -23.45334124710237234 ) ) ;
#1094 = CARTESIAN_POINT ( 'NONE',  ( -1.238763046337326923, 3.101869119457648427, -23.56856082005698383 ) ) ;
#1095 = ORIENTED_EDGE ( 'NONE', *, *, #7990, .T. ) ;
#1096 = CARTESIAN_POINT ( 'NONE',  ( 2.912274948409522057, 0.9499999999999998446, -25.35000000000000853 ) ) ;
#1097 = COLOUR_RGB ( '',0.2509803921568627416, 0.2509803921568627416, 0.2509803921568627416 ) ;
#1098 = CARTESIAN_POINT ( 'NONE',  ( 1.568439464908944592, 2.985923014984531498, -2.168404344971008868E-16 ) ) ;
#1099 = FACE_OUTER_BOUND ( 'NONE', #390, .T. ) ;
#1100 = PRESENTATION_STYLE_ASSIGNMENT (( #8278 ) ) ;
#1101 = CARTESIAN_POINT ( 'NONE',  ( -3.220691513254422045, -0.6999999999999996225, -26.50380041635316530 ) ) ;
#1102 = ORIENTED_EDGE ( 'NONE', *, *, #98, .T. ) ;
#1103 = SURFACE_SIDE_STYLE ('',( #4659 ) ) ;
#1104 = CARTESIAN_POINT ( 'NONE',  ( -1.861692365278875050, 3.060240853438395359, -23.45982059832397582 ) ) ;
#1105 = FILL_AREA_STYLE_COLOUR ( '', #2476 ) ;
#1106 = CARTESIAN_POINT ( 'NONE',  ( 6.055148810859235731, 1.399752460617414096, -19.04119048687389082 ) ) ;
#1107 = ADVANCED_FACE ( 'NONE', ( #2631 ), #2492, .F. ) ;
#1108 = CARTESIAN_POINT ( 'NONE',  ( -0.2083022827972985935, -3.342368676618529655, -23.52481286393678062 ) ) ;
#1109 = CARTESIAN_POINT ( 'NONE',  ( -5.053561957192715504, -2.849235491132516174, -0.2499999999999807654 ) ) ;
#1110 = SURFACE_SIDE_STYLE ('',( #4670 ) ) ;
#1111 = EDGE_LOOP ( 'NONE', ( #7454, #8181, #733, #3018, #2107, #4457 ) ) ;
#1112 = CARTESIAN_POINT ( 'NONE',  ( -6.128811898560060811, 2.450696577289130040, -23.06255540783010360 ) ) ;
#1113 = CARTESIAN_POINT ( 'NONE',  ( -3.096580924982416327, -1.027958698699275697, -27.99876908820495558 ) ) ;
#1114 = CARTESIAN_POINT ( 'NONE',  ( -1.872388150728020006, 3.309548376258904856, -23.45936070531320894 ) ) ;
#1115 = CARTESIAN_POINT ( 'NONE',  ( 5.470356499468945088, -2.444872419920698370, -3.144186300207962859E-15 ) ) ;
#1116 = UNCERTAINTY_MEASURE_WITH_UNIT (LENGTH_MEASURE( 1.000000000000000082E-05 ), #2871, 'distance_accuracy_value', 'NONE');
#1117 = AXIS2_PLACEMENT_3D ( 'NONE', #7564, #1818, #1719 ) ;
#1118 = B_SPLINE_CURVE_WITH_KNOTS ( 'NONE', 3,
 ( #5354, #8115, #3878, #6783, #300, #6680, #2359, #2510, #8894, #2312, #3019, #7547, #3832, #1597 ),
 .UNSPECIFIED., .F., .F.,
 ( 4, 2, 2, 2, 2, 2, 4 ),
 ( 0.0000000000000000000, 0.1249999999999999722, 0.2499999999999999445, 0.5000000000000001110, 0.7500000000000002220, 0.8750000000000002220, 1.000000000000000000 ),
 .UNSPECIFIED. ) ;
#1119 = UNCERTAINTY_MEASURE_WITH_UNIT (LENGTH_MEASURE( 1.000000000000000082E-05 ), #8136, 'distance_accuracy_value', 'NONE');
#1120 =( NAMED_UNIT ( * ) SI_UNIT ( $, .STERADIAN. ) SOLID_ANGLE_UNIT ( ) );
#1121 = CARTESIAN_POINT ( 'NONE',  ( -1.230185108622112056, 3.332542411984833919, -23.30938451862035876 ) ) ;
#1122 = VERTEX_POINT ( 'NONE', #8197 ) ;
#1123 = CARTESIAN_POINT ( 'NONE',  ( 6.509773238069287871, -1.546452322043488259, -22.88901413244638761 ) ) ;
#1124 = CARTESIAN_POINT ( 'NONE',  ( -3.205919556120569336, -6.411839112241141336, -31.25436310159558673 ) ) ;
#1125 = CARTESIAN_POINT ( 'NONE',  ( 3.226043172828052530, 0.6999999999999508837, -26.20376792832808732 ) ) ;
#1126 =( BOUNDED_SURFACE ( )  B_SPLINE_SURFACE ( 3, 2, ( 
 ( #8862, #867, #3750 ),
 ( #6649, #8133, #3035 ),
 ( #1615, #4513, #8889 ),
 ( #3678, #8207, #7389 ) ),
 .UNSPECIFIED., .F., .F., .T. ) 
 B_SPLINE_SURFACE_WITH_KNOTS ( ( 4, 4 ),
 ( 3, 3 ),
 ( -4.336808689942017736E-18, 0.0006360195993690551846 ),
 ( 0.0000000000000000000, 1.000000000000000000 ),
 .UNSPECIFIED. ) 
 GEOMETRIC_REPRESENTATION_ITEM ( )  RATIONAL_B_SPLINE_SURFACE ( (
 ( 1.000000000000000000, 0.8660886143547074090, 1.000000000000000000),
 ( 1.000000000000000000, 0.8239129627364838448, 1.000000000000000000),
 ( 1.000000000000000000, 0.7719438097302867563, 1.000000000000000000),
 ( 1.000000000000000000, 0.7077614747775463622, 1.000000000000000000) ) ) 
 REPRESENTATION_ITEM ( '' )  SURFACE ( )  );
#1127 = SURFACE_STYLE_USAGE ( .BOTH. , #6874 ) ;
#1128 = SURFACE_SIDE_STYLE ('',( #7020 ) ) ;
#1129 = PRESENTATION_LAYER_ASSIGNMENT (  '', '', ( #8695 ) ) ;
#1130 = CARTESIAN_POINT ( 'NONE',  ( -4.821112373035535192, 2.879859095050024909, -19.92206313834063280 ) ) ;
#1131 = DIRECTION ( 'NONE',  ( -1.000000000000000000, 0.0000000000000000000, -0.0000000000000000000 ) ) ;
#1132 = CARTESIAN_POINT ( 'NONE',  ( 3.222131306172278720, -0.4888470413859222763, -28.21321580195215972 ) ) ;
#1133 = CARTESIAN_POINT ( 'NONE',  ( -1.872832080032804658, 0.9499999999999997335, -29.50000000000000355 ) ) ;
#1134 =( GEOMETRIC_REPRESENTATION_CONTEXT ( 3 ) GLOBAL_UNCERTAINTY_ASSIGNED_CONTEXT ( ( #2366 ) ) GLOBAL_UNIT_ASSIGNED_CONTEXT ( ( #3407, #6977, #4158 ) ) REPRESENTATION_CONTEXT ( 'NONE', 'WORKASPACE' ) );
#1135 = CARTESIAN_POINT ( 'NONE',  ( -5.758124369167398449, 1.969629899386108107, -1.463672932855430986E-15 ) ) ;
#1136 = DIRECTION ( 'NONE',  ( -1.000000000000000000, 0.0000000000000000000, 0.0000000000000000000 ) ) ;
#1137 = CARTESIAN_POINT ( 'NONE',  ( -0.6335553969305086630, -3.345373601278168518, -23.41573802244474223 ) ) ;
#1138 = CARTESIAN_POINT ( 'NONE',  ( -1.190089852212219190, 3.247877971711591538, -23.51697885122672815 ) ) ;
#1139 = CARTESIAN_POINT ( 'NONE',  ( -0.6329385736194671486, -3.277838694281372423, -23.66524704555309455 ) ) ;
#1140 = EDGE_LOOP ( 'NONE', ( #4428, #4797, #7592, #8409, #3717 ) ) ;
#1141 = PRESENTATION_STYLE_ASSIGNMENT (( #4171 ) ) ;
#1142 = EDGE_CURVE ( 'NONE', #2554, #8336, #8553, .T. ) ;
#1143 = CARTESIAN_POINT ( 'NONE',  ( -6.133639525485973465, 2.012368246400150884, -20.05688624213507509 ) ) ;
#1144 = CARTESIAN_POINT ( 'NONE',  ( -1.861692365278875050, 3.060240853438395359, -23.45982059832397582 ) ) ;
#1145 = UNCERTAINTY_MEASURE_WITH_UNIT (LENGTH_MEASURE( 1.000000000000000082E-05 ), #6936, 'distance_accuracy_value', 'NONE');
#1146 = CARTESIAN_POINT ( 'NONE',  ( -3.010661088397207141, -0.6999999999999996225, -26.20000000538517781 ) ) ;
#1147 = ORIENTED_EDGE ( 'NONE', *, *, #9367, .T. ) ;
#1148 = PRESENTATION_STYLE_ASSIGNMENT (( #8416 ) ) ;
#1149 = CARTESIAN_POINT ( 'NONE',  ( -5.925744738714835869, 2.884398838859242975, -23.09138272166157790 ) ) ;
#1150 = EDGE_CURVE ( 'NONE', #7057, #6005, #4454, .T. ) ;
#1151 = DIRECTION ( 'NONE',  ( 0.0000000000000000000, 1.000000000000000000, 0.0000000000000000000 ) ) ;
#1152 = EDGE_CURVE ( 'NONE', #6154, #4224, #6661, .T. ) ;
#1153 = CARTESIAN_POINT ( 'NONE',  ( 5.024984464453546629, -2.856747365075111844, -20.20742514612330254 ) ) ;
#1154 = DIRECTION ( 'NONE',  ( -0.0000000000000000000, -0.0000000000000000000, -1.000000000000000000 ) ) ;
#1155 = MECHANICAL_DESIGN_GEOMETRIC_PRESENTATION_REPRESENTATION (  '', ( #2073 ), #2531 ) ;
#1156 = ORIENTED_EDGE ( 'NONE', *, *, #5786, .T. ) ;
#1157 = CARTESIAN_POINT ( 'NONE',  ( 0.0000000000000000000, 0.0000000000000000000, -41.50000000000000000 ) ) ;
#1158 = ORIENTED_EDGE ( 'NONE', *, *, #7649, .T. ) ;
#1159 = CARTESIAN_POINT ( 'NONE',  ( 6.044824637365268316, 1.742498124211985688, 5.444149264310016239E-14 ) ) ;
#1160 =( LENGTH_UNIT ( ) NAMED_UNIT ( * ) SI_UNIT ( .MILLI., .METRE. ) );
#1161 = PRESENTATION_LAYER_ASSIGNMENT (  '', '', ( #865 ) ) ;
#1162 = COLOUR_RGB ( '',0.2509803921568627416, 0.2509803921568627416, 0.2509803921568627416 ) ;
#1163 = UNCERTAINTY_MEASURE_WITH_UNIT (LENGTH_MEASURE( 1.000000000000000082E-05 ), #8797, 'distance_accuracy_value', 'NONE');
#1164 = STYLED_ITEM ( 'NONE', ( #4757 ), #2447 ) ;
#1165 = CARTESIAN_POINT ( 'NONE',  ( -6.267735597937599046, -2.107896195056015998, -23.04239297690950039 ) ) ;
#1166 = ORIENTED_EDGE ( 'NONE', *, *, #9244, .T. ) ;
#1167 = FILL_AREA_STYLE_COLOUR ( '', #2713 ) ;
#1168 = CARTESIAN_POINT ( 'NONE',  ( -5.077787434770108632, -3.017749327468869147, -21.05469134363643136 ) ) ;
#1169 =( NAMED_UNIT ( * ) PLANE_ANGLE_UNIT ( ) SI_UNIT ( $, .RADIAN. ) );
#1170 = STYLED_ITEM ( 'NONE', ( #1590 ), #3354 ) ;
#1171 =( LENGTH_UNIT ( ) NAMED_UNIT ( * ) SI_UNIT ( .MILLI., .METRE. ) );
#1172 = VECTOR ( 'NONE', #8240, 1000.000000000000000 ) ;
#1173 = CARTESIAN_POINT ( 'NONE',  ( 5.210623188415937967, 3.035723269964010207, -22.93606826584245439 ) ) ;
#1174 =( NAMED_UNIT ( * ) PLANE_ANGLE_UNIT ( ) SI_UNIT ( $, .RADIAN. ) );
#1175 = EDGE_CURVE ( 'NONE', #8963, #6202, #2818, .T. ) ;
#1176 = CARTESIAN_POINT ( 'NONE',  ( 4.097326962479178825, -2.921555459634673557, -23.31967998529919583 ) ) ;
#1177 = VECTOR ( 'NONE', #7110, 1000.000000000000000 ) ;
#1178 = CARTESIAN_POINT ( 'NONE',  ( -3.067923538873095879, -1.031043055394240682, -29.49999999999999645 ) ) ;
#1179 = CARTESIAN_POINT ( 'NONE',  ( -1.589309410256830423E-16, 0.9500000000000000666, -28.10000000000000497 ) ) ;
#1180 = CARTESIAN_POINT ( 'NONE',  ( 0.0000000000000000000, 0.0000000000000000000, -29.75436310163104281 ) ) ;
#1181 =( BOUNDED_SURFACE ( )  B_SPLINE_SURFACE ( 3, 2, ( 
 ( #2063, #2593, #4958 ),
 ( #2012, #3356, #5491 ),
 ( #4143, #3447, #6256 ),
 ( #1165, #5592, #1254 ),
 ( #6213, #8390, #7750 ),
 ( #4016, #2776, #7106 ),
 ( #6919, #555, #6346 ),
 ( #4912, #7801, #594 ),
 ( #420, #3493, #9220 ),
 ( #5545, #5677, #7668 ),
 ( #1302, #6390, #1875 ),
 ( #2730, #3313, #8429 ),
 ( #507, #9080, #4774 ),
 ( #4064, #9125, #1923 ),
 ( #2635, #4819, #1212 ),
 ( #8475, #1965, #7010 ) ),
 .UNSPECIFIED., .F., .F., .F. ) 
 B_SPLINE_SURFACE_WITH_KNOTS ( ( 4, 2, 2, 2, 2, 2, 2, 4 ),
 ( 3, 3 ),
 ( 0.0000000000000000000, 0.0004824430686639338481, 0.0007236646029959007721, 0.0008442753701618842341, 0.0009648861373278676962, 0.001206107671659834620, 0.001447329205991801544, 0.001929772274655735392 ),
 ( 0.0000000000000000000, 1.000000000000000000 ),
 .UNSPECIFIED. ) 
 GEOMETRIC_REPRESENTATION_ITEM ( )  RATIONAL_B_SPLINE_SURFACE ( (
 ( 1.000000000000000000, 0.7149663194116337994, 1.000000000000000000),
 ( 1.000000000000000000, 0.7151136029124129934, 1.000000000000000000),
 ( 1.000000000000000000, 0.7152608886002544963, 1.000000000000000000),
 ( 1.000000000000000000, 0.7155101101921578222, 1.000000000000000000),
 ( 1.000000000000000000, 0.7156053497527942175, 1.000000000000000000),
 ( 1.000000000000000000, 0.7157052284280311927, 1.000000000000000000),
 ( 1.000000000000000000, 0.7157310053795143956, 1.000000000000000000),
 ( 1.000000000000000000, 0.7157050382928987764, 1.000000000000000000),
 ( 1.000000000000000000, 0.7156446455448336463, 1.000000000000000000),
 ( 1.000000000000000000, 0.7152350174929954507, 1.000000000000000000),
 ( 1.000000000000000000, 0.7146829843217548106, 1.000000000000000000),
 ( 1.000000000000000000, 0.7138451544087058842, 1.000000000000000000),
 ( 1.000000000000000000, 0.7135180039059133561, 1.000000000000000000),
 ( 1.000000000000000000, 0.7127411426466634392, 1.000000000000000000),
 ( 1.000000000000000000, 0.7124676864334709148, 1.000000000000000000),
 ( 1.000000000000000000, 0.7122195913378628340, 1.000000000000000000) ) ) 
 REPRESENTATION_ITEM ( '' )  SURFACE ( )  );
#1182 = CARTESIAN_POINT ( 'NONE',  ( -5.645438058037077766, 2.274354912277287699, -1.192622389734054877E-15 ) ) ;
#1183 = CARTESIAN_POINT ( 'NONE',  ( 0.7416425621643210064, 3.256301809022322580, -23.68489749493124563 ) ) ;
#1184 = COLOUR_RGB ( '',0.7529411764705882248, 0.7529411764705882248, 0.7529411764705882248 ) ;
#1185 = CARTESIAN_POINT ( 'NONE',  ( -0.2986197547493393278, -3.326152813685443022, -23.60074128784948755 ) ) ;
#1186 = ORIENTED_EDGE ( 'NONE', *, *, #8304, .F. ) ;
#1187 = CARTESIAN_POINT ( 'NONE',  ( -6.150624739337436253, 1.916122522586570343, -20.05339969689871893 ) ) ;
#1188 = CARTESIAN_POINT ( 'NONE',  ( 3.114729576739699191, 1.028367236380205885, -27.00436310160932152 ) ) ;
#1189 = CARTESIAN_POINT ( 'NONE',  ( 6.308239556175612606, 1.546407208780338660, -23.03642561252741672 ) ) ;
#1190 = EDGE_LOOP ( 'NONE', ( #71, #1416, #720, #8210 ) ) ;
#1191 = ADVANCED_FACE ( 'NONE', ( #4815 ), #4864, .T. ) ;
#1192 = CARTESIAN_POINT ( 'NONE',  ( -2.972710267516934568, 0.6999999999999768630, -28.34999999831683226 ) ) ;
#1193 = CARTESIAN_POINT ( 'NONE',  ( -3.141292207333641784, -0.7680024478846784186, -29.69686874375339158 ) ) ;
#1194 = FACE_OUTER_BOUND ( 'NONE', #5054, .T. ) ;
#1195 = B_SPLINE_CURVE_WITH_KNOTS ( 'NONE', 3,
 ( #6437, #4427, #729, #8570, #5148, #7240 ),
 .UNSPECIFIED., .F., .F.,
 ( 4, 2, 4 ),
 ( 1.302137753898337349E-06, 0.5000006510688769223, 1.000000000000000000 ),
 .UNSPECIFIED. ) ;
#1196 =( NAMED_UNIT ( * ) SI_UNIT ( $, .STERADIAN. ) SOLID_ANGLE_UNIT ( ) );
#1197 = CARTESIAN_POINT ( 'NONE',  ( 2.944519263455469993, -0.7282700004458826371, -29.38276129204714238 ) ) ;
#1198 = CARTESIAN_POINT ( 'NONE',  ( -3.252572334974570989, -0.4870147112371194242, -26.50436289859970884 ) ) ;
#1199 = CARTESIAN_POINT ( 'NONE',  ( -6.050000000000003375, 2.744927974232791890, -12.26906492721187902 ) ) ;
#1200 = CARTESIAN_POINT ( 'NONE',  ( 6.372064902061097769, 1.546412848040347177, -23.02699399611114828 ) ) ;
#1201 = ORIENTED_EDGE ( 'NONE', *, *, #4102, .F. ) ;
#1202 = EDGE_CURVE ( 'NONE', #5879, #3339, #1451, .T. ) ;
#1203 = CYLINDRICAL_SURFACE ( 'NONE', #8772, 0.2500000000000000000 ) ;
#1204 = ADVANCED_FACE ( 'NONE', ( #3486 ), #3241, .T. ) ;
#1205 = FILL_AREA_STYLE ('',( #455 ) ) ;
#1206 = ORIENTED_EDGE ( 'NONE', *, *, #462, .T. ) ;
#1207 = SURFACE_STYLE_USAGE ( .BOTH. , #5539 ) ;
#1208 = CARTESIAN_POINT ( 'NONE',  ( 1.028984414793459479, 3.338254050502226455, -23.35929466312627767 ) ) ;
#1209 = COLOUR_RGB ( '',0.7529411764705882248, 0.7529411764705882248, 0.7529411764705882248 ) ;
#1210 = STYLED_ITEM ( 'NONE', ( #3904 ), #5229 ) ;
#1211 = UNCERTAINTY_MEASURE_WITH_UNIT (LENGTH_MEASURE( 1.000000000000000082E-05 ), #7298, 'distance_accuracy_value', 'NONE');
#1212 = CARTESIAN_POINT ( 'NONE',  ( -5.378151415602737018, -3.015440437957238817, -22.91574859146365029 ) ) ;
#1213 = CARTESIAN_POINT ( 'NONE',  ( 3.155950195483288478, 0.8971333296604803165, -26.99357151559194890 ) ) ;
#1214 = CARTESIAN_POINT ( 'NONE',  ( -1.721236157819709511, -2.860812927203256972, -23.70617948969313460 ) ) ;
#1215 = ORIENTED_EDGE ( 'NONE', *, *, #8578, .T. ) ;
#1216 = FILL_AREA_STYLE_COLOUR ( '', #7121 ) ;
#1217 =( NAMED_UNIT ( * ) SI_UNIT ( $, .STERADIAN. ) SOLID_ANGLE_UNIT ( ) );
#1218 = SURFACE_SIDE_STYLE ('',( #6261 ) ) ;
#1219 = SURFACE_STYLE_FILL_AREA ( #8940 ) ;
#1220 = CARTESIAN_POINT ( 'NONE',  ( -3.063751019710968748, -1.029640788730452616, -29.75000000000000000 ) ) ;
#1221 = FILL_AREA_STYLE ('',( #7633 ) ) ;
#1222 = CARTESIAN_POINT ( 'NONE',  ( 4.781516572172433754, 2.884292228722029616, -19.61585814042067710 ) ) ;
#1223 = SURFACE_STYLE_FILL_AREA ( #6226 ) ;
#1224 = CARTESIAN_POINT ( 'NONE',  ( 4.741856460906197057, -2.888676873037216097, -19.30960607446483834 ) ) ;
#1225 = CARTESIAN_POINT ( 'NONE',  ( -5.410494277428897547, 2.750063562405554052, -7.045375879827199293E-15 ) ) ;
#1226 = ADVANCED_FACE ( 'NONE', ( #1620 ), #8092, .T. ) ;
#1227 = COLOUR_RGB ( '',0.2509803921568627416, 0.2509803921568627416, 0.2509803921568627416 ) ;
#1228 = CARTESIAN_POINT ( 'NONE',  ( 3.340952312612444075, 0.0000000000000000000, -23.51834166324806574 ) ) ;
#1229 = VERTEX_POINT ( 'NONE', #1104 ) ;
#1230 = CARTESIAN_POINT ( 'NONE',  ( 3.145919035046504497, 0.7525057145378193368, -29.70367381613078805 ) ) ;
#1231 =( GEOMETRIC_REPRESENTATION_CONTEXT ( 3 ) GLOBAL_UNCERTAINTY_ASSIGNED_CONTEXT ( ( #3617 ) ) GLOBAL_UNIT_ASSIGNED_CONTEXT ( ( #6731, #4027, #3277 ) ) REPRESENTATION_CONTEXT ( 'NONE', 'WORKASPACE' ) );
#1232 = SURFACE_STYLE_USAGE ( .BOTH. , #7725 ) ;
#1233 = CARTESIAN_POINT ( 'NONE',  ( 2.972710410531939740, -0.4499999999999986788, -28.35000000000001563 ) ) ;
#1234 = FACE_OUTER_BOUND ( 'NONE', #91, .T. ) ;
#1235 = ORIENTED_EDGE ( 'NONE', *, *, #3152, .T. ) ;
#1236 = CARTESIAN_POINT ( 'NONE',  ( 2.877370061222676245, 0.9499999999999995115, -26.75000000000000000 ) ) ;
#1237 = CARTESIAN_POINT ( 'NONE',  ( 3.227858913821150200, -0.7506214546117000452, -25.15524567722371430 ) ) ;
#1238 =( GEOMETRIC_REPRESENTATION_CONTEXT ( 3 ) GLOBAL_UNCERTAINTY_ASSIGNED_CONTEXT ( ( #7235 ) ) GLOBAL_UNIT_ASSIGNED_CONTEXT ( ( #3167, #6067, #379 ) ) REPRESENTATION_CONTEXT ( 'NONE', 'WORKASPACE' ) );
#1239 = CARTESIAN_POINT ( 'NONE',  ( 4.713855710941720289, 2.891763259629746674, -18.87548450340289108 ) ) ;
#1240 = CARTESIAN_POINT ( 'NONE',  ( 0.7629317467099854255, -3.303127798932404602, -23.53734510378517797 ) ) ;
#1241 =( GEOMETRIC_REPRESENTATION_CONTEXT ( 3 ) GLOBAL_UNCERTAINTY_ASSIGNED_CONTEXT ( ( #4749 ) ) GLOBAL_UNIT_ASSIGNED_CONTEXT ( ( #5217, #6689, #5792 ) ) REPRESENTATION_CONTEXT ( 'NONE', 'WORKASPACE' ) );
#1242 = CARTESIAN_POINT ( 'NONE',  ( 4.741856460906231696, 2.888676873037206771, -19.30960607446507638 ) ) ;
#1243 = CARTESIAN_POINT ( 'NONE',  ( -0.5262763198382306440, -3.323250103098426056, -23.53869906408759149 ) ) ;
#1244 = SURFACE_SIDE_STYLE ('',( #5482 ) ) ;
#1245 = CARTESIAN_POINT ( 'NONE',  ( 3.063714927208017080, 1.029628659052497008, -29.75436310162017506 ) ) ;
#1246 = VERTEX_POINT ( 'NONE', #9061 ) ;
#1247 = ORIENTED_EDGE ( 'NONE', *, *, #7406, .T. ) ;
#1248 = B_SPLINE_CURVE_WITH_KNOTS ( 'NONE', 3,
 ( #2413, #6880, #1600, #6732 ),
 .UNSPECIFIED., .F., .F.,
 ( 4, 4 ),
 ( 0.0000000000000000000, 1.000000000000000000 ),
 .UNSPECIFIED. ) ;
#1249 = CARTESIAN_POINT ( 'NONE',  ( -6.330223935272644376, 1.868250752475325127, -21.29631028369958656 ) ) ;
#1250 = CARTESIAN_POINT ( 'NONE',  ( 5.553794674716057145, 2.681864679979053090, 5.101792715821470760E-15 ) ) ;
#1251 =( NAMED_UNIT ( * ) SI_UNIT ( $, .STERADIAN. ) SOLID_ANGLE_UNIT ( ) );
#1252 = COLOUR_RGB ( '',0.2509803921568627416, 0.2509803921568627416, 0.2509803921568627416 ) ;
#1253 = EDGE_CURVE ( 'NONE', #4194, #903, #780, .T. ) ;
#1254 = CARTESIAN_POINT ( 'NONE',  ( -6.475430056827487846, -2.154609216725652754, -22.76526512481328623 ) ) ;
#1255 = CARTESIAN_POINT ( 'NONE',  ( -3.005366193732539326, -0.6999999999999995115, -26.50000000000000355 ) ) ;
#1256 = CARTESIAN_POINT ( 'NONE',  ( -1.963026473464464683, -2.700338829023579912, -23.69433100560558358 ) ) ;
#1257 = ORIENTED_EDGE ( 'NONE', *, *, #6124, .T. ) ;
#1258 = SURFACE_STYLE_USAGE ( .BOTH. , #3537 ) ;
#1259 = SURFACE_STYLE_FILL_AREA ( #7056 ) ;
#1260 = CARTESIAN_POINT ( 'NONE',  ( 3.205919556120572000, -6.411839112241141336, -31.25436310159558673 ) ) ;
#1261 = ORIENTED_EDGE ( 'NONE', *, *, #5499, .F. ) ;
#1262 = CARTESIAN_POINT ( 'NONE',  ( -6.065728034291727688, -1.564528594967389052, -19.12582426414607895 ) ) ;
#1263 = DIRECTION ( 'NONE',  ( 1.369518533665900312E-16, 0.0000000000000000000, 1.000000000000000000 ) ) ;
#1264 = CARTESIAN_POINT ( 'NONE',  ( 5.180575191246604483, 2.787535603336289913, -22.93606826588352021 ) ) ;
#1265 = EDGE_CURVE ( 'NONE', #4892, #815, #4611, .T. ) ;
#1266 = CARTESIAN_POINT ( 'NONE',  ( 3.195641158922585046, -0.7507105000217193513, -26.95310840547887921 ) ) ;
#1267 = CYLINDRICAL_SURFACE ( 'NONE', #6540, 0.2500000000000000000 ) ;
#1268 = CARTESIAN_POINT ( 'NONE',  ( 1.931712908894738456, -0.8252889325712411406, -28.12362843757425068 ) ) ;
#1269 = FILL_AREA_STYLE ('',( #7766 ) ) ;
#1270 = CARTESIAN_POINT ( 'NONE',  ( 0.3209541026407122244, -3.323984118433466861, -23.60516868750316632 ) ) ;
#1271 = CARTESIAN_POINT ( 'NONE',  ( 0.5616010405583216070, 3.322381989836782790, -23.53520467620928258 ) ) ;
#1272 = VERTEX_POINT ( 'NONE', #5477 ) ;
#1273 = COLOUR_RGB ( '',0.2509803921568627416, 0.2509803921568627416, 0.2509803921568627416 ) ;
#1274 = MECHANICAL_DESIGN_GEOMETRIC_PRESENTATION_REPRESENTATION (  '', ( #5373 ), #7787 ) ;
#1275 = CARTESIAN_POINT ( 'NONE',  ( 5.021694169433441601, -3.058176305876201706, -21.47721983866968998 ) ) ;
#1276 = CARTESIAN_POINT ( 'NONE',  ( 1.914383410920738049, 4.664109864742060019, -27.00000000000000355 ) ) ;
#1277 = STYLED_ITEM ( 'NONE', ( #7269 ), #1659 ) ;
#1278 =( LENGTH_UNIT ( ) NAMED_UNIT ( * ) SI_UNIT ( .MILLI., .METRE. ) );
#1279 = EDGE_LOOP ( 'NONE', ( #3169, #334, #1917, #8223, #5170, #7394, #3036, #1982 ) ) ;
#1280 = CARTESIAN_POINT ( 'NONE',  ( 4.713855710941728283, -2.891763259629744454, -0.2500000000033218428 ) ) ;
#1281 = FACE_OUTER_BOUND ( 'NONE', #8146, .T. ) ;
#1282 = LINE ( 'NONE', #6371, #1737 ) ;
#1283 = CARTESIAN_POINT ( 'NONE',  ( 3.021249962336046480, -0.6999999999999995115, -25.60000000000000497 ) ) ;
#1284 = PRESENTATION_LAYER_ASSIGNMENT (  '', '', ( #2048 ) ) ;
#1285 = DIRECTION ( 'NONE',  ( -1.000000000000000000, 0.0000000000000000000, -0.0000000000000000000 ) ) ;
#1286 = CARTESIAN_POINT ( 'NONE',  ( -5.021731462593256090, 3.058171956758878984, -21.47721981097154753 ) ) ;
#1287 =( BOUNDED_SURFACE ( )  B_SPLINE_SURFACE ( 3, 2, ( 
 ( #8433, #6776, #4683 ),
 ( #7582, #1125, #6074 ),
 ( #1930, #9130, #2455 ),
 ( #4825, #6130, #4070 ) ),
 .UNSPECIFIED., .F., .F., .T. ) 
 B_SPLINE_SURFACE_WITH_KNOTS ( ( 4, 4 ),
 ( 3, 3 ),
 ( 0.0000000000000000000, 0.0009001401524790715895 ),
 ( 0.0000000000000000000, 1.000000000000000000 ),
 .UNSPECIFIED. ) 
 GEOMETRIC_REPRESENTATION_ITEM ( )  RATIONAL_B_SPLINE_SURFACE ( (
 ( 1.000000000000000000, 0.7576472942965197799, 1.000000000000000000),
 ( 1.000000000000000000, 0.7575631086624309285, 1.000000000000000000),
 ( 1.000000000000000000, 0.7574793441838041375, 1.000000000000000000),
 ( 1.000000000000000000, 0.7573959945955296424, 1.000000000000000000) ) ) 
 REPRESENTATION_ITEM ( '' )  SURFACE ( )  );
#1288 = COLOUR_RGB ( '',0.2509803921568627416, 0.2509803921568627416, 0.2509803921568627416 ) ;
#1289 = STYLED_ITEM ( 'NONE', ( #8872 ), #7697 ) ;
#1290 = SURFACE_STYLE_USAGE ( .BOTH. , #7788 ) ;
#1291 = CARTESIAN_POINT ( 'NONE',  ( 1.904079279032715899, -0.8883992034755757716, -26.75000000000000711 ) ) ;
#1292 = CARTESIAN_POINT ( 'NONE',  ( 3.209244217994427828, 0.4875429258551213230, -28.95436310726566020 ) ) ;
#1293 = DIRECTION ( 'NONE',  ( 1.000000000000000000, 0.0000000000000000000, 0.0000000000000000000 ) ) ;
#1294 = VERTEX_POINT ( 'NONE', #4660 ) ;
#1295 = CARTESIAN_POINT ( 'NONE',  ( -0.4202714543535681635, 3.331435787986420038, -23.53410231636526362 ) ) ;
#1296 = CARTESIAN_POINT ( 'NONE',  ( 6.050000000000006040, 1.400739683024801341, -12.26906492721187902 ) ) ;
#1297 = ORIENTED_EDGE ( 'NONE', *, *, #4213, .T. ) ;
#1298 = CARTESIAN_POINT ( 'NONE',  ( -1.931712908894738678, 0.8252889325712413626, -25.37362843757425424 ) ) ;
#1299 = CARTESIAN_POINT ( 'NONE',  ( -4.909082444452006477, -2.869886511112599514, -20.44105595435317113 ) ) ;
#1300 = CARTESIAN_POINT ( 'NONE',  ( 5.210631377085989335, -3.035722278599365609, -22.93606727553719438 ) ) ;
#1301 = FACE_OUTER_BOUND ( 'NONE', #1617, .T. ) ;
#1302 = CARTESIAN_POINT ( 'NONE',  ( -5.987535600131003832, -2.581839375741035614, -23.08264965718799289 ) ) ;
#1303 = UNCERTAINTY_MEASURE_WITH_UNIT (LENGTH_MEASURE( 1.000000000000000082E-05 ), #21, 'distance_accuracy_value', 'NONE');
#1304 = CARTESIAN_POINT ( 'NONE',  ( -3.143912349475312951, -0.9530515563191448436, -26.76954773631338114 ) ) ;
#1305 = CARTESIAN_POINT ( 'NONE',  ( 3.063751019710968748, 1.029640788730453060, -29.75000000000000355 ) ) ;
#1306 = ORIENTED_EDGE ( 'NONE', *, *, #965, .F. ) ;
#1307 = DIRECTION ( 'NONE',  ( 1.000000000000000000, 1.224646799147351482E-16, 0.0000000000000000000 ) ) ;
#1308 = CARTESIAN_POINT ( 'NONE',  ( -2.972710410531938852, -0.6999999999999995115, -28.35000000000001918 ) ) ;
#1309 = CARTESIAN_POINT ( 'NONE',  ( -4.121403298406643323, -3.168364245353842978, -23.31752082634780621 ) ) ;
#1310 = VERTEX_POINT ( 'NONE', #8869 ) ;
#1311 = CARTESIAN_POINT ( 'NONE',  ( -0.7767266081213387574, 3.246473146391875897, -23.68940342035217483 ) ) ;
#1312 = EDGE_CURVE ( 'NONE', #6938, #7344, #9039, .T. ) ;
#1313 = COLOUR_RGB ( '',0.2509803921568627416, 0.2509803921568627416, 0.2509803921568627416 ) ;
#1314 = LINE ( 'NONE', #3542, #2334 ) ;
#1315 = B_SPLINE_CURVE_WITH_KNOTS ( 'NONE', 3,
 ( #1427, #2143, #155, #5843 ),
 .UNSPECIFIED., .F., .F.,
 ( 4, 4 ),
 ( 0.0000000000000000000, 1.000000000000000000 ),
 .UNSPECIFIED. ) ;
#1316 = CARTESIAN_POINT ( 'NONE',  ( 2.925000000000000266, -0.6249999999999995559, 0.0000000000000000000 ) ) ;
#1317 = CARTESIAN_POINT ( 'NONE',  ( 2.877370061222676689, -0.9499999999999995115, -26.75000000000000355 ) ) ;
#1318 = CARTESIAN_POINT ( 'NONE',  ( 6.519762764440041991, 1.546441044340391757, -22.75810211552034801 ) ) ;
#1319 = COLOUR_RGB ( '',0.7529411764705882248, 0.7529411764705882248, 0.7529411764705882248 ) ;
#1320 = FACE_OUTER_BOUND ( 'NONE', #3664, .T. ) ;
#1321 = CARTESIAN_POINT ( 'NONE',  ( -5.246308163136784941, 2.539835855772811790, -1.626303258728259609E-16 ) ) ;
#1322 = EDGE_CURVE ( 'NONE', #8374, #2956, #5529, .T. ) ;
#1323 = CARTESIAN_POINT ( 'NONE',  ( -1.691887639289443079, 3.349165184279627283, -20.85272001113171214 ) ) ;
#1324 = CARTESIAN_POINT ( 'NONE',  ( 1.152446299466900692, 3.135934218718176236, -23.58949594922339088 ) ) ;
#1325 = ADVANCED_FACE ( 'NONE', ( #3854 ), #5833, .T. ) ;
#1326 = ORIENTED_EDGE ( 'NONE', *, *, #6707, .F. ) ;
#1327 = CARTESIAN_POINT ( 'NONE',  ( -2.925000000000000266, -1.225000000000000089, 0.0000000000000000000 ) ) ;
#1328 = DIRECTION ( 'NONE',  ( -1.000000000000000000, 0.0000000000000000000, 0.0000000000000000000 ) ) ;
#1329 = DIRECTION ( 'NONE',  ( 0.3185631549218141401, -0.9479016385291568758, -6.647055674914478770E-16 ) ) ;
#1330 = MECHANICAL_DESIGN_GEOMETRIC_PRESENTATION_REPRESENTATION (  '', ( #8893 ), #4353 ) ;
#1331 = VERTEX_POINT ( 'NONE', #6282 ) ;
#1332 = SURFACE_STYLE_FILL_AREA ( #8503 ) ;
#1333 = CARTESIAN_POINT ( 'NONE',  ( 1.861642404854273458, 3.310010245960675057, -23.21005533523035069 ) ) ;
#1334 = CARTESIAN_POINT ( 'NONE',  ( -6.514763625534614633, 1.886729788369040817, -22.75909602459156389 ) ) ;
#1335 = CARTESIAN_POINT ( 'NONE',  ( 5.378149495383186540, 3.015440916425765394, -22.91574885668076789 ) ) ;
#1336 = CARTESIAN_POINT ( 'NONE',  ( 2.100000000000000089, 0.0000000000000000000, -31.50000000000000000 ) ) ;
#1337 = CIRCLE ( 'NONE', #6639, 2.100000000000000089 ) ;
#1338 = SURFACE_STYLE_USAGE ( .BOTH. , #542 ) ;
#1339 = DIRECTION ( 'NONE',  ( 0.0000000000000000000, 0.0000000000000000000, 1.000000000000000000 ) ) ;
#1340 = CARTESIAN_POINT ( 'NONE',  ( 1.979898987322333603, 0.6999999999999998446, -26.50000000000000355 ) ) ;
#1341 = CARTESIAN_POINT ( 'NONE',  ( -0.8453857473202225359, -3.289988444650360222, -23.54679192465010473 ) ) ;
#1342 = CARTESIAN_POINT ( 'NONE',  ( 2.903663096235906682, -0.8868582448345488922, -28.10000000000000497 ) ) ;
#1343 = CARTESIAN_POINT ( 'NONE',  ( 3.568615755489451757, -0.3084874964621536209, -23.35218855720794551 ) ) ;
#1344 = ORIENTED_EDGE ( 'NONE', *, *, #2739, .F. ) ;
#1345 = CARTESIAN_POINT ( 'NONE',  ( -1.058359166300745224, 3.257451562123511835, -23.54799739396680991 ) ) ;
#1346 = EDGE_CURVE ( 'NONE', #4697, #1001, #6328, .T. ) ;
#1347 = LINE ( 'NONE', #7744, #8158 ) ;
#1348 = ORIENTED_EDGE ( 'NONE', *, *, #8238, .F. ) ;
#1349 = VECTOR ( 'NONE', #719, 1000.000000000000000 ) ;
#1350 = CARTESIAN_POINT ( 'NONE',  ( 6.316880344890968502, -1.545372342530292320, -21.13504275912777075 ) ) ;
#1351 = CARTESIAN_POINT ( 'NONE',  ( 5.758342305442920583, 1.968451635065648464, -3.035766082959412415E-15 ) ) ;
#1352 = DIRECTION ( 'NONE',  ( -1.000000000000000000, 0.0000000000000000000, -0.0000000000000000000 ) ) ;
#1353 =( GEOMETRIC_REPRESENTATION_CONTEXT ( 3 ) GLOBAL_UNCERTAINTY_ASSIGNED_CONTEXT ( ( #3631 ) ) GLOBAL_UNIT_ASSIGNED_CONTEXT ( ( #5138, #814, #6605 ) ) REPRESENTATION_CONTEXT ( 'NONE', 'WORKASPACE' ) );
#1354 = CARTESIAN_POINT ( 'NONE',  ( -2.376947173369905020, -2.681473079754811639, -23.43470535283304912 ) ) ;
#1355 = ORIENTED_EDGE ( 'NONE', *, *, #159, .F. ) ;
#1356 = CARTESIAN_POINT ( 'NONE',  ( 3.268484528816384849, -0.4868243463146502137, -25.60436310160104156 ) ) ;
#1357 = ORIENTED_EDGE ( 'NONE', *, *, #5903, .T. ) ;
#1358 = CARTESIAN_POINT ( 'NONE',  ( -5.038091279841009573, -2.849076000653625762, -19.27203124197137640 ) ) ;
#1359 = CARTESIAN_POINT ( 'NONE',  ( -1.811462300288619653, -4.430828659074966147, -29.49999999999999289 ) ) ;
#1360 = PRESENTATION_LAYER_ASSIGNMENT (  '', '', ( #3340 ) ) ;
#1361 = CARTESIAN_POINT ( 'NONE',  ( 5.010259444323327038, 2.602106145470746146, -3.144186300207959703E-15 ) ) ;
#1362 = CARTESIAN_POINT ( 'NONE',  ( 3.204885750462474370, -0.7078238371258631645, -26.91238428014495909 ) ) ;
#1363 = CARTESIAN_POINT ( 'NONE',  ( 3.208456036928751143, -0.7376872922951470679, -26.65435741920170187 ) ) ;
#1364 = CARTESIAN_POINT ( 'NONE',  ( -3.339485992498349987, 0.1669537007934126516, -23.59695661955027290 ) ) ;
#1365 = CARTESIAN_POINT ( 'NONE',  ( -3.021249962336046035, -0.4499999999999984013, -25.59999999999999432 ) ) ;
#1366 = CARTESIAN_POINT ( 'NONE',  ( -5.323466412589635155, 2.514633527936418922, -4.336808689942016750E-16 ) ) ;
#1367 = CARTESIAN_POINT ( 'NONE',  ( 0.2239213603459510871, 3.333891406399015267, -23.58633734597369624 ) ) ;
#1368 = ORIENTED_EDGE ( 'NONE', *, *, #8759, .F. ) ;
#1369 = CIRCLE ( 'NONE', #2590, 0.6249999999999992228 ) ;
#1370 =( BOUNDED_SURFACE ( )  B_SPLINE_SURFACE ( 2, 3, ( 
 ( #8241, #4473, #2388, #7370 ),
 ( #6703, #3759, #216, #6657 ),
 ( #165, #3045, #5942, #8824 ) ),
 .UNSPECIFIED., .F., .F., .T. ) 
 B_SPLINE_SURFACE_WITH_KNOTS ( ( 3, 3 ),
 ( 4, 4 ),
 ( 0.0000000000000000000, 1.000000000000000000 ),
 ( 0.0000000000000000000, 0.0004349722928721133836 ),
 .UNSPECIFIED. ) 
 GEOMETRIC_REPRESENTATION_ITEM ( )  RATIONAL_B_SPLINE_SURFACE ( (
 ( 1.000000000000000000, 1.000000000000000000, 1.000000000000000000, 1.000000000000000000),
 ( 1.489454356889000852, 1.489454080043684403, 1.489411632958983045, 1.489320292087568554),
 ( 1.000000000000000000, 1.000000000000000000, 1.000000000000000000, 1.000000000000000000) ) ) 
 REPRESENTATION_ITEM ( '' )  SURFACE ( )  );
#1371 = EDGE_CURVE ( 'NONE', #7491, #6963, #7493, .T. ) ;
#1372 =( LENGTH_UNIT ( ) NAMED_UNIT ( * ) SI_UNIT ( .MILLI., .METRE. ) );
#1373 = EDGE_CURVE ( 'NONE', #7432, #1310, #8992, .T. ) ;
#1374 = CARTESIAN_POINT ( 'NONE',  ( 5.014841564334687085, -3.058975456037615004, -21.26437149633545687 ) ) ;
#1375 = ORIENTED_EDGE ( 'NONE', *, *, #3690, .F. ) ;
#1376 = CARTESIAN_POINT ( 'NONE',  ( -4.713855710941729171, -2.891763259629740013, -18.87548450340290174 ) ) ;
#1377 = PRESENTATION_STYLE_ASSIGNMENT (( #4893 ) ) ;
#1378 = CARTESIAN_POINT ( 'NONE',  ( -5.010417794441636374, 3.034937024305242037, -21.14739865340930791 ) ) ;
#1379 = CARTESIAN_POINT ( 'NONE',  ( -6.250397633514144680, 2.191479779693670249, -23.04494140665072521 ) ) ;
#1380 = MECHANICAL_DESIGN_GEOMETRIC_PRESENTATION_REPRESENTATION (  '', ( #1082 ), #1231 ) ;
#1381 = EDGE_CURVE ( 'NONE', #5450, #599, #6816, .T. ) ;
#1382 = PRESENTATION_STYLE_ASSIGNMENT (( #1338 ) ) ;
#1383 = SURFACE_STYLE_USAGE ( .BOTH. , #8775 ) ;
#1384 = CARTESIAN_POINT ( 'NONE',  ( -3.049582145296541924, -0.9947903578313936901, -25.35000000000000142 ) ) ;
#1385 = ORIENTED_EDGE ( 'NONE', *, *, #5557, .F. ) ;
#1386 = CARTESIAN_POINT ( 'NONE',  ( 6.180271013676005509, -1.384904610932401248, -20.04216810940807036 ) ) ;
#1387 = PRESENTATION_LAYER_ASSIGNMENT (  '', '', ( #3808 ) ) ;
#1388 = DIRECTION ( 'NONE',  ( 0.3150593542896195642, 0.9490719694915702442, -9.252322443673704715E-16 ) ) ;
#1389 = EDGE_LOOP ( 'NONE', ( #8038, #8049, #3751, #8148, #6790, #1826, #8523, #3914 ) ) ;
#1390 = CARTESIAN_POINT ( 'NONE',  ( -5.765630852851699295, 2.677317792636935589, -23.11310167014304895 ) ) ;
#1391 = CARTESIAN_POINT ( 'NONE',  ( 2.869514156286899542, -0.8864145748807052971, -29.50000000000000711 ) ) ;
#1392 =( NAMED_UNIT ( * ) SI_UNIT ( $, .STERADIAN. ) SOLID_ANGLE_UNIT ( ) );
#1393 = ORIENTED_EDGE ( 'NONE', *, *, #9199, .T. ) ;
#1394 = CARTESIAN_POINT ( 'NONE',  ( 2.955957632331233764, 3.620004052849634210E-16, -31.25000000000000000 ) ) ;
#1395 = ORIENTED_EDGE ( 'NONE', *, *, #6373, .F. ) ;
#1396 = DIRECTION ( 'NONE',  ( -0.1092371406278094259, -0.9940157177366262253, 0.0000000000000000000 ) ) ;
#1397 = CARTESIAN_POINT ( 'NONE',  ( 1.979898987322333603, -0.9499999999999997335, -28.10000000000000497 ) ) ;
#1398 = AXIS2_PLACEMENT_3D ( 'NONE', #7894, #7099, #1884 ) ;
#1399 = SURFACE_STYLE_USAGE ( .BOTH. , #736 ) ;
#1400 = B_SPLINE_CURVE_WITH_KNOTS ( 'NONE', 3,
 ( #9029, #5449, #1213, #9081, #8521, #6969, #7625, #9221, #5546, #4017 ),
 .UNSPECIFIED., .F., .F.,
 ( 4, 2, 2, 2, 4 ),
 ( 0.0000000000000000000, 0.2500000000000000000, 0.5000000000000000000, 0.7500000000000000000, 1.000000000000000000 ),
 .UNSPECIFIED. ) ;
#1401 = CARTESIAN_POINT ( 'NONE',  ( 2.925000000000000266, -0.6249999999999990008, 6.599999999999999645 ) ) ;
#1402 = CARTESIAN_POINT ( 'NONE',  ( 3.136989764977776485, -0.9609463812925063131, -27.00434444330403139 ) ) ;
#1403 = EDGE_CURVE ( 'NONE', #560, #3554, #7335, .T. ) ;
#1404 = CARTESIAN_POINT ( 'NONE',  ( 4.686546425784777092, -2.643259330195585566, -9.107298248878237246E-16 ) ) ;
#1405 = CARTESIAN_POINT ( 'NONE',  ( -2.856678810055658158, 1.744213578229433015, -23.40589688459384732 ) ) ;
#1406 = CARTESIAN_POINT ( 'NONE',  ( -3.209244217994386528, 0.4875429258553948819, -28.95436310726587692 ) ) ;
#1407 = CARTESIAN_POINT ( 'NONE',  ( -5.741341061904784659, 2.049581500348518937, -1.301042606982605321E-15 ) ) ;
#1408 = ORIENTED_EDGE ( 'NONE', *, *, #235, .T. ) ;
#1409 = CARTESIAN_POINT ( 'NONE',  ( 3.202633821088585186, 0.4880366334448958399, -29.32450578875270963 ) ) ;
#1410 =( GEOMETRIC_REPRESENTATION_CONTEXT ( 3 ) GLOBAL_UNCERTAINTY_ASSIGNED_CONTEXT ( ( #6840 ) ) GLOBAL_UNIT_ASSIGNED_CONTEXT ( ( #3362, #8312, #2504 ) ) REPRESENTATION_CONTEXT ( 'NONE', 'WORKASPACE' ) );
#1411 = DIRECTION ( 'NONE',  ( 1.000000000000000000, -1.672957273954558210E-16, 0.0000000000000000000 ) ) ;
#1412 = CARTESIAN_POINT ( 'NONE',  ( -3.114765733250399737, 1.028379173908031685, -26.85355339059327306 ) ) ;
#1413 = CARTESIAN_POINT ( 'NONE',  ( -1.675364268508056309, -3.318016784389095086, -23.21805803380130939 ) ) ;
#1414 = FILL_AREA_STYLE ('',( #7930 ) ) ;
#1415 = UNCERTAINTY_MEASURE_WITH_UNIT (LENGTH_MEASURE( 1.000000000000000082E-05 ), #2173, 'distance_accuracy_value', 'NONE');
#1416 = ORIENTED_EDGE ( 'NONE', *, *, #8568, .T. ) ;
#1417 = CARTESIAN_POINT ( 'NONE',  ( -5.650899417856575013, -2.275392127202761738, -4.445228907190561080E-15 ) ) ;
#1418 = FILL_AREA_STYLE ('',( #7831 ) ) ;
#1419 =( GEOMETRIC_REPRESENTATION_CONTEXT ( 3 ) GLOBAL_UNCERTAINTY_ASSIGNED_CONTEXT ( ( #377 ) ) GLOBAL_UNIT_ASSIGNED_CONTEXT ( ( #3270, #4823, #1217 ) ) REPRESENTATION_CONTEXT ( 'NONE', 'WORKASPACE' ) );
#1420 = CARTESIAN_POINT ( 'NONE',  ( 0.0000000000000000000, 0.0000000000000000000, -27.00436310158238484 ) ) ;
#1421 = SURFACE_STYLE_USAGE ( .BOTH. , #4937 ) ;
#1422 = EDGE_CURVE ( 'NONE', #4235, #4763, #6582, .T. ) ;
#1423 = PRESENTATION_LAYER_ASSIGNMENT (  '', '', ( #7193 ) ) ;
#1424 = DIRECTION ( 'NONE',  ( 0.0000000000000000000, -0.0000000000000000000, -1.000000000000000000 ) ) ;
#1425 = COLOUR_RGB ( '',0.2509803921568627416, 0.2509803921568627416, 0.2509803921568627416 ) ;
#1426 = CARTESIAN_POINT ( 'NONE',  ( -5.069957157151610438, 2.951827962088371837, -20.85272001113170859 ) ) ;
#1427 = CARTESIAN_POINT ( 'NONE',  ( -1.861692363915530057, -3.060240853785059389, -23.45982056181006925 ) ) ;
#1428 = CARTESIAN_POINT ( 'NONE',  ( 2.972710410531939740, -0.6999999999999996225, -28.35000000000000497 ) ) ;
#1429 = CARTESIAN_POINT ( 'NONE',  ( -3.147516565147401746, -1.026737100672115766, -25.24876908820928278 ) ) ;
#1430 = EDGE_LOOP ( 'NONE', ( #4985, #578, #5152, #1439 ) ) ;
#1431 = DIRECTION ( 'NONE',  ( -0.3185631549218136405, -0.9479016385291569868, 0.0000000000000000000 ) ) ;
#1432 = CARTESIAN_POINT ( 'NONE',  ( 4.713855710941725619, 2.891763259629740013, -5.662645351020880291 ) ) ;
#1433 = CARTESIAN_POINT ( 'NONE',  ( 1.647584942765441873, -3.319210785163600796, -23.21924558605510569 ) ) ;
#1434 = EDGE_CURVE ( 'NONE', #4837, #8963, #3948, .T. ) ;
#1435 = EDGE_CURVE ( 'NONE', #3304, #6102, #4632, .T. ) ;
#1436 = LINE ( 'NONE', #6479, #852 ) ;
#1437 = CARTESIAN_POINT ( 'NONE',  ( 0.6801698648388099233, 3.344666649649306045, -23.40940320327966262 ) ) ;
#1438 = STYLED_ITEM ( 'NONE', ( #250 ), #8514 ) ;
#1439 = ORIENTED_EDGE ( 'NONE', *, *, #6365, .F. ) ;
#1440 = CARTESIAN_POINT ( 'NONE',  ( -5.210631377066407666, -3.035722278601736601, -22.93606727553955338 ) ) ;
#1441 = ORIENTED_EDGE ( 'NONE', *, *, #6708, .F. ) ;
#1442 = CARTESIAN_POINT ( 'NONE',  ( 1.241898298753208785, 3.097668276133598297, -23.72510330486154473 ) ) ;
#1443 = FILL_AREA_STYLE ('',( #7956 ) ) ;
#1444 = CARTESIAN_POINT ( 'NONE',  ( -4.686546425784772651, 2.643259330195588230, -1.409462824231155764E-16 ) ) ;
#1445 = SURFACE_STYLE_FILL_AREA ( #8530 ) ;
#1446 = CARTESIAN_POINT ( 'NONE',  ( 5.688421464238152758, 2.201530434803713021, -3.089976191583687637E-15 ) ) ;
#1447 =( LENGTH_UNIT ( ) NAMED_UNIT ( * ) SI_UNIT ( .MILLI., .METRE. ) );
#1448 = CIRCLE ( 'NONE', #2062, 1.224999999999999201 ) ;
#1449 = SURFACE_STYLE_FILL_AREA ( #4341 ) ;
#1450 = UNCERTAINTY_MEASURE_WITH_UNIT (LENGTH_MEASURE( 1.000000000000000082E-05 ), #7264, 'distance_accuracy_value', 'NONE');
#1451 = B_SPLINE_CURVE_WITH_KNOTS ( 'NONE', 3,
 ( #8518, #2006, #7796, #1298, #7098, #590 ),
 .UNSPECIFIED., .F., .F.,
 ( 4, 2, 4 ),
 ( 0.0000000000000000000, 0.0002044750616301802308, 0.0004089501232603602989 ),
 .UNSPECIFIED. ) ;
#1452 = CARTESIAN_POINT ( 'NONE',  ( -1.230185108624037627, -3.332542411984782849, -23.30938451862236249 ) ) ;
#1453 = DIRECTION ( 'NONE',  ( 1.000000000000000000, 1.672957273954558210E-16, 0.0000000000000000000 ) ) ;
#1454 = CARTESIAN_POINT ( 'NONE',  ( -3.463324160827482956, 0.8839582613272302103, -23.36082775643257037 ) ) ;
#1455 = CARTESIAN_POINT ( 'NONE',  ( 1.904048383564784119, 0.8884601108687011362, -29.49999999999999645 ) ) ;
#1456 = CIRCLE ( 'NONE', #6764, 3.205919556119595892 ) ;
#1457 = AXIS2_PLACEMENT_3D ( 'NONE', #3590, #8659, #2169 ) ;
#1458 = CARTESIAN_POINT ( 'NONE',  ( -2.984394458113841964, -0.8216974570748958318, -25.37564451671842036 ) ) ;
#1459 = DIRECTION ( 'NONE',  ( -0.9495826881108939688, 0.3135166956321285836, 0.0000000000000000000 ) ) ;
#1460 = FILL_AREA_STYLE_COLOUR ( '', #3985 ) ;
#1461 = EDGE_CURVE ( 'NONE', #7423, #6472, #3698, .T. ) ;
#1462 = CARTESIAN_POINT ( 'NONE',  ( 1.755541667288231356, 4.282270775395512707, -28.10000000000000497 ) ) ;
#1463 = VERTEX_POINT ( 'NONE', #5526 ) ;
#1464 = CARTESIAN_POINT ( 'NONE',  ( 3.203937384124786458, 0.4876087726119736621, -29.25436289818349778 ) ) ;
#1465 = MECHANICAL_DESIGN_GEOMETRIC_PRESENTATION_REPRESENTATION (  '', ( #273 ), #2680 ) ;
#1466 = CARTESIAN_POINT ( 'NONE',  ( 5.894229455969733245, -2.888787750238582142, -22.84818745086100122 ) ) ;
#1467 = PRESENTATION_STYLE_ASSIGNMENT (( #195 ) ) ;
#1468 =( NAMED_UNIT ( * ) SI_UNIT ( $, .STERADIAN. ) SOLID_ANGLE_UNIT ( ) );
#1469 = VERTEX_POINT ( 'NONE', #9154 ) ;
#1470 = CARTESIAN_POINT ( 'NONE',  ( -5.435770402589311878, -2.461186366918729274, -4.065758146820639261E-15 ) ) ;
#1471 = CARTESIAN_POINT ( 'NONE',  ( 5.637851296924623057E-15, 3.149999999999999911, 19.65249999999999631 ) ) ;
#1472 = FILL_AREA_STYLE_COLOUR ( '', #1887 ) ;
#1473 = ORIENTED_EDGE ( 'NONE', *, *, #7060, .F. ) ;
#1474 = EDGE_CURVE ( 'NONE', #4194, #982, #447, .T. ) ;
#1475 =( LENGTH_UNIT ( ) NAMED_UNIT ( * ) SI_UNIT ( .MILLI., .METRE. ) );
#1476 = PLANE ( 'NONE',  #139 ) ;
#1477 = ORIENTED_EDGE ( 'NONE', *, *, #517, .T. ) ;
#1478 =( NAMED_UNIT ( * ) SI_UNIT ( $, .STERADIAN. ) SOLID_ANGLE_UNIT ( ) );
#1479 =( BOUNDED_SURFACE ( )  B_SPLINE_SURFACE ( 3, 3, ( 
 ( #3022, #1514, #3687, #4303 ),
 ( #1412, #2930, #8025, #7306 ),
 ( #9334, #88, #8673, #2316 ),
 ( #4451, #8766, #4254, #2269 ) ),
 .UNSPECIFIED., .F., .F., .T. ) 
 B_SPLINE_SURFACE_WITH_KNOTS ( ( 4, 4 ),
 ( 4, 4 ),
 ( 0.0000000000000000000, 1.000000000000000000 ),
 ( 0.0000000000000000000, 1.000000000000000000 ),
 .UNSPECIFIED. ) 
 GEOMETRIC_REPRESENTATION_ITEM ( )  RATIONAL_B_SPLINE_SURFACE ( (
 ( 1.000000000000000000, 0.5423444637547523151, 0.5423444637547523151, 1.000000000000000000),
 ( 0.8047378541243640493, 0.4364451199582283225, 0.4364451199582283225, 0.8047378541243640493),
 ( 0.8047378541243640493, 0.4364451199582283225, 0.4364451199582283225, 0.8047378541243640493),
 ( 1.000000000000000000, 0.5423444637547523151, 0.5423444637547523151, 1.000000000000000000) ) ) 
 REPRESENTATION_ITEM ( '' )  SURFACE ( )  );
#1480 = CARTESIAN_POINT ( 'NONE',  ( 3.187685826374563991, 0.6999999999999999556, -28.35379515955781216 ) ) ;
#1481 = DIRECTION ( 'NONE',  ( 0.01764487228149948586, -6.215779883859139322E-14, -0.9998443171225056547 ) ) ;
#1482 = FACE_OUTER_BOUND ( 'NONE', #5270, .T. ) ;
#1483 = CARTESIAN_POINT ( 'NONE',  ( -5.210767358599760257, 2.787535110521076831, -23.18423843541935270 ) ) ;
#1484 = EDGE_CURVE ( 'NONE', #1053, #6938, #1282, .T. ) ;
#1485 = CARTESIAN_POINT ( 'NONE',  ( -4.713962118400871759, -2.891751566005217544, -19.02075132065520080 ) ) ;
#1486 = EDGE_CURVE ( 'NONE', #6687, #3304, #662, .T. ) ;
#1487 = SURFACE_SIDE_STYLE ('',( #827 ) ) ;
#1488 =( GEOMETRIC_REPRESENTATION_CONTEXT ( 3 ) GLOBAL_UNCERTAINTY_ASSIGNED_CONTEXT ( ( #3923 ) ) GLOBAL_UNIT_ASSIGNED_CONTEXT ( ( #6299, #1925, #9030 ) ) REPRESENTATION_CONTEXT ( 'NONE', 'WORKASPACE' ) );
#1489 = CARTESIAN_POINT ( 'NONE',  ( 1.327225430944994011, -3.329678907883669048, -23.47958468072756233 ) ) ;
#1490 = ORIENTED_EDGE ( 'NONE', *, *, #6284, .T. ) ;
#1491 = SURFACE_SIDE_STYLE ('',( #20 ) ) ;
#1492 = CARTESIAN_POINT ( 'NONE',  ( 1.437642309913507166, -3.326653165188130590, -23.25792224992049739 ) ) ;
#1493 = ORIENTED_EDGE ( 'NONE', *, *, #1484, .F. ) ;
#1494 = FILL_AREA_STYLE_COLOUR ( '', #7483 ) ;
#1495 = CARTESIAN_POINT ( 'NONE',  ( -3.276049450176239830, -0.6999999999999995115, -25.35000000000000497 ) ) ;
#1496 = CARTESIAN_POINT ( 'NONE',  ( -3.257876776420103759, 0.4869509282580239407, -26.20436310699473381 ) ) ;
#1497 = CARTESIAN_POINT ( 'NONE',  ( -2.993201758971644644, 0.7282307204263057665, -26.63269047128341072 ) ) ;
#1498 = CARTESIAN_POINT ( 'NONE',  ( 5.741716588130506338, 2.047907032641804292, -3.089976191583687637E-15 ) ) ;
#1499 = VECTOR ( 'NONE', #1690, 1000.000000000000000 ) ;
#1500 = SHAPE_DEFINITION_REPRESENTATION ( #8173, #3039 ) ;
#1501 = CARTESIAN_POINT ( 'NONE',  ( 1.979898987322334047, 0.6999999999999999556, -26.56915799020920588 ) ) ;
#1502 = SURFACE_STYLE_FILL_AREA ( #6626 ) ;
#1503 = PLANE ( 'NONE',  #6178 ) ;
#1504 = STYLED_ITEM ( 'NONE', ( #7094 ), #5097 ) ;
#1505 = SURFACE_SIDE_STYLE ('',( #3829 ) ) ;
#1506 = FACE_OUTER_BOUND ( 'NONE', #8863, .T. ) ;
#1507 = FILL_AREA_STYLE ('',( #1460 ) ) ;
#1508 = VERTEX_POINT ( 'NONE', #5577 ) ;
#1509 = FILL_AREA_STYLE ('',( #5827 ) ) ;
#1510 = CARTESIAN_POINT ( 'NONE',  ( -6.323227782603917824, 1.561437385388887211, -21.18582226083136533 ) ) ;
#1511 = PRESENTATION_LAYER_ASSIGNMENT (  '', '', ( #754 ) ) ;
#1512 = PRESENTATION_LAYER_ASSIGNMENT (  '', '', ( #9231 ) ) ;
#1513 = CARTESIAN_POINT ( 'NONE',  ( -3.276049450176239830, -0.9499999999999995115, -25.60000000000000497 ) ) ;
#1514 = CARTESIAN_POINT ( 'NONE',  ( -1.914383410920735828, 4.664109864742060019, -27.00000000000000000 ) ) ;
#1515 = PRESENTATION_STYLE_ASSIGNMENT (( #5785 ) ) ;
#1516 = CARTESIAN_POINT ( 'NONE',  ( 2.744925241453331388, -2.299263278104285213, -23.41277655857764373 ) ) ;
#1517 = ORIENTED_EDGE ( 'NONE', *, *, #7210, .T. ) ;
#1518 = DIRECTION ( 'NONE',  ( -1.000000000000000000, 0.0000000000000000000, 0.0000000000000000000 ) ) ;
#1519 = CARTESIAN_POINT ( 'NONE',  ( -2.972710410531938852, -0.4499999999999995670, -28.35000000000002629 ) ) ;
#1520 = ORIENTED_EDGE ( 'NONE', *, *, #1042, .F. ) ;
#1521 = B_SPLINE_CURVE_WITH_KNOTS ( 'NONE', 3,
 ( #3893, #206, #1054, #8273, #394, #8956, #3140, #311, #3193, #4700 ),
 .UNSPECIFIED., .F., .F.,
 ( 4, 2, 2, 2, 4 ),
 ( 0.0000000000000000000, 0.2500000000000000000, 0.5000000000000000000, 0.7500000000000000000, 1.000000000000000000 ),
 .UNSPECIFIED. ) ;
#1522 = CARTESIAN_POINT ( 'NONE',  ( 2.925000000000000711, 1.224999999999999201, 6.599999999999999645 ) ) ;
#1523 =( NAMED_UNIT ( * ) PLANE_ANGLE_UNIT ( ) SI_UNIT ( $, .RADIAN. ) );
#1524 = CARTESIAN_POINT ( 'NONE',  ( -5.553794492249083170, -2.681864690635733073, -0.2500000000000004996 ) ) ;
#1525 = CARTESIAN_POINT ( 'NONE',  ( 5.599124030206952263, 2.677997993475585314, -19.19953762027773791 ) ) ;
#1526 = CARTESIAN_POINT ( 'NONE',  ( 2.123505570244350604, 2.899339087008188987, -23.44851685890652959 ) ) ;
#1527 = ORIENTED_EDGE ( 'NONE', *, *, #8058, .F. ) ;
#1528 = CARTESIAN_POINT ( 'NONE',  ( -3.252572334970516454, 0.4870147112371995823, -26.50436289882710028 ) ) ;
#1529 = CARTESIAN_POINT ( 'NONE',  ( 6.298547401977682370, 1.898452623927287419, -23.03786117790923882 ) ) ;
#1530 = CARTESIAN_POINT ( 'NONE',  ( 1.589309410256830423E-16, -0.9500000000000000666, -29.25000000000000000 ) ) ;
#1531 = CARTESIAN_POINT ( 'NONE',  ( 4.992962018374508482, 2.960845848910202527, -20.85272001113170148 ) ) ;
#1532 = CARTESIAN_POINT ( 'NONE',  ( 2.925000000000000266, 6.740375306945725563E-16, 0.0000000000000000000 ) ) ;
#1533 = MECHANICAL_DESIGN_GEOMETRIC_PRESENTATION_REPRESENTATION (  '', ( #3364 ), #5923 ) ;
#1534 = STYLED_ITEM ( 'NONE', ( #2670 ), #5884 ) ;
#1535 = CARTESIAN_POINT ( 'NONE',  ( -2.912274948409522501, -0.9499999999999995115, -25.10000000000000497 ) ) ;
#1536 = CARTESIAN_POINT ( 'NONE',  ( -1.872832080032804658, -0.9499999999999998446, -29.50000000000000355 ) ) ;
#1537 =( BOUNDED_SURFACE ( )  B_SPLINE_SURFACE ( 3, 2, ( 
 ( #805, #3693, #6595 ),
 ( #6845, #6227, #7639 ),
 ( #9096, #3190, #3331 ),
 ( #4741, #6185, #4032 ) ),
 .UNSPECIFIED., .F., .F., .T. ) 
 B_SPLINE_SURFACE_WITH_KNOTS ( ( 4, 4 ),
 ( 3, 3 ),
 ( 0.0000000000000000000, 0.0009001402534121780803 ),
 ( 0.0000000000000000000, 1.000000000000000000 ),
 .UNSPECIFIED. ) 
 GEOMETRIC_REPRESENTATION_ITEM ( )  RATIONAL_B_SPLINE_SURFACE ( (
 ( 1.000000000000000000, 0.7584309759676206575, 1.000000000000000000),
 ( 1.000000000000000000, 0.7583441562058510499, 1.000000000000000000),
 ( 1.000000000000000000, 0.7582577775424768074, 1.000000000000000000),
 ( 1.000000000000000000, 0.7581718333143204758, 1.000000000000000000) ) ) 
 REPRESENTATION_ITEM ( '' )  SURFACE ( )  );
#1538 = CARTESIAN_POINT ( 'NONE',  ( -3.063714927208017524, -1.029628659052497452, -29.75436310162017506 ) ) ;
#1539 = AXIS2_PLACEMENT_3D ( 'NONE', #907, #1944, #400 ) ;
#1540 = CARTESIAN_POINT ( 'NONE',  ( -1.838886877592894153, -2.804973459594752860, -23.70148648615026943 ) ) ;
#1541 = ORIENTED_EDGE ( 'NONE', *, *, #5617, .F. ) ;
#1542 = CARTESIAN_POINT ( 'NONE',  ( -5.511007540217137901, -2.741600250129770266, -23.14666640642033713 ) ) ;
#1543 = ORIENTED_EDGE ( 'NONE', *, *, #5316, .F. ) ;
#1544 = DIRECTION ( 'NONE',  ( -1.000000000000000000, -1.672957273954558210E-16, -0.0000000000000000000 ) ) ;
#1545 = DIRECTION ( 'NONE',  ( -1.672957273954558210E-16, -1.000000000000000000, 0.0000000000000000000 ) ) ;
#1546 = CARTESIAN_POINT ( 'NONE',  ( -2.826775610078679613, 0.9499999999999998446, -29.50000000000000355 ) ) ;
#1547 = EDGE_CURVE ( 'NONE', #599, #8963, #4920, .T. ) ;
#1548 = SURFACE_STYLE_FILL_AREA ( #4482 ) ;
#1549 = UNCERTAINTY_MEASURE_WITH_UNIT (LENGTH_MEASURE( 1.000000000000000082E-05 ), #4959, 'distance_accuracy_value', 'NONE');
#1550 = CARTESIAN_POINT ( 'NONE',  ( -6.050000000000008704, -2.744927974232791890, -18.87548450340290174 ) ) ;
#1551 = SURFACE_STYLE_USAGE ( .BOTH. , #6494 ) ;
#1552 = CARTESIAN_POINT ( 'NONE',  ( -6.065444240656108654, -1.397679964033983646, -19.12355392525030595 ) ) ;
#1553 = SURFACE_STYLE_FILL_AREA ( #2082 ) ;
#1554 =( NAMED_UNIT ( * ) PLANE_ANGLE_UNIT ( ) SI_UNIT ( $, .RADIAN. ) );
#1555 = SURFACE_SIDE_STYLE ('',( #8800 ) ) ;
#1556 = VERTEX_POINT ( 'NONE', #8453 ) ;
#1557 = EDGE_CURVE ( 'NONE', #1122, #317, #6342, .T. ) ;
#1558 = CARTESIAN_POINT ( 'NONE',  ( 3.186676573704561921, 0.5648500294604917871, -29.51961587295434697 ) ) ;
#1559 = FILL_AREA_STYLE_COLOUR ( '', #4829 ) ;
#1560 = CARTESIAN_POINT ( 'NONE',  ( 2.940129638815517588, -1.591137313087348293, -23.63050051879965352 ) ) ;
#1561 = ORIENTED_EDGE ( 'NONE', *, *, #6428, .F. ) ;
#1562 = CARTESIAN_POINT ( 'NONE',  ( -5.688419972120939860, -2.201535222751743071, -5.095750210681865318E-15 ) ) ;
#1563 = AXIS2_PLACEMENT_3D ( 'NONE', #8396, #1037, #5454 ) ;
#1564 = CARTESIAN_POINT ( 'NONE',  ( 0.0000000000000000000, 0.0000000000000000000, -27.00000000000000355 ) ) ;
#1565 = ORIENTED_EDGE ( 'NONE', *, *, #2881, .T. ) ;
#1566 = CARTESIAN_POINT ( 'NONE',  ( 1.861642404832314801, -3.310010245961619191, -23.21005533523129927 ) ) ;
#1567 = CARTESIAN_POINT ( 'NONE',  ( 3.268484527109242421, 0.4868243463363506329, -25.60436319814958850 ) ) ;
#1568 = COLOUR_RGB ( '',0.2509803921568627416, 0.2509803921568627416, 0.2509803921568627416 ) ;
#1569 = CARTESIAN_POINT ( 'NONE',  ( 2.966119722391963975, 2.018313566088614674, -23.39820028894701309 ) ) ;
#1570 = ORIENTED_EDGE ( 'NONE', *, *, #3995, .F. ) ;
#1571 = CARTESIAN_POINT ( 'NONE',  ( -6.268851540329241523, -2.778848167523647383, -20.75081232263396203 ) ) ;
#1572 = CARTESIAN_POINT ( 'NONE',  ( -5.021694169312819866, 3.058176305891280311, -21.47721983868527929 ) ) ;
#1573 = SURFACE_STYLE_FILL_AREA ( #4561 ) ;
#1574 = CARTESIAN_POINT ( 'NONE',  ( 6.316880344890968502, 1.545372342530292542, -21.13504275912776720 ) ) ;
#1575 = CARTESIAN_POINT ( 'NONE',  ( -6.519762806260278154, 1.546441040714790827, -22.75810245017246203 ) ) ;
#1576 = SURFACE_STYLE_USAGE ( .BOTH. , #7463 ) ;
#1577 =( NAMED_UNIT ( * ) PLANE_ANGLE_UNIT ( ) SI_UNIT ( $, .RADIAN. ) );
#1578 = STYLED_ITEM ( 'NONE', ( #784 ), #8027 ) ;
#1579 = PRESENTATION_LAYER_ASSIGNMENT (  '', '', ( #5373 ) ) ;
#1580 = AXIS2_PLACEMENT_3D ( 'NONE', #1420, #3606, #5351 ) ;
#1581 = ORIENTED_EDGE ( 'NONE', *, *, #4212, .T. ) ;
#1582 = CARTESIAN_POINT ( 'NONE',  ( -6.065444246572663012, -1.397760580596300484, -19.12355397258131262 ) ) ;
#1583 = FACE_OUTER_BOUND ( 'NONE', #1856, .T. ) ;
#1584 = ORIENTED_EDGE ( 'NONE', *, *, #5730, .F. ) ;
#1585 =( NAMED_UNIT ( * ) SI_UNIT ( $, .STERADIAN. ) SOLID_ANGLE_UNIT ( ) );
#1586 =( LENGTH_UNIT ( ) NAMED_UNIT ( * ) SI_UNIT ( .MILLI., .METRE. ) );
#1587 = CARTESIAN_POINT ( 'NONE',  ( 0.1104741033009089962, 3.344970657754949173, -23.52028066047219212 ) ) ;
#1588 =( NAMED_UNIT ( * ) SI_UNIT ( $, .STERADIAN. ) SOLID_ANGLE_UNIT ( ) );
#1589 =( LENGTH_UNIT ( ) NAMED_UNIT ( * ) SI_UNIT ( .MILLI., .METRE. ) );
#1590 = PRESENTATION_STYLE_ASSIGNMENT (( #8105 ) ) ;
#1591 = SURFACE_STYLE_FILL_AREA ( #8061 ) ;
#1592 = UNCERTAINTY_MEASURE_WITH_UNIT (LENGTH_MEASURE( 1.000000000000000082E-05 ), #5497, 'distance_accuracy_value', 'NONE');
#1593 = ADVANCED_FACE ( 'NONE', ( #3518 ), #5748, .F. ) ;
#1594 = SURFACE_SIDE_STYLE ('',( #8108 ) ) ;
#1595 = ORIENTED_EDGE ( 'NONE', *, *, #1716, .F. ) ;
#1596 =( NAMED_UNIT ( * ) PLANE_ANGLE_UNIT ( ) SI_UNIT ( $, .RADIAN. ) );
#1597 = CARTESIAN_POINT ( 'NONE',  ( -6.336395993654732273, -1.568269227114549969, -21.29116794923787737 ) ) ;
#1598 = FACE_OUTER_BOUND ( 'NONE', #6558, .T. ) ;
#1599 = FACE_OUTER_BOUND ( 'NONE', #1076, .T. ) ;
#1600 = CARTESIAN_POINT ( 'NONE',  ( -6.226830715045936770, 1.379626407260506227, -20.41464572036751335 ) ) ;
#1601 = VECTOR ( 'NONE', #1846, 1000.000000000000000 ) ;
#1602 = CARTESIAN_POINT ( 'NONE',  ( 6.062368957637789713, -2.817570962154237968, -23.07221727517323018 ) ) ;
#1603 = EDGE_CURVE ( 'NONE', #8526, #8560, #3552, .T. ) ;
#1604 = EDGE_CURVE ( 'NONE', #4668, #8075, #4297, .T. ) ;
#1605 = CARTESIAN_POINT ( 'NONE',  ( -2.861741315536934227, -0.9500000000000002887, -28.10000000000000497 ) ) ;
#1606 = ORIENTED_EDGE ( 'NONE', *, *, #2240, .T. ) ;
#1607 = DIRECTION ( 'NONE',  ( -0.0000000000000000000, -1.000000000000000000, -0.0000000000000000000 ) ) ;
#1608 = EDGE_LOOP ( 'NONE', ( #6300, #2932, #3238, #6148 ) ) ;
#1609 = CARTESIAN_POINT ( 'NONE',  ( 2.984394458113841964, 0.8216974570748958318, -25.37564451671842036 ) ) ;
#1610 = STYLED_ITEM ( 'NONE', ( #5689 ), #3186 ) ;
#1611 = CARTESIAN_POINT ( 'NONE',  ( 5.981977682925262663, -2.582081685469243215, -23.08337833129384364 ) ) ;
#1612 = FACE_OUTER_BOUND ( 'NONE', #361, .T. ) ;
#1613 = CARTESIAN_POINT ( 'NONE',  ( 1.697821304077727245, 3.349849575908943944, -20.85272001113171214 ) ) ;
#1614 = AXIS2_PLACEMENT_3D ( 'NONE', #4851, #5707, #6996 ) ;
#1615 = CARTESIAN_POINT ( 'NONE',  ( 1.647584942766638694, 3.319210785163663857, -23.21924558604863265 ) ) ;
#1616 = B_SPLINE_CURVE_WITH_KNOTS ( 'NONE', 3,
 ( #8762, #4399, #6456, #7162, #3555, #9328, #1558, #4352, #1409, #1464 ),
 .UNSPECIFIED., .F., .F.,
 ( 4, 2, 2, 2, 4 ),
 ( 0.0000000000000000000, 0.2500000000000000000, 0.5000000000000000000, 0.7500000000000000000, 1.000000000000000000 ),
 .UNSPECIFIED. ) ;
#1617 = EDGE_LOOP ( 'NONE', ( #1866, #7077, #4197, #2410 ) ) ;
#1618 = CARTESIAN_POINT ( 'NONE',  ( 5.882827173896436612, 2.646977215636762804, -23.09758551171244889 ) ) ;
#1619 = CARTESIAN_POINT ( 'NONE',  ( -2.877370061222676245, -0.9499999999999997335, -26.75000000000000000 ) ) ;
#1620 = FACE_OUTER_BOUND ( 'NONE', #5334, .T. ) ;
#1621 =( NAMED_UNIT ( * ) PLANE_ANGLE_UNIT ( ) SI_UNIT ( $, .RADIAN. ) );
#1622 = CARTESIAN_POINT ( 'NONE',  ( -2.984275919609483907, 0.8219868212766958671, -25.37544128308730507 ) ) ;
#1623 =( GEOMETRIC_REPRESENTATION_CONTEXT ( 3 ) GLOBAL_UNCERTAINTY_ASSIGNED_CONTEXT ( ( #4426 ) ) GLOBAL_UNIT_ASSIGNED_CONTEXT ( ( #7277, #59, #8735 ) ) REPRESENTATION_CONTEXT ( 'NONE', 'WORKASPACE' ) );
#1624 = FACE_OUTER_BOUND ( 'NONE', #1279, .T. ) ;
#1625 = EDGE_CURVE ( 'NONE', #6628, #4307, #6890, .T. ) ;
#1626 = ORIENTED_EDGE ( 'NONE', *, *, #5098, .F. ) ;
#1627 = CARTESIAN_POINT ( 'NONE',  ( -4.741856460906237913, -2.888676873037197890, -19.30960607446512611 ) ) ;
#1628 = ORIENTED_EDGE ( 'NONE', *, *, #2100, .F. ) ;
#1629 = CIRCLE ( 'NONE', #5735, 0.2499999999999993339 ) ;
#1630 = CARTESIAN_POINT ( 'NONE',  ( 0.1462347125720324104, 3.336765794446698852, -23.57545663138866487 ) ) ;
#1631 = FILL_AREA_STYLE_COLOUR ( '', #980 ) ;
#1632 =( NAMED_UNIT ( * ) SI_UNIT ( $, .STERADIAN. ) SOLID_ANGLE_UNIT ( ) );
#1633 = CARTESIAN_POINT ( 'NONE',  ( -3.109918706503830066, 0.8921468537782532016, -29.75436307479939657 ) ) ;
#1634 = CARTESIAN_POINT ( 'NONE',  ( -6.336395971950123496, 1.568269229645734786, -21.29116777560100715 ) ) ;
#1635 = B_SPLINE_CURVE_WITH_KNOTS ( 'NONE', 3,
 ( #80, #6536, #2966, #5866, #2304, #7337 ),
 .UNSPECIFIED., .F., .F.,
 ( 4, 2, 4 ),
 ( 0.0000000000000000000, 0.0002044750616301801494, 0.0004089501232603601362 ),
 .UNSPECIFIED. ) ;
#1636 = UNCERTAINTY_MEASURE_WITH_UNIT (LENGTH_MEASURE( 1.000000000000000082E-05 ), #8558, 'distance_accuracy_value', 'NONE');
#1637 = CARTESIAN_POINT ( 'NONE',  ( -3.114729576739863504, 1.028367236380262728, -27.00436310158911724 ) ) ;
#1638 =( NAMED_UNIT ( * ) PLANE_ANGLE_UNIT ( ) SI_UNIT ( $, .RADIAN. ) );
#1639 = VERTEX_POINT ( 'NONE', #7980 ) ;
#1640 = DIRECTION ( 'NONE',  ( 0.0000000000000000000, 0.0000000000000000000, 1.000000000000000000 ) ) ;
#1641 = B_SPLINE_CURVE_WITH_KNOTS ( 'NONE', 3,
 ( #6908, #9114, #3302, #6201 ),
 .UNSPECIFIED., .F., .F.,
 ( 4, 4 ),
 ( 0.0000000000000000000, 1.000000000000000000 ),
 .UNSPECIFIED. ) ;
#1642 = CARTESIAN_POINT ( 'NONE',  ( 6.336395963635964357, 1.568269230615330967, -21.29116770908774114 ) ) ;
#1643 = VECTOR ( 'NONE', #6814, 1000.000000000000000 ) ;
#1644 = ORIENTED_EDGE ( 'NONE', *, *, #2483, .F. ) ;
#1645 =( BOUNDED_SURFACE ( )  B_SPLINE_SURFACE ( 2, 3, ( 
 ( #8271, #6740, #1853, #1052 ),
 ( #1758, #9097, #1000, #8222 ),
 ( #947, #5364, #5465, #3891 ) ),
 .UNSPECIFIED., .F., .F., .T. ) 
 B_SPLINE_SURFACE_WITH_KNOTS ( ( 3, 3 ),
 ( 4, 4 ),
 ( 0.0000000000000000000, 1.000000000000000000 ),
 ( 4.822497354799462954, 4.825271359675769922 ),
 .UNSPECIFIED. ) 
 GEOMETRIC_REPRESENTATION_ITEM ( )  RATIONAL_B_SPLINE_SURFACE ( (
 ( 1.000000000000000000, 1.000000000000000000, 1.000000000000000000, 1.000000000000000000),
 ( 1.489320292087568331, 1.489932632847580374, 1.490544502060684673, 1.491155899116284766),
 ( 1.000000000000000000, 1.000000000000000000, 1.000000000000000000, 1.000000000000000000) ) ) 
 REPRESENTATION_ITEM ( '' )  SURFACE ( )  );
#1646 = CARTESIAN_POINT ( 'NONE',  ( -3.269620074757197958, -0.4875395571204914069, -25.53398120212570177 ) ) ;
#1647 = CARTESIAN_POINT ( 'NONE',  ( 3.140460473647362249, 0.8958193202509839859, -27.86586661891804795 ) ) ;
#1648 = CARTESIAN_POINT ( 'NONE',  ( 3.114729576739698302, 1.028367236380207661, -27.00436310160932507 ) ) ;
#1649 = CARTESIAN_POINT ( 'NONE',  ( -3.096580924982416771, 1.027958698699273921, -27.99876908820495558 ) ) ;
#1650 = B_SPLINE_CURVE_WITH_KNOTS ( 'NONE', 3,
 ( #4889, #3468, #5426, #9054, #1858, #397, #4121, #2573, #4746, #1143, #1187, #6942, #4080, #441 ),
 .UNSPECIFIED., .F., .F.,
 ( 4, 2, 2, 2, 2, 2, 4 ),
 ( 0.0000000000000000000, 0.1250000000000000000, 0.2500000000000000000, 0.5000000000000000000, 0.7500000000000000000, 0.8750000000000000000, 1.000000000000000000 ),
 .UNSPECIFIED. ) ;
#1651 =( GEOMETRIC_REPRESENTATION_CONTEXT ( 3 ) GLOBAL_UNCERTAINTY_ASSIGNED_CONTEXT ( ( #2216 ) ) GLOBAL_UNIT_ASSIGNED_CONTEXT ( ( #2406, #186, #5120 ) ) REPRESENTATION_CONTEXT ( 'NONE', 'WORKASPACE' ) );
#1652 = FACE_OUTER_BOUND ( 'NONE', #4625, .T. ) ;
#1653 = CARTESIAN_POINT ( 'NONE',  ( 4.992950293751204249, -2.960847196383306290, -20.85271996550762807 ) ) ;
#1654 = CARTESIAN_POINT ( 'NONE',  ( 0.2157039751432499042, -3.342096742465139769, -23.52513446725962964 ) ) ;
#1655 = CARTESIAN_POINT ( 'NONE',  ( 1.656690246427393820, 3.197018399060474358, -23.46944665737579427 ) ) ;
#1656 = SURFACE_STYLE_FILL_AREA ( #4406 ) ;
#1657 = VERTEX_POINT ( 'NONE', #2189 ) ;
#1658 = CARTESIAN_POINT ( 'NONE',  ( 5.707427580947388002, -2.694932990855077648, -23.12089784715694663 ) ) ;
#1659 = ADVANCED_FACE ( 'NONE', ( #5134 ), #4191, .T. ) ;
#1660 = EDGE_CURVE ( 'NONE', #560, #6914, #4765, .T. ) ;
#1661 = CARTESIAN_POINT ( 'NONE',  ( -1.914361188567524685, -4.664055723290446487, -27.00436310160932862 ) ) ;
#1662 = CARTESIAN_POINT ( 'NONE',  ( -2.956820874848935965, -0.6999999999999995115, -29.24999999914924231 ) ) ;
#1663 = CARTESIAN_POINT ( 'NONE',  ( -1.655470860156235569, 3.197509390892545600, -23.46948417933843345 ) ) ;
#1664 = CARTESIAN_POINT ( 'NONE',  ( -3.222230978601312579, 0.4873831694865562447, -28.22012214862808577 ) ) ;
#1665 = MECHANICAL_DESIGN_GEOMETRIC_PRESENTATION_REPRESENTATION (  '', ( #1820 ), #5005 ) ;
#1666 = PRESENTATION_STYLE_ASSIGNMENT (( #2429 ) ) ;
#1667 = ORIENTED_EDGE ( 'NONE', *, *, #5534, .T. ) ;
#1668 = DIRECTION ( 'NONE',  ( 1.369518533665900312E-16, 0.0000000000000000000, -1.000000000000000000 ) ) ;
#1669 = CARTESIAN_POINT ( 'NONE',  ( 2.159131051969341630, -2.547043467338149902, -23.68338638972068466 ) ) ;
#1670 =( LENGTH_UNIT ( ) NAMED_UNIT ( * ) SI_UNIT ( .MILLI., .METRE. ) );
#1671 = ADVANCED_FACE ( 'NONE', ( #3975 ), #5169, .T. ) ;
#1672 = CARTESIAN_POINT ( 'NONE',  ( 1.979898987322333603, 0.6999999999999998446, -26.50000000000000355 ) ) ;
#1673 =( BOUNDED_CURVE ( )  B_SPLINE_CURVE ( 2, ( #7449, #8034, #259 ),
 .UNSPECIFIED., .F., .T. ) 
 B_SPLINE_CURVE_WITH_KNOTS ( ( 3, 3 ),
 ( 0.0000000000000000000, 1.000000000000000000 ),
 .UNSPECIFIED. ) 
 CURVE ( )  GEOMETRIC_REPRESENTATION_ITEM ( )  RATIONAL_B_SPLINE_CURVE ( ( 1.000000000000000000, 1.489454356889000630, 1.000000000000000000 ) ) 
 REPRESENTATION_ITEM ( '' )  );
#1674 = DIRECTION ( 'NONE',  ( 0.0000000000000000000, 0.0000000000000000000, -1.000000000000000000 ) ) ;
#1675 = CARTESIAN_POINT ( 'NONE',  ( 2.925000000000000711, 0.6249999999999997780, 0.0000000000000000000 ) ) ;
#1676 =( LENGTH_UNIT ( ) NAMED_UNIT ( * ) SI_UNIT ( .MILLI., .METRE. ) );
#1677 = VERTEX_POINT ( 'NONE', #6444 ) ;
#1678 = CARTESIAN_POINT ( 'NONE',  ( -5.695650154586321179, -2.588978302410925192, -0.2500000000000007772 ) ) ;
#1679 = CARTESIAN_POINT ( 'NONE',  ( -3.140460473647626038, -0.8958193202499824537, -27.86586661891804795 ) ) ;
#1680 = VERTEX_POINT ( 'NONE', #8653 ) ;
#1681 = SURFACE_STYLE_FILL_AREA ( #3350 ) ;
#1682 = CARTESIAN_POINT ( 'NONE',  ( 4.883789594090751862, 2.873088431981042579, 2.799508115373122482E-14 ) ) ;
#1683 = PRESENTATION_STYLE_ASSIGNMENT (( #926 ) ) ;
#1684 = B_SPLINE_CURVE_WITH_KNOTS ( 'NONE', 3,
 ( #856, #7929, #898, #2318, #2846, #5211 ),
 .UNSPECIFIED., .F., .F.,
 ( 4, 2, 4 ),
 ( 0.0000000000000000000, 0.5000000000000000000, 1.000000000000000000 ),
 .UNSPECIFIED. ) ;
#1685 = VECTOR ( 'NONE', #8754, 1000.000000000000000 ) ;
#1686 = CARTESIAN_POINT ( 'NONE',  ( -3.203937384124792231, -0.4876087726119338051, -29.25436289816928692 ) ) ;
#1687 = UNCERTAINTY_MEASURE_WITH_UNIT (LENGTH_MEASURE( 1.000000000000000082E-05 ), #1372, 'distance_accuracy_value', 'NONE');
#1688 = CARTESIAN_POINT ( 'NONE',  ( -1.192048598925646852, -3.247614445146906448, -23.51669829439661896 ) ) ;
#1689 = VERTEX_POINT ( 'NONE', #4336 ) ;
#1690 = DIRECTION ( 'NONE',  ( -0.0000000000000000000, -0.0000000000000000000, 1.000000000000000000 ) ) ;
#1691 = CARTESIAN_POINT ( 'NONE',  ( 5.210763264152263652, 2.787535603343360702, -23.18423893347804210 ) ) ;
#1692 = DIRECTION ( 'NONE',  ( 0.0000000000000000000, 0.0000000000000000000, 1.000000000000000000 ) ) ;
#1693 = DIRECTION ( 'NONE',  ( 0.0000000000000000000, 0.0000000000000000000, -1.000000000000000000 ) ) ;
#1694 = CARTESIAN_POINT ( 'NONE',  ( 5.154027357145223753, -2.937870576490392516, -20.83985447135851388 ) ) ;
#1695 = STYLED_ITEM ( 'NONE', ( #4124 ), #6034 ) ;
#1696 = ORIENTED_EDGE ( 'NONE', *, *, #2483, .T. ) ;
#1697 = SURFACE_SIDE_STYLE ('',( #6585 ) ) ;
#1698 = VECTOR ( 'NONE', #6458, 1000.000000000000000 ) ;
#1699 = CARTESIAN_POINT ( 'NONE',  ( 3.143912349475330714, 0.9530515563190476991, -26.76954773631340245 ) ) ;
#1700 = CARTESIAN_POINT ( 'NONE',  ( 1.901072084220505776, 4.637261296539250566, -27.85436310159641948 ) ) ;
#1701 = CIRCLE ( 'NONE', #5501, 43.15249999999993946 ) ;
#1702 =( LENGTH_UNIT ( ) NAMED_UNIT ( * ) SI_UNIT ( .MILLI., .METRE. ) );
#1703 = CARTESIAN_POINT ( 'NONE',  ( 2.377389858846808757, 2.681217034944570088, -23.43468634800689188 ) ) ;
#1704 = EDGE_LOOP ( 'NONE', ( #2295, #8314, #4658, #7421, #4583, #6750 ) ) ;
#1705 = CARTESIAN_POINT ( 'NONE',  ( 0.6051522520461373178, -3.345778946313241242, -23.41948563077995260 ) ) ;
#1706 = CARTESIAN_POINT ( 'NONE',  ( 6.067730761950961949, -2.742094147192009945, -19.14184609560768990 ) ) ;
#1707 = VERTEX_POINT ( 'NONE', #1444 ) ;
#1708 = CARTESIAN_POINT ( 'NONE',  ( 6.304526157958656896, -1.775730774030843895, -23.03697467357945072 ) ) ;
#1709 =( GEOMETRIC_REPRESENTATION_CONTEXT ( 3 ) GLOBAL_UNCERTAINTY_ASSIGNED_CONTEXT ( ( #9380 ) ) GLOBAL_UNIT_ASSIGNED_CONTEXT ( ( #5965, #5455, #241 ) ) REPRESENTATION_CONTEXT ( 'NONE', 'WORKASPACE' ) );
#1710 = CARTESIAN_POINT ( 'NONE',  ( 2.965592591092354624, 0.9966524939202081601, -29.50000000000000355 ) ) ;
#1711 = SURFACE_STYLE_USAGE ( .BOTH. , #4510 ) ;
#1712 = DIRECTION ( 'NONE',  ( -0.0000000000000000000, -0.0000000000000000000, -1.000000000000000000 ) ) ;
#1713 = AXIS2_PLACEMENT_3D ( 'NONE', #5821, #7341, #933 ) ;
#1714 = CARTESIAN_POINT ( 'NONE',  ( 0.4146723793555701087, -3.314993094966126375, -23.62272085114335951 ) ) ;
#1715 = ORIENTED_EDGE ( 'NONE', *, *, #9304, .F. ) ;
#1716 = EDGE_CURVE ( 'NONE', #903, #5879, #1314, .T. ) ;
#1717 = CARTESIAN_POINT ( 'NONE',  ( 6.488345274934264495, 2.882135770455455326, -22.50676219946891621 ) ) ;
#1718 = CARTESIAN_POINT ( 'NONE',  ( 5.680403382457863692, 2.702474311612444335, -23.12449512534897877 ) ) ;
#1719 = DIRECTION ( 'NONE',  ( 0.1092371406278130480, 0.9940157177366257812, 1.734723475976806306E-15 ) ) ;
#1720 = DIRECTION ( 'NONE',  ( -1.000000000000000000, 0.0000000000000000000, 0.0000000000000000000 ) ) ;
#1721 = SURFACE_SIDE_STYLE ('',( #6052 ) ) ;
#1722 = CARTESIAN_POINT ( 'NONE',  ( -3.023617454914273583, 0.6999999999999995115, -25.53292293010282776 ) ) ;
#1723 = SURFACE_STYLE_USAGE ( .BOTH. , #7522 ) ;
#1724 = EDGE_LOOP ( 'NONE', ( #2161, #8629, #8974, #7754 ) ) ;
#1725 = ADVANCED_FACE ( 'NONE', ( #601 ), #6397, .F. ) ;
#1726 = PRESENTATION_LAYER_ASSIGNMENT (  '', '', ( #661 ) ) ;
#1727 = EDGE_CURVE ( 'NONE', #5680, #1072, #5071, .T. ) ;
#1728 = DIRECTION ( 'NONE',  ( -0.0000000000000000000, -0.0000000000000000000, -1.000000000000000000 ) ) ;
#1729 = VERTEX_POINT ( 'NONE', #3453 ) ;
#1730 = CARTESIAN_POINT ( 'NONE',  ( -3.035766082959412415E-15, 40.00249999999994088, -20.85272001113170504 ) ) ;
#1731 = CARTESIAN_POINT ( 'NONE',  ( 5.412419142071689393, 2.749423773488581357, -1.817247139941139911E-14 ) ) ;
#1732 = CIRCLE ( 'NONE', #7495, 0.2500000000000025535 ) ;
#1733 = CARTESIAN_POINT ( 'NONE',  ( 1.861642404854272792, 3.310010245960672393, -23.21005533523035425 ) ) ;
#1734 = CARTESIAN_POINT ( 'NONE',  ( -0.5214644187019580324, 3.346989068166752013, -23.48754047432672820 ) ) ;
#1735 =( BOUNDED_SURFACE ( )  B_SPLINE_SURFACE ( 3, 2, ( 
 ( #5853, #7324, #825 ),
 ( #3713, #6614, #5188 ),
 ( #3154, #4712, #450 ),
 ( #9112, #5329, #6954 ),
 ( #1722, #5438, #1862 ),
 ( #1066, #407, #3344 ) ),
 .UNSPECIFIED., .F., .F., .T. ) 
 B_SPLINE_SURFACE_WITH_KNOTS ( ( 4, 2, 4 ),
 ( 3, 3 ),
 ( 0.0000000000000000000, 0.0003963293559928105403, 0.0007926587119856210806 ),
 ( 0.0000000000000000000, 1.000000000000000000 ),
 .UNSPECIFIED. ) 
 GEOMETRIC_REPRESENTATION_ITEM ( )  RATIONAL_B_SPLINE_SURFACE ( (
 ( 1.000000000000000000, 0.7132504491541877822, 1.000000000000000000),
 ( 1.000000000000000000, 0.7412215658176267707, 1.000000000000000000),
 ( 1.000000000000000000, 0.7541451049535164985, 1.000000000000000000),
 ( 1.000000000000000000, 0.7621954472694448812, 1.000000000000000000),
 ( 1.000000000000000000, 0.7585158566028944449, 1.000000000000000000),
 ( 1.000000000000000000, 0.7573959945955296424, 1.000000000000000000) ) ) 
 REPRESENTATION_ITEM ( '' )  SURFACE ( )  );
#1736 = DIRECTION ( 'NONE',  ( -0.1240212162820362174, -0.01476361321256778290, 0.9921697302562874077 ) ) ;
#1737 = VECTOR ( 'NONE', #7036, 1000.000000000000000 ) ;
#1738 = CARTESIAN_POINT ( 'NONE',  ( 1.871420061658900735, 4.577485074376067331, -29.75000000000000000 ) ) ;
#1739 = DIRECTION ( 'NONE',  ( -1.000000000000000000, 0.0000000000000000000, 0.0000000000000000000 ) ) ;
#1740 = CIRCLE ( 'NONE', #4300, 0.6249999999999996669 ) ;
#1741 = COLOUR_RGB ( '',0.2509803921568627416, 0.2509803921568627416, 0.2509803921568627416 ) ;
#1742 = ORIENTED_EDGE ( 'NONE', *, *, #2178, .F. ) ;
#1743 = DIRECTION ( 'NONE',  ( 0.1240229260171851339, -0.01379849407828886119, -0.9921834081374810710 ) ) ;
#1744 = CARTESIAN_POINT ( 'NONE',  ( -2.877370061222676245, -0.9499999999999997335, -26.75000000000000000 ) ) ;
#1745 = B_SPLINE_CURVE_WITH_KNOTS ( 'NONE', 3,
 ( #7874, #7345, #4249, #846 ),
 .UNSPECIFIED., .F., .F.,
 ( 4, 4 ),
 ( 0.0000000000000000000, 0.9999988505065945388 ),
 .UNSPECIFIED. ) ;
#1746 = CARTESIAN_POINT ( 'NONE',  ( 6.329744543988375050, 1.569044888106412072, -21.23795635190701958 ) ) ;
#1747 = MECHANICAL_DESIGN_GEOMETRIC_PRESENTATION_REPRESENTATION (  '', ( #2048 ), #2337 ) ;
#1748 = SURFACE_STYLE_USAGE ( .BOTH. , #8313 ) ;
#1749 = ORIENTED_EDGE ( 'NONE', *, *, #8599, .F. ) ;
#1750 = CARTESIAN_POINT ( 'NONE',  ( -1.861692363915530057, -3.060240853785059389, -23.45982056181006925 ) ) ;
#1751 = CARTESIAN_POINT ( 'NONE',  ( -2.902836885024079994, 0.8218474485176853195, -29.47442521453007913 ) ) ;
#1752 = CARTESIAN_POINT ( 'NONE',  ( 6.316880344890968502, -1.545372342530291654, -21.13504275912776720 ) ) ;
#1753 = CARTESIAN_POINT ( 'NONE',  ( 3.205919556119596336, 0.0000000000000000000, -31.25436310159557252 ) ) ;
#1754 = EDGE_CURVE ( 'NONE', #1246, #1556, #5013, .T. ) ;
#1755 = COLOUR_RGB ( '',0.2509803921568627416, 0.2509803921568627416, 0.2509803921568627416 ) ;
#1756 = CARTESIAN_POINT ( 'NONE',  ( 3.083757994682317705, -1.301834281389305570, -23.39025178522074810 ) ) ;
#1757 = ORIENTED_EDGE ( 'NONE', *, *, #7339, .T. ) ;
#1758 = CARTESIAN_POINT ( 'NONE',  ( -6.067730761950936191, -2.742094147192014386, -19.14184609560750516 ) ) ;
#1759 = ORIENTED_EDGE ( 'NONE', *, *, #3897, .F. ) ;
#1760 = CARTESIAN_POINT ( 'NONE',  ( 6.293773989902663679, -1.910956756452661276, -23.03856101011593083 ) ) ;
#1761 = B_SPLINE_CURVE_WITH_KNOTS ( 'NONE', 3,
 ( #7626, #9171, #5493, #1214, #466, #6216, #1256, #2500, #7711, #7753, #2683, #3358, #1789, #2637, #4145, #4866, #7578, #4678, #7055, #1834, #2553, #6257, #1075, #556 ),
 .UNSPECIFIED., .F., .F.,
 ( 4, 2, 2, 1, 1, 2, 2, 2, 1, 1, 2, 2, 2, 4 ),
 ( 0.0000000000000000000, 0.1250000000000009437, 0.1875000000000013600, 0.2187500000000016098, 0.2343750000000018874, 0.2421875000000019151, 0.2500000000000019429, 0.3750000000000018874, 0.4375000000000018319, 0.4687500000000019429, 0.4843750000000019984, 0.5000000000000019984, 0.7500000000000011102, 1.000000000000000000 ),
 .UNSPECIFIED. ) ;
#1762 = STYLED_ITEM ( 'NONE', ( #2563 ), #8671 ) ;
#1763 = STYLED_ITEM ( 'NONE', ( #137 ), #2994 ) ;
#1764 =( LENGTH_UNIT ( ) NAMED_UNIT ( * ) SI_UNIT ( .MILLI., .METRE. ) );
#1765 = CARTESIAN_POINT ( 'NONE',  ( -3.209243540985152521, 0.4875474377872449083, -28.95436255978782469 ) ) ;
#1766 = ORIENTED_EDGE ( 'NONE', *, *, #6782, .T. ) ;
#1767 = DIRECTION ( 'NONE',  ( 1.000000000000000000, 1.112002228190260952E-16, 0.0000000000000000000 ) ) ;
#1768 = FILL_AREA_STYLE ('',( #1105 ) ) ;
#1769 = CIRCLE ( 'NONE', #7079, 0.2499999999999988065 ) ;
#1770 = FACE_OUTER_BOUND ( 'NONE', #255, .T. ) ;
#1771 = PRESENTATION_LAYER_ASSIGNMENT (  '', '', ( #7832 ) ) ;
#1772 = MECHANICAL_DESIGN_GEOMETRIC_PRESENTATION_REPRESENTATION (  '', ( #1170 ), #2078 ) ;
#1773 = PRESENTATION_LAYER_ASSIGNMENT (  '', '', ( #2080 ) ) ;
#1774 =( LENGTH_UNIT ( ) NAMED_UNIT ( * ) SI_UNIT ( .MILLI., .METRE. ) );
#1775 =( NAMED_UNIT ( * ) PLANE_ANGLE_UNIT ( ) SI_UNIT ( $, .RADIAN. ) );
#1776 = B_SPLINE_CURVE_WITH_KNOTS ( 'NONE', 3,
 ( #3824, #8935, #6723, #3065 ),
 .UNSPECIFIED., .F., .F.,
 ( 4, 4 ),
 ( 0.0000000000000000000, 1.000000000000000000 ),
 .UNSPECIFIED. ) ;
#1777 = VERTEX_POINT ( 'NONE', #5684 ) ;
#1778 = CARTESIAN_POINT ( 'NONE',  ( -6.044819764886729452, -1.742537038807441263, -0.2500000000000083267 ) ) ;
#1779 = SURFACE_SIDE_STYLE ('',( #8295 ) ) ;
#1780 = EDGE_LOOP ( 'NONE', ( #7329, #7299, #7000, #3139, #2276 ) ) ;
#1781 = CARTESIAN_POINT ( 'NONE',  ( 1.901072084220505554, -4.637261296539251454, -27.85436310159641593 ) ) ;
#1782 = AXIS2_PLACEMENT_3D ( 'NONE', #6204, #4718, #4624 ) ;
#1783 = CARTESIAN_POINT ( 'NONE',  ( 5.758115142270074038, -1.969680647162123099, -3.089976191583687637E-15 ) ) ;
#1784 = CARTESIAN_POINT ( 'NONE',  ( 6.336395971950138595, -1.568269229645733676, -21.29116777560112794 ) ) ;
#1785 = ADVANCED_FACE ( 'NONE', ( #6531 ), #8482, .F. ) ;
#1786 = EDGE_CURVE ( 'NONE', #5337, #7704, #8005, .T. ) ;
#1787 = FILL_AREA_STYLE_COLOUR ( '', #4410 ) ;
#1788 = CIRCLE ( 'NONE', #7103, 43.25249999999994088 ) ;
#1789 = CARTESIAN_POINT ( 'NONE',  ( -2.345337760906029079, -2.381327226887659965, -23.67274658014764555 ) ) ;
#1790 = EDGE_LOOP ( 'NONE', ( #7653, #7317, #8747, #3692 ) ) ;
#1791 =( LENGTH_UNIT ( ) NAMED_UNIT ( * ) SI_UNIT ( .MILLI., .METRE. ) );
#1792 = SURFACE_STYLE_USAGE ( .BOTH. , #8308 ) ;
#1793 = PRESENTATION_STYLE_ASSIGNMENT (( #7580 ) ) ;
#1794 = CARTESIAN_POINT ( 'NONE',  ( -5.210771453021741273, -2.787534617658474989, -23.18423793736369731 ) ) ;
#1795 =( BOUNDED_SURFACE ( )  B_SPLINE_SURFACE ( 3, 2, ( 
 ( #9271, #2784, #7200 ),
 ( #9364, #8654, #2072 ),
 ( #5685, #2212, #2829 ),
 ( #8619, #3672, #3819 ),
 ( #2961, #3163, #1633 ),
 ( #1546, #2399, #2444 ) ),
 .UNSPECIFIED., .F., .F., .F. ) 
 B_SPLINE_SURFACE_WITH_KNOTS ( ( 4, 2, 4 ),
 ( 3, 3 ),
 ( 1.020505294851981049E-16, 0.0003975742794959761530, 0.0007951485589918502826 ),
 ( 0.0000000000000000000, 1.000000000000000000 ),
 .UNSPECIFIED. ) 
 GEOMETRIC_REPRESENTATION_ITEM ( )  RATIONAL_B_SPLINE_SURFACE ( (
 ( 1.000000000000000000, 0.7584309759676202134, 1.000000000000000000),
 ( 1.000000000000000000, 0.7565357518895106104, 1.000000000000000000),
 ( 1.000000000000000000, 0.7573320476308104121, 1.000000000000000000),
 ( 1.000000000000000000, 0.7448078753862442669, 1.000000000000000000),
 ( 1.000000000000000000, 0.7302654868127866905, 1.000000000000000000),
 ( 1.000000000000000000, 0.7009092642998487888, 1.000000000000000000) ) ) 
 REPRESENTATION_ITEM ( '' )  SURFACE ( )  );
#1796 = CARTESIAN_POINT ( 'NONE',  ( 6.316880344890968502, -1.545372342530291654, -21.13504275912776720 ) ) ;
#1797 = CARTESIAN_POINT ( 'NONE',  ( 6.475439903374889283, 2.154557251339423996, -22.76526359358429730 ) ) ;
#1798 = ORIENTED_EDGE ( 'NONE', *, *, #3553, .T. ) ;
#1799 = CARTESIAN_POINT ( 'NONE',  ( 3.173542262180530926, -0.7671852260446182514, -27.91199343329120452 ) ) ;
#1800 = CARTESIAN_POINT ( 'NONE',  ( 2.903896132386206475, 0.8865072565709825048, -28.10000000000000497 ) ) ;
#1801 = CARTESIAN_POINT ( 'NONE',  ( 0.1092803247684906442, -3.349989627354888810, -23.49561425358987421 ) ) ;
#1802 = CARTESIAN_POINT ( 'NONE',  ( 1.543800272008517993, 2.982102621327599401, -23.47360805314550092 ) ) ;
#1803 = ORIENTED_EDGE ( 'NONE', *, *, #7210, .F. ) ;
#1804 = CARTESIAN_POINT ( 'NONE',  ( -0.8254710499568772564, -3.342206373781980044, -23.38843029533287776 ) ) ;
#1805 = DIRECTION ( 'NONE',  ( -0.9998442813215966396, 0.0000000000000000000, -0.01764690081855484205 ) ) ;
#1806 = ORIENTED_EDGE ( 'NONE', *, *, #1403, .T. ) ;
#1807 = CARTESIAN_POINT ( 'NONE',  ( 6.005421371603672398, -2.569375318194967672, -23.08013611027753598 ) ) ;
#1808 = AXIS2_PLACEMENT_3D ( 'NONE', #1394, #7804, #1307 ) ;
#1809 = B_SPLINE_CURVE_WITH_KNOTS ( 'NONE', 3,
 ( #7265, #6638, #146, #4304, #2135, #8121 ),
 .UNSPECIFIED., .F., .F.,
 ( 4, 2, 4 ),
 ( 0.0000000000000000000, 0.0002044750616301802308, 0.0004089501232603602989 ),
 .UNSPECIFIED. ) ;
#1810 = FACE_OUTER_BOUND ( 'NONE', #6258, .T. ) ;
#1811 = CARTESIAN_POINT ( 'NONE',  ( 4.686546425784773540, 2.643259330195588674, -2.168404344971008868E-16 ) ) ;
#1812 = DIRECTION ( 'NONE',  ( -0.9998442059067933485, 0.0000000000000000000, -0.01765117317953372039 ) ) ;
#1813 = DIRECTION ( 'NONE',  ( -0.9698885295544356078, -0.02753297007903445642, -0.2419879662242770124 ) ) ;
#1814 = CARTESIAN_POINT ( 'NONE',  ( -3.263180840113878212, -0.4868874749574964023, -25.90436310696615152 ) ) ;
#1815 = ORIENTED_EDGE ( 'NONE', *, *, #4071, .T. ) ;
#1816 = CARTESIAN_POINT ( 'NONE',  ( 6.338793497460089021, 2.904573688125508202, -21.31034797968073491 ) ) ;
#1817 =( GEOMETRIC_REPRESENTATION_CONTEXT ( 3 ) GLOBAL_UNCERTAINTY_ASSIGNED_CONTEXT ( ( #2401 ) ) GLOBAL_UNIT_ASSIGNED_CONTEXT ( ( #2859, #721, #1478 ) ) REPRESENTATION_CONTEXT ( 'NONE', 'WORKASPACE' ) );
#1818 = DIRECTION ( 'NONE',  ( -0.9940157177366257812, 0.1092371406278138252, -0.0000000000000000000 ) ) ;
#1819 =( LENGTH_UNIT ( ) NAMED_UNIT ( * ) SI_UNIT ( .MILLI., .METRE. ) );
#1820 = STYLED_ITEM ( 'NONE', ( #9113 ), #5513 ) ;
#1821 = CARTESIAN_POINT ( 'NONE',  ( 6.005111098046692852, -2.386812138576781983, -20.07825606582950329 ) ) ;
#1822 = CARTESIAN_POINT ( 'NONE',  ( -6.050000000000008704, -1.400739683024801341, -18.87548450340290174 ) ) ;
#1823 = EDGE_LOOP ( 'NONE', ( #7505, #5741, #1095, #2569, #1348, #3420, #2596, #456 ) ) ;
#1824 = CARTESIAN_POINT ( 'NONE',  ( -5.985247078814808219, -2.108688237446958436, -9.503546884570536378E-15 ) ) ;
#1825 = FACE_OUTER_BOUND ( 'NONE', #808, .T. ) ;
#1826 = ORIENTED_EDGE ( 'NONE', *, *, #6508, .T. ) ;
#1827 = SURFACE_STYLE_USAGE ( .BOTH. , #7528 ) ;
#1828 = PRESENTATION_STYLE_ASSIGNMENT (( #8749 ) ) ;
#1829 = CARTESIAN_POINT ( 'NONE',  ( 1.058526312216579779, 3.337567545747150088, -23.46719934247386874 ) ) ;
#1830 = VECTOR ( 'NONE', #4993, 1000.000000000000000 ) ;
#1831 = CARTESIAN_POINT ( 'NONE',  ( 5.821390225076831904, -2.460334033312541635, -0.2500000000000054956 ) ) ;
#1832 = UNCERTAINTY_MEASURE_WITH_UNIT (LENGTH_MEASURE( 1.000000000000000082E-05 ), #2745, 'distance_accuracy_value', 'NONE');
#1833 = CARTESIAN_POINT ( 'NONE',  ( -1.914383410920732942, -4.664109864742061795, -26.85355339059327306 ) ) ;
#1834 = CARTESIAN_POINT ( 'NONE',  ( -2.964242018412470259, -1.577395256477446717, -23.62814358926982194 ) ) ;
#1835 = VERTEX_POINT ( 'NONE', #6008 ) ;
#1836 = CARTESIAN_POINT ( 'NONE',  ( -5.021739599314240188, -3.058171007850925438, -21.47721927780070672 ) ) ;
#1837 = CARTESIAN_POINT ( 'NONE',  ( 1.700377890376931767, -3.416389522900152187, -21.05469134363642780 ) ) ;
#1838 = PRESENTATION_STYLE_ASSIGNMENT (( #3271 ) ) ;
#1839 = SURFACE_SIDE_STYLE ('',( #2557 ) ) ;
#1840 = ADVANCED_FACE ( 'NONE', ( #8793 ), #6165, .T. ) ;
#1841 = FACE_OUTER_BOUND ( 'NONE', #7931, .T. ) ;
#1842 = CARTESIAN_POINT ( 'NONE',  ( 1.171070091768190994E-16, -0.7000000000000000666, -26.50000000000000355 ) ) ;
#1843 = LINE ( 'NONE', #6930, #7655 ) ;
#1844 = CARTESIAN_POINT ( 'NONE',  ( -2.935082989443078549, -0.8217814059147214856, -28.12559316923674757 ) ) ;
#1845 = DIRECTION ( 'NONE',  ( 1.000000000000000000, -1.672957273954558210E-16, -0.0000000000000000000 ) ) ;
#1846 = DIRECTION ( 'NONE',  ( -0.0000000000000000000, -1.000000000000000000, -0.0000000000000000000 ) ) ;
#1847 = MECHANICAL_DESIGN_GEOMETRIC_PRESENTATION_REPRESENTATION (  '', ( #8065 ), #5330 ) ;
#1848 =( BOUNDED_CURVE ( )  B_SPLINE_CURVE ( 2, ( #3150, #1816, #6047 ),
 .UNSPECIFIED., .F., .T. ) 
 B_SPLINE_CURVE_WITH_KNOTS ( ( 3, 3 ),
 ( 0.0000000000000000000, 0.9999970733429118797 ),
 .UNSPECIFIED. ) 
 CURVE ( )  GEOMETRIC_REPRESENTATION_ITEM ( )  RATIONAL_B_SPLINE_CURVE ( ( 1.000000000000000000, 1.493277086842180523, 1.000002887305765142 ) ) 
 REPRESENTATION_ITEM ( '' )  );
#1849 = CARTESIAN_POINT ( 'NONE',  ( -5.741341061904784659, 2.049581500348518937, -1.301042606982605321E-15 ) ) ;
#1850 = AXIS2_PLACEMENT_3D ( 'NONE', #9150, #7603, #8451 ) ;
#1851 = CARTESIAN_POINT ( 'NONE',  ( 2.219766518180215087, 2.504234880110129957, -23.44335377863226100 ) ) ;
#1852 = ADVANCED_FACE ( 'NONE', ( #3767 ), #2572, .T. ) ;
#1853 = CARTESIAN_POINT ( 'NONE',  ( -4.821170601921930476, -2.879852575700599715, -19.92206324540916995 ) ) ;
#1854 = EDGE_CURVE ( 'NONE', #599, #3934, #2700, .T. ) ;
#1855 = CARTESIAN_POINT ( 'NONE',  ( -0.5073572669437351745, -3.300451488802576439, -23.64087863754565788 ) ) ;
#1856 = EDGE_LOOP ( 'NONE', ( #9118, #3083, #7525, #3054 ) ) ;
#1857 = CARTESIAN_POINT ( 'NONE',  ( -4.860818397582953310, -2.875357931054802307, -20.22822021129185899 ) ) ;
#1858 = CARTESIAN_POINT ( 'NONE',  ( -5.474008609362741140, 2.757448972306945301, -20.14989185761116275 ) ) ;
#1859 = CARTESIAN_POINT ( 'NONE',  ( -3.327333927114763501, -0.3303288289606661210, -23.59804660422600620 ) ) ;
#1860 = VERTEX_POINT ( 'NONE', #142 ) ;
#1861 = CARTESIAN_POINT ( 'NONE',  ( 6.055908479276880030, -2.743985188908890205, -19.05343563844396115 ) ) ;
#1862 = CARTESIAN_POINT ( 'NONE',  ( -3.270856376664114329, 0.4867961769871500533, -25.47020040963645471 ) ) ;
#1863 = CYLINDRICAL_SURFACE ( 'NONE', #605, 0.2500000000000000000 ) ;
#1864 = FACE_OUTER_BOUND ( 'NONE', #6846, .T. ) ;
#1865 = CARTESIAN_POINT ( 'NONE',  ( 3.194652595902922165, 0.8903669275234156189, -25.10436312743338405 ) ) ;
#1866 = ORIENTED_EDGE ( 'NONE', *, *, #4974, .F. ) ;
#1867 = CARTESIAN_POINT ( 'NONE',  ( -6.050000000000008704, -1.400739683024801563, -0.2500000000000043854 ) ) ;
#1868 = EDGE_CURVE ( 'NONE', #7432, #5346, #5436, .T. ) ;
#1869 = FILL_AREA_STYLE ('',( #9072 ) ) ;
#1870 = ORIENTED_EDGE ( 'NONE', *, *, #8238, .T. ) ;
#1871 = CARTESIAN_POINT ( 'NONE',  ( -6.168164189889791871, 2.392703757189634572, -23.05689226582172324 ) ) ;
#1872 = CARTESIAN_POINT ( 'NONE',  ( 5.742136471420451471, 2.548774493077095915, -0.2500000000000099365 ) ) ;
#1873 = CARTESIAN_POINT ( 'NONE',  ( 1.230185108624579193, 3.332542411984767305, -23.30938451861939242 ) ) ;
#1874 = CARTESIAN_POINT ( 'NONE',  ( 5.856278449636015182, -2.409729642315484810, -0.2500000000000011102 ) ) ;
#1875 = CARTESIAN_POINT ( 'NONE',  ( -6.082388771747146095, -2.796471896180953376, -22.82239080401331321 ) ) ;
#1876 = PRESENTATION_LAYER_ASSIGNMENT (  '', '', ( #5967 ) ) ;
#1877 = UNCERTAINTY_MEASURE_WITH_UNIT (LENGTH_MEASURE( 1.000000000000000082E-05 ), #385, 'distance_accuracy_value', 'NONE');
#1878 = CARTESIAN_POINT ( 'NONE',  ( -3.016433226247841937, -0.9959134570677270482, -26.75000000000000355 ) ) ;
#1879 = CARTESIAN_POINT ( 'NONE',  ( 3.063714927207906502, 1.029628659052459705, -29.75436310163103215 ) ) ;
#1880 = ORIENTED_EDGE ( 'NONE', *, *, #8785, .T. ) ;
#1881 = CARTESIAN_POINT ( 'NONE',  ( 5.081678923884534349, -3.051138586820360654, -21.47721981097154398 ) ) ;
#1882 = CIRCLE ( 'NONE', #2934, 0.6249999999999996669 ) ;
#1883 = CARTESIAN_POINT ( 'NONE',  ( -1.861692363915530057, -3.060240853785059389, -23.45982056181006925 ) ) ;
#1884 = DIRECTION ( 'NONE',  ( -1.000000000000000000, 0.0000000000000000000, 0.0000000000000000000 ) ) ;
#1885 = CARTESIAN_POINT ( 'NONE',  ( 5.210763264151718310, 2.787535603336291246, -23.18423893347796749 ) ) ;
#1886 = CARTESIAN_POINT ( 'NONE',  ( 1.979898987322648019, 0.6999999999999488853, -28.28072421940212422 ) ) ;
#1887 = COLOUR_RGB ( '',0.2509803921568627416, 0.2509803921568627416, 0.2509803921568627416 ) ;
#1888 = CARTESIAN_POINT ( 'NONE',  ( -3.268484527109242421, -0.4868243463363507995, -25.60436319814958850 ) ) ;
#1889 = EDGE_CURVE ( 'NONE', #7377, #5362, #5410, .T. ) ;
#1890 = CARTESIAN_POINT ( 'NONE',  ( -3.159210104975411770, -0.7378324698158666983, -29.40478758122636549 ) ) ;
#1891 = CARTESIAN_POINT ( 'NONE',  ( -2.877370061222676689, 0.9499999999999997335, -27.00000000000000355 ) ) ;
#1892 = MECHANICAL_DESIGN_GEOMETRIC_PRESENTATION_REPRESENTATION (  '', ( #4620 ), #5077 ) ;
#1893 = DIRECTION ( 'NONE',  ( 0.0000000000000000000, 1.000000000000000000, 0.0000000000000000000 ) ) ;
#1894 = AXIS2_PLACEMENT_3D ( 'NONE', #4629, #3769, #6667 ) ;
#1895 = CARTESIAN_POINT ( 'NONE',  ( -0.6345488587844781980, -3.277521559113695915, -23.66558087724845549 ) ) ;
#1896 = ORIENTED_EDGE ( 'NONE', *, *, #6373, .T. ) ;
#1897 = EDGE_CURVE ( 'NONE', #351, #4790, #1118, .T. ) ;
#1898 = CARTESIAN_POINT ( 'NONE',  ( 6.250386544508710784, -2.191523302960216135, -23.04494303166891811 ) ) ;
#1899 = ADVANCED_FACE ( 'NONE', ( #6833 ), #6635, .F. ) ;
#1900 = CARTESIAN_POINT ( 'NONE',  ( 6.314629397193491478, -2.889830559466056492, -21.11703517754803983 ) ) ;
#1901 = UNCERTAINTY_MEASURE_WITH_UNIT (LENGTH_MEASURE( 1.000000000000000082E-05 ), #404, 'distance_accuracy_value', 'NONE');
#1902 = SURFACE_SIDE_STYLE ('',( #2577 ) ) ;
#1903 = ORIENTED_EDGE ( 'NONE', *, *, #2482, .F. ) ;
#1904 = CARTESIAN_POINT ( 'NONE',  ( -4.686546425784760217, -2.643259330195561141, -2.168404344971008868E-16 ) ) ;
#1905 = CARTESIAN_POINT ( 'NONE',  ( -3.214549971456471589, -0.4874819353108030828, -28.65436308352890649 ) ) ;
#1906 = CARTESIAN_POINT ( 'NONE',  ( -6.047611994044454597, 2.535753116018996334, -23.07413973365090953 ) ) ;
#1907 =( GEOMETRIC_REPRESENTATION_CONTEXT ( 3 ) GLOBAL_UNCERTAINTY_ASSIGNED_CONTEXT ( ( #841 ) ) GLOBAL_UNIT_ASSIGNED_CONTEXT ( ( #8662, #2838, #746 ) ) REPRESENTATION_CONTEXT ( 'NONE', 'WORKASPACE' ) );
#1908 = FILL_AREA_STYLE_COLOUR ( '', #3896 ) ;
#1909 = B_SPLINE_CURVE_WITH_KNOTS ( 'NONE', 3,
 ( #7634, #1176, #2740, #4111 ),
 .UNSPECIFIED., .F., .F.,
 ( 4, 4 ),
 ( 0.0000000000000000000, 1.000000000000000000 ),
 .UNSPECIFIED. ) ;
#1910 = CARTESIAN_POINT ( 'NONE',  ( -6.050000000000003375, 2.744927974232791890, 0.9437742251701477514 ) ) ;
#1911 = MECHANICAL_DESIGN_GEOMETRIC_PRESENTATION_REPRESENTATION (  '', ( #8300 ), #6011 ) ;
#1912 = PRESENTATION_STYLE_ASSIGNMENT (( #5530 ) ) ;
#1913 = PRESENTATION_LAYER_ASSIGNMENT (  '', '', ( #6181 ) ) ;
#1914 = ORIENTED_EDGE ( 'NONE', *, *, #7810, .F. ) ;
#1915 = CARTESIAN_POINT ( 'NONE',  ( 0.2157039751314092368, 3.342096742465637593, -23.52513446725882673 ) ) ;
#1916 = DIRECTION ( 'NONE',  ( -1.000000000000000000, 0.0000000000000000000, 0.0000000000000000000 ) ) ;
#1917 = ORIENTED_EDGE ( 'NONE', *, *, #672, .T. ) ;
#1918 = CARTESIAN_POINT ( 'NONE',  ( -5.725106220126346734, 2.689810189058014611, -23.11853767808596416 ) ) ;
#1919 = CARTESIAN_POINT ( 'NONE',  ( 5.800000016939865333, 1.563505304132808860, -4.336808689942017736E-15 ) ) ;
#1920 = CARTESIAN_POINT ( 'NONE',  ( -3.000988996867011593, 3.260760346432775236, -23.41034611585014247 ) ) ;
#1921 = CIRCLE ( 'NONE', #8439, 1.224999999999999201 ) ;
#1922 =( GEOMETRIC_REPRESENTATION_CONTEXT ( 3 ) GLOBAL_UNCERTAINTY_ASSIGNED_CONTEXT ( ( #6087 ) ) GLOBAL_UNIT_ASSIGNED_CONTEXT ( ( #648, #9369, #6573 ) ) REPRESENTATION_CONTEXT ( 'NONE', 'WORKASPACE' ) );
#1923 = CARTESIAN_POINT ( 'NONE',  ( -5.545343211417390172, -2.990071430876026781, -22.89453230832801012 ) ) ;
#1924 = CARTESIAN_POINT ( 'NONE',  ( -3.208457000409769222, -0.7376868568170616980, -26.65445578020402095 ) ) ;
#1925 =( NAMED_UNIT ( * ) PLANE_ANGLE_UNIT ( ) SI_UNIT ( $, .RADIAN. ) );
#1926 = CARTESIAN_POINT ( 'NONE',  ( -6.065444246572657683, 1.397765044245062871, -19.12355397258126999 ) ) ;
#1927 = CARTESIAN_POINT ( 'NONE',  ( -2.903896132386251772, -0.8865072565709289920, -28.10000000000000497 ) ) ;
#1928 =( NAMED_UNIT ( * ) SI_UNIT ( $, .STERADIAN. ) SOLID_ANGLE_UNIT ( ) );
#1929 = MECHANICAL_DESIGN_GEOMETRIC_PRESENTATION_REPRESENTATION (  '', ( #711 ), #3900 ) ;
#1930 = CARTESIAN_POINT ( 'NONE',  ( 3.015955676326079082, 0.6999999999999996225, -25.90000000535678382 ) ) ;
#1931 =( NAMED_UNIT ( * ) SI_UNIT ( $, .STERADIAN. ) SOLID_ANGLE_UNIT ( ) );
#1932 = CARTESIAN_POINT ( 'NONE',  ( -2.123197052708548416, 2.899528632229314784, -23.44853018142637069 ) ) ;
#1933 = DIRECTION ( 'NONE',  ( 0.01764690081770156974, 0.0000000000000000000, 0.9998442813216116276 ) ) ;
#1934 = VECTOR ( 'NONE', #2519, 1000.000000000000114 ) ;
#1935 = LINE ( 'NONE', #4486, #4565 ) ;
#1936 = CARTESIAN_POINT ( 'NONE',  ( 4.821170601922100118, -2.879852575700578843, -19.92206324540904916 ) ) ;
#1937 = CARTESIAN_POINT ( 'NONE',  ( 0.3156434679874574600, -3.324514466780147171, -23.60408697759200791 ) ) ;
#1938 = ORIENTED_EDGE ( 'NONE', *, *, #2938, .F. ) ;
#1939 = CARTESIAN_POINT ( 'NONE',  ( 2.902688034389573790, 0.8221644044885475511, -29.47465536194443914 ) ) ;
#1940 = CARTESIAN_POINT ( 'NONE',  ( 6.308239573126055433, -1.708790612786940555, -23.03642561002256173 ) ) ;
#1941 = CARTESIAN_POINT ( 'NONE',  ( -5.799999999999999822, -1.400739683024801341, -0.2500000000000000000 ) ) ;
#1942 = AXIS2_PLACEMENT_3D ( 'NONE', #2721, #5755, #1293 ) ;
#1943 = DIRECTION ( 'NONE',  ( 1.000000000000000000, 1.672957273954558210E-16, 0.0000000000000000000 ) ) ;
#1944 = DIRECTION ( 'NONE',  ( 1.672957273954558210E-16, -1.000000000000000000, 0.0000000000000000000 ) ) ;
#1945 = EDGE_LOOP ( 'NONE', ( #2578, #1644, #2987, #4947, #832, #1385, #3073, #2684 ) ) ;
#1946 = CARTESIAN_POINT ( 'NONE',  ( 4.713855710941941446, -2.891763259631678906, -0.1035533905950400541 ) ) ;
#1947 = CARTESIAN_POINT ( 'NONE',  ( 3.209244217994390524, -0.4875429258554063172, -28.95436310726559270 ) ) ;
#1948 = CARTESIAN_POINT ( 'NONE',  ( 1.464883613732809620, 3.325879845389005052, -23.25116776159475762 ) ) ;
#1949 = EDGE_CURVE ( 'NONE', #6483, #4622, #7911, .T. ) ;
#1950 = DIRECTION ( 'NONE',  ( -0.01764487228134461322, 0.0000000000000000000, -0.9998443171225084303 ) ) ;
#1951 = CARTESIAN_POINT ( 'NONE',  ( 1.084879005392092921, -3.262929031916057543, -23.52607095757151612 ) ) ;
#1952 = CARTESIAN_POINT ( 'NONE',  ( 2.985064664438077386, -3.261723723080862225, -23.16182304803742298 ) ) ;
#1953 = SURFACE_STYLE_USAGE ( .BOTH. , #6246 ) ;
#1954 = ORIENTED_EDGE ( 'NONE', *, *, #8455, .T. ) ;
#1955 = FACE_OUTER_BOUND ( 'NONE', #2322, .T. ) ;
#1956 = CARTESIAN_POINT ( 'NONE',  ( -6.387471202238312884, -2.442642311420649470, -22.77866537853948614 ) ) ;
#1957 = VERTEX_POINT ( 'NONE', #1750 ) ;
#1958 = CARTESIAN_POINT ( 'NONE',  ( -5.899938016837721122, 2.624895429301376648, -23.09478344445393105 ) ) ;
#1959 = ADVANCED_FACE ( 'NONE', ( #2604 ), #3535, .T. ) ;
#1960 = CARTESIAN_POINT ( 'NONE',  ( 6.050000000000006040, 1.400739683024801785, -4.336808689942036669E-15 ) ) ;
#1961 = CARTESIAN_POINT ( 'NONE',  ( 1.279002806390292513, 3.206160996098899929, -23.51942546254657884 ) ) ;
#1962 = CARTESIAN_POINT ( 'NONE',  ( 6.044837440639142301, -1.743069081365301587, -3.144186300208030306E-15 ) ) ;
#1963 =( GEOMETRIC_REPRESENTATION_CONTEXT ( 3 ) GLOBAL_UNCERTAINTY_ASSIGNED_CONTEXT ( ( #6489 ) ) GLOBAL_UNIT_ASSIGNED_CONTEXT ( ( #5335, #6861, #6960 ) ) REPRESENTATION_CONTEXT ( 'NONE', 'WORKASPACE' ) );
#1964 = UNCERTAINTY_MEASURE_WITH_UNIT (LENGTH_MEASURE( 1.000000000000000082E-05 ), #3522, 'distance_accuracy_value', 'NONE');
#1965 = CARTESIAN_POINT ( 'NONE',  ( -5.239958069755347836, -3.032171702855625206, -23.18068760191316358 ) ) ;
#1966 = FILL_AREA_STYLE ('',( #595 ) ) ;
#1967 = CARTESIAN_POINT ( 'NONE',  ( 1.871398015404529769, 4.577431149336794292, -29.75436310163103215 ) ) ;
#1968 = ORIENTED_EDGE ( 'NONE', *, *, #1754, .T. ) ;
#1969 = CARTESIAN_POINT ( 'NONE',  ( -3.121303734754290904, -0.9489312141439191217, -28.08095935237801655 ) ) ;
#1970 = EDGE_LOOP ( 'NONE', ( #2184, #7475, #759, #1565, #2310, #5531, #2233, #4175 ) ) ;
#1971 = PRESENTATION_LAYER_ASSIGNMENT (  '', '', ( #7427 ) ) ;
#1972 = CARTESIAN_POINT ( 'NONE',  ( -5.599124030206951375, -2.677997993475576877, -19.19953762027772726 ) ) ;
#1973 = CARTESIAN_POINT ( 'NONE',  ( -2.925000000000000266, -4.238084680662899344E-17, 0.0000000000000000000 ) ) ;
#1974 = CARTESIAN_POINT ( 'NONE',  ( 3.252572334970511125, -0.4870147112372397169, -26.50436289884129692 ) ) ;
#1975 =( GEOMETRIC_REPRESENTATION_CONTEXT ( 3 ) GLOBAL_UNCERTAINTY_ASSIGNED_CONTEXT ( ( #5911 ) ) GLOBAL_UNIT_ASSIGNED_CONTEXT ( ( #877, #4621, #277 ) ) REPRESENTATION_CONTEXT ( 'NONE', 'WORKASPACE' ) );
#1976 =( LENGTH_UNIT ( ) NAMED_UNIT ( * ) SI_UNIT ( .MILLI., .METRE. ) );
#1977 = DIRECTION ( 'NONE',  ( -0.0000000000000000000, -1.000000000000000000, -0.0000000000000000000 ) ) ;
#1978 = CARTESIAN_POINT ( 'NONE',  ( -4.713855710941723842, 2.891763259629740457, -6.505213034913029562E-16 ) ) ;
#1979 = CARTESIAN_POINT ( 'NONE',  ( -3.194652595902922165, -0.8903669275234156189, -25.10436312743338405 ) ) ;
#1980 = CARTESIAN_POINT ( 'NONE',  ( 0.9407591447703381737, -3.202251895414586436, -23.71177874755220216 ) ) ;
#1981 = CARTESIAN_POINT ( 'NONE',  ( -0.09838106887517610033, 3.345675247039196165, -23.51783859788418596 ) ) ;
#1982 = ORIENTED_EDGE ( 'NONE', *, *, #2301, .T. ) ;
#1983 =( LENGTH_UNIT ( ) NAMED_UNIT ( * ) SI_UNIT ( .MILLI., .METRE. ) );
#1984 = B_SPLINE_CURVE_WITH_KNOTS ( 'NONE', 3,
 ( #3166, #1501, #7296, #3012, #4391, #182 ),
 .UNSPECIFIED., .F., .F.,
 ( 4, 2, 4 ),
 ( 0.0000000000000000000, 0.0002044750616301801494, 0.0004089501232603601362 ),
 .UNSPECIFIED. ) ;
#1985 = VECTOR ( 'NONE', #2909, 1000.000000000000000 ) ;
#1986 = CARTESIAN_POINT ( 'NONE',  ( 6.302793507365789694, -1.870827009126179608, -23.03723685084973738 ) ) ;
#1987 = DIRECTION ( 'NONE',  ( 0.3135166956321284726, -0.9495826881108939688, -3.451355831205635744E-16 ) ) ;
#1988 = CARTESIAN_POINT ( 'NONE',  ( -3.118945652137671498, -1.029759226823860230, -26.75000000000000355 ) ) ;
#1989 = EDGE_LOOP ( 'NONE', ( #8096, #496, #7150, #6247 ) ) ;
#1990 = LINE ( 'NONE', #4215, #8200 ) ;
#1991 = CARTESIAN_POINT ( 'NONE',  ( 2.972710410531939740, -0.6999999999999996225, -28.35000000000000497 ) ) ;
#1992 = CARTESIAN_POINT ( 'NONE',  ( -3.086378609179228238, -0.9621926740475852391, -29.75434470363569517 ) ) ;
#1993 = CARTESIAN_POINT ( 'NONE',  ( 3.265169270003354107, -0.5476562353930726212, -25.33908452660026001 ) ) ;
#1994 = CARTESIAN_POINT ( 'NONE',  ( 0.8721417796577500825, -3.290383887561033394, -23.53612154873620810 ) ) ;
#1995 =( NAMED_UNIT ( * ) SI_UNIT ( $, .STERADIAN. ) SOLID_ANGLE_UNIT ( ) );
#1996 = EDGE_CURVE ( 'NONE', #8755, #9176, #226, .T. ) ;
#1997 = COLOUR_RGB ( '',0.2509803921568627416, 0.2509803921568627416, 0.2509803921568627416 ) ;
#1998 = MECHANICAL_DESIGN_GEOMETRIC_PRESENTATION_REPRESENTATION (  '', ( #6411 ), #1709 ) ;
#1999 = CARTESIAN_POINT ( 'NONE',  ( -0.2083022827972985935, -3.342368676618529655, -23.52481286393677706 ) ) ;
#2000 = DIRECTION ( 'NONE',  ( -1.000000000000000000, 0.0000000000000000000, 0.0000000000000000000 ) ) ;
#2001 = CARTESIAN_POINT ( 'NONE',  ( -1.797428898620710314, -4.367619181192916145, -25.35000000000000497 ) ) ;
#2002 = EDGE_LOOP ( 'NONE', ( #7527, #7745, #4934, #8615, #2702, #1798, #8589, #2207 ) ) ;
#2003 =( NAMED_UNIT ( * ) PLANE_ANGLE_UNIT ( ) SI_UNIT ( $, .RADIAN. ) );
#2004 = CARTESIAN_POINT ( 'NONE',  ( 6.050000000000004263, 2.744927974232791890, -12.26906492721187902 ) ) ;
#2005 = ORIENTED_EDGE ( 'NONE', *, *, #1175, .T. ) ;
#2006 = CARTESIAN_POINT ( 'NONE',  ( -1.979898987322333603, 0.6999999999999997335, -25.53084200979082041 ) ) ;
#2007 = CARTESIAN_POINT ( 'NONE',  ( 0.0000000000000000000, 0.0000000000000000000, -31.50000000000000000 ) ) ;
#2008 = PRESENTATION_STYLE_ASSIGNMENT (( #7104 ) ) ;
#2009 = MECHANICAL_DESIGN_GEOMETRIC_PRESENTATION_REPRESENTATION (  '', ( #4894 ), #207 ) ;
#2010 = UNCERTAINTY_MEASURE_WITH_UNIT (LENGTH_MEASURE( 1.000000000000000082E-05 ), #13, 'distance_accuracy_value', 'NONE');
#2011 = EDGE_CURVE ( 'NONE', #845, #1777, #1909, .T. ) ;
#2012 = CARTESIAN_POINT ( 'NONE',  ( -6.308239572929171146, -1.707821374019467875, -23.03642561005169043 ) ) ;
#2013 = EDGE_CURVE ( 'NONE', #4743, #6145, #1843, .T. ) ;
#2014 = CARTESIAN_POINT ( 'NONE',  ( -1.914383410920732942, -4.664109864742062683, -27.00000000000000000 ) ) ;
#2015 = CARTESIAN_POINT ( 'NONE',  ( 1.871420061658900291, 4.577485074376069107, -29.75000000000000000 ) ) ;
#2016 = ORIENTED_EDGE ( 'NONE', *, *, #6491, .T. ) ;
#2017 =( NAMED_UNIT ( * ) PLANE_ANGLE_UNIT ( ) SI_UNIT ( $, .RADIAN. ) );
#2018 = CARTESIAN_POINT ( 'NONE',  ( -3.098973170845355174, -1.028752842305983739, -27.85436310160932649 ) ) ;
#2019 = CARTESIAN_POINT ( 'NONE',  ( 2.955957632331235541, -5.911915264662467528, -31.49999999999999645 ) ) ;
#2020 = MECHANICAL_DESIGN_GEOMETRIC_PRESENTATION_REPRESENTATION (  '', ( #2170 ), #8083 ) ;
#2021 = CARTESIAN_POINT ( 'NONE',  ( -2.985144910677492547, -3.012232784066398494, -23.41130922638356537 ) ) ;
#2022 = ORIENTED_EDGE ( 'NONE', *, *, #7961, .T. ) ;
#2023 = CARTESIAN_POINT ( 'NONE',  ( 5.316581410128723206, -3.016980425769395069, -21.43976309847725403 ) ) ;
#2024 =( NAMED_UNIT ( * ) PLANE_ANGLE_UNIT ( ) SI_UNIT ( $, .RADIAN. ) );
#2025 =( NAMED_UNIT ( * ) SI_UNIT ( $, .STERADIAN. ) SOLID_ANGLE_UNIT ( ) );
#2026 = DIRECTION ( 'NONE',  ( 0.0000000000000000000, 0.0000000000000000000, 1.000000000000000000 ) ) ;
#2027 = CARTESIAN_POINT ( 'NONE',  ( 3.190675070253030654, -0.7678572141734466561, -26.94689455621738006 ) ) ;
#2028 = STYLED_ITEM ( 'NONE', ( #7543 ), #914 ) ;
#2029 = FILL_AREA_STYLE_COLOUR ( '', #7897 ) ;
#2030 = COLOUR_RGB ( '',0.2509803921568627416, 0.2509803921568627416, 0.2509803921568627416 ) ;
#2031 = CARTESIAN_POINT ( 'NONE',  ( -5.856275351069657908, 2.409734121418917852, -9.658830657550289378E-15 ) ) ;
#2032 = SURFACE_STYLE_FILL_AREA ( #4348 ) ;
#2033 = CARTESIAN_POINT ( 'NONE',  ( 0.03125857557845312246, -3.340068784985307904, -23.56564137418328997 ) ) ;
#2034 = CARTESIAN_POINT ( 'NONE',  ( 5.041009650318228452, 2.854547004610544558, -20.22822021129186254 ) ) ;
#2035 = CARTESIAN_POINT ( 'NONE',  ( 0.1194811206127013026, 3.339672803661652090, -23.56683564831371314 ) ) ;
#2036 = COLOUR_RGB ( '',0.2509803921568627416, 0.2509803921568627416, 0.2509803921568627416 ) ;
#2037 = ORIENTED_EDGE ( 'NONE', *, *, #7126, .F. ) ;
#2038 = COLOUR_RGB ( '',0.2509803921568627416, 0.2509803921568627416, 0.2509803921568627416 ) ;
#2039 = SURFACE_STYLE_USAGE ( .BOTH. , #9239 ) ;
#2040 = CARTESIAN_POINT ( 'NONE',  ( 1.914361188567530014, 4.664055723290446487, -27.00436310160932507 ) ) ;
#2041 = AXIS2_PLACEMENT_3D ( 'NONE', #5599, #2640, #5502 ) ;
#2042 = EDGE_CURVE ( 'NONE', #3391, #4459, #4263, .T. ) ;
#2043 = CARTESIAN_POINT ( 'NONE',  ( 1.568439464908944814, 2.985923014984531054, -2.168404344971008868E-16 ) ) ;
#2044 = ORIENTED_EDGE ( 'NONE', *, *, #3240, .T. ) ;
#2045 =( NAMED_UNIT ( * ) SI_UNIT ( $, .STERADIAN. ) SOLID_ANGLE_UNIT ( ) );
#2046 = CARTESIAN_POINT ( 'NONE',  ( 4.686546425784775316, -2.643259330195588230, -0.2500000000000002220 ) ) ;
#2047 = FILL_AREA_STYLE_COLOUR ( '', #6137 ) ;
#2048 = STYLED_ITEM ( 'NONE', ( #126 ), #1840 ) ;
#2049 = SURFACE_STYLE_FILL_AREA ( #9245 ) ;
#2050 =( GEOMETRIC_REPRESENTATION_CONTEXT ( 3 ) GLOBAL_UNCERTAINTY_ASSIGNED_CONTEXT ( ( #4956 ) ) GLOBAL_UNIT_ASSIGNED_CONTEXT ( ( #8741, #824, #7520 ) ) REPRESENTATION_CONTEXT ( 'NONE', 'WORKASPACE' ) );
#2051 = CARTESIAN_POINT ( 'NONE',  ( 1.979898987322333603, -0.6999999999999997335, -26.50000000000000355 ) ) ;
#2052 = CARTESIAN_POINT ( 'NONE',  ( 3.530017686842716884, -0.6102046204746913727, -23.35544338304121226 ) ) ;
#2053 = VERTEX_POINT ( 'NONE', #1888 ) ;
#2054 = CARTESIAN_POINT ( 'NONE',  ( -1.979898987322333603, -0.6999999999999997335, -29.25000000000000000 ) ) ;
#2055 = DIRECTION ( 'NONE',  ( -1.000000000000000000, 1.672957273954558210E-16, -0.0000000000000000000 ) ) ;
#2056 = CARTESIAN_POINT ( 'NONE',  ( -6.224577684401161548, 2.446436482851375604, -21.31794319061190990 ) ) ;
#2057 = CARTESIAN_POINT ( 'NONE',  ( 5.210627282545771344, -3.035722774306528038, -22.93606777099251914 ) ) ;
#2058 = CARTESIAN_POINT ( 'NONE',  ( 5.435770617549610328, 2.461186367081313886, -3.035766082959412415E-15 ) ) ;
#2059 = FILL_AREA_STYLE ('',( #5929 ) ) ;
#2060 = CARTESIAN_POINT ( 'NONE',  ( 3.100385616021495316, 6.200771232042990633, -31.50000000000000355 ) ) ;
#2061 = UNCERTAINTY_MEASURE_WITH_UNIT (LENGTH_MEASURE( 1.000000000000000082E-05 ), #2889, 'distance_accuracy_value', 'NONE');
#2062 = AXIS2_PLACEMENT_3D ( 'NONE', #2454, #1692, #6128 ) ;
#2063 = CARTESIAN_POINT ( 'NONE',  ( -6.308239556175609941, -1.546474879900061161, -23.03642561252739540 ) ) ;
#2064 = UNCERTAINTY_MEASURE_WITH_UNIT (LENGTH_MEASURE( 1.000000000000000082E-05 ), #9117, 'distance_accuracy_value', 'NONE');
#2065 = CARTESIAN_POINT ( 'NONE',  ( 0.0000000000000000000, 0.0000000000000000000, -29.75000000000000355 ) ) ;
#2066 = CARTESIAN_POINT ( 'NONE',  ( -3.063751019710968748, 1.029640788730452838, -29.75000000000000355 ) ) ;
#2067 = CARTESIAN_POINT ( 'NONE',  ( -1.689389251595513342, -3.282624378381534758, -20.65074867862697516 ) ) ;
#2068 = CARTESIAN_POINT ( 'NONE',  ( -3.219856694775994566, -0.4874122644155988726, -28.35436310160935847 ) ) ;
#2069 = CARTESIAN_POINT ( 'NONE',  ( 3.223174816538949994, -0.7659880536410788032, -25.16213213213903899 ) ) ;
#2070 = ORIENTED_EDGE ( 'NONE', *, *, #5730, .T. ) ;
#2071 = CARTESIAN_POINT ( 'NONE',  ( -0.8626605298616494277, 3.224883027136761893, -23.70189252803624314 ) ) ;
#2072 = CARTESIAN_POINT ( 'NONE',  ( -3.201579958722553521, 0.4876381231081011181, -29.38762928302689659 ) ) ;
#2073 = STYLED_ITEM ( 'NONE', ( #3410 ), #3126 ) ;
#2074 =( GEOMETRIC_REPRESENTATION_CONTEXT ( 3 ) GLOBAL_UNCERTAINTY_ASSIGNED_CONTEXT ( ( #5118 ) ) GLOBAL_UNIT_ASSIGNED_CONTEXT ( ( #1589, #179, #8838 ) ) REPRESENTATION_CONTEXT ( 'NONE', 'WORKASPACE' ) );
#2075 = EDGE_CURVE ( 'NONE', #5613, #3116, #5505, .T. ) ;
#2076 = EDGE_CURVE ( 'NONE', #1463, #2430, #3558, .T. ) ;
#2077 = DIRECTION ( 'NONE',  ( 0.0000000000000000000, 0.0000000000000000000, 1.000000000000000000 ) ) ;
#2078 =( GEOMETRIC_REPRESENTATION_CONTEXT ( 3 ) GLOBAL_UNCERTAINTY_ASSIGNED_CONTEXT ( ( #7387 ) ) GLOBAL_UNIT_ASSIGNED_CONTEXT ( ( #886, #8154, #2403 ) ) REPRESENTATION_CONTEXT ( 'NONE', 'WORKASPACE' ) );
#2079 = B_SPLINE_CURVE_WITH_KNOTS ( 'NONE', 3,
 ( #8006, #7864, #1361, #646, #3544, #6446, #691, #9366, #5060, #7959, #1446, #1498, #4340, #7249, #738, #4386 ),
 .UNSPECIFIED., .F., .F.,
 ( 4, 2, 2, 2, 2, 2, 2, 4 ),
 ( 0.0000000000000000000, 0.2500000000000000000, 0.3750000000000000000, 0.4375000000000000000, 0.5000000000000000000, 0.6250000000000000000, 0.7500000000000000000, 1.000000000000000000 ),
 .UNSPECIFIED. ) ;
#2080 = STYLED_ITEM ( 'NONE', ( #490 ), #2601 ) ;
#2081 = CARTESIAN_POINT ( 'NONE',  ( -3.331114704673762805, -0.3326687617608795611, -23.37183459267959051 ) ) ;
#2082 = FILL_AREA_STYLE ('',( #790 ) ) ;
#2083 = CARTESIAN_POINT ( 'NONE',  ( -2.953751114080398477, -0.8864263001105666673, -25.35000000000000497 ) ) ;
#2084 = CARTESIAN_POINT ( 'NONE',  ( -5.052593891869450182, 2.953873813601203047, -20.85272001113171214 ) ) ;
#2085 = CARTESIAN_POINT ( 'NONE',  ( 1.044114755794840255, 3.171588649806347693, -23.72244017331997057 ) ) ;
#2086 = ORIENTED_EDGE ( 'NONE', *, *, #8239, .T. ) ;
#2087 = EDGE_CURVE ( 'NONE', #7170, #6756, #9181, .T. ) ;
#2088 = CARTESIAN_POINT ( 'NONE',  ( -6.144306646161469487, 2.731094615809297910, -19.75445316928963635 ) ) ;
#2089 = VECTOR ( 'NONE', #8384, 1000.000000000000000 ) ;
#2090 = CARTESIAN_POINT ( 'NONE',  ( 3.021249962336046035, 0.4499999999999984013, -25.59999999999999432 ) ) ;
#2091 = CARTESIAN_POINT ( 'NONE',  ( 6.268851540329239747, -2.778848167523644719, -20.75081232263394071 ) ) ;
#2092 = UNCERTAINTY_MEASURE_WITH_UNIT (LENGTH_MEASURE( 1.000000000000000082E-05 ), #7779, 'distance_accuracy_value', 'NONE');
#2093 = AXIS2_PLACEMENT_3D ( 'NONE', #2229, #8026, #4404 ) ;
#2094 = MECHANICAL_DESIGN_GEOMETRIC_PRESENTATION_REPRESENTATION (  '', ( #5590 ), #7851 ) ;
#2095 = ORIENTED_EDGE ( 'NONE', *, *, #7339, .F. ) ;
#2096 = SURFACE_STYLE_FILL_AREA ( #1418 ) ;
#2097 = DIRECTION ( 'NONE',  ( 0.0000000000000000000, 0.0000000000000000000, 1.000000000000000000 ) ) ;
#2098 = CARTESIAN_POINT ( 'NONE',  ( 2.984275919609511440, -0.8219868212767252880, -25.37544128308728020 ) ) ;
#2099 =( BOUNDED_CURVE ( )  B_SPLINE_CURVE ( 3, ( #3660, #5850, #8740, #8141 ),
 .UNSPECIFIED., .F., .F. ) 
 B_SPLINE_CURVE_WITH_KNOTS ( ( 4, 4 ),
 ( 0.0000000000000000000, 1.000000000000000000 ),
 .UNSPECIFIED. ) 
 CURVE ( )  GEOMETRIC_REPRESENTATION_ITEM ( )  RATIONAL_B_SPLINE_CURVE ( ( 1.000000000000000000, 0.5457087699478756493, 0.5457087699478756493, 1.000000000000000000 ) ) 
 REPRESENTATION_ITEM ( '' )  );
#2100 = EDGE_CURVE ( 'NONE', #2676, #560, #9357, .T. ) ;
#2101 = MECHANICAL_DESIGN_GEOMETRIC_PRESENTATION_REPRESENTATION (  '', ( #885 ), #9063 ) ;
#2102 = CYLINDRICAL_SURFACE ( 'NONE', #1614, 2.100000000000000089 ) ;
#2103 = LINE ( 'NONE', #7178, #3641 ) ;
#2104 =( LENGTH_UNIT ( ) NAMED_UNIT ( * ) SI_UNIT ( .MILLI., .METRE. ) );
#2105 = CARTESIAN_POINT ( 'NONE',  ( 2.962117739245630155, 0.6999999999999996225, -28.95000000565628895 ) ) ;
#2106 = CARTESIAN_POINT ( 'NONE',  ( 1.944096826691230406, -4.724011390307935265, -25.10436310160459783 ) ) ;
#2107 = ORIENTED_EDGE ( 'NONE', *, *, #7415, .T. ) ;
#2108 = CARTESIAN_POINT ( 'NONE',  ( -0.2083022828051461495, 3.342368676618161949, -23.52481286393737037 ) ) ;
#2109 = CARTESIAN_POINT ( 'NONE',  ( 2.997599006772127872, -1.473638625469633867, -23.62616228857380918 ) ) ;
#2110 = ORIENTED_EDGE ( 'NONE', *, *, #6158, .T. ) ;
#2111 = CARTESIAN_POINT ( 'NONE',  ( 6.226830715045818643, -1.379626407260558851, -20.41464572036657188 ) ) ;
#2112 = CARTESIAN_POINT ( 'NONE',  ( 1.872832080032804658, -0.9499999999999997335, -28.10000000000000497 ) ) ;
#2113 = CARTESIAN_POINT ( 'NONE',  ( 3.205919556120570668, 6.411839112241141336, -31.25436310159558673 ) ) ;
#2114 = UNCERTAINTY_MEASURE_WITH_UNIT (LENGTH_MEASURE( 1.000000000000000082E-05 ), #5357, 'distance_accuracy_value', 'NONE');
#2115 = B_SPLINE_CURVE_WITH_KNOTS ( 'NONE', 3,
 ( #7288, #4378, #4572, #1542, #2253, #6758, #5947, #781, #7474, #3053, #227, #2957, #3814, #280, #3160, #3666, #6618, #6058, #3764, #6568, #921, #2209, #8829, #3003, #172, #2341, #971, #3103, #6713, #70, #5905, #8790, #5237, #6004 ),
 .UNSPECIFIED., .F., .F.,
 ( 4, 2, 1, 1, 1, 2, 2, 2, 1, 1, 2, 2, 1, 2, 2, 1, 1, 1, 1, 2, 2, 4 ),
 ( 0.0000000000000000000, 0.1250000000000109635, 0.1875000000000160982, 0.2187500000000194844, 0.2343750000000209277, 0.2421875000000216216, 0.2500000000000223710, 0.3750000000000248690, 0.4375000000000259792, 0.4687500000000269229, 0.4843750000000270894, 0.5000000000000273115, 0.5625000000000266454, 0.5781250000000267564, 0.5937500000000267564, 0.6250000000000257572, 0.6875000000000235367, 0.7187500000000225375, 0.7343750000000218714, 0.7421875000000215383, 0.7500000000000212053, 1.000000000000000000 ),
 .UNSPECIFIED. ) ;
#2116 =( GEOMETRIC_REPRESENTATION_CONTEXT ( 3 ) GLOBAL_UNCERTAINTY_ASSIGNED_CONTEXT ( ( #8933 ) ) GLOBAL_UNIT_ASSIGNED_CONTEXT ( ( #1791, #3970, #6872 ) ) REPRESENTATION_CONTEXT ( 'NONE', 'WORKASPACE' ) );
#2117 =( NAMED_UNIT ( * ) PLANE_ANGLE_UNIT ( ) SI_UNIT ( $, .RADIAN. ) );
#2118 = ORIENTED_EDGE ( 'NONE', *, *, #2603, .T. ) ;
#2119 = FACE_OUTER_BOUND ( 'NONE', #2630, .T. ) ;
#2120 = ORIENTED_EDGE ( 'NONE', *, *, #5389, .F. ) ;
#2121 =( NAMED_UNIT ( * ) PLANE_ANGLE_UNIT ( ) SI_UNIT ( $, .RADIAN. ) );
#2122 = CARTESIAN_POINT ( 'NONE',  ( -3.276049450176239830, 0.6999999999999995115, -25.35000000000000497 ) ) ;
#2123 = CARTESIAN_POINT ( 'NONE',  ( -2.919410773348553700, 0.8863333083958332415, -26.75000000000000355 ) ) ;
#2124 = CARTESIAN_POINT ( 'NONE',  ( -3.339580227060280571, -1.109876329436902548E-11, -23.59694821494533912 ) ) ;
#2125 =( NAMED_UNIT ( * ) SI_UNIT ( $, .STERADIAN. ) SOLID_ANGLE_UNIT ( ) );
#2126 = CYLINDRICAL_SURFACE ( 'NONE', #3042, 0.2500000000000000000 ) ;
#2127 = AXIS2_PLACEMENT_3D ( 'NONE', #583, #494, #4942 ) ;
#2128 = ADVANCED_FACE ( 'NONE', ( #5773 ), #6447, .T. ) ;
#2129 = CARTESIAN_POINT ( 'NONE',  ( -3.214550653809694847, 0.4874774249067548859, -28.65436310723538327 ) ) ;
#2130 = CYLINDRICAL_SURFACE ( 'NONE', #1713, 0.2500000000000000000 ) ;
#2131 = CARTESIAN_POINT ( 'NONE',  ( -6.563173287081360385, -2.870607684945988947, -23.10538629665090227 ) ) ;
#2132 = B_SPLINE_CURVE_WITH_KNOTS ( 'NONE', 3,
 ( #823, #270, #1622, #2245, #5142, #8042 ),
 .UNSPECIFIED., .F., .F.,
 ( 4, 2, 4 ),
 ( 0.0000000000000000000, 0.5000000000000000000, 1.000000000000000000 ),
 .UNSPECIFIED. ) ;
#2133 = VERTEX_POINT ( 'NONE', #7117 ) ;
#2134 = AXIS2_PLACEMENT_3D ( 'NONE', #3145, #2477, #9010 ) ;
#2135 = CARTESIAN_POINT ( 'NONE',  ( -1.904048383564784341, -0.8884601108687012472, -26.74999999999999645 ) ) ;
#2136 = EDGE_CURVE ( 'NONE', #699, #1072, #4732, .T. ) ;
#2137 = EDGE_CURVE ( 'NONE', #1001, #4235, #7116, .T. ) ;
#2138 = EDGE_LOOP ( 'NONE', ( #3026, #7998, #5149, #4149 ) ) ;
#2139 = CARTESIAN_POINT ( 'NONE',  ( -4.713855710941729171, -2.891763259629740013, 0.9437742251701477514 ) ) ;
#2140 = CARTESIAN_POINT ( 'NONE',  ( -6.544820807097956994, 1.886334989328443124, -23.00150521720796348 ) ) ;
#2141 = PRESENTATION_LAYER_ASSIGNMENT (  '', '', ( #6249 ) ) ;
#2142 =( NAMED_UNIT ( * ) PLANE_ANGLE_UNIT ( ) SI_UNIT ( $, .RADIAN. ) );
#2143 = CARTESIAN_POINT ( 'NONE',  ( -1.675003155374175323, -3.113848057777817591, -23.46788425806674283 ) ) ;
#2144 = CARTESIAN_POINT ( 'NONE',  ( 2.861741315536934227, -0.9499999999999995115, -28.10000000000000497 ) ) ;
#2145 = CARTESIAN_POINT ( 'NONE',  ( -1.969603516111538832, 0.7302592511815344523, -28.21394509224951364 ) ) ;
#2146 = ORIENTED_EDGE ( 'NONE', *, *, #2424, .F. ) ;
#2147 = CARTESIAN_POINT ( 'NONE',  ( -6.291338533062490690, -2.847821490553926083, -20.93070826449845256 ) ) ;
#2148 =( BOUNDED_CURVE ( )  B_SPLINE_CURVE ( 2, ( #7107, #4144, #508 ),
 .UNSPECIFIED., .F., .F. ) 
 B_SPLINE_CURVE_WITH_KNOTS ( ( 3, 3 ),
 ( 0.0000000000000000000, 1.000000000000000000 ),
 .UNSPECIFIED. ) 
 CURVE ( )  GEOMETRIC_REPRESENTATION_ITEM ( )  RATIONAL_B_SPLINE_CURVE ( ( 1.000000000000000000, 1.489454356889000186, 1.000000000000000000 ) ) 
 REPRESENTATION_ITEM ( '' )  );
#2149 = PRESENTATION_LAYER_ASSIGNMENT (  '', '', ( #934 ) ) ;
#2150 = CARTESIAN_POINT ( 'NONE',  ( -5.545348857891188921, -2.990070553154099198, -22.89453159141168470 ) ) ;
#2151 = FILL_AREA_STYLE_COLOUR ( '', #9007 ) ;
#2152 = CIRCLE ( 'NONE', #2461, 43.15249999999993946 ) ;
#2153 = VECTOR ( 'NONE', #7124, 1000.000000000000000 ) ;
#2154 = CARTESIAN_POINT ( 'NONE',  ( 2.925000000000000711, 0.6249999999999991118, 6.599999999999999645 ) ) ;
#2155 = CARTESIAN_POINT ( 'NONE',  ( -4.713855710941723842, -2.891763259629740901, -18.87548450340289818 ) ) ;
#2156 = ADVANCED_FACE ( 'NONE', ( #7202 ), #3429, .T. ) ;
#2157 = CARTESIAN_POINT ( 'NONE',  ( 6.485940740138510741, -1.550624787427866913, -22.48752592110810156 ) ) ;
#2158 = ORIENTED_EDGE ( 'NONE', *, *, #8845, .F. ) ;
#2159 = CARTESIAN_POINT ( 'NONE',  ( 1.689290897685739035, -3.282628216956477551, -20.65074867862697516 ) ) ;
#2160 = CARTESIAN_POINT ( 'NONE',  ( -1.861692450849467440, -3.060240854081326844, -23.45982257102892277 ) ) ;
#2161 = ORIENTED_EDGE ( 'NONE', *, *, #8174, .T. ) ;
#2162 = FACE_OUTER_BOUND ( 'NONE', #7538, .T. ) ;
#2163 = AXIS2_PLACEMENT_3D ( 'NONE', #2007, #8032, #1352 ) ;
#2164 = MECHANICAL_DESIGN_GEOMETRIC_PRESENTATION_REPRESENTATION (  '', ( #3524 ), #5797 ) ;
#2165 = DIRECTION ( 'NONE',  ( -1.000000000000000000, 0.0000000000000000000, 1.369518533665900312E-16 ) ) ;
#2166 =( NAMED_UNIT ( * ) SI_UNIT ( $, .STERADIAN. ) SOLID_ANGLE_UNIT ( ) );
#2167 = CARTESIAN_POINT ( 'NONE',  ( 2.075327044356562123, 2.614443288084913775, -23.68827374447415224 ) ) ;
#2168 = CARTESIAN_POINT ( 'NONE',  ( -2.343032115013186090, 2.379298790822736098, -23.67215488070332441 ) ) ;
#2169 = DIRECTION ( 'NONE',  ( -0.1240347345892085923, 0.0000000000000000000, -0.9922778767136676281 ) ) ;
#2170 = STYLED_ITEM ( 'NONE', ( #8598 ), #765 ) ;
#2171 = UNCERTAINTY_MEASURE_WITH_UNIT (LENGTH_MEASURE( 1.000000000000000082E-05 ), #2303, 'distance_accuracy_value', 'NONE');
#2172 = CARTESIAN_POINT ( 'NONE',  ( -3.503179575860803752, 0.7077185755797708033, -23.35757651470822793 ) ) ;
#2173 =( LENGTH_UNIT ( ) NAMED_UNIT ( * ) SI_UNIT ( .MILLI., .METRE. ) );
#2174 =( NAMED_UNIT ( * ) SI_UNIT ( $, .STERADIAN. ) SOLID_ANGLE_UNIT ( ) );
#2175 = CARTESIAN_POINT ( 'NONE',  ( 3.209243540985152521, -0.4875474377872420773, -28.95436255978782469 ) ) ;
#2176 = ORIENTED_EDGE ( 'NONE', *, *, #6961, .T. ) ;
#2177 = VECTOR ( 'NONE', #2913, 1000.000000000000000 ) ;
#2178 = EDGE_CURVE ( 'NONE', #1677, #2254, #928, .T. ) ;
#2179 = CARTESIAN_POINT ( 'NONE',  ( 6.077169277738076580, -2.795965033773328834, -22.82306146085452170 ) ) ;
#2180 = CARTESIAN_POINT ( 'NONE',  ( -1.589309410256830423E-16, -0.9500000000000000666, -29.25000000000000000 ) ) ;
#2181 =( NAMED_UNIT ( * ) PLANE_ANGLE_UNIT ( ) SI_UNIT ( $, .RADIAN. ) );
#2182 = PRESENTATION_LAYER_ASSIGNMENT (  '', '', ( #8408 ) ) ;
#2183 = CARTESIAN_POINT ( 'NONE',  ( 2.670318837214724628, -2.017613818689222072, -23.41780424294031349 ) ) ;
#2184 = ORIENTED_EDGE ( 'NONE', *, *, #516, .F. ) ;
#2185 = CARTESIAN_POINT ( 'NONE',  ( -5.758342212462054910, -1.968449332760018100, -5.854691731421688445E-15 ) ) ;
#2186 = CARTESIAN_POINT ( 'NONE',  ( -1.871412712720890825, -4.577467098906678800, -29.75290886364104992 ) ) ;
#2187 = PRESENTATION_LAYER_ASSIGNMENT (  '', '', ( #7786 ) ) ;
#2188 = PRESENTATION_LAYER_ASSIGNMENT (  '', '', ( #6153 ) ) ;
#2189 = CARTESIAN_POINT ( 'NONE',  ( 1.872832080032804658, 0.9499999999999996225, -25.35000000000000497 ) ) ;
#2190 = ORIENTED_EDGE ( 'NONE', *, *, #4748, .T. ) ;
#2191 = EDGE_CURVE ( 'NONE', #7002, #6660, #7982, .T. ) ;
#2192 = COLOUR_RGB ( '',0.2509803921568627416, 0.2509803921568627416, 0.2509803921568627416 ) ;
#2193 = ADVANCED_FACE ( 'NONE', ( #3062 ), #6064, .F. ) ;
#2194 = CARTESIAN_POINT ( 'NONE',  ( 4.909082444451138727, 2.869886511112695437, -20.44105595435356548 ) ) ;
#2195 = DIRECTION ( 'NONE',  ( -1.000000000000000000, 1.672957273954558210E-16, 0.0000000000000000000 ) ) ;
#2196 = ORIENTED_EDGE ( 'NONE', *, *, #7583, .F. ) ;
#2197 = CARTESIAN_POINT ( 'NONE',  ( 5.021731462593221451, 3.058171956758895416, -21.47721981097128463 ) ) ;
#2198 = STYLED_ITEM ( 'NONE', ( #847 ), #1899 ) ;
#2199 = CARTESIAN_POINT ( 'NONE',  ( 2.877370061222676689, -0.9499999999999991784, -26.75000000000000000 ) ) ;
#2200 = SURFACE_STYLE_FILL_AREA ( #4515 ) ;
#2201 = CARTESIAN_POINT ( 'NONE',  ( -4.993047265035968074, -2.960834823798374593, -20.85271663322431834 ) ) ;
#2202 = CARTESIAN_POINT ( 'NONE',  ( 2.979806295168835106, 3.261949736376601017, -23.16204623756708258 ) ) ;
#2203 = CARTESIAN_POINT ( 'NONE',  ( 1.223091024611977273, 3.082643084310541237, -23.30938451861939598 ) ) ;
#2204 = FACE_OUTER_BOUND ( 'NONE', #6415, .T. ) ;
#2205 =( GEOMETRIC_REPRESENTATION_CONTEXT ( 3 ) GLOBAL_UNCERTAINTY_ASSIGNED_CONTEXT ( ( #6253 ) ) GLOBAL_UNIT_ASSIGNED_CONTEXT ( ( #8960, #952, #5987 ) ) REPRESENTATION_CONTEXT ( 'NONE', 'WORKASPACE' ) );
#2206 = CARTESIAN_POINT ( 'NONE',  ( 1.979898987322333603, 0.6999999999999998446, -29.25000000000000000 ) ) ;
#2207 = ORIENTED_EDGE ( 'NONE', *, *, #2100, .T. ) ;
#2208 = CARTESIAN_POINT ( 'NONE',  ( -6.055908479276918222, -2.743985188911894468, -19.05343563844422761 ) ) ;
#2209 = CARTESIAN_POINT ( 'NONE',  ( -6.194347937198502407, -2.341421297490919429, -23.05310071497360980 ) ) ;
#2210 = EDGE_LOOP ( 'NONE', ( #8879, #4914, #1896, #6678 ) ) ;
#2211 = SURFACE_STYLE_FILL_AREA ( #3006 ) ;
#2212 = CARTESIAN_POINT ( 'NONE',  ( -3.159207711084724313, 0.7378373905866503213, -29.40469169443655062 ) ) ;
#2213 = CARTESIAN_POINT ( 'NONE',  ( 2.345088905887561470, 2.381620659814186247, -23.67276595166518760 ) ) ;
#2214 = DIRECTION ( 'NONE',  ( 1.000000000000000000, 0.0000000000000000000, 0.0000000000000000000 ) ) ;
#2215 = CARTESIAN_POINT ( 'NONE',  ( 3.156460480800265422, -0.8952689043979998873, -26.99284700257537040 ) ) ;
#2216 = UNCERTAINTY_MEASURE_WITH_UNIT (LENGTH_MEASURE( 1.000000000000000082E-05 ), #2406, 'distance_accuracy_value', 'NONE');
#2217 = FACE_OUTER_BOUND ( 'NONE', #1190, .T. ) ;
#2218 = STYLED_ITEM ( 'NONE', ( #1382 ), #8835 ) ;
#2219 = STYLED_ITEM ( 'NONE', ( #7481 ), #3292 ) ;
#2220 = FILL_AREA_STYLE ('',( #7391 ) ) ;
#2221 = B_SPLINE_CURVE_WITH_KNOTS ( 'NONE', 3,
 ( #1528, #6607, #5893, #5046, #7945, #3706, #6559, #910, #8135, #5936 ),
 .UNSPECIFIED., .F., .F.,
 ( 4, 2, 2, 2, 4 ),
 ( 0.0000000000000000000, 0.2500000000000000000, 0.5000000000000000000, 0.7500000000000000000, 1.000000000000000000 ),
 .UNSPECIFIED. ) ;
#2222 = CARTESIAN_POINT ( 'NONE',  ( -2.100000000000000089, 2.571758278209441957E-16, -31.50000000000000000 ) ) ;
#2223 = ORIENTED_EDGE ( 'NONE', *, *, #2178, .T. ) ;
#2224 = CARTESIAN_POINT ( 'NONE',  ( 3.021249826110000036, -0.6999999999999788614, -25.59999999839729412 ) ) ;
#2225 = STYLED_ITEM ( 'NONE', ( #9331 ), #3404 ) ;
#2226 = DIRECTION ( 'NONE',  ( -1.312907434935410473E-16, -0.0000000000000000000, 1.000000000000000000 ) ) ;
#2227 = DIRECTION ( 'NONE',  ( -1.672957273954557963E-16, -1.000000000000000000, 0.0000000000000000000 ) ) ;
#2228 = CARTESIAN_POINT ( 'NONE',  ( 6.180271013676005509, -1.384904610932401248, -20.04216810940807036 ) ) ;
#2229 = CARTESIAN_POINT ( 'NONE',  ( 0.0000000000000000000, 0.0000000000000000000, -26.75000000000000355 ) ) ;
#2230 = VERTEX_POINT ( 'NONE', #5243 ) ;
#2231 = DIRECTION ( 'NONE',  ( 1.000000000000000000, -1.672957273954558210E-16, 0.0000000000000000000 ) ) ;
#2232 = STYLED_ITEM ( 'NONE', ( #4370 ), #3868 ) ;
#2233 = ORIENTED_EDGE ( 'NONE', *, *, #3185, .T. ) ;
#2234 = CARTESIAN_POINT ( 'NONE',  ( 2.985144910683740438, -3.012232784066346536, -23.41130922638329892 ) ) ;
#2235 = CARTESIAN_POINT ( 'NONE',  ( -2.826775610078679168, 0.9499999999999997335, -29.50000000000000355 ) ) ;
#2236 = CARTESIAN_POINT ( 'NONE',  ( -6.050000000000003375, -1.400739683024801341, -0.2500000000000024980 ) ) ;
#2237 = CARTESIAN_POINT ( 'NONE',  ( 5.712352468068185196, 2.601328961183511534, -19.18432447407434083 ) ) ;
#2238 =( NAMED_UNIT ( * ) PLANE_ANGLE_UNIT ( ) SI_UNIT ( $, .RADIAN. ) );
#2239 = ORIENTED_EDGE ( 'NONE', *, *, #1422, .T. ) ;
#2240 = EDGE_CURVE ( 'NONE', #6202, #7013, #5650, .T. ) ;
#2241 = FILL_AREA_STYLE_COLOUR ( '', #9227 ) ;
#2242 = CARTESIAN_POINT ( 'NONE',  ( 6.150093005339511087, 2.428166214054165106, -23.05951745809791831 ) ) ;
#2243 = CARTESIAN_POINT ( 'NONE',  ( -5.210627282546227867, 3.035722774306472083, -22.93606777099247296 ) ) ;
#2244 = VECTOR ( 'NONE', #4582, 1000.000000000000000 ) ;
#2245 = CARTESIAN_POINT ( 'NONE',  ( -3.018531839037320808, 0.7281423611171419230, -25.46736071721528560 ) ) ;
#2246 = SURFACE_SIDE_STYLE ('',( #5231 ) ) ;
#2247 = UNCERTAINTY_MEASURE_WITH_UNIT (LENGTH_MEASURE( 1.000000000000000082E-05 ), #5900, 'distance_accuracy_value', 'NONE');
#2248 = SURFACE_SIDE_STYLE ('',( #5282 ) ) ;
#2249 = CARTESIAN_POINT ( 'NONE',  ( 3.178132434347339164, -0.6074370698197510965, -29.57439474798672308 ) ) ;
#2250 = ORIENTED_EDGE ( 'NONE', *, *, #1660, .F. ) ;
#2251 = EDGE_CURVE ( 'NONE', #7902, #1310, #2400, .T. ) ;
#2252 = CARTESIAN_POINT ( 'NONE',  ( -4.723190629520964912, -2.890740483775006364, -19.16547007790489587 ) ) ;
#2253 = CARTESIAN_POINT ( 'NONE',  ( -5.567505210811479976, -2.730210196604785367, -23.13936109785662865 ) ) ;
#2254 = VERTEX_POINT ( 'NONE', #1784 ) ;
#2255 = CARTESIAN_POINT ( 'NONE',  ( 0.2118722762546911831, 3.333161909630858233, -23.58514142352122533 ) ) ;
#2256 = CARTESIAN_POINT ( 'NONE',  ( -3.231393650150809815, 0.6999999999998537392, -25.90376909648667691 ) ) ;
#2257 = CARTESIAN_POINT ( 'NONE',  ( -0.1019898221489238671, 3.345120702415240288, -23.52004251739484175 ) ) ;
#2258 = CARTESIAN_POINT ( 'NONE',  ( 4.781516572172433754, 2.884292228722029616, -19.61585814042067710 ) ) ;
#2259 = MECHANICAL_DESIGN_GEOMETRIC_PRESENTATION_REPRESENTATION (  '', ( #1055 ), #8765 ) ;
#2260 = DIRECTION ( 'NONE',  ( 0.9981490824564804853, 0.04290207719878638692, 0.04310244730077045228 ) ) ;
#2261 = VERTEX_POINT ( 'NONE', #1672 ) ;
#2262 = CARTESIAN_POINT ( 'NONE',  ( 0.0000000000000000000, 0.0000000000000000000, -23.51834166324806574 ) ) ;
#2263 = MECHANICAL_DESIGN_GEOMETRIC_PRESENTATION_REPRESENTATION (  '', ( #6513 ), #1963 ) ;
#2264 =( NAMED_UNIT ( * ) SI_UNIT ( $, .STERADIAN. ) SOLID_ANGLE_UNIT ( ) );
#2265 = ORIENTED_EDGE ( 'NONE', *, *, #8957, .T. ) ;
#2266 = PRESENTATION_STYLE_ASSIGNMENT (( #5829 ) ) ;
#2267 = COLOUR_RGB ( '',0.2509803921568627416, 0.2509803921568627416, 0.2509803921568627416 ) ;
#2268 = CARTESIAN_POINT ( 'NONE',  ( -1.768476342693165781, -4.308629038710203751, -26.75000000000000355 ) ) ;
#2269 = CARTESIAN_POINT ( 'NONE',  ( 2.877370061222675801, 0.9499999999999991784, -26.75000000000000355 ) ) ;
#2270 = UNCERTAINTY_MEASURE_WITH_UNIT (LENGTH_MEASURE( 1.000000000000000082E-05 ), #2333, 'distance_accuracy_value', 'NONE');
#2271 = ORIENTED_EDGE ( 'NONE', *, *, #6080, .F. ) ;
#2272 =( LENGTH_UNIT ( ) NAMED_UNIT ( * ) SI_UNIT ( .MILLI., .METRE. ) );
#2273 = SURFACE_STYLE_USAGE ( .BOTH. , #6596 ) ;
#2274 =( GEOMETRIC_REPRESENTATION_CONTEXT ( 3 ) GLOBAL_UNCERTAINTY_ASSIGNED_CONTEXT ( ( #1549 ) ) GLOBAL_UNIT_ASSIGNED_CONTEXT ( ( #4959, #2117, #4376 ) ) REPRESENTATION_CONTEXT ( 'NONE', 'WORKASPACE' ) );
#2275 = CARTESIAN_POINT ( 'NONE',  ( 6.550085928064113716, 1.546407208780287812, -23.00068742451315984 ) ) ;
#2276 = ORIENTED_EDGE ( 'NONE', *, *, #345, .F. ) ;
#2277 = CARTESIAN_POINT ( 'NONE',  ( 5.898268897718980774, 2.887351152358179185, -22.84764096646414089 ) ) ;
#2278 = LINE ( 'NONE', #863, #8418 ) ;
#2279 = CARTESIAN_POINT ( 'NONE',  ( -6.050000000000008704, -1.571127900305620662, -0.2500000000000618949 ) ) ;
#2280 =( BOUNDED_CURVE ( )  B_SPLINE_CURVE ( 2, ( #6179, #2641, #8483 ),
 .UNSPECIFIED., .F., .T. ) 
 B_SPLINE_CURVE_WITH_KNOTS ( ( 3, 3 ),
 ( 0.0000000000000000000, 1.000000000000000000 ),
 .UNSPECIFIED. ) 
 CURVE ( )  GEOMETRIC_REPRESENTATION_ITEM ( )  RATIONAL_B_SPLINE_CURVE ( ( 1.000000000000000000, 1.514946580168781143, 1.000022535367815824 ) ) 
 REPRESENTATION_ITEM ( '' )  );
#2281 =( NAMED_UNIT ( * ) SI_UNIT ( $, .STERADIAN. ) SOLID_ANGLE_UNIT ( ) );
#2282 = VERTEX_POINT ( 'NONE', #5280 ) ;
#2283 = SURFACE_STYLE_USAGE ( .BOTH. , #8778 ) ;
#2284 = CARTESIAN_POINT ( 'NONE',  ( 2.969861802739627521, 0.7281556850839852046, -28.21739708335849883 ) ) ;
#2285 = CARTESIAN_POINT ( 'NONE',  ( -6.474586585947738726, 2.159271395120982540, -22.76539647089945007 ) ) ;
#2286 = AXIS2_PLACEMENT_3D ( 'NONE', #4450, #7349, #851 ) ;
#2287 = CARTESIAN_POINT ( 'NONE',  ( -2.877370061222676245, -0.9499999999999995115, -27.00000000000000711 ) ) ;
#2288 = FACE_OUTER_BOUND ( 'NONE', #5352, .T. ) ;
#2289 = PRESENTATION_STYLE_ASSIGNMENT (( #8875 ) ) ;
#2290 = CARTESIAN_POINT ( 'NONE',  ( 1.060281684687368831, 3.337152130155941698, -23.34791434283689782 ) ) ;
#2291 = COLOUR_RGB ( '',0.2509803921568627416, 0.2509803921568627416, 0.2509803921568627416 ) ;
#2292 = FACE_OUTER_BOUND ( 'NONE', #1092, .T. ) ;
#2293 = ORIENTED_EDGE ( 'NONE', *, *, #1373, .T. ) ;
#2294 = CARTESIAN_POINT ( 'NONE',  ( 1.230185108644109793, -3.332542411984210418, -23.30938451861454652 ) ) ;
#2295 = ORIENTED_EDGE ( 'NONE', *, *, #7073, .T. ) ;
#2296 = CARTESIAN_POINT ( 'NONE',  ( -2.100000000000000089, 2.571758278209441957E-16, -41.50000000000000000 ) ) ;
#2297 =( NAMED_UNIT ( * ) PLANE_ANGLE_UNIT ( ) SI_UNIT ( $, .RADIAN. ) );
#2298 = CARTESIAN_POINT ( 'NONE',  ( 0.2157039751314092368, 3.342096742465637593, -23.52513446725882673 ) ) ;
#2299 = CIRCLE ( 'NONE', #7611, 0.2499999999999993894 ) ;
#2300 = CARTESIAN_POINT ( 'NONE',  ( 6.050000000000008704, -1.400739683024801341, 0.9437742251701406460 ) ) ;
#2301 = EDGE_CURVE ( 'NONE', #5450, #1122, #5855, .T. ) ;
#2302 = EDGE_CURVE ( 'NONE', #4811, #6565, #112, .T. ) ;
#2303 =( LENGTH_UNIT ( ) NAMED_UNIT ( * ) SI_UNIT ( .MILLI., .METRE. ) );
#2304 = CARTESIAN_POINT ( 'NONE',  ( 1.904048383564784563, -0.8884601108687009141, -25.34999999999999787 ) ) ;
#2305 = CARTESIAN_POINT ( 'NONE',  ( -6.065444246572657683, 1.397765044245062871, -19.12355397258126999 ) ) ;
#2306 = CARTESIAN_POINT ( 'NONE',  ( 6.519773975792994669, 1.715348840099423899, -22.75819730144680619 ) ) ;
#2307 = CARTESIAN_POINT ( 'NONE',  ( 4.713855710941726507, 2.891763259629741345, -0.2500000000000009992 ) ) ;
#2308 = STYLED_ITEM ( 'NONE', ( #6727 ), #451 ) ;
#2309 = SURFACE_SIDE_STYLE ('',( #3120 ) ) ;
#2310 = ORIENTED_EDGE ( 'NONE', *, *, #1603, .T. ) ;
#2311 = CARTESIAN_POINT ( 'NONE',  ( -1.279002806387563806, -3.206160996100970717, -23.51942546254607791 ) ) ;
#2312 = CARTESIAN_POINT ( 'NONE',  ( -6.289993767395225532, -2.194298273795975973, -21.30609537860734548 ) ) ;
#2313 = MECHANICAL_DESIGN_GEOMETRIC_PRESENTATION_REPRESENTATION (  '', ( #3239 ), #6274 ) ;
#2314 = CARTESIAN_POINT ( 'NONE',  ( 1.279002806388189750, 3.206160996099503890, -23.51942546254678490 ) ) ;
#2315 = CARTESIAN_POINT ( 'NONE',  ( -1.979898987322333603, -0.6999999999999997335, -28.35000000000000497 ) ) ;
#2316 = CARTESIAN_POINT ( 'NONE',  ( 3.016433226247841937, 0.9959134570677248277, -26.75000000000000000 ) ) ;
#2317 = CARTESIAN_POINT ( 'NONE',  ( 5.894217482508468109, -2.888792127183261726, -22.84818852783355680 ) ) ;
#2318 = CARTESIAN_POINT ( 'NONE',  ( -6.509773238074630264, -1.546452322820623504, -22.88901413243556249 ) ) ;
#2319 = VERTEX_POINT ( 'NONE', #5898 ) ;
#2320 =( NAMED_UNIT ( * ) SI_UNIT ( $, .STERADIAN. ) SOLID_ANGLE_UNIT ( ) );
#2321 = PRESENTATION_STYLE_ASSIGNMENT (( #8856 ) ) ;
#2322 = EDGE_LOOP ( 'NONE', ( #7266, #4493, #6971, #8857 ) ) ;
#2323 = CARTESIAN_POINT ( 'NONE',  ( 5.556165509364911159, -2.736296134318414452, -23.14100082259409419 ) ) ;
#2324 = EDGE_CURVE ( 'NONE', #903, #5045, #3711, .T. ) ;
#2325 = CARTESIAN_POINT ( 'NONE',  ( -6.336395993654732273, -1.568269227114549969, -21.29116794923787737 ) ) ;
#2326 =( NAMED_UNIT ( * ) PLANE_ANGLE_UNIT ( ) SI_UNIT ( $, .RADIAN. ) );
#2327 = SURFACE_STYLE_USAGE ( .BOTH. , #8817 ) ;
#2328 = COLOUR_RGB ( '',0.2509803921568627416, 0.2509803921568627416, 0.2509803921568627416 ) ;
#2329 = FILL_AREA_STYLE_COLOUR ( '', #9368 ) ;
#2330 = ORIENTED_EDGE ( 'NONE', *, *, #5568, .F. ) ;
#2331 = CARTESIAN_POINT ( 'NONE',  ( -5.210627282546227867, 3.035722774306472083, -22.93606777099247296 ) ) ;
#2332 = CARTESIAN_POINT ( 'NONE',  ( 1.556002146306562528, -2.971935054514683650, -23.71471385875821980 ) ) ;
#2333 =( LENGTH_UNIT ( ) NAMED_UNIT ( * ) SI_UNIT ( .MILLI., .METRE. ) );
#2334 = VECTOR ( 'NONE', #7199, 1000.000000000000000 ) ;
#2335 = CARTESIAN_POINT ( 'NONE',  ( -6.049999999999999822, 3.149999999999999911, 0.0000000000000000000 ) ) ;
#2336 = AXIS2_PLACEMENT_3D ( 'NONE', #543, #1339, #5029 ) ;
#2337 =( GEOMETRIC_REPRESENTATION_CONTEXT ( 3 ) GLOBAL_UNCERTAINTY_ASSIGNED_CONTEXT ( ( #7500 ) ) GLOBAL_UNIT_ASSIGNED_CONTEXT ( ( #1586, #2297, #7478 ) ) REPRESENTATION_CONTEXT ( 'NONE', 'WORKASPACE' ) );
#2338 = SURFACE_SIDE_STYLE ('',( #3000 ) ) ;
#2339 = CARTESIAN_POINT ( 'NONE',  ( 1.839085841879074090, -2.804812232534695138, -23.70147533024560005 ) ) ;
#2340 = ORIENTED_EDGE ( 'NONE', *, *, #8579, .F. ) ;
#2341 = CARTESIAN_POINT ( 'NONE',  ( -6.249847245263891793, -2.184978373598916335, -23.04501543784404305 ) ) ;
#2342 = EDGE_LOOP ( 'NONE', ( #2146, #5408, #104, #2542 ) ) ;
#2343 = CARTESIAN_POINT ( 'NONE',  ( 0.1569461746536863767, 3.336242738611448377, -23.57688949591828376 ) ) ;
#2344 =( NAMED_UNIT ( * ) PLANE_ANGLE_UNIT ( ) SI_UNIT ( $, .RADIAN. ) );
#2345 = SURFACE_STYLE_USAGE ( .BOTH. , #8833 ) ;
#2346 = CARTESIAN_POINT ( 'NONE',  ( 0.4261256316573343583, 3.331016870512183203, -23.53436185516784462 ) ) ;
#2347 = SURFACE_SIDE_STYLE ('',( #5954 ) ) ;
#2348 = FILL_AREA_STYLE ('',( #4438 ) ) ;
#2349 = FILL_AREA_STYLE ('',( #7577 ) ) ;
#2350 = UNCERTAINTY_MEASURE_WITH_UNIT (LENGTH_MEASURE( 1.000000000000000082E-05 ), #1819, 'distance_accuracy_value', 'NONE');
#2351 = CARTESIAN_POINT ( 'NONE',  ( -6.055148810859250830, 1.399752460618903793, -19.04119048687401516 ) ) ;
#2352 = PRESENTATION_STYLE_ASSIGNMENT (( #844 ) ) ;
#2353 = EDGE_CURVE ( 'NONE', #1469, #1246, #6182, .T. ) ;
#2354 = CARTESIAN_POINT ( 'NONE',  ( 5.005240102355239529, 3.026629564943077444, -21.05583688104332651 ) ) ;
#2355 = EDGE_CURVE ( 'NONE', #4573, #2944, #4803, .T. ) ;
#2356 = STYLED_ITEM ( 'NONE', ( #3134 ), #2821 ) ;
#2357 = ORIENTED_EDGE ( 'NONE', *, *, #4250, .T. ) ;
#2358 = DIRECTION ( 'NONE',  ( -1.672957273954558210E-16, -1.000000000000000000, 0.0000000000000000000 ) ) ;
#2359 = CARTESIAN_POINT ( 'NONE',  ( -5.986311868886506460, -2.766989193509894918, -21.35240401129970778 ) ) ;
#2360 = SURFACE_STYLE_USAGE ( .BOTH. , #4541 ) ;
#2361 = CARTESIAN_POINT ( 'NONE',  ( 3.219856694775676598, -0.4874122644155672313, -28.35436310159694528 ) ) ;
#2362 = FACE_OUTER_BOUND ( 'NONE', #4270, .T. ) ;
#2363 = PRESENTATION_LAYER_ASSIGNMENT (  '', '', ( #1610 ) ) ;
#2364 = DIRECTION ( 'NONE',  ( 1.000000000000000000, -0.0000000000000000000, 0.0000000000000000000 ) ) ;
#2365 = PLANE ( 'NONE',  #4846 ) ;
#2366 = UNCERTAINTY_MEASURE_WITH_UNIT (LENGTH_MEASURE( 1.000000000000000082E-05 ), #3407, 'distance_accuracy_value', 'NONE');
#2367 = SURFACE_STYLE_FILL_AREA ( #3081 ) ;
#2368 = CARTESIAN_POINT ( 'NONE',  ( 2.858487799550706310, 2.154941252911496186, -23.40533476285420278 ) ) ;
#2369 = EDGE_LOOP ( 'NONE', ( #8113, #2190, #4979, #467 ) ) ;
#2370 = EDGE_CURVE ( 'NONE', #3105, #7857, #1769, .T. ) ;
#2371 = CARTESIAN_POINT ( 'NONE',  ( 1.871398015404532211, -4.577431149336791627, -29.75436310163103215 ) ) ;
#2372 = ORIENTED_EDGE ( 'NONE', *, *, #3567, .T. ) ;
#2373 = CARTESIAN_POINT ( 'NONE',  ( 6.196189051874342546, -2.337245288239993002, -23.05283350751153648 ) ) ;
#2374 = PRESENTATION_LAYER_ASSIGNMENT (  '', '', ( #1170 ) ) ;
#2375 = CARTESIAN_POINT ( 'NONE',  ( 6.245785763907226951, -2.686318080296833166, -23.04595783925557839 ) ) ;
#2376 = FILL_AREA_STYLE ('',( #8275 ) ) ;
#2377 =( LENGTH_UNIT ( ) NAMED_UNIT ( * ) SI_UNIT ( .MILLI., .METRE. ) );
#2378 = CARTESIAN_POINT ( 'NONE',  ( -1.549044759834209861, 2.974720033753881943, -23.71494430986967217 ) ) ;
#2379 = COLOUR_RGB ( '',0.2509803921568627416, 0.2509803921568627416, 0.2509803921568627416 ) ;
#2380 = CARTESIAN_POINT ( 'NONE',  ( -3.181510069787066630, 0.7336559074185712293, -28.20160060275859237 ) ) ;
#2381 = COLOUR_RGB ( '',0.2509803921568627416, 0.2509803921568627416, 0.2509803921568627416 ) ;
#2382 = CARTESIAN_POINT ( 'NONE',  ( -3.114765733250399737, 1.028379173908031685, -27.00000000000000355 ) ) ;
#2383 = ORIENTED_EDGE ( 'NONE', *, *, #6839, .F. ) ;
#2384 = CARTESIAN_POINT ( 'NONE',  ( 6.563173287081353280, 2.870607684945988503, -23.10538629665086674 ) ) ;
#2385 = CARTESIAN_POINT ( 'NONE',  ( 5.658177305101053989, 2.708368874026150230, -23.12744162837976702 ) ) ;
#2386 = EDGE_CURVE ( 'NONE', #5926, #7057, #8016, .T. ) ;
#2387 = CARTESIAN_POINT ( 'NONE',  ( -6.514761848419317047, 1.886741843461705370, -22.75909630327592481 ) ) ;
#2388 = CARTESIAN_POINT ( 'NONE',  ( -6.055148810859250830, 1.399752460618903793, -19.04119048687401516 ) ) ;
#2389 =( GEOMETRIC_REPRESENTATION_CONTEXT ( 3 ) GLOBAL_UNCERTAINTY_ASSIGNED_CONTEXT ( ( #2064 ) ) GLOBAL_UNIT_ASSIGNED_CONTEXT ( ( #9117, #3209, #4056 ) ) REPRESENTATION_CONTEXT ( 'NONE', 'WORKASPACE' ) );
#2390 =( NAMED_UNIT ( * ) PLANE_ANGLE_UNIT ( ) SI_UNIT ( $, .RADIAN. ) );
#2391 = DIRECTION ( 'NONE',  ( -1.000000000000000000, -1.672957273954558210E-16, 0.0000000000000000000 ) ) ;
#2392 = PLANE ( 'NONE',  #5474 ) ;
#2393 = ORIENTED_EDGE ( 'NONE', *, *, #7455, .F. ) ;
#2394 = CARTESIAN_POINT ( 'NONE',  ( -5.601860042100201831, -2.655010939371235779, -6.647305120640965682E-15 ) ) ;
#2395 = CARTESIAN_POINT ( 'NONE',  ( -3.220991870142449365, -0.4881295628579057633, -28.28391089570131811 ) ) ;
#2396 = EDGE_LOOP ( 'NONE', ( #6379, #5256, #3946, #779 ) ) ;
#2397 = PRESENTATION_LAYER_ASSIGNMENT (  '', '', ( #5590 ) ) ;
#2398 = CARTESIAN_POINT ( 'NONE',  ( 0.6316975747457995727, 3.278084858866564755, -23.66498984207145639 ) ) ;
#2399 = CARTESIAN_POINT ( 'NONE',  ( -3.067923538873095879, 1.031043055394240904, -29.49999999999999645 ) ) ;
#2400 = LINE ( 'NONE', #5395, #1012 ) ;
#2401 = UNCERTAINTY_MEASURE_WITH_UNIT (LENGTH_MEASURE( 1.000000000000000082E-05 ), #2859, 'distance_accuracy_value', 'NONE');
#2402 = MECHANICAL_DESIGN_GEOMETRIC_PRESENTATION_REPRESENTATION (  '', ( #5594 ), #6349 ) ;
#2403 =( NAMED_UNIT ( * ) SI_UNIT ( $, .STERADIAN. ) SOLID_ANGLE_UNIT ( ) );
#2404 =( NAMED_UNIT ( * ) SI_UNIT ( $, .STERADIAN. ) SOLID_ANGLE_UNIT ( ) );
#2405 = CARTESIAN_POINT ( 'NONE',  ( -1.241898298753286500, -3.097668276133783483, -23.72510330486318963 ) ) ;
#2406 =( LENGTH_UNIT ( ) NAMED_UNIT ( * ) SI_UNIT ( .MILLI., .METRE. ) );
#2407 = CARTESIAN_POINT ( 'NONE',  ( -5.070005892470367037, -2.951822209765053273, -20.85272001113170504 ) ) ;
#2408 = FACE_OUTER_BOUND ( 'NONE', #4671, .T. ) ;
#2409 =( NAMED_UNIT ( * ) SI_UNIT ( $, .STERADIAN. ) SOLID_ANGLE_UNIT ( ) );
#2410 = ORIENTED_EDGE ( 'NONE', *, *, #3689, .F. ) ;
#2411 = ADVANCED_FACE ( 'NONE', ( #1482 ), #7993, .F. ) ;
#2412 = CYLINDRICAL_SURFACE ( 'NONE', #180, 1.224999999999999201 ) ;
#2413 = CARTESIAN_POINT ( 'NONE',  ( -6.316880344890968502, 1.545372342530288989, -21.13504275912776720 ) ) ;
#2414 = PRESENTATION_LAYER_ASSIGNMENT (  '', '', ( #2571 ) ) ;
#2415 = CARTESIAN_POINT ( 'NONE',  ( -4.713855710941729171, -2.891763259629740013, -8.965855139116385430 ) ) ;
#2416 = SURFACE_SIDE_STYLE ('',( #8999 ) ) ;
#2417 = CARTESIAN_POINT ( 'NONE',  ( 2.858803356463925915, 1.740640502412120538, -23.40575481509177180 ) ) ;
#2418 = ORIENTED_EDGE ( 'NONE', *, *, #4845, .T. ) ;
#2419 = CARTESIAN_POINT ( 'NONE',  ( -0.1406091651453480473, -3.350013370051301287, -23.47090321070762187 ) ) ;
#2420 = ORIENTED_EDGE ( 'NONE', *, *, #308, .T. ) ;
#2421 = CARTESIAN_POINT ( 'NONE',  ( 1.979898987322648019, -0.6999999999999488853, -29.31927578059788431 ) ) ;
#2422 = EDGE_CURVE ( 'NONE', #8257, #9003, #2099, .T. ) ;
#2423 = CARTESIAN_POINT ( 'NONE',  ( 6.159573346841038521, -2.418151550875978106, -23.05816456582378393 ) ) ;
#2424 = EDGE_CURVE ( 'NONE', #4118, #94, #2132, .T. ) ;
#2425 = CARTESIAN_POINT ( 'NONE',  ( 3.114765733250401070, -1.028379173908029687, -27.00000000000000355 ) ) ;
#2426 = SURFACE_SIDE_STYLE ('',( #5319 ) ) ;
#2427 = CARTESIAN_POINT ( 'NONE',  ( -2.754882942502916432, 2.308115179045900245, -23.41243756905474882 ) ) ;
#2428 = FACE_OUTER_BOUND ( 'NONE', #5081, .T. ) ;
#2429 = SURFACE_STYLE_USAGE ( .BOTH. , #4557 ) ;
#2430 = VERTEX_POINT ( 'NONE', #4422 ) ;
#2431 = LINE ( 'NONE', #3953, #8343 ) ;
#2432 = CARTESIAN_POINT ( 'NONE',  ( 5.210763264152263652, 2.787535603343360702, -23.18423893347804210 ) ) ;
#2433 = CARTESIAN_POINT ( 'NONE',  ( -1.230185108622112056, 3.332542411984833919, -23.30938451862035876 ) ) ;
#2434 = CARTESIAN_POINT ( 'NONE',  ( -4.723190629520964912, 2.890740483775009029, -19.16547007790489587 ) ) ;
#2435 =( GEOMETRIC_REPRESENTATION_CONTEXT ( 3 ) GLOBAL_UNCERTAINTY_ASSIGNED_CONTEXT ( ( #131 ) ) GLOBAL_UNIT_ASSIGNED_CONTEXT ( ( #6616, #5384, #4476 ) ) REPRESENTATION_CONTEXT ( 'NONE', 'WORKASPACE' ) );
#2436 = B_SPLINE_CURVE_WITH_KNOTS ( 'NONE', 3,
 ( #4843, #7562, #1765, #7728 ),
 .UNSPECIFIED., .F., .F.,
 ( 4, 4 ),
 ( 0.0000000000000000000, 0.9999990970107380805 ),
 .UNSPECIFIED. ) ;
#2437 = CARTESIAN_POINT ( 'NONE',  ( 1.279002806407622650, -3.206160996096236726, -23.51942546254382904 ) ) ;
#2438 = CARTESIAN_POINT ( 'NONE',  ( 1.944096826691227520, 4.724011390307932601, -25.10436310160458717 ) ) ;
#2439 = CARTESIAN_POINT ( 'NONE',  ( -5.741719249015194926, -2.047898875699067034, -5.095750210681870840E-15 ) ) ;
#2440 = ORIENTED_EDGE ( 'NONE', *, *, #1716, .T. ) ;
#2441 =( NAMED_UNIT ( * ) SI_UNIT ( $, .STERADIAN. ) SOLID_ANGLE_UNIT ( ) );
#2442 = CARTESIAN_POINT ( 'NONE',  ( 5.325091682783336999, 2.514076447481555121, -3.035766082959412415E-15 ) ) ;
#2443 = CARTESIAN_POINT ( 'NONE',  ( 4.101359514149274688, 3.170021449246979817, -23.07022363110126761 ) ) ;
#2444 = CARTESIAN_POINT ( 'NONE',  ( -3.063714927208265326, 1.029628659052581163, -29.75436310160932152 ) ) ;
#2445 = CARTESIAN_POINT ( 'NONE',  ( 2.925000000000000711, 1.224999999999999201, 6.599999999999999645 ) ) ;
#2446 = PRESENTATION_LAYER_ASSIGNMENT (  '', '', ( #8059 ) ) ;
#2447 = ADVANCED_FACE ( 'NONE', ( #7321 ), #8285, .F. ) ;
#2448 = SURFACE_STYLE_USAGE ( .BOTH. , #3772 ) ;
#2449 = CARTESIAN_POINT ( 'NONE',  ( -5.800000000000013145, 1.400739683024801563, -1.328147661294742932E-15 ) ) ;
#2450 = FACE_OUTER_BOUND ( 'NONE', #4639, .T. ) ;
#2451 = ORIENTED_EDGE ( 'NONE', *, *, #7536, .F. ) ;
#2452 = CARTESIAN_POINT ( 'NONE',  ( 6.308239556175612606, -1.546474879899561561, -23.03642561252742382 ) ) ;
#2453 = LINE ( 'NONE', #8890, #7040 ) ;
#2454 = CARTESIAN_POINT ( 'NONE',  ( -2.925000000000000266, -4.238084680662899344E-17, 0.0000000000000000000 ) ) ;
#2455 = CARTESIAN_POINT ( 'NONE',  ( 3.263180840113878656, 0.4868874749574964023, -25.90436310696613020 ) ) ;
#2456 =( BOUNDED_CURVE ( )  B_SPLINE_CURVE ( 3, ( #4856, #3440, #6340, #6380 ),
 .UNSPECIFIED., .F., .T. ) 
 B_SPLINE_CURVE_WITH_KNOTS ( ( 4, 4 ),
 ( 0.0000000000000000000, 1.000000000000000000 ),
 .UNSPECIFIED. ) 
 CURVE ( )  GEOMETRIC_REPRESENTATION_ITEM ( )  RATIONAL_B_SPLINE_CURVE ( ( 1.000000000000000000, 0.5400816226341054183, 0.5400816226341054183, 1.000000000000000000 ) ) 
 REPRESENTATION_ITEM ( '' )  );
#2457 = CARTESIAN_POINT ( 'NONE',  ( 6.291338533062320160, 2.847821490553941626, -20.93070826449838862 ) ) ;
#2458 = MECHANICAL_DESIGN_GEOMETRIC_PRESENTATION_REPRESENTATION (  '', ( #3808 ), #8515 ) ;
#2459 = ORIENTED_EDGE ( 'NONE', *, *, #5515, .T. ) ;
#2460 = CARTESIAN_POINT ( 'NONE',  ( 1.979898987322333603, 0.6999999999999997335, -28.10000000000000497 ) ) ;
#2461 = AXIS2_PLACEMENT_3D ( 'NONE', #5570, #4981, #1328 ) ;
#2462 = CARTESIAN_POINT ( 'NONE',  ( 3.118945652137671498, 1.029759226823860230, -26.75000000000000355 ) ) ;
#2463 = STYLED_ITEM ( 'NONE', ( #2321 ), #170 ) ;
#2464 = CARTESIAN_POINT ( 'NONE',  ( 5.835672207635894004, -2.914385525979219960, -23.10374338572820463 ) ) ;
#2465 = CARTESIAN_POINT ( 'NONE',  ( 5.015960920248739185, -3.058844911807786282, -21.26551285811052949 ) ) ;
#2466 = UNCERTAINTY_MEASURE_WITH_UNIT (LENGTH_MEASURE( 1.000000000000000082E-05 ), #7429, 'distance_accuracy_value', 'NONE');
#2467 = DIRECTION ( 'NONE',  ( -1.000000000000000000, 0.0000000000000000000, -0.0000000000000000000 ) ) ;
#2468 = CARTESIAN_POINT ( 'NONE',  ( 3.569053884011121447, 0.3572977726761887851, -23.35215219785712648 ) ) ;
#2469 = CARTESIAN_POINT ( 'NONE',  ( -0.7236013312248203988, -3.343978788458706664, -23.40336890640200807 ) ) ;
#2470 = ORIENTED_EDGE ( 'NONE', *, *, #7176, .F. ) ;
#2471 = MECHANICAL_DESIGN_GEOMETRIC_PRESENTATION_REPRESENTATION (  '', ( #8969 ), #4584 ) ;
#2472 = CARTESIAN_POINT ( 'NONE',  ( 3.018527356233959402, 0.7281191497468574303, -25.46746391551542388 ) ) ;
#2473 = CARTESIAN_POINT ( 'NONE',  ( 1.573793293746322597, 3.132662920451265709, -2.258077030698974095E-16 ) ) ;
#2474 = LINE ( 'NONE', #7512, #5575 ) ;
#2475 = UNCERTAINTY_MEASURE_WITH_UNIT (LENGTH_MEASURE( 1.000000000000000082E-05 ), #4491, 'distance_accuracy_value', 'NONE');
#2476 = COLOUR_RGB ( '',0.2509803921568627416, 0.2509803921568627416, 0.2509803921568627416 ) ;
#2477 = DIRECTION ( 'NONE',  ( 0.3185631549218141401, -0.9479016385291568758, -6.647055674914478770E-16 ) ) ;
#2478 = ORIENTED_EDGE ( 'NONE', *, *, #8628, .T. ) ;
#2479 = CARTESIAN_POINT ( 'NONE',  ( 6.485940740138443239, 1.550624787430671558, -22.48752592110757575 ) ) ;
#2480 = CARTESIAN_POINT ( 'NONE',  ( -6.336395963635975903, 1.568269230615336518, -21.29116770908781930 ) ) ;
#2481 = CARTESIAN_POINT ( 'NONE',  ( -5.377124662658829379, 3.015564992578282588, -22.91587315939917247 ) ) ;
#2482 = EDGE_CURVE ( 'NONE', #709, #6154, #7519, .T. ) ;
#2483 = EDGE_CURVE ( 'NONE', #5190, #6483, #4492, .T. ) ;
#2484 = CARTESIAN_POINT ( 'NONE',  ( -4.741856460906227255, 2.888676873037205439, -19.30960607446506216 ) ) ;
#2485 = COLOUR_RGB ( '',0.2509803921568627416, 0.2509803921568627416, 0.2509803921568627416 ) ;
#2486 = CIRCLE ( 'NONE', #5080, 0.2499999999999993894 ) ;
#2487 = CARTESIAN_POINT ( 'NONE',  ( 5.156360532132629793, -2.835027572140876639, -20.19069581682514780 ) ) ;
#2488 = PRESENTATION_STYLE_ASSIGNMENT (( #3860 ) ) ;
#2489 =( NAMED_UNIT ( * ) PLANE_ANGLE_UNIT ( ) SI_UNIT ( $, .RADIAN. ) );
#2490 = CARTESIAN_POINT ( 'NONE',  ( -4.848837216131678396, -2.625424436233668501, -3.794707603699265519E-15 ) ) ;
#2491 = ORIENTED_EDGE ( 'NONE', *, *, #4390, .F. ) ;
#2492 = CYLINDRICAL_SURFACE ( 'NONE', #6729, 0.2499999999999998890 ) ;
#2493 = CARTESIAN_POINT ( 'NONE',  ( 5.053572555912135833, 2.849236455303628457, -0.2499999999999888423 ) ) ;
#2494 = CARTESIAN_POINT ( 'NONE',  ( 6.049999999999999822, 1.400735218112128866, -18.87548450340289463 ) ) ;
#2495 = CARTESIAN_POINT ( 'NONE',  ( 5.794454572077751386, -1.727010967715098877, -3.089976191583687637E-15 ) ) ;
#2496 = CARTESIAN_POINT ( 'NONE',  ( -6.316880344890968502, 1.545372342530288989, -21.13504275912776720 ) ) ;
#2497 = B_SPLINE_CURVE_WITH_KNOTS ( 'NONE', 3,
 ( #7837, #1335, #7312, #153, #2277, #8814, #8130, #4409, #3697, #6461, #8063, #9335, #2848, #5868, #2306, #27 ),
 .UNSPECIFIED., .F., .F.,
 ( 4, 2, 2, 2, 2, 2, 2, 4 ),
 ( 0.0000000000000000000, 0.2500041730832872622, 0.3750062596249308378, 0.5000083461665746354, 0.5625093894373963677, 0.6250104327082182110, 0.7500125192498618976, 1.000000000000000000 ),
 .UNSPECIFIED. ) ;
#2498 = DIRECTION ( 'NONE',  ( -0.0000000000000000000, -0.0000000000000000000, -1.000000000000000000 ) ) ;
#2499 = AXIS2_PLACEMENT_3D ( 'NONE', #7246, #834, #3720 ) ;
#2500 = CARTESIAN_POINT ( 'NONE',  ( -2.029121266658480138, -2.650570318069792375, -23.69080338303299271 ) ) ;
#2501 =( NAMED_UNIT ( * ) SI_UNIT ( $, .STERADIAN. ) SOLID_ANGLE_UNIT ( ) );
#2502 = FILL_AREA_STYLE ('',( #7540 ) ) ;
#2503 =( NAMED_UNIT ( * ) PLANE_ANGLE_UNIT ( ) SI_UNIT ( $, .RADIAN. ) );
#2504 =( NAMED_UNIT ( * ) SI_UNIT ( $, .STERADIAN. ) SOLID_ANGLE_UNIT ( ) );
#2505 = CARTESIAN_POINT ( 'NONE',  ( 6.299513221324225754, -1.825618736014181787, -21.04855061185556409 ) ) ;
#2506 = MECHANICAL_DESIGN_GEOMETRIC_PRESENTATION_REPRESENTATION (  '', ( #4164 ), #1922 ) ;
#2507 = CARTESIAN_POINT ( 'NONE',  ( 5.576069679136138824, 2.986214018450377150, -23.13860804319529052 ) ) ;
#2508 = VERTEX_POINT ( 'NONE', #6902 ) ;
#2509 = CARTESIAN_POINT ( 'NONE',  ( -1.861692450849466995, -3.060240854081320183, -23.45982257102892987 ) ) ;
#2510 = CARTESIAN_POINT ( 'NONE',  ( -6.162071898157600813, -2.567799987568804010, -21.32753032925316816 ) ) ;
#2511 = FILL_AREA_STYLE ('',( #3366 ) ) ;
#2512 = CARTESIAN_POINT ( 'NONE',  ( -3.005366193732537994, 0.4499999999999995115, -26.50000000000003197 ) ) ;
#2513 = DIRECTION ( 'NONE',  ( 0.0000000000000000000, 0.0000000000000000000, 1.000000000000000000 ) ) ;
#2514 = CARTESIAN_POINT ( 'NONE',  ( 5.246310461821853899, -2.539835696700048384, -2.927345865710859211E-15 ) ) ;
#2515 =( BOUNDED_SURFACE ( )  B_SPLINE_SURFACE ( 3, 3, ( 
 ( #4868, #8613, #9359, #2866 ),
 ( #8524, #8648, #9264, #2685 ),
 ( #4233, #2159, #2067, #4915 ),
 ( #7858, #7148, #3400, #9173 ) ),
 .UNSPECIFIED., .F., .F., .T. ) 
 B_SPLINE_SURFACE_WITH_KNOTS ( ( 4, 4 ),
 ( 4, 4 ),
 ( 0.0000000000000000000, 1.000000000000000000 ),
 ( 0.0000000000000000000, 1.000000000000000000 ),
 .UNSPECIFIED. ) 
 GEOMETRIC_REPRESENTATION_ITEM ( )  RATIONAL_B_SPLINE_SURFACE ( (
 ( 1.000000000000000000, 0.9954356098605039449, 0.9954356098605039449, 1.000000000000000000),
 ( 0.9916139219377166913, 0.9870878091302371926, 0.9870878091302371926, 0.9916139219377166913),
 ( 0.9916139219377166913, 0.9870878091302371926, 0.9870878091302371926, 0.9916139219377166913),
 ( 1.000000000000000000, 0.9954356098605039449, 0.9954356098605039449, 1.000000000000000000) ) ) 
 REPRESENTATION_ITEM ( '' )  SURFACE ( )  );
#2516 = CARTESIAN_POINT ( 'NONE',  ( 0.5185794425076629688, -3.347018690247864026, -23.43092836456570538 ) ) ;
#2517 = CARTESIAN_POINT ( 'NONE',  ( 2.672303672516117334, 2.014992670480796999, -23.41768144701992682 ) ) ;
#2518 = ORIENTED_EDGE ( 'NONE', *, *, #4444, .T. ) ;
#2519 = DIRECTION ( 'NONE',  ( 0.01764487228069665584, 0.0000000000000000000, -0.9998443171225197545 ) ) ;
#2520 = VERTEX_POINT ( 'NONE', #5528 ) ;
#2521 = CARTESIAN_POINT ( 'NONE',  ( 3.023593509155255710, 0.6999999999999995115, -25.53360123883778243 ) ) ;
#2522 = CIRCLE ( 'NONE', #5705, 0.6249999999999996669 ) ;
#2523 =( GEOMETRIC_REPRESENTATION_CONTEXT ( 3 ) GLOBAL_UNCERTAINTY_ASSIGNED_CONTEXT ( ( #3114 ) ) GLOBAL_UNIT_ASSIGNED_CONTEXT ( ( #3328, #4786, #2565 ) ) REPRESENTATION_CONTEXT ( 'NONE', 'WORKASPACE' ) );
#2524 = CARTESIAN_POINT ( 'NONE',  ( 4.713855710941726507, 2.891763259629745342, -0.1035533905932739668 ) ) ;
#2525 = DIRECTION ( 'NONE',  ( -1.000000000000000000, 0.0000000000000000000, 0.0000000000000000000 ) ) ;
#2526 = CARTESIAN_POINT ( 'NONE',  ( 3.063751019710968748, 1.029640788730453504, -29.75000000000000355 ) ) ;
#2527 = CARTESIAN_POINT ( 'NONE',  ( -3.268484528816635759, -0.4868243463146754157, -25.60436310160932649 ) ) ;
#2528 = ORIENTED_EDGE ( 'NONE', *, *, #6094, .F. ) ;
#2529 = CARTESIAN_POINT ( 'NONE',  ( 6.050000000488320318, -2.744927974151591510, -18.96462763598605861 ) ) ;
#2530 = MECHANICAL_DESIGN_GEOMETRIC_PRESENTATION_REPRESENTATION (  '', ( #2218 ), #1015 ) ;
#2531 =( GEOMETRIC_REPRESENTATION_CONTEXT ( 3 ) GLOBAL_UNCERTAINTY_ASSIGNED_CONTEXT ( ( #1877 ) ) GLOBAL_UNIT_ASSIGNED_CONTEXT ( ( #385, #6139, #5603 ) ) REPRESENTATION_CONTEXT ( 'NONE', 'WORKASPACE' ) );
#2532 = CARTESIAN_POINT ( 'NONE',  ( -5.210763264151171192, 2.787535603336359191, -23.18423893347823039 ) ) ;
#2533 = COLOUR_RGB ( '',0.7529411764705882248, 0.7529411764705882248, 0.7529411764705882248 ) ;
#2534 = FILL_AREA_STYLE_COLOUR ( '', #8303 ) ;
#2535 =( GEOMETRIC_REPRESENTATION_CONTEXT ( 3 ) GLOBAL_UNCERTAINTY_ASSIGNED_CONTEXT ( ( #1119 ) ) GLOBAL_UNIT_ASSIGNED_CONTEXT ( ( #8136, #3025, #147 ) ) REPRESENTATION_CONTEXT ( 'NONE', 'WORKASPACE' ) );
#2536 = CARTESIAN_POINT ( 'NONE',  ( 5.828550810987869646, -2.586244989085592749, -20.10315033138376606 ) ) ;
#2537 = EDGE_CURVE ( 'NONE', #6756, #6395, #4711, .T. ) ;
#2538 = FACE_OUTER_BOUND ( 'NONE', #2342, .T. ) ;
#2539 =( NAMED_UNIT ( * ) SI_UNIT ( $, .STERADIAN. ) SOLID_ANGLE_UNIT ( ) );
#2540 = ORIENTED_EDGE ( 'NONE', *, *, #481, .F. ) ;
#2541 = CARTESIAN_POINT ( 'NONE',  ( 6.308239556175614382, 3.149999999999999911, -23.03642561252743803 ) ) ;
#2542 = ORIENTED_EDGE ( 'NONE', *, *, #5617, .T. ) ;
#2543 = CARTESIAN_POINT ( 'NONE',  ( -6.146515710984427727, 2.427149800461213314, -23.06001385007298765 ) ) ;
#2544 =( NAMED_UNIT ( * ) SI_UNIT ( $, .STERADIAN. ) SOLID_ANGLE_UNIT ( ) );
#2545 = AXIS2_PLACEMENT_3D ( 'NONE', #1233, #89, #3600 ) ;
#2546 = CARTESIAN_POINT ( 'NONE',  ( 5.700859721287106829, -2.165369435623841543, -3.144186300207962859E-15 ) ) ;
#2547 = UNCERTAINTY_MEASURE_WITH_UNIT (LENGTH_MEASURE( 1.000000000000000082E-05 ), #8982, 'distance_accuracy_value', 'NONE');
#2548 = ADVANCED_FACE ( 'NONE', ( #2624 ), #7062, .T. ) ;
#2549 = EDGE_CURVE ( 'NONE', #5337, #6046, #8763, .T. ) ;
#2550 = UNCERTAINTY_MEASURE_WITH_UNIT (LENGTH_MEASURE( 1.000000000000000082E-05 ), #7255, 'distance_accuracy_value', 'NONE');
#2551 = CARTESIAN_POINT ( 'NONE',  ( 3.114765733250401514, -1.028379173908029687, -26.85355339059327306 ) ) ;
#2552 = MECHANICAL_DESIGN_GEOMETRIC_PRESENTATION_REPRESENTATION (  '', ( #4817 ), #9354 ) ;
#2553 = CARTESIAN_POINT ( 'NONE',  ( -3.109179874572995050, -1.262190757854620538, -23.61644599691573276 ) ) ;
#2554 = VERTEX_POINT ( 'NONE', #1336 ) ;
#2555 = CARTESIAN_POINT ( 'NONE',  ( -3.276049450176239830, 0.9499999999999995115, -29.25000000000000000 ) ) ;
#2556 = CARTESIAN_POINT ( 'NONE',  ( -3.203398940256224403, -6.406797880512449694, -31.39876908820451717 ) ) ;
#2557 = SURFACE_STYLE_FILL_AREA ( #9036 ) ;
#2558 =( LENGTH_UNIT ( ) NAMED_UNIT ( * ) SI_UNIT ( .MILLI., .METRE. ) );
#2559 = CARTESIAN_POINT ( 'NONE',  ( 1.872832080032804658, 0.9499999999999996225, -28.10000000000000497 ) ) ;
#2560 = CARTESIAN_POINT ( 'NONE',  ( -4.860731151393467009, 2.875367821608406427, -20.22822017818153739 ) ) ;
#2561 = CARTESIAN_POINT ( 'NONE',  ( -3.170101719625964432, -0.7010186833133348339, -29.32973553096129748 ) ) ;
#2562 = CARTESIAN_POINT ( 'NONE',  ( 3.121311153534317651, -0.9614617907846944034, -27.85438154988723625 ) ) ;
#2563 = PRESENTATION_STYLE_ASSIGNMENT (( #6521 ) ) ;
#2564 = UNCERTAINTY_MEASURE_WITH_UNIT (LENGTH_MEASURE( 1.000000000000000082E-05 ), #1171, 'distance_accuracy_value', 'NONE');
#2565 =( NAMED_UNIT ( * ) SI_UNIT ( $, .STERADIAN. ) SOLID_ANGLE_UNIT ( ) );
#2566 = CARTESIAN_POINT ( 'NONE',  ( 3.343347795958535151, -0.3382191054005308506, -23.37088207274096163 ) ) ;
#2567 = CARTESIAN_POINT ( 'NONE',  ( 0.4008867411251313406, -3.348217763212129938, -23.44441822234073314 ) ) ;
#2568 = CARTESIAN_POINT ( 'NONE',  ( -1.150751981587021300, 3.136602857540741418, -23.58990809815422196 ) ) ;
#2569 = ORIENTED_EDGE ( 'NONE', *, *, #7009, .T. ) ;
#2570 = FACE_OUTER_BOUND ( 'NONE', #8162, .T. ) ;
#2571 = STYLED_ITEM ( 'NONE', ( #2778 ), #4978 ) ;
#2572 =( BOUNDED_SURFACE ( )  B_SPLINE_SURFACE ( 3, 2, ( 
 ( #1733, #6820, #3162 ),
 ( #6062, #7530, #8929 ),
 ( #2443, #5340, #3228 ),
 ( #6136, #3783, #5205 ) ),
 .UNSPECIFIED., .F., .F., .T. ) 
 B_SPLINE_SURFACE_WITH_KNOTS ( ( 4, 4 ),
 ( 3, 3 ),
 ( -3.263014858312374145E-15, 0.003352033403830017959 ),
 ( 0.0000000000000000000, 1.000000000000000000 ),
 .UNSPECIFIED. ) 
 GEOMETRIC_REPRESENTATION_ITEM ( )  RATIONAL_B_SPLINE_SURFACE ( (
 ( 1.000000000000000000, 0.7077614747841571852, 1.000000000000000000),
 ( 1.000000000000000000, 0.7085510870633442426, 1.000000000000000000),
 ( 1.000000000000000000, 0.7100503212869991865, 1.000000000000000000),
 ( 1.000000000000000000, 0.7122195792258209091, 1.000000000000000000) ) ) 
 REPRESENTATION_ITEM ( '' )  SURFACE ( )  );
#2573 = CARTESIAN_POINT ( 'NONE',  ( -6.005111098046790552, 2.386812138576615894, -20.07825606582951394 ) ) ;
#2574 = ADVANCED_FACE ( 'NONE', ( #5165 ), #5579, .T. ) ;
#2575 = DIRECTION ( 'NONE',  ( 0.0000000000000000000, 0.0000000000000000000, 1.000000000000000000 ) ) ;
#2576 = CARTESIAN_POINT ( 'NONE',  ( -2.949587521790697053, -1.607567436201869926, -23.39995576303734026 ) ) ;
#2577 = SURFACE_STYLE_FILL_AREA ( #9059 ) ;
#2578 = ORIENTED_EDGE ( 'NONE', *, *, #1949, .F. ) ;
#2579 = CARTESIAN_POINT ( 'NONE',  ( 4.723190629521448081, -2.890740483774966396, -19.16547007790463653 ) ) ;
#2580 = CARTESIAN_POINT ( 'NONE',  ( 3.144496259866507160, 0.8916209412843961735, -27.85436312645738255 ) ) ;
#2581 = CARTESIAN_POINT ( 'NONE',  ( -5.804280896182721250, 2.918628402621119111, -22.86029822795831734 ) ) ;
#2582 = CARTESIAN_POINT ( 'NONE',  ( 2.912274948409522057, 0.9499999999999998446, -25.35000000000000853 ) ) ;
#2583 = CARTESIAN_POINT ( 'NONE',  ( 6.527765419116676071, 1.546435405080383907, -22.82212232860763024 ) ) ;
#2584 = SURFACE_SIDE_STYLE ('',( #9019 ) ) ;
#2585 = ORIENTED_EDGE ( 'NONE', *, *, #9021, .F. ) ;
#2586 = FILL_AREA_STYLE_COLOUR ( '', #4344 ) ;
#2587 = ORIENTED_EDGE ( 'NONE', *, *, #8899, .F. ) ;
#2588 = CARTESIAN_POINT ( 'NONE',  ( -6.061515802542074560, 2.527495121002107048, -23.07217822985167999 ) ) ;
#2589 = CARTESIAN_POINT ( 'NONE',  ( -3.114729576739752481, -1.028367236380225203, -27.00436310159584963 ) ) ;
#2590 = AXIS2_PLACEMENT_3D ( 'NONE', #5189, #1154, #4135 ) ;
#2591 = EDGE_CURVE ( 'NONE', #7170, #1835, #7038, .T. ) ;
#2592 = CARTESIAN_POINT ( 'NONE',  ( 5.539687083781222654, -2.399493764226132253, -3.252606517456513302E-15 ) ) ;
#2593 = CARTESIAN_POINT ( 'NONE',  ( -6.550085928064135032, -1.546474879900088695, -23.00068742451319537 ) ) ;
#2594 = SURFACE_SIDE_STYLE ('',( #4865 ) ) ;
#2595 = CARTESIAN_POINT ( 'NONE',  ( 1.872832080032804658, -0.9499999999999996225, -29.50000000000000355 ) ) ;
#2596 = ORIENTED_EDGE ( 'NONE', *, *, #9144, .F. ) ;
#2597 = CARTESIAN_POINT ( 'NONE',  ( 5.069957157149317162, -2.951827962088637847, -20.85272001113170504 ) ) ;
#2598 = PRESENTATION_STYLE_ASSIGNMENT (( #9086 ) ) ;
#2599 = CARTESIAN_POINT ( 'NONE',  ( 2.954467870389798190, -0.6999999999999997335, -29.31663546989618041 ) ) ;
#2600 = CARTESIAN_POINT ( 'NONE',  ( 6.212337900251309719, 2.301750595701070878, -23.05048918734800978 ) ) ;
#2601 = ADVANCED_FACE ( 'NONE', ( #5873 ), #4756, .T. ) ;
#2602 = VECTOR ( 'NONE', #2077, 1000.000000000000000 ) ;
#2603 = EDGE_CURVE ( 'NONE', #7704, #1246, #4157, .T. ) ;
#2604 = FACE_OUTER_BOUND ( 'NONE', #9327, .T. ) ;
#2605 = B_SPLINE_CURVE_WITH_KNOTS ( 'NONE', 3,
 ( #2433, #5141, #5325, #2992 ),
 .UNSPECIFIED., .F., .F.,
 ( 4, 4 ),
 ( 0.0000000000000000000, 1.000000000000000000 ),
 .UNSPECIFIED. ) ;
#2606 = CARTESIAN_POINT ( 'NONE',  ( -2.956820923034311654, -0.6999999999999995115, -29.25000000000000000 ) ) ;
#2607 = CARTESIAN_POINT ( 'NONE',  ( -3.247869140398452537, -0.5029818941556686296, -26.64144038016355154 ) ) ;
#2608 = PRESENTATION_LAYER_ASSIGNMENT (  '', '', ( #6692 ) ) ;
#2609 = CARTESIAN_POINT ( 'NONE',  ( -6.003799139284422104, 2.017129538451390758, -0.2499999999999943101 ) ) ;
#2610 = PRESENTATION_LAYER_ASSIGNMENT (  '', '', ( #5028 ) ) ;
#2611 = CARTESIAN_POINT ( 'NONE',  ( -0.8340078175060207100, 3.233693634580776965, -23.69959167598621974 ) ) ;
#2612 = CARTESIAN_POINT ( 'NONE',  ( -0.5843892583299701293, -3.287111616058026264, -23.65581228222385590 ) ) ;
#2613 = ORIENTED_EDGE ( 'NONE', *, *, #7923, .T. ) ;
#2614 = STYLED_ITEM ( 'NONE', ( #6821 ), #6929 ) ;
#2615 =( GEOMETRIC_REPRESENTATION_CONTEXT ( 3 ) GLOBAL_UNCERTAINTY_ASSIGNED_CONTEXT ( ( #1145 ) ) GLOBAL_UNIT_ASSIGNED_CONTEXT ( ( #6936, #8324, #3237 ) ) REPRESENTATION_CONTEXT ( 'NONE', 'WORKASPACE' ) );
#2616 = SURFACE_STYLE_USAGE ( .BOTH. , #9147 ) ;
#2617 = CARTESIAN_POINT ( 'NONE',  ( -2.972710410531938852, 0.4499999999999999001, -28.35000000000002629 ) ) ;
#2618 = CARTESIAN_POINT ( 'NONE',  ( -3.243527962537528619, 0.8279444666250305174, -23.37852141003694229 ) ) ;
#2619 = ORIENTED_EDGE ( 'NONE', *, *, #1996, .T. ) ;
#2620 = CARTESIAN_POINT ( 'NONE',  ( -4.713855710941717625, -2.891763259629744898, -0.2500000000033218428 ) ) ;
#2621 = PRESENTATION_LAYER_ASSIGNMENT (  '', '', ( #4265 ) ) ;
#2622 = CARTESIAN_POINT ( 'NONE',  ( -4.992950293751130530, 2.960847196383312951, -20.85271996550763518 ) ) ;
#2623 = CARTESIAN_POINT ( 'NONE',  ( -5.574005036504899202, 2.986444688040662765, -23.13887021721325965 ) ) ;
#2624 = FACE_OUTER_BOUND ( 'NONE', #4232, .T. ) ;
#2625 =( BOUNDED_CURVE ( )  B_SPLINE_CURVE ( 2, ( #3191, #1706, #3284 ),
 .UNSPECIFIED., .F., .T. ) 
 B_SPLINE_CURVE_WITH_KNOTS ( ( 3, 3 ),
 ( 0.0000000000000000000, 1.000000000000000000 ),
 .UNSPECIFIED. ) 
 CURVE ( )  GEOMETRIC_REPRESENTATION_ITEM ( )  RATIONAL_B_SPLINE_CURVE ( ( 1.000000000000000000, 1.489320292087568998, 1.000000000000000000 ) ) 
 REPRESENTATION_ITEM ( '' )  );
#2626 = FILL_AREA_STYLE ('',( #4051 ) ) ;
#2627 = PRESENTATION_STYLE_ASSIGNMENT (( #1953 ) ) ;
#2628 = SURFACE_STYLE_USAGE ( .BOTH. , #2584 ) ;
#2629 = VERTEX_POINT ( 'NONE', #7517 ) ;
#2630 = EDGE_LOOP ( 'NONE', ( #4502, #5073, #7661, #4608 ) ) ;
#2631 = FACE_OUTER_BOUND ( 'NONE', #4057, .T. ) ;
#2632 = CARTESIAN_POINT ( 'NONE',  ( 5.864783963173923809, 2.411147698913894466, -3.252606517456518035E-15 ) ) ;
#2633 = FILL_AREA_STYLE_COLOUR ( '', #5506 ) ;
#2634 = CARTESIAN_POINT ( 'NONE',  ( 5.246310461821854787, -2.539835696700048828, -2.927345865710861972E-15 ) ) ;
#2635 = CARTESIAN_POINT ( 'NONE',  ( -5.371679357109391262, -2.768166195898939641, -23.16466468427402958 ) ) ;
#2636 = CARTESIAN_POINT ( 'NONE',  ( -2.919170760955930977, -0.8866967789443233050, -26.75000000000000355 ) ) ;
#2637 = CARTESIAN_POINT ( 'NONE',  ( -2.513439886207982532, -2.198792346045523871, -23.66189193339074848 ) ) ;
#2638 = ORIENTED_EDGE ( 'NONE', *, *, #5144, .T. ) ;
#2639 = CARTESIAN_POINT ( 'NONE',  ( -3.187685826374563547, -0.6999999999999998446, -28.35379515955784058 ) ) ;
#2640 = DIRECTION ( 'NONE',  ( -0.0000000000000000000, -0.0000000000000000000, -1.000000000000000000 ) ) ;
#2641 = CARTESIAN_POINT ( 'NONE',  ( -6.268852234037614934, -2.778830351704324908, -20.75081787230092090 ) ) ;
#2642 =( GEOMETRIC_REPRESENTATION_CONTEXT ( 3 ) GLOBAL_UNCERTAINTY_ASSIGNED_CONTEXT ( ( #6918 ) ) GLOBAL_UNIT_ASSIGNED_CONTEXT ( ( #8053, #3585, #5770 ) ) REPRESENTATION_CONTEXT ( 'NONE', 'WORKASPACE' ) );
#2643 =( BOUNDED_CURVE ( )  B_SPLINE_CURVE ( 3, ( #2235, #8711, #3638, #35 ),
 .UNSPECIFIED., .F., .F. ) 
 B_SPLINE_CURVE_WITH_KNOTS ( ( 4, 4 ),
 ( 0.0000000000000000000, 1.000000000000000000 ),
 .UNSPECIFIED. ) 
 CURVE ( )  GEOMETRIC_REPRESENTATION_ITEM ( )  RATIONAL_B_SPLINE_CURVE ( ( 1.000000000000000000, 0.5457087699478756493, 0.5457087699478756493, 1.000000000000000000 ) ) 
 REPRESENTATION_ITEM ( '' )  );
#2644 = CARTESIAN_POINT ( 'NONE',  ( -3.171623530768503230, -0.6999999999999995115, -29.25379256652106719 ) ) ;
#2645 = SURFACE_SIDE_STYLE ('',( #5604 ) ) ;
#2646 = CARTESIAN_POINT ( 'NONE',  ( 1.969603516111538832, -0.7302592511815345633, -28.21394509224951364 ) ) ;
#2647 = EDGE_CURVE ( 'NONE', #8963, #3123, #8588, .T. ) ;
#2648 = COLOUR_RGB ( '',0.2509803921568627416, 0.2509803921568627416, 0.2509803921568627416 ) ;
#2649 = EDGE_CURVE ( 'NONE', #1689, #9164, #5535, .T. ) ;
#2650 = CARTESIAN_POINT ( 'NONE',  ( -5.984818907578323355, 2.110679277414496458, -1.301042606982606110E-15 ) ) ;
#2651 = CARTESIAN_POINT ( 'NONE',  ( 0.0000000000000000000, 0.9499999999999996225, -25.35000000000000497 ) ) ;
#2652 = COLOUR_RGB ( '',0.2509803921568627416, 0.2509803921568627416, 0.2509803921568627416 ) ;
#2653 = ORIENTED_EDGE ( 'NONE', *, *, #6264, .T. ) ;
#2654 = PRESENTATION_STYLE_ASSIGNMENT (( #3335 ) ) ;
#2655 = FILL_AREA_STYLE ('',( #479 ) ) ;
#2656 = CARTESIAN_POINT ( 'NONE',  ( 4.713855710941729171, -2.891763259629741345, -0.2500000000000013878 ) ) ;
#2657 = PRESENTATION_LAYER_ASSIGNMENT (  '', '', ( #1438 ) ) ;
#2658 = EDGE_CURVE ( 'NONE', #9031, #373, #2989, .T. ) ;
#2659 = ORIENTED_EDGE ( 'NONE', *, *, #1868, .F. ) ;
#2660 = SURFACE_STYLE_USAGE ( .BOTH. , #9152 ) ;
#2661 = B_SPLINE_CURVE_WITH_KNOTS ( 'NONE', 3,
 ( #3254, #3809, #6858, #6162, #221, #1108, #4003, #6907, #6112, #5481, #408, #9018, #8380, #2437 ),
 .UNSPECIFIED., .F., .F.,
 ( 4, 2, 2, 2, 2, 2, 4 ),
 ( 0.0000000000000000000, 0.2500000000000000000, 0.3750000000000000000, 0.5000000000000001110, 0.6250000000000000000, 0.7500000000000001110, 1.000000000000000000 ),
 .UNSPECIFIED. ) ;
#2662 = CARTESIAN_POINT ( 'NONE',  ( 5.084715789186823542, 3.050826724505286247, -21.96362814140397646 ) ) ;
#2663 = CARTESIAN_POINT ( 'NONE',  ( -5.894242518874206915, 2.888783050867436142, -22.84818514200824424 ) ) ;
#2664 = PRESENTATION_LAYER_ASSIGNMENT (  '', '', ( #1762 ) ) ;
#2665 = FILL_AREA_STYLE ('',( #9156 ) ) ;
#2666 = PRESENTATION_STYLE_ASSIGNMENT (( #1207 ) ) ;
#2667 = DIRECTION ( 'NONE',  ( -0.9998441683048799877, 0.0000000000000000000, -0.01765330299753619867 ) ) ;
#2668 = DIRECTION ( 'NONE',  ( -1.000000000000000000, 1.672957273954558210E-16, -0.0000000000000000000 ) ) ;
#2669 = COLOUR_RGB ( '',0.2509803921568627416, 0.2509803921568627416, 0.2509803921568627416 ) ;
#2670 = PRESENTATION_STYLE_ASSIGNMENT (( #452 ) ) ;
#2671 = COLOUR_RGB ( '',0.2509803921568627416, 0.2509803921568627416, 0.2509803921568627416 ) ;
#2672 = CARTESIAN_POINT ( 'NONE',  ( 2.953751114080398477, 0.8864263001105666673, -25.35000000000000497 ) ) ;
#2673 = ORIENTED_EDGE ( 'NONE', *, *, #2076, .F. ) ;
#2674 = COLOUR_RGB ( '',0.2509803921568627416, 0.2509803921568627416, 0.2509803921568627416 ) ;
#2675 = CARTESIAN_POINT ( 'NONE',  ( -6.519775932421493003, -1.715362308651449119, -22.75820745937213019 ) ) ;
#2676 = VERTEX_POINT ( 'NONE', #3092 ) ;
#2677 = SURFACE_SIDE_STYLE ('',( #8979 ) ) ;
#2678 = CARTESIAN_POINT ( 'NONE',  ( 5.911671379852617925, -2.309283965135436656, -0.2500000000000032752 ) ) ;
#2679 = MECHANICAL_DESIGN_GEOMETRIC_PRESENTATION_REPRESENTATION (  '', ( #3894 ), #566 ) ;
#2680 =( GEOMETRIC_REPRESENTATION_CONTEXT ( 3 ) GLOBAL_UNCERTAINTY_ASSIGNED_CONTEXT ( ( #8047 ) ) GLOBAL_UNIT_ASSIGNED_CONTEXT ( ( #3188, #2911, #9312 ) ) REPRESENTATION_CONTEXT ( 'NONE', 'WORKASPACE' ) );
#2681 = UNCERTAINTY_MEASURE_WITH_UNIT (LENGTH_MEASURE( 1.000000000000000082E-05 ), #9226, 'distance_accuracy_value', 'NONE');
#2682 = B_SPLINE_CURVE_WITH_KNOTS ( 'NONE', 3,
 ( #3599, #4301, #3685, #7926, #4355, #2750 ),
 .UNSPECIFIED., .F., .F.,
 ( 4, 2, 4 ),
 ( 0.0000000000000000000, 0.5000000000000000000, 1.000000000000000000 ),
 .UNSPECIFIED. ) ;
#2683 = CARTESIAN_POINT ( 'NONE',  ( -2.087321412222907124, -2.604884868895531280, -23.68760845623688738 ) ) ;
#2684 = ORIENTED_EDGE ( 'NONE', *, *, #9047, .T. ) ;
#2685 = CARTESIAN_POINT ( 'NONE',  ( -5.041009650318690305, -2.854547004610507699, -20.44082161392842067 ) ) ;
#2686 = ORIENTED_EDGE ( 'NONE', *, *, #9218, .T. ) ;
#2687 = CIRCLE ( 'NONE', #4657, 0.6249999999999996669 ) ;
#2688 = CARTESIAN_POINT ( 'NONE',  ( -4.741856460906222814, -2.888676873037204107, -19.30960607446508703 ) ) ;
#2689 = STYLED_ITEM ( 'NONE', ( #2266 ), #2574 ) ;
#2690 = CARTESIAN_POINT ( 'NONE',  ( 5.239949534292667188, 3.032172739190993394, -23.18068864584976296 ) ) ;
#2691 = CARTESIAN_POINT ( 'NONE',  ( -3.530164496104436278, -0.6097584595034986066, -23.35543184766903124 ) ) ;
#2692 = FILL_AREA_STYLE_COLOUR ( '', #3413 ) ;
#2693 = PRESENTATION_LAYER_ASSIGNMENT (  '', '', ( #8893 ) ) ;
#2694 =( NAMED_UNIT ( * ) SI_UNIT ( $, .STERADIAN. ) SOLID_ANGLE_UNIT ( ) );
#2695 = CARTESIAN_POINT ( 'NONE',  ( -3.098973170844942171, 1.028752842305847848, -27.85436310160286055 ) ) ;
#2696 = CARTESIAN_POINT ( 'NONE',  ( -4.883224277035964178, 2.873150537977315011, -0.2500000000000045519 ) ) ;
#2697 =( NAMED_UNIT ( * ) SI_UNIT ( $, .STERADIAN. ) SOLID_ANGLE_UNIT ( ) );
#2698 = CARTESIAN_POINT ( 'NONE',  ( 0.01015195568544905759, -3.340205312250132952, -23.56507344220890587 ) ) ;
#2699 = CARTESIAN_POINT ( 'NONE',  ( -0.4345194664212410629, 3.331971016521066087, -23.53106675138727866 ) ) ;
#2700 = B_SPLINE_CURVE_WITH_KNOTS ( 'NONE', 3,
 ( #192, #7494, #4539, #344 ),
 .UNSPECIFIED., .F., .F.,
 ( 4, 4 ),
 ( 0.0000000000000000000, 1.000000000000000000 ),
 .UNSPECIFIED. ) ;
#2701 = PRESENTATION_LAYER_ASSIGNMENT (  '', '', ( #5594 ) ) ;
#2702 = ORIENTED_EDGE ( 'NONE', *, *, #7293, .T. ) ;
#2703 =( LENGTH_UNIT ( ) NAMED_UNIT ( * ) SI_UNIT ( .MILLI., .METRE. ) );
#2704 = ADVANCED_FACE ( 'NONE', ( #5276, #4610, #3037 ), #7836, .T. ) ;
#2705 = DIRECTION ( 'NONE',  ( 0.0000000000000000000, 0.0000000000000000000, 1.000000000000000000 ) ) ;
#2706 = AXIS2_PLACEMENT_3D ( 'NONE', #7012, #5400, #509 ) ;
#2707 = SURFACE_STYLE_USAGE ( .BOTH. , #3374 ) ;
#2708 = CARTESIAN_POINT ( 'NONE',  ( -2.877370061222676245, -0.9499999999999995115, -26.75000000000000355 ) ) ;
#2709 = ORIENTED_EDGE ( 'NONE', *, *, #6857, .F. ) ;
#2710 = DIRECTION ( 'NONE',  ( 0.0000000000000000000, 1.000000000000000000, 0.0000000000000000000 ) ) ;
#2711 =( LENGTH_UNIT ( ) NAMED_UNIT ( * ) SI_UNIT ( .MILLI., .METRE. ) );
#2712 = CARTESIAN_POINT ( 'NONE',  ( -3.063714927208017524, -1.029628659052497452, -29.75436310162017506 ) ) ;
#2713 = COLOUR_RGB ( '',0.2509803921568627416, 0.2509803921568627416, 0.2509803921568627416 ) ;
#2714 = ADVANCED_FACE ( 'NONE', ( #7179 ), #7008, .T. ) ;
#2715 = EDGE_CURVE ( 'NONE', #7377, #4194, #7236, .T. ) ;
#2716 = CARTESIAN_POINT ( 'NONE',  ( 1.039846940289546717, -3.173078536202047939, -23.72220240452702100 ) ) ;
#2717 = SURFACE_STYLE_FILL_AREA ( #6334 ) ;
#2718 = SURFACE_STYLE_FILL_AREA ( #4809 ) ;
#2719 = FILL_AREA_STYLE_COLOUR ( '', #8152 ) ;
#2720 =( NAMED_UNIT ( * ) SI_UNIT ( $, .STERADIAN. ) SOLID_ANGLE_UNIT ( ) );
#2721 = CARTESIAN_POINT ( 'NONE',  ( 0.0000000000000000000, 0.0000000000000000000, -31.50000000000000000 ) ) ;
#2722 = ORIENTED_EDGE ( 'NONE', *, *, #8263, .T. ) ;
#2723 = FILL_AREA_STYLE_COLOUR ( '', #5461 ) ;
#2724 = CARTESIAN_POINT ( 'NONE',  ( 4.713855710941725619, 2.891763259629740013, 0.9437742251701408680 ) ) ;
#2725 = ORIENTED_EDGE ( 'NONE', *, *, #7937, .T. ) ;
#2726 = CARTESIAN_POINT ( 'NONE',  ( -5.540564385814052528, 2.966776185159478718, -21.41102886582034870 ) ) ;
#2727 = CARTESIAN_POINT ( 'NONE',  ( -2.955957632331234652, 0.0000000000000000000, -31.50000000000000000 ) ) ;
#2728 = STYLED_ITEM ( 'NONE', ( #6200 ), #5446 ) ;
#2729 = UNCERTAINTY_MEASURE_WITH_UNIT (LENGTH_MEASURE( 1.000000000000000082E-05 ), #4038, 'distance_accuracy_value', 'NONE');
#2730 = CARTESIAN_POINT ( 'NONE',  ( -5.842730198484451520, -2.652905474192597701, -23.10268801985098008 ) ) ;
#2731 =( NAMED_UNIT ( * ) PLANE_ANGLE_UNIT ( ) SI_UNIT ( $, .RADIAN. ) );
#2732 =( LENGTH_UNIT ( ) NAMED_UNIT ( * ) SI_UNIT ( .MILLI., .METRE. ) );
#2733 = FILL_AREA_STYLE_COLOUR ( '', #4181 ) ;
#2734 = ORIENTED_EDGE ( 'NONE', *, *, #9162, .T. ) ;
#2735 = COLOUR_RGB ( '',0.2509803921568627416, 0.2509803921568627416, 0.2509803921568627416 ) ;
#2736 = DIRECTION ( 'NONE',  ( -0.9940157177366261143, 0.1092371406278103835, 2.690699872912769637E-15 ) ) ;
#2737 = SURFACE_STYLE_USAGE ( .BOTH. , #8529 ) ;
#2738 = CARTESIAN_POINT ( 'NONE',  ( -1.861692363915530057, -3.060240853785059389, -23.45982056181006925 ) ) ;
#2739 = EDGE_CURVE ( 'NONE', #3765, #3569, #5970, .T. ) ;
#2740 = CARTESIAN_POINT ( 'NONE',  ( 2.979833195440440008, -3.012457209871253205, -23.41153859885919530 ) ) ;
#2741 = CARTESIAN_POINT ( 'NONE',  ( 3.160126336933112512, -0.8908690498674326497, -27.00436307381838930 ) ) ;
#2742 = CARTESIAN_POINT ( 'NONE',  ( -3.235565443729833124, -0.5639946891985241351, -26.76935788514048653 ) ) ;
#2743 = CARTESIAN_POINT ( 'NONE',  ( -5.621971187940602022, 2.308179190175812856, -4.878909776184769953E-16 ) ) ;
#2744 = CARTESIAN_POINT ( 'NONE',  ( -3.236742971957816017, -0.6999999999999994005, -25.60380293868477253 ) ) ;
#2745 =( LENGTH_UNIT ( ) NAMED_UNIT ( * ) SI_UNIT ( .MILLI., .METRE. ) );
#2746 = CARTESIAN_POINT ( 'NONE',  ( 0.2299876797743918844, 3.334075613119567016, -23.55454529416616083 ) ) ;
#2747 =( GEOMETRIC_REPRESENTATION_CONTEXT ( 3 ) GLOBAL_UNCERTAINTY_ASSIGNED_CONTEXT ( ( #5244 ) ) GLOBAL_UNIT_ASSIGNED_CONTEXT ( ( #2900, #2238, #5844 ) ) REPRESENTATION_CONTEXT ( 'NONE', 'WORKASPACE' ) );
#2748 = ORIENTED_EDGE ( 'NONE', *, *, #5098, .T. ) ;
#2749 = CARTESIAN_POINT ( 'NONE',  ( 3.159210104975386457, 0.7378324698159888229, -29.40478758122636194 ) ) ;
#2750 = CARTESIAN_POINT ( 'NONE',  ( 2.877370061222676689, -0.9499999999999991784, -26.75000000000000000 ) ) ;
#2751 = CARTESIAN_POINT ( 'NONE',  ( -3.114765733250400181, 1.028379173908031685, -27.00000000000000355 ) ) ;
#2752 = ORIENTED_EDGE ( 'NONE', *, *, #3152, .F. ) ;
#2753 = CARTESIAN_POINT ( 'NONE',  ( -6.519762889482535684, 3.149999999999999911, -22.75810311586030110 ) ) ;
#2754 = CARTESIAN_POINT ( 'NONE',  ( -3.203937384124792231, -0.4876087726119338051, -29.25436289816928692 ) ) ;
#2755 = CARTESIAN_POINT ( 'NONE',  ( -6.519774720406932289, 1.716366395650082977, -22.75819776325553079 ) ) ;
#2756 =( BOUNDED_SURFACE ( )  B_SPLINE_SURFACE ( 3, 2, ( 
 ( #7638, #5724, #1440 ),
 ( #685, #1309, #8614 ),
 ( #2021, #641, #8649 ),
 ( #2160, #8572, #7806 ) ),
 .UNSPECIFIED., .F., .F., .T. ) 
 B_SPLINE_SURFACE_WITH_KNOTS ( ( 4, 4 ),
 ( 3, 3 ),
 ( 0.0000000000000000000, 0.003352041652100362906 ),
 ( 0.0000000000000000000, 1.000000000000000000 ),
 .UNSPECIFIED. ) 
 GEOMETRIC_REPRESENTATION_ITEM ( )  RATIONAL_B_SPLINE_SURFACE ( (
 ( 1.000000000000000000, 0.7122195952379868356, 1.000000000000000000),
 ( 1.000000000000000000, 0.7100503286675979853, 1.000000000000000000),
 ( 1.000000000000000000, 0.7085510890049752097, 1.000000000000000000),
 ( 1.000000000000000000, 0.7077614747841417531, 1.000000000000000000) ) ) 
 REPRESENTATION_ITEM ( '' )  SURFACE ( )  );
#2757 =( NAMED_UNIT ( * ) SI_UNIT ( $, .STERADIAN. ) SOLID_ANGLE_UNIT ( ) );
#2758 = CARTESIAN_POINT ( 'NONE',  ( 4.101365007913008398, -3.170020998266350531, -23.07022318066065480 ) ) ;
#2759 = STYLED_ITEM ( 'NONE', ( #2654 ), #7127 ) ;
#2760 = CARTESIAN_POINT ( 'NONE',  ( -4.713855710941723842, 2.891763259629740013, 0.9437742251701477514 ) ) ;
#2761 = CARTESIAN_POINT ( 'NONE',  ( -0.1019898221399008070, -3.345120702415568470, -23.52004251739377949 ) ) ;
#2762 =( NAMED_UNIT ( * ) SI_UNIT ( $, .STERADIAN. ) SOLID_ANGLE_UNIT ( ) );
#2763 = CARTESIAN_POINT ( 'NONE',  ( 3.376076418059913653, -1.202562717706161965, -23.36780133469221710 ) ) ;
#2764 = B_SPLINE_CURVE_WITH_KNOTS ( 'NONE', 3,
 ( #7597, #2521, #2472, #1609, #5366, #1096 ),
 .UNSPECIFIED., .F., .F.,
 ( 4, 2, 4 ),
 ( 0.0000000000000000000, 0.5000000000000000000, 1.000000000000000000 ),
 .UNSPECIFIED. ) ;
#2765 = ORIENTED_EDGE ( 'NONE', *, *, #3858, .F. ) ;
#2766 = EDGE_CURVE ( 'NONE', #5666, #1860, #388, .T. ) ;
#2767 = DIRECTION ( 'NONE',  ( 1.000000000000000000, 1.672957273954558210E-16, 0.0000000000000000000 ) ) ;
#2768 = ADVANCED_FACE ( 'NONE', ( #200 ), #7440, .T. ) ;
#2769 = CARTESIAN_POINT ( 'NONE',  ( -6.407609838057706675, -2.393319564905517893, -22.77563231641676111 ) ) ;
#2770 = CARTESIAN_POINT ( 'NONE',  ( 6.180271013676002845, -1.384904610932397473, -20.04216810940805615 ) ) ;
#2771 = CARTESIAN_POINT ( 'NONE',  ( -4.953312019604085847, -2.898240659542897557, -20.64959300162109557 ) ) ;
#2772 = CARTESIAN_POINT ( 'NONE',  ( 6.004049476278384034, 2.015770520996372106, -3.177439544598923768E-14 ) ) ;
#2773 = DIRECTION ( 'NONE',  ( -0.9490719694915702442, -0.3150593542896198973, 0.0000000000000000000 ) ) ;
#2774 = CARTESIAN_POINT ( 'NONE',  ( 2.925000000000000266, -0.6249999999999995559, 6.599999999999999645 ) ) ;
#2775 =( GEOMETRIC_REPRESENTATION_CONTEXT ( 3 ) GLOBAL_UNCERTAINTY_ASSIGNED_CONTEXT ( ( #660 ) ) GLOBAL_UNIT_ASSIGNED_CONTEXT ( ( #5915, #6020, #3777 ) ) REPRESENTATION_CONTEXT ( 'NONE', 'WORKASPACE' ) );
#2776 = CARTESIAN_POINT ( 'NONE',  ( -6.437208561925473305, -2.391155189792269820, -23.01777664063601492 ) ) ;
#2777 = ORIENTED_EDGE ( 'NONE', *, *, #43, .F. ) ;
#2778 = PRESENTATION_STYLE_ASSIGNMENT (( #1258 ) ) ;
#2779 = MECHANICAL_DESIGN_GEOMETRIC_PRESENTATION_REPRESENTATION (  '', ( #8547 ), #3084 ) ;
#2780 =( NAMED_UNIT ( * ) SI_UNIT ( $, .STERADIAN. ) SOLID_ANGLE_UNIT ( ) );
#2781 = ORIENTED_EDGE ( 'NONE', *, *, #622, .T. ) ;
#2782 = CARTESIAN_POINT ( 'NONE',  ( 5.874000399589718313, -2.843736545146399397, -21.36756026418726861 ) ) ;
#2783 = CARTESIAN_POINT ( 'NONE',  ( 1.726669220989237141, -4.223425167547118164, -29.50000000000000355 ) ) ;
#2784 = CARTESIAN_POINT ( 'NONE',  ( -3.171623530768502341, 0.6999999999999999556, -29.25379256652108850 ) ) ;
#2785 = CARTESIAN_POINT ( 'NONE',  ( 3.109633072187514280, 1.260955592443040896, -23.61639788837060294 ) ) ;
#2786 = CARTESIAN_POINT ( 'NONE',  ( -2.401290967995130643, 2.320579956128238308, -23.66849042390563440 ) ) ;
#2787 = MECHANICAL_DESIGN_GEOMETRIC_PRESENTATION_REPRESENTATION (  '', ( #661 ), #4913 ) ;
#2788 = SURFACE_STYLE_FILL_AREA ( #8533 ) ;
#2789 = CARTESIAN_POINT ( 'NONE',  ( -2.940946945580002581, 1.589624598913157660, -23.63043620605388284 ) ) ;
#2790 = CARTESIAN_POINT ( 'NONE',  ( -2.972710410531938852, 0.6999999999999996225, -28.35000000000002984 ) ) ;
#2791 = CARTESIAN_POINT ( 'NONE',  ( -5.539677381595061512, 2.399506475976212805, -4.878909776184769953E-16 ) ) ;
#2792 = CARTESIAN_POINT ( 'NONE',  ( 1.192048598893475919, 3.247614445163117480, -23.51669829428390557 ) ) ;
#2793 = STYLED_ITEM ( 'NONE', ( #6876 ), #1671 ) ;
#2794 = ORIENTED_EDGE ( 'NONE', *, *, #7812, .F. ) ;
#2795 = CARTESIAN_POINT ( 'NONE',  ( 3.170101719626003511, 0.7010186833134016693, -29.32973553096123354 ) ) ;
#2796 =( LENGTH_UNIT ( ) NAMED_UNIT ( * ) SI_UNIT ( .MILLI., .METRE. ) );
#2797 = CARTESIAN_POINT ( 'NONE',  ( -1.914376003281625938, 4.664091817133391160, -27.00290886362658327 ) ) ;
#2798 = PRESENTATION_LAYER_ASSIGNMENT (  '', '', ( #2793 ) ) ;
#2799 = STYLED_ITEM ( 'NONE', ( #286 ), #7473 ) ;
#2800 = ORIENTED_EDGE ( 'NONE', *, *, #7263, .F. ) ;
#2801 = CARTESIAN_POINT ( 'NONE',  ( -1.577579022422609611, -3.236423702679414482, -0.1035533905950400679 ) ) ;
#2802 = CARTESIAN_POINT ( 'NONE',  ( 2.956820923034314763, -0.6999999999999996225, -29.25000000000000000 ) ) ;
#2803 = CARTESIAN_POINT ( 'NONE',  ( -5.016655872721441867, 3.058763875604892046, -21.29061959499336254 ) ) ;
#2804 = CARTESIAN_POINT ( 'NONE',  ( 3.145836691679806396, -1.026189116768643217, -25.35000000000000497 ) ) ;
#2805 =( GEOMETRIC_REPRESENTATION_CONTEXT ( 3 ) GLOBAL_UNCERTAINTY_ASSIGNED_CONTEXT ( ( #5975 ) ) GLOBAL_UNIT_ASSIGNED_CONTEXT ( ( #6730, #3936, #8945 ) ) REPRESENTATION_CONTEXT ( 'NONE', 'WORKASPACE' ) );
#2806 = AXIS2_PLACEMENT_3D ( 'NONE', #8995, #993, #4644 ) ;
#2807 = CARTESIAN_POINT ( 'NONE',  ( 1.979898987322333603, -0.6999999999999997335, -28.35000000000000497 ) ) ;
#2808 = CARTESIAN_POINT ( 'NONE',  ( -0.8228644288266594442, -3.342680079913098012, -23.39079792551115844 ) ) ;
#2809 = PRESENTATION_STYLE_ASSIGNMENT (( #5799 ) ) ;
#2810 = CARTESIAN_POINT ( 'NONE',  ( 3.377449320289719559, 1.198934869229089539, -23.36769323626032602 ) ) ;
#2811 = ORIENTED_EDGE ( 'NONE', *, *, #5568, .T. ) ;
#2812 = CARTESIAN_POINT ( 'NONE',  ( -0.1019898221489238671, 3.345120702415240288, -23.52004251739484175 ) ) ;
#2813 =( BOUNDED_SURFACE ( )  B_SPLINE_SURFACE ( 3, 2, ( 
 ( #2144, #4944, #7842 ),
 ( #1342, #7133, #626 ),
 ( #3525, #6423, #4268 ),
 ( #9348, #9293, #669 ),
 ( #3568, #5043, #2856 ),
 ( #1428, #4317, #7228 ) ),
 .UNSPECIFIED., .F., .F., .T. ) 
 B_SPLINE_SURFACE_WITH_KNOTS ( ( 4, 2, 4 ),
 ( 3, 3 ),
 ( 0.0000000000000000000, 0.0003965320195007793593, 0.0007930640390015587186 ),
 ( 0.0000000000000000000, 1.000000000000000000 ),
 .UNSPECIFIED. ) 
 GEOMETRIC_REPRESENTATION_ITEM ( )  RATIONAL_B_SPLINE_SURFACE ( (
 ( 1.000000000000000000, 0.7132504491541831193, 1.000000000000000000),
 ( 1.000000000000000000, 0.7416314239070362913, 1.000000000000000000),
 ( 1.000000000000000000, 0.7547744459357740299, 1.000000000000000000),
 ( 1.000000000000000000, 0.7629960348834180506, 1.000000000000000000),
 ( 1.000000000000000000, 0.7592840241419499536, 1.000000000000000000),
 ( 1.000000000000000000, 0.7581718333143205868, 1.000000000000000000) ) ) 
 REPRESENTATION_ITEM ( '' )  SURFACE ( )  );
#2814 = CARTESIAN_POINT ( 'NONE',  ( 3.108436027101699306, -1.232606256919962062, -23.61739811170482639 ) ) ;
#2815 = ORIENTED_EDGE ( 'NONE', *, *, #3801, .T. ) ;
#2816 = CARTESIAN_POINT ( 'NONE',  ( -5.021694169312819866, 3.058176305891280311, -21.47721983868527929 ) ) ;
#2817 = DIRECTION ( 'NONE',  ( -0.9998443171225056547, 0.0000000000000000000, -0.01764487228149426087 ) ) ;
#2818 = B_SPLINE_CURVE_WITH_KNOTS ( 'NONE', 3,
 ( #2816, #7746, #5670, #2726, #7893, #6383, #5715, #6293, #2056, #4950, #7848, #1249, #551, #7185 ),
 .UNSPECIFIED., .F., .F.,
 ( 4, 2, 2, 2, 2, 2, 4 ),
 ( 0.0000000000000000000, 0.1250000000000000000, 0.2500000000000000000, 0.5000000000000002220, 0.7500000000000004441, 0.8750000000000002220, 1.000000000000000000 ),
 .UNSPECIFIED. ) ;
#2819 = CARTESIAN_POINT ( 'NONE',  ( -5.239949533179004248, 3.032172739326318478, -23.18068864598616940 ) ) ;
#2820 = PRODUCT_DEFINITION_CONTEXT ( 'detailed design', #5035, 'design' ) ;
#2821 = ADVANCED_FACE ( 'NONE', ( #6031 ), #7610, .T. ) ;
#2822 = MECHANICAL_DESIGN_GEOMETRIC_PRESENTATION_REPRESENTATION (  '', ( #4793 ), #3882 ) ;
#2823 = CARTESIAN_POINT ( 'NONE',  ( -0.8677664968544195334, 3.342029479877849596, -23.38482874096858666 ) ) ;
#2824 = CARTESIAN_POINT ( 'NONE',  ( -1.545649081799393754, -2.981366875038681918, -23.47355530773164389 ) ) ;
#2825 = ORIENTED_EDGE ( 'NONE', *, *, #2355, .T. ) ;
#2826 = ORIENTED_EDGE ( 'NONE', *, *, #4390, .T. ) ;
#2827 = CARTESIAN_POINT ( 'NONE',  ( 1.872832080032804658, 0.9499999999999996225, -28.10000000000000497 ) ) ;
#2828 = DIRECTION ( 'NONE',  ( -0.9855899979031838010, 0.1193264962344328661, 0.1198897131934848898 ) ) ;
#2829 = CARTESIAN_POINT ( 'NONE',  ( -3.190990387118933569, 0.5489356064117522083, -29.51988567221921755 ) ) ;
#2830 = VECTOR ( 'NONE', #5998, 1000.000000000000000 ) ;
#2831 = CARTESIAN_POINT ( 'NONE',  ( 4.713855710941729171, -2.891763259629741345, -0.2500000000000013878 ) ) ;
#2832 = CARTESIAN_POINT ( 'NONE',  ( -1.555738639618758024, 2.972040530911720158, -23.71472274449075002 ) ) ;
#2833 = ADVANCED_FACE ( 'NONE', ( #1320 ), #4880, .F. ) ;
#2834 = EDGE_CURVE ( 'NONE', #6687, #7184, #7817, .T. ) ;
#2835 = COLOUR_RGB ( '',0.2509803921568627416, 0.2509803921568627416, 0.2509803921568627416 ) ;
#2836 = VECTOR ( 'NONE', #7734, 1000.000000000000000 ) ;
#2837 = CARTESIAN_POINT ( 'NONE',  ( -3.096550117424569759, -1.292411830366515968, -23.61795582866686516 ) ) ;
#2838 =( NAMED_UNIT ( * ) PLANE_ANGLE_UNIT ( ) SI_UNIT ( $, .RADIAN. ) );
#2839 = CARTESIAN_POINT ( 'NONE',  ( -3.268484528816632650, -0.4868243463146753602, -25.60436310160932649 ) ) ;
#2840 = SURFACE_STYLE_FILL_AREA ( #7920 ) ;
#2841 = CARTESIAN_POINT ( 'NONE',  ( 1.238763046338842821, 3.101869119457049795, -23.56856082005662145 ) ) ;
#2842 = ORIENTED_EDGE ( 'NONE', *, *, #7076, .T. ) ;
#2843 = AXIS2_PLACEMENT_3D ( 'NONE', #8450, #1943, #4842 ) ;
#2844 = CARTESIAN_POINT ( 'NONE',  ( 1.979898987322333603, -0.6999999999999997335, -25.60000000000000497 ) ) ;
#2845 = DIRECTION ( 'NONE',  ( -1.000000000000000000, 0.0000000000000000000, 0.0000000000000000000 ) ) ;
#2846 = CARTESIAN_POINT ( 'NONE',  ( -6.527765265157509766, -1.546446683550764645, -22.82212319449447691 ) ) ;
#2847 = UNCERTAINTY_MEASURE_WITH_UNIT (LENGTH_MEASURE( 1.000000000000000082E-05 ), #240, 'distance_accuracy_value', 'NONE');
#2848 = CARTESIAN_POINT ( 'NONE',  ( 6.475439903374889283, 2.154557251339423107, -22.76526359358429730 ) ) ;
#2849 = PRESENTATION_LAYER_ASSIGNMENT (  '', '', ( #431 ) ) ;
#2850 = EDGE_LOOP ( 'NONE', ( #1215, #3002, #655, #7309 ) ) ;
#2851 = SURFACE_STYLE_USAGE ( .BOTH. , #3563 ) ;
#2852 = EDGE_CURVE ( 'NONE', #2053, #7704, #5706, .T. ) ;
#2853 = CARTESIAN_POINT ( 'NONE',  ( 2.975080127464311719, -0.7000000000000000666, -28.28288387901633882 ) ) ;
#2854 = CARTESIAN_POINT ( 'NONE',  ( 6.018626320641917715, 2.026407336949382465, -19.13809493947454854 ) ) ;
#2855 = SURFACE_STYLE_USAGE ( .BOTH. , #9347 ) ;
#2856 = CARTESIAN_POINT ( 'NONE',  ( 3.222230978601301921, -0.4873831694866065933, -28.22012214862822077 ) ) ;
#2857 = CARTESIAN_POINT ( 'NONE',  ( 1.942617827404324649, -4.720417531513622755, -25.24876908820928634 ) ) ;
#2858 = ORIENTED_EDGE ( 'NONE', *, *, #4015, .T. ) ;
#2859 =( LENGTH_UNIT ( ) NAMED_UNIT ( * ) SI_UNIT ( .MILLI., .METRE. ) );
#2860 = SURFACE_SIDE_STYLE ('',( #549 ) ) ;
#2861 = VERTEX_POINT ( 'NONE', #5161 ) ;
#2862 = CARTESIAN_POINT ( 'NONE',  ( 3.203398940256226179, 3.923032258576810771E-16, -31.39876908820451717 ) ) ;
#2863 = CARTESIAN_POINT ( 'NONE',  ( 1.979898987322333603, -0.6999999999999999556, -28.28084200979082041 ) ) ;
#2864 = CARTESIAN_POINT ( 'NONE',  ( 6.338793502159032478, -2.904576307138822866, -21.31034801727226480 ) ) ;
#2865 = SURFACE_STYLE_USAGE ( .BOTH. , #682 ) ;
#2866 = CARTESIAN_POINT ( 'NONE',  ( -5.041009650318690305, -2.854547004610508143, -20.22822021129186254 ) ) ;
#2867 =( NAMED_UNIT ( * ) PLANE_ANGLE_UNIT ( ) SI_UNIT ( $, .RADIAN. ) );
#2868 = ORIENTED_EDGE ( 'NONE', *, *, #3930, .F. ) ;
#2869 = CARTESIAN_POINT ( 'NONE',  ( -5.889587238063712427, -2.401679395893363544, -19.15941097058134446 ) ) ;
#2870 = ADVANCED_FACE ( 'NONE', ( #2217 ), #5006, .T. ) ;
#2871 =( LENGTH_UNIT ( ) NAMED_UNIT ( * ) SI_UNIT ( .MILLI., .METRE. ) );
#2872 = CARTESIAN_POINT ( 'NONE',  ( 1.871420061658903178, -4.577485074376069996, -29.60355339059328017 ) ) ;
#2873 = CARTESIAN_POINT ( 'NONE',  ( -3.250217367862892281, 0.4870431279437418826, -26.63755037390383862 ) ) ;
#2874 = DIRECTION ( 'NONE',  ( -0.0000000000000000000, 1.000000000000000000, -0.0000000000000000000 ) ) ;
#2875 = CARTESIAN_POINT ( 'NONE',  ( -2.889054168559233027, 1.674476845176608109, -23.63449712021942162 ) ) ;
#2876 = UNCERTAINTY_MEASURE_WITH_UNIT (LENGTH_MEASURE( 1.000000000000000082E-05 ), #5586, 'distance_accuracy_value', 'NONE');
#2877 = DIRECTION ( 'NONE',  ( -0.0000000000000000000, 0.0000000000000000000, 1.000000000000000000 ) ) ;
#2878 = COLOUR_RGB ( '',0.7529411764705882248, 0.7529411764705882248, 0.7529411764705882248 ) ;
#2879 = CARTESIAN_POINT ( 'NONE',  ( 1.979898987322334047, 0.6999999999999999556, -29.31915799020920588 ) ) ;
#2880 = CARTESIAN_POINT ( 'NONE',  ( -3.230719518034724125, -0.7334797741798889659, -25.45206228528443404 ) ) ;
#2881 = EDGE_CURVE ( 'NONE', #2926, #8526, #5419, .T. ) ;
#2882 = CARTESIAN_POINT ( 'NONE',  ( -5.099195893422032277, -3.049138062213182732, -22.07549305311496468 ) ) ;
#2883 = FACE_OUTER_BOUND ( 'NONE', #7596, .T. ) ;
#2884 = ADVANCED_FACE ( 'NONE', ( #5121 ), #1503, .T. ) ;
#2885 = ORIENTED_EDGE ( 'NONE', *, *, #4071, .F. ) ;
#2886 = CARTESIAN_POINT ( 'NONE',  ( -6.182609125245413395, 2.725514048995511640, -20.06087300196333700 ) ) ;
#2887 = CARTESIAN_POINT ( 'NONE',  ( 6.455914993100956067, -2.252465504186613732, -22.76830994154397914 ) ) ;
#2888 =( NAMED_UNIT ( * ) SI_UNIT ( $, .STERADIAN. ) SOLID_ANGLE_UNIT ( ) );
#2889 =( LENGTH_UNIT ( ) NAMED_UNIT ( * ) SI_UNIT ( .MILLI., .METRE. ) );
#2890 = SURFACE_STYLE_USAGE ( .BOTH. , #6724 ) ;
#2891 = CARTESIAN_POINT ( 'NONE',  ( 3.142029068176413809, -1.710251801459461207, -23.38552681042084913 ) ) ;
#2892 = ORIENTED_EDGE ( 'NONE', *, *, #7737, .T. ) ;
#2893 = CARTESIAN_POINT ( 'NONE',  ( -5.800000016939163672, -1.563482951116909048, -8.782037597132458120E-15 ) ) ;
#2894 = CARTESIAN_POINT ( 'NONE',  ( -3.063714927207905614, -1.029628659052462147, -29.75436310163102860 ) ) ;
#2895 =( LENGTH_UNIT ( ) NAMED_UNIT ( * ) SI_UNIT ( .MILLI., .METRE. ) );
#2896 = VECTOR ( 'NONE', #3505, 1000.000000000000114 ) ;
#2897 = CARTESIAN_POINT ( 'NONE',  ( 4.953312019602673644, 2.898240659543062314, -20.64959300162111688 ) ) ;
#2898 = FILL_AREA_STYLE ('',( #8035 ) ) ;
#2899 =( NAMED_UNIT ( * ) SI_UNIT ( $, .STERADIAN. ) SOLID_ANGLE_UNIT ( ) );
#2900 =( LENGTH_UNIT ( ) NAMED_UNIT ( * ) SI_UNIT ( .MILLI., .METRE. ) );
#2901 = CARTESIAN_POINT ( 'NONE',  ( 3.171863597782255795, 0.9602267488922067162, -25.10438179247741175 ) ) ;
#2902 = ORIENTED_EDGE ( 'NONE', *, *, #258, .F. ) ;
#2903 = VECTOR ( 'NONE', #3290, 1000.000000000000000 ) ;
#2904 = CARTESIAN_POINT ( 'NONE',  ( 2.673183979013749934, -2.006994509352630907, -23.65053816182519952 ) ) ;
#2905 = CARTESIAN_POINT ( 'NONE',  ( 6.240305437940847355, 2.719773072205643683, -20.52244350353138813 ) ) ;
#2906 = CARTESIAN_POINT ( 'NONE',  ( 4.686546425784777092, -2.643259330195584234, -4.119968255444916849E-15 ) ) ;
#2907 = STYLED_ITEM ( 'NONE', ( #1377 ), #129 ) ;
#2908 = FILL_AREA_STYLE ('',( #219 ) ) ;
#2909 = DIRECTION ( 'NONE',  ( 1.000000000000000000, 1.672957273954558210E-16, -0.0000000000000000000 ) ) ;
#2910 = ORIENTED_EDGE ( 'NONE', *, *, #4737, .T. ) ;
#2911 =( NAMED_UNIT ( * ) PLANE_ANGLE_UNIT ( ) SI_UNIT ( $, .RADIAN. ) );
#2912 = ORIENTED_EDGE ( 'NONE', *, *, #4122, .F. ) ;
#2913 = DIRECTION ( 'NONE',  ( 0.0000000000000000000, 0.0000000000000000000, 1.000000000000000000 ) ) ;
#2914 =( NAMED_UNIT ( * ) SI_UNIT ( $, .STERADIAN. ) SOLID_ANGLE_UNIT ( ) );
#2915 = CARTESIAN_POINT ( 'NONE',  ( 1.811462300288620320, -4.430828659074964371, -29.49999999999999645 ) ) ;
#2916 = CARTESIAN_POINT ( 'NONE',  ( 1.905861349574210273, 2.740586834977104314, -23.69724754899114316 ) ) ;
#2917 = CARTESIAN_POINT ( 'NONE',  ( 0.0000000000000000000, 0.0000000000000000000, 0.0000000000000000000 ) ) ;
#2918 = DIRECTION ( 'NONE',  ( 0.0000000000000000000, 0.0000000000000000000, 1.000000000000000000 ) ) ;
#2919 =( BOUNDED_SURFACE ( )  B_SPLINE_SURFACE ( 3, 2, ( 
 ( #488, #3202, #6805 ),
 ( #6853, #4802, #366 ),
 ( #4709, #3383, #8375 ),
 ( #8283, #4044, #6951 ) ),
 .UNSPECIFIED., .F., .F., .T. ) 
 B_SPLINE_SURFACE_WITH_KNOTS ( ( 4, 4 ),
 ( 3, 3 ),
 ( 4.336808689942017736E-19, 0.0006360195993518066122 ),
 ( 0.0000000000000000000, 1.000000000000000000 ),
 .UNSPECIFIED. ) 
 GEOMETRIC_REPRESENTATION_ITEM ( )  RATIONAL_B_SPLINE_SURFACE ( (
 ( 1.000000000000000000, 0.7077614747841459719, 1.000000000000000000),
 ( 1.000000000000000000, 0.7719438097323390036, 1.000000000000000000),
 ( 1.000000000000000000, 0.8239129627385575194, 1.000000000000000000),
 ( 1.000000000000000000, 0.8660886143549809679, 1.000000000000000000) ) ) 
 REPRESENTATION_ITEM ( '' )  SURFACE ( )  );
#2920 = CARTESIAN_POINT ( 'NONE',  ( -1.979898987322333603, 0.6999999999999997335, -28.10000000000000497 ) ) ;
#2921 = FILL_AREA_STYLE_COLOUR ( '', #3512 ) ;
#2922 = CIRCLE ( 'NONE', #6417, 0.2500000000000013878 ) ;
#2923 = PRESENTATION_STYLE_ASSIGNMENT (( #888 ) ) ;
#2924 = CARTESIAN_POINT ( 'NONE',  ( -1.589309410256830423E-16, 0.9500000000000000666, -28.35000000000000497 ) ) ;
#2925 = CARTESIAN_POINT ( 'NONE',  ( -6.336395963635936823, -1.568269230615343401, -21.29116770908751022 ) ) ;
#2926 = VERTEX_POINT ( 'NONE', #8799 ) ;
#2927 = CARTESIAN_POINT ( 'NONE',  ( -6.336395963635964357, 1.568269230615327636, -21.29116770908774114 ) ) ;
#2928 = EDGE_CURVE ( 'NONE', #4892, #6663, #1448, .T. ) ;
#2929 =( NAMED_UNIT ( * ) PLANE_ANGLE_UNIT ( ) SI_UNIT ( $, .RADIAN. ) );
#2930 = CARTESIAN_POINT ( 'NONE',  ( -1.914383410920735384, 4.664109864742060907, -26.85355339059326596 ) ) ;
#2931 =( NAMED_UNIT ( * ) SI_UNIT ( $, .STERADIAN. ) SOLID_ANGLE_UNIT ( ) );
#2932 = ORIENTED_EDGE ( 'NONE', *, *, #5863, .F. ) ;
#2933 = CARTESIAN_POINT ( 'NONE',  ( -3.063738988571207855, -1.029636745401818931, -29.75290886364105347 ) ) ;
#2934 = AXIS2_PLACEMENT_3D ( 'NONE', #1973, #4873, #4919 ) ;
#2935 = CARTESIAN_POINT ( 'NONE',  ( 6.308239556175602836, 1.546407208780339548, -23.03642561252735277 ) ) ;
#2936 = ORIENTED_EDGE ( 'NONE', *, *, #8785, .F. ) ;
#2937 = CARTESIAN_POINT ( 'NONE',  ( 1.931425879585300542, -0.8259943559174784955, -29.47694034360441506 ) ) ;
#2938 = EDGE_CURVE ( 'NONE', #8761, #3085, #4614, .T. ) ;
#2939 = PRESENTATION_LAYER_ASSIGNMENT (  '', '', ( #6295 ) ) ;
#2940 = PRESENTATION_LAYER_ASSIGNMENT (  '', '', ( #2799 ) ) ;
#2941 = CARTESIAN_POINT ( 'NONE',  ( -6.004049352587636612, -2.015768219899643388, -0.2500000000000016653 ) ) ;
#2942 = DIRECTION ( 'NONE',  ( -0.01764690081855247242, 1.286826586111048217E-14, -0.9998442813215967506 ) ) ;
#2943 = FACE_OUTER_BOUND ( 'NONE', #7230, .T. ) ;
#2944 = VERTEX_POINT ( 'NONE', #1744 ) ;
#2945 = PRESENTATION_STYLE_ASSIGNMENT (( #4560 ) ) ;
#2946 = VECTOR ( 'NONE', #5602, 1000.000000000000000 ) ;
#2947 = CARTESIAN_POINT ( 'NONE',  ( 6.268851540329243299, 2.778848167523655377, -20.75081232263395847 ) ) ;
#2948 = CARTESIAN_POINT ( 'NONE',  ( -5.804280896183016125, 2.918628402621079143, -22.86029822796059108 ) ) ;
#2949 = AXIS2_PLACEMENT_3D ( 'NONE', #5163, #5825, #189 ) ;
#2950 =( GEOMETRIC_REPRESENTATION_CONTEXT ( 3 ) GLOBAL_UNCERTAINTY_ASSIGNED_CONTEXT ( ( #5631 ) ) GLOBAL_UNIT_ASSIGNED_CONTEXT ( ( #8836, #3008, #1588 ) ) REPRESENTATION_CONTEXT ( 'NONE', 'WORKASPACE' ) );
#2951 =( NAMED_UNIT ( * ) PLANE_ANGLE_UNIT ( ) SI_UNIT ( $, .RADIAN. ) );
#2952 = FILL_AREA_STYLE_COLOUR ( '', #6298 ) ;
#2953 = CIRCLE ( 'NONE', #8123, 2.100000000000000089 ) ;
#2954 = CARTESIAN_POINT ( 'NONE',  ( 2.956821066562416167, -0.6999999999999995115, -29.25000000253383803 ) ) ;
#2955 = CARTESIAN_POINT ( 'NONE',  ( 1.652290727422131233, -3.198789889040406287, -23.46958203579639957 ) ) ;
#2956 = VERTEX_POINT ( 'NONE', #2307 ) ;
#2957 = CARTESIAN_POINT ( 'NONE',  ( -5.867852035548834166, -2.642111808088290825, -23.09924361886395516 ) ) ;
#2958 = ORIENTED_EDGE ( 'NONE', *, *, #5264, .T. ) ;
#2959 = CARTESIAN_POINT ( 'NONE',  ( 0.2991816468451953814, 3.326100629067102687, -23.60084698453962915 ) ) ;
#2960 = SURFACE_STYLE_FILL_AREA ( #176 ) ;
#2961 = CARTESIAN_POINT ( 'NONE',  ( -2.869514156286921747, 0.8864145748807132907, -29.50000000000000355 ) ) ;
#2962 = DIRECTION ( 'NONE',  ( -1.000000000000000000, -0.0000000000000000000, 0.0000000000000000000 ) ) ;
#2963 = CARTESIAN_POINT ( 'NONE',  ( -5.210629433851416970, -3.035722513842913806, -22.93606748826628206 ) ) ;
#2964 = UNCERTAINTY_MEASURE_WITH_UNIT (LENGTH_MEASURE( 1.000000000000000082E-05 ), #1764, 'distance_accuracy_value', 'NONE');
#2965 = CARTESIAN_POINT ( 'NONE',  ( 6.065444240656106878, 1.397679964033983424, -19.12355392525029885 ) ) ;
#2966 = CARTESIAN_POINT ( 'NONE',  ( 1.969603516111538832, -0.7302592511815345633, -25.46394509224951364 ) ) ;
#2967 = DIRECTION ( 'NONE',  ( -0.0000000000000000000, -0.0000000000000000000, -1.000000000000000000 ) ) ;
#2968 = DIRECTION ( 'NONE',  ( -1.000000000000000000, -1.672957273954558210E-16, 0.0000000000000000000 ) ) ;
#2969 = MECHANICAL_DESIGN_GEOMETRIC_PRESENTATION_REPRESENTATION (  '', ( #8291 ), #4326 ) ;
#2970 = AXIS2_PLACEMENT_3D ( 'NONE', #2335, #3857, #5230 ) ;
#2971 = SURFACE_SIDE_STYLE ('',( #6583 ) ) ;
#2972 = ORIENTED_EDGE ( 'NONE', *, *, #8058, .T. ) ;
#2973 =( NAMED_UNIT ( * ) SI_UNIT ( $, .STERADIAN. ) SOLID_ANGLE_UNIT ( ) );
#2974 = B_SPLINE_CURVE_WITH_KNOTS ( 'NONE', 3,
 ( #8163, #1646, #4538, #299, #936, #3125, #6024, #3177, #6077, #7760 ),
 .UNSPECIFIED., .F., .F.,
 ( 4, 2, 2, 2, 4 ),
 ( 0.0000000000000000000, 0.2500000000000000000, 0.5000000000000000000, 0.7500000000000000000, 1.000000000000000000 ),
 .UNSPECIFIED. ) ;
#2975 = CARTESIAN_POINT ( 'NONE',  ( 2.952037432446399823, 0.8220720537108530124, -26.72459797288224337 ) ) ;
#2976 = CARTESIAN_POINT ( 'NONE',  ( -1.241898298753213448, -3.097668276133595189, -23.72510330486155539 ) ) ;
#2977 = VERTEX_POINT ( 'NONE', #1078 ) ;
#2978 = CARTESIAN_POINT ( 'NONE',  ( -3.003015388407000774, 0.7000000000000033973, -26.56659599427048235 ) ) ;
#2979 = CARTESIAN_POINT ( 'NONE',  ( 1.871420061658902512, -4.577485074376066443, -29.75145445951120848 ) ) ;
#2980 = ORIENTED_EDGE ( 'NONE', *, *, #1041, .F. ) ;
#2981 = EDGE_CURVE ( 'NONE', #982, #5362, #6345, .T. ) ;
#2982 = CARTESIAN_POINT ( 'NONE',  ( 4.101365007913008398, -3.170020998266350531, -23.07022318066065480 ) ) ;
#2983 = PRESENTATION_STYLE_ASSIGNMENT (( #8728 ) ) ;
#2984 = CARTESIAN_POINT ( 'NONE',  ( -5.321510065570087100, -2.778506212586691948, -0.2500000000000139888 ) ) ;
#2985 = CARTESIAN_POINT ( 'NONE',  ( -2.925000000000000266, -0.6249999999999995559, 6.599999999999999645 ) ) ;
#2986 = FILL_AREA_STYLE ('',( #209 ) ) ;
#2987 = ORIENTED_EDGE ( 'NONE', *, *, #4710, .T. ) ;
#2988 = FILL_AREA_STYLE ('',( #2241 ) ) ;
#2989 = LINE ( 'NONE', #58, #7989 ) ;
#2990 = CARTESIAN_POINT ( 'NONE',  ( 4.993047265035483129, 2.960834823798434989, -20.85271663322433611 ) ) ;
#2991 = CARTESIAN_POINT ( 'NONE',  ( 6.211305322696457409, 2.702955558377292178, -20.29044258156974223 ) ) ;
#2992 = CARTESIAN_POINT ( 'NONE',  ( -1.861642375112327219, 3.310010247229496994, -23.21005464572595400 ) ) ;
#2993 = EDGE_CURVE ( 'NONE', #445, #3105, #6321, .T. ) ;
#2994 = ADVANCED_FACE ( 'NONE', ( #2408 ), #7541, .T. ) ;
#2995 = CARTESIAN_POINT ( 'NONE',  ( -3.276049450176239830, 0.6999999999999994005, -26.50000000000000355 ) ) ;
#2996 = DIRECTION ( 'NONE',  ( -0.9998442813215966396, 0.0000000000000000000, 0.01764690081855484205 ) ) ;
#2997 =( BOUNDED_SURFACE ( )  B_SPLINE_SURFACE ( 2, 3, ( 
 ( #8069, #3683, #7922, #9376 ),
 ( #2886, #2088, #752, #5781 ),
 ( #8668, #6543, #5074, #7972 ) ),
 .UNSPECIFIED., .F., .F., .F. ) 
 B_SPLINE_SURFACE_WITH_KNOTS ( ( 3, 3 ),
 ( 4, 4 ),
 ( 0.0000000000000000000, 1.000000000000000000 ),
 ( 1.457913947503816088, 1.460687952380123056 ),
 .UNSPECIFIED. ) 
 GEOMETRIC_REPRESENTATION_ITEM ( )  RATIONAL_B_SPLINE_SURFACE ( (
 ( 1.000000000000000000, 1.000000000000000000, 1.000000000000000000, 1.000000000000000000),
 ( 1.491155899116284322, 1.490544502060682230, 1.489932632847582816, 1.489320292087567887),
 ( 1.000000000000000000, 1.000000000000000000, 1.000000000000000000, 1.000000000000000000) ) ) 
 REPRESENTATION_ITEM ( '' )  SURFACE ( )  );
#2998 = CARTESIAN_POINT ( 'NONE',  ( 6.142001392940661830, -1.389243019739784923, -19.73601114352533159 ) ) ;
#2999 = CARTESIAN_POINT ( 'NONE',  ( 3.140982145058303754, -0.7691197301715526624, -29.69704610067333661 ) ) ;
#3000 = SURFACE_STYLE_FILL_AREA ( #7468 ) ;
#3001 =( GEOMETRIC_REPRESENTATION_CONTEXT ( 3 ) GLOBAL_UNCERTAINTY_ASSIGNED_CONTEXT ( ( #3725 ) ) GLOBAL_UNIT_ASSIGNED_CONTEXT ( ( #4005, #2489, #2539 ) ) REPRESENTATION_CONTEXT ( 'NONE', 'WORKASPACE' ) );
#3002 = ORIENTED_EDGE ( 'NONE', *, *, #8412, .T. ) ;
#3003 = CARTESIAN_POINT ( 'NONE',  ( -6.208152861023958025, -2.310108976810324233, -23.05109636551378216 ) ) ;
#3004 = ORIENTED_EDGE ( 'NONE', *, *, #8870, .T. ) ;
#3005 = FILL_AREA_STYLE ('',( #1494 ) ) ;
#3006 = FILL_AREA_STYLE ('',( #125 ) ) ;
#3007 = CARTESIAN_POINT ( 'NONE',  ( 0.1080359386286908890, 3.349989860241206152, -23.47044257209217832 ) ) ;
#3008 =( NAMED_UNIT ( * ) PLANE_ANGLE_UNIT ( ) SI_UNIT ( $, .RADIAN. ) );
#3009 = CIRCLE ( 'NONE', #8915, 0.2500000000000001665 ) ;
#3010 =( NAMED_UNIT ( * ) SI_UNIT ( $, .STERADIAN. ) SOLID_ANGLE_UNIT ( ) );
#3011 =( NAMED_UNIT ( * ) SI_UNIT ( $, .STERADIAN. ) SOLID_ANGLE_UNIT ( ) );
#3012 = CARTESIAN_POINT ( 'NONE',  ( 1.931712908894738234, 0.8252889325712413626, -26.72637156242575074 ) ) ;
#3013 = CARTESIAN_POINT ( 'NONE',  ( -4.741856460906227255, 2.888676873037205439, -19.30960607446506216 ) ) ;
#3014 =( LENGTH_UNIT ( ) NAMED_UNIT ( * ) SI_UNIT ( .MILLI., .METRE. ) );
#3015 =( GEOMETRIC_REPRESENTATION_CONTEXT ( 3 ) GLOBAL_UNCERTAINTY_ASSIGNED_CONTEXT ( ( #5345 ) ) GLOBAL_UNIT_ASSIGNED_CONTEXT ( ( #9014, #8864, #5376 ) ) REPRESENTATION_CONTEXT ( 'NONE', 'WORKASPACE' ) );
#3016 = ADVANCED_FACE ( 'NONE', ( #4726 ), #4385, .T. ) ;
#3017 = CARTESIAN_POINT ( 'NONE',  ( 1.797428898620711202, 4.367619181192915256, -25.35000000000000497 ) ) ;
#3018 = ORIENTED_EDGE ( 'NONE', *, *, #1042, .T. ) ;
#3019 = CARTESIAN_POINT ( 'NONE',  ( -6.306899816868471120, -2.098307477926268483, -21.30258281768645290 ) ) ;
#3020 =( NAMED_UNIT ( * ) PLANE_ANGLE_UNIT ( ) SI_UNIT ( $, .RADIAN. ) );
#3021 = PRESENTATION_STYLE_ASSIGNMENT (( #3735 ) ) ;
#3022 = CARTESIAN_POINT ( 'NONE',  ( -3.114765733250400181, 1.028379173908031685, -27.00000000000000355 ) ) ;
#3023 = CARTESIAN_POINT ( 'NONE',  ( 5.573993510355637504, -2.986446217698982331, -23.13887169117803566 ) ) ;
#3024 = UNCERTAINTY_MEASURE_WITH_UNIT (LENGTH_MEASURE( 1.000000000000000082E-05 ), #2895, 'distance_accuracy_value', 'NONE');
#3025 =( NAMED_UNIT ( * ) PLANE_ANGLE_UNIT ( ) SI_UNIT ( $, .RADIAN. ) );
#3026 = ORIENTED_EDGE ( 'NONE', *, *, #3628, .F. ) ;
#3027 = CARTESIAN_POINT ( 'NONE',  ( -1.871420061658896739, -4.577485074376068219, -29.75000000000000000 ) ) ;
#3028 = COLOUR_RGB ( '',0.2509803921568627416, 0.2509803921568627416, 0.2509803921568627416 ) ;
#3029 = VERTEX_POINT ( 'NONE', #7674 ) ;
#3030 = DIRECTION ( 'NONE',  ( 0.3150593542896197308, -0.9490719694915703553, -0.0000000000000000000 ) ) ;
#3031 = CARTESIAN_POINT ( 'NONE',  ( -1.726669220989236031, 4.223425167547120829, -29.50000000000000355 ) ) ;
#3032 = CARTESIAN_POINT ( 'NONE',  ( 0.0000000000000000000, 0.0000000000000000000, -27.85436310159639106 ) ) ;
#3033 = CARTESIAN_POINT ( 'NONE',  ( -6.044819764886729452, -1.742537038807441263, -0.2500000000000083267 ) ) ;
#3034 = PLANE ( 'NONE',  #1539 ) ;
#3035 = CARTESIAN_POINT ( 'NONE',  ( 1.480933811688068591, 3.163712551031326203, -23.49063498533942962 ) ) ;
#3036 = ORIENTED_EDGE ( 'NONE', *, *, #1381, .F. ) ;
#3037 = FACE_OUTER_BOUND ( 'NONE', #1111, .T. ) ;
#3038 = SURFACE_SIDE_STYLE ('',( #3754 ) ) ;
#3039 = ADVANCED_BREP_SHAPE_REPRESENTATION ( '5137B8E9-7F00-4A32-9F4C-CE5830150855', ( #9189, #5884, #5854, #8036 ), #6827 ) ;
#3040 = CARTESIAN_POINT ( 'NONE',  ( 4.909053692523461798, 2.869889770554882258, -20.44105959453257526 ) ) ;
#3041 = SURFACE_SIDE_STYLE ('',( #961 ) ) ;
#3042 = AXIS2_PLACEMENT_3D ( 'NONE', #7204, #5774, #5015 ) ;
#3043 = COLOUR_RGB ( '',0.7529411764705882248, 0.7529411764705882248, 0.7529411764705882248 ) ;
#3044 =( LENGTH_UNIT ( ) NAMED_UNIT ( * ) SI_UNIT ( .MILLI., .METRE. ) );
#3045 = CARTESIAN_POINT ( 'NONE',  ( -4.713855711712994001, 2.891763259544980702, -19.02075593405381682 ) ) ;
#3046 = FACE_OUTER_BOUND ( 'NONE', #5000, .T. ) ;
#3047 = EDGE_CURVE ( 'NONE', #6472, #1729, #6955, .T. ) ;
#3048 = PRESENTATION_LAYER_ASSIGNMENT (  '', '', ( #9252 ) ) ;
#3049 = EDGE_CURVE ( 'NONE', #2230, #1021, #6351, .T. ) ;
#3050 = COLOUR_RGB ( '',0.2509803921568627416, 0.2509803921568627416, 0.2509803921568627416 ) ;
#3051 = CARTESIAN_POINT ( 'NONE',  ( 1.965428460041426018, -3.014861272984915797, -23.45609280468638858 ) ) ;
#3052 = EDGE_LOOP ( 'NONE', ( #7356, #264, #6076, #2811 ) ) ;
#3053 = CARTESIAN_POINT ( 'NONE',  ( -5.679754573907175086, -2.702649726955994147, -23.12458127454995349 ) ) ;
#3054 = ORIENTED_EDGE ( 'NONE', *, *, #3049, .F. ) ;
#3055 = CARTESIAN_POINT ( 'NONE',  ( 0.2720823655018714260, 3.328559068643405006, -23.59578844545051624 ) ) ;
#3056 = CARTESIAN_POINT ( 'NONE',  ( -3.013308306279805837, -0.6999999999999996225, -26.05000000402824156 ) ) ;
#3057 = CARTESIAN_POINT ( 'NONE',  ( 0.4219241528691443643, 3.348073123098879833, -23.49017892404452823 ) ) ;
#3058 =( BOUNDED_CURVE ( )  B_SPLINE_CURVE ( 2, ( #8060, #1550, #6769 ),
 .UNSPECIFIED., .F., .T. ) 
 B_SPLINE_CURVE_WITH_KNOTS ( ( 3, 3 ),
 ( 0.0000000000000000000, 1.000000000000000000 ),
 .UNSPECIFIED. ) 
 CURVE ( )  GEOMETRIC_REPRESENTATION_ITEM ( )  RATIONAL_B_SPLINE_CURVE ( ( 1.000000000000000000, 1.489454356889000630, 1.000000000000000000 ) ) 
 REPRESENTATION_ITEM ( '' )  );
#3059 = FILL_AREA_STYLE_COLOUR ( '', #812 ) ;
#3060 = STYLED_ITEM ( 'NONE', ( #8954 ), #234 ) ;
#3061 = DIRECTION ( 'NONE',  ( -0.9998441683048795436, 0.0000000000000000000, 0.01765330299756394730 ) ) ;
#3062 = FACE_OUTER_BOUND ( 'NONE', #3903, .T. ) ;
#3063 = B_SPLINE_CURVE_WITH_KNOTS ( 'NONE', 3,
 ( #3118, #983, #6774, #8988 ),
 .UNSPECIFIED., .F., .F.,
 ( 4, 4 ),
 ( 0.0000000000000000000, 1.000000000000000000 ),
 .UNSPECIFIED. ) ;
#3064 = ADVANCED_FACE ( 'NONE', ( #9222 ), #5261, .F. ) ;
#3065 = CARTESIAN_POINT ( 'NONE',  ( 6.049999999999999822, -1.400739683024802451, -18.87548450340289818 ) ) ;
#3066 = SURFACE_STYLE_USAGE ( .BOTH. , #6870 ) ;
#3067 = DIRECTION ( 'NONE',  ( -1.000000000000000000, 0.0000000000000000000, 0.0000000000000000000 ) ) ;
#3068 = FILL_AREA_STYLE ('',( #5160 ) ) ;
#3069 = CARTESIAN_POINT ( 'NONE',  ( -1.768476342693168446, 4.308629038710201087, -26.75000000000000355 ) ) ;
#3070 = MECHANICAL_DESIGN_GEOMETRIC_PRESENTATION_REPRESENTATION (  '', ( #7025 ), #8243 ) ;
#3071 = CARTESIAN_POINT ( 'NONE',  ( 6.271693356325227064, 3.149999999999999911, -22.78911128767646943 ) ) ;
#3072 = SURFACE_STYLE_FILL_AREA ( #5823 ) ;
#3073 = ORIENTED_EDGE ( 'NONE', *, *, #1996, .F. ) ;
#3074 = CARTESIAN_POINT ( 'NONE',  ( -1.265088804137952661, -3.331551573991617499, -23.44939137582546351 ) ) ;
#3075 = CARTESIAN_POINT ( 'NONE',  ( 3.219918190031088923, 0.5037338437432798965, -28.21670833027403447 ) ) ;
#3076 = SURFACE_STYLE_USAGE ( .BOTH. , #7548 ) ;
#3077 = CARTESIAN_POINT ( 'NONE',  ( 3.268484528816384849, -0.4868243463146502137, -25.60436310160104156 ) ) ;
#3078 = SURFACE_STYLE_FILL_AREA ( #6683 ) ;
#3079 = FACE_OUTER_BOUND ( 'NONE', #1790, .T. ) ;
#3080 = DIRECTION ( 'NONE',  ( 0.0000000000000000000, -0.0000000000000000000, 1.000000000000000000 ) ) ;
#3081 = FILL_AREA_STYLE ('',( #3836 ) ) ;
#3082 = CARTESIAN_POINT ( 'NONE',  ( 2.341547926407808955, 2.390920971348362567, -23.43689089333918218 ) ) ;
#3083 = ORIENTED_EDGE ( 'NONE', *, *, #726, .F. ) ;
#3084 =( GEOMETRIC_REPRESENTATION_CONTEXT ( 3 ) GLOBAL_UNCERTAINTY_ASSIGNED_CONTEXT ( ( #2564 ) ) GLOBAL_UNIT_ASSIGNED_CONTEXT ( ( #1171, #2121, #3403 ) ) REPRESENTATION_CONTEXT ( 'NONE', 'WORKASPACE' ) );
#3085 = VERTEX_POINT ( 'NONE', #5971 ) ;
#3086 = CARTESIAN_POINT ( 'NONE',  ( 6.286788603185383906, -1.973585574610261739, -23.03959006016139810 ) ) ;
#3087 = ADVANCED_FACE ( 'NONE', ( #6589 ), #7666, .T. ) ;
#3088 = CARTESIAN_POINT ( 'NONE',  ( 4.713855710941726507, 2.891763259629744454, -0.2500000000000002220 ) ) ;
#3089 = CARTESIAN_POINT ( 'NONE',  ( 5.081727771881965339, 3.051132821197367839, -21.47721981097154753 ) ) ;
#3090 = CARTESIAN_POINT ( 'NONE',  ( -1.237036603516189270, 3.104182335377524637, -23.48235989797556655 ) ) ;
#3091 = ORIENTED_EDGE ( 'NONE', *, *, #8081, .T. ) ;
#3092 = CARTESIAN_POINT ( 'NONE',  ( 3.252572334970511125, -0.4870147112372397169, -26.50436289884129692 ) ) ;
#3093 = CARTESIAN_POINT ( 'NONE',  ( 2.343795984505827157, -2.378550230707601187, -23.67210618141921330 ) ) ;
#3094 = CARTESIAN_POINT ( 'NONE',  ( -5.021731462593267636, 3.058171956758887866, -21.47721981097163280 ) ) ;
#3095 =( NAMED_UNIT ( * ) SI_UNIT ( $, .STERADIAN. ) SOLID_ANGLE_UNIT ( ) );
#3096 = MECHANICAL_DESIGN_GEOMETRIC_PRESENTATION_REPRESENTATION (  '', ( #7193 ), #66 ) ;
#3097 = DIRECTION ( 'NONE',  ( 0.3101224339511585715, -0.9506966266692068457, -0.0000000000000000000 ) ) ;
#3098 = SURFACE_SIDE_STYLE ('',( #963 ) ) ;
#3099 = COLOUR_RGB ( '',0.2509803921568627416, 0.2509803921568627416, 0.2509803921568627416 ) ;
#3100 = CARTESIAN_POINT ( 'NONE',  ( 6.106013773780163412, -2.736621280183200611, -19.44811019024292165 ) ) ;
#3101 =( NAMED_UNIT ( * ) SI_UNIT ( $, .STERADIAN. ) SOLID_ANGLE_UNIT ( ) );
#3102 = ORIENTED_EDGE ( 'NONE', *, *, #2715, .F. ) ;
#3103 = CARTESIAN_POINT ( 'NONE',  ( -6.272628950032838269, -2.071407810398004035, -23.04167277309457518 ) ) ;
#3104 = AXIS2_PLACEMENT_3D ( 'NONE', #3032, #5750, #7938 ) ;
#3105 = VERTEX_POINT ( 'NONE', #2314 ) ;
#3106 = STYLED_ITEM ( 'NONE', ( #1683 ), #7503 ) ;
#3107 = CARTESIAN_POINT ( 'NONE',  ( 1.084723093520666648, 3.160584408561544656, -23.73029290339644604 ) ) ;
#3108 = CARTESIAN_POINT ( 'NONE',  ( -1.279002806386358770, 3.206160996101216742, -23.51942546254669608 ) ) ;
#3109 = EDGE_CURVE ( 'NONE', #8501, #2133, #7496, .T. ) ;
#3110 = FILL_AREA_STYLE ('',( #7384 ) ) ;
#3111 = CARTESIAN_POINT ( 'NONE',  ( 6.050000000000007816, -2.744927974232791890, 0.9437742251701406460 ) ) ;
#3112 = FILL_AREA_STYLE_COLOUR ( '', #1162 ) ;
#3113 = SURFACE_STYLE_FILL_AREA ( #2349 ) ;
#3114 = UNCERTAINTY_MEASURE_WITH_UNIT (LENGTH_MEASURE( 1.000000000000000082E-05 ), #3328, 'distance_accuracy_value', 'NONE');
#3115 = CARTESIAN_POINT ( 'NONE',  ( 0.09838106888686055929, -3.345675247047905199, -23.51783859791073539 ) ) ;
#3116 = VERTEX_POINT ( 'NONE', #5206 ) ;
#3117 = FILL_AREA_STYLE ('',( #8062 ) ) ;
#3118 = CARTESIAN_POINT ( 'NONE',  ( 6.316880380456845856, 1.545372432545164987, -21.13504304365478248 ) ) ;
#3119 = B_SPLINE_CURVE_WITH_KNOTS ( 'NONE', 3,
 ( #9127, #4104, #422, #5548 ),
 .UNSPECIFIED., .F., .F.,
 ( 4, 4 ),
 ( 0.0000000000000000000, 0.9999995507738433931 ),
 .UNSPECIFIED. ) ;
#3120 = SURFACE_STYLE_FILL_AREA ( #7919 ) ;
#3121 =( BOUNDED_SURFACE ( )  B_SPLINE_SURFACE ( 3, 3, ( 
 ( #3513, #7726, #2040, #1188 ),
 ( #3469, #2797, #4081, #5697 ),
 ( #6988, #7032, #6413, #8632 ),
 ( #2751, #5612, #1276, #9332 ) ),
 .UNSPECIFIED., .F., .F., .F. ) 
 B_SPLINE_SURFACE_WITH_KNOTS ( ( 4, 4 ),
 ( 4, 4 ),
 ( 0.0000000000000000000, 1.000000000000000000 ),
 ( 0.0000000000000000000, 1.000000000000000000 ),
 .UNSPECIFIED. ) 
 GEOMETRIC_REPRESENTATION_ITEM ( )  RATIONAL_B_SPLINE_SURFACE ( (
 ( 1.000000000000000000, 0.5423444637547522040, 0.5423444637547522040, 1.000000000000000000),
 ( 0.9999746153761140954, 0.5423306965445231498, 0.5423306965445231498, 0.9999746153761140954),
 ( 0.9999746153761140954, 0.5423306965445231498, 0.5423306965445231498, 0.9999746153761140954),
 ( 1.000000000000000000, 0.5423444637547522040, 0.5423444637547522040, 1.000000000000000000) ) ) 
 REPRESENTATION_ITEM ( '' )  SURFACE ( )  );
#3122 = PRESENTATION_LAYER_ASSIGNMENT (  '', '', ( #6002 ) ) ;
#3123 = VERTEX_POINT ( 'NONE', #8116 ) ;
#3124 = ADVANCED_FACE ( 'NONE', ( #1598 ), #8033, .T. ) ;
#3125 = CARTESIAN_POINT ( 'NONE',  ( -3.235709046106467035, -0.7070579060184493114, -25.19649710633107631 ) ) ;
#3126 = ADVANCED_FACE ( 'NONE', ( #4876 ), #1084, .F. ) ;
#3127 = DIRECTION ( 'NONE',  ( 1.000000000000000000, -1.672957273954558210E-16, 0.0000000000000000000 ) ) ;
#3128 = CARTESIAN_POINT ( 'NONE',  ( -1.755541667288230467, 4.282270775395513596, -28.10000000000000853 ) ) ;
#3129 = CARTESIAN_POINT ( 'NONE',  ( -2.826775610078679168, 0.9499999999999997335, -29.50000000000000355 ) ) ;
#3130 = AXIS2_PLACEMENT_3D ( 'NONE', #8244, #4618, #8971 ) ;
#3131 = STYLED_ITEM ( 'NONE', ( #8212 ), #3087 ) ;
#3132 = LINE ( 'NONE', #2415, #577 ) ;
#3133 = DIRECTION ( 'NONE',  ( -0.01765330299756508875, -6.177777068989203048E-15, -0.9998441683048795436 ) ) ;
#3134 = PRESENTATION_STYLE_ASSIGNMENT (( #253 ) ) ;
#3135 = CARTESIAN_POINT ( 'NONE',  ( 3.143846215207052097, -1.137811798889361681, -23.61392288325937017 ) ) ;
#3136 = ORIENTED_EDGE ( 'NONE', *, *, #1403, .F. ) ;
#3137 = CARTESIAN_POINT ( 'NONE',  ( -2.919170760955931421, -0.8866967789443233050, -26.75000000000000711 ) ) ;
#3138 =( NAMED_UNIT ( * ) PLANE_ANGLE_UNIT ( ) SI_UNIT ( $, .RADIAN. ) );
#3139 = ORIENTED_EDGE ( 'NONE', *, *, #8484, .T. ) ;
#3140 = CARTESIAN_POINT ( 'NONE',  ( -3.140982145058901498, 0.7691197301693105670, -29.69704610067334372 ) ) ;
#3141 = STYLED_ITEM ( 'NONE', ( #6412 ), #3467 ) ;
#3142 = AXIS2_PLACEMENT_3D ( 'NONE', #5116, #2918, #26 ) ;
#3143 = CARTESIAN_POINT ( 'NONE',  ( 6.077154094062270140, -2.795974050267515665, -22.82306302159658884 ) ) ;
#3144 = CARTESIAN_POINT ( 'NONE',  ( -1.568439464908946368, 2.985923014984530610, -2.168404344971008868E-16 ) ) ;
#3145 = CARTESIAN_POINT ( 'NONE',  ( 2.826775610078682721, 0.9500000000000008438, -29.75000000000000000 ) ) ;
#3146 = CARTESIAN_POINT ( 'NONE',  ( -3.216396546245714916, 0.5483893032928072175, -28.08895497933277952 ) ) ;
#3147 = CARTESIAN_POINT ( 'NONE',  ( 1.861692529204637125, 3.060240855352717393, -23.45982436663733495 ) ) ;
#3148 = ORIENTED_EDGE ( 'NONE', *, *, #7293, .F. ) ;
#3149 = VECTOR ( 'NONE', #7590, 1000.000000000000000 ) ;
#3150 = CARTESIAN_POINT ( 'NONE',  ( 6.336395963635951922, 1.568269230615335852, -21.29116770908763101 ) ) ;
#3151 = CARTESIAN_POINT ( 'NONE',  ( -6.168977661208991492, 2.730789286447423247, -22.81024044841226583 ) ) ;
#3152 = EDGE_CURVE ( 'NONE', #2133, #3765, #3699, .T. ) ;
#3153 = CARTESIAN_POINT ( 'NONE',  ( 4.741856460906237025, 2.888676873037204551, -19.30960607446512611 ) ) ;
#3154 = CARTESIAN_POINT ( 'NONE',  ( -2.984275919609483907, 0.8219868212766958671, -25.37544128308730507 ) ) ;
#3155 = FILL_AREA_STYLE ('',( #917 ) ) ;
#3156 = PRESENTATION_STYLE_ASSIGNMENT (( #276 ) ) ;
#3157 = CARTESIAN_POINT ( 'NONE',  ( -3.276049450176239830, 0.6999999999999995115, -28.10000000000000497 ) ) ;
#3158 = ORIENTED_EDGE ( 'NONE', *, *, #8537, .T. ) ;
#3159 = CARTESIAN_POINT ( 'NONE',  ( -5.742115896861649915, -2.548796112926889901, -0.2500000000000062728 ) ) ;
#3160 = CARTESIAN_POINT ( 'NONE',  ( -6.066624623944773198, -2.517950110880386116, -23.07143458969170524 ) ) ;
#3161 = ORIENTED_EDGE ( 'NONE', *, *, #3520, .F. ) ;
#3162 = CARTESIAN_POINT ( 'NONE',  ( 1.861692450871408333, 3.060240854080384487, -23.45982257102798130 ) ) ;
#3163 = CARTESIAN_POINT ( 'NONE',  ( -3.093559992256414759, 0.9536679222214584639, -29.51993957349645825 ) ) ;
#3164 = DIRECTION ( 'NONE',  ( 0.3716589583821411358, -0.9283693331074124311, 0.0000000000000000000 ) ) ;
#3165 = SURFACE_STYLE_FILL_AREA ( #6869 ) ;
#3166 = CARTESIAN_POINT ( 'NONE',  ( 1.979898987322333603, 0.6999999999999998446, -26.50000000000000355 ) ) ;
#3167 =( LENGTH_UNIT ( ) NAMED_UNIT ( * ) SI_UNIT ( .MILLI., .METRE. ) );
#3168 = CARTESIAN_POINT ( 'NONE',  ( -1.152446299530769824, -3.135934218687575381, -23.58949594949250184 ) ) ;
#3169 = ORIENTED_EDGE ( 'NONE', *, *, #1557, .T. ) ;
#3170 = ADVANCED_FACE ( 'NONE', ( #432 ), #160, .T. ) ;
#3171 = CARTESIAN_POINT ( 'NONE',  ( 0.0000000000000000000, 0.0000000000000000000, -27.00000000000000355 ) ) ;
#3172 = CARTESIAN_POINT ( 'NONE',  ( 1.241898298753208785, 3.097668276133598297, -23.72510330486154473 ) ) ;
#3173 = FILL_AREA_STYLE ('',( #187 ) ) ;
#3174 = COLOUR_RGB ( '',0.2509803921568627416, 0.2509803921568627416, 0.2509803921568627416 ) ;
#3175 = B_SPLINE_CURVE_WITH_KNOTS ( 'NONE', 3,
 ( #304, #199, #5974, #8269, #1800, #943 ),
 .UNSPECIFIED., .F., .F.,
 ( 4, 2, 4 ),
 ( 0.0000000000000000000, 0.5000000000000000000, 1.000000000000000000 ),
 .UNSPECIFIED. ) ;
#3176 = EDGE_LOOP ( 'NONE', ( #8650, #2478, #5024, #4649 ) ) ;
#3177 = CARTESIAN_POINT ( 'NONE',  ( -3.190683794342723090, -0.8945768770416313576, -25.11589636689254235 ) ) ;
#3178 = FILL_AREA_STYLE ('',( #5968 ) ) ;
#3179 = SURFACE_STYLE_USAGE ( .BOTH. , #302 ) ;
#3180 = CARTESIAN_POINT ( 'NONE',  ( 3.252572334975010193, 0.4870147112371850384, -26.50436289858549799 ) ) ;
#3181 = AXIS2_PLACEMENT_3D ( 'NONE', #4393, #2967, #7297 ) ;
#3182 = CARTESIAN_POINT ( 'NONE',  ( -1.241898298742483142, 3.097668276146434252, -23.72510330440770687 ) ) ;
#3183 = CARTESIAN_POINT ( 'NONE',  ( 5.370712306707064343, -2.768282832793230952, -23.16478234981109807 ) ) ;
#3184 = CARTESIAN_POINT ( 'NONE',  ( 5.470356499468944200, -2.444872419920697926, -3.144186300207969958E-15 ) ) ;
#3185 = EDGE_CURVE ( 'NONE', #5666, #8248, #6493, .T. ) ;
#3186 = ADVANCED_FACE ( 'NONE', ( #7866 ), #5643, .F. ) ;
#3187 = CARTESIAN_POINT ( 'NONE',  ( 1.265088804160818592, -3.331551573990946924, -23.44939137582360189 ) ) ;
#3188 =( LENGTH_UNIT ( ) NAMED_UNIT ( * ) SI_UNIT ( .MILLI., .METRE. ) );
#3189 = ORIENTED_EDGE ( 'NONE', *, *, #2658, .T. ) ;
#3190 = CARTESIAN_POINT ( 'NONE',  ( -3.182332938142927503, -0.6999999999996097122, -28.65376030156130582 ) ) ;
#3191 = CARTESIAN_POINT ( 'NONE',  ( 4.741856460906247683, -2.888676873037208104, -19.30960607446512256 ) ) ;
#3192 = VERTEX_POINT ( 'NONE', #1452 ) ;
#3193 = CARTESIAN_POINT ( 'NONE',  ( -3.086370660899297569, 0.9622163358623140317, -29.75434449769080558 ) ) ;
#3194 = CARTESIAN_POINT ( 'NONE',  ( -2.826775610078679613, 0.9499999999999998446, -29.50000000000000355 ) ) ;
#3195 = CARTESIAN_POINT ( 'NONE',  ( 6.365399093942115449, -2.551590613559667542, -23.02851459210957685 ) ) ;
#3196 = CARTESIAN_POINT ( 'NONE',  ( -4.686546425784775316, 2.643259330195588230, -2.168404344971008868E-16 ) ) ;
#3197 = CARTESIAN_POINT ( 'NONE',  ( -3.035766082959412415E-15, -40.00249999999994088, -20.22822021129186254 ) ) ;
#3198 = CARTESIAN_POINT ( 'NONE',  ( -3.121157373944542179, 0.9493662539250907750, -28.08106492837555734 ) ) ;
#3199 = ORIENTED_EDGE ( 'NONE', *, *, #5265, .T. ) ;
#3200 = CARTESIAN_POINT ( 'NONE',  ( 6.049999999999997158, -2.744927974232799883, -18.87548450340289108 ) ) ;
#3201 = SURFACE_SIDE_STYLE ('',( #6752 ) ) ;
#3202 = CARTESIAN_POINT ( 'NONE',  ( -1.872388150728019562, 3.309548376258903968, -23.45936070531320539 ) ) ;
#3203 = CARTESIAN_POINT ( 'NONE',  ( 1.979898987322333603, -0.6999999999999997335, -25.35000000000000497 ) ) ;
#3204 = STYLED_ITEM ( 'NONE', ( #1912 ), #5854 ) ;
#3205 = ORIENTED_EDGE ( 'NONE', *, *, #4631, .T. ) ;
#3206 = CARTESIAN_POINT ( 'NONE',  ( -5.864801306505318834, -2.411131113827887251, -0.2499999999999963085 ) ) ;
#3207 = CIRCLE ( 'NONE', #5326, 0.2500000000000003331 ) ;
#3208 =( GEOMETRIC_REPRESENTATION_CONTEXT ( 3 ) GLOBAL_UNCERTAINTY_ASSIGNED_CONTEXT ( ( #6669 ) ) GLOBAL_UNIT_ASSIGNED_CONTEXT ( ( #370, #5622, #2720 ) ) REPRESENTATION_CONTEXT ( 'NONE', 'WORKASPACE' ) );
#3209 =( NAMED_UNIT ( * ) PLANE_ANGLE_UNIT ( ) SI_UNIT ( $, .RADIAN. ) );
#3210 = VERTEX_POINT ( 'NONE', #5064 ) ;
#3211 =( NAMED_UNIT ( * ) SI_UNIT ( $, .STERADIAN. ) SOLID_ANGLE_UNIT ( ) );
#3212 =( NAMED_UNIT ( * ) SI_UNIT ( $, .STERADIAN. ) SOLID_ANGLE_UNIT ( ) );
#3213 = CARTESIAN_POINT ( 'NONE',  ( 5.800000000000004263, -1.400739683024801341, -7.860465750519907147E-16 ) ) ;
#3214 = AXIS2_PLACEMENT_3D ( 'NONE', #8155, #2498, #3217 ) ;
#3215 = COLOUR_RGB ( '',0.2509803921568627416, 0.2509803921568627416, 0.2509803921568627416 ) ;
#3216 = CARTESIAN_POINT ( 'NONE',  ( 3.063751019710968304, 1.029640788730452172, -29.75000000000000355 ) ) ;
#3217 = DIRECTION ( 'NONE',  ( -1.000000000000000000, 0.0000000000000000000, 0.0000000000000000000 ) ) ;
#3218 = CARTESIAN_POINT ( 'NONE',  ( -0.8816076209626809712, -3.289214229846879167, -23.53583641877334642 ) ) ;
#3219 = SURFACE_STYLE_USAGE ( .BOTH. , #8393 ) ;
#3220 = CARTESIAN_POINT ( 'NONE',  ( 1.701697374934250551, -3.450082359384039066, -21.47721981097154398 ) ) ;
#3221 = DIRECTION ( 'NONE',  ( 1.000000000000000000, 0.0000000000000000000, -0.0000000000000000000 ) ) ;
#3222 = CIRCLE ( 'NONE', #3657, 0.2500000000000013323 ) ;
#3223 = CARTESIAN_POINT ( 'NONE',  ( 6.248658202818154095, -2.128772556919291681, -20.95899905315103595 ) ) ;
#3224 = CLOSED_SHELL ( 'NONE', ( #6310, #6588, #2193, #3355, #6538, #5591, #3993, #1593, #8514, #4156, #3064, #9013 ) ) ;
#3225 = CARTESIAN_POINT ( 'NONE',  ( 6.196979361944999987, 2.338699309179667729, -23.05272299185830676 ) ) ;
#3226 = ORIENTED_EDGE ( 'NONE', *, *, #3837, .F. ) ;
#3227 =( LENGTH_UNIT ( ) NAMED_UNIT ( * ) SI_UNIT ( .MILLI., .METRE. ) );
#3228 = CARTESIAN_POINT ( 'NONE',  ( 4.101469770650693292, 2.921059327902745029, -23.31917604421572321 ) ) ;
#3229 = SURFACE_STYLE_USAGE ( .BOTH. , #6834 ) ;
#3230 = CARTESIAN_POINT ( 'NONE',  ( 3.098973170845569669, 1.028752842306053461, -27.85436310159641593 ) ) ;
#3231 = SURFACE_STYLE_USAGE ( .BOTH. , #6836 ) ;
#3232 = AXIS2_PLACEMENT_3D ( 'NONE', #8688, #1481, #2817 ) ;
#3233 = CARTESIAN_POINT ( 'NONE',  ( 0.0000000000000000000, -0.9499999999999997335, -26.75000000000000355 ) ) ;
#3234 = CARTESIAN_POINT ( 'NONE',  ( 2.861741315536934227, -0.9499999999999995115, -28.10000000000000497 ) ) ;
#3235 = CARTESIAN_POINT ( 'NONE',  ( 1.834566862260827103, 2.808260586257118607, -23.70171970444373599 ) ) ;
#3236 = ORIENTED_EDGE ( 'NONE', *, *, #1026, .F. ) ;
#3237 =( NAMED_UNIT ( * ) SI_UNIT ( $, .STERADIAN. ) SOLID_ANGLE_UNIT ( ) );
#3238 = ORIENTED_EDGE ( 'NONE', *, *, #4507, .F. ) ;
#3239 = STYLED_ITEM ( 'NONE', ( #3680 ), #862 ) ;
#3240 = EDGE_CURVE ( 'NONE', #6938, #3425, #5838, .T. ) ;
#3241 =( BOUNDED_SURFACE ( )  B_SPLINE_SURFACE ( 2, 3, ( 
 ( #1574, #163, #60, #8822 ),
 ( #2947, #2905, #2991, #110 ),
 ( #1531, #7992, #3040, #8736 ) ),
 .UNSPECIFIED., .F., .F., .T. ) 
 B_SPLINE_SURFACE_WITH_KNOTS ( ( 3, 3 ),
 ( 4, 4 ),
 ( 0.0000000000000000000, 1.000000000000000000 ),
 ( 0.0000000000000000000, 0.001113008087238891424 ),
 .UNSPECIFIED. ) 
 GEOMETRIC_REPRESENTATION_ITEM ( )  RATIONAL_B_SPLINE_SURFACE ( (
 ( 1.000000000000000000, 1.000000000000000000, 1.000000000000000000, 1.000000000000000000),
 ( 1.514957848099245830, 1.508693471630653704, 1.500752297732431462, 1.491155899116284100),
 ( 1.000000000000000000, 1.000000000000000000, 1.000000000000000000, 1.000000000000000000) ) ) 
 REPRESENTATION_ITEM ( '' )  SURFACE ( )  );
#3242 = SURFACE_STYLE_FILL_AREA ( #2376 ) ;
#3243 =( GEOMETRIC_REPRESENTATION_CONTEXT ( 3 ) GLOBAL_UNCERTAINTY_ASSIGNED_CONTEXT ( ( #1415 ) ) GLOBAL_UNIT_ASSIGNED_CONTEXT ( ( #2173, #7207, #2697 ) ) REPRESENTATION_CONTEXT ( 'NONE', 'WORKASPACE' ) );
#3244 =( NAMED_UNIT ( * ) PLANE_ANGLE_UNIT ( ) SI_UNIT ( $, .RADIAN. ) );
#3245 = ORIENTED_EDGE ( 'NONE', *, *, #3441, .F. ) ;
#3246 = CARTESIAN_POINT ( 'NONE',  ( -2.861741315536934227, 0.9499999999999995115, -28.10000000000000497 ) ) ;
#3247 = CARTESIAN_POINT ( 'NONE',  ( -1.904079279032715233, 0.8883992034755759937, -26.75000000000000711 ) ) ;
#3248 = LINE ( 'NONE', #6157, #6717 ) ;
#3249 = EDGE_CURVE ( 'NONE', #6738, #5790, #1776, .T. ) ;
#3250 = DIRECTION ( 'NONE',  ( 1.000000000000000000, -1.672957273954558210E-16, 0.0000000000000000000 ) ) ;
#3251 = VECTOR ( 'NONE', #427, 1000.000000000000000 ) ;
#3252 =( GEOMETRIC_REPRESENTATION_CONTEXT ( 3 ) GLOBAL_UNCERTAINTY_ASSIGNED_CONTEXT ( ( #725 ) ) GLOBAL_UNIT_ASSIGNED_CONTEXT ( ( #1077, #6828, #425 ) ) REPRESENTATION_CONTEXT ( 'NONE', 'WORKASPACE' ) );
#3253 = CARTESIAN_POINT ( 'NONE',  ( 2.826775610078679613, -0.9499999999999996225, -29.50000000000000355 ) ) ;
#3254 = CARTESIAN_POINT ( 'NONE',  ( -1.279002806387931290, -3.206160996100413385, -23.51942546254711175 ) ) ;
#3255 = CARTESIAN_POINT ( 'NONE',  ( 3.227987692823387711, 0.7499955811313215870, -25.15565212299075881 ) ) ;
#3256 = ORIENTED_EDGE ( 'NONE', *, *, #1152, .F. ) ;
#3257 = PRESENTATION_STYLE_ASSIGNMENT (( #3665 ) ) ;
#3258 = AXIS2_PLACEMENT_3D ( 'NONE', #487, #2097, #4895 ) ;
#3259 = ORIENTED_EDGE ( 'NONE', *, *, #9196, .T. ) ;
#3260 = CARTESIAN_POINT ( 'NONE',  ( -6.182933570743216478, 2.364581469110181189, -23.05475479171551001 ) ) ;
#3261 =( NAMED_UNIT ( * ) PLANE_ANGLE_UNIT ( ) SI_UNIT ( $, .RADIAN. ) );
#3262 = PRESENTATION_LAYER_ASSIGNMENT (  '', '', ( #1578 ) ) ;
#3263 = CARTESIAN_POINT ( 'NONE',  ( 6.003788551827819120, -2.017187963659039962, -0.2500000000000021094 ) ) ;
#3264 = COLOUR_RGB ( '',0.2509803921568627416, 0.2509803921568627416, 0.2509803921568627416 ) ;
#3265 = CARTESIAN_POINT ( 'NONE',  ( 0.0000000000000000000, -0.9499999999999996225, -28.10000000000000497 ) ) ;
#3266 = COLOUR_RGB ( '',0.2509803921568627416, 0.2509803921568627416, 0.2509803921568627416 ) ;
#3267 = ORIENTED_EDGE ( 'NONE', *, *, #4845, .F. ) ;
#3268 = CARTESIAN_POINT ( 'NONE',  ( -2.925000000000000711, 1.224999999999998757, 0.0000000000000000000 ) ) ;
#3269 =( BOUNDED_SURFACE ( )  B_SPLINE_SURFACE ( 3, 3, ( 
 ( #260, #1056, #4553, #3088 ),
 ( #5370, #314, #7511, #2524 ),
 ( #1004, #6098, #2473, #3798 ),
 ( #3196, #3144, #1098, #1811 ) ),
 .UNSPECIFIED., .F., .F., .T. ) 
 B_SPLINE_SURFACE_WITH_KNOTS ( ( 4, 4 ),
 ( 4, 4 ),
 ( 0.0000000000000000000, 1.000000000000000000 ),
 ( 0.0000000000000000000, 1.000000000000000000 ),
 .UNSPECIFIED. ) 
 GEOMETRIC_REPRESENTATION_ITEM ( )  RATIONAL_B_SPLINE_SURFACE ( (
 ( 1.000000000000000000, 0.9960104784910838172, 0.9960104784910838172, 1.000000000000000000),
 ( 0.8047378541243649375, 0.8015273351462967044, 0.8015273351462967044, 0.8047378541243649375),
 ( 0.8047378541243649375, 0.8015273351462967044, 0.8015273351462967044, 0.8047378541243649375),
 ( 1.000000000000000000, 0.9960104784910838172, 0.9960104784910838172, 1.000000000000000000) ) ) 
 REPRESENTATION_ITEM ( '' )  SURFACE ( )  );
#3270 =( LENGTH_UNIT ( ) NAMED_UNIT ( * ) SI_UNIT ( .MILLI., .METRE. ) );
#3271 = SURFACE_STYLE_USAGE ( .BOTH. , #4916 ) ;
#3272 = FACE_OUTER_BOUND ( 'NONE', #7829, .T. ) ;
#3273 = CARTESIAN_POINT ( 'NONE',  ( 4.992950293751204249, -2.960847196383306290, -20.85271996550762807 ) ) ;
#3274 = VECTOR ( 'NONE', #990, 1000.000000000000000 ) ;
#3275 = MECHANICAL_DESIGN_GEOMETRIC_PRESENTATION_REPRESENTATION (  '', ( #4169 ), #4306 ) ;
#3276 = CARTESIAN_POINT ( 'NONE',  ( -6.272448303477575315, 1.432916833145385871, -20.77958642782062526 ) ) ;
#3277 =( NAMED_UNIT ( * ) SI_UNIT ( $, .STERADIAN. ) SOLID_ANGLE_UNIT ( ) );
#3278 = FILL_AREA_STYLE ('',( #196 ) ) ;
#3279 =( LENGTH_UNIT ( ) NAMED_UNIT ( * ) SI_UNIT ( .MILLI., .METRE. ) );
#3280 = DIRECTION ( 'NONE',  ( -1.000000000000000000, 0.0000000000000000000, 0.0000000000000000000 ) ) ;
#3281 = PRESENTATION_STYLE_ASSIGNMENT (( #997 ) ) ;
#3282 = VERTEX_POINT ( 'NONE', #7965 ) ;
#3283 = LINE ( 'NONE', #9049, #1934 ) ;
#3284 = CARTESIAN_POINT ( 'NONE',  ( 6.065444246572656795, -1.397765045509372417, -19.12355397258126288 ) ) ;
#3285 = CARTESIAN_POINT ( 'NONE',  ( -0.2716513237765274535, -3.328595073838512608, -23.59570896224122905 ) ) ;
#3286 = ORIENTED_EDGE ( 'NONE', *, *, #2087, .T. ) ;
#3287 = CARTESIAN_POINT ( 'NONE',  ( 6.192628561394394104, -2.344956150412342843, -23.05335007760546873 ) ) ;
#3288 =( GEOMETRIC_REPRESENTATION_CONTEXT ( 3 ) GLOBAL_UNCERTAINTY_ASSIGNED_CONTEXT ( ( #3314 ) ) GLOBAL_UNIT_ASSIGNED_CONTEXT ( ( #6143, #6685, #4647 ) ) REPRESENTATION_CONTEXT ( 'NONE', 'WORKASPACE' ) );
#3289 = CARTESIAN_POINT ( 'NONE',  ( 6.266987269454517673, -2.111984589797638812, -23.04250289670694940 ) ) ;
#3290 = DIRECTION ( 'NONE',  ( 1.369518533665900312E-16, 0.0000000000000000000, 1.000000000000000000 ) ) ;
#3291 = ORIENTED_EDGE ( 'NONE', *, *, #8512, .F. ) ;
#3292 = ADVANCED_FACE ( 'NONE', ( #288 ), #8840, .F. ) ;
#3293 = CARTESIAN_POINT ( 'NONE',  ( 6.413551386278999011, 2.893458392265218837, -21.90841109022781907 ) ) ;
#3294 = MECHANICAL_DESIGN_GEOMETRIC_PRESENTATION_REPRESENTATION (  '', ( #6181 ), #4489 ) ;
#3295 =( LENGTH_UNIT ( ) NAMED_UNIT ( * ) SI_UNIT ( .MILLI., .METRE. ) );
#3296 = PRESENTATION_STYLE_ASSIGNMENT (( #5527 ) ) ;
#3297 = CARTESIAN_POINT ( 'NONE',  ( 6.049999999999998046, 1.400739683024808446, -18.87548450340289108 ) ) ;
#3298 = B_SPLINE_CURVE_WITH_KNOTS ( 'NONE', 3,
 ( #6281, #9153, #8548, #534 ),
 .UNSPECIFIED., .F., .F.,
 ( 4, 4 ),
 ( 9.040629885703316851E-07, 0.9999995780323801542 ),
 .UNSPECIFIED. ) ;
#3299 = AXIS2_PLACEMENT_3D ( 'NONE', #1513, #1411, #4208 ) ;
#3300 = PRESENTATION_LAYER_ASSIGNMENT (  '', '', ( #3734 ) ) ;
#3301 = CARTESIAN_POINT ( 'NONE',  ( 3.159207711084827341, -0.7378373905867023907, -29.40469169443627706 ) ) ;
#3302 = CARTESIAN_POINT ( 'NONE',  ( 1.675003155473820726, -3.113848058033713340, -23.46788425806243339 ) ) ;
#3303 = FACE_OUTER_BOUND ( 'NONE', #6363, .T. ) ;
#3304 = VERTEX_POINT ( 'NONE', #1686 ) ;
#3305 = EDGE_CURVE ( 'NONE', #2261, #7377, #1984, .T. ) ;
#3306 = CARTESIAN_POINT ( 'NONE',  ( -6.004049352587636612, -2.015768219899643388, -0.2500000000000016653 ) ) ;
#3307 = EDGE_CURVE ( 'NONE', #2430, #1508, #978, .T. ) ;
#3308 = ORIENTED_EDGE ( 'NONE', *, *, #7698, .F. ) ;
#3309 = STYLED_ITEM ( 'NONE', ( #9283 ), #9182 ) ;
#3310 = AXIS2_PLACEMENT_3D ( 'NONE', #1530, #4419, #108 ) ;
#3311 = CARTESIAN_POINT ( 'NONE',  ( 6.050000000000008704, -1.400739683024801785, -3.144186300207966803E-15 ) ) ;
#3312 = UNCERTAINTY_MEASURE_WITH_UNIT (LENGTH_MEASURE( 1.000000000000000082E-05 ), #2732, 'distance_accuracy_value', 'NONE');
#3313 = CARTESIAN_POINT ( 'NONE',  ( -5.929753470790207537, -2.882967733846851122, -23.09082973312723652 ) ) ;
#3314 = UNCERTAINTY_MEASURE_WITH_UNIT (LENGTH_MEASURE( 1.000000000000000082E-05 ), #6143, 'distance_accuracy_value', 'NONE');
#3315 = CARTESIAN_POINT ( 'NONE',  ( -3.114765733250399737, -1.028379173908033684, -27.00000000000000355 ) ) ;
#3316 = VECTOR ( 'NONE', #2231, 1000.000000000000000 ) ;
#3317 = CARTESIAN_POINT ( 'NONE',  ( -3.063738988571208299, 1.029636745401816267, -29.75290886364105702 ) ) ;
#3318 = ORIENTED_EDGE ( 'NONE', *, *, #7880, .T. ) ;
#3319 = CARTESIAN_POINT ( 'NONE',  ( -5.800000000000008704, -1.400739683024801341, -2.195509399283146479E-15 ) ) ;
#3320 = CARTESIAN_POINT ( 'NONE',  ( -1.697821304078448224, -3.349849575908850241, -20.85272001113170504 ) ) ;
#3321 = CARTESIAN_POINT ( 'NONE',  ( -3.100385616021496205, -7.593754641566438475E-16, -31.50000000000000000 ) ) ;
#3322 = CARTESIAN_POINT ( 'NONE',  ( -2.979835935329300245, -3.012457092782364843, -23.41153848054428011 ) ) ;
#3323 = CARTESIAN_POINT ( 'NONE',  ( 3.114729576739863948, -1.028367236380262284, -27.00436310158911724 ) ) ;
#3324 = CARTESIAN_POINT ( 'NONE',  ( 4.713855710941725619, -2.891763259629743565, -18.87548450340289818 ) ) ;
#3325 =( BOUNDED_CURVE ( )  B_SPLINE_CURVE ( 3, ( #6631, #8161, #4350, #4397 ),
 .UNSPECIFIED., .F., .T. ) 
 B_SPLINE_CURVE_WITH_KNOTS ( ( 4, 4 ),
 ( 0.0000000000000000000, 1.000000000000000000 ),
 .UNSPECIFIED. ) 
 CURVE ( )  GEOMETRIC_REPRESENTATION_ITEM ( )  RATIONAL_B_SPLINE_CURVE ( ( 1.000000000000000000, 0.3333333333333333703, 0.3333333333333333703, 1.000000000000000000 ) ) 
 REPRESENTATION_ITEM ( '' )  );
#3326 = FILL_AREA_STYLE_COLOUR ( '', #8435 ) ;
#3327 = DIRECTION ( 'NONE',  ( -0.9998442813215964176, 0.0000000000000000000, -0.01764690081856865392 ) ) ;
#3328 =( LENGTH_UNIT ( ) NAMED_UNIT ( * ) SI_UNIT ( .MILLI., .METRE. ) );
#3329 = EDGE_CURVE ( 'NONE', #373, #6548, #3058, .T. ) ;
#3330 = SURFACE_SIDE_STYLE ('',( #3582 ) ) ;
#3331 = CARTESIAN_POINT ( 'NONE',  ( -3.214550653809654435, -0.4874774249070336074, -28.65436310723547564 ) ) ;
#3332 = CARTESIAN_POINT ( 'NONE',  ( -1.084879005373414751, 3.262929031918867739, -23.52607095757259614 ) ) ;
#3333 = CARTESIAN_POINT ( 'NONE',  ( -0.6362705469087298615, -3.277181636417173749, -23.66589248150875946 ) ) ;
#3334 = ORIENTED_EDGE ( 'NONE', *, *, #8967, .F. ) ;
#3335 = SURFACE_STYLE_USAGE ( .BOTH. , #6939 ) ;
#3336 = PRESENTATION_STYLE_ASSIGNMENT (( #2616 ) ) ;
#3337 = CARTESIAN_POINT ( 'NONE',  ( -2.954441427592495284, -0.6999999999999999556, -29.31738445411672700 ) ) ;
#3338 =( NAMED_UNIT ( * ) PLANE_ANGLE_UNIT ( ) SI_UNIT ( $, .RADIAN. ) );
#3339 = VERTEX_POINT ( 'NONE', #3726 ) ;
#3340 = STYLED_ITEM ( 'NONE', ( #5225 ), #5204 ) ;
#3341 = CARTESIAN_POINT ( 'NONE',  ( -3.105647789982485474, -0.8984543137396764356, -29.74362071855056300 ) ) ;
#3342 = CARTESIAN_POINT ( 'NONE',  ( -6.108369774761020388, 2.791451757182930482, -23.06569659755091095 ) ) ;
#3343 = PRODUCT_DEFINITION_FORMATION_WITH_SPECIFIED_SOURCE ( 'ANY', '', #6223, .NOT_KNOWN. ) ;
#3344 = CARTESIAN_POINT ( 'NONE',  ( -3.268484528816633095, 0.4868243463146753602, -25.60436310160932649 ) ) ;
#3345 = SURFACE_STYLE_FILL_AREA ( #5583 ) ;
#3346 = CARTESIAN_POINT ( 'NONE',  ( 4.741856460906247683, -2.888676873037208104, -19.30960607446512256 ) ) ;
#3347 = ORIENTED_EDGE ( 'NONE', *, *, #2013, .T. ) ;
#3348 = CARTESIAN_POINT ( 'NONE',  ( -5.321510065570087100, -2.778506212586691948, -0.2500000000000139888 ) ) ;
#3349 = EDGE_LOOP ( 'NONE', ( #340, #3926, #3102, #7242 ) ) ;
#3350 = FILL_AREA_STYLE ('',( #3863 ) ) ;
#3351 = CARTESIAN_POINT ( 'NONE',  ( -4.121403298416398187, 3.168364245344333696, -23.31752082632855760 ) ) ;
#3352 = MECHANICAL_DESIGN_GEOMETRIC_PRESENTATION_REPRESENTATION (  '', ( #3204 ), #3208 ) ;
#3353 = UNCERTAINTY_MEASURE_WITH_UNIT (LENGTH_MEASURE( 1.000000000000000082E-05 ), #2703, 'distance_accuracy_value', 'NONE');
#3354 = ADVANCED_FACE ( 'NONE', ( #6625 ), #7916, .T. ) ;
#3355 = ADVANCED_FACE ( 'NONE', ( #3994, #1810 ), #4794, .F. ) ;
#3356 = CARTESIAN_POINT ( 'NONE',  ( -6.549983706502663594, -1.715191274283434320, -23.00070252997051412 ) ) ;
#3357 = CARTESIAN_POINT ( 'NONE',  ( -3.252572331385705340, -0.4870147112774182996, -26.50436310160932507 ) ) ;
#3358 = CARTESIAN_POINT ( 'NONE',  ( -2.224215204827537207, -2.494663935353881978, -23.67996276709444459 ) ) ;
#3359 = DIRECTION ( 'NONE',  ( 0.0000000000000000000, 0.0000000000000000000, -1.000000000000000000 ) ) ;
#3360 = CARTESIAN_POINT ( 'NONE',  ( -3.094903922266729612, -1.027401991294850880, -28.09999999999999787 ) ) ;
#3361 = CARTESIAN_POINT ( 'NONE',  ( -2.955957632331234652, -7.240008105699270393E-16, -31.50000000000000000 ) ) ;
#3362 =( LENGTH_UNIT ( ) NAMED_UNIT ( * ) SI_UNIT ( .MILLI., .METRE. ) );
#3363 = CARTESIAN_POINT ( 'NONE',  ( 6.212021377732495075, 2.726193426809089271, -23.05089017071015078 ) ) ;
#3364 = STYLED_ITEM ( 'NONE', ( #6082 ), #6310 ) ;
#3365 = EDGE_CURVE ( 'NONE', #4622, #5845, #1650, .T. ) ;
#3366 = FILL_AREA_STYLE_COLOUR ( '', #2671 ) ;
#3367 = CARTESIAN_POINT ( 'NONE',  ( -5.856275411138295084, 2.409734154545719154, -0.2500000000000052180 ) ) ;
#3368 = CARTESIAN_POINT ( 'NONE',  ( 0.0000000000000000000, 0.0000000000000000000, -27.85436310159639106 ) ) ;
#3369 = ORIENTED_EDGE ( 'NONE', *, *, #1461, .T. ) ;
#3370 = CARTESIAN_POINT ( 'NONE',  ( -6.240305437941733757, -2.719773072203100828, -20.52244350353323554 ) ) ;
#3371 = MECHANICAL_DESIGN_GEOMETRIC_PRESENTATION_REPRESENTATION (  '', ( #2907 ), #1241 ) ;
#3372 = FACE_OUTER_BOUND ( 'NONE', #7287, .T. ) ;
#3373 = CARTESIAN_POINT ( 'NONE',  ( -3.263180190663036218, -0.4868918374943503879, -25.90436308835014145 ) ) ;
#3374 = SURFACE_SIDE_STYLE ('',( #3560 ) ) ;
#3375 = CARTESIAN_POINT ( 'NONE',  ( -3.343620772657141416, -0.1642787850446293940, -23.37086093932772712 ) ) ;
#3376 = LINE ( 'NONE', #5572, #2903 ) ;
#3377 = ORIENTED_EDGE ( 'NONE', *, *, #6212, .F. ) ;
#3378 = FILL_AREA_STYLE ('',( #485 ) ) ;
#3379 = VECTOR ( 'NONE', #4744, 1000.000000000000114 ) ;
#3380 = CARTESIAN_POINT ( 'NONE',  ( 4.993047265035483129, 2.960834823798434989, -20.85271663322433611 ) ) ;
#3381 = COLOUR_RGB ( '',0.2509803921568627416, 0.2509803921568627416, 0.2509803921568627416 ) ;
#3382 = CARTESIAN_POINT ( 'NONE',  ( -3.219856693096560196, -0.4874122644376498448, -28.35436319653968340 ) ) ;
#3383 = CARTESIAN_POINT ( 'NONE',  ( -1.483265735387193862, 3.325182721875605818, -23.42555600730494092 ) ) ;
#3384 = CARTESIAN_POINT ( 'NONE',  ( -1.171070091768190994E-16, -0.7000000000000000666, -26.50000000000000355 ) ) ;
#3385 = CARTESIAN_POINT ( 'NONE',  ( 1.150751981623572062, -3.136602857526151311, -23.58990809822855184 ) ) ;
#3386 = LINE ( 'NONE', #2807, #5718 ) ;
#3387 = LINE ( 'NONE', #101, #6986 ) ;
#3388 = VERTEX_POINT ( 'NONE', #1275 ) ;
#3389 = DIRECTION ( 'NONE',  ( -1.000000000000000000, 0.0000000000000000000, 0.0000000000000000000 ) ) ;
#3390 =( NAMED_UNIT ( * ) SI_UNIT ( $, .STERADIAN. ) SOLID_ANGLE_UNIT ( ) );
#3391 = VERTEX_POINT ( 'NONE', #3422 ) ;
#3392 = CARTESIAN_POINT ( 'NONE',  ( -5.556029237506963092, 2.736321007728117927, -23.14101842175006851 ) ) ;
#3393 = CARTESIAN_POINT ( 'NONE',  ( 5.864783934251778241, 2.411147673139677483, -0.2499999999999866218 ) ) ;
#3394 = STYLED_ITEM ( 'NONE', ( #3668 ), #1089 ) ;
#3395 =( NAMED_UNIT ( * ) PLANE_ANGLE_UNIT ( ) SI_UNIT ( $, .RADIAN. ) );
#3396 = CARTESIAN_POINT ( 'NONE',  ( 5.984821385284950779, -2.110671471868385662, -3.860973161865798356E-14 ) ) ;
#3397 = UNCERTAINTY_MEASURE_WITH_UNIT (LENGTH_MEASURE( 1.000000000000000082E-05 ), #6083, 'distance_accuracy_value', 'NONE');
#3398 = CARTESIAN_POINT ( 'NONE',  ( -2.993209939743694648, -0.7282289282608644942, -26.63276822136446143 ) ) ;
#3399 = FILL_AREA_STYLE_COLOUR ( '', #5601 ) ;
#3400 = CARTESIAN_POINT ( 'NONE',  ( -1.691986144386639301, -3.349161339804138660, -20.85272001113169793 ) ) ;
#3401 = CARTESIAN_POINT ( 'NONE',  ( -3.144496259866537802, -0.8916209412843046911, -27.85436312645738255 ) ) ;
#3402 = CARTESIAN_POINT ( 'NONE',  ( -4.686546425784773540, -2.643259330195582457, -1.582935171828836474E-15 ) ) ;
#3403 =( NAMED_UNIT ( * ) SI_UNIT ( $, .STERADIAN. ) SOLID_ANGLE_UNIT ( ) );
#3404 = ADVANCED_FACE ( 'NONE', ( #3372 ), #6987, .F. ) ;
#3405 = CARTESIAN_POINT ( 'NONE',  ( 5.766014961662785154, 2.678940053854010017, -23.11311169798409537 ) ) ;
#3406 = CARTESIAN_POINT ( 'NONE',  ( 4.741856460906207715, 2.888676873037216097, -19.30960607446490229 ) ) ;
#3407 =( LENGTH_UNIT ( ) NAMED_UNIT ( * ) SI_UNIT ( .MILLI., .METRE. ) );
#3408 = PRESENTATION_LAYER_ASSIGNMENT (  '', '', ( #6577 ) ) ;
#3409 = AXIS2_PLACEMENT_3D ( 'NONE', #8153, #6822, #4577 ) ;
#3410 = PRESENTATION_STYLE_ASSIGNMENT (( #3229 ) ) ;
#3411 = DIRECTION ( 'NONE',  ( -1.000000000000000000, -1.672957273954558210E-16, 0.0000000000000000000 ) ) ;
#3412 = DIRECTION ( 'NONE',  ( -1.112002228190260952E-16, -1.000000000000000000, 0.0000000000000000000 ) ) ;
#3413 = COLOUR_RGB ( '',0.2509803921568627416, 0.2509803921568627416, 0.2509803921568627416 ) ;
#3414 = EDGE_CURVE ( 'NONE', #1835, #223, #2682, .T. ) ;
#3415 = CARTESIAN_POINT ( 'NONE',  ( 1.069938072117381234, -3.161344187848379228, -23.72276194785264636 ) ) ;
#3416 = FACE_OUTER_BOUND ( 'NONE', #3831, .T. ) ;
#3417 = EDGE_CURVE ( 'NONE', #3495, #3210, #9377, .T. ) ;
#3418 = AXIS2_PLACEMENT_3D ( 'NONE', #6646, #5, #6601 ) ;
#3419 = MECHANICAL_DESIGN_GEOMETRIC_PRESENTATION_REPRESENTATION (  '', ( #8684 ), #2050 ) ;
#3420 = ORIENTED_EDGE ( 'NONE', *, *, #8599, .T. ) ;
#3421 = CARTESIAN_POINT ( 'NONE',  ( -4.909053692524164347, -2.869889770554804986, -20.44105959453220223 ) ) ;
#3422 = CARTESIAN_POINT ( 'NONE',  ( 4.713855710941725619, -2.891763259629743565, -18.87548450340289818 ) ) ;
#3423 = PRESENTATION_LAYER_ASSIGNMENT (  '', '', ( #8852 ) ) ;
#3424 = PRESENTATION_STYLE_ASSIGNMENT (( #8277 ) ) ;
#3425 = VERTEX_POINT ( 'NONE', #7305 ) ;
#3426 = SURFACE_SIDE_STYLE ('',( #7778 ) ) ;
#3427 = CARTESIAN_POINT ( 'NONE',  ( 1.230185108623855106, 3.332542411984788622, -23.30938451861957006 ) ) ;
#3428 = CARTESIAN_POINT ( 'NONE',  ( -6.308241377472335820, 1.708728702844109382, -23.03642534339025971 ) ) ;
#3429 =( BOUNDED_SURFACE ( )  B_SPLINE_SURFACE ( 2, 3, ( 
 ( #2300, #3922, #6721, #3771 ),
 ( #3111, #7385, #4630, #4437 ),
 ( #6766, #287, #7334, #837 ) ),
 .UNSPECIFIED., .F., .F., .T. ) 
 B_SPLINE_SURFACE_WITH_KNOTS ( ( 3, 3 ),
 ( 4, 4 ),
 ( 0.0000000000000000000, 1.000000000000000000 ),
 ( 0.06234673641089313878, 0.08216599513946616640 ),
 .UNSPECIFIED. ) 
 GEOMETRIC_REPRESENTATION_ITEM ( )  RATIONAL_B_SPLINE_SURFACE ( (
 ( 1.000000000000000000, 1.000000000000000000, 1.000000000000000000, 1.000000000000000000),
 ( 1.489454356889000630, 1.489454356889000630, 1.489454356889000630, 1.489454356889000630),
 ( 1.000000000000000000, 1.000000000000000000, 1.000000000000000000, 1.000000000000000000) ) ) 
 REPRESENTATION_ITEM ( '' )  SURFACE ( )  );
#3430 = AXIS2_PLACEMENT_3D ( 'NONE', #2154, #3412, #5051 ) ;
#3431 =( GEOMETRIC_REPRESENTATION_CONTEXT ( 3 ) GLOBAL_UNCERTAINTY_ASSIGNED_CONTEXT ( ( #8985 ) ) GLOBAL_UNIT_ASSIGNED_CONTEXT ( ( #1036, #2503, #336 ) ) REPRESENTATION_CONTEXT ( 'NONE', 'WORKASPACE' ) );
#3432 = CARTESIAN_POINT ( 'NONE',  ( 1.190089852240924451, -3.247877971704502986, -23.51697885125754439 ) ) ;
#3433 = CARTESIAN_POINT ( 'NONE',  ( 2.934960510895686880, -0.8220754102748969450, -28.12538607422921544 ) ) ;
#3434 =( NAMED_UNIT ( * ) PLANE_ANGLE_UNIT ( ) SI_UNIT ( $, .RADIAN. ) );
#3435 = CARTESIAN_POINT ( 'NONE',  ( -1.265088804140432899, -3.331551573991549109, -23.44939137583033428 ) ) ;
#3436 = COLOUR_RGB ( '',0.2509803921568627416, 0.2509803921568627416, 0.2509803921568627416 ) ;
#3437 = CARTESIAN_POINT ( 'NONE',  ( -1.904048383564784341, 0.8884601108687011362, -28.09999999999999787 ) ) ;
#3438 = ORIENTED_EDGE ( 'NONE', *, *, #3249, .F. ) ;
#3439 = STYLED_ITEM ( 'NONE', ( #6561 ), #2411 ) ;
#3440 = CARTESIAN_POINT ( 'NONE',  ( -1.797428898620710758, -4.367619181192917033, -25.35000000000000497 ) ) ;
#3441 = EDGE_CURVE ( 'NONE', #1677, #9073, #4134, .T. ) ;
#3442 = ORIENTED_EDGE ( 'NONE', *, *, #8787, .F. ) ;
#3443 = CARTESIAN_POINT ( 'NONE',  ( -5.707251842941251319, 2.694983412225330000, -23.12092129592307543 ) ) ;
#3444 =( NAMED_UNIT ( * ) PLANE_ANGLE_UNIT ( ) SI_UNIT ( $, .RADIAN. ) );
#3445 = MECHANICAL_DESIGN_GEOMETRIC_PRESENTATION_REPRESENTATION (  '', ( #2225 ), #9035 ) ;
#3446 = UNCERTAINTY_MEASURE_WITH_UNIT (LENGTH_MEASURE( 1.000000000000000082E-05 ), #8199, 'distance_accuracy_value', 'NONE');
#3447 = CARTESIAN_POINT ( 'NONE',  ( -6.544799122946930225, -1.884309724587845292, -23.00150802781323733 ) ) ;
#3448 = CARTESIAN_POINT ( 'NONE',  ( 1.872832080032804658, -0.9499999999999996225, -26.75000000000000355 ) ) ;
#3449 = SURFACE_STYLE_USAGE ( .BOTH. , #558 ) ;
#3450 = ORIENTED_EDGE ( 'NONE', *, *, #741, .F. ) ;
#3451 = PRESENTATION_LAYER_ASSIGNMENT (  '', '', ( #2232 ) ) ;
#3452 = CARTESIAN_POINT ( 'NONE',  ( -5.712352468068185196, -2.601328961183506649, -19.18432447407434793 ) ) ;
#3453 = CARTESIAN_POINT ( 'NONE',  ( -4.686546425784773540, -2.643259330195582457, -1.582935171828836474E-15 ) ) ;
#3454 = FACE_OUTER_BOUND ( 'NONE', #1780, .T. ) ;
#3455 = SURFACE_STYLE_USAGE ( .BOTH. , #1128 ) ;
#3456 = CARTESIAN_POINT ( 'NONE',  ( -4.781487431186437043, 2.884295450418956186, -19.61585808855905810 ) ) ;
#3457 = COLOUR_RGB ( '',0.2509803921568627416, 0.2509803921568627416, 0.2509803921568627416 ) ;
#3458 = AXIS2_PLACEMENT_3D ( 'NONE', #3834, #6733, #3080 ) ;
#3459 = CARTESIAN_POINT ( 'NONE',  ( 2.993201758971713478, -0.7282307204262511435, -26.63269047128335387 ) ) ;
#3460 = CARTESIAN_POINT ( 'NONE',  ( 2.100000000000000089, 0.0000000000000000000, -41.50000000000000000 ) ) ;
#3461 = SURFACE_SIDE_STYLE ('',( #4165 ) ) ;
#3462 = CARTESIAN_POINT ( 'NONE',  ( -5.800000000000013145, 1.400739683024801563, -1.328147661294742932E-15 ) ) ;
#3463 = CARTESIAN_POINT ( 'NONE',  ( -0.1464763465024333522, -3.336754632268263521, -23.57548248105333855 ) ) ;
#3464 = CARTESIAN_POINT ( 'NONE',  ( -4.860813780662753381, -2.875358454448234014, -20.22822021129190517 ) ) ;
#3465 = ORIENTED_EDGE ( 'NONE', *, *, #5086, .T. ) ;
#3466 = CARTESIAN_POINT ( 'NONE',  ( 2.869275084791357511, 0.8867702544208676541, -29.50000000000000355 ) ) ;
#3467 = ADVANCED_FACE ( 'NONE', ( #3643 ), #4089, .F. ) ;
#3468 = CARTESIAN_POINT ( 'NONE',  ( -5.024984464454614219, 2.856747365074991940, -20.20742514612327767 ) ) ;
#3469 = CARTESIAN_POINT ( 'NONE',  ( -3.114753680774218658, 1.028375194631077960, -27.00290886362658327 ) ) ;
#3470 = EDGE_CURVE ( 'NONE', #2956, #7344, #4546, .T. ) ;
#3471 = ORIENTED_EDGE ( 'NONE', *, *, #5193, .F. ) ;
#3472 = CARTESIAN_POINT ( 'NONE',  ( -1.573793293746372779, -3.132662920452795152, 1.590296134315146828E-14 ) ) ;
#3473 = CARTESIAN_POINT ( 'NONE',  ( 2.877370061222677133, -0.9499999999999990674, -27.00000000000000000 ) ) ;
#3474 = CARTESIAN_POINT ( 'NONE',  ( 3.236742971957817350, -0.6999999999999994005, -25.60380293868477253 ) ) ;
#3475 = CARTESIAN_POINT ( 'NONE',  ( 2.826775610078679168, 0.9499999999999995115, -29.50000000000000355 ) ) ;
#3476 = SURFACE_SIDE_STYLE ('',( #9208 ) ) ;
#3477 = FACE_OUTER_BOUND ( 'NONE', #1389, .T. ) ;
#3478 = FILL_AREA_STYLE_COLOUR ( '', #5762 ) ;
#3479 = VECTOR ( 'NONE', #8513, 1000.000000000000000 ) ;
#3480 = CARTESIAN_POINT ( 'NONE',  ( -2.912274948409521169, -0.9499999999999988454, -25.35000000000000142 ) ) ;
#3481 = EDGE_LOOP ( 'NONE', ( #3815, #7111, #4273, #617 ) ) ;
#3482 = CARTESIAN_POINT ( 'NONE',  ( 2.964765906424335018, -0.6999999999999996225, -28.80000000423086348 ) ) ;
#3483 =( BOUNDED_SURFACE ( )  B_SPLINE_SURFACE ( 2, 3, ( 
 ( #3496, #6301, #2252, #1627 ),
 ( #4429, #8097, #2208, #6525 ),
 ( #5106, #6712, #5150, #1582 ) ),
 .UNSPECIFIED., .F., .F., .T. ) 
 B_SPLINE_SURFACE_WITH_KNOTS ( ( 3, 3 ),
 ( 4, 4 ),
 ( 0.0000000000000000000, 1.000000000000000000 ),
 ( 0.0000000000000000000, 0.0004349722928721133836 ),
 .UNSPECIFIED. ) 
 GEOMETRIC_REPRESENTATION_ITEM ( )  RATIONAL_B_SPLINE_SURFACE ( (
 ( 1.000000000000000000, 1.000000000000000000, 1.000000000000000000, 1.000000000000000000),
 ( 1.489454356889000852, 1.489454080040404360, 1.489411632961446630, 1.489320292087568554),
 ( 1.000000000000000000, 1.000000000000000000, 1.000000000000000000, 1.000000000000000000) ) ) 
 REPRESENTATION_ITEM ( '' )  SURFACE ( )  );
#3484 = CARTESIAN_POINT ( 'NONE',  ( -6.514742267651218555, -1.884673565449529908, -22.75909745486465496 ) ) ;
#3485 = ORIENTED_EDGE ( 'NONE', *, *, #5628, .F. ) ;
#3486 = FACE_OUTER_BOUND ( 'NONE', #5721, .T. ) ;
#3487 = DIRECTION ( 'NONE',  ( -0.9940157177366258923, -0.1092371406278132423, -1.894962322956479103E-16 ) ) ;
#3488 = CARTESIAN_POINT ( 'NONE',  ( -1.904079279032715233, 0.8883992034755759937, -29.50000000000000711 ) ) ;
#3489 = MECHANICAL_DESIGN_GEOMETRIC_PRESENTATION_REPRESENTATION (  '', ( #754 ), #5003 ) ;
#3490 = MECHANICAL_DESIGN_GEOMETRIC_PRESENTATION_REPRESENTATION (  '', ( #9231 ), #8931 ) ;
#3491 = UNCERTAINTY_MEASURE_WITH_UNIT (LENGTH_MEASURE( 1.000000000000000082E-05 ), #329, 'distance_accuracy_value', 'NONE');
#3492 = ADVANCED_FACE ( 'NONE', ( #7591 ), #6184, .T. ) ;
#3493 = CARTESIAN_POINT ( 'NONE',  ( -6.330236390125864254, -2.590187158770697717, -23.03363774743093018 ) ) ;
#3494 = PRESENTATION_STYLE_ASSIGNMENT (( #4103 ) ) ;
#3495 = VERTEX_POINT ( 'NONE', #7149 ) ;
#3496 = CARTESIAN_POINT ( 'NONE',  ( -4.713855710941720289, -2.891763259629737348, -18.87548450340289463 ) ) ;
#3497 = PRESENTATION_STYLE_ASSIGNMENT (( #3449 ) ) ;
#3498 = CARTESIAN_POINT ( 'NONE',  ( 3.190197444812699956, -0.8964735826271852392, -25.11516952524923596 ) ) ;
#3499 = EDGE_LOOP ( 'NONE', ( #9001, #310, #8647, #3719, #2037, #2420, #1561, #3291, #8385, #3161 ) ) ;
#3500 =( GEOMETRIC_REPRESENTATION_CONTEXT ( 3 ) GLOBAL_UNCERTAINTY_ASSIGNED_CONTEXT ( ( #2964 ) ) GLOBAL_UNIT_ASSIGNED_CONTEXT ( ( #1764, #3244, #399 ) ) REPRESENTATION_CONTEXT ( 'NONE', 'WORKASPACE' ) );
#3501 = CARTESIAN_POINT ( 'NONE',  ( -5.263377698438270968, -2.799913227088120848, -19.24319090811521704 ) ) ;
#3502 = CARTESIAN_POINT ( 'NONE',  ( 2.594893225257372649, 2.103448426348047295, -23.65640802209825466 ) ) ;
#3503 = CARTESIAN_POINT ( 'NONE',  ( -2.791126655784682775, 1.832297418595208116, -23.64183067946559902 ) ) ;
#3504 = CARTESIAN_POINT ( 'NONE',  ( 3.220691513254423821, -0.6999999999999996225, -26.50380041635313688 ) ) ;
#3505 = DIRECTION ( 'NONE',  ( 0.1240212162651815192, -0.01476362241589458495, -0.9921697301214474907 ) ) ;
#3506 = CARTESIAN_POINT ( 'NONE',  ( -6.050000000000004263, 1.571692459513850171, -0.2500000000000105471 ) ) ;
#3507 = B_SPLINE_CURVE_WITH_KNOTS ( 'NONE', 3,
 ( #2236, #2279, #3033, #2941, #7984, #7272, #766, #3653, #6553, #5842, #1524, #6602, #2984, #5887, #5176, #3748 ),
 .UNSPECIFIED., .F., .F.,
 ( 4, 2, 2, 2, 2, 2, 2, 4 ),
 ( 0.0000000000000000000, 0.2500000000000000000, 0.3749999999999999445, 0.5000000000000000000, 0.5625000000000000000, 0.6250000000000000000, 0.7500000000000000000, 1.000000000000000000 ),
 .UNSPECIFIED. ) ;
#3508 = CARTESIAN_POINT ( 'NONE',  ( -0.03726241121501389780, -3.340001161611509506, -23.56574531508693227 ) ) ;
#3509 = PRESENTATION_LAYER_ASSIGNMENT (  '', '', ( #3364 ) ) ;
#3510 = CARTESIAN_POINT ( 'NONE',  ( -0.2082427699139089983, 3.335607368199071221, -23.55228758426413549 ) ) ;
#3511 = VERTEX_POINT ( 'NONE', #5056 ) ;
#3512 = COLOUR_RGB ( '',0.7529411764705882248, 0.7529411764705882248, 0.7529411764705882248 ) ;
#3513 = CARTESIAN_POINT ( 'NONE',  ( -3.114729576739698746, 1.028367236380207439, -27.00436310160932507 ) ) ;
#3514 = COLOUR_RGB ( '',0.2509803921568627416, 0.2509803921568627416, 0.2509803921568627416 ) ;
#3515 = ORIENTED_EDGE ( 'NONE', *, *, #9218, .F. ) ;
#3516 = CARTESIAN_POINT ( 'NONE',  ( -2.975080127464295732, 0.6999999999999999556, -28.28288387901625356 ) ) ;
#3517 = CARTESIAN_POINT ( 'NONE',  ( 6.180271013676012615, 1.384904610932399027, -20.04216810940812721 ) ) ;
#3518 = FACE_OUTER_BOUND ( 'NONE', #1608, .T. ) ;
#3519 = CARTESIAN_POINT ( 'NONE',  ( -6.159593249576094998, 2.418121067994107865, -23.05816169227617962 ) ) ;
#3520 = EDGE_CURVE ( 'NONE', #1680, #6202, #5512, .T. ) ;
#3521 = PRESENTATION_LAYER_ASSIGNMENT (  '', '', ( #635 ) ) ;
#3522 =( LENGTH_UNIT ( ) NAMED_UNIT ( * ) SI_UNIT ( .MILLI., .METRE. ) );
#3523 =( GEOMETRIC_REPRESENTATION_CONTEXT ( 3 ) GLOBAL_UNCERTAINTY_ASSIGNED_CONTEXT ( ( #3353 ) ) GLOBAL_UNIT_ASSIGNED_CONTEXT ( ( #2703, #6231, #5518 ) ) REPRESENTATION_CONTEXT ( 'NONE', 'WORKASPACE' ) );
#3524 = STYLED_ITEM ( 'NONE', ( #5916 ), #357 ) ;
#3525 = CARTESIAN_POINT ( 'NONE',  ( 2.934960510895685992, -0.8220754102748967229, -28.12538607422920833 ) ) ;
#3526 = LINE ( 'NONE', #4269, #1349 ) ;
#3527 = ORIENTED_EDGE ( 'NONE', *, *, #43, .T. ) ;
#3528 = CARTESIAN_POINT ( 'NONE',  ( -1.969603516111538832, -0.7302592511815345633, -29.38605490775048779 ) ) ;
#3529 = DIRECTION ( 'NONE',  ( -0.0000000000000000000, -0.0000000000000000000, -1.000000000000000000 ) ) ;
#3530 = ADVANCED_FACE ( 'NONE', ( #7243 ), #2756, .T. ) ;
#3531 = EDGE_CURVE ( 'NONE', #2319, #7704, #4196, .T. ) ;
#3532 = CARTESIAN_POINT ( 'NONE',  ( 2.955957632331233764, 5.911915264662467528, -31.49999999999999645 ) ) ;
#3533 = STYLED_ITEM ( 'NONE', ( #4535 ), #849 ) ;
#3534 = UNCERTAINTY_MEASURE_WITH_UNIT (LENGTH_MEASURE( 1.000000000000000082E-05 ), #7651, 'distance_accuracy_value', 'NONE');
#3535 =( BOUNDED_SURFACE ( )  B_SPLINE_SURFACE ( 2, 3, ( 
 ( #8357, #6265, #3276, #7677 ),
 ( #7586, #7717, #4025, #4690 ),
 ( #4072, #9041, #5458, #9134 ) ),
 .UNSPECIFIED., .F., .F., .T. ) 
 B_SPLINE_SURFACE_WITH_KNOTS ( ( 3, 3 ),
 ( 4, 4 ),
 ( 0.0000000000000000000, 1.000000000000000000 ),
 ( 0.0000000000000000000, 0.001113008087238886437 ),
 .UNSPECIFIED. ) 
 GEOMETRIC_REPRESENTATION_ITEM ( )  RATIONAL_B_SPLINE_SURFACE ( (
 ( 1.000000000000000000, 1.000000000000000000, 1.000000000000000000, 1.000000000000000000),
 ( 1.491155899116284322, 1.500752297732432350, 1.508693471630650818, 1.514957848099246274),
 ( 1.000000000000000000, 1.000000000000000000, 1.000000000000000000, 1.000000000000000000) ) ) 
 REPRESENTATION_ITEM ( '' )  SURFACE ( )  );
#3536 = CARTESIAN_POINT ( 'NONE',  ( -0.1602567874009197535, 3.349826482855175591, -23.46623245309375960 ) ) ;
#3537 = SURFACE_SIDE_STYLE ('',( #640 ) ) ;
#3538 = MECHANICAL_DESIGN_GEOMETRIC_PRESENTATION_REPRESENTATION (  '', ( #2028 ), #1410 ) ;
#3539 = FILL_AREA_STYLE_COLOUR ( '', #7833 ) ;
#3540 = ORIENTED_EDGE ( 'NONE', *, *, #792, .F. ) ;
#3541 = CARTESIAN_POINT ( 'NONE',  ( -0.3219102268625108620, 3.323888464875722537, -23.60535129742282123 ) ) ;
#3542 = CARTESIAN_POINT ( 'NONE',  ( -1.979898987322333603, 0.6999999999999997335, -25.35000000000000497 ) ) ;
#3543 = CARTESIAN_POINT ( 'NONE',  ( -3.220691513254422933, 0.6999999999999994005, -26.50380041635315820 ) ) ;
#3544 = CARTESIAN_POINT ( 'NONE',  ( 5.325091682783336999, 2.514076447481555121, -3.035766082959414782E-15 ) ) ;
#3545 = CARTESIAN_POINT ( 'NONE',  ( 2.919410773348589228, -0.8863333083957882774, -26.75000000000000355 ) ) ;
#3546 = CARTESIAN_POINT ( 'NONE',  ( 1.979898987322333603, -0.6999999999999997335, -26.50000000000000355 ) ) ;
#3547 = CARTESIAN_POINT ( 'NONE',  ( -3.359292232969897096, 1.224075256067364004, -23.36907754684005312 ) ) ;
#3548 = SURFACE_STYLE_USAGE ( .BOTH. , #9370 ) ;
#3549 = FACE_OUTER_BOUND ( 'NONE', #3958, .T. ) ;
#3550 = CARTESIAN_POINT ( 'NONE',  ( 0.5711407776060957175, -3.289797172923408120, -23.65401338047118074 ) ) ;
#3551 = CARTESIAN_POINT ( 'NONE',  ( 0.7756648503640217740, 3.301705394307476560, -23.53726130373305381 ) ) ;
#3552 = CIRCLE ( 'NONE', #6159, 2.100000000000000089 ) ;
#3553 = EDGE_CURVE ( 'NONE', #5588, #6239, #872, .T. ) ;
#3554 = VERTEX_POINT ( 'NONE', #6442 ) ;
#3555 = CARTESIAN_POINT ( 'NONE',  ( 3.154975979926974095, 0.7111053195152657880, -29.66430504825733649 ) ) ;
#3556 = STYLED_ITEM ( 'NONE', ( #1828 ), #8111 ) ;
#3557 = CARTESIAN_POINT ( 'NONE',  ( 6.519762764440029557, 3.149999999999999911, -22.75810211552025564 ) ) ;
#3558 = CIRCLE ( 'NONE', #8843, 1.224999999999999201 ) ;
#3559 = SURFACE_STYLE_USAGE ( .BOTH. , #5784 ) ;
#3560 = SURFACE_STYLE_FILL_AREA ( #7727 ) ;
#3561 = ORIENTED_EDGE ( 'NONE', *, *, #7007, .F. ) ;
#3562 = CARTESIAN_POINT ( 'NONE',  ( -4.713855710941729171, -2.891763259629740013, -12.26906492721187725 ) ) ;
#3563 = SURFACE_SIDE_STYLE ('',( #1332 ) ) ;
#3564 = SURFACE_STYLE_FILL_AREA ( #3742 ) ;
#3565 = CARTESIAN_POINT ( 'NONE',  ( -6.215345785622031549, 2.690448551186479520, -22.80369116887809611 ) ) ;
#3566 = CARTESIAN_POINT ( 'NONE',  ( 2.972710267517082006, -0.6999999999999767519, -28.34999999831682160 ) ) ;
#3567 = EDGE_CURVE ( 'NONE', #829, #1639, #5050, .T. ) ;
#3568 = CARTESIAN_POINT ( 'NONE',  ( 2.975080127464310831, -0.7000000000000000666, -28.28288387901633527 ) ) ;
#3569 = VERTEX_POINT ( 'NONE', #5009 ) ;
#3570 = CARTESIAN_POINT ( 'NONE',  ( 2.956858687707374145, -1.553815236068919914, -23.62932712881980279 ) ) ;
#3571 = ORIENTED_EDGE ( 'NONE', *, *, #6806, .F. ) ;
#3572 = SURFACE_SIDE_STYLE ('',( #5500 ) ) ;
#3573 = CARTESIAN_POINT ( 'NONE',  ( -3.205919556120571112, 0.0000000000000000000, -31.25436310159558673 ) ) ;
#3574 = COLOUR_RGB ( '',0.2509803921568627416, 0.2509803921568627416, 0.2509803921568627416 ) ;
#3575 =( GEOMETRIC_REPRESENTATION_CONTEXT ( 3 ) GLOBAL_UNCERTAINTY_ASSIGNED_CONTEXT ( ( #1592 ) ) GLOBAL_UNIT_ASSIGNED_CONTEXT ( ( #5497, #1169, #7616 ) ) REPRESENTATION_CONTEXT ( 'NONE', 'WORKASPACE' ) );
#3576 = DIRECTION ( 'NONE',  ( 0.3135166956321285281, 0.9495826881108939688, 0.0000000000000000000 ) ) ;
#3577 = EDGE_CURVE ( 'NONE', #5680, #709, #2115, .T. ) ;
#3578 = CARTESIAN_POINT ( 'NONE',  ( -1.071555598108234086, 3.337045549648044673, -23.34872953715125732 ) ) ;
#3579 = EDGE_CURVE ( 'NONE', #2282, #2861, #6875, .T. ) ;
#3580 = CARTESIAN_POINT ( 'NONE',  ( 6.413551386278448341, -2.893458392275527924, -21.90841109022864330 ) ) ;
#3581 = ORIENTED_EDGE ( 'NONE', *, *, #1547, .T. ) ;
#3582 = SURFACE_STYLE_FILL_AREA ( #435 ) ;
#3583 = ORIENTED_EDGE ( 'NONE', *, *, #9023, .T. ) ;
#3584 = CARTESIAN_POINT ( 'NONE',  ( -3.339580227060280571, -1.109876329436902548E-11, -23.59694821494533912 ) ) ;
#3585 =( NAMED_UNIT ( * ) PLANE_ANGLE_UNIT ( ) SI_UNIT ( $, .RADIAN. ) );
#3586 = AXIS2_PLACEMENT_3D ( 'NONE', #7601, #1712, #9103 ) ;
#3587 = CARTESIAN_POINT ( 'NONE',  ( -2.965592591092356400, -0.9966524939202088262, -29.50000000000000000 ) ) ;
#3588 = COLOUR_RGB ( '',0.2509803921568627416, 0.2509803921568627416, 0.2509803921568627416 ) ;
#3589 = CARTESIAN_POINT ( 'NONE',  ( -3.302846362913087308, 0.5943129168389058581, -23.60084995381815176 ) ) ;
#3590 = CARTESIAN_POINT ( 'NONE',  ( -6.049999999999997158, 3.149999999999999911, -19.00000000000000000 ) ) ;
#3591 = FACE_OUTER_BOUND ( 'NONE', #8445, .T. ) ;
#3592 = COLOUR_RGB ( '',0.2509803921568627416, 0.2509803921568627416, 0.2509803921568627416 ) ;
#3593 = MECHANICAL_DESIGN_GEOMETRIC_PRESENTATION_REPRESENTATION (  '', ( #7687 ), #8884 ) ;
#3594 = CARTESIAN_POINT ( 'NONE',  ( -3.240808461587734168, 0.8224004362147830927, -23.60565837352652352 ) ) ;
#3595 = FILL_AREA_STYLE_COLOUR ( '', #5804 ) ;
#3596 = CARTESIAN_POINT ( 'NONE',  ( -6.338793502158970306, -2.904576307138840185, -21.31034801727178163 ) ) ;
#3597 = PRESENTATION_STYLE_ASSIGNMENT (( #138 ) ) ;
#3598 = SURFACE_SIDE_STYLE ('',( #7212 ) ) ;
#3599 = CARTESIAN_POINT ( 'NONE',  ( 3.005366330439399380, -0.6999999999999995115, -26.50000000241255549 ) ) ;
#3600 = DIRECTION ( 'NONE',  ( -0.9998442059067947918, 0.0000000000000000000, 0.01765117317945041897 ) ) ;
#3601 = CARTESIAN_POINT ( 'NONE',  ( -1.044114755793210669, -3.171588649806918347, -23.72244017331959043 ) ) ;
#3602 = CARTESIAN_POINT ( 'NONE',  ( 2.344317987491205457, -2.382332482309664545, -23.67259458035362485 ) ) ;
#3603 = VERTEX_POINT ( 'NONE', #7422 ) ;
#3604 = CARTESIAN_POINT ( 'NONE',  ( -5.010248155613084009, -2.602105794991348198, -4.391018798566264559E-15 ) ) ;
#3605 =( NAMED_UNIT ( * ) SI_UNIT ( $, .STERADIAN. ) SOLID_ANGLE_UNIT ( ) );
#3606 = DIRECTION ( 'NONE',  ( -0.0000000000000000000, -0.0000000000000000000, -1.000000000000000000 ) ) ;
#3607 = CARTESIAN_POINT ( 'NONE',  ( -6.197403820282871401, 2.344256629520143687, -23.05266548545099070 ) ) ;
#3608 = CYLINDRICAL_SURFACE ( 'NONE', #4495, 43.15249999999999631 ) ;
#3609 =( BOUNDED_SURFACE ( )  B_SPLINE_SURFACE ( 2, 3, ( 
 ( #7724, #4791, #6364, #9146 ),
 ( #7030, #3370, #7823, #9053 ),
 ( #4931, #9238, #3421, #1857 ) ),
 .UNSPECIFIED., .F., .F., .T. ) 
 B_SPLINE_SURFACE_WITH_KNOTS ( ( 3, 3 ),
 ( 4, 4 ),
 ( 0.0000000000000000000, 1.000000000000000000 ),
 ( 0.0000000000000000000, 0.001113008087238895327 ),
 .UNSPECIFIED. ) 
 GEOMETRIC_REPRESENTATION_ITEM ( )  RATIONAL_B_SPLINE_SURFACE ( (
 ( 1.000000000000000000, 1.000000000000000000, 1.000000000000000000, 1.000000000000000000),
 ( 1.514957848099245608, 1.508693471630653704, 1.500752297732429907, 1.491155899116284322),
 ( 1.000000000000000000, 1.000000000000000000, 1.000000000000000000, 1.000000000000000000) ) ) 
 REPRESENTATION_ITEM ( '' )  SURFACE ( )  );
#3610 = CARTESIAN_POINT ( 'NONE',  ( 3.005366193732539326, 0.4500000000000002887, -26.50000000000000711 ) ) ;
#3611 = DIRECTION ( 'NONE',  ( -0.9981490824564802633, 0.04290207719878707388, 0.04310244730077199271 ) ) ;
#3612 = CARTESIAN_POINT ( 'NONE',  ( -1.979898987322333603, 0.6999999999999997335, -28.28084200979082041 ) ) ;
#3613 = ORIENTED_EDGE ( 'NONE', *, *, #9199, .F. ) ;
#3614 = SURFACE_SIDE_STYLE ('',( #1573 ) ) ;
#3615 = PRESENTATION_LAYER_ASSIGNMENT (  '', '', ( #8621 ) ) ;
#3616 = FILL_AREA_STYLE ('',( #2151 ) ) ;
#3617 = UNCERTAINTY_MEASURE_WITH_UNIT (LENGTH_MEASURE( 1.000000000000000082E-05 ), #6731, 'distance_accuracy_value', 'NONE');
#3618 = DIRECTION ( 'NONE',  ( -0.9495826881108939688, 0.3135166956321285836, 0.0000000000000000000 ) ) ;
#3619 = CARTESIAN_POINT ( 'NONE',  ( -1.872832080032804658, -0.9499999999999998446, -26.75000000000000355 ) ) ;
#3620 = ORIENTED_EDGE ( 'NONE', *, *, #2603, .F. ) ;
#3621 = PRESENTATION_STYLE_ASSIGNMENT (( #6482 ) ) ;
#3622 = ORIENTED_EDGE ( 'NONE', *, *, #1727, .T. ) ;
#3623 = CARTESIAN_POINT ( 'NONE',  ( 0.1690843737950555592, 3.335618954643272627, -23.57857643659180980 ) ) ;
#3624 = FILL_AREA_STYLE ('',( #7061 ) ) ;
#3625 = FILL_AREA_STYLE_COLOUR ( '', #6700 ) ;
#3626 = EDGE_CURVE ( 'NONE', #6102, #6093, #7550, .T. ) ;
#3627 = CARTESIAN_POINT ( 'NONE',  ( -5.800000000000005151, 1.400739683024801563, -0.2500000000000033307 ) ) ;
#3628 = EDGE_CURVE ( 'NONE', #7435, #5179, #7839, .T. ) ;
#3629 =( NAMED_UNIT ( * ) SI_UNIT ( $, .STERADIAN. ) SOLID_ANGLE_UNIT ( ) );
#3630 = FILL_AREA_STYLE ('',( #8008 ) ) ;
#3631 = UNCERTAINTY_MEASURE_WITH_UNIT (LENGTH_MEASURE( 1.000000000000000082E-05 ), #5138, 'distance_accuracy_value', 'NONE');
#3632 = CARTESIAN_POINT ( 'NONE',  ( -2.925000000000000711, 0.6249999999999997780, 6.599999999999999645 ) ) ;
#3633 = CYLINDRICAL_SURFACE ( 'NONE', #3181, 2.100000000000000089 ) ;
#3634 = CARTESIAN_POINT ( 'NONE',  ( 1.931712908894738234, 0.8252889325712413626, -29.47637156242575074 ) ) ;
#3635 = CARTESIAN_POINT ( 'NONE',  ( -2.912274948409522057, -0.9499999999999999556, -25.35000000000000497 ) ) ;
#3636 = FILL_AREA_STYLE_COLOUR ( '', #1184 ) ;
#3637 = FILL_AREA_STYLE_COLOUR ( '', #6129 ) ;
#3638 = CARTESIAN_POINT ( 'NONE',  ( 1.726669220989237363, 4.223425167547120829, -29.50000000000000355 ) ) ;
#3639 = ADVANCED_FACE ( 'NONE', ( #1583 ), #4480, .F. ) ;
#3640 = FILL_AREA_STYLE_COLOUR ( '', #1252 ) ;
#3641 = VECTOR ( 'NONE', #668, 1000.000000000000000 ) ;
#3642 = CARTESIAN_POINT ( 'NONE',  ( -6.291338533062474703, 2.847821490553603230, -20.93070826449832111 ) ) ;
#3643 = FACE_OUTER_BOUND ( 'NONE', #642, .T. ) ;
#3644 = FILL_AREA_STYLE_COLOUR ( '', #3050 ) ;
#3645 =( NAMED_UNIT ( * ) PLANE_ANGLE_UNIT ( ) SI_UNIT ( $, .RADIAN. ) );
#3646 = DIRECTION ( 'NONE',  ( 0.3185631549218138070, 0.9479016385291570979, 0.0000000000000000000 ) ) ;
#3647 = ORIENTED_EDGE ( 'NONE', *, *, #4857, .F. ) ;
#3648 = CARTESIAN_POINT ( 'NONE',  ( -5.325097655859497792, -2.514073798898976975, -4.065758146820643994E-15 ) ) ;
#3649 = FILL_AREA_STYLE_COLOUR ( '', #6122 ) ;
#3650 = B_SPLINE_CURVE_WITH_KNOTS ( 'NONE', 3,
 ( #5642, #1932, #5504, #5554, #4827, #9089, #6355, #6877, #9133, #9180, #2691, #8531, #3977, #4109, #6928, #7716, #9228, #2738 ),
 .UNSPECIFIED., .F., .F.,
 ( 4, 2, 2, 2, 2, 2, 2, 2, 4 ),
 ( 0.0000000000000000000, 0.1250000000000000000, 0.2500000000000000000, 0.3750000000000000000, 0.5000000000000000000, 0.6250000000000000000, 0.7500000000000000000, 0.8750000000000000000, 1.000000000000000000 ),
 .UNSPECIFIED. ) ;
#3651 = ORIENTED_EDGE ( 'NONE', *, *, #8672, .F. ) ;
#3652 = STYLED_ITEM ( 'NONE', ( #931 ), #6655 ) ;
#3653 = CARTESIAN_POINT ( 'NONE',  ( -5.742115896861649915, -2.548796112926889901, -0.2500000000000062728 ) ) ;
#3654 = CARTESIAN_POINT ( 'NONE',  ( 2.967414233364004339, 0.6999999999999996225, -28.65000000562601201 ) ) ;
#3655 = ORIENTED_EDGE ( 'NONE', *, *, #2658, .F. ) ;
#3656 = CARTESIAN_POINT ( 'NONE',  ( -6.338793502158997839, -2.904576307138825531, -21.31034801727200545 ) ) ;
#3657 = AXIS2_PLACEMENT_3D ( 'NONE', #8449, #1987, #7877 ) ;
#3658 =( GEOMETRIC_REPRESENTATION_CONTEXT ( 3 ) GLOBAL_UNCERTAINTY_ASSIGNED_CONTEXT ( ( #8202 ) ) GLOBAL_UNIT_ASSIGNED_CONTEXT ( ( #5990, #6604, #955 ) ) REPRESENTATION_CONTEXT ( 'NONE', 'WORKASPACE' ) );
#3659 = CARTESIAN_POINT ( 'NONE',  ( -6.215345785622316654, 2.690448551186439996, -22.80369116888036274 ) ) ;
#3660 = CARTESIAN_POINT ( 'NONE',  ( 2.826775610078678724, -0.9499999999999995115, -29.50000000000000355 ) ) ;
#3661 = B_SPLINE_CURVE_WITH_KNOTS ( 'NONE', 3,
 ( #6599, #3488, #95, #50, #7141, #6551 ),
 .UNSPECIFIED., .F., .F.,
 ( 4, 2, 4 ),
 ( 0.0000000000000000000, 0.0002044486849903297352, 0.0004088973699806594704 ),
 .UNSPECIFIED. ) ;
#3662 = CARTESIAN_POINT ( 'NONE',  ( -3.035766082959412415E-15, -40.00249999999994088, 34.54051063606326721 ) ) ;
#3663 = CARTESIAN_POINT ( 'NONE',  ( 1.150880123018288348, 3.334793703477810567, -23.32905460476240123 ) ) ;
#3664 = EDGE_LOOP ( 'NONE', ( #1543, #5946, #6250, #4035 ) ) ;
#3665 = SURFACE_STYLE_USAGE ( .BOTH. , #1491 ) ;
#3666 = CARTESIAN_POINT ( 'NONE',  ( -6.084465239690973526, -2.500785969115357776, -23.06889478643630298 ) ) ;
#3667 = ORIENTED_EDGE ( 'NONE', *, *, #6541, .F. ) ;
#3668 = PRESENTATION_STYLE_ASSIGNMENT (( #783 ) ) ;
#3669 = SURFACE_STYLE_USAGE ( .BOTH. , #7378 ) ;
#3670 = COLOUR_RGB ( '',0.2509803921568627416, 0.2509803921568627416, 0.2509803921568627416 ) ;
#3671 =( NAMED_UNIT ( * ) PLANE_ANGLE_UNIT ( ) SI_UNIT ( $, .RADIAN. ) );
#3672 = CARTESIAN_POINT ( 'NONE',  ( -3.121899288966934360, 0.8626554543277774600, -29.50162892539202986 ) ) ;
#3673 = CARTESIAN_POINT ( 'NONE',  ( 1.720656475583703493, 2.861157570204196698, -23.70620628142245323 ) ) ;
#3674 = SURFACE_STYLE_USAGE ( .BOTH. , #883 ) ;
#3675 =( NAMED_UNIT ( * ) PLANE_ANGLE_UNIT ( ) SI_UNIT ( $, .RADIAN. ) );
#3676 = EDGE_LOOP ( 'NONE', ( #2005, #1606, #4699, #9255 ) ) ;
#3677 = ADVANCED_FACE ( 'NONE', ( #4096 ), #1020, .T. ) ;
#3678 = CARTESIAN_POINT ( 'NONE',  ( 1.861642404854274124, 3.310010245960674169, -23.21005533523035780 ) ) ;
#3679 =( NAMED_UNIT ( * ) SI_UNIT ( $, .STERADIAN. ) SOLID_ANGLE_UNIT ( ) );
#3680 = PRESENTATION_STYLE_ASSIGNMENT (( #188 ) ) ;
#3681 = SURFACE_STYLE_USAGE ( .BOTH. , #793 ) ;
#3682 = ORIENTED_EDGE ( 'NONE', *, *, #3240, .F. ) ;
#3683 = CARTESIAN_POINT ( 'NONE',  ( -4.821170601921964227, 2.879852575700593942, -19.92206324540920193 ) ) ;
#3684 =( NAMED_UNIT ( * ) PLANE_ANGLE_UNIT ( ) SI_UNIT ( $, .RADIAN. ) );
#3685 = CARTESIAN_POINT ( 'NONE',  ( 2.993201758971712589, -0.7282307204262509215, -26.63269047128334677 ) ) ;
#3686 = SURFACE_SIDE_STYLE ('',( #8850 ) ) ;
#3687 = CARTESIAN_POINT ( 'NONE',  ( 1.914383410920736051, 4.664109864742060019, -27.00000000000000000 ) ) ;
#3688 = DIRECTION ( 'NONE',  ( -0.9479016385291569868, 0.3185631549218134184, 0.0000000000000000000 ) ) ;
#3689 = EDGE_CURVE ( 'NONE', #9336, #4697, #7090, .T. ) ;
#3690 = EDGE_CURVE ( 'NONE', #7900, #7902, #4369, .T. ) ;
#3691 = CARTESIAN_POINT ( 'NONE',  ( 2.857025331679794000, -1.743547750565199506, -23.40587255685158041 ) ) ;
#3692 = ORIENTED_EDGE ( 'NONE', *, *, #1786, .F. ) ;
#3693 = CARTESIAN_POINT ( 'NONE',  ( -3.171623530768501897, -0.6999999999999996225, -29.25379256652109561 ) ) ;
#3694 = CARTESIAN_POINT ( 'NONE',  ( 3.063751019710968748, -1.029640788730451506, -29.75145445951121204 ) ) ;
#3695 = SURFACE_STYLE_FILL_AREA ( #8637 ) ;
#3696 = ORIENTED_EDGE ( 'NONE', *, *, #7561, .T. ) ;
#3697 = CARTESIAN_POINT ( 'NONE',  ( 6.334410542120981980, 2.542397728823171832, -22.78651985871354313 ) ) ;
#3698 = CIRCLE ( 'NONE', #5213, 0.2500000000000001110 ) ;
#3699 = B_SPLINE_CURVE_WITH_KNOTS ( 'NONE', 3,
 ( #6879, #9045, #5459, #1844, #4026, #6931 ),
 .UNSPECIFIED., .F., .F.,
 ( 4, 2, 4 ),
 ( 0.0000000000000000000, 0.5000000000000000000, 1.000000000000000000 ),
 .UNSPECIFIED. ) ;
#3700 = CARTESIAN_POINT ( 'NONE',  ( -2.925000000000000266, -0.6249999999999995559, 0.0000000000000000000 ) ) ;
#3701 = DIRECTION ( 'NONE',  ( -1.672957273954557963E-16, -1.000000000000000000, 0.0000000000000000000 ) ) ;
#3702 = AXIS2_PLACEMENT_3D ( 'NONE', #1495, #1545, #4433 ) ;
#3703 = PRESENTATION_LAYER_ASSIGNMENT (  '', '', ( #7954 ) ) ;
#3704 =( NAMED_UNIT ( * ) PLANE_ANGLE_UNIT ( ) SI_UNIT ( $, .RADIAN. ) );
#3705 = ORIENTED_EDGE ( 'NONE', *, *, #1422, .F. ) ;
#3706 = CARTESIAN_POINT ( 'NONE',  ( -3.204885750460465310, 0.7078238371353333669, -26.91238428014917972 ) ) ;
#3707 = CARTESIAN_POINT ( 'NONE',  ( 5.511464608436580370, 2.741511619063749183, -23.14660760233720538 ) ) ;
#3708 = CARTESIAN_POINT ( 'NONE',  ( 3.189178069931435378, 0.6989992870878513065, -28.27927526720308293 ) ) ;
#3709 = CARTESIAN_POINT ( 'NONE',  ( -5.937001386077231047, 2.663608347438218615, -20.82875075305286217 ) ) ;
#3710 = CIRCLE ( 'NONE', #4929, 0.2500000000000106581 ) ;
#3711 = LINE ( 'NONE', #2995, #2830 ) ;
#3712 = DIRECTION ( 'NONE',  ( 0.0000000000000000000, 0.0000000000000000000, -1.000000000000000000 ) ) ;
#3713 = CARTESIAN_POINT ( 'NONE',  ( -2.953517272070468547, 0.8867847214734687622, -25.35000000000000497 ) ) ;
#3714 = CARTESIAN_POINT ( 'NONE',  ( 3.086370660900041418, -0.9622163358601021343, -29.75434449769080203 ) ) ;
#3715 = EDGE_CURVE ( 'NONE', #5573, #1294, #2687, .T. ) ;
#3716 = CARTESIAN_POINT ( 'NONE',  ( 3.147516565147403966, 1.026737100672117320, -25.24876908820928634 ) ) ;
#3717 = ORIENTED_EDGE ( 'NONE', *, *, #9091, .T. ) ;
#3718 = DIRECTION ( 'NONE',  ( -0.0000000000000000000, 1.000000000000000000, -0.0000000000000000000 ) ) ;
#3719 = ORIENTED_EDGE ( 'NONE', *, *, #7649, .F. ) ;
#3720 = DIRECTION ( 'NONE',  ( -0.04314216906134265422, 0.0000000000000000000, 0.9990689431909504092 ) ) ;
#3721 =( BOUNDED_CURVE ( )  B_SPLINE_CURVE ( 2, ( #5744, #8544, #2656 ),
 .UNSPECIFIED., .F., .F. ) 
 B_SPLINE_CURVE_WITH_KNOTS ( ( 3, 3 ),
 ( 0.0000000000000000000, 1.000000000000000000 ),
 .UNSPECIFIED. ) 
 CURVE ( )  GEOMETRIC_REPRESENTATION_ITEM ( )  RATIONAL_B_SPLINE_CURVE ( ( 1.000000000000000000, 1.489454356889000186, 1.000000000000000000 ) ) 
 REPRESENTATION_ITEM ( '' )  );
#3722 = CARTESIAN_POINT ( 'NONE',  ( 3.219856693096561084, 0.4874122644376497338, -28.35436319653966564 ) ) ;
#3723 = COLOUR_RGB ( '',0.2509803921568627416, 0.2509803921568627416, 0.2509803921568627416 ) ;
#3724 = CARTESIAN_POINT ( 'NONE',  ( 6.336395984421383076, -1.568269228191339737, -21.29116787537108380 ) ) ;
#3725 = UNCERTAINTY_MEASURE_WITH_UNIT (LENGTH_MEASURE( 1.000000000000000082E-05 ), #4005, 'distance_accuracy_value', 'NONE');
#3726 = CARTESIAN_POINT ( 'NONE',  ( -1.872832080032804658, 0.9499999999999997335, -25.35000000000000497 ) ) ;
#3727 = ORIENTED_EDGE ( 'NONE', *, *, #2715, .T. ) ;
#3728 = AXIS2_PLACEMENT_3D ( 'NONE', #3662, #1674, #4374 ) ;
#3729 = STYLED_ITEM ( 'NONE', ( #1838 ), #3064 ) ;
#3730 =( NAMED_UNIT ( * ) PLANE_ANGLE_UNIT ( ) SI_UNIT ( $, .RADIAN. ) );
#3731 =( LENGTH_UNIT ( ) NAMED_UNIT ( * ) SI_UNIT ( .MILLI., .METRE. ) );
#3732 = VERTEX_POINT ( 'NONE', #6862 ) ;
#3733 =( NAMED_UNIT ( * ) PLANE_ANGLE_UNIT ( ) SI_UNIT ( $, .RADIAN. ) );
#3734 = STYLED_ITEM ( 'NONE', ( #7132 ), #2714 ) ;
#3735 = SURFACE_STYLE_USAGE ( .BOTH. , #3686 ) ;
#3736 = SURFACE_STYLE_FILL_AREA ( #7167 ) ;
#3737 = CARTESIAN_POINT ( 'NONE',  ( -2.826775610078679168, 0.9499999999999997335, -29.75000000000000355 ) ) ;
#3738 = ORIENTED_EDGE ( 'NONE', *, *, #1373, .F. ) ;
#3739 = CARTESIAN_POINT ( 'NONE',  ( 3.063751019710969192, -1.029640788730451728, -29.75000000000000355 ) ) ;
#3740 = CIRCLE ( 'NONE', #5117, 0.2500000000000001665 ) ;
#3741 = AXIS2_PLACEMENT_3D ( 'NONE', #7328, #3718, #8099 ) ;
#3742 = FILL_AREA_STYLE ('',( #1472 ) ) ;
#3743 = ORIENTED_EDGE ( 'NONE', *, *, #502, .T. ) ;
#3744 = EDGE_CURVE ( 'NONE', #9164, #5979, #9024, .T. ) ;
#3745 = ADVANCED_FACE ( 'NONE', ( #1825 ), #8583, .T. ) ;
#3746 = LINE ( 'NONE', #8639, #6591 ) ;
#3747 = COLOUR_RGB ( '',0.2509803921568627416, 0.2509803921568627416, 0.2509803921568627416 ) ;
#3748 = CARTESIAN_POINT ( 'NONE',  ( -4.713855710941726507, -2.891763259629741345, -0.2500000000006669110 ) ) ;
#3749 = FACE_BOUND ( 'NONE', #5008, .T. ) ;
#3750 = CARTESIAN_POINT ( 'NONE',  ( 1.279002806387560698, 3.206160996100970273, -23.51942546254607791 ) ) ;
#3751 = ORIENTED_EDGE ( 'NONE', *, *, #4332, .T. ) ;
#3752 = CARTESIAN_POINT ( 'NONE',  ( -6.336395963635964357, -1.568269230615331189, -21.29116770908773759 ) ) ;
#3753 = CARTESIAN_POINT ( 'NONE',  ( 6.275391714741512139, 2.054398237645187475, -23.04126671207027144 ) ) ;
#3754 = SURFACE_STYLE_FILL_AREA ( #873 ) ;
#3755 = FILL_AREA_STYLE_COLOUR ( '', #8266 ) ;
#3756 = CARTESIAN_POINT ( 'NONE',  ( -6.316880344890968502, 1.545372342530288989, -21.13504275912776720 ) ) ;
#3757 = COLOUR_RGB ( '',0.2509803921568627416, 0.2509803921568627416, 0.2509803921568627416 ) ;
#3758 = DIRECTION ( 'NONE',  ( 0.0000000000000000000, 1.000000000000000000, 0.0000000000000000000 ) ) ;
#3759 = CARTESIAN_POINT ( 'NONE',  ( -6.050000000488320318, 2.744927974155332073, -18.96462763598559675 ) ) ;
#3760 =( NAMED_UNIT ( * ) PLANE_ANGLE_UNIT ( ) SI_UNIT ( $, .RADIAN. ) );
#3761 = STYLED_ITEM ( 'NONE', ( #6970 ), #4412 ) ;
#3762 = CARTESIAN_POINT ( 'NONE',  ( 1.546071904365837746, -2.975910043731491594, -23.71504263840814275 ) ) ;
#3763 = ORIENTED_EDGE ( 'NONE', *, *, #9140, .F. ) ;
#3764 = CARTESIAN_POINT ( 'NONE',  ( -6.132161192415226836, -2.448687420505407886, -23.06208199535012326 ) ) ;
#3765 = VERTEX_POINT ( 'NONE', #8644 ) ;
#3766 = CARTESIAN_POINT ( 'NONE',  ( 3.021249962336046035, -0.6999999999999996225, -25.60000000000000497 ) ) ;
#3767 = FACE_OUTER_BOUND ( 'NONE', #2396, .T. ) ;
#3768 = CARTESIAN_POINT ( 'NONE',  ( 0.5185794424934059288, 3.347018690248031891, -23.43092836456705186 ) ) ;
#3769 = DIRECTION ( 'NONE',  ( -0.0000000000000000000, -0.0000000000000000000, -1.000000000000000000 ) ) ;
#3770 = MECHANICAL_DESIGN_GEOMETRIC_PRESENTATION_REPRESENTATION (  '', ( #2571 ), #319 ) ;
#3771 = CARTESIAN_POINT ( 'NONE',  ( 6.050000000000008704, -1.400739683024801341, -18.87548450340290174 ) ) ;
#3772 = SURFACE_SIDE_STYLE ('',( #3165 ) ) ;
#3773 = CARTESIAN_POINT ( 'NONE',  ( -0.2350913002039685951, -3.342056857587643481, -23.52351127813780352 ) ) ;
#3774 = FACE_OUTER_BOUND ( 'NONE', #1970, .T. ) ;
#3775 = CARTESIAN_POINT ( 'NONE',  ( -3.276049450176239830, -0.6999999999999995115, -28.10000000000000497 ) ) ;
#3776 = COLOUR_RGB ( '',0.2509803921568627416, 0.2509803921568627416, 0.2509803921568627416 ) ;
#3777 =( NAMED_UNIT ( * ) SI_UNIT ( $, .STERADIAN. ) SOLID_ANGLE_UNIT ( ) );
#3778 =( BOUNDED_CURVE ( )  B_SPLINE_CURVE ( 2, ( #9184, #7815, #7067 ),
 .UNSPECIFIED., .F., .F. ) 
 B_SPLINE_CURVE_WITH_KNOTS ( ( 3, 3 ),
 ( 0.0000000000000000000, 1.000000000000000000 ),
 .UNSPECIFIED. ) 
 CURVE ( )  GEOMETRIC_REPRESENTATION_ITEM ( )  RATIONAL_B_SPLINE_CURVE ( ( 1.000000000000000000, 1.489454356889000630, 1.000000000000000000 ) ) 
 REPRESENTATION_ITEM ( '' )  );
#3779 = FILL_AREA_STYLE ('',( #3637 ) ) ;
#3780 = CARTESIAN_POINT ( 'NONE',  ( -1.797428898620711868, 4.367619181192914368, -25.35000000000000497 ) ) ;
#3781 = ORIENTED_EDGE ( 'NONE', *, *, #4881, .F. ) ;
#3782 = CARTESIAN_POINT ( 'NONE',  ( -1.230185108623375267, -3.332542411984800168, -23.30938451861968730 ) ) ;
#3783 = CARTESIAN_POINT ( 'NONE',  ( 5.239949534281815424, 3.032172739187998900, -23.18068864585132260 ) ) ;
#3784 = AXIS2_PLACEMENT_3D ( 'NONE', #8964, #8281, #4708 ) ;
#3785 = DIRECTION ( 'NONE',  ( -0.01765330299774208953, 0.0000000000000000000, 0.9998441683048763240 ) ) ;
#3786 = PLANE ( 'NONE',  #3430 ) ;
#3787 = CARTESIAN_POINT ( 'NONE',  ( 1.979898987322333603, 0.6999999999999997335, -25.60000000000000497 ) ) ;
#3788 =( NAMED_UNIT ( * ) SI_UNIT ( $, .STERADIAN. ) SOLID_ANGLE_UNIT ( ) );
#3789 = CARTESIAN_POINT ( 'NONE',  ( 5.804259442618921128, -2.918635110700355195, -22.86030109414122080 ) ) ;
#3790 = UNCERTAINTY_MEASURE_WITH_UNIT (LENGTH_MEASURE( 1.000000000000000082E-05 ), #975, 'distance_accuracy_value', 'NONE');
#3791 = CARTESIAN_POINT ( 'NONE',  ( 3.516735187844640453, 0.7075005854718936504, -23.35658838597307252 ) ) ;
#3792 = ORIENTED_EDGE ( 'NONE', *, *, #8787, .T. ) ;
#3793 = DIRECTION ( 'NONE',  ( 0.9998442059067933485, 0.0000000000000000000, 0.01765117317953368917 ) ) ;
#3794 = STYLED_ITEM ( 'NONE', ( #7362 ), #5591 ) ;
#3795 = ORIENTED_EDGE ( 'NONE', *, *, #3329, .T. ) ;
#3796 = CARTESIAN_POINT ( 'NONE',  ( 5.765826088440158870, -2.677253862337097612, -23.11307535515754807 ) ) ;
#3797 = CARTESIAN_POINT ( 'NONE',  ( 6.108337816065752435, -2.791471200038222467, -23.06570114139619321 ) ) ;
#3798 = CARTESIAN_POINT ( 'NONE',  ( 4.702543834651001120, 2.788829561755110209, -2.258077030698973602E-16 ) ) ;
#3799 = DIRECTION ( 'NONE',  ( 0.04314216907130750261, 0.0000000000000000000, 0.9990689431905201978 ) ) ;
#3800 = ORIENTED_EDGE ( 'NONE', *, *, #3249, .T. ) ;
#3801 = EDGE_CURVE ( 'NONE', #6515, #3569, #9195, .T. ) ;
#3802 = CARTESIAN_POINT ( 'NONE',  ( 5.176635946754881701, 3.039895134030998314, -22.67357802299113345 ) ) ;
#3803 = CARTESIAN_POINT ( 'NONE',  ( -5.147666146622086991, 3.043345463812749507, -22.44991277124322337 ) ) ;
#3804 = LINE ( 'NONE', #6517, #116 ) ;
#3805 = FACE_OUTER_BOUND ( 'NONE', #6714, .T. ) ;
#3806 = FILL_AREA_STYLE ('',( #4472 ) ) ;
#3807 =( NAMED_UNIT ( * ) SI_UNIT ( $, .STERADIAN. ) SOLID_ANGLE_UNIT ( ) );
#3808 = STYLED_ITEM ( 'NONE', ( #8373 ), #6097 ) ;
#3809 = CARTESIAN_POINT ( 'NONE',  ( -1.058359166400973272, -3.257451562803452827, -23.54799739354677968 ) ) ;
#3810 = FACE_OUTER_BOUND ( 'NONE', #6172, .T. ) ;
#3811 = EDGE_LOOP ( 'NONE', ( #1040, #211, #4547, #1186 ) ) ;
#3812 = EDGE_CURVE ( 'NONE', #6831, #2261, #4906, .T. ) ;
#3813 = EDGE_CURVE ( 'NONE', #1072, #6038, #5955, .T. ) ;
#3814 = CARTESIAN_POINT ( 'NONE',  ( -5.973053049375272927, -2.586200520379278611, -23.08462843591496494 ) ) ;
#3815 = ORIENTED_EDGE ( 'NONE', *, *, #7561, .F. ) ;
#3816 = CARTESIAN_POINT ( 'NONE',  ( 0.5069818146923154023, 3.300514715020757439, -23.64081711041050227 ) ) ;
#3817 = CARTESIAN_POINT ( 'NONE',  ( 2.998813866467187061, -0.9955033872826848373, -28.10000000000000142 ) ) ;
#3818 = DIRECTION ( 'NONE',  ( 0.0000000000000000000, 1.000000000000000000, 0.0000000000000000000 ) ) ;
#3819 = CARTESIAN_POINT ( 'NONE',  ( -3.146079695432603351, 0.7518185242681011404, -29.70321354415345283 ) ) ;
#3820 = MECHANICAL_DESIGN_GEOMETRIC_PRESENTATION_REPRESENTATION (  '', ( #2614 ), #7017 ) ;
#3821 = FACE_OUTER_BOUND ( 'NONE', #1823, .T. ) ;
#3822 = AXIS2_PLACEMENT_3D ( 'NONE', #1471, #1607, #4503 ) ;
#3823 =( NAMED_UNIT ( * ) SI_UNIT ( $, .STERADIAN. ) SOLID_ANGLE_UNIT ( ) );
#3824 = CARTESIAN_POINT ( 'NONE',  ( 6.065444246572656795, -1.397765045509372417, -19.12355397258126288 ) ) ;
#3825 = CARTESIAN_POINT ( 'NONE',  ( 0.2082427699263079690, -3.335607368198297618, -23.55228758426537894 ) ) ;
#3826 = CARTESIAN_POINT ( 'NONE',  ( 3.203937384124786458, 0.4876087726119736621, -29.25436289818349778 ) ) ;
#3827 = CARTESIAN_POINT ( 'NONE',  ( 1.768476342693168224, 4.308629038710201087, -26.75000000000000355 ) ) ;
#3828 = CIRCLE ( 'NONE', #9123, 0.2499999999999975020 ) ;
#3829 = SURFACE_STYLE_FILL_AREA ( #985 ) ;
#3830 = CARTESIAN_POINT ( 'NONE',  ( 6.323227782603948022, 1.561437385389131682, -21.18582226083159270 ) ) ;
#3831 = EDGE_LOOP ( 'NONE', ( #5858, #7307, #3976, #9310 ) ) ;
#3832 = CARTESIAN_POINT ( 'NONE',  ( -6.336694492296751413, -1.734558617386895651, -21.29355593837403759 ) ) ;
#3833 = FILL_AREA_STYLE_COLOUR ( '', #8425 ) ;
#3834 = CARTESIAN_POINT ( 'NONE',  ( 2.925000000000000266, -0.6249999999999995559, 6.599999999999999645 ) ) ;
#3835 = CARTESIAN_POINT ( 'NONE',  ( 5.800000016970393801, -1.564010867705543539, -3.144186300207999935E-15 ) ) ;
#3836 = FILL_AREA_STYLE_COLOUR ( '', #8716 ) ;
#3837 = EDGE_CURVE ( 'NONE', #6187, #2133, #1347, .T. ) ;
#3838 = CARTESIAN_POINT ( 'NONE',  ( 3.146675553883535148, 1.141873406410584879, -23.38568401943339481 ) ) ;
#3839 = CARTESIAN_POINT ( 'NONE',  ( -1.059757074469539262, -3.337165762681847170, -23.34802471190450390 ) ) ;
#3840 = FACE_OUTER_BOUND ( 'NONE', #4363, .T. ) ;
#3841 =( GEOMETRIC_REPRESENTATION_CONTEXT ( 3 ) GLOBAL_UNCERTAINTY_ASSIGNED_CONTEXT ( ( #2847 ) ) GLOBAL_UNIT_ASSIGNED_CONTEXT ( ( #240, #8110, #5252 ) ) REPRESENTATION_CONTEXT ( 'NONE', 'WORKASPACE' ) );
#3842 = ORIENTED_EDGE ( 'NONE', *, *, #8354, .F. ) ;
#3843 = DIRECTION ( 'NONE',  ( 1.000000000000000000, 0.0000000000000000000, -0.0000000000000000000 ) ) ;
#3844 = MECHANICAL_DESIGN_GEOMETRIC_PRESENTATION_REPRESENTATION (  '', ( #62 ), #5678 ) ;
#3845 = CARTESIAN_POINT ( 'NONE',  ( 3.114753680774219102, -1.028375194631075962, -27.00290886362658327 ) ) ;
#3846 = CARTESIAN_POINT ( 'NONE',  ( -6.050000000000003375, -1.400739683024801341, -0.2500000000000024980 ) ) ;
#3847 = CARTESIAN_POINT ( 'NONE',  ( -2.574132607672587003, 2.158486810296956104, -23.42394670631935227 ) ) ;
#3848 = VECTOR ( 'NONE', #7487, 1000.000000000000000 ) ;
#3849 = FILL_AREA_STYLE_COLOUR ( '', #7448 ) ;
#3850 = AXIS2_PLACEMENT_3D ( 'NONE', #5600, #2026, #8399 ) ;
#3851 = CARTESIAN_POINT ( 'NONE',  ( -2.925000000000000266, -4.238084680662899344E-17, 6.599999999999999645 ) ) ;
#3852 = VERTEX_POINT ( 'NONE', #7846 ) ;
#3853 = CARTESIAN_POINT ( 'NONE',  ( 6.338793502158967641, 2.904576307138840185, -21.31034801727174610 ) ) ;
#3854 = FACE_OUTER_BOUND ( 'NONE', #8280, .T. ) ;
#3855 = SURFACE_STYLE_USAGE ( .BOTH. , #3041 ) ;
#3856 =( GEOMETRIC_REPRESENTATION_CONTEXT ( 3 ) GLOBAL_UNCERTAINTY_ASSIGNED_CONTEXT ( ( #305 ) ) GLOBAL_UNIT_ASSIGNED_CONTEXT ( ( #6354, #2024, #7113 ) ) REPRESENTATION_CONTEXT ( 'NONE', 'WORKASPACE' ) );
#3857 = DIRECTION ( 'NONE',  ( 0.0000000000000000000, 0.0000000000000000000, -1.000000000000000000 ) ) ;
#3858 = EDGE_CURVE ( 'NONE', #4066, #6660, #6994, .T. ) ;
#3859 = SURFACE_SIDE_STYLE ('',( #7467 ) ) ;
#3860 = SURFACE_STYLE_USAGE ( .BOTH. , #2338 ) ;
#3861 = ORIENTED_EDGE ( 'NONE', *, *, #8680, .F. ) ;
#3862 = EDGE_LOOP ( 'NONE', ( #3199, #9116, #5917, #8517, #1018, #1490, #8791, #8667 ) ) ;
#3863 = FILL_AREA_STYLE_COLOUR ( '', #6574 ) ;
#3864 = FILL_AREA_STYLE ('',( #1631 ) ) ;
#3865 = DIRECTION ( 'NONE',  ( -1.000000000000000000, 0.0000000000000000000, 0.0000000000000000000 ) ) ;
#3866 = SURFACE_STYLE_USAGE ( .BOTH. , #5156 ) ;
#3867 = EDGE_CURVE ( 'NONE', #223, #2944, #4139, .T. ) ;
#3868 = ADVANCED_FACE ( 'NONE', ( #5094 ), #8040, .F. ) ;
#3869 = COLOUR_RGB ( '',0.2509803921568627416, 0.2509803921568627416, 0.2509803921568627416 ) ;
#3870 = FILL_AREA_STYLE ('',( #1787 ) ) ;
#3871 = CARTESIAN_POINT ( 'NONE',  ( 0.09607287813416151567, -3.340964622168125953, -23.54066321038985876 ) ) ;
#3872 = ORIENTED_EDGE ( 'NONE', *, *, #861, .F. ) ;
#3873 = CARTESIAN_POINT ( 'NONE',  ( -5.081727771881892508, -3.051132821197374945, -21.47721981097154398 ) ) ;
#3874 = CARTESIAN_POINT ( 'NONE',  ( -4.741856460906222814, -2.888676873037204107, -19.30960607446508703 ) ) ;
#3875 = CARTESIAN_POINT ( 'NONE',  ( 5.282122988690082011, -2.913358911322025957, -20.83159724556546877 ) ) ;
#3876 = PRESENTATION_LAYER_ASSIGNMENT (  '', '', ( #1763 ) ) ;
#3877 = ORIENTED_EDGE ( 'NONE', *, *, #2386, .F. ) ;
#3878 = CARTESIAN_POINT ( 'NONE',  ( -5.316615099685368051, -3.016974175233605227, -21.43976026068216711 ) ) ;
#3879 = CARTESIAN_POINT ( 'NONE',  ( -2.964765906424413622, -0.6999999999999996225, -28.80000000423089190 ) ) ;
#3880 = SURFACE_STYLE_FILL_AREA ( #7497 ) ;
#3881 = SURFACE_STYLE_FILL_AREA ( #3278 ) ;
#3882 =( GEOMETRIC_REPRESENTATION_CONTEXT ( 3 ) GLOBAL_UNCERTAINTY_ASSIGNED_CONTEXT ( ( #8519 ) ) GLOBAL_UNIT_ASSIGNED_CONTEXT ( ( #8742, #3760, #8825 ) ) REPRESENTATION_CONTEXT ( 'NONE', 'WORKASPACE' ) );
#3883 = MECHANICAL_DESIGN_GEOMETRIC_PRESENTATION_REPRESENTATION (  '', ( #3131 ), #5414 ) ;
#3884 = DIRECTION ( 'NONE',  ( 0.01765330299758116270, 4.044588664286854083E-14, -0.9998441683048793216 ) ) ;
#3885 = DIRECTION ( 'NONE',  ( 0.9495826881108940798, -0.3135166956321281395, 0.0000000000000000000 ) ) ;
#3886 = STYLED_ITEM ( 'NONE', ( #5295 ), #2156 ) ;
#3887 = UNCERTAINTY_MEASURE_WITH_UNIT (LENGTH_MEASURE( 1.000000000000000082E-05 ), #3295, 'distance_accuracy_value', 'NONE');
#3888 = CARTESIAN_POINT ( 'NONE',  ( 1.059057078685152531, -3.257289326622482939, -23.54790701856825308 ) ) ;
#3889 = ORIENTED_EDGE ( 'NONE', *, *, #356, .T. ) ;
#3890 = FILL_AREA_STYLE ('',( #999 ) ) ;
#3891 = CARTESIAN_POINT ( 'NONE',  ( -6.180271013676019720, -1.384904610932401248, -20.04216810940818405 ) ) ;
#3892 = ORIENTED_EDGE ( 'NONE', *, *, #4389, .T. ) ;
#3893 = CARTESIAN_POINT ( 'NONE',  ( -3.203937384120291387, 0.4876087726119910926, -29.25436289842509652 ) ) ;
#3894 = STYLED_ITEM ( 'NONE', ( #3424 ), #9131 ) ;
#3895 = VECTOR ( 'NONE', #6394, 1000.000000000000114 ) ;
#3896 = COLOUR_RGB ( '',0.2509803921568627416, 0.2509803921568627416, 0.2509803921568627416 ) ;
#3897 = EDGE_CURVE ( 'NONE', #8560, #751, #8184, .T. ) ;
#3898 = FACE_OUTER_BOUND ( 'NONE', #5566, .T. ) ;
#3899 = SURFACE_STYLE_FILL_AREA ( #316 ) ;
#3900 =( GEOMETRIC_REPRESENTATION_CONTEXT ( 3 ) GLOBAL_UNCERTAINTY_ASSIGNED_CONTEXT ( ( #2061 ) ) GLOBAL_UNIT_ASSIGNED_CONTEXT ( ( #2889, #5130, #2931 ) ) REPRESENTATION_CONTEXT ( 'NONE', 'WORKASPACE' ) );
#3901 =( NAMED_UNIT ( * ) PLANE_ANGLE_UNIT ( ) SI_UNIT ( $, .RADIAN. ) );
#3902 =( GEOMETRIC_REPRESENTATION_CONTEXT ( 3 ) GLOBAL_UNCERTAINTY_ASSIGNED_CONTEXT ( ( #7854 ) ) GLOBAL_UNIT_ASSIGNED_CONTEXT ( ( #8516, #4858, #5757 ) ) REPRESENTATION_CONTEXT ( 'NONE', 'WORKASPACE' ) );
#3903 = EDGE_LOOP ( 'NONE', ( #4125, #6382, #9070, #140 ) ) ;
#3904 = PRESENTATION_STYLE_ASSIGNMENT (( #6195 ) ) ;
#3905 = CARTESIAN_POINT ( 'NONE',  ( -6.560676738593512525, 1.541499994201597890, -23.08541390874811228 ) ) ;
#3906 = CARTESIAN_POINT ( 'NONE',  ( -6.168977661208702834, 2.730789286447463660, -22.81024044840999920 ) ) ;
#3907 = FILL_AREA_STYLE ('',( #2534 ) ) ;
#3908 = SURFACE_SIDE_STYLE ('',( #8286 ) ) ;
#3909 = AXIS2_PLACEMENT_3D ( 'NONE', #4976, #6084, #198 ) ;
#3910 = CARTESIAN_POINT ( 'NONE',  ( 4.860731155675103388, -2.875367821105625055, -20.22822021129185899 ) ) ;
#3911 =( LENGTH_UNIT ( ) NAMED_UNIT ( * ) SI_UNIT ( .MILLI., .METRE. ) );
#3912 = CARTESIAN_POINT ( 'NONE',  ( 2.912274948409521613, 0.9499999999999992895, -25.35000000000000142 ) ) ;
#3913 = LINE ( 'NONE', #7658, #1643 ) ;
#3914 = ORIENTED_EDGE ( 'NONE', *, *, #4881, .T. ) ;
#3915 = CARTESIAN_POINT ( 'NONE',  ( -5.794446663490878890, -1.726488407285119653, -5.854691731421723944E-15 ) ) ;
#3916 = SURFACE_STYLE_USAGE ( .BOTH. , #1110 ) ;
#3917 = ORIENTED_EDGE ( 'NONE', *, *, #4508, .F. ) ;
#3918 = CARTESIAN_POINT ( 'NONE',  ( -6.293735879213148365, 1.911368753086350569, -23.03856663014187944 ) ) ;
#3919 = CARTESIAN_POINT ( 'NONE',  ( 3.098973170845569669, -1.028752842306054349, -27.85436310159641593 ) ) ;
#3920 =( NAMED_UNIT ( * ) SI_UNIT ( $, .STERADIAN. ) SOLID_ANGLE_UNIT ( ) );
#3921 = FACE_OUTER_BOUND ( 'NONE', #880, .T. ) ;
#3922 = CARTESIAN_POINT ( 'NONE',  ( 6.050000000000007816, -1.400739683024801341, -5.662645351020880291 ) ) ;
#3923 = UNCERTAINTY_MEASURE_WITH_UNIT (LENGTH_MEASURE( 1.000000000000000082E-05 ), #6299, 'distance_accuracy_value', 'NONE');
#3924 = MECHANICAL_DESIGN_GEOMETRIC_PRESENTATION_REPRESENTATION (  '', ( #8621 ), #3001 ) ;
#3925 = CARTESIAN_POINT ( 'NONE',  ( -0.1194811206011476140, -3.339672803660968636, -23.56683564837602418 ) ) ;
#3926 = ORIENTED_EDGE ( 'NONE', *, *, #1474, .F. ) ;
#3927 = CARTESIAN_POINT ( 'NONE',  ( -1.969729866933062956, -0.7299567491647971362, -25.46413136093459428 ) ) ;
#3928 = CARTESIAN_POINT ( 'NONE',  ( 5.800000000000006928, 3.149999999999999911, 0.0000000000000000000 ) ) ;
#3929 = LINE ( 'NONE', #6829, #3251 ) ;
#3930 = EDGE_CURVE ( 'NONE', #5179, #1053, #3804, .T. ) ;
#3931 = CARTESIAN_POINT ( 'NONE',  ( 6.176657885172756046, -2.363010370377792491, -20.89389353721006160 ) ) ;
#3932 = B_SPLINE_CURVE_WITH_KNOTS ( 'NONE', 3,
 ( #6935, #3137, #7443, #6035, #946, #6090 ),
 .UNSPECIFIED., .F., .F.,
 ( 4, 2, 4 ),
 ( 0.0000000000000000000, 0.5000000000000000000, 1.000000000000000000 ),
 .UNSPECIFIED. ) ;
#3933 = CARTESIAN_POINT ( 'NONE',  ( 6.113610095210843198, 2.791944433082389931, -23.06501930954931012 ) ) ;
#3934 = VERTEX_POINT ( 'NONE', #2990 ) ;
#3935 = CARTESIAN_POINT ( 'NONE',  ( -1.675003155374175323, -3.113848057777817591, -23.46788425806674283 ) ) ;
#3936 =( NAMED_UNIT ( * ) PLANE_ANGLE_UNIT ( ) SI_UNIT ( $, .RADIAN. ) );
#3937 = CARTESIAN_POINT ( 'NONE',  ( -1.899604555597856903, 4.633681572372109869, -27.99876908820495558 ) ) ;
#3938 = FACE_OUTER_BOUND ( 'NONE', #1989, .T. ) ;
#3939 = SURFACE_STYLE_FILL_AREA ( #4500 ) ;
#3940 = CARTESIAN_POINT ( 'NONE',  ( 4.848338013323877149, -2.625479295991565376, -4.119968255445063577E-15 ) ) ;
#3941 = CARTESIAN_POINT ( 'NONE',  ( 1.279002806410597604, -3.206160996095479110, -23.51942546254317534 ) ) ;
#3942 = CARTESIAN_POINT ( 'NONE',  ( 2.674788569865907739, 2.004840733476185743, -23.65042322671727248 ) ) ;
#3943 = ORIENTED_EDGE ( 'NONE', *, *, #8888, .F. ) ;
#3944 = ADVANCED_FACE ( 'NONE', ( #5894 ), #817, .T. ) ;
#3945 = DIRECTION ( 'NONE',  ( 0.01764690081855247242, -1.286826586111048217E-14, -0.9998442813215967506 ) ) ;
#3946 = ORIENTED_EDGE ( 'NONE', *, *, #8044, .F. ) ;
#3947 = CARTESIAN_POINT ( 'NONE',  ( 6.281138034219273969, -2.016273373647371248, -23.04042168037312521 ) ) ;
#3948 = B_SPLINE_CURVE_WITH_KNOTS ( 'NONE', 3,
 ( #2622, #7885, #6418, #1378, #2803, #6950 ),
 .UNSPECIFIED., .F., .F.,
 ( 4, 2, 4 ),
 ( 0.0000000000000000000, 0.5000000000000000000, 1.000000000000000000 ),
 .UNSPECIFIED. ) ;
#3949 = PRESENTATION_STYLE_ASSIGNMENT (( #1711 ) ) ;
#3950 = CARTESIAN_POINT ( 'NONE',  ( -3.222131306172134391, 0.4888470413856447205, -28.21321580196272549 ) ) ;
#3951 = MECHANICAL_DESIGN_GEOMETRIC_PRESENTATION_REPRESENTATION (  '', ( #8204 ), #3500 ) ;
#3952 = ORIENTED_EDGE ( 'NONE', *, *, #4911, .T. ) ;
#3953 = CARTESIAN_POINT ( 'NONE',  ( 1.979898987322333603, 0.6999999999999997335, -28.10000000000000497 ) ) ;
#3954 =( NAMED_UNIT ( * ) SI_UNIT ( $, .STERADIAN. ) SOLID_ANGLE_UNIT ( ) );
#3955 = CARTESIAN_POINT ( 'NONE',  ( -6.031073602331927574, 2.822054532220961143, -22.82943181756027329 ) ) ;
#3956 = CARTESIAN_POINT ( 'NONE',  ( 5.381055799659859140, -2.785381992476261725, -20.16190632443574771 ) ) ;
#3957 = CARTESIAN_POINT ( 'NONE',  ( 2.955957632331234652, 3.681227066825041439E-16, -31.50000000000000000 ) ) ;
#3958 = EDGE_LOOP ( 'NONE', ( #4039, #4532, #8511, #8635 ) ) ;
#3959 = CARTESIAN_POINT ( 'NONE',  ( -5.553794492249083170, -2.681864690635733073, -0.2500000000000004996 ) ) ;
#3960 = DIRECTION ( 'NONE',  ( -1.000000000000000000, 0.0000000000000000000, 0.0000000000000000000 ) ) ;
#3961 = EDGE_LOOP ( 'NONE', ( #1355, #550, #135, #190 ) ) ;
#3962 = CARTESIAN_POINT ( 'NONE',  ( -6.196017820142107446, 2.337618772861419725, -23.05285835174801079 ) ) ;
#3963 = CARTESIAN_POINT ( 'NONE',  ( 5.247507304507448289, 2.539475639168478072, -3.144186300207962859E-15 ) ) ;
#3964 = CARTESIAN_POINT ( 'NONE',  ( -4.101475264559192091, 2.921058879537994368, -23.31917559111935390 ) ) ;
#3965 = CARTESIAN_POINT ( 'NONE',  ( 5.984821291648647623, -2.110671439131845073, -0.2500000000000043299 ) ) ;
#3966 = AXIS2_PLACEMENT_3D ( 'NONE', #7537, #4581, #1739 ) ;
#3967 =( LENGTH_UNIT ( ) NAMED_UNIT ( * ) SI_UNIT ( .MILLI., .METRE. ) );
#3968 = UNCERTAINTY_MEASURE_WITH_UNIT (LENGTH_MEASURE( 1.000000000000000082E-05 ), #7156, 'distance_accuracy_value', 'NONE');
#3969 = ORIENTED_EDGE ( 'NONE', *, *, #7022, .T. ) ;
#3970 =( NAMED_UNIT ( * ) PLANE_ANGLE_UNIT ( ) SI_UNIT ( $, .RADIAN. ) );
#3971 = CARTESIAN_POINT ( 'NONE',  ( 0.0000000000000000000, 0.0000000000000000000, -25.10436310160457651 ) ) ;
#3972 = CARTESIAN_POINT ( 'NONE',  ( -4.097332440367888573, -2.921555013972027659, -23.31967953495454182 ) ) ;
#3973 = MECHANICAL_DESIGN_GEOMETRIC_PRESENTATION_REPRESENTATION (  '', ( #635 ), #5181 ) ;
#3974 = CLOSED_SHELL ( 'NONE', ( #3016, #2704, #4412, #6722, #8404, #170, #3492, #4101, #3745, #8377, #5513, #8900, #2548, #1725, #8112, #2411, #7697, #2821, #4688, #8724, #7373, #414, #2156, #1785, #357, #4999, #5328, #7503, #7187, #5387, #966, #6903, #4689, #1852, #6929, #684, #1204, #5229, #7647, #914, #1959, #4978, #3186, #234, #129, #8922, #451, #8671, #4966, #862, #2601, #171, #8405, #4804, #6947, #3354, #1659, #3467, #740, #6655, #3530, #5733, #5204, #1191, #7706, #1325, #7095, #7127, #7936, #6901, #2870, #5958, #6251, #1226, #5904, #3087, #4262, #6888, #1840, #8738, #5808, #4442, #884, #7593, #463, #2574, #5789, #3944, #7189, #9131, #5147, #1107, #3126, #4922, #5839, #2833, #7899, #3639, #1899, #2447, #9259, #9182, #8056, #5446, #2768, #4373, #7226, #4287, #6097, #6160, #3170, #1089, #765, #4498, #794, #6034, #3124, #1671, #8739, #97, #5943, #8111, #7879, #4047, #6981, #2714, #4792, #7470, #8164, #9365, #849, #2994, #5097, #405, #3404, #8027, #6199, #3292, #3868, #6021, #6426, #5447, #6490, #2884, #8835, #7473 ) ) ;
#3975 = FACE_OUTER_BOUND ( 'NONE', #2369, .T. ) ;
#3976 = ORIENTED_EDGE ( 'NONE', *, *, #6841, .T. ) ;
#3977 = CARTESIAN_POINT ( 'NONE',  ( -3.261874470229137124, -1.487367535719660072, -23.37680189311536338 ) ) ;
#3978 = SURFACE_STYLE_USAGE ( .BOTH. , #7761 ) ;
#3979 = EDGE_CURVE ( 'NONE', #6628, #4668, #289, .T. ) ;
#3980 = COLOUR_RGB ( '',0.2509803921568627416, 0.2509803921568627416, 0.2509803921568627416 ) ;
#3981 =( BOUNDED_CURVE ( )  B_SPLINE_CURVE ( 3, ( #7393, #1462, #892, #6677 ),
 .UNSPECIFIED., .F., .F. ) 
 B_SPLINE_CURVE_WITH_KNOTS ( ( 4, 4 ),
 ( 0.0000000000000000000, 1.000000000000000000 ),
 .UNSPECIFIED. ) 
 CURVE ( )  GEOMETRIC_REPRESENTATION_ITEM ( )  RATIONAL_B_SPLINE_CURVE ( ( 1.000000000000000000, 0.5433729028597460431, 0.5433729028597460431, 1.000000000000000000 ) ) 
 REPRESENTATION_ITEM ( '' )  );
#3982 = CARTESIAN_POINT ( 'NONE',  ( -2.902688034389486305, -0.8221644044885892955, -29.47465536194448177 ) ) ;
#3983 = CARTESIAN_POINT ( 'NONE',  ( 3.096580924982417216, 1.027958698699272144, -27.99876908820495558 ) ) ;
#3984 = CARTESIAN_POINT ( 'NONE',  ( -2.869514156286920414, 0.8864145748807130687, -29.50000000000000355 ) ) ;
#3985 = COLOUR_RGB ( '',0.2509803921568627416, 0.2509803921568627416, 0.2509803921568627416 ) ;
#3986 = CARTESIAN_POINT ( 'NONE',  ( 5.794454572077750498, -1.727010967715098877, -3.089976191583687637E-15 ) ) ;
#3987 = SURFACE_STYLE_USAGE ( .BOTH. , #2416 ) ;
#3988 = FILL_AREA_STYLE ('',( #5310 ) ) ;
#3989 = CARTESIAN_POINT ( 'NONE',  ( 0.1639532912902024742, -3.349811786506918132, -23.46600722032779629 ) ) ;
#3990 = CARTESIAN_POINT ( 'NONE',  ( -1.289834533926141669, 3.234500830735839827, -23.50273104897642895 ) ) ;
#3991 = ORIENTED_EDGE ( 'NONE', *, *, #6347, .F. ) ;
#3992 = CARTESIAN_POINT ( 'NONE',  ( 6.129030588473621144, -2.450413115124865371, -23.06252402878927654 ) ) ;
#3993 = ADVANCED_FACE ( 'NONE', ( #1506 ), #5021, .T. ) ;
#3994 = FACE_BOUND ( 'NONE', #8169, .T. ) ;
#3995 = EDGE_CURVE ( 'NONE', #5045, #982, #987, .T. ) ;
#3996 = CARTESIAN_POINT ( 'NONE',  ( 5.210627282545771344, -3.035722774306528038, -22.93606777099251914 ) ) ;
#3997 =( NAMED_UNIT ( * ) SI_UNIT ( $, .STERADIAN. ) SOLID_ANGLE_UNIT ( ) );
#3998 = ORIENTED_EDGE ( 'NONE', *, *, #7635, .T. ) ;
#3999 = CARTESIAN_POINT ( 'NONE',  ( 2.925000000000000711, 1.224999999999999201, 0.0000000000000000000 ) ) ;
#4000 = CARTESIAN_POINT ( 'NONE',  ( -5.370717855094400583, 2.768282164944072310, -23.16478167489200501 ) ) ;
#4001 = MECHANICAL_DESIGN_GEOMETRIC_PRESENTATION_REPRESENTATION (  '', ( #5369 ), #4758 ) ;
#4002 = CARTESIAN_POINT ( 'NONE',  ( 2.954467870389798190, -0.6999999999999995115, -29.31663546989617330 ) ) ;
#4003 = CARTESIAN_POINT ( 'NONE',  ( -0.1019898221399008070, -3.345120702415568470, -23.52004251739378660 ) ) ;
#4004 =( NAMED_UNIT ( * ) PLANE_ANGLE_UNIT ( ) SI_UNIT ( $, .RADIAN. ) );
#4005 =( LENGTH_UNIT ( ) NAMED_UNIT ( * ) SI_UNIT ( .MILLI., .METRE. ) );
#4006 = ORIENTED_EDGE ( 'NONE', *, *, #1312, .F. ) ;
#4007 = CARTESIAN_POINT ( 'NONE',  ( -5.471620077442635122, -2.440960748243135026, -4.445228907190568179E-15 ) ) ;
#4008 = ORIENTED_EDGE ( 'NONE', *, *, #2649, .F. ) ;
#4009 = CARTESIAN_POINT ( 'NONE',  ( -6.286732172873958469, 1.974056601065159455, -23.03959837050301473 ) ) ;
#4010 = SURFACE_SIDE_STYLE ('',( #7425 ) ) ;
#4011 =( GEOMETRIC_REPRESENTATION_CONTEXT ( 3 ) GLOBAL_UNCERTAINTY_ASSIGNED_CONTEXT ( ( #9124 ) ) GLOBAL_UNIT_ASSIGNED_CONTEXT ( ( #3227, #3733, #6633 ) ) REPRESENTATION_CONTEXT ( 'NONE', 'WORKASPACE' ) );
#4012 = CARTESIAN_POINT ( 'NONE',  ( 5.800000016970394690, -1.564010867705543761, -3.144186300207962859E-15 ) ) ;
#4013 = UNCERTAINTY_MEASURE_WITH_UNIT (LENGTH_MEASURE( 1.000000000000000082E-05 ), #9107, 'distance_accuracy_value', 'NONE');
#4014 = MECHANICAL_DESIGN_GEOMETRIC_PRESENTATION_REPRESENTATION (  '', ( #2198 ), #2805 ) ;
#4015 = EDGE_CURVE ( 'NONE', #1729, #4811, #539, .T. ) ;
#4016 = CARTESIAN_POINT ( 'NONE',  ( -6.212324228101728352, -2.301785324889428441, -23.05049117667434189 ) ) ;
#4017 = CARTESIAN_POINT ( 'NONE',  ( 3.252572334975010193, 0.4870147112371850384, -26.50436289858549799 ) ) ;
#4018 = DIRECTION ( 'NONE',  ( 1.000000000000000000, 0.0000000000000000000, 0.0000000000000000000 ) ) ;
#4019 = CARTESIAN_POINT ( 'NONE',  ( 5.081678923884535237, -3.051138586820361098, -21.26461840833500005 ) ) ;
#4020 = DIRECTION ( 'NONE',  ( 1.000000000000000000, 1.672957273954558210E-16, 0.0000000000000000000 ) ) ;
#4021 = SURFACE_SIDE_STYLE ('',( #1219 ) ) ;
#4022 =( LENGTH_UNIT ( ) NAMED_UNIT ( * ) SI_UNIT ( .MILLI., .METRE. ) );
#4023 = CARTESIAN_POINT ( 'NONE',  ( -1.871420061658900735, -4.577485074376069107, -29.75000000000000000 ) ) ;
#4024 = PRESENTATION_STYLE_ASSIGNMENT (( #3455 ) ) ;
#4025 = CARTESIAN_POINT ( 'NONE',  ( -6.240305437941197297, 2.719773072208144793, -20.52244350353285185 ) ) ;
#4026 = CARTESIAN_POINT ( 'NONE',  ( -2.903896132386251772, -0.8865072565709289920, -28.10000000000000497 ) ) ;
#4027 =( NAMED_UNIT ( * ) PLANE_ANGLE_UNIT ( ) SI_UNIT ( $, .RADIAN. ) );
#4028 = CARTESIAN_POINT ( 'NONE',  ( 6.065444246572663012, 3.149999999999999911, -19.12355397258131262 ) ) ;
#4029 = CARTESIAN_POINT ( 'NONE',  ( -5.933110034061977345, 2.258580753079590053, -0.2500000000000019429 ) ) ;
#4030 = AXIS2_PLACEMENT_3D ( 'NONE', #1891, #3576, #3618 ) ;
#4031 = AXIS2_PLACEMENT_3D ( 'NONE', #5266, #8122, #2467 ) ;
#4032 = CARTESIAN_POINT ( 'NONE',  ( -3.219856694775999006, -0.4874122644155988726, -28.35436310160932294 ) ) ;
#4033 =( NAMED_UNIT ( * ) SI_UNIT ( $, .STERADIAN. ) SOLID_ANGLE_UNIT ( ) );
#4034 = CARTESIAN_POINT ( 'NONE',  ( -0.6348266317353702393, -3.277466753428301516, -23.66561350360361615 ) ) ;
#4035 = ORIENTED_EDGE ( 'NONE', *, *, #1064, .T. ) ;
#4036 = PRESENTATION_LAYER_ASSIGNMENT (  '', '', ( #7667 ) ) ;
#4037 = CARTESIAN_POINT ( 'NONE',  ( 6.474576052672729176, -2.159326361684906992, -22.76539810824208132 ) ) ;
#4038 =( LENGTH_UNIT ( ) NAMED_UNIT ( * ) SI_UNIT ( .MILLI., .METRE. ) );
#4039 = ORIENTED_EDGE ( 'NONE', *, *, #3414, .F. ) ;
#4040 = CARTESIAN_POINT ( 'NONE',  ( 1.568439464908949477, -2.985923014984503521, -2.168404344971008868E-16 ) ) ;
#4041 =( GEOMETRIC_REPRESENTATION_CONTEXT ( 3 ) GLOBAL_UNCERTAINTY_ASSIGNED_CONTEXT ( ( #1964 ) ) GLOBAL_UNIT_ASSIGNED_CONTEXT ( ( #3522, #2326, #8082 ) ) REPRESENTATION_CONTEXT ( 'NONE', 'WORKASPACE' ) );
#4042 = STYLED_ITEM ( 'NONE', ( #938 ), #3124 ) ;
#4043 = CARTESIAN_POINT ( 'NONE',  ( -5.254050494821846051, 3.030443306818583427, -23.27146601063192577 ) ) ;
#4044 = CARTESIAN_POINT ( 'NONE',  ( -1.265088804136600631, 3.331551573991655690, -23.44939137582561983 ) ) ;
#4045 = AXIS2_PLACEMENT_3D ( 'NONE', #2287, #63, #4372 ) ;
#4046 = EDGE_CURVE ( 'NONE', #8526, #7900, #8126, .T. ) ;
#4047 = ADVANCED_FACE ( 'NONE', ( #5082 ), #1537, .T. ) ;
#4048 = CARTESIAN_POINT ( 'NONE',  ( -6.308239556175616158, 3.149999999999999911, -23.03642561252743803 ) ) ;
#4049 =( GEOMETRIC_REPRESENTATION_CONTEXT ( 3 ) GLOBAL_UNCERTAINTY_ASSIGNED_CONTEXT ( ( #7748 ) ) GLOBAL_UNIT_ASSIGNED_CONTEXT ( ( #2377, #8815, #5273 ) ) REPRESENTATION_CONTEXT ( 'NONE', 'WORKASPACE' ) );
#4050 = PRESENTATION_LAYER_ASSIGNMENT (  '', '', ( #2689 ) ) ;
#4051 = FILL_AREA_STYLE_COLOUR ( '', #3574 ) ;
#4052 = CARTESIAN_POINT ( 'NONE',  ( 1.872832080032804658, -0.9499999999999996225, -26.75000000000000355 ) ) ;
#4053 = FILL_AREA_STYLE_COLOUR ( '', #5023 ) ;
#4054 = CARTESIAN_POINT ( 'NONE',  ( 3.023593509155255710, 0.6999999999999995115, -25.53360123883778243 ) ) ;
#4055 = EDGE_LOOP ( 'NONE', ( #8051, #1156, #7046, #5610 ) ) ;
#4056 =( NAMED_UNIT ( * ) SI_UNIT ( $, .STERADIAN. ) SOLID_ANGLE_UNIT ( ) );
#4057 = EDGE_LOOP ( 'NONE', ( #1375, #4917, #5421, #7029 ) ) ;
#4058 = CARTESIAN_POINT ( 'NONE',  ( 3.005366193732541991, -0.6999999999999996225, -26.50000000000000355 ) ) ;
#4059 = EDGE_CURVE ( 'NONE', #2944, #5337, #3932, .T. ) ;
#4060 = CARTESIAN_POINT ( 'NONE',  ( 6.044824586752286955, 1.742498116660002649, -0.2500000000000108247 ) ) ;
#4061 =( LENGTH_UNIT ( ) NAMED_UNIT ( * ) SI_UNIT ( .MILLI., .METRE. ) );
#4062 = PRESENTATION_LAYER_ASSIGNMENT (  '', '', ( #5580 ) ) ;
#4063 = UNCERTAINTY_MEASURE_WITH_UNIT (LENGTH_MEASURE( 1.000000000000000082E-05 ), #8977, 'distance_accuracy_value', 'NONE');
#4064 = CARTESIAN_POINT ( 'NONE',  ( -5.531545680094867912, -2.743408474959669885, -23.14428868218881519 ) ) ;
#4065 = CARTESIAN_POINT ( 'NONE',  ( 1.871412712720893712, 4.577467098906676135, -29.75290886364105702 ) ) ;
#4066 = VERTEX_POINT ( 'NONE', #8953 ) ;
#4067 = DIRECTION ( 'NONE',  ( 1.000000000000000000, -1.672957273954558210E-16, -0.0000000000000000000 ) ) ;
#4068 = CARTESIAN_POINT ( 'NONE',  ( 5.077738624649150267, -3.017755088621229653, -21.05469134363643136 ) ) ;
#4069 = SURFACE_STYLE_USAGE ( .BOTH. , #1218 ) ;
#4070 = CARTESIAN_POINT ( 'NONE',  ( 3.268484528816635759, 0.4868243463146754157, -25.60436310160932649 ) ) ;
#4071 = EDGE_CURVE ( 'NONE', #3192, #1639, #5632, .T. ) ;
#4072 = CARTESIAN_POINT ( 'NONE',  ( -4.860818397582954198, 2.875357931054806304, -20.22822021129186254 ) ) ;
#4073 = CARTESIAN_POINT ( 'NONE',  ( -2.826775610078679613, -0.9499999999999997335, -29.50000000000000355 ) ) ;
#4074 = CARTESIAN_POINT ( 'NONE',  ( -5.210627282546227867, 3.035722774306472083, -22.93606777099247296 ) ) ;
#4075 = CARTESIAN_POINT ( 'NONE',  ( -5.821409468041434110, 2.460311220187051617, -0.2500000000000013878 ) ) ;
#4076 = CARTESIAN_POINT ( 'NONE',  ( 0.8582280433339896097, 3.228825671836342615, -23.60634340939551379 ) ) ;
#4077 = CARTESIAN_POINT ( 'NONE',  ( -0.3189235181640671102, -3.324183613561126016, -23.60459568344134951 ) ) ;
#4078 = ORIENTED_EDGE ( 'NONE', *, *, #6347, .T. ) ;
#4079 = AXIS2_PLACEMENT_3D ( 'NONE', #3171, #3359, #335 ) ;
#4080 = CARTESIAN_POINT ( 'NONE',  ( -6.180561504140601237, 1.551496384039917409, -20.04449203312482553 ) ) ;
#4081 = CARTESIAN_POINT ( 'NONE',  ( 1.914376003281628380, 4.664091817133391160, -27.00290886362657972 ) ) ;
#4082 = CARTESIAN_POINT ( 'NONE',  ( 6.329744543988361727, -1.569044888106387869, -21.23795635190690234 ) ) ;
#4083 = CARTESIAN_POINT ( 'NONE',  ( -3.097539359964370576, -1.301027188388821143, -23.38931761245556018 ) ) ;
#4084 = CARTESIAN_POINT ( 'NONE',  ( -3.226043172828179539, -0.7000000000002111200, -26.20376792832812640 ) ) ;
#4085 = ORIENTED_EDGE ( 'NONE', *, *, #5499, .T. ) ;
#4086 = FACE_OUTER_BOUND ( 'NONE', #6439, .T. ) ;
#4087 = STYLED_ITEM ( 'NONE', ( #5180 ), #5147 ) ;
#4088 = CARTESIAN_POINT ( 'NONE',  ( -3.035766082959412415E-15, -40.00249999999994088, -21.47721981097154753 ) ) ;
#4089 =( BOUNDED_SURFACE ( )  B_SPLINE_SURFACE ( 3, 2, ( 
 ( #1489, #7286, #8192 ),
 ( #2955, #4477, #3762 ),
 ( #3051, #5945, #2339 ),
 ( #5235, #708, #803 ),
 ( #4456, #7355, #3602 ),
 ( #1516, #5214, #8124 ),
 ( #6503, #2183, #758 ),
 ( #9381, #3691, #4501 ),
 ( #2891, #6592, #1560 ),
 ( #90, #1756, #307 ),
 ( #1091, #6088, #3135 ),
 ( #5420, #7441, #8853 ),
 ( #945, #2566, #5361 ),
 ( #2468, #4648, #6032 ),
 ( #3791, #8951, #6144 ),
 ( #6737, #3838, #5463 ),
 ( #202, #389, #8270 ),
 ( #8168, #9000, #9048 ),
 ( #6686, #2417, #8362 ),
 ( #2368, #2517, #3942 ),
 ( #7554, #8219, #1050 ),
 ( #6843, #3082, #5267 ),
 ( #1703, #1851, #7400 ),
 ( #350, #5978, #3235 ),
 ( #1655, #1802, #4696 ),
 ( #8321, #900, #6881 ) ),
 .UNSPECIFIED., .F., .F., .T. ) 
 B_SPLINE_SURFACE_WITH_KNOTS ( ( 4, 2, 2, 2, 2, 2, 2, 2, 2, 2, 2, 2, 4 ),
 ( 3, 3 ),
 ( 0.004185361467223324555, 0.005247615548950024938, 0.005778742589813375130, 0.006309869630676725322, 0.006840996671540075513, 0.007372123712403425705, 0.008434377794130126088, 0.009496631875856826471, 0.01002775891672017666, 0.01055888595758352685, 0.01109001299844687705, 0.01162114003931022724, 0.01268339412103692589 ),
 ( 0.0000000000000000000, 1.000000000000000000 ),
 .UNSPECIFIED. ) 
 GEOMETRIC_REPRESENTATION_ITEM ( )  RATIONAL_B_SPLINE_SURFACE ( (
 ( 1.000000000000000000, 0.7172473840162716385, 1.000000000000000000),
 ( 1.000000000000000000, 0.7191899353702934095, 1.000000000000000000),
 ( 1.000000000000000000, 0.7218218544895813604, 1.000000000000000000),
 ( 1.000000000000000000, 0.7259475306549125762, 1.000000000000000000),
 ( 1.000000000000000000, 0.7273579787050522549, 1.000000000000000000),
 ( 1.000000000000000000, 0.7301573035786220744, 1.000000000000000000),
 ( 1.000000000000000000, 0.7315523844722088276, 1.000000000000000000),
 ( 1.000000000000000000, 0.7341425559396347333, 1.000000000000000000),
 ( 1.000000000000000000, 0.7353486791831017610, 1.000000000000000000),
 ( 1.000000000000000000, 0.7375086622279484194, 1.000000000000000000),
 ( 1.000000000000000000, 0.7384686822261627981, 1.000000000000000000),
 ( 1.000000000000000000, 0.7408068977363589935, 1.000000000000000000),
 ( 1.000000000000000000, 0.7416450884561565093, 1.000000000000000000),
 ( 1.000000000000000000, 0.7416509570567553222, 1.000000000000000000),
 ( 1.000000000000000000, 0.7408184646996514022, 1.000000000000000000),
 ( 1.000000000000000000, 0.7384869644385139154, 1.000000000000000000),
 ( 1.000000000000000000, 0.7375293101949645935, 1.000000000000000000),
 ( 1.000000000000000000, 0.7353728852590301068, 1.000000000000000000),
 ( 1.000000000000000000, 0.7341680331037129248, 1.000000000000000000),
 ( 1.000000000000000000, 0.7315791182884266997, 1.000000000000000000),
 ( 1.000000000000000000, 0.7301863173178007038, 1.000000000000000000),
 ( 1.000000000000000000, 0.7273763267286110779, 1.000000000000000000),
 ( 1.000000000000000000, 0.7259523916821917222, 1.000000000000000000),
 ( 1.000000000000000000, 0.7217749188373817626, 1.000000000000000000),
 ( 1.000000000000000000, 0.7192264537315067319, 1.000000000000000000),
 ( 1.000000000000000000, 0.7172473840161571745, 1.000000000000000000) ) ) 
 REPRESENTATION_ITEM ( '' )  SURFACE ( )  );
#4090 = CARTESIAN_POINT ( 'NONE',  ( 6.067730761950961949, 2.742094147192003284, -19.14184609560768990 ) ) ;
#4091 = COLOUR_RGB ( '',0.2509803921568627416, 0.2509803921568627416, 0.2509803921568627416 ) ;
#4092 = EDGE_CURVE ( 'NONE', #94, #5045, #3283, .T. ) ;
#4093 =( NAMED_UNIT ( * ) SI_UNIT ( $, .STERADIAN. ) SOLID_ANGLE_UNIT ( ) );
#4094 = EDGE_LOOP ( 'NONE', ( #7375, #3943, #8339, #6885, #6425, #4170 ) ) ;
#4095 = CARTESIAN_POINT ( 'NONE',  ( 1.979898987322333603, -0.9499999999999997335, -25.60000000000000497 ) ) ;
#4096 = FACE_OUTER_BOUND ( 'NONE', #326, .T. ) ;
#4097 = ORIENTED_EDGE ( 'NONE', *, *, #29, .F. ) ;
#4098 = CARTESIAN_POINT ( 'NONE',  ( 4.909053692524710577, -2.869889770554746367, -20.44105959453211696 ) ) ;
#4099 = CARTESIAN_POINT ( 'NONE',  ( 5.985243638024384971, 2.108698481072319275, -0.2500000000000020539 ) ) ;
#4100 = CARTESIAN_POINT ( 'NONE',  ( -5.239957766371182935, 3.032171736869345047, -23.18068763881753114 ) ) ;
#4101 = ADVANCED_FACE ( 'NONE', ( #8363 ), #8865, .F. ) ;
#4102 = EDGE_CURVE ( 'NONE', #8196, #8745, #8002, .T. ) ;
#4103 = SURFACE_STYLE_USAGE ( .BOTH. , #2594 ) ;
#4104 = CARTESIAN_POINT ( 'NONE',  ( -4.908992211732342348, 2.869897986894282216, -20.44105857437185136 ) ) ;
#4105 = FILL_AREA_STYLE ('',( #1216 ) ) ;
#4106 = CARTESIAN_POINT ( 'NONE',  ( -2.969861802739602652, -0.7281556850838536432, -28.21739708335863028 ) ) ;
#4107 = FILL_AREA_STYLE ('',( #7713 ) ) ;
#4108 = CARTESIAN_POINT ( 'NONE',  ( 6.437226342057457806, 2.391109806196222376, -23.01777397984550433 ) ) ;
#4109 = CARTESIAN_POINT ( 'NONE',  ( -2.963386782545001097, -2.022216486637923527, -23.39838832121157708 ) ) ;
#4110 =( GEOMETRIC_REPRESENTATION_CONTEXT ( 3 ) GLOBAL_UNCERTAINTY_ASSIGNED_CONTEXT ( ( #1636 ) ) GLOBAL_UNIT_ASSIGNED_CONTEXT ( ( #8558, #4366, #2762 ) ) REPRESENTATION_CONTEXT ( 'NONE', 'WORKASPACE' ) );
#4111 = CARTESIAN_POINT ( 'NONE',  ( 1.861691802067471313, -3.060240950223350964, -23.45980744345817826 ) ) ;
#4112 = CARTESIAN_POINT ( 'NONE',  ( -6.103725754817093119, 1.393528348458046073, -19.42980603853676058 ) ) ;
#4113 = CARTESIAN_POINT ( 'NONE',  ( 6.182609125245416948, -2.725514048995511640, -20.06087300196336898 ) ) ;
#4114 = CARTESIAN_POINT ( 'NONE',  ( -5.320184226118540138, 2.778903635088952662, -0.2499999999999890643 ) ) ;
#4115 = STYLED_ITEM ( 'NONE', ( #3494 ), #6160 ) ;
#4116 = CARTESIAN_POINT ( 'NONE',  ( 0.3341829923755417764, -3.322633047478496859, -23.60785625615609362 ) ) ;
#4117 = CARTESIAN_POINT ( 'NONE',  ( 1.055543785834815118, 3.170097750938327685, -23.59999655286357623 ) ) ;
#4118 = VERTEX_POINT ( 'NONE', #942 ) ;
#4119 = CARTESIAN_POINT ( 'NONE',  ( 2.944529224315250993, 0.7282647970031911333, -29.38283625590221604 ) ) ;
#4120 = CLOSED_SHELL ( 'NONE', ( #2128, #8457, #6234, #3677 ) ) ;
#4121 = CARTESIAN_POINT ( 'NONE',  ( -5.828550810988079256, 2.586244989085424884, -20.10315033138379093 ) ) ;
#4122 = EDGE_CURVE ( 'NONE', #4398, #223, #5210, .T. ) ;
#4123 = FILL_AREA_STYLE_COLOUR ( '', #3592 ) ;
#4124 = PRESENTATION_STYLE_ASSIGNMENT (( #4656 ) ) ;
#4125 = ORIENTED_EDGE ( 'NONE', *, *, #4212, .F. ) ;
#4126 = DIRECTION ( 'NONE',  ( -0.0000000000000000000, -0.0000000000000000000, -1.000000000000000000 ) ) ;
#4127 = CARTESIAN_POINT ( 'NONE',  ( 3.171623530768506782, -0.6999999999999996225, -29.25379256652107074 ) ) ;
#4128 = DIRECTION ( 'NONE',  ( 0.1092371406278130480, -0.9940157177366257812, 0.0000000000000000000 ) ) ;
#4129 =( LENGTH_UNIT ( ) NAMED_UNIT ( * ) SI_UNIT ( .MILLI., .METRE. ) );
#4130 = DIRECTION ( 'NONE',  ( -1.000000000000000000, 0.0000000000000000000, 0.0000000000000000000 ) ) ;
#4131 = CIRCLE ( 'NONE', #7323, 0.2500000000000013323 ) ;
#4132 = CARTESIAN_POINT ( 'NONE',  ( 6.067918517396539535, -2.265152520554694959, -20.06868207668637183 ) ) ;
#4133 = CARTESIAN_POINT ( 'NONE',  ( -6.050000000000003375, 1.400739683024801341, -18.87548450340289463 ) ) ;
#4134 = B_SPLINE_CURVE_WITH_KNOTS ( 'NONE', 3,
 ( #5696, #4401, #704, #4252, #2887, #5782, #7876, #8022, #5653, #2179, #7974, #1466, #799, #8543, #755, #8591 ),
 .UNSPECIFIED., .F., .F.,
 ( 4, 2, 2, 2, 2, 2, 2, 4 ),
 ( 3.494631266567533428E-09, 0.2500000026209739934, 0.3750000021841455311, 0.5000000017473169578, 0.5625000015289024491, 0.6250000013104878294, 0.7500000008736588120, 1.000000000000000000 ),
 .UNSPECIFIED. ) ;
#4135 = DIRECTION ( 'NONE',  ( -1.000000000000000000, 0.0000000000000000000, 0.0000000000000000000 ) ) ;
#4136 = CARTESIAN_POINT ( 'NONE',  ( 1.861691802067471313, -3.060240950223350964, -23.45980744345817826 ) ) ;
#4137 = VERTEX_POINT ( 'NONE', #1752 ) ;
#4138 = CARTESIAN_POINT ( 'NONE',  ( -3.005366330439488198, 0.6999999999999995115, -26.50000000241255904 ) ) ;
#4139 =( BOUNDED_CURVE ( )  B_SPLINE_CURVE ( 3, ( #2199, #8089, #8137, #1619 ),
 .UNSPECIFIED., .F., .T. ) 
 B_SPLINE_CURVE_WITH_KNOTS ( ( 4, 4 ),
 ( 0.0000000000000000000, 1.000000000000000000 ),
 .UNSPECIFIED. ) 
 CURVE ( )  GEOMETRIC_REPRESENTATION_ITEM ( )  RATIONAL_B_SPLINE_CURVE ( ( 1.000000000000000000, 0.5423444637547523151, 0.5423444637547523151, 1.000000000000000000 ) ) 
 REPRESENTATION_ITEM ( '' )  );
#4140 = CARTESIAN_POINT ( 'NONE',  ( 6.272448303477728970, -1.432916833143689228, -20.77958642782185805 ) ) ;
#4141 = PRESENTATION_LAYER_ASSIGNMENT (  '', '', ( #3394 ) ) ;
#4142 = MECHANICAL_DESIGN_GEOMETRIC_PRESENTATION_REPRESENTATION (  '', ( #1289 ), #382 ) ;
#4143 = CARTESIAN_POINT ( 'NONE',  ( -6.302802205027790095, -1.868802767810213927, -23.03723528795811504 ) ) ;
#4144 = CARTESIAN_POINT ( 'NONE',  ( 6.050000000000006928, 2.744927974232792778, -0.2500000000000022204 ) ) ;
#4145 = CARTESIAN_POINT ( 'NONE',  ( -2.594099797821480813, -2.104397180307139514, -23.65645701842809601 ) ) ;
#4146 = SURFACE_STYLE_USAGE ( .BOTH. , #7195 ) ;
#4147 = CARTESIAN_POINT ( 'NONE',  ( 2.925000000000000711, -1.224999999999998757, 6.599999999999999645 ) ) ;
#4148 = CARTESIAN_POINT ( 'NONE',  ( 1.979898987322333603, -0.6999999999999997335, -25.35000000000000497 ) ) ;
#4149 = ORIENTED_EDGE ( 'NONE', *, *, #6780, .F. ) ;
#4150 = VECTOR ( 'NONE', #7063, 1000.000000000000000 ) ;
#4151 = CARTESIAN_POINT ( 'NONE',  ( 5.633182362503754703, -2.938647718774702433, -21.39904608532668817 ) ) ;
#4152 = CARTESIAN_POINT ( 'NONE',  ( 0.0000000000000000000, -0.9499999999999996225, -25.35000000000000497 ) ) ;
#4153 = EDGE_CURVE ( 'NONE', #8761, #5926, #9051, .T. ) ;
#4154 = CARTESIAN_POINT ( 'NONE',  ( 1.979898987322333603, 0.6999999999999997335, -28.35000000000000497 ) ) ;
#4155 = MECHANICAL_DESIGN_GEOMETRIC_PRESENTATION_REPRESENTATION (  '', ( #529 ), #242 ) ;
#4156 = ADVANCED_FACE ( 'NONE', ( #1652 ), #7397, .T. ) ;
#4157 = B_SPLINE_CURVE_WITH_KNOTS ( 'NONE', 3,
 ( #5324, #5847, #7365, #959, #8088, #4418 ),
 .UNSPECIFIED., .F., .F.,
 ( 4, 2, 4 ),
 ( 0.0000000000000000000, 0.5000000000000000000, 1.000000000000000000 ),
 .UNSPECIFIED. ) ;
#4158 =( NAMED_UNIT ( * ) SI_UNIT ( $, .STERADIAN. ) SOLID_ANGLE_UNIT ( ) );
#4159 = MECHANICAL_DESIGN_GEOMETRIC_PRESENTATION_REPRESENTATION (  '', ( #6295 ), #5688 ) ;
#4160 = MECHANICAL_DESIGN_GEOMETRIC_PRESENTATION_REPRESENTATION (  '', ( #2799 ), #2950 ) ;
#4161 = CARTESIAN_POINT ( 'NONE',  ( 3.144056327784209071, -0.9526091985384127492, -26.76966048063870574 ) ) ;
#4162 = CARTESIAN_POINT ( 'NONE',  ( -2.925000000000000266, -4.238084680662899344E-17, 6.599999999999999645 ) ) ;
#4163 =( NAMED_UNIT ( * ) SI_UNIT ( $, .STERADIAN. ) SOLID_ANGLE_UNIT ( ) );
#4164 = STYLED_ITEM ( 'NONE', ( #8622 ), #2128 ) ;
#4165 = SURFACE_STYLE_FILL_AREA ( #1269 ) ;
#4166 = CARTESIAN_POINT ( 'NONE',  ( -5.800000016965791261, 1.564007512293237090, -2.276824562219558523E-15 ) ) ;
#4167 =( NAMED_UNIT ( * ) PLANE_ANGLE_UNIT ( ) SI_UNIT ( $, .RADIAN. ) );
#4168 = CARTESIAN_POINT ( 'NONE',  ( -0.5321279243978085383, 3.298809569320806379, -23.58691295412014099 ) ) ;
#4169 = STYLED_ITEM ( 'NONE', ( #2983 ), #8164 ) ;
#4170 = ORIENTED_EDGE ( 'NONE', *, *, #2482, .T. ) ;
#4171 = SURFACE_STYLE_USAGE ( .BOTH. , #6796 ) ;
#4172 = CARTESIAN_POINT ( 'NONE',  ( 6.519776015601036256, -1.716434267459103102, -22.75820812480911570 ) ) ;
#4173 = SURFACE_STYLE_USAGE ( .BOTH. , #7773 ) ;
#4174 = CARTESIAN_POINT ( 'NONE',  ( -4.686546425784772651, 2.643259330195588230, -1.409462824231155764E-16 ) ) ;
#4175 = ORIENTED_EDGE ( 'NONE', *, *, #4550, .T. ) ;
#4176 = CARTESIAN_POINT ( 'NONE',  ( -3.021249826109916548, 0.6999999999999789724, -25.59999999839730478 ) ) ;
#4177 = CARTESIAN_POINT ( 'NONE',  ( -3.186676573704602333, -0.5648500294604850147, -29.51961587295212297 ) ) ;
#4178 =( LENGTH_UNIT ( ) NAMED_UNIT ( * ) SI_UNIT ( .MILLI., .METRE. ) );
#4179 = FACE_OUTER_BOUND ( 'NONE', #4844, .T. ) ;
#4180 = DIRECTION ( 'NONE',  ( 1.000000000000000000, 0.0000000000000000000, 0.0000000000000000000 ) ) ;
#4181 = COLOUR_RGB ( '',0.7529411764705882248, 0.7529411764705882248, 0.7529411764705882248 ) ;
#4182 = CARTESIAN_POINT ( 'NONE',  ( 3.254617180496213624, 0.6058023720889628150, -25.28486960772290360 ) ) ;
#4183 = ORIENTED_EDGE ( 'NONE', *, *, #8354, .T. ) ;
#4184 = CARTESIAN_POINT ( 'NONE',  ( -6.082404828544341058, -2.796462266565286736, -22.82238857780509989 ) ) ;
#4185 = ORIENTED_EDGE ( 'NONE', *, *, #1434, .F. ) ;
#4186 = B_SPLINE_CURVE_WITH_KNOTS ( 'NONE', 3,
 ( #4975, #7767, #6270, #3415, #5691, #6982, #7871, #8539, #1980, #570, #9141, #653, #4205, #608, #9235, #5564, #3550, #4927, #6452, #4246, #4116, #1270, #1937, #4834, #524, #6314, #9190, #2033, #2698, #3508, #8491, #4883, #3463, #6360, #7819, #6407, #5466, #475, #6229, #3285, #1185, #6186, #4077, #8365, #392, #7642, #1855, #2612, #4742, #9098, #439, #1139, #4034, #6937, #3333, #5516, #1895, #4789, #7685, #537 ),
 .UNSPECIFIED., .F., .F.,
 ( 4, 2, 1, 1, 2, 2, 2, 1, 2, 2, 1, 1, 1, 2, 2, 2, 2, 2, 1, 1, 1, 2, 2, 2, 1, 1, 1, 2, 2, 2, 2, 2, 1, 1, 2, 2, 4 ),
 ( 0.0000000000000000000, 0.06249999999996390387, 0.09374999999994595989, 0.1093749999999368561, 0.1171874999999322348, 0.1249999999999276135, 0.1874999999998899214, 0.2187499999998707423, 0.2343749999998612221, 0.2499999999998517020, 0.3124999999998110956, 0.3437499999997911670, 0.3593749999997811750, 0.3671874999997761790, 0.3749999999997711830, 0.4374999999997334910, 0.4687499999997148947, 0.4999999999996962985, 0.5312499999996775912, 0.5468749999996681543, 0.5546874999996632694, 0.5585937499996607158, 0.5624999999996582734, 0.5937499999996400657, 0.6093749999996306288, 0.6171874999996255218, 0.6210937499996230793, 0.6230468749996221911, 0.6249999999996213029, 0.6874999999995922151, 0.7187499999995775601, 0.7343749999995701216, 0.7421874999995661248, 0.7460937499995645705, 0.7480468749995681232, 0.7499999999995715649, 1.000000000000000000 ),
 .UNSPECIFIED. ) ;
#4187 = CARTESIAN_POINT ( 'NONE',  ( 5.650887842016284246, 2.275403159923356622, -3.252606517456513302E-15 ) ) ;
#4188 = FACE_OUTER_BOUND ( 'NONE', #920, .T. ) ;
#4189 = CARTESIAN_POINT ( 'NONE',  ( 2.953517272070374844, -0.8867847214734078110, -25.35000000000000497 ) ) ;
#4190 = MECHANICAL_DESIGN_GEOMETRIC_PRESENTATION_REPRESENTATION (  '', ( #7832 ), #4049 ) ;
#4191 =( BOUNDED_SURFACE ( )  B_SPLINE_SURFACE ( 3, 2, ( 
 ( #2935, #2275, #7174 ),
 ( #5836, #4310, #5084 ),
 ( #7220, #6075, #8722 ),
 ( #8942, #7308, #1797 ),
 ( #8397, #6926, #6830 ),
 ( #2600, #4108, #9132 ),
 ( #3225, #6132, #4685 ),
 ( #9088, #6177, #6221 ),
 ( #383, #7019, #7545 ),
 ( #471, #3363, #6304 ),
 ( #5456, #3933, #8434 ),
 ( #8990, #515, #7584 ),
 ( #3405, #1039, #9037 ),
 ( #1080, #2507, #6262 ),
 ( #7675, #339, #9178 ),
 ( #1885, #2690, #1173 ) ),
 .UNSPECIFIED., .F., .F., .F. ) 
 B_SPLINE_SURFACE_WITH_KNOTS ( ( 4, 2, 2, 2, 2, 2, 2, 4 ),
 ( 3, 3 ),
 ( -6.742694360056117331E-08, 0.0004823945439531306155, 0.0007236255294014962581, 0.0008442410221256790252, 0.0009648565148498617922, 0.001206087500298227543, 0.001447318485746593077, 0.001929780456643324146 ),
 ( 0.0000000000000000000, 1.000000000000000000 ),
 .UNSPECIFIED. ) 
 GEOMETRIC_REPRESENTATION_ITEM ( )  RATIONAL_B_SPLINE_SURFACE ( (
 ( 1.000000000000000000, 0.7149663194116567810, 1.000000000000000000),
 ( 1.000000000000000000, 0.7151134986526010984, 1.000000000000000000),
 ( 1.000000000000000000, 0.7152608352222548094, 1.000000000000000000),
 ( 1.000000000000000000, 0.7155100616810260439, 1.000000000000000000),
 ( 1.000000000000000000, 0.7156053016547199164, 1.000000000000000000),
 ( 1.000000000000000000, 0.7157052039362357121, 1.000000000000000000),
 ( 1.000000000000000000, 0.7157309932719849721, 1.000000000000000000),
 ( 1.000000000000000000, 0.7157050725636414645, 1.000000000000000000),
 ( 1.000000000000000000, 0.7156447180417774279, 1.000000000000000000),
 ( 1.000000000000000000, 0.7152351742820066693, 1.000000000000000000),
 ( 1.000000000000000000, 0.7146831196425152966, 1.000000000000000000),
 ( 1.000000000000000000, 0.7138452292740676830, 1.000000000000000000),
 ( 1.000000000000000000, 0.7135180544182608831, 1.000000000000000000),
 ( 1.000000000000000000, 0.7127411451976670698, 1.000000000000000000),
 ( 1.000000000000000000, 0.7124676828865225131, 1.000000000000000000),
 ( 1.000000000000000000, 0.7122195791692822464, 1.000000000000000000) ) ) 
 REPRESENTATION_ITEM ( '' )  SURFACE ( )  );
#4192 = CARTESIAN_POINT ( 'NONE',  ( 1.171070091768190994E-16, -0.7000000000000000666, -29.25000000000000000 ) ) ;
#4193 = CARTESIAN_POINT ( 'NONE',  ( -2.952037432446369181, -0.8220720537110588477, -26.72459797288244232 ) ) ;
#4194 = VERTEX_POINT ( 'NONE', #4596 ) ;
#4195 = CARTESIAN_POINT ( 'NONE',  ( -2.861741315536934227, -0.9499999999999996225, -28.10000000000000497 ) ) ;
#4196 = LINE ( 'NONE', #4333, #1177 ) ;
#4197 = ORIENTED_EDGE ( 'NONE', *, *, #5123, .T. ) ;
#4198 = CARTESIAN_POINT ( 'NONE',  ( -0.6310809517954648618, 3.278208309120634212, -23.66495747313429021 ) ) ;
#4199 = CARTESIAN_POINT ( 'NONE',  ( 6.065444246572633702, 1.397760580596318913, -19.12355397258108880 ) ) ;
#4200 = STYLED_ITEM ( 'NONE', ( #658 ), #4262 ) ;
#4201 = LINE ( 'NONE', #1179, #5485 ) ;
#4202 = EDGE_CURVE ( 'NONE', #948, #1860, #1629, .T. ) ;
#4203 = CARTESIAN_POINT ( 'NONE',  ( -5.697970127606043711, 2.597300602802241620, 1.733543638426469504E-15 ) ) ;
#4204 = CARTESIAN_POINT ( 'NONE',  ( 1.861642404832312359, -3.310010245961618747, -23.21005533523129571 ) ) ;
#4205 = CARTESIAN_POINT ( 'NONE',  ( 0.7253427166481215549, -3.258570388118147587, -23.68149596845091764 ) ) ;
#4206 = DIRECTION ( 'NONE',  ( 0.0000000000000000000, 0.0000000000000000000, 1.000000000000000000 ) ) ;
#4207 = VERTEX_POINT ( 'NONE', #6029 ) ;
#4208 = DIRECTION ( 'NONE',  ( 0.0000000000000000000, 1.000000000000000000, 0.0000000000000000000 ) ) ;
#4209 = CARTESIAN_POINT ( 'NONE',  ( 1.979898987322333603, 0.6999999999999997335, -25.60000000000000497 ) ) ;
#4210 =( GEOMETRIC_REPRESENTATION_CONTEXT ( 3 ) GLOBAL_UNCERTAINTY_ASSIGNED_CONTEXT ( ( #6013 ) ) GLOBAL_UNIT_ASSIGNED_CONTEXT ( ( #769, #4415, #2281 ) ) REPRESENTATION_CONTEXT ( 'NONE', 'WORKASPACE' ) );
#4211 = CARTESIAN_POINT ( 'NONE',  ( 5.021731462593256090, -3.058171956758879872, -21.47721981097154398 ) ) ;
#4212 = EDGE_CURVE ( 'NONE', #1508, #4892, #4645, .T. ) ;
#4213 = EDGE_CURVE ( 'NONE', #6548, #49, #3132, .T. ) ;
#4214 = ORIENTED_EDGE ( 'NONE', *, *, #5193, .T. ) ;
#4215 = CARTESIAN_POINT ( 'NONE',  ( -4.149999999999999467, -4.238084680662899344E-17, 6.599999999999999645 ) ) ;
#4216 =( BOUNDED_SURFACE ( )  B_SPLINE_SURFACE ( 2, 3, ( 
 ( #4211, #1374, #6322, #8592 ),
 ( #5520, #1900, #5655, #2091 ),
 ( #4255, #4082, #4984, #8499 ) ),
 .UNSPECIFIED., .F., .F., .F. ) 
 B_SPLINE_SURFACE_WITH_KNOTS ( ( 3, 3 ),
 ( 4, 4 ),
 ( 0.0000000000000000000, 1.000000000000000000 ),
 ( 0.0000000000000000000, 0.0001589972542498159936 ),
 .UNSPECIFIED. ) 
 GEOMETRIC_REPRESENTATION_ITEM ( )  RATIONAL_B_SPLINE_SURFACE ( (
 ( 1.000000000000000000, 1.000000000000000000, 1.000000000000000000, 1.000000000000000000),
 ( 1.493278530499288159, 1.502011245713230192, 1.509219134263339646, 1.514957848099246940),
 ( 1.000000000000000000, 1.000000000000000000, 1.000000000000000000, 1.000000000000000000) ) ) 
 REPRESENTATION_ITEM ( '' )  SURFACE ( )  );
#4217 = CARTESIAN_POINT ( 'NONE',  ( 5.021739545883078470, 3.058171014082662786, -21.47721924185215414 ) ) ;
#4218 = VECTOR ( 'NONE', #4067, 1000.000000000000000 ) ;
#4219 = CARTESIAN_POINT ( 'NONE',  ( 4.860731155675103388, -2.875367821105625055, -20.22822021129185899 ) ) ;
#4220 = CARTESIAN_POINT ( 'NONE',  ( -0.4202714543474312392, -3.331435787986774422, -23.53410231636525651 ) ) ;
#4221 = FILL_AREA_STYLE_COLOUR ( '', #8370 ) ;
#4222 =( GEOMETRIC_REPRESENTATION_CONTEXT ( 3 ) GLOBAL_UNCERTAINTY_ASSIGNED_CONTEXT ( ( #8009 ) ) GLOBAL_UNIT_ASSIGNED_CONTEXT ( ( #8087, #4417, #870 ) ) REPRESENTATION_CONTEXT ( 'NONE', 'WORKASPACE' ) );
#4223 = CARTESIAN_POINT ( 'NONE',  ( 2.963719372166158106, -2.021785647762826432, -23.39836603183099939 ) ) ;
#4224 = VERTEX_POINT ( 'NONE', #303 ) ;
#4225 = FILL_AREA_STYLE ('',( #4271 ) ) ;
#4226 = CARTESIAN_POINT ( 'NONE',  ( 3.302886653789705917, -0.5939290309529604572, -23.60084351616525566 ) ) ;
#4227 = EDGE_LOOP ( 'NONE', ( #6711, #6481, #2722, #9361 ) ) ;
#4228 = CARTESIAN_POINT ( 'NONE',  ( -5.398633874874180449, 2.764919365854044297, -23.16138590355248184 ) ) ;
#4229 = CARTESIAN_POINT ( 'NONE',  ( 1.696187113276077962, -3.317170658145620621, -23.42518643766336339 ) ) ;
#4230 = UNCERTAINTY_MEASURE_WITH_UNIT (LENGTH_MEASURE( 1.000000000000000082E-05 ), #3279, 'distance_accuracy_value', 'NONE');
#4231 = CARTESIAN_POINT ( 'NONE',  ( -1.832391517427825578, -2.814356832649286932, -23.46205281307247503 ) ) ;
#4232 = EDGE_LOOP ( 'NONE', ( #5913, #7217, #4006, #2044 ) ) ;
#4233 = CARTESIAN_POINT ( 'NONE',  ( 5.044839073842332766, -2.887943547056463167, -20.65074867862697872 ) ) ;
#4234 = CARTESIAN_POINT ( 'NONE',  ( -3.035766082959412415E-15, -40.00249999999994088, 34.54051063606326721 ) ) ;
#4235 = VERTEX_POINT ( 'NONE', #3182 ) ;
#4236 = CARTESIAN_POINT ( 'NONE',  ( -0.3351468272248185887, 3.322532719942162149, -23.60804174393238242 ) ) ;
#4237 = PRESENTATION_STYLE_ASSIGNMENT (( #1399 ) ) ;
#4238 = CARTESIAN_POINT ( 'NONE',  ( -3.208456036928568622, 0.7376872922952175671, -26.65435741920151003 ) ) ;
#4239 = CARTESIAN_POINT ( 'NONE',  ( 6.106013773780378351, 2.736621280184889926, -19.44811019024303889 ) ) ;
#4240 = CARTESIAN_POINT ( 'NONE',  ( -2.985064664429871506, -3.261723723081216608, -23.16182304803780312 ) ) ;
#4241 =( LENGTH_UNIT ( ) NAMED_UNIT ( * ) SI_UNIT ( .MILLI., .METRE. ) );
#4242 = DIRECTION ( 'NONE',  ( -1.000000000000000000, 0.0000000000000000000, 0.0000000000000000000 ) ) ;
#4243 = CARTESIAN_POINT ( 'NONE',  ( -3.309176007202909275, -1.389156274180761264, -23.37305437825961363 ) ) ;
#4244 = DIRECTION ( 'NONE',  ( 0.9998443171225058768, 0.0000000000000000000, 0.01764487228148032411 ) ) ;
#4245 = SURFACE_SIDE_STYLE ('',( #2032 ) ) ;
#4246 = CARTESIAN_POINT ( 'NONE',  ( 0.3540195686602189973, -3.320547516758241446, -23.61187230491865918 ) ) ;
#4247 = CARTESIAN_POINT ( 'NONE',  ( 0.2350913002129295382, 3.342056857587191843, -23.52351127813803799 ) ) ;
#4248 = ORIENTED_EDGE ( 'NONE', *, *, #1253, .F. ) ;
#4249 = CARTESIAN_POINT ( 'NONE',  ( -6.055148878758481956, -1.399698720869750002, -19.04119066029195650 ) ) ;
#4250 = EDGE_CURVE ( 'NONE', #4837, #3934, #1788, .T. ) ;
#4251 = PRESENTATION_LAYER_ASSIGNMENT (  '', '', ( #8065 ) ) ;
#4252 = CARTESIAN_POINT ( 'NONE',  ( 6.474580978349880667, -2.159300178689456562, -22.76539788371051642 ) ) ;
#4253 = MECHANICAL_DESIGN_GEOMETRIC_PRESENTATION_REPRESENTATION (  '', ( #7908 ), #3658 ) ;
#4254 = CARTESIAN_POINT ( 'NONE',  ( 1.768476342693168446, 4.308629038710202863, -26.75000000000000355 ) ) ;
#4255 = CARTESIAN_POINT ( 'NONE',  ( 6.336395963635964357, -1.568269230615328746, -21.29116770908773759 ) ) ;
#4256 = ORIENTED_EDGE ( 'NONE', *, *, #6961, .F. ) ;
#4257 = CARTESIAN_POINT ( 'NONE',  ( -6.050000000000007816, -2.744927974232791890, -12.26906492721187725 ) ) ;
#4258 = CARTESIAN_POINT ( 'NONE',  ( 3.203937380527207779, -0.4876087726535983657, -29.25436310160932507 ) ) ;
#4259 = CARTESIAN_POINT ( 'NONE',  ( -6.485568512848435496, 2.250992986219569669, -23.01051974572297709 ) ) ;
#4260 = PRESENTATION_LAYER_ASSIGNMENT (  '', '', ( #30 ) ) ;
#4261 = EDGE_CURVE ( 'NONE', #4137, #5085, #8771, .T. ) ;
#4262 = ADVANCED_FACE ( 'NONE', ( #801 ), #1479, .T. ) ;
#4263 = B_SPLINE_CURVE_WITH_KNOTS ( 'NONE', 3,
 ( #3324, #6225, #9090, #5556 ),
 .UNSPECIFIED., .F., .F.,
 ( 4, 4 ),
 ( 0.0000000000000000000, 1.000000000000000000 ),
 .UNSPECIFIED. ) ;
#4264 = CARTESIAN_POINT ( 'NONE',  ( 2.861741315536934227, -0.9499999999999995115, -28.10000000000000497 ) ) ;
#4265 = STYLED_ITEM ( 'NONE', ( #5353 ), #7189 ) ;
#4266 = COLOUR_RGB ( '',0.2509803921568627416, 0.2509803921568627416, 0.2509803921568627416 ) ;
#4267 = CARTESIAN_POINT ( 'NONE',  ( 2.925000000000000266, 6.740375306945725563E-16, 6.599999999999999645 ) ) ;
#4268 = CARTESIAN_POINT ( 'NONE',  ( 3.178332786531031573, -0.7517154112860378046, -27.90513525946786544 ) ) ;
#4269 = CARTESIAN_POINT ( 'NONE',  ( 2.925000000000000711, 0.6249999999999998890, 6.599999999999999645 ) ) ;
#4270 = EDGE_LOOP ( 'NONE', ( #22, #2016, #8927, #8078 ) ) ;
#4271 = FILL_AREA_STYLE_COLOUR ( '', #8488 ) ;
#4272 = PRESENTATION_STYLE_ASSIGNMENT (( #4949 ) ) ;
#4273 = ORIENTED_EDGE ( 'NONE', *, *, #6508, .F. ) ;
#4274 = FILL_AREA_STYLE_COLOUR ( '', #8828 ) ;
#4275 = CARTESIAN_POINT ( 'NONE',  ( 2.956821066562416167, -0.6999999999999995115, -29.25000000253383803 ) ) ;
#4276 = CARTESIAN_POINT ( 'NONE',  ( 2.955957632331234652, 3.620004052849635196E-16, -31.50000000000000000 ) ) ;
#4277 = STYLED_ITEM ( 'NONE', ( #3296 ), #740 ) ;
#4278 = UNCERTAINTY_MEASURE_WITH_UNIT (LENGTH_MEASURE( 1.000000000000000082E-05 ), #501, 'distance_accuracy_value', 'NONE');
#4279 = CARTESIAN_POINT ( 'NONE',  ( -2.224169826325479438, -2.494670458562096904, -23.67996397301433475 ) ) ;
#4280 = ORIENTED_EDGE ( 'NONE', *, *, #6214, .F. ) ;
#4281 = CARTESIAN_POINT ( 'NONE',  ( 1.861642404832312359, -3.310010245961618747, -23.21005533523129571 ) ) ;
#4282 = ORIENTED_EDGE ( 'NONE', *, *, #2852, .T. ) ;
#4283 = DIRECTION ( 'NONE',  ( 0.0000000000000000000, 0.0000000000000000000, 1.000000000000000000 ) ) ;
#4284 = DIRECTION ( 'NONE',  ( 1.000000000000000000, 1.672957273954558210E-16, 0.0000000000000000000 ) ) ;
#4285 = CARTESIAN_POINT ( 'NONE',  ( -3.118945652137671498, 1.029759226823860008, -26.75000000000000355 ) ) ;
#4286 = CARTESIAN_POINT ( 'NONE',  ( 2.028086702975955280, 2.651360089723668434, -23.69085930343875646 ) ) ;
#4287 = ADVANCED_FACE ( 'NONE', ( #7351 ), #7973, .F. ) ;
#4288 = CARTESIAN_POINT ( 'NONE',  ( -1.241898298742483142, 3.097668276146434252, -23.72510330440770687 ) ) ;
#4289 = UNCERTAINTY_MEASURE_WITH_UNIT (LENGTH_MEASURE( 1.000000000000000082E-05 ), #7035, 'distance_accuracy_value', 'NONE');
#4290 = MECHANICAL_DESIGN_GEOMETRIC_PRESENTATION_REPRESENTATION (  '', ( #8408 ), #5063 ) ;
#4291 = CARTESIAN_POINT ( 'NONE',  ( 2.952181357953394869, -0.8217608070699558009, -26.72437264523267686 ) ) ;
#4292 = CARTESIAN_POINT ( 'NONE',  ( 3.098973170844942615, -1.028752842305847182, -27.85436310160286055 ) ) ;
#4293 = CARTESIAN_POINT ( 'NONE',  ( -3.278046303098423486, -0.6589186868689443921, -23.60239368571988905 ) ) ;
#4294 = CARTESIAN_POINT ( 'NONE',  ( -2.956820923034314763, 0.6999999999999996225, -29.25000000000000000 ) ) ;
#4295 = CARTESIAN_POINT ( 'NONE',  ( -4.686546425784772651, 2.643259330195588230, -1.409462824231155764E-16 ) ) ;
#4296 =( LENGTH_UNIT ( ) NAMED_UNIT ( * ) SI_UNIT ( .MILLI., .METRE. ) );
#4297 = CIRCLE ( 'NONE', #7501, 3.280141658276158445 ) ;
#4298 = ORIENTED_EDGE ( 'NONE', *, *, #7176, .T. ) ;
#4299 = CARTESIAN_POINT ( 'NONE',  ( -3.063751019710968748, -1.029640788730453949, -29.75000000000000355 ) ) ;
#4300 = AXIS2_PLACEMENT_3D ( 'NONE', #688, #9363, #5813 ) ;
#4301 = CARTESIAN_POINT ( 'NONE',  ( 3.003015388406721886, -0.6999999999999992895, -26.56659599427040774 ) ) ;
#4302 = CARTESIAN_POINT ( 'NONE',  ( 3.252572334970511125, -0.4870147112372397169, -26.50436289884129692 ) ) ;
#4303 = CARTESIAN_POINT ( 'NONE',  ( 3.114765733250400181, 1.028379173908031463, -27.00000000000000355 ) ) ;
#4304 = CARTESIAN_POINT ( 'NONE',  ( -1.931712908894738678, -0.8252889325712413626, -26.72637156242575074 ) ) ;
#4305 = CARTESIAN_POINT ( 'NONE',  ( -0.4526504719292203105, -3.330727717530180154, -23.53171147683584863 ) ) ;
#4306 =( GEOMETRIC_REPRESENTATION_CONTEXT ( 3 ) GLOBAL_UNCERTAINTY_ASSIGNED_CONTEXT ( ( #7283 ) ) GLOBAL_UNIT_ASSIGNED_CONTEXT ( ( #5886, #1523, #5175 ) ) REPRESENTATION_CONTEXT ( 'NONE', 'WORKASPACE' ) );
#4307 = VERTEX_POINT ( 'NONE', #7977 ) ;
#4308 = CARTESIAN_POINT ( 'NONE',  ( -2.877370061222676689, 0.9499999999999995115, -26.75000000000000000 ) ) ;
#4309 = SURFACE_SIDE_STYLE ('',( #2096 ) ) ;
#4310 = CARTESIAN_POINT ( 'NONE',  ( 6.549995583332837157, 1.715124273164264190, -23.00070076435098798 ) ) ;
#4311 = CARTESIAN_POINT ( 'NONE',  ( -6.549995027953271709, 1.716162365067847473, -23.00070084632691803 ) ) ;
#4312 = MECHANICAL_DESIGN_GEOMETRIC_PRESENTATION_REPRESENTATION (  '', ( #8852 ), #2205 ) ;
#4313 = CARTESIAN_POINT ( 'NONE',  ( -3.063751019710968748, 1.029640788730453282, -29.60355339059327662 ) ) ;
#4314 = FILL_AREA_STYLE ('',( #4755 ) ) ;
#4315 = SURFACE_STYLE_USAGE ( .BOTH. , #4365 ) ;
#4316 = CARTESIAN_POINT ( 'NONE',  ( 5.263377698438273633, 2.799913227088127954, -19.24319090811522059 ) ) ;
#4317 = CARTESIAN_POINT ( 'NONE',  ( 3.187685826374565323, -0.6999999999999998446, -28.35379515955781571 ) ) ;
#4318 = VERTEX_POINT ( 'NONE', #8205 ) ;
#4319 = EDGE_CURVE ( 'NONE', #7409, #9250, #6068, .T. ) ;
#4320 = CARTESIAN_POINT ( 'NONE',  ( 6.050000000000005151, 1.400739683024801341, 0.9437742251701406460 ) ) ;
#4321 = AXIS2_PLACEMENT_3D ( 'NONE', #4347, #5869, #6580 ) ;
#4322 = CARTESIAN_POINT ( 'NONE',  ( 2.972710410531939740, 0.6999999999999995115, -28.35000000000000497 ) ) ;
#4323 = DIRECTION ( 'NONE',  ( -0.2420797396393152279, 0.0000000000000000000, 0.9702563576994285288 ) ) ;
#4324 = UNCERTAINTY_MEASURE_WITH_UNIT (LENGTH_MEASURE( 1.000000000000000082E-05 ), #3731, 'distance_accuracy_value', 'NONE');
#4325 =( BOUNDED_SURFACE ( )  B_SPLINE_SURFACE ( 2, 3, ( 
 ( #3406, #2258, #786, #8751 ),
 ( #8576, #4239, #5862, #25 ),
 ( #4199, #4969, #6487, #7115 ) ),
 .UNSPECIFIED., .F., .F., .T. ) 
 B_SPLINE_SURFACE_WITH_KNOTS ( ( 3, 3 ),
 ( 4, 4 ),
 ( 0.0000000000000000000, 1.000000000000000000 ),
 ( 4.822497354799462954, 4.825271359675770810 ),
 .UNSPECIFIED. ) 
 GEOMETRIC_REPRESENTATION_ITEM ( )  RATIONAL_B_SPLINE_SURFACE ( (
 ( 1.000000000000000000, 1.000000000000000000, 1.000000000000000000, 1.000000000000000000),
 ( 1.489320292087568331, 1.489932632847581484, 1.490544502060683785, 1.491155899116284766),
 ( 1.000000000000000000, 1.000000000000000000, 1.000000000000000000, 1.000000000000000000) ) ) 
 REPRESENTATION_ITEM ( '' )  SURFACE ( )  );
#4326 =( GEOMETRIC_REPRESENTATION_CONTEXT ( 3 ) GLOBAL_UNCERTAINTY_ASSIGNED_CONTEXT ( ( #1030 ) ) GLOBAL_UNIT_ASSIGNED_CONTEXT ( ( #6924, #8525, #1928 ) ) REPRESENTATION_CONTEXT ( 'NONE', 'WORKASPACE' ) );
#4327 = LINE ( 'NONE', #4028, #1601 ) ;
#4328 = CARTESIAN_POINT ( 'NONE',  ( -4.741856460906222814, -2.888676873037204107, -19.30960607446508703 ) ) ;
#4329 = CARTESIAN_POINT ( 'NONE',  ( -1.327225430925942584, -3.329678907891339801, -23.47958468072814497 ) ) ;
#4330 = CARTESIAN_POINT ( 'NONE',  ( -3.063751019710968304, 1.029640788730452616, -29.75145445951121204 ) ) ;
#4331 = EDGE_LOOP ( 'NONE', ( #3527, #2619, #10, #2418 ) ) ;
#4332 = EDGE_CURVE ( 'NONE', #5758, #4398, #1337, .T. ) ;
#4333 = CARTESIAN_POINT ( 'NONE',  ( -3.276049450176239830, -0.6999999999999995115, -25.60000000000000497 ) ) ;
#4334 = ORIENTED_EDGE ( 'NONE', *, *, #6402, .F. ) ;
#4335 = CARTESIAN_POINT ( 'NONE',  ( 6.050000000000005151, 1.400739683024801785, -0.2500000000012842505 ) ) ;
#4336 = CARTESIAN_POINT ( 'NONE',  ( 5.210763264152263652, 2.787535603343360702, -23.18423893347804210 ) ) ;
#4337 =( NAMED_UNIT ( * ) PLANE_ANGLE_UNIT ( ) SI_UNIT ( $, .RADIAN. ) );
#4338 = COLOUR_RGB ( '',0.2509803921568627416, 0.2509803921568627416, 0.2509803921568627416 ) ;
#4339 = B_SPLINE_CURVE_WITH_KNOTS ( 'NONE', 3,
 ( #637, #6435, #4375, #5007, #2249, #5146, #2999, #6480, #3714, #6615 ),
 .UNSPECIFIED., .F., .F.,
 ( 4, 2, 2, 2, 4 ),
 ( 0.0000000000000000000, 0.2500000000000000000, 0.5000000000000000000, 0.7500000000000000000, 1.000000000000000000 ),
 .UNSPECIFIED. ) ;
#4340 = CARTESIAN_POINT ( 'NONE',  ( 5.758342305442920583, 1.968451635065647576, -3.035766082959417148E-15 ) ) ;
#4341 = FILL_AREA_STYLE ('',( #6488 ) ) ;
#4342 = FILL_AREA_STYLE_COLOUR ( '', #1227 ) ;
#4343 = UNCERTAINTY_MEASURE_WITH_UNIT (LENGTH_MEASURE( 1.000000000000000082E-05 ), #4488, 'distance_accuracy_value', 'NONE');
#4344 = COLOUR_RGB ( '',0.2509803921568627416, 0.2509803921568627416, 0.2509803921568627416 ) ;
#4345 = ORIENTED_EDGE ( 'NONE', *, *, #4855, .F. ) ;
#4346 = COLOUR_RGB ( '',0.2509803921568627416, 0.2509803921568627416, 0.2509803921568627416 ) ;
#4347 = CARTESIAN_POINT ( 'NONE',  ( -2.826775610078682721, -0.9500000000000009548, -29.75000000000000000 ) ) ;
#4348 = FILL_AREA_STYLE ('',( #3595 ) ) ;
#4349 = CARTESIAN_POINT ( 'NONE',  ( 5.210767358599416532, -2.787535110521118131, -23.18423843541939533 ) ) ;
#4350 = CARTESIAN_POINT ( 'NONE',  ( 2.955957632331235541, -5.911915264662468417, -31.50000000000000355 ) ) ;
#4351 = ORIENTED_EDGE ( 'NONE', *, *, #378, .T. ) ;
#4352 = CARTESIAN_POINT ( 'NONE',  ( 3.199185330467240629, 0.5036326096892410620, -29.39158488045970330 ) ) ;
#4353 =( GEOMETRIC_REPRESENTATION_CONTEXT ( 3 ) GLOBAL_UNCERTAINTY_ASSIGNED_CONTEXT ( ( #1832 ) ) GLOBAL_UNIT_ASSIGNED_CONTEXT ( ( #2745, #4167, #4835 ) ) REPRESENTATION_CONTEXT ( 'NONE', 'WORKASPACE' ) );
#4354 = B_SPLINE_CURVE_WITH_KNOTS ( 'NONE', 3,
 ( #4052, #1291, #7091, #6956, #8556, #2051 ),
 .UNSPECIFIED., .F., .F.,
 ( 4, 2, 4 ),
 ( 0.0000000000000000000, 0.0002044486849903297352, 0.0004088973699806594704 ),
 .UNSPECIFIED. ) ;
#4355 = CARTESIAN_POINT ( 'NONE',  ( 2.919410773348588339, -0.8863333083957882774, -26.74999999999999645 ) ) ;
#4356 = FILL_AREA_STYLE_COLOUR ( '', #349 ) ;
#4357 = CARTESIAN_POINT ( 'NONE',  ( 1.238763046355129793, -3.101869119450597623, -23.56856082005386810 ) ) ;
#4358 = UNCERTAINTY_MEASURE_WITH_UNIT (LENGTH_MEASURE( 1.000000000000000082E-05 ), #150, 'distance_accuracy_value', 'NONE');
#4359 = ORIENTED_EDGE ( 'NONE', *, *, #4508, .T. ) ;
#4360 = SURFACE_STYLE_FILL_AREA ( #8769 ) ;
#4361 = CARTESIAN_POINT ( 'NONE',  ( -3.063751019710967416, -1.029640788730455503, -29.75145445951120848 ) ) ;
#4362 = DIRECTION ( 'NONE',  ( -1.000000000000000000, 0.0000000000000000000, 0.0000000000000000000 ) ) ;
#4363 = EDGE_LOOP ( 'NONE', ( #6117, #298, #1520, #2239 ) ) ;
#4364 = CARTESIAN_POINT ( 'NONE',  ( -1.589309410256830423E-16, -0.9500000000000000666, -26.50000000000000355 ) ) ;
#4365 = SURFACE_SIDE_STYLE ('',( #208 ) ) ;
#4366 =( NAMED_UNIT ( * ) PLANE_ANGLE_UNIT ( ) SI_UNIT ( $, .RADIAN. ) );
#4367 = FILL_AREA_STYLE ('',( #5934 ) ) ;
#4368 = ORIENTED_EDGE ( 'NONE', *, *, #1854, .T. ) ;
#4369 = B_SPLINE_CURVE_WITH_KNOTS ( 'NONE', 3,
 ( #498, #7571, #4813, #7703, #8247, #1071 ),
 .UNSPECIFIED., .F., .F.,
 ( 4, 2, 4 ),
 ( 0.0000000000000000000, 0.5000000000000000000, 1.000000000000000000 ),
 .UNSPECIFIED. ) ;
#4370 = PRESENTATION_STYLE_ASSIGNMENT (( #7460 ) ) ;
#4371 = CARTESIAN_POINT ( 'NONE',  ( 3.219856694775995454, 0.4874122644155988726, -28.35436310160932294 ) ) ;
#4372 = DIRECTION ( 'NONE',  ( -0.9495826881108938577, -0.3135166956321289722, 0.0000000000000000000 ) ) ;
#4373 = ADVANCED_FACE ( 'NONE', ( #2450 ), #4633, .F. ) ;
#4374 = DIRECTION ( 'NONE',  ( -1.000000000000000000, 0.0000000000000000000, 0.0000000000000000000 ) ) ;
#4375 = CARTESIAN_POINT ( 'NONE',  ( 3.199092939237588862, -0.5041006880651959232, -29.39239251386616303 ) ) ;
#4376 =( NAMED_UNIT ( * ) SI_UNIT ( $, .STERADIAN. ) SOLID_ANGLE_UNIT ( ) );
#4377 = ORIENTED_EDGE ( 'NONE', *, *, #3365, .F. ) ;
#4378 = CARTESIAN_POINT ( 'NONE',  ( -5.305361946490861236, -2.776147466772815875, -23.17273170540417837 ) ) ;
#4379 = VERTEX_POINT ( 'NONE', #2595 ) ;
#4380 = SURFACE_STYLE_FILL_AREA ( #3005 ) ;
#4381 = CIRCLE ( 'NONE', #7883, 0.2500000000000001665 ) ;
#4382 = CARTESIAN_POINT ( 'NONE',  ( -3.226043172827119054, 0.7000000000001455058, -26.20376792832835022 ) ) ;
#4383 =( LENGTH_UNIT ( ) NAMED_UNIT ( * ) SI_UNIT ( .MILLI., .METRE. ) );
#4384 = MECHANICAL_DESIGN_GEOMETRIC_PRESENTATION_REPRESENTATION (  '', ( #4087 ), #4222 ) ;
#4385 =( BOUNDED_SURFACE ( )  B_SPLINE_SURFACE ( 3, 3, ( 
 ( #8350, #2019, #8479, #3361 ),
 ( #7015, #559, #5552, #3321 ),
 ( #9175, #6174, #2556, #513 ),
 ( #7755, #1260, #1124, #4824 ) ),
 .UNSPECIFIED., .F., .F., .T. ) 
 B_SPLINE_SURFACE_WITH_KNOTS ( ( 4, 4 ),
 ( 4, 4 ),
 ( 0.0000000000000000000, 1.000000000000000000 ),
 ( 0.0000000000000000000, 1.000000000000000000 ),
 .UNSPECIFIED. ) 
 GEOMETRIC_REPRESENTATION_ITEM ( )  RATIONAL_B_SPLINE_SURFACE ( (
 ( 1.000000000000000000, 0.3333333333333334259, 0.3333333333333334259, 1.000000000000000000),
 ( 0.8088336327566176820, 0.2696112109188726347, 0.2696112109188726347, 0.8088336327566176820),
 ( 0.8088336327566176820, 0.2696112109188726347, 0.2696112109188726347, 0.8088336327566176820),
 ( 1.000000000000000000, 0.3333333333333334259, 0.3333333333333334259, 1.000000000000000000) ) ) 
 REPRESENTATION_ITEM ( '' )  SURFACE ( )  );
#4386 = CARTESIAN_POINT ( 'NONE',  ( 5.800000000000006928, 1.400739683024801341, -2.222614453595284090E-15 ) ) ;
#4387 = CARTESIAN_POINT ( 'NONE',  ( -3.339580223444329032, 0.2852548990032817144, -23.59694859904312025 ) ) ;
#4388 = UNCERTAINTY_MEASURE_WITH_UNIT (LENGTH_MEASURE( 1.000000000000000082E-05 ), #4900, 'distance_accuracy_value', 'NONE');
#4389 = EDGE_CURVE ( 'NONE', #9279, #1001, #1761, .T. ) ;
#4390 = EDGE_CURVE ( 'NONE', #4622, #4837, #3119, .T. ) ;
#4391 = CARTESIAN_POINT ( 'NONE',  ( 1.904048383564784119, 0.8884601108687011362, -26.74999999999999645 ) ) ;
#4392 = SURFACE_SIDE_STYLE ('',( #1502 ) ) ;
#4393 = CARTESIAN_POINT ( 'NONE',  ( 0.0000000000000000000, 0.0000000000000000000, -28.10000000000000497 ) ) ;
#4394 =( NAMED_UNIT ( * ) PLANE_ANGLE_UNIT ( ) SI_UNIT ( $, .RADIAN. ) );
#4395 = FACE_OUTER_BOUND ( 'NONE', #7515, .T. ) ;
#4396 = FILL_AREA_STYLE_COLOUR ( '', #4266 ) ;
#4397 = CARTESIAN_POINT ( 'NONE',  ( 2.955957632331234652, 3.681227066825041439E-16, -31.50000000000000000 ) ) ;
#4398 = VERTEX_POINT ( 'NONE', #3448 ) ;
#4399 = CARTESIAN_POINT ( 'NONE',  ( 3.086378609179182053, 0.9621926740477213524, -29.75434470363569162 ) ) ;
#4400 = CIRCLE ( 'NONE', #2134, 0.2499999999999974742 ) ;
#4401 = CARTESIAN_POINT ( 'NONE',  ( 6.519776079559810533, -1.716403256584805304, -22.75820863832474572 ) ) ;
#4402 = CARTESIAN_POINT ( 'NONE',  ( 6.272448303477728970, -1.432916833143689228, -20.77958642782185805 ) ) ;
#4403 = B_SPLINE_CURVE_WITH_KNOTS ( 'NONE', 3,
 ( #4452, #1413, #8634, #6500 ),
 .UNSPECIFIED., .F., .F.,
 ( 4, 4 ),
 ( 0.0000000000000000000, 1.000000000000000000 ),
 .UNSPECIFIED. ) ;
#4404 = DIRECTION ( 'NONE',  ( -1.000000000000000000, 0.0000000000000000000, -0.0000000000000000000 ) ) ;
#4405 = ORIENTED_EDGE ( 'NONE', *, *, #7300, .T. ) ;
#4406 = FILL_AREA_STYLE ('',( #8029 ) ) ;
#4407 = DIRECTION ( 'NONE',  ( -1.000000000000000000, 0.0000000000000000000, 0.0000000000000000000 ) ) ;
#4408 = VERTEX_POINT ( 'NONE', #1121 ) ;
#4409 = CARTESIAN_POINT ( 'NONE',  ( 6.300306496203631923, 2.593696145498766370, -22.79150703948685575 ) ) ;
#4410 = COLOUR_RGB ( '',0.7529411764705882248, 0.7529411764705882248, 0.7529411764705882248 ) ;
#4411 =( GEOMETRIC_REPRESENTATION_CONTEXT ( 3 ) GLOBAL_UNCERTAINTY_ASSIGNED_CONTEXT ( ( #7708 ) ) GLOBAL_UNIT_ASSIGNED_CONTEXT ( ( #5593, #2731, #1120 ) ) REPRESENTATION_CONTEXT ( 'NONE', 'WORKASPACE' ) );
#4412 = ADVANCED_FACE ( 'NONE', ( #9082 ), #5059, .T. ) ;
#4413 = CYLINDRICAL_SURFACE ( 'NONE', #6904, 0.2500000000000000000 ) ;
#4414 = CARTESIAN_POINT ( 'NONE',  ( 6.059204088937520716, 1.698815963105217763, -19.12849554567162613 ) ) ;
#4415 =( NAMED_UNIT ( * ) PLANE_ANGLE_UNIT ( ) SI_UNIT ( $, .RADIAN. ) );
#4416 = ORIENTED_EDGE ( 'NONE', *, *, #2137, .F. ) ;
#4417 =( NAMED_UNIT ( * ) PLANE_ANGLE_UNIT ( ) SI_UNIT ( $, .RADIAN. ) );
#4418 = CARTESIAN_POINT ( 'NONE',  ( -2.912274948409522057, -0.9499999999999995115, -25.35000000000000853 ) ) ;
#4419 = DIRECTION ( 'NONE',  ( -1.000000000000000000, -1.672957273954558210E-16, 0.0000000000000000000 ) ) ;
#4420 = SURFACE_SIDE_STYLE ('',( #2200 ) ) ;
#4421 = CARTESIAN_POINT ( 'NONE',  ( -5.543290559643105020, 2.990300554088741514, -22.89479102412771638 ) ) ;
#4422 = CARTESIAN_POINT ( 'NONE',  ( 2.925000000000000711, 1.224999999999999201, 6.599999999999999645 ) ) ;
#4423 = CARTESIAN_POINT ( 'NONE',  ( -3.035766082959412415E-15, 40.00249999999994088, 63.29051063606328142 ) ) ;
#4424 = CIRCLE ( 'NONE', #364, 0.2500000000000001110 ) ;
#4425 = CARTESIAN_POINT ( 'NONE',  ( 0.6355269911300243102, 3.345344713545429727, -23.41547437137088394 ) ) ;
#4426 = UNCERTAINTY_MEASURE_WITH_UNIT (LENGTH_MEASURE( 1.000000000000000082E-05 ), #7277, 'distance_accuracy_value', 'NONE');
#4427 = CARTESIAN_POINT ( 'NONE',  ( -6.527765342138621030, 1.546435403683720233, -22.82212276154452368 ) ) ;
#4428 = ORIENTED_EDGE ( 'NONE', *, *, #5676, .T. ) ;
#4429 = CARTESIAN_POINT ( 'NONE',  ( -6.049999999999997158, -2.744927974232789225, -18.87548450340289463 ) ) ;
#4430 = CARTESIAN_POINT ( 'NONE',  ( -3.098973170844997682, -1.028752842305865611, -27.85436310159963469 ) ) ;
#4431 = ORIENTED_EDGE ( 'NONE', *, *, #792, .T. ) ;
#4432 = CARTESIAN_POINT ( 'NONE',  ( -5.210629433851416970, -3.035722513842913806, -22.93606748826628206 ) ) ;
#4433 = DIRECTION ( 'NONE',  ( 1.000000000000000000, -1.672957273954558210E-16, 0.0000000000000000000 ) ) ;
#4434 = SURFACE_STYLE_FILL_AREA ( #8054 ) ;
#4435 = PRESENTATION_STYLE_ASSIGNMENT (( #7332 ) ) ;
#4436 =( NAMED_UNIT ( * ) PLANE_ANGLE_UNIT ( ) SI_UNIT ( $, .RADIAN. ) );
#4437 = CARTESIAN_POINT ( 'NONE',  ( 6.050000000000007816, -2.744927974232791890, -18.87548450340290174 ) ) ;
#4438 = FILL_AREA_STYLE_COLOUR ( '', #6765 ) ;
#4439 = PRESENTATION_STYLE_ASSIGNMENT (( #1551 ) ) ;
#4440 = UNCERTAINTY_MEASURE_WITH_UNIT (LENGTH_MEASURE( 1.000000000000000082E-05 ), #7088, 'distance_accuracy_value', 'NONE');
#4441 = CYLINDRICAL_SURFACE ( 'NONE', #650, 0.2500000000000002220 ) ;
#4442 = ADVANCED_FACE ( 'NONE', ( #6392 ), #6107, .T. ) ;
#4443 =( BOUNDED_SURFACE ( )  B_SPLINE_SURFACE ( 2, 3, ( 
 ( #7276, #7318, #816, #8819 ),
 ( #1571, #2147, #771, #3656 ),
 ( #4467, #7991, #7364, #3752 ) ),
 .UNSPECIFIED., .F., .F., .T. ) 
 B_SPLINE_SURFACE_WITH_KNOTS ( ( 3, 3 ),
 ( 4, 4 ),
 ( 0.0000000000000000000, 1.000000000000000000 ),
 ( 0.0000000000000000000, 0.0001589972542498097323 ),
 .UNSPECIFIED. ) 
 GEOMETRIC_REPRESENTATION_ITEM ( )  RATIONAL_B_SPLINE_SURFACE ( (
 ( 1.000000000000000000, 1.000000000000000000, 1.000000000000000000, 1.000000000000000000),
 ( 1.514957848099247606, 1.509219134263336537, 1.502011245713229526, 1.493278530499288159),
 ( 1.000000000000000000, 1.000000000000000000, 1.000000000000000000, 1.000000000000000000) ) ) 
 REPRESENTATION_ITEM ( '' )  SURFACE ( )  );
#4444 = EDGE_CURVE ( 'NONE', #4379, #8257, #3913, .T. ) ;
#4445 = SURFACE_STYLE_USAGE ( .BOTH. , #2971 ) ;
#4446 = ORIENTED_EDGE ( 'NONE', *, *, #29, .T. ) ;
#4447 = CARTESIAN_POINT ( 'NONE',  ( 3.191001399582024334, 0.5489243189766872533, -29.52003562278093796 ) ) ;
#4448 = SURFACE_STYLE_USAGE ( .BOTH. , #86 ) ;
#4449 = CARTESIAN_POINT ( 'NONE',  ( 3.002989136015665306, 0.6999999999999995115, -26.56733985315514346 ) ) ;
#4450 = CARTESIAN_POINT ( 'NONE',  ( 0.0000000000000000000, 0.0000000000000000000, -31.50000000000000000 ) ) ;
#4451 = CARTESIAN_POINT ( 'NONE',  ( -2.877370061222675801, 0.9499999999999992895, -26.75000000000000355 ) ) ;
#4452 = CARTESIAN_POINT ( 'NONE',  ( -1.861642404832318798, -3.310010245961622743, -23.21005533523129927 ) ) ;
#4453 = UNCERTAINTY_MEASURE_WITH_UNIT (LENGTH_MEASURE( 1.000000000000000082E-05 ), #820, 'distance_accuracy_value', 'NONE');
#4454 = CIRCLE ( 'NONE', #6884, 43.25249999999994088 ) ;
#4455 = CARTESIAN_POINT ( 'NONE',  ( -0.4105219183935394089, -3.348179594385618518, -23.44359784763643617 ) ) ;
#4456 = CARTESIAN_POINT ( 'NONE',  ( 2.505341482085116311, -2.560716214084616915, -23.42737840867344090 ) ) ;
#4457 = ORIENTED_EDGE ( 'NONE', *, *, #356, .F. ) ;
#4458 = SURFACE_STYLE_USAGE ( .BOTH. , #7267 ) ;
#4459 = VERTEX_POINT ( 'NONE', #3346 ) ;
#4460 = B_SPLINE_CURVE_WITH_KNOTS ( 'NONE', 3,
 ( #5424, #6149, #1708, #1760, #3086, #905, #3947, #5984, #8327, #6743, #8906, #4652, #8858, #2373, #3287, #6847, #4602, #1002, #3992, #5271, #6188, #8171, #1807, #7560, #7403, #3796, #353, #1658, #9004, #6886, #2323, #7446, #5220 ),
 .UNSPECIFIED., .F., .F.,
 ( 4, 1, 1, 1, 1, 2, 2, 2, 2, 2, 1, 1, 2, 2, 2, 1, 1, 1, 2, 2, 4 ),
 ( 0.0000000000000000000, 0.1250000000000048017, 0.1875000000000072442, 0.2187500000000082712, 0.2343750000000083822, 0.2421875000000080491, 0.2500000000000077161, 0.3750000000000043299, 0.4062500000000037192, 0.4218750000000037748, 0.4375000000000038303, 0.4687500000000038858, 0.4843750000000036637, 0.5000000000000034417, 0.6249999999999998890, 0.6874999999999974465, 0.7187499999999961142, 0.7343749999999958922, 0.7421874999999958922, 0.7499999999999957812, 1.000000000000000000 ),
 .UNSPECIFIED. ) ;
#4461 = AXIS2_PLACEMENT_3D ( 'NONE', #4088, #5659, #7834 ) ;
#4462 = CARTESIAN_POINT ( 'NONE',  ( -1.701697374935773110, 3.450082359384047059, -21.47721981097155108 ) ) ;
#4463 = LINE ( 'NONE', #864, #1830 ) ;
#4464 = CARTESIAN_POINT ( 'NONE',  ( -3.219856694775995454, 0.4874122644155988726, -28.35436310160931939 ) ) ;
#4465 = FILL_AREA_STYLE ('',( #2329 ) ) ;
#4466 = ORIENTED_EDGE ( 'NONE', *, *, #1150, .F. ) ;
#4467 = CARTESIAN_POINT ( 'NONE',  ( -6.316880344890969390, -1.545372342530285215, -21.13504275912777430 ) ) ;
#4468 = CARTESIAN_POINT ( 'NONE',  ( 5.670421991189657618, 2.705139766922395772, -23.12581912774133031 ) ) ;
#4469 = CARTESIAN_POINT ( 'NONE',  ( 0.0000000000000000000, 0.9499999999999997335, -29.50000000000000355 ) ) ;
#4470 = CARTESIAN_POINT ( 'NONE',  ( 2.935082989443048351, 0.8217814059146005823, -28.12559316923687192 ) ) ;
#4471 = CARTESIAN_POINT ( 'NONE',  ( -5.591387551022668490, 2.831492174915195559, -20.81883926329887657 ) ) ;
#4472 = FILL_AREA_STYLE_COLOUR ( '', #2674 ) ;
#4473 = CARTESIAN_POINT ( 'NONE',  ( -6.049999999999998046, 1.400739682943419107, -18.95849679387737652 ) ) ;
#4474 = DIRECTION ( 'NONE',  ( -1.000000000000000000, 0.0000000000000000000, 0.0000000000000000000 ) ) ;
#4475 =( GEOMETRIC_REPRESENTATION_CONTEXT ( 3 ) GLOBAL_UNCERTAINTY_ASSIGNED_CONTEXT ( ( #4324 ) ) GLOBAL_UNIT_ASSIGNED_CONTEXT ( ( #3731, #9058, #3997 ) ) REPRESENTATION_CONTEXT ( 'NONE', 'WORKASPACE' ) );
#4476 =( NAMED_UNIT ( * ) SI_UNIT ( $, .STERADIAN. ) SOLID_ANGLE_UNIT ( ) );
#4477 = CARTESIAN_POINT ( 'NONE',  ( 1.539712091642212011, -2.983729557502873497, -23.47372468750232954 ) ) ;
#4478 = ORIENTED_EDGE ( 'NONE', *, *, #4974, .T. ) ;
#4479 = FACE_OUTER_BOUND ( 'NONE', #8593, .T. ) ;
#4480 = CYLINDRICAL_SURFACE ( 'NONE', #1782, 0.2500000000000000000 ) ;
#4481 = ORIENTED_EDGE ( 'NONE', *, *, #9144, .T. ) ;
#4482 = FILL_AREA_STYLE ('',( #332 ) ) ;
#4483 = PRODUCT_CONTEXT ( 'NONE', #6788, 'mechanical' ) ;
#4484 = AXIS2_PLACEMENT_3D ( 'NONE', #2924, #2968, #5777 ) ;
#4485 = FACE_OUTER_BOUND ( 'NONE', #4227, .T. ) ;
#4486 = CARTESIAN_POINT ( 'NONE',  ( 1.979898987322333603, -0.9499999999999997335, -25.35000000000000497 ) ) ;
#4487 = CARTESIAN_POINT ( 'NONE',  ( -0.5359718528366479440, -3.297058077098114381, -23.64780703470544054 ) ) ;
#4488 =( LENGTH_UNIT ( ) NAMED_UNIT ( * ) SI_UNIT ( .MILLI., .METRE. ) );
#4489 =( GEOMETRIC_REPRESENTATION_CONTEXT ( 3 ) GLOBAL_UNCERTAINTY_ASSIGNED_CONTEXT ( ( #5399 ) ) GLOBAL_UNIT_ASSIGNED_CONTEXT ( ( #4241, #7118, #564 ) ) REPRESENTATION_CONTEXT ( 'NONE', 'WORKASPACE' ) );
#4490 = PRESENTATION_LAYER_ASSIGNMENT (  '', '', ( #7371 ) ) ;
#4491 =( LENGTH_UNIT ( ) NAMED_UNIT ( * ) SI_UNIT ( .MILLI., .METRE. ) );
#4492 = B_SPLINE_CURVE_WITH_KNOTS ( 'NONE', 3,
 ( #6952, #6855, #2434, #2484 ),
 .UNSPECIFIED., .F., .F.,
 ( 4, 4 ),
 ( 0.0000000000000000000, 1.000000000000000000 ),
 .UNSPECIFIED. ) ;
#4493 = ORIENTED_EDGE ( 'NONE', *, *, #8672, .T. ) ;
#4494 = CARTESIAN_POINT ( 'NONE',  ( -4.741856460906227255, 2.888676873037205439, -19.30960607446506216 ) ) ;
#4495 = AXIS2_PLACEMENT_3D ( 'NONE', #7225, #6510, #7 ) ;
#4496 = AXIS2_PLACEMENT_3D ( 'NONE', #5158, #5865, #8011 ) ;
#4497 =( GEOMETRIC_REPRESENTATION_CONTEXT ( 3 ) GLOBAL_UNCERTAINTY_ASSIGNED_CONTEXT ( ( #8255 ) ) GLOBAL_UNIT_ASSIGNED_CONTEXT ( ( #540, #6331, #2757 ) ) REPRESENTATION_CONTEXT ( 'NONE', 'WORKASPACE' ) );
#4498 = ADVANCED_FACE ( 'NONE', ( #3303 ), #8981, .T. ) ;
#4499 = CARTESIAN_POINT ( 'NONE',  ( 0.0000000000000000000, 0.0000000000000000000, -25.35000000000000497 ) ) ;
#4500 = FILL_AREA_STYLE ('',( #6837 ) ) ;
#4501 = CARTESIAN_POINT ( 'NONE',  ( 2.858159441740747209, -1.733886711115077528, -23.63688903288342757 ) ) ;
#4502 = ORIENTED_EDGE ( 'NONE', *, *, #977, .T. ) ;
#4503 = DIRECTION ( 'NONE',  ( 0.0000000000000000000, 0.0000000000000000000, -1.000000000000000000 ) ) ;
#4504 = COLOUR_RGB ( '',0.2509803921568627416, 0.2509803921568627416, 0.2509803921568627416 ) ;
#4505 = ORIENTED_EDGE ( 'NONE', *, *, #1604, .T. ) ;
#4506 = CARTESIAN_POINT ( 'NONE',  ( 1.979898987322333603, -0.6999999999999997335, -29.25000000000000000 ) ) ;
#4507 = EDGE_CURVE ( 'NONE', #5431, #6145, #3526, .T. ) ;
#4508 = EDGE_CURVE ( 'NONE', #7861, #1053, #8907, .T. ) ;
#4509 = B_SPLINE_CURVE_WITH_KNOTS ( 'NONE', 3,
 ( #8573, #5727, #8616, #7955, #2071, #1311, #8481, #7059, #5639, #8527, #4198, #7112, #600, #9268, #7862, #4236, #3541, #7903, #9314, #5812, #174, #8149, #7330, #5108, #23, #923, #5859, #1630, #2343, #5949, #3623, #5153, #2255, #8792, #3055, #2959, #8831, #5239, #6528, #8880, #3816, #4522, #6715, #124, #2398, #229, #7424, #5291, #8748, #6006, #8003, #3107, #1442 ),
 .UNSPECIFIED., .F., .F.,
 ( 4, 2, 2, 1, 1, 2, 2, 1, 1, 1, 2, 2, 2, 2, 2, 1, 1, 1, 2, 2, 2, 1, 1, 2, 2, 2, 2, 1, 1, 1, 2, 2, 4 ),
 ( 0.0000000000000000000, 0.1249999999999604483, 0.1874999999999406308, 0.2187499999999310552, 0.2343749999999260591, 0.2421874999999237832, 0.2499999999999215072, 0.3124999999999094613, 0.3437499999999034661, 0.3593749999999000244, 0.3671874999998982481, 0.3749999999998964717, 0.4374999999998832045, 0.4687499999998763212, 0.4999999999998694378, 0.5312499999998625544, 0.5468749999998592237, 0.5546874999998578915, 0.5585937499998570033, 0.5624999999998561151, 0.5937499999998545608, 0.6093749999998533395, 0.6171874999998527844, 0.6210937499998525624, 0.6249999999998523403, 0.6874999999998426814, 0.7187499999998374633, 0.7343749999998346878, 0.7421874999998322453, 0.7460937499998286926, 0.7480468749998300249, 0.7499999999998313571, 1.000000000000000000 ),
 .UNSPECIFIED. ) ;
#4510 = SURFACE_SIDE_STYLE ('',( #3242 ) ) ;
#4511 = CARTESIAN_POINT ( 'NONE',  ( 1.700427152783879459, 3.416387593649522714, -21.05469134363643136 ) ) ;
#4512 = CARTESIAN_POINT ( 'NONE',  ( -3.219856694775675710, 0.4874122644155680639, -28.35436310159695239 ) ) ;
#4513 = CARTESIAN_POINT ( 'NONE',  ( 1.696187113282796588, 3.317170658140622397, -23.42518643765552255 ) ) ;
#4514 = ORIENTED_EDGE ( 'NONE', *, *, #2076, .T. ) ;
#4515 = FILL_AREA_STYLE ('',( #3755 ) ) ;
#4516 = CARTESIAN_POINT ( 'NONE',  ( -5.826732071557242598, 2.737133033197282295, -20.81927349458800336 ) ) ;
#4517 = CARTESIAN_POINT ( 'NONE',  ( 5.210625238660474778, 3.035723021756047579, -22.93606804207785288 ) ) ;
#4518 = CARTESIAN_POINT ( 'NONE',  ( 3.049582145296544589, 0.9947903578313949113, -25.35000000000000142 ) ) ;
#4519 = ORIENTED_EDGE ( 'NONE', *, *, #7143, .F. ) ;
#4520 = CARTESIAN_POINT ( 'NONE',  ( -3.264646898800639185, 0.5521805878220191754, -25.33143694074018271 ) ) ;
#4521 = VERTEX_POINT ( 'NONE', #1245 ) ;
#4522 = CARTESIAN_POINT ( 'NONE',  ( 0.5844292290799047995, 3.287105438020117454, -23.65582286910386500 ) ) ;
#4523 = CARTESIAN_POINT ( 'NONE',  ( 1.839629132948767287, -4.487384275966196157, -28.10000000000000142 ) ) ;
#4524 = CARTESIAN_POINT ( 'NONE',  ( 0.2109417840277492129, 3.349608316433369648, -23.46263081177650633 ) ) ;
#4525 = FILL_AREA_STYLE_COLOUR ( '', #1741 ) ;
#4526 = AXIS2_PLACEMENT_3D ( 'NONE', #2555, #8348, #6923 ) ;
#4527 = CARTESIAN_POINT ( 'NONE',  ( -6.329744543988398142, 1.569044888107156366, -21.23795635190719722 ) ) ;
#4528 = EDGE_CURVE ( 'NONE', #8336, #2554, #9214, .T. ) ;
#4529 =( NAMED_UNIT ( * ) PLANE_ANGLE_UNIT ( ) SI_UNIT ( $, .RADIAN. ) );
#4530 = LINE ( 'NONE', #3265, #6254 ) ;
#4531 =( NAMED_UNIT ( * ) SI_UNIT ( $, .STERADIAN. ) SOLID_ANGLE_UNIT ( ) );
#4532 = ORIENTED_EDGE ( 'NONE', *, *, #7353, .F. ) ;
#4533 = SURFACE_SIDE_STYLE ('',( #7340 ) ) ;
#4534 = VECTOR ( 'NONE', #7001, 1000.000000000000000 ) ;
#4535 = PRESENTATION_STYLE_ASSIGNMENT (( #791 ) ) ;
#4536 = CARTESIAN_POINT ( 'NONE',  ( 6.142001392940661830, -1.389243019739784923, -19.73601114352533159 ) ) ;
#4537 = ORIENTED_EDGE ( 'NONE', *, *, #3715, .T. ) ;
#4538 = CARTESIAN_POINT ( 'NONE',  ( -3.268589743414097804, -0.5030801212803551747, -25.46686656559344897 ) ) ;
#4539 = CARTESIAN_POINT ( 'NONE',  ( 5.005911401586998544, 3.023900473289866664, -21.04782509961783177 ) ) ;
#4540 = CIRCLE ( 'NONE', #3784, 3.232140229723559965 ) ;
#4541 = SURFACE_SIDE_STYLE ('',( #194 ) ) ;
#4542 = CARTESIAN_POINT ( 'NONE',  ( 3.139952026990811440, -0.8977677490598526822, -27.86512145138563312 ) ) ;
#4543 = LINE ( 'NONE', #8117, #5841 ) ;
#4544 = CARTESIAN_POINT ( 'NONE',  ( 2.956820923034311654, 0.4499999999999991784, -29.25000000000000000 ) ) ;
#4545 = CARTESIAN_POINT ( 'NONE',  ( 0.4261256316709038927, -3.331016870511350536, -23.53436185516813950 ) ) ;
#4546 = LINE ( 'NONE', #254, #4955 ) ;
#4547 = ORIENTED_EDGE ( 'NONE', *, *, #6323, .T. ) ;
#4548 = AXIS2_PLACEMENT_3D ( 'NONE', #4704, #1813, #6800 ) ;
#4549 = ORIENTED_EDGE ( 'NONE', *, *, #2370, .F. ) ;
#4550 = EDGE_CURVE ( 'NONE', #8248, #5638, #5154, .T. ) ;
#4551 = CARTESIAN_POINT ( 'NONE',  ( 4.992950293751204249, -2.960847196383306290, -20.85271996550762807 ) ) ;
#4552 =( BOUNDED_SURFACE ( )  B_SPLINE_SURFACE ( 2, 3, ( 
 ( #8941, #2354, #5254, #5300 ),
 ( #7490, #2457, #5350, #4590 ),
 ( #8209, #3830, #1746, #1642 ) ),
 .UNSPECIFIED., .F., .F., .T. ) 
 B_SPLINE_SURFACE_WITH_KNOTS ( ( 3, 3 ),
 ( 4, 4 ),
 ( 0.0000000000000000000, 1.000000000000000000 ),
 ( 0.0000000000000000000, 0.0001589972542498161020 ),
 .UNSPECIFIED. ) 
 GEOMETRIC_REPRESENTATION_ITEM ( )  RATIONAL_B_SPLINE_SURFACE ( (
 ( 1.000000000000000000, 1.000000000000000000, 1.000000000000000000, 1.000000000000000000),
 ( 1.514957848099246052, 1.509219134263338979, 1.502011245713228638, 1.493278530499288159),
 ( 1.000000000000000000, 1.000000000000000000, 1.000000000000000000, 1.000000000000000000) ) ) 
 REPRESENTATION_ITEM ( '' )  SURFACE ( )  );
#4553 = CARTESIAN_POINT ( 'NONE',  ( 1.577579022422544774, 3.236423702677466263, -0.2500000000000002220 ) ) ;
#4554 = CARTESIAN_POINT ( 'NONE',  ( -2.826775610078679168, -0.9499999999999995115, -29.50000000000000355 ) ) ;
#4555 = CARTESIAN_POINT ( 'NONE',  ( -2.349565681164336617, 2.400298351467179625, -23.43708738202485264 ) ) ;
#4556 = CARTESIAN_POINT ( 'NONE',  ( 2.972710267517082006, -0.6999999999999767519, -28.34999999831682160 ) ) ;
#4557 = SURFACE_SIDE_STYLE ('',( #157 ) ) ;
#4558 = ORIENTED_EDGE ( 'NONE', *, *, #8957, .F. ) ;
#4559 = CARTESIAN_POINT ( 'NONE',  ( 4.713855710941720289, -2.891763259629747562, -18.87548450340289108 ) ) ;
#4560 = SURFACE_STYLE_USAGE ( .BOTH. , #1009 ) ;
#4561 = FILL_AREA_STYLE ('',( #8867 ) ) ;
#4562 = CARTESIAN_POINT ( 'NONE',  ( 4.713855710941724730, 2.891763259629744898, -18.87548450340289818 ) ) ;
#4563 = CARTESIAN_POINT ( 'NONE',  ( -2.826775610078682721, -0.9500000000000009548, -29.75000000000000000 ) ) ;
#4564 = EDGE_CURVE ( 'NONE', #8220, #8196, #53, .T. ) ;
#4565 = VECTOR ( 'NONE', #1453, 1000.000000000000000 ) ;
#4566 = EDGE_CURVE ( 'NONE', #2629, #1331, #8101, .T. ) ;
#4567 = MECHANICAL_DESIGN_GEOMETRIC_PRESENTATION_REPRESENTATION (  '', ( #623 ), #2747 ) ;
#4568 = CARTESIAN_POINT ( 'NONE',  ( 4.860731155675103388, -2.875367821105625055, -20.22822021129185899 ) ) ;
#4569 = FILL_AREA_STYLE ('',( #5284 ) ) ;
#4570 = FILL_AREA_STYLE_COLOUR ( '', #5768 ) ;
#4571 = CARTESIAN_POINT ( 'NONE',  ( -5.742115882237317948, -2.548796099893857470, -8.888098139280494705E-15 ) ) ;
#4572 = CARTESIAN_POINT ( 'NONE',  ( -5.392238829953139856, -2.763240481032995355, -23.16184792708986606 ) ) ;
#4573 = VERTEX_POINT ( 'NONE', #5709 ) ;
#4574 = CARTESIAN_POINT ( 'NONE',  ( 3.220691513254426042, -0.6999999999999992895, -26.50380041635314043 ) ) ;
#4575 = CARTESIAN_POINT ( 'NONE',  ( -1.755541667288228913, -4.282270775395514484, -28.10000000000000142 ) ) ;
#4576 = CARTESIAN_POINT ( 'NONE',  ( -1.028350490554140739, 3.338272046196127718, -23.35945191969928558 ) ) ;
#4577 = DIRECTION ( 'NONE',  ( -1.000000000000000000, 0.0000000000000000000, 0.0000000000000000000 ) ) ;
#4578 = PRESENTATION_LAYER_ASSIGNMENT (  '', '', ( #7018 ) ) ;
#4579 = FILL_AREA_STYLE ('',( #5195 ) ) ;
#4580 = UNCERTAINTY_MEASURE_WITH_UNIT (LENGTH_MEASURE( 1.000000000000000082E-05 ), #1006, 'distance_accuracy_value', 'NONE');
#4581 = DIRECTION ( 'NONE',  ( -0.0000000000000000000, -0.0000000000000000000, -1.000000000000000000 ) ) ;
#4582 = DIRECTION ( 'NONE',  ( -0.0000000000000000000, -0.0000000000000000000, -1.000000000000000000 ) ) ;
#4583 = ORIENTED_EDGE ( 'NONE', *, *, #2649, .T. ) ;
#4584 =( GEOMETRIC_REPRESENTATION_CONTEXT ( 3 ) GLOBAL_UNCERTAINTY_ASSIGNED_CONTEXT ( ( #7800 ) ) GLOBAL_UNIT_ASSIGNED_CONTEXT ( ( #9280, #5743, #8020 ) ) REPRESENTATION_CONTEXT ( 'NONE', 'WORKASPACE' ) );
#4585 = LINE ( 'NONE', #5247, #1499 ) ;
#4586 =( BOUNDED_SURFACE ( )  B_SPLINE_SURFACE ( 3, 2, ( 
 ( #6210, #3311, #460 ),
 ( #4012, #504, #7006 ),
 ( #2495, #1962, #5394 ),
 ( #1783, #4674, #3263 ),
 ( #7575, #3396, #3965 ),
 ( #2546, #6965, #6865 ),
 ( #5444, #9167, #2678 ),
 ( #416, #8472, #1874 ),
 ( #8342, #6252, #1831 ),
 ( #2592, #7621, #4862 ),
 ( #1115, #9122, #7747 ),
 ( #7052, #6917, #8388 ),
 ( #2634, #4772, #7665 ),
 ( #5542, #8428, #4818 ),
 ( #7707, #5674, #6520 ),
 ( #2906, #593, #8566 ) ),
 .UNSPECIFIED., .F., .F., .T. ) 
 B_SPLINE_SURFACE_WITH_KNOTS ( ( 4, 2, 2, 2, 2, 2, 2, 4 ),
 ( 3, 3 ),
 ( -4.336808689942017736E-19, 0.0004889571109593020097, 0.0007334356664389532314, 0.0008556749441787788422, 0.0009779142219186044531, 0.001222392777398255675, 0.001466871332877906896, 0.001955828443837209340 ),
 ( 0.0000000000000000000, 1.000000000000000000 ),
 .UNSPECIFIED. ) 
 GEOMETRIC_REPRESENTATION_ITEM ( )  RATIONAL_B_SPLINE_SURFACE ( (
 ( 1.000000000000000000, 0.7071067811865489050, 1.000000000000000000),
 ( 1.000000000000000000, 0.7071067811865489050, 1.000000000000000000),
 ( 1.000000000000000000, 0.7071067811865489050, 1.000000000000000000),
 ( 1.000000000000000000, 0.7071067811865489050, 1.000000000000000000),
 ( 1.000000000000000000, 0.7071067811865489050, 1.000000000000000000),
 ( 1.000000000000000000, 0.7071067811865489050, 1.000000000000000000),
 ( 1.000000000000000000, 0.7071067811865490160, 1.000000000000000000),
 ( 1.000000000000000000, 0.7071067811865490160, 1.000000000000000000),
 ( 1.000000000000000000, 0.7071067811865500152, 1.000000000000000000),
 ( 1.000000000000000000, 0.7071067811865500152, 1.000000000000000000),
 ( 1.000000000000000000, 0.7071067811865489050, 1.000000000000000000),
 ( 1.000000000000000000, 0.7071067811865489050, 1.000000000000000000),
 ( 1.000000000000000000, 0.7071067811865489050, 1.000000000000000000),
 ( 1.000000000000000000, 0.7071067811865489050, 1.000000000000000000),
 ( 1.000000000000000000, 0.7071067811865504593, 1.000000000000000000),
 ( 1.000000000000000000, 0.7071067811865504593, 1.000000000000000000) ) ) 
 REPRESENTATION_ITEM ( '' )  SURFACE ( )  );
#4587 = CARTESIAN_POINT ( 'NONE',  ( 2.985142146318977563, 3.012232902211536167, -23.41130934575456379 ) ) ;
#4588 = MECHANICAL_DESIGN_GEOMETRIC_PRESENTATION_REPRESENTATION (  '', ( #2308 ), #644 ) ;
#4589 = SURFACE_STYLE_FILL_AREA ( #2220 ) ;
#4590 = CARTESIAN_POINT ( 'NONE',  ( 6.338793502158997839, 2.904576307138825086, -21.31034801727200900 ) ) ;
#4591 = ORIENTED_EDGE ( 'NONE', *, *, #7698, .T. ) ;
#4592 = CARTESIAN_POINT ( 'NONE',  ( -1.696187113154966841, -3.317170658146747719, -23.42518643789106392 ) ) ;
#4593 = CARTESIAN_POINT ( 'NONE',  ( 3.252572331385705340, 0.4870147112774182996, -26.50436310160932507 ) ) ;
#4594 = FILL_AREA_STYLE_COLOUR ( '', #929 ) ;
#4595 = PRESENTATION_STYLE_ASSIGNMENT (( #3231 ) ) ;
#4596 = CARTESIAN_POINT ( 'NONE',  ( -1.872832080032804658, 0.9499999999999997335, -26.75000000000000355 ) ) ;
#4597 = CARTESIAN_POINT ( 'NONE',  ( 5.009704841333182834, -2.602163511380775507, -2.927345865710866311E-15 ) ) ;
#4598 = SURFACE_STYLE_FILL_AREA ( #3988 ) ;
#4599 = EDGE_LOOP ( 'NONE', ( #7702, #5906, #3561, #631 ) ) ;
#4600 = CARTESIAN_POINT ( 'NONE',  ( 0.8688201278263112393, -3.342003721391344051, -23.38463952325009032 ) ) ;
#4601 = ORIENTED_EDGE ( 'NONE', *, *, #5676, .F. ) ;
#4602 = CARTESIAN_POINT ( 'NONE',  ( 6.168356709701586560, -2.392373540229288498, -23.05686445829951126 ) ) ;
#4603 = CARTESIAN_POINT ( 'NONE',  ( -1.675003155388869791, 3.113848057775111311, -23.46788425806609979 ) ) ;
#4604 = CARTESIAN_POINT ( 'NONE',  ( -3.054072786604864920, 1.864401824711384270, -23.39190600780767681 ) ) ;
#4605 = AXIS2_PLACEMENT_3D ( 'NONE', #7783, #9288, #1285 ) ;
#4606 =( GEOMETRIC_REPRESENTATION_CONTEXT ( 3 ) GLOBAL_UNCERTAINTY_ASSIGNED_CONTEXT ( ( #8567 ) ) GLOBAL_UNIT_ASSIGNED_CONTEXT ( ( #7436, #1596, #191 ) ) REPRESENTATION_CONTEXT ( 'NONE', 'WORKASPACE' ) );
#4607 = CARTESIAN_POINT ( 'NONE',  ( 0.4244730656752881415, -3.314695011553074000, -23.57524218757401613 ) ) ;
#4608 = ORIENTED_EDGE ( 'NONE', *, *, #7143, .T. ) ;
#4609 = CARTESIAN_POINT ( 'NONE',  ( 4.713855711713564212, -2.891763259544925635, -19.02075593405399090 ) ) ;
#4610 = FACE_BOUND ( 'NONE', #7161, .T. ) ;
#4611 = LINE ( 'NONE', #3999, #7188 ) ;
#4612 = CARTESIAN_POINT ( 'NONE',  ( 6.329744543988361727, -1.569044888106387869, -21.23795635190690234 ) ) ;
#4613 =( GEOMETRIC_REPRESENTATION_CONTEXT ( 3 ) GLOBAL_UNCERTAINTY_ASSIGNED_CONTEXT ( ( #3024 ) ) GLOBAL_UNIT_ASSIGNED_CONTEXT ( ( #2895, #761, #8030 ) ) REPRESENTATION_CONTEXT ( 'NONE', 'WORKASPACE' ) );
#4614 = B_SPLINE_CURVE_WITH_KNOTS ( 'NONE', 3,
 ( #6674, #8842, #8891, #3874 ),
 .UNSPECIFIED., .F., .F.,
 ( 4, 4 ),
 ( 0.0000000000000000000, 1.000000000000000000 ),
 .UNSPECIFIED. ) ;
#4615 = FILL_AREA_STYLE ('',( #1908 ) ) ;
#4616 = CARTESIAN_POINT ( 'NONE',  ( -6.316880380456845856, -1.545372432545168762, -21.13504304365479314 ) ) ;
#4617 = PRESENTATION_LAYER_ASSIGNMENT (  '', '', ( #6892 ) ) ;
#4618 = DIRECTION ( 'NONE',  ( 0.3101224339511584605, 0.9506966266692070677, -6.014009588387732740E-16 ) ) ;
#4619 = EDGE_CURVE ( 'NONE', #1777, #445, #6980, .T. ) ;
#4620 = STYLED_ITEM ( 'NONE', ( #6718 ), #1852 ) ;
#4621 =( NAMED_UNIT ( * ) PLANE_ANGLE_UNIT ( ) SI_UNIT ( $, .RADIAN. ) );
#4622 = VERTEX_POINT ( 'NONE', #7987 ) ;
#4623 = CARTESIAN_POINT ( 'NONE',  ( -5.538049790325920263, -2.394191100868112709, -4.445228907190568179E-15 ) ) ;
#4624 = DIRECTION ( 'NONE',  ( -1.672957273954557963E-16, -1.000000000000000000, 0.0000000000000000000 ) ) ;
#4625 = EDGE_LOOP ( 'NONE', ( #2196, #683, #1247, #7135 ) ) ;
#4626 = CARTESIAN_POINT ( 'NONE',  ( 3.257876776420101539, -0.4869509282580675724, -26.20436310699446736 ) ) ;
#4627 = FACE_OUTER_BOUND ( 'NONE', #4964, .T. ) ;
#4628 = CARTESIAN_POINT ( 'NONE',  ( -0.4161338202652003493, 3.348130929234194308, -23.49032414057043638 ) ) ;
#4629 = CARTESIAN_POINT ( 'NONE',  ( 0.0000000000000000000, 0.0000000000000000000, -28.10000000000000497 ) ) ;
#4630 = CARTESIAN_POINT ( 'NONE',  ( 6.050000000000007816, -2.744927974232791890, -12.26906492721187902 ) ) ;
#4631 = EDGE_CURVE ( 'NONE', #6239, #7170, #7258, .T. ) ;
#4632 = B_SPLINE_CURVE_WITH_KNOTS ( 'NONE', 3,
 ( #6992, #8417, #1905, #3382 ),
 .UNSPECIFIED., .F., .F.,
 ( 4, 4 ),
 ( 9.041261281609765669E-07, 0.9999995780323801542 ),
 .UNSPECIFIED. ) ;
#4633 = CYLINDRICAL_SURFACE ( 'NONE', #2706, 0.2500000000000000000 ) ;
#4634 = ORIENTED_EDGE ( 'NONE', *, *, #5315, .T. ) ;
#4635 = CARTESIAN_POINT ( 'NONE',  ( -5.084720754609064031, -3.050826134385872468, -21.96350245027569770 ) ) ;
#4636 = CARTESIAN_POINT ( 'NONE',  ( -2.877370061222676689, 0.9499999999999995115, -26.75000000000000000 ) ) ;
#4637 = CARTESIAN_POINT ( 'NONE',  ( 5.591387551022648950, -2.831492174915204441, -20.81883926329888368 ) ) ;
#4638 = MECHANICAL_DESIGN_GEOMETRIC_PRESENTATION_REPRESENTATION (  '', ( #6002 ), #3288 ) ;
#4639 = EDGE_LOOP ( 'NONE', ( #1473, #671, #893, #7559 ) ) ;
#4640 = PRESENTATION_STYLE_ASSIGNMENT (( #6832 ) ) ;
#4641 = CARTESIAN_POINT ( 'NONE',  ( 3.212172666897982864, 0.5638697285926244085, -28.09034372983187566 ) ) ;
#4642 = CARTESIAN_POINT ( 'NONE',  ( 2.925000000000000266, -1.224999999999999423, 6.599999999999999645 ) ) ;
#4643 =( NAMED_UNIT ( * ) PLANE_ANGLE_UNIT ( ) SI_UNIT ( $, .RADIAN. ) );
#4644 = DIRECTION ( 'NONE',  ( 0.0000000000000000000, 0.0000000000000000000, -1.000000000000000000 ) ) ;
#4645 = LINE ( 'NONE', #5973, #4664 ) ;
#4646 = CARTESIAN_POINT ( 'NONE',  ( 5.684674084708167818, -2.203207869549377751, -3.252606517456511724E-15 ) ) ;
#4647 =( NAMED_UNIT ( * ) SI_UNIT ( $, .STERADIAN. ) SOLID_ANGLE_UNIT ( ) );
#4648 = CARTESIAN_POINT ( 'NONE',  ( 3.343704207435048037, 0.3346792097682028122, -23.37085447994278908 ) ) ;
#4649 = ORIENTED_EDGE ( 'NONE', *, *, #818, .F. ) ;
#4650 = FILL_AREA_STYLE_COLOUR ( '', #636 ) ;
#4651 = ORIENTED_EDGE ( 'NONE', *, *, #2549, .F. ) ;
#4652 = CARTESIAN_POINT ( 'NONE',  ( 6.213340373244601089, -2.296991691155929161, -23.05034180564872770 ) ) ;
#4653 =( GEOMETRIC_REPRESENTATION_CONTEXT ( 3 ) GLOBAL_UNCERTAINTY_ASSIGNED_CONTEXT ( ( #81 ) ) GLOBAL_UNIT_ASSIGNED_CONTEXT ( ( #6809, #5435, #6243 ) ) REPRESENTATION_CONTEXT ( 'NONE', 'WORKASPACE' ) );
#4654 = CARTESIAN_POINT ( 'NONE',  ( -1.480933811708078141, 3.163712551126437234, -23.49063498527817373 ) ) ;
#4655 = CARTESIAN_POINT ( 'NONE',  ( -1.828876837994729332, 2.817066424555758619, -23.46221863139358277 ) ) ;
#4656 = SURFACE_STYLE_USAGE ( .BOTH. , #531 ) ;
#4657 = AXIS2_PLACEMENT_3D ( 'NONE', #4766, #1728, #3960 ) ;
#4658 = ORIENTED_EDGE ( 'NONE', *, *, #4619, .T. ) ;
#4659 = SURFACE_STYLE_FILL_AREA ( #8913 ) ;
#4660 = CARTESIAN_POINT ( 'NONE',  ( -3.549999999999999822, -4.238084680662899344E-17, 6.599999999999999645 ) ) ;
#4661 = CARTESIAN_POINT ( 'NONE',  ( -5.407150475587249261, 3.011872134139606416, -23.16023901244611949 ) ) ;
#4662 =( NAMED_UNIT ( * ) PLANE_ANGLE_UNIT ( ) SI_UNIT ( $, .RADIAN. ) );
#4663 = DIRECTION ( 'NONE',  ( 0.9490719694915703553, -0.3150593542896195087, 0.0000000000000000000 ) ) ;
#4664 = VECTOR ( 'NONE', #8165, 1000.000000000000000 ) ;
#4665 = CARTESIAN_POINT ( 'NONE',  ( 3.201579958722557961, -0.4876381231080753054, -29.38762928302686106 ) ) ;
#4666 = SURFACE_STYLE_FILL_AREA ( #3155 ) ;
#4667 = CARTESIAN_POINT ( 'NONE',  ( -6.050000000000007816, -1.400739683024801341, -5.662645351020894502 ) ) ;
#4668 = VERTEX_POINT ( 'NONE', #2382 ) ;
#4669 = CARTESIAN_POINT ( 'NONE',  ( -6.050000019242686378, -1.571127894526020530, 1.514195049486125980E-13 ) ) ;
#4670 = SURFACE_STYLE_FILL_AREA ( #1205 ) ;
#4671 = EDGE_LOOP ( 'NONE', ( #3286, #6526, #5767, #6606 ) ) ;
#4672 = CARTESIAN_POINT ( 'NONE',  ( -6.244753509663171442, 2.210558370908949133, -23.04576648877243272 ) ) ;
#4673 = EDGE_CURVE ( 'NONE', #4207, #1508, #6968, .T. ) ;
#4674 = CARTESIAN_POINT ( 'NONE',  ( 6.003788523929458165, -2.017187959481308468, -3.144186300207935248E-15 ) ) ;
#4675 = UNCERTAINTY_MEASURE_WITH_UNIT (LENGTH_MEASURE( 1.000000000000000082E-05 ), #3014, 'distance_accuracy_value', 'NONE');
#4676 = PRESENTATION_LAYER_ASSIGNMENT (  '', '', ( #5448 ) ) ;
#4677 = CARTESIAN_POINT ( 'NONE',  ( -1.979898987322333603, -0.6999999999999997335, -28.35000000000000497 ) ) ;
#4678 = CARTESIAN_POINT ( 'NONE',  ( -2.741940845144858585, -1.905076806598670958, -23.64555903637815959 ) ) ;
#4679 = EDGE_LOOP ( 'NONE', ( #7756, #6339, #4282, #2118 ) ) ;
#4680 = FILL_AREA_STYLE ('',( #1167 ) ) ;
#4681 = PRESENTATION_STYLE_ASSIGNMENT (( #1792 ) ) ;
#4682 =( NAMED_UNIT ( * ) SI_UNIT ( $, .STERADIAN. ) SOLID_ANGLE_UNIT ( ) );
#4683 = CARTESIAN_POINT ( 'NONE',  ( 3.252572331385705340, 0.4870147112774183551, -26.50436310160932507 ) ) ;
#4684 = FACE_OUTER_BOUND ( 'NONE', #8912, .T. ) ;
#4685 = CARTESIAN_POINT ( 'NONE',  ( 6.387480747281572668, 2.442621105918086677, -22.77866394927218607 ) ) ;
#4686 = STYLED_ITEM ( 'NONE', ( #2923 ), #4792 ) ;
#4687 = EDGE_LOOP ( 'NONE', ( #2686, #1102, #9263, #1903 ) ) ;
#4688 = ADVANCED_FACE ( 'NONE', ( #956 ), #1476, .F. ) ;
#4689 = ADVANCED_FACE ( 'NONE', ( #2943 ), #1126, .T. ) ;
#4690 = CARTESIAN_POINT ( 'NONE',  ( -6.268851540329244187, 2.778848167523652268, -20.75081232263395492 ) ) ;
#4691 = FILL_AREA_STYLE ('',( #8317 ) ) ;
#4692 =( NAMED_UNIT ( * ) SI_UNIT ( $, .STERADIAN. ) SOLID_ANGLE_UNIT ( ) );
#4693 = CIRCLE ( 'NONE', #6073, 0.2500000000000002220 ) ;
#4694 = FILL_AREA_STYLE ('',( #1048 ) ) ;
#4695 = CARTESIAN_POINT ( 'NONE',  ( 0.5264041032300639245, -3.346927267721247379, -23.48739482065566619 ) ) ;
#4696 = CARTESIAN_POINT ( 'NONE',  ( 1.550184882835226263, 2.974263651744701420, -23.71490659981546756 ) ) ;
#4697 = VERTEX_POINT ( 'NONE', #8709 ) ;
#4698 = CARTESIAN_POINT ( 'NONE',  ( 0.07639987184244466378, -3.349993029311855164, -23.47050687068768937 ) ) ;
#4699 = ORIENTED_EDGE ( 'NONE', *, *, #674, .F. ) ;
#4700 = CARTESIAN_POINT ( 'NONE',  ( -3.063714927207926486, 1.029628659052466810, -29.75436310162560360 ) ) ;
#4701 =( BOUNDED_SURFACE ( )  B_SPLINE_SURFACE ( 3, 2, ( 
 ( #72, #6719, #3108 ),
 ( #4576, #7479, #283 ),
 ( #8252, #6063, #8883 ),
 ( #8102, #1734, #6622 ),
 ( #8930, #4628, #127 ),
 ( #7381, #785, #5861 ),
 ( #925, #8055, #2257 ),
 ( #3007, #5909, #1587 ),
 ( #4524, #8794, #2298 ),
 ( #882, #3057, #2346 ),
 ( #3768, #6666, #5953 ),
 ( #6009, #5240, #232 ),
 ( #1208, #1829, #459 ),
 ( #1873, #1024, #1961 ) ),
 .UNSPECIFIED., .F., .F., .F. ) 
 B_SPLINE_SURFACE_WITH_KNOTS ( ( 4, 2, 2, 2, 2, 2, 4 ),
 ( 3, 3 ),
 ( 1.897353801849632760E-18, 0.0006196079525673821699, 0.0009294119288510722249, 0.001239215905134762388, 0.001549019881418452552, 0.001858823857702142715, 0.002478431810269523042 ),
 ( 0.0000000000000000000, 1.000000000000000000 ),
 .UNSPECIFIED. ) 
 GEOMETRIC_REPRESENTATION_ITEM ( )  RATIONAL_B_SPLINE_SURFACE ( (
 ( 1.000000000000000000, 0.8660886143549514360, 1.000000000000000000),
 ( 1.000000000000000000, 0.9168545950726346705, 1.000000000000000000),
 ( 1.000000000000000000, 0.9464740762739910496, 1.000000000000000000),
 ( 1.000000000000000000, 0.9760761375949070784, 1.000000000000000000),
 ( 1.000000000000000000, 0.9832133961764575325, 1.000000000000000000),
 ( 1.000000000000000000, 0.9927242064608048366, 1.000000000000000000),
 ( 1.000000000000000000, 0.9950985085131630603, 1.000000000000000000),
 ( 1.000000000000000000, 0.9949686010250718970, 1.000000000000000000),
 ( 1.000000000000000000, 0.9924889128643769043, 1.000000000000000000),
 ( 1.000000000000000000, 0.9828476184605349220, 1.000000000000000000),
 ( 1.000000000000000000, 0.9756799052111063686, 1.000000000000000000),
 ( 1.000000000000000000, 0.9461201976853311768, 1.000000000000000000),
 ( 1.000000000000000000, 0.9166827519299947102, 1.000000000000000000),
 ( 1.000000000000000000, 0.8660886143524042513, 1.000000000000000000) ) ) 
 REPRESENTATION_ITEM ( '' )  SURFACE ( )  );
#4702 = CARTESIAN_POINT ( 'NONE',  ( 6.544816689057688208, -1.886395353909128048, -23.00150585113561164 ) ) ;
#4703 = SURFACE_SIDE_STYLE ('',( #5371 ) ) ;
#4704 = CARTESIAN_POINT ( 'NONE',  ( 1.223091024631459911, -3.082643084309989234, -23.30938451861452521 ) ) ;
#4705 = CARTESIAN_POINT ( 'NONE',  ( -3.098973170844997682, -1.028752842305865611, -27.85436310159963469 ) ) ;
#4706 = VECTOR ( 'NONE', #8612, 1000.000000000000000 ) ;
#4707 = ORIENTED_EDGE ( 'NONE', *, *, #4828, .T. ) ;
#4708 = DIRECTION ( 'NONE',  ( -1.000000000000000000, 0.0000000000000000000, 0.0000000000000000000 ) ) ;
#4709 = CARTESIAN_POINT ( 'NONE',  ( -1.437642309897260384, 3.326653165188699024, -23.25792224992104806 ) ) ;
#4710 = EDGE_CURVE ( 'NONE', #5190, #7890, #4585, .T. ) ;
#4711 = LINE ( 'NONE', #3203, #1172 ) ;
#4712 = CARTESIAN_POINT ( 'NONE',  ( -3.198330138496647823, 0.8569959712192420920, -25.35142824298415221 ) ) ;
#4713 = CARTESIAN_POINT ( 'NONE',  ( -2.955957632331234652, 0.0000000000000000000, -31.50000000000000000 ) ) ;
#4714 = CARTESIAN_POINT ( 'NONE',  ( -1.979898987322333603, 0.6999999999999997335, -25.60000000000000497 ) ) ;
#4715 = VERTEX_POINT ( 'NONE', #3826 ) ;
#4716 = CARTESIAN_POINT ( 'NONE',  ( -5.758342212462055798, -1.968449332760018544, -5.854691731421723944E-15 ) ) ;
#4717 =( GEOMETRIC_REPRESENTATION_CONTEXT ( 3 ) GLOBAL_UNCERTAINTY_ASSIGNED_CONTEXT ( ( #1163 ) ) GLOBAL_UNIT_ASSIGNED_CONTEXT ( ( #8797, #3675, #7913 ) ) REPRESENTATION_CONTEXT ( 'NONE', 'WORKASPACE' ) );
#4718 = DIRECTION ( 'NONE',  ( -1.000000000000000000, 1.672957273954558210E-16, 0.0000000000000000000 ) ) ;
#4719 = VERTEX_POINT ( 'NONE', #1552 ) ;
#4720 = CARTESIAN_POINT ( 'NONE',  ( -2.985064664438640492, 3.261723723080836024, -23.16182304803738745 ) ) ;
#4721 = CIRCLE ( 'NONE', #7154, 0.2499999999999997780 ) ;
#4722 = DIRECTION ( 'NONE',  ( 1.000000000000000000, -0.0000000000000000000, 0.0000000000000000000 ) ) ;
#4723 = CARTESIAN_POINT ( 'NONE',  ( -3.114765733250399737, -1.028379173908033684, -26.85355339059327306 ) ) ;
#4724 = ORIENTED_EDGE ( 'NONE', *, *, #5418, .F. ) ;
#4725 = CARTESIAN_POINT ( 'NONE',  ( -3.257876132631460475, 0.4869552922273936990, -26.20436256087611326 ) ) ;
#4726 = FACE_OUTER_BOUND ( 'NONE', #7270, .T. ) ;
#4727 = FILL_AREA_STYLE_COLOUR ( '', #8984 ) ;
#4728 =( GEOMETRIC_REPRESENTATION_CONTEXT ( 3 ) GLOBAL_UNCERTAINTY_ASSIGNED_CONTEXT ( ( #6211 ) ) GLOBAL_UNIT_ASSIGNED_CONTEXT ( ( #4383, #4337, #2166 ) ) REPRESENTATION_CONTEXT ( 'NONE', 'WORKASPACE' ) );
#4729 = CARTESIAN_POINT ( 'NONE',  ( -3.063751019710967860, 1.029640788730453282, -29.75000000000000355 ) ) ;
#4730 = AXIS2_PLACEMENT_3D ( 'NONE', #1519, #902, #3793 ) ;
#4731 = FACE_OUTER_BOUND ( 'NONE', #4331, .T. ) ;
#4732 = B_SPLINE_CURVE_WITH_KNOTS ( 'NONE', 3,
 ( #603, #4240, #7251, #2963 ),
 .UNSPECIFIED., .F., .F.,
 ( 4, 4 ),
 ( 0.0000000000000000000, 1.000000000000000000 ),
 .UNSPECIFIED. ) ;
#4733 = CARTESIAN_POINT ( 'NONE',  ( 4.741856460906231696, 2.888676873037206771, -19.30960607446507638 ) ) ;
#4734 = PRESENTATION_LAYER_ASSIGNMENT (  '', '', ( #38 ) ) ;
#4735 = PRESENTATION_STYLE_ASSIGNMENT (( #6140 ) ) ;
#4736 = LINE ( 'NONE', #7950, #692 ) ;
#4737 = EDGE_CURVE ( 'NONE', #3603, #3495, #7302, .T. ) ;
#4738 = EDGE_CURVE ( 'NONE', #4763, #4408, #747, .T. ) ;
#4739 = CARTESIAN_POINT ( 'NONE',  ( -5.984818814091111605, 2.110679244729830373, -0.2499999999999986400 ) ) ;
#4740 = DIRECTION ( 'NONE',  ( 0.0000000000000000000, 0.0000000000000000000, -1.000000000000000000 ) ) ;
#4741 = CARTESIAN_POINT ( 'NONE',  ( -2.972710410531942404, -0.6999999999999996225, -28.35000000000000497 ) ) ;
#4742 = CARTESIAN_POINT ( 'NONE',  ( -0.6036709784070367624, -3.283481820113486105, -23.65955919144746034 ) ) ;
#4743 = VERTEX_POINT ( 'NONE', #7433 ) ;
#4744 = DIRECTION ( 'NONE',  ( -0.1240229260171855780, 0.01379849407828641350, -0.9921834081374809600 ) ) ;
#4745 = MECHANICAL_DESIGN_GEOMETRIC_PRESENTATION_REPRESENTATION (  '', ( #4277 ), #806 ) ;
#4746 = CARTESIAN_POINT ( 'NONE',  ( -6.067918517396607925, 2.265152520554533755, -20.06868207668641091 ) ) ;
#4747 = SURFACE_STYLE_USAGE ( .BOTH. , #2426 ) ;
#4748 = EDGE_CURVE ( 'NONE', #5386, #8257, #3009, .T. ) ;
#4749 = UNCERTAINTY_MEASURE_WITH_UNIT (LENGTH_MEASURE( 1.000000000000000082E-05 ), #5217, 'distance_accuracy_value', 'NONE');
#4750 = CARTESIAN_POINT ( 'NONE',  ( -2.950529918628217896, -1.597435557154543107, -23.63007197131075543 ) ) ;
#4751 = ORIENTED_EDGE ( 'NONE', *, *, #1253, .T. ) ;
#4752 = CARTESIAN_POINT ( 'NONE',  ( 6.049999999999998046, -1.400739682939915021, -18.95849679387758258 ) ) ;
#4753 = CARTESIAN_POINT ( 'NONE',  ( 3.148579300338148368, 0.8572459680475422727, -28.10123318620289723 ) ) ;
#4754 = CARTESIAN_POINT ( 'NONE',  ( -5.762059801975628837, 2.680173211836704983, -23.11364357241962963 ) ) ;
#4755 = FILL_AREA_STYLE_COLOUR ( '', #2652 ) ;
#4756 =( BOUNDED_SURFACE ( )  B_SPLINE_SURFACE ( 2, 3, ( 
 ( #1286, #8552, #4939, #5127 ),
 ( #7838, #753, #3642, #6544 ),
 ( #2927, #8021, #1510, #5182 ) ),
 .UNSPECIFIED., .F., .F., .T. ) 
 B_SPLINE_SURFACE_WITH_KNOTS ( ( 3, 3 ),
 ( 4, 4 ),
 ( 0.0000000000000000000, 1.000000000000000000 ),
 ( 0.0000000000000000000, 0.0001589972542498188938 ),
 .UNSPECIFIED. ) 
 GEOMETRIC_REPRESENTATION_ITEM ( )  RATIONAL_B_SPLINE_SURFACE ( (
 ( 1.000000000000000000, 1.000000000000000000, 1.000000000000000000, 1.000000000000000000),
 ( 1.493278530499288159, 1.502011245713227972, 1.509219134263340534, 1.514957848099247162),
 ( 1.000000000000000000, 1.000000000000000000, 1.000000000000000000, 1.000000000000000000) ) ) 
 REPRESENTATION_ITEM ( '' )  SURFACE ( )  );
#4757 = PRESENTATION_STYLE_ASSIGNMENT (( #8918 ) ) ;
#4758 =( GEOMETRIC_REPRESENTATION_CONTEXT ( 3 ) GLOBAL_UNCERTAINTY_ASSIGNED_CONTEXT ( ( #4453 ) ) GLOBAL_UNIT_ASSIGNED_CONTEXT ( ( #820, #5759, #12 ) ) REPRESENTATION_CONTEXT ( 'NONE', 'WORKASPACE' ) );
#4759 = PRESENTATION_LAYER_ASSIGNMENT (  '', '', ( #6887 ) ) ;
#4760 = SURFACE_SIDE_STYLE ('',( #6856 ) ) ;
#4761 = CARTESIAN_POINT ( 'NONE',  ( -6.180271013676003733, 1.384904610932400360, -20.04216810940805260 ) ) ;
#4762 = CARTESIAN_POINT ( 'NONE',  ( 3.018527356233959402, 0.7281191497468574303, -25.46746391551542388 ) ) ;
#4763 = VERTEX_POINT ( 'NONE', #6629 ) ;
#4764 = CARTESIAN_POINT ( 'NONE',  ( -6.004049327268239367, -2.015768216121581080, 3.835180575769968028E-14 ) ) ;
#4765 = CIRCLE ( 'NONE', #2041, 3.280103582065763135 ) ;
#4766 = CARTESIAN_POINT ( 'NONE',  ( -2.925000000000000266, -4.238084680662899344E-17, 6.599999999999999645 ) ) ;
#4767 = ORIENTED_EDGE ( 'NONE', *, *, #5892, .F. ) ;
#4768 = DIRECTION ( 'NONE',  ( 0.0000000000000000000, 0.0000000000000000000, -1.000000000000000000 ) ) ;
#4769 = CARTESIAN_POINT ( 'NONE',  ( 5.794451011449285538, 1.726453417138049451, -3.035766082959412415E-15 ) ) ;
#4770 = MECHANICAL_DESIGN_GEOMETRIC_PRESENTATION_REPRESENTATION (  '', ( #3556 ), #5075 ) ;
#4771 = FACE_OUTER_BOUND ( 'NONE', #7944, .T. ) ;
#4772 = CARTESIAN_POINT ( 'NONE',  ( 5.320186526956577566, -2.778903506674344825, -7.348673460023136229E-15 ) ) ;
#4773 = UNCERTAINTY_MEASURE_WITH_UNIT (LENGTH_MEASURE( 1.000000000000000082E-05 ), #4861, 'distance_accuracy_value', 'NONE');
#4774 = CARTESIAN_POINT ( 'NONE',  ( -5.808803640655879619, -2.917213767713056072, -22.85969401336062390 ) ) ;
#4775 = CARTESIAN_POINT ( 'NONE',  ( -3.195486003599069758, -0.7513844819172003087, -26.95355903796453845 ) ) ;
#4776 = CARTESIAN_POINT ( 'NONE',  ( -1.871412712720893268, 4.577467098906676135, -29.75290886364105702 ) ) ;
#4777 = ORIENTED_EDGE ( 'NONE', *, *, #2191, .T. ) ;
#4778 = CARTESIAN_POINT ( 'NONE',  ( -1.979898987322649795, -0.6999999999999481082, -25.53072421940213133 ) ) ;
#4779 = CARTESIAN_POINT ( 'NONE',  ( -3.263180195209579360, 0.4868918374400003635, -25.90436283120879679 ) ) ;
#4780 = CARTESIAN_POINT ( 'NONE',  ( 5.021694169433441601, -3.058176305876201706, -21.47721983866968998 ) ) ;
#4781 = FILL_AREA_STYLE_COLOUR ( '', #3264 ) ;
#4782 = FILL_AREA_STYLE ('',( #2692 ) ) ;
#4783 = CARTESIAN_POINT ( 'NONE',  ( -3.093415828407070745, -0.9541030318325501858, -29.51982742949303429 ) ) ;
#4784 = CARTESIAN_POINT ( 'NONE',  ( 3.257876130367855172, 0.4869552922528879169, -26.20436268896323995 ) ) ;
#4785 = SURFACE_SIDE_STYLE ('',( #7719 ) ) ;
#4786 =( NAMED_UNIT ( * ) PLANE_ANGLE_UNIT ( ) SI_UNIT ( $, .RADIAN. ) );
#4787 = AXIS2_PLACEMENT_3D ( 'NONE', #1365, #843, #4244 ) ;
#4788 = DIRECTION ( 'NONE',  ( -0.9479016385291569868, 0.3185631549218134184, 0.0000000000000000000 ) ) ;
#4789 = CARTESIAN_POINT ( 'NONE',  ( -0.8821330647068672537, -3.228636293801542045, -23.71062054906656869 ) ) ;
#4790 = VERTEX_POINT ( 'NONE', #6579 ) ;
#4791 = CARTESIAN_POINT ( 'NONE',  ( -6.272448303477720977, -1.432916833139760149, -20.77958642782179055 ) ) ;
#4792 = ADVANCED_FACE ( 'NONE', ( #3774 ), #3633, .T. ) ;
#4793 = STYLED_ITEM ( 'NONE', ( #2289 ), #8738 ) ;
#4794 = PLANE ( 'NONE',  #6940 ) ;
#4795 = CARTESIAN_POINT ( 'NONE',  ( -3.241431303096905747, -0.8197933187230842522, -23.60560396906926428 ) ) ;
#4796 =( NAMED_UNIT ( * ) SI_UNIT ( $, .STERADIAN. ) SOLID_ANGLE_UNIT ( ) );
#4797 = ORIENTED_EDGE ( 'NONE', *, *, #6158, .F. ) ;
#4798 = CARTESIAN_POINT ( 'NONE',  ( -3.005366147842591928, -0.6999999999999995115, -26.49999999919005944 ) ) ;
#4799 = CIRCLE ( 'NONE', #6018, 43.15249999999993946 ) ;
#4800 =( GEOMETRIC_REPRESENTATION_CONTEXT ( 3 ) GLOBAL_UNCERTAINTY_ASSIGNED_CONTEXT ( ( #2171 ) ) GLOBAL_UNIT_ASSIGNED_CONTEXT ( ( #2303, #133, #930 ) ) REPRESENTATION_CONTEXT ( 'NONE', 'WORKASPACE' ) );
#4801 = CARTESIAN_POINT ( 'NONE',  ( -3.154975979927757912, -0.7111053195119152459, -29.66430504825239822 ) ) ;
#4802 = CARTESIAN_POINT ( 'NONE',  ( -1.696187113183097228, 3.317170658150535356, -23.42518643789869870 ) ) ;
#4803 = CIRCLE ( 'NONE', #4045, 0.2500000000000013878 ) ;
#4804 = ADVANCED_FACE ( 'NONE', ( #789, #5867, #8756 ), #8185, .T. ) ;
#4805 = EDGE_CURVE ( 'NONE', #351, #1072, #521, .T. ) ;
#4806 = AXIS2_PLACEMENT_3D ( 'NONE', #1157, #5390, #5536 ) ;
#4807 = AXIS2_PLACEMENT_3D ( 'NONE', #797, #6374, #4130 ) ;
#4808 = CARTESIAN_POINT ( 'NONE',  ( 2.956820923034311210, -0.6999999999999995115, -29.25000000000000000 ) ) ;
#4809 = FILL_AREA_STYLE ('',( #3478 ) ) ;
#4810 =( LENGTH_UNIT ( ) NAMED_UNIT ( * ) SI_UNIT ( .MILLI., .METRE. ) );
#4811 = VERTEX_POINT ( 'NONE', #3319 ) ;
#4812 = SURFACE_STYLE_USAGE ( .BOTH. , #7047 ) ;
#4813 = CARTESIAN_POINT ( 'NONE',  ( 2.902688034389573790, 0.8221644044885475511, -29.47465536194443914 ) ) ;
#4814 = ORIENTED_EDGE ( 'NONE', *, *, #3867, .T. ) ;
#4815 = FACE_OUTER_BOUND ( 'NONE', #5517, .T. ) ;
#4816 = SURFACE_STYLE_FILL_AREA ( #5541 ) ;
#4817 = STYLED_ITEM ( 'NONE', ( #760 ), #3993 ) ;
#4818 = CARTESIAN_POINT ( 'NONE',  ( 5.053003618299310773, -2.849286103440003881, -0.2499999999999975020 ) ) ;
#4819 = CARTESIAN_POINT ( 'NONE',  ( -5.408180186972156633, -3.011746865186799571, -23.16011303905826324 ) ) ;
#4820 = CARTESIAN_POINT ( 'NONE',  ( 2.925000000000000711, 0.6249999999999997780, 6.599999999999999645 ) ) ;
#4821 = CARTESIAN_POINT ( 'NONE',  ( -1.871398015404529769, 4.577431149336794292, -29.75436310163103215 ) ) ;
#4822 = CARTESIAN_POINT ( 'NONE',  ( -4.741856460906227255, 2.888676873037205439, -19.30960607446506216 ) ) ;
#4823 =( NAMED_UNIT ( * ) PLANE_ANGLE_UNIT ( ) SI_UNIT ( $, .RADIAN. ) );
#4824 = CARTESIAN_POINT ( 'NONE',  ( -3.205919556120571112, -7.852238245453921502E-16, -31.25436310159558673 ) ) ;
#4825 = CARTESIAN_POINT ( 'NONE',  ( 3.021249962336049144, 0.6999999999999996225, -25.60000000000000497 ) ) ;
#4826 = CARTESIAN_POINT ( 'NONE',  ( 3.063751019710969192, -1.029640788730451728, -29.75000000000000355 ) ) ;
#4827 = CARTESIAN_POINT ( 'NONE',  ( -2.965653486808448758, 2.018809050588854070, -23.39823089631546793 ) ) ;
#4828 = EDGE_CURVE ( 'NONE', #1677, #5979, #8549, .T. ) ;
#4829 = COLOUR_RGB ( '',0.2509803921568627416, 0.2509803921568627416, 0.2509803921568627416 ) ;
#4830 = CARTESIAN_POINT ( 'NONE',  ( -6.180271013676003733, 1.384904610932400360, -20.04216810940805260 ) ) ;
#4831 = CARTESIAN_POINT ( 'NONE',  ( 4.781516572172785473, -2.884292228721989648, -19.61585814042052789 ) ) ;
#4832 = CARTESIAN_POINT ( 'NONE',  ( -5.684671230752804227, 2.203213750999144516, -1.192622389734054877E-15 ) ) ;
#4833 = COLOUR_RGB ( '',0.2509803921568627416, 0.2509803921568627416, 0.2509803921568627416 ) ;
#4834 = CARTESIAN_POINT ( 'NONE',  ( 0.2443193913878987655, -3.331370509029922822, -23.58949651096473232 ) ) ;
#4835 =( NAMED_UNIT ( * ) SI_UNIT ( $, .STERADIAN. ) SOLID_ANGLE_UNIT ( ) );
#4836 = CARTESIAN_POINT ( 'NONE',  ( -6.065444246572663012, 3.149999999999999911, -19.12355397258131262 ) ) ;
#4837 = VERTEX_POINT ( 'NONE', #5550 ) ;
#4838 = CARTESIAN_POINT ( 'NONE',  ( 3.121769852874970219, 0.8630853416160100267, -29.50186105683413729 ) ) ;
#4839 = MECHANICAL_DESIGN_GEOMETRIC_PRESENTATION_REPRESENTATION (  '', ( #4686 ), #1651 ) ;
#4840 = SURFACE_STYLE_FILL_AREA ( #2655 ) ;
#4841 = DIRECTION ( 'NONE',  ( -0.0000000000000000000, 1.000000000000000000, -0.0000000000000000000 ) ) ;
#4842 = DIRECTION ( 'NONE',  ( 0.0000000000000000000, 1.000000000000000000, 0.0000000000000000000 ) ) ;
#4843 = CARTESIAN_POINT ( 'NONE',  ( -3.219856694775675710, 0.4874122644155680639, -28.35436310159695239 ) ) ;
#4844 = EDGE_LOOP ( 'NONE', ( #7125, #2725, #8770, #4078 ) ) ;
#4845 = EDGE_CURVE ( 'NONE', #3425, #2629, #8938, .T. ) ;
#4846 = AXIS2_PLACEMENT_3D ( 'NONE', #252, #6086, #8166 ) ;
#4847 = LINE ( 'NONE', #2753, #4888 ) ;
#4848 = PRESENTATION_LAYER_ASSIGNMENT (  '', '', ( #6513 ) ) ;
#4849 = CARTESIAN_POINT ( 'NONE',  ( 3.149912906151564496, -1.027518800200588611, -25.10436310160932649 ) ) ;
#4850 = COLOUR_RGB ( '',0.2509803921568627416, 0.2509803921568627416, 0.2509803921568627416 ) ;
#4851 = CARTESIAN_POINT ( 'NONE',  ( 0.0000000000000000000, 0.0000000000000000000, -25.35000000000000497 ) ) ;
#4852 = CARTESIAN_POINT ( 'NONE',  ( -4.713855710941723842, 2.891763259629740013, -5.662645351020866080 ) ) ;
#4853 = CARTESIAN_POINT ( 'NONE',  ( 3.149912906151563607, 1.027518800200589499, -25.10436310160932649 ) ) ;
#4854 = ORIENTED_EDGE ( 'NONE', *, *, #674, .T. ) ;
#4855 = EDGE_CURVE ( 'NONE', #8501, #6317, #5402, .T. ) ;
#4856 = CARTESIAN_POINT ( 'NONE',  ( -2.912274948409522057, -0.9499999999999995115, -25.35000000000000853 ) ) ;
#4857 = EDGE_CURVE ( 'NONE', #3554, #4573, #5607, .T. ) ;
#4858 =( NAMED_UNIT ( * ) PLANE_ANGLE_UNIT ( ) SI_UNIT ( $, .RADIAN. ) );
#4859 = ORIENTED_EDGE ( 'NONE', *, *, #3813, .T. ) ;
#4860 = CARTESIAN_POINT ( 'NONE',  ( -5.687037354745796414, 2.700659889033298899, -23.12361340940584498 ) ) ;
#4861 =( LENGTH_UNIT ( ) NAMED_UNIT ( * ) SI_UNIT ( .MILLI., .METRE. ) );
#4862 = CARTESIAN_POINT ( 'NONE',  ( 5.697984661022003294, -2.597281499390924786, -0.2499999999999955036 ) ) ;
#4863 = MECHANICAL_DESIGN_GEOMETRIC_PRESENTATION_REPRESENTATION (  '', ( #6249 ), #15 ) ;
#4864 =( BOUNDED_SURFACE ( )  B_SPLINE_SURFACE ( 2, 3, ( 
 ( #2770, #2111, #4140, #1350 ),
 ( #7139, #7049, #6341, #9353 ),
 ( #632, #4098, #7003, #9215 ) ),
 .UNSPECIFIED., .F., .F., .T. ) 
 B_SPLINE_SURFACE_WITH_KNOTS ( ( 3, 3 ),
 ( 4, 4 ),
 ( 0.0000000000000000000, 1.000000000000000000 ),
 ( 0.0000000000000000000, 0.001113008087238890557 ),
 .UNSPECIFIED. ) 
 GEOMETRIC_REPRESENTATION_ITEM ( )  RATIONAL_B_SPLINE_SURFACE ( (
 ( 1.000000000000000000, 1.000000000000000000, 1.000000000000000000, 1.000000000000000000),
 ( 1.491155899116284322, 1.500752297732430351, 1.508693471630654370, 1.514957848099245830),
 ( 1.000000000000000000, 1.000000000000000000, 1.000000000000000000, 1.000000000000000000) ) ) 
 REPRESENTATION_ITEM ( '' )  SURFACE ( )  );
#4865 = SURFACE_STYLE_FILL_AREA ( #1966 ) ;
#4866 = CARTESIAN_POINT ( 'NONE',  ( -2.681878518829471592, -1.989251575389589854, -23.65010299903270408 ) ) ;
#4867 = EDGE_LOOP ( 'NONE', ( #1667, #7555, #7034, #3571, #1081, #8903, #1938, #6542 ) ) ;
#4868 = CARTESIAN_POINT ( 'NONE',  ( 5.040912269091970543, -2.854558458850375402, -20.22822021129186254 ) ) ;
#4869 = FILL_AREA_STYLE_COLOUR ( '', #1568 ) ;
#4870 = ORIENTED_EDGE ( 'NONE', *, *, #3417, .F. ) ;
#4871 = CARTESIAN_POINT ( 'NONE',  ( -5.952646750778425755, -2.279765523724480492, -19.14984370697312954 ) ) ;
#4872 = SURFACE_STYLE_FILL_AREA ( #3624 ) ;
#4873 = DIRECTION ( 'NONE',  ( 0.0000000000000000000, 0.0000000000000000000, 1.000000000000000000 ) ) ;
#4874 = PRESENTATION_LAYER_ASSIGNMENT (  '', '', ( #1695 ) ) ;
#4875 = CARTESIAN_POINT ( 'NONE',  ( 3.251274253263694458, -0.4874408852437768780, -26.57429458607483852 ) ) ;
#4876 = FACE_OUTER_BOUND ( 'NONE', #8193, .T. ) ;
#4877 = CARTESIAN_POINT ( 'NONE',  ( -3.190969613531855931, -0.7667776894568099078, -26.94672556734177604 ) ) ;
#4878 = DIRECTION ( 'NONE',  ( 0.0000000000000000000, 0.0000000000000000000, -1.000000000000000000 ) ) ;
#4879 = PRESENTATION_LAYER_ASSIGNMENT (  '', '', ( #354 ) ) ;
#4880 = CYLINDRICAL_SURFACE ( 'NONE', #4484, 0.2500000000000000000 ) ;
#4881 = EDGE_CURVE ( 'NONE', #1556, #2319, #7313, .T. ) ;
#4882 = CARTESIAN_POINT ( 'NONE',  ( 2.925000000000000711, 1.224999999999999201, 0.0000000000000000000 ) ) ;
#4883 = CARTESIAN_POINT ( 'NONE',  ( -0.1220142669796711737, -3.337828631779281352, -23.57246459415255302 ) ) ;
#4884 = CARTESIAN_POINT ( 'NONE',  ( 1.688074263814400400, 3.248932078282115832, -20.44082161392842423 ) ) ;
#4885 = CARTESIAN_POINT ( 'NONE',  ( -0.2026625864131506305, 3.335377209124184894, -23.58257004798540279 ) ) ;
#4886 = ORIENTED_EDGE ( 'NONE', *, *, #5957, .T. ) ;
#4887 = VECTOR ( 'NONE', #3843, 1000.000000000000000 ) ;
#4888 = VECTOR ( 'NONE', #2710, 1000.000000000000000 ) ;
#4889 = CARTESIAN_POINT ( 'NONE',  ( -4.860731151393467009, 2.875367821608406427, -20.22822017818153739 ) ) ;
#4890 = SURFACE_STYLE_FILL_AREA ( #9198 ) ;
#4891 =( LENGTH_UNIT ( ) NAMED_UNIT ( * ) SI_UNIT ( .MILLI., .METRE. ) );
#4892 = VERTEX_POINT ( 'NONE', #3268 ) ;
#4893 = SURFACE_STYLE_USAGE ( .BOTH. , #4309 ) ;
#4894 = STYLED_ITEM ( 'NONE', ( #633 ), #463 ) ;
#4895 = DIRECTION ( 'NONE',  ( 1.000000000000000000, 0.0000000000000000000, 0.0000000000000000000 ) ) ;
#4896 = FACE_OUTER_BOUND ( 'NONE', #868, .T. ) ;
#4897 = CARTESIAN_POINT ( 'NONE',  ( 0.7435557905715075577, -3.257517634035758114, -23.60241804760255135 ) ) ;
#4898 = COLOUR_RGB ( '',0.2509803921568627416, 0.2509803921568627416, 0.2509803921568627416 ) ;
#4899 = CARTESIAN_POINT ( 'NONE',  ( -2.956820923034311210, -0.4499999999999995670, -29.25000000000000711 ) ) ;
#4900 =( LENGTH_UNIT ( ) NAMED_UNIT ( * ) SI_UNIT ( .MILLI., .METRE. ) );
#4901 = CARTESIAN_POINT ( 'NONE',  ( -0.2065405356429209360, -3.349633491046356326, -23.49438403204364079 ) ) ;
#4902 = CARTESIAN_POINT ( 'NONE',  ( 6.308239556175612606, 1.546407208780338660, -23.03642561252741672 ) ) ;
#4903 = CARTESIAN_POINT ( 'NONE',  ( -1.942617827404321096, -4.720417531513622755, -25.24876908820928634 ) ) ;
#4904 = ORIENTED_EDGE ( 'NONE', *, *, #2852, .F. ) ;
#4905 = SURFACE_STYLE_FILL_AREA ( #5625 ) ;
#4906 = LINE ( 'NONE', #588, #1025 ) ;
#4907 = EDGE_LOOP ( 'NONE', ( #5966, #6619 ) ) ;
#4908 = CARTESIAN_POINT ( 'NONE',  ( -2.861741315536933783, -0.9500000000000016209, -27.85000000000000497 ) ) ;
#4909 = SURFACE_STYLE_FILL_AREA ( #3616 ) ;
#4910 = UNCERTAINTY_MEASURE_WITH_UNIT (LENGTH_MEASURE( 1.000000000000000082E-05 ), #1278, 'distance_accuracy_value', 'NONE');
#4911 = EDGE_CURVE ( 'NONE', #6483, #3603, #574, .T. ) ;
#4912 = CARTESIAN_POINT ( 'NONE',  ( -6.159003449688566612, -2.409651405376565414, -23.05821646034004857 ) ) ;
#4913 =( GEOMETRIC_REPRESENTATION_CONTEXT ( 3 ) GLOBAL_UNCERTAINTY_ASSIGNED_CONTEXT ( ( #5878 ) ) GLOBAL_UNIT_ASSIGNED_CONTEXT ( ( #5538, #5001, #8468 ) ) REPRESENTATION_CONTEXT ( 'NONE', 'WORKASPACE' ) );
#4914 = ORIENTED_EDGE ( 'NONE', *, *, #5264, .F. ) ;
#4915 = CARTESIAN_POINT ( 'NONE',  ( -5.044936530927755847, -2.887932083893891999, -20.65074867862697872 ) ) ;
#4916 = SURFACE_SIDE_STYLE ('',( #381 ) ) ;
#4917 = ORIENTED_EDGE ( 'NONE', *, *, #4046, .F. ) ;
#4918 = CIRCLE ( 'NONE', #7338, 0.2500000000000002776 ) ;
#4919 = DIRECTION ( 'NONE',  ( -1.000000000000000000, 8.881784197001252323E-16, 0.0000000000000000000 ) ) ;
#4920 = CIRCLE ( 'NONE', #4461, 43.35249999999994230 ) ;
#4921 = CARTESIAN_POINT ( 'NONE',  ( 3.235649468428457798, -0.5635800090199406531, -26.76845528887921333 ) ) ;
#4922 = ADVANCED_FACE ( 'NONE', ( #9032 ), #6173, .F. ) ;
#4923 = CARTESIAN_POINT ( 'NONE',  ( 3.005366193732539326, -0.6999999999999995115, -26.50000000000000355 ) ) ;
#4924 = SURFACE_STYLE_USAGE ( .BOTH. , #2645 ) ;
#4925 = CARTESIAN_POINT ( 'NONE',  ( -6.050000019276674301, 1.571692453136187995, -4.668296736695366870E-14 ) ) ;
#4926 = DIRECTION ( 'NONE',  ( 0.9495826881108939688, 0.3135166956321285836, 0.0000000000000000000 ) ) ;
#4927 = CARTESIAN_POINT ( 'NONE',  ( 0.4925079592282617935, -3.303066795500820163, -23.63923473963298250 ) ) ;
#4928 = CARTESIAN_POINT ( 'NONE',  ( 0.7558223012958428244, 3.254615403295296527, -23.60296381378376651 ) ) ;
#4929 = AXIS2_PLACEMENT_3D ( 'NONE', #2203, #724, #4323 ) ;
#4930 = VERTEX_POINT ( 'NONE', #6441 ) ;
#4931 = CARTESIAN_POINT ( 'NONE',  ( -4.992962018374508482, -2.960845848910206968, -20.85272001113170504 ) ) ;
#4932 = DIRECTION ( 'NONE',  ( 0.01764487228148346395, 4.357065908270339363E-14, 0.9998443171225058768 ) ) ;
#4933 = CARTESIAN_POINT ( 'NONE',  ( -1.568439464908946368, 2.985923014984530610, -2.168404344971008868E-16 ) ) ;
#4934 = ORIENTED_EDGE ( 'NONE', *, *, #6762, .T. ) ;
#4935 = CARTESIAN_POINT ( 'NONE',  ( 4.686546425784772651, -2.643259330195560697, -2.168404344971008868E-16 ) ) ;
#4936 = CARTESIAN_POINT ( 'NONE',  ( -3.199185330467196664, -0.5036326096892733695, -29.39158488046193440 ) ) ;
#4937 = SURFACE_SIDE_STYLE ('',( #7935 ) ) ;
#4938 = PRESENTATION_LAYER_ASSIGNMENT (  '', '', ( #5407 ) ) ;
#4939 = CARTESIAN_POINT ( 'NONE',  ( -5.005240102355410059, 3.026629564943080997, -21.05583688104339046 ) ) ;
#4940 = CARTESIAN_POINT ( 'NONE',  ( 6.180271013676005509, -1.384904610932401248, -20.04216810940807036 ) ) ;
#4941 =( BOUNDED_CURVE ( )  B_SPLINE_CURVE ( 2, ( #7142, #2819, #1483 ),
 .UNSPECIFIED., .F., .T. ) 
 B_SPLINE_CURVE_WITH_KNOTS ( ( 3, 3 ),
 ( 0.0000000000000000000, 1.000000000000000000 ),
 .UNSPECIFIED. ) 
 CURVE ( )  GEOMETRIC_REPRESENTATION_ITEM ( )  RATIONAL_B_SPLINE_CURVE ( ( 0.9999999999999994449, 0.7122195791674850174, 0.9999999999999994449 ) ) 
 REPRESENTATION_ITEM ( '' )  );
#4942 = DIRECTION ( 'NONE',  ( 0.3716589583769786542, 0.9283693331094793333, 0.0000000000000000000 ) ) ;
#4943 = CARTESIAN_POINT ( 'NONE',  ( -0.5214644186970457396, -3.346989068166819958, -23.48754047432725756 ) ) ;
#4944 = CARTESIAN_POINT ( 'NONE',  ( 3.094903922266729612, -1.027401991294850880, -28.09999999999999432 ) ) ;
#4945 = PRESENTATION_LAYER_ASSIGNMENT (  '', '', ( #4042 ) ) ;
#4946 = CARTESIAN_POINT ( 'NONE',  ( -1.872832080032804658, 0.9499999999999997335, -28.10000000000000497 ) ) ;
#4947 = ORIENTED_EDGE ( 'NONE', *, *, #44, .T. ) ;
#4948 = CARTESIAN_POINT ( 'NONE',  ( 1.059057078722271061, 3.257289327013035418, -23.54790701832735067 ) ) ;
#4949 = SURFACE_STYLE_USAGE ( .BOTH. , #2860 ) ;
#4950 = CARTESIAN_POINT ( 'NONE',  ( -6.289992175663073226, 2.194303995266649654, -21.30609151831047043 ) ) ;
#4951 = CARTESIAN_POINT ( 'NONE',  ( 5.695645961712759053, 2.588981759434364704, -8.878224485284350545E-16 ) ) ;
#4952 = SURFACE_STYLE_FILL_AREA ( #2059 ) ;
#4953 = CARTESIAN_POINT ( 'NONE',  ( -3.203398940256226179, 0.0000000000000000000, -31.39876908820451717 ) ) ;
#4954 = COLOUR_RGB ( '',0.2509803921568627416, 0.2509803921568627416, 0.2509803921568627416 ) ;
#4955 = VECTOR ( 'NONE', #8902, 1000.000000000000000 ) ;
#4956 = UNCERTAINTY_MEASURE_WITH_UNIT (LENGTH_MEASURE( 1.000000000000000082E-05 ), #8741, 'distance_accuracy_value', 'NONE');
#4957 = MECHANICAL_DESIGN_GEOMETRIC_PRESENTATION_REPRESENTATION (  '', ( #3734 ), #9342 ) ;
#4958 = CARTESIAN_POINT ( 'NONE',  ( -6.519762825503639725, -1.546474879900089139, -22.75810260402912988 ) ) ;
#4959 =( LENGTH_UNIT ( ) NAMED_UNIT ( * ) SI_UNIT ( .MILLI., .METRE. ) );
#4960 = ORIENTED_EDGE ( 'NONE', *, *, #3305, .T. ) ;
#4961 =( LENGTH_UNIT ( ) NAMED_UNIT ( * ) SI_UNIT ( .MILLI., .METRE. ) );
#4962 = CARTESIAN_POINT ( 'NONE',  ( -3.222206779065099003, -0.4873835007950311771, -28.22149008157797923 ) ) ;
#4963 = CARTESIAN_POINT ( 'NONE',  ( 3.264646898799109298, -0.5521805878302026294, -25.33143694073305952 ) ) ;
#4964 = EDGE_LOOP ( 'NONE', ( #7181, #5710, #4359, #8031 ) ) ;
#4965 = CARTESIAN_POINT ( 'NONE',  ( -2.877370061222676689, 0.9499999999999995115, -26.75000000000000000 ) ) ;
#4966 = ADVANCED_FACE ( 'NONE', ( #511 ), #2515, .F. ) ;
#4967 = SURFACE_STYLE_FILL_AREA ( #7247 ) ;
#4968 = CARTESIAN_POINT ( 'NONE',  ( -3.005366193732538438, 0.6999999999999995115, -26.50000000000001776 ) ) ;
#4969 = CARTESIAN_POINT ( 'NONE',  ( 6.103725754817105553, 1.393528348459398547, -19.42980603853687072 ) ) ;
#4970 = COLOUR_RGB ( '',0.7529411764705882248, 0.7529411764705882248, 0.7529411764705882248 ) ;
#4971 = CARTESIAN_POINT ( 'NONE',  ( 3.252572334975010193, 0.4870147112371850384, -26.50436289858549799 ) ) ;
#4972 = PRESENTATION_STYLE_ASSIGNMENT (( #3548 ) ) ;
#4973 = CARTESIAN_POINT ( 'NONE',  ( -5.621971187940602022, 2.308179190175812856, -4.878909776184769953E-16 ) ) ;
#4974 = EDGE_CURVE ( 'NONE', #7359, #9336, #5895, .T. ) ;
#4975 = CARTESIAN_POINT ( 'NONE',  ( 1.241898298771024534, -3.097668276126456455, -23.72510330486143459 ) ) ;
#4976 = CARTESIAN_POINT ( 'NONE',  ( 2.912274948409522501, 0.9500000000000002887, -25.10000000000000497 ) ) ;
#4977 = CARTESIAN_POINT ( 'NONE',  ( -6.182609125245432047, -2.725514048995512084, -20.06087300196347201 ) ) ;
#4978 = ADVANCED_FACE ( 'NONE', ( #2119 ), #3483, .T. ) ;
#4979 = ORIENTED_EDGE ( 'NONE', *, *, #2422, .T. ) ;
#4980 = CARTESIAN_POINT ( 'NONE',  ( 2.954441427592468639, 0.6999999999999998446, -29.31738445411668437 ) ) ;
#4981 = DIRECTION ( 'NONE',  ( -0.0000000000000000000, -0.0000000000000000000, 1.000000000000000000 ) ) ;
#4982 = PRESENTATION_LAYER_ASSIGNMENT (  '', '', ( #3761 ) ) ;
#4983 = B_SPLINE_CURVE_WITH_KNOTS ( 'NONE', 3,
 ( #995, #2465, #7439, #1653 ),
 .UNSPECIFIED., .F., .F.,
 ( 4, 4 ),
 ( 0.0000000000000000000, 1.000000000000000000 ),
 .UNSPECIFIED. ) ;
#4984 = CARTESIAN_POINT ( 'NONE',  ( 6.323227782603963121, -1.561437385389026211, -21.18582226083172060 ) ) ;
#4985 = ORIENTED_EDGE ( 'NONE', *, *, #1371, .T. ) ;
#4986 = CARTESIAN_POINT ( 'NONE',  ( 1.577579022422621158, -3.236423702679415371, -0.1035533905950400679 ) ) ;
#4987 = CARTESIAN_POINT ( 'NONE',  ( 6.268852234037609605, 2.778830351704422608, -20.75081787230089247 ) ) ;
#4988 = B_SPLINE_CURVE_WITH_KNOTS ( 'NONE', 3,
 ( #2201, #2771, #1299, #8563 ),
 .UNSPECIFIED., .F., .F.,
 ( 4, 4 ),
 ( 0.0000000000000000000, 1.000000000000000000 ),
 .UNSPECIFIED. ) ;
#4989 = DIRECTION ( 'NONE',  ( 0.3716589583764862148, -0.9283693331096765089, 0.0000000000000000000 ) ) ;
#4990 = CARTESIAN_POINT ( 'NONE',  ( 3.198330138496786379, -0.8569959712194230583, -25.35142824298413089 ) ) ;
#4991 = PRESENTATION_LAYER_ASSIGNMENT (  '', '', ( #312 ) ) ;
#4992 = CARTESIAN_POINT ( 'NONE',  ( -5.210767358599760257, 2.787535110521076831, -23.18423843541935270 ) ) ;
#4993 = DIRECTION ( 'NONE',  ( -1.000000000000000000, -1.672957273954558210E-16, -0.0000000000000000000 ) ) ;
#4994 = CARTESIAN_POINT ( 'NONE',  ( -0.2037103721270648315, -3.349644717705155372, -23.46321533578225171 ) ) ;
#4995 = MECHANICAL_DESIGN_GEOMETRIC_PRESENTATION_REPRESENTATION (  '', ( #1210 ), #3015 ) ;
#4996 = CARTESIAN_POINT ( 'NONE',  ( -1.979898987322333603, 0.6999999999999997335, -28.35000000000000497 ) ) ;
#4997 = VERTEX_POINT ( 'NONE', #6566 ) ;
#4998 = CARTESIAN_POINT ( 'NONE',  ( -0.8453857473225422359, 3.289988444649833532, -23.54679192465030724 ) ) ;
#4999 = ADVANCED_FACE ( 'NONE', ( #4479 ), #5731, .T. ) ;
#5000 = EDGE_LOOP ( 'NONE', ( #9193, #5467, #5651, #7507 ) ) ;
#5001 =( NAMED_UNIT ( * ) PLANE_ANGLE_UNIT ( ) SI_UNIT ( $, .RADIAN. ) );
#5002 = CARTESIAN_POINT ( 'NONE',  ( 1.230185108644060499, -3.332542411984208641, -23.30938451861456073 ) ) ;
#5003 =( GEOMETRIC_REPRESENTATION_CONTEXT ( 3 ) GLOBAL_UNCERTAINTY_ASSIGNED_CONTEXT ( ( #634 ) ) GLOBAL_UNIT_ASSIGNED_CONTEXT ( ( #1447, #75, #3629 ) ) REPRESENTATION_CONTEXT ( 'NONE', 'WORKASPACE' ) );
#5004 = CARTESIAN_POINT ( 'NONE',  ( 3.205919556120571112, 3.926119122726960751E-16, -31.25436310159558673 ) ) ;
#5005 =( GEOMETRIC_REPRESENTATION_CONTEXT ( 3 ) GLOBAL_UNCERTAINTY_ASSIGNED_CONTEXT ( ( #4388 ) ) GLOBAL_UNIT_ASSIGNED_CONTEXT ( ( #4900, #3434, #4093 ) ) REPRESENTATION_CONTEXT ( 'NONE', 'WORKASPACE' ) );
#5006 =( BOUNDED_SURFACE ( )  B_SPLINE_SURFACE ( 3, 2, ( 
 ( #2790, #7158, #6449 ),
 ( #5738, #8624, #2129 ),
 ( #5018, #7917, #1406 ),
 ( #4294, #8710, #7206 ) ),
 .UNSPECIFIED., .F., .F., .T. ) 
 B_SPLINE_SURFACE_WITH_KNOTS ( ( 4, 4 ),
 ( 3, 3 ),
 ( 0.0000000000000000000, 0.0009001402534122818384 ),
 ( 0.0000000000000000000, 1.000000000000000000 ),
 .UNSPECIFIED. ) 
 GEOMETRIC_REPRESENTATION_ITEM ( )  RATIONAL_B_SPLINE_SURFACE ( (
 ( 1.000000000000000000, 0.7581718333143209199, 1.000000000000000000),
 ( 1.000000000000000000, 0.7582577775424754751, 1.000000000000000000),
 ( 1.000000000000000000, 0.7583441562058514940, 1.000000000000000000),
 ( 1.000000000000000000, 0.7584309759676206575, 1.000000000000000000) ) ) 
 REPRESENTATION_ITEM ( '' )  SURFACE ( )  );
#5007 = CARTESIAN_POINT ( 'NONE',  ( 3.186763380112889621, -0.5644275255302003691, -29.51869292175874904 ) ) ;
#5008 = EDGE_LOOP ( 'NONE', ( #5725, #4537, #5928, #3347, #1008 ) ) ;
#5009 = CARTESIAN_POINT ( 'NONE',  ( 2.861741315536934227, -0.9499999999999995115, -28.10000000000000497 ) ) ;
#5010 = CIRCLE ( 'NONE', #8783, 3.232140229723559965 ) ;
#5011 = CARTESIAN_POINT ( 'NONE',  ( -6.035677583726602791, -1.929937609533913578, -19.13463035832641523 ) ) ;
#5012 = SURFACE_STYLE_USAGE ( .BOTH. , #735 ) ;
#5013 = LINE ( 'NONE', #4152, #6291 ) ;
#5014 = CARTESIAN_POINT ( 'NONE',  ( -2.997053878840356234, 1.474750500050204360, -23.62620731804630125 ) ) ;
#5015 = DIRECTION ( 'NONE',  ( 0.0000000000000000000, 1.000000000000000000, 0.0000000000000000000 ) ) ;
#5016 = B_SPLINE_CURVE_WITH_KNOTS ( 'NONE', 3,
 ( #8620, #5772, #8656, #3673, #8702, #2916, #602, #4286, #7201, #2167, #5816, #9317, #2213, #5115, #3502, #7811, #7294, #6400, #6572, #9272, #2785, #73, #6533, #5686 ),
 .UNSPECIFIED., .F., .F.,
 ( 4, 2, 2, 1, 1, 2, 2, 2, 1, 1, 2, 2, 2, 4 ),
 ( 0.0000000000000000000, 0.1250000000000000833, 0.1875000000000000555, 0.2187500000000000555, 0.2343749999999998057, 0.2421874999999996392, 0.2499999999999994726, 0.3749999999999988898, 0.4374999999999988343, 0.4687499999999988898, 0.4843749999999990008, 0.4999999999999991118, 0.7499999999999995559, 1.000000000000000000 ),
 .UNSPECIFIED. ) ;
#5017 = CARTESIAN_POINT ( 'NONE',  ( -3.084399603307975912, 1.300310737225659707, -23.39020584463067109 ) ) ;
#5018 = CARTESIAN_POINT ( 'NONE',  ( -2.962117739243805836, 0.6999999999999996225, -28.95000000565648079 ) ) ;
#5019 = FILL_AREA_STYLE_COLOUR ( '', #7630 ) ;
#5020 = CARTESIAN_POINT ( 'NONE',  ( 6.050000000000006928, 1.400739683024801785, -0.2500000000000021649 ) ) ;
#5021 = CYLINDRICAL_SURFACE ( 'NONE', #5272, 1.224999999999999201 ) ;
#5022 =( NAMED_UNIT ( * ) SI_UNIT ( $, .STERADIAN. ) SOLID_ANGLE_UNIT ( ) );
#5023 = COLOUR_RGB ( '',0.2509803921568627416, 0.2509803921568627416, 0.2509803921568627416 ) ;
#5024 = ORIENTED_EDGE ( 'NONE', *, *, #2981, .T. ) ;
#5025 = EDGE_CURVE ( 'NONE', #3339, #4118, #8383, .T. ) ;
#5026 =( NAMED_UNIT ( * ) SI_UNIT ( $, .STERADIAN. ) SOLID_ANGLE_UNIT ( ) );
#5027 = EDGE_CURVE ( 'NONE', #6317, #8713, #848, .T. ) ;
#5028 = STYLED_ITEM ( 'NONE', ( #1467 ), #6199 ) ;
#5029 = DIRECTION ( 'NONE',  ( -1.000000000000000000, 0.0000000000000000000, 0.0000000000000000000 ) ) ;
#5030 = SURFACE_STYLE_USAGE ( .BOTH. , #757 ) ;
#5031 = CARTESIAN_POINT ( 'NONE',  ( -0.1223224581329515198, -3.340078478886431945, -23.54242411324634077 ) ) ;
#5032 = ORIENTED_EDGE ( 'NONE', *, *, #9100, .T. ) ;
#5033 = CARTESIAN_POINT ( 'NONE',  ( 3.182332938144467605, -0.6999999999998048894, -28.65376030156122411 ) ) ;
#5034 =( NAMED_UNIT ( * ) PLANE_ANGLE_UNIT ( ) SI_UNIT ( $, .RADIAN. ) );
#5035 = APPLICATION_CONTEXT ( 'automotive_design' ) ;
#5036 = COLOUR_RGB ( '',0.2509803921568627416, 0.2509803921568627416, 0.2509803921568627416 ) ;
#5037 = CARTESIAN_POINT ( 'NONE',  ( -6.316880380456845856, -1.545372432545168762, -21.13504304365479314 ) ) ;
#5038 = DIRECTION ( 'NONE',  ( -1.000000000000000000, 0.0000000000000000000, 0.0000000000000000000 ) ) ;
#5039 = PRESENTATION_LAYER_ASSIGNMENT (  '', '', ( #7310 ) ) ;
#5040 = COLOUR_RGB ( '',0.2509803921568627416, 0.2509803921568627416, 0.2509803921568627416 ) ;
#5041 = CARTESIAN_POINT ( 'NONE',  ( 5.952646750778427531, 2.279765523724485821, -19.14984370697313310 ) ) ;
#5042 =( NAMED_UNIT ( * ) SI_UNIT ( $, .STERADIAN. ) SOLID_ANGLE_UNIT ( ) );
#5043 = CARTESIAN_POINT ( 'NONE',  ( 3.189193434603351918, -0.6989889667080885216, -28.27850825522800449 ) ) ;
#5044 = CARTESIAN_POINT ( 'NONE',  ( 1.882173618142516158, -4.573542576979120255, -25.35000000000000142 ) ) ;
#5045 = VERTEX_POINT ( 'NONE', #4138 ) ;
#5046 = CARTESIAN_POINT ( 'NONE',  ( -3.235649468427780562, 0.5635800090233004100, -26.76845528888625481 ) ) ;
#5047 = CARTESIAN_POINT ( 'NONE',  ( -6.334398664712161953, -2.542416798164043534, -22.78652160057556841 ) ) ;
#5048 = CARTESIAN_POINT ( 'NONE',  ( 1.861692450849449898, -3.060240854081323736, -23.45982257102891921 ) ) ;
#5049 = DIRECTION ( 'NONE',  ( -1.000000000000000000, -0.0000000000000000000, 0.0000000000000000000 ) ) ;
#5050 = B_SPLINE_CURVE_WITH_KNOTS ( 'NONE', 3,
 ( #4281, #879, #1492, #2294 ),
 .UNSPECIFIED., .F., .F.,
 ( 4, 4 ),
 ( 0.0000000000000000000, 1.000000000000000000 ),
 .UNSPECIFIED. ) ;
#5051 = DIRECTION ( 'NONE',  ( 1.000000000000000000, -1.112002228190260952E-16, 0.0000000000000000000 ) ) ;
#5052 =( LENGTH_UNIT ( ) NAMED_UNIT ( * ) SI_UNIT ( .MILLI., .METRE. ) );
#5053 = CARTESIAN_POINT ( 'NONE',  ( 5.099195893420763959, -3.049138062213323508, -22.07549305311560417 ) ) ;
#5054 = EDGE_LOOP ( 'NONE', ( #7569, #6217, #7627, #3256 ) ) ;
#5055 = AXIS2_PLACEMENT_3D ( 'NONE', #7808, #7151, #4283 ) ;
#5056 = CARTESIAN_POINT ( 'NONE',  ( 3.063714927207926930, -1.029628659052467032, -29.75436310162560360 ) ) ;
#5057 = ORIENTED_EDGE ( 'NONE', *, *, #1346, .F. ) ;
#5058 = PRESENTATION_STYLE_ASSIGNMENT (( #2737 ) ) ;
#5059 =( BOUNDED_SURFACE ( )  B_SPLINE_SURFACE ( 3, 3, ( 
 ( #6350, #4821, #1967, #1879 ),
 ( #3317, #4776, #4065, #7670 ),
 ( #4330, #8522, #7241, #6438 ),
 ( #2066, #5104, #2015, #1305 ) ),
 .UNSPECIFIED., .F., .F., .T. ) 
 B_SPLINE_SURFACE_WITH_KNOTS ( ( 4, 4 ),
 ( 4, 4 ),
 ( 0.0000000000000000000, 1.000000000000000000 ),
 ( 0.0000000000000000000, 1.000000000000000000 ),
 .UNSPECIFIED. ) 
 GEOMETRIC_REPRESENTATION_ITEM ( )  RATIONAL_B_SPLINE_SURFACE ( (
 ( 1.000000000000000000, 0.5457087699478756493, 0.5457087699478756493, 1.000000000000000000),
 ( 0.9999746153758615197, 0.5456949173358613958, 0.5456949173358613958, 0.9999746153758615197),
 ( 0.9999746153758615197, 0.5456949173358613958, 0.5456949173358613958, 0.9999746153758615197),
 ( 1.000000000000000000, 0.5457087699478756493, 0.5457087699478756493, 1.000000000000000000) ) ) 
 REPRESENTATION_ITEM ( '' )  SURFACE ( )  );
#5060 = CARTESIAN_POINT ( 'NONE',  ( 5.569121914026691655, 2.367155385836606563, -3.252606517456513302E-15 ) ) ;
#5061 = CARTESIAN_POINT ( 'NONE',  ( 3.227172233310350968, -0.6064491966820020341, -26.82412320626063007 ) ) ;
#5062 = UNCERTAINTY_MEASURE_WITH_UNIT (LENGTH_MEASURE( 1.000000000000000082E-05 ), #2272, 'distance_accuracy_value', 'NONE');
#5063 =( GEOMETRIC_REPRESENTATION_CONTEXT ( 3 ) GLOBAL_UNCERTAINTY_ASSIGNED_CONTEXT ( ( #3887 ) ) GLOBAL_UNIT_ASSIGNED_CONTEXT ( ( #3295, #5433, #3954 ) ) REPRESENTATION_CONTEXT ( 'NONE', 'WORKASPACE' ) );
#5064 = CARTESIAN_POINT ( 'NONE',  ( -6.050000000000003375, 1.400739683024801563, -0.2500000000000015543 ) ) ;
#5065 =( NAMED_UNIT ( * ) PLANE_ANGLE_UNIT ( ) SI_UNIT ( $, .RADIAN. ) );
#5066 = AXIS2_PLACEMENT_3D ( 'NONE', #6781, #2358, #5257 ) ;
#5067 = CARTESIAN_POINT ( 'NONE',  ( 1.969603516111538832, 0.7302592511815346743, -29.38605490775048779 ) ) ;
#5068 = CARTESIAN_POINT ( 'NONE',  ( -3.018527356233959402, -0.7281191497468574303, -25.46746391551542388 ) ) ;
#5069 = CARTESIAN_POINT ( 'NONE',  ( -6.560676738593474333, -1.541499994201604773, -23.08541390874781030 ) ) ;
#5070 = CARTESIAN_POINT ( 'NONE',  ( 3.203937384120291387, -0.4876087726119903154, -29.25436289842508231 ) ) ;
#5071 = CIRCLE ( 'NONE', #976, 0.2499999999999971689 ) ;
#5072 = CARTESIAN_POINT ( 'NONE',  ( 6.065444246572656795, -1.397765045509372417, -19.12355397258126288 ) ) ;
#5073 = ORIENTED_EDGE ( 'NONE', *, *, #6676, .F. ) ;
#5074 = CARTESIAN_POINT ( 'NONE',  ( -6.103725754817093119, 1.393528348458046073, -19.42980603853676058 ) ) ;
#5075 =( GEOMETRIC_REPRESENTATION_CONTEXT ( 3 ) GLOBAL_UNCERTAINTY_ASSIGNED_CONTEXT ( ( #4063 ) ) GLOBAL_UNIT_ASSIGNED_CONTEXT ( ( #8977, #3261, #2544 ) ) REPRESENTATION_CONTEXT ( 'NONE', 'WORKASPACE' ) );
#5076 = SURFACE_STYLE_FILL_AREA ( #7927 ) ;
#5077 =( GEOMETRIC_REPRESENTATION_CONTEXT ( 3 ) GLOBAL_UNCERTAINTY_ASSIGNED_CONTEXT ( ( #3790 ) ) GLOBAL_UNIT_ASSIGNED_CONTEXT ( ( #975, #3671, #3920 ) ) REPRESENTATION_CONTEXT ( 'NONE', 'WORKASPACE' ) );
#5078 = FACE_OUTER_BOUND ( 'NONE', #3349, .T. ) ;
#5079 = CARTESIAN_POINT ( 'NONE',  ( -0.5485576390957247472, -3.296027367796782404, -23.58841600188722154 ) ) ;
#5080 = AXIS2_PLACEMENT_3D ( 'NONE', #271, #7322, #2996 ) ;
#5081 = EDGE_LOOP ( 'NONE', ( #4591, #9267, #2585, #7742 ) ) ;
#5082 = FACE_OUTER_BOUND ( 'NONE', #3961, .T. ) ;
#5083 = CARTESIAN_POINT ( 'NONE',  ( -1.871420061658896739, -4.577485074376068219, -29.75145445951120848 ) ) ;
#5084 = CARTESIAN_POINT ( 'NONE',  ( 6.519774647656610078, 1.715326230016164688, -22.75819718125261204 ) ) ;
#5085 = VERTEX_POINT ( 'NONE', #1386 ) ;
#5086 = EDGE_CURVE ( 'NONE', #3105, #4763, #6196, .T. ) ;
#5087 = CARTESIAN_POINT ( 'NONE',  ( 4.860813780662764927, 2.875358454448231349, -20.22822021129189451 ) ) ;
#5088 = CARTESIAN_POINT ( 'NONE',  ( -1.700377890378455659, 3.416389522900160181, -21.05469134363643136 ) ) ;
#5089 = DIRECTION ( 'NONE',  ( 0.0000000000000000000, 0.0000000000000000000, 1.000000000000000000 ) ) ;
#5090 = CARTESIAN_POINT ( 'NONE',  ( 2.956820923034311210, 0.6999999999999996225, -29.25000000000000000 ) ) ;
#5091 = CARTESIAN_POINT ( 'NONE',  ( 6.272448303477497156, 1.432916833142306556, -20.77958642781999288 ) ) ;
#5092 = ORIENTED_EDGE ( 'NONE', *, *, #8288, .T. ) ;
#5093 = CARTESIAN_POINT ( 'NONE',  ( 5.099195893422022507, 3.049138062213183176, -22.07549305311488652 ) ) ;
#5094 = FACE_OUTER_BOUND ( 'NONE', #8808, .T. ) ;
#5095 = CIRCLE ( 'NONE', #8715, 3.232102153512883547 ) ;
#5096 =( NAMED_UNIT ( * ) PLANE_ANGLE_UNIT ( ) SI_UNIT ( $, .RADIAN. ) );
#5097 = ADVANCED_FACE ( 'NONE', ( #7891 ), #1203, .F. ) ;
#5098 = EDGE_CURVE ( 'NONE', #5992, #5765, #587, .T. ) ;
#5099 = CARTESIAN_POINT ( 'NONE',  ( 4.908992211732114974, -2.869897986894322628, -20.44105857437157425 ) ) ;
#5100 = VECTOR ( 'NONE', #3785, 1000.000000000000000 ) ;
#5101 = CARTESIAN_POINT ( 'NONE',  ( 0.1449402869933246185, 3.349999966086782965, -23.47063861889534309 ) ) ;
#5102 = DIRECTION ( 'NONE',  ( 0.0000000000000000000, 0.0000000000000000000, -1.000000000000000000 ) ) ;
#5103 = B_SPLINE_CURVE_WITH_KNOTS ( 'NONE', 3,
 ( #8851, #5208, #1086, #1751, #3984, #3129 ),
 .UNSPECIFIED., .F., .F.,
 ( 4, 2, 4 ),
 ( 0.0000000000000000000, 0.4999999999999999445, 1.000000000000000000 ),
 .UNSPECIFIED. ) ;
#5104 = CARTESIAN_POINT ( 'NONE',  ( -1.871420061658900291, 4.577485074376069107, -29.75000000000000000 ) ) ;
#5105 = ORIENTED_EDGE ( 'NONE', *, *, #4805, .T. ) ;
#5106 = CARTESIAN_POINT ( 'NONE',  ( -6.049999999999998046, -1.400739683024798676, -18.87548450340289463 ) ) ;
#5107 = CARTESIAN_POINT ( 'NONE',  ( -3.171865818593639030, 0.9602199513616558324, -25.10438160621796300 ) ) ;
#5108 = CARTESIAN_POINT ( 'NONE',  ( -0.01100190234542840033, 3.340203116089892177, -23.56507971935759826 ) ) ;
#5109 =( NAMED_UNIT ( * ) PLANE_ANGLE_UNIT ( ) SI_UNIT ( $, .RADIAN. ) );
#5110 = AXIS2_PLACEMENT_3D ( 'NONE', #4899, #9157, #2667 ) ;
#5111 = CARTESIAN_POINT ( 'NONE',  ( -3.015955676327636059, 0.6999999999999996225, -25.90000000535683711 ) ) ;
#5112 = CARTESIAN_POINT ( 'NONE',  ( -3.219192882172727810, 0.7010089581184529850, -26.57874199837928586 ) ) ;
#5113 = PRESENTATION_LAYER_ASSIGNMENT (  '', '', ( #9186 ) ) ;
#5114 =( GEOMETRIC_REPRESENTATION_CONTEXT ( 3 ) GLOBAL_UNCERTAINTY_ASSIGNED_CONTEXT ( ( #4440 ) ) GLOBAL_UNIT_ASSIGNED_CONTEXT ( ( #7088, #3684, #2973 ) ) REPRESENTATION_CONTEXT ( 'NONE', 'WORKASPACE' ) );
#5115 = CARTESIAN_POINT ( 'NONE',  ( 2.513886520246216616, 2.198295582916548696, -23.66186698889467976 ) ) ;
#5116 = CARTESIAN_POINT ( 'NONE',  ( 0.0000000000000000000, 0.0000000000000000000, -41.50000000000000000 ) ) ;
#5117 = AXIS2_PLACEMENT_3D ( 'NONE', #3737, #3646, #3688 ) ;
#5118 = UNCERTAINTY_MEASURE_WITH_UNIT (LENGTH_MEASURE( 1.000000000000000082E-05 ), #1589, 'distance_accuracy_value', 'NONE');
#5119 = AXIS2_PLACEMENT_3D ( 'NONE', #722, #1388, #5668 ) ;
#5120 =( NAMED_UNIT ( * ) SI_UNIT ( $, .STERADIAN. ) SOLID_ANGLE_UNIT ( ) );
#5121 = FACE_OUTER_BOUND ( 'NONE', #8987, .T. ) ;
#5122 = CARTESIAN_POINT ( 'NONE',  ( 5.239957766370992864, -3.032171736869369028, -23.18068763881755601 ) ) ;
#5123 = EDGE_CURVE ( 'NONE', #169, #4697, #4693, .T. ) ;
#5124 = CARTESIAN_POINT ( 'NONE',  ( 6.180271013676005509, -1.384904610932401248, -20.04216810940807036 ) ) ;
#5125 = ORIENTED_EDGE ( 'NONE', *, *, #6656, .F. ) ;
#5126 = STYLED_ITEM ( 'NONE', ( #8947 ), #4156 ) ;
#5127 = CARTESIAN_POINT ( 'NONE',  ( -4.992962018374507593, 2.960845848910193201, -20.85272001113168017 ) ) ;
#5128 = CARTESIAN_POINT ( 'NONE',  ( -6.050000000000003375, 1.400739683024801341, -8.965855139116374772 ) ) ;
#5129 = DIRECTION ( 'NONE',  ( 0.9490719694915704663, 0.3150593542896191201, 0.0000000000000000000 ) ) ;
#5130 =( NAMED_UNIT ( * ) PLANE_ANGLE_UNIT ( ) SI_UNIT ( $, .RADIAN. ) );
#5131 = ORIENTED_EDGE ( 'NONE', *, *, #8125, .F. ) ;
#5132 =( NAMED_UNIT ( * ) SI_UNIT ( $, .STERADIAN. ) SOLID_ANGLE_UNIT ( ) );
#5133 = SURFACE_STYLE_FILL_AREA ( #8721 ) ;
#5134 = FACE_OUTER_BOUND ( 'NONE', #639, .T. ) ;
#5135 = VERTEX_POINT ( 'NONE', #9161 ) ;
#5136 = CARTESIAN_POINT ( 'NONE',  ( 1.701746675568572398, 3.450080428636320917, -21.47721981097155108 ) ) ;
#5137 = CARTESIAN_POINT ( 'NONE',  ( 6.065728034291725024, 1.564528594967389497, -19.12582426414607895 ) ) ;
#5138 =( LENGTH_UNIT ( ) NAMED_UNIT ( * ) SI_UNIT ( .MILLI., .METRE. ) );
#5139 = ORIENTED_EDGE ( 'NONE', *, *, #8239, .F. ) ;
#5140 = SURFACE_STYLE_USAGE ( .BOTH. , #9251 ) ;
#5141 = CARTESIAN_POINT ( 'NONE',  ( -1.464883613730864509, 3.325879845389059675, -23.25116776159532250 ) ) ;
#5142 = CARTESIAN_POINT ( 'NONE',  ( -3.023617454914273583, 0.6999999999999995115, -25.53292293010282776 ) ) ;
#5143 = CYLINDRICAL_SURFACE ( 'NONE', #5392, 43.15249999999993946 ) ;
#5144 = EDGE_CURVE ( 'NONE', #1246, #5475, #2456, .T. ) ;
#5145 = CARTESIAN_POINT ( 'NONE',  ( 5.239949534291586275, -3.032172739191234978, -23.18068864585009337 ) ) ;
#5146 = CARTESIAN_POINT ( 'NONE',  ( 3.155458243412645913, -0.7089661646894872549, -29.66256492404786371 ) ) ;
#5147 = ADVANCED_FACE ( 'NONE', ( #1955 ), #4443, .T. ) ;
#5148 = CARTESIAN_POINT ( 'NONE',  ( -6.372064818954458865, 1.546412845896560473, -23.02699400839200194 ) ) ;
#5149 = ORIENTED_EDGE ( 'NONE', *, *, #1461, .F. ) ;
#5150 = CARTESIAN_POINT ( 'NONE',  ( -6.055148810859250830, -1.399752460618901351, -19.04119048687401516 ) ) ;
#5151 = CARTESIAN_POINT ( 'NONE',  ( -3.149912906151219438, 1.027518800200476035, -25.10436310160695328 ) ) ;
#5152 = ORIENTED_EDGE ( 'NONE', *, *, #4528, .T. ) ;
#5153 = CARTESIAN_POINT ( 'NONE',  ( 0.1896614777291231735, 3.334509961404881206, -23.58153929754232436 ) ) ;
#5154 = B_SPLINE_CURVE_WITH_KNOTS ( 'NONE', 3,
 ( #4996, #3612, #2145, #7943, #3437, #4946 ),
 .UNSPECIFIED., .F., .F.,
 ( 4, 2, 4 ),
 ( 0.0000000000000000000, 0.0002044750616301802308, 0.0004089501232603602989 ),
 .UNSPECIFIED. ) ;
#5155 = CARTESIAN_POINT ( 'NONE',  ( -3.263180840113914183, 0.4868874749572371652, -25.90436310696610889 ) ) ;
#5156 = SURFACE_SIDE_STYLE ('',( #1449 ) ) ;
#5157 = UNCERTAINTY_MEASURE_WITH_UNIT (LENGTH_MEASURE( 1.000000000000000082E-05 ), #1702, 'distance_accuracy_value', 'NONE');
#5158 = CARTESIAN_POINT ( 'NONE',  ( 0.0000000000000000000, 0.0000000000000000000, -29.50000000000000355 ) ) ;
#5159 = MECHANICAL_DESIGN_GEOMETRIC_PRESENTATION_REPRESENTATION (  '', ( #166 ), #2274 ) ;
#5160 = FILL_AREA_STYLE_COLOUR ( '', #9219 ) ;
#5161 = CARTESIAN_POINT ( 'NONE',  ( -3.268484528816384849, 0.4868243463146487704, -25.60436310160104867 ) ) ;
#5162 = FACE_OUTER_BOUND ( 'NONE', #6443, .T. ) ;
#5163 = CARTESIAN_POINT ( 'NONE',  ( -1.850906908581618548, 3.060240854081323292, -23.21005533523130282 ) ) ;
#5164 = EDGE_LOOP ( 'NONE', ( #663, #2110, #6690, #6393, #9151, #9025, #5826, #4214 ) ) ;
#5165 = FACE_OUTER_BOUND ( 'NONE', #148, .T. ) ;
#5166 = CARTESIAN_POINT ( 'NONE',  ( 3.239793061745152247, 0.5481760242647689685, -26.76989955374790142 ) ) ;
#5167 =( NAMED_UNIT ( * ) SI_UNIT ( $, .STERADIAN. ) SOLID_ANGLE_UNIT ( ) );
#5168 = FILL_AREA_STYLE ('',( #1559 ) ) ;
#5169 =( BOUNDED_SURFACE ( )  B_SPLINE_SURFACE ( 3, 3, ( 
 ( #4826, #7715, #4023, #1220 ),
 ( #9225, #2872, #5771, #5640 ),
 ( #645, #2915, #1359, #3587 ),
 ( #6485, #2783, #7759, #7809 ) ),
 .UNSPECIFIED., .F., .F., .T. ) 
 B_SPLINE_SURFACE_WITH_KNOTS ( ( 4, 4 ),
 ( 4, 4 ),
 ( 0.0000000000000000000, 1.000000000000000000 ),
 ( 0.0000000000000000000, 1.000000000000000000 ),
 .UNSPECIFIED. ) 
 GEOMETRIC_REPRESENTATION_ITEM ( )  RATIONAL_B_SPLINE_SURFACE ( (
 ( 1.000000000000000000, 0.5457087699478756493, 0.5457087699478756493, 1.000000000000000000),
 ( 0.8047378541243604966, 0.4391525045046977827, 0.4391525045046977827, 0.8047378541243604966),
 ( 0.8047378541243604966, 0.4391525045046977827, 0.4391525045046977827, 0.8047378541243604966),
 ( 1.000000000000000000, 0.5457087699478756493, 0.5457087699478756493, 1.000000000000000000) ) ) 
 REPRESENTATION_ITEM ( '' )  SURFACE ( )  );
#5170 = ORIENTED_EDGE ( 'NONE', *, *, #2647, .F. ) ;
#5171 = SURFACE_SIDE_STYLE ('',( #1656 ) ) ;
#5172 =( NAMED_UNIT ( * ) SI_UNIT ( $, .STERADIAN. ) SOLID_ANGLE_UNIT ( ) );
#5173 = ORIENTED_EDGE ( 'NONE', *, *, #4250, .F. ) ;
#5174 = COLOUR_RGB ( '',0.2509803921568627416, 0.2509803921568627416, 0.2509803921568627416 ) ;
#5175 =( NAMED_UNIT ( * ) SI_UNIT ( $, .STERADIAN. ) SOLID_ANGLE_UNIT ( ) );
#5176 = CARTESIAN_POINT ( 'NONE',  ( -4.883785457762605198, -2.873088867143685832, -0.2500000000000247580 ) ) ;
#5177 = PLANE ( 'NONE',  #8043 ) ;
#5178 = PRESENTATION_STYLE_ASSIGNMENT (( #2327 ) ) ;
#5179 = VERTEX_POINT ( 'NONE', #57 ) ;
#5180 = PRESENTATION_STYLE_ASSIGNMENT (( #5140 ) ) ;
#5181 =( GEOMETRIC_REPRESENTATION_CONTEXT ( 3 ) GLOBAL_UNCERTAINTY_ASSIGNED_CONTEXT ( ( #2681 ) ) GLOBAL_UNIT_ASSIGNED_CONTEXT ( ( #9226, #5815, #2025 ) ) REPRESENTATION_CONTEXT ( 'NONE', 'WORKASPACE' ) );
#5182 = CARTESIAN_POINT ( 'NONE',  ( -6.316880344890968502, 1.545372342530289878, -21.13504275912776720 ) ) ;
#5183 = CARTESIAN_POINT ( 'NONE',  ( 2.223001150025540440, -2.491642114556857024, -23.67953966666796717 ) ) ;
#5184 = CARTESIAN_POINT ( 'NONE',  ( 3.181512526653964112, 0.7336307980390992523, -28.20172550454788407 ) ) ;
#5185 = CARTESIAN_POINT ( 'NONE',  ( -6.268452691695553192, 2.039652934739751622, -20.98471941745777869 ) ) ;
#5186 = DIRECTION ( 'NONE',  ( 0.3716589583769719929, 0.9283693331094819978, 0.0000000000000000000 ) ) ;
#5187 = SURFACE_STYLE_USAGE ( .BOTH. , #3098 ) ;
#5188 = CARTESIAN_POINT ( 'NONE',  ( -3.194395519505079051, 0.8911550076483354399, -25.10436314678232250 ) ) ;
#5189 = CARTESIAN_POINT ( 'NONE',  ( 2.925000000000000266, 6.740375306945725563E-16, 0.0000000000000000000 ) ) ;
#5190 = VERTEX_POINT ( 'NONE', #7410 ) ;
#5191 = ORIENTED_EDGE ( 'NONE', *, *, #9333, .T. ) ;
#5192 = FILL_AREA_STYLE_COLOUR ( '', #1097 ) ;
#5193 = EDGE_CURVE ( 'NONE', #5811, #6628, #2221, .T. ) ;
#5194 = SURFACE_SIDE_STYLE ('',( #1548 ) ) ;
#5195 = FILL_AREA_STYLE_COLOUR ( '', #2533 ) ;
#5196 = B_SPLINE_CURVE_WITH_KNOTS ( 'NONE', 3,
 ( #8371, #4654, #4603, #1144 ),
 .UNSPECIFIED., .F., .F.,
 ( 4, 4 ),
 ( 0.0000000000000000000, 1.000000000000000000 ),
 .UNSPECIFIED. ) ;
#5197 = SURFACE_STYLE_FILL_AREA ( #8796 ) ;
#5198 = CYLINDRICAL_SURFACE ( 'NONE', #3966, 1.224999999999999201 ) ;
#5199 = DIRECTION ( 'NONE',  ( -0.0000000000000000000, -1.000000000000000000, -0.0000000000000000000 ) ) ;
#5200 = SURFACE_SIDE_STYLE ('',( #3072 ) ) ;
#5201 = VERTEX_POINT ( 'NONE', #6651 ) ;
#5202 = EDGE_CURVE ( 'NONE', #3511, #5386, #6823, .T. ) ;
#5203 = DIRECTION ( 'NONE',  ( -0.0000000000000000000, -0.0000000000000000000, -1.000000000000000000 ) ) ;
#5204 = ADVANCED_FACE ( 'NONE', ( #6473 ), #5434, .T. ) ;
#5205 = CARTESIAN_POINT ( 'NONE',  ( 5.210763264154384622, 2.787535603371641635, -23.18423893347788223 ) ) ;
#5206 = CARTESIAN_POINT ( 'NONE',  ( 3.021250099524054988, 0.6999999999999994005, -25.60000000242104790 ) ) ;
#5207 = CARTESIAN_POINT ( 'NONE',  ( 3.263180195209244516, -0.4868918374400052484, -25.90436283122775052 ) ) ;
#5208 = CARTESIAN_POINT ( 'NONE',  ( -2.954467870389706707, 0.7000000000000040634, -29.31663546989629765 ) ) ;
#5209 = CARTESIAN_POINT ( 'NONE',  ( 1.872832080032804658, 0.9499999999999996225, -25.35000000000000497 ) ) ;
#5210 = LINE ( 'NONE', #3233, #9202 ) ;
#5211 = CARTESIAN_POINT ( 'NONE',  ( -6.519762889482353607, -1.546441044280906896, -22.75810311586026913 ) ) ;
#5212 = UNCERTAINTY_MEASURE_WITH_UNIT (LENGTH_MEASURE( 1.000000000000000082E-05 ), #7905, 'distance_accuracy_value', 'NONE');
#5213 = AXIS2_PLACEMENT_3D ( 'NONE', #2046, #9108, #4128 ) ;
#5214 = CARTESIAN_POINT ( 'NONE',  ( 2.565306633009777570, -2.149324443961447173, -23.42420369126988788 ) ) ;
#5215 = EDGE_LOOP ( 'NONE', ( #2752, #3226, #6569, #3667 ) ) ;
#5216 = CARTESIAN_POINT ( 'NONE',  ( -5.794446663490878002, -1.726488407285119653, -5.854691731421793363E-15 ) ) ;
#5217 =( LENGTH_UNIT ( ) NAMED_UNIT ( * ) SI_UNIT ( .MILLI., .METRE. ) );
#5218 = VECTOR ( 'NONE', #4284, 1000.000000000000000 ) ;
#5219 = ORIENTED_EDGE ( 'NONE', *, *, #5903, .F. ) ;
#5220 = CARTESIAN_POINT ( 'NONE',  ( 5.210767358599416532, -2.787535110521118131, -23.18423843541939533 ) ) ;
#5221 =( BOUNDED_CURVE ( )  B_SPLINE_CURVE ( 2, ( #3517, #9205, #486 ),
 .UNSPECIFIED., .F., .T. ) 
 B_SPLINE_CURVE_WITH_KNOTS ( ( 3, 3 ),
 ( 0.0000000000000000000, 1.000000000000000000 ),
 .UNSPECIFIED. ) 
 CURVE ( )  GEOMETRIC_REPRESENTATION_ITEM ( )  RATIONAL_B_SPLINE_CURVE ( ( 1.000000000000000000, 1.491155899116284766, 1.000000000000000000 ) ) 
 REPRESENTATION_ITEM ( '' )  );
#5222 = CARTESIAN_POINT ( 'NONE',  ( -3.094903922266729168, 1.027401991294850880, -28.09999999999999787 ) ) ;
#5223 = CARTESIAN_POINT ( 'NONE',  ( -6.049999999999999822, 3.149999999999999911, 0.0000000000000000000 ) ) ;
#5224 = ORIENTED_EDGE ( 'NONE', *, *, #614, .T. ) ;
#5225 = PRESENTATION_STYLE_ASSIGNMENT (( #2283 ) ) ;
#5226 = SURFACE_STYLE_FILL_AREA ( #8234 ) ;
#5227 = CARTESIAN_POINT ( 'NONE',  ( 1.241898298771024534, -3.097668276126456455, -23.72510330486143459 ) ) ;
#5228 = FILL_AREA_STYLE ('',( #6518 ) ) ;
#5229 = ADVANCED_FACE ( 'NONE', ( #5993 ), #6399, .T. ) ;
#5230 = DIRECTION ( 'NONE',  ( -1.000000000000000000, 0.0000000000000000000, -0.0000000000000000000 ) ) ;
#5231 = SURFACE_STYLE_FILL_AREA ( #8919 ) ;
#5232 = DIRECTION ( 'NONE',  ( -0.0000000000000000000, -0.0000000000000000000, -1.000000000000000000 ) ) ;
#5233 = CARTESIAN_POINT ( 'NONE',  ( 1.882173618142514160, 4.573542576979123808, -25.34999999999999787 ) ) ;
#5234 = PRESENTATION_LAYER_ASSIGNMENT (  '', '', ( #8138 ) ) ;
#5235 = CARTESIAN_POINT ( 'NONE',  ( 2.376831175968262322, -2.681567583676242261, -23.43471140206679593 ) ) ;
#5236 = ORIENTED_EDGE ( 'NONE', *, *, #4092, .T. ) ;
#5237 = CARTESIAN_POINT ( 'NONE',  ( -6.308210090499299483, -1.738133485748090346, -23.03642996673739063 ) ) ;
#5238 = EDGE_LOOP ( 'NONE', ( #1201, #6033, #1766, #5313 ) ) ;
#5239 = CARTESIAN_POINT ( 'NONE',  ( 0.3195660863007022678, 3.324121680744696050, -23.60471747706819912 ) ) ;
#5240 = CARTESIAN_POINT ( 'NONE',  ( 0.8423788209189762011, 3.342339368099882080, -23.47678506373117102 ) ) ;
#5241 = CARTESIAN_POINT ( 'NONE',  ( 0.0000000000000000000, 0.0000000000000000000, -25.35000000000000497 ) ) ;
#5242 = PRESENTATION_LAYER_ASSIGNMENT (  '', '', ( #2073 ) ) ;
#5243 = CARTESIAN_POINT ( 'NONE',  ( 2.861741315536934227, 0.9499999999999997335, -28.10000000000000497 ) ) ;
#5244 = UNCERTAINTY_MEASURE_WITH_UNIT (LENGTH_MEASURE( 1.000000000000000082E-05 ), #2900, 'distance_accuracy_value', 'NONE');
#5245 = CARTESIAN_POINT ( 'NONE',  ( 0.09390039149854181866, -3.340540073509170593, -23.56396189285138831 ) ) ;
#5246 = EDGE_CURVE ( 'NONE', #9284, #2926, #2431, .T. ) ;
#5247 = CARTESIAN_POINT ( 'NONE',  ( -4.713855710941728283, 2.891763259629746674, 34.54051063606326721 ) ) ;
#5248 =( BOUNDED_SURFACE ( )  B_SPLINE_SURFACE ( 3, 2, ( 
 ( #6119, #5950, #7574 ),
 ( #5292, #1682, #974 ),
 ( #8150, #6169, #2493 ),
 ( #3963, #6061, #8928 ),
 ( #2442, #1731, #9027 ),
 ( #2058, #1250, #5488 ),
 ( #552, #7797, #7663 ),
 ( #8564, #4951, #6208 ),
 ( #7849, #8469, #1872 ),
 ( #4187, #2632, #3393 ),
 ( #7100, #592, #9258 ),
 ( #8387, #6385, #4099 ),
 ( #1351, #2772, #5672 ),
 ( #4769, #1159, #4060 ),
 ( #1919, #7004, #5589 ),
 ( #6294, #1960, #5020 ) ),
 .UNSPECIFIED., .F., .F., .T. ) 
 B_SPLINE_SURFACE_WITH_KNOTS ( ( 4, 2, 2, 2, 2, 2, 2, 4 ),
 ( 3, 3 ),
 ( -8.673617379884035472E-19, 0.0004889571109593017929, 0.0007334356664389531230, 0.0008556749441787788422, 0.0009779142219186044531, 0.001222392777398255675, 0.001466871332877907113, 0.001955828443837209774 ),
 ( 0.0000000000000000000, 1.000000000000000000 ),
 .UNSPECIFIED. ) 
 GEOMETRIC_REPRESENTATION_ITEM ( )  RATIONAL_B_SPLINE_SURFACE ( (
 ( 1.000000000000000000, 0.7071067811865489050, 1.000000000000000000),
 ( 1.000000000000000000, 0.7071067811865489050, 1.000000000000000000),
 ( 1.000000000000000000, 0.7071067811865489050, 1.000000000000000000),
 ( 1.000000000000000000, 0.7071067811865489050, 1.000000000000000000),
 ( 1.000000000000000000, 0.7071067811865484609, 1.000000000000000000),
 ( 1.000000000000000000, 0.7071067811865484609, 1.000000000000000000),
 ( 1.000000000000000000, 0.7071067811865489050, 1.000000000000000000),
 ( 1.000000000000000000, 0.7071067811865489050, 1.000000000000000000),
 ( 1.000000000000000000, 0.7071067811865490160, 1.000000000000000000),
 ( 1.000000000000000000, 0.7071067811865490160, 1.000000000000000000),
 ( 1.000000000000000000, 0.7071067811865489050, 1.000000000000000000),
 ( 1.000000000000000000, 0.7071067811865489050, 1.000000000000000000),
 ( 1.000000000000000000, 0.7071067811865489050, 1.000000000000000000),
 ( 1.000000000000000000, 0.7071067811865489050, 1.000000000000000000),
 ( 1.000000000000000000, 0.7071067811865505703, 1.000000000000000000),
 ( 1.000000000000000000, 0.7071067811865505703, 1.000000000000000000) ) ) 
 REPRESENTATION_ITEM ( '' )  SURFACE ( )  );
#5249 = CARTESIAN_POINT ( 'NONE',  ( 1.279002806388189750, 3.206160996099503890, -23.51942546254678490 ) ) ;
#5250 = CIRCLE ( 'NONE', #8873, 0.2499999999999995004 ) ;
#5251 =( GEOMETRIC_REPRESENTATION_CONTEXT ( 3 ) GLOBAL_UNCERTAINTY_ASSIGNED_CONTEXT ( ( #5492 ) ) GLOBAL_UNIT_ASSIGNED_CONTEXT ( ( #6027, #8437, #7763 ) ) REPRESENTATION_CONTEXT ( 'NONE', 'WORKASPACE' ) );
#5252 =( NAMED_UNIT ( * ) SI_UNIT ( $, .STERADIAN. ) SOLID_ANGLE_UNIT ( ) );
#5253 =( GEOMETRIC_REPRESENTATION_CONTEXT ( 3 ) GLOBAL_UNCERTAINTY_ASSIGNED_CONTEXT ( ( #184 ) ) GLOBAL_UNIT_ASSIGNED_CONTEXT ( ( #3044, #2951, #774 ) ) REPRESENTATION_CONTEXT ( 'NONE', 'WORKASPACE' ) );
#5254 = CARTESIAN_POINT ( 'NONE',  ( 5.014841564334688861, 3.058975456037617668, -21.26437149633551016 ) ) ;
#5255 = CARTESIAN_POINT ( 'NONE',  ( 4.686546425784775316, 2.643259330195588230, -7.047314121155778821E-16 ) ) ;
#5256 = ORIENTED_EDGE ( 'NONE', *, *, #7774, .T. ) ;
#5257 = DIRECTION ( 'NONE',  ( 1.000000000000000000, -1.672957273954558210E-16, 0.0000000000000000000 ) ) ;
#5258 = SURFACE_STYLE_USAGE ( .BOTH. , #8848 ) ;
#5259 = VECTOR ( 'NONE', #79, 1000.000000000000000 ) ;
#5260 = AXIS2_PLACEMENT_3D ( 'NONE', #348, #899, #3280 ) ;
#5261 = PLANE ( 'NONE',  #9323 ) ;
#5262 = CARTESIAN_POINT ( 'NONE',  ( -3.098973170845569225, 1.028752842306055015, -27.85436310159641593 ) ) ;
#5263 = CARTESIAN_POINT ( 'NONE',  ( 6.050000000000008704, -2.744927974232791890, -18.87548450340290174 ) ) ;
#5264 = EDGE_CURVE ( 'NONE', #5322, #599, #1848, .T. ) ;
#5265 = EDGE_CURVE ( 'NONE', #3511, #6687, #7417, .T. ) ;
#5266 = CARTESIAN_POINT ( 'NONE',  ( 0.0000000000000000000, 0.0000000000000000000, -25.35000000000000497 ) ) ;
#5267 = CARTESIAN_POINT ( 'NONE',  ( 2.345869760851474695, 2.380852686638727622, -23.67249858619202740 ) ) ;
#5268 = ORIENTED_EDGE ( 'NONE', *, *, #7126, .T. ) ;
#5269 = CARTESIAN_POINT ( 'NONE',  ( -5.471620077442634233, -2.440960748243134582, -4.445228907190569757E-15 ) ) ;
#5270 = EDGE_LOOP ( 'NONE', ( #7138, #7617, #5290, #6194, #1914, #8326, #3763, #3540 ) ) ;
#5271 = CARTESIAN_POINT ( 'NONE',  ( 6.116909564037698921, -2.465614747620162195, -23.06426147743265886 ) ) ;
#5272 = AXIS2_PLACEMENT_3D ( 'NONE', #92, #710, #1518 ) ;
#5273 =( NAMED_UNIT ( * ) SI_UNIT ( $, .STERADIAN. ) SOLID_ANGLE_UNIT ( ) );
#5274 = CARTESIAN_POINT ( 'NONE',  ( -1.835401324039773741, 2.807675757007444428, -23.70167677033191467 ) ) ;
#5275 = ORIENTED_EDGE ( 'NONE', *, *, #9078, .T. ) ;
#5276 = FACE_BOUND ( 'NONE', #5164, .T. ) ;
#5277 = CARTESIAN_POINT ( 'NONE',  ( 2.889793974444813340, -1.673200460387125998, -23.63443956112334021 ) ) ;
#5278 = CARTESIAN_POINT ( 'NONE',  ( -1.979898987322647574, 0.6999999999999488853, -26.56927578059788431 ) ) ;
#5279 = CARTESIAN_POINT ( 'NONE',  ( -6.388596440337762417, 2.447795356092943742, -22.77851230905555013 ) ) ;
#5280 = CARTESIAN_POINT ( 'NONE',  ( -3.149912906151219438, 1.027518800200476035, -25.10436310160695328 ) ) ;
#5281 = SURFACE_STYLE_USAGE ( .BOTH. , #2246 ) ;
#5282 = SURFACE_STYLE_FILL_AREA ( #8693 ) ;
#5283 = EDGE_CURVE ( 'NONE', #4790, #6038, #7654, .T. ) ;
#5284 = FILL_AREA_STYLE_COLOUR ( '', #2267 ) ;
#5285 = DIRECTION ( 'NONE',  ( 1.672957273954558210E-16, -1.000000000000000000, 0.0000000000000000000 ) ) ;
#5286 = AXIS2_PLACEMENT_3D ( 'NONE', #3851, #5890, #8180 ) ;
#5287 = ORIENTED_EDGE ( 'NONE', *, *, #9078, .F. ) ;
#5288 = CARTESIAN_POINT ( 'NONE',  ( -5.601860002609924116, -2.655010883280756406, -0.2500000000000052180 ) ) ;
#5289 = CARTESIAN_POINT ( 'NONE',  ( -3.186320420940674580, -0.7081756905203473451, -27.94632076702104584 ) ) ;
#5290 = ORIENTED_EDGE ( 'NONE', *, *, #3047, .F. ) ;
#5291 = CARTESIAN_POINT ( 'NONE',  ( 0.6384436300614050319, 3.276752003437676475, -23.66628490039589039 ) ) ;
#5292 = CARTESIAN_POINT ( 'NONE',  ( 4.848840551464695281, 2.625424069703345076, -3.089976191583687637E-15 ) ) ;
#5293 = CARTESIAN_POINT ( 'NONE',  ( -3.021249962336045147, 0.6999999999999996225, -25.60000000000003340 ) ) ;
#5294 = COLOUR_RGB ( '',0.2509803921568627416, 0.2509803921568627416, 0.2509803921568627416 ) ;
#5295 = PRESENTATION_STYLE_ASSIGNMENT (( #3866 ) ) ;
#5296 = CARTESIAN_POINT ( 'NONE',  ( -1.289834533927690874, -3.234500830735261179, -23.50273104897640408 ) ) ;
#5297 = ORIENTED_EDGE ( 'NONE', *, *, #575, .T. ) ;
#5298 = SURFACE_STYLE_FILL_AREA ( #3173 ) ;
#5299 =( LENGTH_UNIT ( ) NAMED_UNIT ( * ) SI_UNIT ( .MILLI., .METRE. ) );
#5300 = CARTESIAN_POINT ( 'NONE',  ( 5.021731462593256090, 3.058171956758882981, -21.47721981097154753 ) ) ;
#5301 = EDGE_LOOP ( 'NONE', ( #1408, #8068, #8293, #5268 ) ) ;
#5302 = CARTESIAN_POINT ( 'NONE',  ( 3.173223081713772764, 0.7683801409659669623, -27.91176886234505616 ) ) ;
#5303 = COLOUR_RGB ( '',0.2509803921568627416, 0.2509803921568627416, 0.2509803921568627416 ) ;
#5304 = DIRECTION ( 'NONE',  ( -1.000000000000000000, -1.112002228190261445E-16, 0.0000000000000000000 ) ) ;
#5305 = CARTESIAN_POINT ( 'NONE',  ( 1.755541667288233132, 4.282270775395512707, -28.10000000000000853 ) ) ;
#5306 =( LENGTH_UNIT ( ) NAMED_UNIT ( * ) SI_UNIT ( .MILLI., .METRE. ) );
#5307 = CARTESIAN_POINT ( 'NONE',  ( -3.035766082959412415E-15, 40.00249999999994088, -20.22822021129186254 ) ) ;
#5308 = DIRECTION ( 'NONE',  ( -0.3135166956321283060, -0.9495826881108940798, 0.0000000000000000000 ) ) ;
#5309 = CARTESIAN_POINT ( 'NONE',  ( 0.2109417840392855681, -3.349608316433321686, -23.46263081177592369 ) ) ;
#5310 = FILL_AREA_STYLE_COLOUR ( '', #4338 ) ;
#5311 = ORIENTED_EDGE ( 'NONE', *, *, #3047, .T. ) ;
#5312 = CARTESIAN_POINT ( 'NONE',  ( 0.3181053250670554111, -3.348863365743438791, -23.45270643925806908 ) ) ;
#5313 = ORIENTED_EDGE ( 'NONE', *, *, #7060, .T. ) ;
#5314 = CARTESIAN_POINT ( 'NONE',  ( -3.549999999999999822, -4.238084680662899344E-17, 0.0000000000000000000 ) ) ;
#5315 = EDGE_CURVE ( 'NONE', #423, #5694, #4540, .T. ) ;
#5316 = EDGE_CURVE ( 'NONE', #2508, #5891, #5728, .T. ) ;
#5317 = LINE ( 'NONE', #1522, #7346 ) ;
#5318 = CARTESIAN_POINT ( 'NONE',  ( 1.914383410920738937, -4.664109864742059131, -27.00000000000000000 ) ) ;
#5319 = SURFACE_STYLE_FILL_AREA ( #7451 ) ;
#5320 = FILL_AREA_STYLE ('',( #3849 ) ) ;
#5321 = CARTESIAN_POINT ( 'NONE',  ( 0.4345194664354641301, -3.331971016520068662, -23.53106675138803539 ) ) ;
#5322 = VERTEX_POINT ( 'NONE', #8594 ) ;
#5323 = CARTESIAN_POINT ( 'NONE',  ( 0.0000000000000000000, 0.0000000000000000000, -29.75436310163104281 ) ) ;
#5324 = CARTESIAN_POINT ( 'NONE',  ( -3.021250099524201538, -0.6999999999999994005, -25.60000000242104790 ) ) ;
#5325 = CARTESIAN_POINT ( 'NONE',  ( -1.675364268526204903, 3.318016784388308604, -23.21805803379894328 ) ) ;
#5326 = AXIS2_PLACEMENT_3D ( 'NONE', #2512, #9046, #3327 ) ;
#5327 = AXIS2_PLACEMENT_3D ( 'NONE', #718, #3611, #3799 ) ;
#5328 = ADVANCED_FACE ( 'NONE', ( #618 ), #6693, .T. ) ;
#5329 = CARTESIAN_POINT ( 'NONE',  ( -3.230716188856827209, 0.7335081770606136642, -25.45193555716183553 ) ) ;
#5330 =( GEOMETRIC_REPRESENTATION_CONTEXT ( 3 ) GLOBAL_UNCERTAINTY_ASSIGNED_CONTEXT ( ( #7053 ) ) GLOBAL_UNIT_ASSIGNED_CONTEXT ( ( #8660, #5065, #8708 ) ) REPRESENTATION_CONTEXT ( 'NONE', 'WORKASPACE' ) );
#5331 = MECHANICAL_DESIGN_GEOMETRIC_PRESENTATION_REPRESENTATION (  '', ( #934 ), #8958 ) ;
#5332 = FILL_AREA_STYLE ('',( #918 ) ) ;
#5333 = CARTESIAN_POINT ( 'NONE',  ( -3.252572334970516454, 0.4870147112371995823, -26.50436289882710028 ) ) ;
#5334 = EDGE_LOOP ( 'NONE', ( #4280, #2659, #2293, #5191 ) ) ;
#5335 =( LENGTH_UNIT ( ) NAMED_UNIT ( * ) SI_UNIT ( .MILLI., .METRE. ) );
#5336 = DIRECTION ( 'NONE',  ( 0.0000000000000000000, 0.0000000000000000000, 1.000000000000000000 ) ) ;
#5337 = VERTEX_POINT ( 'NONE', #4798 ) ;
#5338 = B_SPLINE_CURVE_WITH_KNOTS ( 'NONE', 3,
 ( #1691, #5452, #4587, #9033 ),
 .UNSPECIFIED., .F., .F.,
 ( 4, 4 ),
 ( 0.0000000000000000000, 1.000000000000000000 ),
 .UNSPECIFIED. ) ;
#5339 = CARTESIAN_POINT ( 'NONE',  ( 0.0000000000000000000, 0.0000000000000000000, -31.50000000000000000 ) ) ;
#5340 = CARTESIAN_POINT ( 'NONE',  ( 4.121397795639210493, 3.168364698207805752, -23.31752128126164436 ) ) ;
#5341 = SURFACE_STYLE_FILL_AREA ( #8750 ) ;
#5342 = AXIS2_PLACEMENT_3D ( 'NONE', #2090, #4932, #7827 ) ;
#5343 = CYLINDRICAL_SURFACE ( 'NONE', #1894, 2.100000000000000089 ) ;
#5344 = DIRECTION ( 'NONE',  ( 1.000000000000000000, 1.112002228190260952E-16, 0.0000000000000000000 ) ) ;
#5345 = UNCERTAINTY_MEASURE_WITH_UNIT (LENGTH_MEASURE( 1.000000000000000082E-05 ), #9014, 'distance_accuracy_value', 'NONE');
#5346 = VERTEX_POINT ( 'NONE', #7694 ) ;
#5347 = CARTESIAN_POINT ( 'NONE',  ( -5.147682375164483126, -3.043343499118084328, -22.44978508957984786 ) ) ;
#5348 = CARTESIAN_POINT ( 'NONE',  ( -1.701746675569294709, -3.450080428636227214, -21.47721981097154398 ) ) ;
#5349 = VECTOR ( 'NONE', #525, 1000.000000000000227 ) ;
#5350 = CARTESIAN_POINT ( 'NONE',  ( 6.314629397193564309, 2.889830559466141757, -21.11703517754826365 ) ) ;
#5351 = DIRECTION ( 'NONE',  ( -1.000000000000000000, 0.0000000000000000000, 0.0000000000000000000 ) ) ;
#5352 = EDGE_LOOP ( 'NONE', ( #3952, #2910, #412, #1696 ) ) ;
#5353 = PRESENTATION_STYLE_ASSIGNMENT (( #5409 ) ) ;
#5354 = CARTESIAN_POINT ( 'NONE',  ( -5.021739599314240188, -3.058171007850925438, -21.47721927780070672 ) ) ;
#5355 = PRESENTATION_LAYER_ASSIGNMENT (  '', '', ( #3239 ) ) ;
#5356 = CARTESIAN_POINT ( 'NONE',  ( 2.919170760955846156, 0.8866967789444305525, -26.75000000000000355 ) ) ;
#5357 =( LENGTH_UNIT ( ) NAMED_UNIT ( * ) SI_UNIT ( .MILLI., .METRE. ) );
#5358 = CARTESIAN_POINT ( 'NONE',  ( 0.0000000000000000000, 0.0000000000000000000, -41.50000000000000000 ) ) ;
#5359 = CARTESIAN_POINT ( 'NONE',  ( 5.925719694212554955, -2.884407952217885818, -23.09138617891644074 ) ) ;
#5360 = CARTESIAN_POINT ( 'NONE',  ( 2.877370061222677133, -0.9499999999999990674, -27.00000000000000000 ) ) ;
#5361 = CARTESIAN_POINT ( 'NONE',  ( 3.339403714471624873, -0.3359302378305712433, -23.59696395792335366 ) ) ;
#5362 = VERTEX_POINT ( 'NONE', #1236 ) ;
#5363 = SURFACE_STYLE_USAGE ( .BOTH. , #309 ) ;
#5364 = CARTESIAN_POINT ( 'NONE',  ( -6.103725754817109106, -1.393528348459398769, -19.42980603853688848 ) ) ;
#5365 = EDGE_LOOP ( 'NONE', ( #3877, #9145, #2540, #4466 ) ) ;
#5366 = CARTESIAN_POINT ( 'NONE',  ( 2.953751114080398477, 0.8864263001105666673, -25.35000000000000497 ) ) ;
#5367 = AXIS2_PLACEMENT_3D ( 'NONE', #6475, #9355, #5761 ) ;
#5368 =( BOUNDED_CURVE ( )  B_SPLINE_CURVE ( 3, ( #3957, #369, #6709, #4713 ),
 .UNSPECIFIED., .F., .T. ) 
 B_SPLINE_CURVE_WITH_KNOTS ( ( 4, 4 ),
 ( 0.0000000000000000000, 1.000000000000000000 ),
 .UNSPECIFIED. ) 
 CURVE ( )  GEOMETRIC_REPRESENTATION_ITEM ( )  RATIONAL_B_SPLINE_CURVE ( ( 1.000000000000000000, 0.3333333333333333703, 0.3333333333333333703, 1.000000000000000000 ) ) 
 REPRESENTATION_ITEM ( '' )  );
#5369 = STYLED_ITEM ( 'NONE', ( #8139 ), #1226 ) ;
#5370 = CARTESIAN_POINT ( 'NONE',  ( -4.713855710941728283, 2.891763259629745342, -0.1035533905932739668 ) ) ;
#5371 = SURFACE_STYLE_FILL_AREA ( #6099 ) ;
#5372 = CARTESIAN_POINT ( 'NONE',  ( -3.252572331385704008, -0.4870147112774183551, -26.50436310160935349 ) ) ;
#5373 = STYLED_ITEM ( 'NONE', ( #4024 ), #7373 ) ;
#5374 = EDGE_LOOP ( 'NONE', ( #4724, #730, #5131, #6895 ) ) ;
#5375 = EDGE_CURVE ( 'NONE', #4207, #6663, #1990, .T. ) ;
#5376 =( NAMED_UNIT ( * ) SI_UNIT ( $, .STERADIAN. ) SOLID_ANGLE_UNIT ( ) );
#5377 = CARTESIAN_POINT ( 'NONE',  ( -1.969729866933063400, 0.7299567491647973583, -26.63586863906539293 ) ) ;
#5378 = CARTESIAN_POINT ( 'NONE',  ( -6.062399137230623403, 2.817554633457106217, -23.07221301367680866 ) ) ;
#5379 = AXIS2_PLACEMENT_3D ( 'NONE', #7732, #7781, #4989 ) ;
#5380 = PRESENTATION_STYLE_ASSIGNMENT (( #6108 ) ) ;
#5381 = FILL_AREA_STYLE ('',( #7566 ) ) ;
#5382 = MECHANICAL_DESIGN_GEOMETRIC_PRESENTATION_REPRESENTATION (  '', ( #8703 ), #1134 ) ;
#5383 = SURFACE_SIDE_STYLE ('',( #6754 ) ) ;
#5384 =( NAMED_UNIT ( * ) PLANE_ANGLE_UNIT ( ) SI_UNIT ( $, .RADIAN. ) );
#5385 = CARTESIAN_POINT ( 'NONE',  ( 2.984394458113841964, 0.8216974570748958318, -25.37564451671842036 ) ) ;
#5386 = VERTEX_POINT ( 'NONE', #8502 ) ;
#5387 = ADVANCED_FACE ( 'NONE', ( #4086 ), #7360, .T. ) ;
#5388 = CARTESIAN_POINT ( 'NONE',  ( -5.053561971580821321, -2.849235545639865474, 3.107464346203663748E-14 ) ) ;
#5389 = EDGE_CURVE ( 'NONE', #7359, #169, #5368, .T. ) ;
#5390 = DIRECTION ( 'NONE',  ( 0.0000000000000000000, 0.0000000000000000000, -1.000000000000000000 ) ) ;
#5391 = ORIENTED_EDGE ( 'NONE', *, *, #3812, .T. ) ;
#5392 = AXIS2_PLACEMENT_3D ( 'NONE', #4423, #3712, #8142 ) ;
#5393 =( NAMED_UNIT ( * ) PLANE_ANGLE_UNIT ( ) SI_UNIT ( $, .RADIAN. ) );
#5394 = CARTESIAN_POINT ( 'NONE',  ( 6.044837384842423944, -1.743069073009838821, -0.2500000000000021094 ) ) ;
#5395 = CARTESIAN_POINT ( 'NONE',  ( 2.964765906424394526, 0.6999999999999996225, -28.80000000423086348 ) ) ;
#5396 = FILL_AREA_STYLE_COLOUR ( '', #1273 ) ;
#5397 =( GEOMETRIC_REPRESENTATION_CONTEXT ( 3 ) GLOBAL_UNCERTAINTY_ASSIGNED_CONTEXT ( ( #9261 ) ) GLOBAL_UNIT_ASSIGNED_CONTEXT ( ( #5306, #7498, #4163 ) ) REPRESENTATION_CONTEXT ( 'NONE', 'WORKASPACE' ) );
#5398 = SURFACE_SIDE_STYLE ('',( #3113 ) ) ;
#5399 = UNCERTAINTY_MEASURE_WITH_UNIT (LENGTH_MEASURE( 1.000000000000000082E-05 ), #4241, 'distance_accuracy_value', 'NONE');
#5400 = DIRECTION ( 'NONE',  ( -1.000000000000000000, 1.672957273954558210E-16, 0.0000000000000000000 ) ) ;
#5401 = ORIENTED_EDGE ( 'NONE', *, *, #7415, .F. ) ;
#5402 = LINE ( 'NONE', #5495, #4218 ) ;
#5403 = SURFACE_STYLE_FILL_AREA ( #2502 ) ;
#5404 = PRODUCT_DEFINITION ( 'UNKNOWN', '', #3343, #2820 ) ;
#5405 = CARTESIAN_POINT ( 'NONE',  ( 6.310816666662449670, -1.701094315010651226, -21.08653333329961654 ) ) ;
#5406 = FILL_AREA_STYLE ('',( #4781 ) ) ;
#5407 = STYLED_ITEM ( 'NONE', ( #83 ), #2833 ) ;
#5408 = ORIENTED_EDGE ( 'NONE', *, *, #5025, .F. ) ;
#5409 = SURFACE_STYLE_USAGE ( .BOTH. , #1697 ) ;
#5410 = LINE ( 'NONE', #5919, #3274 ) ;
#5411 = CARTESIAN_POINT ( 'NONE',  ( -3.121769852874939577, -0.8630853416161567981, -29.50186105683415150 ) ) ;
#5412 = CARTESIAN_POINT ( 'NONE',  ( -1.901072084220503777, 4.637261296539252342, -27.85436310159641948 ) ) ;
#5413 = DIRECTION ( 'NONE',  ( -1.000000000000000000, 0.0000000000000000000, 0.0000000000000000000 ) ) ;
#5414 =( GEOMETRIC_REPRESENTATION_CONTEXT ( 3 ) GLOBAL_UNCERTAINTY_ASSIGNED_CONTEXT ( ( #6627 ) ) GLOBAL_UNIT_ASSIGNED_CONTEXT ( ( #7437, #3020, #301 ) ) REPRESENTATION_CONTEXT ( 'NONE', 'WORKASPACE' ) );
#5415 = CARTESIAN_POINT ( 'NONE',  ( 5.539687083781221766, -2.399493764226131365, -3.252606517456532629E-15 ) ) ;
#5416 = PRESENTATION_LAYER_ASSIGNMENT (  '', '', ( #1164 ) ) ;
#5417 = CARTESIAN_POINT ( 'NONE',  ( 1.028984414813833403, -3.338254050501733072, -23.35929466312700953 ) ) ;
#5418 = EDGE_CURVE ( 'NONE', #8452, #7002, #2661, .T. ) ;
#5419 = B_SPLINE_CURVE_WITH_KNOTS ( 'NONE', 3,
 ( #8012, #2879, #5067, #3634, #1455, #32 ),
 .UNSPECIFIED., .F., .F.,
 ( 4, 2, 4 ),
 ( 0.0000000000000000000, 0.0002044750616301801494, 0.0004089501232603601362 ),
 .UNSPECIFIED. ) ;
#5420 = CARTESIAN_POINT ( 'NONE',  ( 3.515992544643322226, -0.7111870081550550893, -23.35664990487431325 ) ) ;
#5421 = ORIENTED_EDGE ( 'NONE', *, *, #2881, .F. ) ;
#5422 = SURFACE_SIDE_STYLE ('',( #6091 ) ) ;
#5423 = ORIENTED_EDGE ( 'NONE', *, *, #295, .T. ) ;
#5424 = CARTESIAN_POINT ( 'NONE',  ( 6.308239556175612606, -1.546474879899561561, -23.03642561252742382 ) ) ;
#5425 = AXIS2_PLACEMENT_3D ( 'NONE', #4234, #4740, #1136 ) ;
#5426 = CARTESIAN_POINT ( 'NONE',  ( -5.156360532133413166, 2.835027572140735863, -20.19069581682516912 ) ) ;
#5427 = CARTESIAN_POINT ( 'NONE',  ( -1.914383410920732942, -4.664109864742062683, -27.00000000000000000 ) ) ;
#5428 = CARTESIAN_POINT ( 'NONE',  ( 2.877370061222676245, 0.9499999999999995115, -26.75000000000000000 ) ) ;
#5429 = CARTESIAN_POINT ( 'NONE',  ( -6.519762889482353607, -1.546441044280906896, -22.75810311586026913 ) ) ;
#5430 =( GEOMETRIC_REPRESENTATION_CONTEXT ( 3 ) GLOBAL_UNCERTAINTY_ASSIGNED_CONTEXT ( ( #1303 ) ) GLOBAL_UNIT_ASSIGNED_CONTEXT ( ( #21, #2867, #2780 ) ) REPRESENTATION_CONTEXT ( 'NONE', 'WORKASPACE' ) );
#5431 = VERTEX_POINT ( 'NONE', #1675 ) ;
#5432 = CARTESIAN_POINT ( 'NONE',  ( 6.049999999999998046, -1.400739683024809334, -18.87548450340289108 ) ) ;
#5433 =( NAMED_UNIT ( * ) PLANE_ANGLE_UNIT ( ) SI_UNIT ( $, .RADIAN. ) );
#5434 =( BOUNDED_SURFACE ( )  B_SPLINE_SURFACE ( 2, 3, ( 
 ( #2197, #5093, #3802, #212 ),
 ( #3853, #3293, #1717, #2384 ),
 ( #6803, #8182, #2479, #8332 ) ),
 .UNSPECIFIED., .F., .F., .T. ) 
 B_SPLINE_SURFACE_WITH_KNOTS ( ( 3, 3 ),
 ( 4, 4 ),
 ( 0.0000000000000000000, 1.000000000000000000 ),
 ( 4.828484473046520620, 4.833881353352544430 ),
 .UNSPECIFIED. ) 
 GEOMETRIC_REPRESENTATION_ITEM ( )  RATIONAL_B_SPLINE_SURFACE ( (
 ( 1.000000000000000000, 1.000000000000000000, 1.000000000000000000, 1.000000000000000000),
 ( 1.493278530499287715, 1.494465885743991862, 1.495651451177923308, 1.496835222325188175),
 ( 1.000000000000000000, 1.000000000000000000, 1.000000000000000000, 1.000000000000000000) ) ) 
 REPRESENTATION_ITEM ( '' )  SURFACE ( )  );
#5435 =( NAMED_UNIT ( * ) PLANE_ANGLE_UNIT ( ) SI_UNIT ( $, .RADIAN. ) );
#5436 = B_SPLINE_CURVE_WITH_KNOTS ( 'NONE', 3,
 ( #1043, #6025, #3075, #4641, #937, #6078, #5302, #1647, #8993, #7347 ),
 .UNSPECIFIED., .F., .F.,
 ( 4, 2, 2, 2, 4 ),
 ( 0.0000000000000000000, 0.2500000000000000000, 0.5000000000000000000, 0.7500000000000000000, 1.000000000000000000 ),
 .UNSPECIFIED. ) ;
#5437 = MECHANICAL_DESIGN_GEOMETRIC_PRESENTATION_REPRESENTATION (  '', ( #4200 ), #8010 ) ;
#5438 = CARTESIAN_POINT ( 'NONE',  ( -3.238244312017008131, 0.6989874317707210905, -25.52867459525560534 ) ) ;
#5439 = SURFACE_STYLE_FILL_AREA ( #5332 ) ;
#5440 = ORIENTED_EDGE ( 'NONE', *, *, #7009, .F. ) ;
#5441 = EDGE_LOOP ( 'NONE', ( #1060, #3471, #2653, #9020, #6462 ) ) ;
#5442 = DIRECTION ( 'NONE',  ( 0.0000000000000000000, 1.000000000000000000, 0.0000000000000000000 ) ) ;
#5443 = CARTESIAN_POINT ( 'NONE',  ( 1.899604555597858235, -4.633681572372107205, -27.99876908820495558 ) ) ;
#5444 = CARTESIAN_POINT ( 'NONE',  ( 5.684674084708168706, -2.203207869549377751, -3.252606517456513302E-15 ) ) ;
#5445 = UNCERTAINTY_MEASURE_WITH_UNIT (LENGTH_MEASURE( 1.000000000000000082E-05 ), #5880, 'distance_accuracy_value', 'NONE');
#5446 = ADVANCED_FACE ( 'NONE', ( #2538 ), #1863, .F. ) ;
#5447 = ADVANCED_FACE ( 'NONE', ( #6001 ), #8876, .T. ) ;
#5448 = STYLED_ITEM ( 'NONE', ( #1666 ), #4688 ) ;
#5449 = CARTESIAN_POINT ( 'NONE',  ( 3.136996903792331981, 0.9609247479138647297, -27.00434464557601544 ) ) ;
#5450 = VERTEX_POINT ( 'NONE', #6421 ) ;
#5451 = CARTESIAN_POINT ( 'NONE',  ( 6.527765265154793717, -1.546446682579468934, -22.82212319450973226 ) ) ;
#5452 = CARTESIAN_POINT ( 'NONE',  ( 4.101469770650693292, 2.921059327902745029, -23.31917604421572321 ) ) ;
#5453 = CARTESIAN_POINT ( 'NONE',  ( 1.568439464908947700, -2.985923014984530610, -2.168404344971008868E-16 ) ) ;
#5454 = DIRECTION ( 'NONE',  ( -0.1240347345892085923, 0.0000000000000000000, 0.9922778767136676281 ) ) ;
#5455 =( NAMED_UNIT ( * ) PLANE_ANGLE_UNIT ( ) SI_UNIT ( $, .RADIAN. ) );
#5456 = CARTESIAN_POINT ( 'NONE',  ( 5.987555876728915649, 2.581827384376750967, -23.08264681992642409 ) ) ;
#5457 = CARTESIAN_POINT ( 'NONE',  ( 1.931425879585300542, 0.8259943559174784955, -28.12305965639559702 ) ) ;
#5458 = CARTESIAN_POINT ( 'NONE',  ( -4.953255229705263218, 2.898248404118734634, -20.64959908904286223 ) ) ;
#5459 = CARTESIAN_POINT ( 'NONE',  ( -2.969861802739602652, -0.7281556850838536432, -28.21739708335863028 ) ) ;
#5460 = CARTESIAN_POINT ( 'NONE',  ( 3.185912832181834631, -0.7102737608152974724, -27.94461152180162955 ) ) ;
#5461 = COLOUR_RGB ( '',0.2509803921568627416, 0.2509803921568627416, 0.2509803921568627416 ) ;
#5462 = CARTESIAN_POINT ( 'NONE',  ( -6.044835268667352324, 1.743058643039573363, -0.2500000000000142664 ) ) ;
#5463 = CARTESIAN_POINT ( 'NONE',  ( 3.145003762394875668, 1.134617700592369216, -23.61382550929316793 ) ) ;
#5464 = CARTESIAN_POINT ( 'NONE',  ( 0.5074475209014454036, -3.347050082581974007, -23.43188243976788243 ) ) ;
#5465 = CARTESIAN_POINT ( 'NONE',  ( -6.142001392940665383, -1.389243019736922991, -19.73601114352534935 ) ) ;
#5466 = CARTESIAN_POINT ( 'NONE',  ( -0.1896753494211407542, -3.334508549979512626, -23.58153707234649943 ) ) ;
#5467 = ORIENTED_EDGE ( 'NONE', *, *, #2424, .T. ) ;
#5468 = CARTESIAN_POINT ( 'NONE',  ( -6.180271013676020608, -1.384904610932403024, -20.04216810940818405 ) ) ;
#5469 = EDGE_CURVE ( 'NONE', #4398, #6395, #4354, .T. ) ;
#5470 = CARTESIAN_POINT ( 'NONE',  ( 6.549983077110486107, -1.716230145439056054, -23.00070262283297495 ) ) ;
#5471 = DIRECTION ( 'NONE',  ( -1.000000000000000000, 0.0000000000000000000, 0.0000000000000000000 ) ) ;
#5472 = CARTESIAN_POINT ( 'NONE',  ( -3.330982883145574114, 0.3336216309382483147, -23.37184470353511401 ) ) ;
#5473 = SURFACE_STYLE_USAGE ( .BOTH. , #1902 ) ;
#5474 = AXIS2_PLACEMENT_3D ( 'NONE', #3157, #5285, #8923 ) ;
#5475 = VERTEX_POINT ( 'NONE', #7841 ) ;
#5476 = CARTESIAN_POINT ( 'NONE',  ( 6.065444246572663012, -1.397760580596314250, -19.12355397258131262 ) ) ;
#5477 = CARTESIAN_POINT ( 'NONE',  ( -6.316880380456845856, -1.545372432545168762, -21.13504304365479314 ) ) ;
#5478 = CARTESIAN_POINT ( 'NONE',  ( -5.982001411917239331, 2.582067290990554209, -23.08337500996706382 ) ) ;
#5479 = CARTESIAN_POINT ( 'NONE',  ( 6.055908479276453704, 2.743985188910421869, -19.05343563844266797 ) ) ;
#5480 = SURFACE_STYLE_USAGE ( .BOTH. , #4760 ) ;
#5481 = CARTESIAN_POINT ( 'NONE',  ( 0.4261256316709038927, -3.331016870511350536, -23.53436185516814305 ) ) ;
#5482 = SURFACE_STYLE_FILL_AREA ( #6337 ) ;
#5483 = ORIENTED_EDGE ( 'NONE', *, *, #8412, .F. ) ;
#5484 = CARTESIAN_POINT ( 'NONE',  ( -4.883785453528814990, -2.873088887001506997, 3.573714005164188769E-14 ) ) ;
#5485 = VECTOR ( 'NONE', #3411, 1000.000000000000000 ) ;
#5486 = ORIENTED_EDGE ( 'NONE', *, *, #8288, .F. ) ;
#5487 = CARTESIAN_POINT ( 'NONE',  ( 3.231393650150613972, -0.7000000000001133094, -25.90376909648671244 ) ) ;
#5488 = CARTESIAN_POINT ( 'NONE',  ( 5.553794696100665007, 2.681864724729017269, -0.2500000000000019984 ) ) ;
#5489 =( NAMED_UNIT ( * ) PLANE_ANGLE_UNIT ( ) SI_UNIT ( $, .RADIAN. ) );
#5490 =( GEOMETRIC_REPRESENTATION_CONTEXT ( 3 ) GLOBAL_UNCERTAINTY_ASSIGNED_CONTEXT ( ( #506 ) ) GLOBAL_UNIT_ASSIGNED_CONTEXT ( ( #8330, #8279, #6324 ) ) REPRESENTATION_CONTEXT ( 'NONE', 'WORKASPACE' ) );
#5491 = CARTESIAN_POINT ( 'NONE',  ( -6.519775934828541786, -1.715393324327713742, -22.75820747862850268 ) ) ;
#5492 = UNCERTAINTY_MEASURE_WITH_UNIT (LENGTH_MEASURE( 1.000000000000000082E-05 ), #6027, 'distance_accuracy_value', 'NONE');
#5493 = CARTESIAN_POINT ( 'NONE',  ( -1.505459567102439777, -2.983271570733643241, -23.71566563845472686 ) ) ;
#5494 = ORIENTED_EDGE ( 'NONE', *, *, #1949, .T. ) ;
#5495 = CARTESIAN_POINT ( 'NONE',  ( -1.171070091768190994E-16, -0.7000000000000000666, -29.25000000000000000 ) ) ;
#5496 = CARTESIAN_POINT ( 'NONE',  ( -1.700427152784601770, -3.416387593649429899, -21.05469134363642780 ) ) ;
#5497 =( LENGTH_UNIT ( ) NAMED_UNIT ( * ) SI_UNIT ( .MILLI., .METRE. ) );
#5498 = PLANE ( 'NONE',  #1563 ) ;
#5499 = EDGE_CURVE ( 'NONE', #5613, #2261, #5620, .T. ) ;
#5500 = SURFACE_STYLE_FILL_AREA ( #5671 ) ;
#5501 = AXIS2_PLACEMENT_3D ( 'NONE', #7084, #6464, #7172 ) ;
#5502 = DIRECTION ( 'NONE',  ( -1.000000000000000000, 0.0000000000000000000, 0.0000000000000000000 ) ) ;
#5503 = B_SPLINE_CURVE_WITH_KNOTS ( 'NONE', 3,
 ( #4830, #7718, #4112, #8106 ),
 .UNSPECIFIED., .F., .F.,
 ( 4, 4 ),
 ( 0.0000000000000000000, 1.000000000000000000 ),
 .UNSPECIFIED. ) ;
#5504 = CARTESIAN_POINT ( 'NONE',  ( -2.360516587609434502, 2.707770689903216788, -23.43591292728129716 ) ) ;
#5505 = LINE ( 'NONE', #7021, #7054 ) ;
#5506 = COLOUR_RGB ( '',0.2509803921568627416, 0.2509803921568627416, 0.2509803921568627416 ) ;
#5507 = SURFACE_SIDE_STYLE ('',( #1223 ) ) ;
#5508 = FILL_AREA_STYLE ('',( #2029 ) ) ;
#5509 = CIRCLE ( 'NONE', #3232, 0.2499999999999998612 ) ;
#5510 = B_SPLINE_CURVE_WITH_KNOTS ( 'NONE', 3,
 ( #1242, #7043, #544, #6555 ),
 .UNSPECIFIED., .F., .F.,
 ( 4, 4 ),
 ( 0.0000000000000000000, 1.000000000000000000 ),
 .UNSPECIFIED. ) ;
#5511 = CARTESIAN_POINT ( 'NONE',  ( -5.911667466384680658, 2.309292058989761198, -0.2499999999999964195 ) ) ;
#5512 = LINE ( 'NONE', #9360, #3895 ) ;
#5513 = ADVANCED_FACE ( 'NONE', ( #4179 ), #7304, .T. ) ;
#5514 = CARTESIAN_POINT ( 'NONE',  ( -0.8721417796404284939, 3.290383887563305798, -23.53612154873638218 ) ) ;
#5515 = EDGE_CURVE ( 'NONE', #9279, #8452, #6232, .T. ) ;
#5516 = CARTESIAN_POINT ( 'NONE',  ( -0.6364063428305127834, -3.277154806474844584, -23.66591846447852632 ) ) ;
#5517 = EDGE_LOOP ( 'NONE', ( #1206, #6578, #2936, #8818 ) ) ;
#5518 =( NAMED_UNIT ( * ) SI_UNIT ( $, .STERADIAN. ) SOLID_ANGLE_UNIT ( ) );
#5519 = CARTESIAN_POINT ( 'NONE',  ( 6.485555425690648690, -2.251045366208475063, -23.01052172721114530 ) ) ;
#5520 = CARTESIAN_POINT ( 'NONE',  ( 6.338793502158997839, -2.904576307138823310, -21.31034801727200545 ) ) ;
#5521 = UNCERTAINTY_MEASURE_WITH_UNIT (LENGTH_MEASURE( 1.000000000000000082E-05 ), #1670, 'distance_accuracy_value', 'NONE');
#5522 = AXIS2_PLACEMENT_3D ( 'NONE', #5683, #2736, #1396 ) ;
#5523 = CARTESIAN_POINT ( 'NONE',  ( -3.278107156081143447, 0.6584345984340544966, -23.60238829579185804 ) ) ;
#5524 = CARTESIAN_POINT ( 'NONE',  ( -3.231393650149252394, -0.7000000000001134204, -25.90376909648667336 ) ) ;
#5525 = EDGE_LOOP ( 'NONE', ( #860, #2912, #173, #9374 ) ) ;
#5526 = CARTESIAN_POINT ( 'NONE',  ( 2.925000000000000711, -1.224999999999999423, 6.599999999999999645 ) ) ;
#5527 = SURFACE_STYLE_USAGE ( .BOTH. , #8966 ) ;
#5528 = CARTESIAN_POINT ( 'NONE',  ( 1.979898987322333603, -0.6999999999999997335, -28.35000000000000497 ) ) ;
#5529 = CIRCLE ( 'NONE', #1117, 0.2500000000000001110 ) ;
#5530 = SURFACE_STYLE_USAGE ( .BOTH. , #1244 ) ;
#5531 = ORIENTED_EDGE ( 'NONE', *, *, #7007, .T. ) ;
#5532 = CARTESIAN_POINT ( 'NONE',  ( 0.8476827695102485682, 3.289600364480381511, -23.54675541107371828 ) ) ;
#5533 = MECHANICAL_DESIGN_GEOMETRIC_PRESENTATION_REPRESENTATION (  '', ( #2793 ), #9289 ) ;
#5534 = EDGE_CURVE ( 'NONE', #5926, #4459, #9330, .T. ) ;
#5535 = B_SPLINE_CURVE_WITH_KNOTS ( 'NONE', 3,
 ( #2432, #911, #7458, #3707, #5994, #8866, #2385, #4468, #871, #1718, #1618, #6608, #2242, #6751, #5938, #107, #8039, #8914, #3753, #266, #6048, #1529, #213, #161 ),
 .UNSPECIFIED., .F., .F.,
 ( 4, 2, 1, 1, 1, 2, 2, 2, 2, 1, 1, 1, 2, 2, 4 ),
 ( 0.0000000000000000000, 0.1249999999999779898, 0.1874999999999679701, 0.2187499999999629741, 0.2343749999999611144, 0.2421874999999610589, 0.2499999999999609757, 0.4999999999999724665, 0.6249999999999779066, 0.6874999999999803491, 0.7187499999999815703, 0.7343749999999822364, 0.7421874999999825695, 0.7499999999999827915, 1.000000000000000000 ),
 .UNSPECIFIED. ) ;
#5536 = DIRECTION ( 'NONE',  ( -1.000000000000000000, 0.0000000000000000000, -0.0000000000000000000 ) ) ;
#5537 = ORIENTED_EDGE ( 'NONE', *, *, #3109, .F. ) ;
#5538 =( LENGTH_UNIT ( ) NAMED_UNIT ( * ) SI_UNIT ( .MILLI., .METRE. ) );
#5539 = SURFACE_SIDE_STYLE ('',( #9002 ) ) ;
#5540 = MECHANICAL_DESIGN_GEOMETRIC_PRESENTATION_REPRESENTATION (  '', ( #6577 ), #236 ) ;
#5541 = FILL_AREA_STYLE ('',( #2633 ) ) ;
#5542 = CARTESIAN_POINT ( 'NONE',  ( 5.009704841333183722, -2.602163511380775951, -2.927345865710861972E-15 ) ) ;
#5543 = UNCERTAINTY_MEASURE_WITH_UNIT (LENGTH_MEASURE( 1.000000000000000082E-05 ), #6224, 'distance_accuracy_value', 'NONE');
#5544 =( BOUNDED_SURFACE ( )  B_SPLINE_SURFACE ( 3, 2, ( 
 ( #2532, #7607, #6993 ),
 ( #4000, #4661, #2481 ),
 ( #1011, #2623, #6899 ),
 ( #4754, #9062, #2581 ),
 ( #9155, #1149, #2663 ),
 ( #1063, #5378, #3955 ),
 ( #5478, #3342, #5578 ),
 ( #1906, #8454, #3906 ),
 ( #321, #6105, #3565 ),
 ( #3519, #8551, #7037 ),
 ( #3607, #6507, #6329 ),
 ( #1379, #4259, #7175 ),
 ( #9243, #3, #6419 ),
 ( #536, #2140, #1334 ),
 ( #3428, #4311, #2755 ),
 ( #5749, #9341, #9207 ) ),
 .UNSPECIFIED., .F., .F., .T. ) 
 B_SPLINE_SURFACE_WITH_KNOTS ( ( 4, 2, 2, 2, 2, 2, 2, 4 ),
 ( 3, 3 ),
 ( -8.673617379884035472E-19, 0.0004824572156850025109, 0.0007236858235275041729, 0.0008443001274487549768, 0.0009649144313700058892, 0.001206143039212507605, 0.001447371647055009213, 0.001929828862740012646 ),
 ( 0.0000000000000000000, 1.000000000000000000 ),
 .UNSPECIFIED. ) 
 GEOMETRIC_REPRESENTATION_ITEM ( )  RATIONAL_B_SPLINE_SURFACE ( (
 ( 1.000000000000000000, 0.7122195791691240396, 1.000000000000000000),
 ( 1.000000000000000000, 0.7124658098268845663, 1.000000000000000000),
 ( 1.000000000000000000, 0.7127383895215906318, 1.000000000000000000),
 ( 1.000000000000000000, 0.7135030701569419209, 1.000000000000000000),
 ( 1.000000000000000000, 0.7138294437158982930, 1.000000000000000000),
 ( 1.000000000000000000, 0.7144483372845680247, 1.000000000000000000),
 ( 1.000000000000000000, 0.7146771105963242166, 1.000000000000000000),
 ( 1.000000000000000000, 0.7151276113129326761, 1.000000000000000000),
 ( 1.000000000000000000, 0.7153475295927858024, 1.000000000000000000),
 ( 1.000000000000000000, 0.7157750789680112913, 1.000000000000000000),
 ( 1.000000000000000000, 0.7157411092433253463, 1.000000000000000000),
 ( 1.000000000000000000, 0.7156097400208302206, 1.000000000000000000),
 ( 1.000000000000000000, 0.7155144520072220793, 1.000000000000000000),
 ( 1.000000000000000000, 0.7152626889034036095, 1.000000000000000000),
 ( 1.000000000000000000, 0.7151143681697554877, 1.000000000000000000),
 ( 1.000000000000000000, 0.7149663194116281373, 1.000000000000000000) ) ) 
 REPRESENTATION_ITEM ( '' )  SURFACE ( )  );
#5545 = CARTESIAN_POINT ( 'NONE',  ( -6.056063988669019515, -2.535323480526524786, -23.07296349618211551 ) ) ;
#5546 = CARTESIAN_POINT ( 'NONE',  ( 3.251271939581386938, 0.4874405676524318776, -26.57442836980743195 ) ) ;
#5547 =( GEOMETRIC_REPRESENTATION_CONTEXT ( 3 ) GLOBAL_UNCERTAINTY_ASSIGNED_CONTEXT ( ( #6388 ) ) GLOBAL_UNIT_ASSIGNED_CONTEXT ( ( #1160, #3444, #6171 ) ) REPRESENTATION_CONTEXT ( 'NONE', 'WORKASPACE' ) );
#5548 = CARTESIAN_POINT ( 'NONE',  ( -4.992950293751130530, 2.960847196383312951, -20.85271996550763518 ) ) ;
#5549 = ORIENTED_EDGE ( 'NONE', *, *, #3441, .T. ) ;
#5550 = CARTESIAN_POINT ( 'NONE',  ( -4.992950293751130530, 2.960847196383312951, -20.85271996550763518 ) ) ;
#5551 = CARTESIAN_POINT ( 'NONE',  ( -2.935082989443078549, -0.8217814059147214856, -28.12559316923674757 ) ) ;
#5552 = CARTESIAN_POINT ( 'NONE',  ( -3.100385616021493540, -6.200771232042991521, -31.50000000000000355 ) ) ;
#5553 =( NAMED_UNIT ( * ) PLANE_ANGLE_UNIT ( ) SI_UNIT ( $, .RADIAN. ) );
#5554 = CARTESIAN_POINT ( 'NONE',  ( -2.784547628882507286, 2.264565211291675872, -23.41058931851923219 ) ) ;
#5555 = MECHANICAL_DESIGN_GEOMETRIC_PRESENTATION_REPRESENTATION (  '', ( #9005 ), #4475 ) ;
#5556 = CARTESIAN_POINT ( 'NONE',  ( 4.741856460906247683, -2.888676873037208104, -19.30960607446512256 ) ) ;
#5557 = EDGE_CURVE ( 'NONE', #9176, #7344, #5510, .T. ) ;
#5558 = CARTESIAN_POINT ( 'NONE',  ( -3.203937380527204226, -0.4876087726535983657, -29.25436310160932862 ) ) ;
#5559 = DIRECTION ( 'NONE',  ( 0.0000000000000000000, 1.000000000000000000, 0.0000000000000000000 ) ) ;
#5560 =( NAMED_UNIT ( * ) PLANE_ANGLE_UNIT ( ) SI_UNIT ( $, .RADIAN. ) );
#5561 = CARTESIAN_POINT ( 'NONE',  ( -5.821409453488894492, 2.460311207073942352, -1.598608285640951133E-15 ) ) ;
#5562 = COLOUR_RGB ( '',0.2509803921568627416, 0.2509803921568627416, 0.2509803921568627416 ) ;
#5563 = MECHANICAL_DESIGN_GEOMETRIC_PRESENTATION_REPRESENTATION (  '', ( #8138 ), #1907 ) ;
#5564 = CARTESIAN_POINT ( 'NONE',  ( 0.6363498404586194201, -3.277192655952179123, -23.66592080205472470 ) ) ;
#5565 = DIRECTION ( 'NONE',  ( 0.3185631549218138070, 0.9479016385291570979, 0.0000000000000000000 ) ) ;
#5566 = EDGE_LOOP ( 'NONE', ( #3236, #2781, #7445, #1715 ) ) ;
#5567 = COLOUR_RGB ( '',0.2509803921568627416, 0.2509803921568627416, 0.2509803921568627416 ) ;
#5568 = EDGE_CURVE ( 'NONE', #8713, #9003, #3387, .T. ) ;
#5569 = CARTESIAN_POINT ( 'NONE',  ( 2.925000000000000266, 6.740375306945725563E-16, 0.0000000000000000000 ) ) ;
#5570 = CARTESIAN_POINT ( 'NONE',  ( -3.035766082959412415E-15, 40.00249999999994088, -0.2500000000000002220 ) ) ;
#5571 = EDGE_CURVE ( 'NONE', #1957, #8452, #1315, .T. ) ;
#5572 = CARTESIAN_POINT ( 'NONE',  ( 6.049999999999999822, -1.400739683024801341, 0.0000000000000000000 ) ) ;
#5573 = VERTEX_POINT ( 'NONE', #2985 ) ;
#5574 =( NAMED_UNIT ( * ) PLANE_ANGLE_UNIT ( ) SI_UNIT ( $, .RADIAN. ) );
#5575 = VECTOR ( 'NONE', #1005, 1000.000000000000000 ) ;
#5576 = PRESENTATION_LAYER_ASSIGNMENT (  '', '', ( #273 ) ) ;
#5577 = CARTESIAN_POINT ( 'NONE',  ( -2.925000000000000711, 1.224999999999998757, 6.599999999999999645 ) ) ;
#5578 = CARTESIAN_POINT ( 'NONE',  ( -6.077186168899869401, 2.795954594252780367, -22.82305857551994421 ) ) ;
#5579 = CYLINDRICAL_SURFACE ( 'NONE', #4807, 43.35249999999994941 ) ;
#5580 = STYLED_ITEM ( 'NONE', ( #4272 ), #3745 ) ;
#5581 = MECHANICAL_DESIGN_GEOMETRIC_PRESENTATION_REPRESENTATION (  '', ( #6941 ), #2535 ) ;
#5582 = CARTESIAN_POINT ( 'NONE',  ( 5.210627282545771344, -3.035722774306528038, -22.93606777099251914 ) ) ;
#5583 = FILL_AREA_STYLE ('',( #4053 ) ) ;
#5584 = CARTESIAN_POINT ( 'NONE',  ( 3.171715156338864361, 0.9479142161852645021, -25.33122306146101010 ) ) ;
#5585 = ORIENTED_EDGE ( 'NONE', *, *, #6284, .F. ) ;
#5586 =( LENGTH_UNIT ( ) NAMED_UNIT ( * ) SI_UNIT ( .MILLI., .METRE. ) );
#5587 = CARTESIAN_POINT ( 'NONE',  ( 6.050000000000004263, 1.400739683024801341, -5.662645351020880291 ) ) ;
#5588 = VERTEX_POINT ( 'NONE', #5932 ) ;
#5589 = CARTESIAN_POINT ( 'NONE',  ( 6.050000000000006928, 1.571153073844466785, -0.2499999999999756028 ) ) ;
#5590 = STYLED_ITEM ( 'NONE', ( #858 ), #4047 ) ;
#5591 = ADVANCED_FACE ( 'NONE', ( #3749, #6603 ), #5177, .T. ) ;
#5592 = CARTESIAN_POINT ( 'NONE',  ( -6.505197014603963268, -2.153510322299409196, -23.00753336084956047 ) ) ;
#5593 =( LENGTH_UNIT ( ) NAMED_UNIT ( * ) SI_UNIT ( .MILLI., .METRE. ) );
#5594 = STYLED_ITEM ( 'NONE', ( #5831 ), #4287 ) ;
#5595 = SURFACE_STYLE_USAGE ( .BOTH. , #6921 ) ;
#5596 = CARTESIAN_POINT ( 'NONE',  ( -4.713855710941725619, 2.891763259629741345, -0.2499999999997884192 ) ) ;
#5597 = ORIENTED_EDGE ( 'NONE', *, *, #8625, .T. ) ;
#5598 = CARTESIAN_POINT ( 'NONE',  ( 5.185591316635903780, -3.039062636186084632, -21.45645876332332591 ) ) ;
#5599 = CARTESIAN_POINT ( 'NONE',  ( 0.0000000000000000000, 0.0000000000000000000, -27.00436310158238484 ) ) ;
#5600 = CARTESIAN_POINT ( 'NONE',  ( 0.0000000000000000000, 0.0000000000000000000, -25.10436310160457651 ) ) ;
#5601 = COLOUR_RGB ( '',0.2509803921568627416, 0.2509803921568627416, 0.2509803921568627416 ) ;
#5602 = DIRECTION ( 'NONE',  ( -1.000000000000000000, -1.672957273954558210E-16, -0.0000000000000000000 ) ) ;
#5603 =( NAMED_UNIT ( * ) SI_UNIT ( $, .STERADIAN. ) SOLID_ANGLE_UNIT ( ) );
#5604 = SURFACE_STYLE_FILL_AREA ( #5508 ) ;
#5605 = FACE_OUTER_BOUND ( 'NONE', #158, .T. ) ;
#5606 = CARTESIAN_POINT ( 'NONE',  ( -5.700859697643839041, 2.165369221967616387, -1.301042606982605321E-15 ) ) ;
#5607 = CIRCLE ( 'NONE', #4079, 3.280141658276158445 ) ;
#5608 = CARTESIAN_POINT ( 'NONE',  ( -3.198436309951668388, -0.8566069623812384570, -25.35164049862181912 ) ) ;
#5609 = CARTESIAN_POINT ( 'NONE',  ( -1.687975986461770272, 3.248935913869176240, -20.44082161392842423 ) ) ;
#5610 = ORIENTED_EDGE ( 'NONE', *, *, #726, .T. ) ;
#5611 = CARTESIAN_POINT ( 'NONE',  ( 6.418173027049817847, -2.445356078928467181, -23.02063194555303127 ) ) ;
#5612 = CARTESIAN_POINT ( 'NONE',  ( -1.914383410920735606, 4.664109864742060907, -27.00000000000000711 ) ) ;
#5613 = VERTEX_POINT ( 'NONE', #6468 ) ;
#5614 = CARTESIAN_POINT ( 'NONE',  ( -1.568439464908937264, -2.985923014984502633, -2.168404344971008868E-16 ) ) ;
#5615 = CARTESIAN_POINT ( 'NONE',  ( 5.147679898831986733, 3.043343798827693902, -22.44991254409199044 ) ) ;
#5616 = CARTESIAN_POINT ( 'NONE',  ( 3.018531839037288833, -0.7281423611171211618, -25.46736071721530337 ) ) ;
#5617 = EDGE_CURVE ( 'NONE', #5879, #94, #4463, .T. ) ;
#5618 = CARTESIAN_POINT ( 'NONE',  ( 0.8492145985517041140, -3.231285608027375300, -23.60631516417604558 ) ) ;
#5619 =( GEOMETRIC_REPRESENTATION_CONTEXT ( 3 ) GLOBAL_UNCERTAINTY_ASSIGNED_CONTEXT ( ( #1074 ) ) GLOBAL_UNIT_ASSIGNED_CONTEXT ( ( #3911, #8290, #624 ) ) REPRESENTATION_CONTEXT ( 'NONE', 'WORKASPACE' ) );
#5620 = LINE ( 'NONE', #1340, #323 ) ;
#5621 = CARTESIAN_POINT ( 'NONE',  ( -0.8401510501163926836, -3.342391600544734942, -23.47690036844441863 ) ) ;
#5622 =( NAMED_UNIT ( * ) PLANE_ANGLE_UNIT ( ) SI_UNIT ( $, .RADIAN. ) );
#5623 = CARTESIAN_POINT ( 'NONE',  ( -3.149912906151641767, -1.027518800200613924, -25.10436310160459428 ) ) ;
#5624 = ORIENTED_EDGE ( 'NONE', *, *, #9023, .F. ) ;
#5625 = FILL_AREA_STYLE ('',( #2723 ) ) ;
#5626 = ORIENTED_EDGE ( 'NONE', *, *, #4673, .T. ) ;
#5627 = FILL_AREA_STYLE ('',( #4274 ) ) ;
#5628 = EDGE_CURVE ( 'NONE', #7978, #5573, #2103, .T. ) ;
#5629 = CARTESIAN_POINT ( 'NONE',  ( -2.100000000000000089, 2.571758278209441957E-16, -41.50000000000000000 ) ) ;
#5630 =( GEOMETRIC_REPRESENTATION_CONTEXT ( 3 ) GLOBAL_UNCERTAINTY_ASSIGNED_CONTEXT ( ( #6867 ) ) GLOBAL_UNIT_ASSIGNED_CONTEXT ( ( #1475, #3704, #2899 ) ) REPRESENTATION_CONTEXT ( 'NONE', 'WORKASPACE' ) );
#5631 = UNCERTAINTY_MEASURE_WITH_UNIT (LENGTH_MEASURE( 1.000000000000000082E-05 ), #8836, 'distance_accuracy_value', 'NONE');
#5632 = B_SPLINE_CURVE_WITH_KNOTS ( 'NONE', 3,
 ( #8323, #7594, #3839, #8904, #1804, #2469, #6739, #436, #1137, #1093, #2419, #4698, #3989, #5312, #2567, #5464, #8221, #6146, #1705, #4600, #6883, #391 ),
 .UNSPECIFIED., .F., .F.,
 ( 4, 2, 1, 1, 2, 2, 2, 2, 1, 1, 2, 2, 4 ),
 ( 0.0000000000000000000, 0.1250000000000003053, 0.1875000000000003886, 0.2187500000000007494, 0.2343750000000006939, 0.2500000000000006106, 0.4999999999999975020, 0.6249999999999960032, 0.6874999999999954481, 0.7187499999999952260, 0.7343749999999952260, 0.7499999999999952260, 1.000000000000000000 ),
 .UNSPECIFIED. ) ;
#5633 = LINE ( 'NONE', #4192, #1985 ) ;
#5634 = CIRCLE ( 'NONE', #343, 0.6249999999999992228 ) ;
#5635 = CARTESIAN_POINT ( 'NONE',  ( 1.914383410920738937, -4.664109864742059131, -27.00000000000000000 ) ) ;
#5636 = ORIENTED_EDGE ( 'NONE', *, *, #9367, .F. ) ;
#5637 = FILL_AREA_STYLE ('',( #2733 ) ) ;
#5638 = VERTEX_POINT ( 'NONE', #7273 ) ;
#5639 = CARTESIAN_POINT ( 'NONE',  ( -0.6559481062313553545, 3.273246894481991465, -23.66941105277695812 ) ) ;
#5640 = CARTESIAN_POINT ( 'NONE',  ( -3.063751019710971413, -1.029640788730453504, -29.60355339059327662 ) ) ;
#5641 = SURFACE_STYLE_USAGE ( .BOTH. , #7114 ) ;
#5642 = CARTESIAN_POINT ( 'NONE',  ( -1.861692365278875050, 3.060240853438395359, -23.45982059832397582 ) ) ;
#5643 = PLANE ( 'NONE',  #1457 ) ;
#5644 = FACE_OUTER_BOUND ( 'NONE', #547, .T. ) ;
#5645 = MECHANICAL_DESIGN_GEOMETRIC_PRESENTATION_REPRESENTATION (  '', ( #354 ), #4728 ) ;
#5646 = CARTESIAN_POINT ( 'NONE',  ( -5.470361095769935567, 2.444870413711047075, -4.336808689942017736E-16 ) ) ;
#5647 = MECHANICAL_DESIGN_GEOMETRIC_PRESENTATION_REPRESENTATION (  '', ( #355 ), #8073 ) ;
#5648 = CARTESIAN_POINT ( 'NONE',  ( -3.265164717763151980, -0.5476060758439854625, -25.33929094469587540 ) ) ;
#5649 = CARTESIAN_POINT ( 'NONE',  ( -0.7629317466932967751, 3.303127798934303971, -23.53734510378512823 ) ) ;
#5650 = B_SPLINE_CURVE_WITH_KNOTS ( 'NONE', 3,
 ( #1634, #4527, #8980, #2496 ),
 .UNSPECIFIED., .F., .F.,
 ( 4, 4 ),
 ( 0.0000000000000000000, 1.000000000000000000 ),
 .UNSPECIFIED. ) ;
#5651 = ORIENTED_EDGE ( 'NONE', *, *, #502, .F. ) ;
#5652 = AXIS2_PLACEMENT_3D ( 'NONE', #4908, #3030, #2773 ) ;
#5653 = CARTESIAN_POINT ( 'NONE',  ( 6.168959707449528374, -2.730803660737310956, -22.81024351323139499 ) ) ;
#5654 = CARTESIAN_POINT ( 'NONE',  ( -3.268484527109242421, -0.4868243463363507995, -25.60436319814958850 ) ) ;
#5655 = CARTESIAN_POINT ( 'NONE',  ( 6.291338533062510230, -2.847821490553592572, -20.93070826449870125 ) ) ;
#5656 =( NAMED_UNIT ( * ) PLANE_ANGLE_UNIT ( ) SI_UNIT ( $, .RADIAN. ) );
#5657 = CYLINDRICAL_SURFACE ( 'NONE', #3822, 43.15249999999999631 ) ;
#5658 = PRESENTATION_LAYER_ASSIGNMENT (  '', '', ( #8251 ) ) ;
#5659 = DIRECTION ( 'NONE',  ( 0.0000000000000000000, 0.0000000000000000000, 1.000000000000000000 ) ) ;
#5660 = DIRECTION ( 'NONE',  ( -0.9495826881108938577, -0.3135166956321289722, 0.0000000000000000000 ) ) ;
#5661 = CARTESIAN_POINT ( 'NONE',  ( -1.871420061658899181, 4.577485074376068219, -29.60355339059328372 ) ) ;
#5662 = PRESENTATION_STYLE_ASSIGNMENT (( #1290 ) ) ;
#5663 = EDGE_CURVE ( 'NONE', #3425, #9176, #6868, .T. ) ;
#5664 = CARTESIAN_POINT ( 'NONE',  ( -1.057913758637227808, -3.337585386078447236, -23.46725215292131139 ) ) ;
#5665 = DIRECTION ( 'NONE',  ( -1.000000000000000000, -8.673617379884057166E-16, 0.0000000000000000000 ) ) ;
#5666 = VERTEX_POINT ( 'NONE', #717 ) ;
#5667 = CARTESIAN_POINT ( 'NONE',  ( 0.5312846556719534874, 3.322800249592278377, -23.53887209609707654 ) ) ;
#5668 = DIRECTION ( 'NONE',  ( -0.9490719694915701332, 0.3150593542896197308, 0.0000000000000000000 ) ) ;
#5669 = ORIENTED_EDGE ( 'NONE', *, *, #8044, .T. ) ;
#5670 = CARTESIAN_POINT ( 'NONE',  ( -5.316580904069748925, 3.016980420135595864, -21.43975853373119733 ) ) ;
#5671 = FILL_AREA_STYLE ('',( #7140 ) ) ;
#5672 = CARTESIAN_POINT ( 'NONE',  ( 6.004049501584875159, 2.015770524772363181, -0.2499999999999975575 ) ) ;
#5673 = DIRECTION ( 'NONE',  ( 0.9506966266692069567, -0.3101224339511584605, 0.0000000000000000000 ) ) ;
#5674 = CARTESIAN_POINT ( 'NONE',  ( 4.883249296289177366, -2.873147807851470503, 2.614762338191414035E-13 ) ) ;
#5675 =( BOUNDED_SURFACE ( )  B_SPLINE_SURFACE ( 3, 2, ( 
 ( #6697, #3090, #5989 ),
 ( #1663, #6043, #2378 ),
 ( #8228, #4655, #5274 ),
 ( #8178, #4555, #7452 ),
 ( #2427, #3847, #6747 ),
 ( #4604, #1405, #7966 ),
 ( #9322, #5776, #2789 ),
 ( #8661, #5017, #8372 ),
 ( #3547, #6945, #696 ),
 ( #1454, #2618, #3594 ),
 ( #2172, #443, #5523 ),
 ( #483, #5472, #8413 ),
 ( #7254, #7915, #1364 ),
 ( #745, #3375, #6236 ),
 ( #6448, #2081, #1859 ),
 ( #651, #9057, #4293 ),
 ( #7650, #9104, #4795 ),
 ( #4243, #4083, #2837 ),
 ( #7691, #2576, #4750 ),
 ( #6989, #6278, #9276 ),
 ( #8582, #5737, #7868 ),
 ( #8623, #7205, #7855 ),
 ( #1354, #7326, #4279 ),
 ( #5720, #4231, #1540 ),
 ( #8696, #2824, #8744 ),
 ( #4329, #6523, #5809 ) ),
 .UNSPECIFIED., .F., .F., .T. ) 
 B_SPLINE_SURFACE_WITH_KNOTS ( ( 4, 2, 2, 2, 2, 2, 2, 2, 2, 2, 2, 2, 4 ),
 ( 3, 3 ),
 ( 0.01540442279138097212, 0.01646707246112814188, 0.01752972213087530817, 0.01806104696574889132, 0.01859237180062247446, 0.01912369663549605761, 0.01965502147036964076, 0.02018634630524322390, 0.02071767114011680705, 0.02178032080986397681, 0.02231164564473755996, 0.02284297047961114657, 0.02390562014935831286 ),
 ( 0.0000000000000000000, 1.000000000000000000 ),
 .UNSPECIFIED. ) 
 GEOMETRIC_REPRESENTATION_ITEM ( )  RATIONAL_B_SPLINE_SURFACE ( (
 ( 1.000000000000000000, 0.7172473840161468495, 1.000000000000000000),
 ( 1.000000000000000000, 0.7192165751668998519, 1.000000000000000000),
 ( 1.000000000000000000, 0.7217831800434661993, 1.000000000000000000),
 ( 1.000000000000000000, 0.7273479143629553167, 1.000000000000000000),
 ( 1.000000000000000000, 0.7302258860744714752, 1.000000000000000000),
 ( 1.000000000000000000, 0.7341373483045098292, 1.000000000000000000),
 ( 1.000000000000000000, 0.7353608118530313709, 1.000000000000000000),
 ( 1.000000000000000000, 0.7375185206601017063, 1.000000000000000000),
 ( 1.000000000000000000, 0.7384624698402232346, 1.000000000000000000),
 ( 1.000000000000000000, 0.7400187735954489865, 1.000000000000000000),
 ( 1.000000000000000000, 0.7406307614451992372, 1.000000000000000000),
 ( 1.000000000000000000, 0.7414407100892761449, 1.000000000000000000),
 ( 1.000000000000000000, 0.7416464598007647124, 1.000000000000000000),
 ( 1.000000000000000000, 0.7416495832279293987, 1.000000000000000000),
 ( 1.000000000000000000, 0.7414428647445161502, 1.000000000000000000),
 ( 1.000000000000000000, 0.7406297536218848787, 1.000000000000000000),
 ( 1.000000000000000000, 0.7400289585381017998, 1.000000000000000000),
 ( 1.000000000000000000, 0.7377122876833405174, 1.000000000000000000),
 ( 1.000000000000000000, 0.7354337450073217264, 1.000000000000000000),
 ( 1.000000000000000000, 0.7315615828554712374, 1.000000000000000000),
 ( 1.000000000000000000, 0.7301924654056386466, 1.000000000000000000),
 ( 1.000000000000000000, 0.7273824983022934010, 1.000000000000000000),
 ( 1.000000000000000000, 0.7259486977614807435, 1.000000000000000000),
 ( 1.000000000000000000, 0.7218197145581128904, 1.000000000000000000),
 ( 1.000000000000000000, 0.7192370908265616203, 1.000000000000000000),
 ( 1.000000000000000000, 0.7172473840161571745, 1.000000000000000000) ) ) 
 REPRESENTATION_ITEM ( '' )  SURFACE ( )  );
#5676 = EDGE_CURVE ( 'NONE', #5613, #8422, #9092, .T. ) ;
#5677 = CARTESIAN_POINT ( 'NONE',  ( -6.211990451257167756, -2.726218152811497486, -23.05089463503636793 ) ) ;
#5678 =( GEOMETRIC_REPRESENTATION_CONTEXT ( 3 ) GLOBAL_UNCERTAINTY_ASSIGNED_CONTEXT ( ( #2270 ) ) GLOBAL_UNIT_ASSIGNED_CONTEXT ( ( #2333, #7368, #6701 ) ) REPRESENTATION_CONTEXT ( 'NONE', 'WORKASPACE' ) );
#5679 = EDGE_CURVE ( 'NONE', #8643, #4318, #8441, .T. ) ;
#5680 = VERTEX_POINT ( 'NONE', #8911 ) ;
#5681 =( NAMED_UNIT ( * ) SI_UNIT ( $, .STERADIAN. ) SOLID_ANGLE_UNIT ( ) );
#5682 =( NAMED_UNIT ( * ) SI_UNIT ( $, .STERADIAN. ) SOLID_ANGLE_UNIT ( ) );
#5683 = CARTESIAN_POINT ( 'NONE',  ( -4.686546425784777092, -2.643259330195583345, -0.2500000000000043854 ) ) ;
#5684 = CARTESIAN_POINT ( 'NONE',  ( 1.861691802067471313, -3.060240950223350964, -23.45980744345817826 ) ) ;
#5685 = CARTESIAN_POINT ( 'NONE',  ( -2.944519263455455782, 0.7282700004458755316, -29.38276129204714948 ) ) ;
#5686 = CARTESIAN_POINT ( 'NONE',  ( 3.339580234202448317, -6.877543600491790987E-14, -23.59694821450823810 ) ) ;
#5687 = CARTESIAN_POINT ( 'NONE',  ( -2.222317737590861153, 2.492248119505848347, -23.67958094573490513 ) ) ;
#5688 =( GEOMETRIC_REPRESENTATION_CONTEXT ( 3 ) GLOBAL_UNCERTAINTY_ASSIGNED_CONTEXT ( ( #3491 ) ) GLOBAL_UNIT_ASSIGNED_CONTEXT ( ( #329, #2344, #3211 ) ) REPRESENTATION_CONTEXT ( 'NONE', 'WORKASPACE' ) );
#5689 = PRESENTATION_STYLE_ASSIGNMENT (( #5819 ) ) ;
#5690 = CARTESIAN_POINT ( 'NONE',  ( -4.848315794074531837, 2.625481737770705593, -2.168404344971032041E-16 ) ) ;
#5691 = CARTESIAN_POINT ( 'NONE',  ( 1.030762008577000843, -3.174481447029101400, -23.72029764942200813 ) ) ;
#5692 = CARTESIAN_POINT ( 'NONE',  ( -5.040912269091878173, 2.854558458850373626, -20.44082161392842067 ) ) ;
#5693 = LINE ( 'NONE', #4836, #7459 ) ;
#5694 = VERTEX_POINT ( 'NONE', #2526 ) ;
#5695 = CARTESIAN_POINT ( 'NONE',  ( 2.956820923034311654, 0.6999999999999994005, -29.25000000000000000 ) ) ;
#5696 = CARTESIAN_POINT ( 'NONE',  ( 6.519762868643873333, -1.546441045543816006, -22.75810294915242693 ) ) ;
#5697 = CARTESIAN_POINT ( 'NONE',  ( 3.114753680774219102, 1.028375194631076406, -27.00290886362657972 ) ) ;
#5698 = EDGE_CURVE ( 'NONE', #5694, #7900, #4400, .T. ) ;
#5699 = COLOUR_RGB ( '',0.2509803921568627416, 0.2509803921568627416, 0.2509803921568627416 ) ;
#5700 = ORIENTED_EDGE ( 'NONE', *, *, #3930, .T. ) ;
#5701 = CARTESIAN_POINT ( 'NONE',  ( -4.713855710941929900, -2.891763259631679794, -0.1035533905950400541 ) ) ;
#5702 = CARTESIAN_POINT ( 'NONE',  ( 3.176978848994822968, -0.7000000000000646816, -28.95375909478006093 ) ) ;
#5703 = DIRECTION ( 'NONE',  ( 0.9998442059067947918, 0.0000000000000000000, -0.01765117317945041897 ) ) ;
#5704 = CARTESIAN_POINT ( 'NONE',  ( -2.877370061222676245, -0.9499999999999995115, -27.00000000000000711 ) ) ;
#5705 = AXIS2_PLACEMENT_3D ( 'NONE', #964, #5232, #4474 ) ;
#5706 = CIRCLE ( 'NONE', #4787, 0.2500000000000006661 ) ;
#5707 = DIRECTION ( 'NONE',  ( -0.0000000000000000000, -0.0000000000000000000, -1.000000000000000000 ) ) ;
#5708 = COLOUR_RGB ( '',0.2509803921568627416, 0.2509803921568627416, 0.2509803921568627416 ) ;
#5709 = CARTESIAN_POINT ( 'NONE',  ( -3.114765733250400626, -1.028379173908031907, -27.00000000000000355 ) ) ;
#5710 = ORIENTED_EDGE ( 'NONE', *, *, #7428, .T. ) ;
#5711 = MECHANICAL_DESIGN_GEOMETRIC_PRESENTATION_REPRESENTATION (  '', ( #7371 ), #2074 ) ;
#5712 = CARTESIAN_POINT ( 'NONE',  ( 1.279002806388189750, 3.206160996099503890, -23.51942546254678490 ) ) ;
#5713 = CARTESIAN_POINT ( 'NONE',  ( -6.475434835095046360, -2.154583154452700988, -22.76526438017467413 ) ) ;
#5714 = ORIENTED_EDGE ( 'NONE', *, *, #8625, .F. ) ;
#5715 = CARTESIAN_POINT ( 'NONE',  ( -5.986302440774497136, 2.766996470275070674, -21.35239979589281489 ) ) ;
#5716 = CARTESIAN_POINT ( 'NONE',  ( 1.480933811692560109, -3.163712551032284548, -23.49063498533767458 ) ) ;
#5717 = CARTESIAN_POINT ( 'NONE',  ( -3.205919556120571112, 6.411839112241141336, -31.25436310159558673 ) ) ;
#5718 = VECTOR ( 'NONE', #8507, 1000.000000000000000 ) ;
#5719 = MECHANICAL_DESIGN_GEOMETRIC_PRESENTATION_REPRESENTATION (  '', ( #6327 ), #6470 ) ;
#5720 = CARTESIAN_POINT ( 'NONE',  ( -1.965215838519345226, -3.015034585725394845, -23.45610389628519954 ) ) ;
#5721 = EDGE_LOOP ( 'NONE', ( #4446, #2086, #2777, #7614 ) ) ;
#5722 =( LENGTH_UNIT ( ) NAMED_UNIT ( * ) SI_UNIT ( .MILLI., .METRE. ) );
#5724 = CARTESIAN_POINT ( 'NONE',  ( -5.239957766351307278, -3.032171736871765777, -23.18068763881996119 ) ) ;
#5723 =( GEOMETRIC_REPRESENTATION_CONTEXT ( 3 ) GLOBAL_UNCERTAINTY_ASSIGNED_CONTEXT ( ( #7105 ) ) GLOBAL_UNIT_ASSIGNED_CONTEXT ( ( #4891, #6414, #6277 ) ) REPRESENTATION_CONTEXT ( 'NONE', 'WORKASPACE' ) );
#5725 = ORIENTED_EDGE ( 'NONE', *, *, #7583, .T. ) ;
#5726 = STYLED_ITEM ( 'NONE', ( #8338 ), #3639 ) ;
#5727 = CARTESIAN_POINT ( 'NONE',  ( -1.162067159783108261, 3.129624122956210730, -23.72773907127912452 ) ) ;
#5728 = B_SPLINE_CURVE_WITH_KNOTS ( 'NONE', 3,
 ( #3246, #6155, #7605, #6896, #3516, #1192 ),
 .UNSPECIFIED., .F., .F.,
 ( 4, 2, 4 ),
 ( 0.0000000000000000000, 0.5000000000000000000, 1.000000000000000000 ),
 .UNSPECIFIED. ) ;
#5729 = CARTESIAN_POINT ( 'NONE',  ( -3.171827492600216569, 0.8619976165972003113, -26.75121140010362808 ) ) ;
#5730 = EDGE_CURVE ( 'NONE', #7002, #1639, #6, .T. ) ;
#5731 =( BOUNDED_SURFACE ( )  B_SPLINE_SURFACE ( 3, 2, ( 
 ( #7526, #8975, #6164 ),
 ( #2490, #5484, #1070 ),
 ( #9071, #5388, #1109 ),
 ( #6757, #8246, #3348 ),
 ( #327, #372, #9022 ),
 ( #6248, #8194, #3959 ),
 ( #4007, #2394, #5288 ),
 ( #4623, #8337, #1678 ),
 ( #279, #4571, #3159 ),
 ( #6057, #7471, #3206 ),
 ( #1019, #8925, #969 ),
 ( #2439, #1824, #6115 ),
 ( #4716, #4764, #3306 ),
 ( #3915, #8294, #1778 ),
 ( #6911, #4669, #411 ),
 ( #7570, #7615, #1867 ) ),
 .UNSPECIFIED., .F., .F., .T. ) 
 B_SPLINE_SURFACE_WITH_KNOTS ( ( 4, 2, 2, 2, 2, 2, 2, 4 ),
 ( 3, 3 ),
 ( 0.0000000000000000000, 0.0004889179706182393819, 0.0007333769559273590729, 0.0008556064485819188641, 0.0009778359412364787638, 0.001222294926545598563, 0.001466753911854718146, 0.001955671882472957528 ),
 ( 0.0000000000000000000, 1.000000000000000000 ),
 .UNSPECIFIED. ) 
 GEOMETRIC_REPRESENTATION_ITEM ( )  RATIONAL_B_SPLINE_SURFACE ( (
 ( 1.000000000000000000, 0.7071067811865499042, 1.000000000000000000),
 ( 1.000000000000000000, 0.7071067811865499042, 1.000000000000000000),
 ( 1.000000000000000000, 0.7071067811865495711, 1.000000000000000000),
 ( 1.000000000000000000, 0.7071067811865495711, 1.000000000000000000),
 ( 1.000000000000000000, 0.7071067811865494601, 1.000000000000000000),
 ( 1.000000000000000000, 0.7071067811865494601, 1.000000000000000000),
 ( 1.000000000000000000, 0.7071067811865495711, 1.000000000000000000),
 ( 1.000000000000000000, 0.7071067811865495711, 1.000000000000000000),
 ( 1.000000000000000000, 0.7071067811865495711, 1.000000000000000000),
 ( 1.000000000000000000, 0.7071067811865495711, 1.000000000000000000),
 ( 1.000000000000000000, 0.7071067811865499042, 1.000000000000000000),
 ( 1.000000000000000000, 0.7071067811865499042, 1.000000000000000000),
 ( 1.000000000000000000, 0.7071067811865502373, 1.000000000000000000),
 ( 1.000000000000000000, 0.7071067811865502373, 1.000000000000000000),
 ( 1.000000000000000000, 0.7071067811865524577, 1.000000000000000000),
 ( 1.000000000000000000, 0.7071067811865524577, 1.000000000000000000) ) ) 
 REPRESENTATION_ITEM ( '' )  SURFACE ( )  );
#5732 = DIRECTION ( 'NONE',  ( 0.0000000000000000000, 0.0000000000000000000, 1.000000000000000000 ) ) ;
#5733 = ADVANCED_FACE ( 'NONE', ( #7602 ), #5675, .F. ) ;
#5734 = SURFACE_STYLE_USAGE ( .BOTH. , #7155 ) ;
#5735 = AXIS2_PLACEMENT_3D ( 'NONE', #251, #3884, #994 ) ;
#5736 = PRESENTATION_STYLE_ASSIGNMENT (( #787 ) ) ;
#5737 = CARTESIAN_POINT ( 'NONE',  ( -2.568031178748840571, -2.146124162506385602, -23.42404291549996742 ) ) ;
#5738 = CARTESIAN_POINT ( 'NONE',  ( -2.967414233365792242, 0.6999999999999996225, -28.65000000562607951 ) ) ;
#5739 = CARTESIAN_POINT ( 'NONE',  ( 5.210767358599416532, -2.787535110521118131, -23.18423843541939533 ) ) ;
#5740 = CARTESIAN_POINT ( 'NONE',  ( -0.5197311116778730034, 3.299775028687813361, -23.64464283315797388 ) ) ;
#5741 = ORIENTED_EDGE ( 'NONE', *, *, #5027, .T. ) ;
#5742 = EDGE_CURVE ( 'NONE', #1680, #6154, #1195, .T. ) ;
#5743 =( NAMED_UNIT ( * ) PLANE_ANGLE_UNIT ( ) SI_UNIT ( $, .RADIAN. ) );
#5744 = CARTESIAN_POINT ( 'NONE',  ( 6.050000000000004263, -1.400739683024801563, -0.2500000000000018319 ) ) ;
#5745 = PRESENTATION_LAYER_ASSIGNMENT (  '', '', ( #739 ) ) ;
#5746 = CARTESIAN_POINT ( 'NONE',  ( 2.925000000000000266, -0.6249999999999990008, 0.0000000000000000000 ) ) ;
#5747 = ORIENTED_EDGE ( 'NONE', *, *, #4911, .F. ) ;
#5748 = CYLINDRICAL_SURFACE ( 'NONE', #8104, 0.6249999999999992228 ) ;
#5749 = CARTESIAN_POINT ( 'NONE',  ( -6.308239556175612606, 1.546407206449771143, -23.03642561252741672 ) ) ;
#5750 = DIRECTION ( 'NONE',  ( 0.0000000000000000000, 0.0000000000000000000, 1.000000000000000000 ) ) ;
#5751 = FILL_AREA_STYLE ('',( #6420 ) ) ;
#5752 = FILL_AREA_STYLE_COLOUR ( '', #2878 ) ;
#5753 = CARTESIAN_POINT ( 'NONE',  ( 3.214550653809654879, 0.4874774249070444321, -28.65436310723536195 ) ) ;
#5754 = VECTOR ( 'NONE', #7516, 1000.000000000000000 ) ;
#5755 = DIRECTION ( 'NONE',  ( -0.0000000000000000000, -0.0000000000000000000, -1.000000000000000000 ) ) ;
#5756 = ORIENTED_EDGE ( 'NONE', *, *, #672, .F. ) ;
#5757 =( NAMED_UNIT ( * ) SI_UNIT ( $, .STERADIAN. ) SOLID_ANGLE_UNIT ( ) );
#5758 = VERTEX_POINT ( 'NONE', #3619 ) ;
#5759 =( NAMED_UNIT ( * ) PLANE_ANGLE_UNIT ( ) SI_UNIT ( $, .RADIAN. ) );
#5760 =( LENGTH_UNIT ( ) NAMED_UNIT ( * ) SI_UNIT ( .MILLI., .METRE. ) );
#5761 = DIRECTION ( 'NONE',  ( -0.9998441683048795436, 0.0000000000000000000, 0.01765330299756397853 ) ) ;
#5762 = COLOUR_RGB ( '',0.2509803921568627416, 0.2509803921568627416, 0.2509803921568627416 ) ;
#5763 = CARTESIAN_POINT ( 'NONE',  ( 0.7252652270577789606, 3.343950853881262564, -23.40312848788135369 ) ) ;
#5764 = CARTESIAN_POINT ( 'NONE',  ( 5.176635946752251805, -3.039895134031321167, -22.67357802299198610 ) ) ;
#5765 = VERTEX_POINT ( 'NONE', #2954 ) ;
#5766 = FILL_AREA_STYLE ('',( #7712 ) ) ;
#5767 = ORIENTED_EDGE ( 'NONE', *, *, #7353, .T. ) ;
#5768 = COLOUR_RGB ( '',0.2509803921568627416, 0.2509803921568627416, 0.2509803921568627416 ) ;
#5769 = CARTESIAN_POINT ( 'NONE',  ( 5.021694169433441601, -3.058176305876201706, -21.47721983866968998 ) ) ;
#5770 =( NAMED_UNIT ( * ) SI_UNIT ( $, .STERADIAN. ) SOLID_ANGLE_UNIT ( ) );
#5771 = CARTESIAN_POINT ( 'NONE',  ( -1.871420061658901401, -4.577485074376072660, -29.60355339059327662 ) ) ;
#5772 = CARTESIAN_POINT ( 'NONE',  ( 1.368268308492971430, 3.047083388042409080, -23.72092335281525166 ) ) ;
#5773 = FACE_OUTER_BOUND ( 'NONE', #1430, .T. ) ;
#5774 = DIRECTION ( 'NONE',  ( 1.000000000000000000, -1.672957273954558210E-16, 0.0000000000000000000 ) ) ;
#5775 = EDGE_CURVE ( 'NONE', #5386, #7184, #5010, .T. ) ;
#5776 = CARTESIAN_POINT ( 'NONE',  ( -2.940584713591645638, 1.598843222598976155, -23.40022947903963413 ) ) ;
#5777 = DIRECTION ( 'NONE',  ( 1.672957273954557963E-16, -1.000000000000000000, 0.0000000000000000000 ) ) ;
#5778 = CARTESIAN_POINT ( 'NONE',  ( -5.470361095769935567, 2.444870413711047075, -4.336808689942019708E-16 ) ) ;
#5779 = CARTESIAN_POINT ( 'NONE',  ( 3.219856694775676598, -0.4874122644155672313, -28.35436310159694528 ) ) ;
#5780 = ORIENTED_EDGE ( 'NONE', *, *, #1854, .F. ) ;
#5781 = CARTESIAN_POINT ( 'NONE',  ( -6.067730761950929086, 2.742094147192014830, -19.14184609560744121 ) ) ;
#5782 = CARTESIAN_POINT ( 'NONE',  ( 6.388584764048934161, -2.447821101742994720, -22.77851459781597399 ) ) ;
#5783 = CARTESIAN_POINT ( 'NONE',  ( -2.877370061222675357, -0.9500000000000009548, -26.75000000000000355 ) ) ;
#5784 = SURFACE_SIDE_STYLE ('',( #854 ) ) ;
#5785 = SURFACE_STYLE_USAGE ( .BOTH. , #706 ) ;
#5786 = EDGE_CURVE ( 'NONE', #7902, #2926, #6564, .T. ) ;
#5787 = CARTESIAN_POINT ( 'NONE',  ( -0.8432035797606474148, -3.231203682311224679, -23.70081789107828385 ) ) ;
#5788 = UNCERTAINTY_MEASURE_WITH_UNIT (LENGTH_MEASURE( 1.000000000000000082E-05 ), #4022, 'distance_accuracy_value', 'NONE');
#5789 = ADVANCED_FACE ( 'NONE', ( #68 ), #8344, .T. ) ;
#5790 = VERTEX_POINT ( 'NONE', #8826 ) ;
#5791 = CARTESIAN_POINT ( 'NONE',  ( -5.800000000000008704, -1.400739683024801341, -2.195509399283146479E-15 ) ) ;
#5792 =( NAMED_UNIT ( * ) SI_UNIT ( $, .STERADIAN. ) SOLID_ANGLE_UNIT ( ) );
#5793 = DIRECTION ( 'NONE',  ( 0.0000000000000000000, 0.0000000000000000000, 1.000000000000000000 ) ) ;
#5794 =( NAMED_UNIT ( * ) SI_UNIT ( $, .STERADIAN. ) SOLID_ANGLE_UNIT ( ) );
#5795 = COLOUR_RGB ( '',0.2509803921568627416, 0.2509803921568627416, 0.2509803921568627416 ) ;
#5796 = CARTESIAN_POINT ( 'NONE',  ( -1.701697374935772444, 3.450082359384046171, -21.26461840833498940 ) ) ;
#5797 =( GEOMETRIC_REPRESENTATION_CONTEXT ( 3 ) GLOBAL_UNCERTAINTY_ASSIGNED_CONTEXT ( ( #6366 ) ) GLOBAL_UNIT_ASSIGNED_CONTEXT ( ( #4296, #6630, #7392 ) ) REPRESENTATION_CONTEXT ( 'NONE', 'WORKASPACE' ) );
#5798 = CARTESIAN_POINT ( 'NONE',  ( 4.906414301514039344, 2.870484094056475310, -19.28878678737226338 ) ) ;
#5799 = SURFACE_STYLE_USAGE ( .BOTH. , #584 ) ;
#5800 = CARTESIAN_POINT ( 'NONE',  ( 5.800000000000007816, 1.400739683024801563, -0.2500000000000038858 ) ) ;
#5801 = ORIENTED_EDGE ( 'NONE', *, *, #5418, .T. ) ;
#5802 = CARTESIAN_POINT ( 'NONE',  ( 1.872388150728024003, -3.309548376258900859, -23.45936070531319828 ) ) ;
#5803 = CARTESIAN_POINT ( 'NONE',  ( 1.334914588164364480, 3.329678907891346018, -23.72946640647247207 ) ) ;
#5804 = COLOUR_RGB ( '',0.2509803921568627416, 0.2509803921568627416, 0.2509803921568627416 ) ;
#5805 = UNCERTAINTY_MEASURE_WITH_UNIT (LENGTH_MEASURE( 1.000000000000000082E-05 ), #1976, 'distance_accuracy_value', 'NONE');
#5806 = PRESENTATION_STYLE_ASSIGNMENT (( #8190 ) ) ;
#5807 = CARTESIAN_POINT ( 'NONE',  ( 0.8267805118660459529, 3.342180960966243841, -23.38822158982547705 ) ) ;
#5808 = ADVANCED_FACE ( 'NONE', ( #3810 ), #9281, .T. ) ;
#5809 = CARTESIAN_POINT ( 'NONE',  ( -1.241898298753294050, -3.097668276133783039, -23.72510330486315056 ) ) ;
#5810 = ORIENTED_EDGE ( 'NONE', *, *, #9079, .F. ) ;
#5811 = VERTEX_POINT ( 'NONE', #5333 ) ;
#5812 = CARTESIAN_POINT ( 'NONE',  ( -0.1865278240658878595, 3.335094239130824256, -23.58004311695399124 ) ) ;
#5813 = DIRECTION ( 'NONE',  ( -1.000000000000000000, 0.0000000000000000000, 0.0000000000000000000 ) ) ;
#5814 = CARTESIAN_POINT ( 'NONE',  ( -3.236742971957816017, 0.7000000000000001776, -25.60380293868480450 ) ) ;
#5815 =( NAMED_UNIT ( * ) PLANE_ANGLE_UNIT ( ) SI_UNIT ( $, .RADIAN. ) );
#5816 = CARTESIAN_POINT ( 'NONE',  ( 2.086161381063577736, 2.605812666454759174, -23.68767298038157421 ) ) ;
#5817 = DIRECTION ( 'NONE',  ( 0.0000000000000000000, 0.0000000000000000000, 1.000000000000000000 ) ) ;
#5818 = CARTESIAN_POINT ( 'NONE',  ( -2.956240889874217181, 1.554994119348839243, -23.62937695252957226 ) ) ;
#5819 = SURFACE_STYLE_USAGE ( .BOTH. , #7203 ) ;
#5820 = CIRCLE ( 'NONE', #6434, 3.313268205427988278 ) ;
#5821 = CARTESIAN_POINT ( 'NONE',  ( 1.589309410256830423E-16, -0.9500000000000000666, -26.50000000000000355 ) ) ;
#5822 = CARTESIAN_POINT ( 'NONE',  ( -6.411180118903905267, -1.559547909548917755, -21.88944095123126488 ) ) ;
#5823 = FILL_AREA_STYLE ('',( #4396 ) ) ;
#5824 = PRESENTATION_LAYER_ASSIGNMENT (  '', '', ( #529 ) ) ;
#5825 = DIRECTION ( 'NONE',  ( -0.9981490824564804853, -0.04290207719878794124, 0.04310244730077192332 ) ) ;
#5826 = ORIENTED_EDGE ( 'NONE', *, *, #7749, .T. ) ;
#5827 = FILL_AREA_STYLE_COLOUR ( '', #1997 ) ;
#5829 = SURFACE_STYLE_USAGE ( .BOTH. , #3476 ) ;
#5828 = AXIS2_PLACEMENT_3D ( 'NONE', #5241, #836, #3865 ) ;
#5830 =( NAMED_UNIT ( * ) PLANE_ANGLE_UNIT ( ) SI_UNIT ( $, .RADIAN. ) );
#5831 = PRESENTATION_STYLE_ASSIGNMENT (( #3559 ) ) ;
#5832 = FILL_AREA_STYLE ('',( #9378 ) ) ;
#5833 =( BOUNDED_SURFACE ( )  B_SPLINE_SURFACE ( 2, 3, ( 
 ( #4043, #8236, #215, #3094 ),
 ( #8186, #7518, #5996, #1010 ),
 ( #3905, #320, #6104, #2480 ) ),
 .UNSPECIFIED., .F., .F., .T. ) 
 B_SPLINE_SURFACE_WITH_KNOTS ( ( 3, 3 ),
 ( 4, 4 ),
 ( 0.0000000000000000000, 1.000000000000000000 ),
 ( 1.449303953827042024, 1.454700834133065168 ),
 .UNSPECIFIED. ) 
 GEOMETRIC_REPRESENTATION_ITEM ( )  RATIONAL_B_SPLINE_SURFACE ( (
 ( 1.000000000000000000, 1.000000000000000000, 1.000000000000000000, 1.000000000000000000),
 ( 1.496835222325188841, 1.495651451177923086, 1.494465885743992306, 1.493278530499288159),
 ( 1.000000000000000000, 1.000000000000000000, 1.000000000000000000, 1.000000000000000000) ) ) 
 REPRESENTATION_ITEM ( '' )  SURFACE ( )  );
#5834 = EDGE_LOOP ( 'NONE', ( #7847, #6871, #6851, #1261 ) ) ;
#5835 = CARTESIAN_POINT ( 'NONE',  ( -3.063751019710967860, -1.029640788730455503, -29.75000000000000000 ) ) ;
#5836 = CARTESIAN_POINT ( 'NONE',  ( 6.308241366452945087, 1.707760186118640888, -23.03642534501855721 ) ) ;
#5837 = ORIENTED_EDGE ( 'NONE', *, *, #1322, .T. ) ;
#5838 = B_SPLINE_CURVE_WITH_KNOTS ( 'NONE', 3,
 ( #7252, #6535, #7336, #2965 ),
 .UNSPECIFIED., .F., .F.,
 ( 4, 4 ),
 ( 0.0000000000000000000, 0.9999988505065944278 ),
 .UNSPECIFIED. ) ;
#5839 = ADVANCED_FACE ( 'NONE', ( #2292 ), #2392, .F. ) ;
#5840 = EDGE_CURVE ( 'NONE', #5431, #9250, #1369, .T. ) ;
#5841 = VECTOR ( 'NONE', #386, 1000.000000000000000 ) ;
#5842 = CARTESIAN_POINT ( 'NONE',  ( -5.601860002609924116, -2.655010883280756406, -0.2500000000000052180 ) ) ;
#5843 = CARTESIAN_POINT ( 'NONE',  ( -1.279002806387931290, -3.206160996100413385, -23.51942546254711175 ) ) ;
#5844 =( NAMED_UNIT ( * ) SI_UNIT ( $, .STERADIAN. ) SOLID_ANGLE_UNIT ( ) );
#5845 = VERTEX_POINT ( 'NONE', #4761 ) ;
#5846 = CARTESIAN_POINT ( 'NONE',  ( 2.826775610078679613, -0.9499999999999995115, -29.75000000000000355 ) ) ;
#5847 = CARTESIAN_POINT ( 'NONE',  ( -3.023593509155264147, -0.6999999999999995115, -25.53360123883778243 ) ) ;
#5848 = COLOUR_RGB ( '',0.2509803921568627416, 0.2509803921568627416, 0.2509803921568627416 ) ;
#5849 = CARTESIAN_POINT ( 'NONE',  ( 6.336395971950138595, -1.568269229645733676, -21.29116777560112794 ) ) ;
#5850 = CARTESIAN_POINT ( 'NONE',  ( 1.726669220989236475, -4.223425167547119941, -29.50000000000000355 ) ) ;
#5851 = PRESENTATION_STYLE_ASSIGNMENT (( #5281 ) ) ;
#5852 = UNCERTAINTY_MEASURE_WITH_UNIT (LENGTH_MEASURE( 1.000000000000000082E-05 ), #4178, 'distance_accuracy_value', 'NONE');
#5853 = CARTESIAN_POINT ( 'NONE',  ( -2.912274948409522501, 0.9499999999999996225, -25.35000000000000497 ) ) ;
#5854 = MANIFOLD_SOLID_BREP ( 'Fillet11', #3974 ) ;
#5855 = B_SPLINE_CURVE_WITH_KNOTS ( 'NONE', 3,
 ( #4517, #962, #2202, #8823 ),
 .UNSPECIFIED., .F., .F.,
 ( 4, 4 ),
 ( 0.0000000000000000000, 1.000000000000000000 ),
 .UNSPECIFIED. ) ;
#5856 = ORIENTED_EDGE ( 'NONE', *, *, #7749, .F. ) ;
#5857 = CARTESIAN_POINT ( 'NONE',  ( -3.212172666898297724, -0.5638697285905496237, -28.09034372983358807 ) ) ;
#5858 = ORIENTED_EDGE ( 'NONE', *, *, #7405, .F. ) ;
#5859 = CARTESIAN_POINT ( 'NONE',  ( 0.1216698244008599800, 3.337842226141374713, -23.57243026503858729 ) ) ;
#5860 = DIRECTION ( 'NONE',  ( 1.672957273954558210E-16, -1.000000000000000000, 0.0000000000000000000 ) ) ;
#5861 = CARTESIAN_POINT ( 'NONE',  ( -0.2083022828051461495, 3.342368676618161949, -23.52481286393737037 ) ) ;
#5862 = CARTESIAN_POINT ( 'NONE',  ( 6.144306646161053820, 2.731094615806323844, -19.75445316928952622 ) ) ;
#5863 = EDGE_CURVE ( 'NONE', #6145, #7409, #5634, .T. ) ;
#5864 = CARTESIAN_POINT ( 'NONE',  ( -2.778162299673822666, 1.851865053653436899, -23.64279070790367498 ) ) ;
#5865 = DIRECTION ( 'NONE',  ( 0.0000000000000000000, 0.0000000000000000000, -1.000000000000000000 ) ) ;
#5866 = CARTESIAN_POINT ( 'NONE',  ( 1.931712908894738456, -0.8252889325712411406, -25.37362843757425424 ) ) ;
#5867 = FACE_BOUND ( 'NONE', #2002, .T. ) ;
#5868 = CARTESIAN_POINT ( 'NONE',  ( 6.514742291895105453, 1.884655597402046689, -22.75909743391846618 ) ) ;
#5869 = DIRECTION ( 'NONE',  ( -0.3185631549218144731, 0.9479016385291566538, -6.718958921397927810E-16 ) ) ;
#5870 = CARTESIAN_POINT ( 'NONE',  ( 5.210627282545771344, -3.035722774306528038, -22.93606777099251914 ) ) ;
#5871 = EDGE_LOOP ( 'NONE', ( #4886, #19, #45, #1306 ) ) ;
#5872 = AXIS2_PLACEMENT_3D ( 'NONE', #5307, #8119, #8897 ) ;
#5873 = FACE_OUTER_BOUND ( 'NONE', #3676, .T. ) ;
#5874 = CARTESIAN_POINT ( 'NONE',  ( 2.993209939743668002, 0.7282289282610603376, -26.63276822136464972 ) ) ;
#5875 = CARTESIAN_POINT ( 'NONE',  ( 3.257876132631770894, -0.4869552922275499074, -26.20436256091401006 ) ) ;
#5876 = FILL_AREA_STYLE_COLOUR ( '', #8325 ) ;
#5877 = CARTESIAN_POINT ( 'NONE',  ( 1.979898987322333603, 0.6999999999999997335, -28.35000000000000497 ) ) ;
#5878 = UNCERTAINTY_MEASURE_WITH_UNIT (LENGTH_MEASURE( 1.000000000000000082E-05 ), #5538, 'distance_accuracy_value', 'NONE');
#5879 = VERTEX_POINT ( 'NONE', #4714 ) ;
#5880 =( LENGTH_UNIT ( ) NAMED_UNIT ( * ) SI_UNIT ( .MILLI., .METRE. ) );
#5881 = CARTESIAN_POINT ( 'NONE',  ( 2.925000000000000266, 6.740375306945725563E-16, 6.599999999999999645 ) ) ;
#5882 = ORIENTED_EDGE ( 'NONE', *, *, #3628, .T. ) ;
#5883 = SURFACE_STYLE_USAGE ( .BOTH. , #7850 ) ;
#5884 = MANIFOLD_SOLID_BREP ( 'Boss-Extrude4', #3224 ) ;
#5885 = MECHANICAL_DESIGN_GEOMETRIC_PRESENTATION_REPRESENTATION (  '', ( #5448 ), #4210 ) ;
#5886 =( LENGTH_UNIT ( ) NAMED_UNIT ( * ) SI_UNIT ( .MILLI., .METRE. ) );
#5887 = CARTESIAN_POINT ( 'NONE',  ( -5.053561957192715504, -2.849235491132516174, -0.2499999999999807654 ) ) ;
#5888 = B_SPLINE_CURVE_WITH_KNOTS ( 'NONE', 3,
 ( #3462, #4166, #7870, #6537, #1407, #7818, #9277, #6451, #4973, #2791, #5778, #1366, #1321, #9371, #5690, #4295 ),
 .UNSPECIFIED., .F., .F.,
 ( 4, 2, 2, 2, 2, 2, 2, 4 ),
 ( 0.0000000000000000000, 0.2500000000000000000, 0.3750000000000000000, 0.4375000000000000000, 0.5000000000000000000, 0.6249999999999998890, 0.7500000000000000000, 1.000000000000000000 ),
 .UNSPECIFIED. ) ;
#5889 = SURFACE_STYLE_FILL_AREA ( #2986 ) ;
#5890 = DIRECTION ( 'NONE',  ( -0.0000000000000000000, -0.0000000000000000000, -1.000000000000000000 ) ) ;
#5891 = VERTEX_POINT ( 'NONE', #7740 ) ;
#5892 = EDGE_CURVE ( 'NONE', #7002, #1777, #1641, .T. ) ;
#5893 = CARTESIAN_POINT ( 'NONE',  ( -3.247780769372678566, 0.5034356824702956867, -26.64222484067299135 ) ) ;
#5894 = FACE_OUTER_BOUND ( 'NONE', #8734, .T. ) ;
#5895 = CIRCLE ( 'NONE', #1808, 0.2500000000000002220 ) ;
#5896 = SURFACE_STYLE_FILL_AREA ( #5228 ) ;
#5897 = CARTESIAN_POINT ( 'NONE',  ( -6.176657885172803120, 2.363010370377699232, -20.89389353721008646 ) ) ;
#5898 = CARTESIAN_POINT ( 'NONE',  ( -1.979898987322333603, -0.6999999999999997335, -25.60000000000000497 ) ) ;
#5899 = CARTESIAN_POINT ( 'NONE',  ( -6.272448303477720977, -1.432916833139760149, -20.77958642782179055 ) ) ;
#5900 =( LENGTH_UNIT ( ) NAMED_UNIT ( * ) SI_UNIT ( .MILLI., .METRE. ) );
#5901 = SURFACE_STYLE_USAGE ( .BOTH. , #776 ) ;
#5902 = ORIENTED_EDGE ( 'NONE', *, *, #8847, .T. ) ;
#5903 = EDGE_CURVE ( 'NONE', #9164, #5201, #6744, .T. ) ;
#5904 = ADVANCED_FACE ( 'NONE', ( #1864 ), #876, .T. ) ;
#5905 = CARTESIAN_POINT ( 'NONE',  ( -6.278433159791006801, -2.034904376356877709, -23.04081954398695586 ) ) ;
#5906 = ORIENTED_EDGE ( 'NONE', *, *, #2766, .F. ) ;
#5907 =( NAMED_UNIT ( * ) PLANE_ANGLE_UNIT ( ) SI_UNIT ( $, .RADIAN. ) );
#5908 = VECTOR ( 'NONE', #5956, 1000.000000000000000 ) ;
#5909 = CARTESIAN_POINT ( 'NONE',  ( 0.1092803247577440878, 3.349989627355019817, -23.49561425358900379 ) ) ;
#5910 =( LENGTH_UNIT ( ) NAMED_UNIT ( * ) SI_UNIT ( .MILLI., .METRE. ) );
#5911 = UNCERTAINTY_MEASURE_WITH_UNIT (LENGTH_MEASURE( 1.000000000000000082E-05 ), #877, 'distance_accuracy_value', 'NONE');
#5912 = DIRECTION ( 'NONE',  ( -0.0000000000000000000, -0.0000000000000000000, -1.000000000000000000 ) ) ;
#5913 = ORIENTED_EDGE ( 'NONE', *, *, #5663, .T. ) ;
#5914 =( BOUNDED_CURVE ( )  B_SPLINE_CURVE ( 3, ( #84, #3017, #3780, #8760 ),
 .UNSPECIFIED., .F., .T. ) 
 B_SPLINE_CURVE_WITH_KNOTS ( ( 4, 4 ),
 ( 0.0000000000000000000, 1.000000000000000000 ),
 .UNSPECIFIED. ) 
 CURVE ( )  GEOMETRIC_REPRESENTATION_ITEM ( )  RATIONAL_B_SPLINE_CURVE ( ( 1.000000000000000000, 0.5400816226341058623, 0.5400816226341058623, 1.000000000000000000 ) ) 
 REPRESENTATION_ITEM ( '' )  );
#5915 =( LENGTH_UNIT ( ) NAMED_UNIT ( * ) SI_UNIT ( .MILLI., .METRE. ) );
#5916 = PRESENTATION_STYLE_ASSIGNMENT (( #7342 ) ) ;
#5917 = ORIENTED_EDGE ( 'NONE', *, *, #1435, .T. ) ;
#5918 = CARTESIAN_POINT ( 'NONE',  ( -1.647584942758935966, -3.319210785163885902, -23.21924558605314814 ) ) ;
#5919 = CARTESIAN_POINT ( 'NONE',  ( 1.979898987322333603, 0.9499999999999997335, -26.75000000000000355 ) ) ;
#5920 = CARTESIAN_POINT ( 'NONE',  ( 3.268484528816384849, -0.4868243463146502137, -25.60436310160104156 ) ) ;
#5921 = CARTESIAN_POINT ( 'NONE',  ( 6.226830715045818643, -1.379626407260558851, -20.41464572036657188 ) ) ;
#5922 = CARTESIAN_POINT ( 'NONE',  ( 5.762041103093698879, -2.680179040723738915, -23.11364608708923996 ) ) ;
#5923 =( GEOMETRIC_REPRESENTATION_CONTEXT ( 3 ) GLOBAL_UNCERTAINTY_ASSIGNED_CONTEXT ( ( #2114 ) ) GLOBAL_UNIT_ASSIGNED_CONTEXT ( ( #5357, #4643, #2694 ) ) REPRESENTATION_CONTEXT ( 'NONE', 'WORKASPACE' ) );
#5924 = FILL_AREA_STYLE ('',( #2719 ) ) ;
#5925 = PRESENTATION_LAYER_ASSIGNMENT (  '', '', ( #623 ) ) ;
#5926 = VERTEX_POINT ( 'NONE', #8685 ) ;
#5927 = CARTESIAN_POINT ( 'NONE',  ( -2.952181357953446827, 0.8217608070699410350, -26.72437264523265199 ) ) ;
#5928 = ORIENTED_EDGE ( 'NONE', *, *, #8680, .T. ) ;
#5929 = FILL_AREA_STYLE_COLOUR ( '', #3670 ) ;
#5930 = AXIS2_PLACEMENT_3D ( 'NONE', #2180, #7262, #2227 ) ;
#5931 = SURFACE_SIDE_STYLE ('',( #7224 ) ) ;
#5932 = CARTESIAN_POINT ( 'NONE',  ( 3.149912906151219882, -1.027518800200476035, -25.10436310160695328 ) ) ;
#5933 =( NAMED_UNIT ( * ) SI_UNIT ( $, .STERADIAN. ) SOLID_ANGLE_UNIT ( ) );
#5934 = FILL_AREA_STYLE_COLOUR ( '', #8172 ) ;
#5935 = EDGE_LOOP ( 'NONE', ( #6550, #7327, #5747, #5494 ) ) ;
#5936 = CARTESIAN_POINT ( 'NONE',  ( -3.114729576739863504, 1.028367236380262728, -27.00436310158911724 ) ) ;
#5937 = MECHANICAL_DESIGN_GEOMETRIC_PRESENTATION_REPRESENTATION (  '', ( #30 ), #193 ) ;
#5938 = CARTESIAN_POINT ( 'NONE',  ( 6.228359160040886522, 2.255307822860725064, -23.04815581202436192 ) ) ;
#5939 = MECHANICAL_DESIGN_GEOMETRIC_PRESENTATION_REPRESENTATION (  '', ( #7018 ), #8965 ) ;
#5940 = CARTESIAN_POINT ( 'NONE',  ( 2.811266093119761944, -1.801520787446548200, -23.64033559363802794 ) ) ;
#5941 = PRESENTATION_STYLE_ASSIGNMENT (( #3855 ) ) ;
#5942 = CARTESIAN_POINT ( 'NONE',  ( -4.723190629520964912, 2.890740483775009029, -19.16547007790489587 ) ) ;
#5943 = ADVANCED_FACE ( 'NONE', ( #8602 ), #2813, .T. ) ;
#5944 = AXIS2_PLACEMENT_3D ( 'NONE', #8015, #7209, #9373 ) ;
#5945 = CARTESIAN_POINT ( 'NONE',  ( 1.832592551987903384, -2.814194854754673791, -23.46204307076610363 ) ) ;
#5946 = ORIENTED_EDGE ( 'NONE', *, *, #6323, .F. ) ;
#5947 = CARTESIAN_POINT ( 'NONE',  ( -5.657544628610915893, -2.708532167586352291, -23.12752530004261686 ) ) ;
#5948 = ORIENTED_EDGE ( 'NONE', *, *, #406, .F. ) ;
#5949 = CARTESIAN_POINT ( 'NONE',  ( 0.1641278996656634903, 3.335879920907311558, -23.57787492791125317 ) ) ;
#5950 = CARTESIAN_POINT ( 'NONE',  ( 4.713855710941726507, 2.891763259629740901, -3.089976191583691187E-15 ) ) ;
#5951 = PRESENTATION_LAYER_ASSIGNMENT (  '', '', ( #6562 ) ) ;
#5952 = FILL_AREA_STYLE_COLOUR ( '', #2648 ) ;
#5953 = CARTESIAN_POINT ( 'NONE',  ( 0.5312846556719534874, 3.322800249592278377, -23.53887209609707654 ) ) ;
#5954 = SURFACE_STYLE_FILL_AREA ( #7480 ) ;
#5955 = B_SPLINE_CURVE_WITH_KNOTS ( 'NONE', 3,
 ( #8561, #9254, #2150, #9351, #7794, #4184, #7096, #6381, #5047, #1956, #2769, #9163, #5713, #3484, #2675, #675 ),
 .UNSPECIFIED., .F., .F.,
 ( 4, 2, 2, 2, 2, 2, 2, 4 ),
 ( 0.0000000000000000000, 0.2500000000000004441, 0.3750000000000009992, 0.5000000000000015543, 0.5625000000000015543, 0.6250000000000015543, 0.7500000000000013323, 1.000000000000000000 ),
 .UNSPECIFIED. ) ;
#5956 = DIRECTION ( 'NONE',  ( 0.0000000000000000000, 0.0000000000000000000, 1.000000000000000000 ) ) ;
#5957 = EDGE_CURVE ( 'NONE', #1957, #699, #17, .T. ) ;
#5958 = ADVANCED_FACE ( 'NONE', ( #2428 ), #8631, .T. ) ;
#5959 = PRESENTATION_STYLE_ASSIGNMENT (( #3066 ) ) ;
#5960 = CARTESIAN_POINT ( 'NONE',  ( -1.238763046338850593, -3.101869119457040469, -23.56856082005693764 ) ) ;
#5961 = ORIENTED_EDGE ( 'NONE', *, *, #7076, .F. ) ;
#5962 = DIRECTION ( 'NONE',  ( 0.9698885295564128040, 0.02753297007859879450, -0.2419879662164013123 ) ) ;
#5963 = DIRECTION ( 'NONE',  ( -1.672957273954558210E-16, -1.000000000000000000, 0.0000000000000000000 ) ) ;
#5964 = FILL_AREA_STYLE_COLOUR ( '', #8678 ) ;
#5965 =( LENGTH_UNIT ( ) NAMED_UNIT ( * ) SI_UNIT ( .MILLI., .METRE. ) );
#5966 = ORIENTED_EDGE ( 'NONE', *, *, #1142, .F. ) ;
#5967 = STYLED_ITEM ( 'NONE', ( #6060 ), #1107 ) ;
#5968 = FILL_AREA_STYLE_COLOUR ( '', #986 ) ;
#5969 = CIRCLE ( 'NONE', #3850, 3.313268205427988278 ) ;
#5970 =( BOUNDED_CURVE ( )  B_SPLINE_CURVE ( 3, ( #1605, #6789, #6842, #3234 ),
 .UNSPECIFIED., .F., .T. ) 
 B_SPLINE_CURVE_WITH_KNOTS ( ( 4, 4 ),
 ( 0.0000000000000000000, 1.000000000000000000 ),
 .UNSPECIFIED. ) 
 CURVE ( )  GEOMETRIC_REPRESENTATION_ITEM ( )  RATIONAL_B_SPLINE_CURVE ( ( 1.000000000000000000, 0.5433729028597460431, 0.5433729028597460431, 1.000000000000000000 ) ) 
 REPRESENTATION_ITEM ( '' )  );
#5971 = CARTESIAN_POINT ( 'NONE',  ( -4.741856460906222814, -2.888676873037204107, -19.30960607446508703 ) ) ;
#5972 =( NAMED_UNIT ( * ) PLANE_ANGLE_UNIT ( ) SI_UNIT ( $, .RADIAN. ) );
#5973 = CARTESIAN_POINT ( 'NONE',  ( -2.925000000000000711, 1.224999999999998757, 6.599999999999999645 ) ) ;
#5974 = CARTESIAN_POINT ( 'NONE',  ( 2.969861802739627521, 0.7281556850839852046, -28.21739708335849883 ) ) ;
#5975 = UNCERTAINTY_MEASURE_WITH_UNIT (LENGTH_MEASURE( 1.000000000000000082E-05 ), #6730, 'distance_accuracy_value', 'NONE');
#5976 = MECHANICAL_DESIGN_GEOMETRIC_PRESENTATION_REPRESENTATION (  '', ( #1277 ), #4613 ) ;
#5977 = FILL_AREA_STYLE_COLOUR ( '', #5848 ) ;
#5978 = CARTESIAN_POINT ( 'NONE',  ( 1.828039093503112111, 2.817649997933081796, -23.46225585819161807 ) ) ;
#5979 = VERTEX_POINT ( 'NONE', #8132 ) ;
#5980 = FILL_AREA_STYLE ('',( #7623 ) ) ;
#5981 =( NAMED_UNIT ( * ) PLANE_ANGLE_UNIT ( ) SI_UNIT ( $, .RADIAN. ) );
#5982 = COLOUR_RGB ( '',0.2509803921568627416, 0.2509803921568627416, 0.2509803921568627416 ) ;
#5983 = ORIENTED_EDGE ( 'NONE', *, *, #614, .F. ) ;
#5984 = CARTESIAN_POINT ( 'NONE',  ( 6.279948523474653932, -2.024626993734968572, -23.04059666859383526 ) ) ;
#5985 = COLOUR_RGB ( '',0.2509803921568627416, 0.2509803921568627416, 0.2509803921568627416 ) ;
#5986 = CARTESIAN_POINT ( 'NONE',  ( 2.826775610078679613, 0.9499999999999989564, -29.50000000000000355 ) ) ;
#5987 =( NAMED_UNIT ( * ) SI_UNIT ( $, .STERADIAN. ) SOLID_ANGLE_UNIT ( ) );
#5988 = FACE_OUTER_BOUND ( 'NONE', #4094, .T. ) ;
#5989 = CARTESIAN_POINT ( 'NONE',  ( -1.241898298751661578, 3.097668276134441179, -23.72510330486320029 ) ) ;
#5990 =( LENGTH_UNIT ( ) NAMED_UNIT ( * ) SI_UNIT ( .MILLI., .METRE. ) );
#5991 = DIRECTION ( 'NONE',  ( 1.000000000000000000, -0.0000000000000000000, 1.369518533665900312E-16 ) ) ;
#5992 = VERTEX_POINT ( 'NONE', #4556 ) ;
#5993 = FACE_OUTER_BOUND ( 'NONE', #85, .T. ) ;
#5994 = CARTESIAN_POINT ( 'NONE',  ( 5.568036547868679520, 2.730096727345800556, -23.13929202632015247 ) ) ;
#5995 = CARTESIAN_POINT ( 'NONE',  ( 1.843842862871750921, -2.801016041618548780, -23.70205263685310015 ) ) ;
#5996 = CARTESIAN_POINT ( 'NONE',  ( -6.413551386278269817, 2.893458392264652179, -21.90841109022827737 ) ) ;
#5997 =( GEOMETRIC_REPRESENTATION_CONTEXT ( 3 ) GLOBAL_UNCERTAINTY_ASSIGNED_CONTEXT ( ( #3397 ) ) GLOBAL_UNIT_ASSIGNED_CONTEXT ( ( #6083, #6180, #4692 ) ) REPRESENTATION_CONTEXT ( 'NONE', 'WORKASPACE' ) );
#5998 = DIRECTION ( 'NONE',  ( -1.000000000000000000, -1.672957273954558210E-16, -0.0000000000000000000 ) ) ;
#5999 = CARTESIAN_POINT ( 'NONE',  ( -2.861741315536927566, 0.9499999999999972911, -27.85000000000000497 ) ) ;
#6000 = CYLINDRICAL_SURFACE ( 'NONE', #3728, 43.35249999999994941 ) ;
#6001 = FACE_OUTER_BOUND ( 'NONE', #6802, .T. ) ;
#6002 = STYLED_ITEM ( 'NONE', ( #7553 ), #2768 ) ;
#6003 = ORIENTED_EDGE ( 'NONE', *, *, #6959, .F. ) ;
#6004 = CARTESIAN_POINT ( 'NONE',  ( -6.308239556175614382, -1.546474879900061605, -23.03642561252743093 ) ) ;
#6005 = VERTEX_POINT ( 'NONE', #813 ) ;
#6006 = CARTESIAN_POINT ( 'NONE',  ( 0.6368857046716323023, 3.277060713592957697, -23.66600572607623931 ) ) ;
#6007 = SURFACE_STYLE_USAGE ( .BOTH. , #4010 ) ;
#6008 = CARTESIAN_POINT ( 'NONE',  ( 3.005366330439399380, -0.6999999999999995115, -26.50000000241255549 ) ) ;
#6009 = CARTESIAN_POINT ( 'NONE',  ( 0.8250632386247291894, 3.342629866683192841, -23.39041969259066889 ) ) ;
#6010 = SURFACE_SIDE_STYLE ('',( #8103 ) ) ;
#6011 =( GEOMETRIC_REPRESENTATION_CONTEXT ( 3 ) GLOBAL_UNCERTAINTY_ASSIGNED_CONTEXT ( ( #9168 ) ) GLOBAL_UNIT_ASSIGNED_CONTEXT ( ( #1774, #8419, #6053 ) ) REPRESENTATION_CONTEXT ( 'NONE', 'WORKASPACE' ) );
#6012 = CARTESIAN_POINT ( 'NONE',  ( 1.334914588183482742, -3.329678907883665051, -23.72946640647279537 ) ) ;
#6013 = UNCERTAINTY_MEASURE_WITH_UNIT (LENGTH_MEASURE( 1.000000000000000082E-05 ), #769, 'distance_accuracy_value', 'NONE');
#6014 = SURFACE_SIDE_STYLE ('',( #5197 ) ) ;
#6015 = CARTESIAN_POINT ( 'NONE',  ( -0.7756648503594034683, -3.301705394309816910, -23.53726130373676995 ) ) ;
#6016 = ORIENTED_EDGE ( 'NONE', *, *, #44, .F. ) ;
#6017 = DIRECTION ( 'NONE',  ( 1.000000000000000000, -1.672957273954558210E-16, 0.0000000000000000000 ) ) ;
#6018 = AXIS2_PLACEMENT_3D ( 'NONE', #3197, #6151, #2525 ) ;
#6019 = MECHANICAL_DESIGN_GEOMETRIC_PRESENTATION_REPRESENTATION (  '', ( #3141 ), #8311 ) ;
#6020 =( NAMED_UNIT ( * ) PLANE_ANGLE_UNIT ( ) SI_UNIT ( $, .RADIAN. ) );
#6021 = ADVANCED_FACE ( 'NONE', ( #8085 ), #3034, .T. ) ;
#6022 = EDGE_CURVE ( 'NONE', #4318, #948, #2436, .T. ) ;
#6023 = ORIENTED_EDGE ( 'NONE', *, *, #1041, .T. ) ;
#6024 = CARTESIAN_POINT ( 'NONE',  ( -3.222871230565673262, -0.7671439111299593883, -25.16191728280740847 ) ) ;
#6025 = CARTESIAN_POINT ( 'NONE',  ( 3.220991870142491553, 0.4881295628579330192, -28.28391089569865358 ) ) ;
#6026 = PRESENTATION_LAYER_ASSIGNMENT (  '', '', ( #711 ) ) ;
#6027 =( LENGTH_UNIT ( ) NAMED_UNIT ( * ) SI_UNIT ( .MILLI., .METRE. ) );
#6028 = CARTESIAN_POINT ( 'NONE',  ( 3.215852417007565744, -0.5530006348659771698, -28.08118346417077049 ) ) ;
#6029 = CARTESIAN_POINT ( 'NONE',  ( -4.150000000000000355, -4.238084680662899344E-17, 6.599999999999999645 ) ) ;
#6030 = CARTESIAN_POINT ( 'NONE',  ( 5.323474230051513878, -2.514629991934182573, -3.144186300207954970E-15 ) ) ;
#6031 = FACE_OUTER_BOUND ( 'NONE', #8789, .T. ) ;
#6032 = CARTESIAN_POINT ( 'NONE',  ( 3.339755820380624574, 0.3324169285872231594, -23.59693255374446963 ) ) ;
#6033 = ORIENTED_EDGE ( 'NONE', *, *, #4564, .F. ) ;
#6034 = ADVANCED_FACE ( 'NONE', ( #1234 ), #6636, .T. ) ;
#6035 = CARTESIAN_POINT ( 'NONE',  ( -2.993209939743694203, -0.7282289282608646053, -26.63276822136446498 ) ) ;
#6036 = CARTESIAN_POINT ( 'NONE',  ( 2.877370061222676689, -0.9499999999999991784, -26.75000000000000000 ) ) ;
#6037 = MECHANICAL_DESIGN_GEOMETRIC_PRESENTATION_REPRESENTATION (  '', ( #431 ), #6492 ) ;
#6038 = VERTEX_POINT ( 'NONE', #5429 ) ;
#6039 = FILL_AREA_STYLE_COLOUR ( '', #3980 ) ;
#6040 =( BOUNDED_SURFACE ( )  B_SPLINE_SURFACE ( 3, 2, ( 
 ( #4968, #3543, #6532 ),
 ( #6445, #5112, #2873 ),
 ( #1497, #4238, #7248 ),
 ( #6486, #5729, #9316 ),
 ( #2123, #8575, #737 ),
 ( #7958, #4285, #7152 ) ),
 .UNSPECIFIED., .F., .F., .F. ) 
 B_SPLINE_SURFACE_WITH_KNOTS ( ( 4, 2, 4 ),
 ( 3, 3 ),
 ( 8.798300629719868482E-17, 0.0003973486710695078557, 0.0007946973421389277826 ),
 ( 0.0000000000000000000, 1.000000000000000000 ),
 .UNSPECIFIED. ) 
 GEOMETRIC_REPRESENTATION_ITEM ( )  RATIONAL_B_SPLINE_SURFACE ( (
 ( 1.000000000000000000, 0.7576472942965198909, 1.000000000000000000),
 ( 1.000000000000000000, 0.7557558200241714097, 1.000000000000000000),
 ( 1.000000000000000000, 0.7565154110692492440, 1.000000000000000000),
 ( 1.000000000000000000, 0.7441580577856047318, 1.000000000000000000),
 ( 1.000000000000000000, 0.7298381231939021774, 1.000000000000000000),
 ( 1.000000000000000000, 0.7009092642998543399, 1.000000000000000000) ) ) 
 REPRESENTATION_ITEM ( '' )  SURFACE ( )  );
#6041 = CARTESIAN_POINT ( 'NONE',  ( 6.047587865453575517, -2.535772502180645205, -23.07414314869335925 ) ) ;
#6042 = CARTESIAN_POINT ( 'NONE',  ( 3.114765733250401070, -1.028379173908029687, -27.00145445950397161 ) ) ;
#6043 = CARTESIAN_POINT ( 'NONE',  ( -1.542667440481480634, 2.982553443487726774, -23.47364037240095413 ) ) ;
#6044 = SURFACE_STYLE_USAGE ( .BOTH. , #8962 ) ;
#6045 = CARTESIAN_POINT ( 'NONE',  ( 3.021249962336046035, -0.4499999999999984568, -25.59999999999999432 ) ) ;
#6046 = VERTEX_POINT ( 'NONE', #444 ) ;
#6047 = CARTESIAN_POINT ( 'NONE',  ( 5.021739545883078470, 3.058171014082662786, -21.47721924185215414 ) ) ;
#6048 = CARTESIAN_POINT ( 'NONE',  ( 6.278642248291984806, 2.033509010916056514, -23.04078879507489930 ) ) ;
#6049 = CARTESIAN_POINT ( 'NONE',  ( 6.050000000000005151, 2.744927974232791890, -18.87548450340290174 ) ) ;
#6050 = CARTESIAN_POINT ( 'NONE',  ( -6.031073602332219785, 2.822054532220919398, -22.82943181756254347 ) ) ;
#6051 =( GEOMETRIC_REPRESENTATION_CONTEXT ( 3 ) GLOBAL_UNCERTAINTY_ASSIGNED_CONTEXT ( ( #8302 ) ) GLOBAL_UNIT_ASSIGNED_CONTEXT ( ( #1676, #7524, #7741 ) ) REPRESENTATION_CONTEXT ( 'NONE', 'WORKASPACE' ) );
#6052 = SURFACE_STYLE_FILL_AREA ( #3907 ) ;
#6053 =( NAMED_UNIT ( * ) SI_UNIT ( $, .STERADIAN. ) SOLID_ANGLE_UNIT ( ) );
#6054 = FILL_AREA_STYLE_COLOUR ( '', #3028 ) ;
#6055 = MECHANICAL_DESIGN_GEOMETRIC_PRESENTATION_REPRESENTATION (  '', ( #739 ), #6051 ) ;
#6056 = ORIENTED_EDGE ( 'NONE', *, *, #5775, .T. ) ;
#6057 = CARTESIAN_POINT ( 'NONE',  ( -5.650899417856575901, -2.275392127202762182, -4.445228907190568179E-15 ) ) ;
#6058 = CARTESIAN_POINT ( 'NONE',  ( -6.100379068211684519, -2.484488823875345087, -23.06662537381766853 ) ) ;
#6059 = ORIENTED_EDGE ( 'NONE', *, *, #2324, .F. ) ;
#6060 = PRESENTATION_STYLE_ASSIGNMENT (( #1827 ) ) ;
#6061 = CARTESIAN_POINT ( 'NONE',  ( 5.321566977400974174, 2.778489279010752266, -1.201207382158668925E-14 ) ) ;
#6062 = CARTESIAN_POINT ( 'NONE',  ( 2.985061900149931002, 3.261723841893906517, -23.16182316672192343 ) ) ;
#6063 = CARTESIAN_POINT ( 'NONE',  ( -0.8401510501186223445, 3.342391600544708297, -23.47690036844505812 ) ) ;
#6064 = PLANE ( 'NONE',  #9179 ) ;
#6065 = CARTESIAN_POINT ( 'NONE',  ( -3.063751019710968304, 1.029640788730453282, -29.75000000000000355 ) ) ;
#6066 = SURFACE_STYLE_FILL_AREA ( #2348 ) ;
#6067 =( NAMED_UNIT ( * ) PLANE_ANGLE_UNIT ( ) SI_UNIT ( $, .RADIAN. ) );
#6068 = LINE ( 'NONE', #8936, #2244 ) ;
#6069 = ORIENTED_EDGE ( 'NONE', *, *, #2075, .F. ) ;
#6070 = CARTESIAN_POINT ( 'NONE',  ( 6.372064735842349670, -1.546469240435542902, -23.02699402067367274 ) ) ;
#6071 = CARTESIAN_POINT ( 'NONE',  ( 5.800000000000006928, 1.400739683024801341, -2.222614453595284090E-15 ) ) ;
#6072 = SURFACE_SIDE_STYLE ('',( #5298 ) ) ;
#6073 = AXIS2_PLACEMENT_3D ( 'NONE', #497, #548, #3389 ) ;
#6074 = CARTESIAN_POINT ( 'NONE',  ( 3.257876776420128184, 0.4869509282578722842, -26.20436310699447802 ) ) ;
#6075 = CARTESIAN_POINT ( 'NONE',  ( 6.544803212074865151, 1.884250867698556986, -23.00150739878097639 ) ) ;
#6076 = ORIENTED_EDGE ( 'NONE', *, *, #7990, .F. ) ;
#6077 = CARTESIAN_POINT ( 'NONE',  ( -3.171863597782672350, -0.9602267488909296267, -25.10438179247741175 ) ) ;
#6078 = CARTESIAN_POINT ( 'NONE',  ( 3.186320420940559117, 0.7081756905209553032, -27.94632076702045964 ) ) ;
#6079 = PRESENTATION_LAYER_ASSIGNMENT (  '', '', ( #7581 ) ) ;
#6080 = EDGE_CURVE ( 'NONE', #5790, #5179, #3376, .T. ) ;
#6081 = DIRECTION ( 'NONE',  ( -1.112002228190261445E-16, 1.000000000000000000, 0.0000000000000000000 ) ) ;
#6082 = PRESENTATION_STYLE_ASSIGNMENT (( #3179 ) ) ;
#6083 =( LENGTH_UNIT ( ) NAMED_UNIT ( * ) SI_UNIT ( .MILLI., .METRE. ) );
#6084 = DIRECTION ( 'NONE',  ( -0.3101224339511588490, 0.9506966266692067347, -0.0000000000000000000 ) ) ;
#6085 = CARTESIAN_POINT ( 'NONE',  ( 5.529536387537900666, -2.743659588026529761, -23.14454351766468321 ) ) ;
#6086 = DIRECTION ( 'NONE',  ( 0.0000000000000000000, 0.0000000000000000000, -1.000000000000000000 ) ) ;
#6087 = UNCERTAINTY_MEASURE_WITH_UNIT (LENGTH_MEASURE( 1.000000000000000082E-05 ), #648, 'distance_accuracy_value', 'NONE');
#6088 = CARTESIAN_POINT ( 'NONE',  ( 3.145505456130310851, -1.145083991148696967, -23.38576939337895766 ) ) ;
#6089 = ORIENTED_EDGE ( 'NONE', *, *, #4261, .F. ) ;
#6090 = CARTESIAN_POINT ( 'NONE',  ( -3.005366147842591928, -0.6999999999999995115, -26.49999999919005944 ) ) ;
#6091 = SURFACE_STYLE_FILL_AREA ( #7557 ) ;
#6092 = PRESENTATION_LAYER_ASSIGNMENT (  '', '', ( #166 ) ) ;
#6093 = VERTEX_POINT ( 'NONE', #4705 ) ;
#6094 = EDGE_CURVE ( 'NONE', #6963, #7491, #9253, .T. ) ;
#6095 = COLOUR_RGB ( '',0.2509803921568627416, 0.2509803921568627416, 0.2509803921568627416 ) ;
#6096 = CARTESIAN_POINT ( 'NONE',  ( 6.335682786478663786, -2.554869682164248701, -22.78644519800555557 ) ) ;
#6097 = ADVANCED_FACE ( 'NONE', ( #6192 ), #8289, .T. ) ;
#6098 = CARTESIAN_POINT ( 'NONE',  ( -1.573793293746324817, 3.132662920451264377, -2.258077030698974095E-16 ) ) ;
#6099 = FILL_AREA_STYLE ('',( #315 ) ) ;
#6100 = SURFACE_SIDE_STYLE ('',( #3899 ) ) ;
#6101 = CARTESIAN_POINT ( 'NONE',  ( -3.189193434603265764, 0.6989889667081292668, -28.27850825522766698 ) ) ;
#6102 = VERTEX_POINT ( 'NONE', #421 ) ;
#6103 = DIRECTION ( 'NONE',  ( -0.0000000000000000000, -0.0000000000000000000, -1.000000000000000000 ) ) ;
#6104 = CARTESIAN_POINT ( 'NONE',  ( -6.411180118903942571, 1.559547909548269384, -21.88944095123157041 ) ) ;
#6105 = CARTESIAN_POINT ( 'NONE',  ( -6.245820843007562573, 2.686284633645482867, -23.04595275188274428 ) ) ;
#6106 =( GEOMETRIC_REPRESENTATION_CONTEXT ( 3 ) GLOBAL_UNCERTAINTY_ASSIGNED_CONTEXT ( ( #419 ) ) GLOBAL_UNIT_ASSIGNED_CONTEXT ( ( #3967, #9028, #2404 ) ) REPRESENTATION_CONTEXT ( 'NONE', 'WORKASPACE' ) );
#6107 =( BOUNDED_SURFACE ( )  B_SPLINE_SURFACE ( 3, 2, ( 
 ( #6999, #7613, #6859 ),
 ( #4054, #9069, #8973 ),
 ( #4762, #6289, #9159 ),
 ( #5385, #8292, #3255 ),
 ( #2672, #5584, #1865 ),
 ( #6957, #8462, #4853 ) ),
 .UNSPECIFIED., .F., .F., .T. ) 
 B_SPLINE_SURFACE_WITH_KNOTS ( ( 4, 2, 4 ),
 ( 3, 3 ),
 ( 0.0000000000000000000, 0.0003963254181677579053, 0.0007926508363355158106 ),
 ( 0.0000000000000000000, 1.000000000000000000 ),
 .UNSPECIFIED. ) 
 GEOMETRIC_REPRESENTATION_ITEM ( )  RATIONAL_B_SPLINE_SURFACE ( (
 ( 1.000000000000000000, 0.7573959945955296424, 1.000000000000000000),
 ( 1.000000000000000000, 0.7585078951272560266, 1.000000000000000000),
 ( 1.000000000000000000, 0.7621829463466363030, 1.000000000000000000),
 ( 1.000000000000000000, 0.7541843713110134573, 1.000000000000000000),
 ( 1.000000000000000000, 0.7413553469757262482, 1.000000000000000000),
 ( 1.000000000000000000, 0.7132504491541877822, 1.000000000000000000) ) ) 
 REPRESENTATION_ITEM ( '' )  SURFACE ( )  );
#6108 = SURFACE_STYLE_USAGE ( .BOTH. , #9064 ) ;
#6109 = CARTESIAN_POINT ( 'NONE',  ( -3.021250099524201538, -0.6999999999999994005, -25.60000000242104790 ) ) ;
#6110 = CARTESIAN_POINT ( 'NONE',  ( 3.109918706503837171, -0.8921468537782307751, -29.75436307479939657 ) ) ;
#6111 = PRESENTATION_LAYER_ASSIGNMENT (  '', '', ( #355 ) ) ;
#6112 = CARTESIAN_POINT ( 'NONE',  ( 0.2157039751432499042, -3.342096742465139769, -23.52513446725963675 ) ) ;
#6113 = SURFACE_STYLE_USAGE ( .BOTH. , #967 ) ;
#6114 = ORIENTED_EDGE ( 'NONE', *, *, #201, .F. ) ;
#6115 = CARTESIAN_POINT ( 'NONE',  ( -5.985246987244302375, -2.108688205679532413, -0.2500000000000056621 ) ) ;
#6116 = PRESENTATION_STYLE_ASSIGNMENT (( #3916 ) ) ;
#6117 = ORIENTED_EDGE ( 'NONE', *, *, #5086, .F. ) ;
#6118 = CARTESIAN_POINT ( 'NONE',  ( 3.252572331385708004, -0.4870147112774182996, -26.50436310160932507 ) ) ;
#6119 = CARTESIAN_POINT ( 'NONE',  ( 4.686546425784773540, 2.643259330195584234, -3.089976191583687637E-15 ) ) ;
#6120 = CARTESIAN_POINT ( 'NONE',  ( -4.101365007912304961, 3.170020998266440682, -23.07022318065684274 ) ) ;
#6121 = PRESENTATION_STYLE_ASSIGNMENT (( #8201 ) ) ;
#6122 = COLOUR_RGB ( '',0.2509803921568627416, 0.2509803921568627416, 0.2509803921568627416 ) ;
#6123 = UNCERTAINTY_MEASURE_WITH_UNIT (LENGTH_MEASURE( 1.000000000000000082E-05 ), #6672, 'distance_accuracy_value', 'NONE');
#6124 = EDGE_CURVE ( 'NONE', #2956, #1053, #2148, .T. ) ;
#6125 = CARTESIAN_POINT ( 'NONE',  ( -1.089203950574233470, -3.262313632953416587, -23.52568814360519056 ) ) ;
#6126 = PRESENTATION_STYLE_ASSIGNMENT (( #3219 ) ) ;
#6127 = DIRECTION ( 'NONE',  ( -0.0000000000000000000, -0.0000000000000000000, -1.000000000000000000 ) ) ;
#6128 = DIRECTION ( 'NONE',  ( -1.000000000000000000, -8.881784197001254296E-16, 0.0000000000000000000 ) ) ;
#6129 = COLOUR_RGB ( '',0.2509803921568627416, 0.2509803921568627416, 0.2509803921568627416 ) ;
#6130 = CARTESIAN_POINT ( 'NONE',  ( 3.236742971957819570, 0.6999999999999994005, -25.60380293868477253 ) ) ;
#6131 = DIRECTION ( 'NONE',  ( 0.0000000000000000000, 0.0000000000000000000, -1.000000000000000000 ) ) ;
#6132 = CARTESIAN_POINT ( 'NONE',  ( 6.417099030303941909, 2.440132202428937802, -23.02078469894605561 ) ) ;
#6133 = B_SPLINE_CURVE_WITH_KNOTS ( 'NONE', 3,
 ( #4264, #491, #3433, #7177, #2853, #3566 ),
 .UNSPECIFIED., .F., .F.,
 ( 4, 2, 4 ),
 ( 0.0000000000000000000, 0.5000000000000000000, 1.000000000000000000 ),
 .UNSPECIFIED. ) ;
#6134 = ORIENTED_EDGE ( 'NONE', *, *, #1897, .T. ) ;
#6135 = CARTESIAN_POINT ( 'NONE',  ( -1.483265735419296183, -3.325182721876699166, -23.42555600737468069 ) ) ;
#6136 = CARTESIAN_POINT ( 'NONE',  ( 5.210623188414437834, 3.035723269999862861, -22.93606826588343139 ) ) ;
#6137 = COLOUR_RGB ( '',0.2509803921568627416, 0.2509803921568627416, 0.2509803921568627416 ) ;
#6138 = B_SPLINE_CURVE_WITH_KNOTS ( 'NONE', 3,
 ( #4275, #2599, #6384, #8608, #1391, #677 ),
 .UNSPECIFIED., .F., .F.,
 ( 4, 2, 4 ),
 ( 0.0000000000000000000, 0.5000000000000000000, 1.000000000000000000 ),
 .UNSPECIFIED. ) ;
#6139 =( NAMED_UNIT ( * ) PLANE_ANGLE_UNIT ( ) SI_UNIT ( $, .RADIAN. ) );
#6140 = SURFACE_STYLE_USAGE ( .BOTH. , #8213 ) ;
#6141 = CARTESIAN_POINT ( 'NONE',  ( 5.839325515260211041, -2.654140156814825513, -23.10315238722923326 ) ) ;
#6142 = CARTESIAN_POINT ( 'NONE',  ( 5.741343042155733656, -2.049575273693213795, -3.144186300207942743E-15 ) ) ;
#6143 =( LENGTH_UNIT ( ) NAMED_UNIT ( * ) SI_UNIT ( .MILLI., .METRE. ) );
#6144 = CARTESIAN_POINT ( 'NONE',  ( 3.290792761503496422, 0.6582328555272861648, -23.60139444280571652 ) ) ;
#6145 = VERTEX_POINT ( 'NONE', #4820 ) ;
#6146 = CARTESIAN_POINT ( 'NONE',  ( 0.5876022439146477705, -3.346020637746003334, -23.42176818233775037 ) ) ;
#6147 = VECTOR ( 'NONE', #3221, 1000.000000000000000 ) ;
#6148 = ORIENTED_EDGE ( 'NONE', *, *, #5840, .T. ) ;
#6149 = CARTESIAN_POINT ( 'NONE',  ( 6.308225286168736012, -1.642734195772239891, -23.03642772123879112 ) ) ;
#6150 = CARTESIAN_POINT ( 'NONE',  ( -1.914383410920732942, -4.664109864742061795, -27.00145445950397161 ) ) ;
#6151 = DIRECTION ( 'NONE',  ( -0.0000000000000000000, -0.0000000000000000000, 1.000000000000000000 ) ) ;
#6152 = CARTESIAN_POINT ( 'NONE',  ( -3.021249962336049144, -0.6999999999999996225, -25.60000000000000497 ) ) ;
#6153 = STYLED_ITEM ( 'NONE', ( #4640 ), #7226 ) ;
#6154 = VERTEX_POINT ( 'NONE', #6297 ) ;
#6155 = CARTESIAN_POINT ( 'NONE',  ( -2.903663096235939101, 0.8868582448344484170, -28.10000000000000497 ) ) ;
#6156 = CARTESIAN_POINT ( 'NONE',  ( 3.098973170845355174, 1.028752842305984183, -27.85436310160932649 ) ) ;
#6157 = CARTESIAN_POINT ( 'NONE',  ( 1.171070091768190994E-16, 0.7000000000000000666, -28.35000000000000497 ) ) ;
#6158 = EDGE_CURVE ( 'NONE', #4307, #8422, #1400, .T. ) ;
#6159 = AXIS2_PLACEMENT_3D ( 'NONE', #713, #5793, #4362 ) ;
#6160 = ADVANCED_FACE ( 'NONE', ( #8430 ), #220, .T. ) ;
#6161 = CARTESIAN_POINT ( 'NONE',  ( 5.474008609362262412, -2.757448972307100288, -20.14989185761117341 ) ) ;
#6162 = CARTESIAN_POINT ( 'NONE',  ( -0.5262763198382306440, -3.323250103098426056, -23.53869906408759860 ) ) ;
#6163 = ORIENTED_EDGE ( 'NONE', *, *, #567, .F. ) ;
#6164 = CARTESIAN_POINT ( 'NONE',  ( -4.713855710941729171, -2.891763259629740457, -0.2500000000000025535 ) ) ;
#6165 =( BOUNDED_SURFACE ( )  B_SPLINE_SURFACE ( 3, 2, ( 
 ( #5293, #5814, #8198 ),
 ( #5111, #2256, #5155 ),
 ( #7426, #4382, #1496 ),
 ( #7380, #7292, #881 ) ),
 .UNSPECIFIED., .F., .F., .F. ) 
 B_SPLINE_SURFACE_WITH_KNOTS ( ( 4, 4 ),
 ( 3, 3 ),
 ( 0.0000000000000000000, 0.0009001401524791616867 ),
 ( 0.0000000000000000000, 1.000000000000000000 ),
 .UNSPECIFIED. ) 
 GEOMETRIC_REPRESENTATION_ITEM ( )  RATIONAL_B_SPLINE_SURFACE ( (
 ( 1.000000000000000000, 0.7573959945955293094, 1.000000000000000000),
 ( 1.000000000000000000, 0.7574793441838030272, 1.000000000000000000),
 ( 1.000000000000000000, 0.7575631086624304844, 1.000000000000000000),
 ( 1.000000000000000000, 0.7576472942965201129, 1.000000000000000000) ) ) 
 REPRESENTATION_ITEM ( '' )  SURFACE ( )  );
#6166 = ORIENTED_EDGE ( 'NONE', *, *, #1265, .T. ) ;
#6167 = MECHANICAL_DESIGN_GEOMETRIC_PRESENTATION_REPRESENTATION (  '', ( #838 ), #8276 ) ;
#6168 = CARTESIAN_POINT ( 'NONE',  ( -6.308239556175615270, 1.546407206449770477, -23.03642561252743803 ) ) ;
#6169 = CARTESIAN_POINT ( 'NONE',  ( 5.053572570312676149, 2.849236509853729782, 1.459158874254947415E-14 ) ) ;
#6170 =( NAMED_UNIT ( * ) SI_UNIT ( $, .STERADIAN. ) SOLID_ANGLE_UNIT ( ) );
#6171 =( NAMED_UNIT ( * ) SI_UNIT ( $, .STERADIAN. ) SOLID_ANGLE_UNIT ( ) );
#6172 = EDGE_LOOP ( 'NONE', ( #56, #5092, #6003, #7259 ) ) ;
#6173 = CYLINDRICAL_SURFACE ( 'NONE', #4526, 0.2500000000000001110 ) ;
#6174 = CARTESIAN_POINT ( 'NONE',  ( 3.203398940256226624, -6.406797880512449694, -31.39876908820451717 ) ) ;
#6175 = FILL_AREA_STYLE_COLOUR ( '', #2485 ) ;
#6176 = PRESENTATION_LAYER_ASSIGNMENT (  '', '', ( #6312 ) ) ;
#6177 = CARTESIAN_POINT ( 'NONE',  ( 6.364198751384290809, 2.539227011311558702, -23.02863004028928273 ) ) ;
#6178 = AXIS2_PLACEMENT_3D ( 'NONE', #3775, #5963, #6017 ) ;
#6179 = CARTESIAN_POINT ( 'NONE',  ( -6.316880380456845856, -1.545372432545168762, -21.13504304365479314 ) ) ;
#6180 =( NAMED_UNIT ( * ) PLANE_ANGLE_UNIT ( ) SI_UNIT ( $, .RADIAN. ) );
#6181 = STYLED_ITEM ( 'NONE', ( #7912 ), #3170 ) ;
#6182 = CIRCLE ( 'NONE', #703, 0.2500000000000000000 ) ;
#6183 = CARTESIAN_POINT ( 'NONE',  ( 0.4162231985400825507, -3.348123411492226253, -23.44294899361459272 ) ) ;
#6184 = CYLINDRICAL_SURFACE ( 'NONE', #5425, 43.15249999999993946 ) ;
#6185 = CARTESIAN_POINT ( 'NONE',  ( -3.187685826374567544, -0.6999999999999999556, -28.35379515955781216 ) ) ;
#6186 = CARTESIAN_POINT ( 'NONE',  ( -0.3127375062644335291, -3.324795799104000249, -23.60341563683638810 ) ) ;
#6187 = VERTEX_POINT ( 'NONE', #2315 ) ;
#6188 = CARTESIAN_POINT ( 'NONE',  ( 6.109616478491399327, -2.474148803575283218, -23.06530508856399564 ) ) ;
#6189 =( NAMED_UNIT ( * ) SI_UNIT ( $, .STERADIAN. ) SOLID_ANGLE_UNIT ( ) );
#6190 =( NAMED_UNIT ( * ) SI_UNIT ( $, .STERADIAN. ) SOLID_ANGLE_UNIT ( ) );
#6191 = PRESENTATION_LAYER_ASSIGNMENT (  '', '', ( #9043 ) ) ;
#6192 = FACE_OUTER_BOUND ( 'NONE', #8231, .T. ) ;
#6193 = PRESENTATION_LAYER_ASSIGNMENT (  '', '', ( #7687 ) ) ;
#6194 = ORIENTED_EDGE ( 'NONE', *, *, #9291, .F. ) ;
#6195 = SURFACE_STYLE_USAGE ( .BOTH. , #1103 ) ;
#6196 = B_SPLINE_CURVE_WITH_KNOTS ( 'NONE', 3,
 ( #5712, #4948, #5532, #5667, #7845, #1915, #9296, #2812, #2108, #1295, #7182, #4998, #1345, #673 ),
 .UNSPECIFIED., .F., .F.,
 ( 4, 2, 2, 2, 2, 2, 4 ),
 ( 0.0000000000000000000, 0.2500000000000000000, 0.3750000000000000000, 0.5000000000000000000, 0.6250000000000000000, 0.7500000000000000000, 1.000000000000000000 ),
 .UNSPECIFIED. ) ;
#6197 = CARTESIAN_POINT ( 'NONE',  ( -1.979898987322333603, 0.6999999999999996225, -26.50000000000000355 ) ) ;
#6198 = CARTESIAN_POINT ( 'NONE',  ( 3.146079695432611789, -0.7518185242680529567, -29.70321354415364823 ) ) ;
#6199 = ADVANCED_FACE ( 'NONE', ( #8714 ), #6682, .F. ) ;
#6200 = PRESENTATION_STYLE_ASSIGNMENT (( #1723 ) ) ;
#6201 = CARTESIAN_POINT ( 'NONE',  ( 1.861691802067471313, -3.060240950223350964, -23.45980744345817826 ) ) ;
#6202 = VERTEX_POINT ( 'NONE', #7975 ) ;
#6203 = CARTESIAN_POINT ( 'NONE',  ( -1.589309410256830423E-16, 0.9500000000000000666, -25.35000000000000497 ) ) ;
#6204 = CARTESIAN_POINT ( 'NONE',  ( 1.589309410256830423E-16, 0.9500000000000000666, -28.35000000000000497 ) ) ;
#6205 = ORIENTED_EDGE ( 'NONE', *, *, #1625, .F. ) ;
#6206 = PRESENTATION_LAYER_ASSIGNMENT (  '', '', ( #885 ) ) ;
#6207 = DIRECTION ( 'NONE',  ( -1.000000000000000000, 0.0000000000000000000, 0.0000000000000000000 ) ) ;
#6208 = CARTESIAN_POINT ( 'NONE',  ( 5.695646001275340709, 2.588981815628545124, -0.2499999999999998335 ) ) ;
#6209 = CARTESIAN_POINT ( 'NONE',  ( -1.861642404832309916, 3.310010245961616526, -23.21005533523130282 ) ) ;
#6210 = CARTESIAN_POINT ( 'NONE',  ( 5.800000000000008704, -1.400739683024801785, -3.144186300207962859E-15 ) ) ;
#6211 = UNCERTAINTY_MEASURE_WITH_UNIT (LENGTH_MEASURE( 1.000000000000000082E-05 ), #4383, 'distance_accuracy_value', 'NONE');
#6212 = EDGE_CURVE ( 'NONE', #6239, #2676, #9324, .T. ) ;
#6213 = CARTESIAN_POINT ( 'NONE',  ( -6.251200686396800599, -2.187987229757271113, -23.04482347851774193 ) ) ;
#6214 = EDGE_CURVE ( 'NONE', #5346, #2230, #4721, .T. ) ;
#6215 = CARTESIAN_POINT ( 'NONE',  ( 3.016433226247842381, -0.9959134570677234954, -26.75000000000000355 ) ) ;
#6216 = CARTESIAN_POINT ( 'NONE',  ( -1.906712638610285726, -2.739996790535027316, -23.69720418841166776 ) ) ;
#6217 = ORIENTED_EDGE ( 'NONE', *, *, #647, .T. ) ;
#6218 = DIRECTION ( 'NONE',  ( -1.000000000000000000, 0.0000000000000000000, -0.0000000000000000000 ) ) ;
#6219 = CYLINDRICAL_SURFACE ( 'NONE', #5055, 2.000000000000001776 ) ;
#6220 = CARTESIAN_POINT ( 'NONE',  ( 1.437642309913507166, -3.326653165188130590, -23.25792224992049739 ) ) ;
#6221 = CARTESIAN_POINT ( 'NONE',  ( 6.334410542120981980, 2.542397728823172720, -22.78651985871354313 ) ) ;
#6222 = PRESENTATION_LAYER_ASSIGNMENT (  '', '', ( #6653 ) ) ;
#6223 = PRODUCT ( '5137B8E9-7F00-4A32-9F4C-CE5830150855', '5137B8E9-7F00-4A32-9F4C-CE5830150855', '', ( #4483 ) ) ;
#6224 =( LENGTH_UNIT ( ) NAMED_UNIT ( * ) SI_UNIT ( .MILLI., .METRE. ) );
#6225 = CARTESIAN_POINT ( 'NONE',  ( 4.713855711713564212, -2.891763259544925635, -19.02075593405399090 ) ) ;
#6226 = FILL_AREA_STYLE ('',( #3326 ) ) ;
#6227 = CARTESIAN_POINT ( 'NONE',  ( -3.176978848996604210, -0.6999999999999835243, -28.95375909478006449 ) ) ;
#6228 = CARTESIAN_POINT ( 'NONE',  ( -0.8492145985349887072, 3.231285608031777112, -23.60631516417561571 ) ) ;
#6229 = CARTESIAN_POINT ( 'NONE',  ( -0.2507139215486199890, -3.330269109927799231, -23.59193789291787979 ) ) ;
#6230 = ORIENTED_EDGE ( 'NONE', *, *, #8341, .F. ) ;
#6231 =( NAMED_UNIT ( * ) PLANE_ANGLE_UNIT ( ) SI_UNIT ( $, .RADIAN. ) );
#6232 = CIRCLE ( 'NONE', #2127, 0.2499999999999902023 ) ;
#6233 = CARTESIAN_POINT ( 'NONE',  ( 6.388574393208775959, -2.447844538035305995, -22.77851561359310395 ) ) ;
#6234 = ADVANCED_FACE ( 'NONE', ( #8023 ), #8764, .F. ) ;
#6235 = FILL_AREA_STYLE_COLOUR ( '', #9339 ) ;
#6236 = CARTESIAN_POINT ( 'NONE',  ( -3.339673393305281568, -0.1631680329323133005, -23.59693990541115127 ) ) ;
#6237 = CARTESIAN_POINT ( 'NONE',  ( -3.005366193732537994, -0.6999999999999996225, -26.50000000000003553 ) ) ;
#6238 = PRESENTATION_LAYER_ASSIGNMENT (  '', '', ( #3204 ) ) ;
#6239 = VERTEX_POINT ( 'NONE', #5920 ) ;
#6240 = CARTESIAN_POINT ( 'NONE',  ( -1.577579022422539001, -3.236423702677464931, -0.2500000000033217873 ) ) ;
#6241 = DIRECTION ( 'NONE',  ( 0.9495826881108940798, -0.3135166956321281395, 0.0000000000000000000 ) ) ;
#6242 = SURFACE_STYLE_FILL_AREA ( #1768 ) ;
#6243 =( NAMED_UNIT ( * ) SI_UNIT ( $, .STERADIAN. ) SOLID_ANGLE_UNIT ( ) );
#6244 = CARTESIAN_POINT ( 'NONE',  ( 3.190990387118948668, -0.5489356064116950318, -29.51988567221892623 ) ) ;
#6245 = SURFACE_SIDE_STYLE ('',( #2718 ) ) ;
#6246 = SURFACE_SIDE_STYLE ('',( #3345 ) ) ;
#6247 = ORIENTED_EDGE ( 'NONE', *, *, #1142, .T. ) ;
#6248 = CARTESIAN_POINT ( 'NONE',  ( -5.435770402589310990, -2.461186366918729718, -4.065758146820641628E-15 ) ) ;
#6249 = STYLED_ITEM ( 'NONE', ( #604 ), #6426 ) ;
#6250 = ORIENTED_EDGE ( 'NONE', *, *, #4550, .F. ) ;
#6251 = ADVANCED_FACE ( 'NONE', ( #1599 ), #9232, .T. ) ;
#6252 = CARTESIAN_POINT ( 'NONE',  ( 5.821390210687143352, -2.460334020345751327, -2.166942662213832402E-14 ) ) ;
#6253 = UNCERTAINTY_MEASURE_WITH_UNIT (LENGTH_MEASURE( 1.000000000000000082E-05 ), #8960, 'distance_accuracy_value', 'NONE');
#6254 = VECTOR ( 'NONE', #4722, 1000.000000000000000 ) ;
#6255 = PRESENTATION_LAYER_ASSIGNMENT (  '', '', ( #8376 ) ) ;
#6256 = CARTESIAN_POINT ( 'NONE',  ( -6.514740013666875385, -1.884702536327990341, -22.75909781853221503 ) ) ;
#6257 = CARTESIAN_POINT ( 'NONE',  ( -3.296752112794454348, -0.6271912081283251839, -23.60084869453799783 ) ) ;
#6258 = EDGE_LOOP ( 'NONE', ( #9237, #5287, #611, #6166, #5983 ) ) ;
#6259 = CARTESIAN_POINT ( 'NONE',  ( -6.067730761950960172, 2.742094147191998843, -19.14184609560768990 ) ) ;
#6260 = CARTESIAN_POINT ( 'NONE',  ( -3.148579300338370857, -0.8572459680477603206, -28.10123318620243538 ) ) ;
#6261 = SURFACE_STYLE_FILL_AREA ( #4107 ) ;
#6262 = CARTESIAN_POINT ( 'NONE',  ( 5.545347621316352615, 2.990071286869757650, -22.89453176531993606 ) ) ;
#6263 = EDGE_CURVE ( 'NONE', #6831, #3116, #939, .T. ) ;
#6264 = EDGE_CURVE ( 'NONE', #5811, #5045, #3207, .T. ) ;
#6265 = CARTESIAN_POINT ( 'NONE',  ( -6.226830715045936770, 1.379626407260506227, -20.41464572036751335 ) ) ;
#6266 = DIRECTION ( 'NONE',  ( 1.000000000000000000, 1.672957273954558210E-16, 0.0000000000000000000 ) ) ;
#6267 = CARTESIAN_POINT ( 'NONE',  ( -1.861642375112327219, 3.310010247229496994, -23.21005464572595400 ) ) ;
#6268 = PRESENTATION_LAYER_ASSIGNMENT (  '', '', ( #951 ) ) ;
#6269 = CARTESIAN_POINT ( 'NONE',  ( -5.697970098500962699, 2.597300576576023534, -0.2499999999999981126 ) ) ;
#6270 = CARTESIAN_POINT ( 'NONE',  ( 1.146568069616109131, -3.134650758172763396, -23.72624443381802806 ) ) ;
#6271 = CARTESIAN_POINT ( 'NONE',  ( 1.241898298753283170, 3.097668276133785259, -23.72510330486315411 ) ) ;
#6272 = EDGE_LOOP ( 'NONE', ( #3743, #5236, #1033, #5856 ) ) ;
#6273 = FILL_AREA_STYLE_COLOUR ( '', #9269 ) ;
#6274 =( GEOMETRIC_REPRESENTATION_CONTEXT ( 3 ) GLOBAL_UNCERTAINTY_ASSIGNED_CONTEXT ( ( #6460 ) ) GLOBAL_UNIT_ASSIGNED_CONTEXT ( ( #5299, #1554, #2264 ) ) REPRESENTATION_CONTEXT ( 'NONE', 'WORKASPACE' ) );
#6275 = CARTESIAN_POINT ( 'NONE',  ( 6.519762825503637060, -1.546474879899707666, -22.75810260402912277 ) ) ;
#6276 = CARTESIAN_POINT ( 'NONE',  ( 3.219856694775676598, -0.4874122644155672313, -28.35436310159694528 ) ) ;
#6277 =( NAMED_UNIT ( * ) SI_UNIT ( $, .STERADIAN. ) SOLID_ANGLE_UNIT ( ) );
#6278 = CARTESIAN_POINT ( 'NONE',  ( -2.670993729883126555, -2.016677514953032713, -23.41776186710928087 ) ) ;
#6279 = ORIENTED_EDGE ( 'NONE', *, *, #3979, .T. ) ;
#6280 = SURFACE_STYLE_FILL_AREA ( #3378 ) ;
#6281 = CARTESIAN_POINT ( 'NONE',  ( 3.203937384124786458, 0.4876087726119736621, -29.25436289818349778 ) ) ;
#6282 = CARTESIAN_POINT ( 'NONE',  ( 6.316880380456845856, 1.545372432545164987, -21.13504304365478248 ) ) ;
#6283 = CARTESIAN_POINT ( 'NONE',  ( -6.308239556175614382, -1.546474879900061605, -23.03642561252743093 ) ) ;
#6284 = EDGE_CURVE ( 'NONE', #6515, #6779, #7646, .T. ) ;
#6285 = MECHANICAL_DESIGN_GEOMETRIC_PRESENTATION_REPRESENTATION (  '', ( #64 ), #3252 ) ;
#6286 = CARTESIAN_POINT ( 'NONE',  ( 6.174060163142977231, -1.685497752502395974, -20.04720311213456085 ) ) ;
#6287 =( BOUNDED_SURFACE ( )  B_SPLINE_SURFACE ( 3, 3, ( 
 ( #8729, #1613, #811, #1426 ),
 ( #8774, #4511, #5088, #6696 ),
 ( #7407, #7315, #5796, #100 ),
 ( #3089, #5136, #4462, #906 ) ),
 .UNSPECIFIED., .F., .F., .F. ) 
 B_SPLINE_SURFACE_WITH_KNOTS ( ( 4, 4 ),
 ( 4, 4 ),
 ( 0.0000000000000000000, 1.000000000000000000 ),
 ( 0.0000000000000000000, 1.000000000000000000 ),
 .UNSPECIFIED. ) 
 GEOMETRIC_REPRESENTATION_ITEM ( )  RATIONAL_B_SPLINE_SURFACE ( (
 ( 1.000000000000000000, 0.9954041205469220666, 0.9954041205469220666, 1.000000000000000000),
 ( 0.9916139219377165803, 0.9870565838884970411, 0.9870565838884970411, 0.9916139219377165803),
 ( 0.9916139219377165803, 0.9870565838884970411, 0.9870565838884970411, 0.9916139219377165803),
 ( 1.000000000000000000, 0.9954041205469220666, 0.9954041205469220666, 1.000000000000000000) ) ) 
 REPRESENTATION_ITEM ( '' )  SURFACE ( )  );
#6288 = CARTESIAN_POINT ( 'NONE',  ( 4.821112431505603979, -2.879859088412673795, -19.92201549901628610 ) ) ;
#6289 = CARTESIAN_POINT ( 'NONE',  ( 3.230719518034724125, 0.7334797741798889659, -25.45206228528443404 ) ) ;
#6290 = ORIENTED_EDGE ( 'NONE', *, *, #567, .T. ) ;
#6291 = VECTOR ( 'NONE', #561, 1000.000000000000000 ) ;
#6292 = ORIENTED_EDGE ( 'NONE', *, *, #2136, .F. ) ;
#6293 = CARTESIAN_POINT ( 'NONE',  ( -6.162067232421752472, 2.567807158645772692, -21.32752598909851827 ) ) ;
#6294 = CARTESIAN_POINT ( 'NONE',  ( 5.800000000000007816, 1.400739683024801563, -4.336808689942017736E-15 ) ) ;
#6295 = STYLED_ITEM ( 'NONE', ( #175 ), #8112 ) ;
#6296 = UNCERTAINTY_MEASURE_WITH_UNIT (LENGTH_MEASURE( 1.000000000000000082E-05 ), #40, 'distance_accuracy_value', 'NONE');
#6297 = CARTESIAN_POINT ( 'NONE',  ( -6.308239556175615270, 1.546407206449770477, -23.03642561252743803 ) ) ;
#6298 = COLOUR_RGB ( '',0.2509803921568627416, 0.2509803921568627416, 0.2509803921568627416 ) ;
#6299 =( LENGTH_UNIT ( ) NAMED_UNIT ( * ) SI_UNIT ( .MILLI., .METRE. ) );
#6300 = ORIENTED_EDGE ( 'NONE', *, *, #4319, .F. ) ;
#6301 = CARTESIAN_POINT ( 'NONE',  ( -4.713855711712994001, -2.891763259544978926, -19.02075593405381682 ) ) ;
#6302 = ORIENTED_EDGE ( 'NONE', *, *, #3470, .F. ) ;
#6303 = CARTESIAN_POINT ( 'NONE',  ( 6.162067636766676237, -2.567807257250143138, -21.32752950363070710 ) ) ;
#6304 = CARTESIAN_POINT ( 'NONE',  ( 6.181363424975704568, 2.730595093639028637, -22.80857588379317491 ) ) ;
#6305 =( NAMED_UNIT ( * ) SI_UNIT ( $, .STERADIAN. ) SOLID_ANGLE_UNIT ( ) );
#6306 = CARTESIAN_POINT ( 'NONE',  ( 4.860813780662764927, 2.875358454448231349, -20.22822021129189451 ) ) ;
#6307 = CARTESIAN_POINT ( 'NONE',  ( -3.109656376039403369, -0.8929274331764408545, -29.75436305425020933 ) ) ;
#6308 = LINE ( 'NONE', #1318, #2896 ) ;
#6309 = CARTESIAN_POINT ( 'NONE',  ( 1.904048383564784563, -0.8884601108687009141, -28.09999999999999787 ) ) ;
#6310 = ADVANCED_FACE ( 'NONE', ( #8895 ), #2412, .T. ) ;
#6311 = CARTESIAN_POINT ( 'NONE',  ( -4.883224273392960946, 2.873150557735990152, 1.232760637688573758E-13 ) ) ;
#6312 = STYLED_ITEM ( 'NONE', ( #5806 ), #8724 ) ;
#6313 = COLOUR_RGB ( '',0.2509803921568627416, 0.2509803921568627416, 0.2509803921568627416 ) ;
#6314 = CARTESIAN_POINT ( 'NONE',  ( 0.1053875073272739354, -3.338483725719687545, -23.57065971380189495 ) ) ;
#6315 = CARTESIAN_POINT ( 'NONE',  ( -5.040912269091878173, 2.854558458850374514, -20.22822021129186254 ) ) ;
#6316 = CYLINDRICAL_SURFACE ( 'NONE', #7765, 0.2500000000000000000 ) ;
#6317 = VERTEX_POINT ( 'NONE', #7157 ) ;
#6318 = SURFACE_STYLE_FILL_AREA ( #7644 ) ;
#6319 =( GEOMETRIC_REPRESENTATION_CONTEXT ( 3 ) GLOBAL_UNCERTAINTY_ASSIGNED_CONTEXT ( ( #2466 ) ) GLOBAL_UNIT_ASSIGNED_CONTEXT ( ( #7429, #8752, #3011 ) ) REPRESENTATION_CONTEXT ( 'NONE', 'WORKASPACE' ) );
#6320 = FILL_AREA_STYLE_COLOUR ( '', #7457 ) ;
#6321 = B_SPLINE_CURVE_WITH_KNOTS ( 'NONE', 3,
 ( #239, #984, #293, #5249 ),
 .UNSPECIFIED., .F., .F.,
 ( 4, 4 ),
 ( 0.0000000000000000000, 1.000000000000000000 ),
 .UNSPECIFIED. ) ;
#6322 = CARTESIAN_POINT ( 'NONE',  ( 5.005240102355377196, -3.026629564943076556, -21.05583688104337270 ) ) ;
#6323 = EDGE_CURVE ( 'NONE', #5638, #2508, #4201, .T. ) ;
#6324 =( NAMED_UNIT ( * ) SI_UNIT ( $, .STERADIAN. ) SOLID_ANGLE_UNIT ( ) );
#6325 = ORIENTED_EDGE ( 'NONE', *, *, #6762, .F. ) ;
#6326 = PRESENTATION_LAYER_ASSIGNMENT (  '', '', ( #9034 ) ) ;
#6327 = STYLED_ITEM ( 'NONE', ( #3336 ), #3355 ) ;
#6328 = LINE ( 'NONE', #8597, #970 ) ;
#6329 = CARTESIAN_POINT ( 'NONE',  ( -6.388596440337485305, 2.447795356092967278, -22.77851230905327640 ) ) ;
#6330 = PRESENTATION_LAYER_ASSIGNMENT (  '', '', ( #6941 ) ) ;
#6331 =( NAMED_UNIT ( * ) PLANE_ANGLE_UNIT ( ) SI_UNIT ( $, .RADIAN. ) );
#6332 = MECHANICAL_DESIGN_GEOMETRIC_PRESENTATION_REPRESENTATION (  '', ( #9043 ), #7089 ) ;
#6333 = COLOUR_RGB ( '',0.2509803921568627416, 0.2509803921568627416, 0.2509803921568627416 ) ;
#6334 = FILL_AREA_STYLE ('',( #9246 ) ) ;
#6335 = DIRECTION ( 'NONE',  ( 0.0000000000000000000, 0.0000000000000000000, -1.000000000000000000 ) ) ;
#6336 = CARTESIAN_POINT ( 'NONE',  ( -1.028350490236378478, -3.338272046205165822, -23.35945191844919222 ) ) ;
#6337 = FILL_AREA_STYLE ('',( #8421 ) ) ;
#6338 = CARTESIAN_POINT ( 'NONE',  ( 3.268484527109242421, 0.4868243463363506329, -25.60436319814958850 ) ) ;
#6339 = ORIENTED_EDGE ( 'NONE', *, *, #7237, .F. ) ;
#6340 = CARTESIAN_POINT ( 'NONE',  ( 1.797428898620714532, -4.367619181192916145, -25.35000000000000497 ) ) ;
#6341 = CARTESIAN_POINT ( 'NONE',  ( 6.240305437941311872, -2.719773072206446152, -20.52244350353443991 ) ) ;
#6342 = B_SPLINE_CURVE_WITH_KNOTS ( 'NONE', 3,
 ( #1333, #7131, #1948, #3427 ),
 .UNSPECIFIED., .F., .F.,
 ( 4, 4 ),
 ( 0.0000000000000000000, 1.000000000000000000 ),
 .UNSPECIFIED. ) ;
#6343 = CARTESIAN_POINT ( 'NONE',  ( 5.210771453046068480, -2.787534617688233851, -23.18423793736073080 ) ) ;
#6344 = UNCERTAINTY_MEASURE_WITH_UNIT (LENGTH_MEASURE( 1.000000000000000082E-05 ), #1013, 'distance_accuracy_value', 'NONE');
#6345 =( BOUNDED_CURVE ( )  B_SPLINE_CURVE ( 3, ( #4636, #3069, #3827, #6726 ),
 .UNSPECIFIED., .F., .T. ) 
 B_SPLINE_CURVE_WITH_KNOTS ( ( 4, 4 ),
 ( 0.0000000000000000000, 1.000000000000000000 ),
 .UNSPECIFIED. ) 
 CURVE ( )  GEOMETRIC_REPRESENTATION_ITEM ( )  RATIONAL_B_SPLINE_CURVE ( ( 1.000000000000000000, 0.5423444637547523151, 0.5423444637547523151, 1.000000000000000000 ) ) 
 REPRESENTATION_ITEM ( '' )  );
#6346 = CARTESIAN_POINT ( 'NONE',  ( -6.387460721707870270, -2.442665457765726966, -22.77866694556623273 ) ) ;
#6347 = EDGE_CURVE ( 'NONE', #3210, #7890, #3778, .T. ) ;
#6348 = CARTESIAN_POINT ( 'NONE',  ( -3.250191147331688235, -0.4870434049805315579, -26.63903363567238713 ) ) ;
#6349 =( GEOMETRIC_REPRESENTATION_CONTEXT ( 3 ) GLOBAL_UNCERTAINTY_ASSIGNED_CONTEXT ( ( #694 ) ) GLOBAL_UNIT_ASSIGNED_CONTEXT ( ( #7214, #3645, #1468 ) ) REPRESENTATION_CONTEXT ( 'NONE', 'WORKASPACE' ) );
#6350 = CARTESIAN_POINT ( 'NONE',  ( -3.063714927207906502, 1.029628659052459705, -29.75436310163103215 ) ) ;
#6351 = LINE ( 'NONE', #7805, #8726 ) ;
#6352 = ORIENTED_EDGE ( 'NONE', *, *, #8899, .T. ) ;
#6353 = CARTESIAN_POINT ( 'NONE',  ( -5.356611446584896186, -2.772149084288868970, -19.23115295061729668 ) ) ;
#6354 =( LENGTH_UNIT ( ) NAMED_UNIT ( * ) SI_UNIT ( .MILLI., .METRE. ) );
#6355 = CARTESIAN_POINT ( 'NONE',  ( -3.376179665106112449, 1.202408201882393168, -23.36779337035128989 ) ) ;
#6356 = CARTESIAN_POINT ( 'NONE',  ( 3.239783984946366324, -0.5481799116547945161, -26.76974403077140607 ) ) ;
#6357 = CARTESIAN_POINT ( 'NONE',  ( -3.155950195484614085, -0.8971333296555764614, -26.99357151558970003 ) ) ;
#6358 = CARTESIAN_POINT ( 'NONE',  ( -5.246308163136784941, 2.539835855772811790, -1.626303258728256651E-16 ) ) ;
#6359 = PRESENTATION_LAYER_ASSIGNMENT (  '', '', ( #1055 ) ) ;
#6360 = CARTESIAN_POINT ( 'NONE',  ( -0.1571423630886386869, -3.336233119002212533, -23.57691056160780718 ) ) ;
#6361 = CARTESIAN_POINT ( 'NONE',  ( -1.687975986461770272, 3.248935913869176684, -20.22822021129186609 ) ) ;
#6362 = DIRECTION ( 'NONE',  ( -1.000000000000000000, 0.0000000000000000000, 0.0000000000000000000 ) ) ;
#6363 = EDGE_LOOP ( 'NONE', ( #9313, #2638, #1368, #3148 ) ) ;
#6364 = CARTESIAN_POINT ( 'NONE',  ( -6.226830715045829301, -1.379626407265765353, -20.41464572036665359 ) ) ;
#6365 = EDGE_CURVE ( 'NONE', #7491, #2554, #565, .T. ) ;
#6366 = UNCERTAINTY_MEASURE_WITH_UNIT (LENGTH_MEASURE( 1.000000000000000082E-05 ), #4296, 'distance_accuracy_value', 'NONE');
#6367 = B_SPLINE_CURVE_WITH_KNOTS ( 'NONE', 3,
 ( #6973, #4779, #4725, #8208 ),
 .UNSPECIFIED., .F., .F.,
 ( 4, 4 ),
 ( 0.0000000000000000000, 0.9999990987159684819 ),
 .UNSPECIFIED. ) ;
#6368 = ORIENTED_EDGE ( 'NONE', *, *, #1557, .F. ) ;
#6369 = PRESENTATION_STYLE_ASSIGNMENT (( #2660 ) ) ;
#6370 = CARTESIAN_POINT ( 'NONE',  ( 3.187685826374563991, -0.6999999999999999556, -28.35379515955781216 ) ) ;
#6371 = CARTESIAN_POINT ( 'NONE',  ( 6.050000000000005151, 1.400739683024801341, -8.965855139116380101 ) ) ;
#6372 = CARTESIAN_POINT ( 'NONE',  ( 3.268484528816633095, -0.4868243463146753602, -25.60436310160932649 ) ) ;
#6373 = EDGE_CURVE ( 'NONE', #5322, #5201, #6308, .T. ) ;
#6374 = DIRECTION ( 'NONE',  ( 0.0000000000000000000, 0.0000000000000000000, -1.000000000000000000 ) ) ;
#6375 = EDGE_CURVE ( 'NONE', #8422, #8220, #8757, .T. ) ;
#6376 = AXIS2_PLACEMENT_3D ( 'NONE', #3610, #2942, #8683 ) ;
#6377 = CARTESIAN_POINT ( 'NONE',  ( -6.050000000000004263, 1.400739683024801341, -12.26906492721187547 ) ) ;
#6378 = CARTESIAN_POINT ( 'NONE',  ( 2.358514718938978127, -2.709527731881853363, -23.43602322536672133 ) ) ;
#6379 = ORIENTED_EDGE ( 'NONE', *, *, #7239, .F. ) ;
#6380 = CARTESIAN_POINT ( 'NONE',  ( 2.912274948409523390, -0.9499999999999991784, -25.35000000000000853 ) ) ;
#6381 = CARTESIAN_POINT ( 'NONE',  ( -6.300293304995069121, -2.593713607300867974, -22.79150895038709379 ) ) ;
#6382 = ORIENTED_EDGE ( 'NONE', *, *, #3307, .F. ) ;
#6383 = CARTESIAN_POINT ( 'NONE',  ( -5.873999960093091666, 2.843736437147537988, -21.36755610009914008 ) ) ;
#6384 = CARTESIAN_POINT ( 'NONE',  ( 2.944519263455469993, -0.7282700004458828591, -29.38276129204714948 ) ) ;
#6385 = CARTESIAN_POINT ( 'NONE',  ( 5.985243729512396804, 2.108698512811327141, -3.089976191583692370E-15 ) ) ;
#6386 = CARTESIAN_POINT ( 'NONE',  ( 1.872832080032804658, -0.9499999999999996225, -29.50000000000000355 ) ) ;
#6387 = CARTESIAN_POINT ( 'NONE',  ( 2.912274948409523390, -0.9499999999999991784, -25.35000000000000853 ) ) ;
#6388 = UNCERTAINTY_MEASURE_WITH_UNIT (LENGTH_MEASURE( 1.000000000000000082E-05 ), #1160, 'distance_accuracy_value', 'NONE');
#6389 = CARTESIAN_POINT ( 'NONE',  ( 5.210763264150675589, -2.787535603336420031, -23.18423893347829079 ) ) ;
#6390 = CARTESIAN_POINT ( 'NONE',  ( -6.113583020251219580, -2.791960445657719614, -23.06502315601396447 ) ) ;
#6391 = FILL_AREA_STYLE ('',( #9308 ) ) ;
#6392 = FACE_OUTER_BOUND ( 'NONE', #5238, .T. ) ;
#6393 = ORIENTED_EDGE ( 'NONE', *, *, #4564, .T. ) ;
#6394 = DIRECTION ( 'NONE',  ( 0.1240212162636748355, 0.01476362323842968054, 0.9921697301093963528 ) ) ;
#6395 = VERTEX_POINT ( 'NONE', #3546 ) ;
#6396 = CARTESIAN_POINT ( 'NONE',  ( 6.224578066598215997, -2.446436561407478560, -21.31794642002799733 ) ) ;
#6397 = PLANE ( 'NONE',  #9149 ) ;
#6398 = AXIS2_PLACEMENT_3D ( 'NONE', #28, #2260, #695 ) ;
#6399 =( BOUNDED_SURFACE ( )  B_SPLINE_SURFACE ( 2, 3, ( 
 ( #265, #2579, #4609, #4559 ),
 ( #7456, #1861, #2529, #3200 ),
 ( #5476, #958, #4752, #5432 ) ),
 .UNSPECIFIED., .F., .F., .T. ) 
 B_SPLINE_SURFACE_WITH_KNOTS ( ( 3, 3 ),
 ( 4, 4 ),
 ( 0.0000000000000000000, 1.000000000000000000 ),
 ( 0.0000000000000000000, 0.0004349722928721167989 ),
 .UNSPECIFIED. ) 
 GEOMETRIC_REPRESENTATION_ITEM ( )  RATIONAL_B_SPLINE_SURFACE ( (
 ( 1.000000000000000000, 1.000000000000000000, 1.000000000000000000, 1.000000000000000000),
 ( 1.489320292087568998, 1.489411632961446186, 1.489454080040405248, 1.489454356889000630),
 ( 1.000000000000000000, 1.000000000000000000, 1.000000000000000000, 1.000000000000000000) ) ) 
 REPRESENTATION_ITEM ( '' )  SURFACE ( )  );
#6400 = CARTESIAN_POINT ( 'NONE',  ( 2.743383025239529704, 1.903003834079588286, -23.64545491343898220 ) ) ;
#6401 =( GEOMETRIC_REPRESENTATION_CONTEXT ( 3 ) GLOBAL_UNCERTAINTY_ASSIGNED_CONTEXT ( ( #9303 ) ) GLOBAL_UNIT_ASSIGNED_CONTEXT ( ( #6498, #2929, #2888 ) ) REPRESENTATION_CONTEXT ( 'NONE', 'WORKASPACE' ) );
#6402 = EDGE_CURVE ( 'NONE', #6914, #7988, #6734, .T. ) ;
#6403 = CARTESIAN_POINT ( 'NONE',  ( -2.770803640849502258, 1.862831923490548158, -23.64333446768975477 ) ) ;
#6404 = CARTESIAN_POINT ( 'NONE',  ( 3.171827492600049148, -0.8619976165971908744, -26.75121140010336873 ) ) ;
#6405 = CARTESIAN_POINT ( 'NONE',  ( -5.800000016965791261, 1.564007512293237090, -2.276824562219559311E-15 ) ) ;
#6406 =( GEOMETRIC_REPRESENTATION_CONTEXT ( 3 ) GLOBAL_UNCERTAINTY_ASSIGNED_CONTEXT ( ( #4358 ) ) GLOBAL_UNIT_ASSIGNED_CONTEXT ( ( #150, #7219, #3605 ) ) REPRESENTATION_CONTEXT ( 'NONE', 'WORKASPACE' ) );
#6407 = CARTESIAN_POINT ( 'NONE',  ( -0.1692339753395870061, -3.335611081509628928, -23.57859223149451822 ) ) ;
#6408 = CARTESIAN_POINT ( 'NONE',  ( -0.5446813379376244102, 3.323799714758024049, -23.53480999855676004 ) ) ;
#6409 = ORIENTED_EDGE ( 'NONE', *, *, #6214, .T. ) ;
#6410 = SURFACE_STYLE_USAGE ( .BOTH. , #3598 ) ;
#6411 = STYLED_ITEM ( 'NONE', ( #6581 ), #414 ) ;
#6412 = PRESENTATION_STYLE_ASSIGNMENT (( #2039 ) ) ;
#6413 = CARTESIAN_POINT ( 'NONE',  ( 1.914383410920737827, 4.664109864742060907, -27.00145445950396805 ) ) ;
#6414 =( NAMED_UNIT ( * ) PLANE_ANGLE_UNIT ( ) SI_UNIT ( $, .RADIAN. ) );
#6415 = EDGE_LOOP ( 'NONE', ( #6279, #4505, #2383, #6205 ) ) ;
#6416 =( NAMED_UNIT ( * ) SI_UNIT ( $, .STERADIAN. ) SOLID_ANGLE_UNIT ( ) );
#6417 = AXIS2_PLACEMENT_3D ( 'NONE', #5704, #6465, #5660 ) ;
#6418 = CARTESIAN_POINT ( 'NONE',  ( -4.999813936314748908, 2.989977412997353312, -20.94103454588043078 ) ) ;
#6419 = CARTESIAN_POINT ( 'NONE',  ( -6.474586585947460726, 2.159271395120992310, -22.76539647089717988 ) ) ;
#6420 = FILL_AREA_STYLE_COLOUR ( '', #2669 ) ;
#6421 = CARTESIAN_POINT ( 'NONE',  ( 5.210625238660474778, 3.035723021756047579, -22.93606804207785288 ) ) ;
#6422 = SURFACE_STYLE_FILL_AREA ( #5924 ) ;
#6423 = CARTESIAN_POINT ( 'NONE',  ( 3.148469324083996046, -0.8576426506660390636, -28.10101668702940714 ) ) ;
#6424 = CARTESIAN_POINT ( 'NONE',  ( 2.782820630477547130, -2.266702824898725765, -23.41070163156714656 ) ) ;
#6425 = ORIENTED_EDGE ( 'NONE', *, *, #3577, .T. ) ;
#6426 = ADVANCED_FACE ( 'NONE', ( #5644 ), #1267, .F. ) ;
#6427 = CARTESIAN_POINT ( 'NONE',  ( -1.931712908894738678, -0.8252889325712413626, -29.47637156242575074 ) ) ;
#6428 = EDGE_CURVE ( 'NONE', #5845, #3603, #5503, .T. ) ;
#6429 = CARTESIAN_POINT ( 'NONE',  ( 3.339580234202448317, -6.877543600491790987E-14, -23.59694821450823810 ) ) ;
#6430 = ORIENTED_EDGE ( 'NONE', *, *, #4566, .F. ) ;
#6431 = CARTESIAN_POINT ( 'NONE',  ( -5.695240757289242062, 2.698392080778397872, -23.12252221710461342 ) ) ;
#6432 = CARTESIAN_POINT ( 'NONE',  ( 1.675003155473820726, -3.113848058033713340, -23.46788425806242628 ) ) ;
#6433 = CARTESIAN_POINT ( 'NONE',  ( -3.203398940256225735, 6.406797880512449694, -31.39876908820451717 ) ) ;
#6434 = AXIS2_PLACEMENT_3D ( 'NONE', #3971, #7629, #1035 ) ;
#6435 = CARTESIAN_POINT ( 'NONE',  ( 3.202636172253587432, -0.4880369978868372427, -29.32436948255729092 ) ) ;
#6436 = COLOUR_RGB ( '',0.7529411764705882248, 0.7529411764705882248, 0.7529411764705882248 ) ;
#6437 = CARTESIAN_POINT ( 'NONE',  ( -6.519762806260278154, 1.546441040714790827, -22.75810245017246203 ) ) ;
#6438 = CARTESIAN_POINT ( 'NONE',  ( 3.063751019710968304, 1.029640788730452838, -29.75145445951121204 ) ) ;
#6439 = EDGE_LOOP ( 'NONE', ( #3189, #3795, #1297, #4558 ) ) ;
#6440 = EDGE_CURVE ( 'NONE', #2977, #5475, #1935, .T. ) ;
#6441 = CARTESIAN_POINT ( 'NONE',  ( -1.861642375112327219, 3.310010247229496994, -23.21005464572595400 ) ) ;
#6442 = CARTESIAN_POINT ( 'NONE',  ( 3.114765733250400626, -1.028379173908030797, -27.00000000000000355 ) ) ;
#6443 = EDGE_LOOP ( 'NONE', ( #1968, #1954, #8463, #371 ) ) ;
#6444 = CARTESIAN_POINT ( 'NONE',  ( 6.519762868643873333, -1.546441045543816006, -22.75810294915242693 ) ) ;
#6445 = CARTESIAN_POINT ( 'NONE',  ( -3.003015388407000774, 0.7000000000000033973, -26.56659599427048235 ) ) ;
#6446 = CARTESIAN_POINT ( 'NONE',  ( 5.435770617549610328, 2.461186367081313886, -3.035766082959410837E-15 ) ) ;
#6447 = CYLINDRICAL_SURFACE ( 'NONE', #3142, 2.100000000000000089 ) ;
#6448 = CARTESIAN_POINT ( 'NONE',  ( -3.555780601070098079, -0.3550533844108957338, -23.35325983127393101 ) ) ;
#6449 = CARTESIAN_POINT ( 'NONE',  ( -3.219856694775994566, 0.4874122644155989281, -28.35436310160935847 ) ) ;
#6450 = B_SPLINE_CURVE_WITH_KNOTS ( 'NONE', 3,
 ( #4554, #6849, #6891, #398, #3337, #1662 ),
 .UNSPECIFIED., .F., .F.,
 ( 4, 2, 4 ),
 ( 0.0000000000000000000, 0.5000000000000000000, 1.000000000000000000 ),
 .UNSPECIFIED. ) ;
#6451 = CARTESIAN_POINT ( 'NONE',  ( -5.645438058037077766, 2.274354912277287699, -1.192622389734054877E-15 ) ) ;
#6452 = CARTESIAN_POINT ( 'NONE',  ( 0.4002551703280800566, -3.315269148240465480, -23.62113595584700576 ) ) ;
#6453 = CARTESIAN_POINT ( 'NONE',  ( 0.8816076209660191898, 3.289214229846556758, -23.53583641877308708 ) ) ;
#6454 = PRESENTATION_LAYER_ASSIGNMENT (  '', '', ( #9005 ) ) ;
#6455 = ORIENTED_EDGE ( 'NONE', *, *, #8568, .F. ) ;
#6456 = CARTESIAN_POINT ( 'NONE',  ( 3.105647789981482276, 0.8984543137433532722, -29.74362071855183132 ) ) ;
#6457 =( NAMED_UNIT ( * ) PLANE_ANGLE_UNIT ( ) SI_UNIT ( $, .RADIAN. ) );
#6458 = DIRECTION ( 'NONE',  ( -0.0000000000000000000, -1.000000000000000000, -0.0000000000000000000 ) ) ;
#6459 = MECHANICAL_DESIGN_GEOMETRIC_PRESENTATION_REPRESENTATION (  '', ( #5407 ), #693 ) ;
#6460 = UNCERTAINTY_MEASURE_WITH_UNIT (LENGTH_MEASURE( 1.000000000000000082E-05 ), #5299, 'distance_accuracy_value', 'NONE');
#6461 = CARTESIAN_POINT ( 'NONE',  ( 6.387480747281572668, 2.442621105918085789, -22.77866394927218607 ) ) ;
#6462 = ORIENTED_EDGE ( 'NONE', *, *, #8628, .F. ) ;
#6463 = CARTESIAN_POINT ( 'NONE',  ( -6.050000000000008704, -1.400739683024801341, 0.9437742251701477514 ) ) ;
#6464 = DIRECTION ( 'NONE',  ( 0.0000000000000000000, 0.0000000000000000000, -1.000000000000000000 ) ) ;
#6465 = DIRECTION ( 'NONE',  ( -0.3135166956321288612, 0.9495826881108939688, 4.577840026113030326E-16 ) ) ;
#6466 = PRESENTATION_LAYER_ASSIGNMENT (  '', '', ( #3729 ) ) ;
#6467 = CARTESIAN_POINT ( 'NONE',  ( 6.180561504140602125, -1.551496384039964260, -20.04449203312485395 ) ) ;
#6468 = CARTESIAN_POINT ( 'NONE',  ( 3.005366147842680746, 0.6999999999999997335, -26.49999999919005944 ) ) ;
#6469 = MECHANICAL_DESIGN_GEOMETRIC_PRESENTATION_REPRESENTATION (  '', ( #9034 ), #4041 ) ;
#6470 =( GEOMETRIC_REPRESENTATION_CONTEXT ( 3 ) GLOBAL_UNCERTAINTY_ASSIGNED_CONTEXT ( ( #744 ) ) GLOBAL_UNIT_ASSIGNED_CONTEXT ( ( #8448, #9197, #6189 ) ) REPRESENTATION_CONTEXT ( 'NONE', 'WORKASPACE' ) );
#6471 = CARTESIAN_POINT ( 'NONE',  ( 3.264706699429404946, 1.481280085964160387, -23.37658727527235669 ) ) ;
#6472 = VERTEX_POINT ( 'NONE', #1404 ) ;
#6473 = FACE_OUTER_BOUND ( 'NONE', #2210, .T. ) ;
#6474 = ORIENTED_EDGE ( 'NONE', *, *, #4631, .F. ) ;
#6475 = CARTESIAN_POINT ( 'NONE',  ( 2.956820923034311210, -0.4499999999999998446, -29.24999999999999645 ) ) ;
#6476 = CIRCLE ( 'NONE', #8881, 2.100000000000000089 ) ;
#6477 = PRESENTATION_LAYER_ASSIGNMENT (  '', '', ( #6327 ) ) ;
#6478 = EDGE_CURVE ( 'NONE', #6317, #6187, #134, .T. ) ;
#6479 = CARTESIAN_POINT ( 'NONE',  ( 4.713855710941729171, -2.891763259629740013, -8.965855139116387207 ) ) ;
#6480 = CARTESIAN_POINT ( 'NONE',  ( 3.106181419378892805, -0.8965370816910193108, -29.74287737671122756 ) ) ;
#6481 = ORIENTED_EDGE ( 'NONE', *, *, #345, .T. ) ;
#6482 = SURFACE_STYLE_USAGE ( .BOTH. , #3330 ) ;
#6483 = VERTEX_POINT ( 'NONE', #3013 ) ;
#6484 = CARTESIAN_POINT ( 'NONE',  ( 5.540564855989946302, -2.966776239305838558, -21.41103331681409827 ) ) ;
#6485 = CARTESIAN_POINT ( 'NONE',  ( 2.826775610078678724, -0.9499999999999979572, -29.50000000000000000 ) ) ;
#6486 = CARTESIAN_POINT ( 'NONE',  ( -2.952181357953446827, 0.8217608070699410350, -26.72437264523265199 ) ) ;
#6487 = CARTESIAN_POINT ( 'NONE',  ( 6.142001392940660054, 1.389243019736923435, -19.73601114352530672 ) ) ;
#6488 = FILL_AREA_STYLE_COLOUR ( '', #5567 ) ;
#6489 = UNCERTAINTY_MEASURE_WITH_UNIT (LENGTH_MEASURE( 1.000000000000000082E-05 ), #5335, 'distance_accuracy_value', 'NONE');
#6490 = ADVANCED_FACE ( 'NONE', ( #6576 ), #2126, .F. ) ;
#6491 = EDGE_CURVE ( 'NONE', #4743, #3029, #743, .T. ) ;
#6492 =( GEOMETRIC_REPRESENTATION_CONTEXT ( 3 ) GLOBAL_UNCERTAINTY_ASSIGNED_CONTEXT ( ( #464 ) ) GLOBAL_UNIT_ASSIGNED_CONTEXT ( ( #2711, #8665, #2174 ) ) REPRESENTATION_CONTEXT ( 'NONE', 'WORKASPACE' ) );
#6493 = LINE ( 'NONE', #2920, #418 ) ;
#6494 = SURFACE_SIDE_STYLE ('',( #1591 ) ) ;
#6495 = DIRECTION ( 'NONE',  ( 0.3135166956321285281, 0.9495826881108939688, 0.0000000000000000000 ) ) ;
#6496 = ORIENTED_EDGE ( 'NONE', *, *, #2251, .T. ) ;
#6497 = CARTESIAN_POINT ( 'NONE',  ( 3.171623530768502786, 0.6999999999999995115, -29.25379256652107074 ) ) ;
#6498 =( LENGTH_UNIT ( ) NAMED_UNIT ( * ) SI_UNIT ( .MILLI., .METRE. ) );
#6499 = CARTESIAN_POINT ( 'NONE',  ( 1.241898298771071607, -3.097668276126647857, -23.72510330486347385 ) ) ;
#6500 = CARTESIAN_POINT ( 'NONE',  ( -1.230185108624037627, -3.332542411984782849, -23.30938451862236249 ) ) ;
#6501 = SURFACE_STYLE_FILL_AREA ( #1414 ) ;
#6502 =( BOUNDED_SURFACE ( )  B_SPLINE_SURFACE ( 3, 2, ( 
 ( #620, #2804, #4849 ),
 ( #7733, #9287, #8638 ),
 ( #2098, #4990, #1237 ),
 ( #5616, #8505, #1993 ),
 ( #7782, #581, #7886 ),
 ( #1283, #3474, #6372 ) ),
 .UNSPECIFIED., .F., .F., .T. ) 
 B_SPLINE_SURFACE_WITH_KNOTS ( ( 4, 2, 4 ),
 ( 3, 3 ),
 ( 0.0000000000000000000, 0.0003963293559927967167, 0.0007926587119855934335 ),
 ( 0.0000000000000000000, 1.000000000000000000 ),
 .UNSPECIFIED. ) 
 GEOMETRIC_REPRESENTATION_ITEM ( )  RATIONAL_B_SPLINE_SURFACE ( (
 ( 1.000000000000000000, 0.7132504491541885594, 1.000000000000000000),
 ( 1.000000000000000000, 0.7412215658177965238, 1.000000000000000000),
 ( 1.000000000000000000, 0.7541451049532883477, 1.000000000000000000),
 ( 1.000000000000000000, 0.7621954472696723659, 1.000000000000000000),
 ( 1.000000000000000000, 0.7585158566027223603, 1.000000000000000000),
 ( 1.000000000000000000, 0.7573959945955296424, 1.000000000000000000) ) ) 
 REPRESENTATION_ITEM ( '' )  SURFACE ( )  );
#6503 = CARTESIAN_POINT ( 'NONE',  ( 2.856381119846685301, -2.157756063739642016, -23.40547482361654019 ) ) ;
#6504 = ORIENTED_EDGE ( 'NONE', *, *, #8341, .T. ) ;
#6505 = CARTESIAN_POINT ( 'NONE',  ( -4.848837216131677508, -2.625424436233668946, -3.794707603699233965E-15 ) ) ;
#6506 = DIRECTION ( 'NONE',  ( 0.0000000000000000000, 0.0000000000000000000, -1.000000000000000000 ) ) ;
#6507 = CARTESIAN_POINT ( 'NONE',  ( -6.418195045465695969, 2.445307214316052580, -23.02062865970254890 ) ) ;
#6508 = EDGE_CURVE ( 'NONE', #6756, #2977, #1635, .T. ) ;
#6509 = CARTESIAN_POINT ( 'NONE',  ( 4.993047265035483129, 2.960834823798434989, -20.85271663322433611 ) ) ;
#6510 = DIRECTION ( 'NONE',  ( -0.0000000000000000000, -1.000000000000000000, -0.0000000000000000000 ) ) ;
#6511 =( GEOMETRIC_REPRESENTATION_CONTEXT ( 3 ) GLOBAL_UNCERTAINTY_ASSIGNED_CONTEXT ( ( #4230 ) ) GLOBAL_UNIT_ASSIGNED_CONTEXT ( ( #3279, #8997, #387 ) ) REPRESENTATION_CONTEXT ( 'NONE', 'WORKASPACE' ) );
#6512 = CARTESIAN_POINT ( 'NONE',  ( 3.203937380527203782, 0.4876087726535984213, -29.25436310160932507 ) ) ;
#6513 = STYLED_ITEM ( 'NONE', ( #3257 ), #4999 ) ;
#6514 = CARTESIAN_POINT ( 'NONE',  ( 1.797428898620713866, -4.367619181192915256, -25.35000000000000497 ) ) ;
#6515 = VERTEX_POINT ( 'NONE', #4292 ) ;
#6516 = SURFACE_STYLE_FILL_AREA ( #2988 ) ;
#6517 = CARTESIAN_POINT ( 'NONE',  ( 6.049999999999999822, 3.149999999999999911, -0.2500000000000016098 ) ) ;
#6518 = FILL_AREA_STYLE_COLOUR ( '', #9143 ) ;
#6519 = SURFACE_STYLE_USAGE ( .BOTH. , #3572 ) ;
#6520 = CARTESIAN_POINT ( 'NONE',  ( 4.883249299929355303, -2.873147788091901411, -0.2500000000000153211 ) ) ;
#6521 = SURFACE_STYLE_USAGE ( .BOTH. , #4785 ) ;
#6522 = CARTESIAN_POINT ( 'NONE',  ( -0.07245492749466966864, 3.350000016954836735, -23.47064480633564543 ) ) ;
#6523 = CARTESIAN_POINT ( 'NONE',  ( -1.237036603517818412, -3.104182335376872270, -23.48235989797552747 ) ) ;
#6524 = ORIENTED_EDGE ( 'NONE', *, *, #3307, .T. ) ;
#6525 = CARTESIAN_POINT ( 'NONE',  ( -6.067730761950960172, -2.742094147191997067, -19.14184609560768990 ) ) ;
#6526 = ORIENTED_EDGE ( 'NONE', *, *, #2537, .T. ) ;
#6527 = MECHANICAL_DESIGN_GEOMETRIC_PRESENTATION_REPRESENTATION (  '', ( #8500 ), #2435 ) ;
#6528 = CARTESIAN_POINT ( 'NONE',  ( 0.3215788818237272917, 3.323924490456557468, -23.60510064834134170 ) ) ;
#6529 = EDGE_CURVE ( 'NONE', #829, #1777, #8368, .T. ) ;
#6530 = PRESENTATION_STYLE_ASSIGNMENT (( #3669 ) ) ;
#6531 = FACE_OUTER_BOUND ( 'NONE', #6818, .T. ) ;
#6532 = CARTESIAN_POINT ( 'NONE',  ( -3.252572331385704452, 0.4870147112774182996, -26.50436310160935349 ) ) ;
#6533 = CARTESIAN_POINT ( 'NONE',  ( 3.339580224026587274, 0.3073589605645109524, -23.59694856568563281 ) ) ;
#6534 = MECHANICAL_DESIGN_GEOMETRIC_PRESENTATION_REPRESENTATION (  '', ( #8057 ), #4717 ) ;
#6535 = CARTESIAN_POINT ( 'NONE',  ( 6.049999999999998046, 1.400712819555124389, -18.95849706686868075 ) ) ;
#6536 = CARTESIAN_POINT ( 'NONE',  ( 1.979898987322333603, -0.6999999999999999556, -25.53084200979082041 ) ) ;
#6537 = CARTESIAN_POINT ( 'NONE',  ( -5.758124369167398449, 1.969629899386108107, -1.463672932855430986E-15 ) ) ;
#6538 = ADVANCED_FACE ( 'NONE', ( #3591 ), #5198, .T. ) ;
#6539 = CARTESIAN_POINT ( 'NONE',  ( -6.488345274933104534, -2.882135770455394042, -22.50676219946904055 ) ) ;
#6540 = AXIS2_PLACEMENT_3D ( 'NONE', #8534, #6266, #5559 ) ;
#6541 = EDGE_CURVE ( 'NONE', #3765, #69, #4530, .T. ) ;
#6542 = ORIENTED_EDGE ( 'NONE', *, *, #4153, .T. ) ;
#6543 = CARTESIAN_POINT ( 'NONE',  ( -6.142001392940675153, 1.389243019739843543, -19.73601114352541686 ) ) ;
#6544 = CARTESIAN_POINT ( 'NONE',  ( -6.268851540329243299, 2.778848167523645607, -20.75081232263394071 ) ) ;
#6545 = FILL_AREA_STYLE_COLOUR ( '', #3588 ) ;
#6546 = FILL_AREA_STYLE ('',( #3644 ) ) ;
#6547 = B_SPLINE_CURVE_WITH_KNOTS ( 'NONE', 3,
 ( #7016, #643, #9224, #514, #7197, #6396, #6303, #9177, #2782, #4151, #6484, #2023, #5598, #5769 ),
 .UNSPECIFIED., .F., .F.,
 ( 4, 2, 2, 2, 2, 2, 4 ),
 ( -4.931785272835170826E-14, 0.1249999999764986186, 0.2499999999530466699, 0.4999999999061424671, 0.7499999998592382644, 0.8749999998357856912, 0.9999999998123333400 ),
 .UNSPECIFIED. ) ;
#6548 = VERTEX_POINT ( 'NONE', #6770 ) ;
#6549 = FACE_OUTER_BOUND ( 'NONE', #7097, .T. ) ;
#6550 = ORIENTED_EDGE ( 'NONE', *, *, #3365, .T. ) ;
#6551 = CARTESIAN_POINT ( 'NONE',  ( -1.979898987322333603, 0.6999999999999996225, -29.25000000000000000 ) ) ;
#6552 = CARTESIAN_POINT ( 'NONE',  ( 1.871420061658900735, 4.577485074376066443, -29.60355339059328372 ) ) ;
#6553 = CARTESIAN_POINT ( 'NONE',  ( -5.695650154586321179, -2.588978302410925192, -0.2500000000000007772 ) ) ;
#6554 = PRESENTATION_LAYER_ASSIGNMENT (  '', '', ( #8969 ) ) ;
#6555 = CARTESIAN_POINT ( 'NONE',  ( 4.713855710941724730, 2.891763259629744898, -18.87548450340289818 ) ) ;
#6556 = CARTESIAN_POINT ( 'NONE',  ( 3.176978848996575788, 0.7000000000000646816, -28.95375909478014620 ) ) ;
#6557 = SURFACE_SIDE_STYLE ('',( #210 ) ) ;
#6558 = EDGE_LOOP ( 'NONE', ( #3004, #7803, #8245, #909, #8810 ) ) ;
#6559 = CARTESIAN_POINT ( 'NONE',  ( -3.190675070253627954, 0.7678572141711682564, -26.94689455621738361 ) ) ;
#6560 = CARTESIAN_POINT ( 'NONE',  ( -6.077186168900162500, 2.795954594252738623, -22.82305857552221440 ) ) ;
#6561 = PRESENTATION_STYLE_ASSIGNMENT (( #1576 ) ) ;
#6562 = STYLED_ITEM ( 'NONE', ( #2352 ), #884 ) ;
#6563 = CARTESIAN_POINT ( 'NONE',  ( 0.9074384768591239325, 3.340531834444501413, -23.37498842784631847 ) ) ;
#6564 = LINE ( 'NONE', #2206, #4706 ) ;
#6565 = VERTEX_POINT ( 'NONE', #2449 ) ;
#6566 = CARTESIAN_POINT ( 'NONE',  ( 1.979898987322333603, -0.6999999999999997335, -29.25000000000000000 ) ) ;
#6567 = PRESENTATION_LAYER_ASSIGNMENT (  '', '', ( #2028 ) ) ;
#6568 = CARTESIAN_POINT ( 'NONE',  ( -6.160626951427977005, -2.407864192446851348, -23.05798406396745293 ) ) ;
#6569 = ORIENTED_EDGE ( 'NONE', *, *, #6600, .F. ) ;
#6570 = DIRECTION ( 'NONE',  ( 0.0000000000000000000, 0.0000000000000000000, 1.000000000000000000 ) ) ;
#6571 = SURFACE_SIDE_STYLE ('',( #5341 ) ) ;
#6572 = CARTESIAN_POINT ( 'NONE',  ( 2.754458519321156817, 1.886978724230149895, -23.64459860306527972 ) ) ;
#6573 =( NAMED_UNIT ( * ) SI_UNIT ( $, .STERADIAN. ) SOLID_ANGLE_UNIT ( ) );
#6574 = COLOUR_RGB ( '',0.2509803921568627416, 0.2509803921568627416, 0.2509803921568627416 ) ;
#6575 = SURFACE_SIDE_STYLE ('',( #6066 ) ) ;
#6576 = FACE_OUTER_BOUND ( 'NONE', #5215, .T. ) ;
#6577 = STYLED_ITEM ( 'NONE', ( #6768 ), #7936 ) ;
#6578 = ORIENTED_EDGE ( 'NONE', *, *, #4261, .T. ) ;
#6579 = CARTESIAN_POINT ( 'NONE',  ( -6.336395993654732273, -1.568269227114549969, -21.29116794923787737 ) ) ;
#6580 = DIRECTION ( 'NONE',  ( -0.9479016385291566538, -0.3185631549218146397, 0.0000000000000000000 ) ) ;
#6581 = PRESENTATION_STYLE_ASSIGNMENT (( #3681 ) ) ;
#6582 = CIRCLE ( 'NONE', #5379, 0.2499999999999959477 ) ;
#6583 = SURFACE_STYLE_FILL_AREA ( #750 ) ;
#6584 = EDGE_LOOP ( 'NONE', ( #3622, #4859, #3515, #7822 ) ) ;
#6585 = SURFACE_STYLE_FILL_AREA ( #1509 ) ;
#6586 = MECHANICAL_DESIGN_GEOMETRIC_PRESENTATION_REPRESENTATION (  '', ( #1578 ), #8698 ) ;
#6587 = CARTESIAN_POINT ( 'NONE',  ( 3.013308306279733451, -0.6999999999999996225, -26.05000000402822735 ) ) ;
#6588 = ADVANCED_FACE ( 'NONE', ( #7482 ), #8254, .F. ) ;
#6589 = FACE_OUTER_BOUND ( 'NONE', #1140, .T. ) ;
#6590 = CARTESIAN_POINT ( 'NONE',  ( 6.316880344890968502, -1.545372342530291654, -21.13504275912776720 ) ) ;
#6591 = VECTOR ( 'NONE', #1424, 1000.000000000000000 ) ;
#6592 = CARTESIAN_POINT ( 'NONE',  ( 2.939759927129272477, -1.600361105812314166, -23.40028572738022206 ) ) ;
#6593 = PRESENTATION_LAYER_ASSIGNMENT (  '', '', ( #1289 ) ) ;
#6594 = ORIENTED_EDGE ( 'NONE', *, *, #8847, .F. ) ;
#6595 = CARTESIAN_POINT ( 'NONE',  ( -3.203937380527203338, -0.4876087726535984213, -29.25436310160935349 ) ) ;
#6596 = SURFACE_SIDE_STYLE ('',( #5133 ) ) ;
#6597 = SURFACE_STYLE_USAGE ( .BOTH. , #297 ) ;
#6598 = EDGE_LOOP ( 'NONE', ( #2815, #6699, #3613, #5585 ) ) ;
#6599 = CARTESIAN_POINT ( 'NONE',  ( -1.872832080032804658, 0.9499999999999997335, -29.50000000000000355 ) ) ;
#6600 = EDGE_CURVE ( 'NONE', #69, #6187, #6966, .T. ) ;
#6601 = DIRECTION ( 'NONE',  ( 0.2420797396332735885, 0.0000000000000000000, 0.9702563577009359896 ) ) ;
#6602 = CARTESIAN_POINT ( 'NONE',  ( -5.412426587548079482, -2.749420368596405595, -0.2500000000000071609 ) ) ;
#6603 = FACE_OUTER_BOUND ( 'NONE', #6742, .T. ) ;
#6604 =( NAMED_UNIT ( * ) PLANE_ANGLE_UNIT ( ) SI_UNIT ( $, .RADIAN. ) );
#6605 =( NAMED_UNIT ( * ) SI_UNIT ( $, .STERADIAN. ) SOLID_ANGLE_UNIT ( ) );
#6606 = ORIENTED_EDGE ( 'NONE', *, *, #2591, .F. ) ;
#6607 = CARTESIAN_POINT ( 'NONE',  ( -3.251274253263784164, 0.4874408852432878803, -26.57429458607380468 ) ) ;
#6608 = CARTESIAN_POINT ( 'NONE',  ( 6.023290474199633593, 2.571956637239774857, -23.07764767554831309 ) ) ;
#6609 = CARTESIAN_POINT ( 'NONE',  ( 3.222206779065093674, 0.4873835007950510501, -28.22149008157811423 ) ) ;
#6610 = DIRECTION ( 'NONE',  ( 0.0000000000000000000, 0.0000000000000000000, 1.000000000000000000 ) ) ;
#6611 = CARTESIAN_POINT ( 'NONE',  ( -5.800000000000008704, 3.149999999999999911, 0.0000000000000000000 ) ) ;
#6612 = CARTESIAN_POINT ( 'NONE',  ( -6.180271013676017056, -1.384904610932400582, -20.04216810940815563 ) ) ;
#6613 = PRESENTATION_LAYER_ASSIGNMENT (  '', '', ( #2218 ) ) ;
#6614 = CARTESIAN_POINT ( 'NONE',  ( -3.171568927771386104, 0.9483565125279401764, -25.33132917683215979 ) ) ;
#6615 = CARTESIAN_POINT ( 'NONE',  ( 3.063714927207926930, -1.029628659052467032, -29.75436310162560360 ) ) ;
#6616 =( LENGTH_UNIT ( ) NAMED_UNIT ( * ) SI_UNIT ( .MILLI., .METRE. ) );
#6617 = EDGE_LOOP ( 'NONE', ( #2980, #782, #3369, #5311 ) ) ;
#6618 = CARTESIAN_POINT ( 'NONE',  ( -6.095925477503308265, -2.489179806921348437, -23.06726102840791981 ) ) ;
#6619 = ORIENTED_EDGE ( 'NONE', *, *, #4528, .F. ) ;
#6620 = FACE_OUTER_BOUND ( 'NONE', #770, .T. ) ;
#6621 = DIRECTION ( 'NONE',  ( -0.01764690081900220989, 0.0000000000000000000, 0.9998442813215888680 ) ) ;
#6622 = CARTESIAN_POINT ( 'NONE',  ( -0.5262763198432072187, 3.323250103098051689, -23.53869906408763057 ) ) ;
#6623 = MECHANICAL_DESIGN_GEOMETRIC_PRESENTATION_REPRESENTATION (  '', ( #2080 ), #4497 ) ;
#6624 = FACE_OUTER_BOUND ( 'NONE', #527, .T. ) ;
#6625 = FACE_OUTER_BOUND ( 'NONE', #7093, .T. ) ;
#6626 = FILL_AREA_STYLE ('',( #4342 ) ) ;
#6627 = UNCERTAINTY_MEASURE_WITH_UNIT (LENGTH_MEASURE( 1.000000000000000082E-05 ), #7437, 'distance_accuracy_value', 'NONE');
#6628 = VERTEX_POINT ( 'NONE', #1637 ) ;
#6629 = CARTESIAN_POINT ( 'NONE',  ( -1.279002806385804103, 3.206160996100532845, -23.51942546254695543 ) ) ;
#6630 =( NAMED_UNIT ( * ) PLANE_ANGLE_UNIT ( ) SI_UNIT ( $, .RADIAN. ) );
#6631 = CARTESIAN_POINT ( 'NONE',  ( -2.955957632331234652, 0.0000000000000000000, -31.50000000000000000 ) ) ;
#6632 = ORIENTED_EDGE ( 'NONE', *, *, #7635, .F. ) ;
#6633 =( NAMED_UNIT ( * ) SI_UNIT ( $, .STERADIAN. ) SOLID_ANGLE_UNIT ( ) );
#6634 = COLOUR_RGB ( '',0.2509803921568627416, 0.2509803921568627416, 0.2509803921568627416 ) ;
#6635 = PLANE ( 'NONE',  #396 ) ;
#6636 =( BOUNDED_SURFACE ( )  B_SPLINE_SURFACE ( 3, 2, ( 
 ( #6237, #1101, #5372 ),
 ( #1146, #4084, #6990 ),
 ( #360, #5524, #1814 ),
 ( #6152, #9011, #2527 ) ),
 .UNSPECIFIED., .F., .F., .T. ) 
 B_SPLINE_SURFACE_WITH_KNOTS ( ( 4, 4 ),
 ( 3, 3 ),
 ( 0.0000000000000000000, 0.0009001401524790993451 ),
 ( 0.0000000000000000000, 1.000000000000000000 ),
 .UNSPECIFIED. ) 
 GEOMETRIC_REPRESENTATION_ITEM ( )  RATIONAL_B_SPLINE_SURFACE ( (
 ( 1.000000000000000000, 0.7576472942965197799, 1.000000000000000000),
 ( 1.000000000000000000, 0.7575631086624302624, 1.000000000000000000),
 ( 1.000000000000000000, 0.7574793441838040264, 1.000000000000000000),
 ( 1.000000000000000000, 0.7573959945955296424, 1.000000000000000000) ) ) 
 REPRESENTATION_ITEM ( '' )  SURFACE ( )  );
#6637 = CARTESIAN_POINT ( 'NONE',  ( 3.171702740501153972, 0.8624181104647008489, -26.75143834046742342 ) ) ;
#6638 = CARTESIAN_POINT ( 'NONE',  ( -1.979898987322334047, -0.6999999999999999556, -26.56915799020920588 ) ) ;
#6639 = AXIS2_PLACEMENT_3D ( 'NONE', #8986, #7484, #3067 ) ;
#6640 = ORIENTED_EDGE ( 'NONE', *, *, #1474, .T. ) ;
#6641 = CARTESIAN_POINT ( 'NONE',  ( 1.871420061658902512, -4.577485074376067331, -29.75000000000000000 ) ) ;
#6642 = ORIENTED_EDGE ( 'NONE', *, *, #861, .T. ) ;
#6643 = CARTESIAN_POINT ( 'NONE',  ( 1.872388150728024225, -3.309548376258907521, -23.45936070531320539 ) ) ;
#6645 = STYLED_ITEM ( 'NONE', ( #908 ), #4689 ) ;
#6644 = CARTESIAN_POINT ( 'NONE',  ( -2.965592591092354624, 0.9966524939202091593, -29.50000000000000355 ) ) ;
#6646 = CARTESIAN_POINT ( 'NONE',  ( -1.223091024610782229, -3.082643084310585646, -23.30938451861968730 ) ) ;
#6647 = CARTESIAN_POINT ( 'NONE',  ( -5.021694169312819866, 3.058176305891280311, -21.47721983868527929 ) ) ;
#6648 = DIRECTION ( 'NONE',  ( 1.000000000000000000, 0.0000000000000000000, -0.0000000000000000000 ) ) ;
#6649 = CARTESIAN_POINT ( 'NONE',  ( 1.437642309908171212, 3.326653165188385053, -23.25792224992404655 ) ) ;
#6650 = ORIENTED_EDGE ( 'NONE', *, *, #1064, .F. ) ;
#6651 = CARTESIAN_POINT ( 'NONE',  ( 6.519762775000654820, 1.546441044292286904, -22.75810220009762475 ) ) ;
#6652 = CARTESIAN_POINT ( 'NONE',  ( -5.084688243756340320, 3.050829997334951749, -21.96362859650265520 ) ) ;
#6653 = STYLED_ITEM ( 'NONE', ( #6126 ), #4922 ) ;
#6654 = FILL_AREA_STYLE_COLOUR ( '', #5040 ) ;
#6655 = ADVANCED_FACE ( 'NONE', ( #8346 ), #1181, .T. ) ;
#6656 = EDGE_CURVE ( 'NONE', #4997, #5765, #5633, .T. ) ;
#6657 = CARTESIAN_POINT ( 'NONE',  ( -6.067730761950960172, 2.742094147191998843, -19.14184609560768990 ) ) ;
#6658 =( NAMED_UNIT ( * ) SI_UNIT ( $, .STERADIAN. ) SOLID_ANGLE_UNIT ( ) );
#6659 = CARTESIAN_POINT ( 'NONE',  ( -3.149912906151641767, 1.027518800200614146, -25.10436310160459428 ) ) ;
#6660 = VERTEX_POINT ( 'NONE', #8786 ) ;
#6661 = B_SPLINE_CURVE_WITH_KNOTS ( 'NONE', 3,
 ( #6168, #8297, #7476, #3918, #4009, #6819, #8386, #9026, #328, #7618, #4672, #7573, #1073, #3962, #374, #3260, #1871, #2543, #1112, #6915, #9074, #2588, #7662, #1958, #500, #1390, #1918, #3443, #6431, #4860, #3392, #4228, #9299 ),
 .UNSPECIFIED., .F., .F.,
 ( 4, 1, 1, 1, 1, 2, 2, 2, 2, 2, 1, 1, 2, 2, 2, 1, 1, 1, 2, 2, 4 ),
 ( 0.0000000000000000000, 0.1249999999999930334, 0.1874999999999897027, 0.2187499999999882594, 0.2343749999999876488, 0.2421874999999873712, 0.2499999999999870659, 0.3749999999999812927, 0.4062499999999797384, 0.4218749999999796274, 0.4374999999999795719, 0.4687499999999798495, 0.4843749999999797939, 0.4999999999999796829, 0.6249999999999770184, 0.6874999999999759082, 0.7187499999999754641, 0.7343749999999761302, 0.7421874999999773515, 0.7499999999999785727, 1.000000000000000000 ),
 .UNSPECIFIED. ) ;
#6662 = CARTESIAN_POINT ( 'NONE',  ( -3.235316645638133259, 0.7091146888383983438, -25.19481864016218253 ) ) ;
#6663 = VERTEX_POINT ( 'NONE', #16 ) ;
#6664 = CARTESIAN_POINT ( 'NONE',  ( 3.236742971957816017, -0.6999999999999994005, -25.60380293868477253 ) ) ;
#6665 = CARTESIAN_POINT ( 'NONE',  ( 8.050000000000000711, 3.149999999999999911, -18.87548450340289463 ) ) ;
#6666 = CARTESIAN_POINT ( 'NONE',  ( 0.5264041032155986066, 3.346927267721414356, -23.48739482065580475 ) ) ;
#6667 = DIRECTION ( 'NONE',  ( -1.000000000000000000, 0.0000000000000000000, 0.0000000000000000000 ) ) ;
#6668 = SURFACE_STYLE_USAGE ( .BOTH. , #1028 ) ;
#6669 = UNCERTAINTY_MEASURE_WITH_UNIT (LENGTH_MEASURE( 1.000000000000000082E-05 ), #370, 'distance_accuracy_value', 'NONE');
#6670 = CARTESIAN_POINT ( 'NONE',  ( -1.872832080032804658, -0.9499999999999998446, -28.10000000000000497 ) ) ;
#6671 = MECHANICAL_DESIGN_GEOMETRIC_PRESENTATION_REPRESENTATION (  '', ( #3794 ), #5630 ) ;
#6672 =( LENGTH_UNIT ( ) NAMED_UNIT ( * ) SI_UNIT ( .MILLI., .METRE. ) );
#6673 = CARTESIAN_POINT ( 'NONE',  ( 2.826775610078679613, -0.9499999999999995115, -29.75000000000000355 ) ) ;
#6674 = CARTESIAN_POINT ( 'NONE',  ( -4.860813780662753381, -2.875358454448234014, -20.22822021129190517 ) ) ;
#6675 = SURFACE_SIDE_STYLE ('',( #4589 ) ) ;
#6676 = EDGE_CURVE ( 'NONE', #6548, #3085, #7191, .T. ) ;
#6677 = CARTESIAN_POINT ( 'NONE',  ( -2.861741315536934227, 0.9499999999999995115, -28.10000000000000497 ) ) ;
#6678 = ORIENTED_EDGE ( 'NONE', *, *, #7923, .F. ) ;
#6679 = SURFACE_STYLE_FILL_AREA ( #8265 ) ;
#6680 = CARTESIAN_POINT ( 'NONE',  ( -5.874012561028490786, -2.843729293305461869, -21.36756010271529860 ) ) ;
#6681 = FILL_AREA_STYLE ('',( #7396 ) ) ;
#6682 = CYLINDRICAL_SURFACE ( 'NONE', #5930, 0.2500000000000000000 ) ;
#6683 = FILL_AREA_STYLE ('',( #3833 ) ) ;
#6684 = MECHANICAL_DESIGN_GEOMETRIC_PRESENTATION_REPRESENTATION (  '', ( #8376 ), #478 ) ;
#6685 =( NAMED_UNIT ( * ) PLANE_ANGLE_UNIT ( ) SI_UNIT ( $, .RADIAN. ) );
#6686 = CARTESIAN_POINT ( 'NONE',  ( 3.056321484580645009, 1.860574700920092139, -23.39174451594344006 ) ) ;
#6687 = VERTEX_POINT ( 'NONE', #1538 ) ;
#6688 = CARTESIAN_POINT ( 'NONE',  ( -4.686546425784773540, -2.643259330195582457, -1.582935171828836474E-15 ) ) ;
#6689 =( NAMED_UNIT ( * ) PLANE_ANGLE_UNIT ( ) SI_UNIT ( $, .RADIAN. ) );
#6690 = ORIENTED_EDGE ( 'NONE', *, *, #6375, .T. ) ;
#6691 = CARTESIAN_POINT ( 'NONE',  ( -6.316880344890968502, 1.545372342530288989, -21.13504275912776720 ) ) ;
#6692 = STYLED_ITEM ( 'NONE', ( #7853 ), #6722 ) ;
#6693 =( BOUNDED_SURFACE ( )  B_SPLINE_SURFACE ( 3, 3, ( 
 ( #1280, #579, #6240, #2620 ),
 ( #1946, #4986, #2801, #5701 ),
 ( #6948, #7083, #3472, #446 ),
 ( #4935, #4040, #5614, #1904 ) ),
 .UNSPECIFIED., .F., .F., .T. ) 
 B_SPLINE_SURFACE_WITH_KNOTS ( ( 4, 4 ),
 ( 4, 4 ),
 ( 0.0000000000000000000, 1.000000000000000000 ),
 ( 0.0000000000000000000, 1.000000000000000000 ),
 .UNSPECIFIED. ) 
 GEOMETRIC_REPRESENTATION_ITEM ( )  RATIONAL_B_SPLINE_SURFACE ( (
 ( 1.000000000000000000, 0.9960104784910838172, 0.9960104784910838172, 1.000000000000000000),
 ( 0.8047378541212074632, 0.8015273351431518867, 0.8015273351431518867, 0.8047378541212074632),
 ( 0.8047378541212074632, 0.8015273351431518867, 0.8015273351431518867, 0.8047378541212074632),
 ( 1.000000000000000000, 0.9960104784910838172, 0.9960104784910838172, 1.000000000000000000) ) ) 
 REPRESENTATION_ITEM ( '' )  SURFACE ( )  );
#6694 = CARTESIAN_POINT ( 'NONE',  ( 1.726669220989236919, 4.223425167547119941, -29.50000000000000355 ) ) ;
#6695 = CARTESIAN_POINT ( 'NONE',  ( 6.168942782474688080, -2.730817360200660016, -22.81024535197376224 ) ) ;
#6696 = CARTESIAN_POINT ( 'NONE',  ( -5.077738624651448873, 3.017755088620963644, -21.05469134363643846 ) ) ;
#6697 = CARTESIAN_POINT ( 'NONE',  ( -1.327225430924197980, 3.329678907892047235, -23.47958468072819826 ) ) ;
#6698 = CARTESIAN_POINT ( 'NONE',  ( -2.934960510895687325, 0.8220754102750471581, -28.12538607422905912 ) ) ;
#6699 = ORIENTED_EDGE ( 'NONE', *, *, #8845, .T. ) ;
#6700 = COLOUR_RGB ( '',0.2509803921568627416, 0.2509803921568627416, 0.2509803921568627416 ) ;
#6701 =( NAMED_UNIT ( * ) SI_UNIT ( $, .STERADIAN. ) SOLID_ANGLE_UNIT ( ) );
#6702 = CARTESIAN_POINT ( 'NONE',  ( 4.992950293751204249, -2.960847196383306290, -20.85271996550762807 ) ) ;
#6703 = CARTESIAN_POINT ( 'NONE',  ( -6.049999999999997158, 2.744927974232792334, -18.87548450340289463 ) ) ;
#6704 = MECHANICAL_DESIGN_GEOMETRIC_PRESENTATION_REPRESENTATION (  '', ( #38 ), #7762 ) ;
#6705 = CIRCLE ( 'NONE', #7925, 1.224999999999999201 ) ;
#6706 = CARTESIAN_POINT ( 'NONE',  ( 6.180271013676005509, -1.384904610932401248, -20.04216810940807747 ) ) ;
#6707 = EDGE_CURVE ( 'NONE', #317, #4408, #7404, .T. ) ;
#6708 = EDGE_CURVE ( 'NONE', #6826, #3511, #4339, .T. ) ;
#6709 = CARTESIAN_POINT ( 'NONE',  ( -2.955957632331235097, 5.911915264662468417, -31.50000000000000355 ) ) ;
#6710 = CARTESIAN_POINT ( 'NONE',  ( 1.942617827404322428, 4.720417531513624532, -25.24876908820928278 ) ) ;
#6711 = ORIENTED_EDGE ( 'NONE', *, *, #5315, .F. ) ;
#6712 = CARTESIAN_POINT ( 'NONE',  ( -6.049999999999998046, -1.400739682943416442, -18.95849679387737652 ) ) ;
#6713 = CARTESIAN_POINT ( 'NONE',  ( -6.275440124205146297, -2.054153158588039485, -23.04125959498773213 ) ) ;
#6714 = EDGE_LOOP ( 'NONE', ( #3842, #5756, #8699, #3583 ) ) ;
#6715 = CARTESIAN_POINT ( 'NONE',  ( 0.6039835345044898274, 3.283424983631090477, -23.65961810515906549 ) ) ;
#6716 = CARTESIAN_POINT ( 'NONE',  ( -1.899604555597854905, -4.633681572372109869, -27.99876908820495558 ) ) ;
#6717 = VECTOR ( 'NONE', #7696, 1000.000000000000000 ) ;
#6718 = PRESENTATION_STYLE_ASSIGNMENT (( #2345 ) ) ;
#6719 = CARTESIAN_POINT ( 'NONE',  ( -1.265088804136708989, 3.331551573991649917, -23.44939137582604971 ) ) ;
#6720 =( LENGTH_UNIT ( ) NAMED_UNIT ( * ) SI_UNIT ( .MILLI., .METRE. ) );
#6721 = CARTESIAN_POINT ( 'NONE',  ( 6.050000000000009592, -1.400739683024801341, -12.26906492721187902 ) ) ;
#6722 = ADVANCED_FACE ( 'NONE', ( #2204 ), #3121, .T. ) ;
#6723 = CARTESIAN_POINT ( 'NONE',  ( 6.049999999999998046, -1.400739682939915021, -18.95849679387758258 ) ) ;
#6724 = SURFACE_SIDE_STYLE ('',( #6501 ) ) ;
#6725 = DIRECTION ( 'NONE',  ( -0.3185631549218136405, -0.9479016385291569868, 0.0000000000000000000 ) ) ;
#6726 = CARTESIAN_POINT ( 'NONE',  ( 2.877370061222676245, 0.9499999999999995115, -26.75000000000000000 ) ) ;
#6727 = PRESENTATION_STYLE_ASSIGNMENT (( #1127 ) ) ;
#6728 = ORIENTED_EDGE ( 'NONE', *, *, #8617, .T. ) ;
#6729 = AXIS2_PLACEMENT_3D ( 'NONE', #8249, #8340, #5442 ) ;
#6730 =( LENGTH_UNIT ( ) NAMED_UNIT ( * ) SI_UNIT ( .MILLI., .METRE. ) );
#6731 =( LENGTH_UNIT ( ) NAMED_UNIT ( * ) SI_UNIT ( .MILLI., .METRE. ) );
#6732 = CARTESIAN_POINT ( 'NONE',  ( -6.180271013676003733, 1.384904610932400360, -20.04216810940805260 ) ) ;
#6733 = DIRECTION ( 'NONE',  ( 0.0000000000000000000, 1.000000000000000000, 0.0000000000000000000 ) ) ;
#6734 = B_SPLINE_CURVE_WITH_KNOTS ( 'NONE', 3,
 ( #8581, #9230, #6357, #4877, #7679, #9094, #2742, #2607, #7119, #9137 ),
 .UNSPECIFIED., .F., .F.,
 ( 4, 2, 2, 2, 4 ),
 ( 0.0000000000000000000, 0.2500000000000000000, 0.5000000000000000000, 0.7500000000000000000, 1.000000000000000000 ),
 .UNSPECIFIED. ) ;
#6735 = UNCERTAINTY_MEASURE_WITH_UNIT (LENGTH_MEASURE( 1.000000000000000082E-05 ), #833, 'distance_accuracy_value', 'NONE');
#6736 = CARTESIAN_POINT ( 'NONE',  ( 0.2138637686348362488, -3.349596142802379273, -23.49427291120915484 ) ) ;
#6737 = CARTESIAN_POINT ( 'NONE',  ( 3.360951451964931724, 1.219549148041756625, -23.36894784951457282 ) ) ;
#6738 = VERTEX_POINT ( 'NONE', #9282 ) ;
#6739 = CARTESIAN_POINT ( 'NONE',  ( -0.6783467682006031341, -3.344695236847168740, -23.40965624451331095 ) ) ;
#6740 = CARTESIAN_POINT ( 'NONE',  ( -4.781516572172438195, -2.884292228722029616, -19.61585814042070908 ) ) ;
#6741 = MECHANICAL_DESIGN_GEOMETRIC_PRESENTATION_REPRESENTATION (  '', ( #6892 ), #2642 ) ;
#6742 = EDGE_LOOP ( 'NONE', ( #1803, #2842, #4514, #6524, #7807 ) ) ;
#6743 = CARTESIAN_POINT ( 'NONE',  ( 6.264568529662136953, -2.127873017556950686, -23.04285855663693283 ) ) ;
#6744 = B_SPLINE_CURVE_WITH_KNOTS ( 'NONE', 3,
 ( #4902, #1200, #9068, #495, #2583, #8381 ),
 .UNSPECIFIED., .F., .F.,
 ( 4, 2, 4 ),
 ( 0.0000000000000000000, 0.5000000000000000000, 1.000000000000000000 ),
 .UNSPECIFIED. ) ;
#6745 = CARTESIAN_POINT ( 'NONE',  ( -1.914376003281623273, -4.664091817133391160, -27.00290886362657972 ) ) ;
#6746 = CARTESIAN_POINT ( 'NONE',  ( -2.925000000000000266, -4.238084680662899344E-17, 0.0000000000000000000 ) ) ;
#6747 = CARTESIAN_POINT ( 'NONE',  ( -2.577834403312774025, 2.147340892923247591, -23.65756718212253773 ) ) ;
#6748 = CARTESIAN_POINT ( 'NONE',  ( -3.144239910926354575, 0.8923931553373305459, -27.85436314551301962 ) ) ;
#6749 = DIRECTION ( 'NONE',  ( -0.9998443171225058768, 0.0000000000000000000, 0.01764487228148032411 ) ) ;
#6750 = ORIENTED_EDGE ( 'NONE', *, *, #3744, .T. ) ;
#6751 = CARTESIAN_POINT ( 'NONE',  ( 6.185507138813526318, 2.366977813357604266, -23.05439161130118464 ) ) ;
#6752 = SURFACE_STYLE_FILL_AREA ( #403 ) ;
#6753 = CARTESIAN_POINT ( 'NONE',  ( 2.869514156286899098, -0.8864145748807050751, -29.50000000000000355 ) ) ;
#6754 = SURFACE_STYLE_FILL_AREA ( #4569 ) ;
#6755 = MECHANICAL_DESIGN_GEOMETRIC_PRESENTATION_REPRESENTATION (  '', ( #7667 ), #853 ) ;
#6756 = VERTEX_POINT ( 'NONE', #2844 ) ;
#6757 = CARTESIAN_POINT ( 'NONE',  ( -5.247457868340420717, -2.539490354391350291, -4.391018798566292958E-15 ) ) ;
#6758 = CARTESIAN_POINT ( 'NONE',  ( -5.628372263279119103, -2.715924409197230105, -23.13137764808866592 ) ) ;
#6759 = ORIENTED_EDGE ( 'NONE', *, *, #159, .T. ) ;
#6760 = CARTESIAN_POINT ( 'NONE',  ( -2.861741315536934227, -0.9500000000000018430, -28.10000000000000497 ) ) ;
#6761 = FACE_OUTER_BOUND ( 'NONE', #7981, .T. ) ;
#6762 = EDGE_CURVE ( 'NONE', #7988, #2053, #7533, .T. ) ;
#6763 = FILL_AREA_STYLE ('',( #4525 ) ) ;
#6764 = AXIS2_PLACEMENT_3D ( 'NONE', #7939, #9345, #5038 ) ;
#6765 = COLOUR_RGB ( '',0.2509803921568627416, 0.2509803921568627416, 0.2509803921568627416 ) ;
#6766 = CARTESIAN_POINT ( 'NONE',  ( 4.713855710941729171, -2.891763259629740013, 0.9437742251701408680 ) ) ;
#6767 = VECTOR ( 'NONE', #3758, 1000.000000000000000 ) ;
#6768 = PRESENTATION_STYLE_ASSIGNMENT (( #2448 ) ) ;
#6769 = CARTESIAN_POINT ( 'NONE',  ( -4.713855710941723842, -2.891763259629740901, -18.87548450340289818 ) ) ;
#6770 = CARTESIAN_POINT ( 'NONE',  ( -4.713855710941723842, -2.891763259629740901, -18.87548450340289818 ) ) ;
#6771 = CARTESIAN_POINT ( 'NONE',  ( -0.8582280433308137058, -3.228825671837269429, -23.60634340939571985 ) ) ;
#6772 = ORIENTED_EDGE ( 'NONE', *, *, #5892, .T. ) ;
#6773 = DIRECTION ( 'NONE',  ( -0.0000000000000000000, 0.0000000000000000000, 1.000000000000000000 ) ) ;
#6774 = CARTESIAN_POINT ( 'NONE',  ( 6.329744543988375050, 1.569044888106412072, -21.23795635190701958 ) ) ;
#6775 = COLOUR_RGB ( '',0.2509803921568627416, 0.2509803921568627416, 0.2509803921568627416 ) ;
#6776 = CARTESIAN_POINT ( 'NONE',  ( 3.220691513254423377, 0.6999999999999996225, -26.50380041635313688 ) ) ;
#6777 = PRESENTATION_LAYER_ASSIGNMENT (  '', '', ( #7087 ) ) ;
#6778 = CARTESIAN_POINT ( 'NONE',  ( 5.826732071557204407, -2.737133033197304055, -20.81927349458799981 ) ) ;
#6779 = VERTEX_POINT ( 'NONE', #6276 ) ;
#6780 = EDGE_CURVE ( 'NONE', #5179, #7423, #3721, .T. ) ;
#6781 = CARTESIAN_POINT ( 'NONE',  ( 1.979898987322333603, 0.6999999999999997335, -25.35000000000000497 ) ) ;
#6782 = EDGE_CURVE ( 'NONE', #8220, #3116, #8233, .T. ) ;
#6783 = CARTESIAN_POINT ( 'NONE',  ( -5.540589037919829707, -2.966769554476470727, -21.41103166111387424 ) ) ;
#6784 = SURFACE_STYLE_FILL_AREA ( #850 ) ;
#6785 = CARTESIAN_POINT ( 'NONE',  ( -2.998813866467186173, 0.9955033872826853925, -28.10000000000000497 ) ) ;
#6786 = DIRECTION ( 'NONE',  ( -0.0000000000000000000, -0.0000000000000000000, 1.000000000000000000 ) ) ;
#6787 = CARTESIAN_POINT ( 'NONE',  ( 5.645440128033443195, -2.274351865065017630, -3.252606517456514091E-15 ) ) ;
#6788 = APPLICATION_CONTEXT ( 'automotive_design' ) ;
#6789 = CARTESIAN_POINT ( 'NONE',  ( -1.755541667288228691, -4.282270775395513596, -28.10000000000000497 ) ) ;
#6790 = ORIENTED_EDGE ( 'NONE', *, *, #2537, .F. ) ;
#6791 = SURFACE_STYLE_FILL_AREA ( #3890 ) ;
#6792 = CARTESIAN_POINT ( 'NONE',  ( -3.005366193732539326, -0.4500000000000002887, -26.50000000000000711 ) ) ;
#6793 = B_SPLINE_CURVE_WITH_KNOTS ( 'NONE', 3,
 ( #8651, #1262, #687, #5011, #9362, #4871, #2869, #3452, #1972, #6353, #3501, #1358, #7757, #2688 ),
 .UNSPECIFIED., .F., .F.,
 ( 4, 2, 2, 2, 2, 2, 4 ),
 ( 7.581774452139934382E-10, 0.1250000006634048311, 0.2500000005686321969, 0.5000000003790880942, 0.7500000001895439361, 0.8750000000947719681, 1.000000000000000000 ),
 .UNSPECIFIED. ) ;
#6794 = PRESENTATION_LAYER_ASSIGNMENT (  '', '', ( #4817 ) ) ;
#6795 = EDGE_LOOP ( 'NONE', ( #4707, #454, #1357, #8028 ) ) ;
#6796 = SURFACE_SIDE_STYLE ('',( #7509 ) ) ;
#6797 = CARTESIAN_POINT ( 'NONE',  ( -1.811462300288617655, 4.430828659074964371, -29.50000000000000000 ) ) ;
#6798 = CARTESIAN_POINT ( 'NONE',  ( 6.078850829160079350, -2.508563590965888324, -23.06970227998177592 ) ) ;
#6799 = CARTESIAN_POINT ( 'NONE',  ( -3.114753680774217770, -1.028375194631079736, -27.00290886362658327 ) ) ;
#6800 = DIRECTION ( 'NONE',  ( -0.2420797396414134939, 0.0000000000000000000, 0.9702563576989050587 ) ) ;
#6801 = CARTESIAN_POINT ( 'NONE',  ( -3.187685826374565323, 0.6999999999999998446, -28.35379515955781571 ) ) ;
#6802 = EDGE_LOOP ( 'NONE', ( #401, #4481, #2972, #1344 ) ) ;
#6803 = CARTESIAN_POINT ( 'NONE',  ( 6.336395963635931494, 1.568269230615343401, -21.29116770908747114 ) ) ;
#6804 = CARTESIAN_POINT ( 'NONE',  ( 3.121303734754308667, 0.9489312141438942527, -28.08095935237802365 ) ) ;
#6805 = CARTESIAN_POINT ( 'NONE',  ( -1.861692450849444791, 3.060240854081325956, -23.45982257102892632 ) ) ;
#6806 = EDGE_CURVE ( 'NONE', #49, #7423, #2152, .T. ) ;
#6807 = AXIS2_PLACEMENT_3D ( 'NONE', #5800, #546, #5665 ) ;
#6808 = B_SPLINE_CURVE_WITH_KNOTS ( 'NONE', 3,
 ( #6267, #520, #7068, #4074 ),
 .UNSPECIFIED., .F., .F.,
 ( 4, 4 ),
 ( 0.0000000000000000000, 1.000000000000000000 ),
 .UNSPECIFIED. ) ;
#6809 =( LENGTH_UNIT ( ) NAMED_UNIT ( * ) SI_UNIT ( .MILLI., .METRE. ) );
#6810 = SURFACE_STYLE_USAGE ( .BOTH. , #3908 ) ;
#6811 = PRESENTATION_STYLE_ASSIGNMENT (( #5480 ) ) ;
#6812 = CARTESIAN_POINT ( 'NONE',  ( -3.049582145296544589, 0.9947903578313946893, -25.35000000000001208 ) ) ;
#6813 = AXIS2_PLACEMENT_3D ( 'NONE', #2262, #6773, #4018 ) ;
#6814 = DIRECTION ( 'NONE',  ( 1.000000000000000000, -0.0000000000000000000, 0.0000000000000000000 ) ) ;
#6815 = ORIENTED_EDGE ( 'NONE', *, *, #4046, .T. ) ;
#6816 =( BOUNDED_CURVE ( )  B_SPLINE_CURVE ( 3, ( #619, #5615, #2662, #4217 ),
 .UNSPECIFIED., .F., .F. ) 
 B_SPLINE_CURVE_WITH_KNOTS ( ( 4, 4 ),
 ( 0.0000000000000000000, 1.000000000000000000 ),
 .UNSPECIFIED. ) 
 CURVE ( )  GEOMETRIC_REPRESENTATION_ITEM ( )  RATIONAL_B_SPLINE_CURVE ( ( 1.000001035222656265, 1.000001033213480106, 1.000001031201830370, 1.000001029187712165 ) ) 
 REPRESENTATION_ITEM ( '' )  );
#6817 = FILL_AREA_STYLE ('',( #2586 ) ) ;
#6818 = EDGE_LOOP ( 'NONE', ( #3438, #9012, #3682, #6728 ) ) ;
#6819 = CARTESIAN_POINT ( 'NONE',  ( -6.282826917662086785, 2.004150493572743219, -23.04017319547099873 ) ) ;
#6820 = CARTESIAN_POINT ( 'NONE',  ( 1.872388150750108560, 3.309548376257949620, -23.45936070531224971 ) ) ;
#6821 = PRESENTATION_STYLE_ASSIGNMENT (( #7531 ) ) ;
#6822 = DIRECTION ( 'NONE',  ( 0.0000000000000000000, 0.0000000000000000000, 1.000000000000000000 ) ) ;
#6823 = CIRCLE ( 'NONE', #1061, 0.2500000000000001665 ) ;
#6824 = B_SPLINE_CURVE_WITH_KNOTS ( 'NONE', 3,
 ( #6612, #113, #5899, #4616 ),
 .UNSPECIFIED., .F., .F.,
 ( 4, 4 ),
 ( 0.0000000000000000000, 1.000000000000000000 ),
 .UNSPECIFIED. ) ;
#6825 = CARTESIAN_POINT ( 'NONE',  ( -0.7558223012909404126, -3.254615403296448495, -23.60296381378734054 ) ) ;
#6826 = VERTEX_POINT ( 'NONE', #8497 ) ;
#6827 =( GEOMETRIC_REPRESENTATION_CONTEXT ( 3 ) GLOBAL_UNCERTAINTY_ASSIGNED_CONTEXT ( ( #8692 ) ) GLOBAL_UNIT_ASSIGNED_CONTEXT ( ( #6720, #8837, #3010 ) ) REPRESENTATION_CONTEXT ( 'NONE', 'WORKASPACE' ) );
#6828 =( NAMED_UNIT ( * ) PLANE_ANGLE_UNIT ( ) SI_UNIT ( $, .RADIAN. ) );
#6829 = CARTESIAN_POINT ( 'NONE',  ( -6.049999999999999822, 3.149999999999999911, -0.2500000000000012768 ) ) ;
#6830 = CARTESIAN_POINT ( 'NONE',  ( 6.456847973658396356, 2.248233912970976522, -22.76816422867699785 ) ) ;
#6831 = VERTEX_POINT ( 'NONE', #4209 ) ;
#6832 = SURFACE_STYLE_USAGE ( .BOTH. , #989 ) ;
#6833 = FACE_OUTER_BOUND ( 'NONE', #4055, .T. ) ;
#6834 = SURFACE_SIDE_STYLE ('',( #9136 ) ) ;
#6835 = CARTESIAN_POINT ( 'NONE',  ( -1.839629132948765733, 4.487384275966196157, -28.10000000000000497 ) ) ;
#6836 = SURFACE_SIDE_STYLE ('',( #3881 ) ) ;
#6837 = FILL_AREA_STYLE_COLOUR ( '', #4970 ) ;
#6838 = SURFACE_SIDE_STYLE ('',( #8898 ) ) ;
#6839 = EDGE_CURVE ( 'NONE', #4307, #8075, #3222, .T. ) ;
#6840 = UNCERTAINTY_MEASURE_WITH_UNIT (LENGTH_MEASURE( 1.000000000000000082E-05 ), #3362, 'distance_accuracy_value', 'NONE');
#6841 = EDGE_CURVE ( 'NONE', #9031, #4811, #7609, .T. ) ;
#6842 = CARTESIAN_POINT ( 'NONE',  ( 1.755541667288234464, -4.282270775395511819, -28.10000000000000497 ) ) ;
#6843 = CARTESIAN_POINT ( 'NONE',  ( 2.506999755688190668, 2.559125521614710852, -23.42728296745260153 ) ) ;
#6844 = ORIENTED_EDGE ( 'NONE', *, *, #8125, .T. ) ;
#6845 = CARTESIAN_POINT ( 'NONE',  ( -2.962117739245631043, -0.6999999999999996225, -28.95000000565626408 ) ) ;
#6846 = EDGE_LOOP ( 'NONE', ( #3738, #8466, #5636, #6496 ) ) ;
#6847 = CARTESIAN_POINT ( 'NONE',  ( 6.183115345621819081, -2.364228402833565834, -23.05472847449888718 ) ) ;
#6848 = CARTESIAN_POINT ( 'NONE',  ( 1.914361188567531347, -4.664055723290445599, -27.00436310160932862 ) ) ;
#6849 = CARTESIAN_POINT ( 'NONE',  ( -2.869275084791317543, -0.8867702544207763937, -29.50000000000000355 ) ) ;
#6850 = CARTESIAN_POINT ( 'NONE',  ( -3.215852417009670283, 0.5530006348545215555, -28.08118346418493161 ) ) ;
#6851 = ORIENTED_EDGE ( 'NONE', *, *, #3305, .F. ) ;
#6852 = CARTESIAN_POINT ( 'NONE',  ( -1.931425879585301875, 0.8259943559174784955, -26.72694034360441862 ) ) ;
#6853 = CARTESIAN_POINT ( 'NONE',  ( -1.647584942759356297, 3.319210785163865918, -23.21924558605311972 ) ) ;
#6854 = MECHANICAL_DESIGN_GEOMETRIC_PRESENTATION_REPRESENTATION (  '', ( #5028 ), #6401 ) ;
#6855 = CARTESIAN_POINT ( 'NONE',  ( -4.713855711712994001, 2.891763259544980702, -19.02075593405381682 ) ) ;
#6856 = SURFACE_STYLE_FILL_AREA ( #2626 ) ;
#6857 = EDGE_CURVE ( 'NONE', #5201, #1677, #657, .T. ) ;
#6858 = CARTESIAN_POINT ( 'NONE',  ( -0.8453857473202227579, -3.289988444650361110, -23.54679192465011184 ) ) ;
#6859 = CARTESIAN_POINT ( 'NONE',  ( 3.268484528816632650, 0.4868243463146753602, -25.60436310160932649 ) ) ;
#6860 = ORIENTED_EDGE ( 'NONE', *, *, #218, .T. ) ;
#6861 =( NAMED_UNIT ( * ) PLANE_ANGLE_UNIT ( ) SI_UNIT ( $, .RADIAN. ) );
#6862 = CARTESIAN_POINT ( 'NONE',  ( 2.925000000000000711, -1.224999999999999423, 0.0000000000000000000 ) ) ;
#6863 = ORIENTED_EDGE ( 'NONE', *, *, #9306, .F. ) ;
#6864 = CARTESIAN_POINT ( 'NONE',  ( 3.268484528816632650, -0.4868243463146754157, -25.60436310160932649 ) ) ;
#6865 = CARTESIAN_POINT ( 'NONE',  ( 5.933110090219370747, -2.258580951987110286, -0.2500000000000010547 ) ) ;
#6866 = PRESENTATION_LAYER_ASSIGNMENT (  '', '', ( #7025 ) ) ;
#6867 = UNCERTAINTY_MEASURE_WITH_UNIT (LENGTH_MEASURE( 1.000000000000000082E-05 ), #1475, 'distance_accuracy_value', 'NONE');
#6868 = B_SPLINE_CURVE_WITH_KNOTS ( 'NONE', 3,
 ( #9346, #5137, #4414, #7940, #2854, #5041, #52, #2237, #1525, #8641, #4316, #8730, #5798, #7227 ),
 .UNSPECIFIED., .F., .F.,
 ( 4, 2, 2, 2, 2, 2, 4 ),
 ( 7.581774993547276653E-10, 0.1250000006634053584, 0.2500000005686332516, 0.5000000003790888714, 0.7500000001895444912, 0.8750000000947721901, 1.000000000000000000 ),
 .UNSPECIFIED. ) ;
#6869 = FILL_AREA_STYLE ('',( #5396 ) ) ;
#6870 = SURFACE_SIDE_STYLE ('',( #979 ) ) ;
#6871 = ORIENTED_EDGE ( 'NONE', *, *, #1889, .F. ) ;
#6872 =( NAMED_UNIT ( * ) SI_UNIT ( $, .STERADIAN. ) SOLID_ANGLE_UNIT ( ) );
#6873 = CARTESIAN_POINT ( 'NONE',  ( -1.568439464908939041, -2.985923014984529722, -2.168404344971008868E-16 ) ) ;
#6874 = SURFACE_SIDE_STYLE ('',( #7434 ) ) ;
#6875 = B_SPLINE_CURVE_WITH_KNOTS ( 'NONE', 3,
 ( #5151, #5107, #8147, #121, #6662, #4520, #830, #8000 ),
 .UNSPECIFIED., .F., .F.,
 ( 4, 2, 2, 4 ),
 ( 0.0000000000000000000, 0.2500000000000000555, 0.5000000000000001110, 1.000000000000000000 ),
 .UNSPECIFIED. ) ;
#6876 = PRESENTATION_STYLE_ASSIGNMENT (( #1748 ) ) ;
#6877 = CARTESIAN_POINT ( 'NONE',  ( -3.530274340929645760, 0.6089735322492337843, -23.35542245482151458 ) ) ;
#6878 = PRESENTATION_STYLE_ASSIGNMENT (( #3978 ) ) ;
#6879 = CARTESIAN_POINT ( 'NONE',  ( -2.972710554573831931, -0.6999999999999994005, -28.35000000254291308 ) ) ;
#6880 = CARTESIAN_POINT ( 'NONE',  ( -6.272448303477575315, 1.432916833145385871, -20.77958642782062526 ) ) ;
#6881 = CARTESIAN_POINT ( 'NONE',  ( 1.241898298753283614, 3.097668276133789700, -23.72510330486315056 ) ) ;
#6882 = ORIENTED_EDGE ( 'NONE', *, *, #6375, .F. ) ;
#6883 = CARTESIAN_POINT ( 'NONE',  ( 1.071987654570548010, -3.337033284529732136, -23.34862240953868806 ) ) ;
#6884 = AXIS2_PLACEMENT_3D ( 'NONE', #1730, #4768, #6207 ) ;
#6885 = ORIENTED_EDGE ( 'NONE', *, *, #965, .T. ) ;
#6886 = CARTESIAN_POINT ( 'NONE',  ( 5.687205542282491422, -2.700613721649160581, -23.12359104881238991 ) ) ;
#6887 = STYLED_ITEM ( 'NONE', ( #3497 ), #7899 ) ;
#6888 = ADVANCED_FACE ( 'NONE', ( #528 ), #6040, .T. ) ;
#6889 = FILL_AREA_STYLE ('',( #7031 ) ) ;
#6890 = CIRCLE ( 'NONE', #1580, 3.280103582065763135 ) ;
#6891 = CARTESIAN_POINT ( 'NONE',  ( -2.902688034389486305, -0.8221644044885892955, -29.47465536194448177 ) ) ;
#6892 = STYLED_ITEM ( 'NONE', ( #6530 ), #8056 ) ;
#6893 = FILL_AREA_STYLE_COLOUR ( '', #489 ) ;
#6894 = CIRCLE ( 'NONE', #3409, 2.100000000000000089 ) ;
#6895 = ORIENTED_EDGE ( 'NONE', *, *, #2191, .F. ) ;
#6896 = CARTESIAN_POINT ( 'NONE',  ( -2.969867363064837118, 0.7281763094000949232, -28.21729594356174076 ) ) ;
#6897 =( BOUNDED_SURFACE ( )  B_SPLINE_SURFACE ( 3, 3, ( 
 ( #2727, #7190, #3532, #4276 ),
 ( #7852, #7799, #2060, #679 ),
 ( #4953, #6433, #9302, #2862 ),
 ( #3573, #5717, #2113, #5004 ) ),
 .UNSPECIFIED., .F., .F., .F. ) 
 B_SPLINE_SURFACE_WITH_KNOTS ( ( 4, 4 ),
 ( 4, 4 ),
 ( 0.0000000000000000000, 1.000000000000000000 ),
 ( 0.0000000000000000000, 1.000000000000000000 ),
 .UNSPECIFIED. ) 
 GEOMETRIC_REPRESENTATION_ITEM ( )  RATIONAL_B_SPLINE_SURFACE ( (
 ( 1.000000000000000000, 0.3333333333333334259, 0.3333333333333334259, 1.000000000000000000),
 ( 0.8088336327566176820, 0.2696112109188726347, 0.2696112109188726347, 0.8088336327566176820),
 ( 0.8088336327566176820, 0.2696112109188726347, 0.2696112109188726347, 0.8088336327566176820),
 ( 1.000000000000000000, 0.3333333333333334259, 0.3333333333333334259, 1.000000000000000000) ) ) 
 REPRESENTATION_ITEM ( '' )  SURFACE ( )  );
#6898 = CARTESIAN_POINT ( 'NONE',  ( 6.049999999999999822, 1.400735218112128866, -18.87548450340289463 ) ) ;
#6899 = CARTESIAN_POINT ( 'NONE',  ( -5.543290559642818138, 2.990300554088778373, -22.89479102412544265 ) ) ;
#6900 = PRESENTATION_LAYER_ASSIGNMENT (  '', '', ( #1277 ) ) ;
#6901 = ADVANCED_FACE ( 'NONE', ( #3454 ), #1795, .T. ) ;
#6902 = CARTESIAN_POINT ( 'NONE',  ( -2.861741315536934227, 0.9499999999999995115, -28.10000000000000497 ) ) ;
#6903 = ADVANCED_FACE ( 'NONE', ( #6761 ), #4701, .T. ) ;
#6904 = AXIS2_PLACEMENT_3D ( 'NONE', #4364, #7314, #3701 ) ;
#6905 =( GEOMETRIC_REPRESENTATION_CONTEXT ( 3 ) GLOBAL_UNCERTAINTY_ASSIGNED_CONTEXT ( ( #9217 ) ) GLOBAL_UNIT_ASSIGNED_CONTEXT ( ( #5910, #4436, #128 ) ) REPRESENTATION_CONTEXT ( 'NONE', 'WORKASPACE' ) );
#6906 = AXIS2_PLACEMENT_3D ( 'NONE', #6665, #3818, #6570 ) ;
#6907 = CARTESIAN_POINT ( 'NONE',  ( 0.1104741033117392496, -3.344970657754606780, -23.52028066047328281 ) ) ;
#6908 = CARTESIAN_POINT ( 'NONE',  ( 1.279002806407622650, -3.206160996096236726, -23.51942546254382904 ) ) ;
#6909 = PRESENTATION_STYLE_ASSIGNMENT (( #2628 ) ) ;
#6910 = EDGE_LOOP ( 'NONE', ( #1517, #7082, #5275, #686 ) ) ;
#6911 = CARTESIAN_POINT ( 'NONE',  ( -5.800000016939164560, -1.563482951116909048, -8.782037597132585915E-15 ) ) ;
#6912 =( LENGTH_UNIT ( ) NAMED_UNIT ( * ) SI_UNIT ( .MILLI., .METRE. ) );
#6913 = PRESENTATION_LAYER_ASSIGNMENT (  '', '', ( #7361 ) ) ;
#6914 = VERTEX_POINT ( 'NONE', #2589 ) ;
#6915 = CARTESIAN_POINT ( 'NONE',  ( -6.116683197941515715, 2.465886038368679589, -23.06429389230827809 ) ) ;
#6916 = B_SPLINE_CURVE_WITH_KNOTS ( 'NONE', 3,
 ( #5779, #8666, #2175, #5070 ),
 .UNSPECIFIED., .F., .F.,
 ( 4, 4 ),
 ( 0.0000000000000000000, 0.9999990970107380805 ),
 .UNSPECIFIED. ) ;
#6917 = CARTESIAN_POINT ( 'NONE',  ( 5.410504125434290934, -2.750059110694963227, -1.636647117815631695E-14 ) ) ;
#6918 = UNCERTAINTY_MEASURE_WITH_UNIT (LENGTH_MEASURE( 1.000000000000000082E-05 ), #8053, 'distance_accuracy_value', 'NONE');
#6919 = CARTESIAN_POINT ( 'NONE',  ( -6.196964492866818830, -2.338731852076659123, -23.05272515012637768 ) ) ;
#6920 = CARTESIAN_POINT ( 'NONE',  ( 1.853946724414783587, -4.516864885436072896, -26.75000000000000711 ) ) ;
#6921 = SURFACE_SIDE_STYLE ('',( #8306 ) ) ;
#6922 = ORIENTED_EDGE ( 'NONE', *, *, #2739, .T. ) ;
#6923 = DIRECTION ( 'NONE',  ( 0.0000000000000000000, 1.000000000000000000, 0.0000000000000000000 ) ) ;
#6924 =( LENGTH_UNIT ( ) NAMED_UNIT ( * ) SI_UNIT ( .MILLI., .METRE. ) );
#6925 = SURFACE_STYLE_USAGE ( .BOTH. , #4021 ) ;
#6926 = CARTESIAN_POINT ( 'NONE',  ( 6.486500148398241627, 2.246805320206882062, -23.01037815368252382 ) ) ;
#6927 = PRESENTATION_LAYER_ASSIGNMENT (  '', '', ( #2356 ) ) ;
#6928 = CARTESIAN_POINT ( 'NONE',  ( -2.783294574480987382, -2.266092711042249519, -23.41067049152425739 ) ) ;
#6929 = ADVANCED_FACE ( 'NONE', ( #3921 ), #8921, .T. ) ;
#6930 = CARTESIAN_POINT ( 'NONE',  ( 2.925000000000000266, 0.6249999999999996669, 6.599999999999999645 ) ) ;
#6931 = CARTESIAN_POINT ( 'NONE',  ( -2.861741315536934227, -0.9500000000000002887, -28.10000000000000497 ) ) ;
#6932 = CARTESIAN_POINT ( 'NONE',  ( 2.861741315536934227, 0.9499999999999979572, -28.10000000000000497 ) ) ;
#6933 = DIRECTION ( 'NONE',  ( 0.01765117317907039657, 0.0000000000000000000, -0.9998442059068014531 ) ) ;
#6934 = CARTESIAN_POINT ( 'NONE',  ( -5.911667526453317834, 2.309292092116561168, 5.755702836602469471E-15 ) ) ;
#6935 = CARTESIAN_POINT ( 'NONE',  ( -2.877370061222676245, -0.9499999999999997335, -26.75000000000000000 ) ) ;
#6936 =( LENGTH_UNIT ( ) NAMED_UNIT ( * ) SI_UNIT ( .MILLI., .METRE. ) );
#6937 = CARTESIAN_POINT ( 'NONE',  ( -0.6359928295455364866, -3.277236503765508235, -23.66583908159703498 ) ) ;
#6938 = VERTEX_POINT ( 'NONE', #2494 ) ;
#6939 = SURFACE_SIDE_STYLE ('',( #6318 ) ) ;
#6940 = AXIS2_PLACEMENT_3D ( 'NONE', #5569, #2705, #7689 ) ;
#6941 = STYLED_ITEM ( 'NONE', ( #2945 ), #2704 ) ;
#6942 = CARTESIAN_POINT ( 'NONE',  ( -6.174060163142976343, 1.685497752502320479, -20.04720311213451822 ) ) ;
#6943 = CARTESIAN_POINT ( 'NONE',  ( 2.952037432446399823, 0.8220720537108530124, -26.72459797288224337 ) ) ;
#6944 = UNCERTAINTY_MEASURE_WITH_UNIT (LENGTH_MEASURE( 1.000000000000000082E-05 ), #5760, 'distance_accuracy_value', 'NONE');
#6945 = CARTESIAN_POINT ( 'NONE',  ( -3.145106280398779042, 1.146104841498155835, -23.38579836622981034 ) ) ;
#6946 = ORIENTED_EDGE ( 'NONE', *, *, #3858, .T. ) ;
#6947 = ADVANCED_FACE ( 'NONE', ( #4771 ), #522, .T. ) ;
#6948 = CARTESIAN_POINT ( 'NONE',  ( 4.702543834651171650, -2.788829561756628550, 1.590296134315146828E-14 ) ) ;
#6949 = SURFACE_STYLE_USAGE ( .BOTH. , #3038 ) ;
#6950 = CARTESIAN_POINT ( 'NONE',  ( -5.021694169312819866, 3.058176305891280311, -21.47721983868527929 ) ) ;
#6951 = CARTESIAN_POINT ( 'NONE',  ( -1.279002806386253521, 3.206160996101245164, -23.51942546254627331 ) ) ;
#6952 = CARTESIAN_POINT ( 'NONE',  ( -4.713855710941724730, 2.891763259629743565, -18.87548450340289463 ) ) ;
#6953 = CIRCLE ( 'NONE', #1029, 0.2499999999999999445 ) ;
#6954 = CARTESIAN_POINT ( 'NONE',  ( -3.265169270003344337, 0.5476562353931166971, -25.33908452660027066 ) ) ;
#6955 =( BOUNDED_CURVE ( )  B_SPLINE_CURVE ( 3, ( #6974, #5453, #6873, #3402 ),
 .UNSPECIFIED., .F., .T. ) 
 B_SPLINE_CURVE_WITH_KNOTS ( ( 4, 4 ),
 ( 0.0000000000000000000, 1.000000000000000000 ),
 .UNSPECIFIED. ) 
 CURVE ( )  GEOMETRIC_REPRESENTATION_ITEM ( )  RATIONAL_B_SPLINE_CURVE ( ( 1.000000000000000000, 0.9960104784910838172, 0.9960104784910838172, 1.000000000000000000 ) ) 
 REPRESENTATION_ITEM ( '' )  );
#6956 = CARTESIAN_POINT ( 'NONE',  ( 1.969729866933063400, -0.7299567491647973583, -26.63586863906539293 ) ) ;
#6957 = CARTESIAN_POINT ( 'NONE',  ( 2.912274948409522057, 0.9499999999999999556, -25.35000000000000497 ) ) ;
#6958 = ORIENTED_EDGE ( 'NONE', *, *, #517, .F. ) ;
#6959 = EDGE_CURVE ( 'NONE', #2282, #4118, #8669, .T. ) ;
#6960 =( NAMED_UNIT ( * ) SI_UNIT ( $, .STERADIAN. ) SOLID_ANGLE_UNIT ( ) );
#6961 = EDGE_CURVE ( 'NONE', #6093, #3765, #205, .T. ) ;
#6962 =( NAMED_UNIT ( * ) PLANE_ANGLE_UNIT ( ) SI_UNIT ( $, .RADIAN. ) );
#6963 = VERTEX_POINT ( 'NONE', #5629 ) ;
#6964 = CARTESIAN_POINT ( 'NONE',  ( 3.263180840113904857, -0.4868874749572973948, -25.90436310696615152 ) ) ;
#6965 = CARTESIAN_POINT ( 'NONE',  ( 5.933110043401216949, -2.258580935618839547, 1.458858635901704118E-14 ) ) ;
#6966 = B_SPLINE_CURVE_WITH_KNOTS ( 'NONE', 3,
 ( #6670, #7624, #8983, #8305, #183, #4677 ),
 .UNSPECIFIED., .F., .F.,
 ( 4, 2, 4 ),
 ( 2.168404344971008627E-19, 0.0002044486849903298165, 0.0004088973699806595788 ),
 .UNSPECIFIED. ) ;
#6967 = UNCERTAINTY_MEASURE_WITH_UNIT (LENGTH_MEASURE( 1.000000000000000082E-05 ), #5052, 'distance_accuracy_value', 'NONE');
#6968 = CIRCLE ( 'NONE', #5286, 1.224999999999999201 ) ;
#6969 = CARTESIAN_POINT ( 'NONE',  ( 3.227472311433894792, 0.6051038491662303898, -26.82306777176846069 ) ) ;
#6970 = PRESENTATION_STYLE_ASSIGNMENT (( #5595 ) ) ;
#6971 = ORIENTED_EDGE ( 'NONE', *, *, #7300, .F. ) ;
#6972 = SURFACE_STYLE_FILL_AREA ( #4680 ) ;
#6973 = CARTESIAN_POINT ( 'NONE',  ( -3.268484528816384849, 0.4868243463146487704, -25.60436310160104867 ) ) ;
#6974 = CARTESIAN_POINT ( 'NONE',  ( 4.686546425784777092, -2.643259330195585566, -9.107298248878237246E-16 ) ) ;
#6975 = AXIS2_PLACEMENT_3D ( 'NONE', #238, #5962, #31 ) ;
#6976 = CARTESIAN_POINT ( 'NONE',  ( 4.713855710941724730, 2.891763259629744898, -18.87548450340289818 ) ) ;
#6977 =( NAMED_UNIT ( * ) PLANE_ANGLE_UNIT ( ) SI_UNIT ( $, .RADIAN. ) );
#6978 = CARTESIAN_POINT ( 'NONE',  ( 0.0000000000000000000, 0.0000000000000000000, -29.50000000000000355 ) ) ;
#6979 =( NAMED_UNIT ( * ) SI_UNIT ( $, .STERADIAN. ) SOLID_ANGLE_UNIT ( ) );
#6980 = B_SPLINE_CURVE_WITH_KNOTS ( 'NONE', 3,
 ( #4136, #7045, #6378, #6424, #4223, #9249, #2763, #2052, #1343, #7134, #9294, #2810, #6471, #1569, #263, #7408, #1526, #3147 ),
 .UNSPECIFIED., .F., .F.,
 ( 4, 2, 2, 2, 2, 2, 2, 2, 4 ),
 ( 0.0000000000000000000, 0.1250000000000000000, 0.2500000000000000000, 0.3750000000000000000, 0.5000000000000000000, 0.6250000000000000000, 0.7500000000000000000, 0.8750000000000000000, 1.000000000000000000 ),
 .UNSPECIFIED. ) ;
#6981 = ADVANCED_FACE ( 'NONE', ( #4188 ), #7311, .T. ) ;
#6982 = CARTESIAN_POINT ( 'NONE',  ( 0.9835385213928076187, -3.189343438623851501, -23.71615728755240937 ) ) ;
#6983 = CARTESIAN_POINT ( 'NONE',  ( 0.8432035797639023667, 3.231203682310345826, -23.70081789107845083 ) ) ;
#6984 = ORIENTED_EDGE ( 'NONE', *, *, #6841, .F. ) ;
#6985 = CARTESIAN_POINT ( 'NONE',  ( 3.063714927208265326, 1.029628659052580941, -29.75436310160932152 ) ) ;
#6986 = VECTOR ( 'NONE', #2195, 1000.000000000000000 ) ;
#6987 = CYLINDRICAL_SURFACE ( 'NONE', #3299, 0.2500000000000000000 ) ;
#6988 = CARTESIAN_POINT ( 'NONE',  ( -3.114765733250400181, 1.028379173908031685, -27.00145445950397161 ) ) ;
#6989 = CARTESIAN_POINT ( 'NONE',  ( -2.857096111770104585, -2.156752698583869865, -23.40542658982806046 ) ) ;
#6990 = CARTESIAN_POINT ( 'NONE',  ( -3.257876776420135734, -0.4869509282578151077, -26.20436310699448157 ) ) ;
#6991 = PRESENTATION_LAYER_ASSIGNMENT (  '', '', ( #8358 ) ) ;
#6992 = CARTESIAN_POINT ( 'NONE',  ( -3.203937384124792231, -0.4876087726119338051, -29.25436289816928692 ) ) ;
#6993 = CARTESIAN_POINT ( 'NONE',  ( -5.210623188415546281, 3.035723269964058613, -22.93606826584258584 ) ) ;
#6994 = B_SPLINE_CURVE_WITH_KNOTS ( 'NONE', 3,
 ( #6429, #8606, #4226, #9297, #2814, #2109, #3570, #5277, #214, #5940, #11, #162, #8821, #2904, #7411, #912, #3093, #5183, #1669, #5995, #2332, #5227 ),
 .UNSPECIFIED., .F., .F.,
 ( 4, 2, 2, 2, 1, 1, 2, 2, 2, 2, 2, 4 ),
 ( 0.0000000000000000000, 0.2500000000000002776, 0.3750000000000004441, 0.4375000000000004441, 0.4687500000000004996, 0.4843750000000005551, 0.4921875000000005551, 0.5000000000000005551, 0.6250000000000003331, 0.6875000000000002220, 0.7500000000000000000, 1.000000000000000000 ),
 .UNSPECIFIED. ) ;
#6995 = CARTESIAN_POINT ( 'NONE',  ( 6.049999999999997158, 2.744927974232798551, -18.87548450340289108 ) ) ;
#6996 = DIRECTION ( 'NONE',  ( -1.000000000000000000, 0.0000000000000000000, 0.0000000000000000000 ) ) ;
#6997 = CARTESIAN_POINT ( 'NONE',  ( -4.713855710941723842, 2.891763259629740013, -18.87548450340289463 ) ) ;
#6998 = FILL_AREA_STYLE_COLOUR ( '', #3043 ) ;
#6999 = CARTESIAN_POINT ( 'NONE',  ( 3.021249962336046035, 0.6999999999999995115, -25.60000000000000497 ) ) ;
#7000 = ORIENTED_EDGE ( 'NONE', *, *, #4202, .T. ) ;
#7001 = DIRECTION ( 'NONE',  ( -0.01765117317972139666, 0.0000000000000000000, -0.9998442059067900178 ) ) ;
#7002 = VERTEX_POINT ( 'NONE', #809 ) ;
#7003 = CARTESIAN_POINT ( 'NONE',  ( 4.953255229706545748, -2.898248404118561883, -20.64959908904278407 ) ) ;
#7004 = CARTESIAN_POINT ( 'NONE',  ( 6.050000019243618965, 1.571153068067575598, 3.550262162110456771E-14 ) ) ;
#7005 = CARTESIAN_POINT ( 'NONE',  ( -1.861692450849445013, 3.060240854081324180, -23.45982257102892632 ) ) ;
#7006 = CARTESIAN_POINT ( 'NONE',  ( 6.050000000000009592, -1.571696625008671910, -0.2500000000000110467 ) ) ;
#7007 = EDGE_CURVE ( 'NONE', #8560, #5666, #3661, .T. ) ;
#7008 =( BOUNDED_SURFACE ( )  B_SPLINE_SURFACE ( 3, 2, ( 
 ( #7739, #3435, #9292 ),
 ( #7354, #5664, #6336 ),
 ( #1341, #5621, #2808 ),
 ( #1243, #4943, #7941 ),
 ( #4220, #9248, #4455 ),
 ( #1999, #4901, #4994 ),
 ( #2761, #8557, #625 ),
 ( #7888, #1801, #8320 ),
 ( #1654, #6736, #5309 ),
 ( #4545, #1049, #6183 ),
 ( #306, #4695, #2516 ),
 ( #8950, #7502, #8217 ),
 ( #3888, #944, #5417 ),
 ( #3941, #3187, #8901 ) ),
 .UNSPECIFIED., .F., .F., .T. ) 
 B_SPLINE_SURFACE_WITH_KNOTS ( ( 4, 2, 2, 2, 2, 2, 4 ),
 ( 3, 3 ),
 ( -2.100370658647543465E-16, 0.0006196079525730269601, 0.0009294119288596454451, 0.001239215905146264039, 0.001549019881432882415, 0.001858823857719501009, 0.002478431810292737979 ),
 ( 0.0000000000000000000, 1.000000000000000000 ),
 .UNSPECIFIED. ) 
 GEOMETRIC_REPRESENTATION_ITEM ( )  RATIONAL_B_SPLINE_SURFACE ( (
 ( 1.000000000000000000, 0.8660886143536067339, 1.000000000000000000),
 ( 1.000000000000000000, 0.9168545950736195493, 1.000000000000000000),
 ( 1.000000000000000000, 0.9464740762742948066, 1.000000000000000000),
 ( 1.000000000000000000, 0.9760761375953260766, 1.000000000000000000),
 ( 1.000000000000000000, 0.9832133961765147090, 1.000000000000000000),
 ( 1.000000000000000000, 0.9927242064613844841, 1.000000000000000000),
 ( 1.000000000000000000, 0.9950985085134754771, 1.000000000000000000),
 ( 1.000000000000000000, 0.9949686010247410506, 1.000000000000000000),
 ( 1.000000000000000000, 0.9924889128640227431, 1.000000000000000000),
 ( 1.000000000000000000, 0.9828476184597202403, 1.000000000000000000),
 ( 1.000000000000000000, 0.9756799052100297853, 1.000000000000000000),
 ( 1.000000000000000000, 0.9461201976831176141, 1.000000000000000000),
 ( 1.000000000000000000, 0.9166827519249999279, 1.000000000000000000),
 ( 1.000000000000000000, 0.8660886143491558498, 1.000000000000000000) ) ) 
 REPRESENTATION_ITEM ( '' )  SURFACE ( )  );
#7009 = EDGE_CURVE ( 'NONE', #4379, #4997, #727, .T. ) ;
#7010 = CARTESIAN_POINT ( 'NONE',  ( -5.210631684214338755, -3.035722241374326114, -22.93606723537911307 ) ) ;
#7011 = CARTESIAN_POINT ( 'NONE',  ( -3.220691513254423821, -0.6999999999999996225, -26.50380041635313688 ) ) ;
#7012 = CARTESIAN_POINT ( 'NONE',  ( 1.589309410256830423E-16, 0.9500000000000000666, -25.60000000000000497 ) ) ;
#7013 = VERTEX_POINT ( 'NONE', #6691 ) ;
#7014 = CARTESIAN_POINT ( 'NONE',  ( -3.181512526653728745, -0.7336307980389247252, -28.20172550454832816 ) ) ;
#7015 = CARTESIAN_POINT ( 'NONE',  ( 3.100385616021496205, 3.796877320783219238E-16, -31.50000000000000000 ) ) ;
#7016 = CARTESIAN_POINT ( 'NONE',  ( 6.336395971950138595, -1.568269229645733676, -21.29116777560112794 ) ) ;
#7017 =( GEOMETRIC_REPRESENTATION_CONTEXT ( 3 ) GLOBAL_UNCERTAINTY_ASSIGNED_CONTEXT ( ( #7896 ) ) GLOBAL_UNIT_ASSIGNED_CONTEXT ( ( #4061, #5489, #3212 ) ) REPRESENTATION_CONTEXT ( 'NONE', 'WORKASPACE' ) );
#7018 = STYLED_ITEM ( 'NONE', ( #580 ), #97 ) ;
#7019 = CARTESIAN_POINT ( 'NONE',  ( 6.330264484963981531, 2.590149412364621373, -23.03363362270092551 ) ) ;
#7020 = SURFACE_STYLE_FILL_AREA ( #1221 ) ;
#7021 = CARTESIAN_POINT ( 'NONE',  ( 3.013308306279659732, 0.6999999999999996225, -26.05000000402822735 ) ) ;
#7022 = EDGE_CURVE ( 'NONE', #948, #3282, #1521, .T. ) ;
#7023 = DIRECTION ( 'NONE',  ( 0.0000000000000000000, 0.0000000000000000000, -1.000000000000000000 ) ) ;
#7024 = LINE ( 'NONE', #9185, #7366 ) ;
#7025 = STYLED_ITEM ( 'NONE', ( #3597 ), #405 ) ;
#7026 = CARTESIAN_POINT ( 'NONE',  ( -5.009739147131011983, 2.602155367218305315, -1.626303258728256651E-16 ) ) ;
#7027 = B_SPLINE_CURVE_WITH_KNOTS ( 'NONE', 3,
 ( #8767, #3835, #3986, #8215, #6142, #7552, #4646, #6787, #7499, #5415, #3184, #6030, #2514, #4597, #3940, #8949 ),
 .UNSPECIFIED., .F., .F.,
 ( 4, 2, 2, 2, 2, 2, 2, 4 ),
 ( 0.0000000000000000000, 0.2500000000000000000, 0.3750000000000000000, 0.4375000000000000000, 0.5000000000000000000, 0.6250000000000000000, 0.7500000000000000000, 1.000000000000000000 ),
 .UNSPECIFIED. ) ;
#7028 = CARTESIAN_POINT ( 'NONE',  ( 1.230185108623855106, 3.332542411984788622, -23.30938451861957006 ) ) ;
#7029 = ORIENTED_EDGE ( 'NONE', *, *, #5786, .F. ) ;
#7030 = CARTESIAN_POINT ( 'NONE',  ( -6.268851540329244187, -2.778848167523660706, -20.75081232263395847 ) ) ;
#7031 = FILL_AREA_STYLE_COLOUR ( '', #1319 ) ;
#7032 = CARTESIAN_POINT ( 'NONE',  ( -1.914383410920735384, 4.664109864742061795, -27.00145445950397871 ) ) ;
#7033 = FILL_AREA_STYLE ('',( #4123 ) ) ;
#7034 = ORIENTED_EDGE ( 'NONE', *, *, #8578, .F. ) ;
#7035 =( LENGTH_UNIT ( ) NAMED_UNIT ( * ) SI_UNIT ( .MILLI., .METRE. ) );
#7036 = DIRECTION ( 'NONE',  ( -1.312907434935410719E-16, 0.0000000000000000000, -1.000000000000000000 ) ) ;
#7037 = CARTESIAN_POINT ( 'NONE',  ( -6.335712530197159076, 2.554823879738866044, -22.78644083837863832 ) ) ;
#7038 = LINE ( 'NONE', #6587, #7688 ) ;
#7039 = B_SPLINE_CURVE_WITH_KNOTS ( 'NONE', 3,
 ( #5124, #4536, #8017, #5072 ),
 .UNSPECIFIED., .F., .F.,
 ( 4, 4 ),
 ( 0.0000000000000000000, 1.000000000000000000 ),
 .UNSPECIFIED. ) ;
#7040 = VECTOR ( 'NONE', #6127, 1000.000000000000000 ) ;
#7041 = AXIS2_PLACEMENT_3D ( 'NONE', #1264, #8436, #384 ) ;
#7042 = SURFACE_STYLE_FILL_AREA ( #5751 ) ;
#7043 = CARTESIAN_POINT ( 'NONE',  ( 4.723190629521296202, 2.890740483774976166, -19.16547007790473955 ) ) ;
#7044 = CARTESIAN_POINT ( 'NONE',  ( 2.925000000000000266, 6.740375306945725563E-16, 6.599999999999999645 ) ) ;
#7045 = CARTESIAN_POINT ( 'NONE',  ( 2.122419438158280158, -2.900006762201377430, -23.44856376066895010 ) ) ;
#7046 = ORIENTED_EDGE ( 'NONE', *, *, #5246, .F. ) ;
#7047 = SURFACE_SIDE_STYLE ('',( #7136 ) ) ;
#7048 = VERTEX_POINT ( 'NONE', #5314 ) ;
#7049 = CARTESIAN_POINT ( 'NONE',  ( 6.211305322696425435, -2.702955558371497702, -20.29044258156691427 ) ) ;
#7050 = CIRCLE ( 'NONE', #2499, 0.2499999999999993339 ) ;
#7051 = CARTESIAN_POINT ( 'NONE',  ( -2.912274948409519393, 0.9499999999999986233, -25.10000000000000142 ) ) ;
#7052 = CARTESIAN_POINT ( 'NONE',  ( 5.323474230051514766, -2.514629991934182573, -3.144186300207962859E-15 ) ) ;
#7053 = UNCERTAINTY_MEASURE_WITH_UNIT (LENGTH_MEASURE( 1.000000000000000082E-05 ), #8660, 'distance_accuracy_value', 'NONE');
#7054 = VECTOR ( 'NONE', #1933, 1000.000000000000227 ) ;
#7055 = CARTESIAN_POINT ( 'NONE',  ( -2.752870950286208096, -1.889291044540461595, -23.64471490613406957 ) ) ;
#7056 = FILL_AREA_STYLE ('',( #4869 ) ) ;
#7057 = VERTEX_POINT ( 'NONE', #4551 ) ;
#7058 = B_SPLINE_CURVE_WITH_KNOTS ( 'NONE', 3,
 ( #6387, #4189, #7281, #7948, #8610, #7895 ),
 .UNSPECIFIED., .F., .F.,
 ( 4, 2, 4 ),
 ( 0.0000000000000000000, 0.5000000000000000000, 1.000000000000000000 ),
 .UNSPECIFIED. ) ;
#7059 = CARTESIAN_POINT ( 'NONE',  ( -0.6792506051771223241, 3.268474707755872011, -23.67351279387738217 ) ) ;
#7060 = EDGE_CURVE ( 'NONE', #3116, #8745, #2764, .T. ) ;
#7061 = FILL_AREA_STYLE_COLOUR ( '', #7343 ) ;
#7062 =( BOUNDED_SURFACE ( )  B_SPLINE_SURFACE ( 2, 3, ( 
 ( #7608, #1106, #7699, #3297 ),
 ( #4090, #5479, #8378, #6995 ),
 ( #3153, #8456, #8070, #1239 ) ),
 .UNSPECIFIED., .F., .F., .T. ) 
 B_SPLINE_SURFACE_WITH_KNOTS ( ( 3, 3 ),
 ( 4, 4 ),
 ( 0.0000000000000000000, 1.000000000000000000 ),
 ( 0.0000000000000000000, 0.0004349722928721168531 ),
 .UNSPECIFIED. ) 
 GEOMETRIC_REPRESENTATION_ITEM ( )  RATIONAL_B_SPLINE_SURFACE ( (
 ( 1.000000000000000000, 1.000000000000000000, 1.000000000000000000, 1.000000000000000000),
 ( 1.489320292087568998, 1.489411632936160412, 1.489454080074072317, 1.489454356889000630),
 ( 1.000000000000000000, 1.000000000000000000, 1.000000000000000000, 1.000000000000000000) ) ) 
 REPRESENTATION_ITEM ( '' )  SURFACE ( )  );
#7063 = DIRECTION ( 'NONE',  ( 1.000000000000000000, 1.672957273954558210E-16, -0.0000000000000000000 ) ) ;
#7064 = AXIS2_PLACEMENT_3D ( 'NONE', #5358, #894, #8268 ) ;
#7065 = CARTESIAN_POINT ( 'NONE',  ( 1.979898987322333603, -0.6999999999999997335, -25.60000000000000497 ) ) ;
#7066 = CARTESIAN_POINT ( 'NONE',  ( 3.219192882172390302, -0.7010089581182834539, -26.57874199837898743 ) ) ;
#7067 = CARTESIAN_POINT ( 'NONE',  ( -4.713855710941725619, 2.891763259629741345, -0.2499999999997884192 ) ) ;
#7068 = CARTESIAN_POINT ( 'NONE',  ( -4.097260284275390241, 3.170517849258116971, -23.07071706525728771 ) ) ;
#7069 = CARTESIAN_POINT ( 'NONE',  ( -5.800000000000005151, 1.400739683024801563, -2.276824562219559311E-15 ) ) ;
#7070 = MECHANICAL_DESIGN_GEOMETRIC_PRESENTATION_REPRESENTATION (  '', ( #6312 ), #9318 ) ;
#7071 = COLOUR_RGB ( '',0.2509803921568627416, 0.2509803921568627416, 0.2509803921568627416 ) ;
#7072 = SURFACE_STYLE_USAGE ( .BOTH. , #4245 ) ;
#7073 = EDGE_CURVE ( 'NONE', #5979, #845, #4460, .T. ) ;
#7074 = CARTESIAN_POINT ( 'NONE',  ( 1.689389251595235786, 3.282624378381515662, -20.65074867862698937 ) ) ;
#7075 = CARTESIAN_POINT ( 'NONE',  ( 0.1252269999527927391, 3.345209349107092223, -23.51855648250466757 ) ) ;
#7076 = EDGE_CURVE ( 'NONE', #3852, #1463, #950, .T. ) ;
#7077 = ORIENTED_EDGE ( 'NONE', *, *, #5389, .T. ) ;
#7078 = LINE ( 'NONE', #5468, #3379 ) ;
#7079 = AXIS2_PLACEMENT_3D ( 'NONE', #5803, #8871, #5186 ) ;
#7080 = CARTESIAN_POINT ( 'NONE',  ( -3.252572334974570989, -0.4870147112371194242, -26.50436289859970884 ) ) ;
#7081 = CARTESIAN_POINT ( 'NONE',  ( 4.686546425784775316, 2.643259330195588230, -7.047314121155778821E-16 ) ) ;
#7082 = ORIENTED_EDGE ( 'NONE', *, *, #5375, .T. ) ;
#7083 = CARTESIAN_POINT ( 'NONE',  ( 1.573793293746384991, -3.132662920452796484, 1.590296134315146828E-14 ) ) ;
#7084 = CARTESIAN_POINT ( 'NONE',  ( -3.035766082959412415E-15, -40.00249999999994088, -0.2500000000000002220 ) ) ;
#7085 = DIRECTION ( 'NONE',  ( 0.01765117317945480088, -4.273710711156729119E-14, 0.9998442059067947918 ) ) ;
#7086 =( NAMED_UNIT ( * ) PLANE_ANGLE_UNIT ( ) SI_UNIT ( $, .RADIAN. ) );
#7087 = STYLED_ITEM ( 'NONE', ( #5380 ), #2548 ) ;
#7088 =( LENGTH_UNIT ( ) NAMED_UNIT ( * ) SI_UNIT ( .MILLI., .METRE. ) );
#7089 =( GEOMETRIC_REPRESENTATION_CONTEXT ( 3 ) GLOBAL_UNCERTAINTY_ASSIGNED_CONTEXT ( ( #8611 ) ) GLOBAL_UNIT_ASSIGNED_CONTEXT ( ( #8718, #2181, #8805 ) ) REPRESENTATION_CONTEXT ( 'NONE', 'WORKASPACE' ) );
#7090 = CIRCLE ( 'NONE', #284, 3.205919556119595892 ) ;
#7091 = CARTESIAN_POINT ( 'NONE',  ( 1.931425879585300542, -0.8259943559174784955, -26.72694034360441862 ) ) ;
#7092 = CARTESIAN_POINT ( 'NONE',  ( 3.190683794342386914, 0.8945768770429310957, -25.11589636689254235 ) ) ;
#7093 = EDGE_LOOP ( 'NONE', ( #957, #1069, #7604, #5549 ) ) ;
#7094 = PRESENTATION_STYLE_ASSIGNMENT (( #4812 ) ) ;
#7095 = ADVANCED_FACE ( 'NONE', ( #257 ), #3609, .T. ) ;
#7096 = CARTESIAN_POINT ( 'NONE',  ( -6.181349819396063872, -2.730606193293943385, -22.80857780043278282 ) ) ;
#7097 = EDGE_LOOP ( 'NONE', ( #7585, #6056, #8905, #8675 ) ) ;
#7098 = CARTESIAN_POINT ( 'NONE',  ( -1.904048383564784341, 0.8884601108687011362, -25.34999999999999787 ) ) ;
#7099 = DIRECTION ( 'NONE',  ( 0.0000000000000000000, 0.0000000000000000000, 1.000000000000000000 ) ) ;
#7100 = CARTESIAN_POINT ( 'NONE',  ( 5.688421464238152758, 2.201530434803713909, -3.089976191583687637E-15 ) ) ;
#7101 = PRESENTATION_LAYER_ASSIGNMENT (  '', '', ( #576 ) ) ;
#7102 =( NAMED_UNIT ( * ) PLANE_ANGLE_UNIT ( ) SI_UNIT ( $, .RADIAN. ) );
#7103 = AXIS2_PLACEMENT_3D ( 'NONE', #7551, #1047, #2845 ) ;
#7104 = SURFACE_STYLE_USAGE ( .BOTH. , #7233 ) ;
#7105 = UNCERTAINTY_MEASURE_WITH_UNIT (LENGTH_MEASURE( 1.000000000000000082E-05 ), #4891, 'distance_accuracy_value', 'NONE');
#7106 = CARTESIAN_POINT ( 'NONE',  ( -6.407600706389555256, -2.393343224314618656, -22.77563369469749333 ) ) ;
#7107 = CARTESIAN_POINT ( 'NONE',  ( 4.713855710941726507, 2.891763259629741345, -0.2500000000000009992 ) ) ;
#7108 = VERTEX_POINT ( 'NONE', #1327 ) ;
#7109 = LINE ( 'NONE', #4147, #8832 ) ;
#7110 = DIRECTION ( 'NONE',  ( -1.000000000000000000, 1.672957273954558210E-16, -0.0000000000000000000 ) ) ;
#7111 = ORIENTED_EDGE ( 'NONE', *, *, #6440, .F. ) ;
#7112 = CARTESIAN_POINT ( 'NONE',  ( -0.5723146855179599424, 3.289590406831361946, -23.65423658534638207 ) ) ;
#7113 =( NAMED_UNIT ( * ) SI_UNIT ( $, .STERADIAN. ) SOLID_ANGLE_UNIT ( ) );
#7114 = SURFACE_SIDE_STYLE ('',( #1445 ) ) ;
#7115 = CARTESIAN_POINT ( 'NONE',  ( 6.180271013676014391, 1.384904610932401248, -20.04216810940814497 ) ) ;
#7116 = B_SPLINE_CURVE_WITH_KNOTS ( 'NONE', 3,
 ( #2124, #4387, #3589, #9320, #7295, #5014, #5818, #2875, #7909, #76, #3503, #5864, #6403, #9273, #8658, #2786, #2168, #5687, #8577, #7865, #2832, #4288 ),
 .UNSPECIFIED., .F., .F.,
 ( 4, 2, 2, 2, 1, 1, 2, 2, 2, 2, 2, 4 ),
 ( 0.0000000000000000000, 0.2499999999999973355, 0.3749999999999958922, 0.4374999999999952260, 0.4687499999999948930, 0.4843749999999947264, 0.4921874999999947820, 0.4999999999999947820, 0.6249999999999964473, 0.6874999999999972244, 0.7499999999999980016, 1.000000000000000000 ),
 .UNSPECIFIED. ) ;
#7117 = CARTESIAN_POINT ( 'NONE',  ( -2.972710554573831931, -0.6999999999999994005, -28.35000000254291308 ) ) ;
#7118 =( NAMED_UNIT ( * ) PLANE_ANGLE_UNIT ( ) SI_UNIT ( $, .RADIAN. ) );
#7119 = CARTESIAN_POINT ( 'NONE',  ( -3.251271939581287906, -0.4874405676526797904, -26.57442836981095979 ) ) ;
#7120 = CARTESIAN_POINT ( 'NONE',  ( -4.713855710941723842, 2.891763259629740457, -0.2500000000000001110 ) ) ;
#7121 = COLOUR_RGB ( '',0.2509803921568627416, 0.2509803921568627416, 0.2509803921568627416 ) ;
#7122 = DIRECTION ( 'NONE',  ( 0.3135166956321284726, -0.9495826881108939688, -3.451355831205635744E-16 ) ) ;
#7123 = CARTESIAN_POINT ( 'NONE',  ( 1.691986144386359081, 3.349161339804119564, -20.85272001113171214 ) ) ;
#7124 = DIRECTION ( 'NONE',  ( -1.000000000000000000, 0.0000000000000000000, -0.0000000000000000000 ) ) ;
#7125 = ORIENTED_EDGE ( 'NONE', *, *, #4710, .F. ) ;
#7126 = EDGE_CURVE ( 'NONE', #4719, #5135, #7078, .T. ) ;
#7127 = ADVANCED_FACE ( 'NONE', ( #2570 ), #7863, .T. ) ;
#7128 = CARTESIAN_POINT ( 'NONE',  ( 4.741856460906231696, 2.888676873037206771, -19.30960607446507638 ) ) ;
#7129 = FILL_AREA_STYLE ('',( #533 ) ) ;
#7130 = PRESENTATION_LAYER_ASSIGNMENT (  '', '', ( #1820 ) ) ;
#7131 = CARTESIAN_POINT ( 'NONE',  ( 1.675364268535061596, 3.318016784388023055, -23.21805803379831090 ) ) ;
#7132 = PRESENTATION_STYLE_ASSIGNMENT (( #2855 ) ) ;
#7133 = CARTESIAN_POINT ( 'NONE',  ( 3.121157373944549285, -0.9493662539251145338, -28.08106492837557155 ) ) ;
#7134 = CARTESIAN_POINT ( 'NONE',  ( 3.569115158317920145, 0.3036783649881406033, -23.35214711283474287 ) ) ;
#7135 = ORIENTED_EDGE ( 'NONE', *, *, #5628, .T. ) ;
#7136 = SURFACE_STYLE_FILL_AREA ( #4225 ) ;
#7137 = CARTESIAN_POINT ( 'NONE',  ( 6.050000000000004263, 2.744927974232791890, 0.9437742251701406460 ) ) ;
#7138 = ORIENTED_EDGE ( 'NONE', *, *, #2302, .F. ) ;
#7139 = CARTESIAN_POINT ( 'NONE',  ( 6.182609125245413395, -2.725514048995508087, -20.06087300196334056 ) ) ;
#7140 = FILL_AREA_STYLE_COLOUR ( '', #8970 ) ;
#7141 = CARTESIAN_POINT ( 'NONE',  ( -1.979898987322647574, 0.6999999999999488853, -29.31927578059788431 ) ) ;
#7142 = CARTESIAN_POINT ( 'NONE',  ( -5.210627282546227867, 3.035722774306472083, -22.93606777099247296 ) ) ;
#7143 = EDGE_CURVE ( 'NONE', #373, #4719, #1745, .T. ) ;
#7144 = VECTOR ( 'NONE', #5912, 1000.000000000000000 ) ;
#7145 = FILL_AREA_STYLE ('',( #7284 ) ) ;
#7146 = CARTESIAN_POINT ( 'NONE',  ( 5.021731462593289841, -3.058171956758880761, -21.47721981097181043 ) ) ;
#7147 = ORIENTED_EDGE ( 'NONE', *, *, #6478, .T. ) ;
#7148 = CARTESIAN_POINT ( 'NONE',  ( 1.691887639289350487, -3.349165184279655261, -20.85272001113169793 ) ) ;
#7149 = CARTESIAN_POINT ( 'NONE',  ( -6.049999999999999822, 1.400739683024801341, -18.87548450340289818 ) ) ;
#7150 = ORIENTED_EDGE ( 'NONE', *, *, #6365, .T. ) ;
#7151 = DIRECTION ( 'NONE',  ( 0.0000000000000000000, 1.000000000000000000, 0.0000000000000000000 ) ) ;
#7152 = CARTESIAN_POINT ( 'NONE',  ( -3.114729576739698746, 1.028367236380207217, -27.00436310160932507 ) ) ;
#7153 = LINE ( 'NONE', #1316, #8554 ) ;
#7154 = AXIS2_PLACEMENT_3D ( 'NONE', #144, #756, #5129 ) ;
#7155 = SURFACE_SIDE_STYLE ('',( #8705 ) ) ;
#7156 =( LENGTH_UNIT ( ) NAMED_UNIT ( * ) SI_UNIT ( .MILLI., .METRE. ) );
#7157 = CARTESIAN_POINT ( 'NONE',  ( -1.979898987322333603, -0.6999999999999997335, -29.25000000000000000 ) ) ;
#7158 = CARTESIAN_POINT ( 'NONE',  ( -3.187685826374563991, 0.6999999999999998446, -28.35379515955785479 ) ) ;
#7159 = COLOUR_RGB ( '',0.2509803921568627416, 0.2509803921568627416, 0.2509803921568627416 ) ;
#7160 = CARTESIAN_POINT ( 'NONE',  ( 0.5485576391024959975, 3.296027367795759666, -23.58841600188196352 ) ) ;
#7161 = EDGE_LOOP ( 'NONE', ( #5597, #4298, #596, #410, #8019, #589, #8347, #3969 ) ) ;
#7162 = CARTESIAN_POINT ( 'NONE',  ( 3.141292207334649866, 0.7680024478809845956, -29.69686874375211616 ) ) ;
#7163 =( GEOMETRIC_REPRESENTATION_CONTEXT ( 3 ) GLOBAL_UNCERTAINTY_ASSIGNED_CONTEXT ( ( #8473 ) ) GLOBAL_UNIT_ASSIGNED_CONTEXT ( ( #1983, #8367, #612 ) ) REPRESENTATION_CONTEXT ( 'NONE', 'WORKASPACE' ) );
#7164 = PRESENTATION_LAYER_ASSIGNMENT (  '', '', ( #3524 ) ) ;
#7165 = FILL_AREA_STYLE ('',( #6545 ) ) ;
#7166 = DIRECTION ( 'NONE',  ( 0.0000000000000000000, 0.0000000000000000000, -1.000000000000000000 ) ) ;
#7167 = FILL_AREA_STYLE ('',( #5876 ) ) ;
#7168 = DIRECTION ( 'NONE',  ( -1.000000000000000000, 0.0000000000000000000, 0.0000000000000000000 ) ) ;
#7169 =( BOUNDED_SURFACE ( )  B_SPLINE_SURFACE ( 3, 2, ( 
 ( #1991, #6370, #7884 ),
 ( #9285, #5033, #9241 ),
 ( #7932, #5702, #1947 ),
 ( #2802, #4127, #4258 ) ),
 .UNSPECIFIED., .F., .F., .T. ) 
 B_SPLINE_SURFACE_WITH_KNOTS ( ( 4, 4 ),
 ( 3, 3 ),
 ( 0.0000000000000000000, 0.0009001402534121743940 ),
 ( 0.0000000000000000000, 1.000000000000000000 ),
 .UNSPECIFIED. ) 
 GEOMETRIC_REPRESENTATION_ITEM ( )  RATIONAL_B_SPLINE_SURFACE ( (
 ( 1.000000000000000000, 0.7581718333143204758, 1.000000000000000000),
 ( 1.000000000000000000, 0.7582577775424765854, 1.000000000000000000),
 ( 1.000000000000000000, 0.7583441562058509389, 1.000000000000000000),
 ( 1.000000000000000000, 0.7584309759676206575, 1.000000000000000000) ) ) 
 REPRESENTATION_ITEM ( '' )  SURFACE ( )  );
#7170 = VERTEX_POINT ( 'NONE', #2224 ) ;
#7171 = CARTESIAN_POINT ( 'NONE',  ( -6.050000000000007816, -2.744927974232791890, -18.87548450340290174 ) ) ;
#7172 = DIRECTION ( 'NONE',  ( -1.000000000000000000, 0.0000000000000000000, 0.0000000000000000000 ) ) ;
#7173 = MECHANICAL_DESIGN_GEOMETRIC_PRESENTATION_REPRESENTATION (  '', ( #6562 ), #3841 ) ;
#7174 = CARTESIAN_POINT ( 'NONE',  ( 6.519762825503634396, 1.546407208780286702, -22.75810260402910501 ) ) ;
#7175 = CARTESIAN_POINT ( 'NONE',  ( -6.455921513727490790, 2.252438080432696221, -22.76830838768911747 ) ) ;
#7176 = EDGE_CURVE ( 'NONE', #4521, #4715, #1616, .T. ) ;
#7177 = CARTESIAN_POINT ( 'NONE',  ( 2.969867363064834898, -0.7281763094002561276, -28.21729594356159154 ) ) ;
#7178 = CARTESIAN_POINT ( 'NONE',  ( -2.925000000000000266, -0.6249999999999995559, 6.599999999999999645 ) ) ;
#7179 = FACE_OUTER_BOUND ( 'NONE', #9099, .T. ) ;
#7180 = CARTESIAN_POINT ( 'NONE',  ( 3.222871230566010325, 0.7671439111286597612, -25.16191728280741202 ) ) ;
#7181 = ORIENTED_EDGE ( 'NONE', *, *, #1322, .F. ) ;
#7182 = CARTESIAN_POINT ( 'NONE',  ( -0.5262763198432072187, 3.323250103098051689, -23.53869906408763057 ) ) ;
#7183 = CARTESIAN_POINT ( 'NONE',  ( 6.050000000000004263, 2.744927974232791890, -5.662645351020878515 ) ) ;
#7184 = VERTEX_POINT ( 'NONE', #4299 ) ;
#7185 = CARTESIAN_POINT ( 'NONE',  ( -6.336395971950123496, 1.568269229645734786, -21.29116777560100715 ) ) ;
#7186 = CARTESIAN_POINT ( 'NONE',  ( 1.265088804158705171, -3.331551573991007320, -23.44939137582320399 ) ) ;
#7187 = ADVANCED_FACE ( 'NONE', ( #7301 ), #2997, .T. ) ;
#7188 = VECTOR ( 'NONE', #1767, 1000.000000000000000 ) ;
#7189 = ADVANCED_FACE ( 'NONE', ( #37 ), #701, .T. ) ;
#7190 = CARTESIAN_POINT ( 'NONE',  ( -2.955957632331234208, 5.911915264662467528, -31.49999999999999645 ) ) ;
#7191 = B_SPLINE_CURVE_WITH_KNOTS ( 'NONE', 3,
 ( #2155, #1485, #8046, #4328 ),
 .UNSPECIFIED., .F., .F.,
 ( 4, 4 ),
 ( 0.0000000000000000000, 1.000000000000000000 ),
 .UNSPECIFIED. ) ;
#7192 = CARTESIAN_POINT ( 'NONE',  ( 1.230185108623855106, 3.332542411984788622, -23.30938451861957006 ) ) ;
#7193 = STYLED_ITEM ( 'NONE', ( #666 ), #1593 ) ;
#7194 = ORIENTED_EDGE ( 'NONE', *, *, #5027, .F. ) ;
#7195 = SURFACE_SIDE_STYLE ('',( #8477 ) ) ;
#7196 = EDGE_LOOP ( 'NONE', ( #5902, #1870, #8854, #1626 ) ) ;
#7197 = CARTESIAN_POINT ( 'NONE',  ( 6.289992497250393555, -2.194304034777346146, -21.30609415729109557 ) ) ;
#7198 = CARTESIAN_POINT ( 'NONE',  ( 3.114765733250400181, 1.028379173908031907, -27.00000000000000355 ) ) ;
#7199 = DIRECTION ( 'NONE',  ( -0.0000000000000000000, 0.0000000000000000000, 1.000000000000000000 ) ) ;
#7200 = CARTESIAN_POINT ( 'NONE',  ( -3.203937380527203338, 0.4876087726535983657, -29.25436310160935349 ) ) ;
#7201 = CARTESIAN_POINT ( 'NONE',  ( 2.056425573309976329, 2.629313372176970809, -23.68931296867479475 ) ) ;
#7202 = FACE_OUTER_BOUND ( 'NONE', #2850, .T. ) ;
#7203 = SURFACE_SIDE_STYLE ('',( #2788 ) ) ;
#7204 = CARTESIAN_POINT ( 'NONE',  ( -3.276049450176239830, -0.9499999999999995115, -28.35000000000000497 ) ) ;
#7205 = CARTESIAN_POINT ( 'NONE',  ( -2.342065557654702701, -2.390415061332110014, -23.43686283141070703 ) ) ;
#7206 = CARTESIAN_POINT ( 'NONE',  ( -3.203937380527207779, 0.4876087726535983657, -29.25436310160932507 ) ) ;
#7207 =( NAMED_UNIT ( * ) PLANE_ANGLE_UNIT ( ) SI_UNIT ( $, .RADIAN. ) );
#7208 = CARTESIAN_POINT ( 'NONE',  ( -2.877370061222676689, 0.9499999999999997335, -27.00000000000000355 ) ) ;
#7209 = DIRECTION ( 'NONE',  ( 0.0000000000000000000, 0.0000000000000000000, -1.000000000000000000 ) ) ;
#7210 = EDGE_CURVE ( 'NONE', #3852, #4207, #8107, .T. ) ;
#7211 = EDGE_LOOP ( 'NONE', ( #3334, #2330, #7194, #4345 ) ) ;
#7212 = SURFACE_STYLE_FILL_AREA ( #700 ) ;
#7213 = CARTESIAN_POINT ( 'NONE',  ( 2.877370061222676689, -0.9499999999999974021, -26.75000000000000355 ) ) ;
#7214 =( LENGTH_UNIT ( ) NAMED_UNIT ( * ) SI_UNIT ( .MILLI., .METRE. ) );
#7215 = SURFACE_STYLE_FILL_AREA ( #5832 ) ;
#7216 = CARTESIAN_POINT ( 'NONE',  ( -0.7416425621591983264, -3.256301809023437244, -23.68489749493578955 ) ) ;
#7217 = ORIENTED_EDGE ( 'NONE', *, *, #5557, .T. ) ;
#7218 = CARTESIAN_POINT ( 'NONE',  ( -3.005366330439488198, 0.6999999999999995115, -26.50000000241255904 ) ) ;
#7219 =( NAMED_UNIT ( * ) PLANE_ANGLE_UNIT ( ) SI_UNIT ( $, .RADIAN. ) );
#7220 = CARTESIAN_POINT ( 'NONE',  ( 6.302806161562152454, 1.868748082537067479, -23.03723470207463109 ) ) ;
#7221 = FILL_AREA_STYLE ('',( #2047 ) ) ;
#7222 = CIRCLE ( 'NONE', #3130, 0.2500000000000027756 ) ;
#7223 =( GEOMETRIC_REPRESENTATION_CONTEXT ( 3 ) GLOBAL_UNCERTAINTY_ASSIGNED_CONTEXT ( ( #3968 ) ) GLOBAL_UNIT_ASSIGNED_CONTEXT ( ( #7156, #9321, #2125 ) ) REPRESENTATION_CONTEXT ( 'NONE', 'WORKASPACE' ) );
#7224 = SURFACE_STYLE_FILL_AREA ( #4314 ) ;
#7225 = CARTESIAN_POINT ( 'NONE',  ( 5.637851296924623057E-15, 3.149999999999999911, 19.65249999999999631 ) ) ;
#7226 = ADVANCED_FACE ( 'NONE', ( #7492 ), #8846, .F. ) ;
#7227 = CARTESIAN_POINT ( 'NONE',  ( 4.741856460906231696, 2.888676873037206771, -19.30960607446507638 ) ) ;
#7228 = CARTESIAN_POINT ( 'NONE',  ( 3.219856694775995454, -0.4874122644155988726, -28.35436310160931939 ) ) ;
#7229 = CARTESIAN_POINT ( 'NONE',  ( 3.049582145296543256, -0.9947903578313915807, -25.35000000000000142 ) ) ;
#7230 = EDGE_LOOP ( 'NONE', ( #8331, #6368, #5669, #972 ) ) ;
#7231 = SURFACE_STYLE_USAGE ( .BOTH. , #4420 ) ;
#7232 =( NAMED_UNIT ( * ) SI_UNIT ( $, .STERADIAN. ) SOLID_ANGLE_UNIT ( ) );
#7233 = SURFACE_SIDE_STYLE ('',( #4909 ) ) ;
#7234 = MECHANICAL_DESIGN_GEOMETRIC_PRESENTATION_REPRESENTATION (  '', ( #5726 ), #2389 ) ;
#7235 = UNCERTAINTY_MEASURE_WITH_UNIT (LENGTH_MEASURE( 1.000000000000000082E-05 ), #3167, 'distance_accuracy_value', 'NONE');
#7236 = CIRCLE ( 'NONE', #5260, 2.100000000000000089 ) ;
#7237 = EDGE_CURVE ( 'NONE', #2053, #1469, #2974, .T. ) ;
#7238 =( NAMED_UNIT ( * ) PLANE_ANGLE_UNIT ( ) SI_UNIT ( $, .RADIAN. ) );
#7239 = EDGE_CURVE ( 'NONE', #1689, #5450, #8834, .T. ) ;
#7240 = CARTESIAN_POINT ( 'NONE',  ( -6.308239556175615270, 1.546407206449770477, -23.03642561252743803 ) ) ;
#7241 = CARTESIAN_POINT ( 'NONE',  ( 1.871420061658899847, 4.577485074376069107, -29.75145445951120493 ) ) ;
#7242 = ORIENTED_EDGE ( 'NONE', *, *, #1889, .T. ) ;
#7243 = FACE_OUTER_BOUND ( 'NONE', #5871, .T. ) ;
#7244 = EDGE_LOOP ( 'NONE', ( #8924, #4870, #8991, #3655 ) ) ;
#7245 = LINE ( 'NONE', #8052, #9135 ) ;
#7246 = CARTESIAN_POINT ( 'NONE',  ( 1.850906908603456413, 3.060240854080384931, -23.21005533523036135 ) ) ;
#7247 = FILL_AREA_STYLE ('',( #7957 ) ) ;
#7248 = CARTESIAN_POINT ( 'NONE',  ( -3.239783984946318363, 0.5481799116550160056, -26.76974403077169384 ) ) ;
#7249 = CARTESIAN_POINT ( 'NONE',  ( 5.794451011449285538, 1.726453417138049451, -3.035766082959403343E-15 ) ) ;
#7250 = PRESENTATION_STYLE_ASSIGNMENT (( #3674 ) ) ;
#7251 = CARTESIAN_POINT ( 'NONE',  ( -4.101365007902489701, -3.170020998267111700, -23.07022318067383893 ) ) ;
#7252 = CARTESIAN_POINT ( 'NONE',  ( 6.049999999999999822, 1.400735218112128866, -18.87548450340289463 ) ) ;
#7253 = PRODUCT_RELATED_PRODUCT_CATEGORY ( 'part', '', ( #6223 ) ) ;
#7254 = CARTESIAN_POINT ( 'NONE',  ( -3.568765562395856072, 0.1794499025290658689, -23.35217612505355333 ) ) ;
#7255 =( LENGTH_UNIT ( ) NAMED_UNIT ( * ) SI_UNIT ( .MILLI., .METRE. ) );
#7256 = FACE_OUTER_BOUND ( 'NONE', #4679, .T. ) ;
#7257 = FACE_OUTER_BOUND ( 'NONE', #628, .T. ) ;
#7258 = CIRCLE ( 'NONE', #8467, 0.2500000000000006661 ) ;
#7259 = ORIENTED_EDGE ( 'NONE', *, *, #7751, .F. ) ;
#7260 = PRESENTATION_STYLE_ASSIGNMENT (( #6410 ) ) ;
#7261 = FILL_AREA_STYLE_COLOUR ( '', #714 ) ;
#7262 = DIRECTION ( 'NONE',  ( -1.000000000000000000, 1.672957273954558210E-16, 0.0000000000000000000 ) ) ;
#7263 = EDGE_CURVE ( 'NONE', #1229, #1957, #3650, .T. ) ;
#7264 =( LENGTH_UNIT ( ) NAMED_UNIT ( * ) SI_UNIT ( .MILLI., .METRE. ) );
#7265 = CARTESIAN_POINT ( 'NONE',  ( -1.979898987322333603, -0.6999999999999997335, -26.50000000000000355 ) ) ;
#7266 = ORIENTED_EDGE ( 'NONE', *, *, #1897, .F. ) ;
#7267 = SURFACE_SIDE_STYLE ('',( #4360 ) ) ;
#7268 = FACE_OUTER_BOUND ( 'NONE', #5301, .T. ) ;
#7269 = PRESENTATION_STYLE_ASSIGNMENT (( #2 ) ) ;
#7270 = EDGE_LOOP ( 'NONE', ( #9203, #4478, #3442, #290 ) ) ;
#7271 = CARTESIAN_POINT ( 'NONE',  ( 2.826775610078678724, -0.9499999999999995115, -29.50000000000000355 ) ) ;
#7272 = CARTESIAN_POINT ( 'NONE',  ( -5.917273628474634783, -2.304623341042869811, -0.2500000000000012768 ) ) ;
#7273 = CARTESIAN_POINT ( 'NONE',  ( -1.872832080032804658, 0.9499999999999997335, -28.10000000000000497 ) ) ;
#7274 = PRESENTATION_LAYER_ASSIGNMENT (  '', '', ( #1504 ) ) ;
#7275 = ORIENTED_EDGE ( 'NONE', *, *, #3567, .F. ) ;
#7276 = CARTESIAN_POINT ( 'NONE',  ( -4.992962018374509370, -2.960845848910195865, -20.85272001113170859 ) ) ;
#7277 =( LENGTH_UNIT ( ) NAMED_UNIT ( * ) SI_UNIT ( .MILLI., .METRE. ) );
#7278 = SURFACE_SIDE_STYLE ('',( #5896 ) ) ;
#7279 = CARTESIAN_POINT ( 'NONE',  ( 5.147666106053751633, -3.043345468832610479, -22.44978514918987855 ) ) ;
#7280 = SURFACE_STYLE_FILL_AREA ( #3806 ) ;
#7281 = CARTESIAN_POINT ( 'NONE',  ( 2.984275919609511440, -0.8219868212767252880, -25.37544128308728020 ) ) ;
#7282 =( GEOMETRIC_REPRESENTATION_CONTEXT ( 3 ) GLOBAL_UNCERTAINTY_ASSIGNED_CONTEXT ( ( #7430 ) ) GLOBAL_UNIT_ASSIGNED_CONTEXT ( ( #9067, #1775, #3101 ) ) REPRESENTATION_CONTEXT ( 'NONE', 'WORKASPACE' ) );
#7283 = UNCERTAINTY_MEASURE_WITH_UNIT (LENGTH_MEASURE( 1.000000000000000082E-05 ), #5886, 'distance_accuracy_value', 'NONE');
#7284 = FILL_AREA_STYLE_COLOUR ( '', #5174 ) ;
#7285 = CARTESIAN_POINT ( 'NONE',  ( 5.254050494821870032, -3.030443306818583427, -23.27146601063210340 ) ) ;
#7286 = CARTESIAN_POINT ( 'NONE',  ( 1.237036603535606183, -3.104182335369792600, -23.48235989797502654 ) ) ;
#7287 = EDGE_LOOP ( 'NONE', ( #3620, #8723, #3781, #9382 ) ) ;
#7288 = CARTESIAN_POINT ( 'NONE',  ( -5.210771453021741273, -2.787534617658474989, -23.18423793736369731 ) ) ;
#7289 = EDGE_LOOP ( 'NONE', ( #1570, #6059, #4248, #6640 ) ) ;
#7290 = MECHANICAL_DESIGN_GEOMETRIC_PRESENTATION_REPRESENTATION (  '', ( #8358 ), #1975 ) ;
#7291 = SURFACE_SIDE_STYLE ('',( #4380 ) ) ;
#7292 = CARTESIAN_POINT ( 'NONE',  ( -3.220691513254426042, 0.6999999999999992895, -26.50380041635314043 ) ) ;
#7293 = EDGE_CURVE ( 'NONE', #1469, #5588, #5969, .T. ) ;
#7294 = CARTESIAN_POINT ( 'NONE',  ( 2.719441994228005477, 1.937007032598631939, -23.64728247354710433 ) ) ;
#7295 = CARTESIAN_POINT ( 'NONE',  ( -3.108084774501345127, 1.233515543039808371, -23.61742984652629573 ) ) ;
#7296 = CARTESIAN_POINT ( 'NONE',  ( 1.969603516111538832, 0.7302592511815346743, -26.63605490775049134 ) ) ;
#7297 = DIRECTION ( 'NONE',  ( -1.000000000000000000, 0.0000000000000000000, 0.0000000000000000000 ) ) ;
#7298 =( LENGTH_UNIT ( ) NAMED_UNIT ( * ) SI_UNIT ( .MILLI., .METRE. ) );
#7299 = ORIENTED_EDGE ( 'NONE', *, *, #7022, .F. ) ;
#7300 = EDGE_CURVE ( 'NONE', #1272, #6005, #2280, .T. ) ;
#7301 = FACE_OUTER_BOUND ( 'NONE', #5935, .T. ) ;
#7302 = B_SPLINE_CURVE_WITH_KNOTS ( 'NONE', 3,
 ( #2305, #2351, #8160, #7486 ),
 .UNSPECIFIED., .F., .F.,
 ( 4, 4 ),
 ( 0.0000000000000000000, 1.000000000000000000 ),
 .UNSPECIFIED. ) ;
#7303 = AXIS2_PLACEMENT_3D ( 'NONE', #1941, #4841, #7166 ) ;
#7304 =( BOUNDED_SURFACE ( )  B_SPLINE_SURFACE ( 2, 3, ( 
 ( #8420, #7657, #6377, #4133 ),
 ( #1910, #7701, #1199, #9247 ),
 ( #2760, #4852, #7789, #6997 ) ),
 .UNSPECIFIED., .F., .F., .T. ) 
 B_SPLINE_SURFACE_WITH_KNOTS ( ( 3, 3 ),
 ( 4, 4 ),
 ( 0.0000000000000000000, 1.000000000000000000 ),
 ( 0.03359673641089312018, 0.05341599513946616168 ),
 .UNSPECIFIED. ) 
 GEOMETRIC_REPRESENTATION_ITEM ( )  RATIONAL_B_SPLINE_SURFACE ( (
 ( 1.000000000000000000, 1.000000000000000000, 1.000000000000000000, 1.000000000000000000),
 ( 1.489454356889000630, 1.489454356889000630, 1.489454356889000630, 1.489454356889000630),
 ( 1.000000000000000000, 1.000000000000000000, 1.000000000000000000, 1.000000000000000000) ) ) 
 REPRESENTATION_ITEM ( '' )  SURFACE ( )  );
#7305 = CARTESIAN_POINT ( 'NONE',  ( 6.065444240656106878, 1.397679964033983424, -19.12355392525029885 ) ) ;
#7306 = CARTESIAN_POINT ( 'NONE',  ( 3.114765733250399737, 1.028379173908031685, -26.85355339059327306 ) ) ;
#7307 = ORIENTED_EDGE ( 'NONE', *, *, #915, .T. ) ;
#7308 = CARTESIAN_POINT ( 'NONE',  ( 6.505206916614244328, 2.153458529714355141, -23.00753185772999387 ) ) ;
#7309 = ORIENTED_EDGE ( 'NONE', *, *, #6780, .T. ) ;
#7310 = STYLED_ITEM ( 'NONE', ( #1141 ), #7095 ) ;
#7311 = PLANE ( 'NONE',  #2163 ) ;
#7312 = CARTESIAN_POINT ( 'NONE',  ( 5.545347621316352615, 2.990071286869757650, -22.89453176531993606 ) ) ;
#7313 = B_SPLINE_CURVE_WITH_KNOTS ( 'NONE', 3,
 ( #8258, #7539, #7628, #3927, #4778, #7672 ),
 .UNSPECIFIED., .F., .F.,
 ( 4, 2, 4 ),
 ( 2.168404344971008627E-19, 0.0002044486849903298436, 0.0004088973699806596330 ),
 .UNSPECIFIED. ) ;
#7314 = DIRECTION ( 'NONE',  ( -1.000000000000000000, 1.672957273954558210E-16, 0.0000000000000000000 ) ) ;
#7315 = CARTESIAN_POINT ( 'NONE',  ( 1.701746675568571732, 3.450080428636320473, -21.26461840833498940 ) ) ;
#7316 = CARTESIAN_POINT ( 'NONE',  ( -3.139952026989796696, 0.8977677490638007463, -27.86512145138421204 ) ) ;
#7317 = ORIENTED_EDGE ( 'NONE', *, *, #8447, .T. ) ;
#7318 = CARTESIAN_POINT ( 'NONE',  ( -5.005240102355385190, -3.026629564943066342, -21.05583688104336204 ) ) ;
#7319 = DIRECTION ( 'NONE',  ( -1.000000000000000000, 0.0000000000000000000, -0.0000000000000000000 ) ) ;
#7320 = DIRECTION ( 'NONE',  ( -0.9479016385291566538, -0.3185631549218146397, 0.0000000000000000000 ) ) ;
#7321 = FACE_OUTER_BOUND ( 'NONE', #5834, .T. ) ;
#7322 = DIRECTION ( 'NONE',  ( -0.01764690081855247242, -1.286826586111048217E-14, -0.9998442813215967506 ) ) ;
#7323 = AXIS2_PLACEMENT_3D ( 'NONE', #8490, #7122, #4926 ) ;
#7324 = CARTESIAN_POINT ( 'NONE',  ( -3.145836691679805952, 1.026189116768643217, -25.35000000000000142 ) ) ;
#7325 = CARTESIAN_POINT ( 'NONE',  ( -0.3149610551275415227, 3.348886542413462841, -23.45299229964798826 ) ) ;
#7326 = CARTESIAN_POINT ( 'NONE',  ( -2.219358147490283262, -2.504466937466205856, -23.44336999350589323 ) ) ;
#7327 = ORIENTED_EDGE ( 'NONE', *, *, #6428, .T. ) ;
#7328 = CARTESIAN_POINT ( 'NONE',  ( 5.799999999999999822, -1.400739683024801341, -0.2500000000000000000 ) ) ;
#7329 = ORIENTED_EDGE ( 'NONE', *, *, #9244, .F. ) ;
#7330 = CARTESIAN_POINT ( 'NONE',  ( -0.03198557264852553567, 3.340061472832995371, -23.56566426616577914 ) ) ;
#7331 = PRESENTATION_LAYER_ASSIGNMENT (  '', '', ( #64 ) ) ;
#7332 = SURFACE_STYLE_USAGE ( .BOTH. , #6571 ) ;
#7333 = CYLINDRICAL_SURFACE ( 'NONE', #5828, 2.100000000000000089 ) ;
#7334 = CARTESIAN_POINT ( 'NONE',  ( 4.713855710941729171, -2.891763259629740013, -12.26906492721187902 ) ) ;
#7335 = CIRCLE ( 'NONE', #7793, 0.2499999999999999445 ) ;
#7336 = CARTESIAN_POINT ( 'NONE',  ( 6.055148878758465969, 1.399698720868259638, -19.04119066029183216 ) ) ;
#7337 = CARTESIAN_POINT ( 'NONE',  ( 1.872832080032804658, -0.9499999999999997335, -25.35000000000000497 ) ) ;
#7338 = AXIS2_PLACEMENT_3D ( 'NONE', #3627, #2874, #5732 ) ;
#7339 = EDGE_CURVE ( 'NONE', #3029, #7048, #1882, .T. ) ;
#7340 = SURFACE_STYLE_FILL_AREA ( #3068 ) ;
#7341 = DIRECTION ( 'NONE',  ( -1.000000000000000000, -1.672957273954558210E-16, 0.0000000000000000000 ) ) ;
#7342 = SURFACE_STYLE_USAGE ( .BOTH. , #5200 ) ;
#7343 = COLOUR_RGB ( '',0.2509803921568627416, 0.2509803921568627416, 0.2509803921568627416 ) ;
#7344 = VERTEX_POINT ( 'NONE', #6976 ) ;
#7345 = CARTESIAN_POINT ( 'NONE',  ( -6.049999999999998046, -1.400712819556612754, -18.95849706686859548 ) ) ;
#7346 = VECTOR ( 'NONE', #810, 1000.000000000000000 ) ;
#7347 = CARTESIAN_POINT ( 'NONE',  ( 3.098973170844998126, 1.028752842305864723, -27.85436310159963469 ) ) ;
#7348 = CARTESIAN_POINT ( 'NONE',  ( 3.208457000409565385, 0.7376868568168983842, -26.65445578020425188 ) ) ;
#7349 = DIRECTION ( 'NONE',  ( 0.0000000000000000000, 0.0000000000000000000, -1.000000000000000000 ) ) ;
#7350 = PRESENTATION_LAYER_ASSIGNMENT (  '', '', ( #4620 ) ) ;
#7351 = FACE_OUTER_BOUND ( 'NONE', #5374, .T. ) ;
#7352 = EDGE_CURVE ( 'NONE', #1021, #9284, #395, .T. ) ;
#7353 = EDGE_CURVE ( 'NONE', #6395, #1835, #8355, .T. ) ;
#7354 = CARTESIAN_POINT ( 'NONE',  ( -1.058359166400973272, -3.257451562803451939, -23.54799739354677257 ) ) ;
#7355 = CARTESIAN_POINT ( 'NONE',  ( 2.339991488360581240, -2.392396058351626831, -23.43697414193661288 ) ) ;
#7356 = ORIENTED_EDGE ( 'NONE', *, *, #2422, .F. ) ;
#7357 = CARTESIAN_POINT ( 'NONE',  ( 3.063714927207906946, -1.029628659052458595, -29.75436310163103215 ) ) ;
#7358 = DIRECTION ( 'NONE',  ( -1.000000000000000000, 0.0000000000000000000, 0.0000000000000000000 ) ) ;
#7359 = VERTEX_POINT ( 'NONE', #562 ) ;
#7360 =( BOUNDED_SURFACE ( )  B_SPLINE_SURFACE ( 2, 3, ( 
 ( #2139, #7882, #3562, #1376 ),
 ( #9337, #664, #4257, #7171 ),
 ( #6463, #4667, #8191, #1822 ) ),
 .UNSPECIFIED., .F., .F., .F. ) 
 B_SPLINE_SURFACE_WITH_KNOTS ( ( 3, 3 ),
 ( 4, 4 ),
 ( 0.0000000000000000000, 1.000000000000000000 ),
 ( 0.06234673641089313184, 0.08216599513946618027 ),
 .UNSPECIFIED. ) 
 GEOMETRIC_REPRESENTATION_ITEM ( )  RATIONAL_B_SPLINE_SURFACE ( (
 ( 1.000000000000000000, 1.000000000000000000, 1.000000000000000000, 1.000000000000000000),
 ( 1.489454356889000630, 1.489454356889000630, 1.489454356889000630, 1.489454356889000630),
 ( 1.000000000000000000, 1.000000000000000000, 1.000000000000000000, 1.000000000000000000) ) ) 
 REPRESENTATION_ITEM ( '' )  SURFACE ( )  );
#7361 = STYLED_ITEM ( 'NONE', ( #2666 ), #8405 ) ;
#7362 = PRESENTATION_STYLE_ASSIGNMENT (( #1383 ) ) ;
#7363 = ORIENTED_EDGE ( 'NONE', *, *, #2011, .F. ) ;
#7364 = CARTESIAN_POINT ( 'NONE',  ( -6.329744543988382155, -1.569044888106382318, -21.23795635190707642 ) ) ;
#7365 = CARTESIAN_POINT ( 'NONE',  ( -3.018527356233959402, -0.7281191497468574303, -25.46746391551542388 ) ) ;
#7366 = VECTOR ( 'NONE', #1977, 1000.000000000000000 ) ;
#7367 = COLOUR_RGB ( '',0.2509803921568627416, 0.2509803921568627416, 0.2509803921568627416 ) ;
#7368 =( NAMED_UNIT ( * ) PLANE_ANGLE_UNIT ( ) SI_UNIT ( $, .RADIAN. ) );
#7369 = CARTESIAN_POINT ( 'NONE',  ( -6.299513221324255952, 1.825618736013917554, -21.04855061185564225 ) ) ;
#7370 = CARTESIAN_POINT ( 'NONE',  ( -6.065444246572663012, 1.397760580596303148, -19.12355397258131262 ) ) ;
#7371 = STYLED_ITEM ( 'NONE', ( #8932 ), #2193 ) ;
#7372 = CARTESIAN_POINT ( 'NONE',  ( 6.065444246572624820, -1.397760580596318913, -19.12355397258102485 ) ) ;
#7373 = ADVANCED_FACE ( 'NONE', ( #4731 ), #4325, .T. ) ;
#7374 = CARTESIAN_POINT ( 'NONE',  ( -1.882173618142514382, 4.573542576979123808, -25.35000000000000142 ) ) ;
#7375 = ORIENTED_EDGE ( 'NONE', *, *, #1152, .T. ) ;
#7376 = CARTESIAN_POINT ( 'NONE',  ( -3.219918190030778060, -0.5037338437453348083, -28.21670833027230785 ) ) ;
#7377 = VERTEX_POINT ( 'NONE', #7907 ) ;
#7378 = SURFACE_SIDE_STYLE ('',( #2211 ) ) ;
#7379 = COLOUR_RGB ( '',0.2509803921568627416, 0.2509803921568627416, 0.2509803921568627416 ) ;
#7380 = CARTESIAN_POINT ( 'NONE',  ( -3.005366193732541991, 0.6999999999999996225, -26.50000000000000355 ) ) ;
#7381 = CARTESIAN_POINT ( 'NONE',  ( -0.2037103721347879037, 3.349644717705121622, -23.46321533578077734 ) ) ;
#7382 = MECHANICAL_DESIGN_GEOMETRIC_PRESENTATION_REPRESENTATION (  '', ( #2219 ), #4800 ) ;
#7383 = AXIS2_PLACEMENT_3D ( 'NONE', #8820, #8509, #4180 ) ;
#7384 = FILL_AREA_STYLE_COLOUR ( '', #1209 ) ;
#7385 = CARTESIAN_POINT ( 'NONE',  ( 6.050000000000007816, -2.744927974232791890, -5.662645351020878515 ) ) ;
#7386 = CIRCLE ( 'NONE', #8157, 0.2499999999999974742 ) ;
#7387 = UNCERTAINTY_MEASURE_WITH_UNIT (LENGTH_MEASURE( 1.000000000000000082E-05 ), #886, 'distance_accuracy_value', 'NONE');
#7388 = MECHANICAL_DESIGN_GEOMETRIC_PRESENTATION_REPRESENTATION (  '', ( #2232 ), #1623 ) ;
#7389 = CARTESIAN_POINT ( 'NONE',  ( 1.861692450868596360, 3.060240854075828132, -23.45982257102810564 ) ) ;
#7390 = FILL_AREA_STYLE ('',( #8309 ) ) ;
#7391 = FILL_AREA_STYLE_COLOUR ( '', #4898 ) ;
#7392 =( NAMED_UNIT ( * ) SI_UNIT ( $, .STERADIAN. ) SOLID_ANGLE_UNIT ( ) );
#7393 = CARTESIAN_POINT ( 'NONE',  ( 2.861741315536934227, 0.9499999999999997335, -28.10000000000000497 ) ) ;
#7394 = ORIENTED_EDGE ( 'NONE', *, *, #1547, .F. ) ;
#7395 = SURFACE_STYLE_FILL_AREA ( #3178 ) ;
#7396 = FILL_AREA_STYLE_COLOUR ( '', #8143 ) ;
#7397 = PLANE ( 'NONE',  #3458 ) ;
#7398 = UNCERTAINTY_MEASURE_WITH_UNIT (LENGTH_MEASURE( 1.000000000000000082E-05 ), #8077, 'distance_accuracy_value', 'NONE');
#7399 = CARTESIAN_POINT ( 'NONE',  ( -3.276049450176239830, 0.6999999999999994005, -29.25000000000000000 ) ) ;
#7400 = CARTESIAN_POINT ( 'NONE',  ( 2.224584066265788085, 2.494432275140733068, -23.67994485806260130 ) ) ;
#7401 = ORIENTED_EDGE ( 'NONE', *, *, #7812, .T. ) ;
#7402 = ORIENTED_EDGE ( 'NONE', *, *, #8203, .F. ) ;
#7403 = CARTESIAN_POINT ( 'NONE',  ( 5.842357217742299547, -2.650560824114772451, -23.10271396869887539 ) ) ;
#7404 = B_SPLINE_CURVE_WITH_KNOTS ( 'NONE', 3,
 ( #7192, #3663, #2290, #6563, #5807, #5763, #1437, #118, #4425, #7996, #5101, #6522, #3536, #7325, #8694, #826, #8743, #7898, #9305, #2823, #3578, #65 ),
 .UNSPECIFIED., .F., .F.,
 ( 4, 2, 1, 1, 2, 2, 2, 2, 1, 1, 2, 2, 4 ),
 ( 0.0000000000000000000, 0.1250000000000022204, 0.1875000000000030254, 0.2187500000000034972, 0.2343750000000034139, 0.2500000000000033307, 0.5000000000000019984, 0.6250000000000013323, 0.6875000000000007772, 0.7187500000000007772, 0.7343750000000005551, 0.7500000000000004441, 1.000000000000000000 ),
 .UNSPECIFIED. ) ;
#7405 = EDGE_CURVE ( 'NONE', #3210, #6565, #4918, .T. ) ;
#7406 = EDGE_CURVE ( 'NONE', #9250, #7978, #7153, .T. ) ;
#7407 = CARTESIAN_POINT ( 'NONE',  ( 5.081727771881967115, 3.051132821197368283, -21.26461840833500361 ) ) ;
#7408 = CARTESIAN_POINT ( 'NONE',  ( 2.360665549670640129, 2.707747778012225215, -23.43590734590660318 ) ) ;
#7409 = VERTEX_POINT ( 'NONE', #1401 ) ;
#7410 = CARTESIAN_POINT ( 'NONE',  ( -4.713855710941724730, 2.891763259629743565, -18.87548450340289463 ) ) ;
#7411 = CARTESIAN_POINT ( 'NONE',  ( 2.570187259182151518, -2.137112561615460482, -23.65758101445942074 ) ) ;
#7412 = PRESENTATION_LAYER_ASSIGNMENT (  '', '', ( #4686 ) ) ;
#7413 = SURFACE_STYLE_USAGE ( .BOTH. , #7278 ) ;
#7414 =( BOUNDED_SURFACE ( )  B_SPLINE_SURFACE ( 3, 3, ( 
 ( #7357, #2371, #1, #2894 ),
 ( #8677, #47, #2186, #2933 ),
 ( #3694, #2979, #5083, #4361 ),
 ( #3739, #6641, #3027, #5835 ) ),
 .UNSPECIFIED., .F., .F., .T. ) 
 B_SPLINE_SURFACE_WITH_KNOTS ( ( 4, 4 ),
 ( 4, 4 ),
 ( 0.0000000000000000000, 1.000000000000000000 ),
 ( 0.0000000000000000000, 1.000000000000000000 ),
 .UNSPECIFIED. ) 
 GEOMETRIC_REPRESENTATION_ITEM ( )  RATIONAL_B_SPLINE_SURFACE ( (
 ( 1.000000000000000000, 0.5457087699478758713, 0.5457087699478758713, 1.000000000000000000),
 ( 0.9999746153758615197, 0.5456949173358616179, 0.5456949173358616179, 0.9999746153758615197),
 ( 0.9999746153758615197, 0.5456949173358616179, 0.5456949173358616179, 0.9999746153758615197),
 ( 1.000000000000000000, 0.5457087699478758713, 0.5457087699478758713, 1.000000000000000000) ) ) 
 REPRESENTATION_ITEM ( '' )  SURFACE ( )  );
#7415 = EDGE_CURVE ( 'NONE', #7857, #4066, #5016, .T. ) ;
#7416 = FACE_OUTER_BOUND ( 'NONE', #4867, .T. ) ;
#7417 = CIRCLE ( 'NONE', #461, 3.232102153512883547 ) ;
#7418 = CARTESIAN_POINT ( 'NONE',  ( -4.993047265035968074, -2.960834823798374593, -20.85271663322431834 ) ) ;
#7419 = DIRECTION ( 'NONE',  ( 1.672957273954557963E-16, -1.000000000000000000, 0.0000000000000000000 ) ) ;
#7420 = CARTESIAN_POINT ( 'NONE',  ( 3.149912906151641767, 1.027518800200614146, -25.10436310160459072 ) ) ;
#7421 = ORIENTED_EDGE ( 'NONE', *, *, #7774, .F. ) ;
#7422 = CARTESIAN_POINT ( 'NONE',  ( -6.065444246572657683, 1.397765044245062871, -19.12355397258126999 ) ) ;
#7423 = VERTEX_POINT ( 'NONE', #2831 ) ;
#7424 = CARTESIAN_POINT ( 'NONE',  ( 0.6380441738768531934, 3.276831168199481503, -23.66620963064236349 ) ) ;
#7425 = SURFACE_STYLE_FILL_AREA ( #3864 ) ;
#7426 = CARTESIAN_POINT ( 'NONE',  ( -3.010661088395867324, 0.6999999999999996225, -26.20000000538532348 ) ) ;
#7427 = STYLED_ITEM ( 'NONE', ( #6369 ), #5387 ) ;
#7428 = EDGE_CURVE ( 'NONE', #8374, #7861, #2079, .T. ) ;
#7429 =( LENGTH_UNIT ( ) NAMED_UNIT ( * ) SI_UNIT ( .MILLI., .METRE. ) );
#7430 = UNCERTAINTY_MEASURE_WITH_UNIT (LENGTH_MEASURE( 1.000000000000000082E-05 ), #9067, 'distance_accuracy_value', 'NONE');
#7431 = SURFACE_STYLE_USAGE ( .BOTH. , #5398 ) ;
#7432 = VERTEX_POINT ( 'NONE', #3722 ) ;
#7433 = CARTESIAN_POINT ( 'NONE',  ( -2.925000000000000711, 0.6249999999999996669, 6.599999999999999645 ) ) ;
#7434 = SURFACE_STYLE_FILL_AREA ( #338 ) ;
#7435 = VERTEX_POINT ( 'NONE', #3213 ) ;
#7436 =( LENGTH_UNIT ( ) NAMED_UNIT ( * ) SI_UNIT ( .MILLI., .METRE. ) );
#7437 =( LENGTH_UNIT ( ) NAMED_UNIT ( * ) SI_UNIT ( .MILLI., .METRE. ) );
#7438 = SURFACE_SIDE_STYLE ('',( #3078 ) ) ;
#7439 = CARTESIAN_POINT ( 'NONE',  ( 5.006301624633377578, -3.025845976715387575, -21.05384161634966844 ) ) ;
#7440 = PLANE ( 'NONE',  #4031 ) ;
#7441 = CARTESIAN_POINT ( 'NONE',  ( 3.293200727428488683, -0.6668298078984797872, -23.37484769290568209 ) ) ;
#7442 = ORIENTED_EDGE ( 'NONE', *, *, #5025, .T. ) ;
#7443 = CARTESIAN_POINT ( 'NONE',  ( -2.952037432446369625, -0.8220720537110588477, -26.72459797288244587 ) ) ;
#7444 = CARTESIAN_POINT ( 'NONE',  ( -0.7435557905552915292, 3.257517634039341470, -23.60241804760184792 ) ) ;
#7445 = ORIENTED_EDGE ( 'NONE', *, *, #462, .F. ) ;
#7446 = CARTESIAN_POINT ( 'NONE',  ( 5.398714453683719938, -2.764909666481756290, -23.16137610175357509 ) ) ;
#7447 = PRESENTATION_LAYER_ASSIGNMENT (  '', '', ( #3652 ) ) ;
#7448 = COLOUR_RGB ( '',0.2509803921568627416, 0.2509803921568627416, 0.2509803921568627416 ) ;
#7449 = CARTESIAN_POINT ( 'NONE',  ( -4.713855710941724730, 2.891763259629743565, -18.87548450340289463 ) ) ;
#7450 = CARTESIAN_POINT ( 'NONE',  ( -3.114729576739697858, -1.028367236380209437, -27.00436310160932507 ) ) ;
#7451 = FILL_AREA_STYLE ('',( #6235 ) ) ;
#7452 = CARTESIAN_POINT ( 'NONE',  ( -2.354809542041976567, 2.389559224407328930, -23.67267064597112380 ) ) ;
#7453 = PRESENTATION_STYLE_ASSIGNMENT (( #6044 ) ) ;
#7454 = ORIENTED_EDGE ( 'NONE', *, *, #3689, .T. ) ;
#7455 = EDGE_CURVE ( 'NONE', #1657, #3339, #6894, .T. ) ;
#7456 = CARTESIAN_POINT ( 'NONE',  ( 6.067730761950961949, -2.742094147192009945, -19.14184609560768990 ) ) ;
#7457 = COLOUR_RGB ( '',0.2509803921568627416, 0.2509803921568627416, 0.2509803921568627416 ) ;
#7458 = CARTESIAN_POINT ( 'NONE',  ( 5.392528635208939214, 2.763197374539979378, -23.16181163658245978 ) ) ;
#7459 = VECTOR ( 'NONE', #1893, 1000.000000000000000 ) ;
#7460 = SURFACE_STYLE_USAGE ( .BOTH. , #3614 ) ;
#7461 = SURFACE_STYLE_USAGE ( .BOTH. , #3201 ) ;
#7462 = DIRECTION ( 'NONE',  ( -0.3185631549218144731, 0.9479016385291566538, -6.718958921397927810E-16 ) ) ;
#7463 = SURFACE_SIDE_STYLE ('',( #7280 ) ) ;
#7464 = FILL_AREA_STYLE_COLOUR ( '', #78 ) ;
#7465 =( GEOMETRIC_REPRESENTATION_CONTEXT ( 3 ) GLOBAL_UNCERTAINTY_ASSIGNED_CONTEXT ( ( #4773 ) ) GLOBAL_UNIT_ASSIGNED_CONTEXT ( ( #4861, #7102, #1251 ) ) REPRESENTATION_CONTEXT ( 'NONE', 'WORKASPACE' ) );
#7466 = PRESENTATION_LAYER_ASSIGNMENT (  '', '', ( #6411 ) ) ;
#7467 = SURFACE_STYLE_FILL_AREA ( #2908 ) ;
#7468 = FILL_AREA_STYLE ('',( #4570 ) ) ;
#7469 = EDGE_LOOP ( 'NONE', ( #2868, #2271, #9172, #1493 ) ) ;
#7470 = ADVANCED_FACE ( 'NONE', ( #6624 ), #7333, .T. ) ;
#7471 = CARTESIAN_POINT ( 'NONE',  ( -5.864801335753984546, -2.411131139893949005, 4.440509556989259628E-15 ) ) ;
#7472 =( BOUNDED_CURVE ( )  B_SPLINE_CURVE ( 2, ( #4349, #5122, #5870 ),
 .UNSPECIFIED., .F., .F. ) 
 B_SPLINE_CURVE_WITH_KNOTS ( ( 3, 3 ),
 ( 0.0000000000000000000, 1.000000000000000000 ),
 .UNSPECIFIED. ) 
 CURVE ( )  GEOMETRIC_REPRESENTATION_ITEM ( )  RATIONAL_B_SPLINE_CURVE ( ( 1.000000000000000000, 0.7122195952380250272, 1.000000000000000000 ) ) 
 REPRESENTATION_ITEM ( '' )  );
#7473 = ADVANCED_FACE ( 'NONE', ( #3821 ), #5343, .T. ) ;
#7474 = CARTESIAN_POINT ( 'NONE',  ( -5.677871680855698600, -2.703151068473325314, -23.12483098377414237 ) ) ;
#7475 = ORIENTED_EDGE ( 'NONE', *, *, #7352, .T. ) ;
#7476 = CARTESIAN_POINT ( 'NONE',  ( -6.304516273632183143, 1.775992805274168695, -23.03697613590313509 ) ) ;
#7477 = CARTESIAN_POINT ( 'NONE',  ( -1.901072084220501779, -4.637261296539253230, -27.85436310159641593 ) ) ;
#7478 =( NAMED_UNIT ( * ) SI_UNIT ( $, .STERADIAN. ) SOLID_ANGLE_UNIT ( ) );
#7479 = CARTESIAN_POINT ( 'NONE',  ( -1.057913758756302558, 3.337585386075277771, -23.46725215424712729 ) ) ;
#7480 = FILL_AREA_STYLE ('',( #3059 ) ) ;
#7481 = PRESENTATION_STYLE_ASSIGNMENT (( #8753 ) ) ;
#7482 = FACE_OUTER_BOUND ( 'NONE', #9083, .T. ) ;
#7483 = COLOUR_RGB ( '',0.2509803921568627416, 0.2509803921568627416, 0.2509803921568627416 ) ;
#7484 = DIRECTION ( 'NONE',  ( 0.0000000000000000000, 0.0000000000000000000, 1.000000000000000000 ) ) ;
#7485 = ORIENTED_EDGE ( 'NONE', *, *, #7406, .F. ) ;
#7486 = CARTESIAN_POINT ( 'NONE',  ( -6.049999999999999822, 1.400739683024801341, -18.87548450340289818 ) ) ;
#7487 = DIRECTION ( 'NONE',  ( -0.0000000000000000000, -1.000000000000000000, -0.0000000000000000000 ) ) ;
#7488 = PRESENTATION_LAYER_ASSIGNMENT (  '', '', ( #3106 ) ) ;
#7489 = CARTESIAN_POINT ( 'NONE',  ( -3.035766082959412415E-15, 40.00249999999994088, -21.47721981097154398 ) ) ;
#7490 = CARTESIAN_POINT ( 'NONE',  ( 6.268851540329241523, 2.778848167523647383, -20.75081232263395137 ) ) ;
#7491 = VERTEX_POINT ( 'NONE', #178 ) ;
#7492 = FACE_OUTER_BOUND ( 'NONE', #7546, .T. ) ;
#7493 = CIRCLE ( 'NONE', #3258, 2.100000000000000089 ) ;
#7494 = CARTESIAN_POINT ( 'NONE',  ( 5.015717504000265947, 3.058873141335063828, -21.25592629099399744 ) ) ;
#7495 = AXIS2_PLACEMENT_3D ( 'NONE', #5999, #8188, #4663 ) ;
#7496 = LINE ( 'NONE', #3879, #5100 ) ;
#7497 = FILL_AREA_STYLE ('',( #4594 ) ) ;
#7498 =( NAMED_UNIT ( * ) PLANE_ANGLE_UNIT ( ) SI_UNIT ( $, .RADIAN. ) );
#7499 = CARTESIAN_POINT ( 'NONE',  ( 5.621958362301801237, -2.308194395824192391, -3.252606517456503047E-15 ) ) ;
#7500 = UNCERTAINTY_MEASURE_WITH_UNIT (LENGTH_MEASURE( 1.000000000000000082E-05 ), #1586, 'distance_accuracy_value', 'NONE');
#7501 = AXIS2_PLACEMENT_3D ( 'NONE', #1564, #6506, #4407 ) ;
#7502 = CARTESIAN_POINT ( 'NONE',  ( 0.8423788209365626889, -3.342339368099538355, -23.47678506372986007 ) ) ;
#7503 = ADVANCED_FACE ( 'NONE', ( #1027 ), #4586, .T. ) ;
#7504 = SURFACE_SIDE_STYLE ('',( #4598 ) ) ;
#7505 = ORIENTED_EDGE ( 'NONE', *, *, #6478, .F. ) ;
#7506 = CARTESIAN_POINT ( 'NONE',  ( -1.241898298751631158, 3.097668276134446952, -23.72510330486320740 ) ) ;
#7507 = ORIENTED_EDGE ( 'NONE', *, *, #3579, .F. ) ;
#7508 =( BOUNDED_CURVE ( )  B_SPLINE_CURVE ( 2, ( #7549, #5263, #8946 ),
 .UNSPECIFIED., .F., .T. ) 
 B_SPLINE_CURVE_WITH_KNOTS ( ( 3, 3 ),
 ( 0.0000000000000000000, 1.000000000000000000 ),
 .UNSPECIFIED. ) 
 CURVE ( )  GEOMETRIC_REPRESENTATION_ITEM ( )  RATIONAL_B_SPLINE_CURVE ( ( 1.000000000000000000, 1.489454356889000630, 1.000000000000000000 ) ) 
 REPRESENTATION_ITEM ( '' )  );
#7509 = SURFACE_STYLE_FILL_AREA ( #8225 ) ;
#7510 = CIRCLE ( 'NONE', #3418, 0.2500000000000012768 ) ;
#7511 = CARTESIAN_POINT ( 'NONE',  ( 1.577579022422544774, 3.236423702677466263, -0.1035533905932739945 ) ) ;
#7512 = CARTESIAN_POINT ( 'NONE',  ( -6.049999999999998046, 3.149999999999999911, -18.87548450340289463 ) ) ;
#7513 = CARTESIAN_POINT ( 'NONE',  ( -3.148469324084249177, 0.8576426506663489269, -28.10101668702893463 ) ) ;
#7514 = CARTESIAN_POINT ( 'NONE',  ( 0.5446813379526712628, -3.323799714756733970, -23.53480999855746347 ) ) ;
#7515 = EDGE_LOOP ( 'NONE', ( #857, #6882, #4601, #7791 ) ) ;
#7516 = DIRECTION ( 'NONE',  ( -0.1240212162835415133, 0.01476361239063051986, -0.9921697302683297748 ) ) ;
#7517 = CARTESIAN_POINT ( 'NONE',  ( 6.180271013676012615, 1.384904610932399027, -20.04216810940812721 ) ) ;
#7518 = CARTESIAN_POINT ( 'NONE',  ( -6.488345274933529083, 2.882135770453252199, -22.50676219946928924 ) ) ;
#7519 = LINE ( 'NONE', #4048, #8885 ) ;
#7520 =( NAMED_UNIT ( * ) SI_UNIT ( $, .STERADIAN. ) SOLID_ANGLE_UNIT ( ) );
#7521 = CARTESIAN_POINT ( 'NONE',  ( 3.093559992256370794, -0.9536679222215177498, -29.51993957349648312 ) ) ;
#7522 = SURFACE_SIDE_STYLE ('',( #5439 ) ) ;
#7523 = CARTESIAN_POINT ( 'NONE',  ( 6.336395963635997219, -1.568269230615329413, -21.29116770908799694 ) ) ;
#7524 =( NAMED_UNIT ( * ) PLANE_ANGLE_UNIT ( ) SI_UNIT ( $, .RADIAN. ) );
#7525 = ORIENTED_EDGE ( 'NONE', *, *, #7352, .F. ) ;
#7526 = CARTESIAN_POINT ( 'NONE',  ( -4.686546425784776204, -2.643259330195583789, -3.794707603699265519E-15 ) ) ;
#7527 = ORIENTED_EDGE ( 'NONE', *, *, #1660, .T. ) ;
#7528 = SURFACE_SIDE_STYLE ('',( #1681 ) ) ;
#7529 = CARTESIAN_POINT ( 'NONE',  ( -3.098973170845568781, -1.028752842306056792, -27.85436310159641593 ) ) ;
#7530 = CARTESIAN_POINT ( 'NONE',  ( 3.000986222921604440, 3.260760466347635944, -23.41034623632923228 ) ) ;
#7531 = SURFACE_STYLE_USAGE ( .BOTH. , #2677 ) ;
#7532 = PRESENTATION_LAYER_ASSIGNMENT (  '', '', ( #2219 ) ) ;
#7533 = B_SPLINE_CURVE_WITH_KNOTS ( 'NONE', 3,
 ( #7080, #480, #3373, #5654 ),
 .UNSPECIFIED., .F., .F.,
 ( 4, 4 ),
 ( 9.023577232583920464E-07, 0.9999995708953426377 ),
 .UNSPECIFIED. ) ;
#7534 = VECTOR ( 'NONE', #1736, 1000.000000000000000 ) ;
#7535 = EDGE_CURVE ( 'NONE', #317, #3105, #3710, .T. ) ;
#7536 = EDGE_CURVE ( 'NONE', #3123, #4224, #4941, .T. ) ;
#7537 = CARTESIAN_POINT ( 'NONE',  ( -2.925000000000000266, -4.238084680662899344E-17, 6.599999999999999645 ) ) ;
#7538 = EDGE_LOOP ( 'NONE', ( #2176, #6922, #7795, #7402 ) ) ;
#7539 = CARTESIAN_POINT ( 'NONE',  ( -1.904079279032715677, -0.8883992034755764378, -25.35000000000000497 ) ) ;
#7540 = FILL_AREA_STYLE_COLOUR ( '', #8410 ) ;
#7541 = PLANE ( 'NONE',  #554 ) ;
#7542 = PRESENTATION_LAYER_ASSIGNMENT (  '', '', ( #3894 ) ) ;
#7543 = PRESENTATION_STYLE_ASSIGNMENT (( #6925 ) ) ;
#7544 = CARTESIAN_POINT ( 'NONE',  ( 5.937001386077183085, -2.663608347438249702, -20.82875075305284795 ) ) ;
#7545 = CARTESIAN_POINT ( 'NONE',  ( 6.300306496203631923, 2.593696145498767258, -22.79150703948685575 ) ) ;
#7546 = EDGE_LOOP ( 'NONE', ( #6069, #4085, #8562, #1051 ) ) ;
#7547 = CARTESIAN_POINT ( 'NONE',  ( -6.330224504196007906, -1.868247441444182311, -21.29631353420119311 ) ) ;
#7548 = SURFACE_SIDE_STYLE ('',( #6784 ) ) ;
#7549 = CARTESIAN_POINT ( 'NONE',  ( 4.713855710941725619, -2.891763259629743565, -18.87548450340289818 ) ) ;
#7550 = B_SPLINE_CURVE_WITH_KNOTS ( 'NONE', 3,
 ( #8878, #2395, #7376, #5857, #8195, #5289, #8746, #1679, #8050, #4430 ),
 .UNSPECIFIED., .F., .F.,
 ( 4, 2, 2, 2, 4 ),
 ( 0.0000000000000000000, 0.2500000000000000000, 0.5000000000000000000, 0.7500000000000000000, 1.000000000000000000 ),
 .UNSPECIFIED. ) ;
#7551 = CARTESIAN_POINT ( 'NONE',  ( -3.035766082959412415E-15, -40.00249999999994088, -20.85272001113170859 ) ) ;
#7552 = CARTESIAN_POINT ( 'NONE',  ( 5.700859721287105941, -2.165369435623841543, -3.144186300207972325E-15 ) ) ;
#7553 = PRESENTATION_STYLE_ASSIGNMENT (( #3987 ) ) ;
#7554 = CARTESIAN_POINT ( 'NONE',  ( 2.747318988762769365, 2.296428360346927544, -23.41262494666447935 ) ) ;
#7555 = ORIENTED_EDGE ( 'NONE', *, *, #2042, .F. ) ;
#7556 = PRESENTATION_STYLE_ASSIGNMENT (( #5363 ) ) ;
#7557 = FILL_AREA_STYLE ('',( #4650 ) ) ;
#7558 =( GEOMETRIC_REPRESENTATION_CONTEXT ( 3 ) GLOBAL_UNCERTAINTY_ASSIGNED_CONTEXT ( ( #5157 ) ) GLOBAL_UNIT_ASSIGNED_CONTEXT ( ( #1702, #347, #3788 ) ) REPRESENTATION_CONTEXT ( 'NONE', 'WORKASPACE' ) );
#7559 = ORIENTED_EDGE ( 'NONE', *, *, #295, .F. ) ;
#7560 = CARTESIAN_POINT ( 'NONE',  ( 5.900168869715648690, -2.624785785195520749, -23.09475158641564363 ) ) ;
#7561 = EDGE_CURVE ( 'NONE', #5475, #7170, #7058, .T. ) ;
#7562 = CARTESIAN_POINT ( 'NONE',  ( -3.214549975927412984, 0.4874819352554041751, -28.65436283068904544 ) ) ;
#7563 = ORIENTED_EDGE ( 'NONE', *, *, #2355, .F. ) ;
#7564 = CARTESIAN_POINT ( 'NONE',  ( 4.686546425784775316, 2.643259330195581125, -0.2500000000000002220 ) ) ;
#7565 =( NAMED_UNIT ( * ) SI_UNIT ( $, .STERADIAN. ) SOLID_ANGLE_UNIT ( ) );
#7566 = FILL_AREA_STYLE_COLOUR ( '', #2030 ) ;
#7567 = CARTESIAN_POINT ( 'NONE',  ( -4.860813780662753381, -2.875358454448234014, -20.22822021129190517 ) ) ;
#7568 = CARTESIAN_POINT ( 'NONE',  ( -1.797428898620711202, 4.367619181192917033, -25.35000000000000497 ) ) ;
#7569 = ORIENTED_EDGE ( 'NONE', *, *, #5742, .F. ) ;
#7570 = CARTESIAN_POINT ( 'NONE',  ( -5.800000000000008704, -1.400739683024801563, -8.782037597132585915E-15 ) ) ;
#7571 = CARTESIAN_POINT ( 'NONE',  ( 2.869275084791357511, 0.8867702544208676541, -29.50000000000000355 ) ) ;
#7572 = ORIENTED_EDGE ( 'NONE', *, *, #904, .F. ) ;
#7573 = CARTESIAN_POINT ( 'NONE',  ( -6.213186037706314835, 2.297388583285453034, -23.05036426244313930 ) ) ;
#7574 = CARTESIAN_POINT ( 'NONE',  ( 4.713855710941726507, 2.891763259629740901, -0.2500000000000020539 ) ) ;
#7575 = CARTESIAN_POINT ( 'NONE',  ( 5.741343042155733656, -2.049575273693213795, -3.144186300207962859E-15 ) ) ;
#7576 =( GEOMETRIC_REPRESENTATION_CONTEXT ( 3 ) GLOBAL_UNCERTAINTY_ASSIGNED_CONTEXT ( ( #2876 ) ) GLOBAL_UNIT_ASSIGNED_CONTEXT ( ( #5586, #2003, #9213 ) ) REPRESENTATION_CONTEXT ( 'NONE', 'WORKASPACE' ) );
#7577 = FILL_AREA_STYLE_COLOUR ( '', #7743 ) ;
#7578 = CARTESIAN_POINT ( 'NONE',  ( -2.718104249408701989, -1.938879736802648246, -23.64737700101918705 ) ) ;
#7579 = ORIENTED_EDGE ( 'NONE', *, *, #1026, .T. ) ;
#7580 = SURFACE_STYLE_USAGE ( .BOTH. , #8260 ) ;
#7581 = STYLED_ITEM ( 'NONE', ( #3156 ), #5447 ) ;
#7582 = CARTESIAN_POINT ( 'NONE',  ( 3.010661088396818119, 0.6999999999999996225, -26.20000000538514584 ) ) ;
#7583 = EDGE_CURVE ( 'NONE', #7409, #5573, #7994, .T. ) ;
#7584 = CARTESIAN_POINT ( 'NONE',  ( 5.898268897718980774, 2.887351152358179185, -22.84764096646414089 ) ) ;
#7585 = ORIENTED_EDGE ( 'NONE', *, *, #5202, .T. ) ;
#7586 = CARTESIAN_POINT ( 'NONE',  ( -6.182609125245413395, 2.725514048995508531, -20.06087300196334056 ) ) ;
#7587 = PRESENTATION_LAYER_ASSIGNMENT (  '', '', ( #3794 ) ) ;
#7588 = CARTESIAN_POINT ( 'NONE',  ( 1.171070091768190994E-16, 0.7000000000000000666, -25.60000000000000497 ) ) ;
#7589 = SURFACE_STYLE_USAGE ( .BOTH. , #6838 ) ;
#7590 = DIRECTION ( 'NONE',  ( -1.000000000000000000, -1.672957273954558210E-16, -0.0000000000000000000 ) ) ;
#7591 = FACE_OUTER_BOUND ( 'NONE', #1945, .T. ) ;
#7592 = ORIENTED_EDGE ( 'NONE', *, *, #6839, .T. ) ;
#7593 = ADVANCED_FACE ( 'NONE', ( #1301 ), #6897, .T. ) ;
#7594 = CARTESIAN_POINT ( 'NONE',  ( -1.150643765412893815, -3.334800413142557485, -23.32911323313259899 ) ) ;
#7595 = EDGE_CURVE ( 'NONE', #6826, #5765, #7964, .T. ) ;
#7596 = EDGE_LOOP ( 'NONE', ( #3917, #998, #5882, #5700 ) ) ;
#7597 = CARTESIAN_POINT ( 'NONE',  ( 3.021250099524054988, 0.6999999999999994005, -25.60000000242104790 ) ) ;
#7598 = SURFACE_STYLE_FILL_AREA ( #6889 ) ;
#7599 = MECHANICAL_DESIGN_GEOMETRIC_PRESENTATION_REPRESENTATION (  '', ( #1534 ), #181 ) ;
#7600 = FACE_OUTER_BOUND ( 'NONE', #4687, .T. ) ;
#7601 = CARTESIAN_POINT ( 'NONE',  ( -2.925000000000000266, -4.238084680662899344E-17, 6.599999999999999645 ) ) ;
#7602 = FACE_OUTER_BOUND ( 'NONE', #256, .T. ) ;
#7603 = DIRECTION ( 'NONE',  ( 0.0000000000000000000, 0.0000000000000000000, 1.000000000000000000 ) ) ;
#7604 = ORIENTED_EDGE ( 'NONE', *, *, #4828, .F. ) ;
#7605 = CARTESIAN_POINT ( 'NONE',  ( -2.934960510895687325, 0.8220754102750471581, -28.12538607422905912 ) ) ;
#7606 = CARTESIAN_POINT ( 'NONE',  ( 2.861741315536934227, 0.9499999999999997335, -28.10000000000000497 ) ) ;
#7607 = CARTESIAN_POINT ( 'NONE',  ( -5.239949534292296818, 3.032172739191150601, -23.18068864585000810 ) ) ;
#7608 = CARTESIAN_POINT ( 'NONE',  ( 6.065444246572663012, 1.397760580596306479, -19.12355397258131262 ) ) ;
#7609 = CIRCLE ( 'NONE', #7303, 0.2500000000000000000 ) ;
#7610 =( BOUNDED_SURFACE ( )  B_SPLINE_SURFACE ( 3, 2, ( 
 ( #7069, #7637, #606 ),
 ( #6405, #4925, #3506 ),
 ( #9095, #8406, #5462 ),
 ( #1135, #8361, #2609 ),
 ( #1849, #2650, #4739 ),
 ( #5606, #7683, #4029 ),
 ( #4832, #6934, #5511 ),
 ( #1182, #2031, #3367 ),
 ( #2743, #5561, #4075 ),
 ( #568, #4203, #6269 ),
 ( #5646, #8442, #9139 ),
 ( #7721, #1225, #9188 ),
 ( #6358, #9233, #4114 ),
 ( #7026, #8536, #7816 ),
 ( #523, #6311, #2696 ),
 ( #8489, #1978, #7120 ) ),
 .UNSPECIFIED., .F., .F., .T. ) 
 B_SPLINE_SURFACE_WITH_KNOTS ( ( 4, 2, 2, 2, 2, 2, 2, 4 ),
 ( 3, 3 ),
 ( 0.0000000000000000000, 0.0004889179706182394903, 0.0007333769559273591813, 0.0008556064485819190810, 0.0009778359412364789807, 0.001222294926545598563, 0.001466753911854718363, 0.001955671882472957961 ),
 ( 0.0000000000000000000, 1.000000000000000000 ),
 .UNSPECIFIED. ) 
 GEOMETRIC_REPRESENTATION_ITEM ( )  RATIONAL_B_SPLINE_SURFACE ( (
 ( 1.000000000000000000, 0.7071067811865484609, 1.000000000000000000),
 ( 1.000000000000000000, 0.7071067811865484609, 1.000000000000000000),
 ( 1.000000000000000000, 0.7071067811865482389, 1.000000000000000000),
 ( 1.000000000000000000, 0.7071067811865482389, 1.000000000000000000),
 ( 1.000000000000000000, 0.7071067811865482389, 1.000000000000000000),
 ( 1.000000000000000000, 0.7071067811865482389, 1.000000000000000000),
 ( 1.000000000000000000, 0.7071067811865491270, 1.000000000000000000),
 ( 1.000000000000000000, 0.7071067811865491270, 1.000000000000000000),
 ( 1.000000000000000000, 0.7071067811865477948, 1.000000000000000000),
 ( 1.000000000000000000, 0.7071067811865477948, 1.000000000000000000),
 ( 1.000000000000000000, 0.7071067811865477948, 1.000000000000000000),
 ( 1.000000000000000000, 0.7071067811865477948, 1.000000000000000000),
 ( 1.000000000000000000, 0.7071067811865476838, 1.000000000000000000),
 ( 1.000000000000000000, 0.7071067811865476838, 1.000000000000000000),
 ( 1.000000000000000000, 0.7071067811865482389, 1.000000000000000000),
 ( 1.000000000000000000, 0.7071067811865482389, 1.000000000000000000) ) ) 
 REPRESENTATION_ITEM ( '' )  SURFACE ( )  );
#7611 = AXIS2_PLACEMENT_3D ( 'NONE', #6792, #3945, #1805 ) ;
#7612 = FILL_AREA_STYLE ('',( #6998 ) ) ;
#7613 = CARTESIAN_POINT ( 'NONE',  ( 3.236742971957816017, 0.6999999999999994005, -25.60380293868477253 ) ) ;
#7614 = ORIENTED_EDGE ( 'NONE', *, *, #4566, .T. ) ;
#7615 = CARTESIAN_POINT ( 'NONE',  ( -6.050000000000003375, -1.400739683024801785, -7.914675859144243899E-15 ) ) ;
#7616 =( NAMED_UNIT ( * ) SI_UNIT ( $, .STERADIAN. ) SOLID_ANGLE_UNIT ( ) );
#7617 = ORIENTED_EDGE ( 'NONE', *, *, #4015, .F. ) ;
#7618 = CARTESIAN_POINT ( 'NONE',  ( -6.264470122287002063, 2.128354534558603017, -23.04287300262557636 ) ) ;
#7619 = CARTESIAN_POINT ( 'NONE',  ( -1.839629132948763512, -4.487384275966198821, -28.10000000000000142 ) ) ;
#7620 = CARTESIAN_POINT ( 'NONE',  ( -5.210631377086180294, 3.035722278599342516, -22.93606727553716595 ) ) ;
#7621 = CARTESIAN_POINT ( 'NONE',  ( 5.697984689801380398, -2.597281525324502294, 3.162946978143317492E-14 ) ) ;
#7622 = UNCERTAINTY_MEASURE_WITH_UNIT (LENGTH_MEASURE( 1.000000000000000082E-05 ), #4961, 'distance_accuracy_value', 'NONE');
#7623 = FILL_AREA_STYLE_COLOUR ( '', #5699 ) ;
#7624 = CARTESIAN_POINT ( 'NONE',  ( -1.904079279032715677, -0.8883992034755764378, -28.10000000000000142 ) ) ;
#7625 = CARTESIAN_POINT ( 'NONE',  ( 3.235565443729732760, 0.5639946891987560607, -26.76935788514401438 ) ) ;
#7626 = CARTESIAN_POINT ( 'NONE',  ( -1.241898298753213448, -3.097668276133595189, -23.72510330486155539 ) ) ;
#7627 = ORIENTED_EDGE ( 'NONE', *, *, #7536, .T. ) ;
#7628 = CARTESIAN_POINT ( 'NONE',  ( -1.931425879585301209, -0.8259943559174783845, -25.37305965639559346 ) ) ;
#7629 = DIRECTION ( 'NONE',  ( 0.0000000000000000000, 0.0000000000000000000, 1.000000000000000000 ) ) ;
#7630 = COLOUR_RGB ( '',0.2509803921568627416, 0.2509803921568627416, 0.2509803921568627416 ) ;
#7631 = FACE_OUTER_BOUND ( 'NONE', #440, .T. ) ;
#7632 = FILL_AREA_STYLE_COLOUR ( '', #3381 ) ;
#7633 = FILL_AREA_STYLE_COLOUR ( '', #2038 ) ;
#7634 = CARTESIAN_POINT ( 'NONE',  ( 5.210767358599416532, -2.787535110521118131, -23.18423843541939533 ) ) ;
#7635 = EDGE_CURVE ( 'NONE', #2676, #1835, #2486, .T. ) ;
#7636 = CARTESIAN_POINT ( 'NONE',  ( 1.872832080032804658, 0.9499999999999997335, -29.50000000000000355 ) ) ;
#7637 = CARTESIAN_POINT ( 'NONE',  ( -6.050000000000002487, 1.400739683024801785, -2.276824562219561284E-15 ) ) ;
#7638 = CARTESIAN_POINT ( 'NONE',  ( -5.210771453026488587, -2.787534617690591521, -23.18423793736310401 ) ) ;
#7639 = CARTESIAN_POINT ( 'NONE',  ( -3.209244217994428716, -0.4875429258551213230, -28.95436310726562468 ) ) ;
#7640 = SURFACE_STYLE_USAGE ( .BOTH. , #5422 ) ;
#7641 =( GEOMETRIC_REPRESENTATION_CONTEXT ( 3 ) GLOBAL_UNCERTAINTY_ASSIGNED_CONTEXT ( ( #6735 ) ) GLOBAL_UNIT_ASSIGNED_CONTEXT ( ( #833, #5907, #1585 ) ) REPRESENTATION_CONTEXT ( 'NONE', 'WORKASPACE' ) );
#7642 = CARTESIAN_POINT ( 'NONE',  ( -0.4304005066493545861, -3.312840104901786820, -23.62599898508364760 ) ) ;
#7643 = ORIENTED_EDGE ( 'NONE', *, *, #9140, .T. ) ;
#7644 = FILL_AREA_STYLE ('',( #6273 ) ) ;
#7645 = MECHANICAL_DESIGN_GEOMETRIC_PRESENTATION_REPRESENTATION (  '', ( #6153 ), #4606 ) ;
#7646 = B_SPLINE_CURVE_WITH_KNOTS ( 'NONE', 3,
 ( #8360, #2562, #4542, #1799, #5460, #6028, #1132, #2361 ),
 .UNSPECIFIED., .F., .F.,
 ( 4, 2, 2, 4 ),
 ( 0.0000000000000000000, 0.2499999999999999445, 0.4999999999999998890, 1.000000000000000000 ),
 .UNSPECIFIED. ) ;
#7647 = ADVANCED_FACE ( 'NONE', ( #7416 ), #5143, .T. ) ;
#7648 = CARTESIAN_POINT ( 'NONE',  ( 6.308239556175604612, -1.546474879899563115, -23.03642561252736698 ) ) ;
#7649 = EDGE_CURVE ( 'NONE', #5135, #1272, #6824, .T. ) ;
#7650 = CARTESIAN_POINT ( 'NONE',  ( -3.463989697946530555, -0.8811559824556901566, -23.36077366535620925 ) ) ;
#7651 =( LENGTH_UNIT ( ) NAMED_UNIT ( * ) SI_UNIT ( .MILLI., .METRE. ) );
#7652 = AXIS2_PLACEMENT_3D ( 'NONE', #8211, #5203, #8114 ) ;
#7653 = ORIENTED_EDGE ( 'NONE', *, *, #2549, .T. ) ;
#7654 = LINE ( 'NONE', #8232, #5754 ) ;
#7655 = VECTOR ( 'NONE', #430, 1000.000000000000000 ) ;
#7656 = CARTESIAN_POINT ( 'NONE',  ( 3.170118602455860302, -0.7010074007996749401, -29.32889272174102402 ) ) ;
#7657 = CARTESIAN_POINT ( 'NONE',  ( -6.050000000000002487, 1.400739683024801341, -5.662645351020874074 ) ) ;
#7658 = CARTESIAN_POINT ( 'NONE',  ( 0.0000000000000000000, -0.9499999999999997335, -29.50000000000000355 ) ) ;
#7659 = ORIENTED_EDGE ( 'NONE', *, *, #7535, .T. ) ;
#7660 = MECHANICAL_DESIGN_GEOMETRIC_PRESENTATION_REPRESENTATION (  '', ( #9307 ), #5997 ) ;
#7661 = ORIENTED_EDGE ( 'NONE', *, *, #3329, .F. ) ;
#7662 = CARTESIAN_POINT ( 'NONE',  ( -6.005173800489476577, 2.569538525612848456, -23.08017088315406440 ) ) ;
#7663 = CARTESIAN_POINT ( 'NONE',  ( 5.601852384687562747, 2.655015657478883906, -0.2500000000000042744 ) ) ;
#7664 = PRESENTATION_STYLE_ASSIGNMENT (( #376 ) ) ;
#7665 = CARTESIAN_POINT ( 'NONE',  ( 5.320186533474358548, -2.778903531416831552, -0.2500000000000041633 ) ) ;
#7666 =( BOUNDED_SURFACE ( )  B_SPLINE_SURFACE ( 3, 2, ( 
 ( #991, #2462, #1648 ),
 ( #5356, #1699, #87 ),
 ( #2975, #6637, #8267 ),
 ( #5874, #7348, #5166 ),
 ( #4449, #8803, #8849 ),
 ( #143, #8071, #4593 ) ),
 .UNSPECIFIED., .F., .F., .T. ) 
 B_SPLINE_SURFACE_WITH_KNOTS ( ( 4, 2, 4 ),
 ( 3, 3 ),
 ( 2.168404344971008868E-19, 0.0003973605696521485082, 0.0007947211393042967996 ),
 ( 0.0000000000000000000, 1.000000000000000000 ),
 .UNSPECIFIED. ) 
 GEOMETRIC_REPRESENTATION_ITEM ( )  RATIONAL_B_SPLINE_SURFACE ( (
 ( 1.000000000000000000, 0.7009092642998543399, 1.000000000000000000),
 ( 1.000000000000000000, 0.7296949951091317166, 1.000000000000000000),
 ( 1.000000000000000000, 0.7441057750742987587, 1.000000000000000000),
 ( 1.000000000000000000, 0.7565267715848695840, 1.000000000000000000),
 ( 1.000000000000000000, 0.7557295111666628706, 1.000000000000000000),
 ( 1.000000000000000000, 0.7576472942965196689, 1.000000000000000000) ) ) 
 REPRESENTATION_ITEM ( '' )  SURFACE ( )  );
#7667 = STYLED_ITEM ( 'NONE', ( #1793 ), #2884 ) ;
#7668 = CARTESIAN_POINT ( 'NONE',  ( -6.181332299465254643, -2.730619922838839475, -22.80858026487698353 ) ) ;
#7669 = CARTESIAN_POINT ( 'NONE',  ( -3.219176172781928802, -0.7010201889932197172, -26.57957788242105224 ) ) ;
#7670 = CARTESIAN_POINT ( 'NONE',  ( 3.063738988571208743, 1.029636745401816267, -29.75290886364105702 ) ) ;
#7671 = ORIENTED_EDGE ( 'NONE', *, *, #308, .F. ) ;
#7672 = CARTESIAN_POINT ( 'NONE',  ( -1.979898987322333603, -0.6999999999999997335, -25.60000000000000497 ) ) ;
#7673 = CARTESIAN_POINT ( 'NONE',  ( -5.081727771881893396, -3.051132821197374501, -21.26461840833500005 ) ) ;
#7674 = CARTESIAN_POINT ( 'NONE',  ( -2.925000000000000711, 0.6249999999999996669, 0.0000000000000000000 ) ) ;
#7675 = CARTESIAN_POINT ( 'NONE',  ( 5.371677513241579938, 2.768166652761473667, -23.16466493978208518 ) ) ;
#7676 = PRESENTATION_LAYER_ASSIGNMENT (  '', '', ( #8291 ) ) ;
#7677 = CARTESIAN_POINT ( 'NONE',  ( -6.316880344890968502, 1.545372342530289211, -21.13504275912776720 ) ) ;
#7678 = CARTESIAN_POINT ( 'NONE',  ( -2.954441427592495284, -0.6999999999999999556, -29.31738445411672700 ) ) ;
#7679 = CARTESIAN_POINT ( 'NONE',  ( -3.204420872512571794, -0.7099186702530068116, -26.91409140999044425 ) ) ;
#7680 = CARTESIAN_POINT ( 'NONE',  ( 1.979898987322333603, -0.6999999999999997335, -28.35000000000000497 ) ) ;
#7681 = MECHANICAL_DESIGN_GEOMETRIC_PRESENTATION_REPRESENTATION (  '', ( #865 ), #8596 ) ;
#7682 = VECTOR ( 'NONE', #2226, 1000.000000000000000 ) ;
#7683 = CARTESIAN_POINT ( 'NONE',  ( -5.933109987318372802, 2.258580736737256789, -1.301042606982606110E-15 ) ) ;
#7684 = CARTESIAN_POINT ( 'NONE',  ( 1.289834533927823657, 3.234500830735614674, -23.50273104897619092 ) ) ;
#7685 = CARTESIAN_POINT ( 'NONE',  ( -1.082943787605085806, -3.161296777782216960, -23.73034497668787068 ) ) ;
#7686 = EDGE_LOOP ( 'NONE', ( #228, #5961, #9160, #796 ) ) ;
#7687 = STYLED_ITEM ( 'NONE', ( #6116 ), #3677 ) ;
#7688 = VECTOR ( 'NONE', #1950, 999.9999999999998863 ) ;
#7689 = DIRECTION ( 'NONE',  ( 1.000000000000000000, 0.0000000000000000000, -0.0000000000000000000 ) ) ;
#7690 = CARTESIAN_POINT ( 'NONE',  ( 0.0000000000000000000, 0.0000000000000000000, -28.10000000000000497 ) ) ;
#7691 = CARTESIAN_POINT ( 'NONE',  ( -3.153143864126719098, -1.717020151119975635, -23.38510073063758909 ) ) ;
#7692 = SURFACE_STYLE_FILL_AREA ( #1059 ) ;
#7693 = ORIENTED_EDGE ( 'NONE', *, *, #622, .F. ) ;
#7694 = CARTESIAN_POINT ( 'NONE',  ( 3.098973170844998126, 1.028752842305864723, -27.85436310159963469 ) ) ;
#7695 = CARTESIAN_POINT ( 'NONE',  ( 2.972710410531939740, 0.4499999999999986788, -28.35000000000001563 ) ) ;
#7696 = DIRECTION ( 'NONE',  ( 1.000000000000000000, -1.672957273954558210E-16, -0.0000000000000000000 ) ) ;
#7697 = ADVANCED_FACE ( 'NONE', ( #2288 ), #1370, .T. ) ;
#7698 = EDGE_CURVE ( 'NONE', #8643, #2508, #1732, .T. ) ;
#7699 = CARTESIAN_POINT ( 'NONE',  ( 6.049999999999998046, 1.400739682941930075, -18.95849679387746178 ) ) ;
#7700 = CARTESIAN_POINT ( 'NONE',  ( 3.203937380527203782, -0.4876087726535983657, -29.25436310160932507 ) ) ;
#7701 = CARTESIAN_POINT ( 'NONE',  ( -6.050000000000003375, 2.744927974232791890, -5.662645351020865192 ) ) ;
#7702 = ORIENTED_EDGE ( 'NONE', *, *, #8484, .F. ) ;
#7703 = CARTESIAN_POINT ( 'NONE',  ( 2.944529224315250993, 0.7282647970031911333, -29.38283625590221604 ) ) ;
#7704 = VERTEX_POINT ( 'NONE', #6109 ) ;
#7705 = SURFACE_SIDE_STYLE ('',( #9165 ) ) ;
#7706 = ADVANCED_FACE ( 'NONE', ( #1770 ), #8471, .T. ) ;
#7707 = CARTESIAN_POINT ( 'NONE',  ( 4.848338013323878926, -2.625479295991565820, -4.119968255444916849E-15 ) ) ;
#7708 = UNCERTAINTY_MEASURE_WITH_UNIT (LENGTH_MEASURE( 1.000000000000000082E-05 ), #5593, 'distance_accuracy_value', 'NONE');
#7709 = MECHANICAL_DESIGN_GEOMETRIC_PRESENTATION_REPRESENTATION (  '', ( #3761 ), #1488 ) ;
#7710 = CARTESIAN_POINT ( 'NONE',  ( -3.002989136015711491, -0.6999999999999995115, -26.56733985315532820 ) ) ;
#7711 = CARTESIAN_POINT ( 'NONE',  ( -2.057502693898009216, -2.628471993811427598, -23.68925392136642927 ) ) ;
#7712 = FILL_AREA_STYLE_COLOUR ( '', #5294 ) ;
#7713 = FILL_AREA_STYLE_COLOUR ( '', #7071 ) ;
#7714 = CARTESIAN_POINT ( 'NONE',  ( 2.925000000000000266, 0.6249999999999996669, 0.0000000000000000000 ) ) ;
#7715 = CARTESIAN_POINT ( 'NONE',  ( 1.871420061658902290, -4.577485074376069107, -29.75000000000000000 ) ) ;
#7716 = CARTESIAN_POINT ( 'NONE',  ( -2.359195488522738859, -2.708932420284635878, -23.43598544701188047 ) ) ;
#7717 = CARTESIAN_POINT ( 'NONE',  ( -6.211305322696756726, 2.702955558372015510, -20.29044258156823943 ) ) ;
#7718 = CARTESIAN_POINT ( 'NONE',  ( -6.142001392940675153, 1.389243019739843543, -19.73601114352541686 ) ) ;
#7719 = SURFACE_STYLE_FILL_AREA ( #8487 ) ;
#7720 = MECHANICAL_DESIGN_GEOMETRIC_PRESENTATION_REPRESENTATION (  '', ( #1504 ), #7576 ) ;
#7721 = CARTESIAN_POINT ( 'NONE',  ( -5.323466412589635155, 2.514633527936418922, -4.336808689942017736E-16 ) ) ;
#7722 = LINE ( 'NONE', #1228, #5349 ) ;
#7723 = ORIENTED_EDGE ( 'NONE', *, *, #9257, .F. ) ;
#7724 = CARTESIAN_POINT ( 'NONE',  ( -6.316880344890968502, -1.545372342530298093, -21.13504275912777075 ) ) ;
#7725 = SURFACE_SIDE_STYLE ('',( #4840 ) ) ;
#7726 = CARTESIAN_POINT ( 'NONE',  ( -1.914361188567528016, 4.664055723290447375, -27.00436310160932862 ) ) ;
#7727 = FILL_AREA_STYLE ('',( #659 ) ) ;
#7728 = CARTESIAN_POINT ( 'NONE',  ( -3.203937384120291387, 0.4876087726119910926, -29.25436289842509652 ) ) ;
#7729 = PRESENTATION_LAYER_ASSIGNMENT (  '', '', ( #8204 ) ) ;
#7730 = ORIENTED_EDGE ( 'NONE', *, *, #4059, .T. ) ;
#7731 = FACE_OUTER_BOUND ( 'NONE', #1704, .T. ) ;
#7732 = CARTESIAN_POINT ( 'NONE',  ( -1.334914588162617877, 3.329678907892039685, -23.72946640647252181 ) ) ;
#7733 = CARTESIAN_POINT ( 'NONE',  ( 2.953517272070374844, -0.8867847214734078110, -25.35000000000000497 ) ) ;
#7734 = DIRECTION ( 'NONE',  ( 1.000000000000000000, -1.672957273954558210E-16, -0.0000000000000000000 ) ) ;
#7735 = VECTOR ( 'NONE', #1845, 1000.000000000000000 ) ;
#7736 = CARTESIAN_POINT ( 'NONE',  ( 1.861642404832312359, -3.310010245961618747, -23.21005533523129571 ) ) ;
#7737 = EDGE_CURVE ( 'NONE', #1294, #7048, #2453, .T. ) ;
#7738 = CARTESIAN_POINT ( 'NONE',  ( 4.741856460906247683, -2.888676873037208104, -19.30960607446512256 ) ) ;
#7739 = CARTESIAN_POINT ( 'NONE',  ( -1.279002806390559632, -3.206160996099935545, -23.51942546255061828 ) ) ;
#7740 = CARTESIAN_POINT ( 'NONE',  ( -2.972710267516934568, 0.6999999999999768630, -28.34999999831683226 ) ) ;
#7741 =( NAMED_UNIT ( * ) SI_UNIT ( $, .STERADIAN. ) SOLID_ANGLE_UNIT ( ) );
#7742 = ORIENTED_EDGE ( 'NONE', *, *, #5679, .F. ) ;
#7743 = COLOUR_RGB ( '',0.2509803921568627416, 0.2509803921568627416, 0.2509803921568627416 ) ;
#7744 = CARTESIAN_POINT ( 'NONE',  ( -3.276049450176239830, -0.6999999999999995115, -28.35000000000000497 ) ) ;
#7745 = ORIENTED_EDGE ( 'NONE', *, *, #6402, .T. ) ;
#7746 = CARTESIAN_POINT ( 'NONE',  ( -5.185590725606386897, 3.039062656508856985, -21.45645415726189853 ) ) ;
#7747 = CARTESIAN_POINT ( 'NONE',  ( 5.597825884665719620, -2.661095994573785095, -0.2499999999999932832 ) ) ;
#7748 = UNCERTAINTY_MEASURE_WITH_UNIT (LENGTH_MEASURE( 1.000000000000000082E-05 ), #2377, 'distance_accuracy_value', 'NONE');
#7749 = EDGE_CURVE ( 'NONE', #2861, #5811, #6367, .T. ) ;
#7750 = CARTESIAN_POINT ( 'NONE',  ( -6.456835696112079859, -2.248283594369139049, -22.76816612379695925 ) ) ;
#7751 = EDGE_CURVE ( 'NONE', #8196, #2282, #5820, .T. ) ;
#7752 = CARTESIAN_POINT ( 'NONE',  ( -3.171702740500954576, -0.8624181104645135543, -26.75143834046765079 ) ) ;
#7753 = CARTESIAN_POINT ( 'NONE',  ( -2.076432528027843727, -2.613566846324455462, -23.68821258616178582 ) ) ;
#7754 = ORIENTED_EDGE ( 'NONE', *, *, #5571, .T. ) ;
#7755 = CARTESIAN_POINT ( 'NONE',  ( 3.205919556120571112, 3.926119122726960751E-16, -31.25436310159558673 ) ) ;
#7756 = ORIENTED_EDGE ( 'NONE', *, *, #2353, .F. ) ;
#7757 = CARTESIAN_POINT ( 'NONE',  ( -4.906414301514042009, -2.870484094056469093, -19.28878678737226338 ) ) ;
#7758 =( GEOMETRIC_REPRESENTATION_CONTEXT ( 3 ) GLOBAL_UNCERTAINTY_ASSIGNED_CONTEXT ( ( #6967 ) ) GLOBAL_UNIT_ASSIGNED_CONTEXT ( ( #5052, #7238, #9148 ) ) REPRESENTATION_CONTEXT ( 'NONE', 'WORKASPACE' ) );
#7759 = CARTESIAN_POINT ( 'NONE',  ( -1.726669220989236031, -4.223425167547118164, -29.49999999999999645 ) ) ;
#7760 = CARTESIAN_POINT ( 'NONE',  ( -3.149912906151238534, -1.027518800200482918, -25.10436310160577023 ) ) ;
#7761 = SURFACE_SIDE_STYLE ('',( #8400 ) ) ;
#7762 =( GEOMETRIC_REPRESENTATION_CONTEXT ( 3 ) GLOBAL_UNCERTAINTY_ASSIGNED_CONTEXT ( ( #4278 ) ) GLOBAL_UNIT_ASSIGNED_CONTEXT ( ( #501, #3395, #6170 ) ) REPRESENTATION_CONTEXT ( 'NONE', 'WORKASPACE' ) );
#7763 =( NAMED_UNIT ( * ) SI_UNIT ( $, .STERADIAN. ) SOLID_ANGLE_UNIT ( ) );
#7764 = DIRECTION ( 'NONE',  ( -1.000000000000000000, 0.0000000000000000000, 0.0000000000000000000 ) ) ;
#7765 = AXIS2_PLACEMENT_3D ( 'NONE', #8758, #891, #8066 ) ;
#7766 = FILL_AREA_STYLE_COLOUR ( '', #6313 ) ;
#7767 = CARTESIAN_POINT ( 'NONE',  ( 1.195357525727418713, -3.116298259583611507, -23.72663794326713926 ) ) ;
#7768 = CARTESIAN_POINT ( 'NONE',  ( -1.689290897685831405, 3.282628216956447798, -20.65074867862698937 ) ) ;
#7769 =( BOUNDED_SURFACE ( )  B_SPLINE_SURFACE ( 3, 2, ( 
 ( #7506, #1094, #3990 ),
 ( #9050, #2568, #1138 ),
 ( #8364, #437, #3332 ),
 ( #2611, #6228, #5514 ),
 ( #8407, #7444, #5649 ),
 ( #5740, #4168, #6408 ),
 ( #610, #8493, #2699 ),
 ( #4885, #3510, #9278 ),
 ( #7872, #8587, #1981 ),
 ( #2035, #8540, #7075 ),
 ( #1367, #2746, #4247 ),
 ( #9236, #7770, #654 ),
 ( #9192, #7160, #1271 ),
 ( #1183, #4928, #3551 ),
 ( #6983, #4076, #6453 ),
 ( #2085, #4117, #7821 ),
 ( #9326, #1324, #2792 ),
 ( #6271, #2841, #7684 ) ),
 .UNSPECIFIED., .F., .F., .T. ) 
 B_SPLINE_SURFACE_WITH_KNOTS ( ( 4, 2, 2, 2, 2, 2, 2, 2, 4 ),
 ( 3, 3 ),
 ( 0.0007325672585712498554, 0.001085731166993529184, 0.001438895075415808295, 0.001792058983838087406, 0.002145222892260366734, 0.002498386800682646063, 0.002851550709104925391, 0.003204714617527204719, 0.003557878525949483613 ),
 ( 0.0000000000000000000, 0.7168685145389672719 ),
 .UNSPECIFIED. ) 
 GEOMETRIC_REPRESENTATION_ITEM ( )  RATIONAL_B_SPLINE_SURFACE ( (
 ( 1.000000000000000000, 0.7973035521982635432, 0.8852205072724392831),
 ( 1.000000000000000000, 0.8342089630869740091, 0.9061186748853800044),
 ( 1.000000000000000000, 0.8638840977174332414, 0.9229226047837362223),
 ( 1.000000000000000000, 0.9133575136982796661, 0.9509375682987135647),
 ( 1.000000000000000000, 0.9331627440575083199, 0.9621525368817260837),
 ( 1.000000000000000000, 0.9641923123271404217, 0.9797234323965171576),
 ( 1.000000000000000000, 0.9754576537272353631, 0.9861025780861862877),
 ( 1.000000000000000000, 0.9903741821625017261, 0.9945492557937836153),
 ( 1.000000000000000000, 0.9940063514400540035, 0.9966060187597822750),
 ( 1.000000000000000000, 0.9933905897272051755, 0.9962573357028843279),
 ( 1.000000000000000000, 0.9893041835870187706, 0.9939433552215484191),
 ( 1.000000000000000000, 0.9737240282092707311, 0.9851208901499171056),
 ( 1.000000000000000000, 0.9621496398015866314, 0.9785667425835760103),
 ( 1.000000000000000000, 0.9309315928466369572, 0.9608891185684818037),
 ( 1.000000000000000000, 0.9113694411555672836, 0.9498117964342684960),
 ( 1.000000000000000000, 0.8626208190372423035, 0.9222072568451886720),
 ( 1.000000000000000000, 0.8334709797018193811, 0.9057007822212113091),
 ( 1.000000000000000000, 0.7973035521976553630, 0.8852205072720948920) ) ) 
 REPRESENTATION_ITEM ( '' )  SURFACE ( )  );
#7770 = CARTESIAN_POINT ( 'NONE',  ( 0.4421406167229671169, 3.312287096959838362, -23.57718148476469722 ) ) ;
#7771 = ORIENTED_EDGE ( 'NONE', *, *, #1603, .F. ) ;
#7772 = CARTESIAN_POINT ( 'NONE',  ( 2.826775610078679613, 0.9499999999999996225, -29.50000000000000355 ) ) ;
#7773 = SURFACE_SIDE_STYLE ('',( #4890 ) ) ;
#7774 = EDGE_CURVE ( 'NONE', #1689, #445, #5338, .T. ) ;
#7775 = DIRECTION ( 'NONE',  ( 0.9479016385291567648, 0.3185631549218143066, 0.0000000000000000000 ) ) ;
#7776 = PRESENTATION_LAYER_ASSIGNMENT (  '', '', ( #8547 ) ) ;
#7777 = EDGE_LOOP ( 'NONE', ( #5057, #3792, #3889, #6946, #6844, #3892 ) ) ;
#7778 = SURFACE_STYLE_FILL_AREA ( #7129 ) ;
#7779 =( LENGTH_UNIT ( ) NAMED_UNIT ( * ) SI_UNIT ( .MILLI., .METRE. ) );
#7780 = PRESENTATION_LAYER_ASSIGNMENT (  '', '', ( #8684 ) ) ;
#7781 = DIRECTION ( 'NONE',  ( -0.9279907553126456321, -0.3715074003438249561, 0.02855537679735234771 ) ) ;
#7782 = CARTESIAN_POINT ( 'NONE',  ( 3.023617454914088398, -0.6999999999999995115, -25.53292293010280645 ) ) ;
#7783 = CARTESIAN_POINT ( 'NONE',  ( 0.0000000000000000000, 0.0000000000000000000, -28.10000000000000497 ) ) ;
#7784 = PRESENTATION_LAYER_ASSIGNMENT (  '', '', ( #5369 ) ) ;
#7785 = CARTESIAN_POINT ( 'NONE',  ( 1.141446668585082147, -3.137878251397678842, -23.72842574405022731 ) ) ;
#7786 = STYLED_ITEM ( 'NONE', ( #4681 ), #7879 ) ;
#7787 =( GEOMETRIC_REPRESENTATION_CONTEXT ( 3 ) GLOBAL_UNCERTAINTY_ASSIGNED_CONTEXT ( ( #5543 ) ) GLOBAL_UNIT_ASSIGNED_CONTEXT ( ( #6224, #1174, #6305 ) ) REPRESENTATION_CONTEXT ( 'NONE', 'WORKASPACE' ) );
#7788 = SURFACE_SIDE_STYLE ('',( #2717 ) ) ;
#7789 = CARTESIAN_POINT ( 'NONE',  ( -4.713855710941723842, 2.891763259629740013, -12.26906492721187902 ) ) ;
#7790 = CARTESIAN_POINT ( 'NONE',  ( -1.944096826691227076, -4.724011390307936153, -25.10436310160459783 ) ) ;
#7791 = ORIENTED_EDGE ( 'NONE', *, *, #2075, .T. ) ;
#7792 = CARTESIAN_POINT ( 'NONE',  ( -1.872832080032804658, -0.9499999999999998446, -29.50000000000000355 ) ) ;
#7793 = AXIS2_PLACEMENT_3D ( 'NONE', #3473, #9242, #6241 ) ;
#7794 = CARTESIAN_POINT ( 'NONE',  ( -5.898261480936024093, -2.887353908825209370, -22.84764197051164203 ) ) ;
#7795 = ORIENTED_EDGE ( 'NONE', *, *, #3801, .F. ) ;
#7796 = CARTESIAN_POINT ( 'NONE',  ( -1.969603516111538832, 0.7302592511815344523, -25.46394509224951364 ) ) ;
#7797 = CARTESIAN_POINT ( 'NONE',  ( 5.601852424250143514, 2.655015713673062105, -5.292129934638950475E-15 ) ) ;
#7798 =( BOUNDED_SURFACE ( )  B_SPLINE_SURFACE ( 3, 2, ( 
 ( #1308, #2639, #2068 ),
 ( #7859, #9265, #4962 ),
 ( #4106, #7014, #468 ),
 ( #5551, #6260, #512 ),
 ( #1927, #1969, #3401 ),
 ( #4195, #3360, #2018 ) ),
 .UNSPECIFIED., .F., .F., .F. ) 
 B_SPLINE_SURFACE_WITH_KNOTS ( ( 4, 2, 4 ),
 ( 3, 3 ),
 ( 0.0000000000000000000, 0.0003965289001889934378, 0.0007930578003779868755 ),
 ( 0.0000000000000000000, 1.000000000000000000 ),
 .UNSPECIFIED. ) 
 GEOMETRIC_REPRESENTATION_ITEM ( )  RATIONAL_B_SPLINE_SURFACE ( (
 ( 1.000000000000000000, 0.7581718333143205868, 1.000000000000000000),
 ( 1.000000000000000000, 0.7592763875713145483, 1.000000000000000000),
 ( 1.000000000000000000, 0.7629830580067502588, 1.000000000000000000),
 ( 1.000000000000000000, 0.7548149211913657286, 1.000000000000000000),
 ( 1.000000000000000000, 0.7417656706663119381, 1.000000000000000000),
 ( 1.000000000000000000, 0.7132504491541830083, 1.000000000000000000) ) ) 
 REPRESENTATION_ITEM ( '' )  SURFACE ( )  );
#7799 = CARTESIAN_POINT ( 'NONE',  ( -3.100385616021496205, 6.200771232042990633, -31.50000000000000355 ) ) ;
#7800 = UNCERTAINTY_MEASURE_WITH_UNIT (LENGTH_MEASURE( 1.000000000000000082E-05 ), #9280, 'distance_accuracy_value', 'NONE');
#7801 = CARTESIAN_POINT ( 'NONE',  ( -6.364173545961715028, -2.539267607081792555, -23.02863376252899386 ) ) ;
#7802 = CARTESIAN_POINT ( 'NONE',  ( 1.914383410920739603, -4.664109864742061795, -26.85355339059327306 ) ) ;
#7803 = ORIENTED_EDGE ( 'NONE', *, *, #1486, .F. ) ;
#7804 = DIRECTION ( 'NONE',  ( 1.224646799147353207E-16, -1.000000000000000000, 0.0000000000000000000 ) ) ;
#7805 = CARTESIAN_POINT ( 'NONE',  ( 0.0000000000000000000, 0.9499999999999996225, -28.10000000000000497 ) ) ;
#7806 = CARTESIAN_POINT ( 'NONE',  ( -1.861642404832332121, -3.310010245961620079, -23.21005533523129927 ) ) ;
#7807 = ORIENTED_EDGE ( 'NONE', *, *, #4673, .F. ) ;
#7808 = CARTESIAN_POINT ( 'NONE',  ( -8.050000000000000711, 3.149999999999999911, -18.87548450340289463 ) ) ;
#7809 = CARTESIAN_POINT ( 'NONE',  ( -2.826775610078678280, -0.9499999999999987343, -29.49999999999999645 ) ) ;
#7810 = EDGE_CURVE ( 'NONE', #7861, #7435, #8349, .T. ) ;
#7811 = CARTESIAN_POINT ( 'NONE',  ( 2.683057244185299339, 1.987671766795374939, -23.65002262803287536 ) ) ;
#7812 = EDGE_CURVE ( 'NONE', #1331, #5322, #3063, .T. ) ;
#7813 = CARTESIAN_POINT ( 'NONE',  ( 3.114729576739863948, -1.028367236380262284, -27.00436310158911724 ) ) ;
#7814 = CARTESIAN_POINT ( 'NONE',  ( 3.250217367862891837, -0.4870431279437463790, -26.63755037390382441 ) ) ;
#7815 = CARTESIAN_POINT ( 'NONE',  ( -6.050000000000003375, 2.744927974232791890, -0.2500000000000001665 ) ) ;
#7816 = CARTESIAN_POINT ( 'NONE',  ( -5.053041780798952942, 2.849277058685717900, -0.2500000000000222045 ) ) ;
#7817 = CIRCLE ( 'NONE', #4321, 0.2499999999999975020 ) ;
#7818 = CARTESIAN_POINT ( 'NONE',  ( -5.700859697643839041, 2.165369221967616387, -1.301042606982605321E-15 ) ) ;
#7819 = CARTESIAN_POINT ( 'NONE',  ( -0.1642934841406617497, -3.335871445489197562, -23.57789254874501950 ) ) ;
#7820 = CARTESIAN_POINT ( 'NONE',  ( 5.044936530927294882, 2.887932083893930191, -20.65074867862698227 ) ) ;
#7821 = CARTESIAN_POINT ( 'NONE',  ( 1.089203950576077107, 3.262313632953516951, -23.52568814360483884 ) ) ;
#7822 = ORIENTED_EDGE ( 'NONE', *, *, #3577, .F. ) ;
#7823 = CARTESIAN_POINT ( 'NONE',  ( -6.211305322696890840, -2.702955558377139855, -20.29044258156803338 ) ) ;
#7824 = AXIS2_PLACEMENT_3D ( 'NONE', #6978, #7023, #1131 ) ;
#7825 = MECHANICAL_DESIGN_GEOMETRIC_PRESENTATION_REPRESENTATION (  '', ( #1164 ), #4653 ) ;
#7826 = SURFACE_STYLE_FILL_AREA ( #7165 ) ;
#7827 = DIRECTION ( 'NONE',  ( 0.9998443171225058768, 0.0000000000000000000, -0.01764487228148032411 ) ) ;
#7828 = CARTESIAN_POINT ( 'NONE',  ( 2.826775610078682721, 0.9500000000000008438, -29.75000000000000000 ) ) ;
#7829 = EDGE_LOOP ( 'NONE', ( #4519, #5032, #380, #7671 ) ) ;
#7830 =( NAMED_UNIT ( * ) SI_UNIT ( $, .STERADIAN. ) SOLID_ANGLE_UNIT ( ) );
#7831 = FILL_AREA_STYLE_COLOUR ( '', #5036 ) ;
#7832 = STYLED_ITEM ( 'NONE', ( #8859 ), #8922 ) ;
#7833 = COLOUR_RGB ( '',0.2509803921568627416, 0.2509803921568627416, 0.2509803921568627416 ) ;
#7834 = DIRECTION ( 'NONE',  ( 1.000000000000000000, 0.0000000000000000000, 0.0000000000000000000 ) ) ;
#7835 = CARTESIAN_POINT ( 'NONE',  ( -2.826775610078679168, 0.9499999999999997335, -29.50000000000000355 ) ) ;
#7836 = CONICAL_SURFACE ( 'NONE', #7383, 3.340952312612444075, 0.01745329251999612474 ) ;
#7837 = CARTESIAN_POINT ( 'NONE',  ( 5.210625238660474778, 3.035723021756047579, -22.93606804207785288 ) ) ;
#7838 = CARTESIAN_POINT ( 'NONE',  ( -6.338793502158997839, 2.904576307138821978, -21.31034801727200900 ) ) ;
#7839 = CIRCLE ( 'NONE', #3741, 0.2500000000000000000 ) ;
#7840 = CARTESIAN_POINT ( 'NONE',  ( 6.150624739337422930, -1.916122522586688470, -20.05339969689874380 ) ) ;
#7841 = CARTESIAN_POINT ( 'NONE',  ( 2.912274948409523390, -0.9499999999999991784, -25.35000000000000853 ) ) ;
#7842 = CARTESIAN_POINT ( 'NONE',  ( 3.098973170845355174, -1.028752842305983517, -27.85436310160932649 ) ) ;
#7843 = CARTESIAN_POINT ( 'NONE',  ( 3.149912906151642655, -1.027518800200611482, -25.10436310160459428 ) ) ;
#7844 = EDGE_LOOP ( 'NONE', ( #3647, #8937, #4814, #7563 ) ) ;
#7845 = CARTESIAN_POINT ( 'NONE',  ( 0.4261256316573343583, 3.331016870512183203, -23.53436185516784462 ) ) ;
#7846 = CARTESIAN_POINT ( 'NONE',  ( -2.925000000000000266, -1.225000000000000089, 6.599999999999999645 ) ) ;
#7847 = ORIENTED_EDGE ( 'NONE', *, *, #9091, .F. ) ;
#7848 = CARTESIAN_POINT ( 'NONE',  ( -6.306898639301790510, 2.098312625328138115, -21.30257912476082183 ) ) ;
#7849 = CARTESIAN_POINT ( 'NONE',  ( 5.569121914026691655, 2.367155385836607451, -3.252606517456513302E-15 ) ) ;
#7850 = SURFACE_SIDE_STYLE ('',( #4952 ) ) ;
#7851 =( GEOMETRIC_REPRESENTATION_CONTEXT ( 3 ) GLOBAL_UNCERTAINTY_ASSIGNED_CONTEXT ( ( #5445 ) ) GLOBAL_UNIT_ASSIGNED_CONTEXT ( ( #5880, #46, #5132 ) ) REPRESENTATION_CONTEXT ( 'NONE', 'WORKASPACE' ) );
#7852 = CARTESIAN_POINT ( 'NONE',  ( -3.100385616021496205, 0.0000000000000000000, -31.50000000000000000 ) ) ;
#7853 = PRESENTATION_STYLE_ASSIGNMENT (( #5901 ) ) ;
#7854 = UNCERTAINTY_MEASURE_WITH_UNIT (LENGTH_MEASURE( 1.000000000000000082E-05 ), #8516, 'distance_accuracy_value', 'NONE');
#7855 = CARTESIAN_POINT ( 'NONE',  ( -2.346385184046382744, -2.380345946750001218, -23.67246627631014633 ) ) ;
#7856 = FILL_AREA_STYLE_COLOUR ( '', #4833 ) ;
#7857 = VERTEX_POINT ( 'NONE', #3172 ) ;
#7858 = CARTESIAN_POINT ( 'NONE',  ( 5.052593891869542553, -2.953873813601201270, -20.85272001113170148 ) ) ;
#7859 = CARTESIAN_POINT ( 'NONE',  ( -2.975056042905303233, -0.6999999999999954037, -28.28356587419160562 ) ) ;
#7860 = CARTESIAN_POINT ( 'NONE',  ( 3.270759796015264786, -0.4882550577173603301, -25.46336026305454325 ) ) ;
#7861 = VERTEX_POINT ( 'NONE', #6071 ) ;
#7862 = CARTESIAN_POINT ( 'NONE',  ( -0.3549954676252453090, 3.320440057561019565, -23.61206201234668356 ) ) ;
#7863 =( BOUNDED_SURFACE ( )  B_SPLINE_SURFACE ( 3, 2, ( 
 ( #7772, #573, #6985 ),
 ( #3466, #477, #8446 ),
 ( #1939, #4838, #1230 ),
 ( #4119, #2749, #4447 ),
 ( #4980, #2795, #656 ),
 ( #5695, #6497, #8590 ) ),
 .UNSPECIFIED., .F., .F., .F. ) 
 B_SPLINE_SURFACE_WITH_KNOTS ( ( 4, 2, 4 ),
 ( 3, 3 ),
 ( 2.168404344971008868E-19, 0.0003975858058179512072, 0.0007951716116359021976 ),
 ( 0.0000000000000000000, 1.000000000000000000 ),
 .UNSPECIFIED. ) 
 GEOMETRIC_REPRESENTATION_ITEM ( )  RATIONAL_B_SPLINE_SURFACE ( (
 ( 1.000000000000000000, 0.7009092642998487888, 1.000000000000000000),
 ( 1.000000000000000000, 0.7301219536218583883, 1.000000000000000000),
 ( 1.000000000000000000, 0.7447540003096292383, 1.000000000000000000),
 ( 1.000000000000000000, 0.7573441607587277913, 1.000000000000000000),
 ( 1.000000000000000000, 0.7565088595375666358, 1.000000000000000000),
 ( 1.000000000000000000, 0.7584309759676206575, 1.000000000000000000) ) ) 
 REPRESENTATION_ITEM ( '' )  SURFACE ( )  );
#7864 = CARTESIAN_POINT ( 'NONE',  ( 4.848840551464693505, 2.625424069703345076, -3.089976191583682115E-15 ) ) ;
#7865 = CARTESIAN_POINT ( 'NONE',  ( -1.843378062727715649, 2.801295723767562862, -23.70207255551262548 ) ) ;
#7866 = FACE_OUTER_BOUND ( 'NONE', #3499, .T. ) ;
#7867 = DIRECTION ( 'NONE',  ( -0.0000000000000000000, -0.0000000000000000000, -1.000000000000000000 ) ) ;
#7868 = CARTESIAN_POINT ( 'NONE',  ( -2.571227460437329970, -2.135902105180025323, -23.65772331912653570 ) ) ;
#7869 = VECTOR ( 'NONE', #1743, 1000.000000000000114 ) ;
#7870 = CARTESIAN_POINT ( 'NONE',  ( -5.794452990549215698, 1.726999784845225427, -1.463672932855430591E-15 ) ) ;
#7871 = CARTESIAN_POINT ( 'NONE',  ( 0.9629737266055947709, -3.195602315600466259, -23.71411170095820253 ) ) ;
#7872 = CARTESIAN_POINT ( 'NONE',  ( -0.09390039148760630228, 3.340540073510942509, -23.56396189276801678 ) ) ;
#7873 = ORIENTED_EDGE ( 'NONE', *, *, #5375, .F. ) ;
#7874 = CARTESIAN_POINT ( 'NONE',  ( -6.049999999999998934, -1.400735219376046059, -18.87548450340289818 ) ) ;
#7875 = PRESENTATION_LAYER_ASSIGNMENT (  '', '', ( #4087 ) ) ;
#7876 = CARTESIAN_POINT ( 'NONE',  ( 6.335696525444381777, -2.554847974845150915, -22.78644372433582888 ) ) ;
#7877 = DIRECTION ( 'NONE',  ( 0.9495826881108939688, 0.3135166956321285836, 0.0000000000000000000 ) ) ;
#7878 =( NAMED_UNIT ( * ) PLANE_ANGLE_UNIT ( ) SI_UNIT ( $, .RADIAN. ) );
#7879 = ADVANCED_FACE ( 'NONE', ( #8259 ), #7798, .T. ) ;
#7880 = EDGE_CURVE ( 'NONE', #1463, #3732, #7109, .T. ) ;
#7881 = ORIENTED_EDGE ( 'NONE', *, *, #3690, .T. ) ;
#7882 = CARTESIAN_POINT ( 'NONE',  ( -4.713855710941729171, -2.891763259629740013, -5.662645351020883844 ) ) ;
#7883 = AXIS2_PLACEMENT_3D ( 'NONE', #4544, #3133, #3061 ) ;
#7884 = CARTESIAN_POINT ( 'NONE',  ( 3.219856694775995454, -0.4874122644155988726, -28.35436310160932294 ) ) ;
#7885 = CARTESIAN_POINT ( 'NONE',  ( -4.995443858317680785, 2.968859662684548262, -20.87781021253629987 ) ) ;
#7886 = CARTESIAN_POINT ( 'NONE',  ( 3.270856376664112108, -0.4867961769871712585, -25.47020040963639786 ) ) ;
#7887 = FACE_OUTER_BOUND ( 'NONE', #9223, .T. ) ;
#7888 = CARTESIAN_POINT ( 'NONE',  ( 0.1104741033117392496, -3.344970657754606780, -23.52028066047327570 ) ) ;
#7889 = CARTESIAN_POINT ( 'NONE',  ( 3.171623530768502786, 0.6999999999999996225, -29.25379256652107074 ) ) ;
#7890 = VERTEX_POINT ( 'NONE', #5596 ) ;
#7891 = FACE_OUTER_BOUND ( 'NONE', #3481, .T. ) ;
#7892 = CARTESIAN_POINT ( 'NONE',  ( 6.050000000000004263, 2.744927974232791890, -18.87548450340290174 ) ) ;
#7893 = CARTESIAN_POINT ( 'NONE',  ( -5.633181901660877955, 2.938647647445241873, -21.39904169956117386 ) ) ;
#7894 = CARTESIAN_POINT ( 'NONE',  ( 0.0000000000000000000, 0.0000000000000000000, -28.10000000000000497 ) ) ;
#7895 = CARTESIAN_POINT ( 'NONE',  ( 3.021249826110000036, -0.6999999999999788614, -25.59999999839729412 ) ) ;
#7896 = UNCERTAINTY_MEASURE_WITH_UNIT (LENGTH_MEASURE( 1.000000000000000082E-05 ), #4061, 'distance_accuracy_value', 'NONE');
#7897 = COLOUR_RGB ( '',0.2509803921568627416, 0.2509803921568627416, 0.2509803921568627416 ) ;
#7898 = CARTESIAN_POINT ( 'NONE',  ( -0.5855874398706734096, 3.346047929189048808, -23.42202705492869441 ) ) ;
#7899 = ADVANCED_FACE ( 'NONE', ( #8478 ), #715, .T. ) ;
#7900 = VERTEX_POINT ( 'NONE', #3475 ) ;
#7901 =( NAMED_UNIT ( * ) SI_UNIT ( $, .STERADIAN. ) SOLID_ANGLE_UNIT ( ) );
#7902 = VERTEX_POINT ( 'NONE', #8679 ) ;
#7903 = CARTESIAN_POINT ( 'NONE',  ( -0.3166059142229823431, 3.324419765885606282, -23.60427031978740331 ) ) ;
#7904 = LINE ( 'NONE', #1397, #5218 ) ;
#7905 =( LENGTH_UNIT ( ) NAMED_UNIT ( * ) SI_UNIT ( .MILLI., .METRE. ) );
#7906 = PRESENTATION_STYLE_ASSIGNMENT (( #4173 ) ) ;
#7907 = CARTESIAN_POINT ( 'NONE',  ( 1.872832080032804658, 0.9499999999999997335, -26.75000000000000355 ) ) ;
#7908 = STYLED_ITEM ( 'NONE', ( #5178 ), #5958 ) ;
#7909 = CARTESIAN_POINT ( 'NONE',  ( -2.853969846343479055, 1.733996490615672847, -23.63714863305557046 ) ) ;
#7910 = UNCERTAINTY_MEASURE_WITH_UNIT (LENGTH_MEASURE( 1.000000000000000082E-05 ), #5722, 'distance_accuracy_value', 'NONE');
#7911 = B_SPLINE_CURVE_WITH_KNOTS ( 'NONE', 3,
 ( #4494, #3456, #1130, #2560 ),
 .UNSPECIFIED., .F., .F.,
 ( 4, 4 ),
 ( 0.0000000000000000000, 0.9999998197530350907 ),
 .UNSPECIFIED. ) ;
#7912 = PRESENTATION_STYLE_ASSIGNMENT (( #8401 ) ) ;
#7913 =( NAMED_UNIT ( * ) SI_UNIT ( $, .STERADIAN. ) SOLID_ANGLE_UNIT ( ) );
#7914 = PRESENTATION_LAYER_ASSIGNMENT (  '', '', ( #2614 ) ) ;
#7915 = CARTESIAN_POINT ( 'NONE',  ( -3.343431080875770789, 0.1680909315239055013, -23.37087562495797854 ) ) ;
#7916 =( BOUNDED_SURFACE ( )  B_SPLINE_SURFACE ( 3, 2, ( 
 ( #6389, #5145, #8555 ),
 ( #3183, #145, #855 ),
 ( #6085, #3023, #8948 ),
 ( #5922, #2464, #3789 ),
 ( #6141, #5359, #2317 ),
 ( #8996, #1602, #8120 ),
 ( #1611, #3797, #3143 ),
 ( #6041, #313, #6695 ),
 ( #6798, #2375, #8908 ),
 ( #2423, #3195, #6096 ),
 ( #8959, #5611, #6233 ),
 ( #1898, #5519, #8496 ),
 ( #3289, #8369, #4037 ),
 ( #1986, #4702, #8411 ),
 ( #1940, #5470, #4172 ),
 ( #7648, #9101, #6275 ) ),
 .UNSPECIFIED., .F., .F., .T. ) 
 B_SPLINE_SURFACE_WITH_KNOTS ( ( 4, 2, 2, 2, 2, 2, 2, 4 ),
 ( 3, 3 ),
 ( 0.0000000000000000000, 0.0004824404581585067342, 0.0007236606872377600742, 0.0008442708017773867171, 0.0009648809163170134684, 0.001206101145396266863, 0.001447321374475520148, 0.001929761832634026937 ),
 ( 0.0000000000000000000, 1.000000000000000000 ),
 .UNSPECIFIED. ) 
 GEOMETRIC_REPRESENTATION_ITEM ( )  RATIONAL_B_SPLINE_SURFACE ( (
 ( 1.000000000000000000, 0.7122195791691300348, 1.000000000000000000),
 ( 1.000000000000000000, 0.7124658001842744115, 1.000000000000000000),
 ( 1.000000000000000000, 0.7127383718166532267, 1.000000000000000000),
 ( 1.000000000000000000, 0.7135029993311524654, 1.000000000000000000),
 ( 1.000000000000000000, 0.7138293450430269749, 1.000000000000000000),
 ( 1.000000000000000000, 0.7144481931576094347, 1.000000000000000000),
 ( 1.000000000000000000, 0.7146769504867540590, 1.000000000000000000),
 ( 1.000000000000000000, 0.7151274428210028233, 1.000000000000000000),
 ( 1.000000000000000000, 0.7153473766573961168, 1.000000000000000000),
 ( 1.000000000000000000, 0.7157750283820581982, 1.000000000000000000),
 ( 1.000000000000000000, 0.7157411263149104919, 1.000000000000000000),
 ( 1.000000000000000000, 0.7156097913870360649, 1.000000000000000000),
 ( 1.000000000000000000, 0.7155145033092797924, 1.000000000000000000),
 ( 1.000000000000000000, 0.7152627437051767290, 1.000000000000000000),
 ( 1.000000000000000000, 0.7151144730410206041, 1.000000000000000000),
 ( 1.000000000000000000, 0.7149663194116616660, 1.000000000000000000) ) ) 
 REPRESENTATION_ITEM ( '' )  SURFACE ( )  );
#7917 = CARTESIAN_POINT ( 'NONE',  ( -3.176978848994762128, 0.6999999999999996225, -28.95375909478040555 ) ) ;
#7918 = CIRCLE ( 'NONE', #941, 3.265266776875108690 ) ;
#7919 = FILL_AREA_STYLE ('',( #5019 ) ) ;
#7920 = FILL_AREA_STYLE ('',( #3636 ) ) ;
#7921 = ORIENTED_EDGE ( 'NONE', *, *, #7595, .T. ) ;
#7922 = CARTESIAN_POINT ( 'NONE',  ( -4.781516572171747192, 2.884292228722105111, -19.61585814042066644 ) ) ;
#7923 = EDGE_CURVE ( 'NONE', #5450, #5201, #2497, .T. ) ;
#7924 = MECHANICAL_DESIGN_GEOMETRIC_PRESENTATION_REPRESENTATION (  '', ( #4265 ), #4011 ) ;
#7925 = AXIS2_PLACEMENT_3D ( 'NONE', #1532, #6610, #1720 ) ;
#7926 = CARTESIAN_POINT ( 'NONE',  ( 2.952181357953393981, -0.8217608070699558009, -26.72437264523266975 ) ) ;
#7927 = FILL_AREA_STYLE ('',( #4356 ) ) ;
#7928 =( NAMED_UNIT ( * ) PLANE_ANGLE_UNIT ( ) SI_UNIT ( $, .RADIAN. ) );
#7929 = CARTESIAN_POINT ( 'NONE',  ( -6.372064735845276218, -1.546469240630202080, -23.02699402067323575 ) ) ;
#7930 = FILL_AREA_STYLE_COLOUR ( '', #3757 ) ;
#7931 = EDGE_LOOP ( 'NONE', ( #2958, #4368, #4097, #7401 ) ) ;
#7932 = CARTESIAN_POINT ( 'NONE',  ( 2.962117739243877335, -0.6999999999999996225, -28.95000000565631737 ) ) ;
#7933 = MECHANICAL_DESIGN_GEOMETRIC_PRESENTATION_REPRESENTATION (  '', ( #8251 ), #3243 ) ;
#7934 = DIRECTION ( 'NONE',  ( -0.0000000000000000000, -0.0000000000000000000, -1.000000000000000000 ) ) ;
#7935 = SURFACE_STYLE_FILL_AREA ( #7221 ) ;
#7936 = ADVANCED_FACE ( 'NONE', ( #4485 ), #1014, .T. ) ;
#7937 = EDGE_CURVE ( 'NONE', #5190, #3495, #1673, .T. ) ;
#7938 = DIRECTION ( 'NONE',  ( -1.000000000000000000, 0.0000000000000000000, 0.0000000000000000000 ) ) ;
#7939 = CARTESIAN_POINT ( 'NONE',  ( 0.0000000000000000000, 0.0000000000000000000, -31.25436310159557252 ) ) ;
#7940 = CARTESIAN_POINT ( 'NONE',  ( 6.035677583726601902, 1.929937609533917131, -19.13463035832642234 ) ) ;
#7941 = CARTESIAN_POINT ( 'NONE',  ( -0.5137145408973665672, -3.347078718426452326, -23.43152628378447844 ) ) ;
#7942 = CARTESIAN_POINT ( 'NONE',  ( 2.972710410531942404, 0.6999999999999996225, -28.35000000000000497 ) ) ;
#7943 = CARTESIAN_POINT ( 'NONE',  ( -1.931712908894738678, 0.8252889325712413626, -28.12362843757425068 ) ) ;
#7944 = EDGE_LOOP ( 'NONE', ( #484, #7363, #4351, #6352 ) ) ;
#7945 = CARTESIAN_POINT ( 'NONE',  ( -3.227172233312356031, 0.6064491966725538141, -26.82412320625641300 ) ) ;
#7946 = CARTESIAN_POINT ( 'NONE',  ( 6.050000000000005151, 1.400739683024801341, -18.87548450340290174 ) ) ;
#7947 = CARTESIAN_POINT ( 'NONE',  ( 1.483265735315756118, -3.325182721882380843, -23.42555600741920330 ) ) ;
#7948 = CARTESIAN_POINT ( 'NONE',  ( 3.018531839037288833, -0.7281423611171211618, -25.46736071721530337 ) ) ;
#7949 =( GEOMETRIC_REPRESENTATION_CONTEXT ( 3 ) GLOBAL_UNCERTAINTY_ASSIGNED_CONTEXT ( ( #3312 ) ) GLOBAL_UNIT_ASSIGNED_CONTEXT ( ( #2732, #597, #5682 ) ) REPRESENTATION_CONTEXT ( 'NONE', 'WORKASPACE' ) );
#7950 = CARTESIAN_POINT ( 'NONE',  ( -2.964765906424381203, 0.6999999999999996225, -28.80000000423096296 ) ) ;
#7951 = CARTESIAN_POINT ( 'NONE',  ( 6.411180118903977210, -1.559547909556753043, -21.88944095123182620 ) ) ;
#7952 = ORIENTED_EDGE ( 'NONE', *, *, #7239, .T. ) ;
#7953 = ORIENTED_EDGE ( 'NONE', *, *, #8304, .T. ) ;
#7954 = STYLED_ITEM ( 'NONE', ( #6121 ), #7470 ) ;
#7955 = CARTESIAN_POINT ( 'NONE',  ( -0.9169693792705680968, 3.209646921158409771, -23.70861127399271950 ) ) ;
#7956 = FILL_AREA_STYLE_COLOUR ( '', #5982 ) ;
#7957 = FILL_AREA_STYLE_COLOUR ( '', #2192 ) ;
#7958 = CARTESIAN_POINT ( 'NONE',  ( -2.877370061222676689, 0.9499999999999995115, -26.75000000000000355 ) ) ;
#7959 = CARTESIAN_POINT ( 'NONE',  ( 5.650887842016284246, 2.275403159923355734, -3.252606517456513302E-15 ) ) ;
#7960 = VECTOR ( 'NONE', #6621, 999.9999999999998863 ) ;
#7961 = EDGE_CURVE ( 'NONE', #815, #2430, #5317, .T. ) ;
#7962 = APPLICATION_PROTOCOL_DEFINITION ( 'draft international standard', 'automotive_design', 1998, #6788 ) ;
#7963 = PRESENTATION_LAYER_ASSIGNMENT (  '', '', ( #4169 ) ) ;
#7964 = CIRCLE ( 'NONE', #5367, 0.2499999999999997224 ) ;
#7965 = CARTESIAN_POINT ( 'NONE',  ( -3.063714927207926486, 1.029628659052466810, -29.75436310162560360 ) ) ;
#7966 = CARTESIAN_POINT ( 'NONE',  ( -2.857818457608826801, 1.734547152437570183, -23.63691667395298168 ) ) ;
#7967 = CARTESIAN_POINT ( 'NONE',  ( -3.145836691679805508, -1.026189116768643661, -25.35000000000000142 ) ) ;
#7968 = CARTESIAN_POINT ( 'NONE',  ( -5.254050494821806083, -3.030443306818590976, -23.27146601063161668 ) ) ;
#7969 = CYLINDRICAL_SURFACE ( 'NONE', #8813, 0.2500000000000000000 ) ;
#7970 = MECHANICAL_DESIGN_GEOMETRIC_PRESENTATION_REPRESENTATION (  '', ( #1438 ), #5397 ) ;
#7971 = ORIENTED_EDGE ( 'NONE', *, *, #2591, .T. ) ;
#7972 = CARTESIAN_POINT ( 'NONE',  ( -6.065444246572631926, 1.397760580596318913, -19.12355397258106748 ) ) ;
#7973 =( BOUNDED_SURFACE ( )  B_SPLINE_SURFACE ( 3, 2, ( 
 ( #6499, #4357, #41 ),
 ( #7785, #3385, #3432 ),
 ( #2716, #8458, #1951 ),
 ( #9209, #5618, #1994 ),
 ( #8506, #4897, #1240 ),
 ( #8230, #1007, #7514 ),
 ( #1714, #4607, #5321 ),
 ( #8256, #3825, #887 ),
 ( #5245, #3871, #3115 ),
 ( #3925, #5031, #981 ),
 ( #237, #8887, #3773 ),
 ( #1032, #707, #4305 ),
 ( #4487, #5079, #333 ),
 ( #7216, #6825, #6015 ),
 ( #5787, #6771, #3218 ),
 ( #3601, #185, #6125 ),
 ( #9379, #3168, #1688 ),
 ( #2405, #5960, #5296 ) ),
 .UNSPECIFIED., .F., .F., .T. ) 
 B_SPLINE_SURFACE_WITH_KNOTS ( ( 4, 2, 2, 2, 2, 2, 2, 2, 4 ),
 ( 3, 3 ),
 ( 0.0007325672585484512521, 0.001085731166973530424, 0.001438895075398609813, 0.001792058983823689201, 0.002145222892248768373, 0.002498386800673847545, 0.002851550709098926717, 0.003204714617524005889, 0.003557878525949085061 ),
 ( 0.0000000000000000000, 0.7168685145379074530 ),
 .UNSPECIFIED. ) 
 GEOMETRIC_REPRESENTATION_ITEM ( )  RATIONAL_B_SPLINE_SURFACE ( (
 ( 1.000000000000000000, 0.7973035521913829360, 0.8852205072681134101),
 ( 1.000000000000000000, 0.8342089630811154732, 0.9061186748817111614),
 ( 1.000000000000000000, 0.8638840977126566179, 0.9229226047807428390),
 ( 1.000000000000000000, 0.9133575136949907414, 0.9509375682966674237),
 ( 1.000000000000000000, 0.9331627440548658781, 0.9621525368800882827),
 ( 1.000000000000000000, 0.9641923123253715033, 0.9797234323954395752),
 ( 1.000000000000000000, 0.9754576537261280267, 0.9861025780855072753),
 ( 1.000000000000000000, 0.9903741821618512464, 0.9945492557933949263),
 ( 1.000000000000000000, 0.9940063514248226317, 0.9966060187511446289),
 ( 1.000000000000000000, 0.9933905897157931930, 0.9962573356964081750),
 ( 1.000000000000000000, 0.9893041835876407175, 0.9939433552218777113),
 ( 1.000000000000000000, 0.9737240282094195010, 0.9851208901499457493),
 ( 1.000000000000000000, 0.9621496397992164162, 0.9785667425821538146),
 ( 1.000000000000000000, 0.9309315928456064482, 0.9608891185677517210),
 ( 1.000000000000000000, 0.9113694411563179054, 0.9498117964345058617),
 ( 1.000000000000000000, 0.8626208190380184604, 0.9222072568453372199),
 ( 1.000000000000000000, 0.8334709797018675648, 0.9057007822208855696),
 ( 1.000000000000000000, 0.7973035521979496831, 0.8852205072718319911) ) ) 
 REPRESENTATION_ITEM ( '' )  SURFACE ( )  );
#7974 = CARTESIAN_POINT ( 'NONE',  ( 6.031057889175223785, -2.822063066079593341, -22.82943452559417352 ) ) ;
#7975 = CARTESIAN_POINT ( 'NONE',  ( -6.336395971950123496, 1.568269229645734786, -21.29116777560100715 ) ) ;
#7976 = SURFACE_SIDE_STYLE ('',( #3736 ) ) ;
#7977 = CARTESIAN_POINT ( 'NONE',  ( 3.114729576739752481, 1.028367236380224981, -27.00436310159584963 ) ) ;
#7978 = VERTEX_POINT ( 'NONE', #3700 ) ;
#7979 = FILL_AREA_STYLE_COLOUR ( '', #6634 ) ;
#7980 = CARTESIAN_POINT ( 'NONE',  ( 1.230185108644109793, -3.332542411984210418, -23.30938451861454652 ) ) ;
#7981 = EDGE_LOOP ( 'NONE', ( #8001, #1326, #7659, #3465 ) ) ;
#7982 = CIRCLE ( 'NONE', #274, 0.2499999999999931999 ) ;
#7983 = CARTESIAN_POINT ( 'NONE',  ( -1.979898987322333603, 0.6999999999999997335, -28.35000000000000497 ) ) ;
#7984 = CARTESIAN_POINT ( 'NONE',  ( -5.985246987244302375, -2.108688205679532413, -0.2500000000000056621 ) ) ;
#7985 = CARTESIAN_POINT ( 'NONE',  ( -3.098973170844942171, 1.028752842305847848, -27.85436310160286055 ) ) ;
#7986 = CARTESIAN_POINT ( 'NONE',  ( 3.182332938142874657, 0.6999999999998048894, -28.65376030156113174 ) ) ;
#7987 = CARTESIAN_POINT ( 'NONE',  ( -4.860731151393467009, 2.875367821608406427, -20.22822017818153739 ) ) ;
#7988 = VERTEX_POINT ( 'NONE', #1198 ) ;
#7989 = VECTOR ( 'NONE', #1668, 1000.000000000000000 ) ;
#7990 = EDGE_CURVE ( 'NONE', #8713, #4379, #831, .T. ) ;
#7991 = CARTESIAN_POINT ( 'NONE',  ( -6.323227782603935587, -1.561437385389278676, -21.18582226083150744 ) ) ;
#7992 = CARTESIAN_POINT ( 'NONE',  ( 4.953255229705633589, 2.898248404118656030, -20.64959908904274144 ) ) ;
#7993 = PLANE ( 'NONE',  #2970 ) ;
#7994 = LINE ( 'NONE', #2774, #245 ) ;
#7995 = CARTESIAN_POINT ( 'NONE',  ( -5.021739599314240188, -3.058171007850925438, -21.47721927780070672 ) ) ;
#7996 = CARTESIAN_POINT ( 'NONE',  ( 0.3512866184629375721, 3.349402330624513979, -23.45298465524215459 ) ) ;
#7997 = DIRECTION ( 'NONE',  ( -1.000000000000000000, 0.0000000000000000000, 0.0000000000000000000 ) ) ;
#7998 = ORIENTED_EDGE ( 'NONE', *, *, #9291, .T. ) ;
#7999 = EDGE_CURVE ( 'NONE', #1657, #6831, #132, .T. ) ;
#8000 = CARTESIAN_POINT ( 'NONE',  ( -3.268484528816384849, 0.4868243463146487704, -25.60436310160104867 ) ) ;
#8001 = ORIENTED_EDGE ( 'NONE', *, *, #4738, .T. ) ;
#8002 = CIRCLE ( 'NONE', #3909, 0.2500000000000000555 ) ;
#8003 = CARTESIAN_POINT ( 'NONE',  ( 0.8847595700233996663, 3.227941314730364830, -23.71070922338041598 ) ) ;
#8004 = SURFACE_SIDE_STYLE ('',( #8701 ) ) ;
#8005 = LINE ( 'NONE', #3056, #7960 ) ;
#8006 = CARTESIAN_POINT ( 'NONE',  ( 4.686546425784775316, 2.643259330195588230, -7.047314121155778821E-16 ) ) ;
#8007 = APPLICATION_PROTOCOL_DEFINITION ( 'draft international standard', 'automotive_design', 1998, #5035 ) ;
#8008 = FILL_AREA_STYLE_COLOUR ( '', #8274 ) ;
#8009 = UNCERTAINTY_MEASURE_WITH_UNIT (LENGTH_MEASURE( 1.000000000000000082E-05 ), #8087, 'distance_accuracy_value', 'NONE');
#8010 =( GEOMETRIC_REPRESENTATION_CONTEXT ( 3 ) GLOBAL_UNCERTAINTY_ASSIGNED_CONTEXT ( ( #1450 ) ) GLOBAL_UNIT_ASSIGNED_CONTEXT ( ( #7264, #7928, #8717 ) ) REPRESENTATION_CONTEXT ( 'NONE', 'WORKASPACE' ) );
#8011 = DIRECTION ( 'NONE',  ( -1.000000000000000000, 0.0000000000000000000, -0.0000000000000000000 ) ) ;
#8012 = CARTESIAN_POINT ( 'NONE',  ( 1.979898987322333603, 0.6999999999999998446, -29.25000000000000000 ) ) ;
#8013 = DIRECTION ( 'NONE',  ( 1.000000000000000000, 0.0000000000000000000, 0.0000000000000000000 ) ) ;
#8014 = CARTESIAN_POINT ( 'NONE',  ( -6.485940740138451233, -1.550624787430668228, -22.48752592110762549 ) ) ;
#8015 = CARTESIAN_POINT ( 'NONE',  ( 0.0000000000000000000, 0.0000000000000000000, -25.35000000000000497 ) ) ;
#8016 = B_SPLINE_CURVE_WITH_KNOTS ( 'NONE', 3,
 ( #4568, #5099, #8093, #6702 ),
 .UNSPECIFIED., .F., .F.,
 ( 4, 4 ),
 ( 0.0000000000000000000, 0.9999995507738481670 ),
 .UNSPECIFIED. ) ;
#8017 = CARTESIAN_POINT ( 'NONE',  ( 6.103725754817084237, -1.393528348458048072, -19.42980603853671084 ) ) ;
#8018 = COLOUR_RGB ( '',0.2509803921568627416, 0.2509803921568627416, 0.2509803921568627416 ) ;
#8019 = ORIENTED_EDGE ( 'NONE', *, *, #258, .T. ) ;
#8020 =( NAMED_UNIT ( * ) SI_UNIT ( $, .STERADIAN. ) SOLID_ANGLE_UNIT ( ) );
#8021 = CARTESIAN_POINT ( 'NONE',  ( -6.329744543988398142, 1.569044888107156366, -21.23795635190719722 ) ) ;
#8022 = CARTESIAN_POINT ( 'NONE',  ( 6.215327675085870140, -2.690466025083227297, -22.80369428113300501 ) ) ;
#8023 = FACE_OUTER_BOUND ( 'NONE', #4907, .T. ) ;
#8024 = MECHANICAL_DESIGN_GEOMETRIC_PRESENTATION_REPRESENTATION (  '', ( #6653 ), #2116 ) ;
#8025 = CARTESIAN_POINT ( 'NONE',  ( 1.914383410920736051, 4.664109864742060907, -26.85355339059326596 ) ) ;
#8026 = DIRECTION ( 'NONE',  ( 0.0000000000000000000, 0.0000000000000000000, -1.000000000000000000 ) ) ;
#8027 = ADVANCED_FACE ( 'NONE', ( #3079 ), #8618, .T. ) ;
#8028 = ORIENTED_EDGE ( 'NONE', *, *, #6857, .T. ) ;
#8029 = FILL_AREA_STYLE_COLOUR ( '', #5795 ) ;
#8030 =( NAMED_UNIT ( * ) SI_UNIT ( $, .STERADIAN. ) SOLID_ANGLE_UNIT ( ) );
#8031 = ORIENTED_EDGE ( 'NONE', *, *, #6124, .F. ) ;
#8032 = DIRECTION ( 'NONE',  ( 0.0000000000000000000, 0.0000000000000000000, -1.000000000000000000 ) ) ;
#8033 =( BOUNDED_SURFACE ( )  B_SPLINE_SURFACE ( 3, 2, ( 
 ( #4073, #1178, #9093 ),
 ( #519, #4783, #6307 ),
 ( #3982, #5411, #8316 ),
 ( #8486, #1890, #8359 ),
 ( #7678, #2561, #9183 ),
 ( #2606, #2644, #5558 ) ),
 .UNSPECIFIED., .F., .F., .T. ) 
 B_SPLINE_SURFACE_WITH_KNOTS ( ( 4, 2, 4 ),
 ( 3, 3 ),
 ( 0.0000000000000000000, 0.0003975858058179339684, 0.0007951716116358679368 ),
 ( 0.0000000000000000000, 1.000000000000000000 ),
 .UNSPECIFIED. ) 
 GEOMETRIC_REPRESENTATION_ITEM ( )  RATIONAL_B_SPLINE_SURFACE ( (
 ( 1.000000000000000000, 0.7009092642998487888, 1.000000000000000000),
 ( 1.000000000000000000, 0.7301219536218905848, 1.000000000000000000),
 ( 1.000000000000000000, 0.7447540003095840522, 1.000000000000000000),
 ( 1.000000000000000000, 0.7573441607587707569, 1.000000000000000000),
 ( 1.000000000000000000, 0.7565088595375325520, 1.000000000000000000),
 ( 1.000000000000000000, 0.7584309759676205465, 1.000000000000000000) ) ) 
 REPRESENTATION_ITEM ( '' )  SURFACE ( )  );
#8034 = CARTESIAN_POINT ( 'NONE',  ( -6.050000000000003375, 2.744927974232791890, -18.87548450340289463 ) ) ;
#8035 = FILL_AREA_STYLE_COLOUR ( '', #4954 ) ;
#8036 = AXIS2_PLACEMENT_3D ( 'NONE', #2917, #5817, #2214 ) ;
#8037 = CARTESIAN_POINT ( 'NONE',  ( -3.121311153534320759, 0.9614617907846872980, -27.85438154988722914 ) ) ;
#8038 = ORIENTED_EDGE ( 'NONE', *, *, #8447, .F. ) ;
#8039 = CARTESIAN_POINT ( 'NONE',  ( 6.264728428731562104, 2.114858930983985363, -23.04283311915181898 ) ) ;
#8040 = CYLINDRICAL_SURFACE ( 'NONE', #3310, 0.2500000000000000000 ) ;
#8041 = CARTESIAN_POINT ( 'NONE',  ( -5.154027357145182009, 2.937870576490398733, -20.83985447135852809 ) ) ;
#8042 = CARTESIAN_POINT ( 'NONE',  ( -3.021249826109916548, 0.6999999999999789724, -25.59999999839730478 ) ) ;
#8043 = AXIS2_PLACEMENT_3D ( 'NONE', #4267, #5089, #6648 ) ;
#8044 = EDGE_CURVE ( 'NONE', #1122, #445, #7050, .T. ) ;
#8045 = CARTESIAN_POINT ( 'NONE',  ( -5.005911401588421406, -3.023900473296762925, -21.04782509963918713 ) ) ;
#8046 = CARTESIAN_POINT ( 'NONE',  ( -4.723296366335796748, -2.890728793986221401, -19.16545851100927322 ) ) ;
#8047 = UNCERTAINTY_MEASURE_WITH_UNIT (LENGTH_MEASURE( 1.000000000000000082E-05 ), #3188, 'distance_accuracy_value', 'NONE');
#8048 = PRESENTATION_STYLE_ASSIGNMENT (( #18 ) ) ;
#8049 = ORIENTED_EDGE ( 'NONE', *, *, #9257, .T. ) ;
#8050 = CARTESIAN_POINT ( 'NONE',  ( -3.121308204493517646, -0.9614706638645237335, -27.85438173923965977 ) ) ;
#8051 = ORIENTED_EDGE ( 'NONE', *, *, #2251, .F. ) ;
#8052 = CARTESIAN_POINT ( 'NONE',  ( -3.276049450176239830, 0.6999999999999995115, -28.35000000000000497 ) ) ;
#8053 =( LENGTH_UNIT ( ) NAMED_UNIT ( * ) SI_UNIT ( .MILLI., .METRE. ) );
#8054 = FILL_AREA_STYLE ('',( #8151 ) ) ;
#8055 = CARTESIAN_POINT ( 'NONE',  ( -0.1008745323938818189, 3.350009965240011933, -23.49568174917934726 ) ) ;
#8056 = ADVANCED_FACE ( 'NONE', ( #6620 ), #8652, .F. ) ;
#8057 = STYLED_ITEM ( 'NONE', ( #5736 ), #6490 ) ;
#8058 = EDGE_CURVE ( 'NONE', #510, #3569, #7904, .T. ) ;
#8059 = STYLED_ITEM ( 'NONE', ( #2809 ), #5943 ) ;
#8060 = CARTESIAN_POINT ( 'NONE',  ( -6.049999999999998934, -1.400735219376046059, -18.87548450340289818 ) ) ;
#8061 = FILL_AREA_STYLE ('',( #2921 ) ) ;
#8062 = FILL_AREA_STYLE_COLOUR ( '', #3174 ) ;
#8063 = CARTESIAN_POINT ( 'NONE',  ( 6.407618491376562808, 2.393297574208736123, -22.77563101368118126 ) ) ;
#8064 = SURFACE_STYLE_USAGE ( .BOTH. , #3461 ) ;
#8065 = STYLED_ITEM ( 'NONE', ( #4439 ), #6538 ) ;
#8066 = DIRECTION ( 'NONE',  ( 0.0000000000000000000, 0.0000000000000000000, -1.000000000000000000 ) ) ;
#8067 = PRESENTATION_STYLE_ASSIGNMENT (( #4445 ) ) ;
#8068 = ORIENTED_EDGE ( 'NONE', *, *, #2938, .T. ) ;
#8069 = CARTESIAN_POINT ( 'NONE',  ( -4.860818397582954198, 2.875357931054808969, -20.22822021129185899 ) ) ;
#8070 = CARTESIAN_POINT ( 'NONE',  ( 4.713855711713331509, 2.891763259544950504, -19.02075593405391274 ) ) ;
#8071 = CARTESIAN_POINT ( 'NONE',  ( 3.220691513254423821, 0.6999999999999996225, -26.50380041635313688 ) ) ;
#8072 = SURFACE_SIDE_STYLE ('',( #5076 ) ) ;
#8073 =( GEOMETRIC_REPRESENTATION_CONTEXT ( 3 ) GLOBAL_UNCERTAINTY_ASSIGNED_CONTEXT ( ( #9009 ) ) GLOBAL_UNIT_ASSIGNED_CONTEXT ( ( #859, #3138, #4033 ) ) REPRESENTATION_CONTEXT ( 'NONE', 'WORKASPACE' ) );
#8074 = SURFACE_STYLE_FILL_AREA ( #7033 ) ;
#8075 = VERTEX_POINT ( 'NONE', #7198 ) ;
#8076 = CARTESIAN_POINT ( 'NONE',  ( -5.538049790325919375, -2.394191100868112265, -4.445228907190565813E-15 ) ) ;
#8077 =( LENGTH_UNIT ( ) NAMED_UNIT ( * ) SI_UNIT ( .MILLI., .METRE. ) );
#8078 = ORIENTED_EDGE ( 'NONE', *, *, #4507, .T. ) ;
#8079 = PRESENTATION_LAYER_ASSIGNMENT (  '', '', ( #2759 ) ) ;
#8080 = CARTESIAN_POINT ( 'NONE',  ( 1.969729866933063400, -0.7299567491647973583, -29.38586863906539293 ) ) ;
#8081 = EDGE_CURVE ( 'NONE', #7048, #7978, #1740, .T. ) ;
#8082 =( NAMED_UNIT ( * ) SI_UNIT ( $, .STERADIAN. ) SOLID_ANGLE_UNIT ( ) );
#8083 =( GEOMETRIC_REPRESENTATION_CONTEXT ( 3 ) GLOBAL_UNCERTAINTY_ASSIGNED_CONTEXT ( ( #8546 ) ) GLOBAL_UNIT_ASSIGNED_CONTEXT ( ( #4129, #7086, #5794 ) ) REPRESENTATION_CONTEXT ( 'NONE', 'WORKASPACE' ) );
#8084 = FILL_AREA_STYLE ('',( #5752 ) ) ;
#8085 = FACE_OUTER_BOUND ( 'NONE', #7196, .T. ) ;
#8086 = ORIENTED_EDGE ( 'NONE', *, *, #7405, .T. ) ;
#8087 =( LENGTH_UNIT ( ) NAMED_UNIT ( * ) SI_UNIT ( .MILLI., .METRE. ) );
#8088 = CARTESIAN_POINT ( 'NONE',  ( -2.953751114080398477, -0.8864263001105666673, -25.35000000000000497 ) ) ;
#8089 = CARTESIAN_POINT ( 'NONE',  ( 1.768476342693171777, -4.308629038710201087, -26.75000000000000355 ) ) ;
#8090 = CARTESIAN_POINT ( 'NONE',  ( 3.216390820169714004, 0.5483446864206250604, -28.08915728043564641 ) ) ;
#8091 = CARTESIAN_POINT ( 'NONE',  ( -5.282122988690068688, 2.913358911322029954, -20.83159724556546166 ) ) ;
#8092 =( BOUNDED_SURFACE ( )  B_SPLINE_SURFACE ( 3, 2, ( 
 ( #4322, #1480, #4371 ),
 ( #772, #3708, #6609 ),
 ( #2284, #5184, #8090 ),
 ( #4470, #4753, #8282 ),
 ( #365, #6804, #2580 ),
 ( #7606, #960, #6156 ) ),
 .UNSPECIFIED., .F., .F., .T. ) 
 B_SPLINE_SURFACE_WITH_KNOTS ( ( 4, 2, 4 ),
 ( 3, 3 ),
 ( 0.0000000000000000000, 0.0003965289001889778795, 0.0007930578003779557589 ),
 ( 0.0000000000000000000, 1.000000000000000000 ),
 .UNSPECIFIED. ) 
 GEOMETRIC_REPRESENTATION_ITEM ( )  RATIONAL_B_SPLINE_SURFACE ( (
 ( 1.000000000000000000, 0.7581718333143204758, 1.000000000000000000),
 ( 1.000000000000000000, 0.7592763875715915489, 1.000000000000000000),
 ( 1.000000000000000000, 0.7629830580063862167, 1.000000000000000000),
 ( 1.000000000000000000, 0.7548149211917215551, 1.000000000000000000),
 ( 1.000000000000000000, 0.7417656706660441523, 1.000000000000000000),
 ( 1.000000000000000000, 0.7132504491541828973, 1.000000000000000000) ) ) 
 REPRESENTATION_ITEM ( '' )  SURFACE ( )  );
#8093 = CARTESIAN_POINT ( 'NONE',  ( 4.953218920560813032, -2.898252250935620555, -20.64959789984790461 ) ) ;
#8094 = CARTESIAN_POINT ( 'NONE',  ( 6.067730761950921980, -2.742094147192014830, -19.14184609560740213 ) ) ;
#8095 = FILL_AREA_STYLE ('',( #6054 ) ) ;
#8096 = ORIENTED_EDGE ( 'NONE', *, *, #1088, .F. ) ;
#8097 = CARTESIAN_POINT ( 'NONE',  ( -6.050000000488319429, -2.744927974155329409, -18.96462763598585255 ) ) ;
#8098 = PRESENTATION_LAYER_ASSIGNMENT (  '', '', ( #62 ) ) ;
#8099 = DIRECTION ( 'NONE',  ( 0.0000000000000000000, 0.0000000000000000000, -1.000000000000000000 ) ) ;
#8100 = ORIENTED_EDGE ( 'NONE', *, *, #3813, .F. ) ;
#8101 = B_SPLINE_CURVE_WITH_KNOTS ( 'NONE', 3,
 ( #8559, #8603, #5091, #9349 ),
 .UNSPECIFIED., .F., .F.,
 ( 4, 4 ),
 ( 0.0000000000000000000, 1.000000000000000000 ),
 .UNSPECIFIED. ) ;
#8102 = CARTESIAN_POINT ( 'NONE',  ( -0.5137145409022628728, 3.347078718426395039, -23.43152628378364355 ) ) ;
#8103 = SURFACE_STYLE_FILL_AREA ( #6763 ) ;
#8104 = AXIS2_PLACEMENT_3D ( 'NONE', #5881, #7934, #7358 ) ;
#8105 = SURFACE_STYLE_USAGE ( .BOTH. , #6014 ) ;
#8106 = CARTESIAN_POINT ( 'NONE',  ( -6.065444246572657683, 1.397765044245062871, -19.12355397258126999 ) ) ;
#8107 = CIRCLE ( 'NONE', #7652, 1.224999999999999201 ) ;
#8108 = SURFACE_STYLE_FILL_AREA ( #3117 ) ;
#8109 = SURFACE_STYLE_FILL_AREA ( #7390 ) ;
#8110 =( NAMED_UNIT ( * ) PLANE_ANGLE_UNIT ( ) SI_UNIT ( $, .RADIAN. ) );
#8111 = ADVANCED_FACE ( 'NONE', ( #2162 ), #8811, .T. ) ;
#8112 = ADVANCED_FACE ( 'NONE', ( #4627 ), #5248, .T. ) ;
#8113 = ORIENTED_EDGE ( 'NONE', *, *, #5775, .F. ) ;
#8114 = DIRECTION ( 'NONE',  ( -1.000000000000000000, 0.0000000000000000000, 0.0000000000000000000 ) ) ;
#8115 = CARTESIAN_POINT ( 'NONE',  ( -5.185636020347927477, -3.039057100083496277, -21.45645455918557687 ) ) ;
#8116 = CARTESIAN_POINT ( 'NONE',  ( -5.210627282546227867, 3.035722774306472083, -22.93606777099247296 ) ) ;
#8117 = CARTESIAN_POINT ( 'NONE',  ( -1.979898987322333603, -0.6999999999999997335, -25.35000000000000497 ) ) ;
#8118 = CARTESIAN_POINT ( 'NONE',  ( 1.931425879585300542, 0.8259943559174784955, -25.37305965639559346 ) ) ;
#8119 = DIRECTION ( 'NONE',  ( -0.0000000000000000000, -0.0000000000000000000, 1.000000000000000000 ) ) ;
#8120 = CARTESIAN_POINT ( 'NONE',  ( 6.031043346749350498, -2.822070852844012379, -22.82943598697826104 ) ) ;
#8121 = CARTESIAN_POINT ( 'NONE',  ( -1.872832080032804658, -0.9499999999999998446, -26.75000000000000355 ) ) ;
#8122 = DIRECTION ( 'NONE',  ( 0.0000000000000000000, 0.0000000000000000000, -1.000000000000000000 ) ) ;
#8123 = AXIS2_PLACEMENT_3D ( 'NONE', #4499, #2513, #5413 ) ;
#8124 = CARTESIAN_POINT ( 'NONE',  ( 2.568516970508436525, -2.139104267070515153, -23.65790813633075018 ) ) ;
#8125 = EDGE_CURVE ( 'NONE', #6660, #9279, #4186, .T. ) ;
#8126 = LINE ( 'NONE', #8676, #3316 ) ;
#8127 = CARTESIAN_POINT ( 'NONE',  ( -2.955957632331234652, 0.0000000000000000000, -31.50000000000000000 ) ) ;
#8128 = ORIENTED_EDGE ( 'NONE', *, *, #2766, .T. ) ;
#8129 = CARTESIAN_POINT ( 'NONE',  ( 2.925000000000000266, -1.225000000000000089, 6.599999999999999645 ) ) ;
#8130 = CARTESIAN_POINT ( 'NONE',  ( 6.181363424975704568, 2.730595093639027748, -22.80857588379317491 ) ) ;
#8131 = CIRCLE ( 'NONE', #4030, 0.2499999999999999722 ) ;
#8132 = CARTESIAN_POINT ( 'NONE',  ( 6.308239556175612606, -1.546474879899561561, -23.03642561252742382 ) ) ;
#8133 = CARTESIAN_POINT ( 'NONE',  ( 1.483265735310600020, 3.325182721879679004, -23.42555600742343103 ) ) ;
#8134 = ORIENTED_EDGE ( 'NONE', *, *, #8174, .F. ) ;
#8135 = CARTESIAN_POINT ( 'NONE',  ( -3.136989764977033524, 0.9609463812947560690, -27.00434444330403139 ) ) ;
#8136 =( LENGTH_UNIT ( ) NAMED_UNIT ( * ) SI_UNIT ( .MILLI., .METRE. ) );
#8137 = CARTESIAN_POINT ( 'NONE',  ( -1.768476342693166226, -4.308629038710202863, -26.75000000000000355 ) ) ;
#8138 = STYLED_ITEM ( 'NONE', ( #4972 ), #2870 ) ;
#8139 = PRESENTATION_STYLE_ASSIGNMENT (( #7413 ) ) ;
#8140 = CARTESIAN_POINT ( 'NONE',  ( -6.519774055357336451, 1.716389002301327293, -22.75819788246834818 ) ) ;
#8141 = CARTESIAN_POINT ( 'NONE',  ( -2.826775610078679168, -0.9499999999999995115, -29.50000000000000355 ) ) ;
#8142 = DIRECTION ( 'NONE',  ( -1.000000000000000000, 0.0000000000000000000, 0.0000000000000000000 ) ) ;
#8143 = COLOUR_RGB ( '',0.2509803921568627416, 0.2509803921568627416, 0.2509803921568627416 ) ;
#8144 = PRESENTATION_LAYER_ASSIGNMENT (  '', '', ( #3886 ) ) ;
#8145 = CARTESIAN_POINT ( 'NONE',  ( 6.103725754817084237, -1.393528348458048072, -19.42980603853671084 ) ) ;
#8146 = EDGE_LOOP ( 'NONE', ( #1393, #2748, #8952, #5948 ) ) ;
#8147 = CARTESIAN_POINT ( 'NONE',  ( -3.190197444812701733, 0.8964735826271792440, -25.11516952524923596 ) ) ;
#8148 = ORIENTED_EDGE ( 'NONE', *, *, #5469, .T. ) ;
#8149 = CARTESIAN_POINT ( 'NONE',  ( -0.08056025822879958609, 3.339193892725093704, -23.56847645502446298 ) ) ;
#8150 = CARTESIAN_POINT ( 'NONE',  ( 5.010259444323328815, 2.602106145470746146, -3.144186300207962859E-15 ) ) ;
#8151 = FILL_AREA_STYLE_COLOUR ( '', #5985 ) ;
#8152 = COLOUR_RGB ( '',0.2509803921568627416, 0.2509803921568627416, 0.2509803921568627416 ) ;
#8153 = CARTESIAN_POINT ( 'NONE',  ( 0.0000000000000000000, 0.0000000000000000000, -25.35000000000000497 ) ) ;
#8154 =( NAMED_UNIT ( * ) PLANE_ANGLE_UNIT ( ) SI_UNIT ( $, .RADIAN. ) );
#8155 = CARTESIAN_POINT ( 'NONE',  ( -2.925000000000000266, -4.238084680662899344E-17, 6.599999999999999645 ) ) ;
#8156 = B_SPLINE_CURVE_WITH_KNOTS ( 'NONE', 3,
 ( #5849, #4612, #269, #773 ),
 .UNSPECIFIED., .F., .F.,
 ( 4, 4 ),
 ( 0.0000000000000000000, 1.000000000000000000 ),
 .UNSPECIFIED. ) ;
#8157 = AXIS2_PLACEMENT_3D ( 'NONE', #7828, #1329, #7775 ) ;
#8158 = VECTOR ( 'NONE', #2055, 1000.000000000000000 ) ;
#8159 = ORIENTED_EDGE ( 'NONE', *, *, #5571, .F. ) ;
#8160 = CARTESIAN_POINT ( 'NONE',  ( -6.049999999999998046, 1.400739682943419107, -18.95849679387737652 ) ) ;
#8161 = CARTESIAN_POINT ( 'NONE',  ( -2.955957632331235097, -5.911915264662468417, -31.50000000000000355 ) ) ;
#8162 = EDGE_LOOP ( 'NONE', ( #1147, #2470, #2734, #8272, #7881 ) ) ;
#8163 = CARTESIAN_POINT ( 'NONE',  ( -3.268484527109242421, -0.4868243463363507995, -25.60436319814958850 ) ) ;
#8164 = ADVANCED_FACE ( 'NONE', ( #9016 ), #4413, .F. ) ;
#8165 = DIRECTION ( 'NONE',  ( 0.0000000000000000000, -0.0000000000000000000, -1.000000000000000000 ) ) ;
#8166 = DIRECTION ( 'NONE',  ( -1.000000000000000000, 0.0000000000000000000, -0.0000000000000000000 ) ) ;
#8167 = SURFACE_SIDE_STYLE ('',( #2367 ) ) ;
#8168 = CARTESIAN_POINT ( 'NONE',  ( 3.143772057213055859, 1.707013815481012386, -23.38539924122988012 ) ) ;
#8169 = EDGE_LOOP ( 'NONE', ( #7572, #1757, #3091, #7485, #8877 ) ) ;
#8170 = ORIENTED_EDGE ( 'NONE', *, *, #3837, .T. ) ;
#8171 = CARTESIAN_POINT ( 'NONE',  ( 6.061762609043872096, -2.527287821311859695, -23.07214320090502113 ) ) ;
#8172 = COLOUR_RGB ( '',0.2509803921568627416, 0.2509803921568627416, 0.2509803921568627416 ) ;
#8173 = PRODUCT_DEFINITION_SHAPE ( 'NONE', 'NONE',  #5404 ) ;
#8174 = EDGE_CURVE ( 'NONE', #8452, #3192, #7510, .T. ) ;
#8175 = EDGE_CURVE ( 'NONE', #1272, #4790, #1044, .T. ) ;
#8176 = CARTESIAN_POINT ( 'NONE',  ( 3.114729576739699635, -1.028367236380205441, -27.00436310160932507 ) ) ;
#8177 =( NAMED_UNIT ( * ) PLANE_ANGLE_UNIT ( ) SI_UNIT ( $, .RADIAN. ) );
#8178 = CARTESIAN_POINT ( 'NONE',  ( -2.516554881373895380, 2.568483313541429336, -23.42745403525437808 ) ) ;
#8179 = CARTESIAN_POINT ( 'NONE',  ( -2.975080127464295732, 0.6999999999999999556, -28.28288387901625356 ) ) ;
#8180 = DIRECTION ( 'NONE',  ( -1.000000000000000000, 0.0000000000000000000, 0.0000000000000000000 ) ) ;
#8181 = ORIENTED_EDGE ( 'NONE', *, *, #1346, .T. ) ;
#8182 = CARTESIAN_POINT ( 'NONE',  ( 6.411180118903901715, 1.559547909548917533, -21.88944095123122935 ) ) ;
#8183 = FILL_AREA_STYLE_COLOUR ( '', #4346 ) ;
#8184 = LINE ( 'NONE', #4469, #8600 ) ;
#8185 = CONICAL_SURFACE ( 'NONE', #6813, 3.340952312612444075, 0.01745329251999612474 ) ;
#8186 = CARTESIAN_POINT ( 'NONE',  ( -6.563173287081398577, 2.870607684945979621, -23.10538629665120780 ) ) ;
#8187 = CARTESIAN_POINT ( 'NONE',  ( -6.455921513727769678, 2.252438080432682455, -22.76830838769138410 ) ) ;
#8188 = DIRECTION ( 'NONE',  ( -0.3150593542896197308, -0.9490719694915703553, -6.459491780120265637E-16 ) ) ;
#8189 = PRESENTATION_LAYER_ASSIGNMENT (  '', '', ( #1210 ) ) ;
#8190 = SURFACE_STYLE_USAGE ( .BOTH. , #2248 ) ;
#8191 = CARTESIAN_POINT ( 'NONE',  ( -6.050000000000009592, -1.400739683024801341, -12.26906492721187192 ) ) ;
#8192 = CARTESIAN_POINT ( 'NONE',  ( 1.241898298771120679, -3.097668276126647413, -23.72510330486256436 ) ) ;
#8193 = EDGE_LOOP ( 'NONE', ( #9060, #1759, #7771, #6815 ) ) ;
#8194 = CARTESIAN_POINT ( 'NONE',  ( -5.553794470898410829, -2.681864645957031446, -1.849283085222021926E-15 ) ) ;
#8195 = CARTESIAN_POINT ( 'NONE',  ( -3.205608552439330960, -0.6067685013820846018, -28.03460633024541337 ) ) ;
#8196 = VERTEX_POINT ( 'NONE', #99 ) ;
#8197 = CARTESIAN_POINT ( 'NONE',  ( 1.861642404854273458, 3.310010245960675057, -23.21005533523035069 ) ) ;
#8198 = CARTESIAN_POINT ( 'NONE',  ( -3.268484528816631762, 0.4868243463146754713, -25.60436310160935491 ) ) ;
#8199 =( LENGTH_UNIT ( ) NAMED_UNIT ( * ) SI_UNIT ( .MILLI., .METRE. ) );
#8200 = VECTOR ( 'NONE', #4126, 1000.000000000000000 ) ;
#8201 = SURFACE_STYLE_USAGE ( .BOTH. , #5194 ) ;
#8202 = UNCERTAINTY_MEASURE_WITH_UNIT (LENGTH_MEASURE( 1.000000000000000082E-05 ), #5990, 'distance_accuracy_value', 'NONE');
#8203 = EDGE_CURVE ( 'NONE', #6093, #6515, #77, .T. ) ;
#8204 = STYLED_ITEM ( 'NONE', ( #1100 ), #5733 ) ;
#8205 = CARTESIAN_POINT ( 'NONE',  ( -3.219856694775675710, 0.4874122644155680639, -28.35436310159695239 ) ) ;
#8206 = ORIENTED_EDGE ( 'NONE', *, *, #9047, .F. ) ;
#8207 = CARTESIAN_POINT ( 'NONE',  ( 1.872388150747702484, 3.309548376258057978, -23.45936070531702811 ) ) ;
#8208 = CARTESIAN_POINT ( 'NONE',  ( -3.252572334970516454, 0.4870147112371995823, -26.50436289882710028 ) ) ;
#8209 = CARTESIAN_POINT ( 'NONE',  ( 6.316880344890968502, 1.545372342530288989, -21.13504275912777075 ) ) ;
#8210 = ORIENTED_EDGE ( 'NONE', *, *, #6022, .F. ) ;
#8211 = CARTESIAN_POINT ( 'NONE',  ( -2.925000000000000266, -4.238084680662899344E-17, 6.599999999999999645 ) ) ;
#8212 = PRESENTATION_STYLE_ASSIGNMENT (( #3076 ) ) ;
#8213 = SURFACE_SIDE_STYLE ('',( #433 ) ) ;
#8214 = SURFACE_SIDE_STYLE ('',( #3939 ) ) ;
#8215 = CARTESIAN_POINT ( 'NONE',  ( 5.758115142270074038, -1.969680647162123099, -3.089976191583687637E-15 ) ) ;
#8216 = PRESENTATION_LAYER_ASSIGNMENT (  '', '', ( #8057 ) ) ;
#8217 = CARTESIAN_POINT ( 'NONE',  ( 0.8250632386415027719, -3.342629866682882422, -23.39041969258735776 ) ) ;
#8218 = MECHANICAL_DESIGN_GEOMETRIC_PRESENTATION_REPRESENTATION (  '', ( #8059 ), #4110 ) ;
#8219 = CARTESIAN_POINT ( 'NONE',  ( 2.567557932816238342, 2.146689046794492572, -23.42407105921116539 ) ) ;
#8220 = VERTEX_POINT ( 'NONE', #1567 ) ;
#8221 = CARTESIAN_POINT ( 'NONE',  ( 0.5552552076348302723, -3.346447040643779847, -23.42589577662891642 ) ) ;
#8222 = CARTESIAN_POINT ( 'NONE',  ( -6.182609125245432935, -2.725514048995511196, -20.06087300196347201 ) ) ;
#8223 = ORIENTED_EDGE ( 'NONE', *, *, #8579, .T. ) ;
#8224 = EDGE_CURVE ( 'NONE', #7108, #3732, #2278, .T. ) ;
#8225 = FILL_AREA_STYLE ('',( #6039 ) ) ;
#8226 = PRESENTATION_LAYER_ASSIGNMENT (  '', '', ( #4115 ) ) ;
#8227 = CARTESIAN_POINT ( 'NONE',  ( 3.005366147842680746, 0.6999999999999997335, -26.49999999919005944 ) ) ;
#8228 = CARTESIAN_POINT ( 'NONE',  ( -1.961491000703062815, 3.017939438015505793, -23.45629308452925699 ) ) ;
#8229 = CARTESIAN_POINT ( 'NONE',  ( -2.972710410531939740, 0.6999999999999995115, -28.35000000000000497 ) ) ;
#8230 = CARTESIAN_POINT ( 'NONE',  ( 0.5197311116922468388, -3.299775028685527634, -23.64464283316106474 ) ) ;
#8231 = EDGE_LOOP ( 'NONE', ( #36, #4334, #278, #2825, #7730 ) ) ;
#8232 = CARTESIAN_POINT ( 'NONE',  ( -6.519762889482521473, -1.546441044280908006, -22.75810311586018742 ) ) ;
#8233 = CIRCLE ( 'NONE', #5342, 0.2500000000000006661 ) ;
#8234 = FILL_AREA_STYLE ('',( #8183 ) ) ;
#8235 = MECHANICAL_DESIGN_GEOMETRIC_PRESENTATION_REPRESENTATION (  '', ( #2463 ), #6406 ) ;
#8236 = CARTESIAN_POINT ( 'NONE',  ( -5.176635946753750162, 3.039895134031135537, -22.67357802299162728 ) ) ;
#8237 = CARTESIAN_POINT ( 'NONE',  ( 5.021739545883078470, 3.058171014082662786, -21.47721924185215414 ) ) ;
#8238 = EDGE_CURVE ( 'NONE', #2520, #4997, #3746, .T. ) ;
#8239 = EDGE_CURVE ( 'NONE', #3934, #8755, #4, .T. ) ;
#8240 = DIRECTION ( 'NONE',  ( 0.0000000000000000000, -0.0000000000000000000, -1.000000000000000000 ) ) ;
#8241 = CARTESIAN_POINT ( 'NONE',  ( -6.049999999999998046, 1.400739683024801341, -18.87548450340289463 ) ) ;
#8242 = PRESENTATION_LAYER_ASSIGNMENT (  '', '', ( #949 ) ) ;
#8243 =( GEOMETRIC_REPRESENTATION_CONTEXT ( 3 ) GLOBAL_UNCERTAINTY_ASSIGNED_CONTEXT ( ( #2475 ) ) GLOBAL_UNIT_ASSIGNED_CONTEXT ( ( #4491, #3730, #5022 ) ) REPRESENTATION_CONTEXT ( 'NONE', 'WORKASPACE' ) );
#8244 = CARTESIAN_POINT ( 'NONE',  ( 2.912274948409522946, -0.9499999999999995115, -25.10000000000000142 ) ) ;
#8245 = ORIENTED_EDGE ( 'NONE', *, *, #2834, .T. ) ;
#8246 = CARTESIAN_POINT ( 'NONE',  ( -5.321510058376034635, -2.778506185333015299, -2.212384992886777395E-14 ) ) ;
#8247 = CARTESIAN_POINT ( 'NONE',  ( 2.954441427592468639, 0.6999999999999998446, -29.31738445411668437 ) ) ;
#8248 = VERTEX_POINT ( 'NONE', #7983 ) ;
#8249 = CARTESIAN_POINT ( 'NONE',  ( 1.979898987322333603, 0.9499999999999997335, -29.25000000000000000 ) ) ;
#8250 = CARTESIAN_POINT ( 'NONE',  ( 3.096580924982417216, -1.027958698699273477, -27.99876908820495558 ) ) ;
#8251 = STYLED_ITEM ( 'NONE', ( #569 ), #794 ) ;
#8252 = CARTESIAN_POINT ( 'NONE',  ( -0.8228644288287674247, 3.342680079913052715, -23.39079792551123660 ) ) ;
#8253 = SURFACE_STYLE_USAGE ( .BOTH. , #6010 ) ;
#8254 = CYLINDRICAL_SURFACE ( 'NONE', #3214, 0.6249999999999996669 ) ;
#8255 = UNCERTAINTY_MEASURE_WITH_UNIT (LENGTH_MEASURE( 1.000000000000000082E-05 ), #540, 'distance_accuracy_value', 'NONE');
#8256 = CARTESIAN_POINT ( 'NONE',  ( 0.2026625864252133702, -3.335377209123434383, -23.58257004798788614 ) ) ;
#8257 = VERTEX_POINT ( 'NONE', #7271 ) ;
#8258 = CARTESIAN_POINT ( 'NONE',  ( -1.872832080032804658, -0.9499999999999998446, -25.35000000000000497 ) ) ;
#8259 = FACE_OUTER_BOUND ( 'NONE', #922, .T. ) ;
#8260 = SURFACE_SIDE_STYLE ('',( #8109 ) ) ;
#8261 = MECHANICAL_DESIGN_GEOMETRIC_PRESENTATION_REPRESENTATION (  '', ( #3106 ), #5547 ) ;
#8262 = CARTESIAN_POINT ( 'NONE',  ( 5.501006971750309837, -2.860165899650378485, -20.82106536141558095 ) ) ;
#8263 = EDGE_CURVE ( 'NONE', #751, #7900, #2643, .T. ) ;
#8264 = EDGE_LOOP ( 'NONE', ( #3205, #7971, #6632, #3377 ) ) ;
#8265 = FILL_AREA_STYLE ('',( #244 ) ) ;
#8266 = COLOUR_RGB ( '',0.2509803921568627416, 0.2509803921568627416, 0.2509803921568627416 ) ;
#8267 = CARTESIAN_POINT ( 'NONE',  ( 3.195486003599076419, 0.7513844819171893175, -26.95355903796430042 ) ) ;
#8268 = DIRECTION ( 'NONE',  ( 1.000000000000000000, 0.0000000000000000000, 0.0000000000000000000 ) ) ;
#8269 = CARTESIAN_POINT ( 'NONE',  ( 2.935082989443048351, 0.8217814059146005823, -28.12559316923687192 ) ) ;
#8270 = CARTESIAN_POINT ( 'NONE',  ( 3.084119784683537979, 1.290595526067607857, -23.61892399298797685 ) ) ;
#8271 = CARTESIAN_POINT ( 'NONE',  ( -4.741856460906211268, -2.888676873037216097, -19.30960607446494137 ) ) ;
#8272 = ORIENTED_EDGE ( 'NONE', *, *, #5698, .T. ) ;
#8273 = CARTESIAN_POINT ( 'NONE',  ( -3.186763380113226241, 0.5644275255285573500, -29.51869292175528159 ) ) ;
#8274 = COLOUR_RGB ( '',0.2509803921568627416, 0.2509803921568627416, 0.2509803921568627416 ) ;
#8275 = FILL_AREA_STYLE_COLOUR ( '', #3869 ) ;
#8276 =( GEOMETRIC_REPRESENTATION_CONTEXT ( 3 ) GLOBAL_UNCERTAINTY_ASSIGNED_CONTEXT ( ( #2010 ) ) GLOBAL_UNIT_ASSIGNED_CONTEXT ( ( #13, #8690, #1392 ) ) REPRESENTATION_CONTEXT ( 'NONE', 'WORKASPACE' ) );
#8277 = SURFACE_STYLE_USAGE ( .BOTH. , #4703 ) ;
#8278 = SURFACE_STYLE_USAGE ( .BOTH. , #6100 ) ;
#8279 =( NAMED_UNIT ( * ) PLANE_ANGLE_UNIT ( ) SI_UNIT ( $, .RADIAN. ) );
#8280 = EDGE_LOOP ( 'NONE', ( #804, #878, #8844, #9106 ) ) ;
#8281 = DIRECTION ( 'NONE',  ( 0.0000000000000000000, 0.0000000000000000000, -1.000000000000000000 ) ) ;
#8282 = CARTESIAN_POINT ( 'NONE',  ( 3.178466005977053310, 0.7510787414532332784, -27.90554942797406213 ) ) ;
#8283 = CARTESIAN_POINT ( 'NONE',  ( -1.230185108622027901, 3.332542411984834363, -23.30938451862003191 ) ) ;
#8284 = MECHANICAL_DESIGN_GEOMETRIC_PRESENTATION_REPRESENTATION (  '', ( #7361 ), #8712 ) ;
#8285 = CYLINDRICAL_SURFACE ( 'NONE', #428, 0.2499999999999998890 ) ;
#8286 = SURFACE_STYLE_FILL_AREA ( #5381 ) ;
#8287 = CARTESIAN_POINT ( 'NONE',  ( 4.860813780662764927, 2.875358454448231349, -20.22822021129189451 ) ) ;
#8288 = EDGE_CURVE ( 'NONE', #8745, #4118, #5914, .T. ) ;
#8289 =( BOUNDED_SURFACE ( )  B_SPLINE_SURFACE ( 3, 2, ( 
 ( #2708, #1988, #9201 ),
 ( #2636, #1304, #8476 ),
 ( #4193, #7752, #4775 ),
 ( #3398, #1924, #9126 ),
 ( #7710, #7669, #6348 ),
 ( #1255, #7011, #3357 ) ),
 .UNSPECIFIED., .F., .F., .T. ) 
 B_SPLINE_SURFACE_WITH_KNOTS ( ( 4, 2, 4 ),
 ( 3, 3 ),
 ( 0.0000000000000000000, 0.0003973605696521344678, 0.0007947211393042689356 ),
 ( 0.0000000000000000000, 1.000000000000000000 ),
 .UNSPECIFIED. ) 
 GEOMETRIC_REPRESENTATION_ITEM ( )  RATIONAL_B_SPLINE_SURFACE ( (
 ( 1.000000000000000000, 0.7009092642998543399, 1.000000000000000000),
 ( 1.000000000000000000, 0.7296949951089720665, 1.000000000000000000),
 ( 1.000000000000000000, 0.7441057750745051491, 1.000000000000000000),
 ( 1.000000000000000000, 0.7565267715846623053, 1.000000000000000000),
 ( 1.000000000000000000, 0.7557295111668173027, 1.000000000000000000),
 ( 1.000000000000000000, 0.7576472942965196689, 1.000000000000000000) ) ) 
 REPRESENTATION_ITEM ( '' )  SURFACE ( )  );
#8290 =( NAMED_UNIT ( * ) PLANE_ANGLE_UNIT ( ) SI_UNIT ( $, .RADIAN. ) );
#8291 = STYLED_ITEM ( 'NONE', ( #9128 ), #3016 ) ;
#8292 = CARTESIAN_POINT ( 'NONE',  ( 3.198436309951668388, 0.8566069623812384570, -25.35164049862181912 ) ) ;
#8293 = ORIENTED_EDGE ( 'NONE', *, *, #977, .F. ) ;
#8294 = CARTESIAN_POINT ( 'NONE',  ( -6.044819815525519502, -1.742537046363567432, -9.426768670966460812E-14 ) ) ;
#8295 = SURFACE_STYLE_FILL_AREA ( #6817 ) ;
#8296 = ORIENTED_EDGE ( 'NONE', *, *, #9304, .T. ) ;
#8297 = CARTESIAN_POINT ( 'NONE',  ( -6.308225176893356156, 1.642812989684473424, -23.03642773738665994 ) ) ;
#8298 = CARTESIAN_POINT ( 'NONE',  ( -2.998813866467186617, -0.9955033872826877239, -28.10000000000000142 ) ) ;
#8299 = SURFACE_SIDE_STYLE ('',( #4816 ) ) ;
#8300 = STYLED_ITEM ( 'NONE', ( #6811 ), #8739 ) ;
#8301 = DIRECTION ( 'NONE',  ( 0.01765330299774102094, 0.0000000000000000000, 0.9998441683048763240 ) ) ;
#8302 = UNCERTAINTY_MEASURE_WITH_UNIT (LENGTH_MEASURE( 1.000000000000000082E-05 ), #1676, 'distance_accuracy_value', 'NONE');
#8303 = COLOUR_RGB ( '',0.2509803921568627416, 0.2509803921568627416, 0.2509803921568627416 ) ;
#8304 = EDGE_CURVE ( 'NONE', #2230, #2508, #3981, .T. ) ;
#8305 = CARTESIAN_POINT ( 'NONE',  ( -1.969729866933063400, -0.7299567491647971362, -28.21413136093459784 ) ) ;
#8306 = SURFACE_STYLE_FILL_AREA ( #8431 ) ;
#8307 = EDGE_LOOP ( 'NONE', ( #8480, #5810, #7723, #4651 ) ) ;
#8308 = SURFACE_SIDE_STYLE ('',( #5403 ) ) ;
#8309 = FILL_AREA_STYLE_COLOUR ( '', #409 ) ;
#8310 = CIRCLE ( 'NONE', #5110, 0.2500000000000000555 ) ;
#8311 =( GEOMETRIC_REPRESENTATION_CONTEXT ( 3 ) GLOBAL_UNCERTAINTY_ASSIGNED_CONTEXT ( ( #1687 ) ) GLOBAL_UNIT_ASSIGNED_CONTEXT ( ( #1372, #5830, #615 ) ) REPRESENTATION_CONTEXT ( 'NONE', 'WORKASPACE' ) );
#8312 =( NAMED_UNIT ( * ) PLANE_ANGLE_UNIT ( ) SI_UNIT ( $, .RADIAN. ) );
#8313 = SURFACE_SIDE_STYLE ('',( #8353 ) ) ;
#8314 = ORIENTED_EDGE ( 'NONE', *, *, #2011, .T. ) ;
#8315 = CARTESIAN_POINT ( 'NONE',  ( -1.480933811711807824, -3.163712551058155409, -23.49063498531733174 ) ) ;
#8316 = CARTESIAN_POINT ( 'NONE',  ( -3.145919035046458312, -0.7525057145380249501, -29.70367381613102609 ) ) ;
#8317 = FILL_AREA_STYLE_COLOUR ( '', #6095 ) ;
#8318 = CYLINDRICAL_SURFACE ( 'NONE', #7064, 2.100000000000000089 ) ;
#8319 = FACE_OUTER_BOUND ( 'NONE', #5525, .T. ) ;
#8320 = CARTESIAN_POINT ( 'NONE',  ( 0.1080359386392807375, -3.349989860241185280, -23.47044257209159568 ) ) ;
#8321 = CARTESIAN_POINT ( 'NONE',  ( 1.327225430925931704, 3.329678907891346906, -23.47958468072814497 ) ) ;
#8322 = ORIENTED_EDGE ( 'NONE', *, *, #3626, .F. ) ;
#8323 = CARTESIAN_POINT ( 'NONE',  ( -1.230185108624037627, -3.332542411984782849, -23.30938451862236249 ) ) ;
#8324 =( NAMED_UNIT ( * ) PLANE_ANGLE_UNIT ( ) SI_UNIT ( $, .RADIAN. ) );
#8325 = COLOUR_RGB ( '',0.2509803921568627416, 0.2509803921568627416, 0.2509803921568627416 ) ;
#8326 = ORIENTED_EDGE ( 'NONE', *, *, #7428, .F. ) ;
#8327 = CARTESIAN_POINT ( 'NONE',  ( 6.279615380621107690, -2.026955272805789132, -23.04064567611326808 ) ) ;
#8328 = CARTESIAN_POINT ( 'NONE',  ( -3.114765733250399737, -1.028379173908033684, -27.00000000000000355 ) ) ;
#8329 = CARTESIAN_POINT ( 'NONE',  ( 2.919170760955845711, 0.8866967789444305525, -26.75000000000000355 ) ) ;
#8330 =( LENGTH_UNIT ( ) NAMED_UNIT ( * ) SI_UNIT ( .MILLI., .METRE. ) );
#8331 = ORIENTED_EDGE ( 'NONE', *, *, #7535, .F. ) ;
#8332 = CARTESIAN_POINT ( 'NONE',  ( 6.560676738593467228, 1.541499994201604773, -23.08541390874776766 ) ) ;
#8333 = PRESENTATION_STYLE_ASSIGNMENT (( #6949 ) ) ;
#8334 =( NAMED_UNIT ( * ) SI_UNIT ( $, .STERADIAN. ) SOLID_ANGLE_UNIT ( ) );
#8335 =( GEOMETRIC_REPRESENTATION_CONTEXT ( 3 ) GLOBAL_UNCERTAINTY_ASSIGNED_CONTEXT ( ( #4675 ) ) GLOBAL_UNIT_ASSIGNED_CONTEXT ( ( #3014, #8798, #2501 ) ) REPRESENTATION_CONTEXT ( 'NONE', 'WORKASPACE' ) );
#8336 = VERTEX_POINT ( 'NONE', #2222 ) ;
#8337 = CARTESIAN_POINT ( 'NONE',  ( -5.695650115096043464, -2.588978246320443155, -2.243152693740185666E-15 ) ) ;
#8338 = PRESENTATION_STYLE_ASSIGNMENT (( #8926 ) ) ;
#8339 = ORIENTED_EDGE ( 'NONE', *, *, #7263, .T. ) ;
#8340 = DIRECTION ( 'NONE',  ( 1.000000000000000000, -1.672957273954558210E-16, 0.0000000000000000000 ) ) ;
#8341 = EDGE_CURVE ( 'NONE', #5085, #6738, #7039, .T. ) ;
#8342 = CARTESIAN_POINT ( 'NONE',  ( 5.621958362301802126, -2.308194395824193279, -3.252606517456513302E-15 ) ) ;
#8343 = VECTOR ( 'NONE', #318, 1000.000000000000000 ) ;
#8344 =( BOUNDED_SURFACE ( )  B_SPLINE_SURFACE ( 2, 3, ( 
 ( #7285, #5764, #5053, #7146 ),
 ( #681, #778, #3580, #2864 ),
 ( #8646, #2157, #7951, #7523 ) ),
 .UNSPECIFIED., .F., .F., .T. ) 
 B_SPLINE_SURFACE_WITH_KNOTS ( ( 3, 3 ),
 ( 4, 4 ),
 ( 0.0000000000000000000, 1.000000000000000000 ),
 ( 1.449303953827041358, 1.454700834133065168 ),
 .UNSPECIFIED. ) 
 GEOMETRIC_REPRESENTATION_ITEM ( )  RATIONAL_B_SPLINE_SURFACE ( (
 ( 1.000000000000000000, 1.000000000000000000, 1.000000000000000000, 1.000000000000000000),
 ( 1.496835222325189729, 1.495651451177924418, 1.494465885743991418, 1.493278530499288825),
 ( 1.000000000000000000, 1.000000000000000000, 1.000000000000000000, 1.000000000000000000) ) ) 
 REPRESENTATION_ITEM ( '' )  SURFACE ( )  );
#8345 = CYLINDRICAL_SURFACE ( 'NONE', #2806, 0.2500000000000002220 ) ;
#8346 = FACE_OUTER_BOUND ( 'NONE', #6584, .T. ) ;
#8347 = ORIENTED_EDGE ( 'NONE', *, *, #6022, .T. ) ;
#8348 = DIRECTION ( 'NONE',  ( 1.000000000000000000, 1.672957273954558210E-16, 0.0000000000000000000 ) ) ;
#8349 = LINE ( 'NONE', #3928, #3848 ) ;
#8350 = CARTESIAN_POINT ( 'NONE',  ( 2.955957632331234652, 3.620004052849635196E-16, -31.50000000000000000 ) ) ;
#8351 =( GEOMETRIC_REPRESENTATION_CONTEXT ( 3 ) GLOBAL_UNCERTAINTY_ASSIGNED_CONTEXT ( ( #4289 ) ) GLOBAL_UNIT_ASSIGNED_CONTEXT ( ( #7035, #5656, #7830 ) ) REPRESENTATION_CONTEXT ( 'NONE', 'WORKASPACE' ) );
#8352 = CARTESIAN_POINT ( 'NONE',  ( 1.861692529204637125, 3.060240855352717393, -23.45982436663733495 ) ) ;
#8353 = SURFACE_STYLE_FILL_AREA ( #5406 ) ;
#8354 = EDGE_CURVE ( 'NONE', #4930, #1229, #8706, .T. ) ;
#8355 = LINE ( 'NONE', #1842, #4150 ) ;
#8356 = EDGE_CURVE ( 'NONE', #169, #7359, #3325, .T. ) ;
#8357 = CARTESIAN_POINT ( 'NONE',  ( -6.180271013676003733, 1.384904610932398583, -20.04216810940805615 ) ) ;
#8358 = STYLED_ITEM ( 'NONE', ( #222 ), #5839 ) ;
#8359 = CARTESIAN_POINT ( 'NONE',  ( -3.191001399582066078, -0.5489243189765071751, -29.52003562278072479 ) ) ;
#8360 = CARTESIAN_POINT ( 'NONE',  ( 3.098973170844942615, -1.028752842305847182, -27.85436310160286055 ) ) ;
#8361 = CARTESIAN_POINT ( 'NONE',  ( -6.003799111408054223, 2.017129534277508185, 9.619346523582520531E-15 ) ) ;
#8362 = CARTESIAN_POINT ( 'NONE',  ( 2.859922826181135580, 1.730986684063722914, -23.63675424651422219 ) ) ;
#8363 = FACE_OUTER_BOUND ( 'NONE', #8697, .T. ) ;
#8364 = CARTESIAN_POINT ( 'NONE',  ( -1.039846940271404341, 3.173078536207988520, -23.72220240452560702 ) ) ;
#8365 = CARTESIAN_POINT ( 'NONE',  ( -0.3230776228793010296, -3.323768518579370834, -23.60538991385336871 ) ) ;
#8366 = ORIENTED_EDGE ( 'NONE', *, *, #8888, .T. ) ;
#8367 =( NAMED_UNIT ( * ) PLANE_ANGLE_UNIT ( ) SI_UNIT ( $, .RADIAN. ) );
#8368 = CIRCLE ( 'NONE', #6398, 0.2499999999999958367 ) ;
#8369 = CARTESIAN_POINT ( 'NONE',  ( 6.504338019044114461, -2.158212075825896026, -23.00766379847802412 ) ) ;
#8370 = COLOUR_RGB ( '',0.2509803921568627416, 0.2509803921568627416, 0.2509803921568627416 ) ;
#8371 = CARTESIAN_POINT ( 'NONE',  ( -1.279002806385804103, 3.206160996100532845, -23.51942546254695543 ) ) ;
#8372 = CARTESIAN_POINT ( 'NONE',  ( -3.083424102966067171, 1.292248572607653800, -23.61898137320308777 ) ) ;
#8373 = PRESENTATION_STYLE_ASSIGNMENT (( #5473 ) ) ;
#8374 = VERTEX_POINT ( 'NONE', #5255 ) ;
#8375 = CARTESIAN_POINT ( 'NONE',  ( -1.480933811708078141, 3.163712551126437234, -23.49063498527817373 ) ) ;
#8376 = STYLED_ITEM ( 'NONE', ( #3021 ), #6234 ) ;
#8377 = ADVANCED_FACE ( 'NONE', ( #7257 ), #3269, .T. ) ;
#8378 = CARTESIAN_POINT ( 'NONE',  ( 6.050000000488384266, 2.744927974153732020, -18.96462763598388435 ) ) ;
#8379 = PRESENTATION_LAYER_ASSIGNMENT (  '', '', ( #3060 ) ) ;
#8380 = CARTESIAN_POINT ( 'NONE',  ( 1.059057078685152531, -3.257289326622483827, -23.54790701856826018 ) ) ;
#8381 = CARTESIAN_POINT ( 'NONE',  ( 6.519762775000654820, 1.546441044292286904, -22.75810220009762475 ) ) ;
#8382 = ORIENTED_EDGE ( 'NONE', *, *, #8759, .T. ) ;
#8383 = LINE ( 'NONE', #6203, #3479 ) ;
#8384 = DIRECTION ( 'NONE',  ( -0.0000000000000000000, -1.000000000000000000, -0.0000000000000000000 ) ) ;
#8385 = ORIENTED_EDGE ( 'NONE', *, *, #2240, .F. ) ;
#8386 = CARTESIAN_POINT ( 'NONE',  ( -6.281066790591332882, 2.016780012187032067, -23.04043216195646693 ) ) ;
#8387 = CARTESIAN_POINT ( 'NONE',  ( 5.741716588130506338, 2.047907032641805181, -3.089976191583687637E-15 ) ) ;
#8388 = CARTESIAN_POINT ( 'NONE',  ( 5.410504083891337856, -2.750059023221460563, -0.2500000000000109357 ) ) ;
#8389 = B_SPLINE_CURVE_WITH_KNOTS ( 'NONE', 3,
 ( #5582, #2758, #1952, #7736 ),
 .UNSPECIFIED., .F., .F.,
 ( 4, 4 ),
 ( 0.0000000000000000000, 1.000000000000000000 ),
 .UNSPECIFIED. ) ;
#8390 = CARTESIAN_POINT ( 'NONE',  ( -6.486487819861374682, -2.246854793844363041, -23.01038002003487293 ) ) ;
#8391 = CARTESIAN_POINT ( 'NONE',  ( -1.853946724414778258, -4.516864885436075561, -26.75000000000000711 ) ) ;
#8392 = ORIENTED_EDGE ( 'NONE', *, *, #7455, .T. ) ;
#8393 = SURFACE_SIDE_STYLE ('',( #6972 ) ) ;
#8394 = CARTESIAN_POINT ( 'NONE',  ( 1.701697374934250551, -3.450082359384039066, -21.26461840833499295 ) ) ;
#8395 = B_SPLINE_CURVE_WITH_KNOTS ( 'NONE', 3,
 ( #1883, #3322, #3972, #1794 ),
 .UNSPECIFIED., .F., .F.,
 ( 4, 4 ),
 ( 0.0000000000000000000, 1.000000000000000000 ),
 .UNSPECIFIED. ) ;
#8396 = CARTESIAN_POINT ( 'NONE',  ( 6.049999999999997158, 3.149999999999999911, -19.00000000000000000 ) ) ;
#8397 = CARTESIAN_POINT ( 'NONE',  ( 6.251211123487714794, 2.187946087564873743, -23.04482194911371806 ) ) ;
#8398 =( BOUNDED_SURFACE ( )  B_SPLINE_SURFACE ( 3, 2, ( 
 ( #9256, #7186, #5002 ),
 ( #5716, #7947, #6220 ),
 ( #6432, #4229, #1433 ),
 ( #5048, #5802, #9300 ) ),
 .UNSPECIFIED., .F., .F., .T. ) 
 B_SPLINE_SURFACE_WITH_KNOTS ( ( 4, 4 ),
 ( 3, 3 ),
 ( -4.705437428587089244E-16, 0.0006360195993293511589 ),
 ( 0.0000000000000000000, 1.000000000000000000 ),
 .UNSPECIFIED. ) 
 GEOMETRIC_REPRESENTATION_ITEM ( )  RATIONAL_B_SPLINE_SURFACE ( (
 ( 1.000000000000000000, 0.8660886143505126533, 1.000000000000000000),
 ( 1.000000000000000000, 0.8239129627350203489, 1.000000000000000000),
 ( 1.000000000000000000, 0.7719438097299845536, 1.000000000000000000),
 ( 1.000000000000000000, 0.7077614747841461940, 1.000000000000000000) ) ) 
 REPRESENTATION_ITEM ( '' )  SURFACE ( )  );
#8399 = DIRECTION ( 'NONE',  ( -1.000000000000000000, 0.0000000000000000000, 0.0000000000000000000 ) ) ;
#8400 = SURFACE_STYLE_FILL_AREA ( #4782 ) ;
#8401 = SURFACE_STYLE_USAGE ( .BOTH. , #5507 ) ;
#8402 = CARTESIAN_POINT ( 'NONE',  ( 3.263180190663036218, 0.4868918374943494443, -25.90436308835014145 ) ) ;
#8403 =( NAMED_UNIT ( * ) SI_UNIT ( $, .STERADIAN. ) SOLID_ANGLE_UNIT ( ) );
#8404 = ADVANCED_FACE ( 'NONE', ( #1612 ), #415, .T. ) ;
#8405 = ADVANCED_FACE ( 'NONE', ( #7600 ), #8345, .T. ) ;
#8406 = CARTESIAN_POINT ( 'NONE',  ( -6.044835324420084532, 1.743058651387337621, -2.362971184573134349E-14 ) ) ;
#8407 = CARTESIAN_POINT ( 'NONE',  ( -0.7293716216293811838, 3.259170944601410103, -23.68288969360219554 ) ) ;
#8408 = STYLED_ITEM ( 'NONE', ( #8916 ), #1325 ) ;
#8409 = ORIENTED_EDGE ( 'NONE', *, *, #818, .T. ) ;
#8410 = COLOUR_RGB ( '',0.2509803921568627416, 0.2509803921568627416, 0.2509803921568627416 ) ;
#8411 = CARTESIAN_POINT ( 'NONE',  ( 6.514759570673819056, -1.886790251279809594, -22.75909668935348407 ) ) ;
#8412 = EDGE_CURVE ( 'NONE', #3391, #5790, #7508, .T. ) ;
#8413 = CARTESIAN_POINT ( 'NONE',  ( -3.327203557321920968, 0.3312762598840601758, -23.59805812538206382 ) ) ;
#8414 = FILL_AREA_STYLE_COLOUR ( '', #2291 ) ;
#8415 = ORIENTED_EDGE ( 'NONE', *, *, #2324, .T. ) ;
#8416 = SURFACE_STYLE_USAGE ( .BOTH. , #3426 ) ;
#8417 = CARTESIAN_POINT ( 'NONE',  ( -3.209243538758100200, -0.4875474378129602271, -28.95436268569593707 ) ) ;
#8418 = VECTOR ( 'NONE', #51, 1000.000000000000000 ) ;
#8419 =( NAMED_UNIT ( * ) PLANE_ANGLE_UNIT ( ) SI_UNIT ( $, .RADIAN. ) );
#8420 = CARTESIAN_POINT ( 'NONE',  ( -6.050000000000003375, 1.400739683024801341, 0.9437742251701477514 ) ) ;
#8421 = FILL_AREA_STYLE_COLOUR ( '', #916 ) ;
#8422 = VERTEX_POINT ( 'NONE', #3180 ) ;
#8423 = CARTESIAN_POINT ( 'NONE',  ( -1.979898987322334047, -0.6999999999999999556, -29.31915799020920588 ) ) ;
#8424 = CARTESIAN_POINT ( 'NONE',  ( 0.0000000000000000000, 0.0000000000000000000, -31.25436310159557252 ) ) ;
#8425 = COLOUR_RGB ( '',0.7529411764705882248, 0.7529411764705882248, 0.7529411764705882248 ) ;
#8426 = ORIENTED_EDGE ( 'NONE', *, *, #4389, .F. ) ;
#8427 = PRESENTATION_STYLE_ASSIGNMENT (( #676 ) ) ;
#8428 = CARTESIAN_POINT ( 'NONE',  ( 5.053003631334873624, -2.849286152924975113, 5.915309322913673921E-15 ) ) ;
#8429 = CARTESIAN_POINT ( 'NONE',  ( -5.898249874612803367, -2.887357933242290731, -22.84764353801622150 ) ) ;
#8430 = FACE_OUTER_BOUND ( 'NONE', #7844, .T. ) ;
#8431 = FILL_AREA_STYLE ('',( #3399 ) ) ;
#8432 = CARTESIAN_POINT ( 'NONE',  ( -5.210629433851416970, -3.035722513842913806, -22.93606748826628206 ) ) ;
#8433 = CARTESIAN_POINT ( 'NONE',  ( 3.005366193732539326, 0.6999999999999996225, -26.50000000000000355 ) ) ;
#8434 = CARTESIAN_POINT ( 'NONE',  ( 6.082415942774156647, 2.796455876221807024, -22.82238704051073341 ) ) ;
#8435 = COLOUR_RGB ( '',0.2509803921568627416, 0.2509803921568627416, 0.2509803921568627416 ) ;
#8436 = DIRECTION ( 'NONE',  ( 0.9855901907039281706, -0.1193250723040214095, 0.1198895454484446704 ) ) ;
#8437 =( NAMED_UNIT ( * ) PLANE_ANGLE_UNIT ( ) SI_UNIT ( $, .RADIAN. ) );
#8438 = CARTESIAN_POINT ( 'NONE',  ( 4.860818397582955086, -2.875357931054808969, -20.22822021129189096 ) ) ;
#8439 = AXIS2_PLACEMENT_3D ( 'NONE', #6746, #2575, #5471 ) ;
#8440 = PRESENTATION_LAYER_ASSIGNMENT (  '', '', ( #3439 ) ) ;
#8441 = B_SPLINE_CURVE_WITH_KNOTS ( 'NONE', 3,
 ( #7985, #8037, #7316, #1058, #954, #6850, #3950, #4512 ),
 .UNSPECIFIED., .F., .F.,
 ( 4, 2, 2, 4 ),
 ( 0.0000000000000000000, 0.2500000000000000000, 0.5000000000000000000, 1.000000000000000000 ),
 .UNSPECIFIED. ) ;
#8442 = CARTESIAN_POINT ( 'NONE',  ( -5.597831583125210564, 2.661093406360993452, 6.178014141838789435E-15 ) ) ;
#8443 =( BOUNDED_SURFACE ( )  B_SPLINE_SURFACE ( 3, 2, ( 
 ( #3766, #6664, #6864 ),
 ( #973, #5487, #6964 ),
 ( #282, #457, #4626 ),
 ( #4058, #4574, #6118 ) ),
 .UNSPECIFIED., .F., .F., .T. ) 
 B_SPLINE_SURFACE_WITH_KNOTS ( ( 4, 4 ),
 ( 3, 3 ),
 ( 0.0000000000000000000, 0.0009001401524790714811 ),
 ( 0.0000000000000000000, 1.000000000000000000 ),
 .UNSPECIFIED. ) 
 GEOMETRIC_REPRESENTATION_ITEM ( )  RATIONAL_B_SPLINE_SURFACE ( (
 ( 1.000000000000000000, 0.7573959945955296424, 1.000000000000000000),
 ( 1.000000000000000000, 0.7574793441838045815, 1.000000000000000000),
 ( 1.000000000000000000, 0.7575631086624293742, 1.000000000000000000),
 ( 1.000000000000000000, 0.7576472942965201129, 1.000000000000000000) ) ) 
 REPRESENTATION_ITEM ( '' )  SURFACE ( )  );
#8444 = CARTESIAN_POINT ( 'NONE',  ( -5.021739599314240188, -3.058171007850925438, -21.47721927780070672 ) ) ;
#8445 = EDGE_LOOP ( 'NONE', ( #7873, #5626, #1581, #968 ) ) ;
#8446 = CARTESIAN_POINT ( 'NONE',  ( 3.109656376039358072, 0.8929274331765747474, -29.75436305425020578 ) ) ;
#8447 = EDGE_CURVE ( 'NONE', #6046, #2319, #4543, .T. ) ;
#8448 =( LENGTH_UNIT ( ) NAMED_UNIT ( * ) SI_UNIT ( .MILLI., .METRE. ) );
#8449 = CARTESIAN_POINT ( 'NONE',  ( 2.877370061222676245, 0.9499999999999997335, -27.00000000000000711 ) ) ;
#8450 = CARTESIAN_POINT ( 'NONE',  ( -3.276049450176239830, 0.9499999999999995115, -26.50000000000000355 ) ) ;
#8451 = DIRECTION ( 'NONE',  ( 1.000000000000000000, 0.0000000000000000000, 0.0000000000000000000 ) ) ;
#8452 = VERTEX_POINT ( 'NONE', #346 ) ;
#8453 = CARTESIAN_POINT ( 'NONE',  ( -1.872832080032804658, -0.9499999999999998446, -25.35000000000000497 ) ) ;
#8454 = CARTESIAN_POINT ( 'NONE',  ( -6.199737517223988803, 2.726443101262198798, -23.05261770920875364 ) ) ;
#8455 = EDGE_CURVE ( 'NONE', #1556, #2977, #2953, .T. ) ;
#8456 = CARTESIAN_POINT ( 'NONE',  ( 4.723190629521296202, 2.890740483774976166, -19.16547007790473955 ) ) ;
#8457 = ADVANCED_FACE ( 'NONE', ( #3938 ), #8318, .T. ) ;
#8458 = CARTESIAN_POINT ( 'NONE',  ( 1.051549096115548920, -3.171507337325771392, -23.60044010194546260 ) ) ;
#8459 = CARTESIAN_POINT ( 'NONE',  ( -2.985144910683422026, 3.012232784081912751, -23.41130922638331313 ) ) ;
#8460 = SURFACE_STYLE_USAGE ( .BOTH. , #6245 ) ;
#8461 = DIRECTION ( 'NONE',  ( -0.0000000000000000000, -0.0000000000000000000, -1.000000000000000000 ) ) ;
#8462 = CARTESIAN_POINT ( 'NONE',  ( 3.145836691679805508, 1.026189116768643661, -25.35000000000000142 ) ) ;
#8463 = ORIENTED_EDGE ( 'NONE', *, *, #6440, .T. ) ;
#8464 = DIRECTION ( 'NONE',  ( 0.0000000000000000000, 1.000000000000000000, 0.0000000000000000000 ) ) ;
#8465 = CARTESIAN_POINT ( 'NONE',  ( 4.713855710941725619, 2.891763259629740013, -18.87548450340290174 ) ) ;
#8466 = ORIENTED_EDGE ( 'NONE', *, *, #67, .F. ) ;
#8467 = AXIS2_PLACEMENT_3D ( 'NONE', #6045, #55, #6749 ) ;
#8468 =( NAMED_UNIT ( * ) SI_UNIT ( $, .STERADIAN. ) SOLID_ANGLE_UNIT ( ) );
#8469 = CARTESIAN_POINT ( 'NONE',  ( 5.742136456959377355, 2.548774480189986313, -3.252606517456518035E-15 ) ) ;
#8470 = FILL_AREA_STYLE_COLOUR ( '', #492 ) ;
#8471 =( BOUNDED_SURFACE ( )  B_SPLINE_SURFACE ( 3, 3, ( 
 ( #2407, #3320, #9084, #2597 ),
 ( #1168, #5496, #1837, #4068 ),
 ( #7673, #292, #8394, #4019 ),
 ( #3873, #5348, #3220, #1881 ) ),
 .UNSPECIFIED., .F., .F., .T. ) 
 B_SPLINE_SURFACE_WITH_KNOTS ( ( 4, 4 ),
 ( 4, 4 ),
 ( 0.0000000000000000000, 1.000000000000000000 ),
 ( 0.0000000000000000000, 1.000000000000000000 ),
 .UNSPECIFIED. ) 
 GEOMETRIC_REPRESENTATION_ITEM ( )  RATIONAL_B_SPLINE_SURFACE ( (
 ( 1.000000000000000000, 0.9954041205469241760, 0.9954041205469241760, 1.000000000000000000),
 ( 0.9916139219377165803, 0.9870565838884990395, 0.9870565838884990395, 0.9916139219377165803),
 ( 0.9916139219377165803, 0.9870565838884990395, 0.9870565838884990395, 0.9916139219377165803),
 ( 1.000000000000000000, 0.9954041205469241760, 0.9954041205469241760, 1.000000000000000000) ) ) 
 REPRESENTATION_ITEM ( '' )  SURFACE ( )  );
#8472 = CARTESIAN_POINT ( 'NONE',  ( 5.856278389456445410, -2.409729609128166583, -1.050452774401261508E-15 ) ) ;
#8473 = UNCERTAINTY_MEASURE_WITH_UNIT (LENGTH_MEASURE( 1.000000000000000082E-05 ), #1983, 'distance_accuracy_value', 'NONE');
#8474 = PRESENTATION_LAYER_ASSIGNMENT (  '', '', ( #6645 ) ) ;
#8475 = CARTESIAN_POINT ( 'NONE',  ( -5.210771453019404476, -2.787534617650585744, -23.18423793736400995 ) ) ;
#8476 = CARTESIAN_POINT ( 'NONE',  ( -3.159863157963033853, -0.8916661702791267574, -27.00436305298581630 ) ) ;
#8477 = SURFACE_STYLE_FILL_AREA ( #5766 ) ;
#8478 = FACE_OUTER_BOUND ( 'NONE', #3811, .T. ) ;
#8479 = CARTESIAN_POINT ( 'NONE',  ( -2.955957632331232876, -5.911915264662468417, -31.49999999999999645 ) ) ;
#8480 = ORIENTED_EDGE ( 'NONE', *, *, #4059, .F. ) ;
#8481 = CARTESIAN_POINT ( 'NONE',  ( -0.7326426527110370124, 3.256951136067996355, -23.68255611932281823 ) ) ;
#8482 = CYLINDRICAL_SURFACE ( 'NONE', #6906, 2.000000000000001776 ) ;
#8483 = CARTESIAN_POINT ( 'NONE',  ( -4.993047265035968074, -2.960834823798374593, -20.85271663322431834 ) ) ;
#8484 = EDGE_CURVE ( 'NONE', #1860, #751, #5103, .T. ) ;
#8485 = CARTESIAN_POINT ( 'NONE',  ( 4.821170601922184495, 2.879852575700569961, -19.92206324540908824 ) ) ;
#8486 = CARTESIAN_POINT ( 'NONE',  ( -2.944529224315334037, -0.7282647970031600471, -29.38283625590219117 ) ) ;
#8487 = FILL_AREA_STYLE ('',( #728 ) ) ;
#8488 = COLOUR_RGB ( '',0.2509803921568627416, 0.2509803921568627416, 0.2509803921568627416 ) ;
#8489 = CARTESIAN_POINT ( 'NONE',  ( -4.686546425784770875, 2.643259330195583789, -2.168404344971008868E-16 ) ) ;
#8490 = CARTESIAN_POINT ( 'NONE',  ( 2.877370061222676245, 0.9499999999999997335, -27.00000000000000711 ) ) ;
#8491 = CARTESIAN_POINT ( 'NONE',  ( -0.07479601920828878037, -3.339437491896947829, -23.56768602458940620 ) ) ;
#8492 = CARTESIAN_POINT ( 'NONE',  ( 5.041009650318228452, 2.854547004610544114, -20.44082161392842067 ) ) ;
#8493 = CARTESIAN_POINT ( 'NONE',  ( -0.4244730656613689979, 3.314695011554856574, -23.57524218757234991 ) ) ;
#8494 = EDGE_LOOP ( 'NONE', ( #3136, #1628, #3998, #499, #6863 ) ) ;
#8495 = MECHANICAL_DESIGN_GEOMETRIC_PRESENTATION_REPRESENTATION (  '', ( #2728 ), #7282 ) ;
#8496 = CARTESIAN_POINT ( 'NONE',  ( 6.455908481176797054, -2.252490681547820284, -22.76831039987459349 ) ) ;
#8497 = CARTESIAN_POINT ( 'NONE',  ( 3.203937384120291387, -0.4876087726119903154, -29.25436289842508231 ) ) ;
#8498 = B_SPLINE_CURVE_WITH_KNOTS ( 'NONE', 3,
 ( #7680, #2863, #2646, #1268, #6309, #9138 ),
 .UNSPECIFIED., .F., .F.,
 ( 4, 2, 4 ),
 ( 0.0000000000000000000, 0.0002044750616301801494, 0.0004089501232603601362 ),
 .UNSPECIFIED. ) ;
#8499 = CARTESIAN_POINT ( 'NONE',  ( 6.316880344890968502, -1.545372342530286991, -21.13504275912776720 ) ) ;
#8500 = STYLED_ITEM ( 'NONE', ( #2488 ), #5808 ) ;
#8501 = VERTEX_POINT ( 'NONE', #1045 ) ;
#8502 = CARTESIAN_POINT ( 'NONE',  ( 3.063751019710968748, -1.029640788730453060, -29.75000000000000355 ) ) ;
#8503 = FILL_AREA_STYLE ('',( #9338 ) ) ;
#8504 = CARTESIAN_POINT ( 'NONE',  ( 0.0000000000000000000, 0.9499999999999997335, -26.75000000000000355 ) ) ;
#8505 = CARTESIAN_POINT ( 'NONE',  ( 3.230716188856677107, -0.7335081770604825468, -25.45193555716181422 ) ) ;
#8506 = CARTESIAN_POINT ( 'NONE',  ( 0.7293716216454945167, -3.259170944597790331, -23.68288969360478546 ) ) ;
#8507 = DIRECTION ( 'NONE',  ( -1.000000000000000000, -1.672957273954558210E-16, -0.0000000000000000000 ) ) ;
#8508 = CARTESIAN_POINT ( 'NONE',  ( 0.0000000000000000000, 0.0000000000000000000, -28.10000000000000497 ) ) ;
#8509 = DIRECTION ( 'NONE',  ( -0.0000000000000000000, 0.0000000000000000000, 1.000000000000000000 ) ) ;
#8510 = CARTESIAN_POINT ( 'NONE',  ( 3.269620074757200179, 0.4875395571204690359, -25.53398120212575506 ) ) ;
#8511 = ORIENTED_EDGE ( 'NONE', *, *, #5469, .F. ) ;
#8512 = EDGE_CURVE ( 'NONE', #7013, #5845, #1248, .T. ) ;
#8513 = DIRECTION ( 'NONE',  ( -1.000000000000000000, -1.672957273954558210E-16, 0.0000000000000000000 ) ) ;
#8514 = ADVANCED_FACE ( 'NONE', ( #2362 ), #3786, .T. ) ;
#8515 =( GEOMETRIC_REPRESENTATION_CONTEXT ( 3 ) GLOBAL_UNCERTAINTY_ASSIGNED_CONTEXT ( ( #3534 ) ) GLOBAL_UNIT_ASSIGNED_CONTEXT ( ( #7651, #3338, #4796 ) ) REPRESENTATION_CONTEXT ( 'NONE', 'WORKASPACE' ) );
#8516 =( LENGTH_UNIT ( ) NAMED_UNIT ( * ) SI_UNIT ( .MILLI., .METRE. ) );
#8517 = ORIENTED_EDGE ( 'NONE', *, *, #3626, .T. ) ;
#8518 = CARTESIAN_POINT ( 'NONE',  ( -1.979898987322333603, 0.6999999999999997335, -25.60000000000000497 ) ) ;
#8519 = UNCERTAINTY_MEASURE_WITH_UNIT (LENGTH_MEASURE( 1.000000000000000082E-05 ), #8742, 'distance_accuracy_value', 'NONE');
#8520 = PRESENTATION_LAYER_ASSIGNMENT (  '', '', ( #2907 ) ) ;
#8521 = CARTESIAN_POINT ( 'NONE',  ( 3.204420872511634766, 0.7099186702570953189, -26.91409140999612859 ) ) ;
#8522 = CARTESIAN_POINT ( 'NONE',  ( -1.871420061658900291, 4.577485074376069107, -29.75145445951120493 ) ) ;
#8523 = ORIENTED_EDGE ( 'NONE', *, *, #8455, .F. ) ;
#8524 = CARTESIAN_POINT ( 'NONE',  ( 5.040912269091970543, -2.854558458850375402, -20.44082161392842067 ) ) ;
#8525 =( NAMED_UNIT ( * ) PLANE_ANGLE_UNIT ( ) SI_UNIT ( $, .RADIAN. ) );
#8526 = VERTEX_POINT ( 'NONE', #7636 ) ;
#8527 = CARTESIAN_POINT ( 'NONE',  ( -0.6403197483508191734, 3.276389523089104472, -23.66662632977772773 ) ) ;
#8528 = CIRCLE ( 'NONE', #1398, 2.100000000000000089 ) ;
#8529 = SURFACE_SIDE_STYLE ('',( #4872 ) ) ;
#8530 = FILL_AREA_STYLE ('',( #3625 ) ) ;
#8531 = CARTESIAN_POINT ( 'NONE',  ( -3.375652708287834258, -1.204074164296056182, -23.36783509837329476 ) ) ;
#8532 = CARTESIAN_POINT ( 'NONE',  ( 2.925000000000000266, 6.740375306945725563E-16, 6.599999999999999645 ) ) ;
#8533 = FILL_AREA_STYLE ('',( #9274 ) ) ;
#8534 = CARTESIAN_POINT ( 'NONE',  ( 1.979898987322333603, -0.9499999999999997335, -28.35000000000000497 ) ) ;
#8535 = PRESENTATION_LAYER_ASSIGNMENT (  '', '', ( #3533 ) ) ;
#8536 = CARTESIAN_POINT ( 'NONE',  ( -5.053041793841478224, 2.849277108196059949, -3.110717856825758395E-14 ) ) ;
#8537 = EDGE_CURVE ( 'NONE', #3425, #6738, #4327, .T. ) ;
#8538 = CARTESIAN_POINT ( 'NONE',  ( -3.149912906151563607, -1.027518800200589499, -25.10436310160932649 ) ) ;
#8539 = CARTESIAN_POINT ( 'NONE',  ( 0.9491913005002768911, -3.199749106799004483, -23.71268772194138563 ) ) ;
#8540 = CARTESIAN_POINT ( 'NONE',  ( 0.1223224581443167203, 3.340078478886724600, -23.54242411320590733 ) ) ;
#8541 = ORIENTED_EDGE ( 'NONE', *, *, #9162, .F. ) ;
#8542 = PRESENTATION_LAYER_ASSIGNMENT (  '', '', ( #4277 ) ) ;
#8543 = CARTESIAN_POINT ( 'NONE',  ( 5.543284521785466268, -2.990301270886559504, -22.89479233341383946 ) ) ;
#8544 = CARTESIAN_POINT ( 'NONE',  ( 6.050000000000010481, -2.744927974232792778, -0.2500000000000022204 ) ) ;
#8545 = DIRECTION ( 'NONE',  ( 0.0000000000000000000, 0.0000000000000000000, 1.000000000000000000 ) ) ;
#8546 = UNCERTAINTY_MEASURE_WITH_UNIT (LENGTH_MEASURE( 1.000000000000000082E-05 ), #4129, 'distance_accuracy_value', 'NONE');
#8547 = STYLED_ITEM ( 'NONE', ( #2598 ), #966 ) ;
#8548 = CARTESIAN_POINT ( 'NONE',  ( 3.214549971456136301, 0.4874819353108069131, -28.65436308354784956 ) ) ;
#8549 = B_SPLINE_CURVE_WITH_KNOTS ( 'NONE', 3,
 ( #1034, #5451, #1123, #424, #6070, #2452 ),
 .UNSPECIFIED., .F., .F.,
 ( 4, 2, 4 ),
 ( 0.0000000000000000000, 0.5000000000000000000, 1.000000000000000000 ),
 .UNSPECIFIED. ) ;
#8550 = CARTESIAN_POINT ( 'NONE',  ( -3.178445224513383405, -0.6060566267488063374, -29.57331265252123131 ) ) ;
#8551 = CARTESIAN_POINT ( 'NONE',  ( -6.365428679529538059, 2.551545159248705730, -23.02851022118561630 ) ) ;
#8552 = CARTESIAN_POINT ( 'NONE',  ( -5.014841564334760804, 3.058975456037606566, -21.26437149633541779 ) ) ;
#8553 = CIRCLE ( 'NONE', #8689, 2.100000000000000089 ) ;
#8554 = VECTOR ( 'NONE', #2962, 1000.000000000000000 ) ;
#8555 = CARTESIAN_POINT ( 'NONE',  ( 5.210623188414837514, -3.035723269964146542, -22.93606826584266756 ) ) ;
#8556 = CARTESIAN_POINT ( 'NONE',  ( 1.979898987322648019, -0.6999999999999488853, -26.56927578059788431 ) ) ;
#8557 = CARTESIAN_POINT ( 'NONE',  ( -0.1008745323849227910, -3.350009965240149157, -23.49568174917843422 ) ) ;
#8558 =( LENGTH_UNIT ( ) NAMED_UNIT ( * ) SI_UNIT ( .MILLI., .METRE. ) );
#8559 = CARTESIAN_POINT ( 'NONE',  ( 6.180271013676012615, 1.384904610932399027, -20.04216810940812721 ) ) ;
#8560 = VERTEX_POINT ( 'NONE', #1133 ) ;
#8561 = CARTESIAN_POINT ( 'NONE',  ( -5.210629433851416970, -3.035722513842913806, -22.93606748826628206 ) ) ;
#8562 = ORIENTED_EDGE ( 'NONE', *, *, #3812, .F. ) ;
#8563 = CARTESIAN_POINT ( 'NONE',  ( -4.860813780662753381, -2.875358454448234014, -20.22822021129190517 ) ) ;
#8564 = CARTESIAN_POINT ( 'NONE',  ( 5.538046987469473770, 2.394193491345736557, -3.089976191583687637E-15 ) ) ;
#8565 = DIRECTION ( 'NONE',  ( -0.3101224339511580719, -0.9506966266692071788, 2.458719019753994539E-16 ) ) ;
#8566 = CARTESIAN_POINT ( 'NONE',  ( 4.713855710941730059, -2.891763259629740901, -0.2500000000000020539 ) ) ;
#8567 = UNCERTAINTY_MEASURE_WITH_UNIT (LENGTH_MEASURE( 1.000000000000000082E-05 ), #7436, 'distance_accuracy_value', 'NONE');
#8568 = EDGE_CURVE ( 'NONE', #5891, #1860, #4736, .T. ) ;
#8569 = PRESENTATION_LAYER_ASSIGNMENT (  '', '', ( #2198 ) ) ;
#8570 = CARTESIAN_POINT ( 'NONE',  ( -6.431695940655411725, 1.546418485343350468, -22.99174838283187228 ) ) ;
#8571 =( NAMED_UNIT ( * ) PLANE_ANGLE_UNIT ( ) SI_UNIT ( $, .RADIAN. ) );
#8572 = CARTESIAN_POINT ( 'NONE',  ( -1.872388150728041989, -3.309548376258907965, -23.45936070531320539 ) ) ;
#8573 = CARTESIAN_POINT ( 'NONE',  ( -1.241898298742483142, 3.097668276146434252, -23.72510330440770687 ) ) ;
#8574 = CARTESIAN_POINT ( 'NONE',  ( 6.049999999999999822, 3.149999999999999911, 0.0000000000000000000 ) ) ;
#8575 = CARTESIAN_POINT ( 'NONE',  ( -3.144056327784146898, 0.9526091985385185534, -26.76966048063867731 ) ) ;
#8576 = CARTESIAN_POINT ( 'NONE',  ( 6.067730761950929974, 2.742094147192014386, -19.14184609560746964 ) ) ;
#8577 = CARTESIAN_POINT ( 'NONE',  ( -2.158506621270379178, 2.547570059758823113, -23.68342278352281483 ) ) ;
#8578 = EDGE_CURVE ( 'NONE', #7423, #3391, #1436, .T. ) ;
#8579 = EDGE_CURVE ( 'NONE', #4930, #3123, #6808, .T. ) ;
#8580 = CARTESIAN_POINT ( 'NONE',  ( 3.114729576739698746, -1.028367236380207217, -27.00436310160932507 ) ) ;
#8581 = CARTESIAN_POINT ( 'NONE',  ( -3.114729576739752481, -1.028367236380225203, -27.00436310159584963 ) ) ;
#8582 = CARTESIAN_POINT ( 'NONE',  ( -2.747821708523741524, -2.295821206881266008, -23.41259280589045488 ) ) ;
#8583 =( BOUNDED_SURFACE ( )  B_SPLINE_SURFACE ( 2, 3, ( 
 ( #2724, #1432, #630, #8465 ),
 ( #7137, #7183, #2004, #7892 ),
 ( #4320, #5587, #1296, #7946 ) ),
 .UNSPECIFIED., .F., .F., .F. ) 
 B_SPLINE_SURFACE_WITH_KNOTS ( ( 3, 3 ),
 ( 4, 4 ),
 ( 0.0000000000000000000, 1.000000000000000000 ),
 ( 0.03359673641089312712, 0.05341599513946615474 ),
 .UNSPECIFIED. ) 
 GEOMETRIC_REPRESENTATION_ITEM ( )  RATIONAL_B_SPLINE_SURFACE ( (
 ( 1.000000000000000000, 1.000000000000000000, 1.000000000000000000, 1.000000000000000000),
 ( 1.489454356889000630, 1.489454356889000630, 1.489454356889000630, 1.489454356889000630),
 ( 1.000000000000000000, 1.000000000000000000, 1.000000000000000000, 1.000000000000000000) ) ) 
 REPRESENTATION_ITEM ( '' )  SURFACE ( )  );
#8584 = MECHANICAL_DESIGN_GEOMETRIC_PRESENTATION_REPRESENTATION (  '', ( #2356 ), #2523 ) ;
#8585 = CARTESIAN_POINT ( 'NONE',  ( -3.021249962336046035, -0.6999999999999995115, -25.60000000000000497 ) ) ;
#8586 = CARTESIAN_POINT ( 'NONE',  ( -5.044839073842238619, 2.887943547056462723, -20.65074867862698227 ) ) ;
#8587 = CARTESIAN_POINT ( 'NONE',  ( -0.09607287812272727323, 3.340964622169399600, -23.54066321033544185 ) ) ;
#8588 = B_SPLINE_CURVE_WITH_KNOTS ( 'NONE', 3,
 ( #1572, #6652, #3803, #2331 ),
 .UNSPECIFIED., .F., .F.,
 ( 4, 4 ),
 ( 1.139524807298918982E-07, 1.000000000000000000 ),
 .UNSPECIFIED. ) ;
#8589 = ORIENTED_EDGE ( 'NONE', *, *, #6212, .T. ) ;
#8590 = CARTESIAN_POINT ( 'NONE',  ( 3.203937380527204226, 0.4876087726535983102, -29.25436310160932862 ) ) ;
#8591 = CARTESIAN_POINT ( 'NONE',  ( 5.210627282545771344, -3.035722774306528038, -22.93606777099251914 ) ) ;
#8592 = CARTESIAN_POINT ( 'NONE',  ( 4.992962018374507593, -2.960845848910191425, -20.85272001113168372 ) ) ;
#8593 = EDGE_LOOP ( 'NONE', ( #6984, #2265, #6023, #2858 ) ) ;
#8594 = CARTESIAN_POINT ( 'NONE',  ( 6.336395963635951922, 1.568269230615335852, -21.29116770908763101 ) ) ;
#8595 = CARTESIAN_POINT ( 'NONE',  ( -4.713855710941726507, -2.891763259629741345, -0.2500000000006669110 ) ) ;
#8596 =( GEOMETRIC_REPRESENTATION_CONTEXT ( 3 ) GLOBAL_UNCERTAINTY_ASSIGNED_CONTEXT ( ( #2729 ) ) GLOBAL_UNIT_ASSIGNED_CONTEXT ( ( #4038, #8177, #6190 ) ) REPRESENTATION_CONTEXT ( 'NONE', 'WORKASPACE' ) );
#8597 = CARTESIAN_POINT ( 'NONE',  ( -3.340952312612444075, 4.091486555744776969E-16, -23.51834166324806574 ) ) ;
#8598 = PRESENTATION_STYLE_ASSIGNMENT (( #1421 ) ) ;
#8599 = EDGE_CURVE ( 'NONE', #2520, #510, #8498, .T. ) ;
#8600 = VECTOR ( 'NONE', #7319, 1000.000000000000000 ) ;
#8601 = DIRECTION ( 'NONE',  ( -1.000000000000000000, 0.0000000000000000000, -0.0000000000000000000 ) ) ;
#8602 = FACE_OUTER_BOUND ( 'NONE', #6598, .T. ) ;
#8603 = CARTESIAN_POINT ( 'NONE',  ( 6.226830715046000719, 1.379626407265620358, -20.41464572036802849 ) ) ;
#8604 = ORIENTED_EDGE ( 'NONE', *, *, #1150, .T. ) ;
#8605 = CARTESIAN_POINT ( 'NONE',  ( -1.904048383564784341, -0.8884601108687012472, -29.49999999999999645 ) ) ;
#8606 = CARTESIAN_POINT ( 'NONE',  ( 3.339580228985149724, -0.2850974604947320024, -23.59694828160969848 ) ) ;
#8607 = ORIENTED_EDGE ( 'NONE', *, *, #5534, .F. ) ;
#8608 = CARTESIAN_POINT ( 'NONE',  ( 2.902836885024088875, -0.8218474485176301414, -29.47442521453004360 ) ) ;
#8609 = AXIS2_PLACEMENT_3D ( 'NONE', #7208, #6495, #1459 ) ;
#8610 = CARTESIAN_POINT ( 'NONE',  ( 3.023617454914088398, -0.6999999999999995115, -25.53292293010280645 ) ) ;
#8611 = UNCERTAINTY_MEASURE_WITH_UNIT (LENGTH_MEASURE( 1.000000000000000082E-05 ), #8718, 'distance_accuracy_value', 'NONE');
#8612 = DIRECTION ( 'NONE',  ( -1.000000000000000000, 1.672957273954558210E-16, -0.0000000000000000000 ) ) ;
#8613 = CARTESIAN_POINT ( 'NONE',  ( 1.687975986461678124, -3.248935913869206438, -20.22822021129185899 ) ) ;
#8614 = CARTESIAN_POINT ( 'NONE',  ( -4.101365007902489701, -3.170020998267111700, -23.07022318067383893 ) ) ;
#8615 = ORIENTED_EDGE ( 'NONE', *, *, #7237, .T. ) ;
#8616 = CARTESIAN_POINT ( 'NONE',  ( -1.071084958090638084, 3.162642916914125468, -23.72394553436349796 ) ) ;
#8617 = EDGE_CURVE ( 'NONE', #6938, #5790, #7024, .T. ) ;
#8618 = PLANE ( 'NONE',  #3702 ) ;
#8619 = CARTESIAN_POINT ( 'NONE',  ( -2.902836885024081326, 0.8218474485176854305, -29.47442521453007913 ) ) ;
#8620 = CARTESIAN_POINT ( 'NONE',  ( 1.241898298753208785, 3.097668276133598297, -23.72510330486154473 ) ) ;
#8621 = STYLED_ITEM ( 'NONE', ( #6909 ), #4498 ) ;
#8622 = PRESENTATION_STYLE_ASSIGNMENT (( #5734 ) ) ;
#8623 = CARTESIAN_POINT ( 'NONE',  ( -2.507550551090539148, -2.558580807135234281, -23.42725084370286126 ) ) ;
#8624 = CARTESIAN_POINT ( 'NONE',  ( -3.182332938144665224, 0.6999999999997559286, -28.65376030156114595 ) ) ;
#8625 = EDGE_CURVE ( 'NONE', #3282, #4521, #5095, .T. ) ;
#8626 = CARTESIAN_POINT ( 'NONE',  ( -5.021731462593226780, -3.058171956758895416, -21.47721981097132371 ) ) ;
#8627 = CARTESIAN_POINT ( 'NONE',  ( -6.049999999999998934, -1.400735219376046059, -18.87548450340289818 ) ) ;
#8628 = EDGE_CURVE ( 'NONE', #4668, #982, #8131, .T. ) ;
#8629 = ORIENTED_EDGE ( 'NONE', *, *, #9196, .F. ) ;
#8630 = COLOUR_RGB ( '',0.2509803921568627416, 0.2509803921568627416, 0.2509803921568627416 ) ;
#8631 =( BOUNDED_SURFACE ( )  B_SPLINE_SURFACE ( 3, 2, ( 
 ( #156, #5222, #8861 ),
 ( #102, #3198, #6748 ),
 ( #6698, #7513, #8776 ),
 ( #262, #2380, #3146 ),
 ( #8179, #6101, #1664 ),
 ( #8229, #6801, #4464 ) ),
 .UNSPECIFIED., .F., .F., .T. ) 
 B_SPLINE_SURFACE_WITH_KNOTS ( ( 4, 2, 4 ),
 ( 3, 3 ),
 ( 0.0000000000000000000, 0.0003965320195007950802, 0.0007930640390015901604 ),
 ( 0.0000000000000000000, 1.000000000000000000 ),
 .UNSPECIFIED. ) 
 GEOMETRIC_REPRESENTATION_ITEM ( )  RATIONAL_B_SPLINE_SURFACE ( (
 ( 1.000000000000000000, 0.7132504491541830083, 1.000000000000000000),
 ( 1.000000000000000000, 0.7416314239073443781, 1.000000000000000000),
 ( 1.000000000000000000, 0.7547744459353648017, 1.000000000000000000),
 ( 1.000000000000000000, 0.7629960348838332740, 1.000000000000000000),
 ( 1.000000000000000000, 0.7592840241416349834, 1.000000000000000000),
 ( 1.000000000000000000, 0.7581718333143205868, 1.000000000000000000) ) ) 
 REPRESENTATION_ITEM ( '' )  SURFACE ( )  );
#8632 = CARTESIAN_POINT ( 'NONE',  ( 3.114765733250400626, 1.028379173908029909, -27.00145445950397161 ) ) ;
#8633 = SURFACE_STYLE_USAGE ( .BOTH. , #7976 ) ;
#8634 = CARTESIAN_POINT ( 'NONE',  ( -1.464883613713488408, -3.325879845389544176, -23.25116776159892495 ) ) ;
#8635 = ORIENTED_EDGE ( 'NONE', *, *, #4122, .T. ) ;
#8636 = MECHANICAL_DESIGN_GEOMETRIC_PRESENTATION_REPRESENTATION (  '', ( #7427 ), #8351 ) ;
#8637 = FILL_AREA_STYLE ('',( #807 ) ) ;
#8638 = CARTESIAN_POINT ( 'NONE',  ( 3.194395519505090597, -0.8911550076483016891, -25.10436314678232250 ) ) ;
#8639 = CARTESIAN_POINT ( 'NONE',  ( 1.979898987322333603, -0.6999999999999997335, -28.10000000000000497 ) ) ;
#8640 = CARTESIAN_POINT ( 'NONE',  ( 6.133639525485942379, -2.012368246400282779, -20.05688624213504312 ) ) ;
#8641 = CARTESIAN_POINT ( 'NONE',  ( 5.356611446584897962, 2.772149084288875631, -19.23115295061730379 ) ) ;
#8642 = CARTESIAN_POINT ( 'NONE',  ( 2.912274948409522057, -0.9499999999999966249, -25.35000000000000142 ) ) ;
#8643 = VERTEX_POINT ( 'NONE', #2695 ) ;
#8644 = CARTESIAN_POINT ( 'NONE',  ( -2.861741315536934227, -0.9500000000000002887, -28.10000000000000497 ) ) ;
#8645 = CARTESIAN_POINT ( 'NONE',  ( -4.686546425784770875, 2.643259330195583345, -0.2500000000000005551 ) ) ;
#8646 = CARTESIAN_POINT ( 'NONE',  ( 6.560676738593534729, -1.541499994201597890, -23.08541390874828991 ) ) ;
#8647 = ORIENTED_EDGE ( 'NONE', *, *, #8175, .F. ) ;
#8648 = CARTESIAN_POINT ( 'NONE',  ( 1.687975986461678346, -3.248935913869207770, -20.44082161392841712 ) ) ;
#8649 = CARTESIAN_POINT ( 'NONE',  ( -2.985064664429871506, -3.261723723081216608, -23.16182304803780312 ) ) ;
#8650 = ORIENTED_EDGE ( 'NONE', *, *, #1604, .F. ) ;
#8651 = CARTESIAN_POINT ( 'NONE',  ( -6.065444240656108654, -1.397679964033983646, -19.12355392525030595 ) ) ;
#8652 = PLANE ( 'NONE',  #9290 ) ;
#8653 = CARTESIAN_POINT ( 'NONE',  ( -6.519762806260278154, 1.546441040714790827, -22.75810245017246203 ) ) ;
#8654 = CARTESIAN_POINT ( 'NONE',  ( -3.170118602455856305, 0.7010074007996556222, -29.32889272174098139 ) ) ;
#8655 = MECHANICAL_DESIGN_GEOMETRIC_PRESENTATION_REPRESENTATION (  '', ( #6692 ), #7758 ) ;
#8656 = CARTESIAN_POINT ( 'NONE',  ( 1.505176075345303621, 2.983400961458978262, -23.71567660295210800 ) ) ;
#8657 = SURFACE_STYLE_FILL_AREA ( #3110 ) ;
#8658 = CARTESIAN_POINT ( 'NONE',  ( -2.569290176907671697, 2.138176810270128847, -23.65764278066684412 ) ) ;
#8659 = DIRECTION ( 'NONE',  ( 0.9922778767136676281, 0.0000000000000000000, -0.1240347345892085923 ) ) ;
#8660 =( LENGTH_UNIT ( ) NAMED_UNIT ( * ) SI_UNIT ( .MILLI., .METRE. ) );
#8661 = CARTESIAN_POINT ( 'NONE',  ( -3.295149771166925312, 1.388981996293974008, -23.37407401508609439 ) ) ;
#8662 =( LENGTH_UNIT ( ) NAMED_UNIT ( * ) SI_UNIT ( .MILLI., .METRE. ) );
#8663 = CIRCLE ( 'NONE', #493, 0.2500000000000001665 ) ;
#8664 = CARTESIAN_POINT ( 'NONE',  ( -3.270832320335860022, -0.4867964973316780131, -25.47156085455402419 ) ) ;
#8665 =( NAMED_UNIT ( * ) PLANE_ANGLE_UNIT ( ) SI_UNIT ( $, .RADIAN. ) );
#8666 = CARTESIAN_POINT ( 'NONE',  ( 3.214549975927412984, -0.4874819352554022878, -28.65436283068904544 ) ) ;
#8667 = ORIENTED_EDGE ( 'NONE', *, *, #6708, .T. ) ;
#8668 = CARTESIAN_POINT ( 'NONE',  ( -6.180271013676003733, 1.384904610932401248, -20.04216810940805260 ) ) ;
#8669 = CIRCLE ( 'NONE', #363, 0.2500000000000041078 ) ;
#8670 = PRESENTATION_LAYER_ASSIGNMENT (  '', '', ( #2308 ) ) ;
#8671 = ADVANCED_FACE ( 'NONE', ( #5605 ), #763, .T. ) ;
#8672 = EDGE_CURVE ( 'NONE', #351, #6005, #8720, .T. ) ;
#8673 = CARTESIAN_POINT ( 'NONE',  ( 1.853946724414780478, 4.516864885436072896, -26.75000000000000355 ) ) ;
#8674 = PRESENTATION_STYLE_ASSIGNMENT (( #2890 ) ) ;
#8675 = ORIENTED_EDGE ( 'NONE', *, *, #5265, .F. ) ;
#8676 = CARTESIAN_POINT ( 'NONE',  ( 1.979898987322333603, 0.9499999999999997335, -29.50000000000000355 ) ) ;
#8677 = CARTESIAN_POINT ( 'NONE',  ( 3.063738988571208743, -1.029636745401815157, -29.75290886364105702 ) ) ;
#8678 = COLOUR_RGB ( '',0.2509803921568627416, 0.2509803921568627416, 0.2509803921568627416 ) ;
#8679 = CARTESIAN_POINT ( 'NONE',  ( 2.956820874848932856, 0.6999999999999995115, -29.24999999914924231 ) ) ;
#8680 = EDGE_CURVE ( 'NONE', #1294, #4743, #2522, .T. ) ;
#8681 = MECHANICAL_DESIGN_GEOMETRIC_PRESENTATION_REPRESENTATION (  '', ( #3394 ), #7641 ) ;
#8682 = CARTESIAN_POINT ( 'NONE',  ( -6.323227782603935587, -1.561437385389278676, -21.18582226083150744 ) ) ;
#8683 = DIRECTION ( 'NONE',  ( -0.9998442813215966396, 0.0000000000000000000, 0.01764690081855484205 ) ) ;
#8684 = STYLED_ITEM ( 'NONE', ( #5851 ), #7647 ) ;
#8685 = CARTESIAN_POINT ( 'NONE',  ( 4.860731155675103388, -2.875367821105625055, -20.22822021129185899 ) ) ;
#8686 = CARTESIAN_POINT ( 'NONE',  ( 3.235709046105905706, 0.7070579060213570965, -25.19649710632955930 ) ) ;
#8687 = ORIENTED_EDGE ( 'NONE', *, *, #575, .F. ) ;
#8688 = CARTESIAN_POINT ( 'NONE',  ( -3.021249962336046035, 0.4499999999999998446, -25.60000000000001918 ) ) ;
#8689 = AXIS2_PLACEMENT_3D ( 'NONE', #5339, #9119, #1022 ) ;
#8690 =( NAMED_UNIT ( * ) PLANE_ANGLE_UNIT ( ) SI_UNIT ( $, .RADIAN. ) );
#8691 = MECHANICAL_DESIGN_GEOMETRIC_PRESENTATION_REPRESENTATION (  '', ( #6887 ), #7949 ) ;
#8692 = UNCERTAINTY_MEASURE_WITH_UNIT (LENGTH_MEASURE( 1.000000000000000082E-05 ), #6720, 'distance_accuracy_value', 'NONE');
#8693 = FILL_AREA_STYLE ('',( #14 ) ) ;
#8694 = CARTESIAN_POINT ( 'NONE',  ( -0.3980634806622662669, 3.348244373766496196, -23.44471681702935228 ) ) ;
#8695 = STYLED_ITEM ( 'NONE', ( #5058 ), #1725 ) ;
#8696 = CARTESIAN_POINT ( 'NONE',  ( -1.658683169916232769, -3.196215946207751291, -23.46938533275501726 ) ) ;
#8697 = EDGE_LOOP ( 'NONE', ( #5139, #5173, #2491, #8206 ) ) ;
#8698 =( GEOMETRIC_REPRESENTATION_CONTEXT ( 3 ) GLOBAL_UNCERTAINTY_ASSIGNED_CONTEXT ( ( #1116 ) ) GLOBAL_UNIT_ASSIGNED_CONTEXT ( ( #2871, #5109, #2914 ) ) REPRESENTATION_CONTEXT ( 'NONE', 'WORKASPACE' ) );
#8699 = ORIENTED_EDGE ( 'NONE', *, *, #4738, .F. ) ;
#8700 = FACE_OUTER_BOUND ( 'NONE', #8264, .T. ) ;
#8701 = SURFACE_STYLE_FILL_AREA ( #1443 ) ;
#8702 = CARTESIAN_POINT ( 'NONE',  ( 1.794141551427227865, 2.815952513611256869, -23.70278280812341265 ) ) ;
#8703 = STYLED_ITEM ( 'NONE', ( #6878 ), #1959 ) ;
#8704 = CARTESIAN_POINT ( 'NONE',  ( -2.925000000000000266, -1.225000000000000089, 6.599999999999999645 ) ) ;
#8705 = SURFACE_STYLE_FILL_AREA ( #3630 ) ;
#8706 = CIRCLE ( 'NONE', #2949, 0.2499999999999993339 ) ;
#8707 = CARTESIAN_POINT ( 'NONE',  ( 3.252572331385705340, -0.4870147112774182996, -26.50436310160932507 ) ) ;
#8708 =( NAMED_UNIT ( * ) SI_UNIT ( $, .STERADIAN. ) SOLID_ANGLE_UNIT ( ) );
#8709 = CARTESIAN_POINT ( 'NONE',  ( -3.205919556119596336, 4.008802810365237538E-16, -31.25436310159557252 ) ) ;
#8710 = CARTESIAN_POINT ( 'NONE',  ( -3.171623530768506782, 0.6999999999999996225, -29.25379256652107074 ) ) ;
#8711 = CARTESIAN_POINT ( 'NONE',  ( -1.726669220989236031, 4.223425167547121717, -29.50000000000000355 ) ) ;
#8712 =( GEOMETRIC_REPRESENTATION_CONTEXT ( 3 ) GLOBAL_UNCERTAINTY_ASSIGNED_CONTEXT ( ( #1211 ) ) GLOBAL_UNIT_ASSIGNED_CONTEXT ( ( #7298, #5972, #9105 ) ) REPRESENTATION_CONTEXT ( 'NONE', 'WORKASPACE' ) );
#8713 = VERTEX_POINT ( 'NONE', #1536 ) ;
#8714 = FACE_OUTER_BOUND ( 'NONE', #7211, .T. ) ;
#8715 = AXIS2_PLACEMENT_3D ( 'NONE', #1180, #680, #7764 ) ;
#8716 = COLOUR_RGB ( '',0.2509803921568627416, 0.2509803921568627416, 0.2509803921568627416 ) ;
#8717 =( NAMED_UNIT ( * ) SI_UNIT ( $, .STERADIAN. ) SOLID_ANGLE_UNIT ( ) );
#8718 =( LENGTH_UNIT ( ) NAMED_UNIT ( * ) SI_UNIT ( .MILLI., .METRE. ) );
#8719 = UNCERTAINTY_MEASURE_WITH_UNIT (LENGTH_MEASURE( 1.000000000000000082E-05 ), #413, 'distance_accuracy_value', 'NONE');
#8720 = B_SPLINE_CURVE_WITH_KNOTS ( 'NONE', 3,
 ( #7995, #8784, #8045, #7418 ),
 .UNSPECIFIED., .F., .F.,
 ( 4, 4 ),
 ( 0.0000000000000000000, 1.000000000000000000 ),
 .UNSPECIFIED. ) ;
#8721 = FILL_AREA_STYLE ('',( #3649 ) ) ;
#8722 = CARTESIAN_POINT ( 'NONE',  ( 6.514744041406611785, 1.884643582965598085, -22.75909715943725331 ) ) ;
#8723 = ORIENTED_EDGE ( 'NONE', *, *, #3531, .F. ) ;
#8724 = ADVANCED_FACE ( 'NONE', ( #1624 ), #6000, .T. ) ;
#8725 = CARTESIAN_POINT ( 'NONE',  ( 4.101475264557830513, -2.921058879541684306, -23.31917559111951377 ) ) ;
#8726 = VECTOR ( 'NONE', #6218, 1000.000000000000000 ) ;
#8727 = MECHANICAL_DESIGN_GEOMETRIC_PRESENTATION_REPRESENTATION (  '', ( #3439 ), #5253 ) ;
#8728 = SURFACE_STYLE_USAGE ( .BOTH. , #5931 ) ;
#8729 = CARTESIAN_POINT ( 'NONE',  ( 5.070005892470438980, 2.951822209765045724, -20.85272001113170859 ) ) ;
#8730 = CARTESIAN_POINT ( 'NONE',  ( 5.038091279841010461, 2.849076000653631979, -19.27203124197137996 ) ) ;
#8731 = SURFACE_STYLE_FILL_AREA ( #8 ) ;
#8732 = MECHANICAL_DESIGN_GEOMETRIC_PRESENTATION_REPRESENTATION (  '', ( #9186 ), #5430 ) ;
#8733 = DIRECTION ( 'NONE',  ( 1.369518533665900312E-16, 0.0000000000000000000, -1.000000000000000000 ) ) ;
#8734 = EDGE_LOOP ( 'NONE', ( #9352, #6134, #9298, #8100 ) ) ;
#8735 =( NAMED_UNIT ( * ) SI_UNIT ( $, .STERADIAN. ) SOLID_ANGLE_UNIT ( ) );
#8736 = CARTESIAN_POINT ( 'NONE',  ( 4.860818397582953310, 2.875357931054799643, -20.22822021129185899 ) ) ;
#8737 = CARTESIAN_POINT ( 'NONE',  ( -6.335712530197436188, 2.554823879738834513, -22.78644083838090850 ) ) ;
#8738 = ADVANCED_FACE ( 'NONE', ( #3046 ), #1735, .T. ) ;
#8739 = ADVANCED_FACE ( 'NONE', ( #368 ), #39, .T. ) ;
#8740 = CARTESIAN_POINT ( 'NONE',  ( -1.726669220989236475, -4.223425167547119941, -29.50000000000000355 ) ) ;
#8741 =( LENGTH_UNIT ( ) NAMED_UNIT ( * ) SI_UNIT ( .MILLI., .METRE. ) );
#8742 =( LENGTH_UNIT ( ) NAMED_UNIT ( * ) SI_UNIT ( .MILLI., .METRE. ) );
#8743 = CARTESIAN_POINT ( 'NONE',  ( -0.5530960005772633803, 3.346474671070132967, -23.42616505404803462 ) ) ;
#8744 = CARTESIAN_POINT ( 'NONE',  ( -1.552050658401022742, -2.973516796881755742, -23.71484488880211217 ) ) ;
#8745 = VERTEX_POINT ( 'NONE', #2582 ) ;
#8746 = CARTESIAN_POINT ( 'NONE',  ( -3.173223081713512528, -0.7683801409669542837, -27.91176886234505261 ) ) ;
#8747 = ORIENTED_EDGE ( 'NONE', *, *, #3531, .T. ) ;
#8748 = CARTESIAN_POINT ( 'NONE',  ( 0.6386616392533953634, 3.276708794189025831, -23.66632565301663504 ) ) ;
#8749 = SURFACE_STYLE_USAGE ( .BOTH. , #8004 ) ;
#8750 = FILL_AREA_STYLE ('',( #5192 ) ) ;
#8751 = CARTESIAN_POINT ( 'NONE',  ( 4.860818397582963968, 2.875357931054808969, -20.22822021129195846 ) ) ;
#8752 =( NAMED_UNIT ( * ) PLANE_ANGLE_UNIT ( ) SI_UNIT ( $, .RADIAN. ) );
#8753 = SURFACE_STYLE_USAGE ( .BOTH. , #6575 ) ;
#8754 = DIRECTION ( 'NONE',  ( 0.0000000000000000000, 0.0000000000000000000, 1.000000000000000000 ) ) ;
#8755 = VERTEX_POINT ( 'NONE', #8287 ) ;
#8756 = FACE_BOUND ( 'NONE', #3862, .T. ) ;
#8757 = B_SPLINE_CURVE_WITH_KNOTS ( 'NONE', 3,
 ( #4971, #4784, #8402, #649 ),
 .UNSPECIFIED., .F., .F.,
 ( 4, 4 ),
 ( 9.023577232499471279E-07, 0.9999995708953426377 ),
 .UNSPECIFIED. ) ;
#8758 = CARTESIAN_POINT ( 'NONE',  ( -5.799999999999999822, 3.149999999999999911, -0.2500000000000000000 ) ) ;
#8759 = EDGE_CURVE ( 'NONE', #5588, #5475, #7222, .T. ) ;
#8760 = CARTESIAN_POINT ( 'NONE',  ( -2.912274948409522501, 0.9499999999999995115, -25.35000000000000853 ) ) ;
#8761 = VERTEX_POINT ( 'NONE', #7567 ) ;
#8762 = CARTESIAN_POINT ( 'NONE',  ( 3.063714927208017080, 1.029628659052497008, -29.75436310162017506 ) ) ;
#8763 = LINE ( 'NONE', #3384, #2836 ) ;
#8764 = PLANE ( 'NONE',  #2286 ) ;
#8765 =( GEOMETRIC_REPRESENTATION_CONTEXT ( 3 ) GLOBAL_UNCERTAINTY_ASSIGNED_CONTEXT ( ( #7910 ) ) GLOBAL_UNIT_ASSIGNED_CONTEXT ( ( #5722, #2017, #7901 ) ) REPRESENTATION_CONTEXT ( 'NONE', 'WORKASPACE' ) );
#8766 = CARTESIAN_POINT ( 'NONE',  ( -1.768476342693168446, 4.308629038710202863, -26.75000000000000355 ) ) ;
#8767 = CARTESIAN_POINT ( 'NONE',  ( 5.800000000000004263, -1.400739683024801341, -7.860465750519907147E-16 ) ) ;
#8768 = ORIENTED_EDGE ( 'NONE', *, *, #6491, .F. ) ;
#8769 = FILL_AREA_STYLE ('',( #7979 ) ) ;
#8770 = ORIENTED_EDGE ( 'NONE', *, *, #3417, .T. ) ;
#8771 = B_SPLINE_CURVE_WITH_KNOTS ( 'NONE', 3,
 ( #6590, #4402, #5921, #2228 ),
 .UNSPECIFIED., .F., .F.,
 ( 4, 4 ),
 ( 0.0000000000000000000, 1.000000000000000000 ),
 .UNSPECIFIED. ) ;
#8772 = AXIS2_PLACEMENT_3D ( 'NONE', #4095, #2767, #8464 ) ;
#8773 = CARTESIAN_POINT ( 'NONE',  ( -6.329744543988382155, -1.569044888106382318, -21.23795635190707642 ) ) ;
#8774 = CARTESIAN_POINT ( 'NONE',  ( 5.077787434770180575, 3.017749327468861598, -21.05469134363643846 ) ) ;
#8775 = SURFACE_SIDE_STYLE ('',( #767 ) ) ;
#8776 = CARTESIAN_POINT ( 'NONE',  ( -3.178332786531000043, 0.7517154112862172166, -27.90513525946763806 ) ) ;
#8777 = ORIENTED_EDGE ( 'NONE', *, *, #4619, .F. ) ;
#8778 = SURFACE_SIDE_STYLE ('',( #6516 ) ) ;
#8779 = FILL_AREA_STYLE_COLOUR ( '', #4504 ) ;
#8780 = CARTESIAN_POINT ( 'NONE',  ( -6.248658202818193175, 2.128772556919131809, -20.95899905315107858 ) ) ;
#8781 = DIRECTION ( 'NONE',  ( -0.9506966266692069567, -0.3101224339511583494, 0.0000000000000000000 ) ) ;
#8782 = FILL_AREA_STYLE ('',( #7464 ) ) ;
#8783 = AXIS2_PLACEMENT_3D ( 'NONE', #2065, #5102, #7997 ) ;
#8784 = CARTESIAN_POINT ( 'NONE',  ( -5.015717504000862803, -3.058873141334996326, -21.25592629101631914 ) ) ;
#8785 = EDGE_CURVE ( 'NONE', #5926, #5085, #9055, .T. ) ;
#8786 = CARTESIAN_POINT ( 'NONE',  ( 1.241898298771024534, -3.097668276126456455, -23.72510330486143459 ) ) ;
#8787 = EDGE_CURVE ( 'NONE', #4697, #9336, #1456, .T. ) ;
#8788 = CARTESIAN_POINT ( 'NONE',  ( -1.942617827404323094, 4.720417531513624532, -25.24876908820928634 ) ) ;
#8789 = EDGE_LOOP ( 'NONE', ( #8086, #4431, #6290, #3991 ) ) ;
#8790 = CARTESIAN_POINT ( 'NONE',  ( -6.298478076604826725, -1.899576368324275011, -23.03787146895228233 ) ) ;
#8791 = ORIENTED_EDGE ( 'NONE', *, *, #406, .T. ) ;
#8792 = CARTESIAN_POINT ( 'NONE',  ( 0.2510376882435293444, 3.330243952351828796, -23.59199732019058970 ) ) ;
#8793 = FACE_OUTER_BOUND ( 'NONE', #6272, .T. ) ;
#8794 = CARTESIAN_POINT ( 'NONE',  ( 0.2138637686231109614, 3.349596142802392151, -23.49427291120887773 ) ) ;
#8795 = DIRECTION ( 'NONE',  ( 1.112002228190260952E-16, -1.000000000000000000, 0.0000000000000000000 ) ) ;
#8796 = FILL_AREA_STYLE ('',( #3112 ) ) ;
#8797 =( LENGTH_UNIT ( ) NAMED_UNIT ( * ) SI_UNIT ( .MILLI., .METRE. ) );
#8798 =( NAMED_UNIT ( * ) PLANE_ANGLE_UNIT ( ) SI_UNIT ( $, .RADIAN. ) );
#8799 = CARTESIAN_POINT ( 'NONE',  ( 1.979898987322333603, 0.6999999999999998446, -29.25000000000000000 ) ) ;
#8800 = SURFACE_STYLE_FILL_AREA ( #3779 ) ;
#8801 = EDGE_LOOP ( 'NONE', ( #1166, #4634, #8541, #5714 ) ) ;
#8802 = CARTESIAN_POINT ( 'NONE',  ( -1.437642309899140214, -3.326653165188642625, -23.25792224992217072 ) ) ;
#8803 = CARTESIAN_POINT ( 'NONE',  ( 3.219176172781923029, 0.7010201889933999064, -26.57957788242088881 ) ) ;
#8804 = PRESENTATION_LAYER_ASSIGNMENT (  '', '', ( #2463 ) ) ;
#8805 =( NAMED_UNIT ( * ) SI_UNIT ( $, .STERADIAN. ) SOLID_ANGLE_UNIT ( ) );
#8806 = UNCERTAINTY_MEASURE_WITH_UNIT (LENGTH_MEASURE( 1.000000000000000082E-05 ), #2558, 'distance_accuracy_value', 'NONE');
#8807 =( NAMED_UNIT ( * ) PLANE_ANGLE_UNIT ( ) SI_UNIT ( $, .RADIAN. ) );
#8808 = EDGE_LOOP ( 'NONE', ( #8687, #5125, #5440, #2518 ) ) ;
#8809 = CARTESIAN_POINT ( 'NONE',  ( -5.741719249015194038, -2.047898875699066590, -5.095750210681873206E-15 ) ) ;
#8810 = ORIENTED_EDGE ( 'NONE', *, *, #8967, .T. ) ;
#8811 =( BOUNDED_SURFACE ( )  B_SPLINE_SURFACE ( 3, 3, ( 
 ( #924, #375, #4575, #6760 ),
 ( #3817, #4523, #7619, #8298 ),
 ( #8250, #5443, #6716, #1113 ),
 ( #3919, #1781, #7477, #7529 ) ),
 .UNSPECIFIED., .F., .F., .F. ) 
 B_SPLINE_SURFACE_WITH_KNOTS ( ( 4, 4 ),
 ( 4, 4 ),
 ( 0.0000000000000000000, 1.000000000000000000 ),
 ( 0.0000000000000000000, 1.000000000000000000 ),
 .UNSPECIFIED. ) 
 GEOMETRIC_REPRESENTATION_ITEM ( )  RATIONAL_B_SPLINE_SURFACE ( (
 ( 1.000000000000000000, 0.5433729028597461541, 0.5433729028597461541, 1.000000000000000000),
 ( 0.8088336327573890649, 0.4394982789619763519, 0.4394982789619763519, 0.8088336327573890649),
 ( 0.8088336327573890649, 0.4394982789619763519, 0.4394982789619763519, 0.8088336327573890649),
 ( 1.000000000000000000, 0.5433729028597461541, 0.5433729028597461541, 1.000000000000000000) ) ) 
 REPRESENTATION_ITEM ( '' )  SURFACE ( )  );
#8812 = PRESENTATION_STYLE_ASSIGNMENT (( #5883 ) ) ;
#8813 = AXIS2_PLACEMENT_3D ( 'NONE', #296, #8892, #6131 ) ;
#8814 = CARTESIAN_POINT ( 'NONE',  ( 6.082415942774156647, 2.796455876221807024, -22.82238704051073341 ) ) ;
#8815 =( NAMED_UNIT ( * ) PLANE_ANGLE_UNIT ( ) SI_UNIT ( $, .RADIAN. ) );
#8816 = CIRCLE ( 'NONE', #48, 43.35249999999994230 ) ;
#8817 = SURFACE_SIDE_STYLE ('',( #866 ) ) ;
#8818 = ORIENTED_EDGE ( 'NONE', *, *, #2386, .T. ) ;
#8819 = CARTESIAN_POINT ( 'NONE',  ( -5.021731462593256090, -3.058171956758883425, -21.47721981097154398 ) ) ;
#8820 = CARTESIAN_POINT ( 'NONE',  ( 0.0000000000000000000, 0.0000000000000000000, -23.51834166324806574 ) ) ;
#8821 = CARTESIAN_POINT ( 'NONE',  ( 2.771774818517928285, -1.861388873634118424, -23.64326265447780528 ) ) ;
#8822 = CARTESIAN_POINT ( 'NONE',  ( 6.180271013676002845, 1.384904610932391922, -20.04216810940805260 ) ) ;
#8823 = CARTESIAN_POINT ( 'NONE',  ( 1.861642404854273458, 3.310010245960675057, -23.21005533523035069 ) ) ;
#8824 = CARTESIAN_POINT ( 'NONE',  ( -4.741856460906237913, 2.888676873037200554, -19.30960607446512611 ) ) ;
#8825 =( NAMED_UNIT ( * ) SI_UNIT ( $, .STERADIAN. ) SOLID_ANGLE_UNIT ( ) );
#8826 = CARTESIAN_POINT ( 'NONE',  ( 6.049999999999999822, -1.400739683024802451, -18.87548450340289818 ) ) ;
#8827 = ORIENTED_EDGE ( 'NONE', *, *, #4748, .F. ) ;
#8828 = COLOUR_RGB ( '',0.2509803921568627416, 0.2509803921568627416, 0.2509803921568627416 ) ;
#8829 = CARTESIAN_POINT ( 'NONE',  ( -6.197842257632275142, -2.333726689395670295, -23.05259360323014661 ) ) ;
#8830 = ORIENTED_EDGE ( 'NONE', *, *, #6529, .F. ) ;
#8831 = CARTESIAN_POINT ( 'NONE',  ( 0.3113398599367472874, 3.324929703126950020, -23.60315112121050518 ) ) ;
#8832 = VECTOR ( 'NONE', #9174, 1000.000000000000000 ) ;
#8833 = SURFACE_SIDE_STYLE ('',( #4434 ) ) ;
#8834 = CIRCLE ( 'NONE', #7041, 0.2499999999999998057 ) ;
#8835 = ADVANCED_FACE ( 'NONE', ( #3477 ), #2102, .T. ) ;
#8836 =( LENGTH_UNIT ( ) NAMED_UNIT ( * ) SI_UNIT ( .MILLI., .METRE. ) );
#8837 =( NAMED_UNIT ( * ) PLANE_ANGLE_UNIT ( ) SI_UNIT ( $, .RADIAN. ) );
#8838 =( NAMED_UNIT ( * ) SI_UNIT ( $, .STERADIAN. ) SOLID_ANGLE_UNIT ( ) );
#8839 = UNCERTAINTY_MEASURE_WITH_UNIT (LENGTH_MEASURE( 1.000000000000000082E-05 ), #4810, 'distance_accuracy_value', 'NONE');
#8840 = PLANE ( 'NONE',  #4496 ) ;
#8841 = SURFACE_STYLE_USAGE ( .BOTH. , #4533 ) ;
#8842 = CARTESIAN_POINT ( 'NONE',  ( -4.821170601921930476, -2.879852575700599715, -19.92206324540916995 ) ) ;
#8843 = AXIS2_PLACEMENT_3D ( 'NONE', #8532, #472, #518 ) ;
#8844 = ORIENTED_EDGE ( 'NONE', *, *, #2647, .T. ) ;
#8845 = EDGE_CURVE ( 'NONE', #3569, #5992, #6133, .T. ) ;
#8846 = PLANE ( 'NONE',  #5066 ) ;
#8847 = EDGE_CURVE ( 'NONE', #5992, #2520, #3386, .T. ) ;
#8848 = SURFACE_SIDE_STYLE ('',( #7395 ) ) ;
#8849 = CARTESIAN_POINT ( 'NONE',  ( 3.250191147331687791, 0.4870434049805629217, -26.63903363567218463 ) ) ;
#8850 = SURFACE_STYLE_FILL_AREA ( #6546 ) ;
#8851 = CARTESIAN_POINT ( 'NONE',  ( -2.956821066562483669, 0.6999999999999995115, -29.25000000253384158 ) ) ;
#8852 = STYLED_ITEM ( 'NONE', ( #3949 ), #8404 ) ;
#8853 = CARTESIAN_POINT ( 'NONE',  ( 3.290097755558276216, -0.6616625517100519493, -23.60145631811273503 ) ) ;
#8854 = ORIENTED_EDGE ( 'NONE', *, *, #6656, .T. ) ;
#8855 = CARTESIAN_POINT ( 'NONE',  ( -2.919410773348553700, 0.8863333083958332415, -26.75000000000000355 ) ) ;
#8856 = SURFACE_STYLE_USAGE ( .BOTH. , #5171 ) ;
#8857 = ORIENTED_EDGE ( 'NONE', *, *, #8175, .T. ) ;
#8858 = CARTESIAN_POINT ( 'NONE',  ( 6.206687446409327791, -2.313570874544087275, -23.05130939927964562 ) ) ;
#8859 = PRESENTATION_STYLE_ASSIGNMENT (( #4315 ) ) ;
#8860 = FILL_AREA_STYLE_COLOUR ( '', #2735 ) ;
#8861 = CARTESIAN_POINT ( 'NONE',  ( -3.098973170845354730, 1.028752842305983739, -27.85436310160932649 ) ) ;
#8862 = CARTESIAN_POINT ( 'NONE',  ( 1.230185108623372159, 3.332542411984799280, -23.30938451861968730 ) ) ;
#8863 = EDGE_LOOP ( 'NONE', ( #2673, #3318, #5224, #2022 ) ) ;
#8864 =( NAMED_UNIT ( * ) PLANE_ANGLE_UNIT ( ) SI_UNIT ( $, .RADIAN. ) );
#8865 =( BOUNDED_SURFACE ( )  B_SPLINE_SURFACE ( 3, 3, ( 
 ( #6315, #6361, #9191, #2034 ),
 ( #5692, #5609, #4884, #8492 ),
 ( #8586, #7768, #7074, #7820 ),
 ( #2084, #1323, #7123, #609 ) ),
 .UNSPECIFIED., .F., .F., .T. ) 
 B_SPLINE_SURFACE_WITH_KNOTS ( ( 4, 4 ),
 ( 4, 4 ),
 ( 0.0000000000000000000, 1.000000000000000000 ),
 ( 0.0000000000000000000, 1.000000000000000000 ),
 .UNSPECIFIED. ) 
 GEOMETRIC_REPRESENTATION_ITEM ( )  RATIONAL_B_SPLINE_SURFACE ( (
 ( 1.000000000000000000, 0.9954356098605043890, 0.9954356098605043890, 1.000000000000000000),
 ( 0.9916139219377164693, 0.9870878091302374147, 0.9870878091302374147, 0.9916139219377164693),
 ( 0.9916139219377164693, 0.9870878091302374147, 0.9870878091302374147, 0.9916139219377164693),
 ( 1.000000000000000000, 0.9954356098605043890, 0.9954356098605043890, 1.000000000000000000) ) ) 
 REPRESENTATION_ITEM ( '' )  SURFACE ( )  );
#8866 = CARTESIAN_POINT ( 'NONE',  ( 5.628973885260617926, 2.715778329210151831, -23.13129851109328428 ) ) ;
#8867 = FILL_AREA_STYLE_COLOUR ( '', #6333 ) ;
#8868 = MECHANICAL_DESIGN_GEOMETRIC_PRESENTATION_REPRESENTATION (  '', ( #1610 ), #7223 ) ;
#8869 = CARTESIAN_POINT ( 'NONE',  ( 2.972710554573828823, 0.6999999999999994005, -28.35000000254290597 ) ) ;
#8870 = EDGE_CURVE ( 'NONE', #8501, #3304, #8310, .T. ) ;
#8871 = DIRECTION ( 'NONE',  ( 0.9279907553124503439, -0.3715074003443102901, 0.02855537679738332640 ) ) ;
#8872 = PRESENTATION_STYLE_ASSIGNMENT (( #5187 ) ) ;
#8873 = AXIS2_PLACEMENT_3D ( 'NONE', #2617, #953, #1812 ) ;
#8874 = MECHANICAL_DESIGN_GEOMETRIC_PRESENTATION_REPRESENTATION (  '', ( #3886 ), #6319 ) ;
#8875 = SURFACE_STYLE_USAGE ( .BOTH. , #3859 ) ;
#8876 = PLANE ( 'NONE',  #9085 ) ;
#8877 = ORIENTED_EDGE ( 'NONE', *, *, #5840, .F. ) ;
#8878 = CARTESIAN_POINT ( 'NONE',  ( -3.219856693096560196, -0.4874122644376498448, -28.35436319653968340 ) ) ;
#8879 = ORIENTED_EDGE ( 'NONE', *, *, #1381, .T. ) ;
#8880 = CARTESIAN_POINT ( 'NONE',  ( 0.4302846805120379425, 3.312829991359580895, -23.62598653724452546 ) ) ;
#8881 = AXIS2_PLACEMENT_3D ( 'NONE', #7690, #8545, #7168 ) ;
#8882 = SURFACE_SIDE_STYLE ('',( #2960 ) ) ;
#8883 = CARTESIAN_POINT ( 'NONE',  ( -0.8453857473225422359, 3.289988444649833532, -23.54679192465030724 ) ) ;
#8884 =( GEOMETRIC_REPRESENTATION_CONTEXT ( 3 ) GLOBAL_UNCERTAINTY_ASSIGNED_CONTEXT ( ( #167 ) ) GLOBAL_UNIT_ASSIGNED_CONTEXT ( ( #6912, #6962, #3390 ) ) REPRESENTATION_CONTEXT ( 'NONE', 'WORKASPACE' ) );
#8885 = VECTOR ( 'NONE', #9111, 1000.000000000000000 ) ;
#8886 = UNCERTAINTY_MEASURE_WITH_UNIT (LENGTH_MEASURE( 1.000000000000000082E-05 ), #2796, 'distance_accuracy_value', 'NONE');
#8887 = CARTESIAN_POINT ( 'NONE',  ( -0.2299876797657415817, -3.334075613120252690, -23.55454529416523712 ) ) ;
#8888 = EDGE_CURVE ( 'NONE', #1229, #4224, #109, .T. ) ;
#8889 = CARTESIAN_POINT ( 'NONE',  ( 1.675003155475045080, 3.113848058034021538, -23.46788425806134981 ) ) ;
#8890 = CARTESIAN_POINT ( 'NONE',  ( -3.549999999999999822, -4.238084680662899344E-17, 6.599999999999999645 ) ) ;
#8891 = CARTESIAN_POINT ( 'NONE',  ( -4.781516572172438195, -2.884292228722029616, -19.61585814042070908 ) ) ;
#8892 = DIRECTION ( 'NONE',  ( 0.0000000000000000000, -1.000000000000000000, 0.0000000000000000000 ) ) ;
#8893 = STYLED_ITEM ( 'NONE', ( #7556 ), #4101 ) ;
#8894 = CARTESIAN_POINT ( 'NONE',  ( -6.224580866093140763, -2.446429519742469250, -21.31794743164473971 ) ) ;
#8895 = FACE_OUTER_BOUND ( 'NONE', #6910, .T. ) ;
#8896 = CARTESIAN_POINT ( 'NONE',  ( 1.979898987322648907, 0.6999999999999479972, -25.53072421940212777 ) ) ;
#8897 = DIRECTION ( 'NONE',  ( -1.000000000000000000, 0.0000000000000000000, 0.0000000000000000000 ) ) ;
#8898 = SURFACE_STYLE_FILL_AREA ( #4694 ) ;
#8899 = EDGE_CURVE ( 'NONE', #9073, #829, #8389, .T. ) ;
#8900 = ADVANCED_FACE ( 'NONE', ( #7887 ), #6287, .T. ) ;
#8901 = CARTESIAN_POINT ( 'NONE',  ( 1.230185108644172631, -3.332542411984205977, -23.30938451861452521 ) ) ;
#8902 = DIRECTION ( 'NONE',  ( 0.0000000000000000000, 0.0000000000000000000, -1.000000000000000000 ) ) ;
#8903 = ORIENTED_EDGE ( 'NONE', *, *, #6676, .T. ) ;
#8904 = CARTESIAN_POINT ( 'NONE',  ( -0.9064036113422296870, -3.340553688570590651, -23.37516607645754974 ) ) ;
#8905 = ORIENTED_EDGE ( 'NONE', *, *, #2834, .F. ) ;
#8906 = CARTESIAN_POINT ( 'NONE',  ( 6.244875341984596595, -2.210114569594025191, -23.04574865455138166 ) ) ;
#8907 = CIRCLE ( 'NONE', #6807, 0.2499999999999993616 ) ;
#8908 = CARTESIAN_POINT ( 'NONE',  ( 6.215310485971290433, -2.690482177482023562, -22.80369617935336279 ) ) ;
#8909 = CARTESIAN_POINT ( 'NONE',  ( 1.914383410920738715, -4.664109864742060019, -27.00145445950397161 ) ) ;
#8910 = CARTESIAN_POINT ( 'NONE',  ( 3.002989136015665306, 0.6999999999999994005, -26.56733985315514346 ) ) ;
#8911 = CARTESIAN_POINT ( 'NONE',  ( -5.210771453021741273, -2.787534617658474989, -23.18423793736369731 ) ) ;
#8912 = EDGE_LOOP ( 'NONE', ( #1584, #6772, #8830, #2372 ) ) ;
#8913 = FILL_AREA_STYLE ('',( #402 ) ) ;
#8914 = CARTESIAN_POINT ( 'NONE',  ( 6.272361111175330350, 2.072862723130024065, -23.04171213586505118 ) ) ;
#8915 = AXIS2_PLACEMENT_3D ( 'NONE', #6673, #6725, #136 ) ;
#8916 = PRESENTATION_STYLE_ASSIGNMENT (( #7461 ) ) ;
#8917 = CARTESIAN_POINT ( 'NONE',  ( -4.992950293751130530, 2.960847196383312951, -20.85271996550763518 ) ) ;
#8918 = SURFACE_STYLE_USAGE ( .BOTH. , #1721 ) ;
#8919 = FILL_AREA_STYLE ('',( #2952 ) ) ;
#8920 = CARTESIAN_POINT ( 'NONE',  ( 3.063714927208265326, -1.029628659052580941, -29.75436310160932152 ) ) ;
#8921 =( BOUNDED_SURFACE ( )  B_SPLINE_SURFACE ( 3, 2, ( 
 ( #7620, #4100, #330 ),
 ( #6120, #3351, #3964 ),
 ( #4720, #1920, #9120 ),
 ( #6209, #1114, #7005 ) ),
 .UNSPECIFIED., .F., .F., .F. ) 
 B_SPLINE_SURFACE_WITH_KNOTS ( ( 4, 4 ),
 ( 3, 3 ),
 ( 0.0000000000000000000, 0.003352041652120301383 ),
 ( 0.0000000000000000000, 1.000000000000000000 ),
 .UNSPECIFIED. ) 
 GEOMETRIC_REPRESENTATION_ITEM ( )  RATIONAL_B_SPLINE_SURFACE ( (
 ( 1.000000000000000000, 0.7122195952380254713, 1.000000000000000000),
 ( 1.000000000000000000, 0.7100503286676198567, 1.000000000000000000),
 ( 1.000000000000000000, 0.7085510890049708799, 1.000000000000000000),
 ( 1.000000000000000000, 0.7077614747841417531, 1.000000000000000000) ) ) 
 REPRESENTATION_ITEM ( '' )  SURFACE ( )  );
#8922 = ADVANCED_FACE ( 'NONE', ( #5988 ), #3608, .T. ) ;
#8923 = DIRECTION ( 'NONE',  ( 1.000000000000000000, 1.672957273954558210E-16, 0.0000000000000000000 ) ) ;
#8924 = ORIENTED_EDGE ( 'NONE', *, *, #915, .F. ) ;
#8925 = CARTESIAN_POINT ( 'NONE',  ( -5.917273536904124498, -2.304623309275442899, -6.879535367932244311E-16 ) ) ;
#8926 = SURFACE_STYLE_USAGE ( .BOTH. , #1779 ) ;
#8927 = ORIENTED_EDGE ( 'NONE', *, *, #904, .T. ) ;
#8928 = CARTESIAN_POINT ( 'NONE',  ( 5.321566984601243888, 2.778489306285804705, -0.2500000000000087708 ) ) ;
#8929 = CARTESIAN_POINT ( 'NONE',  ( 2.985142146318977563, 3.012232902211536167, -23.41130934575456379 ) ) ;
#8930 = CARTESIAN_POINT ( 'NONE',  ( -0.4105219183994639476, 3.348179594385564783, -23.44359784763657828 ) ) ;
#8931 =( GEOMETRIC_REPRESENTATION_CONTEXT ( 3 ) GLOBAL_UNCERTAINTY_ASSIGNED_CONTEXT ( ( #4013 ) ) GLOBAL_UNIT_ASSIGNED_CONTEXT ( ( #9107, #9204, #6416 ) ) REPRESENTATION_CONTEXT ( 'NONE', 'WORKASPACE' ) );
#8932 = PRESENTATION_STYLE_ASSIGNMENT (( #6668 ) ) ;
#8933 = UNCERTAINTY_MEASURE_WITH_UNIT (LENGTH_MEASURE( 1.000000000000000082E-05 ), #1791, 'distance_accuracy_value', 'NONE');
#8934 = CARTESIAN_POINT ( 'NONE',  ( -1.871420061658899403, 4.577485074376069107, -29.75000000000000000 ) ) ;
#8935 = CARTESIAN_POINT ( 'NONE',  ( 6.055148810859217079, -1.399752460615913519, -19.04119048687374871 ) ) ;
#8936 = CARTESIAN_POINT ( 'NONE',  ( 2.925000000000000266, -0.6249999999999985567, 6.599999999999999645 ) ) ;
#8937 = ORIENTED_EDGE ( 'NONE', *, *, #9306, .T. ) ;
#8938 = LINE ( 'NONE', #291, #7869 ) ;
#8939 = SURFACE_STYLE_USAGE ( .BOTH. , #6072 ) ;
#8940 = FILL_AREA_STYLE ('',( #4727 ) ) ;
#8941 = CARTESIAN_POINT ( 'NONE',  ( 4.992962018374508482, 2.960845848910194977, -20.85272001113169438 ) ) ;
#8942 = CARTESIAN_POINT ( 'NONE',  ( 6.267744199870570299, 2.107851392690308856, -23.04239171368655192 ) ) ;
#8943 = EDGE_LOOP ( 'NONE', ( #5423, #8392, #7442, #5486 ) ) ;
#8944 = CARTESIAN_POINT ( 'NONE',  ( -1.861642404832331676, -3.310010245961616970, -23.21005533523130637 ) ) ;
#8945 =( NAMED_UNIT ( * ) SI_UNIT ( $, .STERADIAN. ) SOLID_ANGLE_UNIT ( ) );
#8946 = CARTESIAN_POINT ( 'NONE',  ( 6.049999999999999822, -1.400739683024802451, -18.87548450340289818 ) ) ;
#8947 = PRESENTATION_STYLE_ASSIGNMENT (( #897 ) ) ;
#8948 = CARTESIAN_POINT ( 'NONE',  ( 5.543279075907523001, -2.990302074283349043, -22.89479248011346613 ) ) ;
#8949 = CARTESIAN_POINT ( 'NONE',  ( 4.686546425784777092, -2.643259330195585566, -9.107298248878237246E-16 ) ) ;
#8950 = CARTESIAN_POINT ( 'NONE',  ( 0.8476827695279481878, -3.289600364478277417, -23.54675541107325998 ) ) ;
#8951 = CARTESIAN_POINT ( 'NONE',  ( 3.293905437590229912, 0.6633768544401399403, -23.37479324885264731 ) ) ;
#8952 = ORIENTED_EDGE ( 'NONE', *, *, #7595, .F. ) ;
#8953 = CARTESIAN_POINT ( 'NONE',  ( 3.339580234202448317, -6.877543600491790987E-14, -23.59694821450823810 ) ) ;
#8954 = PRESENTATION_STYLE_ASSIGNMENT (( #7640 ) ) ;
#8955 = ORIENTED_EDGE ( 'NONE', *, *, #235, .F. ) ;
#8956 = CARTESIAN_POINT ( 'NONE',  ( -3.155458243413105546, 0.7089661646872760237, -29.66256492404790990 ) ) ;
#8957 = EDGE_CURVE ( 'NONE', #9031, #49, #3507, .T. ) ;
#8958 =( GEOMETRIC_REPRESENTATION_CONTEXT ( 3 ) GLOBAL_UNCERTAINTY_ASSIGNED_CONTEXT ( ( #4580 ) ) GLOBAL_UNIT_ASSIGNED_CONTEXT ( ( #1006, #3901, #5933 ) ) REPRESENTATION_CONTEXT ( 'NONE', 'WORKASPACE' ) );
#8959 = CARTESIAN_POINT ( 'NONE',  ( 6.197387297374186588, -2.344292703302262026, -23.05266788498475350 ) ) ;
#8960 =( LENGTH_UNIT ( ) NAMED_UNIT ( * ) SI_UNIT ( .MILLI., .METRE. ) );
#8961 = CARTESIAN_POINT ( 'NONE',  ( -2.826775610078679168, -0.9499999999999995115, -29.50000000000000355 ) ) ;
#8962 = SURFACE_SIDE_STYLE ('',( #5889 ) ) ;
#8963 = VERTEX_POINT ( 'NONE', #6647 ) ;
#8964 = CARTESIAN_POINT ( 'NONE',  ( 0.0000000000000000000, 0.0000000000000000000, -29.75000000000000355 ) ) ;
#8965 =( GEOMETRIC_REPRESENTATION_CONTEXT ( 3 ) GLOBAL_UNCERTAINTY_ASSIGNED_CONTEXT ( ( #2092 ) ) GLOBAL_UNIT_ASSIGNED_CONTEXT ( ( #7779, #5574, #2045 ) ) REPRESENTATION_CONTEXT ( 'NONE', 'WORKASPACE' ) );
#8966 = SURFACE_SIDE_STYLE ('',( #6242 ) ) ;
#8967 = EDGE_CURVE ( 'NONE', #9003, #8501, #6450, .T. ) ;
#8968 = SURFACE_STYLE_FILL_AREA ( #4615 ) ;
#8969 = STYLED_ITEM ( 'NONE', ( #7260 ), #7187 ) ;
#8970 = COLOUR_RGB ( '',0.2509803921568627416, 0.2509803921568627416, 0.2509803921568627416 ) ;
#8971 = DIRECTION ( 'NONE',  ( -0.9506966266692068457, 0.3101224339511587935, 0.0000000000000000000 ) ) ;
#8972 = CARTESIAN_POINT ( 'NONE',  ( -1.589309410256830423E-16, 0.9500000000000000666, -25.60000000000000497 ) ) ;
#8973 = CARTESIAN_POINT ( 'NONE',  ( 3.270832320335860022, 0.4867964973316780131, -25.47156085455402419 ) ) ;
#8974 = ORIENTED_EDGE ( 'NONE', *, *, #5957, .F. ) ;
#8975 = CARTESIAN_POINT ( 'NONE',  ( -4.713855710941729171, -2.891763259629738680, -4.228388472693475970E-15 ) ) ;
#8976 = ORIENTED_EDGE ( 'NONE', *, *, #2042, .T. ) ;
#8977 =( LENGTH_UNIT ( ) NAMED_UNIT ( * ) SI_UNIT ( .MILLI., .METRE. ) );
#8978 =( GEOMETRIC_REPRESENTATION_CONTEXT ( 3 ) GLOBAL_UNCERTAINTY_ASSIGNED_CONTEXT ( ( #5521 ) ) GLOBAL_UNIT_ASSIGNED_CONTEXT ( ( #1670, #1621, #3095 ) ) REPRESENTATION_CONTEXT ( 'NONE', 'WORKASPACE' ) );
#8979 = SURFACE_STYLE_FILL_AREA ( #9166 ) ;
#8980 = CARTESIAN_POINT ( 'NONE',  ( -6.323227782603917824, 1.561437385388887211, -21.18582226083136533 ) ) ;
#8981 =( BOUNDED_SURFACE ( )  B_SPLINE_SURFACE ( 3, 3, ( 
 ( #8642, #6514, #2001, #3480 ),
 ( #7229, #5044, #627, #1384 ),
 ( #9211, #2857, #4903, #1429 ),
 ( #7843, #2106, #7790, #5623 ) ),
 .UNSPECIFIED., .F., .F., .T. ) 
 B_SPLINE_SURFACE_WITH_KNOTS ( ( 4, 4 ),
 ( 4, 4 ),
 ( 0.0000000000000000000, 1.000000000000000000 ),
 ( 0.0000000000000000000, 1.000000000000000000 ),
 .UNSPECIFIED. ) 
 GEOMETRIC_REPRESENTATION_ITEM ( )  RATIONAL_B_SPLINE_SURFACE ( (
 ( 1.000000000000000000, 0.5400816226341054183, 0.5400816226341054183, 1.000000000000000000),
 ( 0.8088336327650340607, 0.4368361808247777089, 0.4368361808247777089, 0.8088336327650340607),
 ( 0.8088336327650340607, 0.4368361808247777089, 0.4368361808247777089, 0.8088336327650340607),
 ( 1.000000000000000000, 0.5400816226341054183, 0.5400816226341054183, 1.000000000000000000) ) ) 
 REPRESENTATION_ITEM ( '' )  SURFACE ( )  );
#8982 =( LENGTH_UNIT ( ) NAMED_UNIT ( * ) SI_UNIT ( .MILLI., .METRE. ) );
#8983 = CARTESIAN_POINT ( 'NONE',  ( -1.931425879585301209, -0.8259943559174783845, -28.12305965639559702 ) ) ;
#8984 = COLOUR_RGB ( '',0.2509803921568627416, 0.2509803921568627416, 0.2509803921568627416 ) ;
#8985 = UNCERTAINTY_MEASURE_WITH_UNIT (LENGTH_MEASURE( 1.000000000000000082E-05 ), #1036, 'distance_accuracy_value', 'NONE');
#8986 = CARTESIAN_POINT ( 'NONE',  ( 0.0000000000000000000, 0.0000000000000000000, -26.75000000000000355 ) ) ;
#8987 = EDGE_LOOP ( 'NONE', ( #762, #7147, #8170, #5537 ) ) ;
#8988 = CARTESIAN_POINT ( 'NONE',  ( 6.336395963635951922, 1.568269230615335852, -21.29116770908763101 ) ) ;
#8989 = CARTESIAN_POINT ( 'NONE',  ( 6.268452691695514112, -2.039652934739941248, -20.98471941745772185 ) ) ;
#8990 = CARTESIAN_POINT ( 'NONE',  ( 5.842746248349969918, 2.652899637149272571, -23.10268583020088684 ) ) ;
#8991 = ORIENTED_EDGE ( 'NONE', *, *, #9100, .F. ) ;
#8992 = CIRCLE ( 'NONE', #822, 0.2500000000000000000 ) ;
#8993 = CARTESIAN_POINT ( 'NONE',  ( 3.121308204493193017, 0.9614706638655042825, -27.85438173923965977 ) ) ;
#8994 = CARTESIAN_POINT ( 'NONE',  ( 1.839629132948767731, 4.487384275966196157, -28.10000000000000497 ) ) ;
#8995 = CARTESIAN_POINT ( 'NONE',  ( -6.271693356325227953, 3.149999999999999911, -22.78911128767646943 ) ) ;
#8996 = CARTESIAN_POINT ( 'NONE',  ( 5.947265621632788601, -2.601803675125563320, -23.08822539389019113 ) ) ;
#8997 =( NAMED_UNIT ( * ) PLANE_ANGLE_UNIT ( ) SI_UNIT ( $, .RADIAN. ) );
#8998 = VECTOR ( 'NONE', #9206, 1000.000000000000000 ) ;
#8999 = SURFACE_STYLE_FILL_AREA ( #1090 ) ;
#9000 = CARTESIAN_POINT ( 'NONE',  ( 2.941405873877909638, 1.597338662884310923, -23.40017351629712294 ) ) ;
#9001 = ORIENTED_EDGE ( 'NONE', *, *, #98, .F. ) ;
#9002 = SURFACE_STYLE_FILL_AREA ( #5980 ) ;
#9003 = VERTEX_POINT ( 'NONE', #8961 ) ;
#9004 = CARTESIAN_POINT ( 'NONE',  ( 5.695412306494166188, -2.698344158158649364, -23.12249937629414021 ) ) ;
#9005 = STYLED_ITEM ( 'NONE', ( #8067 ), #8377 ) ;
#9006 = CARTESIAN_POINT ( 'NONE',  ( -3.114765733250399737, -1.028379173908033462, -27.00145445950397161 ) ) ;
#9007 = COLOUR_RGB ( '',0.2509803921568627416, 0.2509803921568627416, 0.2509803921568627416 ) ;
#9008 = CARTESIAN_POINT ( 'NONE',  ( -1.589309410256830423E-16, -0.9500000000000000666, -26.75000000000000355 ) ) ;
#9009 = UNCERTAINTY_MEASURE_WITH_UNIT (LENGTH_MEASURE( 1.000000000000000082E-05 ), #859, 'distance_accuracy_value', 'NONE');
#9010 = DIRECTION ( 'NONE',  ( 0.9479016385291567648, 0.3185631549218143066, 0.0000000000000000000 ) ) ;
#9011 = CARTESIAN_POINT ( 'NONE',  ( -3.236742971957819570, -0.6999999999999994005, -25.60380293868477253 ) ) ;
#9012 = ORIENTED_EDGE ( 'NONE', *, *, #8537, .F. ) ;
#9013 = ADVANCED_FACE ( 'NONE', ( #1099 ), #442, .F. ) ;
#9014 =( LENGTH_UNIT ( ) NAMED_UNIT ( * ) SI_UNIT ( .MILLI., .METRE. ) );
#9015 =( NAMED_UNIT ( * ) PLANE_ANGLE_UNIT ( ) SI_UNIT ( $, .RADIAN. ) );
#9016 = FACE_OUTER_BOUND ( 'NONE', #8307, .T. ) ;
#9017 = CARTESIAN_POINT ( 'NONE',  ( 5.715747250757003073, -2.662946040526947833, -20.11833675097516405 ) ) ;
#9018 = CARTESIAN_POINT ( 'NONE',  ( 0.8476827695279484098, -3.289600364478278305, -23.54675541107326708 ) ) ;
#9019 = SURFACE_STYLE_FILL_AREA ( #1068 ) ;
#9020 = ORIENTED_EDGE ( 'NONE', *, *, #3995, .T. ) ;
#9021 = EDGE_CURVE ( 'NONE', #4318, #5891, #5250, .T. ) ;
#9022 = CARTESIAN_POINT ( 'NONE',  ( -5.412426587548079482, -2.749420368596405595, -0.2500000000000071609 ) ) ;
#9023 = EDGE_CURVE ( 'NONE', #4763, #1229, #5196, .T. ) ;
#9024 = LINE ( 'NONE', #2541, #2089 ) ;
#9025 = ORIENTED_EDGE ( 'NONE', *, *, #3579, .T. ) ;
#9026 = CARTESIAN_POINT ( 'NONE',  ( -6.279874161914278829, 2.025140165954565141, -23.04060760677661790 ) ) ;
#9027 = CARTESIAN_POINT ( 'NONE',  ( 5.412419099302475445, 2.749423683988654332, -0.2500000000000019984 ) ) ;
#9028 =( NAMED_UNIT ( * ) PLANE_ANGLE_UNIT ( ) SI_UNIT ( $, .RADIAN. ) );
#9029 = CARTESIAN_POINT ( 'NONE',  ( 3.114729576739752481, 1.028367236380224981, -27.00436310159584963 ) ) ;
#9030 =( NAMED_UNIT ( * ) SI_UNIT ( $, .STERADIAN. ) SOLID_ANGLE_UNIT ( ) );
#9031 = VERTEX_POINT ( 'NONE', #3846 ) ;
#9032 = FACE_OUTER_BOUND ( 'NONE', #4599, .T. ) ;
#9033 = CARTESIAN_POINT ( 'NONE',  ( 1.861692529204637125, 3.060240855352717393, -23.45982436663733495 ) ) ;
#9034 = STYLED_ITEM ( 'NONE', ( #5662 ), #8900 ) ;
#9035 =( GEOMETRIC_REPRESENTATION_CONTEXT ( 3 ) GLOBAL_UNCERTAINTY_ASSIGNED_CONTEXT ( ( #8886 ) ) GLOBAL_UNIT_ASSIGNED_CONTEXT ( ( #2796, #6457, #5026 ) ) REPRESENTATION_CONTEXT ( 'NONE', 'WORKASPACE' ) );
#9036 = FILL_AREA_STYLE ('',( #6175 ) ) ;
#9037 = CARTESIAN_POINT ( 'NONE',  ( 5.808818998585802085, 2.917208982802837802, -22.85969196246172075 ) ) ;
#9038 = B_SPLINE_CURVE_WITH_KNOTS ( 'NONE', 3,
 ( #5428, #8329, #6943, #9056, #8910, #8227 ),
 .UNSPECIFIED., .F., .F.,
 ( 4, 2, 4 ),
 ( 0.0000000000000000000, 0.5000000000000000000, 1.000000000000000000 ),
 .UNSPECIFIED. ) ;
#9039 =( BOUNDED_CURVE ( )  B_SPLINE_CURVE ( 2, ( #6898, #6049, #4562 ),
 .UNSPECIFIED., .F., .F. ) 
 B_SPLINE_CURVE_WITH_KNOTS ( ( 3, 3 ),
 ( 0.0000000000000000000, 1.000000000000000000 ),
 .UNSPECIFIED. ) 
 CURVE ( )  GEOMETRIC_REPRESENTATION_ITEM ( )  RATIONAL_B_SPLINE_CURVE ( ( 1.000000000000000000, 1.489454356889000630, 1.000000000000000000 ) ) 
 REPRESENTATION_ITEM ( '' )  );
#9040 = CARTESIAN_POINT ( 'NONE',  ( 1.969729866933063400, 0.7299567491647973583, -28.21413136093460139 ) ) ;
#9041 = CARTESIAN_POINT ( 'NONE',  ( -4.909053692524224743, 2.869889770554802766, -20.44105959453237276 ) ) ;
#9042 = B_SPLINE_CURVE_WITH_KNOTS ( 'NONE', 3,
 ( #2057, #7279, #591, #4780 ),
 .UNSPECIFIED., .F., .F.,
 ( 4, 4 ),
 ( 0.0000000000000000000, 1.000000000000000000 ),
 .UNSPECIFIED. ) ;
#9043 = STYLED_ITEM ( 'NONE', ( #1515 ), #9259 ) ;
#9044 = PRESENTATION_LAYER_ASSIGNMENT (  '', '', ( #5726 ) ) ;
#9045 = CARTESIAN_POINT ( 'NONE',  ( -2.975056042905303233, -0.6999999999999954037, -28.28356587419160562 ) ) ;
#9046 = DIRECTION ( 'NONE',  ( 0.01764690081856861575, 5.927664045148409177E-14, -0.9998442813215965286 ) ) ;
#9047 = EDGE_CURVE ( 'NONE', #8755, #4622, #4799, .T. ) ;
#9048 = CARTESIAN_POINT ( 'NONE',  ( 2.941760765533660837, 1.588124918665408503, -23.63037221054890935 ) ) ;
#9049 = CARTESIAN_POINT ( 'NONE',  ( -3.013308306279887105, 0.6999999999999996225, -26.05000000402831617 ) ) ;
#9050 = CARTESIAN_POINT ( 'NONE',  ( -1.141446668564378930, 3.137878251406930996, -23.72842574396074156 ) ) ;
#9051 = CIRCLE ( 'NONE', #5872, 43.15249999999993946 ) ;
#9052 = ORIENTED_EDGE ( 'NONE', *, *, #8356, .F. ) ;
#9053 = CARTESIAN_POINT ( 'NONE',  ( -6.182609125245413395, -2.725514048995505423, -20.06087300196333700 ) ) ;
#9054 = CARTESIAN_POINT ( 'NONE',  ( -5.381055799660424910, 2.785381992476109847, -20.16190632443578679 ) ) ;
#9055 = B_SPLINE_CURVE_WITH_KNOTS ( 'NONE', 3,
 ( #3910, #1153, #2487, #3956, #6161, #9017, #2536, #1821, #4132, #8640, #7840, #6286, #6467, #4940 ),
 .UNSPECIFIED., .F., .F.,
 ( 4, 2, 2, 2, 2, 2, 4 ),
 ( 0.0000000000000000000, 0.1250000000000003053, 0.2500000000000006106, 0.5000000000000002220, 0.7499999999999998890, 0.8749999999999998890, 1.000000000000000000 ),
 .UNSPECIFIED. ) ;
#9056 = CARTESIAN_POINT ( 'NONE',  ( 2.993209939743668002, 0.7282289282610602266, -26.63276822136464972 ) ) ;
#9057 = CARTESIAN_POINT ( 'NONE',  ( -3.281240477022259405, -0.6633854824674716433, -23.37565229056102467 ) ) ;
#9058 =( NAMED_UNIT ( * ) PLANE_ANGLE_UNIT ( ) SI_UNIT ( $, .RADIAN. ) );
#9059 = FILL_AREA_STYLE ('',( #6893 ) ) ;
#9060 = ORIENTED_EDGE ( 'NONE', *, *, #8263, .F. ) ;
#9061 = CARTESIAN_POINT ( 'NONE',  ( -2.912274948409522057, -0.9499999999999995115, -25.35000000000000853 ) ) ;
#9062 = CARTESIAN_POINT ( 'NONE',  ( -5.835693692962914625, 2.914378787945733240, -23.10374046486064259 ) ) ;
#9063 =( GEOMETRIC_REPRESENTATION_CONTEXT ( 3 ) GLOBAL_UNCERTAINTY_ASSIGNED_CONTEXT ( ( #6123 ) ) GLOBAL_UNIT_ASSIGNED_CONTEXT ( ( #6672, #1638, #4531 ) ) REPRESENTATION_CONTEXT ( 'NONE', 'WORKASPACE' ) );
#9064 = SURFACE_SIDE_STYLE ('',( #8968 ) ) ;
#9065 = CARTESIAN_POINT ( 'NONE',  ( 2.902836885024087987, -0.8218474485176301414, -29.47442521453003650 ) ) ;
#9066 = MECHANICAL_DESIGN_GEOMETRIC_PRESENTATION_REPRESENTATION (  '', ( #576 ), #6511 ) ;
#9067 =( LENGTH_UNIT ( ) NAMED_UNIT ( * ) SI_UNIT ( .MILLI., .METRE. ) );
#9068 = CARTESIAN_POINT ( 'NONE',  ( 6.431696094103600103, 1.546418487300357025, -22.99174828841684004 ) ) ;
#9069 = CARTESIAN_POINT ( 'NONE',  ( 3.238229083727871771, 0.6989977188398280861, -25.52943636783326653 ) ) ;
#9070 = ORIENTED_EDGE ( 'NONE', *, *, #7961, .F. ) ;
#9071 = CARTESIAN_POINT ( 'NONE',  ( -5.010248155613084897, -2.602105794991347754, -4.391018798566292958E-15 ) ) ;
#9072 = FILL_AREA_STYLE_COLOUR ( '', #712 ) ;
#9073 = VERTEX_POINT ( 'NONE', #3996 ) ;
#9074 = CARTESIAN_POINT ( 'NONE',  ( -6.109383907937316671, 2.474415138394331137, -23.06533835099050833 ) ) ;
#9075 = CARTESIAN_POINT ( 'NONE',  ( 1.861692450849449898, -3.060240854081325956, -23.45982257102892277 ) ) ;
#9076 = MECHANICAL_DESIGN_GEOMETRIC_PRESENTATION_REPRESENTATION (  '', ( #3340 ), #1817 ) ;
#9077 = UNCERTAINTY_MEASURE_WITH_UNIT (LENGTH_MEASURE( 1.000000000000000082E-05 ), #434, 'distance_accuracy_value', 'NONE');
#9078 = EDGE_CURVE ( 'NONE', #6663, #7108, #1921, .T. ) ;
#9079 = EDGE_CURVE ( 'NONE', #5758, #2944, #261, .T. ) ;
#9080 = CARTESIAN_POINT ( 'NONE',  ( -5.840223033037198697, -2.912957867936682099, -23.10312473379515197 ) ) ;
#9081 = CARTESIAN_POINT ( 'NONE',  ( 3.190969613533184646, 0.7667776894518950614, -26.94672556733953073 ) ) ;
#9082 = FACE_OUTER_BOUND ( 'NONE', #8801, .T. ) ;
#9083 = EDGE_LOOP ( 'NONE', ( #3861, #2892, #2095, #8768 ) ) ;
#9084 = CARTESIAN_POINT ( 'NONE',  ( 1.697772117163799610, -3.349851502203060161, -20.85272001113170504 ) ) ;
#9085 = AXIS2_PLACEMENT_3D ( 'NONE', #8508, #6335, #8601 ) ;
#9086 = SURFACE_STYLE_USAGE ( .BOTH. , #1839 ) ;
#9087 = DIRECTION ( 'NONE',  ( 0.1092371406278130480, -0.9940157177366257812, 0.0000000000000000000 ) ) ;
#9088 = CARTESIAN_POINT ( 'NONE',  ( 6.159021010878390712, 2.409623357220016970, -23.05821392735403563 ) ) ;
#9089 = CARTESIAN_POINT ( 'NONE',  ( -3.263371650758285281, 1.484022291674006455, -23.37668703368467504 ) ) ;
#9090 = CARTESIAN_POINT ( 'NONE',  ( 4.723190629521448081, -2.890740483774966396, -19.16547007790463653 ) ) ;
#9091 = EDGE_CURVE ( 'NONE', #5362, #5613, #9038, .T. ) ;
#9092 = CIRCLE ( 'NONE', #6376, 0.2499999999999993894 ) ;
#9093 = CARTESIAN_POINT ( 'NONE',  ( -3.063714927208265326, -1.029628659052581163, -29.75436310160932152 ) ) ;
#9094 = CARTESIAN_POINT ( 'NONE',  ( -3.227472311432954211, -0.6051038491703388811, -26.82306777177414148 ) ) ;
#9095 = CARTESIAN_POINT ( 'NONE',  ( -5.794452990549215698, 1.726999784845225427, -1.463672932855430986E-15 ) ) ;
#9096 = CARTESIAN_POINT ( 'NONE',  ( -2.967414233364054965, -0.6999999999999996225, -28.65000000562610794 ) ) ;
#9097 = CARTESIAN_POINT ( 'NONE',  ( -6.106013773780382792, -2.736621280184890370, -19.44811019024307797 ) ) ;
#9098 = CARTESIAN_POINT ( 'NONE',  ( -0.6230889259981057249, -3.279765476756788090, -23.66333309677914443 ) ) ;
#9099 = EDGE_LOOP ( 'NONE', ( #8134, #5801, #2070, #2885 ) ) ;
#9100 = EDGE_CURVE ( 'NONE', #373, #3495, #2474, .T. ) ;
#9101 = CARTESIAN_POINT ( 'NONE',  ( 6.550085928064111052, -1.546474879899704336, -23.00068742451317405 ) ) ;
#9102 = PRESENTATION_LAYER_ASSIGNMENT (  '', '', ( #1534 ) ) ;
#9103 = DIRECTION ( 'NONE',  ( -1.000000000000000000, 0.0000000000000000000, 0.0000000000000000000 ) ) ;
#9104 = CARTESIAN_POINT ( 'NONE',  ( -3.244158841413470995, -0.8253196598739725998, -23.37847359357671806 ) ) ;
#9105 =( NAMED_UNIT ( * ) SI_UNIT ( $, .STERADIAN. ) SOLID_ANGLE_UNIT ( ) );
#9106 = ORIENTED_EDGE ( 'NONE', *, *, #647, .F. ) ;
#9107 =( LENGTH_UNIT ( ) NAMED_UNIT ( * ) SI_UNIT ( .MILLI., .METRE. ) );
#9108 = DIRECTION ( 'NONE',  ( -0.9940157177366257812, -0.1092371406278138390, 0.0000000000000000000 ) ) ;
#9109 = MECHANICAL_DESIGN_GEOMETRIC_PRESENTATION_REPRESENTATION (  '', ( #9252 ), #1238 ) ;
#9110 = PRESENTATION_LAYER_ASSIGNMENT (  '', '', ( #7908 ) ) ;
#9111 = DIRECTION ( 'NONE',  ( 0.0000000000000000000, 1.000000000000000000, 0.0000000000000000000 ) ) ;
#9112 = CARTESIAN_POINT ( 'NONE',  ( -3.018531839037320808, 0.7281423611171419230, -25.46736071721528560 ) ) ;
#9113 = PRESENTATION_STYLE_ASSIGNMENT (( #8460 ) ) ;
#9114 = CARTESIAN_POINT ( 'NONE',  ( 1.480933811692560109, -3.163712551032284548, -23.49063498533767458 ) ) ;
#9115 = FILL_AREA_STYLE_COLOUR ( '', #8018 ) ;
#9116 = ORIENTED_EDGE ( 'NONE', *, *, #1486, .T. ) ;
#9117 =( LENGTH_UNIT ( ) NAMED_UNIT ( * ) SI_UNIT ( .MILLI., .METRE. ) );
#9118 = ORIENTED_EDGE ( 'NONE', *, *, #9333, .F. ) ;
#9119 = DIRECTION ( 'NONE',  ( -0.0000000000000000000, -0.0000000000000000000, -1.000000000000000000 ) ) ;
#9120 = CARTESIAN_POINT ( 'NONE',  ( -2.985144910683422026, 3.012232784081912751, -23.41130922638331313 ) ) ;
#9121 = MECHANICAL_DESIGN_GEOMETRIC_PRESENTATION_REPRESENTATION (  '', ( #949 ), #7465 ) ;
#9122 = CARTESIAN_POINT ( 'NONE',  ( 5.597825843122763878, -2.661095907100279323, 1.007809857774038019E-14 ) ) ;
#9123 = AXIS2_PLACEMENT_3D ( 'NONE', #4563, #7462, #7320 ) ;
#9124 = UNCERTAINTY_MEASURE_WITH_UNIT (LENGTH_MEASURE( 1.000000000000000082E-05 ), #3227, 'distance_accuracy_value', 'NONE');
#9125 = CARTESIAN_POINT ( 'NONE',  ( -5.576065253097726604, -2.986214163102980823, -23.13860858999247228 ) ) ;
#9126 = CARTESIAN_POINT ( 'NONE',  ( -3.239793061745154468, -0.5481760242647800707, -26.76989955374768115 ) ) ;
#9127 = CARTESIAN_POINT ( 'NONE',  ( -4.860731151393467009, 2.875367821608406427, -20.22822017818153739 ) ) ;
#9128 = PRESENTATION_STYLE_ASSIGNMENT (( #4069 ) ) ;
#9129 = MECHANICAL_DESIGN_GEOMETRIC_PRESENTATION_REPRESENTATION (  '', ( #3533 ), #2775 ) ;
#9130 = CARTESIAN_POINT ( 'NONE',  ( 3.231393650149251950, 0.7000000000001134204, -25.90376909648669823 ) ) ;
#9131 = ADVANCED_FACE ( 'NONE', ( #3898 ), #4216, .T. ) ;
#9132 = CARTESIAN_POINT ( 'NONE',  ( 6.407618491376562808, 2.393297574208737011, -22.77563101368118126 ) ) ;
#9133 = CARTESIAN_POINT ( 'NONE',  ( -3.568812343761351702, 0.3071827623331918056, -23.35217224276849635 ) ) ;
#9134 = CARTESIAN_POINT ( 'NONE',  ( -4.992962018374508482, 2.960845848910200306, -20.85272001113170148 ) ) ;
#9135 = VECTOR ( 'NONE', #1544, 1000.000000000000000 ) ;
#9136 = SURFACE_STYLE_FILL_AREA ( #2511 ) ;
#9137 = CARTESIAN_POINT ( 'NONE',  ( -3.252572334974570989, -0.4870147112371194242, -26.50436289859970884 ) ) ;
#9138 = CARTESIAN_POINT ( 'NONE',  ( 1.872832080032804658, -0.9499999999999997335, -28.10000000000000497 ) ) ;
#9139 = CARTESIAN_POINT ( 'NONE',  ( -5.597831624705476905, 2.661093493913336161, -0.2500000000000068834 ) ) ;
#9140 = EDGE_CURVE ( 'NONE', #1707, #8374, #470, .T. ) ;
#9141 = CARTESIAN_POINT ( 'NONE',  ( 0.8438521979497786152, -3.229794318979376300, -23.69993921868557862 ) ) ;
#9142 = LINE ( 'NONE', #2651, #2153 ) ;
#9143 = COLOUR_RGB ( '',0.2509803921568627416, 0.2509803921568627416, 0.2509803921568627416 ) ;
#9144 = EDGE_CURVE ( 'NONE', #69, #510, #6476, .T. ) ;
#9145 = ORIENTED_EDGE ( 'NONE', *, *, #4153, .F. ) ;
#9146 = CARTESIAN_POINT ( 'NONE',  ( -6.180271013676002845, -1.384904610932394142, -20.04216810940805260 ) ) ;
#9147 = SURFACE_SIDE_STYLE ('',( #7598 ) ) ;
#9148 =( NAMED_UNIT ( * ) SI_UNIT ( $, .STERADIAN. ) SOLID_ANGLE_UNIT ( ) );
#9149 = AXIS2_PLACEMENT_3D ( 'NONE', #8574, #2165, #1263 ) ;
#9150 = CARTESIAN_POINT ( 'NONE',  ( 0.0000000000000000000, 0.0000000000000000000, -41.50000000000000000 ) ) ;
#9151 = ORIENTED_EDGE ( 'NONE', *, *, #7751, .T. ) ;
#9152 = SURFACE_SIDE_STYLE ('',( #6280 ) ) ;
#9153 = CARTESIAN_POINT ( 'NONE',  ( 3.209243538758411507, 0.4875474378131162134, -28.95436268573383742 ) ) ;
#9154 = CARTESIAN_POINT ( 'NONE',  ( -3.149912906151238534, -1.027518800200482918, -25.10436310160577023 ) ) ;
#9155 = CARTESIAN_POINT ( 'NONE',  ( -5.839346588956469297, 2.654132396100694624, -23.10314951154545682 ) ) ;
#9156 = FILL_AREA_STYLE_COLOUR ( '', #105 ) ;
#9157 = DIRECTION ( 'NONE',  ( 0.01765330299753276738, -3.144293082623637043E-14, -0.9998441683048802098 ) ) ;
#9158 = CARTESIAN_POINT ( 'NONE',  ( 4.781487482505077047, -2.884295444745392345, -19.61581078674070255 ) ) ;
#9159 = CARTESIAN_POINT ( 'NONE',  ( 3.265164717763151980, 0.5476060758439854625, -25.33929094469587540 ) ) ;
#9160 = ORIENTED_EDGE ( 'NONE', *, *, #9375, .F. ) ;
#9161 = CARTESIAN_POINT ( 'NONE',  ( -6.180271013676017056, -1.384904610932400582, -20.04216810940815563 ) ) ;
#9162 = EDGE_CURVE ( 'NONE', #4521, #5694, #7386, .T. ) ;
#9163 = CARTESIAN_POINT ( 'NONE',  ( -6.456842086974367234, -2.248258272795216062, -22.76816514100098843 ) ) ;
#9164 = VERTEX_POINT ( 'NONE', #1189 ) ;
#9165 = SURFACE_STYLE_FILL_AREA ( #5627 ) ;
#9166 = FILL_AREA_STYLE ('',( #8470 ) ) ;
#9167 = CARTESIAN_POINT ( 'NONE',  ( 5.911671440032183256, -2.309283998322753995, -5.454760260511774562E-15 ) ) ;
#9168 = UNCERTAINTY_MEASURE_WITH_UNIT (LENGTH_MEASURE( 1.000000000000000082E-05 ), #1774, 'distance_accuracy_value', 'NONE');
#9169 = MECHANICAL_DESIGN_GEOMETRIC_PRESENTATION_REPRESENTATION (  '', ( #1762 ), #1003 ) ;
#9170 = MECHANICAL_DESIGN_GEOMETRIC_PRESENTATION_REPRESENTATION (  '', ( #1763 ), #3431 ) ;
#9171 = CARTESIAN_POINT ( 'NONE',  ( -1.368385378953852038, -3.047036524186528705, -23.72091956031566085 ) ) ;
#9172 = ORIENTED_EDGE ( 'NONE', *, *, #8617, .F. ) ;
#9173 = CARTESIAN_POINT ( 'NONE',  ( -5.052691498763899780, -2.953862332817703606, -20.85272001113170148 ) ) ;
#9174 = DIRECTION ( 'NONE',  ( -0.0000000000000000000, -0.0000000000000000000, -1.000000000000000000 ) ) ;
#9175 = CARTESIAN_POINT ( 'NONE',  ( 3.203398940256226179, 3.923032258576810771E-16, -31.39876908820451717 ) ) ;
#9176 = VERTEX_POINT ( 'NONE', #7128 ) ;
#9177 = CARTESIAN_POINT ( 'NONE',  ( 5.986302874513660832, -2.766996583153036315, -21.35240377893938657 ) ) ;
#9178 = CARTESIAN_POINT ( 'NONE',  ( 5.378149495383188317, 3.015440916425765394, -22.91574885668076789 ) ) ;
#9179 = AXIS2_PLACEMENT_3D ( 'NONE', #2445, #8795, #5344 ) ;
#9180 = CARTESIAN_POINT ( 'NONE',  ( -3.568920171340063341, -0.3069919845601422059, -23.35216329438621585 ) ) ;
#9181 = LINE ( 'NONE', #7065, #2946 ) ;
#9182 = ADVANCED_FACE ( 'NONE', ( #616 ), #482, .F. ) ;
#9183 = CARTESIAN_POINT ( 'NONE',  ( -3.201553547669413025, -0.4876384123614711519, -29.38912265357152265 ) ) ;
#9184 = CARTESIAN_POINT ( 'NONE',  ( -6.050000000000003375, 1.400739683024801563, -0.2500000000000015543 ) ) ;
#9185 = CARTESIAN_POINT ( 'NONE',  ( 6.049999999999998046, 3.149999999999999911, -18.87548450340289463 ) ) ;
#9186 = STYLED_ITEM ( 'NONE', ( #3621 ), #3530 ) ;
#9187 =( GEOMETRIC_REPRESENTATION_CONTEXT ( 3 ) GLOBAL_UNCERTAINTY_ASSIGNED_CONTEXT ( ( #2350 ) ) GLOBAL_UNIT_ASSIGNED_CONTEXT ( ( #1819, #4662, #1196 ) ) REPRESENTATION_CONTEXT ( 'NONE', 'WORKASPACE' ) );
#9188 = CARTESIAN_POINT ( 'NONE',  ( -5.410494235848631206, 2.750063474853209122, -0.2499999999999936717 ) ) ;
#9189 = MANIFOLD_SOLID_BREP ( 'Boss-Extrude3', #4120 ) ;
#9190 = CARTESIAN_POINT ( 'NONE',  ( 0.07984162786593998473, -3.339212153676042849, -23.56842083134532473 ) ) ;
#9191 = CARTESIAN_POINT ( 'NONE',  ( 1.688074263814399956, 3.248932078282114944, -20.22822021129186609 ) ) ;
#9192 = CARTESIAN_POINT ( 'NONE',  ( 0.5359718528435324369, 3.297058077097081430, -23.64780703469882539 ) ) ;
#9193 = ORIENTED_EDGE ( 'NONE', *, *, #6959, .T. ) ;
#9194 = CIRCLE ( 'NONE', #2545, 0.2500000000000000000 ) ;
#9195 = CIRCLE ( 'NONE', #5119, 0.2500000000000044409 ) ;
#9196 = EDGE_CURVE ( 'NONE', #699, #3192, #4403, .T. ) ;
#9197 =( NAMED_UNIT ( * ) PLANE_ANGLE_UNIT ( ) SI_UNIT ( $, .RADIAN. ) );
#9198 = FILL_AREA_STYLE ('',( #6320 ) ) ;
#9199 = EDGE_CURVE ( 'NONE', #6779, #5992, #9194, .T. ) ;
#9200 =( NAMED_UNIT ( * ) SI_UNIT ( $, .STERADIAN. ) SOLID_ANGLE_UNIT ( ) );
#9201 = CARTESIAN_POINT ( 'NONE',  ( -3.114729576739698302, -1.028367236380207439, -27.00436310160932507 ) ) ;
#9202 = VECTOR ( 'NONE', #2364, 1000.000000000000000 ) ;
#9203 = ORIENTED_EDGE ( 'NONE', *, *, #8356, .T. ) ;
#9204 =( NAMED_UNIT ( * ) PLANE_ANGLE_UNIT ( ) SI_UNIT ( $, .RADIAN. ) );
#9205 = CARTESIAN_POINT ( 'NONE',  ( 6.182609125245425830, 2.725514048995512084, -20.06087300196343648 ) ) ;
#9206 = DIRECTION ( 'NONE',  ( -1.000000000000000000, 0.0000000000000000000, -0.0000000000000000000 ) ) ;
#9207 = CARTESIAN_POINT ( 'NONE',  ( -6.519762825503641501, 1.546407206449784022, -22.75810260402914409 ) ) ;
#9208 = SURFACE_STYLE_FILL_AREA ( #2665 ) ;
#9209 = CARTESIAN_POINT ( 'NONE',  ( 0.8340078175227445545, -3.233693634576449316, -23.69959167598867467 ) ) ;
#9210 = CARTESIAN_POINT ( 'NONE',  ( -1.861692365278875050, 3.060240853438395359, -23.45982059832397582 ) ) ;
#9211 = CARTESIAN_POINT ( 'NONE',  ( 3.147516565147402634, -1.026737100672113545, -25.24876908820928278 ) ) ;
#9212 = ORIENTED_EDGE ( 'NONE', *, *, #218, .F. ) ;
#9213 =( NAMED_UNIT ( * ) SI_UNIT ( $, .STERADIAN. ) SOLID_ANGLE_UNIT ( ) );
#9214 = CIRCLE ( 'NONE', #1942, 2.100000000000000089 ) ;
#9215 = CARTESIAN_POINT ( 'NONE',  ( 4.992962018374508482, -2.960845848910202083, -20.85272001113170504 ) ) ;
#9216 = CARTESIAN_POINT ( 'NONE',  ( 5.239957766370991088, -3.032171736869368139, -23.18068763881755601 ) ) ;
#9217 = UNCERTAINTY_MEASURE_WITH_UNIT (LENGTH_MEASURE( 1.000000000000000082E-05 ), #5910, 'distance_accuracy_value', 'NONE');
#9218 = EDGE_CURVE ( 'NONE', #709, #6038, #1684, .T. ) ;
#9219 = COLOUR_RGB ( '',0.2509803921568627416, 0.2509803921568627416, 0.2509803921568627416 ) ;
#9220 = CARTESIAN_POINT ( 'NONE',  ( -6.300278239886333509, -2.593734161945591588, -22.79151113714776145 ) ) ;
#9221 = CARTESIAN_POINT ( 'NONE',  ( 3.247869140398555565, 0.5029818941554196066, -26.64144038016002725 ) ) ;
#9222 = FACE_OUTER_BOUND ( 'NONE', #7686, .T. ) ;
#9223 = EDGE_LOOP ( 'NONE', ( #3581, #4185, #2357, #5780 ) ) ;
#9224 = CARTESIAN_POINT ( 'NONE',  ( 6.330224169033181525, -1.868250750990938958, -21.29631216045542530 ) ) ;
#9225 = CARTESIAN_POINT ( 'NONE',  ( 3.063751019710971413, -1.029640788730452394, -29.60355339059327662 ) ) ;
#9226 =( LENGTH_UNIT ( ) NAMED_UNIT ( * ) SI_UNIT ( .MILLI., .METRE. ) );
#9227 = COLOUR_RGB ( '',0.2509803921568627416, 0.2509803921568627416, 0.2509803921568627416 ) ;
#9228 = CARTESIAN_POINT ( 'NONE',  ( -2.122687915647083479, -2.899841849757261336, -23.44855216717353130 ) ) ;
#9229 = CARTESIAN_POINT ( 'NONE',  ( 3.003015388406722774, -0.6999999999999995115, -26.56659599427041485 ) ) ;
#9230 = CARTESIAN_POINT ( 'NONE',  ( -3.136996903791902991, -0.9609247479151652449, -27.00434464557601544 ) ) ;
#9231 = STYLED_ITEM ( 'NONE', ( #1148 ), #5328 ) ;
#9232 =( BOUNDED_SURFACE ( )  B_SPLINE_SURFACE ( 3, 3, ( 
 ( #249, #3128, #5305, #6932 ),
 ( #6785, #6835, #8994, #992 ),
 ( #1649, #3937, #1085, #3983 ),
 ( #5262, #5412, #1700, #3230 ) ),
 .UNSPECIFIED., .F., .F., .T. ) 
 B_SPLINE_SURFACE_WITH_KNOTS ( ( 4, 4 ),
 ( 4, 4 ),
 ( 0.0000000000000000000, 1.000000000000000000 ),
 ( 0.0000000000000000000, 1.000000000000000000 ),
 .UNSPECIFIED. ) 
 GEOMETRIC_REPRESENTATION_ITEM ( )  RATIONAL_B_SPLINE_SURFACE ( (
 ( 1.000000000000000000, 0.5433729028597459321, 0.5433729028597459321, 1.000000000000000000),
 ( 0.8088336327573881768, 0.4394982789619756858, 0.4394982789619756858, 0.8088336327573881768),
 ( 0.8088336327573881768, 0.4394982789619756858, 0.4394982789619756858, 0.8088336327573881768),
 ( 1.000000000000000000, 0.5433729028597459321, 0.5433729028597459321, 1.000000000000000000) ) ) 
 REPRESENTATION_ITEM ( '' )  SURFACE ( )  );
#9233 = CARTESIAN_POINT ( 'NONE',  ( -5.320184219597275721, 2.778903610333781415, 1.530964379531955348E-14 ) ) ;
#9234 = CARTESIAN_POINT ( 'NONE',  ( -3.238229083727876656, -0.6989977188398174279, -25.52943636783325232 ) ) ;
#9235 = CARTESIAN_POINT ( 'NONE',  ( 0.6532574233998669211, -3.273817117583411651, -23.66896003137717486 ) ) ;
#9236 = CARTESIAN_POINT ( 'NONE',  ( 0.4320253207943575702, 3.312652339327357254, -23.62632111410937696 ) ) ;
#9237 = ORIENTED_EDGE ( 'NONE', *, *, #8224, .F. ) ;
#9238 = CARTESIAN_POINT ( 'NONE',  ( -4.953255229706720719, -2.898248404118536570, -20.64959908904275565 ) ) ;
#9239 = SURFACE_SIDE_STYLE ('',( #7826 ) ) ;
#9240 = ORIENTED_EDGE ( 'NONE', *, *, #5202, .F. ) ;
#9241 = CARTESIAN_POINT ( 'NONE',  ( 3.214550653809686409, -0.4874774249068076770, -28.65436310723540814 ) ) ;
#9242 = DIRECTION ( 'NONE',  ( -0.3135166956321283060, -0.9495826881108940798, 0.0000000000000000000 ) ) ;
#9243 = CARTESIAN_POINT ( 'NONE',  ( -6.266996459070450776, 2.111937264685189941, -23.04250154731452938 ) ) ;
#9244 = EDGE_CURVE ( 'NONE', #3282, #423, #3740, .T. ) ;
#9245 = FILL_AREA_STYLE ('',( #7261 ) ) ;
#9246 = FILL_AREA_STYLE_COLOUR ( '', #7379 ) ;
#9247 = CARTESIAN_POINT ( 'NONE',  ( -6.050000000000003375, 2.744927974232791890, -18.87548450340289463 ) ) ;
#9248 = CARTESIAN_POINT ( 'NONE',  ( -0.4161338202592100854, -3.348130929234232056, -23.49032414057036888 ) ) ;
#9249 = CARTESIAN_POINT ( 'NONE',  ( 3.262554141854195677, -1.485984399252180621, -23.37675097046291128 ) ) ;
#9250 = VERTEX_POINT ( 'NONE', #5746 ) ;
#9251 = SURFACE_SIDE_STYLE ('',( #4905 ) ) ;
#9252 = STYLED_ITEM ( 'NONE', ( #5959 ), #6588 ) ;
#9253 = CIRCLE ( 'NONE', #1850, 2.100000000000000089 ) ;
#9254 = CARTESIAN_POINT ( 'NONE',  ( -5.378154211862185896, -3.015440099410944264, -22.91574825230242141 ) ) ;
#9255 = ORIENTED_EDGE ( 'NONE', *, *, #1434, .T. ) ;
#9256 = CARTESIAN_POINT ( 'NONE',  ( 1.279002806407680382, -3.206160996096737659, -23.51942546254321442 ) ) ;
#9257 = EDGE_CURVE ( 'NONE', #6046, #5758, #1809, .T. ) ;
#9258 = CARTESIAN_POINT ( 'NONE',  ( 5.917275487144901369, 2.304617362188097207, -0.2500000000000020539 ) ) ;
#9259 = ADVANCED_FACE ( 'NONE', ( #5078 ), #42, .F. ) ;
#9260 = CARTESIAN_POINT ( 'NONE',  ( 1.904079279032715899, -0.8883992034755757716, -29.50000000000000711 ) ) ;
#9261 = UNCERTAINTY_MEASURE_WITH_UNIT (LENGTH_MEASURE( 1.000000000000000082E-05 ), #5306, 'distance_accuracy_value', 'NONE');
#9262 = CIRCLE ( 'NONE', #4730, 0.2499999999999999445 ) ;
#9263 = ORIENTED_EDGE ( 'NONE', *, *, #5742, .T. ) ;
#9264 = CARTESIAN_POINT ( 'NONE',  ( -1.688074263814679510, -3.248932078282136704, -20.44082161392841712 ) ) ;
#9265 = CARTESIAN_POINT ( 'NONE',  ( -3.189178069931482007, -0.6989992870880938902, -28.27927526720269569 ) ) ;
#9266 = CARTESIAN_POINT ( 'NONE',  ( 3.235316645638895761, -0.7091146888343158317, -25.19481864016573525 ) ) ;
#9267 = ORIENTED_EDGE ( 'NONE', *, *, #5316, .T. ) ;
#9268 = CARTESIAN_POINT ( 'NONE',  ( -0.4012626947964736401, 3.315144139340154172, -23.62133482919633565 ) ) ;
#9269 = COLOUR_RGB ( '',0.2509803921568627416, 0.2509803921568627416, 0.2509803921568627416 ) ;
#9270 = DIRECTION ( 'NONE',  ( 0.1207524813862256713, 0.0000000000000000000, 0.9926826472942241741 ) ) ;
#9271 = CARTESIAN_POINT ( 'NONE',  ( -2.956820923034310766, 0.6999999999999995115, -29.25000000000001421 ) ) ;
#9272 = CARTESIAN_POINT ( 'NONE',  ( 2.965091263121204523, 1.575619556196507398, -23.62806720108155289 ) ) ;
#9273 = CARTESIAN_POINT ( 'NONE',  ( -2.672239710408049973, 2.008235510388600265, -23.65060532138005911 ) ) ;
#9274 = FILL_AREA_STYLE_COLOUR ( '', #5708 ) ;
#9275 =( NAMED_UNIT ( * ) PLANE_ANGLE_UNIT ( ) SI_UNIT ( $, .RADIAN. ) );
#9276 = CARTESIAN_POINT ( 'NONE',  ( -2.673486228785238339, -2.006525933952765239, -23.65051558568966072 ) ) ;
#9277 = CARTESIAN_POINT ( 'NONE',  ( -5.684671230752804227, 2.203213750999144516, -1.192622389734054877E-15 ) ) ;
#9278 = CARTESIAN_POINT ( 'NONE',  ( -0.2128281299399220061, 3.342860240042940134, -23.52262531633797238 ) ) ;
#9279 = VERTEX_POINT ( 'NONE', #2976 ) ;
#9280 =( LENGTH_UNIT ( ) NAMED_UNIT ( * ) SI_UNIT ( .MILLI., .METRE. ) );
#9281 =( BOUNDED_SURFACE ( )  B_SPLINE_SURFACE ( 3, 3, ( 
 ( #1017, #7568, #168, #3912 ),
 ( #6812, #7374, #5233, #4518 ),
 ( #325, #8788, #6710, #3716 ),
 ( #6659, #119, #2438, #7420 ) ),
 .UNSPECIFIED., .F., .F., .T. ) 
 B_SPLINE_SURFACE_WITH_KNOTS ( ( 4, 4 ),
 ( 4, 4 ),
 ( 0.0000000000000000000, 1.000000000000000000 ),
 ( 0.0000000000000000000, 1.000000000000000000 ),
 .UNSPECIFIED. ) 
 GEOMETRIC_REPRESENTATION_ITEM ( )  RATIONAL_B_SPLINE_SURFACE ( (
 ( 1.000000000000000000, 0.5400816226341057513, 0.5400816226341057513, 1.000000000000000000),
 ( 0.8088336327650316182, 0.4368361808247766542, 0.4368361808247766542, 0.8088336327650316182),
 ( 0.8088336327650316182, 0.4368361808247766542, 0.4368361808247766542, 0.8088336327650316182),
 ( 1.000000000000000000, 0.5400816226341057513, 0.5400816226341057513, 1.000000000000000000) ) ) 
 REPRESENTATION_ITEM ( '' )  SURFACE ( )  );
#9282 = CARTESIAN_POINT ( 'NONE',  ( 6.065444246572656795, -1.397765045509372417, -19.12355397258126288 ) ) ;
#9283 = PRESENTATION_STYLE_ASSIGNMENT (( #2707 ) ) ;
#9284 = VERTEX_POINT ( 'NONE', #5877 ) ;
#9285 = CARTESIAN_POINT ( 'NONE',  ( 2.967414233365598619, -0.6999999999999996225, -28.65000000562598714 ) ) ;
#9286 = DIRECTION ( 'NONE',  ( -0.01745240643733633051, 2.137303368090260510E-18, 0.9998476951563902704 ) ) ;
#9287 = CARTESIAN_POINT ( 'NONE',  ( 3.171568927771286184, -0.9483565125278593522, -25.33132917683214558 ) ) ;
#9288 = DIRECTION ( 'NONE',  ( 0.0000000000000000000, 0.0000000000000000000, -1.000000000000000000 ) ) ;
#9289 =( GEOMETRIC_REPRESENTATION_CONTEXT ( 3 ) GLOBAL_UNCERTAINTY_ASSIGNED_CONTEXT ( ( #8806 ) ) GLOBAL_UNIT_ASSIGNED_CONTEXT ( ( #2558, #5553, #1931 ) ) REPRESENTATION_CONTEXT ( 'NONE', 'WORKASPACE' ) );
#9290 = AXIS2_PLACEMENT_3D ( 'NONE', #2122, #5860, #24 ) ;
#9291 = EDGE_CURVE ( 'NONE', #7435, #6472, #7027, .T. ) ;
#9292 = CARTESIAN_POINT ( 'NONE',  ( -1.230185108624498369, -3.332542411984770858, -23.30938451862413530 ) ) ;
#9293 = CARTESIAN_POINT ( 'NONE',  ( 3.181510069787332196, -0.7336559074188274687, -28.20160060275814828 ) ) ;
#9294 = CARTESIAN_POINT ( 'NONE',  ( 3.531016577047105365, 0.6046802254961005652, -23.35536104805634494 ) ) ;
#9295 = EDGE_LOOP ( 'NONE', ( #4405, #901, #8955, #1158 ) ) ;
#9296 = CARTESIAN_POINT ( 'NONE',  ( 0.1104741033009089962, 3.344970657754949173, -23.52028066047219212 ) ) ;
#9297 = CARTESIAN_POINT ( 'NONE',  ( 3.167124716145755414, -1.071292773659058506, -23.61252911895090634 ) ) ;
#9298 = ORIENTED_EDGE ( 'NONE', *, *, #5283, .T. ) ;
#9299 = CARTESIAN_POINT ( 'NONE',  ( -5.210767358599760257, 2.787535110521076831, -23.18423843541935270 ) ) ;
#9300 = CARTESIAN_POINT ( 'NONE',  ( 1.861642404832313247, -3.310010245961612974, -23.21005533523129216 ) ) ;
#9301 = MECHANICAL_DESIGN_GEOMETRIC_PRESENTATION_REPRESENTATION (  '', ( #7954 ), #6905 ) ;
#9302 = CARTESIAN_POINT ( 'NONE',  ( 3.203398940256224847, 6.406797880512449694, -31.39876908820451717 ) ) ;
#9303 = UNCERTAINTY_MEASURE_WITH_UNIT (LENGTH_MEASURE( 1.000000000000000082E-05 ), #6498, 'distance_accuracy_value', 'NONE');
#9304 = EDGE_CURVE ( 'NONE', #3388, #7057, #4983, .T. ) ;
#9305 = CARTESIAN_POINT ( 'NONE',  ( -0.6032367619481173726, 3.345805662849115958, -23.41973546689139241 ) ) ;
#9306 = EDGE_CURVE ( 'NONE', #3554, #223, #6953, .T. ) ;
#9307 = STYLED_ITEM ( 'NONE', ( #4595 ), #8457 ) ;
#9308 = FILL_AREA_STYLE_COLOUR ( '', #473 ) ;
#9309 = SURFACE_STYLE_FILL_AREA ( #638 ) ;
#9310 = ORIENTED_EDGE ( 'NONE', *, *, #2302, .T. ) ;
#9311 = PRESENTATION_STYLE_ASSIGNMENT (( #4146 ) ) ;
#9312 =( NAMED_UNIT ( * ) SI_UNIT ( $, .STERADIAN. ) SOLID_ANGLE_UNIT ( ) );
#9313 = ORIENTED_EDGE ( 'NONE', *, *, #2353, .T. ) ;
#9314 = CARTESIAN_POINT ( 'NONE',  ( -0.2451600321132140770, 3.331308241324218766, -23.58964648776939299 ) ) ;
#9315 = CARTESIAN_POINT ( 'NONE',  ( -5.180583332672848762, -2.787534617650591517, -22.93606727554045221 ) ) ;
#9316 = CARTESIAN_POINT ( 'NONE',  ( -3.195641158922615244, 0.7507105000215836821, -26.95310840547867315 ) ) ;
#9317 = CARTESIAN_POINT ( 'NONE',  ( 2.223500689005594388, 2.495331655588781672, -23.68000663241574344 ) ) ;
#9318 =( GEOMETRIC_REPRESENTATION_CONTEXT ( 3 ) GLOBAL_UNCERTAINTY_ASSIGNED_CONTEXT ( ( #2247 ) ) GLOBAL_UNIT_ASSIGNED_CONTEXT ( ( #5900, #2390, #6658 ) ) REPRESENTATION_CONTEXT ( 'NONE', 'WORKASPACE' ) );
#9319 = COLOUR_RGB ( '',0.2509803921568627416, 0.2509803921568627416, 0.2509803921568627416 ) ;
#9320 = CARTESIAN_POINT ( 'NONE',  ( -3.166870438891703277, 1.072065133117250380, -23.61255344141941137 ) ) ;
#9321 =( NAMED_UNIT ( * ) PLANE_ANGLE_UNIT ( ) SI_UNIT ( $, .RADIAN. ) );
#9322 = CARTESIAN_POINT ( 'NONE',  ( -3.142902424920772653, 1.708625803341118576, -23.38546286811831010 ) ) ;
#9323 = AXIS2_PLACEMENT_3D ( 'NONE', #4642, #6081, #5304 ) ;
#9324 = B_SPLINE_CURVE_WITH_KNOTS ( 'NONE', 3,
 ( #3077, #5207, #5875, #4302 ),
 .UNSPECIFIED., .F., .F.,
 ( 4, 4 ),
 ( 0.0000000000000000000, 0.9999990987791426145 ),
 .UNSPECIFIED. ) ;
#9325 = CARTESIAN_POINT ( 'NONE',  ( -3.171715156338864361, -0.9479142161852645021, -25.33122306146101010 ) ) ;
#9326 = CARTESIAN_POINT ( 'NONE',  ( 1.143462531852729391, 3.137071317645835133, -23.72835906861010002 ) ) ;
#9327 = EDGE_LOOP ( 'NONE', ( #4854, #9350, #4377, #2826 ) ) ;
#9328 = CARTESIAN_POINT ( 'NONE',  ( 3.178445224514172995, 0.6060566267454303713, -29.57331265251630015 ) ) ;
#9329 = MECHANICAL_DESIGN_GEOMETRIC_PRESENTATION_REPRESENTATION (  '', ( #4042 ), #5251 ) ;
#9330 = B_SPLINE_CURVE_WITH_KNOTS ( 'NONE', 3,
 ( #4219, #6288, #9158, #7738 ),
 .UNSPECIFIED., .F., .F.,
 ( 4, 4 ),
 ( 0.0000000000000000000, 1.000000000000000000 ),
 .UNSPECIFIED. ) ;
#9331 = PRESENTATION_STYLE_ASSIGNMENT (( #1232 ) ) ;
#9332 = CARTESIAN_POINT ( 'NONE',  ( 3.114765733250400626, 1.028379173908029909, -27.00000000000000000 ) ) ;
#9333 = EDGE_CURVE ( 'NONE', #1310, #2230, #3175, .T. ) ;
#9334 = CARTESIAN_POINT ( 'NONE',  ( -3.016433226247841937, 0.9959134570677252718, -26.75000000000000000 ) ) ;
#9335 = CARTESIAN_POINT ( 'NONE',  ( 6.456847973658396356, 2.248233912970975634, -22.76816422867699785 ) ) ;
#9336 = VERTEX_POINT ( 'NONE', #1753 ) ;
#9337 = CARTESIAN_POINT ( 'NONE',  ( -6.050000000000007816, -2.744927974232791890, 0.9437742251701477514 ) ) ;
#9338 = FILL_AREA_STYLE_COLOUR ( '', #7159 ) ;
#9339 = COLOUR_RGB ( '',0.7529411764705882248, 0.7529411764705882248, 0.7529411764705882248 ) ;
#9340 = SURFACE_SIDE_STYLE ('',( #3564 ) ) ;
#9341 = CARTESIAN_POINT ( 'NONE',  ( -6.550085928064142138, 1.546407206449784022, -23.00068742451321668 ) ) ;
#9342 =( GEOMETRIC_REPRESENTATION_CONTEXT ( 3 ) GLOBAL_UNCERTAINTY_ASSIGNED_CONTEXT ( ( #932 ) ) GLOBAL_UNIT_ASSIGNED_CONTEXT ( ( #2104, #8807, #5042 ) ) REPRESENTATION_CONTEXT ( 'NONE', 'WORKASPACE' ) );
#9343 =( BOUNDED_SURFACE ( )  B_SPLINE_SURFACE ( 3, 2, ( 
 ( #8585, #2744, #2839 ),
 ( #652, #9234, #8664 ),
 ( #5068, #2880, #5648 ),
 ( #1458, #5608, #607 ),
 ( #2083, #9325, #1979 ),
 ( #3635, #7967, #8538 ) ),
 .UNSPECIFIED., .F., .F., .T. ) 
 B_SPLINE_SURFACE_WITH_KNOTS ( ( 4, 2, 4 ),
 ( 3, 3 ),
 ( 0.0000000000000000000, 0.0003963254181677579053, 0.0007926508363355158106 ),
 ( 0.0000000000000000000, 1.000000000000000000 ),
 .UNSPECIFIED. ) 
 GEOMETRIC_REPRESENTATION_ITEM ( )  RATIONAL_B_SPLINE_SURFACE ( (
 ( 1.000000000000000000, 0.7573959945955296424, 1.000000000000000000),
 ( 1.000000000000000000, 0.7585078951272560266, 1.000000000000000000),
 ( 1.000000000000000000, 0.7621829463466363030, 1.000000000000000000),
 ( 1.000000000000000000, 0.7541843713110134573, 1.000000000000000000),
 ( 1.000000000000000000, 0.7413553469757262482, 1.000000000000000000),
 ( 1.000000000000000000, 0.7132504491541877822, 1.000000000000000000) ) ) 
 REPRESENTATION_ITEM ( '' )  SURFACE ( )  );
#9344 = MECHANICAL_DESIGN_GEOMETRIC_PRESENTATION_REPRESENTATION (  '', ( #5580 ), #3902 ) ;
#9345 = DIRECTION ( 'NONE',  ( 0.0000000000000000000, 0.0000000000000000000, 1.000000000000000000 ) ) ;
#9346 = CARTESIAN_POINT ( 'NONE',  ( 6.065444240656106878, 1.397679964033983424, -19.12355392525029885 ) ) ;
#9347 = SURFACE_SIDE_STYLE ('',( #6422 ) ) ;
#9348 = CARTESIAN_POINT ( 'NONE',  ( 2.969867363064834009, -0.7281763094002561276, -28.21729594356158444 ) ) ;
#9349 = CARTESIAN_POINT ( 'NONE',  ( 6.316880380456845856, 1.545372432545164987, -21.13504304365478248 ) ) ;
#9350 = ORIENTED_EDGE ( 'NONE', *, *, #8512, .T. ) ;
#9351 = CARTESIAN_POINT ( 'NONE',  ( -5.808814010566382358, -2.917210558099530449, -22.85969262724160700 ) ) ;
#9352 = ORIENTED_EDGE ( 'NONE', *, *, #4805, .F. ) ;
#9353 = CARTESIAN_POINT ( 'NONE',  ( 6.268851540329243299, -2.778848167523655377, -20.75081232263396203 ) ) ;
#9354 =( GEOMETRIC_REPRESENTATION_CONTEXT ( 3 ) GLOBAL_UNCERTAINTY_ASSIGNED_CONTEXT ( ( #5062 ) ) GLOBAL_UNIT_ASSIGNED_CONTEXT ( ( #2272, #5981, #2320 ) ) REPRESENTATION_CONTEXT ( 'NONE', 'WORKASPACE' ) );
#9355 = DIRECTION ( 'NONE',  ( -0.01765330299756505406, 2.246886695187981921E-14, -0.9998441683048795436 ) ) ;
#9356 = SURFACE_STYLE_FILL_AREA ( #7145 ) ;
#9357 = B_SPLINE_CURVE_WITH_KNOTS ( 'NONE', 3,
 ( #1974, #4875, #563, #4921, #5061, #1362, #2027, #2215, #1402, #7813 ),
 .UNSPECIFIED., .F., .F.,
 ( 4, 2, 2, 2, 4 ),
 ( 0.0000000000000000000, 0.2500000000000000000, 0.5000000000000000000, 0.7500000000000000000, 1.000000000000000000 ),
 .UNSPECIFIED. ) ;
#9358 = ORIENTED_EDGE ( 'NONE', *, *, #1312, .T. ) ;
#9359 = CARTESIAN_POINT ( 'NONE',  ( -1.688074263814679288, -3.248932078282136260, -20.22822021129185899 ) ) ;
#9360 = CARTESIAN_POINT ( 'NONE',  ( -6.336395984421360872, 1.568269228191346620, -21.29116787537090616 ) ) ;
#9361 = ORIENTED_EDGE ( 'NONE', *, *, #5698, .F. ) ;
#9362 = CARTESIAN_POINT ( 'NONE',  ( -6.018626320641915051, -2.026407336949379356, -19.13809493947454854 ) ) ;
#9363 = DIRECTION ( 'NONE',  ( 0.0000000000000000000, 0.0000000000000000000, 1.000000000000000000 ) ) ;
#9364 = CARTESIAN_POINT ( 'NONE',  ( -2.954467870389707151, 0.7000000000000041744, -29.31663546989629765 ) ) ;
#9365 = ADVANCED_FACE ( 'NONE', ( #8319 ), #2365, .F. ) ;
#9366 = CARTESIAN_POINT ( 'NONE',  ( 5.538046987469473770, 2.394193491345735669, -3.089976191583686848E-15 ) ) ;
#9367 = EDGE_CURVE ( 'NONE', #7902, #4715, #4381, .T. ) ;
#9368 = COLOUR_RGB ( '',0.2509803921568627416, 0.2509803921568627416, 0.2509803921568627416 ) ;
#9369 =( NAMED_UNIT ( * ) PLANE_ANGLE_UNIT ( ) SI_UNIT ( $, .RADIAN. ) );
#9370 = SURFACE_SIDE_STYLE ('',( #1553 ) ) ;
#9371 = CARTESIAN_POINT ( 'NONE',  ( -5.009739147131011983, 2.602155367218305315, -1.626303258728250981E-16 ) ) ;
#9372 = CARTESIAN_POINT ( 'NONE',  ( -5.176635946753364692, -3.039895134031184387, -22.67357802299133951 ) ) ;
#9373 = DIRECTION ( 'NONE',  ( -1.000000000000000000, 0.0000000000000000000, -0.0000000000000000000 ) ) ;
#9374 = ORIENTED_EDGE ( 'NONE', *, *, #9079, .T. ) ;
#9375 = EDGE_CURVE ( 'NONE', #7108, #3852, #927, .T. ) ;
#9376 = CARTESIAN_POINT ( 'NONE',  ( -4.741856460906204163, 2.888676873037216097, -19.30960607446488098 ) ) ;
#9377 = LINE ( 'NONE', #5128, #7682 ) ;
#9378 = FILL_AREA_STYLE_COLOUR ( '', #1023 ) ;
#9379 = CARTESIAN_POINT ( 'NONE',  ( -1.143462531858995490, -3.137071317637456502, -23.72835906892200342 ) ) ;
#9380 = UNCERTAINTY_MEASURE_WITH_UNIT (LENGTH_MEASURE( 1.000000000000000082E-05 ), #5965, 'distance_accuracy_value', 'NONE');
#9381 = CARTESIAN_POINT ( 'NONE',  ( 3.054437154178138325, -1.863691926925038711, -23.39187852593748218 ) ) ;
#9382 = ORIENTED_EDGE ( 'NONE', *, *, #1754, .F. ) ;
#9383 = CARTESIAN_POINT ( 'NONE',  ( -5.569108200409325526, -2.367169795744636485, -4.445228907190572124E-15 ) ) ;
ENDSEC;
END-ISO-10303-21;
