ISO-10303-21;
HEADER;
FILE_DESCRIPTION (( 'STEP AP214' ),
    '1' );
FILE_NAME ('VLS201610CX-100M-1.STEP',
    '2022-03-04T03:00:12',
    ( '' ),
    ( '' ),
    'SwSTEP 2.0',
    'SolidWorks 2017',
    '' );
FILE_SCHEMA (( 'AUTOMOTIVE_DESIGN' ));
ENDSEC;

DATA;
#1 =( GEOMETRIC_REPRESENTATION_CONTEXT ( 3 ) GLOBAL_UNCERTAINTY_ASSIGNED_CONTEXT ( ( #5308 ) ) GLOBAL_UNIT_ASSIGNED_CONTEXT ( ( #4580, #862, #10240 ) ) REPRESENTATION_CONTEXT ( 'NONE', 'WORKASPACE' ) );
#2 = VECTOR ( 'NONE', #2526, 1000.000000000000000 ) ;
#3 = EDGE_LOOP ( 'NONE', ( #606, #7868, #2129, #11647, #6715 ) ) ;
#4 = CARTESIAN_POINT ( 'NONE',  ( 0.6430023620464833100, 0.2901084878010327700, 0.6782473964471635900 ) ) ;
#5 = ORIENTED_EDGE ( 'NONE', *, *, #7535, .F. ) ;
#6 = CARTESIAN_POINT ( 'NONE',  ( -0.6900000000000000600, 0.9499999999999999600, 0.1250000000000001100 ) ) ;
#7 = EDGE_LOOP ( 'NONE', ( #3624, #10455, #4477, #3014 ) ) ;
#8 = DIRECTION ( 'NONE',  ( 0.0000000000000000000, 1.000000000000000000, 0.0000000000000000000 ) ) ;
#9 = EDGE_CURVE ( 'NONE', #1709, #10415, #3387, .T. ) ;
#10 = CIRCLE ( 'NONE', #2354, 0.2666666666666638900 ) ;
#11 = FACE_OUTER_BOUND ( 'NONE', #2122, .T. ) ;
#12 = DIRECTION ( 'NONE',  ( -1.000000000000000000, -0.0000000000000000000, -0.0000000000000000000 ) ) ;
#13 = AXIS2_PLACEMENT_3D ( 'NONE', #7706, #5844, #10767 ) ;
#14 = ORIENTED_EDGE ( 'NONE', *, *, #4370, .T. ) ;
#15 = EDGE_LOOP ( 'NONE', ( #9283, #9713, #10930, #10683 ) ) ;
#16 = MANIFOLD_SOLID_BREP ( 'Boss-Extrude4[28]', #10556 ) ;
#17 = FACE_OUTER_BOUND ( 'NONE', #1251, .T. ) ;
#18 = FACE_OUTER_BOUND ( 'NONE', #5794, .T. ) ;
#19 = LINE ( 'NONE', #8229, #1771 ) ;
#20 = CARTESIAN_POINT ( 'NONE',  ( -0.2549999999999999500, 0.9499999999999999600, 0.1749999999999998500 ) ) ;
#21 = CARTESIAN_POINT ( 'NONE',  ( -0.3999999999999999700, 0.9499999999999999600, -0.07499999999999996900 ) ) ;
#22 = DIRECTION ( 'NONE',  ( -0.0000000000000000000, -0.0000000000000000000, -1.000000000000000000 ) ) ;
#23 = CIRCLE ( 'NONE', #1914, 0.01666666666666645800 ) ;
#24 = DIRECTION ( 'NONE',  ( 0.0000000000000000000, 1.000000000000000000, 0.0000000000000000000 ) ) ;
#25 = DIRECTION ( 'NONE',  ( -0.0000000000000000000, 1.000000000000000000, -0.0000000000000000000 ) ) ;
#26 = EDGE_CURVE ( 'NONE', #5843, #1713, #474, .T. ) ;
#27 = CARTESIAN_POINT ( 'NONE',  ( -0.3499999999999997000, 0.1999999999999999800, 0.7542857142857142300 ) ) ;
#28 = CIRCLE ( 'NONE', #11829, 0.02222222222222208800 ) ;
#29 = AXIS2_PLACEMENT_3D ( 'NONE', #5187, #9046, #7152 ) ;
#30 = CARTESIAN_POINT ( 'NONE',  ( -0.6000000000000000900, 0.9499999999999999600, -0.09999999999999993600 ) ) ;
#31 = FACE_OUTER_BOUND ( 'NONE', #5812, .T. ) ;
#32 = EDGE_CURVE ( 'NONE', #8335, #8371, #5830, .T. ) ;
#33 = CARTESIAN_POINT ( 'NONE',  ( -0.6925000000000000000, 0.9499999999999999600, 8.131516293641283300E-017 ) ) ;
#34 = ORIENTED_EDGE ( 'NONE', *, *, #734, .T. ) ;
#35 = EDGE_CURVE ( 'NONE', #8106, #2398, #7995, .T. ) ;
#36 = AXIS2_PLACEMENT_3D ( 'NONE', #1549, #8080, #540 ) ;
#37 = DIRECTION ( 'NONE',  ( 0.0000000000000000000, 0.01250000000000092000, -0.9999218719480037500 ) ) ;
#38 = CARTESIAN_POINT ( 'NONE',  ( -0.6534730668123847100, 0.2935434888625025900, 0.7223925463429711200 ) ) ;
#39 = CARTESIAN_POINT ( 'NONE',  ( -0.6449702115542069700, 0.2044187433149333400, 0.7724091971811151100 ) ) ;
#40 = DIRECTION ( 'NONE',  ( 0.0000000000000000000, 0.0000000000000000000, -1.000000000000000000 ) ) ;
#41 = CARTESIAN_POINT ( 'NONE',  ( -0.9555555555555553800, 0.1999999999999999800, 0.7098412698412699400 ) ) ;
#42 = DIRECTION ( 'NONE',  ( 0.0000000000000000000, 0.0000000000000000000, 1.000000000000000000 ) ) ;
#43 = CYLINDRICAL_SURFACE ( 'NONE', #6821, 0.02500000000000009200 ) ;
#44 = AXIS2_PLACEMENT_3D ( 'NONE', #10367, #3735, #5641 ) ;
#45 = ADVANCED_FACE ( 'NONE', ( #10226 ), #8432, .T. ) ;
#46 = DIRECTION ( 'NONE',  ( -0.0000000000000000000, 1.000000000000000000, -0.0000000000000000000 ) ) ;
#47 = FACE_OUTER_BOUND ( 'NONE', #6646, .T. ) ;
#48 = FILL_AREA_STYLE ('',( #1041 ) ) ;
#49 = CARTESIAN_POINT ( 'NONE',  ( -0.7450000000000000000, 0.9499999999999999600, 0.1499999999999999700 ) ) ;
#50 = CARTESIAN_POINT ( 'NONE',  ( 0.7425340344846597100, 0.1985950705671651600, 0.7414265418221321900 ) ) ;
#51 = DIRECTION ( 'NONE',  ( 0.0000000000000000000, 0.0000000000000000000, -1.000000000000000000 ) ) ;
#52 = DIRECTION ( 'NONE',  ( -1.000000000000000000, -0.0000000000000000000, -0.0000000000000000000 ) ) ;
#53 = LINE ( 'NONE', #11271, #6665 ) ;
#54 = DIRECTION ( 'NONE',  ( 0.0000000000000000000, 0.0000000000000000000, 1.000000000000000000 ) ) ;
#55 = ORIENTED_EDGE ( 'NONE', *, *, #7653, .T. ) ;
#56 = AXIS2_PLACEMENT_3D ( 'NONE', #120, #11313, #9765 ) ;
#57 = EDGE_CURVE ( 'NONE', #9471, #7720, #7676, .T. ) ;
#58 = VERTEX_POINT ( 'NONE', #4962 ) ;
#59 = CARTESIAN_POINT ( 'NONE',  ( -0.6244967655935455000, 0.1999924009218651500, 0.7333187970866978900 ) ) ;
#60 = CARTESIAN_POINT ( 'NONE',  ( -0.3999999999999999700, 1.000000000000000000, -0.09999999999999993600 ) ) ;
#61 = CARTESIAN_POINT ( 'NONE',  ( -0.4499999999999999600, 1.000000000000000000, 0.2200000000000001400 ) ) ;
#62 = ADVANCED_FACE ( 'NONE', ( #9599 ), #7108, .T. ) ;
#63 = AXIS2_PLACEMENT_3D ( 'NONE', #5602, #3551, #1718 ) ;
#64 = LINE ( 'NONE', #3408, #10863 ) ;
#65 = EDGE_LOOP ( 'NONE', ( #11972, #11428 ) ) ;
#66 = EDGE_CURVE ( 'NONE', #12004, #5738, #1346, .T. ) ;
#67 = EDGE_LOOP ( 'NONE', ( #12242, #6578, #1211, #3180 ) ) ;
#68 = CARTESIAN_POINT ( 'NONE',  ( -0.5000000000000000000, 0.9499999999999999600, 0.1250000000000001400 ) ) ;
#69 = PLANE ( 'NONE',  #8008 ) ;
#70 = CARTESIAN_POINT ( 'NONE',  ( 0.6999999999999997300, 0.1997656017279598700, 0.7809969016383354600 ) ) ;
#71 = AXIS2_PLACEMENT_3D ( 'NONE', #1615, #6313, #8179 ) ;
#72 = CARTESIAN_POINT ( 'NONE',  ( -0.6416666666655476100, 0.2833333333339025400, 0.7179317890669038000 ) ) ;
#73 = ORIENTED_EDGE ( 'NONE', *, *, #1982, .T. ) ;
#74 = CARTESIAN_POINT ( 'NONE',  ( -0.4499999999999999600, 0.9499999999999999600, 0.1699999999999999600 ) ) ;
#75 = ORIENTED_EDGE ( 'NONE', *, *, #922, .F. ) ;
#76 = EDGE_CURVE ( 'NONE', #9371, #11974, #6496, .T. ) ;
#77 = FACE_OUTER_BOUND ( 'NONE', #8536, .T. ) ;
#78 = EDGE_CURVE ( 'NONE', #6394, #8050, #11137, .T. ) ;
#79 = EDGE_LOOP ( 'NONE', ( #378, #12005, #10271, #8070 ) ) ;
#80 = ORIENTED_EDGE ( 'NONE', *, *, #7594, .T. ) ;
#81 = CARTESIAN_POINT ( 'NONE',  ( -0.5500000000000001600, 0.9499999999999999600, 0.1950000000000000600 ) ) ;
#82 = ORIENTED_EDGE ( 'NONE', *, *, #7142, .T. ) ;
#83 = VERTEX_POINT ( 'NONE', #2072 ) ;
#84 = CLOSED_SHELL ( 'NONE', ( #3729, #9610, #890, #9747 ) ) ;
#85 = DIRECTION ( 'NONE',  ( -0.0000000000000000000, -1.000000000000000000, -0.0000000000000000000 ) ) ;
#86 = CARTESIAN_POINT ( 'NONE',  ( 0.7416666666666665900, 0.1889975162243557900, 0.7744924640261110500 ) ) ;
#87 = FACE_OUTER_BOUND ( 'NONE', #9946, .T. ) ;
#88 = CARTESIAN_POINT ( 'NONE',  ( 0.7369025028305524700, 0.009865082852237458400, 0.7666941048096770400 ) ) ;
#89 = DIRECTION ( 'NONE',  ( 0.0000000000000000000, 0.0000000000000000000, 1.000000000000000000 ) ) ;
#90 = ORIENTED_EDGE ( 'NONE', *, *, #1366, .F. ) ;
#91 = AXIS2_PLACEMENT_3D ( 'NONE', #4231, #11841, #502 ) ;
#92 = DIRECTION ( 'NONE',  ( 0.0000000000000000000, -0.0000000000000000000, 1.000000000000000000 ) ) ;
#93 = DIRECTION ( 'NONE',  ( 0.0000000000000000000, -1.000000000000000000, 0.0000000000000000000 ) ) ;
#94 = ORIENTED_EDGE ( 'NONE', *, *, #1057, .T. ) ;
#95 = DIRECTION ( 'NONE',  ( -0.0000000000000000000, 1.000000000000000000, -0.0000000000000000000 ) ) ;
#96 = VERTEX_POINT ( 'NONE', #3966 ) ;
#97 = EDGE_CURVE ( 'NONE', #2848, #11974, #4872, .T. ) ;
#98 = ORIENTED_EDGE ( 'NONE', *, *, #2704, .F. ) ;
#99 = FACE_OUTER_BOUND ( 'NONE', #8182, .T. ) ;
#100 = ADVANCED_FACE ( 'NONE', ( #7391 ), #8284, .T. ) ;
#101 = STYLED_ITEM ( 'NONE', ( #3956 ), #5872 ) ;
#102 = CIRCLE ( 'NONE', #3510, 0.02222222222222241400 ) ;
#103 = ORIENTED_EDGE ( 'NONE', *, *, #5378, .T. ) ;
#104 = VERTEX_POINT ( 'NONE', #10650 ) ;
#105 = PLANE ( 'NONE',  #11363 ) ;
#106 = ORIENTED_EDGE ( 'NONE', *, *, #5079, .T. ) ;
#107 = ORIENTED_EDGE ( 'NONE', *, *, #7653, .F. ) ;
#108 = DIRECTION ( 'NONE',  ( -1.000000000000000000, -0.0000000000000000000, -0.0000000000000000000 ) ) ;
#109 = PLANE ( 'NONE',  #7309 ) ;
#110 = ORIENTED_EDGE ( 'NONE', *, *, #9300, .T. ) ;
#111 = AXIS2_PLACEMENT_3D ( 'NONE', #8112, #8053, #4252 ) ;
#112 = VERTEX_POINT ( 'NONE', #5808 ) ;
#113 = CARTESIAN_POINT ( 'NONE',  ( -0.6499999999988810300, 0.2868852459019189900, 0.7254702478982293400 ) ) ;
#114 = AXIS2_PLACEMENT_3D ( 'NONE', #4514, #9327, #10294 ) ;
#115 = FACE_OUTER_BOUND ( 'NONE', #10502, .T. ) ;
#116 = VECTOR ( 'NONE', #10067, 1000.000000000000000 ) ;
#117 = CARTESIAN_POINT ( 'NONE',  ( -0.5000000000000000000, 0.9499999999999999600, -0.2899999999999999200 ) ) ;
#118 = ADVANCED_FACE ( 'NONE', ( #6054 ), #2926, .T. ) ;
#119 = EDGE_CURVE ( 'NONE', #6550, #11986, #8575, .T. ) ;
#120 = CARTESIAN_POINT ( 'NONE',  ( -0.6249999999999995600, 0.02222222222222176900, 0.7777777777777780100 ) ) ;
#121 = ORIENTED_EDGE ( 'NONE', *, *, #3258, .T. ) ;
#122 = ORIENTED_EDGE ( 'NONE', *, *, #12175, .F. ) ;
#123 = CARTESIAN_POINT ( 'NONE',  ( -0.6899999999999999500, 1.000000000000000000, -0.1250000000000000600 ) ) ;
#124 = ORIENTED_EDGE ( 'NONE', *, *, #2645, .F. ) ;
#125 = ORIENTED_EDGE ( 'NONE', *, *, #7703, .T. ) ;
#126 = VECTOR ( 'NONE', #10980, 1000.000000000000000 ) ;
#127 = AXIS2_PLACEMENT_3D ( 'NONE', #8420, #5567, #8288 ) ;
#128 = EDGE_CURVE ( 'NONE', #3474, #4287, #2069, .T. ) ;
#129 = CIRCLE ( 'NONE', #7455, 0.4999999999999997800 ) ;
#130 = CIRCLE ( 'NONE', #5712, 0.02222222222222198000 ) ;
#131 = DIRECTION ( 'NONE',  ( -1.000000000000000000, 0.0000000000000000000, 1.084202172485504800E-016 ) ) ;
#132 = DIRECTION ( 'NONE',  ( -0.0000000000000000000, -1.000000000000000000, -0.0000000000000000000 ) ) ;
#133 = ORIENTED_EDGE ( 'NONE', *, *, #3011, .F. ) ;
#134 = AXIS2_PLACEMENT_3D ( 'NONE', #4754, #7639, #8468 ) ;
#135 = CLOSED_SHELL ( 'NONE', ( #6927, #2569, #2061, #6262 ) ) ;
#136 = CARTESIAN_POINT ( 'NONE',  ( 0.9777777777777786300, 0.1900000000000000600, 0.7098412698412697200 ) ) ;
#137 = CARTESIAN_POINT ( 'NONE',  ( 0.6583333333333331000, 0.3000000000000000400, 0.7140968530029925300 ) ) ;
#138 = CARTESIAN_POINT ( 'NONE',  ( 0.7286208972705809900, 0.005349719156804862700, 0.7540616419616156300 ) ) ;
#139 = ORIENTED_EDGE ( 'NONE', *, *, #11109, .F. ) ;
#140 = CARTESIAN_POINT ( 'NONE',  ( -0.7083333333333332600, 0.2083333333333331500, 0.7614445778845512200 ) ) ;
#141 = FACE_BOUND ( 'NONE', #4707, .T. ) ;
#142 = APPLICATION_PROTOCOL_DEFINITION ( 'draft international standard', 'automotive_design', 1998, #4026 ) ;
#143 = FACE_OUTER_BOUND ( 'NONE', #3312, .T. ) ;
#144 = ORIENTED_EDGE ( 'NONE', *, *, #2116, .F. ) ;
#145 = ORIENTED_EDGE ( 'NONE', *, *, #5363, .F. ) ;
#146 = STYLED_ITEM ( 'NONE', ( #5821 ), #8098 ) ;
#147 = CARTESIAN_POINT ( 'NONE',  ( 0.6974735826904533400, 0.2990652060984089200, 0.6742141376475875300 ) ) ;
#148 = VECTOR ( 'NONE', #4652, 1000.000000000000000 ) ;
#149 = TOROIDAL_SURFACE ( 'NONE', #6373, 0.005555555555555511500, 0.01666666666666650000 ) ;
#150 = CIRCLE ( 'NONE', #11756, 0.02499999999999995600 ) ;
#151 = VECTOR ( 'NONE', #3497, 1000.000000000000000 ) ;
#152 = CARTESIAN_POINT ( 'NONE',  ( 0.7111111111111141400, 0.1999999999999999800, 0.4653968253968280300 ) ) ;
#153 = PLANE ( 'NONE',  #11961 ) ;
#154 = VECTOR ( 'NONE', #11484, 1000.000000000000000 ) ;
#155 = DIRECTION ( 'NONE',  ( 0.0000000000000000000, 0.0000000000000000000, 1.000000000000000000 ) ) ;
#156 = ORIENTED_EDGE ( 'NONE', *, *, #3430, .T. ) ;
#157 = CARTESIAN_POINT ( 'NONE',  ( -0.6583333333333331000, 0.3000000000000000400, 0.7140968530029925300 ) ) ;
#158 = EDGE_CURVE ( 'NONE', #5244, #8501, #4600, .T. ) ;
#159 = CARTESIAN_POINT ( 'NONE',  ( -0.9777777777777777500, 0.8000000000000000400, 0.0000000000000000000 ) ) ;
#160 = CARTESIAN_POINT ( 'NONE',  ( -0.3550000000000000400, 0.8792893218813447900, -0.2200000000000000000 ) ) ;
#161 = DIRECTION ( 'NONE',  ( 0.0000000000000000000, 0.0000000000000000000, -1.000000000000000000 ) ) ;
#162 = EDGE_CURVE ( 'NONE', #1616, #2003, #622, .T. ) ;
#163 = DIRECTION ( 'NONE',  ( 0.0000000000000000000, 1.000000000000000000, 0.0000000000000000000 ) ) ;
#164 = CIRCLE ( 'NONE', #4076, 0.02500000000000006400 ) ;
#165 = DIRECTION ( 'NONE',  ( 0.0000000000000000000, -1.000000000000000000, 0.0000000000000000000 ) ) ;
#166 =( GEOMETRIC_REPRESENTATION_CONTEXT ( 3 ) GLOBAL_UNCERTAINTY_ASSIGNED_CONTEXT ( ( #1347 ) ) GLOBAL_UNIT_ASSIGNED_CONTEXT ( ( #8720, #6030, #4097 ) ) REPRESENTATION_CONTEXT ( 'NONE', 'WORKASPACE' ) );
#167 = FACE_OUTER_BOUND ( 'NONE', #2562, .T. ) ;
#168 = ADVANCED_FACE ( 'NONE', ( #9023 ), #3984, .T. ) ;
#169 = EDGE_CURVE ( 'NONE', #950, #5130, #11878, .T. ) ;
#170 = DIRECTION ( 'NONE',  ( 0.0000000000000000000, 0.0000000000000000000, 1.000000000000000000 ) ) ;
#171 = CARTESIAN_POINT ( 'NONE',  ( -0.2125000000000000200, 0.8792893218813447900, 8.131516293641283300E-017 ) ) ;
#172 = CARTESIAN_POINT ( 'NONE',  ( -0.6399404231084145900, 0.1999999999999997600, 0.7777777777777780100 ) ) ;
#173 = B_SPLINE_CURVE_WITH_KNOTS ( 'NONE', 3,
 ( #172, #6782, #6661, #9505, #9633, #10485, #10618, #10561, #1994, #4815 ),
 .UNSPECIFIED., .F., .F.,
 ( 4, 3, 3, 4 ),
 ( 0.0000000000000000000, 1.636122865636552200E-006, 6.053135889483941000E-006, 1.076261398710149000E-005 ),
 .UNSPECIFIED. ) ;
#174 = CARTESIAN_POINT ( 'NONE',  ( -0.5000000000000000000, 0.9499999999999999600, -0.2649999999999999000 ) ) ;
#175 = CARTESIAN_POINT ( 'NONE',  ( 0.7436370842053565700, 0.1788131611555092100, 0.7543401797185959000 ) ) ;
#176 = DIRECTION ( 'NONE',  ( -0.0000000000000000000, 1.000000000000000000, -0.0000000000000000000 ) ) ;
#177 = CARTESIAN_POINT ( 'NONE',  ( 0.7392721353805208300, 0.01305946448141144900, 0.7714251382843042600 ) ) ;
#178 = EDGE_CURVE ( 'NONE', #2286, #7890, #3241, .T. ) ;
#179 = CARTESIAN_POINT ( 'NONE',  ( -0.3549999999999999800, 0.8792893218813447900, 0.2450000000000001100 ) ) ;
#180 = DIRECTION ( 'NONE',  ( -1.000000000000000000, 0.0000000000000000000, 2.220570119199817400E-016 ) ) ;
#181 =( LENGTH_UNIT ( ) NAMED_UNIT ( * ) SI_UNIT ( .MILLI., .METRE. ) );
#182 = CARTESIAN_POINT ( 'NONE',  ( -0.5500000000000000400, 1.000000000000000000, -0.1700000000000001000 ) ) ;
#183 = ADVANCED_FACE ( 'NONE', ( #900 ), #11776, .F. ) ;
#184 = CARTESIAN_POINT ( 'NONE',  ( -0.6916666666666663200, 0.2950819672131146400, 0.7216981796386449100 ) ) ;
#185 = VECTOR ( 'NONE', #10306, 1000.000000000000000 ) ;
#186 = ORIENTED_EDGE ( 'NONE', *, *, #10475, .T. ) ;
#187 = CARTESIAN_POINT ( 'NONE',  ( -0.7575804675666515400, 0.1922562464956526800, 0.7497100306319278700 ) ) ;
#188 = AXIS2_PLACEMENT_3D ( 'NONE', #4910, #6845, #11564 ) ;
#189 = AXIS2_PLACEMENT_3D ( 'NONE', #11464, #1157, #7762 ) ;
#190 = DIRECTION ( 'NONE',  ( 0.0000000000000000000, 0.0000000000000000000, -1.000000000000000000 ) ) ;
#191 = CARTESIAN_POINT ( 'NONE',  ( 0.9555555555555560500, 0.1899999999999999700, 0.7098412698412697200 ) ) ;
#192 = CIRCLE ( 'NONE', #1708, 0.04444444444444439100 ) ;
#193 = EDGE_CURVE ( 'NONE', #3604, #400, #11561, .T. ) ;
#194 = DIRECTION ( 'NONE',  ( 0.0000000000000000000, 0.0000000000000000000, -1.000000000000000000 ) ) ;
#195 = EDGE_CURVE ( 'NONE', #7419, #10456, #1492, .T. ) ;
#196 = AXIS2_PLACEMENT_3D ( 'NONE', #8814, #252, #9549 ) ;
#197 = FACE_OUTER_BOUND ( 'NONE', #198, .T. ) ;
#198 = EDGE_LOOP ( 'NONE', ( #5441, #7429, #3480, #818 ) ) ;
#199 = ADVANCED_FACE ( 'NONE', ( #11273 ), #10990, .F. ) ;
#200 = DIRECTION ( 'NONE',  ( 0.0000000000000000000, 1.000000000000000000, 0.0000000000000000000 ) ) ;
#201 = PLANE ( 'NONE',  #4308 ) ;
#202 = AXIS2_PLACEMENT_3D ( 'NONE', #7843, #2197, #9997 ) ;
#203 = DIRECTION ( 'NONE',  ( 0.0000000000000000000, 0.0000000000000000000, -1.000000000000000000 ) ) ;
#204 = AXIS2_PLACEMENT_3D ( 'NONE', #11500, #5795, #7701 ) ;
#205 = DIRECTION ( 'NONE',  ( 0.0000000000000000000, 0.0000000000000000000, 1.000000000000000000 ) ) ;
#206 = ORIENTED_EDGE ( 'NONE', *, *, #10953, .T. ) ;
#207 = EDGE_LOOP ( 'NONE', ( #3509, #10102, #5078, #4079 ) ) ;
#208 = DIRECTION ( 'NONE',  ( -0.0000000000000000000, 1.000000000000000000, -0.0000000000000000000 ) ) ;
#209 =( LENGTH_UNIT ( ) NAMED_UNIT ( * ) SI_UNIT ( .MILLI., .METRE. ) );
#210 = DIRECTION ( 'NONE',  ( 0.0000000000000000000, 1.000000000000000000, 0.0000000000000000000 ) ) ;
#211 = DIRECTION ( 'NONE',  ( 0.0000000000000000000, 1.000000000000000000, 0.0000000000000000000 ) ) ;
#212 = DIRECTION ( 'NONE',  ( -0.0000000000000000000, 1.000000000000000000, -0.0000000000000000000 ) ) ;
#213 = DIRECTION ( 'NONE',  ( 1.790425605939363600E-016, 0.0000000000000000000, 1.000000000000000000 ) ) ;
#214 = AXIS2_PLACEMENT_3D ( 'NONE', #1837, #4098, #4879 ) ;
#215 = EDGE_LOOP ( 'NONE', ( #2443, #9217, #9221, #2580 ) ) ;
#216 = CARTESIAN_POINT ( 'NONE',  ( -0.2549999999999999500, 0.9499999999999999600, 0.1499999999999999700 ) ) ;
#217 = EDGE_LOOP ( 'NONE', ( #12128, #7169, #5248, #2291, #2585 ) ) ;
#218 = CARTESIAN_POINT ( 'NONE',  ( -0.3499999999999997000, 0.1899999999999999700, -0.7777777777777780100 ) ) ;
#219 = CIRCLE ( 'NONE', #202, 0.02222222222222198000 ) ;
#220 = ADVANCED_FACE ( 'NONE', ( #8714 ), #3170, .T. ) ;
#221 = CARTESIAN_POINT ( 'NONE',  ( -0.7250000000000000900, 0.2000000000000000100, 0.7320634920634923000 ) ) ;
#222 = DIRECTION ( 'NONE',  ( 0.0000000000000000000, -0.0000000000000000000, 1.000000000000000000 ) ) ;
#223 = ORIENTED_EDGE ( 'NONE', *, *, #9926, .F. ) ;
#224 = MANIFOLD_SOLID_BREP ( 'Boss-Extrude4[6]', #1426 ) ;
#225 = DIRECTION ( 'NONE',  ( 0.0000000000000000000, 1.000000000000000000, -0.0000000000000000000 ) ) ;
#226 = EDGE_CURVE ( 'NONE', #4382, #4988, #8375, .T. ) ;
#227 = ORIENTED_EDGE ( 'NONE', *, *, #1555, .F. ) ;
#228 = VERTEX_POINT ( 'NONE', #6983 ) ;
#229 = DIRECTION ( 'NONE',  ( -0.0000000000000000000, 1.000000000000000000, -0.0000000000000000000 ) ) ;
#230 = DIRECTION ( 'NONE',  ( 0.0000000000000000000, 1.000000000000000000, 0.0000000000000000000 ) ) ;
#231 = ORIENTED_EDGE ( 'NONE', *, *, #2637, .T. ) ;
#232 = ORIENTED_EDGE ( 'NONE', *, *, #6620, .T. ) ;
#233 = CARTESIAN_POINT ( 'NONE',  ( 0.6416666666666661600, 0.2833333333333329900, 0.6814466309102998900 ) ) ;
#234 = PLANE ( 'NONE',  #2874 ) ;
#235 = AXIS2_PLACEMENT_3D ( 'NONE', #11870, #8063, #2405 ) ;
#236 = ORIENTED_EDGE ( 'NONE', *, *, #2234, .F. ) ;
#237 = SURFACE_STYLE_USAGE ( .BOTH. , #9531 ) ;
#238 = EDGE_LOOP ( 'NONE', ( #9498, #4459 ) ) ;
#239 = ADVANCED_FACE ( 'NONE', ( #9302 ), #1179, .T. ) ;
#240 = CARTESIAN_POINT ( 'NONE',  ( -0.7104558838229102500, 0.2027771997034107400, 0.7299955786659495500 ) ) ;
#241 = ORIENTED_EDGE ( 'NONE', *, *, #891, .F. ) ;
#242 = ORIENTED_EDGE ( 'NONE', *, *, #6465, .F. ) ;
#243 = DIRECTION ( 'NONE',  ( 1.000000000000000000, 0.0000000000000000000, 0.0000000000000000000 ) ) ;
#244 = ORIENTED_EDGE ( 'NONE', *, *, #7840, .F. ) ;
#245 = DIRECTION ( 'NONE',  ( 0.0000000000000000000, 0.0000000000000000000, -1.000000000000000000 ) ) ;
#246 = EDGE_CURVE ( 'NONE', #8932, #7217, #7097, .T. ) ;
#247 = CIRCLE ( 'NONE', #189, 0.04444444444444396000 ) ;
#248 = EDGE_CURVE ( 'NONE', #1867, #5855, #6487, .T. ) ;
#249 = ORIENTED_EDGE ( 'NONE', *, *, #11208, .T. ) ;
#250 = DIRECTION ( 'NONE',  ( 0.0000000000000000000, 1.000000000000000000, 0.0000000000000000000 ) ) ;
#251 = VERTEX_POINT ( 'NONE', #10962 ) ;
#252 = DIRECTION ( 'NONE',  ( 0.0000000000000000000, -1.185846126156016500E-015, 1.000000000000000000 ) ) ;
#253 = DIRECTION ( 'NONE',  ( 0.0000000000000000000, 1.000000000000000000, -0.0000000000000000000 ) ) ;
#254 = ORIENTED_EDGE ( 'NONE', *, *, #6074, .T. ) ;
#255 = ORIENTED_EDGE ( 'NONE', *, *, #3303, .T. ) ;
#256 = CARTESIAN_POINT ( 'NONE',  ( -0.4999999999999998900, 1.000000000000000000, 0.2900000000000000400 ) ) ;
#257 = FILL_AREA_STYLE_COLOUR ( '', #8661 ) ;
#258 = CARTESIAN_POINT ( 'NONE',  ( 0.6531797497309412800, 0.2991832025388169700, 0.7142805641121250400 ) ) ;
#259 = DIRECTION ( 'NONE',  ( -0.0000000000000000000, 1.000000000000000000, -0.0000000000000000000 ) ) ;
#260 = CARTESIAN_POINT ( 'NONE',  ( -0.7111111111111132500, 0.5000000000000001100, 0.6320634920634918800 ) ) ;
#261 = ORIENTED_EDGE ( 'NONE', *, *, #4659, .F. ) ;
#262 = EDGE_LOOP ( 'NONE', ( #7517, #6552 ) ) ;
#263 = CYLINDRICAL_SURFACE ( 'NONE', #495, 0.02499999999999984900 ) ;
#264 = ADVANCED_FACE ( 'NONE', ( #1769 ), #4585, .T. ) ;
#265 = AXIS2_PLACEMENT_3D ( 'NONE', #11600, #2106, #5903 ) ;
#266 = DIRECTION ( 'NONE',  ( 0.0000000000000000000, -0.0000000000000000000, -1.000000000000000000 ) ) ;
#267 = CIRCLE ( 'NONE', #8657, 0.02500000000000008100 ) ;
#268 = EDGE_LOOP ( 'NONE', ( #6128, #5158, #11362, #3169, #3490, #11062, #3885, #244 ) ) ;
#269 = EDGE_CURVE ( 'NONE', #10017, #8910, #1632, .T. ) ;
#270 = EDGE_LOOP ( 'NONE', ( #1310, #4441, #5815, #5005 ) ) ;
#271 = SURFACE_SIDE_STYLE ('',( #8419 ) ) ;
#272 = EDGE_CURVE ( 'NONE', #10557, #6887, #467, .T. ) ;
#273 = ORIENTED_EDGE ( 'NONE', *, *, #5927, .F. ) ;
#274 = AXIS2_PLACEMENT_3D ( 'NONE', #2859, #2822, #897 ) ;
#275 = FILL_AREA_STYLE ('',( #7925 ) ) ;
#276 = CIRCLE ( 'NONE', #6467, 0.02499999999999984900 ) ;
#277 = DIRECTION ( 'NONE',  ( 0.0000000000000000000, 0.0000000000000000000, 1.000000000000000000 ) ) ;
#278 = CIRCLE ( 'NONE', #3420, 0.02500000000000014700 ) ;
#279 = CIRCLE ( 'NONE', #7664, 0.02500000000000007800 ) ;
#280 = DIRECTION ( 'NONE',  ( 1.000000000000000000, 0.0000000000000000000, 0.0000000000000000000 ) ) ;
#281 = ORIENTED_EDGE ( 'NONE', *, *, #427, .F. ) ;
#282 = CARTESIAN_POINT ( 'NONE',  ( -0.5866521078419173500, 0.01871238449588156400, 0.7540067871585453000 ) ) ;
#283 = ORIENTED_EDGE ( 'NONE', *, *, #2958, .T. ) ;
#284 = CARTESIAN_POINT ( 'NONE',  ( -0.6083333333333331700, 0.02222222222222208800, 0.7320634920634923000 ) ) ;
#285 = DIRECTION ( 'NONE',  ( -0.0000000000000000000, 1.000000000000000000, -0.0000000000000000000 ) ) ;
#286 = ORIENTED_EDGE ( 'NONE', *, *, #10080, .T. ) ;
#287 = AXIS2_PLACEMENT_3D ( 'NONE', #256, #4933, #5788 ) ;
#288 = DIRECTION ( 'NONE',  ( 0.0000000000000000000, 0.0000000000000000000, -1.000000000000000000 ) ) ;
#289 = FACE_OUTER_BOUND ( 'NONE', #6039, .T. ) ;
#290 = CARTESIAN_POINT ( 'NONE',  ( -0.7589166029873912800, 0.01130035764144200800, 0.7518944516879733100 ) ) ;
#291 = DIRECTION ( 'NONE',  ( 0.0000000000000000000, 1.000000000000000000, 0.0000000000000000000 ) ) ;
#292 = CYLINDRICAL_SURFACE ( 'NONE', #686, 0.02222222222222198000 ) ;
#293 = DIRECTION ( 'NONE',  ( -0.0000000000000000000, -1.000000000000000000, -0.0000000000000000000 ) ) ;
#294 = ORIENTED_EDGE ( 'NONE', *, *, #8466, .T. ) ;
#295 = DIRECTION ( 'NONE',  ( -0.0000000000000000000, 1.000000000000000000, -0.0000000000000000000 ) ) ;
#296 = ADVANCED_FACE ( 'NONE', ( #9014 ), #5162, .F. ) ;
#297 = EDGE_LOOP ( 'NONE', ( #7465, #9827, #1543, #8698, #7896, #1984, #3022, #11247 ) ) ;
#298 =( NAMED_UNIT ( * ) PLANE_ANGLE_UNIT ( ) SI_UNIT ( $, .RADIAN. ) );
#299 =( GEOMETRIC_REPRESENTATION_CONTEXT ( 3 ) GLOBAL_UNCERTAINTY_ASSIGNED_CONTEXT ( ( #5727 ) ) GLOBAL_UNIT_ASSIGNED_CONTEXT ( ( #10563, #5031, #4934 ) ) REPRESENTATION_CONTEXT ( 'NONE', 'WORKASPACE' ) );
#300 = EDGE_CURVE ( 'NONE', #10165, #5603, #8865, .T. ) ;
#301 = CARTESIAN_POINT ( 'NONE',  ( 0.6118938653858292400, 0.1938661034126255600, 0.7651827898942580300 ) ) ;
#302 = CYLINDRICAL_SURFACE ( 'NONE', #10626, 0.02499999999999984900 ) ;
#303 = CYLINDRICAL_SURFACE ( 'NONE', #3599, 0.01666666666666651000 ) ;
#304 = VECTOR ( 'NONE', #3535, 1000.000000000000000 ) ;
#305 = DIRECTION ( 'NONE',  ( -1.000000000000000000, 0.0000000000000000000, 1.084202172485504400E-016 ) ) ;
#306 = CARTESIAN_POINT ( 'NONE',  ( 0.7028844640071140200, 0.1997931365421685100, 0.7808055660669038800 ) ) ;
#307 = AXIS2_PLACEMENT_3D ( 'NONE', #5013, #4001, #10645 ) ;
#308 = CARTESIAN_POINT ( 'NONE',  ( -0.6180748874319121900, 0.006404603728304339600, 0.7913135484755311500 ) ) ;
#309 = VECTOR ( 'NONE', #6076, 1000.000000000000000 ) ;
#310 = DIRECTION ( 'NONE',  ( -1.000000000000000000, -0.0000000000000000000, -0.0000000000000000000 ) ) ;
#311 = VERTEX_POINT ( 'NONE', #939 ) ;
#312 = ORIENTED_EDGE ( 'NONE', *, *, #248, .F. ) ;
#313 = CARTESIAN_POINT ( 'NONE',  ( -0.3100000000000000000, 0.9499999999999999600, 0.1749999999999999100 ) ) ;
#314 =( NAMED_UNIT ( * ) PLANE_ANGLE_UNIT ( ) SI_UNIT ( $, .RADIAN. ) );
#315 = ADVANCED_FACE ( 'NONE', ( #4448 ), #327, .T. ) ;
#316 = EDGE_CURVE ( 'NONE', #8647, #3741, #12030, .T. ) ;
#317 = DIRECTION ( 'NONE',  ( -0.0000000000000000000, 1.185846126156022200E-015, 1.000000000000000000 ) ) ;
#318 = VECTOR ( 'NONE', #5127, 1000.000000000000000 ) ;
#319 = LINE ( 'NONE', #2954, #11554 ) ;
#320 = CARTESIAN_POINT ( 'NONE',  ( -0.5000000000000000000, 1.000000000000000000, -0.2899999999999999200 ) ) ;
#321 = AXIS2_PLACEMENT_3D ( 'NONE', #10249, #11179, #11324 ) ;
#322 = CARTESIAN_POINT ( 'NONE',  ( -0.7083333333333332600, 0.2083333333333335100, 0.7614445778845510000 ) ) ;
#323 = ORIENTED_EDGE ( 'NONE', *, *, #5925, .T. ) ;
#324 = DIRECTION ( 'NONE',  ( 1.000000000000000000, -0.0000000000000000000, -0.0000000000000000000 ) ) ;
#325 = CARTESIAN_POINT ( 'NONE',  ( -0.6000000000000000900, 0.9499999999999999600, -0.1250000000000000300 ) ) ;
#326 = DIRECTION ( 'NONE',  ( 1.084202172485507000E-016, 0.0000000000000000000, 1.000000000000000000 ) ) ;
#327 = CYLINDRICAL_SURFACE ( 'NONE', #9461, 0.02500000000000008100 ) ;
#328 = DIRECTION ( 'NONE',  ( 0.0000000000000000000, -1.000000000000000000, 0.0000000000000000000 ) ) ;
#329 = EDGE_CURVE ( 'NONE', #2003, #7190, #11552, .T. ) ;
#330 = DIRECTION ( 'NONE',  ( 1.479738666953786500E-016, 0.0000000000000000000, 1.000000000000000000 ) ) ;
#331 = CYLINDRICAL_SURFACE ( 'NONE', #12086, 0.02499999999999984900 ) ;
#332 = EDGE_CURVE ( 'NONE', #7785, #8506, #173, .T. ) ;
#333 = ADVANCED_FACE ( 'NONE', ( #7532 ), #9442, .T. ) ;
#334 = CARTESIAN_POINT ( 'NONE',  ( 0.6179117767344348700, 0.002825718218901290800, 0.7429079742061753800 ) ) ;
#335 = CARTESIAN_POINT ( 'NONE',  ( -0.3499999999999997000, 0.1899999999999999700, 0.7320634920634920800 ) ) ;
#336 = EDGE_CURVE ( 'NONE', #5402, #10139, #6943, .T. ) ;
#337 = CARTESIAN_POINT ( 'NONE',  ( 0.6416666666666661600, 0.2083333333333334800, 0.7614445778845510000 ) ) ;
#338 = AXIS2_PLACEMENT_3D ( 'NONE', #3314, #6081, #6135 ) ;
#339 = CARTESIAN_POINT ( 'NONE',  ( -0.5000000000000000000, 0.9499999999999999600, -0.09999999999999993600 ) ) ;
#340 = ORIENTED_EDGE ( 'NONE', *, *, #364, .F. ) ;
#341 = AXIS2_PLACEMENT_3D ( 'NONE', #12103, #749, #7257 ) ;
#342 =( NAMED_UNIT ( * ) SI_UNIT ( $, .STERADIAN. ) SOLID_ANGLE_UNIT ( ) );
#343 = DIRECTION ( 'NONE',  ( 0.0000000000000000000, 0.0000000000000000000, -1.000000000000000000 ) ) ;
#344 = CARTESIAN_POINT ( 'NONE',  ( 0.9777777777777781900, 0.8222222222222219700, 0.7098412698412697200 ) ) ;
#345 = CARTESIAN_POINT ( 'NONE',  ( 0.9555555555555553800, 0.1999999999999999800, -0.7555555555555557600 ) ) ;
#346 = CARTESIAN_POINT ( 'NONE',  ( -0.5000000000000000000, 1.000000000000000000, -0.2899999999999999200 ) ) ;
#347 = CARTESIAN_POINT ( 'NONE',  ( 0.6430171155728380300, 0.2901478548065222800, 0.7163407854667368500 ) ) ;
#348 = EDGE_CURVE ( 'NONE', #8479, #431, #28, .T. ) ;
#349 = CIRCLE ( 'NONE', #920, 0.02499999999999995600 ) ;
#350 = DIRECTION ( 'NONE',  ( 6.661710357599453500E-016, -0.0000000000000000000, 1.000000000000000000 ) ) ;
#351 = DIRECTION ( 'NONE',  ( 0.0000000000000000000, 0.0000000000000000000, 1.000000000000000000 ) ) ;
#352 = CARTESIAN_POINT ( 'NONE',  ( -0.7054986824317117700, 0.2046498041912842000, 0.7717677004406677800 ) ) ;
#353 = DIRECTION ( 'NONE',  ( 0.0000000000000000000, 0.0000000000000000000, -1.000000000000000000 ) ) ;
#354 = LINE ( 'NONE', #11418, #1659 ) ;
#355 = ADVANCED_FACE ( 'NONE', ( #9757 ), #8904, .F. ) ;
#356 = CARTESIAN_POINT ( 'NONE',  ( -0.7325144859808212500, 0.1987957611102191300, 0.7507897795932990700 ) ) ;
#357 = CARTESIAN_POINT ( 'NONE',  ( -0.6900000000000000600, 0.8792893218813447900, 0.1499999999999999700 ) ) ;
#358 = AXIS2_PLACEMENT_3D ( 'NONE', #11783, #451, #1470 ) ;
#359 = VECTOR ( 'NONE', #2425, 1000.000000000000000 ) ;
#360 = ORIENTED_EDGE ( 'NONE', *, *, #9228, .T. ) ;
#361 = VERTEX_POINT ( 'NONE', #1254 ) ;
#362 = AXIS2_PLACEMENT_3D ( 'NONE', #9482, #2731, #9334 ) ;
#363 = CARTESIAN_POINT ( 'NONE',  ( -0.3999999999999999700, 0.8792893218813447900, -0.09999999999999993600 ) ) ;
#364 = EDGE_CURVE ( 'NONE', #12277, #568, #11395, .T. ) ;
#365 = CARTESIAN_POINT ( 'NONE',  ( -0.9555555555555553800, 0.9777777777777779700, -0.7999999999999999300 ) ) ;
#366 = CARTESIAN_POINT ( 'NONE',  ( -0.7305166039977877300, 0.005939465450004810900, 0.7563033442913420500 ) ) ;
#367 = DIRECTION ( 'NONE',  ( -0.0000000000000000000, 1.000000000000000000, -0.0000000000000000000 ) ) ;
#368 = CARTESIAN_POINT ( 'NONE',  ( -0.6476879537069494300, 0.2033827324349453700, 0.7748566205612378300 ) ) ;
#369 = ORIENTED_EDGE ( 'NONE', *, *, #1354, .T. ) ;
#370 = ADVANCED_FACE ( 'NONE', ( #10824 ), #3989, .F. ) ;
#371 = ORIENTED_EDGE ( 'NONE', *, *, #3069, .F. ) ;
#372 = PLANE ( 'NONE',  #4363 ) ;
#373 = DIRECTION ( 'NONE',  ( 0.0000000000000000000, 0.0000000000000000000, 1.000000000000000000 ) ) ;
#374 =( GEOMETRIC_REPRESENTATION_CONTEXT ( 3 ) GLOBAL_UNCERTAINTY_ASSIGNED_CONTEXT ( ( #4751 ) ) GLOBAL_UNIT_ASSIGNED_CONTEXT ( ( #3280, #6195, #2316 ) ) REPRESENTATION_CONTEXT ( 'NONE', 'WORKASPACE' ) );
#375 = EDGE_LOOP ( 'NONE', ( #10149, #7918, #5508, #8791 ) ) ;
#376 = DIRECTION ( 'NONE',  ( -1.084202172485507000E-016, 0.0000000000000000000, -1.000000000000000000 ) ) ;
#377 = CARTESIAN_POINT ( 'NONE',  ( 0.7014584713070070000, 0.1997749788091878500, 0.7809321885432846100 ) ) ;
#378 = ORIENTED_EDGE ( 'NONE', *, *, #1143, .T. ) ;
#379 = CARTESIAN_POINT ( 'NONE',  ( -0.6083333333333331700, 0.02222222222222176900, 0.7833333333333335500 ) ) ;
#380 = FACE_OUTER_BOUND ( 'NONE', #2591, .T. ) ;
#381 = AXIS2_PLACEMENT_3D ( 'NONE', #10154, #8315, #2668 ) ;
#382 = ORIENTED_EDGE ( 'NONE', *, *, #1271, .T. ) ;
#383 = ADVANCED_FACE ( 'NONE', ( #4734 ), #750, .F. ) ;
#384 = CARTESIAN_POINT ( 'NONE',  ( 0.7582651804682891700, 0.1906274650992387000, 0.7501939276962756900 ) ) ;
#385 = EDGE_LOOP ( 'NONE', ( #12266, #11289, #6806, #2574 ) ) ;
#386 = MANIFOLD_SOLID_BREP ( 'Boss-Extrude7', #4223 ) ;
#387 = ORIENTED_EDGE ( 'NONE', *, *, #4348, .F. ) ;
#388 = ORIENTED_EDGE ( 'NONE', *, *, #6196, .T. ) ;
#389 = ORIENTED_EDGE ( 'NONE', *, *, #7992, .T. ) ;
#390 = ORIENTED_EDGE ( 'NONE', *, *, #7821, .F. ) ;
#391 = CARTESIAN_POINT ( 'NONE',  ( -0.5500000000000000400, 1.000000000000000000, -0.2199999999999997800 ) ) ;
#392 = CIRCLE ( 'NONE', #807, 0.2666666666666639400 ) ;
#393 = CARTESIAN_POINT ( 'NONE',  ( -0.7111111111111139100, 0.5000000000000000000, -0.5111111111111139600 ) ) ;
#394 = DIRECTION ( 'NONE',  ( 0.0000000000000000000, 1.000000000000000000, 0.0000000000000000000 ) ) ;
#395 = EDGE_CURVE ( 'NONE', #8334, #1187, #6044, .T. ) ;
#396 = CARTESIAN_POINT ( 'NONE',  ( -0.5500000000000000400, 0.9499999999999999600, -0.1949999999999999500 ) ) ;
#397 = ORIENTED_EDGE ( 'NONE', *, *, #8691, .F. ) ;
#398 = CARTESIAN_POINT ( 'NONE',  ( -0.9777777777777777500, 0.1999999999999999800, 0.4653968253968289200 ) ) ;
#399 = VERTEX_POINT ( 'NONE', #1517 ) ;
#400 = VERTEX_POINT ( 'NONE', #2515 ) ;
#401 = EDGE_LOOP ( 'NONE', ( #2121, #7274 ) ) ;
#402 = CARTESIAN_POINT ( 'NONE',  ( 0.9777777777777786300, 0.0000000000000000000, 0.7098412698412697200 ) ) ;
#403 =( NAMED_UNIT ( * ) PLANE_ANGLE_UNIT ( ) SI_UNIT ( $, .RADIAN. ) );
#404 = VECTOR ( 'NONE', #6379, 1000.000000000000000 ) ;
#405 = ORIENTED_EDGE ( 'NONE', *, *, #169, .T. ) ;
#406 = PRESENTATION_LAYER_ASSIGNMENT (  '', '', ( #4181 ) ) ;
#407 = ORIENTED_EDGE ( 'NONE', *, *, #9202, .F. ) ;
#408 = DIRECTION ( 'NONE',  ( 0.0000000000000000000, 0.0000000000000000000, -1.000000000000000000 ) ) ;
#409 = ORIENTED_EDGE ( 'NONE', *, *, #6417, .T. ) ;
#410 = ADVANCED_FACE ( 'NONE', ( #5611 ), #7133, .F. ) ;
#411 = EDGE_CURVE ( 'NONE', #11007, #8805, #11381, .T. ) ;
#412 = DIRECTION ( 'NONE',  ( 1.000000000000000000, -0.0000000000000000000, -0.0000000000000000000 ) ) ;
#413 = CYLINDRICAL_SURFACE ( 'NONE', #10698, 0.02222222222222198000 ) ;
#414 = SURFACE_SIDE_STYLE ('',( #2772 ) ) ;
#415 = CIRCLE ( 'NONE', #1443, 0.02222222222222208800 ) ;
#416 = DIRECTION ( 'NONE',  ( -0.0000000000000000000, 1.000000000000000000, -0.0000000000000000000 ) ) ;
#417 = ORIENTED_EDGE ( 'NONE', *, *, #3918, .F. ) ;
#418 = VERTEX_POINT ( 'NONE', #3431 ) ;
#419 = DIRECTION ( 'NONE',  ( 0.0000000000000000000, -0.0000000000000000000, 1.000000000000000000 ) ) ;
#420 = FACE_OUTER_BOUND ( 'NONE', #7663, .T. ) ;
#421 = VERTEX_POINT ( 'NONE', #4404 ) ;
#422 =( GEOMETRIC_REPRESENTATION_CONTEXT ( 3 ) GLOBAL_UNCERTAINTY_ASSIGNED_CONTEXT ( ( #11358 ) ) GLOBAL_UNIT_ASSIGNED_CONTEXT ( ( #2262, #9750, #3083 ) ) REPRESENTATION_CONTEXT ( 'NONE', 'WORKASPACE' ) );
#423 = CARTESIAN_POINT ( 'NONE',  ( 0.7555983767109681900, 0.1928294236224968900, 0.7486333210406070900 ) ) ;
#424 = ADVANCED_FACE ( 'NONE', ( #10347 ), #2798, .F. ) ;
#425 = VECTOR ( 'NONE', #5301, 1000.000000000000000 ) ;
#426 = VECTOR ( 'NONE', #12223, 1000.000000000000000 ) ;
#427 = EDGE_CURVE ( 'NONE', #2749, #3027, #9432, .T. ) ;
#428 = ORIENTED_EDGE ( 'NONE', *, *, #9504, .T. ) ;
#429 = ORIENTED_EDGE ( 'NONE', *, *, #9013, .T. ) ;
#430 = CARTESIAN_POINT ( 'NONE',  ( 0.6399404231083724000, 0.2000000000000181600, 0.7777777777778067700 ) ) ;
#431 = VERTEX_POINT ( 'NONE', #8086 ) ;
#432 = AXIS2_PLACEMENT_3D ( 'NONE', #4042, #10695, #7851 ) ;
#433 = DIRECTION ( 'NONE',  ( 0.0000000000000000000, 0.0000000000000000000, 1.000000000000000000 ) ) ;
#434 = DIRECTION ( 'NONE',  ( 1.000000000000000000, -0.0000000000000000000, 0.0000000000000000000 ) ) ;
#435 = CARTESIAN_POINT ( 'NONE',  ( -0.6499999999999996900, 0.2833333333333330500, 0.7179317890670646700 ) ) ;
#436 = CARTESIAN_POINT ( 'NONE',  ( -0.3100000000000000000, 1.000000000000000000, 0.1749999999999999100 ) ) ;
#437 = DIRECTION ( 'NONE',  ( 0.0000000000000000000, 1.000000000000000000, 0.0000000000000000000 ) ) ;
#438 = FACE_OUTER_BOUND ( 'NONE', #2036, .T. ) ;
#439 = CARTESIAN_POINT ( 'NONE',  ( -0.7251677474501351300, 0.2000000000000000400, 0.7324819336765535600 ) ) ;
#440 = DIRECTION ( 'NONE',  ( -1.000000000000000000, -0.0000000000000000000, 1.084202172485504400E-016 ) ) ;
#441 = FACE_OUTER_BOUND ( 'NONE', #262, .T. ) ;
#442 = PRESENTATION_STYLE_ASSIGNMENT (( #8711 ) ) ;
#443 = CARTESIAN_POINT ( 'NONE',  ( -0.7260082392793196800, 0.005030524339293485400, 0.7526804295605181700 ) ) ;
#444 = ORIENTED_EDGE ( 'NONE', *, *, #10537, .F. ) ;
#445 = AXIS2_PLACEMENT_3D ( 'NONE', #3193, #11677, #351 ) ;
#446 = ORIENTED_EDGE ( 'NONE', *, *, #1799, .T. ) ;
#447 = CARTESIAN_POINT ( 'NONE',  ( -0.2549999999999999500, 0.9499999999999999600, 0.1250000000000000600 ) ) ;
#448 = ADVANCED_FACE ( 'NONE', ( #8417 ), #12207, .F. ) ;
#449 = CARTESIAN_POINT ( 'NONE',  ( 0.5866521078419173500, 0.01871238449588154600, 0.7540067871585450800 ) ) ;
#450 = CARTESIAN_POINT ( 'NONE',  ( -0.7627158585739627400, 0.1853443906934254300, 0.7529697895524313200 ) ) ;
#451 = DIRECTION ( 'NONE',  ( 1.000000000000000000, 0.0000000000000000000, 0.0000000000000000000 ) ) ;
#452 = CYLINDRICAL_SURFACE ( 'NONE', #6312, 0.02499999999999985900 ) ;
#453 = FACE_OUTER_BOUND ( 'NONE', #2141, .T. ) ;
#454 = CIRCLE ( 'NONE', #1113, 0.02500000000000002900 ) ;
#455 = EDGE_CURVE ( 'NONE', #2726, #9619, #1007, .T. ) ;
#456 = CARTESIAN_POINT ( 'NONE',  ( 0.7083333333333332600, 0.2853394820434970200, 0.6804820297350209200 ) ) ;
#457 = SURFACE_STYLE_FILL_AREA ( #10836 ) ;
#458 = VECTOR ( 'NONE', #10511, 1000.000000000000000 ) ;
#459 = CARTESIAN_POINT ( 'NONE',  ( 1.377777777777777500, 0.5000000000000000000, -0.5111111111111146200 ) ) ;
#460 = ORIENTED_EDGE ( 'NONE', *, *, #644, .F. ) ;
#461 = SURFACE_STYLE_USAGE ( .BOTH. , #7038 ) ;
#462 = AXIS2_PLACEMENT_3D ( 'NONE', #2530, #11110, #671 ) ;
#463 =( LENGTH_UNIT ( ) NAMED_UNIT ( * ) SI_UNIT ( .MILLI., .METRE. ) );
#464 = DIRECTION ( 'NONE',  ( 0.0000000000000000000, -0.0000000000000000000, 1.000000000000000000 ) ) ;
#465 = AXIS2_PLACEMENT_3D ( 'NONE', #5923, #7742, #11498 ) ;
#466 = DIRECTION ( 'NONE',  ( 0.0000000000000000000, 1.000000000000000000, 0.0000000000000000000 ) ) ;
#467 = CIRCLE ( 'NONE', #5059, 0.5083333333333333000 ) ;
#468 = LINE ( 'NONE', #10529, #7098 ) ;
#469 = DIRECTION ( 'NONE',  ( -1.000000000000000000, -0.0000000000000000000, -0.0000000000000000000 ) ) ;
#470 = FACE_OUTER_BOUND ( 'NONE', #8332, .T. ) ;
#471 = CARTESIAN_POINT ( 'NONE',  ( 0.7289061887288422700, 0.1999520288349953000, 0.7341515027267737600 ) ) ;
#472 = EDGE_CURVE ( 'NONE', #11455, #2730, #6198, .T. ) ;
#473 = CARTESIAN_POINT ( 'NONE',  ( -0.5000000000000000000, 0.8792893218813447900, 0.02500000000000013700 ) ) ;
#474 = LINE ( 'NONE', #3719, #3091 ) ;
#475 = VECTOR ( 'NONE', #6223, 1000.000000000000000 ) ;
#476 = B_SPLINE_CURVE_WITH_KNOTS ( 'NONE', 3,
 ( #140, #1185, #11680, #2180, #10715, #9603, #352, #5039, #5885, #2128 ),
 .UNSPECIFIED., .F., .F.,
 ( 4, 3, 3, 4 ),
 ( 1.212174879515270100E-019, 5.951832009368299100E-006, 1.144111560983042800E-005, 1.225867003040207900E-005 ),
 .UNSPECIFIED. ) ;
#477 = ADVANCED_FACE ( 'NONE', ( #2928 ), #8443, .T. ) ;
#478 = STYLED_ITEM ( 'NONE', ( #3955 ), #9356 ) ;
#479 = DIRECTION ( 'NONE',  ( 0.0000000000000000000, 0.0000000000000000000, 1.000000000000000000 ) ) ;
#480 = CIRCLE ( 'NONE', #8621, 0.005555555555555521900 ) ;
#481 = DIRECTION ( 'NONE',  ( 0.0000000000000000000, 0.0000000000000000000, 1.000000000000000000 ) ) ;
#482 = CARTESIAN_POINT ( 'NONE',  ( -0.9555555555555553800, 0.02222222222222208800, 0.7542857142857142300 ) ) ;
#483 = CARTESIAN_POINT ( 'NONE',  ( 0.7250000000000000900, 0.005000000000000001800, 0.7525438349425659400 ) ) ;
#484 = CYLINDRICAL_SURFACE ( 'NONE', #10260, 0.02499999999999984900 ) ;
#485 = CARTESIAN_POINT ( 'NONE',  ( -0.3499999999999997000, 0.0000000000000000000, 0.0000000000000000000 ) ) ;
#486 = CARTESIAN_POINT ( 'NONE',  ( -0.9555555555555553800, -1.445153081025597900, -0.7555555555555555400 ) ) ;
#487 = EDGE_CURVE ( 'NONE', #1845, #9387, #6931, .T. ) ;
#488 = ORIENTED_EDGE ( 'NONE', *, *, #10045, .T. ) ;
#489 = EDGE_CURVE ( 'NONE', #2398, #4397, #10978, .T. ) ;
#490 = DIRECTION ( 'NONE',  ( 0.0000000000000000000, 4.147073309757079700E-014, -1.000000000000000000 ) ) ;
#491 = ADVANCED_FACE ( 'NONE', ( #10810 ), #5464, .T. ) ;
#492 = CARTESIAN_POINT ( 'NONE',  ( -0.7493850975408729000, 0.1957024421740528900, 0.7451986954031719600 ) ) ;
#493 = EDGE_CURVE ( 'NONE', #9948, #11956, #5888, .T. ) ;
#494 = CIRCLE ( 'NONE', #4863, 0.02499999999999984900 ) ;
#495 = AXIS2_PLACEMENT_3D ( 'NONE', #6164, #9881, #2409 ) ;
#496 = CARTESIAN_POINT ( 'NONE',  ( 0.3499999999999999200, 0.02222222222222208800, -0.7777777777777780100 ) ) ;
#497 = LINE ( 'NONE', #10881, #3554 ) ;
#498 = DIRECTION ( 'NONE',  ( 0.0000000000000000000, 0.0000000000000000000, 1.000000000000000000 ) ) ;
#499 = DIRECTION ( 'NONE',  ( 0.0000000000000000000, 1.000000000000000000, 0.0000000000000000000 ) ) ;
#500 = ORIENTED_EDGE ( 'NONE', *, *, #9368, .T. ) ;
#501 = PRESENTATION_LAYER_ASSIGNMENT (  '', '', ( #7275 ) ) ;
#502 = DIRECTION ( 'NONE',  ( 1.000000000000000000, 0.0000000000000000000, 0.0000000000000000000 ) ) ;
#503 = PLANE ( 'NONE',  #2962 ) ;
#504 = DIRECTION ( 'NONE',  ( -0.0000000000000000000, 1.000000000000000000, -0.0000000000000000000 ) ) ;
#505 = FILL_AREA_STYLE ('',( #8089 ) ) ;
#506 = EDGE_CURVE ( 'NONE', #10113, #975, #1315, .T. ) ;
#507 = CARTESIAN_POINT ( 'NONE',  ( -0.6531797497309412800, 0.2991832025388169700, 0.7142805641121250400 ) ) ;
#508 = EDGE_CURVE ( 'NONE', #7773, #2817, #1906, .T. ) ;
#509 = AXIS2_PLACEMENT_3D ( 'NONE', #1067, #6731, #7649 ) ;
#510 = LINE ( 'NONE', #5972, #5075 ) ;
#511 = DIRECTION ( 'NONE',  ( 0.0000000000000000000, -1.000000000000000000, 0.0000000000000000000 ) ) ;
#512 = DIRECTION ( 'NONE',  ( 0.0000000000000000000, 1.000000000000000000, -0.0000000000000000000 ) ) ;
#513 = ORIENTED_EDGE ( 'NONE', *, *, #7354, .T. ) ;
#514 = ORIENTED_EDGE ( 'NONE', *, *, #10880, .T. ) ;
#515 = CARTESIAN_POINT ( 'NONE',  ( 0.5861111111109917900, 0.02194444444442587800, 0.7542839781068780800 ) ) ;
#516 = CARTESIAN_POINT ( 'NONE',  ( 0.6083333333333331700, 0.1833333333333334600, 0.7761593472479014800 ) ) ;
#517 = AXIS2_PLACEMENT_3D ( 'NONE', #915, #10336, #8428 ) ;
#518 = DIRECTION ( 'NONE',  ( -1.084202172485504800E-016, 0.0000000000000000000, -1.000000000000000000 ) ) ;
#519 = CARTESIAN_POINT ( 'NONE',  ( -0.7416666666666664700, 0.1833333333333334600, 0.7761593472478798300 ) ) ;
#520 = AXIS2_PLACEMENT_3D ( 'NONE', #10496, #1818, #3710 ) ;
#521 = ORIENTED_EDGE ( 'NONE', *, *, #6144, .F. ) ;
#522 = DIRECTION ( 'NONE',  ( 0.0000000000000000000, 1.000000000000000000, -0.0000000000000000000 ) ) ;
#523 = ORIENTED_EDGE ( 'NONE', *, *, #9630, .T. ) ;
#524 = EDGE_CURVE ( 'NONE', #5130, #950, #8854, .T. ) ;
#525 = CARTESIAN_POINT ( 'NONE',  ( -0.7416551334074744700, 0.02104673972282394800, 0.7838403542335687900 ) ) ;
#526 = DIRECTION ( 'NONE',  ( 0.0000000000000000000, 1.000000000000000000, 0.0000000000000000000 ) ) ;
#527 = CIRCLE ( 'NONE', #8966, 0.02499999999999984900 ) ;
#528 = CARTESIAN_POINT ( 'NONE',  ( -0.2550000000000000000, 0.9499999999999999600, -0.1499999999999999100 ) ) ;
#529 = ORIENTED_EDGE ( 'NONE', *, *, #7354, .F. ) ;
#530 = DIRECTION ( 'NONE',  ( 0.0000000000000000000, 1.185846126156016500E-015, -1.000000000000000000 ) ) ;
#531 = CARTESIAN_POINT ( 'NONE',  ( 0.7166652541603920600, 0.2000000000000000100, 0.7674395715206201500 ) ) ;
#532 = AXIS2_PLACEMENT_3D ( 'NONE', #6190, #7110, #9157 ) ;
#533 = EDGE_CURVE ( 'NONE', #9477, #3518, #7816, .T. ) ;
#534 = EDGE_LOOP ( 'NONE', ( #11760, #145 ) ) ;
#535 = EDGE_LOOP ( 'NONE', ( #232, #4806 ) ) ;
#536 = ORIENTED_EDGE ( 'NONE', *, *, #5898, .T. ) ;
#537 = EDGE_LOOP ( 'NONE', ( #1665, #5437, #6742, #5695 ) ) ;
#538 = ADVANCED_FACE ( 'NONE', ( #17 ), #7232, .T. ) ;
#539 = DIRECTION ( 'NONE',  ( -0.0000000000000000000, -1.000000000000000000, -0.0000000000000000000 ) ) ;
#540 = DIRECTION ( 'NONE',  ( 0.0000000000000000000, 0.0000000000000000000, -1.000000000000000000 ) ) ;
#541 = EDGE_LOOP ( 'NONE', ( #7487, #3035, #8958, #5085, #8324, #9366 ) ) ;
#542 = EDGE_LOOP ( 'NONE', ( #10425, #1704, #4197, #1688, #488 ) ) ;
#543 = MANIFOLD_SOLID_BREP ( 'Boss-Extrude4[5]', #5974 ) ;
#544 = SURFACE_SIDE_STYLE ('',( #8540 ) ) ;
#545 = EDGE_CURVE ( 'NONE', #3605, #8322, #7655, .T. ) ;
#546 = DIRECTION ( 'NONE',  ( 0.0000000000000000000, 0.0000000000000000000, -1.000000000000000000 ) ) ;
#547 = ORIENTED_EDGE ( 'NONE', *, *, #7535, .T. ) ;
#548 = EDGE_LOOP ( 'NONE', ( #3902, #8744, #7308, #990 ) ) ;
#549 = ORIENTED_EDGE ( 'NONE', *, *, #1613, .F. ) ;
#550 = CARTESIAN_POINT ( 'NONE',  ( -0.7598783187438944400, 0.01320989528699553900, 0.7524297301686599900 ) ) ;
#551 = LINE ( 'NONE', #8551, #2734 ) ;
#552 = STYLED_ITEM ( 'NONE', ( #3219 ), #9145 ) ;
#553 = CARTESIAN_POINT ( 'NONE',  ( 0.7589166029873912800, 0.01130035764144209300, 0.7518944516879733100 ) ) ;
#554 = LINE ( 'NONE', #4278, #1711 ) ;
#555 = ADVANCED_FACE ( 'NONE', ( #7969 ), #11726, .T. ) ;
#556 = VERTEX_POINT ( 'NONE', #8829 ) ;
#557 = VERTEX_POINT ( 'NONE', #3154 ) ;
#558 = ORIENTED_EDGE ( 'NONE', *, *, #226, .F. ) ;
#559 = EDGE_LOOP ( 'NONE', ( #4924, #1929, #11322, #11655 ) ) ;
#560 = CARTESIAN_POINT ( 'NONE',  ( -0.5000000000000000000, 0.8792893218813447900, -0.1250000000000000800 ) ) ;
#561 = DIRECTION ( 'NONE',  ( 0.0000000000000000000, 1.000000000000000000, 0.0000000000000000000 ) ) ;
#562 = EDGE_CURVE ( 'NONE', #8091, #4103, #10195, .T. ) ;
#563 = ORIENTED_EDGE ( 'NONE', *, *, #3540, .F. ) ;
#564 = LINE ( 'NONE', #5461, #404 ) ;
#565 = EDGE_CURVE ( 'NONE', #5663, #2972, #1612, .T. ) ;
#566 = CIRCLE ( 'NONE', #5728, 0.02500000000000006400 ) ;
#567 = FACE_OUTER_BOUND ( 'NONE', #2414, .T. ) ;
#568 = VERTEX_POINT ( 'NONE', #391 ) ;
#569 = CARTESIAN_POINT ( 'NONE',  ( 0.6180489540576402700, 0.006518705150839310300, 0.7582635162332575000 ) ) ;
#570 = ORIENTED_EDGE ( 'NONE', *, *, #6848, .F. ) ;
#571 = EDGE_CURVE ( 'NONE', #5116, #5095, #10640, .T. ) ;
#572 = MECHANICAL_DESIGN_GEOMETRIC_PRESENTATION_REPRESENTATION (  '', ( #10513 ), #166 ) ;
#573 = ORIENTED_EDGE ( 'NONE', *, *, #10713, .T. ) ;
#574 = DIRECTION ( 'NONE',  ( 0.0000000000000000000, 0.0000000000000000000, 1.000000000000000000 ) ) ;
#575 = FACE_OUTER_BOUND ( 'NONE', #3210, .T. ) ;
#576 = ORIENTED_EDGE ( 'NONE', *, *, #1542, .T. ) ;
#577 = FACE_OUTER_BOUND ( 'NONE', #5842, .T. ) ;
#578 = CARTESIAN_POINT ( 'NONE',  ( -0.7330438564430013000, 0.005002307679929225000, 0.7471226140014053400 ) ) ;
#579 = CARTESIAN_POINT ( 'NONE',  ( 0.6479834201640948300, 0.2033031415768578600, 0.7750211657778399700 ) ) ;
#580 = CARTESIAN_POINT ( 'NONE',  ( -0.2550000000000000000, 0.8792893218813447900, -0.1499999999999999100 ) ) ;
#581 = LINE ( 'NONE', #7739, #1279 ) ;
#582 = PLANE ( 'NONE',  #8730 ) ;
#583 = PRESENTATION_STYLE_ASSIGNMENT (( #2449 ) ) ;
#584 = ORIENTED_EDGE ( 'NONE', *, *, #10235, .T. ) ;
#585 = EDGE_LOOP ( 'NONE', ( #10905, #2145, #1093, #10162 ) ) ;
#586 = EDGE_CURVE ( 'NONE', #7190, #2003, #4111, .T. ) ;
#587 = ORIENTED_EDGE ( 'NONE', *, *, #5605, .F. ) ;
#588 = DIRECTION ( 'NONE',  ( 0.0000000000000000000, 1.000000000000000000, 0.0000000000000000000 ) ) ;
#589 = CARTESIAN_POINT ( 'NONE',  ( -0.9777777777777779700, 0.1899999999999999700, -0.7555555555555555400 ) ) ;
#590 = CIRCLE ( 'NONE', #2214, 0.02499999999999984900 ) ;
#591 = FACE_BOUND ( 'NONE', #4691, .T. ) ;
#592 = CARTESIAN_POINT ( 'NONE',  ( -0.5000000000000000000, 1.000000000000000000, 0.02500000000000013700 ) ) ;
#593 = CARTESIAN_POINT ( 'NONE',  ( 0.7250000000000000900, 0.005000000000000040000, 0.7918213607330723000 ) ) ;
#594 = FACE_OUTER_BOUND ( 'NONE', #928, .T. ) ;
#595 = ORIENTED_EDGE ( 'NONE', *, *, #6092, .T. ) ;
#596 = ORIENTED_EDGE ( 'NONE', *, *, #4245, .F. ) ;
#597 = ORIENTED_EDGE ( 'NONE', *, *, #8706, .F. ) ;
#598 = AXIS2_PLACEMENT_3D ( 'NONE', #2224, #6928, #6827 ) ;
#599 = LINE ( 'NONE', #10906, #6037 ) ;
#600 = EDGE_CURVE ( 'NONE', #3188, #3746, #6917, .T. ) ;
#601 = VECTOR ( 'NONE', #6656, 1000.000000000000000 ) ;
#602 = VECTOR ( 'NONE', #11005, 1000.000000000000000 ) ;
#603 = ADVANCED_FACE ( 'NONE', ( #1471 ), #10210, .F. ) ;
#604 = CARTESIAN_POINT ( 'NONE',  ( 0.6249999999999995600, 0.004999999999999989700, 0.7525438349425659400 ) ) ;
#605 = ORIENTED_EDGE ( 'NONE', *, *, #1597, .F. ) ;
#606 = ORIENTED_EDGE ( 'NONE', *, *, #1749, .F. ) ;
#607 = CARTESIAN_POINT ( 'NONE',  ( -0.4500000000000000100, 0.9499999999999999600, -0.1699999999999998500 ) ) ;
#608 = CARTESIAN_POINT ( 'NONE',  ( -0.7395850798365812800, 0.01340815744779353400, 0.7884337038089026500 ) ) ;
#609 = CARTESIAN_POINT ( 'NONE',  ( 0.7416666666666664700, 0.1833333333333334600, 0.7777777777777780100 ) ) ;
#610 = FACE_OUTER_BOUND ( 'NONE', #207, .T. ) ;
#611 = FACE_OUTER_BOUND ( 'NONE', #6956, .T. ) ;
#612 = DIRECTION ( 'NONE',  ( 0.0000000000000000000, 0.0000000000000000000, -1.000000000000000000 ) ) ;
#613 = AXIS2_PLACEMENT_3D ( 'NONE', #6683, #6772, #9459 ) ;
#614 = CARTESIAN_POINT ( 'NONE',  ( 0.6083370318961972600, 0.02125722890037086400, 0.7836667573099572700 ) ) ;
#615 = FACE_OUTER_BOUND ( 'NONE', #4758, .T. ) ;
#616 =( BOUNDED_SURFACE ( )  B_SPLINE_SURFACE ( 3, 2, ( 
 ( #11897, #1570, #604 ),
 ( #1493, #9071, #1452 ),
 ( #6311, #7225, #10040 ),
 ( #4072, #1614, #5255 ),
 ( #8051, #8107, #11857 ),
 ( #515, #633, #4373 ) ),
 .UNSPECIFIED., .F., .F., .T. ) 
 B_SPLINE_SURFACE_WITH_KNOTS ( ( 4, 2, 4 ),
 ( 3, 3 ),
 ( 0.0000000000000000000, 3.313455719014056900E-005, 6.626911438028113800E-005 ),
 ( 0.0000000000000000000, 1.000000000000000000 ),
 .UNSPECIFIED. ) 
 GEOMETRIC_REPRESENTATION_ITEM ( )  RATIONAL_B_SPLINE_SURFACE ( (
 ( 1.000000000000000000, 0.9714679613862726700, 1.000000000000000000),
 ( 1.000000000000000000, 0.9694404325609915500, 1.000000000000000000),
 ( 1.000000000000000000, 0.9185013101587842200, 1.000000000000000000),
 ( 1.000000000000000000, 0.7913516831153895000, 1.000000000000000000),
 ( 1.000000000000000000, 0.7092486567866743700, 1.000000000000000000),
 ( 1.000000000000000000, 0.7071067811865515700, 1.000000000000000000) ) ) 
 REPRESENTATION_ITEM ( '' )  SURFACE ( )  );
#617 = B_SPLINE_CURVE_WITH_KNOTS ( 'NONE', 3,
 ( #2917, #7546, #2810, #918, #1935, #1898, #2005, #6668, #3740, #1018, #9472, #11414, #9440, #1050, #8613, #11327, #7509, #3825, #3782, #3898, #10404, #7620, #10494, #1965, #2952 ),
 .UNSPECIFIED., .F., .F.,
 ( 4, 3, 3, 3, 3, 3, 3, 3, 4 ),
 ( 0.0000000000000000000, 1.357138391373139100E-006, 3.333579270203421000E-006, 9.509500281937753400E-006, 2.072888460330388200E-005, 2.864799417303920700E-005, 3.099951363772052400E-005, 3.401611304014628200E-005, 3.688304456284507800E-005 ),
 .UNSPECIFIED. ) ;
#618 = CARTESIAN_POINT ( 'NONE',  ( 0.3499999999999999200, 0.02222222222222208800, -0.8000000000000000400 ) ) ;
#619 = ADVANCED_FACE ( 'NONE', ( #4268 ), #11372, .F. ) ;
#620 = CARTESIAN_POINT ( 'NONE',  ( 0.6486220729805806100, 0.2031781006969428900, 0.7752712762944614600 ) ) ;
#621 = DIRECTION ( 'NONE',  ( 0.0000000000000000000, -1.000000000000000000, 0.0000000000000000000 ) ) ;
#622 = LINE ( 'NONE', #5054, #1783 ) ;
#623 = VECTOR ( 'NONE', #1264, 1000.000000000000000 ) ;
#624 = DIRECTION ( 'NONE',  ( 0.0000000000000000000, 0.0000000000000000000, 1.000000000000000000 ) ) ;
#625 = DIRECTION ( 'NONE',  ( 0.0000000000000000000, 0.0000000000000000000, -1.000000000000000000 ) ) ;
#626 = AXIS2_PLACEMENT_3D ( 'NONE', #10426, #5708, #9535 ) ;
#627 = DIRECTION ( 'NONE',  ( -1.790425605939365800E-016, 0.0000000000000000000, -1.000000000000000000 ) ) ;
#628 = AXIS2_PLACEMENT_3D ( 'NONE', #11168, #12140, #7373 ) ;
#629 = DIRECTION ( 'NONE',  ( 0.0000000000000000000, -0.0000000000000000000, 1.000000000000000000 ) ) ;
#630 = ORIENTED_EDGE ( 'NONE', *, *, #11877, .T. ) ;
#631 = CARTESIAN_POINT ( 'NONE',  ( -0.3999999999999999700, 0.9499999999999999600, 0.07500000000000005300 ) ) ;
#632 = EDGE_CURVE ( 'NONE', #6324, #9694, #5597, .T. ) ;
#633 = CARTESIAN_POINT ( 'NONE',  ( 0.6083333333332134900, 0.02194444444444622300, 0.7542839781068783100 ) ) ;
#634 = MECHANICAL_DESIGN_GEOMETRIC_PRESENTATION_REPRESENTATION (  '', ( #478 ), #1000 ) ;
#635 = LINE ( 'NONE', #9335, #185 ) ;
#636 = CARTESIAN_POINT ( 'NONE',  ( 0.7416551334074744700, 0.02104673972282394800, 0.7838403542335687900 ) ) ;
#637 = CARTESIAN_POINT ( 'NONE',  ( -0.6449197883927333400, 0.2932254812248830100, 0.6768225686109231600 ) ) ;
#638 = DIRECTION ( 'NONE',  ( -0.0000000000000000000, 1.000000000000000000, -0.0000000000000000000 ) ) ;
#639 = CARTESIAN_POINT ( 'NONE',  ( 0.6233956924030098500, 0.005077393763619449300, 0.7528879493134524900 ) ) ;
#640 = CARTESIAN_POINT ( 'NONE',  ( 0.5863250109628751500, 0.1828568026017317300, 0.7537253558980474600 ) ) ;
#641 = FACE_OUTER_BOUND ( 'NONE', #1242, .T. ) ;
#642 = CARTESIAN_POINT ( 'NONE',  ( 0.9777777777777786300, 0.8000000000000000400, 0.7098412698412697200 ) ) ;
#643 = CARTESIAN_POINT ( 'NONE',  ( 0.6083333333333331700, 0.02146000385261677800, 0.7834837929390897600 ) ) ;
#644 = EDGE_CURVE ( 'NONE', #1709, #4636, #9726, .T. ) ;
#645 = CIRCLE ( 'NONE', #4695, 0.02499999999999995600 ) ;
#646 = DIRECTION ( 'NONE',  ( 1.000000000000000000, 0.0000000000000000000, 0.0000000000000000000 ) ) ;
#647 = ORIENTED_EDGE ( 'NONE', *, *, #8442, .F. ) ;
#648 = CARTESIAN_POINT ( 'NONE',  ( 0.7145007660609252700, 0.1999999999999999800, 0.7736125863801087700 ) ) ;
#649 = ORIENTED_EDGE ( 'NONE', *, *, #4092, .F. ) ;
#650 = CARTESIAN_POINT ( 'NONE',  ( -8.432683563776152300E-017, 0.02222222222222208800, -0.7777777777777780100 ) ) ;
#651 = ADVANCED_FACE ( 'NONE', ( #2787 ), #302, .F. ) ;
#652 = CARTESIAN_POINT ( 'NONE',  ( -0.5500000000000000400, 0.9499999999999999600, -0.1949999999999999500 ) ) ;
#653 = DIRECTION ( 'NONE',  ( 0.0000000000000000000, 0.0000000000000000000, 1.000000000000000000 ) ) ;
#654 = CARTESIAN_POINT ( 'NONE',  ( -0.5000000000000000000, 0.9499999999999999600, -0.1250000000000000800 ) ) ;
#655 = AXIS2_PLACEMENT_3D ( 'NONE', #681, #9082, #4474 ) ;
#656 = ORIENTED_EDGE ( 'NONE', *, *, #8929, .F. ) ;
#657 = PLANE ( 'NONE',  #2746 ) ;
#658 = VERTEX_POINT ( 'NONE', #7296 ) ;
#659 = DIRECTION ( 'NONE',  ( 0.0000000000000000000, 0.0000000000000000000, 1.000000000000000000 ) ) ;
#660 = EDGE_CURVE ( 'NONE', #10569, #3042, #11692, .T. ) ;
#661 = DIRECTION ( 'NONE',  ( 0.0000000000000000000, 1.000000000000000000, -0.0000000000000000000 ) ) ;
#662 = DIRECTION ( 'NONE',  ( 0.0000000000000000000, 1.185846126156022200E-015, 1.000000000000000000 ) ) ;
#663 = ADVANCED_FACE ( 'NONE', ( #11252 ), #7377, .F. ) ;
#664 = ORIENTED_EDGE ( 'NONE', *, *, #8736, .T. ) ;
#665 = VERTEX_POINT ( 'NONE', #8252 ) ;
#666 = VERTEX_POINT ( 'NONE', #6376 ) ;
#667 = CARTESIAN_POINT ( 'NONE',  ( -0.9555555555555553800, 0.1777777777777780100, 0.7542857142857142300 ) ) ;
#668 = AXIS2_PLACEMENT_3D ( 'NONE', #12108, #6264, #5491 ) ;
#669 = DIRECTION ( 'NONE',  ( 1.000000000000000000, 0.0000000000000000000, -1.084202172485504400E-016 ) ) ;
#670 = CIRCLE ( 'NONE', #6662, 0.02500000000000009200 ) ;
#671 = DIRECTION ( 'NONE',  ( 0.0000000000000000000, 0.0000000000000000000, -1.000000000000000000 ) ) ;
#672 = ORIENTED_EDGE ( 'NONE', *, *, #11127, .T. ) ;
#673 = CARTESIAN_POINT ( 'NONE',  ( 0.6521429982116897500, 0.2924357283665478500, 0.7228957969323360800 ) ) ;
#674 = EDGE_LOOP ( 'NONE', ( #10553, #9667, #2466, #5816 ) ) ;
#675 = VERTEX_POINT ( 'NONE', #5565 ) ;
#676 = CARTESIAN_POINT ( 'NONE',  ( -0.7375635799312121300, 0.01058435714662390800, 0.7896837529460957200 ) ) ;
#677 = DIRECTION ( 'NONE',  ( 0.0000000000000000000, 1.000000000000000000, 0.0000000000000000000 ) ) ;
#678 = ORIENTED_EDGE ( 'NONE', *, *, #6637, .F. ) ;
#679 = CARTESIAN_POINT ( 'NONE',  ( -0.5500000000000001600, 1.000000000000000000, 0.2199999999999998900 ) ) ;
#680 = CARTESIAN_POINT ( 'NONE',  ( -0.6238864685333130900, 0.1999920272434900200, 0.7326587073462671500 ) ) ;
#681 = CARTESIAN_POINT ( 'NONE',  ( -0.3100000000000000500, 0.9499999999999999600, -0.1499999999999999100 ) ) ;
#682 = CYLINDRICAL_SURFACE ( 'NONE', #4196, 0.02499999999999984900 ) ;
#683 = CARTESIAN_POINT ( 'NONE',  ( 0.7084009792818287700, 0.2068833371936253900, 0.7269905297888238400 ) ) ;
#684 = CARTESIAN_POINT ( 'NONE',  ( 0.6462546085030946900, 0.2038544508309782000, 0.7738519948659035000 ) ) ;
#685 = CARTESIAN_POINT ( 'NONE',  ( 0.7083333333333332600, 0.2083333333333335100, 0.7614445778845510000 ) ) ;
#686 = AXIS2_PLACEMENT_3D ( 'NONE', #7944, #10912, #8275 ) ;
#687 = EDGE_CURVE ( 'NONE', #10918, #1845, #5874, .T. ) ;
#688 = ORIENTED_EDGE ( 'NONE', *, *, #9749, .F. ) ;
#689 = ORIENTED_EDGE ( 'NONE', *, *, #12097, .T. ) ;
#690 = ORIENTED_EDGE ( 'NONE', *, *, #1788, .F. ) ;
#691 = AXIS2_PLACEMENT_3D ( 'NONE', #2391, #8045, #2483 ) ;
#692 = ORIENTED_EDGE ( 'NONE', *, *, #9654, .T. ) ;
#693 = ORIENTED_EDGE ( 'NONE', *, *, #8950, .F. ) ;
#694 = CARTESIAN_POINT ( 'NONE',  ( 0.9555555555555553800, 0.1899999999999999700, -0.7555555555555557600 ) ) ;
#695 = CARTESIAN_POINT ( 'NONE',  ( 0.9555555555555551600, 0.1899999999999999700, -0.7777777777777781200 ) ) ;
#696 = LINE ( 'NONE', #1893, #1988 ) ;
#697 = CARTESIAN_POINT ( 'NONE',  ( -0.3549999999999999800, 0.9499999999999999600, 0.2700000000000000700 ) ) ;
#698 = EDGE_CURVE ( 'NONE', #2444, #1963, #9886, .T. ) ;
#699 = ORIENTED_EDGE ( 'NONE', *, *, #6057, .F. ) ;
#700 = CARTESIAN_POINT ( 'NONE',  ( -0.7161790362671082200, 0.1999999999999999800, 0.7671281294207348300 ) ) ;
#701 = ORIENTED_EDGE ( 'NONE', *, *, #6340, .T. ) ;
#702 = ORIENTED_EDGE ( 'NONE', *, *, #7416, .T. ) ;
#703 = CARTESIAN_POINT ( 'NONE',  ( -0.7583016492212216700, 0.01190270856164601600, 0.7517443151738960600 ) ) ;
#704 = CARTESIAN_POINT ( 'NONE',  ( -0.7166666666666667900, 0.1999999999999999800, 0.7320634920634921900 ) ) ;
#705 = ORIENTED_EDGE ( 'NONE', *, *, #11855, .T. ) ;
#706 = FACE_OUTER_BOUND ( 'NONE', #7755, .T. ) ;
#707 = CIRCLE ( 'NONE', #2164, 0.02499999999999995600 ) ;
#708 = FACE_OUTER_BOUND ( 'NONE', #11606, .T. ) ;
#709 = VERTEX_POINT ( 'NONE', #6658 ) ;
#710 = DIRECTION ( 'NONE',  ( 0.0000000000000000000, 0.0000000000000000000, 1.000000000000000000 ) ) ;
#711 = CARTESIAN_POINT ( 'NONE',  ( 0.7330312333892270400, 0.002877906266644841600, 0.7430072061264003700 ) ) ;
#712 = DIRECTION ( 'NONE',  ( 0.0000000000000000000, 1.000000000000000000, 0.0000000000000000000 ) ) ;
#713 = ORIENTED_EDGE ( 'NONE', *, *, #7992, .F. ) ;
#714 = CARTESIAN_POINT ( 'NONE',  ( 0.7363224564512270700, 0.009310667271749159500, 0.7901987893042821100 ) ) ;
#715 = CARTESIAN_POINT ( 'NONE',  ( -0.2549999999999999500, 0.9499999999999999600, 0.1499999999999999700 ) ) ;
#716 = EDGE_CURVE ( 'NONE', #6563, #6734, #7221, .T. ) ;
#717 = CLOSED_SHELL ( 'NONE', ( #9134, #10597, #9314, #6908 ) ) ;
#718 = DIRECTION ( 'NONE',  ( 0.0000000000000000000, 1.000000000000000000, 0.0000000000000000000 ) ) ;
#719 = ORIENTED_EDGE ( 'NONE', *, *, #1934, .F. ) ;
#720 = FACE_OUTER_BOUND ( 'NONE', #4506, .T. ) ;
#721 = CARTESIAN_POINT ( 'NONE',  ( -0.6107434940850188200, 0.1919663986564902300, 0.7683243633290599600 ) ) ;
#722 = EDGE_CURVE ( 'NONE', #6603, #3872, #10036, .T. ) ;
#723 = DIRECTION ( 'NONE',  ( 0.0000000000000000000, 1.000000000000000000, 0.0000000000000000000 ) ) ;
#724 = CLOSED_SHELL ( 'NONE', ( #2222, #8938, #9474, #2979 ) ) ;
#725 = CARTESIAN_POINT ( 'NONE',  ( -0.9999999999999997800, 0.1999999999999999800, 0.7542857142857142300 ) ) ;
#726 = CARTESIAN_POINT ( 'NONE',  ( 0.6083965293987956300, 0.01965875209108102300, 0.7849850704878172900 ) ) ;
#727 = VERTEX_POINT ( 'NONE', #8569 ) ;
#728 = ADVANCED_FACE ( 'NONE', ( #12158 ), #907, .T. ) ;
#729 = DIRECTION ( 'NONE',  ( 1.000000000000000000, 0.0000000000000000000, 0.0000000000000000000 ) ) ;
#730 = AXIS2_PLACEMENT_3D ( 'NONE', #1317, #2135, #8738 ) ;
#731 = DIRECTION ( 'NONE',  ( 1.084202172485504400E-016, 0.0000000000000000000, 1.000000000000000000 ) ) ;
#732 = CIRCLE ( 'NONE', #8052, 0.02222222222222198000 ) ;
#733 = CIRCLE ( 'NONE', #9358, 0.008333333333333531000 ) ;
#734 = EDGE_CURVE ( 'NONE', #7879, #104, #7510, .T. ) ;
#735 = ORIENTED_EDGE ( 'NONE', *, *, #1703, .T. ) ;
#736 = ORIENTED_EDGE ( 'NONE', *, *, #1913, .T. ) ;
#737 =( GEOMETRIC_REPRESENTATION_CONTEXT ( 3 ) GLOBAL_UNCERTAINTY_ASSIGNED_CONTEXT ( ( #3289 ) ) GLOBAL_UNIT_ASSIGNED_CONTEXT ( ( #2099, #3996, #10639 ) ) REPRESENTATION_CONTEXT ( 'NONE', 'WORKASPACE' ) );
#738 = PRESENTATION_STYLE_ASSIGNMENT (( #3267 ) ) ;
#739 = CIRCLE ( 'NONE', #5128, 0.5000000000000000000 ) ;
#740 = DIRECTION ( 'NONE',  ( -1.000000000000000000, 0.0000000000000000000, 0.0000000000000000000 ) ) ;
#741 = LINE ( 'NONE', #7754, #10968 ) ;
#742 = FACE_OUTER_BOUND ( 'NONE', #11515, .T. ) ;
#743 = CARTESIAN_POINT ( 'NONE',  ( -0.9555555555555553800, 0.0000000000000000000, 0.7098412698412699400 ) ) ;
#744 = CIRCLE ( 'NONE', #4903, 0.02222222222222198000 ) ;
#745 = ORIENTED_EDGE ( 'NONE', *, *, #7299, .F. ) ;
#746 = ORIENTED_EDGE ( 'NONE', *, *, #1356, .T. ) ;
#747 = AXIS2_PLACEMENT_3D ( 'NONE', #11822, #5216, #10999 ) ;
#748 = EDGE_CURVE ( 'NONE', #9965, #7860, #8402, .T. ) ;
#749 = DIRECTION ( 'NONE',  ( 0.0000000000000000000, 1.000000000000000000, -0.0000000000000000000 ) ) ;
#750 = CYLINDRICAL_SURFACE ( 'NONE', #6319, 0.02500000000000009200 ) ;
#751 = CIRCLE ( 'NONE', #71, 0.4999999999999997800 ) ;
#752 = CARTESIAN_POINT ( 'NONE',  ( 0.7268552589763772600, 0.002500000000000022200, 0.7423036635030291200 ) ) ;
#753 = DIRECTION ( 'NONE',  ( 0.0000000000000000000, 1.000000000000000000, 0.0000000000000000000 ) ) ;
#754 = VECTOR ( 'NONE', #5515, 1000.000000000000000 ) ;
#755 = DIRECTION ( 'NONE',  ( 0.0000000000000000000, 1.000000000000000000, 0.0000000000000000000 ) ) ;
#756 = CARTESIAN_POINT ( 'NONE',  ( 0.3499999999999999200, 0.0000000000000000000, 0.7320634920634921900 ) ) ;
#757 = UNCERTAINTY_MEASURE_WITH_UNIT (LENGTH_MEASURE( 1.000000000000000100E-005 ), #9872, 'distance_accuracy_value', 'NONE');
#758 = DIRECTION ( 'NONE',  ( 1.000000000000000000, -0.0000000000000000000, 2.220570119199817400E-016 ) ) ;
#759 =( GEOMETRIC_REPRESENTATION_CONTEXT ( 3 ) GLOBAL_UNCERTAINTY_ASSIGNED_CONTEXT ( ( #9000 ) ) GLOBAL_UNIT_ASSIGNED_CONTEXT ( ( #11791, #11883, #2250 ) ) REPRESENTATION_CONTEXT ( 'NONE', 'WORKASPACE' ) );
#760 = EDGE_CURVE ( 'NONE', #10456, #5087, #3802, .T. ) ;
#761 = CARTESIAN_POINT ( 'NONE',  ( 0.6923542212901553400, 0.2950609836982649400, 0.7217076058977718300 ) ) ;
#762 = AXIS2_PLACEMENT_3D ( 'NONE', #11919, #7159, #11958 ) ;
#763 = CARTESIAN_POINT ( 'NONE',  ( 0.6382135075344203000, 0.2015291371774614600, 0.7309206311144276200 ) ) ;
#764 = CARTESIAN_POINT ( 'NONE',  ( 0.6232238744760564300, 0.005000000000000021800, 0.7918213607330723000 ) ) ;
#765 = VECTOR ( 'NONE', #3092, 1000.000000000000000 ) ;
#766 = CARTESIAN_POINT ( 'NONE',  ( -0.7450000000000000000, 1.000000000000000000, 0.1499999999999999700 ) ) ;
#767 = CARTESIAN_POINT ( 'NONE',  ( -0.3550000000000000400, 0.9499999999999999600, -0.2450000000000000000 ) ) ;
#768 = ADVANCED_FACE ( 'NONE', ( #11539 ), #2797, .F. ) ;
#769 = CIRCLE ( 'NONE', #10486, 0.02499999999999984900 ) ;
#770 = CARTESIAN_POINT ( 'NONE',  ( -0.6925000000000000000, 1.000000000000000000, 8.131516293641283300E-017 ) ) ;
#771 = MECHANICAL_DESIGN_GEOMETRIC_PRESENTATION_REPRESENTATION (  '', ( #146 ), #11380 ) ;
#772 = CARTESIAN_POINT ( 'NONE',  ( -0.6000000000000000900, 0.8792893218813447900, 0.1000000000000000200 ) ) ;
#773 = CIRCLE ( 'NONE', #3354, 0.02222222222222198000 ) ;
#774 = DIRECTION ( 'NONE',  ( 0.0000000000000000000, 1.000000000000000000, 0.0000000000000000000 ) ) ;
#775 = CARTESIAN_POINT ( 'NONE',  ( -0.3499999999999997000, 0.1777777777777780100, -0.8000000000000000400 ) ) ;
#776 = TOROIDAL_SURFACE ( 'NONE', #6105, 0.04444444444444400200, 0.02222222222222200100 ) ;
#777 = ADVANCED_FACE ( 'NONE', ( #6186 ), #7608, .F. ) ;
#778 = EDGE_CURVE ( 'NONE', #6887, #1915, #9289, .T. ) ;
#779 = VERTEX_POINT ( 'NONE', #11614 ) ;
#780 = DIRECTION ( 'NONE',  ( 0.0000000000000000000, -0.0000000000000000000, 1.000000000000000000 ) ) ;
#781 = AXIS2_PLACEMENT_3D ( 'NONE', #2177, #7864, #4062 ) ;
#782 = DIRECTION ( 'NONE',  ( 1.000000000000000000, 0.0000000000000000000, 0.0000000000000000000 ) ) ;
#783 = DIRECTION ( 'NONE',  ( 0.0000000000000000000, 0.0000000000000000000, 1.000000000000000000 ) ) ;
#784 = DIRECTION ( 'NONE',  ( 0.0000000000000000000, 0.0000000000000000000, 1.000000000000000000 ) ) ;
#785 = CARTESIAN_POINT ( 'NONE',  ( -0.9999999999999997800, 0.1777777777777780100, 0.7320634920634923000 ) ) ;
#786 = FACE_OUTER_BOUND ( 'NONE', #6986, .T. ) ;
#787 = EDGE_LOOP ( 'NONE', ( #11060, #8833, #2377, #1384 ) ) ;
#788 = EDGE_LOOP ( 'NONE', ( #12255, #664, #8459, #7878 ) ) ;
#789 = CARTESIAN_POINT ( 'NONE',  ( -0.6209394076153467200, 0.1994977809658222700, 0.7422020682087353500 ) ) ;
#790 = DIRECTION ( 'NONE',  ( 0.0000000000000000000, 0.0000000000000000000, 1.000000000000000000 ) ) ;
#791 = CARTESIAN_POINT ( 'NONE',  ( 0.5974787100581954200, 0.1944401966788182900, 0.7469211907694455200 ) ) ;
#792 = CARTESIAN_POINT ( 'NONE',  ( 0.6374876659418421400, 0.2010569371594656800, 0.7312727270657816100 ) ) ;
#793 = EDGE_CURVE ( 'NONE', #7938, #10299, #1899, .T. ) ;
#794 = CARTESIAN_POINT ( 'NONE',  ( -0.6096317038930095800, 0.01500522245037588600, 0.7876745583901453300 ) ) ;
#795 = DIRECTION ( 'NONE',  ( 0.0000000000000000000, 1.000000000000000000, -0.0000000000000000000 ) ) ;
#796 = ORIENTED_EDGE ( 'NONE', *, *, #3366, .T. ) ;
#797 = ORIENTED_EDGE ( 'NONE', *, *, #3198, .F. ) ;
#798 = ORIENTED_EDGE ( 'NONE', *, *, #524, .T. ) ;
#799 = CYLINDRICAL_SURFACE ( 'NONE', #2223, 0.01666666666666700000 ) ;
#800 = DIRECTION ( 'NONE',  ( 7.180901689086077000E-017, 0.0000000000000000000, 1.000000000000000000 ) ) ;
#801 = LINE ( 'NONE', #10189, #4338 ) ;
#802 = ORIENTED_EDGE ( 'NONE', *, *, #5898, .F. ) ;
#803 = STYLED_ITEM ( 'NONE', ( #7545 ), #1505 ) ;
#804 = CARTESIAN_POINT ( 'NONE',  ( -0.3999999999999999700, 0.9499999999999999600, -0.09999999999999993600 ) ) ;
#805 = ORIENTED_EDGE ( 'NONE', *, *, #10610, .T. ) ;
#806 = DIRECTION ( 'NONE',  ( 0.0000000000000000000, 0.0000000000000000000, 1.000000000000000000 ) ) ;
#807 = AXIS2_PLACEMENT_3D ( 'NONE', #152, #5854, #10591 ) ;
#808 = ORIENTED_EDGE ( 'NONE', *, *, #2966, .F. ) ;
#809 = ORIENTED_EDGE ( 'NONE', *, *, #10047, .F. ) ;
#810 = DIRECTION ( 'NONE',  ( -0.0000000000000000000, -1.000000000000000000, 0.0000000000000000000 ) ) ;
#811 = EDGE_LOOP ( 'NONE', ( #11505, #10129, #6098, #360 ) ) ;
#812 = EDGE_CURVE ( 'NONE', #568, #12277, #4574, .T. ) ;
#813 = ORIENTED_EDGE ( 'NONE', *, *, #5832, .T. ) ;
#814 = DIRECTION ( 'NONE',  ( 0.0000000000000000000, -0.0000000000000000000, 1.000000000000000000 ) ) ;
#815 = CIRCLE ( 'NONE', #5410, 0.02500000000000006400 ) ;
#816 = DIRECTION ( 'NONE',  ( -0.7297579928979754900, 4.567482615799066900E-014, 0.6837055446619680900 ) ) ;
#817 = ORIENTED_EDGE ( 'NONE', *, *, #4011, .F. ) ;
#818 = ORIENTED_EDGE ( 'NONE', *, *, #1820, .F. ) ;
#819 = EDGE_LOOP ( 'NONE', ( #7740, #630, #10369, #2108, #4948, #6131 ) ) ;
#820 = ORIENTED_EDGE ( 'NONE', *, *, #3846, .F. ) ;
#821 = DIRECTION ( 'NONE',  ( -0.0000000000000000000, 1.000000000000000000, -0.0000000000000000000 ) ) ;
#822 = EDGE_LOOP ( 'NONE', ( #10412, #1072 ) ) ;
#823 = ADVANCED_FACE ( 'NONE', ( #3666 ), #7691, .T. ) ;
#824 = DIRECTION ( 'NONE',  ( -2.790226179190637400E-016, 0.0000000000000000000, -1.000000000000000000 ) ) ;
#825 = AXIS2_PLACEMENT_3D ( 'NONE', #3663, #8458, #9357 ) ;
#826 = FACE_OUTER_BOUND ( 'NONE', #6817, .T. ) ;
#827 = CARTESIAN_POINT ( 'NONE',  ( -0.3550000000000000400, 0.8792893218813447900, -0.2450000000000000000 ) ) ;
#828 = EDGE_CURVE ( 'NONE', #11455, #6405, #8838, .T. ) ;
#829 = DIRECTION ( 'NONE',  ( -1.000000000000000000, -0.0000000000000000000, -0.0000000000000000000 ) ) ;
#830 = ORIENTED_EDGE ( 'NONE', *, *, #6623, .T. ) ;
#831 = CARTESIAN_POINT ( 'NONE',  ( 0.7083333333333332600, 0.2833333333333330500, 0.7179317890670646700 ) ) ;
#832 = CARTESIAN_POINT ( 'NONE',  ( -0.6925000000000000000, 1.000000000000000000, 8.131516293641283300E-017 ) ) ;
#833 = CARTESIAN_POINT ( 'NONE',  ( 0.6155252844261647200, 0.1994140778067704200, 0.7371327801347344900 ) ) ;
#834 = EDGE_LOOP ( 'NONE', ( #3295, #5392 ) ) ;
#835 = ORIENTED_EDGE ( 'NONE', *, *, #3923, .T. ) ;
#836 = CARTESIAN_POINT ( 'NONE',  ( -0.5861111111111110300, 0.1817051391105827500, 0.7539665857415116500 ) ) ;
#837 = ORIENTED_EDGE ( 'NONE', *, *, #1125, .T. ) ;
#838 = EDGE_LOOP ( 'NONE', ( #1567, #1272, #7799, #3936 ) ) ;
#839 = CYLINDRICAL_SURFACE ( 'NONE', #5154, 0.02499999999999984900 ) ;
#840 = CARTESIAN_POINT ( 'NONE',  ( 0.7166666666666669000, 0.1999999999999999800, 0.7320634920634920800 ) ) ;
#841 = ADVANCED_FACE ( 'NONE', ( #1754 ), #2041, .T. ) ;
#842 = CIRCLE ( 'NONE', #10185, 0.02500000000000006400 ) ;
#843 = CIRCLE ( 'NONE', #887, 0.02500000000000006400 ) ;
#844 = ORIENTED_EDGE ( 'NONE', *, *, #336, .T. ) ;
#845 = AXIS2_PLACEMENT_3D ( 'NONE', #9447, #3833, #6840 ) ;
#846 = ORIENTED_EDGE ( 'NONE', *, *, #329, .F. ) ;
#847 = VERTEX_POINT ( 'NONE', #9725 ) ;
#848 = CARTESIAN_POINT ( 'NONE',  ( -0.6249999999999995600, 0.005000000000000001800, 0.7525438349425661600 ) ) ;
#849 = CARTESIAN_POINT ( 'NONE',  ( -0.7250000000000000900, 0.1777777777777776700, 0.8000000000000000400 ) ) ;
#850 = ORIENTED_EDGE ( 'NONE', *, *, #11999, .T. ) ;
#851 = CARTESIAN_POINT ( 'NONE',  ( 0.6083333333333331700, 0.02222222222222176900, 0.7833333333333335500 ) ) ;
#852 = EDGE_LOOP ( 'NONE', ( #10279, #8920, #9103, #2172 ) ) ;
#853 = VECTOR ( 'NONE', #469, 1000.000000000000000 ) ;
#854 = EDGE_CURVE ( 'NONE', #8106, #3119, #2196, .T. ) ;
#855 = LINE ( 'NONE', #944, #8230 ) ;
#856 = LINE ( 'NONE', #11023, #11093 ) ;
#857 = CARTESIAN_POINT ( 'NONE',  ( -0.3075000000000000500, 0.9499999999999999600, 0.02500000000000010900 ) ) ;
#858 = VECTOR ( 'NONE', #6087, 1000.000000000000000 ) ;
#859 = ORIENTED_EDGE ( 'NONE', *, *, #8972, .F. ) ;
#860 = VERTEX_POINT ( 'NONE', #9675 ) ;
#861 = DIRECTION ( 'NONE',  ( 0.0000000000000000000, 1.000000000000000000, 0.0000000000000000000 ) ) ;
#862 =( NAMED_UNIT ( * ) PLANE_ANGLE_UNIT ( ) SI_UNIT ( $, .RADIAN. ) );
#863 = AXIS2_PLACEMENT_3D ( 'NONE', #8577, #9509, #3853 ) ;
#864 = ORIENTED_EDGE ( 'NONE', *, *, #2862, .T. ) ;
#865 = VECTOR ( 'NONE', #3167, 1000.000000000000000 ) ;
#866 = SURFACE_STYLE_FILL_AREA ( #11542 ) ;
#867 = CARTESIAN_POINT ( 'NONE',  ( -0.6104708205948181600, 0.01252769122436000500, 0.7717087781827899300 ) ) ;
#868 = CARTESIAN_POINT ( 'NONE',  ( -0.6000000000000000900, 0.9499999999999999600, -0.09999999999999993600 ) ) ;
#869 = ORIENTED_EDGE ( 'NONE', *, *, #10315, .F. ) ;
#870 = DIRECTION ( 'NONE',  ( 0.0000000000000000000, 0.0000000000000000000, 1.000000000000000000 ) ) ;
#871 = EDGE_CURVE ( 'NONE', #727, #658, #879, .T. ) ;
#872 = DIRECTION ( 'NONE',  ( 1.000000000000000000, 0.0000000000000000000, 0.0000000000000000000 ) ) ;
#873 = FACE_OUTER_BOUND ( 'NONE', #9320, .T. ) ;
#874 = DIRECTION ( 'NONE',  ( -0.0000000000000000000, 1.000000000000000000, -0.0000000000000000000 ) ) ;
#875 = EDGE_CURVE ( 'NONE', #10437, #8734, #2836, .T. ) ;
#876 = EDGE_LOOP ( 'NONE', ( #5871, #11057, #10661, #9983 ) ) ;
#877 = CARTESIAN_POINT ( 'NONE',  ( 0.6574619440093078000, 0.2950819672249825900, 0.7216981796314414500 ) ) ;
#878 = CARTESIAN_POINT ( 'NONE',  ( -0.6083333333333331700, 0.1833333333333334600, 0.7761593472479017000 ) ) ;
#879 = LINE ( 'NONE', #2040, #6478 ) ;
#880 = COLOUR_RGB ( '',1.000000000000000000, 1.000000000000000000, 1.000000000000000000 ) ;
#881 = LINE ( 'NONE', #11415, #3515 ) ;
#882 = DIRECTION ( 'NONE',  ( 0.0000000000000000000, 1.000000000000000000, -0.0000000000000000000 ) ) ;
#883 = CARTESIAN_POINT ( 'NONE',  ( -0.5876673280018384100, 0.1860011335892184600, 0.7527081906491405200 ) ) ;
#884 = VECTOR ( 'NONE', #2285, 1000.000000000000000 ) ;
#885 = VERTEX_POINT ( 'NONE', #10873 ) ;
#886 = EDGE_LOOP ( 'NONE', ( #1489, #3993, #1838, #3029 ) ) ;
#887 = AXIS2_PLACEMENT_3D ( 'NONE', #1331, #2455, #8064 ) ;
#888 = CYLINDRICAL_SURFACE ( 'NONE', #11307, 0.02500000000000009200 ) ;
#889 = PRESENTATION_STYLE_ASSIGNMENT (( #7268 ) ) ;
#890 = ADVANCED_FACE ( 'NONE', ( #4712 ), #10799, .T. ) ;
#891 = EDGE_CURVE ( 'NONE', #7203, #5961, #590, .T. ) ;
#892 = CARTESIAN_POINT ( 'NONE',  ( 0.6449197883927333400, 0.2932254812248830100, 0.6768225686109231600 ) ) ;
#893 = CARTESIAN_POINT ( 'NONE',  ( 0.7266915984094609600, 0.1999565030151830000, 0.7362832245476920200 ) ) ;
#894 = LINE ( 'NONE', #2595, #754 ) ;
#895 = AXIS2_PLACEMENT_3D ( 'NONE', #10120, #12066, #784 ) ;
#896 = CARTESIAN_POINT ( 'NONE',  ( 0.3499999999999998100, 0.1999999999999999800, 0.7320634920634921900 ) ) ;
#897 = DIRECTION ( 'NONE',  ( 0.0000000000000000000, -0.0000000000000000000, -1.000000000000000000 ) ) ;
#898 = CARTESIAN_POINT ( 'NONE',  ( -0.7036644300618734000, 0.2037900106745356400, 0.7741468435057207200 ) ) ;
#899 = DIRECTION ( 'NONE',  ( 0.0000000000000000000, -0.0000000000000000000, 1.000000000000000000 ) ) ;
#900 = FACE_OUTER_BOUND ( 'NONE', #10637, .T. ) ;
#901 = CARTESIAN_POINT ( 'NONE',  ( 0.6083333333333331700, 0.1777777777777780100, 0.7320634920634921900 ) ) ;
#902 = AXIS2_PLACEMENT_3D ( 'NONE', #8881, #4170, #6267 ) ;
#903 = CIRCLE ( 'NONE', #1024, 0.02222222222222198000 ) ;
#904 = ADVANCED_FACE ( 'NONE', ( #6759 ), #4569, .T. ) ;
#905 = AXIS2_PLACEMENT_3D ( 'NONE', #6059, #1234, #9832 ) ;
#906 = MANIFOLD_SOLID_BREP ( 'Boss-Extrude4[23]', #8803 ) ;
#907 = PLANE ( 'NONE',  #11749 ) ;
#908 = DIRECTION ( 'NONE',  ( -0.0000000000000000000, -1.000000000000000000, 0.0000000000000000000 ) ) ;
#909 = CARTESIAN_POINT ( 'NONE',  ( -0.7874999999999999800, 0.8792893218813447900, 8.131516293641283300E-017 ) ) ;
#910 = LINE ( 'NONE', #10954, #9168 ) ;
#911 = FILL_AREA_STYLE ('',( #6535 ) ) ;
#912 = EDGE_LOOP ( 'NONE', ( #745, #11036, #11183, #10442 ) ) ;
#913 = DIRECTION ( 'NONE',  ( 0.0000000000000000000, 1.000000000000000000, -0.0000000000000000000 ) ) ;
#914 = CARTESIAN_POINT ( 'NONE',  ( -0.6382135075344203000, 0.2015291371774614600, 0.7309206311144276200 ) ) ;
#915 = CARTESIAN_POINT ( 'NONE',  ( -0.7638888888888885100, 0.02222222222222208800, 0.7320634920634923000 ) ) ;
#916 = AXIS2_PLACEMENT_3D ( 'NONE', #179, #11548, #2252 ) ;
#917 = EDGE_CURVE ( 'NONE', #5711, #3004, #9401, .T. ) ;
#918 = CARTESIAN_POINT ( 'NONE',  ( -0.6236651178076841900, 0.005053543320636358400, 0.7527826806203938800 ) ) ;
#919 = CARTESIAN_POINT ( 'NONE',  ( -0.9999999999999997800, 0.1999999999999999800, 0.7098412698412699400 ) ) ;
#920 = AXIS2_PLACEMENT_3D ( 'NONE', #11821, #2319, #7881 ) ;
#921 = CARTESIAN_POINT ( 'NONE',  ( 0.9777777777777786300, -1.445153081025597900, 0.7098412698412697200 ) ) ;
#922 = EDGE_CURVE ( 'NONE', #2446, #1076, #11817, .T. ) ;
#923 = DIRECTION ( 'NONE',  ( -0.0000000000000000000, 1.000000000000000000, -0.0000000000000000000 ) ) ;
#924 = MECHANICAL_DESIGN_GEOMETRIC_PRESENTATION_REPRESENTATION (  '', ( #10685 ), #8505 ) ;
#925 = LINE ( 'NONE', #7996, #3854 ) ;
#926 = CARTESIAN_POINT ( 'NONE',  ( -0.5000000000000000000, 0.8792893218813447900, 0.1000000000000000500 ) ) ;
#927 = ORIENTED_EDGE ( 'NONE', *, *, #4613, .F. ) ;
#928 = EDGE_LOOP ( 'NONE', ( #9956, #8930, #9639, #11820 ) ) ;
#929 = CARTESIAN_POINT ( 'NONE',  ( -0.6419019859032160100, 0.2070018798448658700, 0.7652006102572994600 ) ) ;
#930 = CARTESIAN_POINT ( 'NONE',  ( -0.3999999999999999700, 0.9499999999999999600, -0.1249999999999998900 ) ) ;
#931 = DIRECTION ( 'NONE',  ( 0.0000000000000000000, 1.000000000000000000, -0.0000000000000000000 ) ) ;
#932 = EDGE_CURVE ( 'NONE', #11928, #7708, #3486, .T. ) ;
#933 = EDGE_CURVE ( 'NONE', #8910, #10017, #279, .T. ) ;
#934 = ORIENTED_EDGE ( 'NONE', *, *, #3366, .F. ) ;
#935 = ORIENTED_EDGE ( 'NONE', *, *, #11113, .F. ) ;
#936 = EDGE_CURVE ( 'NONE', #4330, #6550, #1280, .T. ) ;
#937 = AXIS2_PLACEMENT_3D ( 'NONE', #3191, #7099, #2386 ) ;
#938 = CARTESIAN_POINT ( 'NONE',  ( 0.7083333333333332600, 0.4999999999999996700, 1.177777777777777800 ) ) ;
#939 = CARTESIAN_POINT ( 'NONE',  ( -0.7111111111111145800, 0.5000000000000001100, -0.6777777777777780300 ) ) ;
#940 = CARTESIAN_POINT ( 'NONE',  ( 0.7250000000000000900, 0.1777777777777776700, 0.7777777777777780100 ) ) ;
#941 = DIRECTION ( 'NONE',  ( 0.0000000000000000000, 1.000000000000000000, -0.0000000000000000000 ) ) ;
#942 = CIRCLE ( 'NONE', #11544, 0.02499999999999984900 ) ;
#943 = DIRECTION ( 'NONE',  ( 0.0000000000000000000, 0.0000000000000000000, 1.000000000000000000 ) ) ;
#944 = CARTESIAN_POINT ( 'NONE',  ( -0.9555555555555553800, -1.445153081025597900, -0.7777777777777779000 ) ) ;
#945 = DIRECTION ( 'NONE',  ( -0.0000000000000000000, -1.000000000000000000, -0.0000000000000000000 ) ) ;
#946 = ORIENTED_EDGE ( 'NONE', *, *, #10276, .F. ) ;
#947 = AXIS2_PLACEMENT_3D ( 'NONE', #11538, #5200, #376 ) ;
#948 = CARTESIAN_POINT ( 'NONE',  ( 0.9555555555555560500, 0.1999999999999999800, 0.7098412698412697200 ) ) ;
#949 = ORIENTED_EDGE ( 'NONE', *, *, #3626, .F. ) ;
#950 = VERTEX_POINT ( 'NONE', #10924 ) ;
#951 = EDGE_CURVE ( 'NONE', #251, #10575, #6895, .T. ) ;
#952 = FACE_OUTER_BOUND ( 'NONE', #3085, .T. ) ;
#953 = CARTESIAN_POINT ( 'NONE',  ( -0.2549999999999999500, 0.8792893218813447900, 0.1499999999999999700 ) ) ;
#954 = ADVANCED_FACE ( 'NONE', ( #2315 ), #12126, .T. ) ;
#955 = AXIS2_PLACEMENT_3D ( 'NONE', #827, #7503, #8425 ) ;
#956 = ORIENTED_EDGE ( 'NONE', *, *, #8609, .T. ) ;
#957 = ORIENTED_EDGE ( 'NONE', *, *, #6560, .F. ) ;
#958 = VERTEX_POINT ( 'NONE', #9058 ) ;
#959 = ORIENTED_EDGE ( 'NONE', *, *, #5294, .T. ) ;
#960 = CARTESIAN_POINT ( 'NONE',  ( -0.6899999999999999500, 0.9499999999999999600, -0.1499999999999999100 ) ) ;
#961 = CIRCLE ( 'NONE', #4367, 0.02222222222222198000 ) ;
#962 = AXIS2_PLACEMENT_3D ( 'NONE', #7947, #9841, #1422 ) ;
#963 = UNCERTAINTY_MEASURE_WITH_UNIT (LENGTH_MEASURE( 1.000000000000000100E-005 ), #7404, 'distance_accuracy_value', 'NONE');
#964 = AXIS2_PLACEMENT_3D ( 'NONE', #2933, #8628, #5805 ) ;
#965 = ORIENTED_EDGE ( 'NONE', *, *, #9940, .T. ) ;
#966 = VERTEX_POINT ( 'NONE', #7130 ) ;
#967 = EDGE_CURVE ( 'NONE', #4635, #2159, #5436, .T. ) ;
#968 = ORIENTED_EDGE ( 'NONE', *, *, #2265, .T. ) ;
#969 = DIRECTION ( 'NONE',  ( -0.0000000000000000000, -1.000000000000000000, 0.0000000000000000000 ) ) ;
#970 = DIRECTION ( 'NONE',  ( -2.220570119199817400E-016, -0.0000000000000000000, -1.000000000000000000 ) ) ;
#971 = FACE_OUTER_BOUND ( 'NONE', #3315, .T. ) ;
#972 = ORIENTED_EDGE ( 'NONE', *, *, #7937, .F. ) ;
#973 = CARTESIAN_POINT ( 'NONE',  ( 0.7128531039936920600, 0.1999999999999999800, 0.7748161792176676600 ) ) ;
#974 =( NAMED_UNIT ( * ) PLANE_ANGLE_UNIT ( ) SI_UNIT ( $, .RADIAN. ) );
#975 = VERTEX_POINT ( 'NONE', #7092 ) ;
#976 = AXIS2_PLACEMENT_3D ( 'NONE', #3534, #1817, #2686 ) ;
#977 = DIRECTION ( 'NONE',  ( 0.0000000000000000000, 0.0000000000000000000, 1.000000000000000000 ) ) ;
#978 = CARTESIAN_POINT ( 'NONE',  ( 0.7325144859808279100, 0.1987957611102176800, 0.7507897795933147200 ) ) ;
#979 = PLANE ( 'NONE',  #5766 ) ;
#980 = VERTEX_POINT ( 'NONE', #8989 ) ;
#981 = FACE_OUTER_BOUND ( 'NONE', #8689, .T. ) ;
#982 = VERTEX_POINT ( 'NONE', #2472 ) ;
#983 = ORIENTED_EDGE ( 'NONE', *, *, #2982, .T. ) ;
#984 = ORIENTED_EDGE ( 'NONE', *, *, #6678, .T. ) ;
#985 = VERTEX_POINT ( 'NONE', #1479 ) ;
#986 = FACE_BOUND ( 'NONE', #9248, .T. ) ;
#987 = DIRECTION ( 'NONE',  ( -0.0000000000000000000, 1.000000000000000000, -0.0000000000000000000 ) ) ;
#988 = ORIENTED_EDGE ( 'NONE', *, *, #8872, .T. ) ;
#989 = DIRECTION ( 'NONE',  ( -0.0000000000000000000, 1.000000000000000000, -0.0000000000000000000 ) ) ;
#990 = ORIENTED_EDGE ( 'NONE', *, *, #2674, .F. ) ;
#991 = CARTESIAN_POINT ( 'NONE',  ( -0.9555555555555553800, 0.1999999999999999800, 0.7098412698412699400 ) ) ;
#992 = ORIENTED_EDGE ( 'NONE', *, *, #5980, .T. ) ;
#993 = DIRECTION ( 'NONE',  ( 0.0000000000000000000, -1.000000000000000000, -0.0000000000000000000 ) ) ;
#994 = CARTESIAN_POINT ( 'NONE',  ( -0.3999999999999999700, 0.9499999999999999600, -0.07499999999999996900 ) ) ;
#995 = EDGE_CURVE ( 'NONE', #6691, #6272, #10775, .T. ) ;
#996 = DIRECTION ( 'NONE',  ( 0.0000000000000000000, 0.0000000000000000000, -1.000000000000000000 ) ) ;
#997 = CARTESIAN_POINT ( 'NONE',  ( -0.9999999999999997800, 0.1777777777777780100, 0.7542857142857142300 ) ) ;
#998 = CIRCLE ( 'NONE', #6816, 0.02500000000000008100 ) ;
#999 = LINE ( 'NONE', #1379, #11376 ) ;
#1000 =( GEOMETRIC_REPRESENTATION_CONTEXT ( 3 ) GLOBAL_UNCERTAINTY_ASSIGNED_CONTEXT ( ( #4977 ) ) GLOBAL_UNIT_ASSIGNED_CONTEXT ( ( #6130, #3310, #5165 ) ) REPRESENTATION_CONTEXT ( 'NONE', 'WORKASPACE' ) );
#1001 = ORIENTED_EDGE ( 'NONE', *, *, #12175, .T. ) ;
#1002 = EDGE_LOOP ( 'NONE', ( #5401, #11639, #1160, #11338 ) ) ;
#1003 = ADVANCED_FACE ( 'NONE', ( #6591 ), #3427, .F. ) ;
#1004 = CARTESIAN_POINT ( 'NONE',  ( -0.9777777777777779700, 0.1900000000000000600, -0.7555555555555555400 ) ) ;
#1005 =( GEOMETRIC_REPRESENTATION_CONTEXT ( 3 ) GLOBAL_UNCERTAINTY_ASSIGNED_CONTEXT ( ( #2017 ) ) GLOBAL_UNIT_ASSIGNED_CONTEXT ( ( #6247, #5202, #6219 ) ) REPRESENTATION_CONTEXT ( 'NONE', 'WORKASPACE' ) );
#1006 = DIRECTION ( 'NONE',  ( 0.0000000000000000000, 0.0000000000000000000, -1.000000000000000000 ) ) ;
#1007 = LINE ( 'NONE', #1831, #3812 ) ;
#1008 = CIRCLE ( 'NONE', #8998, 0.02500000000000006400 ) ;
#1009 = LINE ( 'NONE', #919, #1155 ) ;
#1010 = DIRECTION ( 'NONE',  ( 0.0000000000000000000, 1.000000000000000000, 0.0000000000000000000 ) ) ;
#1011 = DIRECTION ( 'NONE',  ( 1.000000000000000000, 0.0000000000000000000, -2.790226179190637400E-016 ) ) ;
#1012 = CARTESIAN_POINT ( 'NONE',  ( 0.7416666666666665900, 0.1833333333333334600, 0.7761593472479015900 ) ) ;
#1013 = CIRCLE ( 'NONE', #7841, 0.5000000000000000000 ) ;
#1014 = CARTESIAN_POINT ( 'NONE',  ( -0.7100595768915806100, 0.1999999999999999800, 0.7777777777777780100 ) ) ;
#1015 = EDGE_CURVE ( 'NONE', #8091, #4145, #8512, .T. ) ;
#1016 = DIRECTION ( 'NONE',  ( -0.0000000000000000000, 1.000000000000000000, -0.0000000000000000000 ) ) ;
#1017 = CARTESIAN_POINT ( 'NONE',  ( -0.5861111111111111400, 0.02166666666666649700, 0.7765044641500698000 ) ) ;
#1018 = CARTESIAN_POINT ( 'NONE',  ( -0.6180489540576402700, 0.006518705150839310300, 0.7582635162332576100 ) ) ;
#1019 = CARTESIAN_POINT ( 'NONE',  ( -0.6083333333333331700, 0.2916666666666665200, 0.7140968530029925300 ) ) ;
#1020 = ADVANCED_FACE ( 'NONE', ( #7042 ), #1602, .T. ) ;
#1021 = FACE_OUTER_BOUND ( 'NONE', #7602, .T. ) ;
#1022 = SURFACE_STYLE_FILL_AREA ( #7877 ) ;
#1023 = FACE_OUTER_BOUND ( 'NONE', #11945, .T. ) ;
#1024 = AXIS2_PLACEMENT_3D ( 'NONE', #10636, #8832, #8877 ) ;
#1025 = CYLINDRICAL_SURFACE ( 'NONE', #6243, 0.02500000000000002900 ) ;
#1026 = EDGE_CURVE ( 'NONE', #10029, #3731, #11351, .T. ) ;
#1027 = CIRCLE ( 'NONE', #5625, 0.4999999999999997800 ) ;
#1028 = VECTOR ( 'NONE', #2028, 1000.000000000000000 ) ;
#1029 = CARTESIAN_POINT ( 'NONE',  ( -0.5500000000000000400, 0.9499999999999999600, -0.1949999999999999500 ) ) ;
#1030 = AXIS2_PLACEMENT_3D ( 'NONE', #3979, #5781, #4925 ) ;
#1031 = CARTESIAN_POINT ( 'NONE',  ( -0.2550000000000000000, 0.9499999999999999600, -0.1749999999999998200 ) ) ;
#1032 = CARTESIAN_POINT ( 'NONE',  ( -0.3999999999999999700, 1.000000000000000000, 0.1000000000000000200 ) ) ;
#1033 = CARTESIAN_POINT ( 'NONE',  ( -0.5000000000000000000, 1.000000000000000000, -0.09999999999999993600 ) ) ;
#1034 = DIRECTION ( 'NONE',  ( 0.0000000000000000000, 1.000000000000000000, 0.0000000000000000000 ) ) ;
#1035 = DIRECTION ( 'NONE',  ( 0.0000000000000000000, 1.000000000000000000, -0.0000000000000000000 ) ) ;
#1036 = FACE_OUTER_BOUND ( 'NONE', #4341, .T. ) ;
#1037 = AXIS2_PLACEMENT_3D ( 'NONE', #7288, #5485, #12025 ) ;
#1038 = DIRECTION ( 'NONE',  ( 0.0000000000000000000, 1.000000000000000000, 0.0000000000000000000 ) ) ;
#1040 = LINE ( 'NONE', #11217, #12052 ) ;
#1039 = CARTESIAN_POINT ( 'NONE',  ( 0.7100595768915806100, 0.1999999999999999800, 0.7777777777777780100 ) ) ;
#1041 = FILL_AREA_STYLE_COLOUR ( '', #11704 ) ;
#1042 = CARTESIAN_POINT ( 'NONE',  ( -0.9555555555555553800, 0.1999999999999999800, -0.7777777777777779000 ) ) ;
#1043 = CARTESIAN_POINT ( 'NONE',  ( 0.5861111111111112500, 0.1777777777777780100, 0.7320634920634920800 ) ) ;
#1044 = CARTESIAN_POINT ( 'NONE',  ( -0.2549999999999999500, 1.000000000000000000, 0.1499999999999999700 ) ) ;
#1045 = DIRECTION ( 'NONE',  ( 0.0000000000000000000, -0.0000000000000000000, 1.000000000000000000 ) ) ;
#1046 = FACE_OUTER_BOUND ( 'NONE', #11826, .T. ) ;
#1047 = AXIS2_PLACEMENT_3D ( 'NONE', #5863, #5814, #3095 ) ;
#1048 = EDGE_CURVE ( 'NONE', #10942, #12270, #7484, .T. ) ;
#1049 = ORIENTED_EDGE ( 'NONE', *, *, #5777, .T. ) ;
#1050 = CARTESIAN_POINT ( 'NONE',  ( -0.6117430286574310200, 0.01144283458460344300, 0.7693590309082919400 ) ) ;
#1051 = PLANE ( 'NONE',  #4234 ) ;
#1052 = APPLICATION_PROTOCOL_DEFINITION ( 'draft international standard', 'automotive_design', 1998, #4069 ) ;
#1053 = AXIS2_PLACEMENT_3D ( 'NONE', #10034, #3482, #1488 ) ;
#1054 = ADVANCED_FACE ( 'NONE', ( #708 ), #12275, .F. ) ;
#1055 = VECTOR ( 'NONE', #9011, 1000.000000000000000 ) ;
#1056 = CLOSED_SHELL ( 'NONE', ( #4178, #3946, #8390, #3906, #841, #3239, #1499, #8850, #9691, #2130, #220, #2618, #4044, #10263, #6016, #4366, #10634, #4005, #11103, #296, #8908, #4106, #7645 ) ) ;
#1057 = EDGE_CURVE ( 'NONE', #1954, #1963, #4541, .T. ) ;
#1058 = CARTESIAN_POINT ( 'NONE',  ( -0.9777777777777777500, 0.1900000000000000600, 0.7098412698412701600 ) ) ;
#1059 = DIRECTION ( 'NONE',  ( -1.000000000000000000, 0.0000000000000000000, 1.084202172485504400E-016 ) ) ;
#1060 = CARTESIAN_POINT ( 'NONE',  ( 0.6249999999999995600, 0.1777777777777780100, 0.7833333333333335500 ) ) ;
#1061 = CARTESIAN_POINT ( 'NONE',  ( -0.6416666666656689600, 0.2868852459021520900, 0.7254702478981195400 ) ) ;
#1062 = ORIENTED_EDGE ( 'NONE', *, *, #1576, .T. ) ;
#1063 = ORIENTED_EDGE ( 'NONE', *, *, #9955, .T. ) ;
#1064 = ADVANCED_FACE ( 'NONE', ( #2902 ), #6244, .F. ) ;
#1065 = VERTEX_POINT ( 'NONE', #9967 ) ;
#1066 = DIRECTION ( 'NONE',  ( -1.000000000000000000, 0.0000000000000000000, 0.0000000000000000000 ) ) ;
#1067 = CARTESIAN_POINT ( 'NONE',  ( -0.3999999999999999700, 0.9499999999999999600, 0.1000000000000000200 ) ) ;
#1068 = CARTESIAN_POINT ( 'NONE',  ( -0.6449999999999999100, 0.9499999999999999600, -0.2699999999999998500 ) ) ;
#1069 = EDGE_CURVE ( 'NONE', #556, #3299, #415, .T. ) ;
#1070 = CIRCLE ( 'NONE', #8133, 0.02500000000000006400 ) ;
#1071 = EDGE_CURVE ( 'NONE', #10632, #6873, #10159, .T. ) ;
#1072 = ORIENTED_EDGE ( 'NONE', *, *, #1798, .T. ) ;
#1073 = VERTEX_POINT ( 'NONE', #896 ) ;
#1074 = ORIENTED_EDGE ( 'NONE', *, *, #8314, .F. ) ;
#1075 = EDGE_LOOP ( 'NONE', ( #10491, #746, #5412, #8075, #8768 ) ) ;
#1076 = VERTEX_POINT ( 'NONE', #5478 ) ;
#1077 = CARTESIAN_POINT ( 'NONE',  ( 0.9555555555555552700, 0.1777777777777780100, -0.7777777777777781200 ) ) ;
#1078 = CARTESIAN_POINT ( 'NONE',  ( -0.7450000000000000000, 1.000000000000000000, 0.1499999999999999700 ) ) ;
#1079 = ORIENTED_EDGE ( 'NONE', *, *, #9940, .F. ) ;
#1080 = B_SPLINE_CURVE_WITH_KNOTS ( 'NONE', 3,
 ( #2427, #6140, #5206, #507, #1441, #10843, #10030, #9935, #5335, #6252, #8953, #3362, #8173, #9109, #3269, #9897 ),
 .UNSPECIFIED., .F., .F.,
 ( 4, 3, 3, 3, 3, 4 ),
 ( 0.0000000000000000000, 5.221142769517776300E-006, 1.036320313060943000E-005, 1.557692572783122200E-005, 2.111560407848325700E-005, 2.640847348718559500E-005 ),
 .UNSPECIFIED. ) ;
#1081 = DIRECTION ( 'NONE',  ( 0.0000000000000000000, 0.0000000000000000000, 1.000000000000000000 ) ) ;
#1082 = CARTESIAN_POINT ( 'NONE',  ( 0.3499999999999997000, 0.1999999999999999800, -0.7777777777777780100 ) ) ;
#1083 = LINE ( 'NONE', #10538, #2287 ) ;
#1084 = DIRECTION ( 'NONE',  ( 0.0000000000000000000, 0.0000000000000000000, -1.000000000000000000 ) ) ;
#1085 = CARTESIAN_POINT ( 'NONE',  ( 0.7410228737979730500, 0.01707915175857041600, 0.7750579860615494100 ) ) ;
#1086 = ORIENTED_EDGE ( 'NONE', *, *, #3277, .T. ) ;
#1087 = ADVANCED_FACE ( 'NONE', ( #5135 ), #4395, .F. ) ;
#1088 = AXIS2_PLACEMENT_3D ( 'NONE', #6622, #10396, #4739 ) ;
#1089 = DIRECTION ( 'NONE',  ( 0.0000000000000000000, -0.0000000000000000000, 1.000000000000000000 ) ) ;
#1090 = ORIENTED_EDGE ( 'NONE', *, *, #1648, .T. ) ;
#1091 = CARTESIAN_POINT ( 'NONE',  ( -0.7416666666666664700, 0.02166666666737636700, 0.7833054857617750600 ) ) ;
#1092 = EDGE_LOOP ( 'NONE', ( #5129, #8389, #6460, #4423, #5941, #8912, #1715, #1109 ) ) ;
#1093 = ORIENTED_EDGE ( 'NONE', *, *, #1332, .F. ) ;
#1094 = EDGE_LOOP ( 'NONE', ( #6469, #4352 ) ) ;
#1095 = EDGE_CURVE ( 'NONE', #6272, #6691, #4983, .T. ) ;
#1096 = ORIENTED_EDGE ( 'NONE', *, *, #10475, .F. ) ;
#1097 = LINE ( 'NONE', #11920, #10909 ) ;
#1098 = CARTESIAN_POINT ( 'NONE',  ( -0.7416666666666720300, 0.1805555555555508600, 0.7541114196556977200 ) ) ;
#1099 = DIRECTION ( 'NONE',  ( 0.0000000000000000000, 0.0000000000000000000, -1.000000000000000000 ) ) ;
#1100 = AXIS2_PLACEMENT_3D ( 'NONE', #7817, #7894, #373 ) ;
#1101 = UNCERTAINTY_MEASURE_WITH_UNIT (LENGTH_MEASURE( 1.000000000000000100E-005 ), #1300, 'distance_accuracy_value', 'NONE');
#1102 = VECTOR ( 'NONE', #2587, 1000.000000000000000 ) ;
#1103 = ORIENTED_EDGE ( 'NONE', *, *, #1779, .F. ) ;
#1104 = CARTESIAN_POINT ( 'NONE',  ( -0.7111111111111144700, 0.5000000000000000000, -1.177777777777778000 ) ) ;
#1105 = EDGE_LOOP ( 'NONE', ( #9381, #10620, #4845, #8363 ) ) ;
#1106 = ORIENTED_EDGE ( 'NONE', *, *, #11281, .T. ) ;
#1107 = CARTESIAN_POINT ( 'NONE',  ( -0.5871534503333254400, 0.01722529668650080900, 0.7537689269432432700 ) ) ;
#1108 = DIRECTION ( 'NONE',  ( 0.0000000000000000000, 1.000000000000000000, -0.0000000000000000000 ) ) ;
#1109 = ORIENTED_EDGE ( 'NONE', *, *, #2485, .F. ) ;
#1110 = DIRECTION ( 'NONE',  ( 0.0000000000000000000, -0.0000000000000000000, -1.000000000000000000 ) ) ;
#1111 = ORIENTED_EDGE ( 'NONE', *, *, #812, .T. ) ;
#1112 = CARTESIAN_POINT ( 'NONE',  ( -0.6416666666658343800, 0.2917245858686684000, 0.7159574659057201800 ) ) ;
#1113 = AXIS2_PLACEMENT_3D ( 'NONE', #10406, #7624, #6544 ) ;
#1114 = CARTESIAN_POINT ( 'NONE',  ( -0.6499999999999996900, 0.2080110357092785100, 0.7822040730860444500 ) ) ;
#1115 = VECTOR ( 'NONE', #6676, 1000.000000000000000 ) ;
#1116 = CARTESIAN_POINT ( 'NONE',  ( -1.377777777777778000, 0.5000000000000000000, -0.5111111111111132900 ) ) ;
#1117 = EDGE_CURVE ( 'NONE', #675, #5663, #6444, .T. ) ;
#1118 = EDGE_LOOP ( 'NONE', ( #3900, #1587, #1972, #7568 ) ) ;
#1119 = SURFACE_SIDE_STYLE ('',( #2210 ) ) ;
#1120 = ORIENTED_EDGE ( 'NONE', *, *, #9703, .T. ) ;
#1121 = DIRECTION ( 'NONE',  ( 0.0000000000000000000, -0.0000000000000000000, 1.000000000000000000 ) ) ;
#1122 = ADVANCED_FACE ( 'NONE', ( #7623 ), #2783, .F. ) ;
#1123 = ORIENTED_EDGE ( 'NONE', *, *, #10537, .T. ) ;
#1124 = PRESENTATION_STYLE_ASSIGNMENT (( #7170 ) ) ;
#1125 = EDGE_CURVE ( 'NONE', #11781, #7809, #3172, .T. ) ;
#1126 = VECTOR ( 'NONE', #4937, 1000.000000000000000 ) ;
#1127 = CARTESIAN_POINT ( 'NONE',  ( -0.3499999999999998100, 0.0000000000000000000, 0.7320634920634921900 ) ) ;
#1128 = DIRECTION ( 'NONE',  ( 0.0000000000000000000, -1.000000000000000000, 0.0000000000000000000 ) ) ;
#1129 = ORIENTED_EDGE ( 'NONE', *, *, #9300, .F. ) ;
#1130 = AXIS2_PLACEMENT_3D ( 'NONE', #1424, #8030, #11657 ) ;
#1131 = ORIENTED_EDGE ( 'NONE', *, *, #3282, .F. ) ;
#1132 = DIRECTION ( 'NONE',  ( -0.0000000000000000000, 1.000000000000000000, -0.0000000000000000000 ) ) ;
#1133 = CARTESIAN_POINT ( 'NONE',  ( 0.6399404231084145900, 0.1999999999999997600, 0.7777777777777780100 ) ) ;
#1134 = CARTESIAN_POINT ( 'NONE',  ( -0.9555555555555553800, 0.1999999999999999800, 0.7098412698412699400 ) ) ;
#1135 = CARTESIAN_POINT ( 'NONE',  ( -0.5500000000000001600, 0.9499999999999999600, 0.1950000000000000600 ) ) ;
#1136 = VERTEX_POINT ( 'NONE', #1753 ) ;
#1137 = DIRECTION ( 'NONE',  ( 1.000000000000000000, 0.0000000000000000000, 2.168404344971008900E-016 ) ) ;
#1138 = DIRECTION ( 'NONE',  ( -0.0000000000000000000, 1.000000000000000000, -0.0000000000000000000 ) ) ;
#1139 =( LENGTH_UNIT ( ) NAMED_UNIT ( * ) SI_UNIT ( .MILLI., .METRE. ) );
#1140 = FACE_BOUND ( 'NONE', #10476, .T. ) ;
#1141 = SURFACE_STYLE_USAGE ( .BOTH. , #4943 ) ;
#1142 = ADVANCED_FACE ( 'NONE', ( #5422 ), #9996, .F. ) ;
#1143 = EDGE_CURVE ( 'NONE', #7146, #7419, #5283, .T. ) ;
#1144 = CARTESIAN_POINT ( 'NONE',  ( 0.6501909671325101200, 0.2999131289464812000, 0.7195210409046229900 ) ) ;
#1145 = CIRCLE ( 'NONE', #1455, 0.02222222222222198000 ) ;
#1146 = ORIENTED_EDGE ( 'NONE', *, *, #411, .F. ) ;
#1147 = VERTEX_POINT ( 'NONE', #11308 ) ;
#1148 = VECTOR ( 'NONE', #6472, 1000.000000000000000 ) ;
#1149 = AXIS2_PLACEMENT_3D ( 'NONE', #171, #5720, #2945 ) ;
#1150 = DIRECTION ( 'NONE',  ( 0.0000000000000000000, 0.0000000000000000000, -1.000000000000000000 ) ) ;
#1151 = CARTESIAN_POINT ( 'NONE',  ( -0.6083333333333331700, 0.1777777777777780100, 0.7765079365079362600 ) ) ;
#1152 = FILL_AREA_STYLE_COLOUR ( '', #3667 ) ;
#1153 = LINE ( 'NONE', #9930, #10468 ) ;
#1154 = CYLINDRICAL_SURFACE ( 'NONE', #4353, 0.02499999999999995600 ) ;
#1155 = VECTOR ( 'NONE', #3827, 1000.000000000000000 ) ;
#1156 = DIRECTION ( 'NONE',  ( 0.0000000000000000000, 0.0000000000000000000, -1.000000000000000000 ) ) ;
#1157 = DIRECTION ( 'NONE',  ( 1.000000000000000000, 0.0000000000000000000, 0.0000000000000000000 ) ) ;
#1158 = DIRECTION ( 'NONE',  ( -1.000000000000000000, -0.0000000000000000000, -0.0000000000000000000 ) ) ;
#1159 = VECTOR ( 'NONE', #1341, 1000.000000000000000 ) ;
#1160 = ORIENTED_EDGE ( 'NONE', *, *, #7276, .T. ) ;
#1161 = EDGE_LOOP ( 'NONE', ( #3492, #4198, #597, #2892 ) ) ;
#1162 = EDGE_CURVE ( 'NONE', #9861, #228, #5562, .T. ) ;
#1163 = ADVANCED_FACE ( 'NONE', ( #9099 ), #5595, .F. ) ;
#1164 = FILL_AREA_STYLE_COLOUR ( '', #4128 ) ;
#1165 = DIRECTION ( 'NONE',  ( 0.0000000000000000000, 1.000000000000000000, 0.0000000000000000000 ) ) ;
#1166 = DIRECTION ( 'NONE',  ( 0.0000000000000000000, 1.000000000000000000, -0.0000000000000000000 ) ) ;
#1167 = CARTESIAN_POINT ( 'NONE',  ( 0.6333333333333326400, 0.2000000000000000100, 0.7614445778845511100 ) ) ;
#1168 = FACE_OUTER_BOUND ( 'NONE', #8622, .T. ) ;
#1169 = CARTESIAN_POINT ( 'NONE',  ( -0.4499999999999999600, 0.9499999999999999600, 0.1950000000000000600 ) ) ;
#1170 = CYLINDRICAL_SURFACE ( 'NONE', #2936, 0.02222222222222198000 ) ;
#1171 = CYLINDRICAL_SURFACE ( 'NONE', #11343, 0.01666666666666645800 ) ;
#1172 = VERTEX_POINT ( 'NONE', #851 ) ;
#1173 = CARTESIAN_POINT ( 'NONE',  ( 0.3499999999999998100, 0.1999999999999999800, 0.7320634920634921900 ) ) ;
#1174 = CARTESIAN_POINT ( 'NONE',  ( -0.9555555555555553800, 0.02222222222222208800, 0.7098412698412699400 ) ) ;
#1175 = DIRECTION ( 'NONE',  ( 0.0000000000000000000, 0.0000000000000000000, -1.000000000000000000 ) ) ;
#1176 = DIRECTION ( 'NONE',  ( 0.0000000000000000000, 0.0000000000000000000, 1.000000000000000000 ) ) ;
#1177 = CARTESIAN_POINT ( 'NONE',  ( -0.3549999999999999800, 1.000000000000000000, 0.2450000000000001100 ) ) ;
#1178 = CARTESIAN_POINT ( 'NONE',  ( 0.6249999999999995600, 0.1833333333333334600, 0.7777777777777780100 ) ) ;
#1179 = TOROIDAL_SURFACE ( 'NONE', #7121, 0.005555555555555477700, 0.01666666666666650000 ) ;
#1180 = LINE ( 'NONE', #4023, #9443 ) ;
#1181 = DIRECTION ( 'NONE',  ( 0.0000000000000000000, 0.0000000000000000000, 1.000000000000000000 ) ) ;
#1182 = EDGE_CURVE ( 'NONE', #7727, #6988, #10436, .T. ) ;
#1183 = DIRECTION ( 'NONE',  ( 0.0000000000000000000, 1.000000000000000000, -0.0000000000000000000 ) ) ;
#1184 = AXIS2_PLACEMENT_3D ( 'NONE', #3660, #10287, #3820 ) ;
#1185 = CARTESIAN_POINT ( 'NONE',  ( -0.7083333333333332600, 0.2076720440897263900, 0.7633150672172707200 ) ) ;
#1186 = SURFACE_SIDE_STYLE ('',( #11204 ) ) ;
#1187 = VERTEX_POINT ( 'NONE', #6401 ) ;
#1188 = ADVANCED_FACE ( 'NONE', ( #6576 ), #10068, .F. ) ;
#1189 = SURFACE_STYLE_USAGE ( .BOTH. , #271 ) ;
#1190 = AXIS2_PLACEMENT_3D ( 'NONE', #11557, #1970, #8669 ) ;
#1191 = FACE_OUTER_BOUND ( 'NONE', #11082, .T. ) ;
#1192 = CARTESIAN_POINT ( 'NONE',  ( -0.3999999999999999700, 0.9499999999999999600, 0.1249999999999999700 ) ) ;
#1193 = AXIS2_PLACEMENT_3D ( 'NONE', #8196, #2542, #12048 ) ;
#1194 = CARTESIAN_POINT ( 'NONE',  ( -0.2550000000000000000, 0.9499999999999999600, -0.1499999999999999100 ) ) ;
#1195 = DIRECTION ( 'NONE',  ( 0.0000000000000000000, 1.000000000000000000, 0.0000000000000000000 ) ) ;
#1196 = EDGE_CURVE ( 'NONE', #7053, #1706, #7471, .T. ) ;
#1197 = CARTESIAN_POINT ( 'NONE',  ( -0.5897734585670865200, 0.01370678006539281100, 0.7525894367522882900 ) ) ;
#1198 = CARTESIAN_POINT ( 'NONE',  ( -0.4999999999999998900, 0.9499999999999999600, 0.2900000000000000400 ) ) ;
#1199 = CARTESIAN_POINT ( 'NONE',  ( -0.7340628655797999400, 0.007553492839209111200, 0.7615368472817438700 ) ) ;
#1200 = EDGE_CURVE ( 'NONE', #2200, #3279, #5986, .T. ) ;
#1201 = DIRECTION ( 'NONE',  ( 0.0000000000000000000, 0.0000000000000000000, 1.000000000000000000 ) ) ;
#1202 = EDGE_LOOP ( 'NONE', ( #3363, #4650, #10264, #7160 ) ) ;
#1203 = DIRECTION ( 'NONE',  ( 0.0000000000000000000, -1.000000000000000000, -0.0000000000000000000 ) ) ;
#1204 = CARTESIAN_POINT ( 'NONE',  ( 0.9777777777777779700, 0.1777777777777780100, -0.7555555555555557600 ) ) ;
#1205 = ADVANCED_FACE ( 'NONE', ( #11333 ), #5839, .T. ) ;
#1206 = DIRECTION ( 'NONE',  ( -0.0000000000000000000, -0.0000000000000000000, -1.000000000000000000 ) ) ;
#1207 = AXIS2_PLACEMENT_3D ( 'NONE', #11215, #6412, #5519 ) ;
#1208 = CIRCLE ( 'NONE', #11939, 0.02222222222222198000 ) ;
#1209 = CARTESIAN_POINT ( 'NONE',  ( 0.6419019859032160100, 0.2070018798448658700, 0.7652006102572994600 ) ) ;
#1210 = ORIENTED_EDGE ( 'NONE', *, *, #8167, .F. ) ;
#1211 = ORIENTED_EDGE ( 'NONE', *, *, #427, .T. ) ;
#1212 = CARTESIAN_POINT ( 'NONE',  ( -0.6333333333333326400, 0.2083333333333334800, 0.7614445778845510000 ) ) ;
#1213 = DIRECTION ( 'NONE',  ( 1.084202172485507000E-016, 0.0000000000000000000, 1.000000000000000000 ) ) ;
#1214 = DIRECTION ( 'NONE',  ( 0.0000000000000000000, 1.000000000000000000, 0.0000000000000000000 ) ) ;
#1215 = CARTESIAN_POINT ( 'NONE',  ( -0.6499999999999996900, 0.2002685716395915800, 0.7775614284014400500 ) ) ;
#1216 = DIRECTION ( 'NONE',  ( -0.0000000000000000000, -1.000000000000000000, -0.0000000000000000000 ) ) ;
#1217 = CARTESIAN_POINT ( 'NONE',  ( 0.6472124105365929500, 0.2958662868196327800, 0.7150307166824264600 ) ) ;
#1218 = DIRECTION ( 'NONE',  ( 0.0000000000000000000, -0.0000000000000000000, 1.000000000000000000 ) ) ;
#1219 = CARTESIAN_POINT ( 'NONE',  ( 0.6249999999999995600, -0.01722222222222204200, 0.7525438349425659400 ) ) ;
#1220 = ADVANCED_FACE ( 'NONE', ( #3623 ), #10465, .T. ) ;
#1221 = DIRECTION ( 'NONE',  ( -1.000000000000000000, 0.0000000000000000000, 1.084202172485504800E-016 ) ) ;
#1222 = CARTESIAN_POINT ( 'NONE',  ( -0.6449999999999999100, 0.8792893218813447900, 0.2699999999999999600 ) ) ;
#1223 = ORIENTED_EDGE ( 'NONE', *, *, #11911, .T. ) ;
#1224 = EDGE_LOOP ( 'NONE', ( #5399, #371, #2910, #3165 ) ) ;
#1225 = AXIS2_PLACEMENT_3D ( 'NONE', #6940, #5084, #11638 ) ;
#1226 = DIRECTION ( 'NONE',  ( 0.0000000000000000000, 0.0000000000000000000, 1.000000000000000000 ) ) ;
#1227 = DIRECTION ( 'NONE',  ( 2.790226179190637400E-016, -0.0000000000000000000, 1.000000000000000000 ) ) ;
#1228 = EDGE_CURVE ( 'NONE', #9809, #9355, #6877, .T. ) ;
#1229 = ORIENTED_EDGE ( 'NONE', *, *, #6973, .T. ) ;
#1230 = DIRECTION ( 'NONE',  ( 0.0000000000000000000, 0.0000000000000000000, 1.000000000000000000 ) ) ;
#1231 = ORIENTED_EDGE ( 'NONE', *, *, #4011, .T. ) ;
#1232 = CARTESIAN_POINT ( 'NONE',  ( -0.7333994653054849400, 0.1979675739713180300, 0.7530762765641473300 ) ) ;
#1233 = DIRECTION ( 'NONE',  ( -5.918954667815146000E-016, 0.0000000000000000000, -1.000000000000000000 ) ) ;
#1234 = DIRECTION ( 'NONE',  ( 0.0000000000000000000, 1.000000000000000000, 0.0000000000000000000 ) ) ;
#1235 = AXIS2_PLACEMENT_3D ( 'NONE', #9833, #10827, #8974 ) ;
#1236 = LINE ( 'NONE', #3644, #8477 ) ;
#1237 = ORIENTED_EDGE ( 'NONE', *, *, #7634, .F. ) ;
#1238 = CARTESIAN_POINT ( 'NONE',  ( 0.5861111111111112500, 0.1777777777777780100, 0.7542857142857141200 ) ) ;
#1239 = ORIENTED_EDGE ( 'NONE', *, *, #9810, .F. ) ;
#1240 = CARTESIAN_POINT ( 'NONE',  ( 0.6147955316773180400, 0.003114553370031100800, 0.7434245864419167800 ) ) ;
#1241 = CARTESIAN_POINT ( 'NONE',  ( 0.7638888888888885100, 0.02222222222222208800, 0.7765079365079360400 ) ) ;
#1242 = EDGE_LOOP ( 'NONE', ( #5817, #9384, #6910 ) ) ;
#1243 = ORIENTED_EDGE ( 'NONE', *, *, #8243, .T. ) ;
#1244 = DIRECTION ( 'NONE',  ( 0.0000000000000000000, 1.000000000000000000, 0.0000000000000000000 ) ) ;
#1245 = VERTEX_POINT ( 'NONE', #8632 ) ;
#1246 = CARTESIAN_POINT ( 'NONE',  ( 0.7638888888888884000, 0.1777777777777780100, 0.7320634920634920800 ) ) ;
#1247 = CYLINDRICAL_SURFACE ( 'NONE', #5849, 0.02499999999999984900 ) ;
#1248 = ADVANCED_FACE ( 'NONE', ( #11220 ), #4965, .T. ) ;
#1249 = EDGE_CURVE ( 'NONE', #3160, #6288, #2474, .T. ) ;
#1250 = ORIENTED_EDGE ( 'NONE', *, *, #11753, .T. ) ;
#1251 = EDGE_LOOP ( 'NONE', ( #11943, #2170, #9053, #11198, #1229, #139, #11669, #11056 ) ) ;
#1252 = DIRECTION ( 'NONE',  ( 0.0000000000000000000, 0.0000000000000000000, -1.000000000000000000 ) ) ;
#1253 = CARTESIAN_POINT ( 'NONE',  ( 0.7086978971978746800, 0.1999999999999995100, 0.7787055951595333000 ) ) ;
#1254 = CARTESIAN_POINT ( 'NONE',  ( -0.6416666666666661600, 0.2083333333333335400, 0.7259470610297853500 ) ) ;
#1255 = ORIENTED_EDGE ( 'NONE', *, *, #10214, .F. ) ;
#1256 = DIRECTION ( 'NONE',  ( 0.0000000000000000000, 0.0000000000000000000, 1.000000000000000000 ) ) ;
#1257 = DIRECTION ( 'NONE',  ( 0.0000000000000000000, -0.0000000000000000000, 1.000000000000000000 ) ) ;
#1258 = DIRECTION ( 'NONE',  ( 0.0000000000000000000, -1.000000000000000000, 0.0000000000000000000 ) ) ;
#1259 = ORIENTED_EDGE ( 'NONE', *, *, #1015, .F. ) ;
#1260 = ORIENTED_EDGE ( 'NONE', *, *, #10011, .F. ) ;
#1261 = VECTOR ( 'NONE', #10376, 1000.000000000000000 ) ;
#1262 = CARTESIAN_POINT ( 'NONE',  ( -0.6249999999999995600, 0.2000000000000000100, 0.7320634920634923000 ) ) ;
#1263 = AXIS2_PLACEMENT_3D ( 'NONE', #8975, #5093, #9019 ) ;
#1264 = DIRECTION ( 'NONE',  ( 0.0000000000000000000, 1.000000000000000000, 0.0000000000000000000 ) ) ;
#1265 = CARTESIAN_POINT ( 'NONE',  ( 0.7036752728501262100, 0.2038059086597701100, 0.7739584694073928800 ) ) ;
#1266 = UNCERTAINTY_MEASURE_WITH_UNIT (LENGTH_MEASURE( 1.000000000000000100E-005 ), #463, 'distance_accuracy_value', 'NONE');
#1267 = VECTOR ( 'NONE', #2056, 1000.000000000000000 ) ;
#1268 = ADVANCED_FACE ( 'NONE', ( #567 ), #7596, .F. ) ;
#1269 = ORIENTED_EDGE ( 'NONE', *, *, #7370, .F. ) ;
#1270 = VERTEX_POINT ( 'NONE', #2027 ) ;
#1271 = EDGE_CURVE ( 'NONE', #2446, #10208, #10925, .T. ) ;
#1272 = ORIENTED_EDGE ( 'NONE', *, *, #1228, .T. ) ;
#1273 = ORIENTED_EDGE ( 'NONE', *, *, #11837, .F. ) ;
#1274 = CARTESIAN_POINT ( 'NONE',  ( -0.7250000000000000900, 0.2000000000000000100, 0.7320634920634923000 ) ) ;
#1275 = CARTESIAN_POINT ( 'NONE',  ( -0.6925000000000000000, 1.000000000000000000, 8.131516293641283300E-017 ) ) ;
#1276 = AXIS2_PLACEMENT_3D ( 'NONE', #9489, #3840, #6768 ) ;
#1277 = LINE ( 'NONE', #11524, #11075 ) ;
#1278 = DIRECTION ( 'NONE',  ( 0.0000000000000000000, 1.000000000000000000, 0.0000000000000000000 ) ) ;
#1279 = VECTOR ( 'NONE', #9559, 1000.000000000000000 ) ;
#1280 = CIRCLE ( 'NONE', #91, 0.02222222222222198000 ) ;
#1281 = PLANE ( 'NONE',  #5024 ) ;
#1282 = ORIENTED_EDGE ( 'NONE', *, *, #4542, .T. ) ;
#1283 = CARTESIAN_POINT ( 'NONE',  ( -0.7411429132275901800, 0.1875101225782296300, 0.7738090997532999200 ) ) ;
#1284 = ORIENTED_EDGE ( 'NONE', *, *, #5568, .F. ) ;
#1285 = CARTESIAN_POINT ( 'NONE',  ( 0.3499999999999997000, -1.445153081025597900, -0.7777777777777780100 ) ) ;
#1286 = CARTESIAN_POINT ( 'NONE',  ( -0.7286208972705809900, 0.005349719156804869600, 0.7540616419616157400 ) ) ;
#1287 = ORIENTED_EDGE ( 'NONE', *, *, #7024, .F. ) ;
#1288 = AXIS2_PLACEMENT_3D ( 'NONE', #10285, #3938, #2086 ) ;
#1289 = DIRECTION ( 'NONE',  ( -0.0000000000000000000, 1.000000000000000000, -0.0000000000000000000 ) ) ;
#1290 = DIRECTION ( 'NONE',  ( 1.000000000000000000, 0.0000000000000000000, -1.084202172485504400E-016 ) ) ;
#1291 = DIRECTION ( 'NONE',  ( 0.0000000000000000000, 1.000000000000000000, 0.0000000000000000000 ) ) ;
#1292 = ADVANCED_FACE ( 'NONE', ( #8368 ), #6904, .T. ) ;
#1293 = FACE_OUTER_BOUND ( 'NONE', #7316, .T. ) ;
#1294 = CARTESIAN_POINT ( 'NONE',  ( -0.4499999999999999600, 1.000000000000000000, 0.1950000000000000600 ) ) ;
#1295 = CARTESIAN_POINT ( 'NONE',  ( -0.7636749890371141700, 0.1828568026017753600, 0.7537253558980373500 ) ) ;
#1296 = DIRECTION ( 'NONE',  ( 0.0000000000000000000, 0.0000000000000000000, 1.000000000000000000 ) ) ;
#1297 = CARTESIAN_POINT ( 'NONE',  ( 0.9555555555555551600, 0.1999999999999999800, -0.7777777777777780100 ) ) ;
#1298 = ORIENTED_EDGE ( 'NONE', *, *, #5494, .T. ) ;
#1299 = EDGE_LOOP ( 'NONE', ( #7450, #4905 ) ) ;
#1300 =( LENGTH_UNIT ( ) NAMED_UNIT ( * ) SI_UNIT ( .MILLI., .METRE. ) );
#1301 = AXIS2_PLACEMENT_3D ( 'NONE', #3704, #1932, #5680 ) ;
#1302 = EDGE_CURVE ( 'NONE', #2726, #3324, #8084, .T. ) ;
#1303 = LINE ( 'NONE', #10927, #8839 ) ;
#1304 = DIRECTION ( 'NONE',  ( 0.0000000000000000000, -1.185846126156016100E-015, 1.000000000000000000 ) ) ;
#1305 = CARTESIAN_POINT ( 'NONE',  ( -0.9555555555555553800, 0.1999999999999999800, -0.7555555555555555400 ) ) ;
#1306 = AXIS2_PLACEMENT_3D ( 'NONE', #7328, #3647, #12184 ) ;
#1307 = SURFACE_SIDE_STYLE ('',( #2473 ) ) ;
#1308 = FACE_OUTER_BOUND ( 'NONE', #11210, .T. ) ;
#1309 = CIRCLE ( 'NONE', #962, 0.01666666666666645800 ) ;
#1310 = ORIENTED_EDGE ( 'NONE', *, *, #8750, .T. ) ;
#1311 = VERTEX_POINT ( 'NONE', #7711 ) ;
#1312 = PLANE ( 'NONE',  #2794 ) ;
#1313 = DIRECTION ( 'NONE',  ( 0.0000000000000000000, -0.0000000000000000000, -1.000000000000000000 ) ) ;
#1314 = EDGE_CURVE ( 'NONE', #361, #7729, #3332, .T. ) ;
#1315 = LINE ( 'NONE', #7973, #4431 ) ;
#1316 = CIRCLE ( 'NONE', #5938, 0.02500000000000002900 ) ;
#1317 = CARTESIAN_POINT ( 'NONE',  ( -0.6449999999999999100, 0.9499999999999999600, -0.2450000000000000000 ) ) ;
#1318 = FACE_OUTER_BOUND ( 'NONE', #9245, .T. ) ;
#1319 = B_SPLINE_CURVE_WITH_KNOTS ( 'NONE', 3,
 ( #5351, #12000, #640, #9043, #10003, #8157, #3455, #10089, #4435, #5500, #2565, #791, #7349, #11191, #1658, #833, #8383, #1623, #7266, #1696, #2606, #9247 ),
 .UNSPECIFIED., .F., .F.,
 ( 4, 3, 3, 3, 3, 3, 3, 4 ),
 ( 2.710505431213761100E-020, 3.476013940446896300E-006, 5.864452616894767100E-006, 1.254266725122041300E-005, 2.397973855185858500E-005, 4.141747519957357200E-005, 5.092263788936252500E-005, 5.218529268185162400E-005 ),
 .UNSPECIFIED. ) ;
#1320 = ADVANCED_FACE ( 'NONE', ( #7769 ), #4809, .F. ) ;
#1321 = AXIS2_PLACEMENT_3D ( 'NONE', #2557, #712, #5457 ) ;
#1322 = DIRECTION ( 'NONE',  ( 0.0000000000000000000, -0.0000000000000000000, 1.000000000000000000 ) ) ;
#1323 = DIRECTION ( 'NONE',  ( 0.0000000000000000000, 0.0000000000000000000, 1.000000000000000000 ) ) ;
#1324 = ORIENTED_EDGE ( 'NONE', *, *, #2116, .T. ) ;
#1325 = DIRECTION ( 'NONE',  ( 0.0000000000000000000, 0.0000000000000000000, -1.000000000000000000 ) ) ;
#1326 = CARTESIAN_POINT ( 'NONE',  ( 0.3499999999999998100, 0.1999999999999999800, 0.7542857142857142300 ) ) ;
#1327 = DIRECTION ( 'NONE',  ( -0.0000000000000000000, 1.000000000000000000, 0.0000000000000000000 ) ) ;
#1328 = FACE_OUTER_BOUND ( 'NONE', #8220, .T. ) ;
#1329 = CARTESIAN_POINT ( 'NONE',  ( -0.7355218946002204400, 0.008741206837336427300, 0.7641866886997076300 ) ) ;
#1330 = DIRECTION ( 'NONE',  ( 0.0000000000000000000, 1.185846126156016100E-015, -1.000000000000000000 ) ) ;
#1331 = CARTESIAN_POINT ( 'NONE',  ( -0.7450000000000000000, 1.000000000000000000, -0.1499999999999999100 ) ) ;
#1332 = EDGE_CURVE ( 'NONE', #5087, #3324, #2154, .T. ) ;
#1333 = DIRECTION ( 'NONE',  ( -0.0000000000000000000, -1.000000000000000000, 0.0000000000000000000 ) ) ;
#1334 = LINE ( 'NONE', #4624, #8564 ) ;
#1335 = EDGE_CURVE ( 'NONE', #9189, #8620, #843, .T. ) ;
#1336 = VECTOR ( 'NONE', #3961, 1000.000000000000000 ) ;
#1337 = CARTESIAN_POINT ( 'NONE',  ( -0.9555555555555553800, 0.8222222222222219700, 0.7320634920634923000 ) ) ;
#1338 = ADVANCED_FACE ( 'NONE', ( #10302 ), #10688, .T. ) ;
#1339 = CARTESIAN_POINT ( 'NONE',  ( -0.5861111111111111400, 0.1777777777777780100, 0.7542857142857142300 ) ) ;
#1340 = CARTESIAN_POINT ( 'NONE',  ( -0.3550000000000000400, 0.9499999999999999600, -0.2200000000000000000 ) ) ;
#1341 = DIRECTION ( 'NONE',  ( -0.0000000000000000000, -1.000000000000000000, -0.0000000000000000000 ) ) ;
#1342 = FACE_OUTER_BOUND ( 'NONE', #6408, .T. ) ;
#1343 = AXIS2_PLACEMENT_3D ( 'NONE', #7241, #7990, #10963 ) ;
#1344 = LINE ( 'NONE', #482, #1500 ) ;
#1345 = CARTESIAN_POINT ( 'NONE',  ( 0.7083333333333332600, 0.2833333333333329900, 0.6814466309102998900 ) ) ;
#1346 = CIRCLE ( 'NONE', #10291, 0.008333333333333465100 ) ;
#1347 = UNCERTAINTY_MEASURE_WITH_UNIT (LENGTH_MEASURE( 1.000000000000000100E-005 ), #8720, 'distance_accuracy_value', 'NONE');
#1348 = CARTESIAN_POINT ( 'NONE',  ( 0.6083333333333331700, 0.1844428985887379100, 0.7758331657224351000 ) ) ;
#1349 = DIRECTION ( 'NONE',  ( 0.0000000000000000000, 0.0000000000000000000, 1.000000000000000000 ) ) ;
#1350 = CARTESIAN_POINT ( 'NONE',  ( -0.6449702115541682300, 0.2044187433149529700, 0.7724091971811571900 ) ) ;
#1351 = B_SPLINE_CURVE_WITH_KNOTS ( 'NONE', 3,
 ( #12135, #3514, #6407, #5331, #11973, #6249, #2626, #700, #8171, #1640 ),
 .UNSPECIFIED., .F., .F.,
 ( 4, 3, 3, 4 ),
 ( 2.606598808361736200E-018, 1.332355589521114700E-006, 9.721409244300047700E-006, 1.833388050713386100E-005 ),
 .UNSPECIFIED. ) ;
#1352 = CARTESIAN_POINT ( 'NONE',  ( 0.7111111111111131400, 0.5000000000000000000, -1.177777777777778000 ) ) ;
#1353 =( NAMED_UNIT ( * ) PLANE_ANGLE_UNIT ( ) SI_UNIT ( $, .RADIAN. ) );
#1354 = EDGE_CURVE ( 'NONE', #9959, #5235, #12112, .T. ) ;
#1355 = LINE ( 'NONE', #11465, #1652 ) ;
#1356 = EDGE_CURVE ( 'NONE', #1450, #5981, #8441, .T. ) ;
#1357 = ADVANCED_FACE ( 'NONE', ( #1646 ), #8725, .T. ) ;
#1358 = CARTESIAN_POINT ( 'NONE',  ( 0.7633050677517371200, 0.1839121707982057700, 0.7534222463053662500 ) ) ;
#1359 = CIRCLE ( 'NONE', #10187, 0.5000000000000000000 ) ;
#1360 = DIRECTION ( 'NONE',  ( 0.0000000000000000000, 1.000000000000000000, 0.0000000000000000000 ) ) ;
#1361 = CARTESIAN_POINT ( 'NONE',  ( -0.6249999999999995600, 0.004999999999999999200, 0.7918213607330723000 ) ) ;
#1362 = AXIS2_PLACEMENT_3D ( 'NONE', #4099, #1206, #243 ) ;
#1363 = FACE_OUTER_BOUND ( 'NONE', #8176, .T. ) ;
#1364 = ORIENTED_EDGE ( 'NONE', *, *, #11526, .F. ) ;
#1365 = CARTESIAN_POINT ( 'NONE',  ( -0.3100000000000000000, 0.9499999999999999600, 0.1749999999999999100 ) ) ;
#1366 = EDGE_CURVE ( 'NONE', #4371, #6119, #2231, .T. ) ;
#1367 = CARTESIAN_POINT ( 'NONE',  ( -0.2549999999999999500, 1.000000000000000000, 0.1499999999999999700 ) ) ;
#1368 = SURFACE_STYLE_USAGE ( .BOTH. , #2236 ) ;
#1369 = CARTESIAN_POINT ( 'NONE',  ( -0.9999999999999997800, 0.8222222222222219700, -0.7555555555555555400 ) ) ;
#1370 = DIRECTION ( 'NONE',  ( 0.0000000000000000000, 0.0000000000000000000, 1.000000000000000000 ) ) ;
#1371 = DIRECTION ( 'NONE',  ( 0.0000000000000000000, 1.000000000000000000, 0.0000000000000000000 ) ) ;
#1372 = VECTOR ( 'NONE', #6021, 1000.000000000000000 ) ;
#1373 = CARTESIAN_POINT ( 'NONE',  ( -0.2550000000000000000, 1.000000000000000000, -0.1250000000000000000 ) ) ;
#1374 = ORIENTED_EDGE ( 'NONE', *, *, #2522, .F. ) ;
#1375 = CARTESIAN_POINT ( 'NONE',  ( 0.9999999999999997800, 0.1777777777777780100, -0.7555555555555557600 ) ) ;
#1376 = AXIS2_PLACEMENT_3D ( 'NONE', #2556, #12032, #7144 ) ;
#1377 = EDGE_CURVE ( 'NONE', #2842, #9708, #12044, .T. ) ;
#1378 = VERTEX_POINT ( 'NONE', #9954 ) ;
#1379 = CARTESIAN_POINT ( 'NONE',  ( -0.3100000000000000500, 0.9499999999999999600, -0.1749999999999998500 ) ) ;
#1380 = AXIS2_PLACEMENT_3D ( 'NONE', #284, #1158, #4958 ) ;
#1381 = CARTESIAN_POINT ( 'NONE',  ( -0.6449702115542069700, 0.2044187433149333400, 0.7724091971811151100 ) ) ;
#1382 = LINE ( 'NONE', #8656, #1961 ) ;
#1383 = ADVANCED_FACE ( 'NONE', ( #5912 ), #11413, .F. ) ;
#1384 = ORIENTED_EDGE ( 'NONE', *, *, #4501, .T. ) ;
#1385 = ORIENTED_EDGE ( 'NONE', *, *, #2052, .T. ) ;
#1386 = FILL_AREA_STYLE ('',( #8140 ) ) ;
#1387 = EDGE_LOOP ( 'NONE', ( #7940, #9491, #8236 ) ) ;
#1388 = DIRECTION ( 'NONE',  ( 0.0000000000000000000, 1.000000000000000000, 0.0000000000000000000 ) ) ;
#1389 = DIRECTION ( 'NONE',  ( -0.0000000000000000000, -1.000000000000000000, -0.0000000000000000000 ) ) ;
#1390 = FACE_OUTER_BOUND ( 'NONE', #6570, .T. ) ;
#1391 = AXIS2_PLACEMENT_3D ( 'NONE', #7534, #10391, #7539 ) ;
#1392 = ORIENTED_EDGE ( 'NONE', *, *, #4325, .F. ) ;
#1393 = CARTESIAN_POINT ( 'NONE',  ( -0.9555555555555553800, 0.0000000000000000000, -0.7777777777777779000 ) ) ;
#1394 = CARTESIAN_POINT ( 'NONE',  ( 0.7002442536939542700, 0.2030620702128631000, 0.7754994340234506700 ) ) ;
#1395 = VERTEX_POINT ( 'NONE', #1416 ) ;
#1396 = ADVANCED_FACE ( 'NONE', ( #9033 ), #6224, .T. ) ;
#1397 = VERTEX_POINT ( 'NONE', #4299 ) ;
#1398 = VERTEX_POINT ( 'NONE', #11737 ) ;
#1399 = ORIENTED_EDGE ( 'NONE', *, *, #5376, .T. ) ;
#1400 = TOROIDAL_SURFACE ( 'NONE', #6091, 0.5083333333333333000, 0.008333333333333499800 ) ;
#1401 = DIRECTION ( 'NONE',  ( 0.0000000000000000000, 0.0000000000000000000, -1.000000000000000000 ) ) ;
#1402 = CARTESIAN_POINT ( 'NONE',  ( -0.5000000000000000000, 0.9499999999999999600, 0.1000000000000000500 ) ) ;
#1403 = EDGE_CURVE ( 'NONE', #6682, #11187, #2821, .T. ) ;
#1404 = CARTESIAN_POINT ( 'NONE',  ( -0.6515212132157516300, 0.2986423556170801900, 0.6744004696082104300 ) ) ;
#1405 = EDGE_CURVE ( 'NONE', #10206, #2016, #1933, .T. ) ;
#1406 = ORIENTED_EDGE ( 'NONE', *, *, #2422, .T. ) ;
#1407 = EDGE_LOOP ( 'NONE', ( #9651, #3742, #4566, #8482 ) ) ;
#1408 = SURFACE_SIDE_STYLE ('',( #6833 ) ) ;
#1409 = ORIENTED_EDGE ( 'NONE', *, *, #11269, .T. ) ;
#1410 = EDGE_LOOP ( 'NONE', ( #10477, #6126, #7764, #5803 ) ) ;
#1411 = CARTESIAN_POINT ( 'NONE',  ( -0.5861111111111111400, 0.02222222222222208800, 0.7765079365079362600 ) ) ;
#1412 = CARTESIAN_POINT ( 'NONE',  ( -0.7083333333333332600, 0.2083333333333331500, 0.7614445778845512200 ) ) ;
#1413 = ORIENTED_EDGE ( 'NONE', *, *, #10178, .F. ) ;
#1414 = CARTESIAN_POINT ( 'NONE',  ( -0.6900000000000000600, 1.000000000000000000, 0.1499999999999999700 ) ) ;
#1415 = CARTESIAN_POINT ( 'NONE',  ( -0.7028844640071140200, 0.1997931365421685100, 0.7808055660669038800 ) ) ;
#1416 = CARTESIAN_POINT ( 'NONE',  ( -0.5500000000000001600, 0.9499999999999999600, 0.1700000000000002100 ) ) ;
#1417 = VECTOR ( 'NONE', #12084, 1000.000000000000000 ) ;
#1418 = FACE_OUTER_BOUND ( 'NONE', #11199, .T. ) ;
#1419 = CARTESIAN_POINT ( 'NONE',  ( 0.6249999999999994400, 0.1999999999999999800, 0.7320634920634920800 ) ) ;
#1420 = CARTESIAN_POINT ( 'NONE',  ( -0.7257423786205733400, 0.1999973431565288400, 0.7324603101918265600 ) ) ;
#1421 = ORIENTED_EDGE ( 'NONE', *, *, #3884, .T. ) ;
#1422 = DIRECTION ( 'NONE',  ( 1.000000000000000000, 0.0000000000000000000, 0.0000000000000000000 ) ) ;
#1423 = DIRECTION ( 'NONE',  ( -0.0000000000000000000, -1.000000000000000000, -0.0000000000000000000 ) ) ;
#1424 = CARTESIAN_POINT ( 'NONE',  ( -0.9555555555555553800, 0.9777777777777779700, -0.7555555555555555400 ) ) ;
#1425 = ORIENTED_EDGE ( 'NONE', *, *, #6484, .T. ) ;
#1426 = CLOSED_SHELL ( 'NONE', ( #2007, #9584, #11587, #12045 ) ) ;
#1427 = CARTESIAN_POINT ( 'NONE',  ( 0.7111111111111136900, 0.1999999999999999800, -0.5111111111111140700 ) ) ;
#1428 = EDGE_CURVE ( 'NONE', #10762, #5555, #3773, .T. ) ;
#1429 = VERTEX_POINT ( 'NONE', #2502 ) ;
#1430 = CARTESIAN_POINT ( 'NONE',  ( 0.7526664774746746300, 0.008132773798952081000, 0.7493375341468906400 ) ) ;
#1431 = CIRCLE ( 'NONE', #3456, 0.02499999999999995600 ) ;
#1432 = CARTESIAN_POINT ( 'NONE',  ( -0.6000000000000000900, 1.000000000000000000, -0.09999999999999993600 ) ) ;
#1433 = CYLINDRICAL_SURFACE ( 'NONE', #12124, 0.02499999999999998400 ) ;
#1434 = DIRECTION ( 'NONE',  ( 0.0000000000000000000, 1.000000000000000000, 0.0000000000000000000 ) ) ;
#1435 = DIRECTION ( 'NONE',  ( -0.0000000000000000000, 1.000000000000000000, -0.0000000000000000000 ) ) ;
#1436 = B_SPLINE_CURVE_WITH_KNOTS ( 'NONE', 3,
 ( #840, #10262, #3575, #5432, #12201, #1699, #4476, #4519, #12122, #4567, #6362, #2659, #5504, #4443, #683, #7270, #6389, #11157, #7313 ),
 .UNSPECIFIED., .F., .F.,
 ( 4, 3, 3, 3, 3, 3, 4 ),
 ( 1.117570019170468100E-019, 2.398190015644554000E-006, 4.783116233694941300E-006, 7.341817530078435700E-006, 1.039602057123903800E-005, 1.405151064894610800E-005, 1.461418852508651400E-005 ),
 .UNSPECIFIED. ) ;
#1437 = ORIENTED_EDGE ( 'NONE', *, *, #12218, .F. ) ;
#1438 = ORIENTED_EDGE ( 'NONE', *, *, #10024, .F. ) ;
#1439 = PLANE ( 'NONE',  #1637 ) ;
#1440 = SURFACE_SIDE_STYLE ('',( #5293 ) ) ;
#1441 = CARTESIAN_POINT ( 'NONE',  ( -0.6515526917747399600, 0.2986541647849710300, 0.7143996934766703200 ) ) ;
#1442 = VERTEX_POINT ( 'NONE', #5219 ) ;
#1443 = AXIS2_PLACEMENT_3D ( 'NONE', #8311, #9266, #5511 ) ;
#1444 = CARTESIAN_POINT ( 'NONE',  ( 0.7638888888888886200, 0.02194444444444428700, 0.7542839781067809400 ) ) ;
#1445 = FACE_BOUND ( 'NONE', #4034, .T. ) ;
#1446 = AXIS2_PLACEMENT_3D ( 'NONE', #11771, #4085, #9830 ) ;
#1447 = LINE ( 'NONE', #9425, #10939 ) ;
#1448 = EDGE_CURVE ( 'NONE', #8501, #5244, #8879, .T. ) ;
#1449 = EDGE_LOOP ( 'NONE', ( #9346, #10726, #5883, #2420 ) ) ;
#1450 = VERTEX_POINT ( 'NONE', #11071 ) ;
#1451 = ADVANCED_FACE ( 'NONE', ( #4609 ), #7237, .T. ) ;
#1452 = CARTESIAN_POINT ( 'NONE',  ( 0.6200884450117145600, 0.004999999999999989700, 0.7525506826049019900 ) ) ;
#1453 = CARTESIAN_POINT ( 'NONE',  ( 0.6499999999999996900, 0.2030620702128254900, 0.7754994340234724300 ) ) ;
#1454 = ORIENTED_EDGE ( 'NONE', *, *, #3048, .F. ) ;
#1455 = AXIS2_PLACEMENT_3D ( 'NONE', #1077, #4056, #6780 ) ;
#1456 = PLANE ( 'NONE',  #3862 ) ;
#1457 = CIRCLE ( 'NONE', #6148, 0.02500000000000007800 ) ;
#1458 = DIRECTION ( 'NONE',  ( 0.0000000000000000000, 1.000000000000000000, -0.0000000000000000000 ) ) ;
#1459 = CARTESIAN_POINT ( 'NONE',  ( -0.7335183557133537800, 0.007237332072476156100, 0.7910068924128290700 ) ) ;
#1460 =( NAMED_UNIT ( * ) PLANE_ANGLE_UNIT ( ) SI_UNIT ( $, .RADIAN. ) );
#1461 = CIRCLE ( 'NONE', #8631, 0.01666666666666645800 ) ;
#1462 = CARTESIAN_POINT ( 'NONE',  ( -0.6916666666666663200, 0.2916666666666665200, 0.7140968530029925300 ) ) ;
#1463 = ORIENTED_EDGE ( 'NONE', *, *, #11304, .F. ) ;
#1464 = AXIS2_PLACEMENT_3D ( 'NONE', #7865, #9779, #6008 ) ;
#1465 = CARTESIAN_POINT ( 'NONE',  ( -0.7014584713070070000, 0.1997749788091878500, 0.7809321885432846100 ) ) ;
#1466 = ORIENTED_EDGE ( 'NONE', *, *, #11193, .T. ) ;
#1467 = CARTESIAN_POINT ( 'NONE',  ( -0.7299046168756677700, 0.004999999999999982800, 0.7525494834301536000 ) ) ;
#1468 = ADVANCED_FACE ( 'NONE', ( #4464 ), #10132, .F. ) ;
#1469 = CARTESIAN_POINT ( 'NONE',  ( -0.7450000000000000000, 0.9499999999999999600, -0.1749999999999999600 ) ) ;
#1470 = DIRECTION ( 'NONE',  ( 0.0000000000000000000, 0.0000000000000000000, -1.000000000000000000 ) ) ;
#1471 = FACE_OUTER_BOUND ( 'NONE', #5800, .T. ) ;
#1472 = LINE ( 'NONE', #7783, #5452 ) ;
#1473 = CIRCLE ( 'NONE', #1767, 0.02499999999999995600 ) ;
#1474 = DIRECTION ( 'NONE',  ( -1.000000000000000000, 0.0000000000000000000, 1.084202172485504800E-016 ) ) ;
#1475 = FACE_OUTER_BOUND ( 'NONE', #1823, .T. ) ;
#1476 = DIRECTION ( 'NONE',  ( -1.084202172485507000E-016, 0.0000000000000000000, -1.000000000000000000 ) ) ;
#1477 = EDGE_LOOP ( 'NONE', ( #12151, #10342, #10794, #2119 ) ) ;
#1478 = AXIS2_PLACEMENT_3D ( 'NONE', #4478, #2570, #3504 ) ;
#1479 = CARTESIAN_POINT ( 'NONE',  ( -0.3499999999999997000, 0.1999999999999999800, 0.7320634920634920800 ) ) ;
#1480 = DIRECTION ( 'NONE',  ( 1.000000000000000000, -0.0000000000000000000, -1.084202172485504800E-016 ) ) ;
#1481 = AXIS2_PLACEMENT_3D ( 'NONE', #30, #987, #9522 ) ;
#1482 = LINE ( 'NONE', #12042, #2363 ) ;
#1483 = CARTESIAN_POINT ( 'NONE',  ( -0.7629407627323309100, 0.01755992516187591900, 0.7538141373681036500 ) ) ;
#1484 = VECTOR ( 'NONE', #755, 1000.000000000000000 ) ;
#1485 = CYLINDRICAL_SURFACE ( 'NONE', #9736, 0.02499999999999984900 ) ;
#1486 = CARTESIAN_POINT ( 'NONE',  ( 1.000000000000000200, 0.9777777777777779700, 0.7098412698412697200 ) ) ;
#1487 = CARTESIAN_POINT ( 'NONE',  ( 0.7442814647935124300, 0.01964497764853323200, 0.7565642250474850000 ) ) ;
#1488 = DIRECTION ( 'NONE',  ( 0.0000000000000000000, 0.0000000000000000000, -1.000000000000000000 ) ) ;
#1489 = ORIENTED_EDGE ( 'NONE', *, *, #8010, .F. ) ;
#1490 = EDGE_CURVE ( 'NONE', #7598, #6119, #3706, .T. ) ;
#1491 = DIRECTION ( 'NONE',  ( 0.0000000000000000000, 0.0000000000000000000, 1.000000000000000000 ) ) ;
#1492 = LINE ( 'NONE', #10784, #765 ) ;
#1493 = CARTESIAN_POINT ( 'NONE',  ( 0.6135424207468384000, 0.002501709051685969300, 0.7423069550785009700 ) ) ;
#1494 = AXIS2_PLACEMENT_3D ( 'NONE', #8733, #4022, #10565 ) ;
#1495 = DIRECTION ( 'NONE',  ( -1.000000000000000000, 0.0000000000000000000, 2.168404344971008900E-016 ) ) ;
#1496 = CARTESIAN_POINT ( 'NONE',  ( -0.6393034849008359900, 0.1999999999999999800, 0.7771580468426748700 ) ) ;
#1497 = CARTESIAN_POINT ( 'NONE',  ( -0.7416629681038023900, 0.02125722890037087500, 0.7836667573099572700 ) ) ;
#1498 = DIRECTION ( 'NONE',  ( 0.0000000000000000000, 0.0000000000000000000, 1.000000000000000000 ) ) ;
#1499 = ADVANCED_FACE ( 'NONE', ( #1191 ), #7630, .F. ) ;
#1500 = VECTOR ( 'NONE', #440, 1000.000000000000000 ) ;
#1501 = DIRECTION ( 'NONE',  ( 0.0000000000000000000, 0.0000000000000000000, 1.000000000000000000 ) ) ;
#1502 = EDGE_CURVE ( 'NONE', #885, #8338, #10077, .T. ) ;
#1503 = VERTEX_POINT ( 'NONE', #7390 ) ;
#1504 = EDGE_CURVE ( 'NONE', #1136, #9578, #8161, .T. ) ;
#1505 = MANIFOLD_SOLID_BREP ( 'Boss-Extrude4[7]', #2435 ) ;
#1506 = DIRECTION ( 'NONE',  ( -1.000000000000000000, -0.0000000000000000000, -0.0000000000000000000 ) ) ;
#1507 = CARTESIAN_POINT ( 'NONE',  ( 0.6456649240885566900, 0.2041087518905359800, 0.7732209942645179600 ) ) ;
#1508 = CARTESIAN_POINT ( 'NONE',  ( -0.9555555555555553800, 0.02222222222222208800, -0.7555555555555555400 ) ) ;
#1509 = FACE_OUTER_BOUND ( 'NONE', #1790, .T. ) ;
#1510 = ADVANCED_FACE ( 'NONE', ( #3400 ), #6017, .T. ) ;
#1511 = DIRECTION ( 'NONE',  ( 0.0000000000000000000, 1.185846126156022200E-015, 1.000000000000000000 ) ) ;
#1512 = CARTESIAN_POINT ( 'NONE',  ( -0.7079627832073384100, 0.2873810455839031500, 0.6795178004199946600 ) ) ;
#1513 = EDGE_LOOP ( 'NONE', ( #1638, #10864, #1049, #5067 ) ) ;
#1514 = AXIS2_PLACEMENT_3D ( 'NONE', #486, #10908, #7022 ) ;
#1515 = CARTESIAN_POINT ( 'NONE',  ( -0.9777777777777777500, 0.8222222222222219700, 0.7098412698412699400 ) ) ;
#1516 = CARTESIAN_POINT ( 'NONE',  ( -0.2549999999999999500, 1.000000000000000000, 0.1499999999999999700 ) ) ;
#1517 = CARTESIAN_POINT ( 'NONE',  ( -0.9777777777777777500, 0.8000000000000000400, 0.7098412698412699400 ) ) ;
#1518 = PLANE ( 'NONE',  #338 ) ;
#1519 = EDGE_CURVE ( 'NONE', #8491, #11356, #10364, .T. ) ;
#1520 = CARTESIAN_POINT ( 'NONE',  ( -0.7556914825962844900, 0.009738669037824804200, 0.7506096148972447600 ) ) ;
#1521 = AXIS2_PLACEMENT_3D ( 'NONE', #7681, #8634, #8719 ) ;
#1522 = LINE ( 'NONE', #3736, #1148 ) ;
#1523 = DIRECTION ( 'NONE',  ( 0.0000000000000000000, 1.000000000000000000, 0.0000000000000000000 ) ) ;
#1524 = CARTESIAN_POINT ( 'NONE',  ( -0.6449999999999999100, 1.000000000000000000, 0.2450000000000001100 ) ) ;
#1525 = VERTEX_POINT ( 'NONE', #9823 ) ;
#1526 = ADVANCED_FACE ( 'NONE', ( #5345 ), #331, .T. ) ;
#1527 = ORIENTED_EDGE ( 'NONE', *, *, #8453, .T. ) ;
#1528 = CARTESIAN_POINT ( 'NONE',  ( -0.7874999999999999800, 1.000000000000000000, 0.02500000000000016400 ) ) ;
#1529 = AXIS2_PLACEMENT_3D ( 'NONE', #10567, #213, #10493 ) ;
#1530 = CARTESIAN_POINT ( 'NONE',  ( -0.2549999999999999500, 0.9499999999999999600, 0.1499999999999999700 ) ) ;
#1531 = DIRECTION ( 'NONE',  ( -0.0000000000000000000, 1.000000000000000000, -0.0000000000000000000 ) ) ;
#1532 = AXIS2_PLACEMENT_3D ( 'NONE', #11773, #8884, #5935 ) ;
#1533 = ORIENTED_EDGE ( 'NONE', *, *, #3844, .F. ) ;
#1534 = ORIENTED_EDGE ( 'NONE', *, *, #506, .F. ) ;
#1535 = CARTESIAN_POINT ( 'NONE',  ( 0.6084177894853070000, 0.01977076625282376800, 0.7762764373120835100 ) ) ;
#1536 = CARTESIAN_POINT ( 'NONE',  ( -0.9555555555555553800, 0.1777777777777780100, 0.7098412698412699400 ) ) ;
#1537 = CARTESIAN_POINT ( 'NONE',  ( -0.6083333333333330600, 0.1833333333333334600, 0.7761593472479017000 ) ) ;
#1538 = CARTESIAN_POINT ( 'NONE',  ( -0.3100000000000000000, 1.000000000000000000, 0.1499999999999999700 ) ) ;
#1539 = CARTESIAN_POINT ( 'NONE',  ( 0.9777777777777777500, 0.1999999999999999800, -0.7555555555555557600 ) ) ;
#1540 = DIRECTION ( 'NONE',  ( 1.000000000000000000, 0.0000000000000000000, 0.0000000000000000000 ) ) ;
#1541 = AXIS2_PLACEMENT_3D ( 'NONE', #346, #6922, #1256 ) ;
#1542 = EDGE_CURVE ( 'NONE', #3605, #5139, #5487, .T. ) ;
#1543 = ORIENTED_EDGE ( 'NONE', *, *, #246, .F. ) ;
#1544 = CARTESIAN_POINT ( 'NONE',  ( -0.3549999999999999800, 1.000000000000000000, 0.2450000000000001100 ) ) ;
#1545 = DIRECTION ( 'NONE',  ( 0.0000000000000000000, 1.000000000000000000, 0.0000000000000000000 ) ) ;
#1546 = ORIENTED_EDGE ( 'NONE', *, *, #11113, .T. ) ;
#1547 = ORIENTED_EDGE ( 'NONE', *, *, #565, .T. ) ;
#1548 = AXIS2_PLACEMENT_3D ( 'NONE', #9831, #8842, #8021 ) ;
#1549 = CARTESIAN_POINT ( 'NONE',  ( 0.6583333333333331000, 0.2916666666666665200, 0.7140968530029925300 ) ) ;
#1550 = FACE_OUTER_BOUND ( 'NONE', #375, .T. ) ;
#1551 = ORIENTED_EDGE ( 'NONE', *, *, #9703, .F. ) ;
#1552 = CARTESIAN_POINT ( 'NONE',  ( -0.6449999999999999100, 0.9499999999999999600, -0.2450000000000000000 ) ) ;
#1553 = ORIENTED_EDGE ( 'NONE', *, *, #9792, .T. ) ;
#1554 = CARTESIAN_POINT ( 'NONE',  ( -0.6899999999999999500, 0.9499999999999999600, -0.1749999999999997700 ) ) ;
#1555 = EDGE_CURVE ( 'NONE', #10139, #8817, #903, .T. ) ;
#1556 = ORIENTED_EDGE ( 'NONE', *, *, #5983, .T. ) ;
#1557 = ORIENTED_EDGE ( 'NONE', *, *, #9066, .F. ) ;
#1558 = CARTESIAN_POINT ( 'NONE',  ( -0.6083333333333331700, 0.2999999999999997100, 0.6738059225679082800 ) ) ;
#1559 = DIRECTION ( 'NONE',  ( 0.0000000000000000000, -1.185846126156016500E-015, 1.000000000000000000 ) ) ;
#1560 = ORIENTED_EDGE ( 'NONE', *, *, #11053, .F. ) ;
#1561 = DIRECTION ( 'NONE',  ( -0.0000000000000000000, -7.411538288475051500E-017, 1.000000000000000000 ) ) ;
#1562 = CYLINDRICAL_SURFACE ( 'NONE', #362, 0.02222222222222230300 ) ;
#1563 =( GEOMETRIC_REPRESENTATION_CONTEXT ( 3 ) GLOBAL_UNCERTAINTY_ASSIGNED_CONTEXT ( ( #7176 ) ) GLOBAL_UNIT_ASSIGNED_CONTEXT ( ( #7839, #8667, #3907 ) ) REPRESENTATION_CONTEXT ( 'NONE', 'WORKASPACE' ) );
#1564 =( NAMED_UNIT ( * ) PLANE_ANGLE_UNIT ( ) SI_UNIT ( $, .RADIAN. ) );
#1565 = CARTESIAN_POINT ( 'NONE',  ( -0.2125000000000000200, 0.9499999999999999600, 0.02500000000000010900 ) ) ;
#1566 = ORIENTED_EDGE ( 'NONE', *, *, #11774, .F. ) ;
#1567 = ORIENTED_EDGE ( 'NONE', *, *, #8295, .F. ) ;
#1568 = EDGE_LOOP ( 'NONE', ( #688, #11917, #1090, #2294 ) ) ;
#1569 = ORIENTED_EDGE ( 'NONE', *, *, #8469, .T. ) ;
#1570 = CARTESIAN_POINT ( 'NONE',  ( 0.6249999999999995600, 0.004999999999999993200, 0.7471185785507582500 ) ) ;
#1571 = CARTESIAN_POINT ( 'NONE',  ( -0.9999999999999997800, 0.8000000000000000400, 0.7098412698412699400 ) ) ;
#1572 = EDGE_LOOP ( 'NONE', ( #9451, #9476 ) ) ;
#1573 = ORIENTED_EDGE ( 'NONE', *, *, #3726, .F. ) ;
#1574 = CYLINDRICAL_SURFACE ( 'NONE', #6385, 0.01666666666666650300 ) ;
#1575 = DIRECTION ( 'NONE',  ( -1.000000000000000000, -0.0000000000000000000, -0.0000000000000000000 ) ) ;
#1576 = EDGE_CURVE ( 'NONE', #1716, #2553, #5036, .T. ) ;
#1577 = VECTOR ( 'NONE', #4683, 1000.000000000000000 ) ;
#1578 = VERTEX_POINT ( 'NONE', #5894 ) ;
#1579 = CARTESIAN_POINT ( 'NONE',  ( -0.7285767494583949000, 0.005292958587805470500, 0.7917181360372709300 ) ) ;
#1580 = ORIENTED_EDGE ( 'NONE', *, *, #6023, .T. ) ;
#1581 = EDGE_CURVE ( 'NONE', #9694, #9088, #480, .T. ) ;
#1582 = CARTESIAN_POINT ( 'NONE',  ( -0.5861139766068876900, 0.1871536021859584700, 0.7532801439165134300 ) ) ;
#1583 = AXIS2_PLACEMENT_3D ( 'NONE', #6179, #1388, #2344 ) ;
#1584 = ORIENTED_EDGE ( 'NONE', *, *, #12152, .T. ) ;
#1585 = ORIENTED_EDGE ( 'NONE', *, *, #12174, .F. ) ;
#1586 = CARTESIAN_POINT ( 'NONE',  ( -0.6246288154447738900, 0.2000000000000000100, 0.7322619011130880900 ) ) ;
#1587 = ORIENTED_EDGE ( 'NONE', *, *, #2600, .T. ) ;
#1588 = VECTOR ( 'NONE', #9085, 1000.000000000000000 ) ;
#1589 = ADVANCED_FACE ( 'NONE', ( #10066 ), #2561, .F. ) ;
#1590 = CARTESIAN_POINT ( 'NONE',  ( -0.3499999999999997000, 0.1899999999999999700, 0.7320634920634920800 ) ) ;
#1591 = MECHANICAL_DESIGN_GEOMETRIC_PRESENTATION_REPRESENTATION (  '', ( #2382 ), #8941 ) ;
#1592 = CYLINDRICAL_SURFACE ( 'NONE', #6124, 0.02500000000000006400 ) ;
#1593 = CARTESIAN_POINT ( 'NONE',  ( 0.7412708980657762800, 0.1869876621753948600, 0.7742395731267149900 ) ) ;
#1594 = ORIENTED_EDGE ( 'NONE', *, *, #1448, .T. ) ;
#1595 = ORIENTED_EDGE ( 'NONE', *, *, #6396, .F. ) ;
#1596 = DIRECTION ( 'NONE',  ( -0.0000000000000000000, 1.000000000000000000, 0.0000000000000000000 ) ) ;
#1597 = EDGE_CURVE ( 'NONE', #3870, #2444, #12034, .T. ) ;
#1598 = EDGE_LOOP ( 'NONE', ( #7587, #11802, #850, #1001 ) ) ;
#1599 = CARTESIAN_POINT ( 'NONE',  ( -0.5000000000000000000, 0.8792893218813447900, -0.3150000000000000000 ) ) ;
#1600 = CARTESIAN_POINT ( 'NONE',  ( 0.7613401833842646800, 0.01476474286689049400, 0.7530821116943478000 ) ) ;
#1601 = MECHANICAL_DESIGN_GEOMETRIC_PRESENTATION_REPRESENTATION (  '', ( #101 ), #737 ) ;
#1602 = PLANE ( 'NONE',  #4522 ) ;
#1603 = FACE_BOUND ( 'NONE', #1872, .T. ) ;
#1604 = DIRECTION ( 'NONE',  ( 0.0000000000000000000, 1.000000000000000000, 0.0000000000000000000 ) ) ;
#1605 = CARTESIAN_POINT ( 'NONE',  ( -0.6449999999999999100, 0.9499999999999999600, 0.2450000000000001100 ) ) ;
#1606 = VERTEX_POINT ( 'NONE', #9990 ) ;
#1607 = PLANE ( 'NONE',  #5798 ) ;
#1608 = VERTEX_POINT ( 'NONE', #7184 ) ;
#1609 = SURFACE_STYLE_USAGE ( .BOTH. , #8208 ) ;
#1610 = DIRECTION ( 'NONE',  ( 0.0000000000000000000, 1.000000000000000000, 0.0000000000000000000 ) ) ;
#1611 = AXIS2_PLACEMENT_3D ( 'NONE', #5231, #539, #4310 ) ;
#1612 = CIRCLE ( 'NONE', #9332, 0.02500000000000007800 ) ;
#1613 = EDGE_CURVE ( 'NONE', #2895, #5685, #1785, .T. ) ;
#1614 = CARTESIAN_POINT ( 'NONE',  ( 0.6057115618239395900, 0.01962856055058743300, 0.7565689843716979500 ) ) ;
#1615 = CARTESIAN_POINT ( 'NONE',  ( 0.7083333333333332600, 0.5000000000000000000, 1.132063492063492000 ) ) ;
#1616 = VERTEX_POINT ( 'NONE', #2395 ) ;
#1617 = EDGE_LOOP ( 'NONE', ( #2657, #7638, #407, #12058 ) ) ;
#1618 = PLANE ( 'NONE',  #9497 ) ;
#1619 = CARTESIAN_POINT ( 'NONE',  ( 0.6549380973253352600, 0.2944185090608216800, 0.7219967634788437800 ) ) ;
#1620 = CARTESIAN_POINT ( 'NONE',  ( 0.6083333333333331700, 0.02166666666666649400, 0.7765044641500696800 ) ) ;
#1621 = CIRCLE ( 'NONE', #8354, 0.02222222222222241400 ) ;
#1622 = CIRCLE ( 'NONE', #6291, 0.4999999999999997800 ) ;
#1623 = CARTESIAN_POINT ( 'NONE',  ( 0.6210938112711574800, 0.1999520288349953000, 0.7341515027267736500 ) ) ;
#1624 = AXIS2_PLACEMENT_3D ( 'NONE', #3409, #1777, #9324 ) ;
#1625 = DIRECTION ( 'NONE',  ( 0.0000000000000000000, 1.000000000000000000, 0.0000000000000000000 ) ) ;
#1626 = CARTESIAN_POINT ( 'NONE',  ( 0.6164816442866458700, 0.007237332072476146600, 0.7910068924128290700 ) ) ;
#1627 = CIRCLE ( 'NONE', #5486, 0.02222222222222198000 ) ;
#1628 = VECTOR ( 'NONE', #7531, 1000.000000000000000 ) ;
#1629 = VERTEX_POINT ( 'NONE', #10817 ) ;
#1630 = CARTESIAN_POINT ( 'NONE',  ( -0.6449999999999999100, 0.9499999999999999600, 0.2699999999999999600 ) ) ;
#1631 = CARTESIAN_POINT ( 'NONE',  ( -0.7083333333333332600, 0.2083333333333335400, 0.7259470610297852300 ) ) ;
#1632 = CIRCLE ( 'NONE', #4342, 0.02500000000000007800 ) ;
#1633 = SURFACE_STYLE_FILL_AREA ( #5211 ) ;
#1634 = ADVANCED_FACE ( 'NONE', ( #8708 ), #1485, .T. ) ;
#1635 = CARTESIAN_POINT ( 'NONE',  ( -0.9555555555555553800, 0.1899999999999999700, -0.7555555555555555400 ) ) ;
#1636 = DIRECTION ( 'NONE',  ( -0.0000000000000000000, 1.000000000000000000, -0.0000000000000000000 ) ) ;
#1637 = AXIS2_PLACEMENT_3D ( 'NONE', #6080, #466, #9932 ) ;
#1638 = ORIENTED_EDGE ( 'NONE', *, *, #7111, .F. ) ;
#1639 = DIRECTION ( 'NONE',  ( -1.000000000000000000, 0.0000000000000000000, 0.0000000000000000000 ) ) ;
#1640 = CARTESIAN_POINT ( 'NONE',  ( -0.7166666666666667900, 0.2000000000000000100, 0.7614445778845514400 ) ) ;
#1641 = VECTOR ( 'NONE', #2451, 1000.000000000000000 ) ;
#1642 = DIRECTION ( 'NONE',  ( 0.0000000000000000000, 1.000000000000000000, -0.0000000000000000000 ) ) ;
#1643 = CARTESIAN_POINT ( 'NONE',  ( -0.7268552589763772600, 0.002500000000000044300, 0.7423036635030292300 ) ) ;
#1644 = CARTESIAN_POINT ( 'NONE',  ( -0.5000000000000000000, 1.000000000000000000, -0.09999999999999993600 ) ) ;
#1645 = CARTESIAN_POINT ( 'NONE',  ( -0.6433626280415473100, 0.1999999999999999800, 0.7741250629171381200 ) ) ;
#1646 = FACE_OUTER_BOUND ( 'NONE', #8438, .T. ) ;
#1647 = ADVANCED_FACE ( 'NONE', ( #6498 ), #4143, .F. ) ;
#1648 = EDGE_CURVE ( 'NONE', #3027, #1880, #9593, .T. ) ;
#1649 = EDGE_CURVE ( 'NONE', #7715, #9378, #3829, .T. ) ;
#1650 = DIRECTION ( 'NONE',  ( 0.0000000000000000000, 0.0000000000000000000, 1.000000000000000000 ) ) ;
#1651 = DIRECTION ( 'NONE',  ( 0.0000000000000000000, 1.000000000000000000, 0.0000000000000000000 ) ) ;
#1652 = VECTOR ( 'NONE', #1233, 1000.000000000000000 ) ;
#1653 = CARTESIAN_POINT ( 'NONE',  ( 0.7416629681038023900, 0.02125722890037087500, 0.7836667573099572700 ) ) ;
#1654 = CARTESIAN_POINT ( 'NONE',  ( -0.7009329303121034600, 0.2973344964423555400, 0.7146977001035704800 ) ) ;
#1655 = CARTESIAN_POINT ( 'NONE',  ( -0.7450000000000000000, 0.9499999999999999600, -0.1499999999999999100 ) ) ;
#1656 =( BOUNDED_SURFACE ( )  B_SPLINE_SURFACE ( 3, 2, ( 
 ( #337, #2158, #1167 ),
 ( #3006, #2112, #7854 ),
 ( #4010, #8721, #2208 ),
 ( #9665, #10655, #6857 ) ),
 .UNSPECIFIED., .F., .F., .F. ) 
 B_SPLINE_SURFACE_WITH_KNOTS ( ( 4, 4 ),
 ( 3, 3 ),
 ( 6.147390268999950300E-005, 7.948384547123860400E-005 ),
 ( 0.0000000000000000000, 1.000000000000000000 ),
 .UNSPECIFIED. ) 
 GEOMETRIC_REPRESENTATION_ITEM ( )  RATIONAL_B_SPLINE_SURFACE ( (
 ( 1.000000000000000000, 0.7071067811865486800, 1.000000000000000000),
 ( 1.000000000000000000, 0.7671773520178721800, 1.000000000000000000),
 ( 1.000000000000000000, 0.8214141187762119500, 1.000000000000000000),
 ( 1.000000000000000000, 0.8572487393423132700, 1.000000000000000000) ) ) 
 REPRESENTATION_ITEM ( '' )  SURFACE ( )  );
#1657 = CARTESIAN_POINT ( 'NONE',  ( 0.7064914866055926900, 0.2912246968781979100, 0.7160920714767321500 ) ) ;
#1658 = CARTESIAN_POINT ( 'NONE',  ( 0.6104580150691222300, 0.1987776157439635800, 0.7398492728560852600 ) ) ;
#1659 = VECTOR ( 'NONE', #5655, 1000.000000000000000 ) ;
#1660 = CARTESIAN_POINT ( 'NONE',  ( 0.6091240798219907900, 0.01659390250111890700, 0.7867934972283287000 ) ) ;
#1661 = EDGE_CURVE ( 'NONE', #7612, #6873, #3683, .T. ) ;
#1662 = FACE_OUTER_BOUND ( 'NONE', #9348, .T. ) ;
#1663 = DIRECTION ( 'NONE',  ( 0.0000000000000000000, 0.0000000000000000000, -1.000000000000000000 ) ) ;
#1664 = CARTESIAN_POINT ( 'NONE',  ( -0.6083333333333331700, 0.005000000000000002700, 0.7461070750187860400 ) ) ;
#1665 = ORIENTED_EDGE ( 'NONE', *, *, #4820, .F. ) ;
#1666 = CARTESIAN_POINT ( 'NONE',  ( -0.4999999999999998900, 0.9499999999999999600, 0.3150000000000001100 ) ) ;
#1667 = AXIS2_PLACEMENT_3D ( 'NONE', #2014, #2957, #1099 ) ;
#1668 = CIRCLE ( 'NONE', #5936, 0.02500000000000009200 ) ;
#1669 = DIRECTION ( 'NONE',  ( -1.000000000000000000, 0.0000000000000000000, 1.084202172485504400E-016 ) ) ;
#1670 = ORIENTED_EDGE ( 'NONE', *, *, #10402, .T. ) ;
#1671 = DIRECTION ( 'NONE',  ( 0.0000000000000000000, 0.0000000000000000000, -1.000000000000000000 ) ) ;
#1672 = EDGE_LOOP ( 'NONE', ( #7479, #106, #6171, #460 ) ) ;
#1673 = CARTESIAN_POINT ( 'NONE',  ( -0.6249999999999995600, 0.02222222222222176900, 0.8000000000000000400 ) ) ;
#1674 = EDGE_CURVE ( 'NONE', #7628, #9214, #7103, .T. ) ;
#1675 = PLANE ( 'NONE',  #9056 ) ;
#1676 = CIRCLE ( 'NONE', #5867, 0.02222222222222252100 ) ;
#1677 = AXIS2_PLACEMENT_3D ( 'NONE', #3882, #5754, #6779 ) ;
#1678 = CARTESIAN_POINT ( 'NONE',  ( -0.6405787936121414300, 0.1999999999999999300, 0.7703828965943050300 ) ) ;
#1679 = ORIENTED_EDGE ( 'NONE', *, *, #3696, .T. ) ;
#1680 = ORIENTED_EDGE ( 'NONE', *, *, #10584, .F. ) ;
#1681 = ORIENTED_EDGE ( 'NONE', *, *, #1876, .F. ) ;
#1682 = CARTESIAN_POINT ( 'NONE',  ( -0.5000000000000000000, 0.9499999999999999600, -0.09999999999999993600 ) ) ;
#1683 = ADVANCED_FACE ( 'NONE', ( #1023 ), #1171, .T. ) ;
#1684 = AXIS2_PLACEMENT_3D ( 'NONE', #5575, #10175, #8265 ) ;
#1685 = CARTESIAN_POINT ( 'NONE',  ( 0.7395850798365812800, 0.01340815744779353400, 0.7884337038089026500 ) ) ;
#1686 = CARTESIAN_POINT ( 'NONE',  ( -0.7012020717856427600, 0.2031476037724737600, 0.7753319878142098700 ) ) ;
#1687 = ORIENTED_EDGE ( 'NONE', *, *, #9084, .T. ) ;
#1688 = ORIENTED_EDGE ( 'NONE', *, *, #10214, .T. ) ;
#1689 = CARTESIAN_POINT ( 'NONE',  ( -0.6249999999999995600, 0.2000000000000000100, 0.7320634920634923000 ) ) ;
#1690 = VERTEX_POINT ( 'NONE', #9159 ) ;
#1691 = EDGE_LOOP ( 'NONE', ( #10459, #8193, #6889, #10395 ) ) ;
#1692 = CARTESIAN_POINT ( 'NONE',  ( -0.6100819922051312600, 0.1908740050384212800, 0.7701308728720764900 ) ) ;
#1693 = CARTESIAN_POINT ( 'NONE',  ( -0.7450000000000000000, 0.9499999999999999600, 0.1499999999999999700 ) ) ;
#1694 = DIRECTION ( 'NONE',  ( 0.0000000000000000000, 0.0000000000000000000, 1.000000000000000000 ) ) ;
#1695 = ORIENTED_EDGE ( 'NONE', *, *, #3198, .T. ) ;
#1696 = CARTESIAN_POINT ( 'NONE',  ( 0.6242576213794264200, 0.1999973431565288400, 0.7324603101918264500 ) ) ;
#1697 = CARTESIAN_POINT ( 'NONE',  ( -0.5861111111111111400, 0.1805555555555557700, 0.7541114196556969500 ) ) ;
#1698 = CIRCLE ( 'NONE', #964, 0.5000000000000000000 ) ;
#1699 = CARTESIAN_POINT ( 'NONE',  ( 0.7128513049635748500, 0.2008877980265423900, 0.7313988779613176400 ) ) ;
#1700 = ADVANCED_FACE ( 'NONE', ( #470 ), #11555, .F. ) ;
#1701 = DIRECTION ( 'NONE',  ( 0.0000000000000000000, -7.411538288475051500E-017, 1.000000000000000000 ) ) ;
#1702 = AXIS2_PLACEMENT_3D ( 'NONE', #9662, #11653, #5058 ) ;
#1703 = EDGE_CURVE ( 'NONE', #6734, #7732, #2664, .T. ) ;
#1704 = ORIENTED_EDGE ( 'NONE', *, *, #6536, .F. ) ;
#1705 = ORIENTED_EDGE ( 'NONE', *, *, #2831, .T. ) ;
#1706 = VERTEX_POINT ( 'NONE', #9317 ) ;
#1707 = EDGE_LOOP ( 'NONE', ( #6604, #8361, #3225, #10929 ) ) ;
#1708 = AXIS2_PLACEMENT_3D ( 'NONE', #4462, #1610, #5338 ) ;
#1709 = VERTEX_POINT ( 'NONE', #6527 ) ;
#1710 = LINE ( 'NONE', #3304, #8645 ) ;
#1711 = VECTOR ( 'NONE', #3230, 1000.000000000000000 ) ;
#1712 = EDGE_CURVE ( 'NONE', #3978, #3042, #894, .T. ) ;
#1713 = VERTEX_POINT ( 'NONE', #1871 ) ;
#1714 = DIRECTION ( 'NONE',  ( 0.0000000000000000000, -1.000000000000000000, 0.0000000000000000000 ) ) ;
#1715 = ORIENTED_EDGE ( 'NONE', *, *, #5376, .F. ) ;
#1716 = VERTEX_POINT ( 'NONE', #4960 ) ;
#1717 = DIRECTION ( 'NONE',  ( 0.0000000000000000000, 0.0000000000000000000, -1.000000000000000000 ) ) ;
#1718 = DIRECTION ( 'NONE',  ( 0.0000000000000000000, 1.000000000000000000, 0.0000000000000000000 ) ) ;
#1719 = DIRECTION ( 'NONE',  ( -1.000000000000000000, 0.0000000000000000000, 0.0000000000000000000 ) ) ;
#1720 = AXIS2_PLACEMENT_3D ( 'NONE', #1962, #3738, #8608 ) ;
#1721 = EDGE_LOOP ( 'NONE', ( #4377, #8369, #1580, #11321 ) ) ;
#1722 = CARTESIAN_POINT ( 'NONE',  ( -0.6333347458396073600, 0.2000000000000000100, 0.7674395715206197000 ) ) ;
#1723 = ORIENTED_EDGE ( 'NONE', *, *, #4528, .T. ) ;
#1724 = UNCERTAINTY_MEASURE_WITH_UNIT (LENGTH_MEASURE( 1.000000000000000100E-005 ), #10004, 'distance_accuracy_value', 'NONE');
#1725 = CIRCLE ( 'NONE', #5384, 0.02222222222222198000 ) ;
#1726 = ORIENTED_EDGE ( 'NONE', *, *, #2401, .F. ) ;
#1727 = CARTESIAN_POINT ( 'NONE',  ( -0.6900000000000000600, 0.9499999999999999600, 0.1499999999999999700 ) ) ;
#1728 = DIRECTION ( 'NONE',  ( 0.0000000000000000000, 0.0000000000000000000, -1.000000000000000000 ) ) ;
#1729 = ORIENTED_EDGE ( 'NONE', *, *, #8559, .F. ) ;
#1730 = CARTESIAN_POINT ( 'NONE',  ( -0.7250000000000000900, 0.02222222222222176900, 0.7777777777777780100 ) ) ;
#1731 = EDGE_CURVE ( 'NONE', #3345, #4132, #8280, .T. ) ;
#1732 = CARTESIAN_POINT ( 'NONE',  ( -0.6430023620464833100, 0.2901084878010327700, 0.6782473964471635900 ) ) ;
#1733 = CARTESIAN_POINT ( 'NONE',  ( -0.6404848803876341800, 0.2039020254251612300, 0.7291643682513411200 ) ) ;
#1734 = EDGE_CURVE ( 'NONE', #4358, #1608, #4450, .T. ) ;
#1735 = ORIENTED_EDGE ( 'NONE', *, *, #10219, .F. ) ;
#1736 = CARTESIAN_POINT ( 'NONE',  ( 0.6527669941508571500, 0.2930448424789424700, 0.7226186160209815400 ) ) ;
#1737 = FACE_OUTER_BOUND ( 'NONE', #4390, .T. ) ;
#1738 = FACE_OUTER_BOUND ( 'NONE', #6666, .T. ) ;
#1739 = CARTESIAN_POINT ( 'NONE',  ( 0.6926945766622736300, 0.2950193715966213900, 0.7217263092138053200 ) ) ;
#1740 = EDGE_LOOP ( 'NONE', ( #798, #405 ) ) ;
#1741 = CARTESIAN_POINT ( 'NONE',  ( -0.5901759881450389100, 0.1893403504966810200, 0.7511061517886660200 ) ) ;
#1742 = CARTESIAN_POINT ( 'NONE',  ( -0.9555555555555553800, 0.1999999999999999800, 0.7320634920634923000 ) ) ;
#1743 = VERTEX_POINT ( 'NONE', #2669 ) ;
#1744 = ORIENTED_EDGE ( 'NONE', *, *, #760, .F. ) ;
#1745 = CARTESIAN_POINT ( 'NONE',  ( -0.3999999999999999700, 0.8792893218813447900, 0.1000000000000000200 ) ) ;
#1746 = CIRCLE ( 'NONE', #1720, 0.02222222222222198000 ) ;
#1747 = FACE_OUTER_BOUND ( 'NONE', #2326, .T. ) ;
#1748 = ADVANCED_FACE ( 'NONE', ( #10216 ), #5447, .T. ) ;
#1749 = EDGE_CURVE ( 'NONE', #9514, #7950, #6352, .T. ) ;
#1750 = ORIENTED_EDGE ( 'NONE', *, *, #11482, .T. ) ;
#1751 = VERTEX_POINT ( 'NONE', #9184 ) ;
#1752 = AXIS2_PLACEMENT_3D ( 'NONE', #2878, #7573, #6630 ) ;
#1753 = CARTESIAN_POINT ( 'NONE',  ( -0.9555555555555553800, 0.1899999999999999700, 0.7320634920634921900 ) ) ;
#1754 = FACE_OUTER_BOUND ( 'NONE', #7500, .T. ) ;
#1755 = VECTOR ( 'NONE', #6500, 1000.000000000000000 ) ;
#1756 = CARTESIAN_POINT ( 'NONE',  ( -0.7000000000000026200, 0.1997656017279904900, 0.7809969016383078200 ) ) ;
#1757 = VECTOR ( 'NONE', #1960, 1000.000000000000000 ) ;
#1758 = VECTOR ( 'NONE', #10451, 1000.000000000000000 ) ;
#1759 = CARTESIAN_POINT ( 'NONE',  ( -0.7874999999999999800, 0.9499999999999999600, 8.131516293641283300E-017 ) ) ;
#1760 =( NAMED_UNIT ( * ) PLANE_ANGLE_UNIT ( ) SI_UNIT ( $, .RADIAN. ) );
#1761 = CIRCLE ( 'NONE', #3553, 0.02500000000000008100 ) ;
#1762 = LINE ( 'NONE', #8451, #5736 ) ;
#1763 = CARTESIAN_POINT ( 'NONE',  ( -0.5000000000000000000, 0.9499999999999999600, -0.2899999999999999200 ) ) ;
#1764 = SURFACE_SIDE_STYLE ('',( #3445 ) ) ;
#1765 = VERTEX_POINT ( 'NONE', #6409 ) ;
#1766 = ADVANCED_FACE ( 'NONE', ( #10660 ), #11400, .F. ) ;
#1767 = AXIS2_PLACEMENT_3D ( 'NONE', #5840, #2055, #8662 ) ;
#1768 = EDGE_CURVE ( 'NONE', #4190, #5372, #7670, .T. ) ;
#1769 = FACE_OUTER_BOUND ( 'NONE', #11628, .T. ) ;
#1770 = FACE_OUTER_BOUND ( 'NONE', #9076, .T. ) ;
#1771 = VECTOR ( 'NONE', #6758, 1000.000000000000000 ) ;
#1772 = DIRECTION ( 'NONE',  ( -0.0000000000000000000, -0.0000000000000000000, -1.000000000000000000 ) ) ;
#1773 = EDGE_CURVE ( 'NONE', #4251, #4344, #5752, .T. ) ;
#1774 = DIRECTION ( 'NONE',  ( 0.0000000000000000000, 0.0000000000000000000, 1.000000000000000000 ) ) ;
#1775 = CARTESIAN_POINT ( 'NONE',  ( -0.7004895782661667600, 0.2030733513018418100, 0.7754775381285147200 ) ) ;
#1776 = CARTESIAN_POINT ( 'NONE',  ( 0.7416666666666664700, 0.1777777777777780100, 0.7320634920634921900 ) ) ;
#1777 = DIRECTION ( 'NONE',  ( 1.000000000000000000, 0.0000000000000000000, 0.0000000000000000000 ) ) ;
#1778 = AXIS2_PLACEMENT_3D ( 'NONE', #3980, #305, #1213 ) ;
#1779 = EDGE_CURVE ( 'NONE', #8734, #7860, #3527, .T. ) ;
#1780 = DIRECTION ( 'NONE',  ( -0.0000000000000000000, 1.000000000000000000, -0.0000000000000000000 ) ) ;
#1781 =( GEOMETRIC_REPRESENTATION_CONTEXT ( 3 ) GLOBAL_UNCERTAINTY_ASSIGNED_CONTEXT ( ( #757 ) ) GLOBAL_UNIT_ASSIGNED_CONTEXT ( ( #9872, #1460, #5089 ) ) REPRESENTATION_CONTEXT ( 'NONE', 'WORKASPACE' ) );
#1782 = CARTESIAN_POINT ( 'NONE',  ( -0.5944016232890313400, 0.1928294236224968600, 0.7486333210406073100 ) ) ;
#1783 = VECTOR ( 'NONE', #1291, 1000.000000000000000 ) ;
#1784 = PRESENTATION_STYLE_ASSIGNMENT (( #7866 ) ) ;
#1785 = CIRCLE ( 'NONE', #3389, 0.02500000000000006400 ) ;
#1786 = CARTESIAN_POINT ( 'NONE',  ( 0.3499999999999998100, 0.1777777777777780100, 0.7542857142857142300 ) ) ;
#1787 = DIRECTION ( 'NONE',  ( 0.0000000000000000000, 0.0000000000000000000, 1.000000000000000000 ) ) ;
#1788 = EDGE_CURVE ( 'NONE', #1397, #421, #4439, .T. ) ;
#1789 = DIRECTION ( 'NONE',  ( -0.0000000000000000000, 1.000000000000000000, -0.0000000000000000000 ) ) ;
#1790 = EDGE_LOOP ( 'NONE', ( #7734, #2956 ) ) ;
#1791 = AXIS2_PLACEMENT_3D ( 'NONE', #4290, #1322, #8108 ) ;
#1792 = CARTESIAN_POINT ( 'NONE',  ( 0.6083333333333331700, 0.2999999999999999900, 0.6738059225679082800 ) ) ;
#1793 = DIRECTION ( 'NONE',  ( -1.000000000000000000, 0.0000000000000000000, 0.0000000000000000000 ) ) ;
#1794 = CYLINDRICAL_SURFACE ( 'NONE', #10346, 0.02499999999999990400 ) ;
#1795 = DIRECTION ( 'NONE',  ( 0.0000000000000000000, -1.000000000000000000, 0.0000000000000000000 ) ) ;
#1796 = FACE_OUTER_BOUND ( 'NONE', #7609, .T. ) ;
#1797 = CARTESIAN_POINT ( 'NONE',  ( -0.6416666666666661600, 0.2069249905396928500, 0.7654281079891364100 ) ) ;
#1798 = EDGE_CURVE ( 'NONE', #709, #251, #2935, .T. ) ;
#1799 = EDGE_CURVE ( 'NONE', #975, #4251, #7823, .T. ) ;
#1800 = EDGE_LOOP ( 'NONE', ( #5694, #11221, #9862, #8457 ) ) ;
#1801 = UNCERTAINTY_MEASURE_WITH_UNIT (LENGTH_MEASURE( 1.000000000000000100E-005 ), #8781, 'distance_accuracy_value', 'NONE');
#1802 = DIRECTION ( 'NONE',  ( 0.0000000000000000000, 1.000000000000000000, 0.0000000000000000000 ) ) ;
#1803 = EDGE_CURVE ( 'NONE', #11979, #11066, #6629, .T. ) ;
#1804 = ADVANCED_FACE ( 'NONE', ( #9746 ), #1919, .F. ) ;
#1805 = CARTESIAN_POINT ( 'NONE',  ( -0.5910990028396258000, 0.01128218191171001400, 0.7518865445039807400 ) ) ;
#1806 = AXIS2_PLACEMENT_3D ( 'NONE', #9456, #6650, #1981 ) ;
#1807 = DIRECTION ( 'NONE',  ( 1.000000000000000000, 0.0000000000000000000, 0.0000000000000000000 ) ) ;
#1808 = DIRECTION ( 'NONE',  ( 0.0000000000000000000, 0.0000000000000000000, -1.000000000000000000 ) ) ;
#1809 = CARTESIAN_POINT ( 'NONE',  ( -0.3499999999999997000, 0.0000000000000000000, 0.0000000000000000000 ) ) ;
#1810 = CARTESIAN_POINT ( 'NONE',  ( -0.6333333333333326400, 0.1999999999999999800, 0.7777777777777780100 ) ) ;
#1811 = VECTOR ( 'NONE', #6743, 1000.000000000000000 ) ;
#1812 = ORIENTED_EDGE ( 'NONE', *, *, #6161, .F. ) ;
#1813 = EDGE_LOOP ( 'NONE', ( #8059, #11987 ) ) ;
#1814 = EDGE_CURVE ( 'NONE', #4843, #8633, #11123, .T. ) ;
#1815 = CARTESIAN_POINT ( 'NONE',  ( 0.6247024182416670600, 0.005002656858787879600, 0.7525557702399217100 ) ) ;
#1816 = PLANE ( 'NONE',  #9062 ) ;
#1817 = DIRECTION ( 'NONE',  ( 0.0000000000000000000, -1.000000000000000000, -1.185846126156016500E-015 ) ) ;
#1818 = DIRECTION ( 'NONE',  ( 0.0000000000000000000, 1.000000000000000000, 0.0000000000000000000 ) ) ;
#1819 = CARTESIAN_POINT ( 'NONE',  ( 0.6416666666666661600, 0.2071887948259730800, 0.7267690512419609000 ) ) ;
#1820 = EDGE_CURVE ( 'NONE', #982, #7146, #5471, .T. ) ;
#1821 = CARTESIAN_POINT ( 'NONE',  ( -0.2125000000000000200, 0.9499999999999999600, 0.02500000000000010900 ) ) ;
#1822 = ADVANCED_FACE ( 'NONE', ( #12024 ), #10489, .T. ) ;
#1823 = EDGE_LOOP ( 'NONE', ( #11211, #689, #8845, #10273 ) ) ;
#1824 = AXIS2_PLACEMENT_3D ( 'NONE', #1849, #4705, #4745 ) ;
#1825 = ORIENTED_EDGE ( 'NONE', *, *, #812, .F. ) ;
#1826 = EDGE_LOOP ( 'NONE', ( #2870, #8654, #8224 ) ) ;
#1827 = CARTESIAN_POINT ( 'NONE',  ( -0.4999999999999998900, 0.9499999999999999600, 0.3150000000000001100 ) ) ;
#1828 = DIRECTION ( 'NONE',  ( 0.0000000000000000000, -1.000000000000000000, 0.0000000000000000000 ) ) ;
#1829 = LINE ( 'NONE', #10588, #3435 ) ;
#1830 = AXIS2_PLACEMENT_3D ( 'NONE', #1544, #7358, #1787 ) ;
#1831 = CARTESIAN_POINT ( 'NONE',  ( 0.3499999999999999200, 0.0000000000000000000, 0.0000000000000000000 ) ) ;
#1832 = AXIS2_PLACEMENT_3D ( 'NONE', #11447, #7791, #3024 ) ;
#1833 = ORIENTED_EDGE ( 'NONE', *, *, #2221, .F. ) ;
#1834 = CARTESIAN_POINT ( 'NONE',  ( -0.6446499324541491400, 0.2045710935634685300, 0.7719863409476240800 ) ) ;
#1835 = ORIENTED_EDGE ( 'NONE', *, *, #5563, .F. ) ;
#1836 = EDGE_CURVE ( 'NONE', #10017, #11861, #8859, .T. ) ;
#1837 = CARTESIAN_POINT ( 'NONE',  ( 8.159096607353030800E-017, -0.01722222222222199300, 0.7525438349425660500 ) ) ;
#1838 = ORIENTED_EDGE ( 'NONE', *, *, #6973, .F. ) ;
#1839 = EDGE_CURVE ( 'NONE', #3756, #1065, #5175, .T. ) ;
#1840 = LINE ( 'NONE', #3598, #2126 ) ;
#1841 = VERTEX_POINT ( 'NONE', #4842 ) ;
#1842 = EDGE_LOOP ( 'NONE', ( #3720, #2711, #1973, #4235 ) ) ;
#1843 = ORIENTED_EDGE ( 'NONE', *, *, #472, .T. ) ;
#1844 = DIRECTION ( 'NONE',  ( 1.000000000000000000, -0.0000000000000000000, -0.0000000000000000000 ) ) ;
#1845 = VERTEX_POINT ( 'NONE', #5634 ) ;
#1846 = CARTESIAN_POINT ( 'NONE',  ( 0.7103836759383545000, 0.1999999999999999800, 0.7774741314766032700 ) ) ;
#1847 = DIRECTION ( 'NONE',  ( -0.0000000000000000000, -1.000000000000000000, -0.0000000000000000000 ) ) ;
#1848 = CYLINDRICAL_SURFACE ( 'NONE', #1193, 0.02500000000000006400 ) ;
#1849 = CARTESIAN_POINT ( 'NONE',  ( -0.7874999999999999800, 0.9499999999999999600, 8.131516293641283300E-017 ) ) ;
#1850 = DIRECTION ( 'NONE',  ( 1.479738666953786500E-016, 0.0000000000000000000, 1.000000000000000000 ) ) ;
#1851 = VERTEX_POINT ( 'NONE', #2825 ) ;
#1852 = DIRECTION ( 'NONE',  ( -0.0000000000000000000, -1.000000000000000000, -0.0000000000000000000 ) ) ;
#1853 = ORIENTED_EDGE ( 'NONE', *, *, #2737, .T. ) ;
#1854 = CARTESIAN_POINT ( 'NONE',  ( -0.4499999999999999600, 0.9499999999999999600, 0.2200000000000001400 ) ) ;
#1855 = DIRECTION ( 'NONE',  ( 0.0000000000000000000, 0.0000000000000000000, 1.000000000000000000 ) ) ;
#1856 = VERTEX_POINT ( 'NONE', #10427 ) ;
#1857 = ORIENTED_EDGE ( 'NONE', *, *, #8453, .F. ) ;
#1858 = EDGE_LOOP ( 'NONE', ( #7796, #2297, #11605, #8680 ) ) ;
#1859 = VECTOR ( 'NONE', #3712, 1000.000000000000000 ) ;
#1860 = DIRECTION ( 'NONE',  ( 0.0000000000000000000, 1.000000000000000000, 0.0000000000000000000 ) ) ;
#1861 = AXIS2_PLACEMENT_3D ( 'NONE', #5268, #9169, #1501 ) ;
#1862 = CYLINDRICAL_SURFACE ( 'NONE', #5108, 0.02500000000000006400 ) ;
#1863 = ORIENTED_EDGE ( 'NONE', *, *, #12132, .T. ) ;
#1864 = AXIS2_PLACEMENT_3D ( 'NONE', #4169, #10856, #7981 ) ;
#1865 = CARTESIAN_POINT ( 'NONE',  ( 0.7026168380705999400, 0.2960530427507022100, 0.6755460207184955700 ) ) ;
#1866 = DIRECTION ( 'NONE',  ( 1.084202172485504400E-016, -0.0000000000000000000, 1.000000000000000000 ) ) ;
#1867 = VERTEX_POINT ( 'NONE', #3052 ) ;
#1868 = CARTESIAN_POINT ( 'NONE',  ( 0.6416666666650426800, 0.2850392513886115800, 0.6806263873496446500 ) ) ;
#1869 = CARTESIAN_POINT ( 'NONE',  ( 0.7111111111111130300, 0.1999999999999999800, -0.7777777777777780100 ) ) ;
#1870 = ORIENTED_EDGE ( 'NONE', *, *, #4917, .F. ) ;
#1871 = CARTESIAN_POINT ( 'NONE',  ( 0.9555555555555551600, 0.1777777777777780100, -0.8000000000000001600 ) ) ;
#1872 = EDGE_LOOP ( 'NONE', ( #8233, #6899 ) ) ;
#1873 =( BOUNDED_SURFACE ( )  B_SPLINE_SURFACE ( 3, 2, ( 
 ( #322, #2097, #4951 ),
 ( #6885, #7797, #3082 ),
 ( #8831, #2137, #2228 ),
 ( #8741, #9697, #4867 ) ),
 .UNSPECIFIED., .F., .F., .F. ) 
 B_SPLINE_SURFACE_WITH_KNOTS ( ( 4, 4 ),
 ( 3, 3 ),
 ( 6.147390269000012700E-005, 7.948384547124485200E-005 ),
 ( 0.0000000000000000000, 1.000000000000000000 ),
 .UNSPECIFIED. ) 
 GEOMETRIC_REPRESENTATION_ITEM ( )  RATIONAL_B_SPLINE_SURFACE ( (
 ( 1.000000000000000000, 0.7071067811865475700, 1.000000000000000000),
 ( 1.000000000000000000, 0.7671773520179019400, 1.000000000000000000),
 ( 1.000000000000000000, 0.8214141187762453700, 1.000000000000000000),
 ( 1.000000000000000000, 0.8572487393423491300, 1.000000000000000000) ) ) 
 REPRESENTATION_ITEM ( '' )  SURFACE ( )  );
#1874 =( NAMED_UNIT ( * ) PLANE_ANGLE_UNIT ( ) SI_UNIT ( $, .RADIAN. ) );
#1875 = VECTOR ( 'NONE', #2788, 1000.000000000000000 ) ;
#1876 = EDGE_CURVE ( 'NONE', #7007, #9259, #2805, .T. ) ;
#1877 = CIRCLE ( 'NONE', #3183, 0.008333333333333499800 ) ;
#1878 = VECTOR ( 'NONE', #7399, 1000.000000000000000 ) ;
#1879 = LINE ( 'NONE', #4628, #11668 ) ;
#1880 = VERTEX_POINT ( 'NONE', #11528 ) ;
#1881 = EDGE_LOOP ( 'NONE', ( #7034, #7325, #10028, #1735 ) ) ;
#1882 = DIRECTION ( 'NONE',  ( -1.000000000000000000, 0.0000000000000000000, 0.0000000000000000000 ) ) ;
#1883 = AXIS2_PLACEMENT_3D ( 'NONE', #2365, #2274, #1330 ) ;
#1884 = ORIENTED_EDGE ( 'NONE', *, *, #10045, .F. ) ;
#1885 = ADVANCED_FACE ( 'NONE', ( #2353 ), #6909, .T. ) ;
#1886 = LINE ( 'NONE', #485, #8682 ) ;
#1887 = CARTESIAN_POINT ( 'NONE',  ( 0.9555555555555560500, 0.02222222222222208800, 0.7098412698412697200 ) ) ;
#1888 = TOROIDAL_SURFACE ( 'NONE', #8726, 0.04444444444444400200, 0.02222222222222200100 ) ;
#1889 = CARTESIAN_POINT ( 'NONE',  ( -0.7874999999999999800, 1.000000000000000000, 8.131516293641283300E-017 ) ) ;
#1890 = CARTESIAN_POINT ( 'NONE',  ( -0.7416666666666664700, 0.1777777777777780100, 0.7765079365079362600 ) ) ;
#1891 = VERTEX_POINT ( 'NONE', #8759 ) ;
#1892 = EDGE_LOOP ( 'NONE', ( #4690, #968, #7461, #3897 ) ) ;
#1893 = CARTESIAN_POINT ( 'NONE',  ( 7.937048284925630400E-017, 0.8000000000000000400, 0.7320634920634921900 ) ) ;
#1894 = CARTESIAN_POINT ( 'NONE',  ( -0.5500000000000001600, 0.9499999999999999600, 0.2199999999999998900 ) ) ;
#1895 = EDGE_CURVE ( 'NONE', #7826, #1891, #5615, .T. ) ;
#1896 = ORIENTED_EDGE ( 'NONE', *, *, #9587, .T. ) ;
#1897 = DIRECTION ( 'NONE',  ( 1.000000000000000000, -0.0000000000000000000, -0.0000000000000000000 ) ) ;
#1898 = CARTESIAN_POINT ( 'NONE',  ( -0.6224767674379052500, 0.005183797856220851600, 0.7533543578113678400 ) ) ;
#1899 = LINE ( 'NONE', #10665, #7079 ) ;
#1900 = CIRCLE ( 'NONE', #7406, 0.02500000000000002900 ) ;
#1901 = CARTESIAN_POINT ( 'NONE',  ( -0.9555555555555553800, 0.0000000000000000000, -0.7777777777777779000 ) ) ;
#1902 = FACE_OUTER_BOUND ( 'NONE', #7600, .T. ) ;
#1903 = EDGE_LOOP ( 'NONE', ( #10932, #6879, #9411, #3440 ) ) ;
#1904 = ORIENTED_EDGE ( 'NONE', *, *, #5624, .T. ) ;
#1905 = CARTESIAN_POINT ( 'NONE',  ( 0.7111111111111146900, 0.8000000000000000400, 0.7320634920634921900 ) ) ;
#1906 = LINE ( 'NONE', #6933, #318 ) ;
#1907 = FACE_OUTER_BOUND ( 'NONE', #788, .T. ) ;
#1908 = CIRCLE ( 'NONE', #2665, 0.02222222222222241400 ) ;
#1909 = EDGE_CURVE ( 'NONE', #10918, #6109, #3223, .T. ) ;
#1910 = DIRECTION ( 'NONE',  ( -0.0000000000000000000, 1.000000000000000000, -0.0000000000000000000 ) ) ;
#1911 = CARTESIAN_POINT ( 'NONE',  ( -0.4499999999999999600, 0.9499999999999999600, 0.1950000000000000600 ) ) ;
#1912 = VECTOR ( 'NONE', #3245, 1000.000000000000000 ) ;
#1913 = EDGE_CURVE ( 'NONE', #3178, #7907, #2049, .T. ) ;
#1914 = AXIS2_PLACEMENT_3D ( 'NONE', #8510, #3757, #5704 ) ;
#1915 = VERTEX_POINT ( 'NONE', #2077 ) ;
#1916 = CARTESIAN_POINT ( 'NONE',  ( -0.6557565415306549900, 0.2946802635486370200, 0.7218788790913006600 ) ) ;
#1917 = CARTESIAN_POINT ( 'NONE',  ( -0.7000000000000011800, 0.2030620702128584900, 0.7754994340234326900 ) ) ;
#1918 = DIRECTION ( 'NONE',  ( 0.0000000000000000000, 1.000000000000000000, 0.0000000000000000000 ) ) ;
#1919 = PLANE ( 'NONE',  #12246 ) ;
#1920 = COLOUR_RGB ( '',1.000000000000000000, 1.000000000000000000, 1.000000000000000000 ) ;
#1921 = AXIS2_PLACEMENT_3D ( 'NONE', #6893, #437, #11732 ) ;
#1922 = DIRECTION ( 'NONE',  ( 0.0000000000000000000, 0.0000000000000000000, -1.000000000000000000 ) ) ;
#1923 = CIRCLE ( 'NONE', #1864, 0.04444444444444439100 ) ;
#1924 = CARTESIAN_POINT ( 'NONE',  ( 0.7152153187616913100, 0.1999999999999999800, 0.7697779112178845300 ) ) ;
#1925 = SURFACE_SIDE_STYLE ('',( #4575 ) ) ;
#1926 = EDGE_CURVE ( 'NONE', #2937, #7324, #11709, .T. ) ;
#1927 = CARTESIAN_POINT ( 'NONE',  ( -0.5500000000000000400, 1.000000000000000000, -0.1949999999999999500 ) ) ;
#1928 = PLANE ( 'NONE',  #8317 ) ;
#1929 = ORIENTED_EDGE ( 'NONE', *, *, #7869, .T. ) ;
#1930 = DIRECTION ( 'NONE',  ( -0.0000000000000000000, -0.0000000000000000000, -1.000000000000000000 ) ) ;
#1931 = CARTESIAN_POINT ( 'NONE',  ( 0.7254523794636712500, 0.005000000000000001800, 0.7525438349425659400 ) ) ;
#1932 = DIRECTION ( 'NONE',  ( -0.0000000000000000000, -1.000000000000000000, -0.0000000000000000000 ) ) ;
#1933 = CIRCLE ( 'NONE', #7584, 0.02500000000000002900 ) ;
#1934 = EDGE_CURVE ( 'NONE', #10632, #418, #7807, .T. ) ;
#1935 = CARTESIAN_POINT ( 'NONE',  ( -0.6230473799442797200, 0.005103179217282766700, 0.7530024706621161200 ) ) ;
#1936 = CARTESIAN_POINT ( 'NONE',  ( -0.5000000000000000000, 0.8792893218813447900, -0.2899999999999999200 ) ) ;
#1937 = AXIS2_PLACEMENT_3D ( 'NONE', #7588, #2891, #9478 ) ;
#1938 = VECTOR ( 'NONE', #2243, 1000.000000000000000 ) ;
#1939 = ADVANCED_FACE ( 'NONE', ( #8411 ), #8685, .F. ) ;
#1940 = CARTESIAN_POINT ( 'NONE',  ( 0.6249999999999995600, 0.02222222222222176900, 0.7777777777777780100 ) ) ;
#1941 = EDGE_CURVE ( 'NONE', #9387, #7809, #12010, .T. ) ;
#1942 = VECTOR ( 'NONE', #7255, 1000.000000000000000 ) ;
#1943 = DIRECTION ( 'NONE',  ( 0.0000000000000000000, 1.000000000000000000, 0.0000000000000000000 ) ) ;
#1944 = DIRECTION ( 'NONE',  ( -0.0000000000000000000, 1.000000000000000000, -0.0000000000000000000 ) ) ;
#1945 = AXIS2_PLACEMENT_3D ( 'NONE', #393, #4203, #5256 ) ;
#1946 = FACE_OUTER_BOUND ( 'NONE', #3192, .T. ) ;
#1947 = ORIENTED_EDGE ( 'NONE', *, *, #9542, .F. ) ;
#1948 = EDGE_LOOP ( 'NONE', ( #2120, #11849, #6828, #34 ) ) ;
#1949 = CARTESIAN_POINT ( 'NONE',  ( -0.5500000000000001600, 1.000000000000000000, 0.1950000000000000600 ) ) ;
#1950 = CARTESIAN_POINT ( 'NONE',  ( -0.3999999999999999700, 0.9499999999999999600, -0.09999999999999993600 ) ) ;
#1951 = ADVANCED_FACE ( 'NONE', ( #6765 ), #372, .T. ) ;
#1952 = EDGE_CURVE ( 'NONE', #12060, #7732, #6025, .T. ) ;
#1953 = EDGE_CURVE ( 'NONE', #8734, #9534, #8543, .T. ) ;
#1954 = VERTEX_POINT ( 'NONE', #5227 ) ;
#1955 = ORIENTED_EDGE ( 'NONE', *, *, #3694, .T. ) ;
#1956 = CARTESIAN_POINT ( 'NONE',  ( 0.6916666666666663200, 0.3000000000000000400, 0.7195202082821939800 ) ) ;
#1957 = AXIS2_PLACEMENT_3D ( 'NONE', #1809, #6538, #12226 ) ;
#1958 = DIRECTION ( 'NONE',  ( 0.0000000000000000000, -1.000000000000000000, -0.0000000000000000000 ) ) ;
#1959 = CARTESIAN_POINT ( 'NONE',  ( -0.3075000000000000500, 0.8792893218813447900, -0.02499999999999994600 ) ) ;
#1960 = DIRECTION ( 'NONE',  ( 1.479738666953786500E-016, 0.0000000000000000000, 1.000000000000000000 ) ) ;
#1961 = VECTOR ( 'NONE', #5037, 1000.000000000000000 ) ;
#1962 = CARTESIAN_POINT ( 'NONE',  ( -0.5861111111111111400, 0.1777777777777780100, 0.7765079365079362600 ) ) ;
#1963 = VERTEX_POINT ( 'NONE', #11918 ) ;
#1964 = AXIS2_PLACEMENT_3D ( 'NONE', #2339, #9893, #8037 ) ;
#1965 = CARTESIAN_POINT ( 'NONE',  ( -0.6083333333109131000, 0.02072214838892452400, 0.7764769135916089700 ) ) ;
#1966 = DIRECTION ( 'NONE',  ( 0.0000000000000000000, 0.0000000000000000000, 1.000000000000000000 ) ) ;
#1967 = ORIENTED_EDGE ( 'NONE', *, *, #11532, .F. ) ;
#1968 = EDGE_CURVE ( 'NONE', #8387, #9088, #1309, .T. ) ;
#1969 = ORIENTED_EDGE ( 'NONE', *, *, #348, .F. ) ;
#1970 = DIRECTION ( 'NONE',  ( 0.0000000000000000000, 1.000000000000000000, -0.0000000000000000000 ) ) ;
#1971 = EDGE_LOOP ( 'NONE', ( #10959, #3798, #2022, #8464 ) ) ;
#1972 = ORIENTED_EDGE ( 'NONE', *, *, #10298, .T. ) ;
#1973 = ORIENTED_EDGE ( 'NONE', *, *, #6240, .T. ) ;
#1974 = DIRECTION ( 'NONE',  ( 0.0000000000000000000, 0.0000000000000000000, -1.000000000000000000 ) ) ;
#1975 = CARTESIAN_POINT ( 'NONE',  ( -0.5941091976222632200, 0.009994093816195594500, 0.7506939111951902400 ) ) ;
#1976 = CYLINDRICAL_SURFACE ( 'NONE', #10722, 0.02222222222222198000 ) ;
#1977 = AXIS2_PLACEMENT_3D ( 'NONE', #11859, #8012, #6150 ) ;
#1978 = AXIS2_PLACEMENT_3D ( 'NONE', #7460, #882, #7548 ) ;
#1979 = ORIENTED_EDGE ( 'NONE', *, *, #11390, .T. ) ;
#1980 = ORIENTED_EDGE ( 'NONE', *, *, #10694, .F. ) ;
#1981 = DIRECTION ( 'NONE',  ( 1.000000000000000000, 0.0000000000000000000, 0.0000000000000000000 ) ) ;
#1982 = EDGE_CURVE ( 'NONE', #11956, #1397, #6616, .T. ) ;
#1983 = VERTEX_POINT ( 'NONE', #6210 ) ;
#1984 = ORIENTED_EDGE ( 'NONE', *, *, #4070, .F. ) ;
#1985 = EDGE_LOOP ( 'NONE', ( #11818, #2110, #12208, #8766 ) ) ;
#1986 = CIRCLE ( 'NONE', #2703, 0.02499999999999984900 ) ;
#1987 = ADVANCED_FACE ( 'NONE', ( #4417 ), #10970, .T. ) ;
#1988 = VECTOR ( 'NONE', #4893, 1000.000000000000000 ) ;
#1989 = CARTESIAN_POINT ( 'NONE',  ( -0.6249999999999995600, 0.002500000000000067700, 0.7423036635030292300 ) ) ;
#1990 = AXIS2_PLACEMENT_3D ( 'NONE', #11143, #824, #3770 ) ;
#1991 = ORIENTED_EDGE ( 'NONE', *, *, #5472, .T. ) ;
#1992 = ORIENTED_EDGE ( 'NONE', *, *, #3860, .F. ) ;
#1993 = CARTESIAN_POINT ( 'NONE',  ( -0.5500000000000000400, 0.9499999999999999600, -0.2199999999999997800 ) ) ;
#1994 = CARTESIAN_POINT ( 'NONE',  ( -0.6484430086113270900, 0.1997656017279599000, 0.7809969016383353500 ) ) ;
#1995 = EDGE_LOOP ( 'NONE', ( #596, #5251, #1904, #11328, #6608, #281, #11163, #7071, #3100, #1259 ) ) ;
#1996 = ORIENTED_EDGE ( 'NONE', *, *, #3942, .F. ) ;
#1997 = CARTESIAN_POINT ( 'NONE',  ( 0.9777777777777777500, 0.1999999999999999800, -0.7555555555555557600 ) ) ;
#1998 = DIRECTION ( 'NONE',  ( 0.0000000000000000000, 0.0000000000000000000, -1.000000000000000000 ) ) ;
#1999 = SURFACE_STYLE_USAGE ( .BOTH. , #8606 ) ;
#2000 = DIRECTION ( 'NONE',  ( -1.084202172485504800E-016, 0.0000000000000000000, -1.000000000000000000 ) ) ;
#2001 = PLANE ( 'NONE',  #9771 ) ;
#2002 = ORIENTED_EDGE ( 'NONE', *, *, #2413, .T. ) ;
#2003 = VERTEX_POINT ( 'NONE', #9885 ) ;
#2004 = FACE_OUTER_BOUND ( 'NONE', #787, .T. ) ;
#2005 = CARTESIAN_POINT ( 'NONE',  ( -0.6219621900290432900, 0.005279187044768238900, 0.7537524563488644500 ) ) ;
#2006 = PRESENTATION_STYLE_ASSIGNMENT (( #7908 ) ) ;
#2007 = ADVANCED_FACE ( 'NONE', ( #1902 ), #10647, .T. ) ;
#2008 = ORIENTED_EDGE ( 'NONE', *, *, #4900, .F. ) ;
#2009 = ORIENTED_EDGE ( 'NONE', *, *, #2829, .F. ) ;
#2011 = ORIENTED_EDGE ( 'NONE', *, *, #8407, .T. ) ;
#2010 = LINE ( 'NONE', #4657, #6359 ) ;
#2012 = AXIS2_PLACEMENT_3D ( 'NONE', #5599, #1918, #899 ) ;
#2013 = CARTESIAN_POINT ( 'NONE',  ( -0.6104580150691220100, 0.1987776157439635200, 0.7398492728560854800 ) ) ;
#2014 = CARTESIAN_POINT ( 'NONE',  ( 0.0000000000000000000, 0.0000000000000000000, 0.0000000000000000000 ) ) ;
#2015 = ORIENTED_EDGE ( 'NONE', *, *, #8671, .T. ) ;
#2016 = VERTEX_POINT ( 'NONE', #8981 ) ;
#2017 = UNCERTAINTY_MEASURE_WITH_UNIT (LENGTH_MEASURE( 1.000000000000000100E-005 ), #6247, 'distance_accuracy_value', 'NONE');
#2018 = CYLINDRICAL_SURFACE ( 'NONE', #4805, 0.01666666666666651000 ) ;
#2019 = TOROIDAL_SURFACE ( 'NONE', #3664, 0.5083333333333333000, 0.008333333333333499800 ) ;
#2020 = FACE_OUTER_BOUND ( 'NONE', #4767, .T. ) ;
#2021 = FACE_OUTER_BOUND ( 'NONE', #7, .T. ) ;
#2022 = ORIENTED_EDGE ( 'NONE', *, *, #8366, .T. ) ;
#2023 = CARTESIAN_POINT ( 'NONE',  ( 7.937048284925630400E-017, 0.02222222222222208800, 0.7320634920634921900 ) ) ;
#2024 = ORIENTED_EDGE ( 'NONE', *, *, #3026, .T. ) ;
#2025 = CARTESIAN_POINT ( 'NONE',  ( 0.0000000000000000000, 0.0000000000000000000, 0.0000000000000000000 ) ) ;
#2026 = EDGE_LOOP ( 'NONE', ( #4730, #8374 ) ) ;
#2027 = CARTESIAN_POINT ( 'NONE',  ( 0.6249999999999995600, 0.1999999999999997600, 0.7777777777777780100 ) ) ;
#2028 = DIRECTION ( 'NONE',  ( -2.220570119199817400E-016, -0.0000000000000000000, -1.000000000000000000 ) ) ;
#2029 = EDGE_CURVE ( 'NONE', #1841, #6090, #999, .T. ) ;
#2030 = ADVANCED_FACE ( 'NONE', ( #5601 ), #10916, .F. ) ;
#2031 = TOROIDAL_SURFACE ( 'NONE', #2527, 0.02222222222222244900, 0.02222222222222200100 ) ;
#2032 = CARTESIAN_POINT ( 'NONE',  ( -0.7638888888888885100, 0.1999999999999999800, 0.7765079365079362600 ) ) ;
#2033 = DIRECTION ( 'NONE',  ( 4.878909776184822800E-015, 0.0000000000000000000, 1.000000000000000000 ) ) ;
#2034 = CIRCLE ( 'NONE', #6032, 0.02499999999999995600 ) ;
#2035 = AXIS2_PLACEMENT_3D ( 'NONE', #9049, #11913, #3384 ) ;
#2036 = EDGE_LOOP ( 'NONE', ( #1425, #4369 ) ) ;
#2037 = DIRECTION ( 'NONE',  ( -1.000000000000000000, -0.0000000000000000000, -0.0000000000000000000 ) ) ;
#2038 = CARTESIAN_POINT ( 'NONE',  ( -0.9555555555555553800, 0.9777777777777779700, -0.7555555555555555400 ) ) ;
#2039 = PRESENTATION_LAYER_ASSIGNMENT (  '', '', ( #3707 ) ) ;
#2040 = CARTESIAN_POINT ( 'NONE',  ( -0.5000000000000000000, 0.8792893218813447900, -0.2649999999999999000 ) ) ;
#2041 = TOROIDAL_SURFACE ( 'NONE', #11496, 0.02222222222222244900, 0.02222222222222200100 ) ;
#2042 = CIRCLE ( 'NONE', #9527, 0.02500000000000006400 ) ;
#2043 = LINE ( 'NONE', #8576, #4866 ) ;
#2044 = LINE ( 'NONE', #6232, #10812 ) ;
#2045 = DIRECTION ( 'NONE',  ( 0.0000000000000000000, 0.0000000000000000000, 1.000000000000000000 ) ) ;
#2046 = B_SPLINE_CURVE_WITH_KNOTS ( 'NONE', 3,
 ( #9900, #6929, #1265, #11850, #2255, #7867, #4194, #10845, #6142, #8822, #8870, #1394, #5209 ),
 .UNSPECIFIED., .F., .F.,
 ( 4, 3, 3, 3, 4 ),
 ( 0.0000000000000000000, 3.188633442054313300E-006, 4.788727914117809400E-006, 5.507577022184238400E-006, 6.231193055819159300E-006 ),
 .UNSPECIFIED. ) ;
#2047 = DIRECTION ( 'NONE',  ( -0.0000000000000000000, -1.000000000000000000, -0.0000000000000000000 ) ) ;
#2048 = VECTOR ( 'NONE', #6689, 1000.000000000000000 ) ;
#2049 = CIRCLE ( 'NONE', #6413, 0.02222222222222198000 ) ;
#2050 = CARTESIAN_POINT ( 'NONE',  ( -0.6000000000000000900, 1.000000000000000000, 0.1000000000000000200 ) ) ;
#2051 = CARTESIAN_POINT ( 'NONE',  ( 0.7412664548642260400, 0.01792991055986829100, 0.7755778616346630200 ) ) ;
#2052 = EDGE_CURVE ( 'NONE', #11794, #9708, #3068, .T. ) ;
#2053 = CLOSED_SHELL ( 'NONE', ( #2634, #10432, #1268, #1939 ) ) ;
#2054 = DIRECTION ( 'NONE',  ( 0.0000000000000000000, -0.0000000000000000000, 1.000000000000000000 ) ) ;
#2055 = DIRECTION ( 'NONE',  ( 0.0000000000000000000, 1.000000000000000000, 0.0000000000000000000 ) ) ;
#2056 = DIRECTION ( 'NONE',  ( 0.0000000000000000000, 1.000000000000000000, 0.0000000000000000000 ) ) ;
#2057 = VECTOR ( 'NONE', #6627, 1000.000000000000000 ) ;
#2058 = TOROIDAL_SURFACE ( 'NONE', #1945, 0.6666666666666639700, 0.5000000000000000000 ) ;
#2059 = FACE_OUTER_BOUND ( 'NONE', #9853, .T. ) ;
#2060 = FACE_OUTER_BOUND ( 'NONE', #12227, .T. ) ;
#2061 = ADVANCED_FACE ( 'NONE', ( #7224 ), #10867, .T. ) ;
#2062 = DIRECTION ( 'NONE',  ( -1.000000000000000000, -0.0000000000000000000, -0.0000000000000000000 ) ) ;
#2063 = FILL_AREA_STYLE_COLOUR ( '', #3995 ) ;
#2064 = AXIS2_PLACEMENT_3D ( 'NONE', #1792, #2698, #10352 ) ;
#2065 = AXIS2_PLACEMENT_3D ( 'NONE', #3453, #6231, #7191 ) ;
#2066 = CARTESIAN_POINT ( 'NONE',  ( 0.6249999999999995600, 0.1777777777777776700, 0.7777777777777780100 ) ) ;
#2067 = EDGE_CURVE ( 'NONE', #11986, #11809, #10473, .T. ) ;
#2068 = CARTESIAN_POINT ( 'NONE',  ( 0.7250000000000002000, 0.1999999999999999800, 0.7320634920634920800 ) ) ;
#2069 = LINE ( 'NONE', #994, #5757 ) ;
#2070 = CARTESIAN_POINT ( 'NONE',  ( -0.6000000000000000900, 1.000000000000000000, -0.1250000000000000300 ) ) ;
#2071 = AXIS2_PLACEMENT_3D ( 'NONE', #8694, #8648, #2045 ) ;
#2072 = CARTESIAN_POINT ( 'NONE',  ( 0.6449702115542069700, 0.2044187433149333400, 0.7724091971811151100 ) ) ;
#2073 =( LENGTH_UNIT ( ) NAMED_UNIT ( * ) SI_UNIT ( .MILLI., .METRE. ) );
#2074 = CARTESIAN_POINT ( 'NONE',  ( -0.7111111111111139100, 0.5000000000000001100, -0.5111111111111139600 ) ) ;
#2075 = ADVANCED_FACE ( 'NONE', ( #7961 ), #9174, .F. ) ;
#2076 = CARTESIAN_POINT ( 'NONE',  ( -0.6499999999999996900, 0.2868852459016391100, 0.7254702478983879900 ) ) ;
#2077 = CARTESIAN_POINT ( 'NONE',  ( -0.6333333333333326400, 0.2000000000000000100, 0.7614445778845510000 ) ) ;
#2078 = FACE_OUTER_BOUND ( 'NONE', #10280, .T. ) ;
#2079 = AXIS2_PLACEMENT_3D ( 'NONE', #6170, #3302, #5106 ) ;
#2080 = ORIENTED_EDGE ( 'NONE', *, *, #11318, .T. ) ;
#2081 = CARTESIAN_POINT ( 'NONE',  ( -0.2550000000000000000, 1.000000000000000000, -0.1250000000000000000 ) ) ;
#2082 = DIRECTION ( 'NONE',  ( 0.0000000000000000000, 0.0000000000000000000, 1.000000000000000000 ) ) ;
#2084 = VECTOR ( 'NONE', #11893, 1000.000000000000000 ) ;
#2083 = DIRECTION ( 'NONE',  ( 0.0000000000000000000, 0.0000000000000000000, -1.000000000000000000 ) ) ;
#2085 = CARTESIAN_POINT ( 'NONE',  ( 0.7009737720920793400, 0.1997688069410429900, 0.7809752279044884800 ) ) ;
#2086 = DIRECTION ( 'NONE',  ( 0.0000000000000000000, 0.0000000000000000000, 1.000000000000000000 ) ) ;
#2087 =( NAMED_UNIT ( * ) SI_UNIT ( $, .STERADIAN. ) SOLID_ANGLE_UNIT ( ) );
#2088 = CARTESIAN_POINT ( 'NONE',  ( -0.5500000000000001600, 0.9499999999999999600, 0.1950000000000000600 ) ) ;
#2089 = VECTOR ( 'NONE', #1132, 1000.000000000000000 ) ;
#2090 = DIRECTION ( 'NONE',  ( -0.0000000000000000000, 1.000000000000000000, -0.0000000000000000000 ) ) ;
#2091 = ORIENTED_EDGE ( 'NONE', *, *, #995, .F. ) ;
#2092 = ADVANCED_FACE ( 'NONE', ( #8253 ), #10326, .T. ) ;
#2093 = SURFACE_SIDE_STYLE ('',( #10061 ) ) ;
#2094 = SURFACE_STYLE_USAGE ( .BOTH. , #9604 ) ;
#2095 = AXIS2_PLACEMENT_3D ( 'NONE', #5933, #7842, #1230 ) ;
#2096 = FILL_AREA_STYLE ('',( #9739 ) ) ;
#2097 = CARTESIAN_POINT ( 'NONE',  ( -0.7083333333333332600, 0.1999999999999999800, 0.7614445778845508900 ) ) ;
#2098 = FACE_OUTER_BOUND ( 'NONE', #542, .T. ) ;
#2099 =( LENGTH_UNIT ( ) NAMED_UNIT ( * ) SI_UNIT ( .MILLI., .METRE. ) );
#2100 = ORIENTED_EDGE ( 'NONE', *, *, #891, .T. ) ;
#2101 = EDGE_CURVE ( 'NONE', #1378, #4927, #11547, .T. ) ;
#2102 = ORIENTED_EDGE ( 'NONE', *, *, #7611, .F. ) ;
#2103 = CARTESIAN_POINT ( 'NONE',  ( -0.6000000000000000900, 1.000000000000000000, -0.07499999999999985800 ) ) ;
#2104 = CARTESIAN_POINT ( 'NONE',  ( 0.7083333333333332600, 0.5000000000000000000, 1.132063492063492000 ) ) ;
#2105 = DIRECTION ( 'NONE',  ( 0.0000000000000000000, 1.000000000000000000, 0.0000000000000000000 ) ) ;
#2106 = DIRECTION ( 'NONE',  ( 1.000000000000000000, -0.0000000000000000000, -0.0000000000000000000 ) ) ;
#2107 = DIRECTION ( 'NONE',  ( 0.0000000000000000000, -0.4262295081967251200, -0.9046150597587783200 ) ) ;
#2108 = ORIENTED_EDGE ( 'NONE', *, *, #32, .T. ) ;
#2109 = CARTESIAN_POINT ( 'NONE',  ( -0.7442814647935116500, 0.01964497764853302000, 0.7565642250474857700 ) ) ;
#2110 = ORIENTED_EDGE ( 'NONE', *, *, #3610, .T. ) ;
#2111 = VERTEX_POINT ( 'NONE', #11957 ) ;
#2112 = CARTESIAN_POINT ( 'NONE',  ( 0.6403573765214213300, 0.2000000000000000100, 0.7651513958793293400 ) ) ;
#2113 = CARTESIAN_POINT ( 'NONE',  ( -0.4499999999999999600, 1.000000000000000000, 0.2200000000000001400 ) ) ;
#2114 = FACE_OUTER_BOUND ( 'NONE', #559, .T. ) ;
#2115 = ADVANCED_FACE ( 'NONE', ( #9414 ), #3422, .F. ) ;
#2116 = EDGE_CURVE ( 'NONE', #5264, #3865, #9282, .T. ) ;
#2117 = ORIENTED_EDGE ( 'NONE', *, *, #1182, .T. ) ;
#2118 = DIRECTION ( 'NONE',  ( -0.0000000000000000000, -1.000000000000000000, -0.0000000000000000000 ) ) ;
#2119 = ORIENTED_EDGE ( 'NONE', *, *, #8153, .F. ) ;
#2120 = ORIENTED_EDGE ( 'NONE', *, *, #3832, .F. ) ;
#2121 = ORIENTED_EDGE ( 'NONE', *, *, #6757, .T. ) ;
#2122 = EDGE_LOOP ( 'NONE', ( #6837, #10121 ) ) ;
#2123 = CARTESIAN_POINT ( 'NONE',  ( -0.6999999999999997300, 0.2030620702128254600, 0.7754994340234725400 ) ) ;
#2124 = CARTESIAN_POINT ( 'NONE',  ( -0.5500000000000001600, 1.000000000000000000, 0.2199999999999998900 ) ) ;
#2125 = DIRECTION ( 'NONE',  ( -1.000000000000000000, 0.0000000000000000000, 1.084202172485504800E-016 ) ) ;
#2126 = VECTOR ( 'NONE', #10241, 1000.000000000000000 ) ;
#2127 = ORIENTED_EDGE ( 'NONE', *, *, #4315, .T. ) ;
#2128 = CARTESIAN_POINT ( 'NONE',  ( -0.7050297884457903400, 0.2044187433149323400, 0.7724091971811178900 ) ) ;
#2129 = ORIENTED_EDGE ( 'NONE', *, *, #6536, .T. ) ;
#2130 = ADVANCED_FACE ( 'NONE', ( #5314 ), #11530, .T. ) ;
#2131 = VERTEX_POINT ( 'NONE', #4674 ) ;
#2132 = ORIENTED_EDGE ( 'NONE', *, *, #1271, .F. ) ;
#2133 = ORIENTED_EDGE ( 'NONE', *, *, #10231, .F. ) ;
#2134 = EDGE_CURVE ( 'NONE', #421, #1397, #10027, .T. ) ;
#2135 = DIRECTION ( 'NONE',  ( -0.0000000000000000000, -1.000000000000000000, -0.0000000000000000000 ) ) ;
#2136 = LINE ( 'NONE', #10460, #11952 ) ;
#2137 = CARTESIAN_POINT ( 'NONE',  ( -0.7094212063878595500, 0.1999999999999992600, 0.7703828965943112500 ) ) ;
#2138 = EDGE_CURVE ( 'NONE', #6090, #11041, #9127, .T. ) ;
#2139 = AXIS2_PLACEMENT_3D ( 'NONE', #7955, #10701, #6992 ) ;
#2140 = DIRECTION ( 'NONE',  ( 1.000000000000000000, 0.0000000000000000000, 0.0000000000000000000 ) ) ;
#2141 = EDGE_LOOP ( 'NONE', ( #1955, #7179 ) ) ;
#2142 = EDGE_LOOP ( 'NONE', ( #10421, #1298, #6013, #672, #4331, #1670, #6865, #12249 ) ) ;
#2143 = DIRECTION ( 'NONE',  ( -1.000000000000000000, 0.0000000000000000000, 1.084202172485504400E-016 ) ) ;
#2144 = ORIENTED_EDGE ( 'NONE', *, *, #1249, .F. ) ;
#2145 = ORIENTED_EDGE ( 'NONE', *, *, #1302, .T. ) ;
#2146 = CARTESIAN_POINT ( 'NONE',  ( -0.6226262033961850200, 0.002499999999999077200, 0.7423036635030334500 ) ) ;
#2147 = DIRECTION ( 'NONE',  ( 0.0000000000000000000, -1.000000000000000000, 0.0000000000000000000 ) ) ;
#2148 = AXIS2_PLACEMENT_3D ( 'NONE', #4020, #7736, #211 ) ;
#2149 = ORIENTED_EDGE ( 'NONE', *, *, #5333, .F. ) ;
#2150 = LINE ( 'NONE', #11872, #8218 ) ;
#2151 = ADVANCED_FACE ( 'NONE', ( #8993 ), #8393, .T. ) ;
#2152 = PLANE ( 'NONE',  #9336 ) ;
#2153 = CIRCLE ( 'NONE', #3824, 0.02499999999999985900 ) ;
#2154 = CIRCLE ( 'NONE', #265, 0.02222222222222198000 ) ;
#2155 = CARTESIAN_POINT ( 'NONE',  ( -0.7128513049635748500, 0.2008877980265423900, 0.7313988779613176400 ) ) ;
#2156 = ORIENTED_EDGE ( 'NONE', *, *, #10973, .T. ) ;
#2157 = DIRECTION ( 'NONE',  ( 0.0000000000000000000, -0.0000000000000000000, 1.000000000000000000 ) ) ;
#2158 = CARTESIAN_POINT ( 'NONE',  ( 0.6416666666666661600, 0.2000000000000000100, 0.7614445778845508900 ) ) ;
#2159 = VERTEX_POINT ( 'NONE', #10582 ) ;
#2160 = LINE ( 'NONE', #8678, #1336 ) ;
#2161 = EDGE_LOOP ( 'NONE', ( #286, #5137 ) ) ;
#2162 = DIRECTION ( 'NONE',  ( 0.0000000000000000000, 0.0000000000000000000, 1.000000000000000000 ) ) ;
#2163 = FACE_OUTER_BOUND ( 'NONE', #11124, .T. ) ;
#2164 = AXIS2_PLACEMENT_3D ( 'NONE', #2808, #5617, #9397 ) ;
#2165 = EDGE_CURVE ( 'NONE', #8415, #11660, #5000, .T. ) ;
#2166 = FACE_OUTER_BOUND ( 'NONE', #7558, .T. ) ;
#2167 = FILL_AREA_STYLE ('',( #6739 ) ) ;
#2168 = DIRECTION ( 'NONE',  ( 0.0000000000000000000, 0.0000000000000000000, -1.000000000000000000 ) ) ;
#2169 = SURFACE_STYLE_FILL_AREA ( #6791 ) ;
#2170 = ORIENTED_EDGE ( 'NONE', *, *, #10506, .F. ) ;
#2171 = AXIS2_PLACEMENT_3D ( 'NONE', #4210, #11866, #10859 ) ;
#2172 = ORIENTED_EDGE ( 'NONE', *, *, #8307, .T. ) ;
#2173 = CARTESIAN_POINT ( 'NONE',  ( -0.6214232505416047400, 0.005292958587805461800, 0.7917181360372709300 ) ) ;
#2174 = VERTEX_POINT ( 'NONE', #8548 ) ;
#2175 = CARTESIAN_POINT ( 'NONE',  ( 0.6426039933866362100, 0.1999552071922143500, 0.7793613328977043700 ) ) ;
#2176 = PLANE ( 'NONE',  #3714 ) ;
#2177 = CARTESIAN_POINT ( 'NONE',  ( -0.6000000000000000900, 0.8792893218813447900, 0.1000000000000000200 ) ) ;
#2178 = CARTESIAN_POINT ( 'NONE',  ( -0.2550000000000000000, 0.8792893218813447900, -0.1749999999999998200 ) ) ;
#2179 = EDGE_LOOP ( 'NONE', ( #11823, #10274 ) ) ;
#2180 = CARTESIAN_POINT ( 'NONE',  ( -0.7076076593808455800, 0.2063553734807836400, 0.7670110288547947700 ) ) ;
#2181 = MANIFOLD_SOLID_BREP ( 'Boss-Extrude4[16]', #5215 ) ;
#2182 = FACE_OUTER_BOUND ( 'NONE', #12120, .T. ) ;
#2183 = DIRECTION ( 'NONE',  ( 1.000000000000000000, 0.0000000000000000000, 0.0000000000000000000 ) ) ;
#2184 = EDGE_CURVE ( 'NONE', #3383, #6563, #7648, .T. ) ;
#2185 = DIRECTION ( 'NONE',  ( 0.0000000000000000000, -1.000000000000000000, 0.0000000000000000000 ) ) ;
#2186 = LINE ( 'NONE', #2438, #5152 ) ;
#2187 = ORIENTED_EDGE ( 'NONE', *, *, #5661, .F. ) ;
#2188 = VERTEX_POINT ( 'NONE', #5081 ) ;
#2189 = ADVANCED_FACE ( 'NONE', ( #143 ), #4033, .T. ) ;
#2190 = AXIS2_PLACEMENT_3D ( 'NONE', #938, #1807, #9351 ) ;
#2191 = CARTESIAN_POINT ( 'NONE',  ( -0.7638888888888886200, 0.1805555555555947400, 0.7541114196556921700 ) ) ;
#2192 = DIRECTION ( 'NONE',  ( 0.0000000000000000000, 1.000000000000000000, 0.0000000000000000000 ) ) ;
#2193 = ORIENTED_EDGE ( 'NONE', *, *, #7937, .T. ) ;
#2194 = CARTESIAN_POINT ( 'NONE',  ( -0.2550000000000000000, 0.9499999999999999600, -0.1499999999999999100 ) ) ;
#2195 = DIRECTION ( 'NONE',  ( 0.0000000000000000000, 0.0000000000000000000, 1.000000000000000000 ) ) ;
#2196 = LINE ( 'NONE', #2944, #3367 ) ;
#2197 = DIRECTION ( 'NONE',  ( -1.000000000000000000, -0.0000000000000000000, -0.0000000000000000000 ) ) ;
#2198 = CARTESIAN_POINT ( 'NONE',  ( -0.7405724334383293500, 0.01550589277616440600, 0.7740966102710354900 ) ) ;
#2199 = VERTEX_POINT ( 'NONE', #11634 ) ;
#2200 = VERTEX_POINT ( 'NONE', #3326 ) ;
#2201 = DIRECTION ( 'NONE',  ( -0.0000000000000000000, 1.000000000000000000, -0.0000000000000000000 ) ) ;
#2202 = EDGE_CURVE ( 'NONE', #2286, #2720, #6178, .T. ) ;
#2203 = DIRECTION ( 'NONE',  ( -1.000000000000000000, 0.0000000000000000000, 0.0000000000000000000 ) ) ;
#2204 = ADVANCED_FACE ( 'NONE', ( #12148 ), #3653, .F. ) ;
#2205 = DIRECTION ( 'NONE',  ( 0.0000000000000000000, 0.0000000000000000000, 1.000000000000000000 ) ) ;
#2206 = CARTESIAN_POINT ( 'NONE',  ( 0.9777777777777786300, 0.1999999999999999800, 0.7098412698412697200 ) ) ;
#2207 = EDGE_CURVE ( 'NONE', #7907, #11928, #3356, .T. ) ;
#2208 = CARTESIAN_POINT ( 'NONE',  ( 0.6354992339390720400, 0.1999999999999999800, 0.7736125863801032200 ) ) ;
#2209 = LINE ( 'NONE', #11715, #7080 ) ;
#2210 = SURFACE_STYLE_FILL_AREA ( #10128 ) ;
#2211 = AXIS2_PLACEMENT_3D ( 'NONE', #7284, #5444, #8204 ) ;
#2212 = CYLINDRICAL_SURFACE ( 'NONE', #6720, 0.04444444444444439100 ) ;
#2213 = CARTESIAN_POINT ( 'NONE',  ( 0.6449702115542069700, 0.2044187433149333400, 0.7724091971811151100 ) ) ;
#2214 = AXIS2_PLACEMENT_3D ( 'NONE', #6996, #6000, #2290 ) ;
#2215 = DIRECTION ( 'NONE',  ( 0.0000000000000000000, -0.0000000000000000000, 1.000000000000000000 ) ) ;
#2216 = DIRECTION ( 'NONE',  ( 0.0000000000000000000, 0.0000000000000000000, 1.000000000000000000 ) ) ;
#2217 = CARTESIAN_POINT ( 'NONE',  ( -0.6426717966261877900, 0.2000000000000157200, 0.7796425247800383700 ) ) ;
#2218 = CARTESIAN_POINT ( 'NONE',  ( 0.6468724397905695200, 0.1998019294697499200, 0.7807691847666029500 ) ) ;
#2219 = COLOUR_RGB ( '',0.2509803921568627400, 0.2509803921568627400, 0.2509803921568627400 ) ;
#2220 = CARTESIAN_POINT ( 'NONE',  ( -0.5000000000000000000, 0.9499999999999999600, -0.09999999999999993600 ) ) ;
#2221 = EDGE_CURVE ( 'NONE', #5579, #5711, #9874, .T. ) ;
#2222 = ADVANCED_FACE ( 'NONE', ( #11246 ), #4832, .T. ) ;
#2223 = AXIS2_PLACEMENT_3D ( 'NONE', #11431, #10547, #1034 ) ;
#2224 = CARTESIAN_POINT ( 'NONE',  ( -0.9777777777777777500, 0.8222222222222219700, -0.7555555555555555400 ) ) ;
#2225 = LINE ( 'NONE', #1285, #11277 ) ;
#2226 = SURFACE_STYLE_USAGE ( .BOTH. , #10765 ) ;
#2227 = ORIENTED_EDGE ( 'NONE', *, *, #8991, .F. ) ;
#2228 = CARTESIAN_POINT ( 'NONE',  ( -0.7145007660609250500, 0.1999999999999999800, 0.7736125863801088800 ) ) ;
#2229 = CARTESIAN_POINT ( 'NONE',  ( -0.3100000000000000000, 0.9499999999999999600, 0.1749999999999999100 ) ) ;
#2230 = AXIS2_PLACEMENT_3D ( 'NONE', #580, #2373, #8191 ) ;
#2231 = LINE ( 'NONE', #11775, #12192 ) ;
#2232 = AXIS2_PLACEMENT_3D ( 'NONE', #1367, #7984, #5048 ) ;
#2233 = CARTESIAN_POINT ( 'NONE',  ( -0.6999999999999997300, 0.1997656017279598700, 0.7809969016383354600 ) ) ;
#2234 = EDGE_CURVE ( 'NONE', #4635, #8350, #2638, .T. ) ;
#2235 = CARTESIAN_POINT ( 'NONE',  ( -0.7290605923845956400, 0.1994977809658366700, 0.7422020682085918000 ) ) ;
#2236 = SURFACE_SIDE_STYLE ('',( #7260 ) ) ;
#2237 = CARTESIAN_POINT ( 'NONE',  ( -0.6000000000000000900, 0.8792893218813447900, -0.09999999999999993600 ) ) ;
#2238 = DIRECTION ( 'NONE',  ( 0.0000000000000000000, -1.000000000000000000, 0.0000000000000000000 ) ) ;
#2239 = DIRECTION ( 'NONE',  ( 0.0000000000000000000, -0.0000000000000000000, 1.000000000000000000 ) ) ;
#2240 = CARTESIAN_POINT ( 'NONE',  ( 0.5861111110836082500, 0.02084828782386073000, 0.7542702750903048600 ) ) ;
#2241 = CARTESIAN_POINT ( 'NONE',  ( -0.7612757852483903500, 0.1878125301996502200, 0.7519866611590631000 ) ) ;
#2242 = CARTESIAN_POINT ( 'NONE',  ( -0.5500000000000000400, 1.000000000000000000, -0.1949999999999999500 ) ) ;
#2243 = DIRECTION ( 'NONE',  ( -0.0000000000000000000, -1.185846126156022200E-015, -1.000000000000000000 ) ) ;
#2244 = ADVANCED_FACE ( 'NONE', ( #9566 ), #10940, .F. ) ;
#2245 = TOROIDAL_SURFACE ( 'NONE', #7848, 0.02222222222222244900, 0.02222222222222200100 ) ;
#2246 = UNCERTAINTY_MEASURE_WITH_UNIT (LENGTH_MEASURE( 1.000000000000000100E-005 ), #10782, 'distance_accuracy_value', 'NONE');
#2247 = CARTESIAN_POINT ( 'NONE',  ( 0.6423923406191538500, 0.2063553734807835900, 0.7670110288547947700 ) ) ;
#2248 = ORIENTED_EDGE ( 'NONE', *, *, #6161, .T. ) ;
#2249 = DIRECTION ( 'NONE',  ( 0.0000000000000000000, 1.000000000000000000, 0.0000000000000000000 ) ) ;
#2250 =( NAMED_UNIT ( * ) SI_UNIT ( $, .STERADIAN. ) SOLID_ANGLE_UNIT ( ) );
#2251 = CARTESIAN_POINT ( 'NONE',  ( -0.6899999999999999500, 0.9499999999999999600, -0.1250000000000000600 ) ) ;
#2252 = DIRECTION ( 'NONE',  ( 0.0000000000000000000, 0.0000000000000000000, 1.000000000000000000 ) ) ;
#2253 = LINE ( 'NONE', #1326, #1372 ) ;
#2254 = CARTESIAN_POINT ( 'NONE',  ( 0.7612757852484233200, 0.1878125301996086400, 0.7519866611590836400 ) ) ;
#2255 = CARTESIAN_POINT ( 'NONE',  ( 0.7023983192054879000, 0.2033975754060347600, 0.7748301363467741100 ) ) ;
#2256 = ORIENTED_EDGE ( 'NONE', *, *, #1674, .F. ) ;
#2257 = ADVANCED_FACE ( 'NONE', ( #7949 ), #10853, .F. ) ;
#2258 = ORIENTED_EDGE ( 'NONE', *, *, #11722, .F. ) ;
#2259 = CARTESIAN_POINT ( 'NONE',  ( -0.6936319945953975900, 0.2949047621809601800, 0.7217778225004900500 ) ) ;
#2260 = CARTESIAN_POINT ( 'NONE',  ( 0.9555555555555560500, 0.1999999999999999800, 0.7098412698412697200 ) ) ;
#2261 = DIRECTION ( 'NONE',  ( -2.220570119199817400E-016, -0.0000000000000000000, -1.000000000000000000 ) ) ;
#2262 =( LENGTH_UNIT ( ) NAMED_UNIT ( * ) SI_UNIT ( .MILLI., .METRE. ) );
#2263 = CARTESIAN_POINT ( 'NONE',  ( -0.9999999999999997800, 0.8000000000000000400, -0.7999999999999999300 ) ) ;
#2264 = CARTESIAN_POINT ( 'NONE',  ( -0.6999900521423611000, 0.2910638310199011300, 0.7235014145690048500 ) ) ;
#2265 = EDGE_CURVE ( 'NONE', #7166, #1851, #3343, .T. ) ;
#2266 = ORIENTED_EDGE ( 'NONE', *, *, #8900, .F. ) ;
#2267 = CARTESIAN_POINT ( 'NONE',  ( -0.7111111111111131400, 0.8000000000000000400, 0.7320634920634923000 ) ) ;
#2268 = EDGE_LOOP ( 'NONE', ( #2769, #11697, #3451, #10343 ) ) ;
#2269 = CARTESIAN_POINT ( 'NONE',  ( 0.7166666666666667900, 0.2083333333333330400, 1.132063492063491500 ) ) ;
#2270 = EDGE_CURVE ( 'NONE', #4843, #7907, #856, .T. ) ;
#2271 = DIRECTION ( 'NONE',  ( 0.0000000000000000000, 0.0000000000000000000, 1.000000000000000000 ) ) ;
#2272 = PLANE ( 'NONE',  #747 ) ;
#2273 = AXIS2_PLACEMENT_3D ( 'NONE', #3981, #1214, #5114 ) ;
#2274 = DIRECTION ( 'NONE',  ( 0.0000000000000000000, -1.000000000000000000, -1.185846126156016100E-015 ) ) ;
#2275 = DIRECTION ( 'NONE',  ( 0.0000000000000000000, 1.000000000000000000, 0.0000000000000000000 ) ) ;
#2276 = CARTESIAN_POINT ( 'NONE',  ( -0.6482963152325235100, 0.2032324026211780600, 0.7751633714711173600 ) ) ;
#2277 = LINE ( 'NONE', #3130, #8186 ) ;
#2278 = ADVANCED_FACE ( 'NONE', ( #5443 ), #9548, .T. ) ;
#2279 = VERTEX_POINT ( 'NONE', #10119 ) ;
#2280 = CARTESIAN_POINT ( 'NONE',  ( -0.7416666666666665900, 0.02194444444444429800, 0.7542839781067811600 ) ) ;
#2281 = DIRECTION ( 'NONE',  ( -0.0000000000000000000, 1.000000000000000000, -0.0000000000000000000 ) ) ;
#2282 = VERTEX_POINT ( 'NONE', #2596 ) ;
#2283 = ORIENTED_EDGE ( 'NONE', *, *, #6344, .F. ) ;
#2284 = AXIS2_PLACEMENT_3D ( 'NONE', #6176, #8170, #546 ) ;
#2285 = DIRECTION ( 'NONE',  ( 0.0000000000000000000, 1.000000000000000000, 0.0000000000000000000 ) ) ;
#2286 = VERTEX_POINT ( 'NONE', #2679 ) ;
#2287 = VECTOR ( 'NONE', #11643, 1000.000000000000000 ) ;
#2288 = EDGE_CURVE ( 'NONE', #104, #982, #3039, .T. ) ;
#2289 = ORIENTED_EDGE ( 'NONE', *, *, #793, .F. ) ;
#2290 = DIRECTION ( 'NONE',  ( 0.0000000000000000000, 0.0000000000000000000, 1.000000000000000000 ) ) ;
#2291 = ORIENTED_EDGE ( 'NONE', *, *, #7264, .T. ) ;
#2292 = SURFACE_SIDE_STYLE ('',( #8121 ) ) ;
#2293 = SURFACE_STYLE_USAGE ( .BOTH. , #544 ) ;
#2294 = ORIENTED_EDGE ( 'NONE', *, *, #2932, .F. ) ;
#2295 = DIRECTION ( 'NONE',  ( 1.000000000000000000, -0.0000000000000000000, 2.220570119199817400E-016 ) ) ;
#2296 = DIRECTION ( 'NONE',  ( 0.0000000000000000000, 1.000000000000000000, 0.0000000000000000000 ) ) ;
#2297 = ORIENTED_EDGE ( 'NONE', *, *, #2450, .T. ) ;
#2298 = AXIS2_PLACEMENT_3D ( 'NONE', #11520, #9616, #6804 ) ;
#2299 = CARTESIAN_POINT ( 'NONE',  ( 0.7250000000000002000, 0.1999999999999999800, 0.7320634920634920800 ) ) ;
#2300 = CIRCLE ( 'NONE', #7164, 0.02499999999999995600 ) ;
#2301 = EDGE_LOOP ( 'NONE', ( #4548, #12085 ) ) ;
#2302 = ORIENTED_EDGE ( 'NONE', *, *, #1335, .T. ) ;
#2303 = EDGE_CURVE ( 'NONE', #4053, #9371, #11405, .T. ) ;
#2304 = EDGE_LOOP ( 'NONE', ( #5448, #7585 ) ) ;
#2305 = ORIENTED_EDGE ( 'NONE', *, *, #793, .T. ) ;
#2306 = ADVANCED_FACE ( 'NONE', ( #8382 ), #1618, .T. ) ;
#2307 = SURFACE_STYLE_USAGE ( .BOTH. , #7145 ) ;
#2308 = CARTESIAN_POINT ( 'NONE',  ( 0.6426717966261856800, 0.2000000000000157500, 0.7796425247800380400 ) ) ;
#2309 = EDGE_LOOP ( 'NONE', ( #8646, #7640, #294, #8515 ) ) ;
#2310 = AXIS2_PLACEMENT_3D ( 'NONE', #9627, #4886, #11536 ) ;
#2311 = DIRECTION ( 'NONE',  ( 1.000000000000000000, -0.0000000000000000000, -1.084202172485504800E-016 ) ) ;
#2312 = CARTESIAN_POINT ( 'NONE',  ( -0.3999999999999999700, 0.8792893218813447900, -0.1249999999999998900 ) ) ;
#2313 = CARTESIAN_POINT ( 'NONE',  ( -0.7111111111111138000, 0.5000000000000000000, 0.4653968253968282500 ) ) ;
#2314 = LINE ( 'NONE', #10229, #5435 ) ;
#2315 = FACE_OUTER_BOUND ( 'NONE', #2778, .T. ) ;
#2316 =( NAMED_UNIT ( * ) SI_UNIT ( $, .STERADIAN. ) SOLID_ANGLE_UNIT ( ) );
#2317 = VERTEX_POINT ( 'NONE', #8328 ) ;
#2318 = EDGE_LOOP ( 'NONE', ( #11833, #8313 ) ) ;
#2319 = DIRECTION ( 'NONE',  ( 0.0000000000000000000, 1.000000000000000000, 0.0000000000000000000 ) ) ;
#2320 = CARTESIAN_POINT ( 'NONE',  ( 0.9777777777777775200, 0.1999999999999999800, -0.5111111111111147400 ) ) ;
#2321 = ORIENTED_EDGE ( 'NONE', *, *, #1335, .F. ) ;
#2322 = AXIS2_PLACEMENT_3D ( 'NONE', #496, #11787, #7087 ) ;
#2323 = CARTESIAN_POINT ( 'NONE',  ( -0.6999999999999997300, 0.1997656017279598700, 0.7809969016383354600 ) ) ;
#2324 = CARTESIAN_POINT ( 'NONE',  ( -0.6449999999999999100, 0.9499999999999999600, -0.2450000000000000000 ) ) ;
#2325 = PRODUCT_RELATED_PRODUCT_CATEGORY ( 'part', '', ( #3272 ) ) ;
#2326 = EDGE_LOOP ( 'NONE', ( #1729, #8901, #11039, #4345 ) ) ;
#2327 = FACE_BOUND ( 'NONE', #2887, .T. ) ;
#2328 = ADVANCED_FACE ( 'NONE', ( #2020 ), #8827, .F. ) ;
#2329 = CIRCLE ( 'NONE', #1376, 0.02500000000000006400 ) ;
#2330 = FACE_OUTER_BOUND ( 'NONE', #238, .T. ) ;
#2331 = CARTESIAN_POINT ( 'NONE',  ( 0.7638888888888884000, 0.1777777777777780100, 0.7542857142857141200 ) ) ;
#2332 = EDGE_CURVE ( 'NONE', #7540, #10750, #2909, .T. ) ;
#2333 = VECTOR ( 'NONE', #6589, 1000.000000000000000 ) ;
#2334 = ORIENTED_EDGE ( 'NONE', *, *, #4283, .T. ) ;
#2335 = EDGE_LOOP ( 'NONE', ( #10095, #11195 ) ) ;
#2336 = DIRECTION ( 'NONE',  ( -1.000000000000000000, -0.0000000000000000000, -0.0000000000000000000 ) ) ;
#2337 = DIRECTION ( 'NONE',  ( 0.0000000000000000000, 1.000000000000000000, 0.0000000000000000000 ) ) ;
#2338 = EDGE_CURVE ( 'NONE', #5238, #4581, #6322, .T. ) ;
#2339 = CARTESIAN_POINT ( 'NONE',  ( 0.9555555555555553800, -1.445153081025597900, -0.7555555555555557600 ) ) ;
#2340 = VECTOR ( 'NONE', #367, 1000.000000000000000 ) ;
#2341 = DIRECTION ( 'NONE',  ( 0.0000000000000000000, -0.0000000000000000000, -1.000000000000000000 ) ) ;
#2342 = FACE_OUTER_BOUND ( 'NONE', #9525, .T. ) ;
#2343 = COLOUR_RGB ( '',1.000000000000000000, 1.000000000000000000, 1.000000000000000000 ) ;
#2344 = DIRECTION ( 'NONE',  ( 0.0000000000000000000, -0.0000000000000000000, 1.000000000000000000 ) ) ;
#2345 = ORIENTED_EDGE ( 'NONE', *, *, #2708, .T. ) ;
#2346 = ORIENTED_EDGE ( 'NONE', *, *, #11091, .T. ) ;
#2347 = CARTESIAN_POINT ( 'NONE',  ( 0.7446036872391632600, 0.1976268501320624100, 0.7425725946937564700 ) ) ;
#2348 = EDGE_CURVE ( 'NONE', #2624, #1429, #6455, .T. ) ;
#2349 = VECTOR ( 'NONE', #46, 1000.000000000000000 ) ;
#2350 = CYLINDRICAL_SURFACE ( 'NONE', #2818, 0.02222222222222252100 ) ;
#2351 = LINE ( 'NONE', #11300, #7512 ) ;
#2352 = CIRCLE ( 'NONE', #1521, 0.02222222222222230300 ) ;
#2353 = FACE_OUTER_BOUND ( 'NONE', #1572, .T. ) ;
#2354 = AXIS2_PLACEMENT_3D ( 'NONE', #3352, #8945, #6217 ) ;
#2355 = CARTESIAN_POINT ( 'NONE',  ( -0.7450000000000000000, 1.000000000000000000, 0.1499999999999999700 ) ) ;
#2356 = CARTESIAN_POINT ( 'NONE',  ( 0.6480965325244139000, 0.2030652449077593500, 0.7754970906526298400 ) ) ;
#2357 = DIRECTION ( 'NONE',  ( 0.0000000000000000000, -0.0000000000000000000, -1.000000000000000000 ) ) ;
#2358 = DIRECTION ( 'NONE',  ( -0.0000000000000000000, 1.000000000000000000, 0.0000000000000000000 ) ) ;
#2359 = CARTESIAN_POINT ( 'NONE',  ( -0.7090439978277211000, 0.2049659360864143600, 0.7283867635657507200 ) ) ;
#2360 = CARTESIAN_POINT ( 'NONE',  ( -0.6371468960063074700, 0.1999999999999999800, 0.7748161792176677700 ) ) ;
#2361 = CARTESIAN_POINT ( 'NONE',  ( -0.3999999999999999700, 0.9499999999999999600, 0.07500000000000005300 ) ) ;
#2362 = TOROIDAL_SURFACE ( 'NONE', #11728, 0.02222222222222244900, 0.02222222222222200100 ) ;
#2363 = VECTOR ( 'NONE', #10092, 1000.000000000000000 ) ;
#2364 = PLANE ( 'NONE',  #9344 ) ;
#2365 = CARTESIAN_POINT ( 'NONE',  ( 0.7083333333333332600, 0.2000000000000000400, 0.7320634920634921900 ) ) ;
#2366 = EDGE_CURVE ( 'NONE', #3042, #10569, #3496, .T. ) ;
#2367 = LINE ( 'NONE', #3528, #1484 ) ;
#2368 = EDGE_CURVE ( 'NONE', #556, #3604, #3200, .T. ) ;
#2369 = ORIENTED_EDGE ( 'NONE', *, *, #11175, .F. ) ;
#2370 = DIRECTION ( 'NONE',  ( 0.0000000000000000000, -1.000000000000000000, 0.0000000000000000000 ) ) ;
#2371 = CARTESIAN_POINT ( 'NONE',  ( -0.3549999999999999800, 0.9499999999999999600, 0.2450000000000001100 ) ) ;
#2372 = DIRECTION ( 'NONE',  ( 0.0000000000000000000, 1.000000000000000000, 0.0000000000000000000 ) ) ;
#2373 = DIRECTION ( 'NONE',  ( 0.0000000000000000000, 1.000000000000000000, 0.0000000000000000000 ) ) ;
#2374 = DIRECTION ( 'NONE',  ( 0.0000000000000000000, 0.0000000000000000000, 1.000000000000000000 ) ) ;
#2375 = DIRECTION ( 'NONE',  ( -0.0000000000000000000, -1.000000000000000000, -0.0000000000000000000 ) ) ;
#2376 = CARTESIAN_POINT ( 'NONE',  ( -0.2125000000000000200, 1.000000000000000000, 8.131516293641283300E-017 ) ) ;
#2377 = ORIENTED_EDGE ( 'NONE', *, *, #128, .T. ) ;
#2378 = FACE_OUTER_BOUND ( 'NONE', #1813, .T. ) ;
#2379 = ADVANCED_FACE ( 'NONE', ( #7348 ), #5153, .F. ) ;
#2380 = CARTESIAN_POINT ( 'NONE',  ( 0.7416666666666664700, 0.1833333333333335100, 0.7320634920634921900 ) ) ;
#2381 = CARTESIAN_POINT ( 'NONE',  ( 0.7623867055320156000, 0.01659234371794345000, 0.7535607390621400500 ) ) ;
#2382 = STYLED_ITEM ( 'NONE', ( #5901 ), #906 ) ;
#2383 = CARTESIAN_POINT ( 'NONE',  ( 0.9777777777777779700, 0.8222222222222219700, -0.7555555555555557600 ) ) ;
#2384 = DIRECTION ( 'NONE',  ( 1.000000000000000000, -0.0000000000000000000, -1.084202172485504800E-016 ) ) ;
#2385 = CARTESIAN_POINT ( 'NONE',  ( -0.4500000000000000100, 0.9499999999999999600, -0.1949999999999999500 ) ) ;
#2386 = DIRECTION ( 'NONE',  ( 0.0000000000000000000, 0.0000000000000000000, -1.000000000000000000 ) ) ;
#2387 = EDGE_CURVE ( 'NONE', #11085, #975, #130, .T. ) ;
#2388 = CIRCLE ( 'NONE', #6211, 0.02499999999999995600 ) ;
#2389 = ORIENTED_EDGE ( 'NONE', *, *, #12011, .T. ) ;
#2390 = AXIS2_PLACEMENT_3D ( 'NONE', #3702, #2715, #51 ) ;
#2391 = CARTESIAN_POINT ( 'NONE',  ( -0.2550000000000000000, 0.9499999999999999600, -0.1499999999999999100 ) ) ;
#2392 = ADVANCED_FACE ( 'NONE', ( #2330 ), #1928, .F. ) ;
#2393 = FACE_OUTER_BOUND ( 'NONE', #7746, .T. ) ;
#2394 = CARTESIAN_POINT ( 'NONE',  ( -0.6083333333333331700, 0.1997656017279598700, 0.7809969016383354600 ) ) ;
#2395 = CARTESIAN_POINT ( 'NONE',  ( -0.5500000000000000400, 0.9499999999999999600, -0.2199999999999997800 ) ) ;
#2396 = AXIS2_PLACEMENT_3D ( 'NONE', #10625, #6787, #1137 ) ;
#2397 = VECTOR ( 'NONE', #2912, 1000.000000000000000 ) ;
#2398 = VERTEX_POINT ( 'NONE', #2837 ) ;
#2399 = AXIS2_PLACEMENT_3D ( 'NONE', #1936, #7513, #1855 ) ;
#2400 = CARTESIAN_POINT ( 'NONE',  ( -0.6396163240616421500, 0.1999999999999999800, 0.7774741314766007200 ) ) ;
#2401 = EDGE_CURVE ( 'NONE', #11804, #9536, #8982, .T. ) ;
#2402 = CARTESIAN_POINT ( 'NONE',  ( -0.6499999999999996900, 0.2030620702128255200, 0.7754994340234725400 ) ) ;
#2403 = CARTESIAN_POINT ( 'NONE',  ( -0.9999999999999997800, 0.8000000000000000400, 0.7542857142857142300 ) ) ;
#2404 = EDGE_CURVE ( 'NONE', #6381, #10277, #10616, .T. ) ;
#2405 = DIRECTION ( 'NONE',  ( 0.0000000000000000000, 0.0000000000000000000, 1.000000000000000000 ) ) ;
#2406 = DIRECTION ( 'NONE',  ( -1.000000000000000000, -0.0000000000000000000, -7.623296525288672200E-017 ) ) ;
#2407 = LINE ( 'NONE', #7052, #7566 ) ;
#2408 = MANIFOLD_SOLID_BREP ( 'Boss-Extrude4[24]', #10329 ) ;
#2409 = DIRECTION ( 'NONE',  ( 0.0000000000000000000, 0.0000000000000000000, 1.000000000000000000 ) ) ;
#2410 = VERTEX_POINT ( 'NONE', #3659 ) ;
#2411 = CARTESIAN_POINT ( 'NONE',  ( 0.7166666666666667900, 0.2000000000000000100, 0.7614445778845510000 ) ) ;
#2412 = PRESENTATION_LAYER_ASSIGNMENT (  '', '', ( #7077 ) ) ;
#2413 = EDGE_CURVE ( 'NONE', #1311, #3640, #1334, .T. ) ;
#2414 = EDGE_LOOP ( 'NONE', ( #7181, #5529 ) ) ;
#2415 = DIRECTION ( 'NONE',  ( -0.0000000000000000000, 1.000000000000000000, -0.0000000000000000000 ) ) ;
#2416 = DIRECTION ( 'NONE',  ( 0.0000000000000000000, 0.0000000000000000000, -1.000000000000000000 ) ) ;
#2417 = AXIS2_PLACEMENT_3D ( 'NONE', #7935, #10728, #2271 ) ;
#2418 = CARTESIAN_POINT ( 'NONE',  ( 0.9555555555555551600, 0.9777777777777779700, -0.8000000000000001600 ) ) ;
#2419 = ORIENTED_EDGE ( 'NONE', *, *, #12093, .T. ) ;
#2420 = ORIENTED_EDGE ( 'NONE', *, *, #7840, .T. ) ;
#2421 = DIRECTION ( 'NONE',  ( 0.0000000000000000000, 0.0000000000000000000, -1.000000000000000000 ) ) ;
#2422 = EDGE_CURVE ( 'NONE', #958, #2895, #1762, .T. ) ;
#2423 = ORIENTED_EDGE ( 'NONE', *, *, #6209, .T. ) ;
#2424 = FACE_OUTER_BOUND ( 'NONE', #1092, .T. ) ;
#2425 = DIRECTION ( 'NONE',  ( -1.000000000000000000, -0.0000000000000000000, -0.0000000000000000000 ) ) ;
#2426 = FACE_OUTER_BOUND ( 'NONE', #9370, .T. ) ;
#2427 = CARTESIAN_POINT ( 'NONE',  ( -0.6583333333333331000, 0.3000000000000000400, 0.7140968530029925300 ) ) ;
#2428 = PRESENTATION_LAYER_ASSIGNMENT (  '', '', ( #552 ) ) ;
#2429 = CARTESIAN_POINT ( 'NONE',  ( 0.7364420937244802200, 0.002501397279747148900, 0.7423063546163413100 ) ) ;
#2430 = DIRECTION ( 'NONE',  ( 0.0000000000000000000, 0.0000000000000000000, 1.000000000000000000 ) ) ;
#2431 = ORIENTED_EDGE ( 'NONE', *, *, #9013, .F. ) ;
#2432 = ORIENTED_EDGE ( 'NONE', *, *, #5587, .F. ) ;
#2433 = VERTEX_POINT ( 'NONE', #3775 ) ;
#2434 = DIRECTION ( 'NONE',  ( 0.0000000000000000000, -0.0000000000000000000, 1.000000000000000000 ) ) ;
#2435 = CLOSED_SHELL ( 'NONE', ( #11450, #1634, #10699, #10509 ) ) ;
#2436 = EDGE_LOOP ( 'NONE', ( #11309, #5834, #9642, #5989 ) ) ;
#2437 = ADVANCED_FACE ( 'NONE', ( #11831 ), #7502, .F. ) ;
#2438 = CARTESIAN_POINT ( 'NONE',  ( -0.3999999999999999700, 0.8792893218813447900, 0.1249999999999999700 ) ) ;
#2439 = CARTESIAN_POINT ( 'NONE',  ( 0.6448113675998404800, 0.2002942934411085800, 0.7759106212043154200 ) ) ;
#2440 = CARTESIAN_POINT ( 'NONE',  ( -0.5000000000000000000, 0.9499999999999999600, 0.1000000000000000500 ) ) ;
#2441 = CARTESIAN_POINT ( 'NONE',  ( -0.9777777777777777500, 1.000000000000000000, 0.7098412698412699400 ) ) ;
#2442 = EDGE_CURVE ( 'NONE', #3602, #10321, #3081, .T. ) ;
#2443 = ORIENTED_EDGE ( 'NONE', *, *, #2029, .F. ) ;
#2444 = VERTEX_POINT ( 'NONE', #7538 ) ;
#2445 = CARTESIAN_POINT ( 'NONE',  ( 0.3499999999999999200, 0.0000000000000000000, 0.7320634920634921900 ) ) ;
#2446 = VERTEX_POINT ( 'NONE', #21 ) ;
#2447 = ORIENTED_EDGE ( 'NONE', *, *, #11144, .F. ) ;
#2448 = CARTESIAN_POINT ( 'NONE',  ( 0.6203711928763893100, 0.005574116291095833700, 0.7549833180787516300 ) ) ;
#2449 = SURFACE_STYLE_USAGE ( .BOTH. , #8119 ) ;
#2450 = EDGE_CURVE ( 'NONE', #400, #5179, #3244, .T. ) ;
#2451 = DIRECTION ( 'NONE',  ( 1.000000000000000000, 0.0000000000000000000, -1.790425605939363100E-016 ) ) ;
#2452 = ORIENTED_EDGE ( 'NONE', *, *, #4748, .F. ) ;
#2453 = VERTEX_POINT ( 'NONE', #2123 ) ;
#2454 = CARTESIAN_POINT ( 'NONE',  ( -0.7450000000000000000, 0.9499999999999999600, 0.1249999999999998900 ) ) ;
#2455 = DIRECTION ( 'NONE',  ( 0.0000000000000000000, 1.000000000000000000, 0.0000000000000000000 ) ) ;
#2456 = LINE ( 'NONE', #6448, #8353 ) ;
#2457 = CIRCLE ( 'NONE', #8198, 0.1666666666666639100 ) ;
#2458 = ADVANCED_FACE ( 'NONE', ( #10202 ), #7127, .T. ) ;
#2459 = DIRECTION ( 'NONE',  ( 0.0000000000000000000, 0.0000000000000000000, 1.000000000000000000 ) ) ;
#2460 = ORIENTED_EDGE ( 'NONE', *, *, #10713, .F. ) ;
#2461 = AXIS2_PLACEMENT_3D ( 'NONE', #2897, #6805, #9617 ) ;
#2462 = ORIENTED_EDGE ( 'NONE', *, *, #7126, .T. ) ;
#2463 = CARTESIAN_POINT ( 'NONE',  ( -0.4500000000000000100, 0.9499999999999999600, -0.1699999999999998500 ) ) ;
#2464 = CARTESIAN_POINT ( 'NONE',  ( -0.9555555555555553800, 0.02222222222222208800, -0.7555555555555555400 ) ) ;
#2465 = ORIENTED_EDGE ( 'NONE', *, *, #9424, .F. ) ;
#2466 = ORIENTED_EDGE ( 'NONE', *, *, #9319, .T. ) ;
#2467 = EDGE_CURVE ( 'NONE', #10029, #10113, #4617, .T. ) ;
#2468 = DIRECTION ( 'NONE',  ( 0.0000000000000000000, 1.000000000000000000, 0.0000000000000000000 ) ) ;
#2469 = CARTESIAN_POINT ( 'NONE',  ( -0.6956231367121270500, 0.2996330814248612300, 0.6739661615243498500 ) ) ;
#2470 = LINE ( 'NONE', #10288, #9687 ) ;
#2471 = AXIS2_PLACEMENT_3D ( 'NONE', #2050, #2974, #11442 ) ;
#2472 = CARTESIAN_POINT ( 'NONE',  ( 1.000000000000000200, 0.1777777777777780100, 0.7098412698412697200 ) ) ;
#2473 = SURFACE_STYLE_FILL_AREA ( #5877 ) ;
#2474 = CIRCLE ( 'NONE', #4451, 0.02222222222222197000 ) ;
#2475 = DIRECTION ( 'NONE',  ( 0.0000000000000000000, -1.000000000000000000, 0.0000000000000000000 ) ) ;
#2476 = B_SPLINE_CURVE_WITH_KNOTS ( 'NONE', 3,
 ( #5434, #12080, #8276, #4520 ),
 .UNSPECIFIED., .F., .F.,
 ( 4, 4 ),
 ( 0.0000000000000000000, 1.000000000000000000 ),
 .UNSPECIFIED. ) ;
#2477 = ORIENTED_EDGE ( 'NONE', *, *, #8544, .T. ) ;
#2478 = ORIENTED_EDGE ( 'NONE', *, *, #8388, .T. ) ;
#2479 = CIRCLE ( 'NONE', #9571, 0.02499999999999997000 ) ;
#2480 = ORIENTED_EDGE ( 'NONE', *, *, #6699, .F. ) ;
#2481 = AXIS2_PLACEMENT_3D ( 'NONE', #1530, #3243, #4204 ) ;
#2482 = DIRECTION ( 'NONE',  ( 0.0000000000000000000, -1.000000000000000000, 1.185846126156022200E-015 ) ) ;
#2483 = DIRECTION ( 'NONE',  ( 0.0000000000000000000, -0.0000000000000000000, -1.000000000000000000 ) ) ;
#2484 = FACE_OUTER_BOUND ( 'NONE', #3117, .T. ) ;
#2485 = EDGE_CURVE ( 'NONE', #9534, #8160, #12200, .T. ) ;
#2486 = TOROIDAL_SURFACE ( 'NONE', #9931, 0.02222222222222244900, 0.02222222222222200100 ) ;
#2487 = ORIENTED_EDGE ( 'NONE', *, *, #8752, .F. ) ;
#2488 = DIRECTION ( 'NONE',  ( 1.000000000000000000, -0.0000000000000000000, -0.0000000000000000000 ) ) ;
#2489 = EDGE_LOOP ( 'NONE', ( #8087, #12130, #835, #82 ) ) ;
#2490 = EDGE_CURVE ( 'NONE', #2016, #11642, #11583, .T. ) ;
#2491 = CARTESIAN_POINT ( 'NONE',  ( 0.6472923219339900000, 0.2002691906586641400, 0.7775571757186641200 ) ) ;
#2492 = EDGE_LOOP ( 'NONE', ( #1546, #4836, #4004, #9813 ) ) ;
#2493 = CIRCLE ( 'NONE', #8679, 0.02499999999999995600 ) ;
#2494 = CARTESIAN_POINT ( 'NONE',  ( 0.6096007069214367500, 0.01528007559558417800, 0.7737427657864978100 ) ) ;
#2495 = DIRECTION ( 'NONE',  ( 0.0000000000000000000, 1.185846126156016500E-015, -1.000000000000000000 ) ) ;
#2496 = DIRECTION ( 'NONE',  ( -0.0000000000000000000, 1.000000000000000000, -0.0000000000000000000 ) ) ;
#2497 = CYLINDRICAL_SURFACE ( 'NONE', #10663, 0.02500000000000002900 ) ;
#2498 = SURFACE_STYLE_FILL_AREA ( #275 ) ;
#2499 = ORIENTED_EDGE ( 'NONE', *, *, #10246, .F. ) ;
#2500 = PRESENTATION_LAYER_ASSIGNMENT (  '', '', ( #2714 ) ) ;
#2501 = DIRECTION ( 'NONE',  ( -0.0000000000000000000, 1.000000000000000000, -0.0000000000000000000 ) ) ;
#2502 = CARTESIAN_POINT ( 'NONE',  ( -0.2550000000000000000, 0.9499999999999999600, -0.1250000000000000000 ) ) ;
#2503 = ORIENTED_EDGE ( 'NONE', *, *, #1502, .F. ) ;
#2504 = CARTESIAN_POINT ( 'NONE',  ( 0.6469223072577061600, 0.2035889773619523300, 0.7744302321919837000 ) ) ;
#2505 = DIRECTION ( 'NONE',  ( 0.0000000000000000000, 0.0000000000000000000, -1.000000000000000000 ) ) ;
#2506 = CARTESIAN_POINT ( 'NONE',  ( -0.9555555555555553800, 0.8000000000000000400, 0.7542857142857142300 ) ) ;
#2507 = CIRCLE ( 'NONE', #11398, 0.02222222222222198000 ) ;
#2508 = CIRCLE ( 'NONE', #5928, 0.02222222222222197000 ) ;
#2509 = DIRECTION ( 'NONE',  ( 1.084202172485504400E-016, 0.0000000000000000000, 1.000000000000000000 ) ) ;
#2510 = ORIENTED_EDGE ( 'NONE', *, *, #2683, .T. ) ;
#2511 = VERTEX_POINT ( 'NONE', #174 ) ;
#2512 = CARTESIAN_POINT ( 'NONE',  ( 0.6399404231084143700, 0.2083333333333331500, 0.7777777777777776800 ) ) ;
#2513 = PRESENTATION_LAYER_ASSIGNMENT (  '', '', ( #146 ) ) ;
#2514 = DIRECTION ( 'NONE',  ( -1.000000000000000000, 0.0000000000000000000, 0.0000000000000000000 ) ) ;
#2515 = CARTESIAN_POINT ( 'NONE',  ( 0.9555555555555560500, 0.9777777777777779700, 0.7542857142857141200 ) ) ;
#2516 = AXIS2_PLACEMENT_3D ( 'NONE', #8476, #11315, #6459 ) ;
#2517 = CARTESIAN_POINT ( 'NONE',  ( 0.6249999999999995600, 0.1833333333333334600, 0.7777777777777780100 ) ) ;
#2518 = CYLINDRICAL_SURFACE ( 'NONE', #9856, 0.02222222222222198000 ) ;
#2519 = DIRECTION ( 'NONE',  ( 0.0000000000000000000, -0.0000000000000000000, 1.000000000000000000 ) ) ;
#2520 = CYLINDRICAL_SURFACE ( 'NONE', #6096, 0.02499999999999984900 ) ;
#2521 = ADVANCED_FACE ( 'NONE', ( #11900 ), #4003, .T. ) ;
#2522 = EDGE_CURVE ( 'NONE', #7720, #2858, #4309, .T. ) ;
#2523 = CARTESIAN_POINT ( 'NONE',  ( -0.6998132264396979000, 0.2888809521721085700, 0.7245341213434984800 ) ) ;
#2524 = EDGE_CURVE ( 'NONE', #7166, #2743, #9615, .T. ) ;
#2525 = FACE_OUTER_BOUND ( 'NONE', #4973, .T. ) ;
#2526 = DIRECTION ( 'NONE',  ( 0.0000000000000000000, 7.411538288475051500E-017, -1.000000000000000000 ) ) ;
#2527 = AXIS2_PLACEMENT_3D ( 'NONE', #4991, #10754, #5953 ) ;
#2528 = CARTESIAN_POINT ( 'NONE',  ( 0.9555555555555560500, 0.1999999999999999800, 0.7098412698412697200 ) ) ;
#2529 = DIRECTION ( 'NONE',  ( 1.000000000000000000, 0.0000000000000000000, 0.0000000000000000000 ) ) ;
#2530 = CARTESIAN_POINT ( 'NONE',  ( 0.7250000000000000900, 0.02222222222222176900, 0.7777777777777780100 ) ) ;
#2531 = DIRECTION ( 'NONE',  ( 1.000000000000000000, -0.0000000000000000000, -1.084202172485504800E-016 ) ) ;
#2532 = CARTESIAN_POINT ( 'NONE',  ( -0.4500000000000000100, 0.9499999999999999600, -0.1949999999999999500 ) ) ;
#2533 = CARTESIAN_POINT ( 'NONE',  ( -0.5500000000000000400, 0.9499999999999999600, -0.1949999999999999500 ) ) ;
#2534 = LINE ( 'NONE', #4035, #3096 ) ;
#2535 = DIRECTION ( 'NONE',  ( 0.0000000000000000000, 0.0000000000000000000, 1.000000000000000000 ) ) ;
#2536 = CARTESIAN_POINT ( 'NONE',  ( 0.6197485708295433800, 0.005848946544552493200, 0.7915157820633436100 ) ) ;
#2537 = ORIENTED_EDGE ( 'NONE', *, *, #364, .T. ) ;
#2538 = EDGE_CURVE ( 'NONE', #9078, #5801, #9329, .T. ) ;
#2539 = CARTESIAN_POINT ( 'NONE',  ( -0.7416666666666664700, 0.02166666666666649700, 0.7320634920634921900 ) ) ;
#2540 = CARTESIAN_POINT ( 'NONE',  ( 0.7072549134391080700, 0.2054392423291601100, 0.7695803780988177400 ) ) ;
#2541 = FACE_OUTER_BOUND ( 'NONE', #4802, .T. ) ;
#2542 = DIRECTION ( 'NONE',  ( 0.0000000000000000000, 1.000000000000000000, 0.0000000000000000000 ) ) ;
#2543 = CARTESIAN_POINT ( 'NONE',  ( 0.7638888888888886200, 0.02082933282859359200, 0.7542700381224789500 ) ) ;
#2544 = CARTESIAN_POINT ( 'NONE',  ( -0.6000000000000000900, 0.9499999999999999600, 0.1000000000000000200 ) ) ;
#2545 = CARTESIAN_POINT ( 'NONE',  ( 0.9555555555555560500, 0.8222222222222219700, 0.7320634920634920800 ) ) ;
#2546 = DIRECTION ( 'NONE',  ( 0.0000000000000000000, 1.000000000000000000, 0.0000000000000000000 ) ) ;
#2547 = CYLINDRICAL_SURFACE ( 'NONE', #8664, 0.02499999999999985900 ) ;
#2548 = EDGE_CURVE ( 'NONE', #9861, #9219, #6803, .T. ) ;
#2549 = FILL_AREA_STYLE_COLOUR ( '', #10910 ) ;
#2550 = PRESENTATION_LAYER_ASSIGNMENT (  '', '', ( #5699 ) ) ;
#2551 = FACE_OUTER_BOUND ( 'NONE', #10888, .T. ) ;
#2552 = CARTESIAN_POINT ( 'NONE',  ( -0.7111111111111144700, 0.1999999999999999800, -0.7777777777777780100 ) ) ;
#2553 = VERTEX_POINT ( 'NONE', #4892 ) ;
#2554 = ORIENTED_EDGE ( 'NONE', *, *, #4029, .T. ) ;
#2555 = ADVANCED_FACE ( 'NONE', ( #9038 ), #11162, .F. ) ;
#2556 = CARTESIAN_POINT ( 'NONE',  ( -0.5000000000000000000, 1.000000000000000000, -0.2899999999999999200 ) ) ;
#2557 = CARTESIAN_POINT ( 'NONE',  ( 0.9555555555555560500, 0.1777777777777780100, 0.7098412698412697200 ) ) ;
#2558 = DIRECTION ( 'NONE',  ( 0.0000000000000000000, 0.0000000000000000000, 1.000000000000000000 ) ) ;
#2559 = AXIS2_PLACEMENT_3D ( 'NONE', #6230, #9163, #10220 ) ;
#2560 = CARTESIAN_POINT ( 'NONE',  ( 0.6557565415306549900, 0.2946802635486370200, 0.7218788790913006600 ) ) ;
#2561 =( BOUNDED_SURFACE ( )  B_SPLINE_SURFACE ( 3, 2, ( 
 ( #9698, #11633, #1453 ),
 ( #5258, #2491, #2356 ),
 ( #2308, #2439, #3275 ),
 ( #430, #9006, #4323 ) ),
 .UNSPECIFIED., .F., .F., .F. ) 
 B_SPLINE_SURFACE_WITH_KNOTS ( ( 4, 4 ),
 ( 3, 3 ),
 ( 5.392124907659881100E-005, 6.510964856860657900E-005 ),
 ( 0.0000000000000000000, 1.000000000000000000 ),
 .UNSPECIFIED. ) 
 GEOMETRIC_REPRESENTATION_ITEM ( )  RATIONAL_B_SPLINE_SURFACE ( (
 ( 1.000000000000000000, 0.9230818616279729000, 1.000000000000000000),
 ( 1.000000000000000000, 0.9234118747653740100, 1.000000000000000000),
 ( 1.000000000000000000, 0.8951177798788798600, 1.000000000000000000),
 ( 1.000000000000000000, 0.8572487393425150000, 1.000000000000000000) ) ) 
 REPRESENTATION_ITEM ( '' )  SURFACE ( )  );
#2562 = EDGE_LOOP ( 'NONE', ( #2627, #988, #5957, #4521 ) ) ;
#2563 = EDGE_LOOP ( 'NONE', ( #8616, #2015, #11225, #9117 ) ) ;
#2564 = CARTESIAN_POINT ( 'NONE',  ( -0.7302514291704562700, 0.005848946544552501900, 0.7915157820633436100 ) ) ;
#2565 = CARTESIAN_POINT ( 'NONE',  ( 0.5944016232890314600, 0.1928294236224968900, 0.7486333210406070900 ) ) ;
#2566 = CARTESIAN_POINT ( 'NONE',  ( 0.6104149201634183600, 0.01340815744779352100, 0.7884337038089026500 ) ) ;
#2567 = VECTOR ( 'NONE', #9653, 1000.000000000000000 ) ;
#2568 = CARTESIAN_POINT ( 'NONE',  ( -0.6900000000000000600, 1.000000000000000000, 0.1749999999999998200 ) ) ;
#2569 = ADVANCED_FACE ( 'NONE', ( #1796 ), #10100, .T. ) ;
#2570 = DIRECTION ( 'NONE',  ( 0.0000000000000000000, -1.000000000000000000, 0.0000000000000000000 ) ) ;
#2571 = AXIS2_PLACEMENT_3D ( 'NONE', #1508, #7200, #2505 ) ;
#2572 = VERTEX_POINT ( 'NONE', #1042 ) ;
#2573 = ORIENTED_EDGE ( 'NONE', *, *, #9520, .F. ) ;
#2574 = ORIENTED_EDGE ( 'NONE', *, *, #11992, .F. ) ;
#2575 = AXIS2_PLACEMENT_3D ( 'NONE', #7580, #5574, #5684 ) ;
#2576 = CARTESIAN_POINT ( 'NONE',  ( -0.7111111111111145800, 0.1999999999999999800, -0.7777777777777779000 ) ) ;
#2577 = DIRECTION ( 'NONE',  ( 0.0000000000000000000, -1.000000000000000000, 0.0000000000000000000 ) ) ;
#2578 = ORIENTED_EDGE ( 'NONE', *, *, #2605, .T. ) ;
#2579 = CARTESIAN_POINT ( 'NONE',  ( -0.5000000000000000000, 0.9499999999999999600, -0.07499999999999978900 ) ) ;
#2580 = ORIENTED_EDGE ( 'NONE', *, *, #8178, .T. ) ;
#2581 = EDGE_CURVE ( 'NONE', #2572, #7433, #7279, .T. ) ;
#2582 = CARTESIAN_POINT ( 'NONE',  ( -0.5000000000000000000, 0.9499999999999999600, -0.09999999999999993600 ) ) ;
#2583 = ORIENTED_EDGE ( 'NONE', *, *, #7682, .F. ) ;
#2584 = VERTEX_POINT ( 'NONE', #6783 ) ;
#2585 = ORIENTED_EDGE ( 'NONE', *, *, #4883, .F. ) ;
#2586 = CARTESIAN_POINT ( 'NONE',  ( 0.7050297884457903400, 0.2044187433149323400, 0.7724091971811178900 ) ) ;
#2587 = DIRECTION ( 'NONE',  ( -0.0000000000000000000, 1.000000000000000000, -0.0000000000000000000 ) ) ;
#2588 = CYLINDRICAL_SURFACE ( 'NONE', #12248, 0.04444444444444439100 ) ;
#2589 = EDGE_LOOP ( 'NONE', ( #10943, #10890, #8816, #3601 ) ) ;
#2590 = VERTEX_POINT ( 'NONE', #1997 ) ;
#2591 = EDGE_LOOP ( 'NONE', ( #5990, #8638, #4328, #9438 ) ) ;
#2592 = CARTESIAN_POINT ( 'NONE',  ( 0.9555555555555560500, -1.445153081025597900, 0.7320634920634920800 ) ) ;
#2593 = CARTESIAN_POINT ( 'NONE',  ( -0.6169536045908206000, 0.005002915490541362000, 0.7471234132614502600 ) ) ;
#2594 = DIRECTION ( 'NONE',  ( 0.0000000000000000000, 0.0000000000000000000, 1.000000000000000000 ) ) ;
#2595 = CARTESIAN_POINT ( 'NONE',  ( -0.6900000000000000600, 0.9499999999999999600, 0.1250000000000001100 ) ) ;
#2596 = CARTESIAN_POINT ( 'NONE',  ( 0.6583333333333331000, 0.3000000000000000400, 0.7140968530029925300 ) ) ;
#2597 = EDGE_CURVE ( 'NONE', #10590, #8473, #6085, .T. ) ;
#2598 = CIRCLE ( 'NONE', #8528, 0.02499999999999984900 ) ;
#2599 = CARTESIAN_POINT ( 'NONE',  ( -0.6991176286418935300, 0.2982417518752678600, 0.7144928486971349200 ) ) ;
#2600 = EDGE_CURVE ( 'NONE', #10299, #2590, #3863, .T. ) ;
#2601 = CARTESIAN_POINT ( 'NONE',  ( 0.6499999999999996900, 0.2877287336543426500, 0.7250728198806623000 ) ) ;
#2602 = CIRCLE ( 'NONE', #381, 0.02499999999999995600 ) ;
#2603 = ORIENTED_EDGE ( 'NONE', *, *, #2202, .F. ) ;
#2604 = CARTESIAN_POINT ( 'NONE',  ( 0.7072307039796719200, 0.2892947526523506100, 0.7165391306959452100 ) ) ;
#2605 = EDGE_CURVE ( 'NONE', #6221, #9701, #4743, .T. ) ;
#2606 = CARTESIAN_POINT ( 'NONE',  ( 0.6246288154447738900, 0.2000000000000000100, 0.7322619011130878700 ) ) ;
#2607 = AXIS2_PLACEMENT_3D ( 'NONE', #9298, #795, #1663 ) ;
#2608 = VERTEX_POINT ( 'NONE', #1058 ) ;
#2609 = EDGE_LOOP ( 'NONE', ( #94, #4719, #7438, #4240 ) ) ;
#2610 = DIRECTION ( 'NONE',  ( 1.084202172485504400E-016, 0.0000000000000000000, 1.000000000000000000 ) ) ;
#2611 = CARTESIAN_POINT ( 'NONE',  ( -0.7416666666666664700, 0.1777777777777780100, 0.7320634920634921900 ) ) ;
#2612 = FACE_OUTER_BOUND ( 'NONE', #7204, .T. ) ;
#2613 = DIRECTION ( 'NONE',  ( 0.0000000000000000000, 0.0000000000000000000, 1.000000000000000000 ) ) ;
#2614 = CARTESIAN_POINT ( 'NONE',  ( -0.7083376043392110000, 0.2080253181559831900, 0.7261684058072047600 ) ) ;
#2615 = FACE_OUTER_BOUND ( 'NONE', #10735, .T. ) ;
#2616 = VECTOR ( 'NONE', #9144, 1000.000000000000000 ) ;
#2617 = EDGE_LOOP ( 'NONE', ( #3030, #797, #7977, #283, #9857, #11044 ) ) ;
#2618 = ADVANCED_FACE ( 'NONE', ( #11434 ), #2969, .T. ) ;
#2619 = EDGE_CURVE ( 'NONE', #7708, #556, #510, .T. ) ;
#2620 = CARTESIAN_POINT ( 'NONE',  ( -0.9555555555555553800, 0.1777777777777780100, -0.7777777777777779000 ) ) ;
#2621 = ORIENTED_EDGE ( 'NONE', *, *, #4738, .T. ) ;
#2622 = AXIS2_PLACEMENT_3D ( 'NONE', #9908, #4379, #6193 ) ;
#2623 = DIRECTION ( 'NONE',  ( 0.0000000000000000000, 0.0000000000000000000, 1.000000000000000000 ) ) ;
#2624 = VERTEX_POINT ( 'NONE', #7982 ) ;
#2625 = LINE ( 'NONE', #5167, #2763 ) ;
#2626 = CARTESIAN_POINT ( 'NONE',  ( -0.7152153187616913100, 0.1999999999999999800, 0.7697779112178845300 ) ) ;
#2627 = ORIENTED_EDGE ( 'NONE', *, *, #9792, .F. ) ;
#2628 = CARTESIAN_POINT ( 'NONE',  ( 0.9555555555555553800, 0.0000000000000000000, -0.7555555555555557600 ) ) ;
#2629 = ORIENTED_EDGE ( 'NONE', *, *, #7569, .T. ) ;
#2630 = DIRECTION ( 'NONE',  ( 0.0000000000000000000, 1.000000000000000000, 0.0000000000000000000 ) ) ;
#2631 = CARTESIAN_POINT ( 'NONE',  ( -0.6000000000000000900, 0.9499999999999999600, 0.1000000000000000200 ) ) ;
#2632 = VERTEX_POINT ( 'NONE', #2267 ) ;
#2633 = AXIS2_PLACEMENT_3D ( 'NONE', #3297, #5101, #6070 ) ;
#2634 = ADVANCED_FACE ( 'NONE', ( #10531 ), #4765, .T. ) ;
#2635 = AXIS2_PLACEMENT_3D ( 'NONE', #1462, #3284, #612 ) ;
#2636 = CYLINDRICAL_SURFACE ( 'NONE', #4647, 0.02500000000000014700 ) ;
#2637 = EDGE_CURVE ( 'NONE', #4046, #7788, #7137, .T. ) ;
#2638 = CIRCLE ( 'NONE', #9030, 0.02500000000000014700 ) ;
#2639 = DIRECTION ( 'NONE',  ( -0.0000000000000000000, -1.000000000000000000, -0.0000000000000000000 ) ) ;
#2640 = ORIENTED_EDGE ( 'NONE', *, *, #5606, .F. ) ;
#2641 = CARTESIAN_POINT ( 'NONE',  ( 0.7416666666666664700, 0.02222222222222176900, 0.7833333333333335500 ) ) ;
#2642 = CARTESIAN_POINT ( 'NONE',  ( 0.9555555555555553800, 0.8222222222222219700, -0.7555555555555557600 ) ) ;
#2643 = CARTESIAN_POINT ( 'NONE',  ( -0.7014287190040178200, 0.2031867168127595400, 0.7752541413395894800 ) ) ;
#2644 = STYLED_ITEM ( 'NONE', ( #9426 ), #6778 ) ;
#2645 = EDGE_CURVE ( 'NONE', #4884, #10590, #2253, .T. ) ;
#2646 = EDGE_CURVE ( 'NONE', #1429, #6421, #3565, .T. ) ;
#2647 = CARTESIAN_POINT ( 'NONE',  ( -0.6187662853550554000, 0.1989518814769140900, 0.7476386446180544000 ) ) ;
#2648 = DIRECTION ( 'NONE',  ( 0.0000000000000000000, 1.000000000000000000, -0.0000000000000000000 ) ) ;
#2649 = PRESENTATION_STYLE_ASSIGNMENT (( #2226 ) ) ;
#2650 = CARTESIAN_POINT ( 'NONE',  ( 0.7083333333333332600, 0.2833333333333329900, 0.6738059225679081700 ) ) ;
#2651 = FACE_OUTER_BOUND ( 'NONE', #12228, .T. ) ;
#2652 = CIRCLE ( 'NONE', #10897, 0.02500000000000006400 ) ;
#2653 = CARTESIAN_POINT ( 'NONE',  ( -0.9555555555555553800, 0.1777777777777780100, 0.7320634920634923000 ) ) ;
#2654 = CARTESIAN_POINT ( 'NONE',  ( -0.5869516519795385800, 0.1846445802336681700, 0.7532118928700434200 ) ) ;
#2655 = CARTESIAN_POINT ( 'NONE',  ( 0.6180748874319121900, 0.006404603728304339600, 0.7913135484755311500 ) ) ;
#2656 = CYLINDRICAL_SURFACE ( 'NONE', #432, 0.02222222222222198000 ) ;
#2657 = ORIENTED_EDGE ( 'NONE', *, *, #1069, .T. ) ;
#2658 = ORIENTED_EDGE ( 'NONE', *, *, #1057, .F. ) ;
#2659 = CARTESIAN_POINT ( 'NONE',  ( 0.7093868058178330900, 0.2041899326652678000, 0.7289539189819267400 ) ) ;
#2660 = LINE ( 'NONE', #6972, #11553 ) ;
#2661 = CARTESIAN_POINT ( 'NONE',  ( 0.3499999999999997000, 0.1899999999999999700, -0.7777777777777780100 ) ) ;
#2662 = DIRECTION ( 'NONE',  ( 0.0000000000000000000, 0.0000000000000000000, 1.000000000000000000 ) ) ;
#2663 = FACE_OUTER_BOUND ( 'NONE', #7008, .T. ) ;
#2664 = CIRCLE ( 'NONE', #3084, 0.008333333333333499800 ) ;
#2665 = AXIS2_PLACEMENT_3D ( 'NONE', #3500, #12003, #12076 ) ;
#2666 = CARTESIAN_POINT ( 'NONE',  ( 0.9777777777777773000, 0.1999999999999999800, -0.5111111111111147400 ) ) ;
#2667 = CARTESIAN_POINT ( 'NONE',  ( -0.7051947941444541800, 0.2002922794412332300, 0.7759006639614151000 ) ) ;
#2668 = DIRECTION ( 'NONE',  ( 0.0000000000000000000, 0.0000000000000000000, 1.000000000000000000 ) ) ;
#2669 = CARTESIAN_POINT ( 'NONE',  ( -0.6000000000000000900, 0.9499999999999999600, 0.1250000000000001100 ) ) ;
#2670 = VECTOR ( 'NONE', #10505, 1000.000000000000000 ) ;
#2671 = CARTESIAN_POINT ( 'NONE',  ( -0.7450000000000000000, 0.9499999999999999600, 0.1750000000000000200 ) ) ;
#2672 = EDGE_CURVE ( 'NONE', #5895, #4838, #6670, .T. ) ;
#2673 = CARTESIAN_POINT ( 'NONE',  ( 0.6916666666666663200, 0.2916666666666665200, 0.7140968530029925300 ) ) ;
#2674 = EDGE_CURVE ( 'NONE', #10453, #5843, #64, .T. ) ;
#2675 = CARTESIAN_POINT ( 'NONE',  ( -0.6081326634372300500, 0.02393953357026237100, 0.7543127645478713300 ) ) ;
#2676 = DIRECTION ( 'NONE',  ( 0.0000000000000000000, 0.0000000000000000000, -1.000000000000000000 ) ) ;
#2677 = CARTESIAN_POINT ( 'NONE',  ( -0.2125000000000000200, 1.000000000000000000, 8.131516293641283300E-017 ) ) ;
#2678 = VECTOR ( 'NONE', #7123, 1000.000000000000000 ) ;
#2679 = CARTESIAN_POINT ( 'NONE',  ( -0.2549999999999999500, 0.9499999999999999600, 0.1250000000000000600 ) ) ;
#2680 = ORIENTED_EDGE ( 'NONE', *, *, #2605, .F. ) ;
#2681 = CARTESIAN_POINT ( 'NONE',  ( -0.7083333333333332600, 0.2853515612076764100, 0.7174563225882402100 ) ) ;
#2682 = CARTESIAN_POINT ( 'NONE',  ( -0.7023983192054879000, 0.2033975754060347600, 0.7748301363467741100 ) ) ;
#2683 = EDGE_CURVE ( 'NONE', #11963, #557, #12068, .T. ) ;
#2684 = DIRECTION ( 'NONE',  ( 0.0000000000000000000, 0.0000000000000000000, 1.000000000000000000 ) ) ;
#2685 = CARTESIAN_POINT ( 'NONE',  ( -0.5000000000000000000, 0.9499999999999999600, -0.09999999999999993600 ) ) ;
#2686 = DIRECTION ( 'NONE',  ( 0.0000000000000000000, 1.185846126156016500E-015, -1.000000000000000000 ) ) ;
#2687 = DIRECTION ( 'NONE',  ( 0.0000000000000000000, 0.0000000000000000000, 1.000000000000000000 ) ) ;
#2688 = CIRCLE ( 'NONE', #1053, 0.02500000000000007800 ) ;
#2689 = DIRECTION ( 'NONE',  ( 0.0000000000000000000, 1.000000000000000000, 0.0000000000000000000 ) ) ;
#2690 = EDGE_CURVE ( 'NONE', #1915, #7785, #5674, .T. ) ;
#2691 = CIRCLE ( 'NONE', #7151, 0.02499999999999990400 ) ;
#2692 = DIRECTION ( 'NONE',  ( 0.0000000000000000000, 0.0000000000000000000, 1.000000000000000000 ) ) ;
#2693 = ADVANCED_FACE ( 'NONE', ( #9475 ), #4254, .F. ) ;
#2694 = ORIENTED_EDGE ( 'NONE', *, *, #4267, .F. ) ;
#2695 = DIRECTION ( 'NONE',  ( 0.0000000000000000000, -0.0000000000000000000, 1.000000000000000000 ) ) ;
#2696 = PRESENTATION_LAYER_ASSIGNMENT (  '', '', ( #803 ) ) ;
#2697 = LINE ( 'NONE', #27, #9936 ) ;
#2698 = DIRECTION ( 'NONE',  ( 0.0000000000000000000, -1.000000000000000000, 1.185846126156022200E-015 ) ) ;
#2699 = DIRECTION ( 'NONE',  ( -0.0000000000000000000, 1.000000000000000000, -0.0000000000000000000 ) ) ;
#2700 = ORIENTED_EDGE ( 'NONE', *, *, #2899, .T. ) ;
#2701 = CARTESIAN_POINT ( 'NONE',  ( 0.3499999999999999200, 0.02222222222222208800, 0.7320634920634921900 ) ) ;
#2702 = VERTEX_POINT ( 'NONE', #11903 ) ;
#2703 = AXIS2_PLACEMENT_3D ( 'NONE', #4400, #588, #624 ) ;
#2704 = EDGE_CURVE ( 'NONE', #7457, #7014, #6985, .T. ) ;
#2705 = DIRECTION ( 'NONE',  ( 0.0000000000000000000, 0.0000000000000000000, 1.000000000000000000 ) ) ;
#2706 = CARTESIAN_POINT ( 'NONE',  ( 0.7416666666666664700, 0.1777777777777776700, 0.7777777777777780100 ) ) ;
#2707 = SURFACE_STYLE_USAGE ( .BOTH. , #1764 ) ;
#2708 = EDGE_CURVE ( 'NONE', #2199, #4287, #4175, .T. ) ;
#2709 = AXIS2_PLACEMENT_3D ( 'NONE', #9807, #6129, #5201 ) ;
#2710 = DIRECTION ( 'NONE',  ( -1.000000000000000000, 0.0000000000000000000, 1.084202172485504800E-016 ) ) ;
#2711 = ORIENTED_EDGE ( 'NONE', *, *, #11722, .T. ) ;
#2712 = ORIENTED_EDGE ( 'NONE', *, *, #2101, .F. ) ;
#2713 = CARTESIAN_POINT ( 'NONE',  ( -0.7638888888888885100, 0.1777777777777780100, 0.7542857142857142300 ) ) ;
#2714 = STYLED_ITEM ( 'NONE', ( #2854 ), #3450 ) ;
#2715 = DIRECTION ( 'NONE',  ( -0.0000000000000000000, -1.000000000000000000, 0.0000000000000000000 ) ) ;
#2716 = DIRECTION ( 'NONE',  ( 0.0000000000000000000, 1.000000000000000000, 0.0000000000000000000 ) ) ;
#2717 = ORIENTED_EDGE ( 'NONE', *, *, #348, .T. ) ;
#2718 = CARTESIAN_POINT ( 'NONE',  ( 0.6516380846347864500, 0.2917655691318519200, 0.7232027874835267300 ) ) ;
#2719 = ORIENTED_EDGE ( 'NONE', *, *, #10024, .T. ) ;
#2720 = VERTEX_POINT ( 'NONE', #4294 ) ;
#2721 = DIRECTION ( 'NONE',  ( 0.0000000000000000000, 1.000000000000000000, 0.0000000000000000000 ) ) ;
#2722 = VERTEX_POINT ( 'NONE', #3375 ) ;
#2723 = ORIENTED_EDGE ( 'NONE', *, *, #9903, .T. ) ;
#2724 = CARTESIAN_POINT ( 'NONE',  ( 0.6390026351365756300, 0.1999999999999999800, 0.7768313502132432300 ) ) ;
#2725 = ORIENTED_EDGE ( 'NONE', *, *, #5679, .T. ) ;
#2726 = VERTEX_POINT ( 'NONE', #2445 ) ;
#2727 = ORIENTED_EDGE ( 'NONE', *, *, #6897, .F. ) ;
#2728 = ORIENTED_EDGE ( 'NONE', *, *, #10433, .F. ) ;
#2729 = AXIS2_PLACEMENT_3D ( 'NONE', #1246, #8722, #9669 ) ;
#2730 = VERTEX_POINT ( 'NONE', #11111 ) ;
#2731 = DIRECTION ( 'NONE',  ( -0.0000000000000000000, 1.000000000000000000, -0.0000000000000000000 ) ) ;
#2732 = CARTESIAN_POINT ( 'NONE',  ( 0.7367928740121320000, 0.1952360356561510200, 0.7617738542168770400 ) ) ;
#2733 = CARTESIAN_POINT ( 'NONE',  ( -0.3499999999999997000, 0.0000000000000000000, -0.7777777777777780100 ) ) ;
#2734 = VECTOR ( 'NONE', #2777, 1000.000000000000000 ) ;
#2735 = CARTESIAN_POINT ( 'NONE',  ( 0.9999999999999997800, 0.1999999999999999800, -0.7555555555555557600 ) ) ;
#2736 = CARTESIAN_POINT ( 'NONE',  ( -0.9777777777777779700, 0.1899999999999999700, -0.7555555555555555400 ) ) ;
#2737 = EDGE_CURVE ( 'NONE', #3746, #11616, #1668, .T. ) ;
#2738 = DIRECTION ( 'NONE',  ( 0.0000000000000000000, 0.0000000000000000000, 1.000000000000000000 ) ) ;
#2739 = ORIENTED_EDGE ( 'NONE', *, *, #6495, .T. ) ;
#2740 = ORIENTED_EDGE ( 'NONE', *, *, #3322, .F. ) ;
#2741 = CARTESIAN_POINT ( 'NONE',  ( 0.0000000000000000000, 0.8000000000000000400, 0.0000000000000000000 ) ) ;
#2742 = EDGE_LOOP ( 'NONE', ( #2868, #7140, #3965, #9502 ) ) ;
#2743 = VERTEX_POINT ( 'NONE', #11864 ) ;
#2744 = CARTESIAN_POINT ( 'NONE',  ( -0.6900000000000000600, 0.9499999999999999600, 0.1499999999999999700 ) ) ;
#2745 = DIRECTION ( 'NONE',  ( -1.000000000000000000, 0.0000000000000000000, 0.0000000000000000000 ) ) ;
#2746 = AXIS2_PLACEMENT_3D ( 'NONE', #7249, #1604, #5400 ) ;
#2747 = ORIENTED_EDGE ( 'NONE', *, *, #11636, .F. ) ;
#2748 = CARTESIAN_POINT ( 'NONE',  ( -0.6416666666666661600, 0.2083333333333334800, 0.7614445778845510000 ) ) ;
#2749 = VERTEX_POINT ( 'NONE', #756 ) ;
#2750 = LINE ( 'NONE', #1630, #8081 ) ;
#2751 = ADVANCED_FACE ( 'NONE', ( #786 ), #8262, .F. ) ;
#2752 = CIRCLE ( 'NONE', #8277, 0.02222222222222198000 ) ;
#2753 = ORIENTED_EDGE ( 'NONE', *, *, #1377, .T. ) ;
#2754 = ORIENTED_EDGE ( 'NONE', *, *, #10410, .F. ) ;
#2755 = LINE ( 'NONE', #7122, #4971 ) ;
#2756 = DIRECTION ( 'NONE',  ( 0.0000000000000000000, 1.000000000000000000, 0.0000000000000000000 ) ) ;
#2757 = DIRECTION ( 'NONE',  ( 0.0000000000000000000, 0.0000000000000000000, 1.000000000000000000 ) ) ;
#2758 = EDGE_LOOP ( 'NONE', ( #536, #513 ) ) ;
#2759 = DIRECTION ( 'NONE',  ( 0.0000000000000000000, 0.0000000000000000000, -1.000000000000000000 ) ) ;
#2760 = DIRECTION ( 'NONE',  ( 0.0000000000000000000, 1.000000000000000000, 0.0000000000000000000 ) ) ;
#2761 = EDGE_CURVE ( 'NONE', #5738, #12060, #9464, .T. ) ;
#2762 = ORIENTED_EDGE ( 'NONE', *, *, #8750, .F. ) ;
#2763 = VECTOR ( 'NONE', #7000, 1000.000000000000000 ) ;
#2764 = DIRECTION ( 'NONE',  ( 0.0000000000000000000, 0.0000000000000000000, 1.000000000000000000 ) ) ;
#2765 = CARTESIAN_POINT ( 'NONE',  ( 0.7083333333333332600, 0.2853515612076764100, 0.7174563225882402100 ) ) ;
#2766 = VECTOR ( 'NONE', #4801, 1000.000000000000000 ) ;
#2767 = DIRECTION ( 'NONE',  ( 0.0000000000000000000, 1.000000000000000000, 0.0000000000000000000 ) ) ;
#2768 = ORIENTED_EDGE ( 'NONE', *, *, #4263, .T. ) ;
#2769 = ORIENTED_EDGE ( 'NONE', *, *, #9385, .T. ) ;
#2770 = ORIENTED_EDGE ( 'NONE', *, *, #10679, .T. ) ;
#2771 = CARTESIAN_POINT ( 'NONE',  ( 0.7416666666666664700, 0.02166666666666649700, 0.7320634920634921900 ) ) ;
#2772 = SURFACE_STYLE_FILL_AREA ( #5234 ) ;
#2773 = FACE_BOUND ( 'NONE', #7035, .T. ) ;
#2774 = LINE ( 'NONE', #4265, #4100 ) ;
#2775 = EDGE_CURVE ( 'NONE', #1503, #6978, #4625, .T. ) ;
#2776 = ORIENTED_EDGE ( 'NONE', *, *, #11532, .T. ) ;
#2777 = DIRECTION ( 'NONE',  ( 0.0000000000000000000, 1.000000000000000000, 0.0000000000000000000 ) ) ;
#2778 = EDGE_LOOP ( 'NONE', ( #417, #10256, #8205, #10269 ) ) ;
#2779 = CARTESIAN_POINT ( 'NONE',  ( 0.7312337146449442400, 0.1989518814769141200, 0.7476386446180541800 ) ) ;
#2780 = DIRECTION ( 'NONE',  ( 0.0000000000000000000, 0.0000000000000000000, 1.000000000000000000 ) ) ;
#2781 = ORIENTED_EDGE ( 'NONE', *, *, #10796, .F. ) ;
#2782 = AXIS2_PLACEMENT_3D ( 'NONE', #7857, #2337, #9770 ) ;
#2783 = PLANE ( 'NONE',  #2064 ) ;
#2784 = UNCERTAINTY_MEASURE_WITH_UNIT (LENGTH_MEASURE( 1.000000000000000100E-005 ), #9408, 'distance_accuracy_value', 'NONE');
#2785 = FILL_AREA_STYLE_COLOUR ( '', #5196 ) ;
#2786 = CARTESIAN_POINT ( 'NONE',  ( 0.3499999999999999200, 0.1899999999999999700, 0.7320634920634921900 ) ) ;
#2787 = FACE_OUTER_BOUND ( 'NONE', #3887, .T. ) ;
#2788 = DIRECTION ( 'NONE',  ( 0.0000000000000000000, -1.185846126156016100E-015, 1.000000000000000000 ) ) ;
#2789 = FACE_OUTER_BOUND ( 'NONE', #2161, .T. ) ;
#2790 = CARTESIAN_POINT ( 'NONE',  ( 0.9777777777777786300, 0.1899999999999999700, 0.7098412698412697200 ) ) ;
#2791 = VECTOR ( 'NONE', #1203, 1000.000000000000000 ) ;
#2792 = DIRECTION ( 'NONE',  ( 0.0000000000000000000, 0.0000000000000000000, -1.000000000000000000 ) ) ;
#2793 = EDGE_LOOP ( 'NONE', ( #4048, #3136 ) ) ;
#2794 = AXIS2_PLACEMENT_3D ( 'NONE', #6083, #6250, #629 ) ;
#2795 = EDGE_LOOP ( 'NONE', ( #7047, #7923, #2976, #7061, #5041, #8968, #934, #5414 ) ) ;
#2796 = AXIS2_PLACEMENT_3D ( 'NONE', #6946, #11735, #9712 ) ;
#2797 = PLANE ( 'NONE',  #1088 ) ;
#2798 = CYLINDRICAL_SURFACE ( 'NONE', #6789, 0.02500000000000006400 ) ;
#2799 = CIRCLE ( 'NONE', #12283, 0.1666666666666637200 ) ;
#2800 = PLANE ( 'NONE',  #11860 ) ;
#2801 = CARTESIAN_POINT ( 'NONE',  ( 0.7250000000000000900, 0.02222222222222176900, 0.7777777777777780100 ) ) ;
#2802 = DIRECTION ( 'NONE',  ( 0.0000000000000000000, 1.000000000000000000, 0.0000000000000000000 ) ) ;
#2803 = DIRECTION ( 'NONE',  ( 0.0000000000000000000, 1.000000000000000000, 0.0000000000000000000 ) ) ;
#2804 = FACE_OUTER_BOUND ( 'NONE', #5810, .T. ) ;
#2805 = LINE ( 'NONE', #4009, #7085 ) ;
#2806 = CARTESIAN_POINT ( 'NONE',  ( 0.9777777777777781900, 0.02222222222222208800, 0.7098412698412697200 ) ) ;
#2807 = CARTESIAN_POINT ( 'NONE',  ( -0.7036752728501262100, 0.2038059086597701100, 0.7739584694073928800 ) ) ;
#2808 = CARTESIAN_POINT ( 'NONE',  ( -0.3550000000000000400, 1.000000000000000000, -0.2450000000000000000 ) ) ;
#2809 = EDGE_CURVE ( 'NONE', #5397, #3288, #4012, .T. ) ;
#2810 = CARTESIAN_POINT ( 'NONE',  ( -0.6240901076959907100, 0.005019394929512182400, 0.7526314699680830600 ) ) ;
#2811 = CARTESIAN_POINT ( 'NONE',  ( -0.4500000000000000100, 0.9499999999999999600, -0.1949999999999999500 ) ) ;
#2812 = AXIS2_PLACEMENT_3D ( 'NONE', #6647, #10383, #2853 ) ;
#2813 = CIRCLE ( 'NONE', #6414, 0.02500000000000006400 ) ;
#2814 = ADVANCED_FACE ( 'NONE', ( #8310 ), #11757, .F. ) ;
#2815 = EDGE_CURVE ( 'NONE', #7253, #6729, #5780, .T. ) ;
#2816 = CIRCLE ( 'NONE', #2516, 0.02499999999999990400 ) ;
#2817 = VERTEX_POINT ( 'NONE', #8455 ) ;
#2818 = AXIS2_PLACEMENT_3D ( 'NONE', #5417, #4374, #12033 ) ;
#2819 = CARTESIAN_POINT ( 'NONE',  ( -0.6449999999999999100, 1.000000000000000000, 0.2450000000000001100 ) ) ;
#2820 = SURFACE_STYLE_USAGE ( .BOTH. , #3686 ) ;
#2821 = CIRCLE ( 'NONE', #5922, 0.04444444444444396000 ) ;
#2822 = DIRECTION ( 'NONE',  ( 0.0000000000000000000, -1.000000000000000000, 0.0000000000000000000 ) ) ;
#2823 = DIRECTION ( 'NONE',  ( -1.000000000000000000, -0.0000000000000000000, -7.623296525288672200E-017 ) ) ;
#2824 = DIRECTION ( 'NONE',  ( 0.0000000000000000000, 0.0000000000000000000, 1.000000000000000000 ) ) ;
#2825 = CARTESIAN_POINT ( 'NONE',  ( -0.6449999999999999100, 1.000000000000000000, 0.2200000000000002500 ) ) ;
#2826 = SURFACE_STYLE_USAGE ( .BOTH. , #3643 ) ;
#2827 = CYLINDRICAL_SURFACE ( 'NONE', #9596, 0.02500000000000006400 ) ;
#2828 = CARTESIAN_POINT ( 'NONE',  ( 0.6249999999999995600, 0.2000000000000000100, 0.7320634920634921900 ) ) ;
#2829 = EDGE_CURVE ( 'NONE', #1963, #11804, #7707, .T. ) ;
#2830 = DIRECTION ( 'NONE',  ( 0.0000000000000000000, -1.000000000000000000, 0.0000000000000000000 ) ) ;
#2831 = EDGE_CURVE ( 'NONE', #7058, #2608, #5220, .T. ) ;
#2833 = LINE ( 'NONE', #4286, #7693 ) ;
#2832 = DIRECTION ( 'NONE',  ( 0.0000000000000000000, 0.0000000000000000000, -1.000000000000000000 ) ) ;
#2834 = AXIS2_PLACEMENT_3D ( 'NONE', #1605, #7212, #9104 ) ;
#2835 = DIRECTION ( 'NONE',  ( 0.0000000000000000000, 1.000000000000000000, -0.0000000000000000000 ) ) ;
#2836 = B_SPLINE_CURVE_WITH_KNOTS ( 'NONE', 3,
 ( #4054, #5785, #11577, #10705, #4981, #3931, #5825, #9631, #6818, #7780, #3060, #301, #8812, #7861, #6127, #11750, #5068, #6040, #5160, #9772, #1348, #7956 ),
 .UNSPECIFIED., .F., .F.,
 ( 4, 3, 3, 3, 3, 3, 3, 4 ),
 ( -1.352439763949857100E-006, 0.0000000000000000000, 9.581855275132907300E-006, 2.727653407070282800E-005, 3.885220595909066400E-005, 4.550369254625142000E-005, 4.754269395766852400E-005, 5.102220387317778700E-005 ),
 .UNSPECIFIED. ) ;
#2837 = CARTESIAN_POINT ( 'NONE',  ( -0.5000000000000000000, 0.9499999999999999600, 0.02500000000000013700 ) ) ;
#2838 = DIRECTION ( 'NONE',  ( 0.0000000000000000000, 1.000000000000000000, 0.0000000000000000000 ) ) ;
#2839 = CARTESIAN_POINT ( 'NONE',  ( 0.7267004620051908900, 0.005082918048790297000, 0.7529127532727026800 ) ) ;
#2840 = LINE ( 'NONE', #7172, #3262 ) ;
#2841 = DIRECTION ( 'NONE',  ( 0.0000000000000000000, 1.000000000000000000, 0.0000000000000000000 ) ) ;
#2842 = VERTEX_POINT ( 'NONE', #8488 ) ;
#2843 = CARTESIAN_POINT ( 'NONE',  ( 0.9555555555555560500, 0.1899999999999999700, 0.7098412698412697200 ) ) ;
#2844 = AXIS2_PLACEMENT_3D ( 'NONE', #3721, #10356, #2738 ) ;
#2845 = CARTESIAN_POINT ( 'NONE',  ( -0.5861111111111111400, 0.02222222222222208800, 0.7320634920634923000 ) ) ;
#2846 = EDGE_CURVE ( 'NONE', #5272, #10461, #2697, .T. ) ;
#2847 = AXIS2_PLACEMENT_3D ( 'NONE', #7724, #10428, #42 ) ;
#2848 = VERTEX_POINT ( 'NONE', #7577 ) ;
#2849 = ORIENTED_EDGE ( 'NONE', *, *, #5063, .F. ) ;
#2850 = CARTESIAN_POINT ( 'NONE',  ( -0.5500000000000000400, 0.9499999999999999600, -0.1700000000000001000 ) ) ;
#2851 = DIRECTION ( 'NONE',  ( 0.0000000000000000000, 1.000000000000000000, 0.0000000000000000000 ) ) ;
#2852 = CARTESIAN_POINT ( 'NONE',  ( -0.6249999999999995600, 0.1777777777777776700, 0.8000000000000000400 ) ) ;
#2853 = DIRECTION ( 'NONE',  ( 0.0000000000000000000, -0.0000000000000000000, -1.000000000000000000 ) ) ;
#2854 = PRESENTATION_STYLE_ASSIGNMENT (( #5136 ) ) ;
#2855 = AXIS2_PLACEMENT_3D ( 'NONE', #11940, #9074, #4376 ) ;
#2856 = CARTESIAN_POINT ( 'NONE',  ( 0.7038131408097454400, 0.1997655530834405200, 0.7809972338988383500 ) ) ;
#2857 = AXIS2_PLACEMENT_3D ( 'NONE', #5198, #10975, #3425 ) ;
#2858 = VERTEX_POINT ( 'NONE', #5681 ) ;
#2859 = CARTESIAN_POINT ( 'NONE',  ( -0.3100000000000000500, 1.000000000000000000, -0.1499999999999999100 ) ) ;
#2860 = CARTESIAN_POINT ( 'NONE',  ( 0.7083333333333332600, 0.2917026449484777500, 0.7159625845907814400 ) ) ;
#2861 = ORIENTED_EDGE ( 'NONE', *, *, #7250, .F. ) ;
#2862 = EDGE_CURVE ( 'NONE', #9855, #5402, #10253, .T. ) ;
#2863 = CARTESIAN_POINT ( 'NONE',  ( 0.9777777777777779700, 0.02222222222222208800, -2.728221152986401400E-016 ) ) ;
#2864 = VERTEX_POINT ( 'NONE', #4708 ) ;
#2865 = DIRECTION ( 'NONE',  ( 1.000000000000000000, 0.0000000000000000000, -4.336808689942017700E-016 ) ) ;
#2866 = ADVANCED_FACE ( 'NONE', ( #4904 ), #9337, .F. ) ;
#2867 = ORIENTED_EDGE ( 'NONE', *, *, #5450, .T. ) ;
#2868 = ORIENTED_EDGE ( 'NONE', *, *, #3696, .F. ) ;
#2869 = ORIENTED_EDGE ( 'NONE', *, *, #6465, .T. ) ;
#2870 = ORIENTED_EDGE ( 'NONE', *, *, #11684, .F. ) ;
#2871 = EDGE_LOOP ( 'NONE', ( #1557, #5866, #4552, #10124, #1681 ) ) ;
#2872 = CARTESIAN_POINT ( 'NONE',  ( 0.7166666666666667900, 0.2000000000000000100, 0.7614445778845514400 ) ) ;
#2873 =( LENGTH_UNIT ( ) NAMED_UNIT ( * ) SI_UNIT ( .MILLI., .METRE. ) );
#2874 = AXIS2_PLACEMENT_3D ( 'NONE', #3962, #2105, #4873 ) ;
#2875 = CARTESIAN_POINT ( 'NONE',  ( -0.9777777777777777500, 0.8000000000000000400, 0.0000000000000000000 ) ) ;
#2876 = DIRECTION ( 'NONE',  ( 0.0000000000000000000, 0.0000000000000000000, 1.000000000000000000 ) ) ;
#2877 = FACE_OUTER_BOUND ( 'NONE', #385, .T. ) ;
#2878 = CARTESIAN_POINT ( 'NONE',  ( -0.3999999999999999700, 0.9499999999999999600, 0.1000000000000000200 ) ) ;
#2879 = DIRECTION ( 'NONE',  ( 0.0000000000000000000, 0.0000000000000000000, 1.000000000000000000 ) ) ;
#2880 = ORIENTED_EDGE ( 'NONE', *, *, #1026, .T. ) ;
#2881 = DIRECTION ( 'NONE',  ( 0.0000000000000000000, 0.0000000000000000000, 1.000000000000000000 ) ) ;
#2882 = DIRECTION ( 'NONE',  ( -0.0000000000000000000, 0.0000000000000000000, 1.000000000000000000 ) ) ;
#2883 = EDGE_LOOP ( 'NONE', ( #2849, #9971, #4778, #11490 ) ) ;
#2884 = DIRECTION ( 'NONE',  ( 1.000000000000000000, -0.0000000000000000000, -0.0000000000000000000 ) ) ;
#2885 = ADVANCED_FACE ( 'NONE', ( #9047 ), #8773, .F. ) ;
#2886 = ORIENTED_EDGE ( 'NONE', *, *, #9308, .F. ) ;
#2887 = EDGE_LOOP ( 'NONE', ( #9659, #5530 ) ) ;
#2888 = AXIS2_PLACEMENT_3D ( 'NONE', #8574, #3851, #1998 ) ;
#2889 = FACE_OUTER_BOUND ( 'NONE', #3150, .T. ) ;
#2890 = CLOSED_SHELL ( 'NONE', ( #7824, #2092, #3789, #5650 ) ) ;
#2891 = DIRECTION ( 'NONE',  ( 0.0000000000000000000, 1.000000000000000000, 0.0000000000000000000 ) ) ;
#2892 = ORIENTED_EDGE ( 'NONE', *, *, #5214, .F. ) ;
#2893 = EDGE_LOOP ( 'NONE', ( #10234, #9977, #2770, #3153, #6525 ) ) ;
#2894 = DIRECTION ( 'NONE',  ( 0.0000000000000000000, 0.0000000000000000000, 1.000000000000000000 ) ) ;
#2895 = VERTEX_POINT ( 'NONE', #6700 ) ;
#2896 = CARTESIAN_POINT ( 'NONE',  ( 0.7027188910447338400, 0.2002692226519564300, 0.7775615125519005400 ) ) ;
#2897 = CARTESIAN_POINT ( 'NONE',  ( 0.9555555555555553800, 0.1999999999999999800, -0.7555555555555557600 ) ) ;
#2898 = LINE ( 'NONE', #159, #8509 ) ;
#2899 = EDGE_CURVE ( 'NONE', #1606, #10331, #9626, .T. ) ;
#2900 = DIRECTION ( 'NONE',  ( -1.000000000000000000, 0.0000000000000000000, 0.0000000000000000000 ) ) ;
#2901 = VECTOR ( 'NONE', #4446, 1000.000000000000000 ) ;
#2902 = FACE_OUTER_BOUND ( 'NONE', #8201, .T. ) ;
#2903 = DIRECTION ( 'NONE',  ( -0.0000000000000000000, 1.000000000000000000, -0.0000000000000000000 ) ) ;
#2904 = VERTEX_POINT ( 'NONE', #10675 ) ;
#2905 = EDGE_CURVE ( 'NONE', #8633, #8054, #7417, .T. ) ;
#2906 = ORIENTED_EDGE ( 'NONE', *, *, #11774, .T. ) ;
#2907 = EDGE_LOOP ( 'NONE', ( #9752, #7870, #10785, #4410 ) ) ;
#2908 = FACE_OUTER_BOUND ( 'NONE', #8943, .T. ) ;
#2909 = CIRCLE ( 'NONE', #10895, 0.02499999999999984900 ) ;
#2910 = ORIENTED_EDGE ( 'NONE', *, *, #748, .F. ) ;
#2911 = ORIENTED_EDGE ( 'NONE', *, *, #7883, .T. ) ;
#2912 = DIRECTION ( 'NONE',  ( 5.918954667815146000E-016, -0.0000000000000000000, 1.000000000000000000 ) ) ;
#2913 = CARTESIAN_POINT ( 'NONE',  ( 0.6515526917747399600, 0.2986541647849710300, 0.7143996934766703200 ) ) ;
#2914 = EDGE_CURVE ( 'NONE', #7964, #11601, #6813, .T. ) ;
#2915 = ORIENTED_EDGE ( 'NONE', *, *, #9469, .T. ) ;
#2916 = DIRECTION ( 'NONE',  ( 1.000000000000000000, 0.0000000000000000000, 0.0000000000000000000 ) ) ;
#2917 = CARTESIAN_POINT ( 'NONE',  ( -0.6249999999999995600, 0.005000000000000001800, 0.7525438349425661600 ) ) ;
#2918 =( NAMED_UNIT ( * ) PLANE_ANGLE_UNIT ( ) SI_UNIT ( $, .RADIAN. ) );
#2919 = FACE_OUTER_BOUND ( 'NONE', #535, .T. ) ;
#2920 = DIRECTION ( 'NONE',  ( 0.0000000000000000000, -1.219727444046205700E-015, -1.000000000000000000 ) ) ;
#2921 = FACE_OUTER_BOUND ( 'NONE', #2988, .T. ) ;
#2922 = ORIENTED_EDGE ( 'NONE', *, *, #4295, .T. ) ;
#2923 = ORIENTED_EDGE ( 'NONE', *, *, #4584, .F. ) ;
#2924 = ADVANCED_FACE ( 'NONE', ( #2098 ), #10385, .F. ) ;
#2925 = AXIS2_PLACEMENT_3D ( 'NONE', #9529, #9486, #6609 ) ;
#2926 =( BOUNDED_SURFACE ( )  B_SPLINE_SURFACE ( 3, 2, ( 
 ( #8717, #6767, #157 ),
 ( #9487, #5702, #10595 ),
 ( #4911, #6722, #1112 ),
 ( #113, #1061, #72 ) ),
 .UNSPECIFIED., .F., .F., .F. ) 
 B_SPLINE_SURFACE_WITH_KNOTS ( ( 4, 4 ),
 ( 3, 3 ),
 ( 0.0000000000000000000, 1.368891571761580800E-005 ),
 ( 0.0000000000000000000, 1.000000000000000000 ),
 .UNSPECIFIED. ) 
 GEOMETRIC_REPRESENTATION_ITEM ( )  RATIONAL_B_SPLINE_SURFACE ( (
 ( 1.000000000000000000, 0.8395939690034016600, 1.000000000000000000),
 ( 1.000000000000000000, 0.8402861197973327000, 1.000000000000000000),
 ( 1.000000000000000000, 0.7824569709728925700, 1.000000000000000000),
 ( 1.000000000000000000, 0.7071067811916929000, 1.000000000000000000) ) ) 
 REPRESENTATION_ITEM ( '' )  SURFACE ( )  );
#2927 = CARTESIAN_POINT ( 'NONE',  ( 0.6930616143942502900, 0.2999560827709469300, 0.6738250822827311900 ) ) ;
#2928 = FACE_OUTER_BOUND ( 'NONE', #2871, .T. ) ;
#2929 = CIRCLE ( 'NONE', #8447, 0.008333333333333499800 ) ;
#2930 = CYLINDRICAL_SURFACE ( 'NONE', #10714, 0.02500000000000014700 ) ;
#2931 = LINE ( 'NONE', #8430, #1758 ) ;
#2932 = EDGE_CURVE ( 'NONE', #8626, #1880, #2407, .T. ) ;
#2933 = CARTESIAN_POINT ( 'NONE',  ( -0.7111111111111144700, 0.5000000000000000000, -1.177777777777778000 ) ) ;
#2934 = COLOUR_RGB ( '',1.000000000000000000, 0.8117647058823529400, 0.5019607843137254800 ) ;
#2935 = CIRCLE ( 'NONE', #12026, 0.02500000000000008100 ) ;
#2936 = AXIS2_PLACEMENT_3D ( 'NONE', #8965, #10995, #6097 ) ;
#2937 = VERTEX_POINT ( 'NONE', #9778 ) ;
#2938 = DIRECTION ( 'NONE',  ( 0.0000000000000000000, 0.0000000000000000000, 1.000000000000000000 ) ) ;
#2939 = FILL_AREA_STYLE ('',( #1164 ) ) ;
#2940 = CARTESIAN_POINT ( 'NONE',  ( 0.6916666666666664300, 0.2950819672131146900, 0.7216981796386448000 ) ) ;
#2941 = ADVANCED_FACE ( 'NONE', ( #4165 ), #2245, .T. ) ;
#2942 = AXIS2_PLACEMENT_3D ( 'NONE', #8117, #8057, #10997 ) ;
#2943 = CARTESIAN_POINT ( 'NONE',  ( -0.5000000000000000000, 0.8792893218813447900, -0.2899999999999999200 ) ) ;
#2944 = CARTESIAN_POINT ( 'NONE',  ( -0.5000000000000000000, 0.8792893218813447900, -0.02500000000000002900 ) ) ;
#2945 = DIRECTION ( 'NONE',  ( 0.0000000000000000000, 0.0000000000000000000, 1.000000000000000000 ) ) ;
#2946 = CARTESIAN_POINT ( 'NONE',  ( 0.6083333333333331700, 0.1777777777777776700, 0.7777777777777780100 ) ) ;
#2947 = PRESENTATION_STYLE_ASSIGNMENT (( #2820 ) ) ;
#2948 = DIRECTION ( 'NONE',  ( 0.0000000000000000000, 1.000000000000000000, 0.0000000000000000000 ) ) ;
#2949 = VECTOR ( 'NONE', #4078, 1000.000000000000000 ) ;
#2950 = AXIS2_PLACEMENT_3D ( 'NONE', #3105, #11581, #3983 ) ;
#2951 = EDGE_CURVE ( 'NONE', #11937, #4827, #7856, .T. ) ;
#2952 = CARTESIAN_POINT ( 'NONE',  ( -0.6083333333333331700, 0.02166666666666649400, 0.7765044641500698000 ) ) ;
#2953 = AXIS2_PLACEMENT_3D ( 'NONE', #3399, #662, #5371 ) ;
#2954 = CARTESIAN_POINT ( 'NONE',  ( -0.6416666666666661600, 0.2833333333333330500, 0.7195202082821939800 ) ) ;
#2955 = FACE_OUTER_BOUND ( 'NONE', #10761, .T. ) ;
#2956 = ORIENTED_EDGE ( 'NONE', *, *, #3755, .T. ) ;
#2957 = DIRECTION ( 'NONE',  ( 0.0000000000000000000, 1.000000000000000000, 0.0000000000000000000 ) ) ;
#2958 = EDGE_CURVE ( 'NONE', #8633, #885, #5369, .T. ) ;
#2959 = FACE_OUTER_BOUND ( 'NONE', #1903, .T. ) ;
#2960 = CARTESIAN_POINT ( 'NONE',  ( -0.5861111111111110300, 0.02084828783363505000, 0.7542702750785550400 ) ) ;
#2961 = DIRECTION ( 'NONE',  ( 0.0000000000000000000, 0.0000000000000000000, -1.000000000000000000 ) ) ;
#2962 = AXIS2_PLACEMENT_3D ( 'NONE', #9850, #2421, #4189 ) ;
#2963 = LINE ( 'NONE', #8206, #7698 ) ;
#2964 = ORIENTED_EDGE ( 'NONE', *, *, #6260, .T. ) ;
#2965 = CARTESIAN_POINT ( 'NONE',  ( 0.6916666666666665400, 0.3000000000000001000, 0.7140968530029924200 ) ) ;
#2966 = EDGE_CURVE ( 'NONE', #1442, #4636, #8743, .T. ) ;
#2967 = ADVANCED_FACE ( 'NONE', ( #1662 ), #10093, .T. ) ;
#2968 = EDGE_CURVE ( 'NONE', #1690, #3640, #497, .T. ) ;
#2969 = TOROIDAL_SURFACE ( 'NONE', #6350, 0.02222222222222244900, 0.02222222222222200100 ) ;
#2970 = CARTESIAN_POINT ( 'NONE',  ( -0.9777777777777777500, 0.8000000000000000400, -0.5111111111111131800 ) ) ;
#2971 = ORIENTED_EDGE ( 'NONE', *, *, #3089, .F. ) ;
#2972 = VERTEX_POINT ( 'NONE', #8996 ) ;
#2973 = CARTESIAN_POINT ( 'NONE',  ( -0.5861111111111111400, 0.02222222222222208800, 0.7320634920634923000 ) ) ;
#2974 = DIRECTION ( 'NONE',  ( 0.0000000000000000000, 1.000000000000000000, -0.0000000000000000000 ) ) ;
#2975 = CARTESIAN_POINT ( 'NONE',  ( 0.7259098923040089300, 0.005019394929512189400, 0.7526314699680828300 ) ) ;
#2976 = ORIENTED_EDGE ( 'NONE', *, *, #3493, .T. ) ;
#2977 = PRESENTATION_LAYER_ASSIGNMENT (  '', '', ( #2382 ) ) ;
#2978 = PRODUCT_CONTEXT ( 'NONE', #4026, 'mechanical' ) ;
#2979 = ADVANCED_FACE ( 'NONE', ( #7555 ), #1312, .F. ) ;
#2980 = CARTESIAN_POINT ( 'NONE',  ( 0.6416666666658343800, 0.2917245858686684000, 0.7159574659057201800 ) ) ;
#2981 = CIRCLE ( 'NONE', #1752, 0.02499999999999995600 ) ;
#2982 = EDGE_CURVE ( 'NONE', #4947, #10750, #2963, .T. ) ;
#2983 = CYLINDRICAL_SURFACE ( 'NONE', #3560, 0.02499999999999984900 ) ;
#2984 = CARTESIAN_POINT ( 'NONE',  ( -0.7337795273583246300, 0.2000000000000000100, 0.7367563354116716300 ) ) ;
#2985 = EDGE_CURVE ( 'NONE', #8626, #4371, #1208, .T. ) ;
#2986 = ORIENTED_EDGE ( 'NONE', *, *, #11237, .T. ) ;
#2987 = AXIS2_PLACEMENT_3D ( 'NONE', #10370, #913, #10445 ) ;
#2988 = EDGE_LOOP ( 'NONE', ( #5156, #5556 ) ) ;
#2989 = EDGE_LOOP ( 'NONE', ( #6705, #5261, #7838, #4640 ) ) ;
#2991 = ORIENTED_EDGE ( 'NONE', *, *, #5587, .T. ) ;
#2990 = EDGE_CURVE ( 'NONE', #9515, #10762, #8454, .T. ) ;
#2992 = ORIENTED_EDGE ( 'NONE', *, *, #1428, .F. ) ;
#2993 = DIRECTION ( 'NONE',  ( -1.000000000000000000, 0.0000000000000000000, 0.0000000000000000000 ) ) ;
#2994 = ORIENTED_EDGE ( 'NONE', *, *, #1820, .T. ) ;
#2995 = DIRECTION ( 'NONE',  ( 0.0000000000000000000, 0.0000000000000000000, -1.000000000000000000 ) ) ;
#2996 = AXIS2_PLACEMENT_3D ( 'NONE', #10447, #4857, #9685 ) ;
#2997 = AXIS2_PLACEMENT_3D ( 'NONE', #8821, #1221, #3110 ) ;
#2998 = ORIENTED_EDGE ( 'NONE', *, *, #2207, .T. ) ;
#2999 = ADVANCED_FACE ( 'NONE', ( #1046 ), #11425, .F. ) ;
#3000 = ORIENTED_EDGE ( 'NONE', *, *, #6125, .T. ) ;
#3001 = DIRECTION ( 'NONE',  ( 0.0000000000000000000, 0.0000000000000000000, -1.000000000000000000 ) ) ;
#3002 = EDGE_CURVE ( 'NONE', #5238, #6470, #2840, .T. ) ;
#3003 = CARTESIAN_POINT ( 'NONE',  ( -0.7150566701131133600, 0.2001196922682669200, 0.7319736551855237100 ) ) ;
#3004 = VERTEX_POINT ( 'NONE', #11050 ) ;
#3005 = ORIENTED_EDGE ( 'NONE', *, *, #12132, .F. ) ;
#3006 = CARTESIAN_POINT ( 'NONE',  ( 0.6416666666666661600, 0.2069249905396928500, 0.7654281079891364100 ) ) ;
#3007 = ORIENTED_EDGE ( 'NONE', *, *, #2134, .T. ) ;
#3008 = VECTOR ( 'NONE', #108, 1000.000000000000000 ) ;
#3009 = LINE ( 'NONE', #8779, #1267 ) ;
#3010 = AXIS2_PLACEMENT_3D ( 'NONE', #5284, #11020, #5341 ) ;
#3011 = EDGE_CURVE ( 'NONE', #3657, #3160, #10441, .T. ) ;
#3012 = ORIENTED_EDGE ( 'NONE', *, *, #11127, .F. ) ;
#3013 = CARTESIAN_POINT ( 'NONE',  ( -0.6925000000000000000, 0.9499999999999999600, -0.02499999999999977600 ) ) ;
#3014 = ORIENTED_EDGE ( 'NONE', *, *, #8269, .T. ) ;
#3015 = DIRECTION ( 'NONE',  ( 1.000000000000000000, -0.0000000000000000000, -0.0000000000000000000 ) ) ;
#3016 = DIRECTION ( 'NONE',  ( 0.0000000000000000000, 0.0000000000000000000, 1.000000000000000000 ) ) ;
#3017 = CLOSED_SHELL ( 'NONE', ( #10525, #10847, #11019, #4444 ) ) ;
#3018 = ORIENTED_EDGE ( 'NONE', *, *, #10725, .T. ) ;
#3019 = AXIS2_PLACEMENT_3D ( 'NONE', #10013, #9962, #6449 ) ;
#3020 = DIRECTION ( 'NONE',  ( 0.0000000000000000000, 0.0000000000000000000, 1.000000000000000000 ) ) ;
#3021 = DIRECTION ( 'NONE',  ( 0.0000000000000000000, -1.185846126156016100E-015, 1.000000000000000000 ) ) ;
#3022 = ORIENTED_EDGE ( 'NONE', *, *, #2413, .F. ) ;
#3023 = CIRCLE ( 'NONE', #2607, 0.02499999999999990400 ) ;
#3024 = DIRECTION ( 'NONE',  ( 1.000000000000000000, 0.0000000000000000000, -2.790226179190621600E-016 ) ) ;
#3025 = CIRCLE ( 'NONE', #7859, 0.5000000000000000000 ) ;
#3026 = EDGE_CURVE ( 'NONE', #5126, #1311, #6233, .T. ) ;
#3027 = VERTEX_POINT ( 'NONE', #9978 ) ;
#3028 = CARTESIAN_POINT ( 'NONE',  ( 0.6416666666655476100, 0.2833333333339025400, 0.7179317890669038000 ) ) ;
#3029 = ORIENTED_EDGE ( 'NONE', *, *, #4859, .F. ) ;
#3030 = ORIENTED_EDGE ( 'NONE', *, *, #1125, .F. ) ;
#3031 = ADVANCED_FACE ( 'NONE', ( #5645 ), #5212, .F. ) ;
#3032 = AXIS2_PLACEMENT_3D ( 'NONE', #9005, #9784, #4129 ) ;
#3033 = CARTESIAN_POINT ( 'NONE',  ( -0.7389631577554478500, 0.1933625106579119600, 0.7673563811878197900 ) ) ;
#3034 = ORIENTED_EDGE ( 'NONE', *, *, #734, .F. ) ;
#3035 = ORIENTED_EDGE ( 'NONE', *, *, #3918, .T. ) ;
#3036 = CIRCLE ( 'NONE', #937, 0.04444444444444439100 ) ;
#3037 = CARTESIAN_POINT ( 'NONE',  ( -0.7083333333333330400, 0.2868852459016390500, 0.7254702478983879900 ) ) ;
#3038 = CIRCLE ( 'NONE', #462, 0.02222222222222198000 ) ;
#3039 = CIRCLE ( 'NONE', #5407, 0.02222222222222208800 ) ;
#3040 = CARTESIAN_POINT ( 'NONE',  ( 7.937048284925630400E-017, 0.02222222222222208800, 0.7320634920634921900 ) ) ;
#3041 = LINE ( 'NONE', #11027, #9707 ) ;
#3042 = VERTEX_POINT ( 'NONE', #10740 ) ;
#3043 = DIRECTION ( 'NONE',  ( 0.0000000000000000000, 0.0000000000000000000, -1.000000000000000000 ) ) ;
#3044 = ORIENTED_EDGE ( 'NONE', *, *, #7883, .F. ) ;
#3045 = DIRECTION ( 'NONE',  ( 0.0000000000000000000, 1.000000000000000000, 0.0000000000000000000 ) ) ;
#3046 = EDGE_LOOP ( 'NONE', ( #7951, #4543, #5687, #7409 ) ) ;
#3047 = DIRECTION ( 'NONE',  ( 0.0000000000000000000, 7.411538288475051500E-017, -1.000000000000000000 ) ) ;
#3048 = EDGE_CURVE ( 'NONE', #5855, #8473, #5064, .T. ) ;
#3049 = CIRCLE ( 'NONE', #9072, 0.02500000000000002900 ) ;
#3050 = CARTESIAN_POINT ( 'NONE',  ( -0.7416666666666665900, 0.01679151846260041500, 0.7763607655362403400 ) ) ;
#3051 = ADVANCED_FACE ( 'NONE', ( #197 ), #6710, .T. ) ;
#3052 = CARTESIAN_POINT ( 'NONE',  ( 0.9555555555555560500, 0.1899999999999999700, 0.7320634920634920800 ) ) ;
#3053 = EDGE_CURVE ( 'NONE', #8995, #9471, #645, .T. ) ;
#3054 = FACE_OUTER_BOUND ( 'NONE', #3579, .T. ) ;
#3055 = AXIS2_PLACEMENT_3D ( 'NONE', #4687, #5631, #3593 ) ;
#3056 = ORIENTED_EDGE ( 'NONE', *, *, #7712, .F. ) ;
#3057 = CARTESIAN_POINT ( 'NONE',  ( 0.3500000000000000300, 0.02222222222222208800, 0.7542857142857142300 ) ) ;
#3058 = ORIENTED_EDGE ( 'NONE', *, *, #10315, .T. ) ;
#3059 = ORIENTED_EDGE ( 'NONE', *, *, #3133, .T. ) ;
#3060 = CARTESIAN_POINT ( 'NONE',  ( 0.6132071259878676400, 0.1952360356561510200, 0.7617738542168770400 ) ) ;
#3061 = FACE_OUTER_BOUND ( 'NONE', #5592, .T. ) ;
#3062 = TOROIDAL_SURFACE ( 'NONE', #520, 0.02222222222222244900, 0.02222222222222200100 ) ;
#3063 =( NAMED_UNIT ( * ) SI_UNIT ( $, .STERADIAN. ) SOLID_ANGLE_UNIT ( ) );
#3064 = CARTESIAN_POINT ( 'NONE',  ( 0.6999999999999997300, 0.1997656017279598700, 0.7809969016383354600 ) ) ;
#3065 = CARTESIAN_POINT ( 'NONE',  ( -0.6499999999999996900, 0.2030620702128254900, 0.7754994340234724300 ) ) ;
#3066 = B_SPLINE_CURVE_WITH_KNOTS ( 'NONE', 3,
 ( #12014, #2543, #11840, #5199, #7247, #11006, #2381, #1600, #4228, #7091, #6123, #1430, #3305, #4275, #5065, #11264, #8372, #711, #6348, #3558, #752, #7336 ),
 .UNSPECIFIED., .F., .F.,
 ( 4, 3, 3, 3, 3, 3, 3, 4 ),
 ( 6.776263578034402000E-021, 3.345596232468480500E-006, 5.635626781644876200E-006, 1.215125970146401800E-005, 2.294226144496224200E-005, 3.574719943669622400E-005, 4.328428485871380000E-005, 4.885060615503830800E-005 ),
 .UNSPECIFIED. ) ;
#3067 = CYLINDRICAL_SURFACE ( 'NONE', #3157, 0.02500000000000006400 ) ;
#3068 = CIRCLE ( 'NONE', #2633, 0.02499999999999995600 ) ;
#3069 = EDGE_CURVE ( 'NONE', #7860, #7628, #53, .T. ) ;
#3070 = ORIENTED_EDGE ( 'NONE', *, *, #3794, .F. ) ;
#3071 = ORIENTED_EDGE ( 'NONE', *, *, #9162, .T. ) ;
#3072 = ADVANCED_FACE ( 'NONE', ( #2551 ), #9785, .T. ) ;
#3073 = AXIS2_PLACEMENT_3D ( 'NONE', #1044, #10490, #5879 ) ;
#3074 = CARTESIAN_POINT ( 'NONE',  ( -0.6925000000000000000, 0.8792893218813447900, 0.02499999999999993900 ) ) ;
#3075 = UNCERTAINTY_MEASURE_WITH_UNIT (LENGTH_MEASURE( 1.000000000000000100E-005 ), #2073, 'distance_accuracy_value', 'NONE');
#3076 =( NAMED_UNIT ( * ) SI_UNIT ( $, .STERADIAN. ) SOLID_ANGLE_UNIT ( ) );
#3077 = CARTESIAN_POINT ( 'NONE',  ( 0.6485593009371661800, 0.3000000000000000400, 0.7141316758973608200 ) ) ;
#3078 = CIRCLE ( 'NONE', #10419, 0.02222222222222198000 ) ;
#3079 = CIRCLE ( 'NONE', #10345, 0.02499999999999990400 ) ;
#3080 = DIRECTION ( 'NONE',  ( 1.000000000000000000, -0.0000000000000000000, -0.0000000000000000000 ) ) ;
#3081 = CIRCLE ( 'NONE', #287, 0.02500000000000006400 ) ;
#3082 = CARTESIAN_POINT ( 'NONE',  ( -0.7166652541603924000, 0.2000000000000000100, 0.7674395715206209200 ) ) ;
#3083 =( NAMED_UNIT ( * ) SI_UNIT ( $, .STERADIAN. ) SOLID_ANGLE_UNIT ( ) );
#3084 = AXIS2_PLACEMENT_3D ( 'NONE', #2673, #1844, #11968 ) ;
#3085 = EDGE_LOOP ( 'NONE', ( #2725, #3926 ) ) ;
#3086 = CARTESIAN_POINT ( 'NONE',  ( -0.7066586345818213200, 0.2936573986107892100, 0.7222880631887936800 ) ) ;
#3087 = AXIS2_PLACEMENT_3D ( 'NONE', #11248, #11200, #10191 ) ;
#3088 = DIRECTION ( 'NONE',  ( 0.0000000000000000000, 0.0000000000000000000, 1.000000000000000000 ) ) ;
#3089 = EDGE_CURVE ( 'NONE', #1450, #966, #5929, .T. ) ;
#3090 = CARTESIAN_POINT ( 'NONE',  ( -0.6045164677361407600, 0.005250245235137984300, 0.7465041957254627800 ) ) ;
#3091 = VECTOR ( 'NONE', #2699, 1000.000000000000000 ) ;
#3092 = DIRECTION ( 'NONE',  ( 2.790226179190637400E-016, 0.0000000000000000000, 1.000000000000000000 ) ) ;
#3093 = CARTESIAN_POINT ( 'NONE',  ( -0.6000000000000000900, 0.8792893218813447900, 0.1250000000000001100 ) ) ;
#3094 = CARTESIAN_POINT ( 'NONE',  ( -0.7390487430039763800, 0.009913430419786192800, 0.7527169969080566000 ) ) ;
#3095 = DIRECTION ( 'NONE',  ( 0.0000000000000000000, 0.0000000000000000000, 1.000000000000000000 ) ) ;
#3096 = VECTOR ( 'NONE', #5009, 1000.000000000000000 ) ;
#3097 = CARTESIAN_POINT ( 'NONE',  ( 0.7250000000000000900, 0.02222222222222176900, 0.8000000000000000400 ) ) ;
#3098 = AXIS2_PLACEMENT_3D ( 'NONE', #11235, #2721, #9326 ) ;
#3099 = DIRECTION ( 'NONE',  ( -0.0000000000000000000, 1.000000000000000000, -0.0000000000000000000 ) ) ;
#3100 = ORIENTED_EDGE ( 'NONE', *, *, #8366, .F. ) ;
#3101 = ADVANCED_FACE ( 'NONE', ( #4756 ), #8588, .T. ) ;
#3102 = CARTESIAN_POINT ( 'NONE',  ( 0.7083333333333332600, 0.1999999999999999800, 0.7777777777777780100 ) ) ;
#3103 = VECTOR ( 'NONE', #6886, 1000.000000000000000 ) ;
#3104 = CARTESIAN_POINT ( 'NONE',  ( -0.6150911984416269600, 0.008265419357010391300, 0.7906061851220923500 ) ) ;
#3105 = CARTESIAN_POINT ( 'NONE',  ( 0.6083333333333331700, 0.2080110357092785100, 0.7822040730860444500 ) ) ;
#3106 = CARTESIAN_POINT ( 'NONE',  ( 0.6438622901756035900, 0.2917985726909796400, 0.7159605016901985400 ) ) ;
#3107 = CARTESIAN_POINT ( 'NONE',  ( -0.7250000000000000900, 0.1777777777777776700, 0.7833333333333335500 ) ) ;
#3108 = LINE ( 'NONE', #5993, #10841 ) ;
#3109 = AXIS2_PLACEMENT_3D ( 'NONE', #3433, #3516, #4457 ) ;
#3110 = DIRECTION ( 'NONE',  ( 0.0000000000000000000, 0.0000000000000000000, 1.000000000000000000 ) ) ;
#3111 = ADVANCED_FACE ( 'NONE', ( #9470 ), #4512, .F. ) ;
#3112 = AXIS2_PLACEMENT_3D ( 'NONE', #1763, #9310, #3691 ) ;
#3113 = CIRCLE ( 'NONE', #11083, 0.02500000000000009200 ) ;
#3114 = DIRECTION ( 'NONE',  ( 0.0000000000000000000, 1.000000000000000000, 0.0000000000000000000 ) ) ;
#3115 = DIRECTION ( 'NONE',  ( -0.0000000000000000000, 1.185846126156022200E-015, 1.000000000000000000 ) ) ;
#3116 = FACE_OUTER_BOUND ( 'NONE', #11549, .T. ) ;
#3117 = EDGE_LOOP ( 'NONE', ( #8358, #11748, #7301, #2998 ) ) ;
#3118 = EDGE_CURVE ( 'NONE', #6405, #10524, #3414, .T. ) ;
#3119 = VERTEX_POINT ( 'NONE', #5465 ) ;
#3120 = CARTESIAN_POINT ( 'NONE',  ( 0.9555555555555560500, 0.8222222222222219700, 0.7542857142857141200 ) ) ;
#3121 = DIRECTION ( 'NONE',  ( -0.0000000000000000000, 1.000000000000000000, -0.0000000000000000000 ) ) ;
#3122 = CARTESIAN_POINT ( 'NONE',  ( -0.7367928740121000300, 0.1952360356561832200, 0.7617738542167940000 ) ) ;
#3123 = DIRECTION ( 'NONE',  ( 0.0000000000000000000, 1.185846126156016500E-015, -1.000000000000000000 ) ) ;
#3124 = AXIS2_PLACEMENT_3D ( 'NONE', #1135, #11619, #10623 ) ;
#3125 = SURFACE_SIDE_STYLE ('',( #10670 ) ) ;
#3126 = ADVANCED_FACE ( 'NONE', ( #1946 ), #5532, .F. ) ;
#3127 = DIRECTION ( 'NONE',  ( 0.0000000000000000000, 1.000000000000000000, 0.0000000000000000000 ) ) ;
#3128 = VERTEX_POINT ( 'NONE', #6542 ) ;
#3129 = CARTESIAN_POINT ( 'NONE',  ( -0.5000000000000000000, 0.9499999999999999600, -0.2899999999999999200 ) ) ;
#3130 = CARTESIAN_POINT ( 'NONE',  ( -0.7111111111111144700, 0.1999999999999999800, -0.7777777777777780100 ) ) ;
#3131 = CARTESIAN_POINT ( 'NONE',  ( -0.6499999999999996900, 0.4999999999999996700, 1.177777777777777800 ) ) ;
#3132 = CIRCLE ( 'NONE', #8183, 0.02499999999999984900 ) ;
#3133 = EDGE_CURVE ( 'NONE', #10335, #7890, #2691, .T. ) ;
#3134 =( BOUNDED_SURFACE ( )  B_SPLINE_SURFACE ( 3, 2, ( 
 ( #7770, #10508, #7718 ),
 ( #2860, #9533, #5813 ),
 ( #8592, #6769, #10469 ),
 ( #2965, #6681, #2940 ) ),
 .UNSPECIFIED., .F., .F., .T. ) 
 B_SPLINE_SURFACE_WITH_KNOTS ( ( 4, 4 ),
 ( 3, 3 ),
 ( 0.0000000000000000000, 1.368890430171051800E-005 ),
 ( 0.0000000000000000000, 1.000000000000000000 ),
 .UNSPECIFIED. ) 
 GEOMETRIC_REPRESENTATION_ITEM ( )  RATIONAL_B_SPLINE_SURFACE ( (
 ( 1.000000000000000000, 0.7071067811865516800, 1.000000000000000000),
 ( 1.000000000000000000, 0.7823819211277779400, 1.000000000000000000),
 ( 1.000000000000000000, 0.8401566670091494800, 1.000000000000000000),
 ( 1.000000000000000000, 0.8395939690034016600, 1.000000000000000000) ) ) 
 REPRESENTATION_ITEM ( '' )  SURFACE ( )  );
#3135 = DIRECTION ( 'NONE',  ( 0.0000000000000000000, 1.000000000000000000, 0.0000000000000000000 ) ) ;
#3136 = ORIENTED_EDGE ( 'NONE', *, *, #565, .F. ) ;
#3137 = FILL_AREA_STYLE_COLOUR ( '', #10628 ) ;
#3138 = DIRECTION ( 'NONE',  ( 0.0000000000000000000, 0.0000000000000000000, 1.000000000000000000 ) ) ;
#3139 = DIRECTION ( 'NONE',  ( -1.000000000000000000, 0.0000000000000000000, 0.0000000000000000000 ) ) ;
#3140 = CARTESIAN_POINT ( 'NONE',  ( -0.6480965325244142400, 0.2030652449077593500, 0.7754970906526298400 ) ) ;
#3141 = ORIENTED_EDGE ( 'NONE', *, *, #11812, .T. ) ;
#3142 = B_SPLINE_CURVE_WITH_KNOTS ( 'NONE', 3,
 ( #3476, #11095, #7101, #11209, #12180, #6456, #7439, #12210, #9183, #2586 ),
 .UNSPECIFIED., .F., .F.,
 ( 4, 3, 3, 4 ),
 ( 1.212174879515270100E-019, 5.951832009368299100E-006, 1.144111560983042800E-005, 1.225867003040207900E-005 ),
 .UNSPECIFIED. ) ;
#3143 = DIRECTION ( 'NONE',  ( 0.0000000000000000000, 1.000000000000000000, -0.0000000000000000000 ) ) ;
#3144 = CARTESIAN_POINT ( 'NONE',  ( -0.5000000000000000000, 1.000000000000000000, -0.02500000000000002900 ) ) ;
#3145 = CIRCLE ( 'NONE', #4844, 0.02500000000000014700 ) ;
#3146 = AXIS2_PLACEMENT_3D ( 'NONE', #2544, #3471, #10101 ) ;
#3147 = DIRECTION ( 'NONE',  ( 0.0000000000000000000, 1.000000000000000000, 0.0000000000000000000 ) ) ;
#3148 = EDGE_LOOP ( 'NONE', ( #3594, #7757, #8449, #5298 ) ) ;
#3149 = VERTEX_POINT ( 'NONE', #6479 ) ;
#3150 = EDGE_LOOP ( 'NONE', ( #3441, #4168, #6435, #11388 ) ) ;
#3151 = EDGE_LOOP ( 'NONE', ( #6424, #1364, #1969, #11960, #9119, #9915 ) ) ;
#3152 = EDGE_CURVE ( 'NONE', #3951, #10569, #12055, .T. ) ;
#3153 = ORIENTED_EDGE ( 'NONE', *, *, #8278, .F. ) ;
#3154 = CARTESIAN_POINT ( 'NONE',  ( -0.3075000000000000500, 1.000000000000000000, 0.02500000000000010900 ) ) ;
#3155 = VECTOR ( 'NONE', #8922, 1000.000000000000000 ) ;
#3156 = ADVANCED_FACE ( 'NONE', ( #3116 ), #11746, .F. ) ;
#3157 = AXIS2_PLACEMENT_3D ( 'NONE', #10467, #11429, #5747 ) ;
#3158 = SURFACE_STYLE_USAGE ( .BOTH. , #8835 ) ;
#3159 = ORIENTED_EDGE ( 'NONE', *, *, #2442, .F. ) ;
#3160 = VERTEX_POINT ( 'NONE', #4713 ) ;
#3161 = ORIENTED_EDGE ( 'NONE', *, *, #3629, .F. ) ;
#3162 = CARTESIAN_POINT ( 'NONE',  ( -0.7381061346141439800, 0.1938661034126589500, 0.7651827898941886400 ) ) ;
#3163 = DIRECTION ( 'NONE',  ( 0.0000000000000000000, 0.0000000000000000000, 1.000000000000000000 ) ) ;
#3164 = CARTESIAN_POINT ( 'NONE',  ( -0.7269543156565212400, 0.005109432206511539300, 0.7530304205298857800 ) ) ;
#3165 = ORIENTED_EDGE ( 'NONE', *, *, #6327, .F. ) ;
#3166 = AXIS2_PLACEMENT_3D ( 'NONE', #7543, #1897, #54 ) ;
#3167 = DIRECTION ( 'NONE',  ( 0.0000000000000000000, 1.000000000000000000, 0.0000000000000000000 ) ) ;
#3168 = DIRECTION ( 'NONE',  ( 1.000000000000000000, 0.0000000000000000000, 0.0000000000000000000 ) ) ;
#3169 = ORIENTED_EDGE ( 'NONE', *, *, #2387, .F. ) ;
#3170 = PLANE ( 'NONE',  #10790 ) ;
#3171 = CIRCLE ( 'NONE', #8936, 0.02500000000000009200 ) ;
#3172 = LINE ( 'NONE', #2666, #1577 ) ;
#3173 = CARTESIAN_POINT ( 'NONE',  ( -0.9777777777777779700, 0.8000000000000000400, -0.7555555555555555400 ) ) ;
#3174 = ADVANCED_FACE ( 'NONE', ( #10852 ), #776, .F. ) ;
#3175 = CARTESIAN_POINT ( 'NONE',  ( -0.7344747155737011400, 0.1994140778067871900, 0.7371327801346629900 ) ) ;
#3176 = ORIENTED_EDGE ( 'NONE', *, *, #11330, .T. ) ;
#3177 = ORIENTED_EDGE ( 'NONE', *, *, #10848, .T. ) ;
#3178 = VERTEX_POINT ( 'NONE', #8896 ) ;
#3179 = CARTESIAN_POINT ( 'NONE',  ( -0.3550000000000000400, 0.8792893218813447900, -0.2450000000000000000 ) ) ;
#3180 = ORIENTED_EDGE ( 'NONE', *, *, #10372, .T. ) ;
#3181 = CARTESIAN_POINT ( 'NONE',  ( -0.7450000000000000000, 1.000000000000000000, 0.1750000000000000200 ) ) ;
#3182 = LINE ( 'NONE', #8843, #4822 ) ;
#3183 = AXIS2_PLACEMENT_3D ( 'NONE', #12191, #829, #8261 ) ;
#3184 = EDGE_CURVE ( 'NONE', #4344, #11187, #9923, .T. ) ;
#3185 = DIRECTION ( 'NONE',  ( 0.0000000000000000000, 1.000000000000000000, 0.0000000000000000000 ) ) ;
#3186 = LINE ( 'NONE', #997, #2766 ) ;
#3187 = CARTESIAN_POINT ( 'NONE',  ( 0.7056530433903677200, 0.1998871037155572300, 0.7800149338006883100 ) ) ;
#3188 = VERTEX_POINT ( 'NONE', #1854 ) ;
#3189 = PRESENTATION_LAYER_ASSIGNMENT (  '', '', ( #7793 ) ) ;
#3190 = DIRECTION ( 'NONE',  ( 0.0000000000000000000, 1.000000000000000000, 0.0000000000000000000 ) ) ;
#3191 = CARTESIAN_POINT ( 'NONE',  ( -0.9555555555555553800, 0.1777777777777780100, -0.7555555555555555400 ) ) ;
#3192 = EDGE_LOOP ( 'NONE', ( #6826, #7524 ) ) ;
#3193 = CARTESIAN_POINT ( 'NONE',  ( -0.4499999999999999600, 0.9499999999999999600, 0.1950000000000000600 ) ) ;
#3194 = ORIENTED_EDGE ( 'NONE', *, *, #4167, .T. ) ;
#3195 = ADVANCED_FACE ( 'NONE', ( #6374 ), #10243, .T. ) ;
#3196 = CARTESIAN_POINT ( 'NONE',  ( 0.7395357388859523700, 0.01254331701328661500, 0.7717248332187903700 ) ) ;
#3197 = VECTOR ( 'NONE', #1714, 1000.000000000000000 ) ;
#3198 = EDGE_CURVE ( 'NONE', #8054, #11781, #10700, .T. ) ;
#3199 = CYLINDRICAL_SURFACE ( 'NONE', #5572, 0.02499999999999984900 ) ;
#3200 = LINE ( 'NONE', #10399, #426 ) ;
#3201 = VERTEX_POINT ( 'NONE', #7036 ) ;
#3202 = ORIENTED_EDGE ( 'NONE', *, *, #8895, .T. ) ;
#3203 = CARTESIAN_POINT ( 'NONE',  ( -0.7638888888888885100, 0.1833333333334114200, 0.7761593472478918200 ) ) ;
#3204 = CARTESIAN_POINT ( 'NONE',  ( -0.5500000000000000400, 0.9499999999999999600, -0.1949999999999999500 ) ) ;
#3205 = ORIENTED_EDGE ( 'NONE', *, *, #4070, .T. ) ;
#3206 = DIRECTION ( 'NONE',  ( 0.0000000000000000000, 1.000000000000000000, 0.0000000000000000000 ) ) ;
#3207 = FACE_OUTER_BOUND ( 'NONE', #4663, .T. ) ;
#3208 = CARTESIAN_POINT ( 'NONE',  ( -0.7266915984094419700, 0.1999565030151835800, 0.7362832245476441700 ) ) ;
#3209 = VECTOR ( 'NONE', #10517, 1000.000000000000000 ) ;
#3210 = EDGE_LOOP ( 'NONE', ( #3336, #5997, #3071, #2477 ) ) ;
#3211 = ORIENTED_EDGE ( 'NONE', *, *, #178, .F. ) ;
#3212 = EDGE_CURVE ( 'NONE', #11088, #10764, #3718, .T. ) ;
#3213 =( NAMED_UNIT ( * ) SI_UNIT ( $, .STERADIAN. ) SOLID_ANGLE_UNIT ( ) );
#3214 = EDGE_CURVE ( 'NONE', #11172, #5179, #925, .T. ) ;
#3215 = SURFACE_SIDE_STYLE ('',( #6723 ) ) ;
#3216 = DIRECTION ( 'NONE',  ( 0.0000000000000000000, 0.0000000000000000000, 1.000000000000000000 ) ) ;
#3217 = DIRECTION ( 'NONE',  ( 0.0000000000000000000, 0.0000000000000000000, -1.000000000000000000 ) ) ;
#3218 = EDGE_CURVE ( 'NONE', #11312, #9664, #8175, .T. ) ;
#3219 = PRESENTATION_STYLE_ASSIGNMENT (( #6740 ) ) ;
#3220 = LINE ( 'NONE', #1901, #7657 ) ;
#3221 = AXIS2_PLACEMENT_3D ( 'NONE', #953, #1860, #7550 ) ;
#3222 = CIRCLE ( 'NONE', #2139, 0.02500000000000007800 ) ;
#3223 = LINE ( 'NONE', #11607, #10055 ) ;
#3224 = ADVANCED_FACE ( 'NONE', ( #9187 ), #4475, .F. ) ;
#3225 = ORIENTED_EDGE ( 'NONE', *, *, #4092, .T. ) ;
#3226 = CARTESIAN_POINT ( 'NONE',  ( 0.6446499324541491400, 0.2045710935634685300, 0.7719863409476240800 ) ) ;
#3227 = AXIS2_PLACEMENT_3D ( 'NONE', #1682, #6420, #780 ) ;
#3228 = PLANE ( 'NONE',  #3370 ) ;
#3229 = DIRECTION ( 'NONE',  ( 0.0000000000000000000, 1.000000000000000000, 0.0000000000000000000 ) ) ;
#3230 = DIRECTION ( 'NONE',  ( -0.0000000000000000000, 1.000000000000000000, -0.0000000000000000000 ) ) ;
#3231 = CYLINDRICAL_SURFACE ( 'NONE', #4493, 0.4999999999999997800 ) ;
#3232 =( LENGTH_UNIT ( ) NAMED_UNIT ( * ) SI_UNIT ( .MILLI., .METRE. ) );
#3233 = EDGE_CURVE ( 'NONE', #11784, #2199, #6075, .T. ) ;
#3234 = DIRECTION ( 'NONE',  ( 0.0000000000000000000, 0.0000000000000000000, -1.000000000000000000 ) ) ;
#3235 = EDGE_CURVE ( 'NONE', #10453, #9619, #5772, .T. ) ;
#3236 = PRESENTATION_LAYER_ASSIGNMENT (  '', '', ( #101 ) ) ;
#3237 = CARTESIAN_POINT ( 'NONE',  ( -0.9555555555555553800, 0.8000000000000000400, -0.7555555555555555400 ) ) ;
#3238 = EDGE_LOOP ( 'NONE', ( #4055, #8079 ) ) ;
#3239 = ADVANCED_FACE ( 'NONE', ( #1363 ), #8808, .T. ) ;
#3240 = CYLINDRICAL_SURFACE ( 'NONE', #3669, 0.02222222222222198000 ) ;
#3241 = LINE ( 'NONE', #447, #3539 ) ;
#3242 = AXIS2_PLACEMENT_3D ( 'NONE', #11477, #5778, #161 ) ;
#3243 = DIRECTION ( 'NONE',  ( 0.0000000000000000000, 1.000000000000000000, 0.0000000000000000000 ) ) ;
#3244 = CIRCLE ( 'NONE', #7062, 0.02222222222222198000 ) ;
#3245 = DIRECTION ( 'NONE',  ( 0.0000000000000000000, 0.0000000000000000000, 1.000000000000000000 ) ) ;
#3246 = AXIS2_PLACEMENT_3D ( 'NONE', #3237, #10844, #8999 ) ;
#3247 = DIRECTION ( 'NONE',  ( 1.084202172485504400E-016, 0.0000000000000000000, 1.000000000000000000 ) ) ;
#3248 = EDGE_CURVE ( 'NONE', #5096, #431, #10523, .T. ) ;
#3249 = DIRECTION ( 'NONE',  ( 0.0000000000000000000, 1.000000000000000000, 0.0000000000000000000 ) ) ;
#3250 = CARTESIAN_POINT ( 'NONE',  ( -0.3999999999999999700, 1.000000000000000000, -0.07499999999999996900 ) ) ;
#3251 = DIRECTION ( 'NONE',  ( 0.0000000000000000000, 1.000000000000000000, 0.0000000000000000000 ) ) ;
#3252 = CIRCLE ( 'NONE', #134, 0.04444444444444439100 ) ;
#3253 =( NAMED_UNIT ( * ) SI_UNIT ( $, .STERADIAN. ) SOLID_ANGLE_UNIT ( ) );
#3254 = DIRECTION ( 'NONE',  ( -1.000000000000000000, 0.0000000000000000000, 0.0000000000000000000 ) ) ;
#3255 = ADVANCED_FACE ( 'NONE', ( #11155 ), #2983, .F. ) ;
#3256 = DIRECTION ( 'NONE',  ( 0.0000000000000000000, 0.0000000000000000000, -1.000000000000000000 ) ) ;
#3257 = EDGE_CURVE ( 'NONE', #5667, #9219, #3132, .T. ) ;
#3258 = EDGE_CURVE ( 'NONE', #7826, #2590, #801, .T. ) ;
#3259 = FACE_OUTER_BOUND ( 'NONE', #1672, .T. ) ;
#3260 = AXIS2_PLACEMENT_3D ( 'NONE', #7895, #2375, #6035 ) ;
#3261 = DIRECTION ( 'NONE',  ( -0.0000000000000000000, 1.000000000000000000, -0.0000000000000000000 ) ) ;
#3262 = VECTOR ( 'NONE', #10933, 1000.000000000000000 ) ;
#3263 = CARTESIAN_POINT ( 'NONE',  ( -0.7072332038841739900, 0.2892882220587139600, 0.6786315273357921300 ) ) ;
#3264 = ORIENTED_EDGE ( 'NONE', *, *, #5016, .F. ) ;
#3265 = PLANE ( 'NONE',  #6657 ) ;
#3266 = DIRECTION ( 'NONE',  ( 0.0000000000000000000, -1.000000000000000000, 0.0000000000000000000 ) ) ;
#3267 = SURFACE_STYLE_USAGE ( .BOTH. , #11927 ) ;
#3268 = DIRECTION ( 'NONE',  ( -0.0000000000000000000, 1.000000000000000000, -0.0000000000000000000 ) ) ;
#3269 = CARTESIAN_POINT ( 'NONE',  ( -0.6416666666413614100, 0.2850520766690093400, 0.7175268770085423400 ) ) ;
#3270 = ORIENTED_EDGE ( 'NONE', *, *, #871, .F. ) ;
#3271 = ORIENTED_EDGE ( 'NONE', *, *, #9749, .T. ) ;
#3272 = PRODUCT ( 'VLS201610CX-100M-1', 'VLS201610CX-100M-1', '', ( #2978 ) ) ;
#3273 = ADVANCED_FACE ( 'NONE', ( #5797 ), #5242, .T. ) ;
#3274 =( NAMED_UNIT ( * ) PLANE_ANGLE_UNIT ( ) SI_UNIT ( $, .RADIAN. ) );
#3275 = CARTESIAN_POINT ( 'NONE',  ( 0.6463423343174546900, 0.2037864407927174000, 0.7741557840478935400 ) ) ;
#3276 = DIRECTION ( 'NONE',  ( 0.0000000000000000000, 0.0000000000000000000, 1.000000000000000000 ) ) ;
#3277 = EDGE_CURVE ( 'NONE', #7632, #665, #9646, .T. ) ;
#3278 = ORIENTED_EDGE ( 'NONE', *, *, #1788, .T. ) ;
#3279 = VERTEX_POINT ( 'NONE', #9479 ) ;
#3280 =( LENGTH_UNIT ( ) NAMED_UNIT ( * ) SI_UNIT ( .MILLI., .METRE. ) );
#3281 = ORIENTED_EDGE ( 'NONE', *, *, #5544, .T. ) ;
#3282 = EDGE_CURVE ( 'NONE', #5579, #1856, #7874, .T. ) ;
#3283 = VECTOR ( 'NONE', #163, 1000.000000000000000 ) ;
#3284 = DIRECTION ( 'NONE',  ( 1.000000000000000000, 0.0000000000000000000, 0.0000000000000000000 ) ) ;
#3285 =( GEOMETRIC_REPRESENTATION_CONTEXT ( 3 ) GLOBAL_UNCERTAINTY_ASSIGNED_CONTEXT ( ( #4821 ) ) GLOBAL_UNIT_ASSIGNED_CONTEXT ( ( #3232, #1353, #4237 ) ) REPRESENTATION_CONTEXT ( 'NONE', 'WORKASPACE' ) );
#3286 = FACE_OUTER_BOUND ( 'NONE', #3372, .T. ) ;
#3287 = ORIENTED_EDGE ( 'NONE', *, *, #5679, .F. ) ;
#3288 = VERTEX_POINT ( 'NONE', #6643 ) ;
#3289 = UNCERTAINTY_MEASURE_WITH_UNIT (LENGTH_MEASURE( 1.000000000000000100E-005 ), #2099, 'distance_accuracy_value', 'NONE');
#3290 = CARTESIAN_POINT ( 'NONE',  ( 0.3499999999999998100, 0.1899999999999999700, 0.7320634920634921900 ) ) ;
#3291 = ADVANCED_FACE ( 'NONE', ( #7726 ), #105, .T. ) ;
#3292 = CARTESIAN_POINT ( 'NONE',  ( -0.7525212899417294000, 0.1944401966788559300, 0.7469211907694042200 ) ) ;
#3293 = CARTESIAN_POINT ( 'NONE',  ( 0.9777777777777777500, 0.1899999999999999700, -0.7555555555555557600 ) ) ;
#3294 = EDGE_LOOP ( 'NONE', ( #4993, #9339 ) ) ;
#3295 = ORIENTED_EDGE ( 'NONE', *, *, #2809, .T. ) ;
#3296 = EDGE_CURVE ( 'NONE', #4422, #7053, #12225, .T. ) ;
#3297 = CARTESIAN_POINT ( 'NONE',  ( -0.3999999999999999700, 1.000000000000000000, 0.1000000000000000200 ) ) ;
#3298 = EDGE_LOOP ( 'NONE', ( #817, #11502, #8017, #2008 ) ) ;
#3299 = VERTEX_POINT ( 'NONE', #3998 ) ;
#3300 = DIRECTION ( 'NONE',  ( -0.0000000000000000000, -1.000000000000000000, 0.0000000000000000000 ) ) ;
#3301 = CIRCLE ( 'NONE', #6020, 0.02500000000000009200 ) ;
#3302 = DIRECTION ( 'NONE',  ( -1.000000000000000000, -0.0000000000000000000, -6.286328266020499900E-016 ) ) ;
#3303 = EDGE_CURVE ( 'NONE', #10113, #1270, #5080, .T. ) ;
#3304 = CARTESIAN_POINT ( 'NONE',  ( -0.2549999999999999500, 0.8792893218813447900, 0.1749999999999998500 ) ) ;
#3305 = CARTESIAN_POINT ( 'NONE',  ( 0.7495510874009864200, 0.006864741310086044200, 0.7481250903814427000 ) ) ;
#3306 = EDGE_LOOP ( 'NONE', ( #4086, #11747 ) ) ;
#3307 = CARTESIAN_POINT ( 'NONE',  ( -0.6000000000000000900, 0.9499999999999999600, -0.09999999999999993600 ) ) ;
#3308 = ORIENTED_EDGE ( 'NONE', *, *, #8802, .T. ) ;
#3309 = CARTESIAN_POINT ( 'NONE',  ( -0.3550000000000000400, 0.9499999999999999600, -0.2699999999999999600 ) ) ;
#3310 =( NAMED_UNIT ( * ) PLANE_ANGLE_UNIT ( ) SI_UNIT ( $, .RADIAN. ) );
#3311 = DIRECTION ( 'NONE',  ( 0.0000000000000000000, 0.0000000000000000000, 1.000000000000000000 ) ) ;
#3312 = EDGE_LOOP ( 'NONE', ( #8471, #5275, #8258, #7178 ) ) ;
#3313 = VERTEX_POINT ( 'NONE', #5900 ) ;
#3314 = CARTESIAN_POINT ( 'NONE',  ( -0.5000000000000000000, 0.9499999999999999600, -0.09999999999999993600 ) ) ;
#3315 = EDGE_LOOP ( 'NONE', ( #7281, #5698, #4120, #6088, #11613, #4486, #3323, #8413, #6882, #4953 ) ) ;
#3316 = CIRCLE ( 'NONE', #6712, 0.02499999999999995600 ) ;
#3317 = AXIS2_PLACEMENT_3D ( 'NONE', #743, #861, #1717 ) ;
#3318 = CARTESIAN_POINT ( 'NONE',  ( 0.7261135314666865600, 0.1999920272434900200, 0.7326587073462670400 ) ) ;
#3319 = CIRCLE ( 'NONE', #6450, 0.02500000000000007800 ) ;
#3320 = AXIS2_PLACEMENT_3D ( 'NONE', #4789, #8504, #11422 ) ;
#3321 = EDGE_LOOP ( 'NONE', ( #11659, #3763, #11018, #808 ) ) ;
#3322 = EDGE_CURVE ( 'NONE', #11102, #4947, #10721, .T. ) ;
#3323 = ORIENTED_EDGE ( 'NONE', *, *, #9984, .F. ) ;
#3324 = VERTEX_POINT ( 'NONE', #11559 ) ;
#3325 = AXIS2_PLACEMENT_3D ( 'NONE', #9316, #3606, #11177 ) ;
#3326 = CARTESIAN_POINT ( 'NONE',  ( -0.6899999999999999500, 1.000000000000000000, -0.1250000000000000600 ) ) ;
#3327 = EDGE_LOOP ( 'NONE', ( #5652, #2465, #12002, #227 ) ) ;
#3328 = CYLINDRICAL_SURFACE ( 'NONE', #3221, 0.02499999999999990400 ) ;
#3329 = CARTESIAN_POINT ( 'NONE',  ( -0.3550000000000000400, 1.000000000000000000, -0.2450000000000000000 ) ) ;
#3330 = CARTESIAN_POINT ( 'NONE',  ( -0.6399404231084145900, 0.1999999999999997600, 0.7777777777777780100 ) ) ;
#3331 = LINE ( 'NONE', #11546, #5561 ) ;
#3332 = CIRCLE ( 'NONE', #188, 0.4999999999999997800 ) ;
#3333 = ORIENTED_EDGE ( 'NONE', *, *, #10862, .T. ) ;
#3334 = ORIENTED_EDGE ( 'NONE', *, *, #11171, .T. ) ;
#3335 = DIRECTION ( 'NONE',  ( 0.0000000000000000000, 0.0000000000000000000, -1.000000000000000000 ) ) ;
#3336 = ORIENTED_EDGE ( 'NONE', *, *, #6621, .F. ) ;
#3337 = MECHANICAL_DESIGN_GEOMETRIC_PRESENTATION_REPRESENTATION (  '', ( #6502 ), #9668 ) ;
#3338 = CARTESIAN_POINT ( 'NONE',  ( -0.7009737720920793400, 0.1997688069410429900, 0.7809752279044884800 ) ) ;
#3339 = VERTEX_POINT ( 'NONE', #6761 ) ;
#3340 = CARTESIAN_POINT ( 'NONE',  ( -0.7250000000000000900, 0.004999999999999967100, 0.7471185785507582500 ) ) ;
#3341 = CARTESIAN_POINT ( 'NONE',  ( 0.7337266462599716400, 0.02222222222222176900, 0.8000000000000000400 ) ) ;
#3342 = FACE_OUTER_BOUND ( 'NONE', #8983, .T. ) ;
#3343 = LINE ( 'NONE', #4549, #10176 ) ;
#3344 = ORIENTED_EDGE ( 'NONE', *, *, #7980, .T. ) ;
#3345 = VERTEX_POINT ( 'NONE', #2103 ) ;
#3346 = ADVANCED_FACE ( 'NONE', ( #2114 ), #1281, .T. ) ;
#3347 = VERTEX_POINT ( 'NONE', #2233 ) ;
#3348 = CARTESIAN_POINT ( 'NONE',  ( 0.7111111111111148000, 0.5000000000000001100, 0.6320634920634918800 ) ) ;
#3349 = DIRECTION ( 'NONE',  ( 0.0000000000000000000, -0.0000000000000000000, 1.000000000000000000 ) ) ;
#3350 = FACE_BOUND ( 'NONE', #5263, .T. ) ;
#3351 = CARTESIAN_POINT ( 'NONE',  ( -0.3550000000000000400, 0.9499999999999999600, -0.2450000000000000000 ) ) ;
#3352 = CARTESIAN_POINT ( 'NONE',  ( -0.7111111111111138000, 0.1999999999999999800, 0.4653968253968282500 ) ) ;
#3353 = CARTESIAN_POINT ( 'NONE',  ( -0.6249999999999995600, 0.1777777777777776700, 0.7833333333333335500 ) ) ;
#3354 = AXIS2_PLACEMENT_3D ( 'NONE', #5942, #2037, #10658 ) ;
#3355 = CIRCLE ( 'NONE', #36, 0.008333333333333499800 ) ;
#3356 = CIRCLE ( 'NONE', #111, 0.02222222222222241400 ) ;
#3357 = DIRECTION ( 'NONE',  ( 1.000000000000000000, -0.0000000000000000000, -0.0000000000000000000 ) ) ;
#3358 = ORIENTED_EDGE ( 'NONE', *, *, #4216, .F. ) ;
#3359 = ORIENTED_EDGE ( 'NONE', *, *, #9008, .F. ) ;
#3360 = CARTESIAN_POINT ( 'NONE',  ( -0.7287151125838642300, 0.002566758136643570700, 0.7424349214005611100 ) ) ;
#3361 = CYLINDRICAL_SURFACE ( 'NONE', #5734, 0.02222222222222252100 ) ;
#3362 = CARTESIAN_POINT ( 'NONE',  ( -0.6430171155728380300, 0.2901478548065222800, 0.7163407854667368500 ) ) ;
#3363 = ORIENTED_EDGE ( 'NONE', *, *, #7456, .F. ) ;
#3364 = CARTESIAN_POINT ( 'NONE',  ( 0.7250000000000000900, 0.002500000000000003100, 0.7423036635030291200 ) ) ;
#3365 = ADVANCED_FACE ( 'NONE', ( #3286 ), #3958, .F. ) ;
#3366 = EDGE_CURVE ( 'NONE', #311, #10942, #7574, .T. ) ;
#3367 = VECTOR ( 'NONE', #8601, 1000.000000000000000 ) ;
#3368 = CIRCLE ( 'NONE', #9814, 0.02499999999999984900 ) ;
#3369 = LINE ( 'NONE', #12276, #4578 ) ;
#3370 = AXIS2_PLACEMENT_3D ( 'NONE', #1516, #7095, #464 ) ;
#3371 = DIRECTION ( 'NONE',  ( 0.0000000000000000000, 0.0000000000000000000, -1.000000000000000000 ) ) ;
#3372 = EDGE_LOOP ( 'NONE', ( #1534, #4524, #2880, #9129 ) ) ;
#3373 = ORIENTED_EDGE ( 'NONE', *, *, #1366, .T. ) ;
#3374 = DIRECTION ( 'NONE',  ( 0.0000000000000000000, 0.0000000000000000000, 1.000000000000000000 ) ) ;
#3375 = CARTESIAN_POINT ( 'NONE',  ( -0.5000000000000000000, 1.000000000000000000, -0.1250000000000000800 ) ) ;
#3376 = CARTESIAN_POINT ( 'NONE',  ( -0.9555555555555553800, 0.1999999999999999800, 0.7542857142857142300 ) ) ;
#3377 = CIRCLE ( 'NONE', #11976, 0.02499999999999984900 ) ;
#3378 = CARTESIAN_POINT ( 'NONE',  ( -0.3075000000000000500, 1.000000000000000000, -0.02499999999999994600 ) ) ;
#3379 = DIRECTION ( 'NONE',  ( -2.790226179190637400E-016, 0.0000000000000000000, -1.000000000000000000 ) ) ;
#3380 = EDGE_CURVE ( 'NONE', #8350, #2722, #1829, .T. ) ;
#3381 = LINE ( 'NONE', #12250, #6342 ) ;
#3382 = EDGE_CURVE ( 'NONE', #5831, #4371, #8043, .T. ) ;
#3383 = VERTEX_POINT ( 'NONE', #8713 ) ;
#3384 = DIRECTION ( 'NONE',  ( 0.0000000000000000000, 0.4262295081967251200, 0.9046150597587783200 ) ) ;
#3385 = CARTESIAN_POINT ( 'NONE',  ( 0.7096426234785776500, 0.1999999999999996800, 0.7651513958793285700 ) ) ;
#3386 = DIRECTION ( 'NONE',  ( 1.000000000000000000, 0.0000000000000000000, -1.084202172485504400E-016 ) ) ;
#3387 = CIRCLE ( 'NONE', #4595, 0.02500000000000009200 ) ;
#3388 = CARTESIAN_POINT ( 'NONE',  ( -0.5000000000000000000, 1.000000000000000000, -0.2899999999999999200 ) ) ;
#3389 = AXIS2_PLACEMENT_3D ( 'NONE', #9906, #10894, #5304 ) ;
#3390 = PLANE ( 'NONE',  #11150 ) ;
#3391 = DIRECTION ( 'NONE',  ( 0.0000000000000000000, 0.0000000000000000000, 1.000000000000000000 ) ) ;
#3392 = EDGE_CURVE ( 'NONE', #9088, #5964, #11931, .T. ) ;
#3393 = CIRCLE ( 'NONE', #4150, 0.02499999999999984900 ) ;
#3394 = CARTESIAN_POINT ( 'NONE',  ( 0.5861111111111112500, 0.1999999999999999800, 0.7765079365079360400 ) ) ;
#3395 = ORIENTED_EDGE ( 'NONE', *, *, #2134, .F. ) ;
#3396 = DIRECTION ( 'NONE',  ( -1.000000000000000000, -0.0000000000000000000, -0.0000000000000000000 ) ) ;
#3397 = EDGE_CURVE ( 'NONE', #10206, #6447, #5525, .T. ) ;
#3398 = AXIS2_PLACEMENT_3D ( 'NONE', #8917, #10896, #10949 ) ;
#3399 = CARTESIAN_POINT ( 'NONE',  ( -0.6916666666666663200, 0.2833333333333334900, 1.132063492063492200 ) ) ;
#3400 = FACE_OUTER_BOUND ( 'NONE', #5932, .T. ) ;
#3401 = ADVANCED_FACE ( 'NONE', ( #2426 ), #9484, .F. ) ;
#3402 = CARTESIAN_POINT ( 'NONE',  ( -0.3999999999999999700, 1.000000000000000000, 0.1000000000000000200 ) ) ;
#3403 = CARTESIAN_POINT ( 'NONE',  ( 0.6083333333333331700, 0.2030620702128255200, 0.7754994340234725400 ) ) ;
#3404 = STYLED_ITEM ( 'NONE', ( #9270 ), #2408 ) ;
#3405 = DIRECTION ( 'NONE',  ( -1.000000000000000000, 0.0000000000000000000, 1.084202172485504800E-016 ) ) ;
#3406 = DIRECTION ( 'NONE',  ( 0.0000000000000000000, -0.0000000000000000000, 1.000000000000000000 ) ) ;
#3407 = AXIS2_PLACEMENT_3D ( 'NONE', #10177, #723, #7387 ) ;
#3408 = CARTESIAN_POINT ( 'NONE',  ( 0.9555555555555551600, 0.02222222222222208800, -0.8000000000000001600 ) ) ;
#3409 = CARTESIAN_POINT ( 'NONE',  ( 0.3499999999999999200, 0.0000000000000000000, 0.0000000000000000000 ) ) ;
#3410 = CARTESIAN_POINT ( 'NONE',  ( -0.2549999999999999500, 1.000000000000000000, 0.1749999999999998500 ) ) ;
#3411 = CARTESIAN_POINT ( 'NONE',  ( -0.9777777777777779700, 1.000000000000000000, -0.7555555555555555400 ) ) ;
#3412 = DIRECTION ( 'NONE',  ( -1.000000000000000000, 0.0000000000000000000, 1.790425605939365300E-016 ) ) ;
#3413 = CARTESIAN_POINT ( 'NONE',  ( 0.6333333333333326400, 0.2000000000000000100, 0.7614445778845510000 ) ) ;
#3414 = CIRCLE ( 'NONE', #9434, 0.02499999999999985900 ) ;
#3415 = CARTESIAN_POINT ( 'NONE',  ( -0.7250000000000000900, 0.004999999999999995800, 0.7525438349425662700 ) ) ;
#3416 = ORIENTED_EDGE ( 'NONE', *, *, #8226, .F. ) ;
#3417 = ADVANCED_FACE ( 'NONE', ( #9353 ), #11733, .F. ) ;
#3418 = CARTESIAN_POINT ( 'NONE',  ( 0.6454220282940288400, 0.2042135005601425600, 0.7729610799974244700 ) ) ;
#3419 = CARTESIAN_POINT ( 'NONE',  ( -0.6449999999999999100, 0.9499999999999999600, 0.2450000000000001100 ) ) ;
#3420 = AXIS2_PLACEMENT_3D ( 'NONE', #6566, #9493, #7599 ) ;
#3421 = ORIENTED_EDGE ( 'NONE', *, *, #2404, .F. ) ;
#3422 = PLANE ( 'NONE',  #5846 ) ;
#3423 = AXIS2_PLACEMENT_3D ( 'NONE', #10417, #4727, #3717 ) ;
#3424 = CARTESIAN_POINT ( 'NONE',  ( 0.9555555555555560500, 0.8222222222222219700, 0.7098412698412697200 ) ) ;
#3425 = DIRECTION ( 'NONE',  ( 0.0000000000000000000, 0.0000000000000000000, -1.000000000000000000 ) ) ;
#3426 = CARTESIAN_POINT ( 'NONE',  ( -0.6923633338325037000, 0.3000000000000002700, 0.6738059225679077200 ) ) ;
#3427 = PLANE ( 'NONE',  #3858 ) ;
#3428 = ORIENTED_EDGE ( 'NONE', *, *, #9743, .T. ) ;
#3429 = DIRECTION ( 'NONE',  ( 0.0000000000000000000, 0.0000000000000000000, -1.000000000000000000 ) ) ;
#3430 = EDGE_CURVE ( 'NONE', #6849, #5272, #219, .T. ) ;
#3431 = CARTESIAN_POINT ( 'NONE',  ( -0.2125000000000000200, 0.9499999999999999600, -0.02499999999999994600 ) ) ;
#3432 = ORIENTED_EDGE ( 'NONE', *, *, #4230, .F. ) ;
#3433 = CARTESIAN_POINT ( 'NONE',  ( 0.6416666666666661600, 0.4999999999999996700, 1.177777777777777800 ) ) ;
#3434 = CARTESIAN_POINT ( 'NONE',  ( -0.3499999999999997000, 0.1777777777777780100, 0.7320634920634921900 ) ) ;
#3435 = VECTOR ( 'NONE', #3121, 1000.000000000000000 ) ;
#3436 = AXIS2_PLACEMENT_3D ( 'NONE', #921, #4667, #4599 ) ;
#3437 = CARTESIAN_POINT ( 'NONE',  ( -0.4999999999999998900, 0.9499999999999999600, 0.2900000000000000400 ) ) ;
#3438 = DIRECTION ( 'NONE',  ( 0.0000000000000000000, 0.0000000000000000000, -1.000000000000000000 ) ) ;
#3439 = EDGE_LOOP ( 'NONE', ( #6598, #5543, #4824, #9360 ) ) ;
#3440 = ORIENTED_EDGE ( 'NONE', *, *, #5983, .F. ) ;
#3441 = ORIENTED_EDGE ( 'NONE', *, *, #9389, .F. ) ;
#3442 = CARTESIAN_POINT ( 'NONE',  ( -0.7250000000000000900, 0.005000000000000002700, 0.7461070750187860400 ) ) ;
#3443 = CARTESIAN_POINT ( 'NONE',  ( -0.7638888888888885100, 0.1805555555555947200, 0.7541114196556920600 ) ) ;
#3444 = DIRECTION ( 'NONE',  ( 1.000000000000000000, 0.0000000000000000000, 0.0000000000000000000 ) ) ;
#3445 = SURFACE_STYLE_FILL_AREA ( #4492 ) ;
#3446 = EDGE_CURVE ( 'NONE', #11066, #10321, #11611, .T. ) ;
#3447 = DIRECTION ( 'NONE',  ( 0.0000000000000000000, 1.000000000000000000, 0.0000000000000000000 ) ) ;
#3448 = EDGE_LOOP ( 'NONE', ( #6716, #2583, #10756, #9142 ) ) ;
#3449 = ORIENTED_EDGE ( 'NONE', *, *, #7946, .T. ) ;
#3450 = MANIFOLD_SOLID_BREP ( 'Boss-Extrude4[2]', #10889 ) ;
#3451 = ORIENTED_EDGE ( 'NONE', *, *, #4846, .T. ) ;
#3452 = VERTEX_POINT ( 'NONE', #6842 ) ;
#3453 = CARTESIAN_POINT ( 'NONE',  ( -0.5500000000000001600, 0.9499999999999999600, 0.1950000000000000600 ) ) ;
#3454 = EDGE_LOOP ( 'NONE', ( #1284, #6015, #6026, #4554 ) ) ;
#3455 = CARTESIAN_POINT ( 'NONE',  ( 0.5876673280018384100, 0.1860011335892184400, 0.7527081906491403000 ) ) ;
#3456 = AXIS2_PLACEMENT_3D ( 'NONE', #11391, #6808, #3001 ) ;
#3457 = VECTOR ( 'NONE', #4273, 1000.000000000000000 ) ;
#3458 = CARTESIAN_POINT ( 'NONE',  ( -0.5000000000000000000, 0.9499999999999999600, 0.1000000000000000500 ) ) ;
#3459 = DIRECTION ( 'NONE',  ( -0.0000000000000000000, -1.000000000000000000, -0.0000000000000000000 ) ) ;
#3460 = EDGE_LOOP ( 'NONE', ( #7428, #6283, #12229, #10914 ) ) ;
#3461 =( GEOMETRIC_REPRESENTATION_CONTEXT ( 3 ) GLOBAL_UNCERTAINTY_ASSIGNED_CONTEXT ( ( #1801 ) ) GLOBAL_UNIT_ASSIGNED_CONTEXT ( ( #8781, #11629, #6053 ) ) REPRESENTATION_CONTEXT ( 'NONE', 'WORKASPACE' ) );
#3462 = ORIENTED_EDGE ( 'NONE', *, *, #2202, .T. ) ;
#3463 = DIRECTION ( 'NONE',  ( 1.000000000000000000, 0.0000000000000000000, -1.084202172485504400E-016 ) ) ;
#3464 = CARTESIAN_POINT ( 'NONE',  ( 0.7405374062644152200, 0.1895856775246443600, 0.7718800139023835900 ) ) ;
#3465 = ORIENTED_EDGE ( 'NONE', *, *, #12203, .F. ) ;
#3466 = EDGE_CURVE ( 'NONE', #6721, #11314, #10267, .T. ) ;
#3467 = EDGE_LOOP ( 'NONE', ( #2423, #5960, #9359, #6924 ) ) ;
#3468 = CARTESIAN_POINT ( 'NONE',  ( -0.5000000000000000000, 0.9499999999999999600, -0.09999999999999993600 ) ) ;
#3469 = ORIENTED_EDGE ( 'NONE', *, *, #1895, .T. ) ;
#3470 = LINE ( 'NONE', #7425, #1261 ) ;
#3471 = DIRECTION ( 'NONE',  ( -0.0000000000000000000, 1.000000000000000000, -0.0000000000000000000 ) ) ;
#3472 = CARTESIAN_POINT ( 'NONE',  ( 8.048072446139330600E-017, 0.002500000000000050800, 0.7423036635030291200 ) ) ;
#3473 = EDGE_LOOP ( 'NONE', ( #390, #7567, #10649, #11944 ) ) ;
#3474 = VERTEX_POINT ( 'NONE', #5310 ) ;
#3475 = DIRECTION ( 'NONE',  ( 0.0000000000000000000, 0.0000000000000000000, 1.000000000000000000 ) ) ;
#3476 = CARTESIAN_POINT ( 'NONE',  ( 0.7083333333333332600, 0.2083333333333331500, 0.7614445778845512200 ) ) ;
#3477 = ORIENTED_EDGE ( 'NONE', *, *, #11266, .F. ) ;
#3478 = EDGE_LOOP ( 'NONE', ( #7215, #1103, #2227, #11485 ) ) ;
#3479 = CARTESIAN_POINT ( 'NONE',  ( -0.7526664774746746300, 0.008132773798952077500, 0.7493375341468908600 ) ) ;
#3480 = ORIENTED_EDGE ( 'NONE', *, *, #1143, .F. ) ;
#3481 = AXIS2_PLACEMENT_3D ( 'NONE', #3129, #3969, #1121 ) ;
#3482 = DIRECTION ( 'NONE',  ( 0.0000000000000000000, 1.000000000000000000, -0.0000000000000000000 ) ) ;
#3483 = ADVANCED_FACE ( 'NONE', ( #3737 ), #7431, .F. ) ;
#3484 = AXIS2_PLACEMENT_3D ( 'NONE', #2269, #8019, #8882 ) ;
#3485 = CIRCLE ( 'NONE', #5355, 0.02500000000000009200 ) ;
#3486 = CIRCLE ( 'NONE', #5390, 0.02222222222222208800 ) ;
#3487 = EDGE_CURVE ( 'NONE', #5087, #4884, #6251, .T. ) ;
#3488 = VERTEX_POINT ( 'NONE', #607 ) ;
#3489 = EDGE_LOOP ( 'NONE', ( #8921, #4224, #1063, #8635 ) ) ;
#3490 = ORIENTED_EDGE ( 'NONE', *, *, #6556, .F. ) ;
#3491 = CARTESIAN_POINT ( 'NONE',  ( -0.7064914866055926900, 0.2912246968781979100, 0.7160920714767321500 ) ) ;
#3492 = ORIENTED_EDGE ( 'NONE', *, *, #11769, .T. ) ;
#3493 = EDGE_CURVE ( 'NONE', #3780, #4103, #8607, .T. ) ;
#3494 = PLANE ( 'NONE',  #2065 ) ;
#3495 = PRESENTATION_STYLE_ASSIGNMENT (( #4113 ) ) ;
#3496 = CIRCLE ( 'NONE', #7442, 0.02499999999999984900 ) ;
#3497 = DIRECTION ( 'NONE',  ( 0.0000000000000000000, -1.000000000000000000, 0.0000000000000000000 ) ) ;
#3498 = ORIENTED_EDGE ( 'NONE', *, *, #8895, .F. ) ;
#3499 = MECHANICAL_DESIGN_GEOMETRIC_PRESENTATION_REPRESENTATION (  '', ( #11301 ), #1781 ) ;
#3500 = CARTESIAN_POINT ( 'NONE',  ( 0.9555555555555553800, 1.000000000000000000, -0.7555555555555557600 ) ) ;
#3501 = CARTESIAN_POINT ( 'NONE',  ( 0.6124364200687875100, 0.01058435714662389600, 0.7896837529460957200 ) ) ;
#3502 = ORIENTED_EDGE ( 'NONE', *, *, #11894, .F. ) ;
#3503 = CARTESIAN_POINT ( 'NONE',  ( 0.5861111111111112500, 0.1777777777777780100, 0.7320634920634920800 ) ) ;
#3504 = DIRECTION ( 'NONE',  ( 0.0000000000000000000, 0.0000000000000000000, -1.000000000000000000 ) ) ;
#3505 = CYLINDRICAL_SURFACE ( 'NONE', #196, 0.01666666666666651000 ) ;
#3506 = VECTOR ( 'NONE', #11703, 1000.000000000000000 ) ;
#3507 = ORIENTED_EDGE ( 'NONE', *, *, #66, .F. ) ;
#3508 = DIRECTION ( 'NONE',  ( 0.0000000000000000000, 1.000000000000000000, 0.0000000000000000000 ) ) ;
#3509 = ORIENTED_EDGE ( 'NONE', *, *, #854, .F. ) ;
#3510 = AXIS2_PLACEMENT_3D ( 'NONE', #2628, #12022, #10239 ) ;
#3511 = DIRECTION ( 'NONE',  ( 1.000000000000000000, -0.0000000000000000000, -0.0000000000000000000 ) ) ;
#3512 = CARTESIAN_POINT ( 'NONE',  ( 0.9555555555555551600, 0.1899999999999999700, -0.7777777777777780100 ) ) ;
#3513 = VECTOR ( 'NONE', #7380, 1000.000000000000000 ) ;
#3514 = CARTESIAN_POINT ( 'NONE',  ( -0.7103836759383545000, 0.1999999999999999800, 0.7774741314766032700 ) ) ;
#3515 = VECTOR ( 'NONE', #4746, 1000.000000000000000 ) ;
#3516 = DIRECTION ( 'NONE',  ( -1.000000000000000000, 0.0000000000000000000, 0.0000000000000000000 ) ) ;
#3517 = CYLINDRICAL_SURFACE ( 'NONE', #4461, 0.02222222222222198000 ) ;
#3518 = VERTEX_POINT ( 'NONE', #1365 ) ;
#3519 = UNCERTAINTY_MEASURE_WITH_UNIT (LENGTH_MEASURE( 1.000000000000000100E-005 ), #9864, 'distance_accuracy_value', 'NONE');
#3520 = EDGE_CURVE ( 'NONE', #1867, #7879, #1676, .T. ) ;
#3521 = DIRECTION ( 'NONE',  ( -0.0000000000000000000, -1.000000000000000000, -0.0000000000000000000 ) ) ;
#3522 = CIRCLE ( 'NONE', #5966, 0.02499999999999990400 ) ;
#3523 = ADVANCED_FACE ( 'NONE', ( #11762 ), #6318, .F. ) ;
#3524 = CARTESIAN_POINT ( 'NONE',  ( -0.6249999999999995600, 0.002500000000000036900, 0.7423036635030292300 ) ) ;
#3525 = AXIS2_PLACEMENT_3D ( 'NONE', #117, #4878, #10424 ) ;
#3526 = DIRECTION ( 'NONE',  ( 0.0000000000000000000, 0.0000000000000000000, -1.000000000000000000 ) ) ;
#3527 = CIRCLE ( 'NONE', #10464, 0.04444444444444396000 ) ;
#3528 = CARTESIAN_POINT ( 'NONE',  ( 0.9777777777777786300, -1.445153081025597900, 0.7098412698412697200 ) ) ;
#3529 = CARTESIAN_POINT ( 'NONE',  ( -0.2550000000000000000, 0.9499999999999999600, -0.1499999999999999100 ) ) ;
#3530 = DIRECTION ( 'NONE',  ( 0.0000000000000000000, -1.000000000000000000, 0.0000000000000000000 ) ) ;
#3531 = AXIS2_PLACEMENT_3D ( 'NONE', #8142, #2475, #10069 ) ;
#3532 = CARTESIAN_POINT ( 'NONE',  ( 0.6238082519268483000, 0.005037496151338742600, 0.7527124226970251000 ) ) ;
#3533 = CARTESIAN_POINT ( 'NONE',  ( -0.9999999999999997800, 0.8222222222222219700, 0.7542857142857142300 ) ) ;
#3534 = CARTESIAN_POINT ( 'NONE',  ( -0.6416666666666661600, 0.1999999999999999800, 0.7777777777777780100 ) ) ;
#3535 = DIRECTION ( 'NONE',  ( -0.0000000000000000000, 1.000000000000000000, -0.0000000000000000000 ) ) ;
#3536 = FACE_OUTER_BOUND ( 'NONE', #9140, .T. ) ;
#3537 = CARTESIAN_POINT ( 'NONE',  ( 0.6349842822904396800, 0.2001142262874844300, 0.7319778349323902100 ) ) ;
#3538 = DIRECTION ( 'NONE',  ( 0.0000000000000000000, 0.0000000000000000000, 1.000000000000000000 ) ) ;
#3539 = VECTOR ( 'NONE', #2201, 1000.000000000000000 ) ;
#3540 = EDGE_CURVE ( 'NONE', #6603, #7964, #4182, .T. ) ;
#3541 = CARTESIAN_POINT ( 'NONE',  ( -0.6899999999999999500, 0.8792893218813447900, -0.1499999999999999100 ) ) ;
#3542 = ADVANCED_FACE ( 'NONE', ( #8913 ), #6094, .T. ) ;
#3543 = FACE_OUTER_BOUND ( 'NONE', #10723, .T. ) ;
#3544 = AXIS2_PLACEMENT_3D ( 'NONE', #9914, #2275, #6107 ) ;
#3545 = AXIS2_PLACEMENT_3D ( 'NONE', #770, #5510, #8308 ) ;
#3546 = DIRECTION ( 'NONE',  ( 0.0000000000000000000, 0.0000000000000000000, 1.000000000000000000 ) ) ;
#3547 = CYLINDRICAL_SURFACE ( 'NONE', #6595, 0.02499999999999995600 ) ;
#3548 = EDGE_CURVE ( 'NONE', #5961, #12277, #9209, .T. ) ;
#3549 = CARTESIAN_POINT ( 'NONE',  ( -0.4500000000000000100, 0.9499999999999999600, -0.1949999999999999500 ) ) ;
#3550 = DIRECTION ( 'NONE',  ( -1.000000000000000000, 0.0000000000000000000, 0.0000000000000000000 ) ) ;
#3551 = DIRECTION ( 'NONE',  ( -0.0000000000000000000, -1.185846126156022200E-015, -1.000000000000000000 ) ) ;
#3552 = EDGE_CURVE ( 'NONE', #5235, #8088, #6991, .T. ) ;
#3553 = AXIS2_PLACEMENT_3D ( 'NONE', #10798, #9673, #4051 ) ;
#3554 = VECTOR ( 'NONE', #5204, 1000.000000000000000 ) ;
#3555 = CARTESIAN_POINT ( 'NONE',  ( 0.6187750055474882100, 0.2000008454278841600, 0.7390508765876755400 ) ) ;
#3556 = EDGE_LOOP ( 'NONE', ( #6285, #8786 ) ) ;
#3557 = CIRCLE ( 'NONE', #2390, 0.1666666666666637200 ) ;
#3558 = CARTESIAN_POINT ( 'NONE',  ( 0.7287151125838641200, 0.002566758136643599800, 0.7424349214005608900 ) ) ;
#3559 = CARTESIAN_POINT ( 'NONE',  ( -0.6000000000000000900, 1.000000000000000000, 0.1000000000000000200 ) ) ;
#3560 = AXIS2_PLACEMENT_3D ( 'NONE', #652, #10972, #4347 ) ;
#3561 = CARTESIAN_POINT ( 'NONE',  ( 0.7416034706012040200, 0.01965875209108103300, 0.7849850704878172900 ) ) ;
#3562 = CARTESIAN_POINT ( 'NONE',  ( -0.6471709315453192400, 0.2958322807946484100, 0.6756461503710680100 ) ) ;
#3563 = CARTESIAN_POINT ( 'NONE',  ( -0.6414273782144656000, 0.2060304037194585200, 0.7276087516187851300 ) ) ;
#3564 = CARTESIAN_POINT ( 'NONE',  ( -0.9999999999999997800, 0.1777777777777780100, 0.7320634920634923000 ) ) ;
#3565 = LINE ( 'NONE', #9909, #1055 ) ;
#3566 = ORIENTED_EDGE ( 'NONE', *, *, #9147, .F. ) ;
#3567 = EDGE_LOOP ( 'NONE', ( #1870, #9560, #10179, #5583 ) ) ;
#3568 = CARTESIAN_POINT ( 'NONE',  ( 0.6916666666666663200, 0.3000000000000000400, 0.7140968530029925300 ) ) ;
#3569 = CARTESIAN_POINT ( 'NONE',  ( -0.2549999999999999500, 1.000000000000000000, 0.1499999999999999700 ) ) ;
#3570 = CARTESIAN_POINT ( 'NONE',  ( 0.6953921477250557500, 0.2942172551622134800, 0.7220876836051851600 ) ) ;
#3571 = EDGE_CURVE ( 'NONE', #4145, #5225, #1382, .T. ) ;
#3572 = CARTESIAN_POINT ( 'NONE',  ( 0.6357210129486962100, 0.1999999999999999800, 0.7723523946202663900 ) ) ;
#3573 = CARTESIAN_POINT ( 'NONE',  ( 0.6150911984416269600, 0.008265419357010391300, 0.7906061851220923500 ) ) ;
#3574 = CIRCLE ( 'NONE', #1464, 0.02500000000000006400 ) ;
#3575 = CARTESIAN_POINT ( 'NONE',  ( 0.7150566701131133600, 0.2001196922682669200, 0.7319736551855237100 ) ) ;
#3576 = DIRECTION ( 'NONE',  ( -0.0000000000000000000, 1.000000000000000000, -0.0000000000000000000 ) ) ;
#3577 = AXIS2_PLACEMENT_3D ( 'NONE', #9052, #1540, #8164 ) ;
#3578 = EDGE_CURVE ( 'NONE', #860, #8932, #11169, .T. ) ;
#3579 = EDGE_LOOP ( 'NONE', ( #6117, #7015 ) ) ;
#3580 = ORIENTED_EDGE ( 'NONE', *, *, #11411, .T. ) ;
#3581 = ORIENTED_EDGE ( 'NONE', *, *, #8522, .F. ) ;
#3582 = AXIS2_PLACEMENT_3D ( 'NONE', #2532, #4511, #12115 ) ;
#3583 = CARTESIAN_POINT ( 'NONE',  ( 0.7065020357205827900, 0.2911995518846246500, 0.6777433241715276100 ) ) ;
#3584 = FACE_OUTER_BOUND ( 'NONE', #7627, .T. ) ;
#3585 = CARTESIAN_POINT ( 'NONE',  ( -0.4500000000000000100, 0.9499999999999999600, -0.2200000000000000300 ) ) ;
#3586 = CIRCLE ( 'NONE', #10330, 0.02222222222222198000 ) ;
#3587 = ORIENTED_EDGE ( 'NONE', *, *, #10454, .F. ) ;
#3588 = DIRECTION ( 'NONE',  ( -1.000000000000000000, 0.0000000000000000000, 1.790425605939365800E-016 ) ) ;
#3589 = ORIENTED_EDGE ( 'NONE', *, *, #7434, .T. ) ;
#3590 = EDGE_CURVE ( 'NONE', #10321, #3602, #3574, .T. ) ;
#3591 = ORIENTED_EDGE ( 'NONE', *, *, #2270, .F. ) ;
#3592 = ORIENTED_EDGE ( 'NONE', *, *, #10110, .T. ) ;
#3593 = DIRECTION ( 'NONE',  ( 0.0000000000000000000, 0.0000000000000000000, -1.000000000000000000 ) ) ;
#3594 = ORIENTED_EDGE ( 'NONE', *, *, #6526, .T. ) ;
#3595 = CARTESIAN_POINT ( 'NONE',  ( -0.9777777777777779700, -1.445153081025597900, -0.7555555555555555400 ) ) ;
#3596 = DIRECTION ( 'NONE',  ( -0.0000000000000000000, 0.0000000000000000000, -1.000000000000000000 ) ) ;
#3597 = FACE_OUTER_BOUND ( 'NONE', #2893, .T. ) ;
#3598 = CARTESIAN_POINT ( 'NONE',  ( -0.9555555555555553800, 0.02222222222222208800, 0.7542857142857142300 ) ) ;
#3599 = AXIS2_PLACEMENT_3D ( 'NONE', #10023, #9181, #4453 ) ;
#3600 = ADVANCED_FACE ( 'NONE', ( #1550 ), #10409, .F. ) ;
#3601 = ORIENTED_EDGE ( 'NONE', *, *, #9084, .F. ) ;
#3602 = VERTEX_POINT ( 'NONE', #5290 ) ;
#3603 = ORIENTED_EDGE ( 'NONE', *, *, #11353, .F. ) ;
#3604 = VERTEX_POINT ( 'NONE', #1486 ) ;
#3605 = VERTEX_POINT ( 'NONE', #313 ) ;
#3606 = DIRECTION ( 'NONE',  ( 0.0000000000000000000, 1.000000000000000000, 0.0000000000000000000 ) ) ;
#3607 = DIRECTION ( 'NONE',  ( -0.0000000000000000000, 1.000000000000000000, -0.0000000000000000000 ) ) ;
#3608 = ORIENTED_EDGE ( 'NONE', *, *, #4900, .T. ) ;
#3609 = CARTESIAN_POINT ( 'NONE',  ( 0.7385520031613551600, 0.01196506946204260700, 0.7890725347102005600 ) ) ;
#3610 = EDGE_CURVE ( 'NONE', #6182, #10557, #1080, .T. ) ;
#3611 = FACE_OUTER_BOUND ( 'NONE', #10648, .T. ) ;
#3612 = EDGE_CURVE ( 'NONE', #3452, #3886, #3743, .T. ) ;
#3613 = DIRECTION ( 'NONE',  ( -1.000000000000000000, 0.0000000000000000000, 0.0000000000000000000 ) ) ;
#3614 = FACE_OUTER_BOUND ( 'NONE', #1881, .T. ) ;
#3615 = ORIENTED_EDGE ( 'NONE', *, *, #3540, .T. ) ;
#3616 = PLANE ( 'NONE',  #4830 ) ;
#3617 = ORIENTED_EDGE ( 'NONE', *, *, #4582, .F. ) ;
#3618 = ORIENTED_EDGE ( 'NONE', *, *, #9279, .T. ) ;
#3619 = CARTESIAN_POINT ( 'NONE',  ( 0.9555555555555560500, 0.8000000000000000400, 0.7542857142857141200 ) ) ;
#3620 = VERTEX_POINT ( 'NONE', #10934 ) ;
#3621 = PRESENTATION_STYLE_ASSIGNMENT (( #11779 ) ) ;
#3622 = AXIS2_PLACEMENT_3D ( 'NONE', #9388, #2830, #1006 ) ;
#3623 = FACE_OUTER_BOUND ( 'NONE', #5949, .T. ) ;
#3624 = ORIENTED_EDGE ( 'NONE', *, *, #272, .T. ) ;
#3625 = ORIENTED_EDGE ( 'NONE', *, *, #12097, .F. ) ;
#3626 = EDGE_CURVE ( 'NONE', #5397, #3865, #4039, .T. ) ;
#3627 = DIRECTION ( 'NONE',  ( 0.0000000000000000000, 0.0000000000000000000, 1.000000000000000000 ) ) ;
#3628 = DIRECTION ( 'NONE',  ( 0.0000000000000000000, 1.000000000000000000, 0.0000000000000000000 ) ) ;
#3629 = EDGE_CURVE ( 'NONE', #7060, #10461, #10882, .T. ) ;
#3630 = ORIENTED_EDGE ( 'NONE', *, *, #5045, .F. ) ;
#3631 = STYLED_ITEM ( 'NONE', ( #12061 ), #5651 ) ;
#3632 = CARTESIAN_POINT ( 'NONE',  ( -0.3550000000000000400, 0.9499999999999999600, -0.2450000000000000000 ) ) ;
#3633 = CARTESIAN_POINT ( 'NONE',  ( -0.6521429982116897500, 0.2924357283665478500, 0.7228957969323360800 ) ) ;
#3634 = COLOUR_RGB ( '',1.000000000000000000, 1.000000000000000000, 1.000000000000000000 ) ;
#3635 = DIRECTION ( 'NONE',  ( 0.0000000000000000000, 0.0000000000000000000, -1.000000000000000000 ) ) ;
#3636 = CYLINDRICAL_SURFACE ( 'NONE', #4858, 0.5000000000000000000 ) ;
#3637 = DIRECTION ( 'NONE',  ( 0.0000000000000000000, 0.0000000000000000000, -1.000000000000000000 ) ) ;
#3638 = CARTESIAN_POINT ( 'NONE',  ( 0.5861111111111111400, 0.02222222222222208800, 0.7765079365079361500 ) ) ;
#3639 = CIRCLE ( 'NONE', #465, 0.02222222222222198000 ) ;
#3640 = VERTEX_POINT ( 'NONE', #704 ) ;
#3641 = EDGE_LOOP ( 'NONE', ( #2258, #2432, #8650, #7810 ) ) ;
#3642 = CARTESIAN_POINT ( 'NONE',  ( 0.6083333333333331700, 0.1777777777777780100, 0.7320634920634920800 ) ) ;
#3643 = SURFACE_SIDE_STYLE ('',( #6642 ) ) ;
#3644 = CARTESIAN_POINT ( 'NONE',  ( 0.3499999999999999200, 0.0000000000000000000, 0.0000000000000000000 ) ) ;
#3645 = ORIENTED_EDGE ( 'NONE', *, *, #2067, .F. ) ;
#3646 = AXIS2_PLACEMENT_3D ( 'NONE', #3890, #11580, #3850 ) ;
#3647 = DIRECTION ( 'NONE',  ( 0.0000000000000000000, 1.000000000000000000, -0.0000000000000000000 ) ) ;
#3648 =( GEOMETRIC_REPRESENTATION_CONTEXT ( 3 ) GLOBAL_UNCERTAINTY_ASSIGNED_CONTEXT ( ( #7544 ) ) GLOBAL_UNIT_ASSIGNED_CONTEXT ( ( #181, #314, #6750 ) ) REPRESENTATION_CONTEXT ( 'NONE', 'WORKASPACE' ) );
#3649 = FACE_BOUND ( 'NONE', #534, .T. ) ;
#3650 = EDGE_CURVE ( 'NONE', #7950, #5066, #9216, .T. ) ;
#3651 = DIRECTION ( 'NONE',  ( 0.0000000000000000000, 0.0000000000000000000, -1.000000000000000000 ) ) ;
#3652 = CIRCLE ( 'NONE', #6429, 0.02500000000000002900 ) ;
#3653 = CYLINDRICAL_SURFACE ( 'NONE', #2855, 0.02500000000000006400 ) ;
#3654 = CARTESIAN_POINT ( 'NONE',  ( -0.5500000000000001600, 1.000000000000000000, 0.1950000000000000600 ) ) ;
#3655 = DIRECTION ( 'NONE',  ( -1.084202172485504800E-016, 0.0000000000000000000, -1.000000000000000000 ) ) ;
#3656 = EDGE_CURVE ( 'NONE', #1629, #9340, #3145, .T. ) ;
#3657 = VERTEX_POINT ( 'NONE', #12182 ) ;
#3658 = ORIENTED_EDGE ( 'NONE', *, *, #1405, .F. ) ;
#3659 = CARTESIAN_POINT ( 'NONE',  ( -0.5000000000000000000, 0.9499999999999999600, -0.3150000000000000000 ) ) ;
#3660 = CARTESIAN_POINT ( 'NONE',  ( -0.3999999999999999700, 0.9499999999999999600, 0.1000000000000000200 ) ) ;
#3661 = VECTOR ( 'NONE', #8735, 1000.000000000000000 ) ;
#3662 = PLANE ( 'NONE',  #1957 ) ;
#3663 = CARTESIAN_POINT ( 'NONE',  ( 0.9555555555555560500, 0.1777777777777780100, 0.7098412698412697200 ) ) ;
#3664 = AXIS2_PLACEMENT_3D ( 'NONE', #5988, #11702, #3256 ) ;
#3665 = DIRECTION ( 'NONE',  ( 0.0000000000000000000, 0.0000000000000000000, 1.000000000000000000 ) ) ;
#3666 = FACE_OUTER_BOUND ( 'NONE', #5262, .T. ) ;
#3667 = COLOUR_RGB ( '',1.000000000000000000, 1.000000000000000000, 1.000000000000000000 ) ;
#3668 = LINE ( 'NONE', #11374, #5467 ) ;
#3669 = AXIS2_PLACEMENT_3D ( 'NONE', #4837, #9576, #8793 ) ;
#3670 = CARTESIAN_POINT ( 'NONE',  ( -0.6053963127608362700, 0.1976268501320624100, 0.7425725946937568000 ) ) ;
#3671 = LINE ( 'NONE', #1173, #154 ) ;
#3672 = VECTOR ( 'NONE', #6989, 1000.000000000000000 ) ;
#3673 = VERTEX_POINT ( 'NONE', #8093 ) ;
#3674 = CARTESIAN_POINT ( 'NONE',  ( -0.7874999999999999800, 1.000000000000000000, 0.02500000000000016400 ) ) ;
#3675 = ADVANCED_FACE ( 'NONE', ( #1390 ), #11316, .F. ) ;
#3676 = EDGE_CURVE ( 'NONE', #4988, #7785, #4351, .T. ) ;
#3677 = VECTOR ( 'NONE', #2488, 1000.000000000000000 ) ;
#3678 = LINE ( 'NONE', #10041, #11397 ) ;
#3679 = CARTESIAN_POINT ( 'NONE',  ( 0.6583333333333331000, 0.2999999999999997100, 0.6738059225679082800 ) ) ;
#3680 = CARTESIAN_POINT ( 'NONE',  ( 0.7333994653055294600, 0.1979675739712919700, 0.7530762765642599100 ) ) ;
#3681 = DIRECTION ( 'NONE',  ( -0.0000000000000000000, -0.0000000000000000000, -1.000000000000000000 ) ) ;
#3682 = VECTOR ( 'NONE', #5420, 1000.000000000000000 ) ;
#3683 = CIRCLE ( 'NONE', #4673, 0.02500000000000002900 ) ;
#3684 = AXIS2_PLACEMENT_3D ( 'NONE', #10851, #2261, #1495 ) ;
#3685 = MANIFOLD_SOLID_BREP ( 'Boss-Extrude4[4]', #6169 ) ;
#3686 = SURFACE_SIDE_STYLE ('',( #4151 ) ) ;
#3687 = DIRECTION ( 'NONE',  ( -1.790425605939364900E-016, 0.0000000000000000000, -1.000000000000000000 ) ) ;
#3688 = CARTESIAN_POINT ( 'NONE',  ( -0.7000000000000016200, 0.2002685716396182800, 0.7775614284014046300 ) ) ;
#3689 = CARTESIAN_POINT ( 'NONE',  ( -0.6449999999999999100, 0.9499999999999999600, -0.2450000000000000000 ) ) ;
#3690 = CARTESIAN_POINT ( 'NONE',  ( 7.937048284925630400E-017, 0.1999999999999999800, 0.7320634920634921900 ) ) ;
#3691 = DIRECTION ( 'NONE',  ( 0.0000000000000000000, 0.0000000000000000000, 1.000000000000000000 ) ) ;
#3692 = LINE ( 'NONE', #3074, #12031 ) ;
#3693 = CARTESIAN_POINT ( 'NONE',  ( 0.6074659655153407100, 0.1985950705671651600, 0.7414265418221321900 ) ) ;
#3694 = EDGE_CURVE ( 'NONE', #10903, #11069, #9481, .T. ) ;
#3695 = EDGE_CURVE ( 'NONE', #10762, #10029, #3586, .T. ) ;
#3696 = EDGE_CURVE ( 'NONE', #10795, #9079, #6990, .T. ) ;
#3697 = AXIS2_PLACEMENT_3D ( 'NONE', #1294, #6907, #11651 ) ;
#3698 = CARTESIAN_POINT ( 'NONE',  ( -0.6000000000000000900, 0.9499999999999999600, -0.07499999999999985800 ) ) ;
#3699 = CIRCLE ( 'NONE', #6437, 0.2666666666666639400 ) ;
#3700 = CARTESIAN_POINT ( 'NONE',  ( -0.3075000000000000500, 1.000000000000000000, 8.131516293641283300E-017 ) ) ;
#3701 = EDGE_LOOP ( 'NONE', ( #6270, #1991, #4968, #7920 ) ) ;
#3702 = CARTESIAN_POINT ( 'NONE',  ( -0.7111111111111138000, 0.5000000000000001100, 0.4653968253968282500 ) ) ;
#3703 = CARTESIAN_POINT ( 'NONE',  ( 0.7250000000000000900, 0.02166666666666650400, 0.7461070750187860400 ) ) ;
#3704 = CARTESIAN_POINT ( 'NONE',  ( -0.3550000000000000400, 0.9499999999999999600, -0.2450000000000000000 ) ) ;
#3705 = DIRECTION ( 'NONE',  ( 6.098637220231478900E-017, 0.9999218719480038600, 0.01250000000000092400 ) ) ;
#3706 = LINE ( 'NONE', #1742, #6508 ) ;
#3707 = STYLED_ITEM ( 'NONE', ( #10834 ), #224 ) ;
#3708 = CARTESIAN_POINT ( 'NONE',  ( -0.6449999999999999100, 0.8792893218813447900, -0.2450000000000000000 ) ) ;
#3709 = DIRECTION ( 'NONE',  ( 0.0000000000000000000, 1.000000000000000000, -0.0000000000000000000 ) ) ;
#3710 = DIRECTION ( 'NONE',  ( 0.0000000000000000000, 0.0000000000000000000, -1.000000000000000000 ) ) ;
#3711 = EDGE_CURVE ( 'NONE', #2749, #10594, #1236, .T. ) ;
#3712 = DIRECTION ( 'NONE',  ( -0.0000000000000000000, -7.411538288475051500E-017, 1.000000000000000000 ) ) ;
#3713 = ORIENTED_EDGE ( 'NONE', *, *, #158, .F. ) ;
#3714 = AXIS2_PLACEMENT_3D ( 'NONE', #10711, #5033, #4990 ) ;
#3715 = CARTESIAN_POINT ( 'NONE',  ( -0.7083333333333332600, 0.1999999999999999800, 0.7777777777777780100 ) ) ;
#3716 = CARTESIAN_POINT ( 'NONE',  ( 0.7411429132276143900, 0.1875101225781424800, 0.7738090997533780800 ) ) ;
#3717 = DIRECTION ( 'NONE',  ( 0.0000000000000000000, 0.0000000000000000000, -1.000000000000000000 ) ) ;
#3718 = CIRCLE ( 'NONE', #2079, 0.5000000000000000000 ) ;
#3719 = CARTESIAN_POINT ( 'NONE',  ( 0.9555555555555551600, 0.1999999999999999800, -0.8000000000000001600 ) ) ;
#3720 = ORIENTED_EDGE ( 'NONE', *, *, #5257, .F. ) ;
#3721 = CARTESIAN_POINT ( 'NONE',  ( -0.6925000000000000000, 0.9499999999999999600, 8.131516293641283300E-017 ) ) ;
#3722 = ORIENTED_EDGE ( 'NONE', *, *, #10470, .T. ) ;
#3723 = AXIS2_PLACEMENT_3D ( 'NONE', #772, #10104, #6579 ) ;
#3724 = CARTESIAN_POINT ( 'NONE',  ( -0.7450000000000000000, 0.9499999999999999600, 0.1499999999999999700 ) ) ;
#3725 = CARTESIAN_POINT ( 'NONE',  ( -0.9777777777777779700, -1.445153081025597900, -0.7555555555555555400 ) ) ;
#3726 = EDGE_CURVE ( 'NONE', #11727, #860, #1840, .T. ) ;
#3727 = CARTESIAN_POINT ( 'NONE',  ( 0.7250000000000000900, 0.1777777777777776700, 0.7833333333333335500 ) ) ;
#3728 = EDGE_CURVE ( 'NONE', #2702, #10976, #4648, .T. ) ;
#3729 = ADVANCED_FACE ( 'NONE', ( #380 ), #9812, .T. ) ;
#3730 = EDGE_LOOP ( 'NONE', ( #11902, #6679, #1079, #647 ) ) ;
#3731 = VERTEX_POINT ( 'NONE', #3097 ) ;
#3732 = DIRECTION ( 'NONE',  ( -1.000000000000000000, -0.0000000000000000000, -0.0000000000000000000 ) ) ;
#3733 = CARTESIAN_POINT ( 'NONE',  ( -0.6000000000000000900, 0.9499999999999999600, -0.09999999999999993600 ) ) ;
#3734 = CARTESIAN_POINT ( 'NONE',  ( -0.5000000000000000000, 0.8792893218813447900, 5.421010862427522200E-017 ) ) ;
#3735 = DIRECTION ( 'NONE',  ( 0.0000000000000000000, -1.000000000000000000, 0.0000000000000000000 ) ) ;
#3736 = CARTESIAN_POINT ( 'NONE',  ( -0.6449999999999999100, 0.8792893218813447900, -0.2699999999999998500 ) ) ;
#3737 = FACE_OUTER_BOUND ( 'NONE', #1707, .T. ) ;
#3738 = DIRECTION ( 'NONE',  ( 0.0000000000000000000, 1.000000000000000000, 0.0000000000000000000 ) ) ;
#3739 = ORIENTED_EDGE ( 'NONE', *, *, #6305, .T. ) ;
#3740 = CARTESIAN_POINT ( 'NONE',  ( -0.6191575596916674100, 0.006009991903447584200, 0.7566370230182932800 ) ) ;
#3741 = VERTEX_POINT ( 'NONE', #6774 ) ;
#3742 = ORIENTED_EDGE ( 'NONE', *, *, #3380, .T. ) ;
#3743 = CIRCLE ( 'NONE', #6911, 0.02222222222222198000 ) ;
#3744 =( GEOMETRIC_REPRESENTATION_CONTEXT ( 3 ) GLOBAL_UNCERTAINTY_ASSIGNED_CONTEXT ( ( #11839 ) ) GLOBAL_UNIT_ASSIGNED_CONTEXT ( ( #10719, #8703, #11682 ) ) REPRESENTATION_CONTEXT ( 'NONE', 'WORKASPACE' ) );
#3745 = ORIENTED_EDGE ( 'NONE', *, *, #5632, .F. ) ;
#3746 = VERTEX_POINT ( 'NONE', #2113 ) ;
#3747 = ORIENTED_EDGE ( 'NONE', *, *, #5012, .T. ) ;
#3748 = AXIS2_PLACEMENT_3D ( 'NONE', #11814, #3247, #6058 ) ;
#3749 = VERTEX_POINT ( 'NONE', #4920 ) ;
#3750 = CARTESIAN_POINT ( 'NONE',  ( -0.6187750055553055100, 0.2000008442952843600, 0.7390508765806447200 ) ) ;
#3751 = DIRECTION ( 'NONE',  ( 1.524540186396287500E-016, -0.9999218719480038600, -0.01250000000000107300 ) ) ;
#3752 = CARTESIAN_POINT ( 'NONE',  ( -0.7083333333333332600, 0.2000000000000000400, 0.7320634920634921900 ) ) ;
#3753 = FACE_OUTER_BOUND ( 'NONE', #2742, .T. ) ;
#3754 = CARTESIAN_POINT ( 'NONE',  ( -0.6549380973253352600, 0.2944185090608216800, 0.7219967634788437800 ) ) ;
#3755 = EDGE_CURVE ( 'NONE', #4581, #5238, #1070, .T. ) ;
#3756 = VERTEX_POINT ( 'NONE', #123 ) ;
#3757 = DIRECTION ( 'NONE',  ( -0.0000000000000000000, 1.000000000000000000, -0.0000000000000000000 ) ) ;
#3758 = ORIENTED_EDGE ( 'NONE', *, *, #9252, .F. ) ;
#3759 = CARTESIAN_POINT ( 'NONE',  ( -0.7100595768915800600, 0.1999999999999996500, 0.7777777777777813400 ) ) ;
#3760 = EDGE_LOOP ( 'NONE', ( #6114, #6747, #11949, #10624 ) ) ;
#3761 = ORIENTED_EDGE ( 'NONE', *, *, #5809, .F. ) ;
#3762 = AXIS2_PLACEMENT_3D ( 'NONE', #6335, #7282, #1639 ) ;
#3763 = ORIENTED_EDGE ( 'NONE', *, *, #9, .F. ) ;
#3764 = ORIENTED_EDGE ( 'NONE', *, *, #9480, .F. ) ;
#3765 = LINE ( 'NONE', #1905, #10596 ) ;
#3766 = ORIENTED_EDGE ( 'NONE', *, *, #5763, .F. ) ;
#3767 = DIRECTION ( 'NONE',  ( -0.0000000000000000000, 1.000000000000000000, -0.0000000000000000000 ) ) ;
#3768 = ORIENTED_EDGE ( 'NONE', *, *, #7264, .F. ) ;
#3769 = LINE ( 'NONE', #2463, #5992 ) ;
#3770 = DIRECTION ( 'NONE',  ( -1.000000000000000000, 0.0000000000000000000, 0.0000000000000000000 ) ) ;
#3771 = DIRECTION ( 'NONE',  ( 0.0000000000000000000, 0.0000000000000000000, -1.000000000000000000 ) ) ;
#3772 = ORIENTED_EDGE ( 'NONE', *, *, #687, .T. ) ;
#3773 = B_SPLINE_CURVE_WITH_KNOTS ( 'NONE', 3,
 ( #6387, #764, #11951, #2536, #2655, #1626, #3573, #8185, #3501, #8159, #2566, #10225, #1660, #9170, #726, #11002, #614, #643, #4437 ),
 .UNSPECIFIED., .F., .F.,
 ( 4, 3, 3, 3, 3, 3, 4 ),
 ( 8.470329472543003400E-022, 5.328376571829249000E-006, 1.065104474185474600E-005, 1.606056856559589600E-005, 2.171519380049884400E-005, 2.710410100637369600E-005, 2.792295796211430500E-005 ),
 .UNSPECIFIED. ) ;
#3774 = ORIENTED_EDGE ( 'NONE', *, *, #9389, .T. ) ;
#3775 = CARTESIAN_POINT ( 'NONE',  ( -0.7450000000000000000, 0.9499999999999999600, 0.1750000000000000200 ) ) ;
#3776 = DIRECTION ( 'NONE',  ( 0.0000000000000000000, 1.000000000000000000, 0.0000000000000000000 ) ) ;
#3777 = CARTESIAN_POINT ( 'NONE',  ( 0.7416666666666664700, 0.02166666666666649400, 0.7765044641500696800 ) ) ;
#3778 = EDGE_CURVE ( 'NONE', #1172, #5555, #5396, .T. ) ;
#3779 = CARTESIAN_POINT ( 'NONE',  ( -0.4500000000000000100, 1.000000000000000000, -0.1949999999999999500 ) ) ;
#3780 = VERTEX_POINT ( 'NONE', #10474 ) ;
#3781 = FACE_OUTER_BOUND ( 'NONE', #6326, .T. ) ;
#3782 = CARTESIAN_POINT ( 'NONE',  ( -0.6092126976784658600, 0.01632448890784055800, 0.7745578640946282300 ) ) ;
#3783 = LINE ( 'NONE', #12021, #11663 ) ;
#3784 = VECTOR ( 'NONE', #8863, 1000.000000000000000 ) ;
#3785 = DIRECTION ( 'NONE',  ( 0.0000000000000000000, 0.0000000000000000000, 1.000000000000000000 ) ) ;
#3786 = EDGE_LOOP ( 'NONE', ( #9107, #10804, #5791, #7583 ) ) ;
#3787 = ORIENTED_EDGE ( 'NONE', *, *, #1968, .F. ) ;
#3788 = ORIENTED_EDGE ( 'NONE', *, *, #8789, .F. ) ;
#3789 = ADVANCED_FACE ( 'NONE', ( #952 ), #201, .F. ) ;
#3790 = AXIS2_PLACEMENT_3D ( 'NONE', #12087, #9218, #9338 ) ;
#3791 = FACE_BOUND ( 'NONE', #2301, .T. ) ;
#3792 = FACE_OUTER_BOUND ( 'NONE', #3298, .T. ) ;
#3793 = CARTESIAN_POINT ( 'NONE',  ( -0.3499999999999997000, 0.1899999999999999700, 0.7320634920634920800 ) ) ;
#3794 = EDGE_CURVE ( 'NONE', #3188, #6146, #670, .T. ) ;
#3795 = ORIENTED_EDGE ( 'NONE', *, *, #3755, .F. ) ;
#3796 = DIRECTION ( 'NONE',  ( 0.0000000000000000000, 0.0000000000000000000, 1.000000000000000000 ) ) ;
#3797 = ORIENTED_EDGE ( 'NONE', *, *, #7836, .F. ) ;
#3798 = ORIENTED_EDGE ( 'NONE', *, *, #3571, .F. ) ;
#3799 = AXIS2_PLACEMENT_3D ( 'NONE', #715, #11993, #10217 ) ;
#3800 = CARTESIAN_POINT ( 'NONE',  ( -0.6565788153123741600, 0.2949432428099952900, 0.7217604431117670100 ) ) ;
#3801 = CARTESIAN_POINT ( 'NONE',  ( -0.6445013175682876600, 0.2046498041912842000, 0.7717677004406677800 ) ) ;
#3802 = CIRCLE ( 'NONE', #10059, 0.04444444444444439100 ) ;
#3803 = DIRECTION ( 'NONE',  ( 1.479738666953786500E-016, 0.0000000000000000000, 1.000000000000000000 ) ) ;
#3804 = ADVANCED_FACE ( 'NONE', ( #77 ), #9075, .T. ) ;
#3805 = DIRECTION ( 'NONE',  ( 1.000000000000000000, 0.0000000000000000000, -2.790226179190621600E-016 ) ) ;
#3806 = VECTOR ( 'NONE', #2639, 1000.000000000000000 ) ;
#3807 = CARTESIAN_POINT ( 'NONE',  ( -0.3100000000000000500, 0.9499999999999999600, -0.1749999999999998500 ) ) ;
#3808 = ORIENTED_EDGE ( 'NONE', *, *, #6794, .T. ) ;
#3809 = AXIS2_PLACEMENT_3D ( 'NONE', #6926, #1389, #6138 ) ;
#3810 = ORIENTED_EDGE ( 'NONE', *, *, #6396, .T. ) ;
#3811 = PLANE ( 'NONE',  #1677 ) ;
#3812 = VECTOR ( 'NONE', #11283, 1000.000000000000000 ) ;
#3813 = LINE ( 'NONE', #9130, #4587 ) ;
#3814 = CIRCLE ( 'NONE', #10245, 0.02499999999999995600 ) ;
#3815 = DIRECTION ( 'NONE',  ( 0.0000000000000000000, 1.000000000000000000, -0.0000000000000000000 ) ) ;
#3816 = DIRECTION ( 'NONE',  ( 0.0000000000000000000, 0.0000000000000000000, 1.000000000000000000 ) ) ;
#3817 = SURFACE_SIDE_STYLE ('',( #5577 ) ) ;
#3818 = CARTESIAN_POINT ( 'NONE',  ( 0.7337795273622290700, 0.2000000000000000100, 0.7367563354043851200 ) ) ;
#3819 = FACE_OUTER_BOUND ( 'NONE', #11711, .T. ) ;
#3820 = DIRECTION ( 'NONE',  ( 0.0000000000000000000, 0.0000000000000000000, 1.000000000000000000 ) ) ;
#3821 = CARTESIAN_POINT ( 'NONE',  ( 0.7263348821923154600, 0.005053543320636365300, 0.7527826806203936600 ) ) ;
#3822 = VERTEX_POINT ( 'NONE', #3878 ) ;
#3823 = DIRECTION ( 'NONE',  ( -0.0000000000000000000, 1.000000000000000000, -0.0000000000000000000 ) ) ;
#3824 = AXIS2_PLACEMENT_3D ( 'NONE', #10831, #3459, #10965 ) ;
#3825 = CARTESIAN_POINT ( 'NONE',  ( -0.6094203751168114600, 0.01571075670862492900, 0.7741190743085633000 ) ) ;
#3826 = DIRECTION ( 'NONE',  ( 0.0000000000000000000, 1.000000000000000000, 0.0000000000000000000 ) ) ;
#3827 = DIRECTION ( 'NONE',  ( 0.0000000000000000000, -1.000000000000000000, 0.0000000000000000000 ) ) ;
#3828 = AXIS2_PLACEMENT_3D ( 'NONE', #5409, #5247, #2430 ) ;
#3829 = LINE ( 'NONE', #3403, #6950 ) ;
#3830 =( BOUNDED_SURFACE ( )  B_SPLINE_SURFACE ( 3, 2, ( 
 ( #9227, #10322, #7290 ),
 ( #9343, #10157, #9313 ),
 ( #6497, #8414, #11140 ),
 ( #3693, #11288, #5449 ),
 ( #12098, #3555, #4538 ),
 ( #10515, #7652, #2828 ) ),
 .UNSPECIFIED., .F., .F., .F. ) 
 B_SPLINE_SURFACE_WITH_KNOTS ( ( 4, 2, 4 ),
 ( 3, 3 ),
 ( -2.710505431213761100E-020, 3.826139082368406300E-005, 7.652278164736815200E-005 ),
 ( 0.0000000000000000000, 1.000000000000000000 ),
 .UNSPECIFIED. ) 
 GEOMETRIC_REPRESENTATION_ITEM ( )  RATIONAL_B_SPLINE_SURFACE ( (
 ( 1.000000000000000000, 0.7071067811865474600, 1.000000000000000000),
 ( 1.000000000000000000, 0.7271094182724480200, 1.000000000000000000),
 ( 1.000000000000000000, 0.8299654880033994200, 1.000000000000000000),
 ( 1.000000000000000000, 0.9629808522510213700, 1.000000000000000000),
 ( 1.000000000000000000, 1.000452970100824700, 1.000000000000000000),
 ( 1.000000000000000000, 1.000000000000000000, 1.000000000000000000) ) ) 
 REPRESENTATION_ITEM ( '' )  SURFACE ( )  );
#3831 = FACE_OUTER_BOUND ( 'NONE', #4642, .T. ) ;
#3832 = EDGE_CURVE ( 'NONE', #2590, #104, #7300, .T. ) ;
#3833 = DIRECTION ( 'NONE',  ( 1.000000000000000000, -0.0000000000000000000, -0.0000000000000000000 ) ) ;
#3834 = PRESENTATION_STYLE_ASSIGNMENT (( #2826 ) ) ;
#3835 = DIRECTION ( 'NONE',  ( 0.0000000000000000000, 0.0000000000000000000, 1.000000000000000000 ) ) ;
#3836 = CARTESIAN_POINT ( 'NONE',  ( -0.3499999999999997000, 0.1899999999999999700, -0.7777777777777780100 ) ) ;
#3837 = AXIS2_PLACEMENT_3D ( 'NONE', #8151, #4421, #2594 ) ;
#3838 = CARTESIAN_POINT ( 'NONE',  ( 0.7019102755141372100, 0.2030622151421162300, 0.7754993270452816800 ) ) ;
#3839 = DIRECTION ( 'NONE',  ( -0.0000000000000000000, 0.0000000000000000000, -1.000000000000000000 ) ) ;
#3840 = DIRECTION ( 'NONE',  ( 0.0000000000000000000, 1.000000000000000000, 0.0000000000000000000 ) ) ;
#3841 = CARTESIAN_POINT ( 'NONE',  ( -0.9777777777777779700, 0.1999999999999999800, -0.7555555555555555400 ) ) ;
#3842 = DIRECTION ( 'NONE',  ( 0.0000000000000000000, 0.0000000000000000000, -1.000000000000000000 ) ) ;
#3843 = CIRCLE ( 'NONE', #11785, 0.02499999999999984900 ) ;
#3844 = EDGE_CURVE ( 'NONE', #3951, #3978, #942, .T. ) ;
#3845 = ADVANCED_FACE ( 'NONE', ( #11941 ), #9538, .F. ) ;
#3846 = EDGE_CURVE ( 'NONE', #12238, #8976, #3868, .T. ) ;
#3847 = DIRECTION ( 'NONE',  ( 0.0000000000000000000, 1.000000000000000000, 0.0000000000000000000 ) ) ;
#3848 = EDGE_CURVE ( 'NONE', #10942, #9259, #2277, .T. ) ;
#3849 = AXIS2_PLACEMENT_3D ( 'NONE', #6112, #2370, #8978 ) ;
#3850 = DIRECTION ( 'NONE',  ( 0.0000000000000000000, 0.0000000000000000000, -1.000000000000000000 ) ) ;
#3851 = DIRECTION ( 'NONE',  ( -1.000000000000000000, 0.0000000000000000000, 0.0000000000000000000 ) ) ;
#3852 = CARTESIAN_POINT ( 'NONE',  ( -0.6916666666666663200, 0.3000000000000000400, 0.7140968530029925300 ) ) ;
#3853 = DIRECTION ( 'NONE',  ( 0.0000000000000000000, 1.185846126156016500E-015, -1.000000000000000000 ) ) ;
#3854 = VECTOR ( 'NONE', #9803, 1000.000000000000000 ) ;
#3855 = DIRECTION ( 'NONE',  ( 0.0000000000000000000, 0.0000000000000000000, -1.000000000000000000 ) ) ;
#3856 = ORIENTED_EDGE ( 'NONE', *, *, #10355, .T. ) ;
#3857 = CIRCLE ( 'NONE', #10236, 0.04444444444444396000 ) ;
#3858 = AXIS2_PLACEMENT_3D ( 'NONE', #11130, #4452, #4354 ) ;
#3859 = ADVANCED_FACE ( 'NONE', ( #10732 ), #8885, .T. ) ;
#3860 = EDGE_CURVE ( 'NONE', #11314, #6721, #6367, .T. ) ;
#3861 = EDGE_CURVE ( 'NONE', #6182, #5784, #4881, .T. ) ;
#3862 = AXIS2_PLACEMENT_3D ( 'NONE', #3329, #9009, #5260 ) ;
#3863 = CIRCLE ( 'NONE', #4291, 0.02222222222222241400 ) ;
#3864 = EDGE_LOOP ( 'NONE', ( #3000, #8756 ) ) ;
#3865 = VERTEX_POINT ( 'NONE', #10793 ) ;
#3866 = CARTESIAN_POINT ( 'NONE',  ( -0.6083370318961972600, 0.02125722890037086400, 0.7836667573099572700 ) ) ;
#3867 = DIRECTION ( 'NONE',  ( -1.000000000000000000, 0.0000000000000000000, 0.0000000000000000000 ) ) ;
#3868 = CIRCLE ( 'NONE', #3260, 0.02499999999999990400 ) ;
#3869 = AXIS2_PLACEMENT_3D ( 'NONE', #2263, #518, #3405 ) ;
#3870 = VERTEX_POINT ( 'NONE', #4101 ) ;
#3871 =( NAMED_UNIT ( * ) PLANE_ANGLE_UNIT ( ) SI_UNIT ( $, .RADIAN. ) );
#3872 = VERTEX_POINT ( 'NONE', #5194 ) ;
#3873 = EDGE_CURVE ( 'NONE', #5066, #6394, #3108, .T. ) ;
#3874 = CARTESIAN_POINT ( 'NONE',  ( -0.2125000000000000200, 1.000000000000000000, -0.02499999999999994600 ) ) ;
#3875 = ORIENTED_EDGE ( 'NONE', *, *, #1968, .T. ) ;
#3876 = DIRECTION ( 'NONE',  ( -0.0000000000000000000, 1.000000000000000000, -0.0000000000000000000 ) ) ;
#3877 = CARTESIAN_POINT ( 'NONE',  ( 1.377777777777778000, 0.5000000000000000000, 0.4653968253968270300 ) ) ;
#3878 = CARTESIAN_POINT ( 'NONE',  ( 0.9555555555555551600, 0.0000000000000000000, -0.7777777777777781200 ) ) ;
#3879 = CARTESIAN_POINT ( 'NONE',  ( -0.2550000000000000000, 1.000000000000000000, -0.1499999999999999100 ) ) ;
#3880 = ORIENTED_EDGE ( 'NONE', *, *, #12214, .T. ) ;
#3881 = ORIENTED_EDGE ( 'NONE', *, *, #8836, .F. ) ;
#3882 = CARTESIAN_POINT ( 'NONE',  ( -0.3100000000000000500, 0.9499999999999999600, -0.1499999999999999100 ) ) ;
#3883 = AXIS2_PLACEMENT_3D ( 'NONE', #3402, #9942, #11059 ) ;
#3884 = EDGE_CURVE ( 'NONE', #3518, #9477, #2388, .T. ) ;
#3885 = ORIENTED_EDGE ( 'NONE', *, *, #7142, .F. ) ;
#3886 = VERTEX_POINT ( 'NONE', #9766 ) ;
#3887 = EDGE_LOOP ( 'NONE', ( #9224, #125, #8861, #444 ) ) ;
#3888 = PLANE ( 'NONE',  #9201 ) ;
#3889 = DIRECTION ( 'NONE',  ( 0.0000000000000000000, 1.000000000000000000, 0.0000000000000000000 ) ) ;
#3890 = CARTESIAN_POINT ( 'NONE',  ( -0.7250000000000000900, 0.1777777777777776700, 0.7777777777777780100 ) ) ;
#3891 = CARTESIAN_POINT ( 'NONE',  ( 0.7111111111111136900, 0.5000000000000001100, -0.5111111111111140700 ) ) ;
#3892 = FACE_OUTER_BOUND ( 'NONE', #9377, .T. ) ;
#3893 = DIRECTION ( 'NONE',  ( -0.0000000000000000000, -1.000000000000000000, -0.0000000000000000000 ) ) ;
#3894 = CARTESIAN_POINT ( 'NONE',  ( 0.7296215908772688600, 0.005625523198570025300, 0.7551775725100935400 ) ) ;
#3895 =( BOUNDED_SURFACE ( )  B_SPLINE_SURFACE ( 3, 2, ( 
 ( #7747, #8665, #8737 ),
 ( #3077, #1144, #6793 ),
 ( #2980, #10680, #5962 ),
 ( #3028, #9644, #10528 ) ),
 .UNSPECIFIED., .F., .F., .T. ) 
 B_SPLINE_SURFACE_WITH_KNOTS ( ( 4, 4 ),
 ( 3, 3 ),
 ( 0.0000000000000000000, 1.368891571761580800E-005 ),
 ( 0.0000000000000000000, 1.000000000000000000 ),
 .UNSPECIFIED. ) 
 GEOMETRIC_REPRESENTATION_ITEM ( )  RATIONAL_B_SPLINE_SURFACE ( (
 ( 1.000000000000000000, 0.8395939690034016600, 1.000000000000000000),
 ( 1.000000000000000000, 0.8402861197973327000, 1.000000000000000000),
 ( 1.000000000000000000, 0.7824569709728925700, 1.000000000000000000),
 ( 1.000000000000000000, 0.7071067811916929000, 1.000000000000000000) ) ) 
 REPRESENTATION_ITEM ( '' )  SURFACE ( )  );
#3896 = CARTESIAN_POINT ( 'NONE',  ( -0.5500000000000000400, 0.9499999999999999600, -0.1700000000000001000 ) ) ;
#3897 = ORIENTED_EDGE ( 'NONE', *, *, #4641, .F. ) ;
#3898 = CARTESIAN_POINT ( 'NONE',  ( -0.6089477157206046900, 0.01710756848088421800, 0.7751177293237409000 ) ) ;
#3899 = DIRECTION ( 'NONE',  ( 0.0000000000000000000, 0.0000000000000000000, -1.000000000000000000 ) ) ;
#3900 = ORIENTED_EDGE ( 'NONE', *, *, #6811, .T. ) ;
#3901 = VERTEX_POINT ( 'NONE', #849 ) ;
#3902 = ORIENTED_EDGE ( 'NONE', *, *, #10725, .F. ) ;
#3903 = EDGE_LOOP ( 'NONE', ( #10074, #4036 ) ) ;
#3904 = DIRECTION ( 'NONE',  ( -0.0000000000000000000, -1.000000000000000000, 0.0000000000000000000 ) ) ;
#3905 = LINE ( 'NONE', #3715, #3008 ) ;
#3906 = ADVANCED_FACE ( 'NONE', ( #4157 ), #11888, .T. ) ;
#3907 =( NAMED_UNIT ( * ) SI_UNIT ( $, .STERADIAN. ) SOLID_ANGLE_UNIT ( ) );
#3908 = DIRECTION ( 'NONE',  ( 0.0000000000000000000, 0.0000000000000000000, -1.000000000000000000 ) ) ;
#3909 = ORIENTED_EDGE ( 'NONE', *, *, #3711, .F. ) ;
#3910 = PLANE ( 'NONE',  #1937 ) ;
#3911 = ORIENTED_EDGE ( 'NONE', *, *, #7508, .F. ) ;
#3912 = ORIENTED_EDGE ( 'NONE', *, *, #11526, .T. ) ;
#3913 = DIRECTION ( 'NONE',  ( 0.0000000000000000000, 1.000000000000000000, 0.0000000000000000000 ) ) ;
#3914 = CARTESIAN_POINT ( 'NONE',  ( 0.7036644300618725100, 0.2037900106745352300, 0.7741468435057218300 ) ) ;
#3915 = ORIENTED_EDGE ( 'NONE', *, *, #3626, .T. ) ;
#3916 = CARTESIAN_POINT ( 'NONE',  ( -0.9999999999999997800, 0.9777777777777779700, -0.7555555555555550900 ) ) ;
#3917 = LINE ( 'NONE', #3841, #11980 ) ;
#3918 = EDGE_CURVE ( 'NONE', #4190, #9078, #9318, .T. ) ;
#3919 =( NAMED_UNIT ( * ) SI_UNIT ( $, .STERADIAN. ) SOLID_ANGLE_UNIT ( ) );
#3920 = DIRECTION ( 'NONE',  ( -0.0000000000000000000, 1.000000000000000000, -0.0000000000000000000 ) ) ;
#3921 = ADVANCED_FACE ( 'NONE', ( #2541 ), #582, .T. ) ;
#3922 = EDGE_LOOP ( 'NONE', ( #8554, #9692, #3373, #6585, #6567 ) ) ;
#3923 = EDGE_CURVE ( 'NONE', #9378, #980, #8290, .T. ) ;
#3924 = CARTESIAN_POINT ( 'NONE',  ( -0.3499999999999997000, 0.02222222222222208800, 0.7542857142857142300 ) ) ;
#3925 = AXIS2_PLACEMENT_3D ( 'NONE', #12091, #12020, #659 ) ;
#3926 = ORIENTED_EDGE ( 'NONE', *, *, #4869, .T. ) ;
#3927 = DIRECTION ( 'NONE',  ( -0.0000000000000000000, -1.000000000000000000, -0.0000000000000000000 ) ) ;
#3928 = ORIENTED_EDGE ( 'NONE', *, *, #269, .F. ) ;
#3929 = FACE_BOUND ( 'NONE', #11035, .T. ) ;
#3930 = EDGE_CURVE ( 'NONE', #5961, #7203, #769, .T. ) ;
#3931 = CARTESIAN_POINT ( 'NONE',  ( 0.6221197824109944200, 0.1997942971855667400, 0.7392490830567114400 ) ) ;
#3932 = LINE ( 'NONE', #5379, #11080 ) ;
#3933 = SURFACE_STYLE_USAGE ( .BOTH. , #5827 ) ;
#3935 = FACE_OUTER_BOUND ( 'NONE', #7761, .T. ) ;
#3934 = B_SPLINE_CURVE_WITH_KNOTS ( 'NONE', 3,
 ( #1345, #456, #8232, #6212, #3583, #11275, #6519, #1865, #4752, #8625, #147, #11335, #5691, #2927, #11460, #6641 ),
 .UNSPECIFIED., .F., .F.,
 ( 4, 3, 3, 3, 3, 4 ),
 ( 0.0000000000000000000, 6.678008136546648100E-006, 1.338182264390471000E-005, 1.965082409987421400E-005, 2.531741785630595100E-005, 2.737697924967923600E-005 ),
 .UNSPECIFIED. ) ;
#3936 = ORIENTED_EDGE ( 'NONE', *, *, #8067, .F. ) ;
#3937 = VERTEX_POINT ( 'NONE', #11201 ) ;
#3938 = DIRECTION ( 'NONE',  ( 0.0000000000000000000, 1.000000000000000000, 0.0000000000000000000 ) ) ;
#3939 = VERTEX_POINT ( 'NONE', #2733 ) ;
#3940 = CARTESIAN_POINT ( 'NONE',  ( -0.6925000000000000000, 0.9499999999999999600, 0.02499999999999993900 ) ) ;
#3941 = CARTESIAN_POINT ( 'NONE',  ( -0.5000000000000000000, 0.9499999999999999600, -0.09999999999999993600 ) ) ;
#3942 = EDGE_CURVE ( 'NONE', #709, #3937, #11416, .T. ) ;
#3943 = CARTESIAN_POINT ( 'NONE',  ( -0.3100000000000000500, 0.9499999999999999600, -0.1249999999999999400 ) ) ;
#3944 = VERTEX_POINT ( 'NONE', #3585 ) ;
#3945 = DIRECTION ( 'NONE',  ( 0.0000000000000000000, 0.0000000000000000000, 1.000000000000000000 ) ) ;
#3946 = ADVANCED_FACE ( 'NONE', ( #7117 ), #8004, .T. ) ;
#3947 = FILL_AREA_STYLE_COLOUR ( '', #9600 ) ;
#3948 = LINE ( 'NONE', #11698, #865 ) ;
#3949 = DIRECTION ( 'NONE',  ( 0.0000000000000000000, 1.000000000000000000, 0.0000000000000000000 ) ) ;
#3950 = FACE_OUTER_BOUND ( 'NONE', #8523, .T. ) ;
#3951 = VERTEX_POINT ( 'NONE', #10462 ) ;
#3952 = CLOSED_SHELL ( 'NONE', ( #9817, #10734, #9021, #3845 ) ) ;
#3953 = CARTESIAN_POINT ( 'NONE',  ( 1.377777777777778000, 0.5000000000000000000, 0.4653968253968270300 ) ) ;
#3954 = AXIS2_PLACEMENT_3D ( 'NONE', #11430, #969, #6730 ) ;
#3955 = PRESENTATION_STYLE_ASSIGNMENT (( #2293 ) ) ;
#3956 = PRESENTATION_STYLE_ASSIGNMENT (( #3158 ) ) ;
#3957 = LINE ( 'NONE', #6592, #7803 ) ;
#3958 = PLANE ( 'NONE',  #4623 ) ;
#3959 = EDGE_CURVE ( 'NONE', #4358, #1187, #12047, .T. ) ;
#3960 = CARTESIAN_POINT ( 'NONE',  ( -0.7450000000000000000, 1.000000000000000000, 0.1499999999999999700 ) ) ;
#3961 = DIRECTION ( 'NONE',  ( 0.0000000000000000000, 1.000000000000000000, 0.0000000000000000000 ) ) ;
#3962 = CARTESIAN_POINT ( 'NONE',  ( -0.5000000000000000000, 0.9499999999999999600, -0.09999999999999993600 ) ) ;
#3963 = FACE_OUTER_BOUND ( 'NONE', #811, .T. ) ;
#3964 = AXIS2_PLACEMENT_3D ( 'NONE', #10327, #3815, #2832 ) ;
#3965 = ORIENTED_EDGE ( 'NONE', *, *, #2704, .T. ) ;
#3966 = CARTESIAN_POINT ( 'NONE',  ( -0.4500000000000000100, 0.9499999999999999600, -0.1699999999999998500 ) ) ;
#3967 = DIRECTION ( 'NONE',  ( 0.0000000000000000000, -0.0000000000000000000, 1.000000000000000000 ) ) ;
#3968 = CARTESIAN_POINT ( 'NONE',  ( -0.4500000000000000100, 0.9499999999999999600, -0.2200000000000000300 ) ) ;
#3969 = DIRECTION ( 'NONE',  ( 0.0000000000000000000, 1.000000000000000000, 0.0000000000000000000 ) ) ;
#3970 = CIRCLE ( 'NONE', #10031, 0.008333333333333499800 ) ;
#3971 = DIRECTION ( 'NONE',  ( -0.0000000000000000000, -1.000000000000000000, -0.0000000000000000000 ) ) ;
#3972 = VECTOR ( 'NONE', #8101, 1000.000000000000000 ) ;
#3973 = AXIS2_PLACEMENT_3D ( 'NONE', #3394, #9064, #5289 ) ;
#3974 = DIRECTION ( 'NONE',  ( 0.0000000000000000000, 1.000000000000000000, 0.0000000000000000000 ) ) ;
#3975 = FACE_OUTER_BOUND ( 'NONE', #4014, .T. ) ;
#3976 = VECTOR ( 'NONE', #1651, 1000.000000000000000 ) ;
#3977 = ADVANCED_FACE ( 'NONE', ( #5764 ), #43, .F. ) ;
#3978 = VERTEX_POINT ( 'NONE', #6 ) ;
#3979 = CARTESIAN_POINT ( 'NONE',  ( -0.6083333333333331700, 0.5000000000000000000, 1.132063492063492000 ) ) ;
#3980 = CARTESIAN_POINT ( 'NONE',  ( 8.159096607353030800E-017, -0.01722222222222199300, 0.7525438349425660500 ) ) ;
#3981 = CARTESIAN_POINT ( 'NONE',  ( -0.9555555555555553800, 0.8000000000000000400, -0.7555555555555555400 ) ) ;
#3982 = CARTESIAN_POINT ( 'NONE',  ( -8.432683563776152300E-017, 0.1999999999999999800, -0.7777777777777780100 ) ) ;
#3983 = DIRECTION ( 'NONE',  ( 0.0000000000000000000, 0.0000000000000000000, 1.000000000000000000 ) ) ;
#3984 = CYLINDRICAL_SURFACE ( 'NONE', #10516, 0.02500000000000009200 ) ;
#3985 = LINE ( 'NONE', #8659, #623 ) ;
#3986 = CARTESIAN_POINT ( 'NONE',  ( 0.6548308407149716600, 0.2997200546295844500, 0.7141596751056921200 ) ) ;
#3987 = DIRECTION ( 'NONE',  ( 0.0000000000000000000, 0.0000000000000000000, -1.000000000000000000 ) ) ;
#3988 = AXIS2_PLACEMENT_3D ( 'NONE', #725, #2610, #6202 ) ;
#3989 =( BOUNDED_SURFACE ( )  B_SPLINE_SURFACE ( 3, 2, ( 
 ( #3065, #1215, #4018 ),
 ( #3140, #7905, #5915 ),
 ( #5950, #5115, #2217 ),
 ( #1350, #11885, #12017 ) ),
 .UNSPECIFIED., .F., .F., .T. ) 
 B_SPLINE_SURFACE_WITH_KNOTS ( ( 4, 4 ),
 ( 3, 3 ),
 ( 5.392124907659881100E-005, 6.510964856860592800E-005 ),
 ( 0.0000000000000000000, 1.000000000000000000 ),
 .UNSPECIFIED. ) 
 GEOMETRIC_REPRESENTATION_ITEM ( )  RATIONAL_B_SPLINE_SURFACE ( (
 ( 1.000000000000000000, 0.9230818616279729000, 1.000000000000000000),
 ( 1.000000000000000000, 0.9234118747653774500, 1.000000000000000000),
 ( 1.000000000000000000, 0.8951177798788777500, 1.000000000000000000),
 ( 1.000000000000000000, 0.8572487393425213300, 1.000000000000000000) ) ) 
 REPRESENTATION_ITEM ( '' )  SURFACE ( )  );
#3990 = ADVANCED_FACE ( 'NONE', ( #11736 ), #484, .F. ) ;
#3991 = AXIS2_PLACEMENT_3D ( 'NONE', #11480, #11399, #4882 ) ;
#3992 = DIRECTION ( 'NONE',  ( -0.0000000000000000000, 1.000000000000000000, -0.0000000000000000000 ) ) ;
#3993 = ORIENTED_EDGE ( 'NONE', *, *, #10868, .F. ) ;
#3994 = CARTESIAN_POINT ( 'NONE',  ( -0.7638860233930860900, 0.1871536021859875300, 0.7532801439164980000 ) ) ;
#3995 = COLOUR_RGB ( '',1.000000000000000000, 1.000000000000000000, 1.000000000000000000 ) ;
#3996 =( NAMED_UNIT ( * ) PLANE_ANGLE_UNIT ( ) SI_UNIT ( $, .RADIAN. ) );
#3997 = EDGE_CURVE ( 'NONE', #3518, #2174, #635, .T. ) ;
#3998 = CARTESIAN_POINT ( 'NONE',  ( 0.9777777777777777500, 1.000000000000000000, -0.7555555555555557600 ) ) ;
#3999 = CIRCLE ( 'NONE', #1225, 0.008333333333333499800 ) ;
#4000 = CARTESIAN_POINT ( 'NONE',  ( -0.6202438818299544900, 0.002609562584357489200, 0.7425213569776528700 ) ) ;
#4001 = DIRECTION ( 'NONE',  ( 0.0000000000000000000, 0.0000000000000000000, -1.000000000000000000 ) ) ;
#4002 =( GEOMETRIC_REPRESENTATION_CONTEXT ( 3 ) GLOBAL_UNCERTAINTY_ASSIGNED_CONTEXT ( ( #2246 ) ) GLOBAL_UNIT_ASSIGNED_CONTEXT ( ( #10782, #8846, #3253 ) ) REPRESENTATION_CONTEXT ( 'NONE', 'WORKASPACE' ) );
#4003 = TOROIDAL_SURFACE ( 'NONE', #3646, 0.005555555555555477700, 0.01666666666666650000 ) ;
#4004 = ORIENTED_EDGE ( 'NONE', *, *, #9192, .T. ) ;
#4005 = ADVANCED_FACE ( 'NONE', ( #10083 ), #109, .F. ) ;
#4006 = CARTESIAN_POINT ( 'NONE',  ( -0.6249999999999995600, 0.005000000000000040000, 0.7918213607330723000 ) ) ;
#4007 = CARTESIAN_POINT ( 'NONE',  ( -0.7638871322597778900, 0.01625495242601552100, 0.7542128538997549000 ) ) ;
#4008 = CARTESIAN_POINT ( 'NONE',  ( -0.7166666666666667900, 0.1999999999999999800, 0.7320634920634921900 ) ) ;
#4009 = CARTESIAN_POINT ( 'NONE',  ( -0.3499999999999997000, -1.445153081025597900, -0.7777777777777780100 ) ) ;
#4010 = CARTESIAN_POINT ( 'NONE',  ( 0.6427450865608906900, 0.2054392423291610300, 0.7695803780988149700 ) ) ;
#4011 = EDGE_CURVE ( 'NONE', #1616, #5017, #3843, .T. ) ;
#4012 = CIRCLE ( 'NONE', #12183, 0.02499999999999995600 ) ;
#4013 = CARTESIAN_POINT ( 'NONE',  ( 1.000000000000000200, 0.1999999999999999800, 0.7098412698412697200 ) ) ;
#4014 = EDGE_LOOP ( 'NONE', ( #6548, #3764, #9404, #121 ) ) ;
#4015 = ORIENTED_EDGE ( 'NONE', *, *, #7294, .F. ) ;
#4016 = DIRECTION ( 'NONE',  ( 0.0000000000000000000, -1.000000000000000000, -1.185846126156016100E-015 ) ) ;
#4017 = CARTESIAN_POINT ( 'NONE',  ( -0.5000000000000000000, 1.000000000000000000, -0.1250000000000000800 ) ) ;
#4018 = CARTESIAN_POINT ( 'NONE',  ( -0.6499999999999996900, 0.1997656017279599000, 0.7809969016383353500 ) ) ;
#4019 = B_SPLINE_CURVE_WITH_KNOTS ( 'NONE', 3,
 ( #6426, #2681, #5377, #10251, #3491, #6353, #8260, #4469, #1654, #2599, #9198, #10167, #11148, #12109, #7541, #3852 ),
 .UNSPECIFIED., .F., .F.,
 ( 4, 3, 3, 3, 3, 4 ),
 ( 0.0000000000000000000, 6.220434802114769200E-006, 1.257099300918427600E-005, 1.869322566362028600E-005, 2.433207846737704300E-005, 2.636170622128864700E-005 ),
 .UNSPECIFIED. ) ;
#4020 = CARTESIAN_POINT ( 'NONE',  ( -0.6333333333333326400, 0.2083333333333330400, 1.132063492063491500 ) ) ;
#4021 = CARTESIAN_POINT ( 'NONE',  ( -0.3100000000000000000, 0.8792893218813447900, 0.1499999999999999700 ) ) ;
#4022 = DIRECTION ( 'NONE',  ( -0.0000000000000000000, -0.0000000000000000000, -1.000000000000000000 ) ) ;
#4023 = CARTESIAN_POINT ( 'NONE',  ( -8.432683563776152300E-017, 0.8000000000000000400, -0.7777777777777780100 ) ) ;
#4024 = CARTESIAN_POINT ( 'NONE',  ( 0.7083333333333332600, 0.2000000000000000400, 0.7320634920634921900 ) ) ;
#4025 = ORIENTED_EDGE ( 'NONE', *, *, #2184, .F. ) ;
#4026 = APPLICATION_CONTEXT ( 'automotive_design' ) ;
#4027 = ORIENTED_EDGE ( 'NONE', *, *, #7304, .F. ) ;
#4028 = DIRECTION ( 'NONE',  ( -0.0000000000000000000, 1.000000000000000000, -0.0000000000000000000 ) ) ;
#4029 = EDGE_CURVE ( 'NONE', #4053, #4251, #10232, .T. ) ;
#4030 = ADVANCED_FACE ( 'NONE', ( #9777 ), #9417, .F. ) ;
#4031 = EDGE_CURVE ( 'NONE', #5843, #7419, #3252, .T. ) ;
#4032 = AXIS2_PLACEMENT_3D ( 'NONE', #4326, #5306, #7112 ) ;
#4033 = PLANE ( 'NONE',  #3869 ) ;
#4034 = EDGE_LOOP ( 'NONE', ( #8530, #98 ) ) ;
#4035 = CARTESIAN_POINT ( 'NONE',  ( -0.5000000000000000000, 0.8792893218813447900, 0.07499999999999996900 ) ) ;
#4036 = ORIENTED_EDGE ( 'NONE', *, *, #11281, .F. ) ;
#4037 = DIRECTION ( 'NONE',  ( 0.0000000000000000000, 1.000000000000000000, 0.0000000000000000000 ) ) ;
#4038 = ORIENTED_EDGE ( 'NONE', *, *, #10989, .T. ) ;
#4039 = LINE ( 'NONE', #5406, #11454 ) ;
#4040 = AXIS2_PLACEMENT_3D ( 'NONE', #4898, #11623, #266 ) ;
#4041 = ORIENTED_EDGE ( 'NONE', *, *, #932, .F. ) ;
#4042 = CARTESIAN_POINT ( 'NONE',  ( -0.9999999999999997800, 0.1777777777777780100, 0.7320634920634923000 ) ) ;
#4043 = FILL_AREA_STYLE ('',( #10696 ) ) ;
#4044 = ADVANCED_FACE ( 'NONE', ( #9607 ), #4602, .T. ) ;
#4045 = DIRECTION ( 'NONE',  ( 0.0000000000000000000, 1.000000000000000000, 0.0000000000000000000 ) ) ;
#4046 = VERTEX_POINT ( 'NONE', #6674 ) ;
#4047 = ORIENTED_EDGE ( 'NONE', *, *, #5168, .F. ) ;
#4048 = ORIENTED_EDGE ( 'NONE', *, *, #10134, .F. ) ;
#4049 = CARTESIAN_POINT ( 'NONE',  ( -0.9555555555555553800, 0.8222222222222219700, 0.7542857142857142300 ) ) ;
#4050 = CYLINDRICAL_SURFACE ( 'NONE', #9902, 0.02222222222222198000 ) ;
#4051 = DIRECTION ( 'NONE',  ( 0.0000000000000000000, 0.0000000000000000000, 1.000000000000000000 ) ) ;
#4052 = PRESENTATION_LAYER_ASSIGNMENT (  '', '', ( #7242 ) ) ;
#4053 = VERTEX_POINT ( 'NONE', #5658 ) ;
#4054 = CARTESIAN_POINT ( 'NONE',  ( 0.6249999999999994400, 0.1999999999999999800, 0.7320634920634920800 ) ) ;
#4055 = ORIENTED_EDGE ( 'NONE', *, *, #11808, .T. ) ;
#4056 = DIRECTION ( 'NONE',  ( 1.000000000000000000, 4.878909776184822800E-015, -4.878909776184822800E-015 ) ) ;
#4057 = CARTESIAN_POINT ( 'NONE',  ( -0.6925000000000000000, 0.8792893218813447900, 8.131516293641283300E-017 ) ) ;
#4058 = ORIENTED_EDGE ( 'NONE', *, *, #11994, .T. ) ;
#4059 = ORIENTED_EDGE ( 'NONE', *, *, #6939, .T. ) ;
#4060 = CARTESIAN_POINT ( 'NONE',  ( -0.2549999999999999500, 1.000000000000000000, 0.1250000000000000600 ) ) ;
#4061 = CARTESIAN_POINT ( 'NONE',  ( 0.6459611203037953800, 0.2946307264781546400, 0.7153118167156665700 ) ) ;
#4062 = DIRECTION ( 'NONE',  ( 0.0000000000000000000, 0.0000000000000000000, 1.000000000000000000 ) ) ;
#4063 = ORIENTED_EDGE ( 'NONE', *, *, #586, .T. ) ;
#4064 = FACE_OUTER_BOUND ( 'NONE', #3478, .T. ) ;
#4065 = ADVANCED_FACE ( 'NONE', ( #8583 ), #10514, .T. ) ;
#4066 = DIRECTION ( 'NONE',  ( 0.0000000000000000000, 0.0000000000000000000, 1.000000000000000000 ) ) ;
#4067 = CARTESIAN_POINT ( 'NONE',  ( -0.9777777777777777500, 0.8000000000000000400, 0.4653968253968285300 ) ) ;
#4068 = TOROIDAL_SURFACE ( 'NONE', #2888, 0.005555555555555477700, 0.01666666666666650000 ) ;
#4069 = APPLICATION_CONTEXT ( 'automotive_design' ) ;
#4070 = EDGE_CURVE ( 'NONE', #3640, #5581, #5489, .T. ) ;
#4071 = ORIENTED_EDGE ( 'NONE', *, *, #6310, .T. ) ;
#4072 = CARTESIAN_POINT ( 'NONE',  ( 0.5910990028396262400, 0.01128218191171020800, 0.7518865445039807400 ) ) ;
#4073 = EDGE_LOOP ( 'NONE', ( #4573, #6375, #11159, #2537 ) ) ;
#4074 = EDGE_LOOP ( 'NONE', ( #11890, #110, #8828, #5714 ) ) ;
#4075 = DIRECTION ( 'NONE',  ( 0.0000000000000000000, -0.0000000000000000000, 1.000000000000000000 ) ) ;
#4076 = AXIS2_PLACEMENT_3D ( 'NONE', #10816, #9195, #1650 ) ;
#4077 = CARTESIAN_POINT ( 'NONE',  ( -0.7416666666666665900, 0.1833333333333669000, 0.7761593472478919300 ) ) ;
#4078 = DIRECTION ( 'NONE',  ( -0.0000000000000000000, 1.000000000000000000, -0.0000000000000000000 ) ) ;
#4079 = ORIENTED_EDGE ( 'NONE', *, *, #9567, .F. ) ;
#4080 = LINE ( 'NONE', #10056, #1588 ) ;
#4081 = CIRCLE ( 'NONE', #6993, 0.02222222222222198000 ) ;
#4082 = CARTESIAN_POINT ( 'NONE',  ( -0.7083333333333332600, 0.5000000000000000000, 1.132063492063492000 ) ) ;
#4083 = CIRCLE ( 'NONE', #7083, 0.2666666666666639400 ) ;
#4084 = ORIENTED_EDGE ( 'NONE', *, *, #10539, .F. ) ;
#4085 = DIRECTION ( 'NONE',  ( 0.0000000000000000000, 1.000000000000000000, 0.0000000000000000000 ) ) ;
#4086 = ORIENTED_EDGE ( 'NONE', *, *, #4440, .T. ) ;
#4087 = ORIENTED_EDGE ( 'NONE', *, *, #8590, .T. ) ;
#4088 = PLANE ( 'NONE',  #1548 ) ;
#4089 = CARTESIAN_POINT ( 'NONE',  ( -0.7411877894461376100, 0.01765515481704289400, 0.7754099658702587900 ) ) ;
#4090 = ORIENTED_EDGE ( 'NONE', *, *, #7885, .T. ) ;
#4091 = CARTESIAN_POINT ( 'NONE',  ( 0.9555555555555560500, 0.0000000000000000000, 0.7320634920634920800 ) ) ;
#4092 = EDGE_CURVE ( 'NONE', #7317, #5139, #7397, .T. ) ;
#4093 = DIRECTION ( 'NONE',  ( -0.0000000000000000000, -1.000000000000000000, -0.0000000000000000000 ) ) ;
#4094 = EDGE_CURVE ( 'NONE', #11066, #11979, #5636, .T. ) ;
#4095 = DIRECTION ( 'NONE',  ( 0.0000000000000000000, 0.0000000000000000000, -1.000000000000000000 ) ) ;
#4096 = FACE_BOUND ( 'NONE', #6914, .T. ) ;
#4097 =( NAMED_UNIT ( * ) SI_UNIT ( $, .STERADIAN. ) SOLID_ANGLE_UNIT ( ) );
#4098 = DIRECTION ( 'NONE',  ( -1.000000000000000000, 0.0000000000000000000, 1.084202172485504400E-016 ) ) ;
#4099 = CARTESIAN_POINT ( 'NONE',  ( -0.9777777777777779700, 0.02222222222222208800, -0.7555555555555555400 ) ) ;
#4100 = VECTOR ( 'NONE', #11828, 1000.000000000000000 ) ;
#4101 = CARTESIAN_POINT ( 'NONE',  ( -0.6083333333333331700, 0.02222222222222208800, 0.7765079365079362600 ) ) ;
#4102 = AXIS2_PLACEMENT_3D ( 'NONE', #1950, #4799, #8558 ) ;
#4103 = VERTEX_POINT ( 'NONE', #1869 ) ;
#4104 = DIRECTION ( 'NONE',  ( 0.0000000000000000000, 1.000000000000000000, 0.0000000000000000000 ) ) ;
#4105 = ORIENTED_EDGE ( 'NONE', *, *, #6526, .F. ) ;
#4106 = ADVANCED_FACE ( 'NONE', ( #2078 ), #7592, .F. ) ;
#4107 = EDGE_LOOP ( 'NONE', ( #8796, #864, #5110, #3449, #4058, #7776, #12279, #5516 ) ) ;
#4108 = CARTESIAN_POINT ( 'NONE',  ( 0.6428434635307008800, 0.2057605921442961200, 0.7686766013113762700 ) ) ;
#4109 = AXIS2_PLACEMENT_3D ( 'NONE', #4161, #4127, #9744 ) ;
#4110 = SURFACE_STYLE_USAGE ( .BOTH. , #414 ) ;
#4111 = CIRCLE ( 'NONE', #6393, 0.02499999999999984900 ) ;
#4112 = LINE ( 'NONE', #4155, #7222 ) ;
#4113 = SURFACE_STYLE_USAGE ( .BOTH. , #2292 ) ;
#4114 = CARTESIAN_POINT ( 'NONE',  ( -0.6583333333333331000, 0.2916666666666665200, 0.7140968530029925300 ) ) ;
#4115 = B_SPLINE_CURVE_WITH_KNOTS ( 'NONE', 3,
 ( #1133, #4989, #11717, #11617, #2175, #6869, #5071, #2218, #6784, #7737 ),
 .UNSPECIFIED., .F., .F.,
 ( 4, 3, 3, 4 ),
 ( 0.0000000000000000000, 1.636122865636552200E-006, 6.053135889483941000E-006, 1.076261398710149000E-005 ),
 .UNSPECIFIED. ) ;
#4116 = CYLINDRICAL_SURFACE ( 'NONE', #1990, 0.02222222222222198000 ) ;
#4117 = CARTESIAN_POINT ( 'NONE',  ( -0.3999999999999999700, 1.000000000000000000, 0.07500000000000005300 ) ) ;
#4118 = EDGE_CURVE ( 'NONE', #11781, #7239, #1355, .T. ) ;
#4119 = EDGE_LOOP ( 'NONE', ( #10171, #3012, #11805, #9710 ) ) ;
#4120 = ORIENTED_EDGE ( 'NONE', *, *, #2846, .F. ) ;
#4121 = CARTESIAN_POINT ( 'NONE',  ( 0.6916666666666663200, 0.2833333333333334900, 1.132063492063492200 ) ) ;
#4122 = AXIS2_PLACEMENT_3D ( 'NONE', #11570, #10606, #408 ) ;
#4123 = CARTESIAN_POINT ( 'NONE',  ( -0.5000000000000000000, 0.9499999999999999600, -0.09999999999999993600 ) ) ;
#4124 = ADVANCED_FACE ( 'NONE', ( #5359 ), #7685, .T. ) ;
#4125 = CIRCLE ( 'NONE', #6947, 0.02222222222222252100 ) ;
#4126 = FACE_OUTER_BOUND ( 'NONE', #67, .T. ) ;
#4127 = DIRECTION ( 'NONE',  ( -0.0000000000000000000, -1.000000000000000000, -0.0000000000000000000 ) ) ;
#4128 = COLOUR_RGB ( '',0.7921568627450980000, 0.8196078431372548800, 0.9333333333333333500 ) ;
#4129 = DIRECTION ( 'NONE',  ( 0.0000000000000000000, 0.0000000000000000000, 1.000000000000000000 ) ) ;
#4130 = DIRECTION ( 'NONE',  ( 0.0000000000000000000, 1.000000000000000000, 0.0000000000000000000 ) ) ;
#4131 = AXIS2_PLACEMENT_3D ( 'NONE', #2440, #5344, #11862 ) ;
#4132 = VERTEX_POINT ( 'NONE', #2070 ) ;
#4133 = CARTESIAN_POINT ( 'NONE',  ( -0.6999999999999997300, 0.2868852459016391100, 0.7254702478983879900 ) ) ;
#4134 = AXIS2_PLACEMENT_3D ( 'NONE', #4171, #3249, #481 ) ;
#4135 = CARTESIAN_POINT ( 'NONE',  ( -0.7450000000000000000, 0.9499999999999999600, 0.1499999999999999700 ) ) ;
#4136 = EDGE_CURVE ( 'NONE', #6978, #3870, #6795, .T. ) ;
#4137 = CARTESIAN_POINT ( 'NONE',  ( -0.7412708980657414200, 0.1869876621755403300, 0.7742395731265967500 ) ) ;
#4138 = DIRECTION ( 'NONE',  ( 0.0000000000000000000, 0.0000000000000000000, -1.000000000000000000 ) ) ;
#4139 = COLOUR_RGB ( '',1.000000000000000000, 1.000000000000000000, 1.000000000000000000 ) ;
#4140 = CARTESIAN_POINT ( 'NONE',  ( -0.7256812311020944800, 0.005010705893258994400, 0.7525921168582717600 ) ) ;
#4141 = CARTESIAN_POINT ( 'NONE',  ( -0.7056530433903677200, 0.1998871037155572300, 0.7800149338006883100 ) ) ;
#4142 = DIRECTION ( 'NONE',  ( 0.0000000000000000000, 0.0000000000000000000, -1.000000000000000000 ) ) ;
#4143 = CYLINDRICAL_SURFACE ( 'NONE', #1977, 0.02499999999999995600 ) ;
#4144 = ADVANCED_FACE ( 'NONE', ( #2955 ), #234, .F. ) ;
#4145 = VERTEX_POINT ( 'NONE', #6763 ) ;
#4146 = FACE_OUTER_BOUND ( 'NONE', #10123, .T. ) ;
#4147 = CARTESIAN_POINT ( 'NONE',  ( -0.6899999999999999500, 0.9499999999999999600, -0.1749999999999997700 ) ) ;
#4148 = CARTESIAN_POINT ( 'NONE',  ( -0.5500000000000000400, 1.000000000000000000, -0.1700000000000001000 ) ) ;
#4149 = FACE_OUTER_BOUND ( 'NONE', #4496, .T. ) ;
#4150 = AXIS2_PLACEMENT_3D ( 'NONE', #2533, #5350, #4432 ) ;
#4151 = SURFACE_STYLE_FILL_AREA ( #11282 ) ;
#4152 = DIRECTION ( 'NONE',  ( -0.0000000000000000000, 1.185846126156016100E-015, -1.000000000000000000 ) ) ;
#4153 = CARTESIAN_POINT ( 'NONE',  ( 0.9555555555555560500, 0.1999999999999999800, 0.7098412698412697200 ) ) ;
#4154 = CARTESIAN_POINT ( 'NONE',  ( -0.6449999999999999100, 0.9499999999999999600, -0.2450000000000000000 ) ) ;
#4155 = CARTESIAN_POINT ( 'NONE',  ( -0.9999999999999997800, 0.8222222222222219700, 0.7542857142857142300 ) ) ;
#4156 = CARTESIAN_POINT ( 'NONE',  ( -0.9555555555555553800, 0.9777777777777779700, 0.7098412698412699400 ) ) ;
#4157 = FACE_OUTER_BOUND ( 'NONE', #11573, .T. ) ;
#4158 = AXIS2_PLACEMENT_3D ( 'NONE', #2744, #4645, #2824 ) ;
#4159 = CARTESIAN_POINT ( 'NONE',  ( 0.7598240118549606200, 0.1893403504966810200, 0.7511061517886658000 ) ) ;
#4160 = CIRCLE ( 'NONE', #11886, 0.2666666666666637800 ) ;
#4161 = CARTESIAN_POINT ( 'NONE',  ( -0.3550000000000000400, 0.9499999999999999600, -0.2450000000000000000 ) ) ;
#4162 = ADVANCED_FACE ( 'NONE', ( #3543 ), #2827, .T. ) ;
#4163 = CARTESIAN_POINT ( 'NONE',  ( -0.5000000000000000000, 0.9499999999999999600, 0.1000000000000000500 ) ) ;
#4164 = DIRECTION ( 'NONE',  ( 0.0000000000000000000, 1.000000000000000000, -0.0000000000000000000 ) ) ;
#4165 = FACE_OUTER_BOUND ( 'NONE', #7426, .T. ) ;
#4166 = CARTESIAN_POINT ( 'NONE',  ( -0.6916666666666665400, 0.3000000000000001000, 0.7140968530029924200 ) ) ;
#4167 = EDGE_CURVE ( 'NONE', #3288, #5264, #6062, .T. ) ;
#4168 = ORIENTED_EDGE ( 'NONE', *, *, #1712, .T. ) ;
#4169 = CARTESIAN_POINT ( 'NONE',  ( 0.9555555555555553800, 0.8222222222222219700, -0.7555555555555557600 ) ) ;
#4170 = DIRECTION ( 'NONE',  ( 0.0000000000000000000, 1.000000000000000000, 0.0000000000000000000 ) ) ;
#4171 = CARTESIAN_POINT ( 'NONE',  ( -0.3075000000000000500, 0.8792893218813447900, 8.131516293641283300E-017 ) ) ;
#4172 = CARTESIAN_POINT ( 'NONE',  ( -0.7416666666666664700, 0.1777777777777780100, 0.7320634920634923000 ) ) ;
#4173 = CARTESIAN_POINT ( 'NONE',  ( -0.7413299715287040600, 0.01827024767220938200, 0.7757178331959478900 ) ) ;
#4174 = SURFACE_STYLE_USAGE ( .BOTH. , #3125 ) ;
#4175 = CIRCLE ( 'NONE', #2559, 0.02499999999999995600 ) ;
#4176 = CARTESIAN_POINT ( 'NONE',  ( 0.6045164677361407600, 0.005250245235138006900, 0.7465041957254626700 ) ) ;
#4177 = ORIENTED_EDGE ( 'NONE', *, *, #6678, .F. ) ;
#4178 = ADVANCED_FACE ( 'NONE', ( #10375 ), #7847, .T. ) ;
#4179 = CARTESIAN_POINT ( 'NONE',  ( -0.7630483480204421900, 0.1846445802337118900, 0.7532118928700292100 ) ) ;
#4180 = EDGE_LOOP ( 'NONE', ( #11472, #6009 ) ) ;
#4181 = STYLED_ITEM ( 'NONE', ( #2947 ), #16 ) ;
#4182 = LINE ( 'NONE', #11270, #11443 ) ;
#4183 = DIRECTION ( 'NONE',  ( 0.0000000000000000000, 0.0000000000000000000, -1.000000000000000000 ) ) ;
#4184 = EDGE_CURVE ( 'NONE', #2848, #11959, #7549, .T. ) ;
#4185 = DIRECTION ( 'NONE',  ( -0.0000000000000000000, -0.0000000000000000000, -1.000000000000000000 ) ) ;
#4186 = ORIENTED_EDGE ( 'NONE', *, *, #6380, .F. ) ;
#4187 = ORIENTED_EDGE ( 'NONE', *, *, #1504, .T. ) ;
#4188 = DIRECTION ( 'NONE',  ( 0.0000000000000000000, 0.0000000000000000000, -1.000000000000000000 ) ) ;
#4189 = DIRECTION ( 'NONE',  ( -1.000000000000000000, 0.0000000000000000000, -0.0000000000000000000 ) ) ;
#4190 = VERTEX_POINT ( 'NONE', #7845 ) ;
#4191 = B_SPLINE_CURVE_WITH_KNOTS ( 'NONE', 3,
 ( #4966, #10652, #7853, #334, #1240, #8801, #5149, #4176, #6853, #9763, #9718, #11741, #11701, #6066, #5987, #6952, #11604, #7887, #449, #5097, #2240, #10788 ),
 .UNSPECIFIED., .F., .F.,
 ( 4, 3, 3, 3, 3, 3, 3, 4 ),
 ( 0.0000000000000000000, 7.121389812278079200E-006, 1.664407930238505800E-005, 3.042899860302577800E-005, 3.942495653761110900E-005, 4.345701369836646400E-005, 4.548865743057534700E-005, 4.877809140188821400E-005 ),
 .UNSPECIFIED. ) ;
#4192 = ADVANCED_FACE ( 'NONE', ( #1036 ), #153, .F. ) ;
#4193 = CARTESIAN_POINT ( 'NONE',  ( 0.7253711845552257600, 0.2000000000000000100, 0.7322619011130878700 ) ) ;
#4194 = CARTESIAN_POINT ( 'NONE',  ( 0.7014287190040178200, 0.2031867168127595400, 0.7752541413395894800 ) ) ;
#4195 = ORIENTED_EDGE ( 'NONE', *, *, #12237, .T. ) ;
#4196 = AXIS2_PLACEMENT_3D ( 'NONE', #8336, #1780, #3665 ) ;
#4197 = ORIENTED_EDGE ( 'NONE', *, *, #5527, .T. ) ;
#4198 = ORIENTED_EDGE ( 'NONE', *, *, #5494, .F. ) ;
#4199 = ORIENTED_EDGE ( 'NONE', *, *, #5729, .F. ) ;
#4200 = EDGE_CURVE ( 'NONE', #8322, #3605, #349, .T. ) ;
#4201 = DIRECTION ( 'NONE',  ( 0.0000000000000000000, -7.411538288475051500E-017, 1.000000000000000000 ) ) ;
#4202 = VECTOR ( 'NONE', #9756, 1000.000000000000000 ) ;
#4203 = DIRECTION ( 'NONE',  ( -0.0000000000000000000, -1.000000000000000000, 0.0000000000000000000 ) ) ;
#4204 = DIRECTION ( 'NONE',  ( 0.0000000000000000000, 0.0000000000000000000, 1.000000000000000000 ) ) ;
#4205 = CARTESIAN_POINT ( 'NONE',  ( -0.6548129411193948100, 0.2997157973766131900, 0.6739296883851111400 ) ) ;
#4206 = ORIENTED_EDGE ( 'NONE', *, *, #7619, .F. ) ;
#4207 = VERTEX_POINT ( 'NONE', #7805 ) ;
#4208 = ORIENTED_EDGE ( 'NONE', *, *, #9794, .T. ) ;
#4209 = ORIENTED_EDGE ( 'NONE', *, *, #7759, .T. ) ;
#4210 = CARTESIAN_POINT ( 'NONE',  ( -0.7250000000000000900, -0.01722222222222197200, 0.7525438349425661600 ) ) ;
#4211 = ORIENTED_EDGE ( 'NONE', *, *, #6539, .F. ) ;
#4212 = CARTESIAN_POINT ( 'NONE',  ( -0.6000000000000000900, 1.000000000000000000, -0.1250000000000000300 ) ) ;
#4213 = MECHANICAL_DESIGN_GEOMETRIC_PRESENTATION_REPRESENTATION (  '', ( #2714 ), #374 ) ;
#4214 = CARTESIAN_POINT ( 'NONE',  ( -0.6451908593236780300, 0.2043176898027603300, 0.7726896055021907900 ) ) ;
#4215 = LINE ( 'NONE', #2661, #11630 ) ;
#4216 = EDGE_CURVE ( 'NONE', #1851, #7777, #9460, .T. ) ;
#4217 = MANIFOLD_SOLID_BREP ( 'Boss-Extrude4[27]', #2053 ) ;
#4218 = VECTOR ( 'NONE', #4407, 1000.000000000000000 ) ;
#4219 = DIRECTION ( 'NONE',  ( 0.0000000000000000000, 1.000000000000000000, 0.0000000000000000000 ) ) ;
#4220 = CARTESIAN_POINT ( 'NONE',  ( -0.7395419849307582900, 0.1987776157439880800, 0.7398492728560213100 ) ) ;
#4221 = ORIENTED_EDGE ( 'NONE', *, *, #660, .T. ) ;
#4222 = CARTESIAN_POINT ( 'NONE',  ( 0.6083333333333331700, 0.02222222222222176200, 0.7833333333333335500 ) ) ;
#4223 = CLOSED_SHELL ( 'NONE', ( #199, #3224, #8718, #5105, #7156, #8274, #9640, #9764, #6031, #3483, #8513, #3600, #5073, #8100, #651, #1054, #5415, #4940, #12083, #2999, #3156, #3990, #6984, #424, #4916, #4289, #10717, #11981, #3255, #9715, #2204, #2866, #10911, #1383, #8824, #4225, #2924, #8774, #3072, #10136, #2379, #6755, #10062, #7687, #10806, #5921, #3291, #9802, #1248, #2189, #3859, #264, #4065, #9492, #9190, #11525, #11962, #2030, #1292, #11652, #10653, #904, #9003, #8565, #4192, #5121, #7582, #10789, #6704, #1766, #10498, #11835, #2941, #9780, #333, #5984, #11574, #5057, #6651, #2306, #3921, #8076, #11392, #2458, #10078, #1357, #477, #1003, #3417, #11896, #4619, #8582, #954, #11915, #6515, #11506, #1700, #9882, #7716, #410, #5146, #1885, #2328, #10892, #7272, #1510, #5020, #4747, #5321, #6390, #10209, #1163, #383, #4494, #7330, #7394, #7520, #1020, #10835, #823, #4998, #6770, #5733, #4244, #4484, #3126, #5433, #5300, #11034, #11631, #3675, #8209, #11433, #7834, #619, #355, #6225, #6147, #3977, #8319, #1647, #8498, #4800, #6574, #5958, #6788, #6073, #11379, #8690, #2257, #11740, #2437, #1142, #1748 ) ) ;
#4224 = ORIENTED_EDGE ( 'NONE', *, *, #9454, .T. ) ;
#4225 = ADVANCED_FACE ( 'NONE', ( #9176 ), #3240, .T. ) ;
#4226 = EDGE_LOOP ( 'NONE', ( #7351, #8763, #2915, #10741, #5003, #713 ) ) ;
#4227 = VERTEX_POINT ( 'NONE', #1412 ) ;
#4228 = CARTESIAN_POINT ( 'NONE',  ( 0.7598783187438944400, 0.01320989528699553900, 0.7524297301686597700 ) ) ;
#4229 = MECHANICAL_DESIGN_GEOMETRIC_PRESENTATION_REPRESENTATION (  '', ( #7242 ), #299 ) ;
#4230 = EDGE_CURVE ( 'NONE', #10139, #6568, #1344, .T. ) ;
#4231 = CARTESIAN_POINT ( 'NONE',  ( -0.9777777777777777500, 0.9777777777777779700, 0.7098412698412699400 ) ) ;
#4232 = CARTESIAN_POINT ( 'NONE',  ( -0.5000000000000000000, 0.9499999999999999600, -0.09999999999999993600 ) ) ;
#4233 = ORIENTED_EDGE ( 'NONE', *, *, #3728, .F. ) ;
#4234 = AXIS2_PLACEMENT_3D ( 'NONE', #10678, #11586, #3899 ) ;
#4235 = ORIENTED_EDGE ( 'NONE', *, *, #2672, .F. ) ;
#4236 = CARTESIAN_POINT ( 'NONE',  ( 0.9555555555555551600, 0.8000000000000000400, -0.7777777777777781200 ) ) ;
#4237 =( NAMED_UNIT ( * ) SI_UNIT ( $, .STERADIAN. ) SOLID_ANGLE_UNIT ( ) );
#4239 = ORIENTED_EDGE ( 'NONE', *, *, #4655, .F. ) ;
#4238 = VECTOR ( 'NONE', #11214, 1000.000000000000000 ) ;
#4240 = ORIENTED_EDGE ( 'NONE', *, *, #7668, .F. ) ;
#4241 = CARTESIAN_POINT ( 'NONE',  ( -0.5861111111111111400, 0.02222222222222208800, 0.7542857142857142300 ) ) ;
#4242 = DIRECTION ( 'NONE',  ( 0.0000000000000000000, 0.0000000000000000000, 1.000000000000000000 ) ) ;
#4243 = FACE_OUTER_BOUND ( 'NONE', #7030, .T. ) ;
#4244 = ADVANCED_FACE ( 'NONE', ( #12040 ), #4088, .T. ) ;
#4245 = EDGE_CURVE ( 'NONE', #7355, #8091, #2225, .T. ) ;
#4246 = VECTOR ( 'NONE', #2823, 1000.000000000000000 ) ;
#4247 = FACE_OUTER_BOUND ( 'NONE', #7772, .T. ) ;
#4248 = EDGE_LOOP ( 'NONE', ( #2603, #11016, #8637, #2369 ) ) ;
#4249 = EDGE_LOOP ( 'NONE', ( #7917, #6596, #5339, #3880 ) ) ;
#4250 = AXIS2_PLACEMENT_3D ( 'NONE', #4261, #6063, #1370 ) ;
#4251 = VERTEX_POINT ( 'NONE', #6060 ) ;
#4252 = DIRECTION ( 'NONE',  ( 0.0000000000000000000, 0.0000000000000000000, -1.000000000000000000 ) ) ;
#4253 = CARTESIAN_POINT ( 'NONE',  ( -0.6083333333333331700, 0.1777777777777776700, 0.7777777777777780100 ) ) ;
#4254 = PLANE ( 'NONE',  #10392 ) ;
#4255 = LINE ( 'NONE', #5052, #2340 ) ;
#4256 = CARTESIAN_POINT ( 'NONE',  ( -0.7050297884457903400, 0.2044187433149323400, 0.7724091971811178900 ) ) ;
#4257 = CARTESIAN_POINT ( 'NONE',  ( -0.9777777777777777500, 0.0000000000000000000, 0.7098412698412699400 ) ) ;
#4258 = CARTESIAN_POINT ( 'NONE',  ( -0.6083333333333331700, 0.02222222222222176200, 0.7833333333333335500 ) ) ;
#4259 = LINE ( 'NONE', #3102, #5454 ) ;
#4260 = ORIENTED_EDGE ( 'NONE', *, *, #3590, .T. ) ;
#4261 = CARTESIAN_POINT ( 'NONE',  ( -0.7450000000000000000, 0.8792893218813447900, -0.1499999999999999100 ) ) ;
#4262 = ORIENTED_EDGE ( 'NONE', *, *, #8568, .F. ) ;
#4263 = EDGE_CURVE ( 'NONE', #11007, #9701, #11000, .T. ) ;
#4264 = EDGE_CURVE ( 'NONE', #3657, #7775, #9448, .T. ) ;
#4265 = CARTESIAN_POINT ( 'NONE',  ( 7.937048284925630400E-017, 0.1999999999999999800, 0.7320634920634921900 ) ) ;
#4266 = DIRECTION ( 'NONE',  ( 0.0000000000000000000, 0.0000000000000000000, 1.000000000000000000 ) ) ;
#4267 = EDGE_CURVE ( 'NONE', #4827, #11937, #11725, .T. ) ;
#4268 = FACE_OUTER_BOUND ( 'NONE', #5931, .T. ) ;
#4269 = CARTESIAN_POINT ( 'NONE',  ( -0.3549999999999999800, 0.9499999999999999600, 0.2700000000000000700 ) ) ;
#4270 = TOROIDAL_SURFACE ( 'NONE', #8775, 0.04444444444444400200, 0.02222222222222200100 ) ;
#4271 = CYLINDRICAL_SURFACE ( 'NONE', #2399, 0.02500000000000006400 ) ;
#4272 = FACE_OUTER_BOUND ( 'NONE', #8194, .T. ) ;
#4273 = DIRECTION ( 'NONE',  ( 0.0000000000000000000, 1.000000000000000000, 0.0000000000000000000 ) ) ;
#4274 = ORIENTED_EDGE ( 'NONE', *, *, #5413, .T. ) ;
#4275 = CARTESIAN_POINT ( 'NONE',  ( 0.7458472448489013000, 0.005357195680614263200, 0.7466836333875324100 ) ) ;
#4276 = AXIS2_PLACEMENT_3D ( 'NONE', #9180, #8138, #5281 ) ;
#4277 = B_SPLINE_CURVE_WITH_KNOTS ( 'NONE', 3,
 ( #6228, #4292, #4205, #10854, #1404, #4502, #12153, #3562, #6265, #637, #7230, #1732, #6378, #7382, #4593, #8181 ),
 .UNSPECIFIED., .F., .F.,
 ( 4, 3, 3, 3, 3, 4 ),
 ( 0.0000000000000000000, 5.244413750271549700E-006, 1.047764831067554800E-005, 1.587895489182481100E-005, 2.171330530836148200E-005, 2.737768783946576300E-005 ),
 .UNSPECIFIED. ) ;
#4278 = CARTESIAN_POINT ( 'NONE',  ( -0.7450000000000000000, 0.9499999999999999600, -0.1249999999999998300 ) ) ;
#4279 = VECTOR ( 'NONE', #7436, 1000.000000000000000 ) ;
#4280 = CYLINDRICAL_SURFACE ( 'NONE', #4729, 0.5000000000000000000 ) ;
#4281 = DIRECTION ( 'NONE',  ( 0.0000000000000000000, 0.0000000000000000000, 1.000000000000000000 ) ) ;
#4282 = FACE_OUTER_BOUND ( 'NONE', #6440, .T. ) ;
#4283 = EDGE_CURVE ( 'NONE', #5179, #7616, #10681, .T. ) ;
#4284 = DIRECTION ( 'NONE',  ( -0.0000000000000000000, 1.000000000000000000, -0.0000000000000000000 ) ) ;
#4285 = PRESENTATION_LAYER_ASSIGNMENT (  '', '', ( #3631 ) ) ;
#4286 = CARTESIAN_POINT ( 'NONE',  ( -0.9555555555555553800, 0.0000000000000000000, -0.7777777777777779000 ) ) ;
#4287 = VERTEX_POINT ( 'NONE', #3250 ) ;
#4288 = VECTOR ( 'NONE', #3047, 1000.000000000000000 ) ;
#4289 = ADVANCED_FACE ( 'NONE', ( #3536 ), #6644, .F. ) ;
#4290 = CARTESIAN_POINT ( 'NONE',  ( -0.9777777777777779700, 0.9777777777777779700, -0.7555555555555555400 ) ) ;
#4291 = AXIS2_PLACEMENT_3D ( 'NONE', #345, #1216, #5952 ) ;
#4292 = CARTESIAN_POINT ( 'NONE',  ( -0.6565851954165916600, 0.2999999999999999900, 0.6738059225679082800 ) ) ;
#4293 = STYLED_ITEM ( 'NONE', ( #5623 ), #11759 ) ;
#4294 = CARTESIAN_POINT ( 'NONE',  ( -0.2549999999999999500, 0.9499999999999999600, 0.1749999999999998500 ) ) ;
#4295 = EDGE_CURVE ( 'NONE', #10733, #1867, #4456, .T. ) ;
#4296 = CARTESIAN_POINT ( 'NONE',  ( 0.6099029108144653500, 0.01460581148462237800, 0.7731153814410841600 ) ) ;
#4297 = CARTESIAN_POINT ( 'NONE',  ( -0.9555555555555553800, 0.1900000000000000600, -0.7777777777777779000 ) ) ;
#4298 = CARTESIAN_POINT ( 'NONE',  ( -0.9999999999999997800, 0.9777777777777779700, -0.7555555555555555400 ) ) ;
#4299 = CARTESIAN_POINT ( 'NONE',  ( -0.3550000000000000400, 1.000000000000000000, -0.2699999999999999600 ) ) ;
#4300 = ORIENTED_EDGE ( 'NONE', *, *, #4722, .F. ) ;
#4301 = B_SPLINE_CURVE_WITH_KNOTS ( 'NONE', 3,
 ( #4835, #2960, #7637, #282, #1107, #7710, #10644, #8676, #4908, #1197, #6843, #1975, #5769, #6717, #3090, #9656, #8747, #5934, #11560, #4000, #2146, #11694 ),
 .UNSPECIFIED., .F., .F.,
 ( 4, 3, 3, 3, 3, 3, 3, 4 ),
 ( 2.696852875698874900E-018, 3.288726774244142700E-006, 8.074923501630901500E-006, 9.390895138780081900E-006, 1.840926604927782600E-005, 3.222852978177187500E-005, 4.177494457292124700E-005, 4.891407696908963000E-005 ),
 .UNSPECIFIED. ) ;
#4302 = CARTESIAN_POINT ( 'NONE',  ( 0.6333333333333326400, 0.1999999999999999800, 0.7777777777777780100 ) ) ;
#4303 = ADVANCED_FACE ( 'NONE', ( #4149 ), #6052, .T. ) ;
#4304 = CARTESIAN_POINT ( 'NONE',  ( -0.7250000000000000900, 0.005000000000000001800, 0.7525438349425661600 ) ) ;
#4305 = MECHANICAL_DESIGN_GEOMETRIC_PRESENTATION_REPRESENTATION (  '', ( #2644 ), #7690 ) ;
#4306 = DIRECTION ( 'NONE',  ( 0.0000000000000000000, 0.0000000000000000000, 1.000000000000000000 ) ) ;
#4307 = LINE ( 'NONE', #6255, #1942 ) ;
#4308 = AXIS2_PLACEMENT_3D ( 'NONE', #5779, #165, #4804 ) ;
#4309 = CIRCLE ( 'NONE', #7677, 0.02499999999999995600 ) ;
#4310 = DIRECTION ( 'NONE',  ( 0.0000000000000000000, 0.0000000000000000000, 1.000000000000000000 ) ) ;
#4311 = DIRECTION ( 'NONE',  ( 0.0000000000000000000, -0.0000000000000000000, 1.000000000000000000 ) ) ;
#4312 = ORIENTED_EDGE ( 'NONE', *, *, #7335, .T. ) ;
#4313 = DIRECTION ( 'NONE',  ( 0.0000000000000000000, 0.1249999999999991000, 0.9921567416492215200 ) ) ;
#4314 = DIRECTION ( 'NONE',  ( 0.0000000000000000000, 1.000000000000000000, -0.0000000000000000000 ) ) ;
#4315 = EDGE_CURVE ( 'NONE', #6381, #7501, #3699, .T. ) ;
#4316 = PLANE ( 'NONE',  #10284 ) ;
#4317 = AXIS2_PLACEMENT_3D ( 'NONE', #10164, #7183, #4499 ) ;
#4318 = DIRECTION ( 'NONE',  ( 1.000000000000000000, 0.0000000000000000000, 0.0000000000000000000 ) ) ;
#4319 = CARTESIAN_POINT ( 'NONE',  ( -0.6899999999999999500, 0.9499999999999999600, -0.1749999999999997700 ) ) ;
#4320 = VERTEX_POINT ( 'NONE', #365 ) ;
#4321 = ORIENTED_EDGE ( 'NONE', *, *, #12079, .F. ) ;
#4322 = CARTESIAN_POINT ( 'NONE',  ( -0.3100000000000000000, 1.000000000000000000, 0.1250000000000000000 ) ) ;
#4323 = CARTESIAN_POINT ( 'NONE',  ( 0.6449702115541680000, 0.2044187433149530800, 0.7724091971811568600 ) ) ;
#4324 = CARTESIAN_POINT ( 'NONE',  ( -0.5000000000000000000, 0.9499999999999999600, -0.09999999999999993600 ) ) ;
#4325 = EDGE_CURVE ( 'NONE', #2433, #10006, #910, .T. ) ;
#4326 = CARTESIAN_POINT ( 'NONE',  ( 0.3499999999999998100, 0.1777777777777780100, -0.7777777777777780100 ) ) ;
#4327 = EDGE_CURVE ( 'NONE', #5017, #1616, #3393, .T. ) ;
#4328 = ORIENTED_EDGE ( 'NONE', *, *, #1731, .F. ) ;
#4329 = DIRECTION ( 'NONE',  ( 0.0000000000000000000, 0.0000000000000000000, 1.000000000000000000 ) ) ;
#4330 = VERTEX_POINT ( 'NONE', #10002 ) ;
#4331 = ORIENTED_EDGE ( 'NONE', *, *, #7263, .T. ) ;
#4332 = DIRECTION ( 'NONE',  ( 0.0000000000000000000, 0.0000000000000000000, -1.000000000000000000 ) ) ;
#4333 = EDGE_CURVE ( 'NONE', #8334, #7060, #10501, .T. ) ;
#4334 = FACE_OUTER_BOUND ( 'NONE', #9380, .T. ) ;
#4335 = CARTESIAN_POINT ( 'NONE',  ( -0.4999999999999998900, 0.9499999999999999600, 0.2650000000000000100 ) ) ;
#4336 = AXIS2_PLACEMENT_3D ( 'NONE', #4392, #1506, #490 ) ;
#4337 =( NAMED_UNIT ( * ) SI_UNIT ( $, .STERADIAN. ) SOLID_ANGLE_UNIT ( ) );
#4338 = VECTOR ( 'NONE', #1789, 1000.000000000000000 ) ;
#4339 = ORIENTED_EDGE ( 'NONE', *, *, #395, .T. ) ;
#4340 = CARTESIAN_POINT ( 'NONE',  ( 0.7066373719584494500, 0.1999999999999999800, 0.7741250629171414500 ) ) ;
#4341 = EDGE_LOOP ( 'NONE', ( #3617, #2248, #7597, #3909 ) ) ;
#4342 = AXIS2_PLACEMENT_3D ( 'NONE', #5210, #11988, #11664 ) ;
#4343 = CARTESIAN_POINT ( 'NONE',  ( -0.3100000000000000000, 0.9499999999999999600, 0.1499999999999999700 ) ) ;
#4344 = VERTEX_POINT ( 'NONE', #609 ) ;
#4345 = ORIENTED_EDGE ( 'NONE', *, *, #193, .T. ) ;
#4346 = ADVANCED_FACE ( 'NONE', ( #7674 ), #7469, .F. ) ;
#4347 = DIRECTION ( 'NONE',  ( 0.0000000000000000000, 0.0000000000000000000, 1.000000000000000000 ) ) ;
#4348 = EDGE_CURVE ( 'NONE', #6887, #361, #3041, .T. ) ;
#4349 = CARTESIAN_POINT ( 'NONE',  ( -0.6899999999999999500, 0.9499999999999999600, -0.1499999999999999100 ) ) ;
#4350 = CARTESIAN_POINT ( 'NONE',  ( -0.3100000000000000500, 0.9499999999999999600, -0.1499999999999999100 ) ) ;
#4351 = CIRCLE ( 'NONE', #8643, 0.008333333333333531000 ) ;
#4352 = ORIENTED_EDGE ( 'NONE', *, *, #5608, .T. ) ;
#4353 = AXIS2_PLACEMENT_3D ( 'NONE', #4021, #10672, #7614 ) ;
#4354 = DIRECTION ( 'NONE',  ( 0.0000000000000000000, -0.0000000000000000000, 1.000000000000000000 ) ) ;
#4355 = ORIENTED_EDGE ( 'NONE', *, *, #11808, .F. ) ;
#4356 = DIRECTION ( 'NONE',  ( 0.0000000000000000000, 0.0000000000000000000, 1.000000000000000000 ) ) ;
#4357 = CARTESIAN_POINT ( 'NONE',  ( -0.7450000000000000000, 0.9499999999999999600, -0.1499999999999999100 ) ) ;
#4358 = VERTEX_POINT ( 'NONE', #4257 ) ;
#4359 = VERTEX_POINT ( 'NONE', #9911 ) ;
#4360 = DIRECTION ( 'NONE',  ( 1.000000000000000000, 0.0000000000000000000, 0.0000000000000000000 ) ) ;
#4361 = EDGE_LOOP ( 'NONE', ( #1074, #736, #3591, #3761, #9569, #8199 ) ) ;
#4362 = VECTOR ( 'NONE', #5476, 1000.000000000000000 ) ;
#4363 = AXIS2_PLACEMENT_3D ( 'NONE', #8893, #10791, #10967 ) ;
#4364 = PLANE ( 'NONE',  #905 ) ;
#4365 = DIRECTION ( 'NONE',  ( 0.0000000000000000000, 0.1249999999999991000, 0.9921567416492215200 ) ) ;
#4366 = ADVANCED_FACE ( 'NONE', ( #4247 ), #8104, .T. ) ;
#4367 = AXIS2_PLACEMENT_3D ( 'NONE', #2620, #5439, #3627 ) ;
#4368 = EDGE_LOOP ( 'NONE', ( #2727, #3194, #8778, #949 ) ) ;
#4369 = ORIENTED_EDGE ( 'NONE', *, *, #9567, .T. ) ;
#4370 = EDGE_CURVE ( 'NONE', #8050, #10942, #4083, .T. ) ;
#4371 = VERTEX_POINT ( 'NONE', #6157 ) ;
#4372 = ORIENTED_EDGE ( 'NONE', *, *, #5109, .T. ) ;
#4373 = CARTESIAN_POINT ( 'NONE',  ( 0.6083333333332137100, 0.02166666666665123500, 0.7765044641501666100 ) ) ;
#4374 = DIRECTION ( 'NONE',  ( -0.0000000000000000000, 1.000000000000000000, -0.0000000000000000000 ) ) ;
#4375 = EDGE_LOOP ( 'NONE', ( #5954, #2694, #1687, #8745 ) ) ;
#4376 = DIRECTION ( 'NONE',  ( 0.0000000000000000000, 0.0000000000000000000, 1.000000000000000000 ) ) ;
#4377 = ORIENTED_EDGE ( 'NONE', *, *, #4885, .F. ) ;
#4378 = FACE_OUTER_BOUND ( 'NONE', #876, .T. ) ;
#4379 = DIRECTION ( 'NONE',  ( 0.0000000000000000000, 1.000000000000000000, -0.0000000000000000000 ) ) ;
#4380 = MANIFOLD_SOLID_BREP ( 'Boss-Extrude4[1]', #724 ) ;
#4381 = VECTOR ( 'NONE', #3576, 1000.000000000000000 ) ;
#4382 = VERTEX_POINT ( 'NONE', #2402 ) ;
#4383 = CARTESIAN_POINT ( 'NONE',  ( 0.6085651890751071500, 0.01889632956789842600, 0.7759500822535979600 ) ) ;
#4384 =( LENGTH_UNIT ( ) NAMED_UNIT ( * ) SI_UNIT ( .MILLI., .METRE. ) );
#4385 = ORIENTED_EDGE ( 'NONE', *, *, #4501, .F. ) ;
#4386 = CARTESIAN_POINT ( 'NONE',  ( -0.6083333333333330600, 0.1805555555555557500, 0.7541114196556968400 ) ) ;
#4387 = EDGE_LOOP ( 'NONE', ( #11985, #5664 ) ) ;
#4388 = AXIS2_PLACEMENT_3D ( 'NONE', #9706, #8840, #7758 ) ;
#4389 = CARTESIAN_POINT ( 'NONE',  ( 7.937048284925630400E-017, 0.02222222222222208800, 0.7320634920634921900 ) ) ;
#4390 = EDGE_LOOP ( 'NONE', ( #6158, #2132, #9331, #8804 ) ) ;
#4391 = CIRCLE ( 'NONE', #3055, 0.02500000000000007800 ) ;
#4392 = CARTESIAN_POINT ( 'NONE',  ( -0.7416666666666664700, 0.02222222222222176900, 0.7777777777777780100 ) ) ;
#4393 = DIRECTION ( 'NONE',  ( 0.0000000000000000000, -0.0000000000000000000, -1.000000000000000000 ) ) ;
#4394 = VECTOR ( 'NONE', #11675, 1000.000000000000000 ) ;
#4395 = CYLINDRICAL_SURFACE ( 'NONE', #6549, 0.02222222222222198000 ) ;
#4396 = VERTEX_POINT ( 'NONE', #4297 ) ;
#4397 = VERTEX_POINT ( 'NONE', #8337 ) ;
#4398 = EDGE_LOOP ( 'NONE', ( #369, #5802, #9879, #80 ) ) ;
#4399 = VERTEX_POINT ( 'NONE', #3411 ) ;
#4400 = CARTESIAN_POINT ( 'NONE',  ( -0.6449999999999999100, 1.000000000000000000, -0.2450000000000000000 ) ) ;
#4401 = AXIS2_PLACEMENT_3D ( 'NONE', #8533, #941, #4704 ) ;
#4402 = DIRECTION ( 'NONE',  ( -1.000000000000000000, -0.0000000000000000000, -0.0000000000000000000 ) ) ;
#4403 = FACE_BOUND ( 'NONE', #2793, .T. ) ;
#4404 = CARTESIAN_POINT ( 'NONE',  ( -0.3550000000000000400, 1.000000000000000000, -0.2200000000000000000 ) ) ;
#4405 = CARTESIAN_POINT ( 'NONE',  ( -0.3499999999999997000, 0.1999999999999999800, -0.8000000000000000400 ) ) ;
#4406 = EDGE_LOOP ( 'NONE', ( #8474, #4530, #7326, #5582 ) ) ;
#4407 = DIRECTION ( 'NONE',  ( 0.0000000000000000000, 1.000000000000000000, 0.0000000000000000000 ) ) ;
#4408 = ORIENTED_EDGE ( 'NONE', *, *, #4245, .T. ) ;
#4409 = DIRECTION ( 'NONE',  ( 0.0000000000000000000, -1.219727444046205700E-015, -1.000000000000000000 ) ) ;
#4410 = ORIENTED_EDGE ( 'NONE', *, *, #7400, .F. ) ;
#4411 = DIRECTION ( 'NONE',  ( 0.0000000000000000000, 0.0000000000000000000, -1.000000000000000000 ) ) ;
#4412 = EDGE_CURVE ( 'NONE', #4927, #5096, #8674, .T. ) ;
#4413 = CARTESIAN_POINT ( 'NONE',  ( -0.6963079987632010400, 0.2937670328359556800, 0.7222909971888451500 ) ) ;
#4414 = VECTOR ( 'NONE', #11262, 1000.000000000000000 ) ;
#4415 = VECTOR ( 'NONE', #11132, 1000.000000000000000 ) ;
#4416 = LINE ( 'NONE', #9194, #3806 ) ;
#4417 = FACE_OUTER_BOUND ( 'NONE', #5709, .T. ) ;
#4418 = ADVANCED_FACE ( 'NONE', ( #5297 ), #2486, .T. ) ;
#4419 = CARTESIAN_POINT ( 'NONE',  ( 0.6083333333333331700, 0.1997656017279598700, 0.7809969016383354600 ) ) ;
#4420 = AXIS2_PLACEMENT_3D ( 'NONE', #3107, #1258, #9636 ) ;
#4421 = DIRECTION ( 'NONE',  ( 0.0000000000000000000, 1.000000000000000000, 0.0000000000000000000 ) ) ;
#4422 = VERTEX_POINT ( 'NONE', #9124 ) ;
#4423 = ORIENTED_EDGE ( 'NONE', *, *, #1674, .T. ) ;
#4424 = CARTESIAN_POINT ( 'NONE',  ( -0.6449999999999999100, 1.000000000000000000, -0.2450000000000000000 ) ) ;
#4425 = DIRECTION ( 'NONE',  ( 0.0000000000000000000, 0.0000000000000000000, -1.000000000000000000 ) ) ;
#4426 = DIRECTION ( 'NONE',  ( 0.0000000000000000000, 0.0000000000000000000, -1.000000000000000000 ) ) ;
#4427 = CARTESIAN_POINT ( 'NONE',  ( 0.6541584804553268700, 0.2940275453242786600, 0.7221730912500227100 ) ) ;
#4428 = AXIS2_PLACEMENT_3D ( 'NONE', #8356, #10270, #5552 ) ;
#4429 = CARTESIAN_POINT ( 'NONE',  ( -0.7416034706012040200, 0.01965875209108103300, 0.7849850704878172900 ) ) ;
#4430 = DIRECTION ( 'NONE',  ( 1.000000000000000000, 0.0000000000000000000, -1.084202172485504400E-016 ) ) ;
#4431 = VECTOR ( 'NONE', #7059, 1000.000000000000000 ) ;
#4432 = DIRECTION ( 'NONE',  ( 0.0000000000000000000, 0.0000000000000000000, 1.000000000000000000 ) ) ;
#4433 = VECTOR ( 'NONE', #3607, 1000.000000000000000 ) ;
#4434 = LINE ( 'NONE', #8837, #7234 ) ;
#4435 = CARTESIAN_POINT ( 'NONE',  ( 0.5901759881450390200, 0.1893403504966810200, 0.7511061517886658000 ) ) ;
#4436 = PLANE ( 'NONE',  #3988 ) ;
#4437 = CARTESIAN_POINT ( 'NONE',  ( 0.6083333333333331700, 0.02166666666737636000, 0.7833054857617750600 ) ) ;
#4438 = CYLINDRICAL_SURFACE ( 'NONE', #4682, 0.02222222222222198000 ) ;
#4439 = CIRCLE ( 'NONE', #11591, 0.02499999999999995600 ) ;
#4440 = EDGE_CURVE ( 'NONE', #3488, #10165, #11984, .T. ) ;
#4441 = ORIENTED_EDGE ( 'NONE', *, *, #7113, .F. ) ;
#4442 = CARTESIAN_POINT ( 'NONE',  ( -0.6091240798219907900, 0.01659390250111890700, 0.7867934972283287000 ) ) ;
#4443 = CARTESIAN_POINT ( 'NONE',  ( 0.7086345221032408500, 0.2058928531135504900, 0.7277093103510351400 ) ) ;
#4444 = ADVANCED_FACE ( 'NONE', ( #9115 ), #10258, .F. ) ;
#4445 = CARTESIAN_POINT ( 'NONE',  ( 0.6482963152325235100, 0.2032324026211780600, 0.7751633714711173600 ) ) ;
#4446 = DIRECTION ( 'NONE',  ( -0.0000000000000000000, 1.000000000000000000, -0.0000000000000000000 ) ) ;
#4447 = CARTESIAN_POINT ( 'NONE',  ( 0.7392565059149808200, 0.1919663986564902600, 0.7683243633290597300 ) ) ;
#4448 = FACE_OUTER_BOUND ( 'NONE', #15, .T. ) ;
#4449 = CARTESIAN_POINT ( 'NONE',  ( -0.9999999999999997800, 0.8222222222222219700, 0.7098412698412699400 ) ) ;
#4450 = CIRCLE ( 'NONE', #3317, 0.02222222222222241400 ) ;
#4451 = AXIS2_PLACEMENT_3D ( 'NONE', #9420, #10386, #37 ) ;
#4452 = DIRECTION ( 'NONE',  ( 0.0000000000000000000, 1.000000000000000000, 0.0000000000000000000 ) ) ;
#4453 = DIRECTION ( 'NONE',  ( 0.0000000000000000000, -1.000000000000000000, 0.0000000000000000000 ) ) ;
#4454 = FACE_OUTER_BOUND ( 'NONE', #6286, .T. ) ;
#4455 = EDGE_CURVE ( 'NONE', #8415, #2433, #10014, .T. ) ;
#4456 = LINE ( 'NONE', #7265, #1641 ) ;
#4457 = DIRECTION ( 'NONE',  ( 0.0000000000000000000, 0.0000000000000000000, -1.000000000000000000 ) ) ;
#4458 = CARTESIAN_POINT ( 'NONE',  ( -0.7633828283953590900, 0.01862486892838743600, 0.7540209341379359200 ) ) ;
#4459 = ORIENTED_EDGE ( 'NONE', *, *, #9323, .T. ) ;
#4460 =( NAMED_UNIT ( * ) SI_UNIT ( $, .STERADIAN. ) SOLID_ANGLE_UNIT ( ) );
#4461 = AXIS2_PLACEMENT_3D ( 'NONE', #9286, #669, #12035 ) ;
#4462 = CARTESIAN_POINT ( 'NONE',  ( -0.9555555555555553800, 0.1777777777777780100, 0.7098412698412699400 ) ) ;
#4463 = UNCERTAINTY_MEASURE_WITH_UNIT (LENGTH_MEASURE( 1.000000000000000100E-005 ), #2873, 'distance_accuracy_value', 'NONE');
#4464 = FACE_OUTER_BOUND ( 'NONE', #2142, .T. ) ;
#4465 = CARTESIAN_POINT ( 'NONE',  ( -0.6000000000000000900, 1.000000000000000000, 0.1000000000000000200 ) ) ;
#4466 = DIRECTION ( 'NONE',  ( 0.0000000000000000000, 0.0000000000000000000, 1.000000000000000000 ) ) ;
#4467 = VECTOR ( 'NONE', #3913, 1000.000000000000000 ) ;
#4468 = AXIS2_PLACEMENT_3D ( 'NONE', #7571, #1774, #4703 ) ;
#4469 = CARTESIAN_POINT ( 'NONE',  ( -0.7025987956950091600, 0.2960735131620527700, 0.7149832313272032100 ) ) ;
#4470 = CARTESIAN_POINT ( 'NONE',  ( 0.6087670653368526500, 0.01769871423311238100, 0.7755031112728910700 ) ) ;
#4471 = DIRECTION ( 'NONE',  ( 0.0000000000000000000, 0.0000000000000000000, -1.000000000000000000 ) ) ;
#4472 = CARTESIAN_POINT ( 'NONE',  ( 0.6985231797390354400, 0.2916576520366313500, 0.7232514629717269300 ) ) ;
#4473 = FACE_OUTER_BOUND ( 'NONE', #3473, .T. ) ;
#4474 = DIRECTION ( 'NONE',  ( 0.0000000000000000000, 0.0000000000000000000, 1.000000000000000000 ) ) ;
#4475 = TOROIDAL_SURFACE ( 'NONE', #6735, 0.6666666666666639700, 0.5000000000000000000 ) ;
#4476 = CARTESIAN_POINT ( 'NONE',  ( 0.7122246633745964500, 0.2012825850610072400, 0.7311047585108149100 ) ) ;
#4477 = ORIENTED_EDGE ( 'NONE', *, *, #1314, .T. ) ;
#4478 = CARTESIAN_POINT ( 'NONE',  ( 0.0000000000000000000, 0.8000000000000000400, 0.0000000000000000000 ) ) ;
#4479 = AXIS2_PLACEMENT_3D ( 'NONE', #1664, #6442, #1701 ) ;
#4480 = EDGE_CURVE ( 'NONE', #847, #8647, #6473, .T. ) ;
#4481 = ORIENTED_EDGE ( 'NONE', *, *, #1982, .F. ) ;
#4482 = CARTESIAN_POINT ( 'NONE',  ( -0.9999999999999997800, 0.1999999999999999800, 0.7542857142857142300 ) ) ;
#4483 = AXIS2_PLACEMENT_3D ( 'NONE', #5498, #6433, #790 ) ;
#4484 = ADVANCED_FACE ( 'NONE', ( #3935 ), #5578, .F. ) ;
#4485 = CARTESIAN_POINT ( 'NONE',  ( -0.9777777777777777500, 0.1999999999999999800, 0.0000000000000000000 ) ) ;
#4486 = ORIENTED_EDGE ( 'NONE', *, *, #5144, .F. ) ;
#4487 = EDGE_CURVE ( 'NONE', #860, #9806, #10941, .T. ) ;
#4488 = EDGE_LOOP ( 'NONE', ( #2499, #5276, #4508, #7037 ) ) ;
#4489 = CARTESIAN_POINT ( 'NONE',  ( -0.5500000000000001600, 0.8792893218813447900, 0.1950000000000000600 ) ) ;
#4490 = DIRECTION ( 'NONE',  ( 0.0000000000000000000, 0.0000000000000000000, -1.000000000000000000 ) ) ;
#4491 = VECTOR ( 'NONE', #6825, 1000.000000000000000 ) ;
#4492 = FILL_AREA_STYLE ('',( #5367 ) ) ;
#4493 = AXIS2_PLACEMENT_3D ( 'NONE', #11938, #6226, #5342 ) ;
#4494 = ADVANCED_FACE ( 'NONE', ( #9403 ), #1816, .F. ) ;
#4495 = ORIENTED_EDGE ( 'NONE', *, *, #3487, .F. ) ;
#4496 = EDGE_LOOP ( 'NONE', ( #11086, #4544, #2578 ) ) ;
#4497 = ORIENTED_EDGE ( 'NONE', *, *, #2288, .T. ) ;
#4498 = CARTESIAN_POINT ( 'NONE',  ( -0.6449999999999999100, 0.9499999999999999600, 0.2450000000000001100 ) ) ;
#4499 = DIRECTION ( 'NONE',  ( 1.084202172485507000E-016, 0.0000000000000000000, 1.000000000000000000 ) ) ;
#4500 = CARTESIAN_POINT ( 'NONE',  ( 0.7267761255239432200, 0.005000000000000020100, 0.7918213607330723000 ) ) ;
#4501 = EDGE_CURVE ( 'NONE', #4287, #2199, #4561, .T. ) ;
#4502 = CARTESIAN_POINT ( 'NONE',  ( -0.6499571993297484900, 0.2978410475371917100, 0.6747529546007831100 ) ) ;
#4503 = EDGE_CURVE ( 'NONE', #7007, #5831, #6898, .T. ) ;
#4504 = DIRECTION ( 'NONE',  ( 0.0000000000000000000, 0.0000000000000000000, 1.000000000000000000 ) ) ;
#4505 = ORIENTED_EDGE ( 'NONE', *, *, #10381, .T. ) ;
#4506 = EDGE_LOOP ( 'NONE', ( #11977, #4744, #7074, #5604 ) ) ;
#4507 = CARTESIAN_POINT ( 'NONE',  ( 0.7111111111111131400, 0.5000000000000000000, -1.177777777777778000 ) ) ;
#4508 = ORIENTED_EDGE ( 'NONE', *, *, #7050, .T. ) ;
#4509 = ORIENTED_EDGE ( 'NONE', *, *, #6327, .T. ) ;
#4510 = CARTESIAN_POINT ( 'NONE',  ( 0.6991176286418935300, 0.2982417518752678600, 0.7144928486971349200 ) ) ;
#4511 = DIRECTION ( 'NONE',  ( 0.0000000000000000000, 1.000000000000000000, -0.0000000000000000000 ) ) ;
#4512 = PLANE ( 'NONE',  #976 ) ;
#4513 = ORIENTED_EDGE ( 'NONE', *, *, #6340, .F. ) ;
#4514 = CARTESIAN_POINT ( 'NONE',  ( -0.2125000000000000200, 0.9499999999999999600, 8.131516293641283300E-017 ) ) ;
#4515 = AXIS2_PLACEMENT_3D ( 'NONE', #8304, #9255, #6486 ) ;
#4516 = CARTESIAN_POINT ( 'NONE',  ( 0.6333333333333327500, 0.1999999999999999800, 0.7320634920634920800 ) ) ;
#4517 = CARTESIAN_POINT ( 'NONE',  ( 0.7416666666666664700, 0.1777777777777780100, 0.7320634920634920800 ) ) ;
#4518 = CIRCLE ( 'NONE', #9649, 0.02500000000000006400 ) ;
#4519 = CARTESIAN_POINT ( 'NONE',  ( 0.7115516413766189700, 0.2017065919628542300, 0.7307888700289410000 ) ) ;
#4520 = CARTESIAN_POINT ( 'NONE',  ( -0.6249999999999995600, 0.02222222222222176900, 0.8000000000000000400 ) ) ;
#4521 = ORIENTED_EDGE ( 'NONE', *, *, #5254, .F. ) ;
#4522 = AXIS2_PLACEMENT_3D ( 'NONE', #1552, #10145, #3349 ) ;
#4523 = EDGE_LOOP ( 'NONE', ( #3808, #5124, #12092, #5123 ) ) ;
#4524 = ORIENTED_EDGE ( 'NONE', *, *, #2467, .F. ) ;
#4525 = ORIENTED_EDGE ( 'NONE', *, *, #6092, .F. ) ;
#4526 = EDGE_CURVE ( 'NONE', #7355, #4190, #7350, .T. ) ;
#4527 = VECTOR ( 'NONE', #11384, 1000.000000000000000 ) ;
#4528 = EDGE_CURVE ( 'NONE', #9786, #5145, #1879, .T. ) ;
#4529 = CARTESIAN_POINT ( 'NONE',  ( -0.5500000000000001600, 0.9499999999999999600, 0.1950000000000000600 ) ) ;
#4530 = ORIENTED_EDGE ( 'NONE', *, *, #11079, .F. ) ;
#4531 = EDGE_LOOP ( 'NONE', ( #11689, #6702, #563, #7954 ) ) ;
#4532 = DIRECTION ( 'NONE',  ( 0.0000000000000000000, 1.000000000000000000, 0.0000000000000000000 ) ) ;
#4533 = ORIENTED_EDGE ( 'NONE', *, *, #10011, .T. ) ;
#4534 = ORIENTED_EDGE ( 'NONE', *, *, #1377, .F. ) ;
#4535 = FILL_AREA_STYLE ('',( #2549 ) ) ;
#4536 = DIRECTION ( 'NONE',  ( 0.0000000000000000000, 0.0000000000000000000, 1.000000000000000000 ) ) ;
#4537 = AXIS2_PLACEMENT_3D ( 'NONE', #5259, #9039, #433 ) ;
#4538 = CARTESIAN_POINT ( 'NONE',  ( 0.6212349441754490000, 0.2000000000000000100, 0.7414551684774486300 ) ) ;
#4539 = ORIENTED_EDGE ( 'NONE', *, *, #8911, .F. ) ;
#4540 = VECTOR ( 'NONE', #3021, 1000.000000000000000 ) ;
#4541 = CIRCLE ( 'NONE', #5539, 0.02222222222222203200 ) ;
#4542 = EDGE_CURVE ( 'NONE', #2553, #1716, #7486, .T. ) ;
#4543 = ORIENTED_EDGE ( 'NONE', *, *, #6344, .T. ) ;
#4544 = ORIENTED_EDGE ( 'NONE', *, *, #7594, .F. ) ;
#4545 = DIRECTION ( 'NONE',  ( 0.0000000000000000000, 0.0000000000000000000, 1.000000000000000000 ) ) ;
#4546 = CARTESIAN_POINT ( 'NONE',  ( -0.5000000000000000000, 0.9499999999999999600, -0.2899999999999999200 ) ) ;
#4548 = ORIENTED_EDGE ( 'NONE', *, *, #12214, .F. ) ;
#4547 = CIRCLE ( 'NONE', #11627, 0.02500000000000014700 ) ;
#4549 = CARTESIAN_POINT ( 'NONE',  ( -0.6449999999999999100, 0.8792893218813447900, 0.2200000000000002500 ) ) ;
#4550 = DIRECTION ( 'NONE',  ( 0.0000000000000000000, 1.000000000000000000, 0.0000000000000000000 ) ) ;
#4551 = CARTESIAN_POINT ( 'NONE',  ( -0.6999999999999997300, 0.2030620702128254600, 0.7754994340234725400 ) ) ;
#4552 = ORIENTED_EDGE ( 'NONE', *, *, #1048, .F. ) ;
#4553 = DIRECTION ( 'NONE',  ( 0.0000000000000000000, 0.0000000000000000000, -1.000000000000000000 ) ) ;
#4554 = ORIENTED_EDGE ( 'NONE', *, *, #7932, .F. ) ;
#4555 = FACE_OUTER_BOUND ( 'NONE', #8245, .T. ) ;
#4556 = AXIS2_PLACEMENT_3D ( 'NONE', #9958, #10964, #7120 ) ;
#4557 = CARTESIAN_POINT ( 'NONE',  ( -0.9555555555555553800, -1.445153081025597900, 0.7320634920634923000 ) ) ;
#4558 = DIRECTION ( 'NONE',  ( 0.0000000000000000000, 0.0000000000000000000, 1.000000000000000000 ) ) ;
#4559 = DIRECTION ( 'NONE',  ( 0.0000000000000000000, 1.000000000000000000, 0.0000000000000000000 ) ) ;
#4560 = CARTESIAN_POINT ( 'NONE',  ( 0.6971394000435986400, 0.2931437463680255400, 0.7225732954209164200 ) ) ;
#4561 = CIRCLE ( 'NONE', #4637, 0.02499999999999995600 ) ;
#4562 = ORIENTED_EDGE ( 'NONE', *, *, #1712, .F. ) ;
#4563 = AXIS2_PLACEMENT_3D ( 'NONE', #9789, #5976, #4138 ) ;
#4564 = DIRECTION ( 'NONE',  ( 4.441140238399635700E-016, -0.0000000000000000000, 1.000000000000000000 ) ) ;
#4565 = ORIENTED_EDGE ( 'NONE', *, *, #3089, .T. ) ;
#4566 = ORIENTED_EDGE ( 'NONE', *, *, #8167, .T. ) ;
#4567 = CARTESIAN_POINT ( 'NONE',  ( 0.7104558838229102500, 0.2027771997034107400, 0.7299955786659495500 ) ) ;
#4568 = ADVANCED_FACE ( 'NONE', ( #2021 ), #1051, .T. ) ;
#4569 = CYLINDRICAL_SURFACE ( 'NONE', #947, 0.02222222222222198000 ) ;
#4570 = FACE_BOUND ( 'NONE', #8933, .T. ) ;
#4571 = CYLINDRICAL_SURFACE ( 'NONE', #9595, 0.02222222222222198000 ) ;
#4572 = ORIENTED_EDGE ( 'NONE', *, *, #1026, .F. ) ;
#4573 = ORIENTED_EDGE ( 'NONE', *, *, #9025, .F. ) ;
#4574 = CIRCLE ( 'NONE', #11126, 0.02499999999999984900 ) ;
#4575 = SURFACE_STYLE_FILL_AREA ( #48 ) ;
#4576 = CARTESIAN_POINT ( 'NONE',  ( -0.7050297884457899000, 0.2044187433149321800, 0.7724091971811183300 ) ) ;
#4577 = FACE_OUTER_BOUND ( 'NONE', #10546, .T. ) ;
#4578 = VECTOR ( 'NONE', #95, 1000.000000000000000 ) ;
#4579 = CYLINDRICAL_SURFACE ( 'NONE', #1030, 0.4999999999999997800 ) ;
#4580 =( LENGTH_UNIT ( ) NAMED_UNIT ( * ) SI_UNIT ( .MILLI., .METRE. ) );
#4581 = VERTEX_POINT ( 'NONE', #10527 ) ;
#4582 = EDGE_CURVE ( 'NONE', #3452, #2749, #11249, .T. ) ;
#4583 = DIRECTION ( 'NONE',  ( 0.0000000000000000000, 1.000000000000000000, -0.0000000000000000000 ) ) ;
#4584 = EDGE_CURVE ( 'NONE', #1245, #4320, #3639, .T. ) ;
#4585 = TOROIDAL_SURFACE ( 'NONE', #5824, 0.02222222222222244900, 0.02222222222222200100 ) ;
#4586 = CIRCLE ( 'NONE', #1321, 0.04444444444444439100 ) ;
#4587 = VECTOR ( 'NONE', #2501, 1000.000000000000000 ) ;
#4588 = CARTESIAN_POINT ( 'NONE',  ( -0.6109888535648355700, 0.009868983689173360300, 0.7526896662302232600 ) ) ;
#4589 = AXIS2_PLACEMENT_3D ( 'NONE', #4895, #4936, #7833 ) ;
#4590 = DIRECTION ( 'NONE',  ( 0.0000000000000000000, 1.000000000000000000, 0.0000000000000000000 ) ) ;
#4591 = CARTESIAN_POINT ( 'NONE',  ( 0.7302514291704562700, 0.005848946544552501900, 0.7915157820633436100 ) ) ;
#4592 = CYLINDRICAL_SURFACE ( 'NONE', #6975, 0.02222222222222230300 ) ;
#4593 = CARTESIAN_POINT ( 'NONE',  ( -0.6416666666650426800, 0.2850392513886115800, 0.6806263873496446500 ) ) ;
#4594 = CARTESIAN_POINT ( 'NONE',  ( -0.6388283004793563500, 0.2020683688076104500, 0.7305205390247892000 ) ) ;
#4595 = AXIS2_PLACEMENT_3D ( 'NONE', #8440, #4731, #8508 ) ;
#4596 = CARTESIAN_POINT ( 'NONE',  ( 0.6249007223796536600, 0.004999999999999991400, 0.7525438349425661600 ) ) ;
#4597 = DIRECTION ( 'NONE',  ( 0.0000000000000000000, 0.0000000000000000000, -1.000000000000000000 ) ) ;
#4598 = CARTESIAN_POINT ( 'NONE',  ( 0.6994486853608399300, 0.2898170914825613500, 0.7241004199923687400 ) ) ;
#4599 = DIRECTION ( 'NONE',  ( -5.918954667815146000E-016, 0.0000000000000000000, -1.000000000000000000 ) ) ;
#4600 = CIRCLE ( 'NONE', #12072, 0.02499999999999995600 ) ;
#4601 = EDGE_CURVE ( 'NONE', #2398, #8106, #11514, .T. ) ;
#4602 = CYLINDRICAL_SURFACE ( 'NONE', #9363, 0.04444444444444439100 ) ;
#4603 = CARTESIAN_POINT ( 'NONE',  ( 0.7416666666666664700, 0.02166666666666649400, 0.7765044641500696800 ) ) ;
#4604 = ORIENTED_EDGE ( 'NONE', *, *, #7195, .F. ) ;
#4605 = AXIS2_PLACEMENT_3D ( 'NONE', #6771, #1166, #5060 ) ;
#4606 = DIRECTION ( 'NONE',  ( -0.0000000000000000000, 1.000000000000000000, -0.0000000000000000000 ) ) ;
#4607 = MANIFOLD_SOLID_BREP ( 'Boss-Extrude4[29]', #10603 ) ;
#4608 = CARTESIAN_POINT ( 'NONE',  ( -0.6501346892749566600, 0.2885821867656598900, 0.7246736975804366500 ) ) ;
#4609 = FACE_OUTER_BOUND ( 'NONE', #548, .T. ) ;
#4610 = AXIS2_PLACEMENT_3D ( 'NONE', #4627, #4662, #12157 ) ;
#4611 = DIRECTION ( 'NONE',  ( 0.0000000000000000000, 0.0000000000000000000, -1.000000000000000000 ) ) ;
#4612 = CYLINDRICAL_SURFACE ( 'NONE', #10408, 0.02499999999999985900 ) ;
#4613 = EDGE_CURVE ( 'NONE', #2817, #1751, #5870, .T. ) ;
#4614 = DIRECTION ( 'NONE',  ( 0.0000000000000000000, 0.0000000000000000000, 1.000000000000000000 ) ) ;
#4615 = FILL_AREA_STYLE_COLOUR ( '', #4740 ) ;
#4616 = CARTESIAN_POINT ( 'NONE',  ( 0.7083333333333332600, 0.2083333333333330400, 1.132063492063491500 ) ) ;
#4617 = LINE ( 'NONE', #8604, #2089 ) ;
#4618 = CARTESIAN_POINT ( 'NONE',  ( -0.6403573765214213300, 0.2000000000000000100, 0.7651513958793293400 ) ) ;
#4619 = ADVANCED_FACE ( 'NONE', ( #873 ), #3361, .T. ) ;
#4620 = ORIENTED_EDGE ( 'NONE', *, *, #10150, .F. ) ;
#4621 = DIRECTION ( 'NONE',  ( 0.0000000000000000000, 7.411538288475051500E-017, -1.000000000000000000 ) ) ;
#4622 = DIRECTION ( 'NONE',  ( -1.000000000000000000, -0.0000000000000000000, -2.982899771728684700E-016 ) ) ;
#4623 = AXIS2_PLACEMENT_3D ( 'NONE', #6941, #11693, #280 ) ;
#4624 = CARTESIAN_POINT ( 'NONE',  ( -0.6083333333333331700, 0.2000000000000000900, 0.7320634920634921900 ) ) ;
#4625 = CIRCLE ( 'NONE', #8886, 0.02222222222222197000 ) ;
#4626 = ORIENTED_EDGE ( 'NONE', *, *, #8544, .F. ) ;
#4627 = CARTESIAN_POINT ( 'NONE',  ( -0.3499999999999997000, 0.1777777777777780100, -0.7777777777777780100 ) ) ;
#4628 = CARTESIAN_POINT ( 'NONE',  ( -0.6900000000000000600, 0.8792893218813447900, 0.1749999999999998200 ) ) ;
#4629 = CARTESIAN_POINT ( 'NONE',  ( -0.6900000000000000600, 0.9499999999999999600, 0.1749999999999998200 ) ) ;
#4630 = DIRECTION ( 'NONE',  ( 0.0000000000000000000, 0.0000000000000000000, -1.000000000000000000 ) ) ;
#4631 = CARTESIAN_POINT ( 'NONE',  ( -0.5887242147515763200, 0.1878125301996086400, 0.7519866611590839700 ) ) ;
#4632 = CARTESIAN_POINT ( 'NONE',  ( -0.9555555555555553800, 0.8222222222222219700, 0.7098412698412699400 ) ) ;
#4633 = CARTESIAN_POINT ( 'NONE',  ( -0.6083965293987956300, 0.01965875209108102300, 0.7849850704878172900 ) ) ;
#4634 =( NAMED_UNIT ( * ) SI_UNIT ( $, .STERADIAN. ) SOLID_ANGLE_UNIT ( ) );
#4635 = VERTEX_POINT ( 'NONE', #5076 ) ;
#4636 = VERTEX_POINT ( 'NONE', #10885 ) ;
#4637 = AXIS2_PLACEMENT_3D ( 'NONE', #60, #3709, #11298 ) ;
#4638 = DIRECTION ( 'NONE',  ( 1.000000000000000000, 0.0000000000000000000, -3.580851211878730200E-016 ) ) ;
#4639 = VECTOR ( 'NONE', #1974, 1000.000000000000000 ) ;
#4640 = ORIENTED_EDGE ( 'NONE', *, *, #4542, .F. ) ;
#4641 = EDGE_CURVE ( 'NONE', #2743, #7777, #6184, .T. ) ;
#4642 = EDGE_LOOP ( 'NONE', ( #9787, #4513, #1556, #11946 ) ) ;
#4643 = ORIENTED_EDGE ( 'NONE', *, *, #854, .T. ) ;
#4644 = EDGE_LOOP ( 'NONE', ( #11073, #11320, #8809, #4187 ) ) ;
#4645 = DIRECTION ( 'NONE',  ( -0.0000000000000000000, 1.000000000000000000, -0.0000000000000000000 ) ) ;
#4646 = PLANE ( 'NONE',  #6293 ) ;
#4647 = AXIS2_PLACEMENT_3D ( 'NONE', #2220, #259, #10712 ) ;
#4648 = LINE ( 'NONE', #4616, #11620 ) ;
#4649 = ORIENTED_EDGE ( 'NONE', *, *, #11910, .F. ) ;
#4650 = ORIENTED_EDGE ( 'NONE', *, *, #5294, .F. ) ;
#4651 = ORIENTED_EDGE ( 'NONE', *, *, #7634, .T. ) ;
#4652 = DIRECTION ( 'NONE',  ( 0.0000000000000000000, 1.000000000000000000, 0.0000000000000000000 ) ) ;
#4653 = VERTEX_POINT ( 'NONE', #5956 ) ;
#4654 = CARTESIAN_POINT ( 'NONE',  ( -0.3549999999999999800, 0.9499999999999999600, 0.2200000000000001400 ) ) ;
#4655 = EDGE_CURVE ( 'NONE', #7398, #6119, #1359, .T. ) ;
#4656 = CIRCLE ( 'NONE', #3320, 0.2666666666666639400 ) ;
#4657 = CARTESIAN_POINT ( 'NONE',  ( 0.3499999999999998100, -1.445153081025597900, 0.7320634920634921900 ) ) ;
#4658 = PLANE ( 'NONE',  #10540 ) ;
#4659 = EDGE_CURVE ( 'NONE', #9514, #7505, #7124, .T. ) ;
#4660 = DIRECTION ( 'NONE',  ( -0.0000000000000000000, -1.185846126156016500E-015, 1.000000000000000000 ) ) ;
#4661 = EDGE_LOOP ( 'NONE', ( #7339, #7891, #9057, #12235 ) ) ;
#4662 = DIRECTION ( 'NONE',  ( -1.000000000000000000, -0.0000000000000000000, -0.0000000000000000000 ) ) ;
#4663 = EDGE_LOOP ( 'NONE', ( #8624, #7489 ) ) ;
#4664 = DIRECTION ( 'NONE',  ( 0.0000000000000000000, 1.000000000000000000, 0.0000000000000000000 ) ) ;
#4665 = EDGE_LOOP ( 'NONE', ( #323, #11511, #10797, #5100 ) ) ;
#4666 = VERTEX_POINT ( 'NONE', #7056 ) ;
#4667 = DIRECTION ( 'NONE',  ( 1.000000000000000000, 0.0000000000000000000, -5.918954667815146000E-016 ) ) ;
#4668 = EDGE_LOOP ( 'NONE', ( #12234, #2503, #7305, #8780 ) ) ;
#4669 = ORIENTED_EDGE ( 'NONE', *, *, #7619, .T. ) ;
#4670 = FACE_OUTER_BOUND ( 'NONE', #2907, .T. ) ;
#4671 = DIRECTION ( 'NONE',  ( 0.0000000000000000000, 0.0000000000000000000, 1.000000000000000000 ) ) ;
#4672 = ADVANCED_FACE ( 'NONE', ( #11152 ), #4612, .T. ) ;
#4673 = AXIS2_PLACEMENT_3D ( 'NONE', #2677, #11990, #3526 ) ;
#4674 = CARTESIAN_POINT ( 'NONE',  ( 0.7111111111111146900, 0.1999999999999999800, 0.7320634920634919700 ) ) ;
#4675 = FACE_OUTER_BOUND ( 'NONE', #7295, .T. ) ;
#4676 = VECTOR ( 'NONE', #1290, 1000.000000000000000 ) ;
#4677 = ORIENTED_EDGE ( 'NONE', *, *, #9025, .T. ) ;
#4678 = EDGE_CURVE ( 'NONE', #9059, #7715, #2046, .T. ) ;
#4679 = CARTESIAN_POINT ( 'NONE',  ( 0.6531660960967604600, 0.2991787565668858100, 0.6741652193089012800 ) ) ;
#4680 = CYLINDRICAL_SURFACE ( 'NONE', #12015, 0.02499999999999995600 ) ;
#4681 = ORIENTED_EDGE ( 'NONE', *, *, #3844, .T. ) ;
#4682 = AXIS2_PLACEMENT_3D ( 'NONE', #4253, #7188, #3276 ) ;
#4683 = DIRECTION ( 'NONE',  ( 6.661710357599453500E-016, -0.0000000000000000000, 1.000000000000000000 ) ) ;
#4684 = CIRCLE ( 'NONE', #10957, 0.1666666666666639100 ) ;
#4685 = LINE ( 'NONE', #160, #7041 ) ;
#4686 = VECTOR ( 'NONE', #4606, 1000.000000000000000 ) ;
#4687 = CARTESIAN_POINT ( 'NONE',  ( -0.6000000000000000900, 1.000000000000000000, 0.1000000000000000200 ) ) ;
#4688 = CARTESIAN_POINT ( 'NONE',  ( 0.9777777777777786300, 1.000000000000000000, 0.7098412698412697200 ) ) ;
#4689 = VECTOR ( 'NONE', #2882, 1000.000000000000000 ) ;
#4690 = ORIENTED_EDGE ( 'NONE', *, *, #2524, .F. ) ;
#4691 = EDGE_LOOP ( 'NONE', ( #2266, #4300 ) ) ;
#4692 = ORIENTED_EDGE ( 'NONE', *, *, #2646, .F. ) ;
#4693 = CARTESIAN_POINT ( 'NONE',  ( -0.3499999999999997000, 0.02222222222222208800, -0.7777777777777780100 ) ) ;
#4694 = ORIENTED_EDGE ( 'NONE', *, *, #8627, .T. ) ;
#4695 = AXIS2_PLACEMENT_3D ( 'NONE', #5118, #10379, #11189 ) ;
#4696 = AXIS2_PLACEMENT_3D ( 'NONE', #528, #9128, #7070 ) ;
#4697 = LINE ( 'NONE', #10673, #6906 ) ;
#4698 = CIRCLE ( 'NONE', #7303, 0.02222222222222241400 ) ;
#4699 = DIRECTION ( 'NONE',  ( -0.0000000000000000000, 1.000000000000000000, -0.0000000000000000000 ) ) ;
#4700 = DIRECTION ( 'NONE',  ( -0.0000000000000000000, -1.000000000000000000, -0.0000000000000000000 ) ) ;
#4701 = EDGE_LOOP ( 'NONE', ( #6237, #10141 ) ) ;
#4702 = ORIENTED_EDGE ( 'NONE', *, *, #4736, .T. ) ;
#4703 = DIRECTION ( 'NONE',  ( 1.000000000000000000, 0.0000000000000000000, 0.0000000000000000000 ) ) ;
#4704 = DIRECTION ( 'NONE',  ( 0.0000000000000000000, 0.0000000000000000000, 1.000000000000000000 ) ) ;
#4705 = DIRECTION ( 'NONE',  ( 0.0000000000000000000, 1.000000000000000000, 0.0000000000000000000 ) ) ;
#4706 = CARTESIAN_POINT ( 'NONE',  ( 0.7416666666667579600, 0.02105936136913736900, 0.7764867496950704800 ) ) ;
#4707 = EDGE_LOOP ( 'NONE', ( #10403, #9796 ) ) ;
#4708 = CARTESIAN_POINT ( 'NONE',  ( -0.7083333333333332600, 0.2833333333333330500, 0.7179317890670646700 ) ) ;
#4709 = CARTESIAN_POINT ( 'NONE',  ( -0.6249999999999995600, 0.2000000000000000100, 0.7320634920634923000 ) ) ;
#4710 = CARTESIAN_POINT ( 'NONE',  ( -0.6246644983222878800, 0.1999974677648767900, 0.7329003802498250700 ) ) ;
#4711 = DIRECTION ( 'NONE',  ( 0.0000000000000000000, -0.0000000000000000000, -1.000000000000000000 ) ) ;
#4712 = FACE_OUTER_BOUND ( 'NONE', #6796, .T. ) ;
#4713 = CARTESIAN_POINT ( 'NONE',  ( -0.7638888888888885100, 0.02194444444444429400, 0.7542839781067810500 ) ) ;
#4714 = LINE ( 'NONE', #3512, #11373 ) ;
#4715 = DIRECTION ( 'NONE',  ( -0.0000000000000000000, 1.000000000000000000, -0.0000000000000000000 ) ) ;
#4716 = AXIS2_PLACEMENT_3D ( 'NONE', #11306, #3681, #8587 ) ;
#4717 = FACE_OUTER_BOUND ( 'NONE', #11777, .T. ) ;
#4718 = VECTOR ( 'NONE', #7993, 1000.000000000000000 ) ;
#4719 = ORIENTED_EDGE ( 'NONE', *, *, #698, .F. ) ;
#4720 = EDGE_LOOP ( 'NONE', ( #6995, #1399, #11207, #11585 ) ) ;
#4721 = DIRECTION ( 'NONE',  ( 0.0000000000000000000, 1.000000000000000000, 0.0000000000000000000 ) ) ;
#4722 = EDGE_CURVE ( 'NONE', #9203, #6328, #494, .T. ) ;
#4723 = LINE ( 'NONE', #5524, #1755 ) ;
#4724 = VECTOR ( 'NONE', #4726, 1000.000000000000000 ) ;
#4725 = CARTESIAN_POINT ( 'NONE',  ( -0.3100000000000000500, 1.000000000000000000, -0.1249999999999999400 ) ) ;
#4726 = DIRECTION ( 'NONE',  ( -1.000000000000000000, -0.0000000000000000000, -0.0000000000000000000 ) ) ;
#4727 = DIRECTION ( 'NONE',  ( 0.0000000000000000000, -1.000000000000000000, -0.0000000000000000000 ) ) ;
#4728 = LINE ( 'NONE', #4840, #7822 ) ;
#4729 = AXIS2_PLACEMENT_3D ( 'NONE', #7298, #10117, #12105 ) ;
#4730 = ORIENTED_EDGE ( 'NONE', *, *, #10861, .T. ) ;
#4731 = DIRECTION ( 'NONE',  ( -0.0000000000000000000, -1.000000000000000000, -0.0000000000000000000 ) ) ;
#4732 = CARTESIAN_POINT ( 'NONE',  ( 0.9555555555555551600, 0.9777777777777779700, -0.8000000000000001600 ) ) ;
#4733 = DIRECTION ( 'NONE',  ( 0.0000000000000000000, 0.0000000000000000000, -1.000000000000000000 ) ) ;
#4734 = FACE_OUTER_BOUND ( 'NONE', #7578, .T. ) ;
#4735 = LINE ( 'NONE', #11892, #6214 ) ;
#4736 = EDGE_CURVE ( 'NONE', #3160, #860, #9462, .T. ) ;
#4737 = ADVANCED_FACE ( 'NONE', ( #4473 ), #11420, .T. ) ;
#4738 = EDGE_CURVE ( 'NONE', #1856, #3004, #2688, .T. ) ;
#4739 = DIRECTION ( 'NONE',  ( 0.0000000000000000000, -0.0000000000000000000, 1.000000000000000000 ) ) ;
#4740 = COLOUR_RGB ( '',1.000000000000000000, 1.000000000000000000, 1.000000000000000000 ) ;
#4741 = CARTESIAN_POINT ( 'NONE',  ( 0.7109973648634239100, 0.1999999999999999800, 0.7768313502132431200 ) ) ;
#4742 = AXIS2_PLACEMENT_3D ( 'NONE', #11254, #12209, #8404 ) ;
#4743 = B_SPLINE_CURVE_WITH_KNOTS ( 'NONE', 3,
 ( #6921, #5917, #2173, #10709, #308, #8770, #3104, #9730, #7240, #6277, #11156, #794, #4442, #5386, #4633, #5584, #3866, #10500, #11461 ),
 .UNSPECIFIED., .F., .F.,
 ( 4, 3, 3, 3, 3, 3, 4 ),
 ( 0.0000000000000000000, 5.328376571829249000E-006, 1.065104474185474600E-005, 1.606056856559589600E-005, 2.171519380049884400E-005, 2.710410100637369600E-005, 2.792295796211430500E-005 ),
 .UNSPECIFIED. ) ;
#4744 = ORIENTED_EDGE ( 'NONE', *, *, #6369, .F. ) ;
#4745 = DIRECTION ( 'NONE',  ( 0.0000000000000000000, 0.0000000000000000000, 1.000000000000000000 ) ) ;
#4746 = DIRECTION ( 'NONE',  ( -1.000000000000000000, -0.0000000000000000000, -0.0000000000000000000 ) ) ;
#4747 = ADVANCED_FACE ( 'NONE', ( #10090 ), #10109, .F. ) ;
#4748 = EDGE_CURVE ( 'NONE', #3673, #7060, #192, .T. ) ;
#4749 = PRESENTATION_STYLE_ASSIGNMENT (( #1368 ) ) ;
#4750 = AXIS2_PLACEMENT_3D ( 'NONE', #2376, #4870, #190 ) ;
#4751 = UNCERTAINTY_MEASURE_WITH_UNIT (LENGTH_MEASURE( 1.000000000000000100E-005 ), #3280, 'distance_accuracy_value', 'NONE');
#4752 = CARTESIAN_POINT ( 'NONE',  ( 0.7009604674805357500, 0.2973187430078403400, 0.6749843834704752900 ) ) ;
#4753 = CARTESIAN_POINT ( 'NONE',  ( -0.3550000000000000400, 0.9499999999999999600, -0.2200000000000000000 ) ) ;
#4754 = CARTESIAN_POINT ( 'NONE',  ( 0.9555555555555553800, 0.02222222222222208800, -0.7555555555555557600 ) ) ;
#4755 = MECHANICAL_DESIGN_GEOMETRIC_PRESENTATION_REPRESENTATION (  '', ( #8398 ), #5178 ) ;
#4756 = FACE_OUTER_BOUND ( 'NONE', #10633, .T. ) ;
#4757 = ORIENTED_EDGE ( 'NONE', *, *, #10989, .F. ) ;
#4758 = EDGE_LOOP ( 'NONE', ( #12043, #1744, #7518, #3788 ) ) ;
#4759 = AXIS2_PLACEMENT_3D ( 'NONE', #10126, #10087, #9080 ) ;
#4760 = CARTESIAN_POINT ( 'NONE',  ( -0.6416666666666661600, 0.2083333333333334800, 0.7614445778845510000 ) ) ;
#4761 = EDGE_CURVE ( 'NONE', #9259, #8091, #9919, .T. ) ;
#4762 = CARTESIAN_POINT ( 'NONE',  ( -0.6000000000000000900, 0.9499999999999999600, -0.1250000000000000300 ) ) ;
#4763 = DIRECTION ( 'NONE',  ( -0.0000000000000000000, 1.000000000000000000, -0.0000000000000000000 ) ) ;
#4764 = DIRECTION ( 'NONE',  ( 0.0000000000000000000, -1.185846126156016100E-015, 1.000000000000000000 ) ) ;
#4765 = CYLINDRICAL_SURFACE ( 'NONE', #1921, 0.02499999999999984900 ) ;
#4766 = CARTESIAN_POINT ( 'NONE',  ( -0.6083333333333331700, 0.3000000000000000400, 0.7140968530029925300 ) ) ;
#4767 = EDGE_LOOP ( 'NONE', ( #10018, #236, #5305, #2629 ) ) ;
#4768 = AXIS2_PLACEMENT_3D ( 'NONE', #4350, #5278, #5232 ) ;
#4769 = ORIENTED_EDGE ( 'NONE', *, *, #2775, .T. ) ;
#4770 = CARTESIAN_POINT ( 'NONE',  ( -0.9999999999999997800, 0.8222222222222219700, -0.7777777777777779000 ) ) ;
#4771 = DIRECTION ( 'NONE',  ( 0.0000000000000000000, -0.0000000000000000000, -1.000000000000000000 ) ) ;
#4772 = AXIS2_PLACEMENT_3D ( 'NONE', #11385, #8552, #2894 ) ;
#4773 =( NAMED_UNIT ( * ) SI_UNIT ( $, .STERADIAN. ) SOLID_ANGLE_UNIT ( ) );
#4774 = CARTESIAN_POINT ( 'NONE',  ( -0.5000000000000000000, 0.9499999999999999600, -0.09999999999999993600 ) ) ;
#4775 = CARTESIAN_POINT ( 'NONE',  ( -0.4499999999999999600, 1.000000000000000000, 0.1699999999999999600 ) ) ;
#4776 = CARTESIAN_POINT ( 'NONE',  ( -0.9555555555555553800, 0.1900000000000000600, 0.7098412698412699400 ) ) ;
#4777 = ORIENTED_EDGE ( 'NONE', *, *, #7869, .F. ) ;
#4778 = ORIENTED_EDGE ( 'NONE', *, *, #10796, .T. ) ;
#4779 = DIRECTION ( 'NONE',  ( 0.0000000000000000000, 0.0000000000000000000, 1.000000000000000000 ) ) ;
#4780 = ORIENTED_EDGE ( 'NONE', *, *, #3322, .T. ) ;
#4781 = VECTOR ( 'NONE', #9590, 1000.000000000000000 ) ;
#4782 = ADVANCED_FACE ( 'NONE', ( #3259 ), #6969, .T. ) ;
#4783 = AXIS2_PLACEMENT_3D ( 'NONE', #6728, #7721, #9495 ) ;
#4784 = EDGE_LOOP ( 'NONE', ( #8071, #73, #3395, #1237 ) ) ;
#4785 = ORIENTED_EDGE ( 'NONE', *, *, #10231, .T. ) ;
#4786 = ORIENTED_EDGE ( 'NONE', *, *, #8292, .T. ) ;
#4787 = ORIENTED_EDGE ( 'NONE', *, *, #3446, .T. ) ;
#4788 = ORIENTED_EDGE ( 'NONE', *, *, #7329, .T. ) ;
#4789 = CARTESIAN_POINT ( 'NONE',  ( 0.7111111111111141400, 0.8000000000000000400, 0.4653968253968280300 ) ) ;
#4790 = DIRECTION ( 'NONE',  ( 0.0000000000000000000, 0.0000000000000000000, 1.000000000000000000 ) ) ;
#4791 = CARTESIAN_POINT ( 'NONE',  ( -0.9555555555555553800, 0.1899999999999999700, 0.7320634920634923000 ) ) ;
#4792 = FACE_OUTER_BOUND ( 'NONE', #3046, .T. ) ;
#4793 = EDGE_CURVE ( 'NONE', #9855, #11187, #4889, .T. ) ;
#4794 = CARTESIAN_POINT ( 'NONE',  ( -0.4499999999999999600, 0.8792893218813447900, 0.1950000000000000600 ) ) ;
#4795 = EDGE_CURVE ( 'NONE', #1378, #11172, #12197, .T. ) ;
#4796 = ORIENTED_EDGE ( 'NONE', *, *, #8727, .T. ) ;
#4797 = DIRECTION ( 'NONE',  ( 0.0000000000000000000, -0.0000000000000000000, -1.000000000000000000 ) ) ;
#4798 = EDGE_LOOP ( 'NONE', ( #5533, #3912, #8871, #11517 ) ) ;
#4799 = DIRECTION ( 'NONE',  ( -0.0000000000000000000, 1.000000000000000000, -0.0000000000000000000 ) ) ;
#4800 = ADVANCED_FACE ( 'NONE', ( #2393 ), #3547, .F. ) ;
#4801 = DIRECTION ( 'NONE',  ( 1.000000000000000000, 0.0000000000000000000, -1.084202172485504400E-016 ) ) ;
#4802 = EDGE_LOOP ( 'NONE', ( #4954, #7459, #6533, #10405 ) ) ;
#4803 = CARTESIAN_POINT ( 'NONE',  ( -0.5000000000000000000, 1.000000000000000000, -0.09999999999999993600 ) ) ;
#4804 = DIRECTION ( 'NONE',  ( 0.0000000000000000000, -0.0000000000000000000, -1.000000000000000000 ) ) ;
#4805 = AXIS2_PLACEMENT_3D ( 'NONE', #2517, #1559, #9063 ) ;
#4806 = ORIENTED_EDGE ( 'NONE', *, *, #5507, .T. ) ;
#4807 = COLOUR_RGB ( '',1.000000000000000000, 1.000000000000000000, 1.000000000000000000 ) ;
#4808 = CARTESIAN_POINT ( 'NONE',  ( -0.5000000000000000000, 1.000000000000000000, -0.09999999999999993600 ) ) ;
#4809 = CYLINDRICAL_SURFACE ( 'NONE', #2298, 0.4999999999999997800 ) ;
#4810 = ORIENTED_EDGE ( 'NONE', *, *, #1953, .T. ) ;
#4811 = AXIS2_PLACEMENT_3D ( 'NONE', #11566, #10542, #2938 ) ;
#4812 = DIRECTION ( 'NONE',  ( 0.0000000000000000000, -0.0000000000000000000, 1.000000000000000000 ) ) ;
#4813 = ORIENTED_EDGE ( 'NONE', *, *, #493, .T. ) ;
#4814 = CARTESIAN_POINT ( 'NONE',  ( -0.2125000000000000200, 0.8792893218813447900, 0.02500000000000010900 ) ) ;
#4815 = CARTESIAN_POINT ( 'NONE',  ( -0.6499999999999996900, 0.1997656017279598700, 0.7809969016383354600 ) ) ;
#4816 = VERTEX_POINT ( 'NONE', #4319 ) ;
#4817 = EDGE_LOOP ( 'NONE', ( #3881, #2971, #4946, #4233 ) ) ;
#4818 = DIRECTION ( 'NONE',  ( 1.000000000000000000, -0.0000000000000000000, -0.0000000000000000000 ) ) ;
#4819 = PLANE ( 'NONE',  #9312 ) ;
#4820 = EDGE_CURVE ( 'NONE', #10739, #666, #4307, .T. ) ;
#4821 = UNCERTAINTY_MEASURE_WITH_UNIT (LENGTH_MEASURE( 1.000000000000000100E-005 ), #3232, 'distance_accuracy_value', 'NONE');
#4822 = VECTOR ( 'NONE', #8749, 1000.000000000000000 ) ;
#4823 = FACE_OUTER_BOUND ( 'NONE', #8687, .T. ) ;
#4824 = ORIENTED_EDGE ( 'NONE', *, *, #10568, .T. ) ;
#4825 = ORIENTED_EDGE ( 'NONE', *, *, #3296, .T. ) ;
#4826 = VERTEX_POINT ( 'NONE', #9981 ) ;
#4827 = VERTEX_POINT ( 'NONE', #1565 ) ;
#4828 = ORIENTED_EDGE ( 'NONE', *, *, #10429, .F. ) ;
#4829 = CIRCLE ( 'NONE', #12001, 0.02222222222222198000 ) ;
#4830 = AXIS2_PLACEMENT_3D ( 'NONE', #4557, #5531, #10292 ) ;
#4831 = LINE ( 'NONE', #3442, #2 ) ;
#4832 = CYLINDRICAL_SURFACE ( 'NONE', #4537, 0.02500000000000008100 ) ;
#4833 = EDGE_CURVE ( 'NONE', #5711, #5579, #7402, .T. ) ;
#4834 = EDGE_LOOP ( 'NONE', ( #6155, #12102 ) ) ;
#4835 = CARTESIAN_POINT ( 'NONE',  ( -0.5861111111109917900, 0.02194444444442709300, 0.7542839781067808300 ) ) ;
#4836 = ORIENTED_EDGE ( 'NONE', *, *, #8090, .T. ) ;
#4837 = CARTESIAN_POINT ( 'NONE',  ( -0.9999999999999997800, 0.8222222222222219700, 0.7320634920634923000 ) ) ;
#4838 = VERTEX_POINT ( 'NONE', #10938 ) ;
#4839 = CARTESIAN_POINT ( 'NONE',  ( 0.6999999999999969600, 0.2030620702128584600, 0.7754994340234329100 ) ) ;
#4840 = CARTESIAN_POINT ( 'NONE',  ( -0.9555555555555553800, 0.1999999999999999800, -0.7999999999999999300 ) ) ;
#4841 = FACE_OUTER_BOUND ( 'NONE', #1800, .T. ) ;
#4842 = CARTESIAN_POINT ( 'NONE',  ( -0.3100000000000000500, 0.9499999999999999600, -0.1749999999999998500 ) ) ;
#4843 = VERTEX_POINT ( 'NONE', #10986 ) ;
#4844 = AXIS2_PLACEMENT_3D ( 'NONE', #1644, #9185, #10155 ) ;
#4845 = ORIENTED_EDGE ( 'NONE', *, *, #8727, .F. ) ;
#4846 = EDGE_CURVE ( 'NONE', #7475, #7253, #2833, .T. ) ;
#4847 = ADVANCED_FACE ( 'NONE', ( #11895 ), #12156, .F. ) ;
#4848 = DIRECTION ( 'NONE',  ( 0.0000000000000000000, 1.000000000000000000, 0.0000000000000000000 ) ) ;
#4849 = VECTOR ( 'NONE', #3767, 1000.000000000000000 ) ;
#4850 = VECTOR ( 'NONE', #4890, 1000.000000000000000 ) ;
#4851 = FACE_OUTER_BOUND ( 'NONE', #10877, .T. ) ;
#4852 = DIRECTION ( 'NONE',  ( -0.0000000000000000000, 1.000000000000000000, -0.0000000000000000000 ) ) ;
#4853 = CARTESIAN_POINT ( 'NONE',  ( 0.7416666666666665900, 0.1805555555555557500, 0.7541114196556968400 ) ) ;
#4854 = LINE ( 'NONE', #11575, #10488 ) ;
#4855 = CARTESIAN_POINT ( 'NONE',  ( -0.2550000000000000000, 1.000000000000000000, -0.1499999999999999100 ) ) ;
#4856 = CARTESIAN_POINT ( 'NONE',  ( 0.7324924690815891600, 0.006632536332117016700, 0.7587886409913590100 ) ) ;
#4857 = DIRECTION ( 'NONE',  ( 1.000000000000000000, -0.0000000000000000000, -0.0000000000000000000 ) ) ;
#4858 = AXIS2_PLACEMENT_3D ( 'NONE', #5706, #6653, #8560 ) ;
#4859 = EDGE_CURVE ( 'NONE', #6308, #1525, #1040, .T. ) ;
#4860 = CARTESIAN_POINT ( 'NONE',  ( -0.6233084015905389100, 0.1999565030151830000, 0.7362832245476923500 ) ) ;
#4861 = CARTESIAN_POINT ( 'NONE',  ( 0.9555555555555560500, 0.0000000000000000000, 0.7320634920634920800 ) ) ;
#4862 = ADVANCED_FACE ( 'NONE', ( #641 ), #3830, .F. ) ;
#4863 = AXIS2_PLACEMENT_3D ( 'NONE', #1524, #512, #3438 ) ;
#4864 = DIRECTION ( 'NONE',  ( 0.0000000000000000000, 0.0000000000000000000, 1.000000000000000000 ) ) ;
#4865 = FACE_OUTER_BOUND ( 'NONE', #11676, .T. ) ;
#4866 = VECTOR ( 'NONE', #176, 1000.000000000000000 ) ;
#4867 = CARTESIAN_POINT ( 'NONE',  ( -0.7100595768915808300, 0.1999999999999999800, 0.7777777777777822300 ) ) ;
#4868 = CLOSED_SHELL ( 'NONE', ( #6347, #11763, #8891, #5944, #9365, #9564, #7702, #11678, #1468, #6830, #3346, #3111, #4568, #9429, #2521, #1987, #6049, #2278, #6812, #239, #1683, #491, #4303, #4737, #5249, #11550, #5820, #12099, #118, #4124, #5176, #8636, #10114, #8658, #370, #4847, #2555, #4346, #5792, #2244, #3174, #6686, #6884, #10323, #2814, #10188, #7790, #8618, #2075, #3401, #7107 ) ) ;
#4869 = EDGE_CURVE ( 'NONE', #4653, #6421, #10238, .T. ) ;
#4870 = DIRECTION ( 'NONE',  ( 0.0000000000000000000, 1.000000000000000000, -0.0000000000000000000 ) ) ;
#4871 = CARTESIAN_POINT ( 'NONE',  ( 0.7253355016777114400, 0.1999974677648767900, 0.7329003802498250700 ) ) ;
#4872 = CIRCLE ( 'NONE', #8379, 0.02222222222222198000 ) ;
#4873 = DIRECTION ( 'NONE',  ( 0.0000000000000000000, -0.0000000000000000000, 1.000000000000000000 ) ) ;
#4874 = SURFACE_STYLE_FILL_AREA ( #5337 ) ;
#4875 = AXIS2_PLACEMENT_3D ( 'NONE', #6003, #10666, #2216 ) ;
#4876 = CARTESIAN_POINT ( 'NONE',  ( 0.7250000000000000900, -0.01722222222222201400, 0.7525438349425659400 ) ) ;
#4877 = ADVANCED_FACE ( 'NONE', ( #8300 ), #8286, .T. ) ;
#4878 = DIRECTION ( 'NONE',  ( 0.0000000000000000000, 1.000000000000000000, 0.0000000000000000000 ) ) ;
#4879 = DIRECTION ( 'NONE',  ( 1.084202172485507000E-016, 0.0000000000000000000, 1.000000000000000000 ) ) ;
#4880 = CARTESIAN_POINT ( 'NONE',  ( -0.6000000000000000900, 0.9499999999999999600, 0.1000000000000000200 ) ) ;
#4881 = LINE ( 'NONE', #11705, #1938 ) ;
#4882 = DIRECTION ( 'NONE',  ( 0.0000000000000000000, -0.0000000000000000000, 1.000000000000000000 ) ) ;
#4883 = EDGE_CURVE ( 'NONE', #4382, #8335, #8009, .T. ) ;
#4884 = VERTEX_POINT ( 'NONE', #3057 ) ;
#4885 = EDGE_CURVE ( 'NONE', #9262, #3939, #773, .T. ) ;
#4886 = DIRECTION ( 'NONE',  ( -0.0000000000000000000, -1.000000000000000000, -0.0000000000000000000 ) ) ;
#4887 = DIRECTION ( 'NONE',  ( 0.0000000000000000000, -0.0000000000000000000, 1.000000000000000000 ) ) ;
#4889 = CIRCLE ( 'NONE', #5287, 0.02222222222222203200 ) ;
#4888 = CARTESIAN_POINT ( 'NONE',  ( 0.6083333333333331700, 0.1777777777777776700, 0.7777777777777780100 ) ) ;
#4890 = DIRECTION ( 'NONE',  ( -0.0000000000000000000, 1.000000000000000000, -0.0000000000000000000 ) ) ;
#4891 = B_SPLINE_CURVE_WITH_KNOTS ( 'NONE', 3,
 ( #9090, #5357, #6284, #7243, #1593, #3716, #8192, #3464, #10097, #4447, #11081, #2732, #6491, #3680, #2779, #11279, #6521, #893, #6718, #4871, #11518, #2068 ),
 .UNSPECIFIED., .F., .F.,
 ( 4, 3, 3, 3, 3, 3, 3, 4 ),
 ( 5.421010862427522200E-020, 3.469548240334357400E-006, 5.502712085474951200E-006, 1.213515577567022700E-005, 2.367768705343091900E-005, 4.132170680598450200E-005, 5.087612967478971100E-005, 5.222856943873956500E-005 ),
 .UNSPECIFIED. ) ;
#4892 = CARTESIAN_POINT ( 'NONE',  ( -0.6925000000000000000, 1.000000000000000000, -0.02499999999999977600 ) ) ;
#4893 = DIRECTION ( 'NONE',  ( -1.000000000000000000, -0.0000000000000000000, 1.084202172485504400E-016 ) ) ;
#4894 = DIRECTION ( 'NONE',  ( -0.0000000000000000000, 1.000000000000000000, -0.0000000000000000000 ) ) ;
#4895 = CARTESIAN_POINT ( 'NONE',  ( 0.0000000000000000000, 1.000000000000000000, 0.0000000000000000000 ) ) ;
#4896 = CIRCLE ( 'NONE', #1824, 0.02500000000000008100 ) ;
#4897 = EDGE_LOOP ( 'NONE', ( #5277, #6577 ) ) ;
#4898 = CARTESIAN_POINT ( 'NONE',  ( -0.3075000000000000500, 0.9499999999999999600, 8.131516293641283300E-017 ) ) ;
#4899 = DIRECTION ( 'NONE',  ( -1.000000000000000000, 0.0000000000000000000, 0.0000000000000000000 ) ) ;
#4900 = EDGE_CURVE ( 'NONE', #5017, #7190, #10518, .T. ) ;
#4901 = ADVANCED_FACE ( 'NONE', ( #10380 ), #6370, .F. ) ;
#4902 = CARTESIAN_POINT ( 'NONE',  ( -0.7287650558245458700, 0.2000000000000000100, 0.7414551684774359800 ) ) ;
#4903 = AXIS2_PLACEMENT_3D ( 'NONE', #8799, #9762, #4095 ) ;
#4904 = FACE_OUTER_BOUND ( 'NONE', #11797, .T. ) ;
#4905 = ORIENTED_EDGE ( 'NONE', *, *, #4917, .T. ) ;
#4906 = VERTEX_POINT ( 'NONE', #8688 ) ;
#4907 = CARTESIAN_POINT ( 'NONE',  ( -0.3075000000000000500, 0.8792893218813447900, 0.02500000000000010900 ) ) ;
#4908 = CARTESIAN_POINT ( 'NONE',  ( -0.5894842501508730200, 0.01401596394894599400, 0.7527177055124423300 ) ) ;
#4909 = AXIS2_PLACEMENT_3D ( 'NONE', #7001, #11755, #3234 ) ;
#4910 = CARTESIAN_POINT ( 'NONE',  ( -0.6416666666666661600, 0.5000000000000000000, 1.132063492063492000 ) ) ;
#4911 = CARTESIAN_POINT ( 'NONE',  ( -0.6500111401005125300, 0.2910708369184818500, 0.7234981135840218300 ) ) ;
#4912 = ORIENTED_EDGE ( 'NONE', *, *, #2966, .T. ) ;
#4913 = CARTESIAN_POINT ( 'NONE',  ( 0.6416666666666661600, 0.2083333333333334800, 0.7614445778845510000 ) ) ;
#4914 = DIRECTION ( 'NONE',  ( 0.0000000000000000000, 0.0000000000000000000, 1.000000000000000000 ) ) ;
#4915 = ORIENTED_EDGE ( 'NONE', *, *, #8860, .T. ) ;
#4916 = ADVANCED_FACE ( 'NONE', ( #6800 ), #5768, .F. ) ;
#4917 = EDGE_CURVE ( 'NONE', #8647, #847, #3113, .T. ) ;
#4918 = CARTESIAN_POINT ( 'NONE',  ( -0.7122246633745964500, 0.2012825850610072400, 0.7311047585108149100 ) ) ;
#4919 = DIRECTION ( 'NONE',  ( 0.0000000000000000000, 1.000000000000000000, -0.0000000000000000000 ) ) ;
#4920 = CARTESIAN_POINT ( 'NONE',  ( -0.7083333333333332600, 0.2833333333333329900, 0.6814466309102998900 ) ) ;
#4921 = EDGE_CURVE ( 'NONE', #8350, #4635, #10849, .T. ) ;
#4922 = CARTESIAN_POINT ( 'NONE',  ( -0.6000000000000000900, 1.000000000000000000, -0.07499999999999985800 ) ) ;
#4923 = VECTOR ( 'NONE', #11367, 1000.000000000000000 ) ;
#4924 = ORIENTED_EDGE ( 'NONE', *, *, #5333, .T. ) ;
#4925 = DIRECTION ( 'NONE',  ( 0.0000000000000000000, 0.0000000000000000000, 1.000000000000000000 ) ) ;
#4926 = AXIS2_PLACEMENT_3D ( 'NONE', #2973, #9677, #1252 ) ;
#4927 = VERTEX_POINT ( 'NONE', #4049 ) ;
#4928 = ORIENTED_EDGE ( 'NONE', *, *, #3612, .T. ) ;
#4929 = DIRECTION ( 'NONE',  ( 1.000000000000000000, 0.0000000000000000000, 0.0000000000000000000 ) ) ;
#4930 = ORIENTED_EDGE ( 'NONE', *, *, #2338, .F. ) ;
#4931 = CARTESIAN_POINT ( 'NONE',  ( -0.5500000000000001600, 0.9499999999999999600, 0.1950000000000000600 ) ) ;
#4932 = AXIS2_PLACEMENT_3D ( 'NONE', #1198, #1108, #194 ) ;
#4933 = DIRECTION ( 'NONE',  ( 0.0000000000000000000, 1.000000000000000000, -0.0000000000000000000 ) ) ;
#4934 =( NAMED_UNIT ( * ) SI_UNIT ( $, .STERADIAN. ) SOLID_ANGLE_UNIT ( ) );
#4935 = CARTESIAN_POINT ( 'NONE',  ( -0.9777777777777779700, 0.1999999999999999800, -0.7555555555555555400 ) ) ;
#4936 = DIRECTION ( 'NONE',  ( 0.0000000000000000000, -1.000000000000000000, 0.0000000000000000000 ) ) ;
#4937 = DIRECTION ( 'NONE',  ( -0.0000000000000000000, -1.185846126156016500E-015, 1.000000000000000000 ) ) ;
#4938 = DIRECTION ( 'NONE',  ( -2.220570119199817400E-016, -0.0000000000000000000, -1.000000000000000000 ) ) ;
#4939 = ORIENTED_EDGE ( 'NONE', *, *, #2387, .T. ) ;
#4940 = ADVANCED_FACE ( 'NONE', ( #2959 ), #2547, .F. ) ;
#4941 = PLANE ( 'NONE',  #4040 ) ;
#4942 = ORIENTED_EDGE ( 'NONE', *, *, #5230, .F. ) ;
#4943 = SURFACE_SIDE_STYLE ('',( #10038 ) ) ;
#4944 = EDGE_CURVE ( 'NONE', #5266, #5707, #5365, .T. ) ;
#4945 = ORIENTED_EDGE ( 'NONE', *, *, #6872, .T. ) ;
#4946 = ORIENTED_EDGE ( 'NONE', *, *, #9010, .F. ) ;
#4947 = VERTEX_POINT ( 'NONE', #1068 ) ;
#4948 = ORIENTED_EDGE ( 'NONE', *, *, #12218, .T. ) ;
#4949 = TOROIDAL_SURFACE ( 'NONE', #2857, 0.6666666666666637400, 0.5000000000000000000 ) ;
#4950 = STYLED_ITEM ( 'NONE', ( #10482 ), #8596 ) ;
#4951 = CARTESIAN_POINT ( 'NONE',  ( -0.7166666666666667900, 0.2000000000000000100, 0.7614445778845510000 ) ) ;
#4952 = CARTESIAN_POINT ( 'NONE',  ( -0.3999999999999999700, 1.000000000000000000, -0.09999999999999993600 ) ) ;
#4953 = ORIENTED_EDGE ( 'NONE', *, *, #3277, .F. ) ;
#4954 = ORIENTED_EDGE ( 'NONE', *, *, #9345, .T. ) ;
#4955 = ORIENTED_EDGE ( 'NONE', *, *, #4833, .T. ) ;
#4956 = VERTEX_POINT ( 'NONE', #4922 ) ;
#4957 = DIRECTION ( 'NONE',  ( -0.0000000000000000000, -0.0000000000000000000, -1.000000000000000000 ) ) ;
#4958 = DIRECTION ( 'NONE',  ( 0.0000000000000000000, 1.119099929912393900E-013, -1.000000000000000000 ) ) ;
#4959 = ORIENTED_EDGE ( 'NONE', *, *, #3184, .T. ) ;
#4960 = CARTESIAN_POINT ( 'NONE',  ( -0.6925000000000000000, 1.000000000000000000, 0.02499999999999993900 ) ) ;
#4961 = ORIENTED_EDGE ( 'NONE', *, *, #632, .F. ) ;
#4962 = CARTESIAN_POINT ( 'NONE',  ( 0.3499999999999999200, 0.02222222222222208800, -0.8000000000000000400 ) ) ;
#4963 = FACE_OUTER_BOUND ( 'NONE', #2026, .T. ) ;
#4964 = EDGE_CURVE ( 'NONE', #4103, #11781, #4160, .T. ) ;
#4965 = TOROIDAL_SURFACE ( 'NONE', #7208, 0.02222222222222244900, 0.02222222222222200100 ) ;
#4966 = CARTESIAN_POINT ( 'NONE',  ( 0.6249999999999995600, 0.002500000000000043900, 0.7423036635030290100 ) ) ;
#4967 = CARTESIAN_POINT ( 'NONE',  ( -0.7115516413766189700, 0.2017065919628542300, 0.7307888700289410000 ) ) ;
#4968 = ORIENTED_EDGE ( 'NONE', *, *, #1200, .F. ) ;
#4969 = ORIENTED_EDGE ( 'NONE', *, *, #8295, .T. ) ;
#4970 = EDGE_CURVE ( 'NONE', #966, #6563, #3934, .T. ) ;
#4971 = VECTOR ( 'NONE', #7032, 1000.000000000000000 ) ;
#4972 = CARTESIAN_POINT ( 'NONE',  ( -0.5000000000000000000, 0.9499999999999999600, -0.09999999999999993600 ) ) ;
#4973 = EDGE_LOOP ( 'NONE', ( #7004, #7765, #6690, #5155, #8125, #3592, #2768 ) ) ;
#4974 = CYLINDRICAL_SURFACE ( 'NONE', #9409, 0.02499999999999985900 ) ;
#4975 = ADVANCED_FACE ( 'NONE', ( #9182 ), #3910, .F. ) ;
#4976 = EDGE_LOOP ( 'NONE', ( #11686, #5253 ) ) ;
#4977 = UNCERTAINTY_MEASURE_WITH_UNIT (LENGTH_MEASURE( 1.000000000000000100E-005 ), #6130, 'distance_accuracy_value', 'NONE');
#4978 = PLANE ( 'NONE',  #6799 ) ;
#4979 = CIRCLE ( 'NONE', #4742, 0.02499999999999984900 ) ;
#4980 = MECHANICAL_DESIGN_GEOMETRIC_PRESENTATION_REPRESENTATION (  '', ( #4181 ), #7731 ) ;
#4981 = CARTESIAN_POINT ( 'NONE',  ( 0.6233084015905386900, 0.1999565030151830000, 0.7362832245476920200 ) ) ;
#4982 = FACE_OUTER_BOUND ( 'NONE', #11164, .T. ) ;
#4983 = CIRCLE ( 'NONE', #5074, 0.02500000000000009200 ) ;
#4984 = FILL_AREA_STYLE_COLOUR ( '', #7069 ) ;
#4985 = CARTESIAN_POINT ( 'NONE',  ( -0.5500000000000001600, 1.000000000000000000, 0.1700000000000002100 ) ) ;
#4986 = B_SPLINE_CURVE_WITH_KNOTS ( 'NONE', 3,
 ( #9022, #3341, #6067, #5150 ),
 .UNSPECIFIED., .F., .F.,
 ( 4, 4 ),
 ( 0.0000000000000000000, 1.000000000000000000 ),
 .UNSPECIFIED. ) ;
#4987 = ORIENTED_EDGE ( 'NONE', *, *, #10265, .T. ) ;
#4988 = VERTEX_POINT ( 'NONE', #1381 ) ;
#4989 = CARTESIAN_POINT ( 'NONE',  ( 0.6403911187613901000, 0.1999999999999996500, 0.7780848714817114600 ) ) ;
#4990 = DIRECTION ( 'NONE',  ( 0.0000000000000000000, -0.0000000000000000000, 1.000000000000000000 ) ) ;
#4991 = CARTESIAN_POINT ( 'NONE',  ( 0.9555555555555560500, 0.9777777777777779700, 0.7098412698412697200 ) ) ;
#4992 = EDGE_CURVE ( 'NONE', #1578, #11088, #354, .T. ) ;
#4993 = ORIENTED_EDGE ( 'NONE', *, *, #4267, .T. ) ;
#4994 = AXIS2_PLACEMENT_3D ( 'NONE', #9624, #4919, #5864 ) ;
#4995 = DIRECTION ( 'NONE',  ( 0.0000000000000000000, 1.000000000000000000, 0.0000000000000000000 ) ) ;
#4996 = DIRECTION ( 'NONE',  ( -0.0000000000000000000, -1.000000000000000000, -0.0000000000000000000 ) ) ;
#4997 = FACE_OUTER_BOUND ( 'NONE', #912, .T. ) ;
#4998 = ADVANCED_FACE ( 'NONE', ( #7855 ), #6659, .F. ) ;
#4999 = FACE_OUTER_BOUND ( 'NONE', #10898, .T. ) ;
#5000 = LINE ( 'NONE', #7672, #6466 ) ;
#5001 = ORIENTED_EDGE ( 'NONE', *, *, #9828, .F. ) ;
#5002 = FILL_AREA_STYLE ('',( #10682 ) ) ;
#5003 = ORIENTED_EDGE ( 'NONE', *, *, #10265, .F. ) ;
#5004 = CARTESIAN_POINT ( 'NONE',  ( -0.6083333333333331700, 0.2080110357092785100, 0.7822040730860444500 ) ) ;
#5005 = ORIENTED_EDGE ( 'NONE', *, *, #11877, .F. ) ;
#5006 = AXIS2_PLACEMENT_3D ( 'NONE', #8216, #10118, #4466 ) ;
#5007 =( LENGTH_UNIT ( ) NAMED_UNIT ( * ) SI_UNIT ( .MILLI., .METRE. ) );
#5008 = AXIS2_PLACEMENT_3D ( 'NONE', #8234, #3508, #11128 ) ;
#5009 = DIRECTION ( 'NONE',  ( 0.0000000000000000000, 1.000000000000000000, 0.0000000000000000000 ) ) ;
#5010 = VECTOR ( 'NONE', #208, 1000.000000000000000 ) ;
#5011 = CARTESIAN_POINT ( 'NONE',  ( -0.4999999999999998900, 0.9499999999999999600, 0.3150000000000001100 ) ) ;
#5012 = EDGE_CURVE ( 'NONE', #5855, #3339, #9783, .T. ) ;
#5013 = CARTESIAN_POINT ( 'NONE',  ( -0.9777777777777777500, 0.02222222222222208800, 0.0000000000000000000 ) ) ;
#5014 = CIRCLE ( 'NONE', #11932, 0.5000000000000000000 ) ;
#5015 = CARTESIAN_POINT ( 'NONE',  ( -0.7250000000000000900, 0.02222222222222176900, 0.8000000000000000400 ) ) ;
#5016 = EDGE_CURVE ( 'NONE', #11861, #4956, #7267, .T. ) ;
#5017 = VERTEX_POINT ( 'NONE', #2850 ) ;
#5018 = ORIENTED_EDGE ( 'NONE', *, *, #3694, .F. ) ;
#5019 = CARTESIAN_POINT ( 'NONE',  ( -0.6490600935130829100, 0.2031050852186887500, 0.7754163673274840900 ) ) ;
#5020 = ADVANCED_FACE ( 'NONE', ( #47 ), #1794, .F. ) ;
#5021 = CARTESIAN_POINT ( 'NONE',  ( 0.7638888888888885100, 0.02166666666666647700, 0.7765044641500696800 ) ) ;
#5022 = LINE ( 'NONE', #4654, #4433 ) ;
#5023 = CIRCLE ( 'NONE', #5207, 0.02499999999999995600 ) ;
#5024 = AXIS2_PLACEMENT_3D ( 'NONE', #4082, #2993, #8673 ) ;
#5025 = DIRECTION ( 'NONE',  ( 0.0000000000000000000, 0.0000000000000000000, 1.000000000000000000 ) ) ;
#5026 = FACE_OUTER_BOUND ( 'NONE', #7651, .T. ) ;
#5027 = VERTEX_POINT ( 'NONE', #9755 ) ;
#5028 = DIRECTION ( 'NONE',  ( 0.0000000000000000000, 1.185846126156016100E-015, -1.000000000000000000 ) ) ;
#5029 = DIRECTION ( 'NONE',  ( 0.0000000000000000000, 0.0000000000000000000, 1.000000000000000000 ) ) ;
#5030 = DIRECTION ( 'NONE',  ( -1.000000000000000000, -0.0000000000000000000, -0.0000000000000000000 ) ) ;
#5031 =( NAMED_UNIT ( * ) PLANE_ANGLE_UNIT ( ) SI_UNIT ( $, .RADIAN. ) );
#5032 = CYLINDRICAL_SURFACE ( 'NONE', #2997, 0.02222222222222198000 ) ;
#5033 = DIRECTION ( 'NONE',  ( 0.0000000000000000000, 1.000000000000000000, 0.0000000000000000000 ) ) ;
#5034 = DIRECTION ( 'NONE',  ( 0.0000000000000000000, 1.000000000000000000, 0.0000000000000000000 ) ) ;
#5035 = DIRECTION ( 'NONE',  ( 0.0000000000000000000, -1.000000000000000000, -0.0000000000000000000 ) ) ;
#5036 = CIRCLE ( 'NONE', #6709, 0.02499999999999985900 ) ;
#5037 = DIRECTION ( 'NONE',  ( -1.000000000000000000, 0.0000000000000000000, 1.084202172485504800E-016 ) ) ;
#5038 = AXIS2_PLACEMENT_3D ( 'NONE', #7871, #3992, #4864 ) ;
#5039 = CARTESIAN_POINT ( 'NONE',  ( -0.7053500675458496100, 0.2045710935634682000, 0.7719863409476250800 ) ) ;
#5040 = PRESENTATION_LAYER_ASSIGNMENT (  '', '', ( #9693 ) ) ;
#5041 = ORIENTED_EDGE ( 'NONE', *, *, #4761, .F. ) ;
#5042 = ADVANCED_FACE ( 'NONE', ( #8729 ), #6511, .T. ) ;
#5043 = CARTESIAN_POINT ( 'NONE',  ( -0.3499999999999997000, 0.1777777777777780100, -0.7777777777777780100 ) ) ;
#5044 = DIRECTION ( 'NONE',  ( 0.0000000000000000000, 0.0000000000000000000, -1.000000000000000000 ) ) ;
#5045 = EDGE_CURVE ( 'NONE', #10976, #7773, #3999, .T. ) ;
#5046 = DIRECTION ( 'NONE',  ( 0.0000000000000000000, 0.0000000000000000000, 1.000000000000000000 ) ) ;
#5047 = CARTESIAN_POINT ( 'NONE',  ( -0.3499999999999997000, -1.445153081025597900, 0.7320634920634920800 ) ) ;
#5048 = DIRECTION ( 'NONE',  ( 0.0000000000000000000, 0.0000000000000000000, 1.000000000000000000 ) ) ;
#5049 = CARTESIAN_POINT ( 'NONE',  ( -0.3999999999999999700, 0.9499999999999999600, -0.09999999999999993600 ) ) ;
#5050 = CARTESIAN_POINT ( 'NONE',  ( -0.7369025028305524700, 0.009865082852237461900, 0.7666941048096772600 ) ) ;
#5051 = VECTOR ( 'NONE', #10503, 1000.000000000000000 ) ;
#5052 = CARTESIAN_POINT ( 'NONE',  ( -0.3075000000000000500, 0.9499999999999999600, 0.02500000000000010900 ) ) ;
#5053 = DIRECTION ( 'NONE',  ( -0.0000000000000000000, -1.000000000000000000, -0.0000000000000000000 ) ) ;
#5054 = CARTESIAN_POINT ( 'NONE',  ( -0.5500000000000000400, 0.8792893218813447900, -0.2199999999999997800 ) ) ;
#5055 = DIRECTION ( 'NONE',  ( 0.0000000000000000000, -0.01250000000000137800, 0.9999218719480037500 ) ) ;
#5056 = CARTESIAN_POINT ( 'NONE',  ( -0.4999999999999998900, 1.000000000000000000, 0.3150000000000001100 ) ) ;
#5057 = ADVANCED_FACE ( 'NONE', ( #7553 ), #8894, .T. ) ;
#5058 = DIRECTION ( 'NONE',  ( 0.0000000000000000000, 0.0000000000000000000, -1.000000000000000000 ) ) ;
#5059 = AXIS2_PLACEMENT_3D ( 'NONE', #7093, #4402, #11042 ) ;
#5060 = DIRECTION ( 'NONE',  ( 0.0000000000000000000, 0.0000000000000000000, -1.000000000000000000 ) ) ;
#5061 = DIRECTION ( 'NONE',  ( 0.0000000000000000000, 0.0000000000000000000, -1.000000000000000000 ) ) ;
#5062 = CARTESIAN_POINT ( 'NONE',  ( -0.6925000000000000000, 0.9499999999999999600, 8.131516293641283300E-017 ) ) ;
#5063 = EDGE_CURVE ( 'NONE', #12238, #8491, #11285, .T. ) ;
#5064 = LINE ( 'NONE', #3690, #5503 ) ;
#5065 = CARTESIAN_POINT ( 'NONE',  ( 0.7419187499868172800, 0.004305765550150359800, 0.7452741359598016300 ) ) ;
#5066 = VERTEX_POINT ( 'NONE', #398 ) ;
#5067 = ORIENTED_EDGE ( 'NONE', *, *, #7576, .F. ) ;
#5068 = CARTESIAN_POINT ( 'NONE',  ( 0.6088570867723852600, 0.1875101225781424800, 0.7738090997533780800 ) ) ;
#5069 = DIRECTION ( 'NONE',  ( 1.000000000000000000, 0.0000000000000000000, 0.0000000000000000000 ) ) ;
#5070 = B_SPLINE_CURVE_WITH_KNOTS ( 'NONE', 3,
 ( #184, #9606, #11723, #5172, #2259, #9820, #12028, #4413, #5295, #11936, #10035, #9068, #11982, #2523, #7256, #6306 ),
 .UNSPECIFIED., .F., .F.,
 ( 4, 3, 3, 3, 3, 4 ),
 ( 0.0000000000000000000, 1.030198254530575400E-006, 3.908864904183518700E-006, 7.081791394507053000E-006, 1.043660045557006700E-005, 1.376814884169026600E-005 ),
 .UNSPECIFIED. ) ;
#5071 = CARTESIAN_POINT ( 'NONE',  ( 0.6453759074138992700, 0.1998515161820005300, 0.7803423895136462100 ) ) ;
#5072 = DIRECTION ( 'NONE',  ( 0.0000000000000000000, 0.0000000000000000000, -1.000000000000000000 ) ) ;
#5073 = ADVANCED_FACE ( 'NONE', ( #1342 ), #11133, .F. ) ;
#5074 = AXIS2_PLACEMENT_3D ( 'NONE', #6452, #12177, #2623 ) ;
#5075 = VECTOR ( 'NONE', #1278, 1000.000000000000000 ) ;
#5076 = CARTESIAN_POINT ( 'NONE',  ( -0.5000000000000000000, 0.9499999999999999600, -0.07499999999999978900 ) ) ;
#5077 = ORIENTED_EDGE ( 'NONE', *, *, #7611, .T. ) ;
#5078 = ORIENTED_EDGE ( 'NONE', *, *, #489, .T. ) ;
#5079 = EDGE_CURVE ( 'NONE', #10415, #1442, #2534, .T. ) ;
#5080 = CIRCLE ( 'NONE', #5640, 0.02222222222222198000 ) ;
#5081 = CARTESIAN_POINT ( 'NONE',  ( -0.2125000000000000200, 1.000000000000000000, -0.02499999999999994600 ) ) ;
#5082 = CARTESIAN_POINT ( 'NONE',  ( -0.6583333333333331000, 0.2999999999999997100, 0.6738059225679082800 ) ) ;
#5083 = ORIENTED_EDGE ( 'NONE', *, *, #9920, .T. ) ;
#5084 = DIRECTION ( 'NONE',  ( -0.0000000000000000000, -0.0000000000000000000, 1.000000000000000000 ) ) ;
#5085 = ORIENTED_EDGE ( 'NONE', *, *, #6430, .T. ) ;
#5086 = DIRECTION ( 'NONE',  ( 2.168404344971008900E-016, 0.0000000000000000000, -1.000000000000000000 ) ) ;
#5087 = VERTEX_POINT ( 'NONE', #6979 ) ;
#5088 = CARTESIAN_POINT ( 'NONE',  ( -0.7278802175889669300, 0.1997942971855719300, 0.7392490830566156300 ) ) ;
#5089 =( NAMED_UNIT ( * ) SI_UNIT ( $, .STERADIAN. ) SOLID_ANGLE_UNIT ( ) );
#5090 = CARTESIAN_POINT ( 'NONE',  ( -0.6083333333333331700, 0.1833333333333334600, 0.7777777777777780100 ) ) ;
#5091 = AXIS2_PLACEMENT_3D ( 'NONE', #9555, #2047, #9681 ) ;
#5092 = DIRECTION ( 'NONE',  ( 0.0000000000000000000, 1.000000000000000000, 0.0000000000000000000 ) ) ;
#5093 = DIRECTION ( 'NONE',  ( -2.790226179190637400E-016, -0.0000000000000000000, -1.000000000000000000 ) ) ;
#5094 = PRODUCT_DEFINITION_FORMATION_WITH_SPECIFIED_SOURCE ( 'ANY', '', #3272, .NOT_KNOWN. ) ;
#5095 = VERTEX_POINT ( 'NONE', #325 ) ;
#5096 = VERTEX_POINT ( 'NONE', #3120 ) ;
#5097 = CARTESIAN_POINT ( 'NONE',  ( 0.5863058523788260400, 0.01973945139509551300, 0.7541710668683481200 ) ) ;
#5098 = DIRECTION ( 'NONE',  ( 0.0000000000000000000, 1.000000000000000000, 0.0000000000000000000 ) ) ;
#5099 = EDGE_LOOP ( 'NONE', ( #820, #8465, #9249, #2781 ) ) ;
#5100 = ORIENTED_EDGE ( 'NONE', *, *, #9504, .F. ) ;
#5101 = DIRECTION ( 'NONE',  ( 0.0000000000000000000, 1.000000000000000000, 0.0000000000000000000 ) ) ;
#5102 = ORIENTED_EDGE ( 'NONE', *, *, #1314, .F. ) ;
#5103 = VERTEX_POINT ( 'NONE', #10689 ) ;
#5104 = CIRCLE ( 'NONE', #4610, 0.02222222222222198000 ) ;
#5105 = ADVANCED_FACE ( 'NONE', ( #31 ), #6954, .F. ) ;
#5106 = DIRECTION ( 'NONE',  ( -6.505213034913026600E-016, 0.0000000000000000000, 1.000000000000000000 ) ) ;
#5107 = DIRECTION ( 'NONE',  ( 0.0000000000000000000, -0.0000000000000000000, 1.000000000000000000 ) ) ;
#5108 = AXIS2_PLACEMENT_3D ( 'NONE', #8758, #4045, #10737 ) ;
#5109 = EDGE_CURVE ( 'NONE', #7708, #3178, #1923, .T. ) ;
#5110 = ORIENTED_EDGE ( 'NONE', *, *, #7529, .F. ) ;
#5111 = DIRECTION ( 'NONE',  ( -0.0000000000000000000, 0.0000000000000000000, 1.000000000000000000 ) ) ;
#5112 = ORIENTED_EDGE ( 'NONE', *, *, #9333, .F. ) ;
#5113 = DIRECTION ( 'NONE',  ( 0.0000000000000000000, 1.000000000000000000, 0.0000000000000000000 ) ) ;
#5114 = DIRECTION ( 'NONE',  ( 0.0000000000000000000, 0.0000000000000000000, 1.000000000000000000 ) ) ;
#5115 = CARTESIAN_POINT ( 'NONE',  ( -0.6448113675998415900, 0.2002942934411089700, 0.7759106212043156400 ) ) ;
#5116 = VERTEX_POINT ( 'NONE', #7929 ) ;
#5117 =( GEOMETRIC_REPRESENTATION_CONTEXT ( 3 ) GLOBAL_UNCERTAINTY_ASSIGNED_CONTEXT ( ( #6403 ) ) GLOBAL_UNIT_ASSIGNED_CONTEXT ( ( #1139, #2918, #9513 ) ) REPRESENTATION_CONTEXT ( 'NONE', 'WORKASPACE' ) );
#5118 = CARTESIAN_POINT ( 'NONE',  ( -0.3549999999999999800, 0.9499999999999999600, 0.2450000000000001100 ) ) ;
#5119 = CARTESIAN_POINT ( 'NONE',  ( 0.7390487430039758300, 0.009913430419785939500, 0.7527169969080566000 ) ) ;
#5120 = CIRCLE ( 'NONE', #626, 0.04444444444444439100 ) ;
#5121 = ADVANCED_FACE ( 'NONE', ( #11403 ), #10821, .T. ) ;
#5122 = EDGE_CURVE ( 'NONE', #2720, #2286, #2816, .T. ) ;
#5123 = ORIENTED_EDGE ( 'NONE', *, *, #3552, .F. ) ;
#5124 = ORIENTED_EDGE ( 'NONE', *, *, #10402, .F. ) ;
#5125 = VERTEX_POINT ( 'NONE', #6099 ) ;
#5126 = VERTEX_POINT ( 'NONE', #5133 ) ;
#5127 = DIRECTION ( 'NONE',  ( -0.0000000000000000000, 1.185846126156016100E-015, -1.000000000000000000 ) ) ;
#5128 = AXIS2_PLACEMENT_3D ( 'NONE', #12150, #4622, #10366 ) ;
#5129 = ORIENTED_EDGE ( 'NONE', *, *, #1953, .F. ) ;
#5130 = VERTEX_POINT ( 'NONE', #11257 ) ;
#5131 = LINE ( 'NONE', #8472, #9530 ) ;
#5132 = DIRECTION ( 'NONE',  ( -0.0000000000000000000, 1.000000000000000000, -0.0000000000000000000 ) ) ;
#5133 = CARTESIAN_POINT ( 'NONE',  ( -0.6249999999999995600, 0.1999999999999999800, 0.7320634920634923000 ) ) ;
#5134 = CIRCLE ( 'NONE', #2571, 0.04444444444444439100 ) ;
#5135 = FACE_OUTER_BOUND ( 'NONE', #7466, .T. ) ;
#5136 = SURFACE_STYLE_USAGE ( .BOTH. , #1408 ) ;
#5137 = ORIENTED_EDGE ( 'NONE', *, *, #8772, .T. ) ;
#5138 = CARTESIAN_POINT ( 'NONE',  ( -0.7399180077948511700, 0.1908740050384556400, 0.7701308728720280800 ) ) ;
#5139 = VERTEX_POINT ( 'NONE', #436 ) ;
#5140 = CARTESIAN_POINT ( 'NONE',  ( -0.7381756392559182300, 0.01124129630112248900, 0.7692006669655453400 ) ) ;
#5142 = ORIENTED_EDGE ( 'NONE', *, *, #6848, .T. ) ;
#5141 = VECTOR ( 'NONE', #1944, 1000.000000000000000 ) ;
#5143 = DIRECTION ( 'NONE',  ( 0.0000000000000000000, -1.000000000000000000, -0.0000000000000000000 ) ) ;
#5144 = EDGE_CURVE ( 'NONE', #8918, #7475, #12038, .T. ) ;
#5145 = VERTEX_POINT ( 'NONE', #7405 ) ;
#5146 = ADVANCED_FACE ( 'NONE', ( #4454 ), #9165, .F. ) ;
#5147 = MANIFOLD_SOLID_BREP ( 'Boss-Extrude4[26]', #3952 ) ;
#5148 = LINE ( 'NONE', #4405, #3197 ) ;
#5149 = CARTESIAN_POINT ( 'NONE',  ( 0.6087808928011608800, 0.004271822675979389400, 0.7451635041483746200 ) ) ;
#5150 = CARTESIAN_POINT ( 'NONE',  ( 0.7416666666666664700, 0.02222222222222176900, 0.7833333333333335500 ) ) ;
#5151 = CARTESIAN_POINT ( 'NONE',  ( -0.7450000000000000000, 0.8792893218813447900, -0.1499999999999999100 ) ) ;
#5152 = VECTOR ( 'NONE', #11989, 1000.000000000000000 ) ;
#5153 = TOROIDAL_SURFACE ( 'NONE', #9120, 0.6666666666666637400, 0.5000000000000000000 ) ;
#5154 = AXIS2_PLACEMENT_3D ( 'NONE', #3541, #11332, #5585 ) ;
#5155 = ORIENTED_EDGE ( 'NONE', *, *, #698, .T. ) ;
#5156 = ORIENTED_EDGE ( 'NONE', *, *, #933, .T. ) ;
#5157 = DIRECTION ( 'NONE',  ( -0.7297579928981994300, 9.494462415466449900E-015, -0.6837055446617291700 ) ) ;
#5158 = ORIENTED_EDGE ( 'NONE', *, *, #3303, .F. ) ;
#5159 = AXIS2_PLACEMENT_3D ( 'NONE', #2260, #8873, #6093 ) ;
#5160 = CARTESIAN_POINT ( 'NONE',  ( 0.6086241421919419400, 0.1864331815353205100, 0.7746282899908403200 ) ) ;
#5161 = LINE ( 'NONE', #5856, #9869 ) ;
#5162 = PLANE ( 'NONE',  #6692 ) ;
#5163 = CYLINDRICAL_SURFACE ( 'NONE', #3762, 0.02222222222222208800 ) ;
#5164 = DIRECTION ( 'NONE',  ( 0.0000000000000000000, 0.0000000000000000000, 1.000000000000000000 ) ) ;
#5165 =( NAMED_UNIT ( * ) SI_UNIT ( $, .STERADIAN. ) SOLID_ANGLE_UNIT ( ) );
#5166 = FACE_OUTER_BOUND ( 'NONE', #268, .T. ) ;
#5167 = CARTESIAN_POINT ( 'NONE',  ( 0.9555555555555551600, 0.8000000000000000400, -0.8000000000000001600 ) ) ;
#5168 = EDGE_CURVE ( 'NONE', #6815, #5125, #4547, .T. ) ;
#5169 = ORIENTED_EDGE ( 'NONE', *, *, #10222, .F. ) ;
#5170 = EDGE_LOOP ( 'NONE', ( #14, #9528, #3618, #584 ) ) ;
#5171 = CARTESIAN_POINT ( 'NONE',  ( 0.7257423786205733400, 0.1999973431565288400, 0.7324603101918263400 ) ) ;
#5172 = CARTESIAN_POINT ( 'NONE',  ( -0.6926945766622736300, 0.2950193715966213900, 0.7217263092138053200 ) ) ;
#5173 = FACE_OUTER_BOUND ( 'NONE', #6580, .T. ) ;
#5174 = CIRCLE ( 'NONE', #8250, 0.02499999999999995600 ) ;
#5175 = CIRCLE ( 'NONE', #6648, 0.02499999999999984900 ) ;
#5176 = ADVANCED_FACE ( 'NONE', ( #420 ), #11504, .F. ) ;
#5177 = CARTESIAN_POINT ( 'NONE',  ( -0.6999999999999997300, 0.2080110357092785100, 0.7822040730860444500 ) ) ;
#5178 =( GEOMETRIC_REPRESENTATION_CONTEXT ( 3 ) GLOBAL_UNCERTAINTY_ASSIGNED_CONTEXT ( ( #11923 ) ) GLOBAL_UNIT_ASSIGNED_CONTEXT ( ( #5007, #6937, #5896 ) ) REPRESENTATION_CONTEXT ( 'NONE', 'WORKASPACE' ) );
#5179 = VERTEX_POINT ( 'NONE', #8412 ) ;
#5180 = AXIS2_PLACEMENT_3D ( 'NONE', #6358, #9166, #4630 ) ;
#5181 = CARTESIAN_POINT ( 'NONE',  ( -0.3100000000000000500, 1.000000000000000000, -0.1499999999999999100 ) ) ;
#5182 = EDGE_CURVE ( 'NONE', #7879, #7826, #6733, .T. ) ;
#5183 = DIRECTION ( 'NONE',  ( 0.0000000000000000000, 1.000000000000000000, -0.0000000000000000000 ) ) ;
#5184 = CARTESIAN_POINT ( 'NONE',  ( -0.7296215908772688600, 0.005625523198570026200, 0.7551775725100936500 ) ) ;
#5185 = EDGE_CURVE ( 'NONE', #885, #8479, #11608, .T. ) ;
#5186 = CARTESIAN_POINT ( 'NONE',  ( 0.6249999999999995600, 0.005000000000000001800, 0.7525438349425659400 ) ) ;
#5187 = CARTESIAN_POINT ( 'NONE',  ( 0.6999999999999997300, 0.2833333333333330500, 0.7179317890670646700 ) ) ;
#5188 = LINE ( 'NONE', #9702, #9291 ) ;
#5189 = CARTESIAN_POINT ( 'NONE',  ( -0.7364420937244801100, 0.002501397279746843600, 0.7423063546163408700 ) ) ;
#5190 = ADVANCED_FACE ( 'NONE', ( #2424 ), #4646, .T. ) ;
#5191 = CARTESIAN_POINT ( 'NONE',  ( -0.7317005739457385100, 0.1997625171295500700, 0.7356456013388718000 ) ) ;
#5192 = AXIS2_PLACEMENT_3D ( 'NONE', #8728, #10706, #343 ) ;
#5193 = DIRECTION ( 'NONE',  ( 0.0000000000000000000, -1.000000000000000000, 0.0000000000000000000 ) ) ;
#5194 = CARTESIAN_POINT ( 'NONE',  ( -0.9777777777777779700, 0.1999999999999999800, -0.7555555555555555400 ) ) ;
#5195 = AXIS2_PLACEMENT_3D ( 'NONE', #8924, #8120, #8156 ) ;
#5196 = COLOUR_RGB ( '',1.000000000000000000, 1.000000000000000000, 1.000000000000000000 ) ;
#5197 = FACE_OUTER_BOUND ( 'NONE', #8345, .T. ) ;
#5198 = CARTESIAN_POINT ( 'NONE',  ( 0.7111111111111136900, 0.5000000000000000000, -0.5111111111111140700 ) ) ;
#5199 = CARTESIAN_POINT ( 'NONE',  ( 0.7633295206302761500, 0.01865835530733853800, 0.7539980769263710000 ) ) ;
#5200 = DIRECTION ( 'NONE',  ( 1.000000000000000000, 0.0000000000000000000, -1.084202172485504800E-016 ) ) ;
#5201 = DIRECTION ( 'NONE',  ( 0.0000000000000000000, 0.0000000000000000000, -1.000000000000000000 ) ) ;
#5202 =( NAMED_UNIT ( * ) PLANE_ANGLE_UNIT ( ) SI_UNIT ( $, .RADIAN. ) );
#5203 = DIRECTION ( 'NONE',  ( 0.0000000000000000000, 0.0000000000000000000, 1.000000000000000000 ) ) ;
#5204 = DIRECTION ( 'NONE',  ( -0.0000000000000000000, 1.185846126156016100E-015, -1.000000000000000000 ) ) ;
#5205 = ORIENTED_EDGE ( 'NONE', *, *, #10539, .T. ) ;
#5206 = CARTESIAN_POINT ( 'NONE',  ( -0.6548308407149716600, 0.2997200546295844500, 0.7141596751056921200 ) ) ;
#5207 = AXIS2_PLACEMENT_3D ( 'NONE', #1538, #5317, #574 ) ;
#5208 = CARTESIAN_POINT ( 'NONE',  ( 0.7317005739458283300, 0.1997625171295440100, 0.7356456013389196500 ) ) ;
#5209 = CARTESIAN_POINT ( 'NONE',  ( 0.6999999999999997300, 0.2030620702128254600, 0.7754994340234725400 ) ) ;
#5210 = CARTESIAN_POINT ( 'NONE',  ( -0.6000000000000000900, 0.9499999999999999600, -0.09999999999999993600 ) ) ;
#5211 = FILL_AREA_STYLE ('',( #10893 ) ) ;
#5212 = CYLINDRICAL_SURFACE ( 'NONE', #3973, 0.02222222222222198000 ) ;
#5213 = PLANE ( 'NONE',  #8013 ) ;
#5214 = EDGE_CURVE ( 'NONE', #8932, #8848, #12219, .T. ) ;
#5215 = CLOSED_SHELL ( 'NONE', ( #5042, #9863, #7888, #448 ) ) ;
#5216 = DIRECTION ( 'NONE',  ( 1.790425605939363100E-016, -0.0000000000000000000, 1.000000000000000000 ) ) ;
#5217 = PRESENTATION_LAYER_ASSIGNMENT (  '', '', ( #8373 ) ) ;
#5218 = CARTESIAN_POINT ( 'NONE',  ( -0.9555555555555553800, 0.1999999999999999800, 0.7320634920634921900 ) ) ;
#5219 = CARTESIAN_POINT ( 'NONE',  ( -0.5000000000000000000, 1.000000000000000000, 0.07499999999999995600 ) ) ;
#5220 = CIRCLE ( 'NONE', #7227, 0.02222222222222230300 ) ;
#5221 = CARTESIAN_POINT ( 'NONE',  ( 1.000000000000000200, 0.02222222222222208800, 0.7098412698412697200 ) ) ;
#5222 = ORIENTED_EDGE ( 'NONE', *, *, #2968, .F. ) ;
#5223 = DIRECTION ( 'NONE',  ( 0.0000000000000000000, 0.0000000000000000000, 1.000000000000000000 ) ) ;
#5224 = DIRECTION ( 'NONE',  ( -1.000000000000000000, 0.0000000000000000000, 1.084202172485504800E-016 ) ) ;
#5225 = VERTEX_POINT ( 'NONE', #775 ) ;
#5226 = MECHANICAL_DESIGN_GEOMETRIC_PRESENTATION_REPRESENTATION (  '', ( #3707 ), #9242 ) ;
#5227 = CARTESIAN_POINT ( 'NONE',  ( -0.5861111111111111400, 0.1805555555555557700, 0.7541114196556969500 ) ) ;
#5228 = DIRECTION ( 'NONE',  ( 0.0000000000000000000, 0.0000000000000000000, 1.000000000000000000 ) ) ;
#5229 = ADVANCED_FACE ( 'NONE', ( #4334 ), #9645, .T. ) ;
#5230 = EDGE_CURVE ( 'NONE', #3872, #2572, #11176, .T. ) ;
#5231 = CARTESIAN_POINT ( 'NONE',  ( -0.6900000000000000600, 0.9499999999999999600, 0.1499999999999999700 ) ) ;
#5232 = DIRECTION ( 'NONE',  ( 0.0000000000000000000, 0.0000000000000000000, -1.000000000000000000 ) ) ;
#5233 = ORIENTED_EDGE ( 'NONE', *, *, #9540, .F. ) ;
#5234 = FILL_AREA_STYLE ('',( #3137 ) ) ;
#5235 = VERTEX_POINT ( 'NONE', #10361 ) ;
#5236 = CARTESIAN_POINT ( 'NONE',  ( 0.7250000000000000900, 0.2000000000000000400, 0.7320634920634921900 ) ) ;
#5237 = DIRECTION ( 'NONE',  ( 0.0000000000000000000, 0.0000000000000000000, 1.000000000000000000 ) ) ;
#5238 = VERTEX_POINT ( 'NONE', #2671 ) ;
#5239 = CARTESIAN_POINT ( 'NONE',  ( -0.6083333333333331700, 0.005000000000000040000, 0.7918213607330723000 ) ) ;
#5240 = CARTESIAN_POINT ( 'NONE',  ( -0.9777777777777777500, 0.8000000000000000400, 0.0000000000000000000 ) ) ;
#5241 = CARTESIAN_POINT ( 'NONE',  ( -0.7458472448489013000, 0.005357195680614256300, 0.7466836333875326300 ) ) ;
#5242 = CYLINDRICAL_SURFACE ( 'NONE', #10091, 0.02500000000000009200 ) ;
#5243 = CARTESIAN_POINT ( 'NONE',  ( -0.3499999999999997000, 0.02222222222222208800, 0.7320634920634921900 ) ) ;
#5244 = VERTEX_POINT ( 'NONE', #3807 ) ;
#5245 = AXIS2_PLACEMENT_3D ( 'NONE', #7490, #3596, #3550 ) ;
#5246 = CARTESIAN_POINT ( 'NONE',  ( 0.7638888888888884000, 0.1805555555555557500, 0.7541114196556968400 ) ) ;
#5247 = DIRECTION ( 'NONE',  ( -1.000000000000000000, 0.0000000000000000000, 0.0000000000000000000 ) ) ;
#5248 = ORIENTED_EDGE ( 'NONE', *, *, #272, .F. ) ;
#5249 = ADVANCED_FACE ( 'NONE', ( #6103 ), #799, .T. ) ;
#5250 = AXIS2_PLACEMENT_3D ( 'NONE', #8987, #7998, #11964 ) ;
#5251 = ORIENTED_EDGE ( 'NONE', *, *, #11739, .F. ) ;
#5252 = ORIENTED_EDGE ( 'NONE', *, *, #411, .T. ) ;
#5253 = ORIENTED_EDGE ( 'NONE', *, *, #1095, .T. ) ;
#5254 = EDGE_CURVE ( 'NONE', #5648, #12071, #10879, .T. ) ;
#5255 = CARTESIAN_POINT ( 'NONE',  ( 0.6104708205948185000, 0.01252769122435968100, 0.7717087781827898200 ) ) ;
#5256 = DIRECTION ( 'NONE',  ( 0.0000000000000000000, 0.0000000000000000000, -1.000000000000000000 ) ) ;
#5257 = EDGE_CURVE ( 'NONE', #11296, #5895, #8042, .T. ) ;
#5258 = CARTESIAN_POINT ( 'NONE',  ( 0.6462026860468013100, 0.1997661121786030200, 0.7809934150688954100 ) ) ;
#5259 = CARTESIAN_POINT ( 'NONE',  ( -0.5000000000000000000, 0.8792893218813447900, 5.421010862427522200E-017 ) ) ;
#5260 = DIRECTION ( 'NONE',  ( 0.0000000000000000000, -0.0000000000000000000, -1.000000000000000000 ) ) ;
#5261 = ORIENTED_EDGE ( 'NONE', *, *, #7738, .F. ) ;
#5262 = EDGE_LOOP ( 'NONE', ( #2700, #7088 ) ) ;
#5263 = EDGE_LOOP ( 'NONE', ( #11501, #4262 ) ) ;
#5264 = VERTEX_POINT ( 'NONE', #11478 ) ;
#5265 = CARTESIAN_POINT ( 'NONE',  ( 0.6128216603831478900, 0.01028836178613210700, 0.7672860873109401700 ) ) ;
#5266 = VERTEX_POINT ( 'NONE', #8563 ) ;
#5267 = DIRECTION ( 'NONE',  ( -1.790425605939365600E-016, 0.0000000000000000000, -1.000000000000000000 ) ) ;
#5268 = CARTESIAN_POINT ( 'NONE',  ( -0.3999999999999999700, 0.9499999999999999600, 0.1000000000000000200 ) ) ;
#5269 = CIRCLE ( 'NONE', #6892, 0.02222222222222252100 ) ;
#5270 = B_SPLINE_CURVE_WITH_KNOTS ( 'NONE', 3,
 ( #7934, #439, #6156, #6900, #3208, #5088, #2235, #7880, #1232, #5975, #3122, #3162, #10727, #5138, #8841, #6942, #1283, #4137, #7844, #10858, #11734, #10904 ),
 .UNSPECIFIED., .F., .F.,
 ( 4, 3, 3, 3, 3, 3, 3, 4 ),
 ( -1.352439763949917500E-006, 0.0000000000000000000, 9.581855274977971400E-006, 2.727653407059557300E-005, 3.885220595902407300E-005, 4.550369254620278700E-005, 4.754269395741117500E-005, 5.102220387300334600E-005 ),
 .UNSPECIFIED. ) ;
#5271 = CARTESIAN_POINT ( 'NONE',  ( -0.7249999999999999800, 0.002500000000000013500, 0.7423036635030292300 ) ) ;
#5272 = VERTEX_POINT ( 'NONE', #3924 ) ;
#5273 = ORIENTED_EDGE ( 'NONE', *, *, #6811, .F. ) ;
#5274 = CARTESIAN_POINT ( 'NONE',  ( 0.6083333333333331700, 0.1833333333333334600, 0.7777777777777780100 ) ) ;
#5275 = ORIENTED_EDGE ( 'NONE', *, *, #9916, .T. ) ;
#5276 = ORIENTED_EDGE ( 'NONE', *, *, #11930, .T. ) ;
#5277 = ORIENTED_EDGE ( 'NONE', *, *, #3794, .T. ) ;
#5278 = DIRECTION ( 'NONE',  ( 0.0000000000000000000, 1.000000000000000000, -0.0000000000000000000 ) ) ;
#5279 = LINE ( 'NONE', #12110, #7604 ) ;
#5280 = AXIS2_PLACEMENT_3D ( 'NONE', #7193, #8184, #2535 ) ;
#5281 = DIRECTION ( 'NONE',  ( 0.0000000000000000000, 0.0000000000000000000, -1.000000000000000000 ) ) ;
#5282 = FACE_OUTER_BOUND ( 'NONE', #9116, .T. ) ;
#5283 = LINE ( 'NONE', #2735, #11650 ) ;
#5284 = CARTESIAN_POINT ( 'NONE',  ( 0.6249999999999995600, 0.02166666666666649700, 0.7320634920634921900 ) ) ;
#5285 = PLANE ( 'NONE',  #7182 ) ;
#5286 = EDGE_LOOP ( 'NONE', ( #7153, #6259, #4497, #2994 ) ) ;
#5287 = AXIS2_PLACEMENT_3D ( 'NONE', #12027, #6302, #4365 ) ;
#5288 = DIRECTION ( 'NONE',  ( 0.0000000000000000000, -1.000000000000000000, -0.0000000000000000000 ) ) ;
#5289 = DIRECTION ( 'NONE',  ( 0.0000000000000000000, 0.0000000000000000000, -1.000000000000000000 ) ) ;
#5290 = CARTESIAN_POINT ( 'NONE',  ( -0.4999999999999998900, 1.000000000000000000, 0.2650000000000000100 ) ) ;
#5291 = ORIENTED_EDGE ( 'NONE', *, *, #195, .T. ) ;
#5292 = ORIENTED_EDGE ( 'NONE', *, *, #533, .F. ) ;
#5293 = SURFACE_STYLE_FILL_AREA ( #505 ) ;
#5294 = EDGE_CURVE ( 'NONE', #1429, #2624, #5523, .T. ) ;
#5295 = CARTESIAN_POINT ( 'NONE',  ( -0.6971394000435986400, 0.2931437463680255400, 0.7225732954209164200 ) ) ;
#5296 = CIRCLE ( 'NONE', #8899, 0.02500000000000009200 ) ;
#5297 = FACE_OUTER_BOUND ( 'NONE', #6204, .T. ) ;
#5298 = ORIENTED_EDGE ( 'NONE', *, *, #336, .F. ) ;
#5299 = ORIENTED_EDGE ( 'NONE', *, *, #9867, .T. ) ;
#5300 = ADVANCED_FACE ( 'NONE', ( #3584 ), #9496, .T. ) ;
#5301 = DIRECTION ( 'NONE',  ( -0.0000000000000000000, 1.000000000000000000, -0.0000000000000000000 ) ) ;
#5302 = AXIS2_PLACEMENT_3D ( 'NONE', #2088, #212, #1181 ) ;
#5303 = CARTESIAN_POINT ( 'NONE',  ( 0.7638888888888886200, 0.02194444444444428700, 0.7542839781067808300 ) ) ;
#5304 = DIRECTION ( 'NONE',  ( 0.0000000000000000000, 0.0000000000000000000, 1.000000000000000000 ) ) ;
#5305 = ORIENTED_EDGE ( 'NONE', *, *, #967, .T. ) ;
#5306 = DIRECTION ( 'NONE',  ( -1.000000000000000000, -0.0000000000000000000, -0.0000000000000000000 ) ) ;
#5307 = CARTESIAN_POINT ( 'NONE',  ( -0.6390026351365756300, 0.1999999999999999800, 0.7768313502132432300 ) ) ;
#5308 = UNCERTAINTY_MEASURE_WITH_UNIT (LENGTH_MEASURE( 1.000000000000000100E-005 ), #4580, 'distance_accuracy_value', 'NONE');
#5309 = CIRCLE ( 'NONE', #13, 0.01666666666666645800 ) ;
#5310 = CARTESIAN_POINT ( 'NONE',  ( -0.3999999999999999700, 0.9499999999999999600, -0.07499999999999996900 ) ) ;
#5311 = CARTESIAN_POINT ( 'NONE',  ( -0.7385520031613551600, 0.01196506946204260700, 0.7890725347102005600 ) ) ;
#5312 = CARTESIAN_POINT ( 'NONE',  ( -0.7111111111111139100, 0.8000000000000000400, -0.5111111111111139600 ) ) ;
#5313 = CIRCLE ( 'NONE', #4556, 0.02499999999999995600 ) ;
#5314 = FACE_OUTER_BOUND ( 'NONE', #2268, .T. ) ;
#5315 = CARTESIAN_POINT ( 'NONE',  ( -0.3549999999999999800, 1.000000000000000000, 0.2450000000000001100 ) ) ;
#5316 = EDGE_LOOP ( 'NONE', ( #8025, #6132, #984, #4186 ) ) ;
#5317 = DIRECTION ( 'NONE',  ( 0.0000000000000000000, 1.000000000000000000, 0.0000000000000000000 ) ) ;
#5318 = EDGE_LOOP ( 'NONE', ( #4063, #9554 ) ) ;
#5319 = EDGE_CURVE ( 'NONE', #8338, #7809, #10005, .T. ) ;
#5320 = ORIENTED_EDGE ( 'NONE', *, *, #7126, .F. ) ;
#5321 = ADVANCED_FACE ( 'NONE', ( #7477 ), #4680, .F. ) ;
#5322 = DIRECTION ( 'NONE',  ( -0.0000000000000000000, -7.411538288475051500E-017, 1.000000000000000000 ) ) ;
#5323 = VECTOR ( 'NONE', #8370, 1000.000000000000000 ) ;
#5324 = DIRECTION ( 'NONE',  ( 0.0000000000000000000, 1.000000000000000000, 0.0000000000000000000 ) ) ;
#5325 = ORIENTED_EDGE ( 'NONE', *, *, #6846, .T. ) ;
#5326 = CARTESIAN_POINT ( 'NONE',  ( -0.3499999999999997000, 0.1777777777777780100, -0.8000000000000000400 ) ) ;
#5327 = ORIENTED_EDGE ( 'NONE', *, *, #10679, .F. ) ;
#5328 = CARTESIAN_POINT ( 'NONE',  ( -0.7039543815476941900, 0.2945934328346852500, 0.6762037086153784800 ) ) ;
#5329 = DIRECTION ( 'NONE',  ( 0.0000000000000000000, 0.0000000000000000000, -1.000000000000000000 ) ) ;
#5330 = CYLINDRICAL_SURFACE ( 'NONE', #1149, 0.02500000000000002900 ) ;
#5331 = CARTESIAN_POINT ( 'NONE',  ( -0.7109973648634239100, 0.1999999999999999800, 0.7768313502132431200 ) ) ;
#5332 = COLOUR_RGB ( '',1.000000000000000000, 1.000000000000000000, 1.000000000000000000 ) ;
#5333 = EDGE_CURVE ( 'NONE', #3749, #4826, #11975, .T. ) ;
#5334 = CIRCLE ( 'NONE', #11424, 0.008333333333333499800 ) ;
#5335 = CARTESIAN_POINT ( 'NONE',  ( -0.6459611203037953800, 0.2946307264781546400, 0.7153118167156665700 ) ) ;
#5336 = AXIS2_PLACEMENT_3D ( 'NONE', #1949, #10357, #9143 ) ;
#5337 = FILL_AREA_STYLE ('',( #10033 ) ) ;
#5338 = DIRECTION ( 'NONE',  ( 0.0000000000000000000, 0.0000000000000000000, -1.000000000000000000 ) ) ;
#5339 = ORIENTED_EDGE ( 'NONE', *, *, #9570, .T. ) ;
#5340 = CYLINDRICAL_SURFACE ( 'NONE', #5346, 0.02500000000000006400 ) ;
#5341 = DIRECTION ( 'NONE',  ( 0.0000000000000000000, -1.000000000000000000, 0.0000000000000000000 ) ) ;
#5342 = DIRECTION ( 'NONE',  ( 0.0000000000000000000, 0.0000000000000000000, 1.000000000000000000 ) ) ;
#5343 = MECHANICAL_DESIGN_GEOMETRIC_PRESENTATION_REPRESENTATION (  '', ( #3404 ), #10166 ) ;
#5344 = DIRECTION ( 'NONE',  ( 0.0000000000000000000, 1.000000000000000000, -0.0000000000000000000 ) ) ;
#5345 = FACE_OUTER_BOUND ( 'NONE', #6258, .T. ) ;
#5347 = DIRECTION ( 'NONE',  ( 0.0000000000000000000, -0.4262295081967251200, -0.9046150597587783200 ) ) ;
#5346 = AXIS2_PLACEMENT_3D ( 'NONE', #3437, #5370, #7219 ) ;
#5348 = CARTESIAN_POINT ( 'NONE',  ( 0.6224020263250869000, 0.005197652903061380500, 0.7534121806523851300 ) ) ;
#5349 = DIRECTION ( 'NONE',  ( 0.0000000000000000000, 0.0000000000000000000, -1.000000000000000000 ) ) ;
#5350 = DIRECTION ( 'NONE',  ( -0.0000000000000000000, -1.000000000000000000, -0.0000000000000000000 ) ) ;
#5351 = CARTESIAN_POINT ( 'NONE',  ( 0.5861111111111112500, 0.1805555555555557500, 0.7541114196556968400 ) ) ;
#5352 = CARTESIAN_POINT ( 'NONE',  ( -0.6499999999999996900, 0.1997656017279598700, 0.7809969016383354600 ) ) ;
#5353 = ORIENTED_EDGE ( 'NONE', *, *, #5910, .T. ) ;
#5354 = DIRECTION ( 'NONE',  ( 0.0000000000000000000, 0.0000000000000000000, -1.000000000000000000 ) ) ;
#5355 = AXIS2_PLACEMENT_3D ( 'NONE', #3549, #11166, #7371 ) ;
#5356 = EDGE_CURVE ( 'NONE', #779, #11768, #10307, .T. ) ;
#5357 = CARTESIAN_POINT ( 'NONE',  ( 0.7416666666666664700, 0.1844428985887379100, 0.7758331657224351000 ) ) ;
#5358 = AXIS2_PLACEMENT_3D ( 'NONE', #10549, #5750, #5865 ) ;
#5359 = FACE_OUTER_BOUND ( 'NONE', #217, .T. ) ;
#5360 = CARTESIAN_POINT ( 'NONE',  ( -0.5000000000000000000, 0.9499999999999999600, -0.02500000000000002900 ) ) ;
#5361 = CARTESIAN_POINT ( 'NONE',  ( -0.2125000000000000200, 1.000000000000000000, 8.131516293641283300E-017 ) ) ;
#5362 = DIRECTION ( 'NONE',  ( 0.0000000000000000000, 0.0000000000000000000, 1.000000000000000000 ) ) ;
#5363 = EDGE_CURVE ( 'NONE', #3004, #1856, #9395, .T. ) ;
#5364 = CARTESIAN_POINT ( 'NONE',  ( -0.6000000000000000900, 0.9499999999999999600, -0.1250000000000000300 ) ) ;
#5365 = CIRCLE ( 'NONE', #11716, 0.02499999999999985900 ) ;
#5366 = CARTESIAN_POINT ( 'NONE',  ( -0.7249999999999999800, 0.002500000000000064200, 0.7423036635030292300 ) ) ;
#5367 = FILL_AREA_STYLE_COLOUR ( '', #8928 ) ;
#5368 = AXIS2_PLACEMENT_3D ( 'NONE', #3203, #6055, #8961 ) ;
#5369 = LINE ( 'NONE', #10805, #8014 ) ;
#5370 = DIRECTION ( 'NONE',  ( -0.0000000000000000000, 1.000000000000000000, -0.0000000000000000000 ) ) ;
#5371 = DIRECTION ( 'NONE',  ( 0.0000000000000000000, -1.000000000000000000, 0.0000000000000000000 ) ) ;
#5372 = VERTEX_POINT ( 'NONE', #1297 ) ;
#5373 = ADVANCED_FACE ( 'NONE', ( #575 ), #1656, .F. ) ;
#5374 = ORIENTED_EDGE ( 'NONE', *, *, #4655, .T. ) ;
#5375 = CARTESIAN_POINT ( 'NONE',  ( -0.6449999999999999100, 1.000000000000000000, 0.2450000000000001100 ) ) ;
#5376 = EDGE_CURVE ( 'NONE', #8160, #1172, #6295, .T. ) ;
#5377 = CARTESIAN_POINT ( 'NONE',  ( -0.7079555902155398900, 0.2874022240750132000, 0.7169775228198168600 ) ) ;
#5378 = EDGE_CURVE ( 'NONE', #7058, #7598, #2755, .T. ) ;
#5379 = CARTESIAN_POINT ( 'NONE',  ( -0.6000000000000000900, 0.8792893218813447900, -0.1250000000000000300 ) ) ;
#5380 = EDGE_LOOP ( 'NONE', ( #5403, #4209 ) ) ;
#5381 = CARTESIAN_POINT ( 'NONE',  ( -0.7363224564512270700, 0.009310667271749159500, 0.7901987893042821100 ) ) ;
#5382 = EDGE_CURVE ( 'NONE', #10208, #2446, #2479, .T. ) ;
#5383 = CARTESIAN_POINT ( 'NONE',  ( 0.9555555555555551600, 0.1899999999999999700, -0.7777777777777781200 ) ) ;
#5384 = AXIS2_PLACEMENT_3D ( 'NONE', #1337, #2203, #10736 ) ;
#5385 = CARTESIAN_POINT ( 'NONE',  ( 0.6333333333333326400, 0.2000000000000000100, 0.7642641691706483200 ) ) ;
#5386 = CARTESIAN_POINT ( 'NONE',  ( -0.6086396948267019900, 0.01810985263593025900, 0.7859527711259216600 ) ) ;
#5387 = CARTESIAN_POINT ( 'NONE',  ( -0.7093868058178330900, 0.2041899326652678000, 0.7289539189819267400 ) ) ;
#5388 = CARTESIAN_POINT ( 'NONE',  ( -0.6399404231084145900, 0.1999999999999997600, 0.7777777777777780100 ) ) ;
#5389 = EDGE_LOOP ( 'NONE', ( #5541, #11303, #4787, #4260 ) ) ;
#5390 = AXIS2_PLACEMENT_3D ( 'NONE', #2383, #5111, #6078 ) ;
#5391 = EDGE_LOOP ( 'NONE', ( #241, #4677, #1111, #9818 ) ) ;
#5392 = ORIENTED_EDGE ( 'NONE', *, *, #6897, .T. ) ;
#5393 = DIRECTION ( 'NONE',  ( 1.000000000000000000, 0.0000000000000000000, -1.084202172485504400E-016 ) ) ;
#5394 = EDGE_CURVE ( 'NONE', #3488, #10282, #3769, .T. ) ;
#5395 = DIRECTION ( 'NONE',  ( 0.0000000000000000000, 0.0000000000000000000, -1.000000000000000000 ) ) ;
#5396 = CIRCLE ( 'NONE', #5429, 0.005555555555555521900 ) ;
#5397 = VERTEX_POINT ( 'NONE', #4269 ) ;
#5398 = DIRECTION ( 'NONE',  ( 0.0000000000000000000, 0.0000000000000000000, 1.000000000000000000 ) ) ;
#5399 = ORIENTED_EDGE ( 'NONE', *, *, #7508, .T. ) ;
#5400 = DIRECTION ( 'NONE',  ( 0.0000000000000000000, -0.0000000000000000000, 1.000000000000000000 ) ) ;
#5401 = ORIENTED_EDGE ( 'NONE', *, *, #8154, .F. ) ;
#5402 = VERTEX_POINT ( 'NONE', #2331 ) ;
#5403 = ORIENTED_EDGE ( 'NONE', *, *, #7494, .T. ) ;
#5404 = CARTESIAN_POINT ( 'NONE',  ( -0.3499999999999997000, 0.0000000000000000000, -0.7777777777777780100 ) ) ;
#5405 = CYLINDRICAL_SURFACE ( 'NONE', #4134, 0.02500000000000002900 ) ;
#5406 = CARTESIAN_POINT ( 'NONE',  ( -0.3549999999999999800, 0.8792893218813447900, 0.2700000000000000700 ) ) ;
#5407 = AXIS2_PLACEMENT_3D ( 'NONE', #7261, #6315, #3444 ) ;
#5408 = DIRECTION ( 'NONE',  ( -7.180901689086077000E-017, 0.0000000000000000000, -1.000000000000000000 ) ) ;
#5409 = CARTESIAN_POINT ( 'NONE',  ( -0.9555555555555553800, 0.9777777777777779700, 0.7320634920634923000 ) ) ;
#5410 = AXIS2_PLACEMENT_3D ( 'NONE', #9164, #9123, #4332 ) ;
#5411 = EDGE_LOOP ( 'NONE', ( #9960, #3722 ) ) ;
#5412 = ORIENTED_EDGE ( 'NONE', *, *, #5451, .T. ) ;
#5413 = EDGE_CURVE ( 'NONE', #2279, #9214, #6355, .T. ) ;
#5414 = ORIENTED_EDGE ( 'NONE', *, *, #11171, .F. ) ;
#5415 = ADVANCED_FACE ( 'NONE', ( #4146 ), #1025, .F. ) ;
#5416 = CARTESIAN_POINT ( 'NONE',  ( -0.5861121523347347900, 0.01621565601069414200, 0.7542123626562764500 ) ) ;
#5417 = CARTESIAN_POINT ( 'NONE',  ( -0.9555555555555553800, 0.1899999999999999700, -0.7555555555555555400 ) ) ;
#5418 = CARTESIAN_POINT ( 'NONE',  ( 0.7408759201780088500, 0.01659390250111891400, 0.7867934972283287000 ) ) ;
#5419 = ORIENTED_EDGE ( 'NONE', *, *, #4526, .F. ) ;
#5420 = DIRECTION ( 'NONE',  ( -0.0000000000000000000, 1.000000000000000000, -0.0000000000000000000 ) ) ;
#5421 = SURFACE_STYLE_FILL_AREA ( #4535 ) ;
#5422 = FACE_OUTER_BOUND ( 'NONE', #10587, .T. ) ;
#5423 = AXIS2_PLACEMENT_3D ( 'NONE', #8602, #908, #7497 ) ;
#5424 = ORIENTED_EDGE ( 'NONE', *, *, #9605, .F. ) ;
#5425 = CARTESIAN_POINT ( 'NONE',  ( -0.7250000000000000900, 0.005000000000000040000, 0.7918213607330723000 ) ) ;
#5426 = ORIENTED_EDGE ( 'NONE', *, *, #1095, .F. ) ;
#5427 = CARTESIAN_POINT ( 'NONE',  ( -0.6000000000000000900, 0.9499999999999999600, -0.07499999999999985800 ) ) ;
#5428 = EDGE_LOOP ( 'NONE', ( #6672, #4955 ) ) ;
#5429 = AXIS2_PLACEMENT_3D ( 'NONE', #7819, #8760, #3842 ) ;
#5430 = ORIENTED_EDGE ( 'NONE', *, *, #10150, .T. ) ;
#5431 = CIRCLE ( 'NONE', #9625, 0.5000000000000000000 ) ;
#5432 = CARTESIAN_POINT ( 'NONE',  ( 0.7143066721067752300, 0.2003411577756384900, 0.7318078509076877400 ) ) ;
#5433 = ADVANCED_FACE ( 'NONE', ( #3831 ), #4974, .F. ) ;
#5434 = CARTESIAN_POINT ( 'NONE',  ( -0.6083333333333331700, 0.02222222222222176900, 0.7833333333333335500 ) ) ;
#5435 = VECTOR ( 'NONE', #8228, 1000.000000000000000 ) ;
#5436 = LINE ( 'NONE', #2579, #116 ) ;
#5437 = ORIENTED_EDGE ( 'NONE', *, *, #9984, .T. ) ;
#5438 = ORIENTED_EDGE ( 'NONE', *, *, #5947, .T. ) ;
#5439 = DIRECTION ( 'NONE',  ( 1.000000000000000000, -0.0000000000000000000, 0.0000000000000000000 ) ) ;
#5440 = AXIS2_PLACEMENT_3D ( 'NONE', #4803, #5748, #9588 ) ;
#5441 = ORIENTED_EDGE ( 'NONE', *, *, #6476, .F. ) ;
#5442 = CIRCLE ( 'NONE', #5456, 0.02500000000000008100 ) ;
#5443 = FACE_OUTER_BOUND ( 'NONE', #4523, .T. ) ;
#5444 = DIRECTION ( 'NONE',  ( 0.0000000000000000000, -1.000000000000000000, -0.0000000000000000000 ) ) ;
#5445 = ORIENTED_EDGE ( 'NONE', *, *, #5563, .T. ) ;
#5446 = CARTESIAN_POINT ( 'NONE',  ( -0.3100000000000000500, 1.000000000000000000, -0.1499999999999999100 ) ) ;
#5447 = PLANE ( 'NONE',  #10075 ) ;
#5448 = ORIENTED_EDGE ( 'NONE', *, *, #3133, .F. ) ;
#5449 = CARTESIAN_POINT ( 'NONE',  ( 0.6174855140191717300, 0.1987957611102176800, 0.7507897795933147200 ) ) ;
#5450 = EDGE_CURVE ( 'NONE', #11187, #1751, #4891, .T. ) ;
#5451 = EDGE_CURVE ( 'NONE', #5981, #7715, #1027, .T. ) ;
#5452 = VECTOR ( 'NONE', #11926, 1000.000000000000000 ) ;
#5453 = DIRECTION ( 'NONE',  ( 0.0000000000000000000, 0.0000000000000000000, -1.000000000000000000 ) ) ;
#5454 = VECTOR ( 'NONE', #412, 1000.000000000000000 ) ;
#5455 = CARTESIAN_POINT ( 'NONE',  ( -0.4499999999999999600, 0.9499999999999999600, 0.1699999999999999600 ) ) ;
#5456 = AXIS2_PLACEMENT_3D ( 'NONE', #7049, #2296, #7962 ) ;
#5457 = DIRECTION ( 'NONE',  ( 0.0000000000000000000, 0.0000000000000000000, -1.000000000000000000 ) ) ;
#5458 = ORIENTED_EDGE ( 'NONE', *, *, #11599, .T. ) ;
#5459 = EDGE_LOOP ( 'NONE', ( #1996, #10886, #8427, #6855 ) ) ;
#5460 = DIRECTION ( 'NONE',  ( -2.790226179190637400E-016, 0.0000000000000000000, -1.000000000000000000 ) ) ;
#5461 = CARTESIAN_POINT ( 'NONE',  ( 0.6083333333333331700, 0.2000000000000000900, 0.7320634920634921900 ) ) ;
#5462 = AXIS2_PLACEMENT_3D ( 'NONE', #926, #11389, #806 ) ;
#5463 = CARTESIAN_POINT ( 'NONE',  ( 0.6583333333333331000, 0.2999999999999999900, 0.6738059225679081700 ) ) ;
#5464 = CYLINDRICAL_SURFACE ( 'NONE', #7901, 0.01666666666666650000 ) ;
#5465 = CARTESIAN_POINT ( 'NONE',  ( -0.5000000000000000000, 1.000000000000000000, -0.02500000000000002900 ) ) ;
#5466 = CYLINDRICAL_SURFACE ( 'NONE', #10268, 0.02499999999999995600 ) ;
#5467 = VECTOR ( 'NONE', #2884, 1000.000000000000000 ) ;
#5468 = DIRECTION ( 'NONE',  ( 0.0000000000000000000, 0.0000000000000000000, 1.000000000000000000 ) ) ;
#5469 = DIRECTION ( 'NONE',  ( 0.0000000000000000000, 0.0000000000000000000, -1.000000000000000000 ) ) ;
#5470 = LINE ( 'NONE', #11712, #7515 ) ;
#5471 = LINE ( 'NONE', #7601, #1628 ) ;
#5472 = EDGE_CURVE ( 'NONE', #4816, #3279, #2160, .T. ) ;
#5473 = PLANE ( 'NONE',  #4515 ) ;
#5474 = CARTESIAN_POINT ( 'NONE',  ( -0.6449999999999999100, 0.9499999999999999600, 0.2200000000000002500 ) ) ;
#5475 = CYLINDRICAL_SURFACE ( 'NONE', #8740, 0.02222222222222198000 ) ;
#5476 = DIRECTION ( 'NONE',  ( 0.0000000000000000000, 1.000000000000000000, 0.0000000000000000000 ) ) ;
#5477 = AXIS2_PLACEMENT_3D ( 'NONE', #6974, #2192, #1323 ) ;
#5478 = CARTESIAN_POINT ( 'NONE',  ( -0.3999999999999999700, 1.000000000000000000, -0.07499999999999996900 ) ) ;
#5479 = AXIS2_PLACEMENT_3D ( 'NONE', #11371, #1852, #2881 ) ;
#5480 = EDGE_CURVE ( 'NONE', #5225, #9262, #5161, .T. ) ;
#5481 = DIRECTION ( 'NONE',  ( 0.0000000000000000000, -0.0000000000000000000, 1.000000000000000000 ) ) ;
#5482 = ORIENTED_EDGE ( 'NONE', *, *, #4327, .F. ) ;
#5483 = DIRECTION ( 'NONE',  ( 0.0000000000000000000, 0.0000000000000000000, -1.000000000000000000 ) ) ;
#5484 = FACE_OUTER_BOUND ( 'NONE', #3294, .T. ) ;
#5485 = DIRECTION ( 'NONE',  ( -0.0000000000000000000, 0.0000000000000000000, -1.000000000000000000 ) ) ;
#5486 = AXIS2_PLACEMENT_3D ( 'NONE', #8329, #1575, #4425 ) ;
#5487 = LINE ( 'NONE', #2229, #2949 ) ;
#5488 = ADVANCED_FACE ( 'NONE', ( #8396 ), #10548, .T. ) ;
#5489 = LINE ( 'NONE', #3752, #9913 ) ;
#5490 = AXIS2_PLACEMENT_3D ( 'NONE', #459, #8031, #11836 ) ;
#5491 = DIRECTION ( 'NONE',  ( 0.0000000000000000000, 0.0000000000000000000, 1.000000000000000000 ) ) ;
#5492 = VERTEX_POINT ( 'NONE', #70 ) ;
#5493 = DIRECTION ( 'NONE',  ( 0.0000000000000000000, 7.411538288475051500E-017, -1.000000000000000000 ) ) ;
#5494 = EDGE_CURVE ( 'NONE', #5964, #8960, #3857, .T. ) ;
#5495 = CARTESIAN_POINT ( 'NONE',  ( -0.6366897374282835000, 0.2007058175290254200, 0.7315351006327758300 ) ) ;
#5496 = DIRECTION ( 'NONE',  ( 1.000000000000000000, 0.0000000000000000000, -1.084202172485504400E-016 ) ) ;
#5497 = CARTESIAN_POINT ( 'NONE',  ( 0.7009329303121034600, 0.2973344964423555400, 0.7146977001035704800 ) ) ;
#5498 = CARTESIAN_POINT ( 'NONE',  ( -0.6000000000000000900, 0.9499999999999999600, 0.1000000000000000200 ) ) ;
#5499 = DIRECTION ( 'NONE',  ( 0.0000000000000000000, 0.0000000000000000000, 1.000000000000000000 ) ) ;
#5500 = CARTESIAN_POINT ( 'NONE',  ( 0.5917348195317104800, 0.1906274650992387000, 0.7501939276962756900 ) ) ;
#5501 = EDGE_CURVE ( 'NONE', #7727, #11768, #10071, .T. ) ;
#5502 = CARTESIAN_POINT ( 'NONE',  ( 0.6414273782144656000, 0.2060304037194585200, 0.7276087516187851300 ) ) ;
#5503 = VECTOR ( 'NONE', #9410, 1000.000000000000000 ) ;
#5504 = CARTESIAN_POINT ( 'NONE',  ( 0.7090439978277211000, 0.2049659360864143600, 0.7283867635657507200 ) ) ;
#5505 = DIRECTION ( 'NONE',  ( -0.0000000000000000000, 1.000000000000000000, -0.0000000000000000000 ) ) ;
#5506 = AXIS2_PLACEMENT_3D ( 'NONE', #3564, #5496, #4426 ) ;
#5507 = EDGE_CURVE ( 'NONE', #2188, #5682, #11406, .T. ) ;
#5508 = ORIENTED_EDGE ( 'NONE', *, *, #11048, .T. ) ;
#5509 = AXIS2_PLACEMENT_3D ( 'NONE', #3879, #10744, #203 ) ;
#5510 = DIRECTION ( 'NONE',  ( 0.0000000000000000000, 1.000000000000000000, 0.0000000000000000000 ) ) ;
#5511 = DIRECTION ( 'NONE',  ( 1.000000000000000000, 0.0000000000000000000, 0.0000000000000000000 ) ) ;
#5512 = UNCERTAINTY_MEASURE_WITH_UNIT (LENGTH_MEASURE( 1.000000000000000100E-005 ), #4384, 'distance_accuracy_value', 'NONE');
#5513 = EDGE_LOOP ( 'NONE', ( #4047, #6977, #10303, #10388 ) ) ;
#5514 = EDGE_CURVE ( 'NONE', #2016, #10206, #9261, .T. ) ;
#5515 = DIRECTION ( 'NONE',  ( -0.0000000000000000000, 1.000000000000000000, -0.0000000000000000000 ) ) ;
#5516 = ORIENTED_EDGE ( 'NONE', *, *, #4613, .T. ) ;
#5517 = PLANE ( 'NONE',  #11178 ) ;
#5518 = DIRECTION ( 'NONE',  ( 0.0000000000000000000, 1.000000000000000000, 0.0000000000000000000 ) ) ;
#5519 = DIRECTION ( 'NONE',  ( 0.0000000000000000000, 0.0000000000000000000, 1.000000000000000000 ) ) ;
#5520 = ORIENTED_EDGE ( 'NONE', *, *, #7893, .F. ) ;
#5521 = EDGE_LOOP ( 'NONE', ( #9212, #3587, #4195, #4626, #2754 ) ) ;
#5522 = EDGE_LOOP ( 'NONE', ( #9964, #5438, #9927, #75 ) ) ;
#5523 = CIRCLE ( 'NONE', #2847, 0.02499999999999990400 ) ;
#5524 = CARTESIAN_POINT ( 'NONE',  ( -0.6000000000000000900, 0.8792893218813447900, -0.07499999999999985800 ) ) ;
#5525 = LINE ( 'NONE', #4907, #9801 ) ;
#5526 = CARTESIAN_POINT ( 'NONE',  ( -0.6333333333333326400, 0.1999999999999999800, 0.7320634920634921900 ) ) ;
#5527 = EDGE_CURVE ( 'NONE', #7505, #6381, #9696, .T. ) ;
#5528 = ORIENTED_EDGE ( 'NONE', *, *, #4964, .F. ) ;
#5529 = ORIENTED_EDGE ( 'NONE', *, *, #4216, .T. ) ;
#5530 = ORIENTED_EDGE ( 'NONE', *, *, #7050, .F. ) ;
#5531 = DIRECTION ( 'NONE',  ( 3.580851211878729700E-016, -0.0000000000000000000, 1.000000000000000000 ) ) ;
#5532 = PLANE ( 'NONE',  #10743 ) ;
#5533 = ORIENTED_EDGE ( 'NONE', *, *, #6652, .T. ) ;
#5534 = CARTESIAN_POINT ( 'NONE',  ( 0.6998132264396979000, 0.2888809521721085700, 0.7245341213434984800 ) ) ;
#5535 = DIRECTION ( 'NONE',  ( 0.0000000000000000000, 0.0000000000000000000, -1.000000000000000000 ) ) ;
#5536 = CARTESIAN_POINT ( 'NONE',  ( -0.6925000000000000000, 1.000000000000000000, 0.02499999999999993900 ) ) ;
#5537 = ADVANCED_FACE ( 'NONE', ( #11131 ), #6388, .T. ) ;
#5538 = ORIENTED_EDGE ( 'NONE', *, *, #4455, .F. ) ;
#5539 = AXIS2_PLACEMENT_3D ( 'NONE', #10020, #6173, #4313 ) ;
#5540 = ORIENTED_EDGE ( 'NONE', *, *, #1228, .F. ) ;
#5541 = ORIENTED_EDGE ( 'NONE', *, *, #11237, .F. ) ;
#5542 = ORIENTED_EDGE ( 'NONE', *, *, #6776, .T. ) ;
#5543 = ORIENTED_EDGE ( 'NONE', *, *, #9637, .T. ) ;
#5544 = EDGE_CURVE ( 'NONE', #10750, #7540, #9036, .T. ) ;
#5545 = ORIENTED_EDGE ( 'NONE', *, *, #2165, .T. ) ;
#5546 = PLANE ( 'NONE',  #8177 ) ;
#5547 = DIRECTION ( 'NONE',  ( 0.0000000000000000000, -0.0000000000000000000, 1.000000000000000000 ) ) ;
#5548 = LINE ( 'NONE', #1599, #4362 ) ;
#5549 = AXIS2_PLACEMENT_3D ( 'NONE', #81, #2118, #205 ) ;
#5550 = DIRECTION ( 'NONE',  ( 0.0000000000000000000, 0.0000000000000000000, -1.000000000000000000 ) ) ;
#5551 = CIRCLE ( 'NONE', #7551, 0.02222222222222230300 ) ;
#5552 = DIRECTION ( 'NONE',  ( 0.0000000000000000000, 0.0000000000000000000, 1.000000000000000000 ) ) ;
#5553 = EDGE_LOOP ( 'NONE', ( #8819, #2389, #6458, #2554 ) ) ;
#5554 = CARTESIAN_POINT ( 'NONE',  ( -0.7250000000000000900, 0.2000000000000000400, 0.7320634920634921900 ) ) ;
#5555 = VERTEX_POINT ( 'NONE', #9352 ) ;
#5556 = ORIENTED_EDGE ( 'NONE', *, *, #269, .T. ) ;
#5557 = AXIS2_PLACEMENT_3D ( 'NONE', #11407, #9465, #870 ) ;
#5558 = CARTESIAN_POINT ( 'NONE',  ( -0.6354992339390720400, 0.1999999999999999800, 0.7736125863801032200 ) ) ;
#5559 = LINE ( 'NONE', #7323, #8798 ) ;
#5560 = AXIS2_PLACEMENT_3D ( 'NONE', #11055, #6122, #9449 ) ;
#5561 = VECTOR ( 'NONE', #8731, 1000.000000000000000 ) ;
#5562 = CIRCLE ( 'NONE', #6334, 0.02499999999999984900 ) ;
#5563 = EDGE_CURVE ( 'NONE', #10456, #9543, #5589, .T. ) ;
#5564 = ORIENTED_EDGE ( 'NONE', *, *, #3466, .T. ) ;
#5565 = CARTESIAN_POINT ( 'NONE',  ( -0.6000000000000000900, 0.9499999999999999600, 0.07499999999999992800 ) ) ;
#5566 = ORIENTED_EDGE ( 'NONE', *, *, #7113, .T. ) ;
#5567 = DIRECTION ( 'NONE',  ( 0.0000000000000000000, 1.000000000000000000, 0.0000000000000000000 ) ) ;
#5568 = EDGE_CURVE ( 'NONE', #950, #9523, #1522, .T. ) ;
#5569 = ORIENTED_EDGE ( 'NONE', *, *, #9520, .T. ) ;
#5570 = DIRECTION ( 'NONE',  ( 0.0000000000000000000, 0.0000000000000000000, -1.000000000000000000 ) ) ;
#5571 = CIRCLE ( 'NONE', #8761, 0.02500000000000006400 ) ;
#5572 = AXIS2_PLACEMENT_3D ( 'NONE', #7889, #6953, #5223 ) ;
#5573 = CARTESIAN_POINT ( 'NONE',  ( -0.6084469983537708100, 0.1854973672255727500, 0.7752843395940151000 ) ) ;
#5574 = DIRECTION ( 'NONE',  ( 0.0000000000000000000, -1.000000000000000000, 0.0000000000000000000 ) ) ;
#5575 = CARTESIAN_POINT ( 'NONE',  ( -0.9777777777777777500, 0.8222222222222219700, 0.7542857142857142300 ) ) ;
#5576 = CIRCLE ( 'NONE', #9136, 0.02500000000000007800 ) ;
#5577 = SURFACE_STYLE_FILL_AREA ( #911 ) ;
#5578 = CYLINDRICAL_SURFACE ( 'NONE', #10840, 0.02500000000000002900 ) ;
#5579 = VERTEX_POINT ( 'NONE', #6537 ) ;
#5580 = CARTESIAN_POINT ( 'NONE',  ( -0.6182994260541713200, 0.1997625171295440100, 0.7356456013389197600 ) ) ;
#5581 = VERTEX_POINT ( 'NONE', #5616 ) ;
#5582 = ORIENTED_EDGE ( 'NONE', *, *, #6970, .T. ) ;
#5583 = ORIENTED_EDGE ( 'NONE', *, *, #6268, .F. ) ;
#5584 = CARTESIAN_POINT ( 'NONE',  ( -0.6083448665925251800, 0.02104673972282393800, 0.7838403542335687900 ) ) ;
#5585 = DIRECTION ( 'NONE',  ( 0.0000000000000000000, 0.0000000000000000000, 1.000000000000000000 ) ) ;
#5586 = FACE_OUTER_BOUND ( 'NONE', #4398, .T. ) ;
#5587 = EDGE_CURVE ( 'NONE', #5895, #11296, #2981, .T. ) ;
#5588 = VECTOR ( 'NONE', #10081, 1000.000000000000000 ) ;
#5589 = CIRCLE ( 'NONE', #7054, 0.02222222222222208800 ) ;
#5590 = ORIENTED_EDGE ( 'NONE', *, *, #4795, .T. ) ;
#5591 = CARTESIAN_POINT ( 'NONE',  ( 0.6565851954165916600, 0.2999999999999999900, 0.6738059225679082800 ) ) ;
#5592 = EDGE_LOOP ( 'NONE', ( #4796, #10103, #5857, #11595 ) ) ;
#5593 = DIRECTION ( 'NONE',  ( -0.0000000000000000000, -1.000000000000000000, -0.0000000000000000000 ) ) ;
#5594 = ORIENTED_EDGE ( 'NONE', *, *, #12259, .F. ) ;
#5595 = PLANE ( 'NONE',  #10807 ) ;
#5596 =( LENGTH_UNIT ( ) NAMED_UNIT ( * ) SI_UNIT ( .MILLI., .METRE. ) );
#5597 = LINE ( 'NONE', #7410, #4414 ) ;
#5598 = CARTESIAN_POINT ( 'NONE',  ( -0.4999999999999998900, 1.000000000000000000, 0.2900000000000000400 ) ) ;
#5599 = CARTESIAN_POINT ( 'NONE',  ( -0.5000000000000000000, 0.9499999999999999600, -0.09999999999999993600 ) ) ;
#5600 = FACE_OUTER_BOUND ( 'NONE', #5627, .T. ) ;
#5601 = FACE_OUTER_BOUND ( 'NONE', #8986, .T. ) ;
#5602 = CARTESIAN_POINT ( 'NONE',  ( 0.6583333333333331000, 0.2833333333333334900, 1.132063492063492200 ) ) ;
#5603 = VERTEX_POINT ( 'NONE', #9467 ) ;
#5604 = ORIENTED_EDGE ( 'NONE', *, *, #10901, .F. ) ;
#5605 = EDGE_CURVE ( 'NONE', #7398, #7950, #3557, .T. ) ;
#5606 = EDGE_CURVE ( 'NONE', #1147, #2842, #9390, .T. ) ;
#5607 = ADVANCED_FACE ( 'NONE', ( #1509 ), #979, .F. ) ;
#5608 = EDGE_CURVE ( 'NONE', #1841, #2584, #11336, .T. ) ;
#5609 = DIRECTION ( 'NONE',  ( -0.0000000000000000000, -1.000000000000000000, -0.0000000000000000000 ) ) ;
#5610 = EDGE_CURVE ( 'NONE', #251, #709, #4896, .T. ) ;
#5611 = FACE_OUTER_BOUND ( 'NONE', #11329, .T. ) ;
#5612 = FACE_OUTER_BOUND ( 'NONE', #10919, .T. ) ;
#5613 = FACE_OUTER_BOUND ( 'NONE', #1387, .T. ) ;
#5614 = CARTESIAN_POINT ( 'NONE',  ( 0.7106965150991622100, 0.1999999999999999800, 0.7771580468426760900 ) ) ;
#5615 = CIRCLE ( 'NONE', #6888, 0.02222222222222230300 ) ;
#5616 = CARTESIAN_POINT ( 'NONE',  ( -0.7250000000000000900, 0.1999999999999999800, 0.7320634920634923000 ) ) ;
#5617 = DIRECTION ( 'NONE',  ( 0.0000000000000000000, 1.000000000000000000, -0.0000000000000000000 ) ) ;
#5618 = EDGE_LOOP ( 'NONE', ( #12127, #8948, #6007, #5804 ) ) ;
#5619 = DIRECTION ( 'NONE',  ( -0.0000000000000000000, -1.000000000000000000, -0.0000000000000000000 ) ) ;
#5620 = CARTESIAN_POINT ( 'NONE',  ( -0.6087291019342233600, 0.1869876621753948900, 0.7742395731267151000 ) ) ;
#5621 = DIRECTION ( 'NONE',  ( 0.0000000000000000000, -1.000000000000000000, 0.0000000000000000000 ) ) ;
#5622 = CARTESIAN_POINT ( 'NONE',  ( 0.6358871042555789300, 0.2003526276652839700, 0.7317990211782031700 ) ) ;
#5623 = PRESENTATION_STYLE_ASSIGNMENT (( #1609 ) ) ;
#5624 = EDGE_CURVE ( 'NONE', #6109, #1073, #2010, .T. ) ;
#5625 = AXIS2_PLACEMENT_3D ( 'NONE', #9614, #8586, #4790 ) ;
#5626 = CARTESIAN_POINT ( 'NONE',  ( 0.6485864422653951900, 0.2968527967960508100, 0.6751923791309056800 ) ) ;
#5627 = EDGE_LOOP ( 'NONE', ( #9650, #4355, #10015, #8599 ) ) ;
#5628 = AXIS2_PLACEMENT_3D ( 'NONE', #2706, #2745, #4490 ) ;
#5629 = CARTESIAN_POINT ( 'NONE',  ( -0.6503995974653085100, 0.2893930143576651200, 0.7242971303421356100 ) ) ;
#5630 = AXIS2_PLACEMENT_3D ( 'NONE', #10143, #989, #3835 ) ;
#5631 = DIRECTION ( 'NONE',  ( 0.0000000000000000000, 1.000000000000000000, -0.0000000000000000000 ) ) ;
#5632 = EDGE_CURVE ( 'NONE', #9543, #3313, #8566, .T. ) ;
#5633 = CARTESIAN_POINT ( 'NONE',  ( -0.9555555555555553800, 0.1999999999999999800, 0.7320634920634921900 ) ) ;
#5634 = CARTESIAN_POINT ( 'NONE',  ( 0.9555555555555560500, 0.1999999999999999800, 0.7320634920634920800 ) ) ;
#5635 = CARTESIAN_POINT ( 'NONE',  ( -0.5000000000000000000, 0.9499999999999999600, -0.09999999999999993600 ) ) ;
#5636 = CIRCLE ( 'NONE', #4932, 0.02500000000000006400 ) ;
#5637 = DIRECTION ( 'NONE',  ( 0.0000000000000000000, 1.185846126156022200E-015, 1.000000000000000000 ) ) ;
#5638 = DIRECTION ( 'NONE',  ( 0.0000000000000000000, 1.000000000000000000, 0.0000000000000000000 ) ) ;
#5639 = CARTESIAN_POINT ( 'NONE',  ( -0.3549999999999999800, 0.9499999999999999600, 0.2200000000000001400 ) ) ;
#5640 = AXIS2_PLACEMENT_3D ( 'NONE', #2066, #10724, #1156 ) ;
#5641 = DIRECTION ( 'NONE',  ( 0.0000000000000000000, -0.0000000000000000000, -1.000000000000000000 ) ) ;
#5642 = CARTESIAN_POINT ( 'NONE',  ( 0.7250000000000000900, 0.2000000000000000100, 0.7320634920634921900 ) ) ;
#5643 = FILL_AREA_STYLE_COLOUR ( '', #11724 ) ;
#5644 = CARTESIAN_POINT ( 'NONE',  ( -0.5000000000000000000, 0.9499999999999999600, 0.1000000000000000500 ) ) ;
#5645 = FACE_OUTER_BOUND ( 'NONE', #1224, .T. ) ;
#5646 = DIRECTION ( 'NONE',  ( 0.0000000000000000000, 0.0000000000000000000, 1.000000000000000000 ) ) ;
#5647 = VERTEX_POINT ( 'NONE', #6582 ) ;
#5648 = VERTEX_POINT ( 'NONE', #1894 ) ;
#5649 = DIRECTION ( 'NONE',  ( 0.0000000000000000000, 0.0000000000000000000, -1.000000000000000000 ) ) ;
#5650 = ADVANCED_FACE ( 'NONE', ( #10960 ), #12224, .F. ) ;
#5651 = MANIFOLD_SOLID_BREP ( 'Boss-Extrude4[9]', #84 ) ;
#5652 = ORIENTED_EDGE ( 'NONE', *, *, #7723, .T. ) ;
#5653 = EDGE_LOOP ( 'NONE', ( #3176, #8496 ) ) ;
#5654 = AXIS2_PLACEMENT_3D ( 'NONE', #12258, #6531, #1795 ) ;
#5655 = DIRECTION ( 'NONE',  ( -1.000000000000000000, -0.0000000000000000000, 1.084202172485504400E-016 ) ) ;
#5656 = DIRECTION ( 'NONE',  ( 0.0000000000000000000, 0.0000000000000000000, 1.000000000000000000 ) ) ;
#5657 = DIRECTION ( 'NONE',  ( 0.0000000000000000000, 1.000000000000000000, 0.0000000000000000000 ) ) ;
#5658 = CARTESIAN_POINT ( 'NONE',  ( 0.7416666666666664700, 0.02222222222222176900, 0.7833333333333335500 ) ) ;
#5659 = VECTOR ( 'NONE', #11640, 1000.000000000000000 ) ;
#5660 = CARTESIAN_POINT ( 'NONE',  ( -0.6506734230768661500, 0.2902311362781452900, 0.7239078869813191400 ) ) ;
#5661 = EDGE_CURVE ( 'NONE', #2937, #4358, #12161, .T. ) ;
#5662 = DIRECTION ( 'NONE',  ( 0.0000000000000000000, -0.0000000000000000000, -1.000000000000000000 ) ) ;
#5663 = VERTEX_POINT ( 'NONE', #9601 ) ;
#5664 = ORIENTED_EDGE ( 'NONE', *, *, #7997, .T. ) ;
#5665 = CARTESIAN_POINT ( 'NONE',  ( -0.9555555555555553800, 0.8000000000000000400, -0.7777777777777779000 ) ) ;
#5666 = PRESENTATION_LAYER_ASSIGNMENT (  '', '', ( #478 ) ) ;
#5667 = VERTEX_POINT ( 'NONE', #2124 ) ;
#5668 = ORIENTED_EDGE ( 'NONE', *, *, #5807, .F. ) ;
#5669 = ORIENTED_EDGE ( 'NONE', *, *, #2348, .F. ) ;
#5670 = AXIS2_PLACEMENT_3D ( 'NONE', #8849, #5143, #4142 ) ;
#5671 = ORIENTED_EDGE ( 'NONE', *, *, #6959, .F. ) ;
#5672 = DIRECTION ( 'NONE',  ( 1.000000000000000000, 0.0000000000000000000, -1.790425605939364900E-016 ) ) ;
#5673 = CARTESIAN_POINT ( 'NONE',  ( -0.4500000000000000100, 0.9499999999999999600, -0.2200000000000000300 ) ) ;
#5674 = B_SPLINE_CURVE_WITH_KNOTS ( 'NONE', 3,
 ( #10900, #8018, #7114, #11815, #10996, #2360, #5307, #1496, #2400, #3330 ),
 .UNSPECIFIED., .F., .F.,
 ( 4, 3, 3, 4 ),
 ( 0.0000000000000000000, 8.458773858292084100E-006, 1.669811718097526600E-005, 1.800669566690011000E-005 ),
 .UNSPECIFIED. ) ;
#5675 = SURFACE_STYLE_USAGE ( .BOTH. , #3817 ) ;
#5676 = CARTESIAN_POINT ( 'NONE',  ( 0.7389631577554606200, 0.1933625106578970300, 0.7673563811878537600 ) ) ;
#5677 = CIRCLE ( 'NONE', #4759, 0.02500000000000008100 ) ;
#5678 = DIRECTION ( 'NONE',  ( -0.0000000000000000000, -1.000000000000000000, -0.0000000000000000000 ) ) ;
#5679 = EDGE_CURVE ( 'NONE', #6421, #4653, #8693, .T. ) ;
#5680 = DIRECTION ( 'NONE',  ( 0.0000000000000000000, 0.0000000000000000000, 1.000000000000000000 ) ) ;
#5681 = CARTESIAN_POINT ( 'NONE',  ( -0.3549999999999999800, 1.000000000000000000, 0.2200000000000001400 ) ) ;
#5682 = VERTEX_POINT ( 'NONE', #10564 ) ;
#5683 = CARTESIAN_POINT ( 'NONE',  ( -0.6249999999999995600, 0.1999999999999999800, 0.7320634920634923000 ) ) ;
#5684 = DIRECTION ( 'NONE',  ( 0.0000000000000000000, 0.0000000000000000000, -1.000000000000000000 ) ) ;
#5685 = VERTEX_POINT ( 'NONE', #8732 ) ;
#5686 = CARTESIAN_POINT ( 'NONE',  ( -0.2549999999999999500, 0.9499999999999999600, 0.1250000000000000600 ) ) ;
#5687 = ORIENTED_EDGE ( 'NONE', *, *, #487, .T. ) ;
#5688 = ORIENTED_EDGE ( 'NONE', *, *, #97, .T. ) ;
#5689 = FACE_OUTER_BOUND ( 'NONE', #1740, .T. ) ;
#5690 = ORIENTED_EDGE ( 'NONE', *, *, #11457, .T. ) ;
#5691 = CARTESIAN_POINT ( 'NONE',  ( 0.6937517784290551100, 0.2998690548693330700, 0.6738630939830170300 ) ) ;
#5692 = ORIENTED_EDGE ( 'NONE', *, *, #6872, .F. ) ;
#5693 = EDGE_CURVE ( 'NONE', #9578, #11601, #7669, .T. ) ;
#5694 = ORIENTED_EDGE ( 'NONE', *, *, #9202, .T. ) ;
#5695 = ORIENTED_EDGE ( 'NONE', *, *, #6209, .F. ) ;
#5696 = CARTESIAN_POINT ( 'NONE',  ( -0.4999999999999998900, 0.9499999999999999600, 0.2650000000000000100 ) ) ;
#5697 = EDGE_CURVE ( 'NONE', #3741, #10748, #7081, .T. ) ;
#5698 = ORIENTED_EDGE ( 'NONE', *, *, #12155, .F. ) ;
#5699 = STYLED_ITEM ( 'NONE', ( #10054 ), #6194 ) ;
#5700 = DIRECTION ( 'NONE',  ( 0.0000000000000000000, 0.0000000000000000000, 1.000000000000000000 ) ) ;
#5701 = ORIENTED_EDGE ( 'NONE', *, *, #7493, .T. ) ;
#5702 = CARTESIAN_POINT ( 'NONE',  ( -0.6501909671325101200, 0.2999131289464812000, 0.7195210409046229900 ) ) ;
#5703 = FACE_OUTER_BOUND ( 'NONE', #8495, .T. ) ;
#5704 = DIRECTION ( 'NONE',  ( 0.0000000000000000000, 0.0000000000000000000, -1.000000000000000000 ) ) ;
#5705 = FACE_OUTER_BOUND ( 'NONE', #9825, .T. ) ;
#5706 = CARTESIAN_POINT ( 'NONE',  ( 1.377777777777777300, 0.5000000000000000000, -0.5111111111111149600 ) ) ;
#5707 = VERTEX_POINT ( 'NONE', #3940 ) ;
#5708 = DIRECTION ( 'NONE',  ( -0.0000000000000000000, 1.000000000000000000, 0.0000000000000000000 ) ) ;
#5709 = EDGE_LOOP ( 'NONE', ( #4208, #4961, #6619, #1273 ) ) ;
#5710 = CARTESIAN_POINT ( 'NONE',  ( -0.5500000000000001600, 0.8792893218813447900, 0.2199999999999998900 ) ) ;
#5711 = VERTEX_POINT ( 'NONE', #5758 ) ;
#5712 = AXIS2_PLACEMENT_3D ( 'NONE', #940, #7413, #2759 ) ;
#5713 = ADVANCED_FACE ( 'NONE', ( #5173 ), #1154, .T. ) ;
#5714 = ORIENTED_EDGE ( 'NONE', *, *, #119, .T. ) ;
#5715 = CARTESIAN_POINT ( 'NONE',  ( -0.5500000000000001600, 0.9499999999999999600, 0.2199999999999998900 ) ) ;
#5716 = LINE ( 'NONE', #9895, #126 ) ;
#5717 = CARTESIAN_POINT ( 'NONE',  ( -0.6083333333333331700, 0.1777777777777780100, 0.7320634920634923000 ) ) ;
#5718 = VECTOR ( 'NONE', #10945, 1000.000000000000000 ) ;
#5719 = DIRECTION ( 'NONE',  ( 1.000000000000000000, -0.0000000000000000000, -0.0000000000000000000 ) ) ;
#5720 = DIRECTION ( 'NONE',  ( 0.0000000000000000000, 1.000000000000000000, 0.0000000000000000000 ) ) ;
#5721 = ORIENTED_EDGE ( 'NONE', *, *, #778, .T. ) ;
#5722 = ORIENTED_EDGE ( 'NONE', *, *, #300, .F. ) ;
#5723 = CARTESIAN_POINT ( 'NONE',  ( -0.5500000000000001600, 0.9499999999999999600, 0.1700000000000002100 ) ) ;
#5724 = DIRECTION ( 'NONE',  ( 1.000000000000000000, 0.0000000000000000000, 0.0000000000000000000 ) ) ;
#5725 = DIRECTION ( 'NONE',  ( 0.0000000000000000000, 0.0000000000000000000, 1.000000000000000000 ) ) ;
#5726 = EDGE_LOOP ( 'NONE', ( #9494, #103, #10902, #8806 ) ) ;
#5727 = UNCERTAINTY_MEASURE_WITH_UNIT (LENGTH_MEASURE( 1.000000000000000100E-005 ), #10563, 'distance_accuracy_value', 'NONE');
#5728 = AXIS2_PLACEMENT_3D ( 'NONE', #12046, #2372, #2459 ) ;
#5729 = EDGE_CURVE ( 'NONE', #5066, #9081, #8279, .T. ) ;
#5730 = CARTESIAN_POINT ( 'NONE',  ( -0.5000000000000000000, 1.000000000000000000, -0.3150000000000000000 ) ) ;
#5731 = LINE ( 'NONE', #9790, #11827 ) ;
#5732 = CARTESIAN_POINT ( 'NONE',  ( -0.7450000000000000000, 0.9499999999999999600, -0.1499999999999999100 ) ) ;
#5733 = ADVANCED_FACE ( 'NONE', ( #5751 ), #9574, .F. ) ;
#5734 = AXIS2_PLACEMENT_3D ( 'NONE', #10495, #5761, #4242 ) ;
#5735 = CIRCLE ( 'NONE', #2071, 0.02500000000000009200 ) ;
#5736 = VECTOR ( 'NONE', #2803, 1000.000000000000000 ) ;
#5737 = ORIENTED_EDGE ( 'NONE', *, *, #5991, .T. ) ;
#5738 = VERTEX_POINT ( 'NONE', #7696 ) ;
#5739 = EDGE_CURVE ( 'NONE', #7788, #8620, #2043, .T. ) ;
#5740 = FACE_OUTER_BOUND ( 'NONE', #1858, .T. ) ;
#5741 = DIRECTION ( 'NONE',  ( 0.0000000000000000000, 1.000000000000000000, -0.0000000000000000000 ) ) ;
#5742 = CYLINDRICAL_SURFACE ( 'NONE', #9110, 0.02500000000000006400 ) ;
#5743 = AXIS2_PLACEMENT_3D ( 'NONE', #5004, #11632, #7876 ) ;
#5744 = DIRECTION ( 'NONE',  ( 0.0000000000000000000, -0.0000000000000000000, 1.000000000000000000 ) ) ;
#5745 = EDGE_LOOP ( 'NONE', ( #388, #12118, #12271, #558 ) ) ;
#5746 = CARTESIAN_POINT ( 'NONE',  ( -0.3549999999999999800, 0.9499999999999999600, 0.2700000000000000700 ) ) ;
#5747 = DIRECTION ( 'NONE',  ( 0.0000000000000000000, 0.0000000000000000000, 1.000000000000000000 ) ) ;
#5748 = DIRECTION ( 'NONE',  ( 0.0000000000000000000, 1.000000000000000000, 0.0000000000000000000 ) ) ;
#5749 = DIRECTION ( 'NONE',  ( 0.0000000000000000000, 0.0000000000000000000, -1.000000000000000000 ) ) ;
#5750 = DIRECTION ( 'NONE',  ( 0.0000000000000000000, -1.185846126156016300E-015, 1.000000000000000000 ) ) ;
#5751 = FACE_OUTER_BOUND ( 'NONE', #5459, .T. ) ;
#5752 = CIRCLE ( 'NONE', #5628, 0.005555555555555521900 ) ;
#5753 = EDGE_CURVE ( 'NONE', #11356, #8491, #10215, .T. ) ;
#5754 = DIRECTION ( 'NONE',  ( 0.0000000000000000000, -1.000000000000000000, 0.0000000000000000000 ) ) ;
#5755 = AXIS2_PLACEMENT_3D ( 'NONE', #6547, #7519, #6599 ) ;
#5756 = CARTESIAN_POINT ( 'NONE',  ( 0.6333333333333327500, 0.1999999999999999800, 0.7320634920634920800 ) ) ;
#5757 = VECTOR ( 'NONE', #8555, 1000.000000000000000 ) ;
#5758 = CARTESIAN_POINT ( 'NONE',  ( -0.5000000000000000000, 0.9499999999999999600, 0.07499999999999995600 ) ) ;
#5759 = AXIS2_PLACEMENT_3D ( 'NONE', #320, #3114, #4075 ) ;
#5760 = DIRECTION ( 'NONE',  ( 0.0000000000000000000, 0.0000000000000000000, 1.000000000000000000 ) ) ;
#5761 = DIRECTION ( 'NONE',  ( 0.0000000000000000000, 1.000000000000000000, 0.0000000000000000000 ) ) ;
#5762 = FILL_AREA_STYLE_COLOUR ( '', #8406 ) ;
#5763 = EDGE_CURVE ( 'NONE', #2282, #12004, #7735, .T. ) ;
#5764 = FACE_OUTER_BOUND ( 'NONE', #7271, .T. ) ;
#5765 = ADVANCED_FACE ( 'NONE', ( #453 ), #2176, .F. ) ;
#5766 = AXIS2_PLACEMENT_3D ( 'NONE', #4774, #9321, #10333 ) ;
#5767 = DIRECTION ( 'NONE',  ( 0.0000000000000000000, 0.0000000000000000000, -1.000000000000000000 ) ) ;
#5768 = CYLINDRICAL_SURFACE ( 'NONE', #9774, 0.02500000000000009200 ) ;
#5769 = CARTESIAN_POINT ( 'NONE',  ( -0.5965838742273456000, 0.008669755417154669700, 0.7496747896872156800 ) ) ;
#5770 = CARTESIAN_POINT ( 'NONE',  ( -0.6499999999999996900, 0.4999999999999996700, 1.177777777777777800 ) ) ;
#5771 = AXIS2_PLACEMENT_3D ( 'NONE', #3727, #3876, #7562 ) ;
#5772 = CIRCLE ( 'NONE', #2322, 0.02222222222222198000 ) ;
#5773 = DIRECTION ( 'NONE',  ( 0.0000000000000000000, 0.0000000000000000000, -1.000000000000000000 ) ) ;
#5774 = ORIENTED_EDGE ( 'NONE', *, *, #2708, .F. ) ;
#5775 = AXIS2_PLACEMENT_3D ( 'NONE', #4123, #5836, #1089 ) ;
#5776 = ADVANCED_FACE ( 'NONE', ( #7988 ), #7832, .F. ) ;
#5777 = EDGE_CURVE ( 'NONE', #5125, #1629, #5188, .T. ) ;
#5778 = DIRECTION ( 'NONE',  ( 0.0000000000000000000, 1.000000000000000000, -0.0000000000000000000 ) ) ;
#5779 = CARTESIAN_POINT ( 'NONE',  ( -0.2550000000000000000, 1.000000000000000000, -0.1499999999999999100 ) ) ;
#5780 = CIRCLE ( 'NONE', #3166, 0.02222222222222198000 ) ;
#5781 = DIRECTION ( 'NONE',  ( -1.000000000000000000, -0.0000000000000000000, -0.0000000000000000000 ) ) ;
#5782 = ORIENTED_EDGE ( 'NONE', *, *, #7031, .T. ) ;
#5783 = AXIS2_PLACEMENT_3D ( 'NONE', #7131, #6041, #8001 ) ;
#5784 = VERTEX_POINT ( 'NONE', #5082 ) ;
#5785 = CARTESIAN_POINT ( 'NONE',  ( 0.6248322525498645200, 0.2000000000000000400, 0.7324819336765533400 ) ) ;
#5786 = CARTESIAN_POINT ( 'NONE',  ( -0.6416666666666661600, 0.2083333333333334800, 0.7614445778845510000 ) ) ;
#5787 = AXIS2_PLACEMENT_3D ( 'NONE', #5049, #6944, #3163 ) ;
#5788 = DIRECTION ( 'NONE',  ( 0.0000000000000000000, 0.0000000000000000000, -1.000000000000000000 ) ) ;
#5789 = DIRECTION ( 'NONE',  ( 0.0000000000000000000, 0.0000000000000000000, 1.000000000000000000 ) ) ;
#5790 = CARTESIAN_POINT ( 'NONE',  ( 0.7381756392559182300, 0.01124129630112248800, 0.7692006669655451200 ) ) ;
#5791 = ORIENTED_EDGE ( 'NONE', *, *, #9175, .T. ) ;
#5792 = ADVANCED_FACE ( 'NONE', ( #9888 ), #4270, .F. ) ;
#5793 = DIRECTION ( 'NONE',  ( 0.0000000000000000000, 0.0000000000000000000, 1.000000000000000000 ) ) ;
#5794 = EDGE_LOOP ( 'NONE', ( #4604, #6903, #9680 ) ) ;
#5795 = DIRECTION ( 'NONE',  ( 0.0000000000000000000, -1.000000000000000000, 0.0000000000000000000 ) ) ;
#5796 = ORIENTED_EDGE ( 'NONE', *, *, #3520, .T. ) ;
#5797 = FACE_OUTER_BOUND ( 'NONE', #8094, .T. ) ;
#5798 = AXIS2_PLACEMENT_3D ( 'NONE', #10106, #11097, #2519 ) ;
#5799 = CARTESIAN_POINT ( 'NONE',  ( -0.6000000000000000900, 0.9499999999999999600, 0.07499999999999992800 ) ) ;
#5800 = EDGE_LOOP ( 'NONE', ( #6192, #8038, #1585, #9091, #3745, #6402 ) ) ;
#5801 = VERTEX_POINT ( 'NONE', #5969 ) ;
#5802 = ORIENTED_EDGE ( 'NONE', *, *, #3552, .T. ) ;
#5803 = ORIENTED_EDGE ( 'NONE', *, *, #12059, .T. ) ;
#5804 = ORIENTED_EDGE ( 'NONE', *, *, #10848, .F. ) ;
#5805 = DIRECTION ( 'NONE',  ( 2.168404344971008900E-016, 0.0000000000000000000, -1.000000000000000000 ) ) ;
#5806 = CIRCLE ( 'NONE', #11205, 0.02222222222222241400 ) ;
#5807 = EDGE_CURVE ( 'NONE', #3128, #4816, #3368, .T. ) ;
#5808 = CARTESIAN_POINT ( 'NONE',  ( -0.5000000000000000000, 1.000000000000000000, -0.2649999999999999000 ) ) ;
#5809 = EDGE_CURVE ( 'NONE', #7501, #4843, #6760, .T. ) ;
#5810 = EDGE_LOOP ( 'NONE', ( #1223, #4669 ) ) ;
#5811 = DIRECTION ( 'NONE',  ( -1.000000000000000000, -0.0000000000000000000, -6.286328266020499900E-016 ) ) ;
#5812 = EDGE_LOOP ( 'NONE', ( #4239, #9241, #6694, #7353 ) ) ;
#5813 = CARTESIAN_POINT ( 'NONE',  ( 0.6999900521423611000, 0.2910638310199011300, 0.7235014145690048500 ) ) ;
#5814 = DIRECTION ( 'NONE',  ( -1.000000000000000000, 0.0000000000000000000, 0.0000000000000000000 ) ) ;
#5815 = ORIENTED_EDGE ( 'NONE', *, *, #6196, .F. ) ;
#5816 = ORIENTED_EDGE ( 'NONE', *, *, #3466, .F. ) ;
#5817 = ORIENTED_EDGE ( 'NONE', *, *, #875, .F. ) ;
#5818 = AXIS2_PLACEMENT_3D ( 'NONE', #4489, #2546, #3475 ) ;
#5819 = CYLINDRICAL_SURFACE ( 'NONE', #10312, 0.02499999999999995600 ) ;
#5820 = ADVANCED_FACE ( 'NONE', ( #4577 ), #7322, .T. ) ;
#5821 = PRESENTATION_STYLE_ASSIGNMENT (( #7530 ) ) ;
#5822 = CARTESIAN_POINT ( 'NONE',  ( -0.5000000000000000000, 1.000000000000000000, -0.3150000000000000000 ) ) ;
#5823 = ORIENTED_EDGE ( 'NONE', *, *, #3676, .T. ) ;
#5824 = AXIS2_PLACEMENT_3D ( 'NONE', #4632, #9172, #11453 ) ;
#5825 = CARTESIAN_POINT ( 'NONE',  ( 0.6209394076153468300, 0.1994977809658223000, 0.7422020682087350200 ) ) ;
#5826 = CLOSED_SHELL ( 'NONE', ( #10377, #10573, #11780, #7011 ) ) ;
#5827 = SURFACE_SIDE_STYLE ('',( #866 ) ) ;
#5828 = CARTESIAN_POINT ( 'NONE',  ( -0.9777777777777777500, 0.1999999999999999800, 0.7098412698412699400 ) ) ;
#5829 = ORIENTED_EDGE ( 'NONE', *, *, #7344, .T. ) ;
#5830 = B_SPLINE_CURVE_WITH_KNOTS ( 'NONE', 3,
 ( #9307, #10354, #4608, #5629, #5660, #9421, #11346, #3633, #6610, #38, #7525, #3754, #1916, #3800, #10420, #10387 ),
 .UNSPECIFIED., .F., .F.,
 ( 4, 3, 3, 3, 3, 4 ),
 ( 0.0000000000000000000, 2.797281817593674300E-006, 5.693016170058600700E-006, 8.375529155921231000E-006, 1.098054665276681200E-005, 1.360011422679930500E-005 ),
 .UNSPECIFIED. ) ;
#5831 = VERTEX_POINT ( 'NONE', #6838 ) ;
#5832 = EDGE_CURVE ( 'NONE', #1076, #11670, #150, .T. ) ;
#5833 = ORIENTED_EDGE ( 'NONE', *, *, #1952, .F. ) ;
#5834 = ORIENTED_EDGE ( 'NONE', *, *, #9905, .T. ) ;
#5835 = CIRCLE ( 'NONE', #8301, 0.02500000000000008100 ) ;
#5836 = DIRECTION ( 'NONE',  ( 0.0000000000000000000, 1.000000000000000000, 0.0000000000000000000 ) ) ;
#5837 = FILL_AREA_STYLE_COLOUR ( '', #6593 ) ;
#5838 = FACE_OUTER_BOUND ( 'NONE', #10296, .T. ) ;
#5839 = CYLINDRICAL_SURFACE ( 'NONE', #6965, 0.01666666666666645800 ) ;
#5840 = CARTESIAN_POINT ( 'NONE',  ( -0.3100000000000000000, 1.000000000000000000, 0.1499999999999999700 ) ) ;
#5841 = ADVANCED_FACE ( 'NONE', ( #6187 ), #2930, .T. ) ;
#5842 = EDGE_LOOP ( 'NONE', ( #1595, #702, #4199, #7586, #7941, #11965, #6346 ) ) ;
#5843 = VERTEX_POINT ( 'NONE', #5930 ) ;
#5844 = DIRECTION ( 'NONE',  ( -0.0000000000000000000, 1.000000000000000000, -0.0000000000000000000 ) ) ;
#5845 = ORIENTED_EDGE ( 'NONE', *, *, #5624, .F. ) ;
#5846 = AXIS2_PLACEMENT_3D ( 'NONE', #6366, #731, #3463 ) ;
#5847 = ORIENTED_EDGE ( 'NONE', *, *, #11812, .F. ) ;
#5848 = FACE_OUTER_BOUND ( 'NONE', #8344, .T. ) ;
#5849 = AXIS2_PLACEMENT_3D ( 'NONE', #4349, #11880, #653 ) ;
#5850 = CIRCLE ( 'NONE', #11078, 0.02500000000000009200 ) ;
#5851 = DIRECTION ( 'NONE',  ( 0.0000000000000000000, -0.0000000000000000000, 1.000000000000000000 ) ) ;
#5852 = EDGE_CURVE ( 'NONE', #11928, #8633, #741, .T. ) ;
#5853 = ORIENTED_EDGE ( 'NONE', *, *, #917, .F. ) ;
#5854 = DIRECTION ( 'NONE',  ( -0.0000000000000000000, -1.000000000000000000, 0.0000000000000000000 ) ) ;
#5855 = VERTEX_POINT ( 'NONE', #8784 ) ;
#5856 = CARTESIAN_POINT ( 'NONE',  ( -0.3499999999999997000, 0.1999999999999999800, -0.8000000000000000400 ) ) ;
#5857 = ORIENTED_EDGE ( 'NONE', *, *, #936, .F. ) ;
#5858 = CARTESIAN_POINT ( 'NONE',  ( 0.6499999999999996900, 0.2833333333333330500, 0.7179317890670646700 ) ) ;
#5859 = ADVANCED_FACE ( 'NONE', ( #167 ), #8405, .T. ) ;
#5860 = DIRECTION ( 'NONE',  ( 0.0000000000000000000, 1.000000000000000000, 0.0000000000000000000 ) ) ;
#5861 = FACE_OUTER_BOUND ( 'NONE', #5316, .T. ) ;
#5862 = DIRECTION ( 'NONE',  ( -0.0000000000000000000, -0.0000000000000000000, -1.000000000000000000 ) ) ;
#5863 = CARTESIAN_POINT ( 'NONE',  ( 0.5861111111111111400, 0.02222222222222208800, 0.7320634920634920800 ) ) ;
#5864 = DIRECTION ( 'NONE',  ( 0.0000000000000000000, 0.0000000000000000000, -1.000000000000000000 ) ) ;
#5865 = DIRECTION ( 'NONE',  ( 0.0000000000000000000, -1.000000000000000000, 0.0000000000000000000 ) ) ;
#5866 = ORIENTED_EDGE ( 'NONE', *, *, #7388, .T. ) ;
#5867 = AXIS2_PLACEMENT_3D ( 'NONE', #2843, #7507, #2764 ) ;
#5868 = DIRECTION ( 'NONE',  ( 0.0000000000000000000, 0.0000000000000000000, 1.000000000000000000 ) ) ;
#5869 = ORIENTED_EDGE ( 'NONE', *, *, #3446, .F. ) ;
#5870 = LINE ( 'NONE', #4024, #3661 ) ;
#5871 = ORIENTED_EDGE ( 'NONE', *, *, #11599, .F. ) ;
#5872 = MANIFOLD_SOLID_BREP ( 'Boss-Extrude4[25]', #7784 ) ;
#5873 = DIRECTION ( 'NONE',  ( 0.0000000000000000000, 0.0000000000000000000, 1.000000000000000000 ) ) ;
#5874 = LINE ( 'NONE', #2592, #148 ) ;
#5875 = CYLINDRICAL_SURFACE ( 'NONE', #114, 0.02500000000000002900 ) ;
#5876 = DIRECTION ( 'NONE',  ( 0.0000000000000000000, 1.000000000000000000, 0.0000000000000000000 ) ) ;
#5877 = FILL_AREA_STYLE ('',( #257 ) ) ;
#5878 = LINE ( 'NONE', #1238, #10039 ) ;
#5879 = DIRECTION ( 'NONE',  ( 0.0000000000000000000, 0.0000000000000000000, 1.000000000000000000 ) ) ;
#5880 = CARTESIAN_POINT ( 'NONE',  ( -0.6083333333333331700, 0.1999999999999997600, 0.7777777777777780100 ) ) ;
#5881 = DIRECTION ( 'NONE',  ( 0.0000000000000000000, 0.0000000000000000000, -1.000000000000000000 ) ) ;
#5882 = ORIENTED_EDGE ( 'NONE', *, *, #1356, .F. ) ;
#5883 = ORIENTED_EDGE ( 'NONE', *, *, #6621, .T. ) ;
#5884 = AXIS2_PLACEMENT_3D ( 'NONE', #9435, #2838, #10368 ) ;
#5885 = CARTESIAN_POINT ( 'NONE',  ( -0.7051939070183862500, 0.2044939072661075000, 0.7722006285039720900 ) ) ;
#5886 = STYLED_ITEM ( 'NONE', ( #583 ), #4380 ) ;
#5887 = CARTESIAN_POINT ( 'NONE',  ( 0.7111111111111141400, 0.5000000000000001100, 0.4653968253968280300 ) ) ;
#5888 = CIRCLE ( 'NONE', #4109, 0.02499999999999998400 ) ;
#5889 = CIRCLE ( 'NONE', #10205, 0.02222222222222241400 ) ;
#5890 = LINE ( 'NONE', #6281, #8550 ) ;
#5891 = CIRCLE ( 'NONE', #4032, 0.02222222222222198000 ) ;
#5892 = ADVANCED_FACE ( 'NONE', ( #2663 ), #1456, .F. ) ;
#5893 = CARTESIAN_POINT ( 'NONE',  ( -0.7436370842053923200, 0.1788131611555350600, 0.7543401797186332100 ) ) ;
#5894 = CARTESIAN_POINT ( 'NONE',  ( 0.9555555555555560500, 0.8000000000000000400, 0.7320634920634920800 ) ) ;
#5895 = VERTEX_POINT ( 'NONE', #1192 ) ;
#5896 =( NAMED_UNIT ( * ) SI_UNIT ( $, .STERADIAN. ) SOLID_ANGLE_UNIT ( ) );
#5897 = CARTESIAN_POINT ( 'NONE',  ( -0.5500000000000001600, 0.8792893218813447900, 0.1950000000000000600 ) ) ;
#5898 = EDGE_CURVE ( 'NONE', #4906, #8046, #9896, .T. ) ;
#5899 = DIRECTION ( 'NONE',  ( -0.0000000000000000000, 1.000000000000000000, -0.0000000000000000000 ) ) ;
#5900 = CARTESIAN_POINT ( 'NONE',  ( 0.9777777777777777500, 0.0000000000000000000, -0.7555555555555557600 ) ) ;
#5901 = PRESENTATION_STYLE_ASSIGNMENT (( #4110 ) ) ;
#5902 = AXIS2_PLACEMENT_3D ( 'NONE', #7044, #7959, #5237 ) ;
#5903 = DIRECTION ( 'NONE',  ( 0.0000000000000000000, 0.0000000000000000000, 1.000000000000000000 ) ) ;
#5904 = CARTESIAN_POINT ( 'NONE',  ( -0.3100000000000000500, 0.9499999999999999600, -0.1499999999999999100 ) ) ;
#5905 = CARTESIAN_POINT ( 'NONE',  ( 0.3499999999999998100, 0.1777777777777780100, -0.8000000000000000400 ) ) ;
#5906 = ADVANCED_FACE ( 'NONE', ( #8267 ), #5213, .F. ) ;
#5907 = VECTOR ( 'NONE', #11948, 1000.000000000000000 ) ;
#5908 = EDGE_CURVE ( 'NONE', #1245, #4399, #7971, .T. ) ;
#5909 = VERTEX_POINT ( 'NONE', #11024 ) ;
#5910 = EDGE_CURVE ( 'NONE', #4399, #4330, #10197, .T. ) ;
#5911 = DIRECTION ( 'NONE',  ( 0.0000000000000000000, 1.000000000000000000, 0.0000000000000000000 ) ) ;
#5912 = FACE_OUTER_BOUND ( 'NONE', #2795, .T. ) ;
#5913 = CARTESIAN_POINT ( 'NONE',  ( -0.6899999999999999500, 0.9499999999999999600, -0.1499999999999999100 ) ) ;
#5914 = CARTESIAN_POINT ( 'NONE',  ( -0.3499999999999997000, 0.1999999999999999800, -0.7777777777777780100 ) ) ;
#5915 = CARTESIAN_POINT ( 'NONE',  ( -0.6462026860467998700, 0.1997661121786030200, 0.7809934150688954100 ) ) ;
#5916 = B_SPLINE_CURVE_WITH_KNOTS ( 'NONE', 3,
 ( #8163, #11953, #6206, #620, #4445, #579, #10137, #2504, #684, #1507, #3418, #10057, #9051 ),
 .UNSPECIFIED., .F., .F.,
 ( 4, 3, 3, 3, 4 ),
 ( 0.0000000000000000000, 1.401499872778243500E-006, 2.434165087157219900E-006, 5.137784237232164600E-006, 6.242324921066659400E-006 ),
 .UNSPECIFIED. ) ;
#5917 = CARTESIAN_POINT ( 'NONE',  ( -0.6232238744760564300, 0.005000000000000021800, 0.7918213607330723000 ) ) ;
#5918 = CARTESIAN_POINT ( 'NONE',  ( 0.6419383576335255800, 0.2867909755313681200, 0.7171202919675149200 ) ) ;
#5919 = CARTESIAN_POINT ( 'NONE',  ( -0.7416666666666664700, 0.02222222222222208800, 0.7765079365079362600 ) ) ;
#5920 = CARTESIAN_POINT ( 'NONE',  ( -0.7638888888888885100, 0.1999999999999999800, 0.7542857142857142300 ) ) ;
#5921 = ADVANCED_FACE ( 'NONE', ( #5740 ), #1170, .T. ) ;
#5922 = AXIS2_PLACEMENT_3D ( 'NONE', #4517, #7311, #3538 ) ;
#5923 = CARTESIAN_POINT ( 'NONE',  ( -0.9555555555555553800, 0.9777777777777779700, -0.7777777777777779000 ) ) ;
#5924 =( LENGTH_UNIT ( ) NAMED_UNIT ( * ) SI_UNIT ( .MILLI., .METRE. ) );
#5925 = EDGE_CURVE ( 'NONE', #6431, #11025, #8707, .T. ) ;
#5926 = FILL_AREA_STYLE ('',( #10297 ) ) ;
#5927 = EDGE_CURVE ( 'NONE', #7938, #10317, #5891, .T. ) ;
#5928 = AXIS2_PLACEMENT_3D ( 'NONE', #5021, #9716, #5055 ) ;
#5929 = LINE ( 'NONE', #2650, #7269 ) ;
#5930 = CARTESIAN_POINT ( 'NONE',  ( 0.9555555555555551600, 0.02222222222222208800, -0.8000000000000001600 ) ) ;
#5931 = EDGE_LOOP ( 'NONE', ( #4562, #1533, #6297, #4221 ) ) ;
#5932 = EDGE_LOOP ( 'NONE', ( #9628, #2100 ) ) ;
#5933 = CARTESIAN_POINT ( 'NONE',  ( -0.6000000000000000900, 1.000000000000000000, -0.09999999999999993600 ) ) ;
#5934 = CARTESIAN_POINT ( 'NONE',  ( -0.6147955316773180400, 0.003114553370031075600, 0.7434245864419170000 ) ) ;
#5935 = DIRECTION ( 'NONE',  ( 0.0000000000000000000, 0.0000000000000000000, -1.000000000000000000 ) ) ;
#5936 = AXIS2_PLACEMENT_3D ( 'NONE', #11231, #718, #8296 ) ;
#5937 =( LENGTH_UNIT ( ) NAMED_UNIT ( * ) SI_UNIT ( .MILLI., .METRE. ) );
#5938 = AXIS2_PLACEMENT_3D ( 'NONE', #9402, #10374, #9473 ) ;
#5939 = CARTESIAN_POINT ( 'NONE',  ( -0.6449999999999999100, 1.000000000000000000, 0.2699999999999999600 ) ) ;
#5940 = DIRECTION ( 'NONE',  ( -0.0000000000000000000, -0.0000000000000000000, -1.000000000000000000 ) ) ;
#5941 = ORIENTED_EDGE ( 'NONE', *, *, #10381, .F. ) ;
#5942 = CARTESIAN_POINT ( 'NONE',  ( -0.3499999999999997000, 0.02222222222222208800, -0.7777777777777780100 ) ) ;
#5943 = VECTOR ( 'NONE', #923, 1000.000000000000000 ) ;
#5944 = ADVANCED_FACE ( 'NONE', ( #3819 ), #4438, .T. ) ;
#5945 = CARTESIAN_POINT ( 'NONE',  ( 0.6448060929816119600, 0.2044939072661084200, 0.7722006285039702000 ) ) ;
#5946 = AXIS2_PLACEMENT_3D ( 'NONE', #2863, #7646, #3805 ) ;
#5947 = EDGE_CURVE ( 'NONE', #10208, #11670, #8424, .T. ) ;
#5948 = ORIENTED_EDGE ( 'NONE', *, *, #2761, .F. ) ;
#5949 = EDGE_LOOP ( 'NONE', ( #523, #1324 ) ) ;
#5950 = CARTESIAN_POINT ( 'NONE',  ( -0.6463423343174544700, 0.2037864407927173200, 0.7741557840478933100 ) ) ;
#5951 = MECHANICAL_DESIGN_GEOMETRIC_PRESENTATION_REPRESENTATION (  '', ( #7793 ), #5117 ) ;
#5952 = DIRECTION ( 'NONE',  ( 0.0000000000000000000, 0.0000000000000000000, -1.000000000000000000 ) ) ;
#5953 = DIRECTION ( 'NONE',  ( 0.0000000000000000000, 0.0000000000000000000, -1.000000000000000000 ) ) ;
#5954 = ORIENTED_EDGE ( 'NONE', *, *, #6422, .F. ) ;
#5955 = CARTESIAN_POINT ( 'NONE',  ( -0.3075000000000000500, 1.000000000000000000, -0.02499999999999994600 ) ) ;
#5956 = CARTESIAN_POINT ( 'NONE',  ( -0.2550000000000000000, 1.000000000000000000, -0.1749999999999998200 ) ) ;
#5957 = ORIENTED_EDGE ( 'NONE', *, *, #6125, .F. ) ;
#5958 = ADVANCED_FACE ( 'NONE', ( #2060 ), #9305, .F. ) ;
#5959 = EDGE_CURVE ( 'NONE', #727, #4666, #7238, .T. ) ;
#5960 = ORIENTED_EDGE ( 'NONE', *, *, #7825, .F. ) ;
#5961 = VERTEX_POINT ( 'NONE', #11811 ) ;
#5962 = CARTESIAN_POINT ( 'NONE',  ( 0.6500111401005125300, 0.2910708369184818500, 0.7234981135840218300 ) ) ;
#5963 = ORIENTED_EDGE ( 'NONE', *, *, #8900, .T. ) ;
#5964 = VERTEX_POINT ( 'NONE', #519 ) ;
#5965 = FACE_OUTER_BOUND ( 'NONE', #4249, .T. ) ;
#5966 = AXIS2_PLACEMENT_3D ( 'NONE', #9944, #8876, #1401 ) ;
#5967 = CARTESIAN_POINT ( 'NONE',  ( 0.6083333333333331700, 0.3000000000000000400, 0.7140968530029925300 ) ) ;
#5968 = SURFACE_SIDE_STYLE ('',( #2498 ) ) ;
#5969 = CARTESIAN_POINT ( 'NONE',  ( 0.9777777777777786300, 0.1900000000000000600, 0.7098412698412697200 ) ) ;
#5970 = EDGE_LOOP ( 'NONE', ( #4505, #1979, #10130, #7206 ) ) ;
#5971 = ORIENTED_EDGE ( 'NONE', *, *, #5739, .F. ) ;
#5972 = CARTESIAN_POINT ( 'NONE',  ( 0.9999999999999997800, 0.8000000000000000400, -0.7555555555555557600 ) ) ;
#5973 = DIRECTION ( 'NONE',  ( 0.0000000000000000000, 1.000000000000000000, 0.0000000000000000000 ) ) ;
#5974 = CLOSED_SHELL ( 'NONE', ( #7850, #11317, #2392, #7913 ) ) ;
#5975 = CARTESIAN_POINT ( 'NONE',  ( -0.7354507560889456100, 0.1963163790063310600, 0.7583338987428516200 ) ) ;
#5976 = DIRECTION ( 'NONE',  ( -0.0000000000000000000, 1.000000000000000000, 0.0000000000000000000 ) ) ;
#5977 = CARTESIAN_POINT ( 'NONE',  ( -0.3999999999999999700, 1.000000000000000000, 0.1249999999999999700 ) ) ;
#5978 = ORIENTED_EDGE ( 'NONE', *, *, #10928, .F. ) ;
#5979 = CARTESIAN_POINT ( 'NONE',  ( -0.7086978971978746800, 0.1999999999999995100, 0.7787055951595333000 ) ) ;
#5980 = EDGE_CURVE ( 'NONE', #5784, #7729, #4277, .T. ) ;
#5981 = VERTEX_POINT ( 'NONE', #9866 ) ;
#5982 = TOROIDAL_SURFACE ( 'NONE', #7897, 0.04444444444444400200, 0.02222222222222200100 ) ;
#5983 = EDGE_CURVE ( 'NONE', #2730, #10524, #6203, .T. ) ;
#5984 = ADVANCED_FACE ( 'NONE', ( #12023 ), #6493, .T. ) ;
#5985 = PRESENTATION_STYLE_ASSIGNMENT (( #7835 ) ) ;
#5986 = CIRCLE ( 'NONE', #2925, 0.02499999999999984900 ) ;
#5987 = CARTESIAN_POINT ( 'NONE',  ( 0.5880895653284992100, 0.01570467699439169500, 0.7533420393055689800 ) ) ;
#5988 = CARTESIAN_POINT ( 'NONE',  ( 0.6499999999999996900, 0.4999999999999996700, 1.177777777777777800 ) ) ;
#5989 = ORIENTED_EDGE ( 'NONE', *, *, #5230, .T. ) ;
#5990 = ORIENTED_EDGE ( 'NONE', *, *, #8954, .F. ) ;
#5991 = EDGE_CURVE ( 'NONE', #5801, #9387, #2367, .T. ) ;
#5992 = VECTOR ( 'NONE', #10917, 1000.000000000000000 ) ;
#5993 = CARTESIAN_POINT ( 'NONE',  ( -0.9777777777777777500, 0.1999999999999999800, 0.4653968253968285300 ) ) ;
#5994 = AXIS2_PLACEMENT_3D ( 'NONE', #1204, #5940, #7813 ) ;
#5995 = ORIENTED_EDGE ( 'NONE', *, *, #9890, .T. ) ;
#5996 = ORIENTED_EDGE ( 'NONE', *, *, #11910, .T. ) ;
#5997 = ORIENTED_EDGE ( 'NONE', *, *, #6539, .T. ) ;
#5998 = CARTESIAN_POINT ( 'NONE',  ( 0.6445013175682876600, 0.2046498041912842000, 0.7717677004406677800 ) ) ;
#5999 = AXIS2_PLACEMENT_3D ( 'NONE', #5913, #250, #4887 ) ;
#6000 = DIRECTION ( 'NONE',  ( 0.0000000000000000000, 1.000000000000000000, 0.0000000000000000000 ) ) ;
#6001 = CIRCLE ( 'NONE', #6748, 0.02500000000000008100 ) ;
#6002 = VECTOR ( 'NONE', #9928, 1000.000000000000000 ) ;
#6003 = CARTESIAN_POINT ( 'NONE',  ( 0.9555555555555551600, 0.02222222222222208800, -0.7777777777777781200 ) ) ;
#6004 = ORIENTED_EDGE ( 'NONE', *, *, #6959, .T. ) ;
#6005 = ORIENTED_EDGE ( 'NONE', *, *, #11251, .T. ) ;
#6006 = EDGE_CURVE ( 'NONE', #10575, #3937, #9152, .T. ) ;
#6007 = ORIENTED_EDGE ( 'NONE', *, *, #871, .T. ) ;
#6008 = DIRECTION ( 'NONE',  ( 0.0000000000000000000, 0.0000000000000000000, -1.000000000000000000 ) ) ;
#6009 = ORIENTED_EDGE ( 'NONE', *, *, #8490, .T. ) ;
#6010 = CARTESIAN_POINT ( 'NONE',  ( 0.7395419849308774200, 0.1987776157439635800, 0.7398492728560852600 ) ) ;
#6011 = CYLINDRICAL_SURFACE ( 'NONE', #10052, 0.02499999999999997000 ) ;
#6012 = LINE ( 'NONE', #5383, #8570 ) ;
#6013 = ORIENTED_EDGE ( 'NONE', *, *, #6229, .T. ) ;
#6014 = CARTESIAN_POINT ( 'NONE',  ( -0.3100000000000000000, 0.9499999999999999600, 0.1499999999999999700 ) ) ;
#6015 = ORIENTED_EDGE ( 'NONE', *, *, #524, .F. ) ;
#6016 = ADVANCED_FACE ( 'NONE', ( #11386 ), #3517, .T. ) ;
#6017 = PLANE ( 'NONE',  #8463 ) ;
#6018 = EDGE_LOOP ( 'NONE', ( #8249, #8217 ) ) ;
#6019 = DIRECTION ( 'NONE',  ( 0.0000000000000000000, 0.0000000000000000000, 1.000000000000000000 ) ) ;
#6020 = AXIS2_PLACEMENT_3D ( 'NONE', #8969, #5183, #8792 ) ;
#6021 = DIRECTION ( 'NONE',  ( 0.0000000000000000000, 1.000000000000000000, 0.0000000000000000000 ) ) ;
#6022 = CIRCLE ( 'NONE', #10780, 0.04444444444444396000 ) ;
#6023 = EDGE_CURVE ( 'NONE', #58, #10594, #1627, .T. ) ;
#6024 = DIRECTION ( 'NONE',  ( 0.0000000000000000000, 0.0000000000000000000, -1.000000000000000000 ) ) ;
#6025 = LINE ( 'NONE', #8072, #3672 ) ;
#6026 = ORIENTED_EDGE ( 'NONE', *, *, #11992, .T. ) ;
#6027 = CARTESIAN_POINT ( 'NONE',  ( -0.7072066040725368800, 0.1999423786042380800, 0.7794686641093909700 ) ) ;
#6028 = ORIENTED_EDGE ( 'NONE', *, *, #248, .T. ) ;
#6029 = UNCERTAINTY_MEASURE_WITH_UNIT (LENGTH_MEASURE( 1.000000000000000100E-005 ), #11138, 'distance_accuracy_value', 'NONE');
#6030 =( NAMED_UNIT ( * ) PLANE_ANGLE_UNIT ( ) SI_UNIT ( $, .RADIAN. ) );
#6031 = ADVANCED_FACE ( 'NONE', ( #11708 ), #9436, .F. ) ;
#6032 = AXIS2_PLACEMENT_3D ( 'NONE', #11714, #10751, #5164 ) ;
#6033 = CARTESIAN_POINT ( 'NONE',  ( -0.9999999999999997800, 0.8000000000000000400, -0.7555555555555555400 ) ) ;
#6034 = CIRCLE ( 'NONE', #8214, 0.02222222222222252100 ) ;
#6035 = DIRECTION ( 'NONE',  ( 0.0000000000000000000, 0.0000000000000000000, 1.000000000000000000 ) ) ;
#6036 = FACE_OUTER_BOUND ( 'NONE', #10142, .T. ) ;
#6037 = VECTOR ( 'NONE', #8971, 1000.000000000000000 ) ;
#6038 = CIRCLE ( 'NONE', #1276, 0.04444444444444439100 ) ;
#6039 = EDGE_LOOP ( 'NONE', ( #9275, #6418, #5671, #927, #9987 ) ) ;
#6040 = CARTESIAN_POINT ( 'NONE',  ( 0.6087291019342233600, 0.1869876621753948900, 0.7742395731267149900 ) ) ;
#6041 = DIRECTION ( 'NONE',  ( 0.0000000000000000000, 1.000000000000000000, 0.0000000000000000000 ) ) ;
#6042 = DIRECTION ( 'NONE',  ( 0.0000000000000000000, 1.000000000000000000, 0.0000000000000000000 ) ) ;
#6043 = DIRECTION ( 'NONE',  ( 1.000000000000000000, 0.0000000000000000000, 0.0000000000000000000 ) ) ;
#6044 = CIRCLE ( 'NONE', #2284, 0.04444444444444439100 ) ;
#6045 = FACE_OUTER_BOUND ( 'NONE', #10961, .T. ) ;
#6046 = CARTESIAN_POINT ( 'NONE',  ( -0.3999999999999999700, 0.8792893218813447900, -0.09999999999999993600 ) ) ;
#6047 = DIRECTION ( 'NONE',  ( 1.000000000000000000, 0.0000000000000000000, -1.084202172485504400E-016 ) ) ;
#6048 = AXIS2_PLACEMENT_3D ( 'NONE', #8617, #6880, #2434 ) ;
#6049 = ADVANCED_FACE ( 'NONE', ( #5026 ), #7523, .T. ) ;
#6050 = PLANE ( 'NONE',  #9761 ) ;
#6051 = DIRECTION ( 'NONE',  ( -1.000000000000000000, -0.0000000000000000000, -2.982899771728684700E-016 ) ) ;
#6052 = TOROIDAL_SURFACE ( 'NONE', #5195, 0.005555555555555511500, 0.01666666666666650000 ) ;
#6053 =( NAMED_UNIT ( * ) SI_UNIT ( $, .STERADIAN. ) SOLID_ANGLE_UNIT ( ) );
#6054 = FACE_OUTER_BOUND ( 'NONE', #10611, .T. ) ;
#6055 = DIRECTION ( 'NONE',  ( 4.341372978280809800E-012, -0.9921567416490005800, 0.1250000000017535100 ) ) ;
#6056 = SURFACE_STYLE_FILL_AREA ( #6836 ) ;
#6057 = EDGE_CURVE ( 'NONE', #12241, #9658, #10983, .T. ) ;
#6058 = DIRECTION ( 'NONE',  ( 1.000000000000000000, 0.0000000000000000000, -1.084202172485504400E-016 ) ) ;
#6059 = CARTESIAN_POINT ( 'NONE',  ( -0.6899999999999999500, 1.000000000000000000, -0.1499999999999999100 ) ) ;
#6060 = CARTESIAN_POINT ( 'NONE',  ( 0.7416666666666664700, 0.1777777777777776700, 0.7833333333333335500 ) ) ;
#6061 = CARTESIAN_POINT ( 'NONE',  ( -0.7264924703818279600, 0.005059871336224004000, 0.7528112023061329600 ) ) ;
#6062 = LINE ( 'NONE', #10691, #4467 ) ;
#6063 = DIRECTION ( 'NONE',  ( 0.0000000000000000000, 1.000000000000000000, 0.0000000000000000000 ) ) ;
#6064 = CARTESIAN_POINT ( 'NONE',  ( -0.7111111111111143600, 0.5000000000000000000, -1.177777777777778000 ) ) ;
#6065 = CARTESIAN_POINT ( 'NONE',  ( -0.6499999999999996900, 0.2030620702128255200, 0.7754994340234725400 ) ) ;
#6066 = CARTESIAN_POINT ( 'NONE',  ( 0.5888910138741643200, 0.01465017473125615100, 0.7529808157036600400 ) ) ;
#6067 = CARTESIAN_POINT ( 'NONE',  ( 0.7416666666666664700, 0.02222222222222176900, 0.7920599795933051000 ) ) ;
#6068 = CARTESIAN_POINT ( 'NONE',  ( -0.3549999999999999800, 1.000000000000000000, 0.2700000000000000700 ) ) ;
#6069 = AXIS2_PLACEMENT_3D ( 'NONE', #7884, #1371, #2239 ) ;
#6070 = DIRECTION ( 'NONE',  ( 0.0000000000000000000, 0.0000000000000000000, 1.000000000000000000 ) ) ;
#6071 = DIRECTION ( 'NONE',  ( 0.0000000000000000000, 1.000000000000000000, -0.0000000000000000000 ) ) ;
#6072 = EDGE_CURVE ( 'NONE', #2864, #12254, #4019, .T. ) ;
#6073 = ADVANCED_FACE ( 'NONE', ( #8858 ), #2520, .F. ) ;
#6074 = EDGE_CURVE ( 'NONE', #418, #7612, #3381, .T. ) ;
#6075 = LINE ( 'NONE', #7953, #8303 ) ;
#6076 = DIRECTION ( 'NONE',  ( -0.0000000000000000000, 1.000000000000000000, -0.0000000000000000000 ) ) ;
#6077 = ORIENTED_EDGE ( 'NONE', *, *, #2846, .T. ) ;
#6078 = DIRECTION ( 'NONE',  ( 1.000000000000000000, 0.0000000000000000000, 0.0000000000000000000 ) ) ;
#6079 = CARTESIAN_POINT ( 'NONE',  ( -0.3499999999999997000, 0.1899999999999999700, -0.7777777777777781200 ) ) ;
#6080 = CARTESIAN_POINT ( 'NONE',  ( -0.5000000000000000000, 0.9499999999999999600, -0.09999999999999993600 ) ) ;
#6081 = DIRECTION ( 'NONE',  ( 0.0000000000000000000, 1.000000000000000000, 0.0000000000000000000 ) ) ;
#6082 = DIRECTION ( 'NONE',  ( 1.000000000000000000, -0.0000000000000000000, 0.0000000000000000000 ) ) ;
#6083 = CARTESIAN_POINT ( 'NONE',  ( -0.5000000000000000000, 0.9499999999999999600, -0.09999999999999993600 ) ) ;
#6084 = AXIS2_PLACEMENT_3D ( 'NONE', #2611, #11154, #5469 ) ;
#6085 = CIRCLE ( 'NONE', #10242, 0.02222222222222198000 ) ;
#6086 = CARTESIAN_POINT ( 'NONE',  ( 0.7493850975409607200, 0.1957024421740175300, 0.7451986954032200300 ) ) ;
#6087 = DIRECTION ( 'NONE',  ( 0.0000000000000000000, 1.000000000000000000, 0.0000000000000000000 ) ) ;
#6088 = ORIENTED_EDGE ( 'NONE', *, *, #3430, .F. ) ;
#6089 = ADVANCED_FACE ( 'NONE', ( #1318 ), #10144, .F. ) ;
#6090 = VERTEX_POINT ( 'NONE', #6529 ) ;
#6091 = AXIS2_PLACEMENT_3D ( 'NONE', #10526, #8539, #10449 ) ;
#6092 = EDGE_CURVE ( 'NONE', #665, #9418, #10659, .T. ) ;
#6093 = DIRECTION ( 'NONE',  ( 0.0000000000000000000, 0.0000000000000000000, 1.000000000000000000 ) ) ;
#6094 = TOROIDAL_SURFACE ( 'NONE', #825, 0.02222222222222244900, 0.02222222222222200100 ) ;
#6095 = PLANE ( 'NONE',  #7012 ) ;
#6096 = AXIS2_PLACEMENT_3D ( 'NONE', #6564, #11310, #10422 ) ;
#6097 = DIRECTION ( 'NONE',  ( 1.084202172485507000E-016, 0.0000000000000000000, 1.000000000000000000 ) ) ;
#6098 = ORIENTED_EDGE ( 'NONE', *, *, #6218, .T. ) ;
#6099 = CARTESIAN_POINT ( 'NONE',  ( -0.5000000000000000000, 0.9499999999999999600, -0.07499999999999978900 ) ) ;
#6100 = CARTESIAN_POINT ( 'NONE',  ( -0.5000000000000000000, 1.000000000000000000, 5.421010862427522200E-017 ) ) ;
#6101 = EDGE_LOOP ( 'NONE', ( #10589, #1239, #5590, #11624 ) ) ;
#6102 = DIRECTION ( 'NONE',  ( 0.0000000000000000000, 1.000000000000000000, 0.0000000000000000000 ) ) ;
#6103 = FACE_OUTER_BOUND ( 'NONE', #1985, .T. ) ;
#6104 = CARTESIAN_POINT ( 'NONE',  ( -0.3075000000000000500, 0.9499999999999999600, -0.02499999999999994600 ) ) ;
#6105 = AXIS2_PLACEMENT_3D ( 'NONE', #2845, #8461, #5649 ) ;
#6106 = CARTESIAN_POINT ( 'NONE',  ( -0.7004866454638857300, 0.1997656017279598700, 0.7809969016383354600 ) ) ;
#6107 = DIRECTION ( 'NONE',  ( 0.0000000000000000000, 0.0000000000000000000, 1.000000000000000000 ) ) ;
#6108 = EDGE_CURVE ( 'NONE', #4988, #6887, #7046, .T. ) ;
#6109 = VERTEX_POINT ( 'NONE', #2786 ) ;
#6110 = EDGE_LOOP ( 'NONE', ( #5325, #1705, #3810, #7709, #6309, #10874 ) ) ;
#6111 = CARTESIAN_POINT ( 'NONE',  ( 0.8777777777777778800, 0.5000000000000001100, 0.4653968253968272500 ) ) ;
#6112 = CARTESIAN_POINT ( 'NONE',  ( -0.5500000000000001600, 1.000000000000000000, 0.1950000000000000600 ) ) ;
#6113 = CARTESIAN_POINT ( 'NONE',  ( -0.5500000000000001600, 1.000000000000000000, 0.1700000000000002100 ) ) ;
#6114 = ORIENTED_EDGE ( 'NONE', *, *, #316, .F. ) ;
#6115 = EDGE_LOOP ( 'NONE', ( #6392, #9232, #4041, #12264 ) ) ;
#6116 = CARTESIAN_POINT ( 'NONE',  ( -0.3999999999999999700, 0.9499999999999999600, -0.09999999999999993600 ) ) ;
#6117 = ORIENTED_EDGE ( 'NONE', *, *, #5807, .T. ) ;
#6118 = EDGE_CURVE ( 'NONE', #8160, #10113, #23, .T. ) ;
#6119 = VERTEX_POINT ( 'NONE', #10390 ) ;
#6120 = FACE_OUTER_BOUND ( 'NONE', #6266, .T. ) ;
#6121 = CARTESIAN_POINT ( 'NONE',  ( -0.6121336334842446500, 0.1964646638855063500, 0.7465197676634898200 ) ) ;
#6122 = DIRECTION ( 'NONE',  ( 0.0000000000000000000, -1.000000000000000000, 0.0000000000000000000 ) ) ;
#6123 = CARTESIAN_POINT ( 'NONE',  ( 0.7556914825962844900, 0.009738669037824797300, 0.7506096148972445400 ) ) ;
#6124 = AXIS2_PLACEMENT_3D ( 'NONE', #1655, #6428, #4504 ) ;
#6125 = EDGE_CURVE ( 'NONE', #12071, #7196, #8553, .T. ) ;
#6126 = ORIENTED_EDGE ( 'NONE', *, *, #12155, .T. ) ;
#6127 = CARTESIAN_POINT ( 'NONE',  ( 0.6094625937355844200, 0.1895856775246443600, 0.7718800139023835900 ) ) ;
#6128 = ORIENTED_EDGE ( 'NONE', *, *, #12237, .F. ) ;
#6129 = DIRECTION ( 'NONE',  ( 0.0000000000000000000, 1.000000000000000000, 0.0000000000000000000 ) ) ;
#6130 =( LENGTH_UNIT ( ) NAMED_UNIT ( * ) SI_UNIT ( .MILLI., .METRE. ) );
#6131 = ORIENTED_EDGE ( 'NONE', *, *, #8282, .T. ) ;
#6132 = ORIENTED_EDGE ( 'NONE', *, *, #2548, .T. ) ;
#6133 = AXIS2_PLACEMENT_3D ( 'NONE', #3131, #9767, #245 ) ;
#6134 = DIRECTION ( 'NONE',  ( 0.0000000000000000000, 1.000000000000000000, 0.0000000000000000000 ) ) ;
#6135 = DIRECTION ( 'NONE',  ( 0.0000000000000000000, -0.0000000000000000000, 1.000000000000000000 ) ) ;
#6136 = ORIENTED_EDGE ( 'NONE', *, *, #11304, .T. ) ;
#6137 = ORIENTED_EDGE ( 'NONE', *, *, #9228, .F. ) ;
#6138 = DIRECTION ( 'NONE',  ( 0.0000000000000000000, 0.0000000000000000000, 1.000000000000000000 ) ) ;
#6139 = CIRCLE ( 'NONE', #5008, 0.02500000000000009200 ) ;
#6140 = CARTESIAN_POINT ( 'NONE',  ( -0.6565929524104361400, 0.3000000000000000400, 0.7140968530029925300 ) ) ;
#6141 = CARTESIAN_POINT ( 'NONE',  ( 0.7638871322597778900, 0.01625495242601545900, 0.7542128538997547900 ) ) ;
#6142 = CARTESIAN_POINT ( 'NONE',  ( 0.7009674808963838300, 0.2031161375533250500, 0.7753937896621151400 ) ) ;
#6143 = CIRCLE ( 'NONE', #12049, 0.02222222222222198000 ) ;
#6144 = EDGE_CURVE ( 'NONE', #4320, #8357, #6775, .T. ) ;
#6145 = ORIENTED_EDGE ( 'NONE', *, *, #10110, .F. ) ;
#6146 = VERTEX_POINT ( 'NONE', #74 ) ;
#6147 = ADVANCED_FACE ( 'NONE', ( #6628 ), #10098, .F. ) ;
#6148 = AXIS2_PLACEMENT_3D ( 'NONE', #6824, #3143, #3987 ) ;
#6149 =( NAMED_UNIT ( * ) SI_UNIT ( $, .STERADIAN. ) SOLID_ANGLE_UNIT ( ) );
#6150 = DIRECTION ( 'NONE',  ( 0.0000000000000000000, 0.0000000000000000000, 1.000000000000000000 ) ) ;
#6151 = ORIENTED_EDGE ( 'NONE', *, *, #2775, .F. ) ;
#6152 = VECTOR ( 'NONE', #2903, 1000.000000000000000 ) ;
#6153 = DIRECTION ( 'NONE',  ( 0.0000000000000000000, 1.000000000000000000, 0.0000000000000000000 ) ) ;
#6154 = CARTESIAN_POINT ( 'NONE',  ( -0.5000000000000000000, 0.9499999999999999600, -0.09999999999999993600 ) ) ;
#6155 = ORIENTED_EDGE ( 'NONE', *, *, #1839, .F. ) ;
#6156 = CARTESIAN_POINT ( 'NONE',  ( -0.7253355016777113300, 0.1999974677648767900, 0.7329003802498252900 ) ) ;
#6157 = CARTESIAN_POINT ( 'NONE',  ( -0.3499999999999997000, 0.1999999999999999800, 0.7320634920634920800 ) ) ;
#6158 = ORIENTED_EDGE ( 'NONE', *, *, #5947, .F. ) ;
#6159 = CARTESIAN_POINT ( 'NONE',  ( -0.3550000000000000400, 0.9499999999999999600, -0.2699999999999999600 ) ) ;
#6160 = DIRECTION ( 'NONE',  ( 0.0000000000000000000, -1.000000000000000000, 0.0000000000000000000 ) ) ;
#6161 = EDGE_CURVE ( 'NONE', #3452, #3939, #11122, .T. ) ;
#6162 = ORIENTED_EDGE ( 'NONE', *, *, #2538, .F. ) ;
#6163 = FACE_BOUND ( 'NONE', #8028, .T. ) ;
#6164 = CARTESIAN_POINT ( 'NONE',  ( -0.6449999999999999100, 0.8792893218813447900, 0.2450000000000001100 ) ) ;
#6165 = ADVANCED_FACE ( 'NONE', ( #3975 ), #4592, .F. ) ;
#6166 = CARTESIAN_POINT ( 'NONE',  ( -0.6449999999999999100, 0.9499999999999999600, 0.2200000000000002500 ) ) ;
#6167 = FACE_OUTER_BOUND ( 'NONE', #2617, .T. ) ;
#6168 = EDGE_LOOP ( 'NONE', ( #2133, #1255, #2127, #3334 ) ) ;
#6169 = CLOSED_SHELL ( 'NONE', ( #9256, #4672, #11219, #2693 ) ) ;
#6170 = CARTESIAN_POINT ( 'NONE',  ( 0.7111111111111144700, 0.5000000000000000000, 1.132063492063492000 ) ) ;
#6171 = ORIENTED_EDGE ( 'NONE', *, *, #9743, .F. ) ;
#6172 = CARTESIAN_POINT ( 'NONE',  ( -0.7053846977617159700, 0.2930325835877046800, 0.6769070140994898300 ) ) ;
#6173 = DIRECTION ( 'NONE',  ( 0.0000000000000000000, 0.9921567416492216300, -0.1249999999999991100 ) ) ;
#6174 = CIRCLE ( 'NONE', #1494, 0.01666666666666645800 ) ;
#6175 = CARTESIAN_POINT ( 'NONE',  ( 0.6416666666666661600, 0.5000000000000000000, 1.132063492063492000 ) ) ;
#6176 = CARTESIAN_POINT ( 'NONE',  ( -0.9555555555555553800, 0.02222222222222208800, 0.7098412698412699400 ) ) ;
#6177 = CYLINDRICAL_SURFACE ( 'NONE', #127, 0.02500000000000014700 ) ;
#6178 = CIRCLE ( 'NONE', #2481, 0.02499999999999990400 ) ;
#6179 = CARTESIAN_POINT ( 'NONE',  ( 0.9555555555555560500, 0.1899999999999999700, 0.7098412698412697200 ) ) ;
#6180 = EDGE_CURVE ( 'NONE', #7146, #1713, #6038, .T. ) ;
#6181 = ORIENTED_EDGE ( 'NONE', *, *, #12059, .F. ) ;
#6182 = VERTEX_POINT ( 'NONE', #6333 ) ;
#6183 = DIRECTION ( 'NONE',  ( -1.000000000000000000, -0.0000000000000000000, -0.0000000000000000000 ) ) ;
#6184 = LINE ( 'NONE', #1222, #858 ) ;
#6185 = AXIS2_PLACEMENT_3D ( 'NONE', #10613, #10554, #8597 ) ;
#6186 = FACE_OUTER_BOUND ( 'NONE', #834, .T. ) ;
#6187 = FACE_OUTER_BOUND ( 'NONE', #1513, .T. ) ;
#6188 = CIRCLE ( 'NONE', #5180, 0.02499999999999984900 ) ;
#6189 = CIRCLE ( 'NONE', #2310, 0.02222222222222252100 ) ;
#6190 = CARTESIAN_POINT ( 'NONE',  ( -0.9999999999999997800, 0.1777777777777780100, 0.7320634920634923000 ) ) ;
#6191 = DIRECTION ( 'NONE',  ( 1.000000000000000000, -0.0000000000000000000, -0.0000000000000000000 ) ) ;
#6192 = ORIENTED_EDGE ( 'NONE', *, *, #1302, .F. ) ;
#6193 = DIRECTION ( 'NONE',  ( 0.0000000000000000000, 0.0000000000000000000, -1.000000000000000000 ) ) ;
#6194 = MANIFOLD_SOLID_BREP ( 'Cut-Extrude4[2]', #9516 ) ;
#6195 =( NAMED_UNIT ( * ) PLANE_ANGLE_UNIT ( ) SI_UNIT ( $, .RADIAN. ) );
#6196 = EDGE_CURVE ( 'NONE', #4382, #8506, #5334, .T. ) ;
#6197 = CARTESIAN_POINT ( 'NONE',  ( 0.6160335680469761800, 0.007443518746191871000, 0.7612203942891369000 ) ) ;
#6198 = CIRCLE ( 'NONE', #2844, 0.02499999999999985900 ) ;
#6199 = CIRCLE ( 'NONE', #5368, 0.02222222222222195600 ) ;
#6200 = CARTESIAN_POINT ( 'NONE',  ( 0.6249999999999995600, 0.002500000000000043900, 0.7423036635030290100 ) ) ;
#6201 = ADVANCED_FACE ( 'NONE', ( #615 ), #2212, .T. ) ;
#6202 = DIRECTION ( 'NONE',  ( 1.000000000000000000, 0.0000000000000000000, -1.084202172485504400E-016 ) ) ;
#6203 = LINE ( 'NONE', #10044, #3682 ) ;
#6204 = EDGE_LOOP ( 'NONE', ( #1835, #11357, #8642, #4059 ) ) ;
#6205 = CARTESIAN_POINT ( 'NONE',  ( -0.2549999999999999500, 1.000000000000000000, 0.1749999999999998500 ) ) ;
#6206 = CARTESIAN_POINT ( 'NONE',  ( 0.6490600935130829100, 0.2031050852186887500, 0.7754163673274840900 ) ) ;
#6207 = CARTESIAN_POINT ( 'NONE',  ( 0.7083333333333332600, 0.1999999999999999800, 0.7614445778845508900 ) ) ;
#6208 = AXIS2_PLACEMENT_3D ( 'NONE', #2371, #2281, #3216 ) ;
#6209 = EDGE_CURVE ( 'NONE', #666, #6729, #4728, .T. ) ;
#6210 = CARTESIAN_POINT ( 'NONE',  ( 0.7416666666666664700, 0.02222222222222208800, 0.7765079365079360400 ) ) ;
#6211 = AXIS2_PLACEMENT_3D ( 'NONE', #4343, #8352, #6492 ) ;
#6212 = CARTESIAN_POINT ( 'NONE',  ( 0.7072332038841739900, 0.2892882220587139600, 0.6786315273357921300 ) ) ;
#6213 = COLOUR_RGB ( '',1.000000000000000000, 1.000000000000000000, 1.000000000000000000 ) ;
#6214 = VECTOR ( 'NONE', #5408, 1000.000000000000000 ) ;
#6215 = ADVANCED_FACE ( 'NONE', ( #2804 ), #10544, .F. ) ;
#6216 = DIRECTION ( 'NONE',  ( -0.7297579928979754900, -4.567482615799066900E-014, -0.6837055446619680900 ) ) ;
#6217 = DIRECTION ( 'NONE',  ( 2.439454888092410200E-015, 0.0000000000000000000, 1.000000000000000000 ) ) ;
#6218 = EDGE_CURVE ( 'NONE', #7239, #5372, #2352, .T. ) ;
#6219 =( NAMED_UNIT ( * ) SI_UNIT ( $, .STERADIAN. ) SOLID_ANGLE_UNIT ( ) );
#6220 = DIRECTION ( 'NONE',  ( 0.0000000000000000000, 1.000000000000000000, 0.0000000000000000000 ) ) ;
#6221 = VERTEX_POINT ( 'NONE', #4006 ) ;
#6222 = AXIS2_PLACEMENT_3D ( 'NONE', #11106, #8289, #3371 ) ;
#6223 = DIRECTION ( 'NONE',  ( -0.0000000000000000000, 1.000000000000000000, -0.0000000000000000000 ) ) ;
#6224 = CYLINDRICAL_SURFACE ( 'NONE', #1263, 0.02222222222222198000 ) ;
#6225 = ADVANCED_FACE ( 'NONE', ( #5600 ), #3067, .F. ) ;
#6226 = DIRECTION ( 'NONE',  ( -1.000000000000000000, -0.0000000000000000000, -0.0000000000000000000 ) ) ;
#6227 = DIRECTION ( 'NONE',  ( -1.000000000000000000, -0.0000000000000000000, -0.0000000000000000000 ) ) ;
#6228 = CARTESIAN_POINT ( 'NONE',  ( -0.6583333333333331000, 0.2999999999999997100, 0.6738059225679082800 ) ) ;
#6229 = EDGE_CURVE ( 'NONE', #8960, #9806, #7974, .T. ) ;
#6230 = CARTESIAN_POINT ( 'NONE',  ( -0.3999999999999999700, 1.000000000000000000, -0.09999999999999993600 ) ) ;
#6231 = DIRECTION ( 'NONE',  ( 0.0000000000000000000, -1.000000000000000000, 0.0000000000000000000 ) ) ;
#6232 = CARTESIAN_POINT ( 'NONE',  ( -0.6449999999999999100, 0.8792893218813447900, -0.2200000000000001400 ) ) ;
#6233 = LINE ( 'NONE', #9151, #359 ) ;
#6234 = DIRECTION ( 'NONE',  ( -0.0000000000000000000, -1.185846126156016500E-015, 1.000000000000000000 ) ) ;
#6235 = VERTEX_POINT ( 'NONE', #7812 ) ;
#6236 = CARTESIAN_POINT ( 'NONE',  ( -0.7874999999999999800, 0.9499999999999999600, 8.131516293641283300E-017 ) ) ;
#6237 = ORIENTED_EDGE ( 'NONE', *, *, #8178, .F. ) ;
#6238 = AXIS2_PLACEMENT_3D ( 'NONE', #8603, #9728, #2168 ) ;
#6239 = CARTESIAN_POINT ( 'NONE',  ( -0.9555555555555553800, 0.1999999999999999800, -0.7555555555555555400 ) ) ;
#6240 = EDGE_CURVE ( 'NONE', #5909, #4838, #5174, .T. ) ;
#6241 = DIRECTION ( 'NONE',  ( 0.0000000000000000000, 1.000000000000000000, 0.0000000000000000000 ) ) ;
#6242 = CARTESIAN_POINT ( 'NONE',  ( -0.6916666666666663200, 0.2999999999999997100, 0.6738059225679082800 ) ) ;
#6243 = AXIS2_PLACEMENT_3D ( 'NONE', #8073, #9961, #4306 ) ;
#6244 = PLANE ( 'NONE',  #9898 ) ;
#6245 = ORIENTED_EDGE ( 'NONE', *, *, #5122, .F. ) ;
#6246 = CARTESIAN_POINT ( 'NONE',  ( 0.9555555555555551600, 0.02222222222222208800, -0.8000000000000001600 ) ) ;
#6247 =( LENGTH_UNIT ( ) NAMED_UNIT ( * ) SI_UNIT ( .MILLI., .METRE. ) );
#6248 = ORIENTED_EDGE ( 'NONE', *, *, #12253, .T. ) ;
#6249 = CARTESIAN_POINT ( 'NONE',  ( -0.7142789870513032200, 0.1999999999999999800, 0.7723523946202662800 ) ) ;
#6250 = DIRECTION ( 'NONE',  ( 0.0000000000000000000, 1.000000000000000000, 0.0000000000000000000 ) ) ;
#6251 = LINE ( 'NONE', #8263, #11032 ) ;
#6252 = CARTESIAN_POINT ( 'NONE',  ( -0.6449428359365849700, 0.2932566572343989800, 0.7156265376451681500 ) ) ;
#6253 = AXIS2_PLACEMENT_3D ( 'NONE', #6810, #7815, #2157 ) ;
#6254 = CARTESIAN_POINT ( 'NONE',  ( 0.7249999999999999800, 0.004999999999999990600, 0.7471185785507584700 ) ) ;
#6255 = CARTESIAN_POINT ( 'NONE',  ( -0.9999999999999997800, 0.1777777777777780100, -0.7999999999999999300 ) ) ;
#6256 = UNCERTAINTY_MEASURE_WITH_UNIT (LENGTH_MEASURE( 1.000000000000000100E-005 ), #9111, 'distance_accuracy_value', 'NONE');
#6257 = AXIS2_PLACEMENT_3D ( 'NONE', #2104, #10690, #11516 ) ;
#6258 = EDGE_LOOP ( 'NONE', ( #11637, #1527, #6913, #8349 ) ) ;
#6259 = ORIENTED_EDGE ( 'NONE', *, *, #3832, .T. ) ;
#6260 = EDGE_CURVE ( 'NONE', #10764, #2131, #5014, .T. ) ;
#6261 = ORIENTED_EDGE ( 'NONE', *, *, #1504, .F. ) ;
#6262 = ADVANCED_FACE ( 'NONE', ( #11856 ), #2152, .F. ) ;
#6263 = DIRECTION ( 'NONE',  ( 0.0000000000000000000, 0.0000000000000000000, 1.000000000000000000 ) ) ;
#6264 = DIRECTION ( 'NONE',  ( -0.0000000000000000000, 1.000000000000000000, -0.0000000000000000000 ) ) ;
#6265 = CARTESIAN_POINT ( 'NONE',  ( -0.6459249062008428600, 0.2945883998788985700, 0.6762035187094416200 ) ) ;
#6266 = EDGE_LOOP ( 'NONE', ( #5419, #4408, #10001, #6137, #7625 ) ) ;
#6267 = DIRECTION ( 'NONE',  ( 0.0000000000000000000, 0.0000000000000000000, 1.000000000000000000 ) ) ;
#6268 = EDGE_CURVE ( 'NONE', #847, #10748, #9296, .T. ) ;
#6269 = ORIENTED_EDGE ( 'NONE', *, *, #12194, .F. ) ;
#6270 = ORIENTED_EDGE ( 'NONE', *, *, #10063, .F. ) ;
#6271 = CARTESIAN_POINT ( 'NONE',  ( -0.6063629157946386300, 0.1788131611555086000, 0.7543401797186084500 ) ) ;
#6272 = VERTEX_POINT ( 'NONE', #11471 ) ;
#6273 = CARTESIAN_POINT ( 'NONE',  ( -0.2125000000000000200, 0.9499999999999999600, -0.02499999999999994600 ) ) ;
#6274 = AXIS2_PLACEMENT_3D ( 'NONE', #9506, #1011, #7831 ) ;
#6275 = CARTESIAN_POINT ( 'NONE',  ( 0.3499999999999998100, 0.1999999999999999800, 0.7320634920634921900 ) ) ;
#6276 = CYLINDRICAL_SURFACE ( 'NONE', #7526, 0.01666666666666645800 ) ;
#6277 = CARTESIAN_POINT ( 'NONE',  ( -0.6114479968386444800, 0.01196506946204259300, 0.7890725347102005600 ) ) ;
#6278 = B_SPLINE_CURVE_WITH_KNOTS ( 'NONE', 3,
 ( #1620, #6320, #1535, #4383, #4470, #11112, #12073, #2494, #9950, #4296, #10952, #11947, #5265, #11905, #6197, #569, #8118, #2448, #11026, #5348, #11997, #639, #3532, #9288, #1815, #9325, #4596, #8380 ),
 .UNSPECIFIED., .F., .F.,
 ( 4, 3, 3, 3, 3, 3, 3, 3, 3, 4 ),
 ( 0.0000000000000000000, 2.834759956846391700E-006, 6.725732867072810700E-006, 8.165282130606856500E-006, 1.601200202753277300E-005, 2.712882840939893200E-005, 3.324829447535947300E-005, 3.491665878864067300E-005, 3.625550019674229300E-005, 3.654663302754457300E-005 ),
 .UNSPECIFIED. ) ;
#6279 = PLANE ( 'NONE',  #3849 ) ;
#6280 = ADVANCED_FACE ( 'NONE', ( #1475 ), #2656, .T. ) ;
#6281 = CARTESIAN_POINT ( 'NONE',  ( -0.9999999999999997800, 0.8222222222222219700, -0.7999999999999999300 ) ) ;
#6282 = ORIENTED_EDGE ( 'NONE', *, *, #9794, .F. ) ;
#6283 = ORIENTED_EDGE ( 'NONE', *, *, #5661, .T. ) ;
#6284 = CARTESIAN_POINT ( 'NONE',  ( 0.7415530016462288400, 0.1854973672255727200, 0.7752843395940149900 ) ) ;
#6285 = ORIENTED_EDGE ( 'NONE', *, *, #9294, .T. ) ;
#6286 = EDGE_LOOP ( 'NONE', ( #9069, #6858, #9362, #4090 ) ) ;
#6287 = DIRECTION ( 'NONE',  ( 0.0000000000000000000, 0.0000000000000000000, 1.000000000000000000 ) ) ;
#6288 = VERTEX_POINT ( 'NONE', #10598 ) ;
#6289 = CARTESIAN_POINT ( 'NONE',  ( -0.9999999999999997800, 0.1777777777777780100, -0.7777777777777779000 ) ) ;
#6290 = LINE ( 'NONE', #5015, #11325 ) ;
#6291 = AXIS2_PLACEMENT_3D ( 'NONE', #10578, #4899, #1491 ) ;
#6292 = ORIENTED_EDGE ( 'NONE', *, *, #7304, .T. ) ;
#6293 = AXIS2_PLACEMENT_3D ( 'NONE', #901, #8446, #2792 ) ;
#6294 = EDGE_LOOP ( 'NONE', ( #4681, #3774 ) ) ;
#6295 = LINE ( 'NONE', #4222, #12265 ) ;
#6296 = DIRECTION ( 'NONE',  ( 0.0000000000000000000, 0.0000000000000000000, 1.000000000000000000 ) ) ;
#6297 = ORIENTED_EDGE ( 'NONE', *, *, #3152, .T. ) ;
#6298 = EDGE_LOOP ( 'NONE', ( #5142, #6841 ) ) ;
#6299 = CARTESIAN_POINT ( 'NONE',  ( -0.6000000000000000900, 1.000000000000000000, 0.1000000000000000200 ) ) ;
#6300 = DIRECTION ( 'NONE',  ( 0.0000000000000000000, 0.0000000000000000000, -1.000000000000000000 ) ) ;
#6301 = CARTESIAN_POINT ( 'NONE',  ( -0.6083333333333331700, 0.2999999999999999900, 0.6738059225679082800 ) ) ;
#6302 = DIRECTION ( 'NONE',  ( 0.0000000000000000000, 0.9921567416492216300, -0.1249999999999991100 ) ) ;
#6303 = ORIENTED_EDGE ( 'NONE', *, *, #4167, .F. ) ;
#6304 = CIRCLE ( 'NONE', #4336, 0.005555555555555521900 ) ;
#6305 = EDGE_CURVE ( 'NONE', #8817, #10974, #2508, .T. ) ;
#6306 = CARTESIAN_POINT ( 'NONE',  ( -0.6999999999999997300, 0.2868852459016391100, 0.7254702478983879900 ) ) ;
#6307 = LINE ( 'NONE', #2178, #4394 ) ;
#6308 = VERTEX_POINT ( 'NONE', #4913 ) ;
#6309 = ORIENTED_EDGE ( 'NONE', *, *, #9066, .T. ) ;
#6310 = EDGE_CURVE ( 'NONE', #1880, #1073, #744, .T. ) ;
#6311 = CARTESIAN_POINT ( 'NONE',  ( 0.6048744424906875600, 0.004631208291534035100, 0.7463181095239619400 ) ) ;
#6312 = AXIS2_PLACEMENT_3D ( 'NONE', #4057, #11666, #5029 ) ;
#6313 = DIRECTION ( 'NONE',  ( -1.000000000000000000, -0.0000000000000000000, -0.0000000000000000000 ) ) ;
#6314 = EDGE_LOOP ( 'NONE', ( #5853, #1833, #9877, #2621 ) ) ;
#6315 = DIRECTION ( 'NONE',  ( -0.0000000000000000000, -0.0000000000000000000, -1.000000000000000000 ) ) ;
#6316 = DIRECTION ( 'NONE',  ( 0.0000000000000000000, 1.000000000000000000, 0.0000000000000000000 ) ) ;
#6317 = FACE_BOUND ( 'NONE', #9253, .T. ) ;
#6318 = PLANE ( 'NONE',  #1624 ) ;
#6319 = AXIS2_PLACEMENT_3D ( 'NONE', #2385, #1435, #8946 ) ;
#6320 = CARTESIAN_POINT ( 'NONE',  ( 0.6083333333333331700, 0.02072214840662063600, 0.7764769135483434700 ) ) ;
#6321 = CYLINDRICAL_SURFACE ( 'NONE', #5783, 0.02499999999999984900 ) ;
#6322 = CIRCLE ( 'NONE', #9760, 0.02500000000000006400 ) ;
#6323 = CARTESIAN_POINT ( 'NONE',  ( -0.3999999999999999700, 1.000000000000000000, 0.1000000000000000200 ) ) ;
#6324 = VERTEX_POINT ( 'NONE', #8753 ) ;
#6325 = CARTESIAN_POINT ( 'NONE',  ( -0.6242576213794263100, 0.1999973431565288400, 0.7324603101918264500 ) ) ;
#6326 = EDGE_LOOP ( 'NONE', ( #656, #2346, #3344, #9829 ) ) ;
#6327 = EDGE_CURVE ( 'NONE', #6568, #9965, #5878, .T. ) ;
#6328 = VERTEX_POINT ( 'NONE', #5939 ) ;
#6329 = CYLINDRICAL_SURFACE ( 'NONE', #2796, 0.02499999999999995600 ) ;
#6330 = FACE_OUTER_BOUND ( 'NONE', #12129, .T. ) ;
#6331 = ORIENTED_EDGE ( 'NONE', *, *, #300, .T. ) ;
#6332 = CARTESIAN_POINT ( 'NONE',  ( 0.7083333333333332600, 0.2083333333333331500, 0.7614445778845512200 ) ) ;
#6333 = CARTESIAN_POINT ( 'NONE',  ( -0.6583333333333331000, 0.3000000000000000400, 0.7140968530029925300 ) ) ;
#6334 = AXIS2_PLACEMENT_3D ( 'NONE', #4529, #10193, #9306 ) ;
#6335 = CARTESIAN_POINT ( 'NONE',  ( -0.9777777777777777500, 0.9777777777777779700, 0.0000000000000000000 ) ) ;
#6336 = CYLINDRICAL_SURFACE ( 'NONE', #2273, 0.04444444444444439100 ) ;
#6337 = CARTESIAN_POINT ( 'NONE',  ( -8.432683563776152300E-017, 0.02222222222222208800, -0.7777777777777780100 ) ) ;
#6338 = CIRCLE ( 'NONE', #5280, 0.5083333333333333000 ) ;
#6339 = FACE_OUTER_BOUND ( 'NONE', #2492, .T. ) ;
#6340 = EDGE_CURVE ( 'NONE', #2730, #11455, #12166, .T. ) ;
#6341 = CARTESIAN_POINT ( 'NONE',  ( -0.7623867055320156000, 0.01659234371794344000, 0.7535607390621402700 ) ) ;
#6342 = VECTOR ( 'NONE', #6649, 1000.000000000000000 ) ;
#6343 =( NAMED_UNIT ( * ) PLANE_ANGLE_UNIT ( ) SI_UNIT ( $, .RADIAN. ) );
#6344 = EDGE_CURVE ( 'NONE', #2131, #1845, #3671, .T. ) ;
#6345 = AXIS2_PLACEMENT_3D ( 'NONE', #2642, #7340, #11228 ) ;
#6346 = ORIENTED_EDGE ( 'NONE', *, *, #8035, .F. ) ;
#6347 = ADVANCED_FACE ( 'NONE', ( #4717 ), #4579, .T. ) ;
#6348 = CARTESIAN_POINT ( 'NONE',  ( 0.7305495965576199700, 0.002699005653265967300, 0.7426781599949656700 ) ) ;
#6349 = DIRECTION ( 'NONE',  ( 0.0000000000000000000, 1.000000000000000000, 0.0000000000000000000 ) ) ;
#6350 = AXIS2_PLACEMENT_3D ( 'NONE', #11558, #230, #9704 ) ;
#6351 = CARTESIAN_POINT ( 'NONE',  ( 0.7403682961069900600, 0.01500522245037589500, 0.7876745583901453300 ) ) ;
#6352 = CIRCLE ( 'NONE', #5245, 0.5000000000000000000 ) ;
#6353 = CARTESIAN_POINT ( 'NONE',  ( -0.7053656821048024400, 0.2930525228072239400, 0.7156725340139822300 ) ) ;
#6354 = CARTESIAN_POINT ( 'NONE',  ( -0.3100000000000000000, 1.000000000000000000, 0.1250000000000000000 ) ) ;
#6355 = CIRCLE ( 'NONE', #6400, 0.02222222222222197000 ) ;
#6356 = CARTESIAN_POINT ( 'NONE',  ( -0.6094625937355844200, 0.1895856775246443400, 0.7718800139023838100 ) ) ;
#6357 = CARTESIAN_POINT ( 'NONE',  ( -0.5861111111111110300, 0.1805555555555557500, 0.7541114196556969500 ) ) ;
#6358 = CARTESIAN_POINT ( 'NONE',  ( -0.6449999999999999100, 0.9499999999999999600, 0.2450000000000001100 ) ) ;
#6359 = VECTOR ( 'NONE', #24, 1000.000000000000000 ) ;
#6360 = CARTESIAN_POINT ( 'NONE',  ( 0.9777777777777777500, 1.000000000000000000, -0.7555555555555553100 ) ) ;
#6361 = ORIENTED_EDGE ( 'NONE', *, *, #9037, .T. ) ;
#6362 = CARTESIAN_POINT ( 'NONE',  ( 0.7098599576468459500, 0.2034433406418707800, 0.7295031437599949200 ) ) ;
#6363 = DIRECTION ( 'NONE',  ( 0.0000000000000000000, 0.0000000000000000000, -1.000000000000000000 ) ) ;
#6364 = AXIS2_PLACEMENT_3D ( 'NONE', #435, #11813, #5347 ) ;
#6365 = EDGE_CURVE ( 'NONE', #12254, #6182, #7660, .T. ) ;
#6366 = CARTESIAN_POINT ( 'NONE',  ( -0.9999999999999997800, 0.1999999999999999800, 0.7542857142857142300 ) ) ;
#6367 = CIRCLE ( 'NONE', #8572, 0.02499999999999995600 ) ;
#6368 = DIRECTION ( 'NONE',  ( 0.0000000000000000000, -1.000000000000000000, 0.0000000000000000000 ) ) ;
#6369 = EDGE_CURVE ( 'NONE', #5648, #1395, #9889, .T. ) ;
#6370 = TOROIDAL_SURFACE ( 'NONE', #2729, 0.04444444444444400200, 0.02222222222222200100 ) ;
#6371 = CARTESIAN_POINT ( 'NONE',  ( -0.3550000000000000400, 1.000000000000000000, -0.2450000000000000000 ) ) ;
#6372 = DIRECTION ( 'NONE',  ( 0.6837055446619648700, 0.0000000000000000000, 0.7297579928979783800 ) ) ;
#6373 = AXIS2_PLACEMENT_3D ( 'NONE', #2801, #11291, #2676 ) ;
#6374 = FACE_OUTER_BOUND ( 'NONE', #9711, .T. ) ;
#6375 = ORIENTED_EDGE ( 'NONE', *, *, #3930, .F. ) ;
#6376 = CARTESIAN_POINT ( 'NONE',  ( -0.9555555555555553800, 0.1777777777777780100, -0.7999999999999999300 ) ) ;
#6377 = ADVANCED_FACE ( 'NONE', ( #11 ), #7689, .T. ) ;
#6378 = CARTESIAN_POINT ( 'NONE',  ( -0.6424601022617862900, 0.2884145057525782700, 0.6790385715298640200 ) ) ;
#6379 = DIRECTION ( 'NONE',  ( 1.000000000000000000, -0.0000000000000000000, -0.0000000000000000000 ) ) ;
#6380 = EDGE_CURVE ( 'NONE', #228, #5667, #10815, .T. ) ;
#6381 = VERTEX_POINT ( 'NONE', #2970 ) ;
#6382 = ORIENTED_EDGE ( 'NONE', *, *, #5693, .T. ) ;
#6383 = EDGE_CURVE ( 'NONE', #11986, #4320, #7806, .T. ) ;
#6384 = CARTESIAN_POINT ( 'NONE',  ( 0.6963079987632010400, 0.2937670328359556800, 0.7222909971888451500 ) ) ;
#6385 = AXIS2_PLACEMENT_3D ( 'NONE', #3703, #6506, #2760 ) ;
#6386 = CARTESIAN_POINT ( 'NONE',  ( 0.6347846812383081100, 0.1999999999999999800, 0.7697779112178846400 ) ) ;
#6387 = CARTESIAN_POINT ( 'NONE',  ( 0.6249999999999995600, 0.005000000000000040000, 0.7918213607330723000 ) ) ;
#6388 = CYLINDRICAL_SURFACE ( 'NONE', #955, 0.02499999999999998400 ) ;
#6389 = CARTESIAN_POINT ( 'NONE',  ( 0.7083376043392110000, 0.2080253181559831900, 0.7261684058072047600 ) ) ;
#6390 = ADVANCED_FACE ( 'NONE', ( #8696 ), #3811, .F. ) ;
#6391 = CARTESIAN_POINT ( 'NONE',  ( -0.5861111111111111400, 0.1777777777777780100, 0.7320634920634923000 ) ) ;
#6392 = ORIENTED_EDGE ( 'NONE', *, *, #1913, .F. ) ;
#6393 = AXIS2_PLACEMENT_3D ( 'NONE', #9315, #8287, #11222 ) ;
#6394 = VERTEX_POINT ( 'NONE', #9500 ) ;
#6395 = EDGE_LOOP ( 'NONE', ( #4757, #2091, #409, #2728 ) ) ;
#6396 = EDGE_CURVE ( 'NONE', #2608, #11935, #7084, .T. ) ;
#6397 = DIRECTION ( 'NONE',  ( 0.0000000000000000000, 1.000000000000000000, -0.0000000000000000000 ) ) ;
#6398 = PRESENTATION_STYLE_ASSIGNMENT (( #2707 ) ) ;
#6399 = ORIENTED_EDGE ( 'NONE', *, *, #5382, .T. ) ;
#6400 = AXIS2_PLACEMENT_3D ( 'NONE', #8437, #3751, #11341 ) ;
#6401 = CARTESIAN_POINT ( 'NONE',  ( -0.9999999999999997800, 0.02222222222222208800, 0.7098412698412699400 ) ) ;
#6402 = ORIENTED_EDGE ( 'NONE', *, *, #6939, .F. ) ;
#6403 = UNCERTAINTY_MEASURE_WITH_UNIT (LENGTH_MEASURE( 1.000000000000000100E-005 ), #1139, 'distance_accuracy_value', 'NONE');
#6404 = DIRECTION ( 'NONE',  ( 0.0000000000000000000, -0.0000000000000000000, 1.000000000000000000 ) ) ;
#6405 = VERTEX_POINT ( 'NONE', #7606 ) ;
#6406 = ORIENTED_EDGE ( 'NONE', *, *, #7213, .F. ) ;
#6407 = CARTESIAN_POINT ( 'NONE',  ( -0.7106965150991622100, 0.1999999999999999800, 0.7771580468426760900 ) ) ;
#6408 = EDGE_LOOP ( 'NONE', ( #5538, #5545, #9040, #1392 ) ) ;
#6409 = CARTESIAN_POINT ( 'NONE',  ( -0.9777777777777779700, 0.1999999999999999800, -0.7555555555555555400 ) ) ;
#6410 = VECTOR ( 'NONE', #7345, 1000.000000000000000 ) ;
#6411 = DIRECTION ( 'NONE',  ( 0.0000000000000000000, 0.0000000000000000000, 1.000000000000000000 ) ) ;
#6412 = DIRECTION ( 'NONE',  ( -0.0000000000000000000, -1.000000000000000000, -0.0000000000000000000 ) ) ;
#6413 = AXIS2_PLACEMENT_3D ( 'NONE', #10605, #8640, #2033 ) ;
#6414 = AXIS2_PLACEMENT_3D ( 'NONE', #7700, #3147, #4066 ) ;
#6415 = ORIENTED_EDGE ( 'NONE', *, *, #10522, .F. ) ;
#6416 = ORIENTED_EDGE ( 'NONE', *, *, #2645, .T. ) ;
#6417 = EDGE_CURVE ( 'NONE', #6691, #12241, #10646, .T. ) ;
#6418 = ORIENTED_EDGE ( 'NONE', *, *, #6556, .T. ) ;
#6419 = ORIENTED_EDGE ( 'NONE', *, *, #2690, .F. ) ;
#6420 = DIRECTION ( 'NONE',  ( 0.0000000000000000000, 1.000000000000000000, 0.0000000000000000000 ) ) ;
#6421 = VERTEX_POINT ( 'NONE', #2081 ) ;
#6422 = EDGE_CURVE ( 'NONE', #11937, #2188, #4854, .T. ) ;
#6423 = CARTESIAN_POINT ( 'NONE',  ( 0.3499999999999998100, 0.1999999999999999800, 0.7542857142857142300 ) ) ;
#6424 = ORIENTED_EDGE ( 'NONE', *, *, #932, .T. ) ;
#6425 = FACE_OUTER_BOUND ( 'NONE', #5553, .T. ) ;
#6426 = CARTESIAN_POINT ( 'NONE',  ( -0.7083333333333332600, 0.2833333333333330500, 0.7179317890670646700 ) ) ;
#6427 = CARTESIAN_POINT ( 'NONE',  ( -0.7009674808963838300, 0.2031161375533250500, 0.7753937896621151400 ) ) ;
#6428 = DIRECTION ( 'NONE',  ( -0.0000000000000000000, 1.000000000000000000, -0.0000000000000000000 ) ) ;
#6429 = AXIS2_PLACEMENT_3D ( 'NONE', #5361, #10977, #625 ) ;
#6430 = EDGE_CURVE ( 'NONE', #5801, #10918, #6189, .T. ) ;
#6431 = VERTEX_POINT ( 'NONE', #1989 ) ;
#6432 = CARTESIAN_POINT ( 'NONE',  ( -0.6145492439110162900, 0.1963163790063007200, 0.7583338987429482100 ) ) ;
#6433 = DIRECTION ( 'NONE',  ( -0.0000000000000000000, -1.000000000000000000, -0.0000000000000000000 ) ) ;
#6434 = DIRECTION ( 'NONE',  ( 0.0000000000000000000, 1.000000000000000000, 0.0000000000000000000 ) ) ;
#6435 = ORIENTED_EDGE ( 'NONE', *, *, #2366, .T. ) ;
#6436 = VERTEX_POINT ( 'NONE', #5822 ) ;
#6437 = AXIS2_PLACEMENT_3D ( 'NONE', #5312, #12074, #11906 ) ;
#6438 = CARTESIAN_POINT ( 'NONE',  ( -0.6006149024590388100, 0.1957024421740175000, 0.7451986954032203700 ) ) ;
#6439 = ORIENTED_EDGE ( 'NONE', *, *, #7529, .T. ) ;
#6440 = EDGE_LOOP ( 'NONE', ( #6867, #2986, #11463, #5869 ) ) ;
#6441 = TOROIDAL_SURFACE ( 'NONE', #9017, 0.6666666666666639700, 0.5000000000000000000 ) ;
#6442 = DIRECTION ( 'NONE',  ( -0.0000000000000000000, 1.000000000000000000, 7.411538288475051500E-017 ) ) ;
#6443 = CYLINDRICAL_SURFACE ( 'NONE', #214, 0.02222222222222198000 ) ;
#6444 = LINE ( 'NONE', #6524, #4686 ) ;
#6445 = ORIENTED_EDGE ( 'NONE', *, *, #8752, .T. ) ;
#6446 = ADVANCED_FACE ( 'NONE', ( #4272 ), #7223, .F. ) ;
#6447 = VERTEX_POINT ( 'NONE', #9724 ) ;
#6448 = CARTESIAN_POINT ( 'NONE',  ( -0.4499999999999999600, 0.8792893218813447900, 0.1699999999999999600 ) ) ;
#6449 = DIRECTION ( 'NONE',  ( 0.0000000000000000000, 0.0000000000000000000, 1.000000000000000000 ) ) ;
#6450 = AXIS2_PLACEMENT_3D ( 'NONE', #6299, #1642, #9150 ) ;
#6451 = ORIENTED_EDGE ( 'NONE', *, *, #6994, .F. ) ;
#6452 = CARTESIAN_POINT ( 'NONE',  ( -0.4499999999999999600, 0.9499999999999999600, 0.1950000000000000600 ) ) ;
#6453 =( NAMED_UNIT ( * ) SI_UNIT ( $, .STERADIAN. ) SOLID_ANGLE_UNIT ( ) );
#6454 = CIRCLE ( 'NONE', #1047, 0.02222222222222198000 ) ;
#6455 = CIRCLE ( 'NONE', #5557, 0.02499999999999990400 ) ;
#6456 = CARTESIAN_POINT ( 'NONE',  ( 0.7064820718457066600, 0.2051706349123396700, 0.7703209492705880300 ) ) ;
#6457 = ORIENTED_EDGE ( 'NONE', *, *, #9430, .T. ) ;
#6458 = ORIENTED_EDGE ( 'NONE', *, *, #7195, .T. ) ;
#6459 = DIRECTION ( 'NONE',  ( 0.0000000000000000000, 0.0000000000000000000, 1.000000000000000000 ) ) ;
#6460 = ORIENTED_EDGE ( 'NONE', *, *, #3069, .T. ) ;
#6461 = ADVANCED_FACE ( 'NONE', ( #9577 ), #5742, .T. ) ;
#6462 = EDGE_CURVE ( 'NONE', #5244, #6721, #5470, .T. ) ;
#6463 = VECTOR ( 'NONE', #7072, 1000.000000000000000 ) ;
#6464 = DIRECTION ( 'NONE',  ( 0.0000000000000000000, 1.000000000000000000, 0.0000000000000000000 ) ) ;
#6465 = EDGE_CURVE ( 'NONE', #675, #1743, #3222, .T. ) ;
#6466 = VECTOR ( 'NONE', #10532, 1000.000000000000000 ) ;
#6467 = AXIS2_PLACEMENT_3D ( 'NONE', #7368, #4532, #6296 ) ;
#6468 = CARTESIAN_POINT ( 'NONE',  ( -0.9999999999999997800, 0.1999999999999999800, -0.7999999999999999300 ) ) ;
#6469 = ORIENTED_EDGE ( 'NONE', *, *, #6601, .T. ) ;
#6470 = VERTEX_POINT ( 'NONE', #3181 ) ;
#6471 =( NAMED_UNIT ( * ) PLANE_ANGLE_UNIT ( ) SI_UNIT ( $, .RADIAN. ) );
#6472 = DIRECTION ( 'NONE',  ( 0.0000000000000000000, 1.000000000000000000, 0.0000000000000000000 ) ) ;
#6473 = CIRCLE ( 'NONE', #4483, 0.02500000000000009200 ) ;
#6474 = CARTESIAN_POINT ( 'NONE',  ( -0.7043973906375803300, 0.2041291141935740500, 0.7732128744993025400 ) ) ;
#6475 = CARTESIAN_POINT ( 'NONE',  ( 0.6510934199995984700, 0.2910426493060034300, 0.7235339469219318500 ) ) ;
#6476 = EDGE_CURVE ( 'NONE', #10456, #982, #7372, .T. ) ;
#6477 = CARTESIAN_POINT ( 'NONE',  ( 0.6974420175181178500, 0.2990791924618332300, 0.7143037609543219100 ) ) ;
#6478 = VECTOR ( 'NONE', #4848, 1000.000000000000000 ) ;
#6479 = CARTESIAN_POINT ( 'NONE',  ( -0.6449999999999999100, 0.9499999999999999600, 0.2699999999999999600 ) ) ;
#6480 = FACE_OUTER_BOUND ( 'NONE', #2589, .T. ) ;
#6481 = VECTOR ( 'NONE', #5725, 1000.000000000000000 ) ;
#6482 = CARTESIAN_POINT ( 'NONE',  ( 0.6999999999999997300, 0.2868852459016391100, 0.7254702478983879900 ) ) ;
#6483 = CARTESIAN_POINT ( 'NONE',  ( -0.5974787100581953100, 0.1944401966788182600, 0.7469211907694458500 ) ) ;
#6484 = EDGE_CURVE ( 'NONE', #4397, #3119, #1761, .T. ) ;
#6485 = ORIENTED_EDGE ( 'NONE', *, *, #545, .T. ) ;
#6486 = DIRECTION ( 'NONE',  ( 0.0000000000000000000, -0.0000000000000000000, 1.000000000000000000 ) ) ;
#6487 = LINE ( 'NONE', #11094, #9155 ) ;
#6488 = VECTOR ( 'NONE', #11507, 1000.000000000000000 ) ;
#6489 = FACE_OUTER_BOUND ( 'NONE', #4897, .T. ) ;
#6490 = CARTESIAN_POINT ( 'NONE',  ( 0.9555555555555560500, 0.1900000000000000600, 0.7320634920634920800 ) ) ;
#6491 = CARTESIAN_POINT ( 'NONE',  ( 0.7354507560889832500, 0.1963163790063007500, 0.7583338987429479900 ) ) ;
#6492 = DIRECTION ( 'NONE',  ( 0.0000000000000000000, 0.0000000000000000000, 1.000000000000000000 ) ) ;
#6493 = TOROIDAL_SURFACE ( 'NONE', #6345, 0.02222222222222244900, 0.02222222222222200100 ) ;
#6494 = CARTESIAN_POINT ( 'NONE',  ( -0.7450000000000000000, 0.9499999999999999600, -0.1499999999999999100 ) ) ;
#6495 = EDGE_CURVE ( 'NONE', #1136, #7632, #9002, .T. ) ;
#6496 = LINE ( 'NONE', #7642, #4288 ) ;
#6497 = CARTESIAN_POINT ( 'NONE',  ( 0.5924195324333185700, 0.1922562464956353900, 0.7497100306319443000 ) ) ;
#6498 = FACE_OUTER_BOUND ( 'NONE', #3641, .T. ) ;
#6499 = DIRECTION ( 'NONE',  ( 0.0000000000000000000, 0.0000000000000000000, 1.000000000000000000 ) ) ;
#6500 = DIRECTION ( 'NONE',  ( 0.0000000000000000000, 1.000000000000000000, 0.0000000000000000000 ) ) ;
#6501 = DIRECTION ( 'NONE',  ( 0.0000000000000000000, 1.000000000000000000, 0.0000000000000000000 ) ) ;
#6502 = STYLED_ITEM ( 'NONE', ( #6398 ), #3685 ) ;
#6503 = CARTESIAN_POINT ( 'NONE',  ( -0.7111111111111138000, 0.5000000000000000000, 0.4653968253968282500 ) ) ;
#6504 = CLOSED_SHELL ( 'NONE', ( #6638, #5841, #6377, #8149 ) ) ;
#6505 = DIRECTION ( 'NONE',  ( 0.0000000000000000000, 0.0000000000000000000, 1.000000000000000000 ) ) ;
#6506 = DIRECTION ( 'NONE',  ( 0.0000000000000000000, 7.411538288475051500E-017, -1.000000000000000000 ) ) ;
#6507 = PRODUCT_DEFINITION ( 'UNKNOWN', '', #5094, #9230 ) ;
#6508 = VECTOR ( 'NONE', #8386, 1000.000000000000000 ) ;
#6509 = DIRECTION ( 'NONE',  ( 0.0000000000000000000, 1.000000000000000000, 0.0000000000000000000 ) ) ;
#6510 = DIRECTION ( 'NONE',  ( -1.000000000000000000, 0.0000000000000000000, 1.084202172485504800E-016 ) ) ;
#6511 = CYLINDRICAL_SURFACE ( 'NONE', #8203, 0.02499999999999997000 ) ;
#6512 = DIRECTION ( 'NONE',  ( 1.084202172485507000E-016, 0.0000000000000000000, 1.000000000000000000 ) ) ;
#6513 = VECTOR ( 'NONE', #11440, 1000.000000000000000 ) ;
#6514 =( NAMED_UNIT ( * ) PLANE_ANGLE_UNIT ( ) SI_UNIT ( $, .RADIAN. ) );
#6515 = ADVANCED_FACE ( 'NONE', ( #3963 ), #4978, .T. ) ;
#6516 = AXIS2_PLACEMENT_3D ( 'NONE', #7310, #9953, #11908 ) ;
#6517 = ORIENTED_EDGE ( 'NONE', *, *, #1405, .T. ) ;
#6518 = AXIS2_PLACEMENT_3D ( 'NONE', #1693, #2648, #4597 ) ;
#6519 = CARTESIAN_POINT ( 'NONE',  ( 0.7039543815476941900, 0.2945934328346852500, 0.6762037086153784800 ) ) ;
#6520 = CARTESIAN_POINT ( 'NONE',  ( 0.6459249062008428600, 0.2945883998788985700, 0.6762035187094416200 ) ) ;
#6521 = CARTESIAN_POINT ( 'NONE',  ( 0.7278802175890053400, 0.1997942971855667400, 0.7392490830567114400 ) ) ;
#6522 = DIRECTION ( 'NONE',  ( -0.0000000000000000000, 1.000000000000000000, -0.0000000000000000000 ) ) ;
#6523 = VECTOR ( 'NONE', #2090, 1000.000000000000000 ) ;
#6524 = CARTESIAN_POINT ( 'NONE',  ( -0.6000000000000000900, 0.9499999999999999600, 0.07499999999999994200 ) ) ;
#6525 = ORIENTED_EDGE ( 'NONE', *, *, #10355, .F. ) ;
#6526 = EDGE_CURVE ( 'NONE', #5402, #6682, #8272, .T. ) ;
#6527 = CARTESIAN_POINT ( 'NONE',  ( -0.5000000000000000000, 0.9499999999999999600, 0.1250000000000001400 ) ) ;
#6528 = ORIENTED_EDGE ( 'NONE', *, *, #7096, .T. ) ;
#6529 = CARTESIAN_POINT ( 'NONE',  ( -0.3100000000000000500, 1.000000000000000000, -0.1749999999999998500 ) ) ;
#6530 = DIRECTION ( 'NONE',  ( -1.000000000000000000, 0.0000000000000000000, 1.479738666953786500E-016 ) ) ;
#6531 = DIRECTION ( 'NONE',  ( 0.0000000000000000000, -1.185846126156016300E-015, 1.000000000000000000 ) ) ;
#6532 = ORIENTED_EDGE ( 'NONE', *, *, #9867, .F. ) ;
#6533 = ORIENTED_EDGE ( 'NONE', *, *, #8141, .T. ) ;
#6534 = DIRECTION ( 'NONE',  ( 0.0000000000000000000, 0.0000000000000000000, 1.000000000000000000 ) ) ;
#6535 = FILL_AREA_STYLE_COLOUR ( '', #8103 ) ;
#6536 = EDGE_CURVE ( 'NONE', #7505, #6394, #1013, .T. ) ;
#6537 = CARTESIAN_POINT ( 'NONE',  ( -0.5000000000000000000, 0.9499999999999999600, 0.1250000000000001400 ) ) ;
#6538 = DIRECTION ( 'NONE',  ( 1.000000000000000000, 0.0000000000000000000, 0.0000000000000000000 ) ) ;
#6539 = EDGE_CURVE ( 'NONE', #83, #6308, #6963, .T. ) ;
#6540 = ORIENTED_EDGE ( 'NONE', *, *, #489, .F. ) ;
#6541 = DIRECTION ( 'NONE',  ( -2.790226179190637400E-016, 0.0000000000000000000, -1.000000000000000000 ) ) ;
#6542 = CARTESIAN_POINT ( 'NONE',  ( -0.6899999999999999500, 0.9499999999999999600, -0.1250000000000000600 ) ) ;
#6543 = ORIENTED_EDGE ( 'NONE', *, *, #8954, .T. ) ;
#6544 = DIRECTION ( 'NONE',  ( 0.0000000000000000000, 0.0000000000000000000, -1.000000000000000000 ) ) ;
#6545 = EDGE_LOOP ( 'NONE', ( #7446, #4321, #5833, #5948, #6532, #7730 ) ) ;
#6546 = DIRECTION ( 'NONE',  ( -1.000000000000000000, 0.0000000000000000000, 1.084202172485504400E-016 ) ) ;
#6547 = CARTESIAN_POINT ( 'NONE',  ( -0.6449999999999999100, 0.9499999999999999600, 0.2450000000000001100 ) ) ;
#6548 = ORIENTED_EDGE ( 'NONE', *, *, #2600, .F. ) ;
#6549 = AXIS2_PLACEMENT_3D ( 'NONE', #7480, #1669, #10310 ) ;
#6550 = VERTEX_POINT ( 'NONE', #11612 ) ;
#6551 = MANIFOLD_SOLID_BREP ( 'Combine4', #11206 ) ;
#6552 = ORIENTED_EDGE ( 'NONE', *, *, #3846, .T. ) ;
#6553 = EDGE_LOOP ( 'NONE', ( #11098, #1947, #2762, #5327 ) ) ;
#6554 = EDGE_LOOP ( 'NONE', ( #10579, #1243, #2964, #2447 ) ) ;
#6555 = DIRECTION ( 'NONE',  ( 0.0000000000000000000, 0.0000000000000000000, -1.000000000000000000 ) ) ;
#6556 = EDGE_CURVE ( 'NONE', #8110, #11085, #4259, .T. ) ;
#6557 = ORIENTED_EDGE ( 'NONE', *, *, #2332, .F. ) ;
#6558 = CARTESIAN_POINT ( 'NONE',  ( 0.6424601022617862900, 0.2884145057525782700, 0.6790385715298640200 ) ) ;
#6559 = FACE_OUTER_BOUND ( 'NONE', #585, .T. ) ;
#6560 = EDGE_CURVE ( 'NONE', #2282, #12060, #3355, .T. ) ;
#6561 = AXIS2_PLACEMENT_3D ( 'NONE', #9544, #6814, #5873 ) ;
#6562 = CARTESIAN_POINT ( 'NONE',  ( -0.9555555555555553800, 0.9777777777777779700, 0.7098412698412699400 ) ) ;
#6563 = VERTEX_POINT ( 'NONE', #7207 ) ;
#6564 = CARTESIAN_POINT ( 'NONE',  ( -0.5500000000000001600, 0.9499999999999999600, 0.1950000000000000600 ) ) ;
#6565 = ORIENTED_EDGE ( 'NONE', *, *, #9162, .F. ) ;
#6566 = CARTESIAN_POINT ( 'NONE',  ( -0.5000000000000000000, 1.000000000000000000, -0.09999999999999993600 ) ) ;
#6567 = ORIENTED_EDGE ( 'NONE', *, *, #5378, .F. ) ;
#6568 = VERTEX_POINT ( 'NONE', #8862 ) ;
#6569 = DIRECTION ( 'NONE',  ( -0.0000000000000000000, -1.000000000000000000, -0.0000000000000000000 ) ) ;
#6570 = EDGE_LOOP ( 'NONE', ( #11345, #3005, #3141, #9393 ) ) ;
#6571 = AXIS2_PLACEMENT_3D ( 'NONE', #8611, #2948, #3945 ) ;
#6572 = ORIENTED_EDGE ( 'NONE', *, *, #5257, .T. ) ;
#6573 = PRESENTATION_STYLE_ASSIGNMENT (( #10301 ) ) ;
#6574 = ADVANCED_FACE ( 'NONE', ( #6330 ), #9027, .T. ) ;
#6575 = TOROIDAL_SURFACE ( 'NONE', #6669, 0.04444444444444400200, 0.02222222222222200100 ) ;
#6576 = FACE_OUTER_BOUND ( 'NONE', #1002, .T. ) ;
#6577 = ORIENTED_EDGE ( 'NONE', *, *, #10950, .T. ) ;
#6578 = ORIENTED_EDGE ( 'NONE', *, *, #4582, .T. ) ;
#6579 = DIRECTION ( 'NONE',  ( 0.0000000000000000000, 0.0000000000000000000, 1.000000000000000000 ) ) ;
#6580 = EDGE_LOOP ( 'NONE', ( #5292, #5458, #5594, #8097 ) ) ;
#6581 = ORIENTED_EDGE ( 'NONE', *, *, #6108, .F. ) ;
#6582 = CARTESIAN_POINT ( 'NONE',  ( 0.9555555555555551600, 1.000000000000000000, -0.7777777777777781200 ) ) ;
#6583 = DIRECTION ( 'NONE',  ( 0.0000000000000000000, 1.000000000000000000, 0.0000000000000000000 ) ) ;
#6584 = CARTESIAN_POINT ( 'NONE',  ( 0.6583333333333331000, 0.2950819672131146400, 0.7216981796386450200 ) ) ;
#6585 = ORIENTED_EDGE ( 'NONE', *, *, #1490, .F. ) ;
#6586 = AXIS2_PLACEMENT_3D ( 'NONE', #10710, #10753, #11795 ) ;
#6587 = EDGE_CURVE ( 'NONE', #11102, #7540, #11375, .T. ) ;
#6588 = CARTESIAN_POINT ( 'NONE',  ( 1.000000000000000200, 0.8222222222222219700, 0.7542857142857141200 ) ) ;
#6589 = DIRECTION ( 'NONE',  ( 1.000000000000000000, 0.0000000000000000000, -1.790425605939365600E-016 ) ) ;
#6590 = FACE_OUTER_BOUND ( 'NONE', #4107, .T. ) ;
#6591 = FACE_OUTER_BOUND ( 'NONE', #6110, .T. ) ;
#6592 = CARTESIAN_POINT ( 'NONE',  ( -0.7450000000000000000, 0.8792893218813447900, 0.1249999999999998900 ) ) ;
#6593 = COLOUR_RGB ( '',1.000000000000000000, 1.000000000000000000, 1.000000000000000000 ) ;
#6594 = ORIENTED_EDGE ( 'NONE', *, *, #10813, .F. ) ;
#6595 = AXIS2_PLACEMENT_3D ( 'NONE', #12057, #9032, #9937 ) ;
#6596 = ORIENTED_EDGE ( 'NONE', *, *, #8860, .F. ) ;
#6597 = ORIENTED_EDGE ( 'NONE', *, *, #2052, .F. ) ;
#6598 = ORIENTED_EDGE ( 'NONE', *, *, #76, .T. ) ;
#6599 = DIRECTION ( 'NONE',  ( 0.0000000000000000000, 0.0000000000000000000, -1.000000000000000000 ) ) ;
#6600 = CYLINDRICAL_SURFACE ( 'NONE', #4250, 0.02500000000000006400 ) ;
#6601 = EDGE_CURVE ( 'NONE', #2584, #1841, #11695, .T. ) ;
#6602 = CIRCLE ( 'NONE', #2709, 0.02222222222222241400 ) ;
#6603 = VERTEX_POINT ( 'NONE', #589 ) ;
#6604 = ORIENTED_EDGE ( 'NONE', *, *, #4200, .F. ) ;
#6605 = DIRECTION ( 'NONE',  ( 0.0000000000000000000, 0.0000000000000000000, 1.000000000000000000 ) ) ;
#6606 = DIRECTION ( 'NONE',  ( -0.0000000000000000000, 1.000000000000000000, -0.0000000000000000000 ) ) ;
#6607 = AXIS2_PLACEMENT_3D ( 'NONE', #868, #4700, #6534 ) ;
#6608 = ORIENTED_EDGE ( 'NONE', *, *, #1648, .F. ) ;
#6609 = DIRECTION ( 'NONE',  ( 0.0000000000000000000, 0.0000000000000000000, 1.000000000000000000 ) ) ;
#6610 = CARTESIAN_POINT ( 'NONE',  ( -0.6527669941508571500, 0.2930448424789424700, 0.7226186160209815400 ) ) ;
#6611 = CIRCLE ( 'NONE', #7808, 0.02499999999999984900 ) ;
#6612 = DIRECTION ( 'NONE',  ( -0.0000000000000000000, -1.000000000000000000, -0.0000000000000000000 ) ) ;
#6613 = DIRECTION ( 'NONE',  ( 0.0000000000000000000, 1.000000000000000000, 0.0000000000000000000 ) ) ;
#6614 = DIRECTION ( 'NONE',  ( 0.0000000000000000000, 1.000000000000000000, 0.0000000000000000000 ) ) ;
#6615 = VECTOR ( 'NONE', #10922, 1000.000000000000000 ) ;
#6616 = LINE ( 'NONE', #10832, #884 ) ;
#6617 = CARTESIAN_POINT ( 'NONE',  ( -0.3100000000000000500, 0.9499999999999999600, -0.1499999999999999100 ) ) ;
#6618 = ORIENTED_EDGE ( 'NONE', *, *, #778, .F. ) ;
#6619 = ORIENTED_EDGE ( 'NONE', *, *, #6794, .F. ) ;
#6620 = EDGE_CURVE ( 'NONE', #5682, #2188, #3652, .T. ) ;
#6621 = EDGE_CURVE ( 'NONE', #83, #6235, #733, .T. ) ;
#6622 = CARTESIAN_POINT ( 'NONE',  ( -0.5000000000000000000, 0.9499999999999999600, -0.09999999999999993600 ) ) ;
#6623 = EDGE_CURVE ( 'NONE', #3749, #7165, #7906, .T. ) ;
#6624 = FACE_OUTER_BOUND ( 'NONE', #674, .T. ) ;
#6625 = LINE ( 'NONE', #1558, #4724 ) ;
#6626 = AXIS2_PLACEMENT_3D ( 'NONE', #766, #9210, #11076 ) ;
#6627 = DIRECTION ( 'NONE',  ( -0.0000000000000000000, 1.000000000000000000, -0.0000000000000000000 ) ) ;
#6628 = FACE_OUTER_BOUND ( 'NONE', #3238, .T. ) ;
#6629 = CIRCLE ( 'NONE', #3242, 0.02500000000000006400 ) ;
#6630 = DIRECTION ( 'NONE',  ( 0.0000000000000000000, 0.0000000000000000000, 1.000000000000000000 ) ) ;
#6631 = CARTESIAN_POINT ( 'NONE',  ( -0.7450000000000000000, 1.000000000000000000, 0.1249999999999998900 ) ) ;
#6632 = DIRECTION ( 'NONE',  ( 0.0000000000000000000, 0.0000000000000000000, -1.000000000000000000 ) ) ;
#6633 = CARTESIAN_POINT ( 'NONE',  ( -0.3550000000000000400, 0.9499999999999999600, -0.2450000000000000000 ) ) ;
#6634 = UNCERTAINTY_MEASURE_WITH_UNIT (LENGTH_MEASURE( 1.000000000000000100E-005 ), #5924, 'distance_accuracy_value', 'NONE');
#6635 = CARTESIAN_POINT ( 'NONE',  ( -0.3499999999999997000, 0.1900000000000000600, 0.7320634920634920800 ) ) ;
#6636 = VECTOR ( 'NONE', #7922, 1000.000000000000000 ) ;
#6637 = EDGE_CURVE ( 'NONE', #8817, #2848, #3066, .T. ) ;
#6638 = ADVANCED_FACE ( 'NONE', ( #7360 ), #6177, .T. ) ;
#6639 = ORIENTED_EDGE ( 'NONE', *, *, #6749, .F. ) ;
#6640 = DIRECTION ( 'NONE',  ( 0.0000000000000000000, 1.000000000000000000, -0.0000000000000000000 ) ) ;
#6641 = CARTESIAN_POINT ( 'NONE',  ( 0.6916666666666663200, 0.2999999999999997100, 0.6738059225679082800 ) ) ;
#6642 = SURFACE_STYLE_FILL_AREA ( #10275 ) ;
#6643 = CARTESIAN_POINT ( 'NONE',  ( -0.3549999999999999800, 0.9499999999999999600, 0.2200000000000001400 ) ) ;
#6644 = CYLINDRICAL_SURFACE ( 'NONE', #5787, 0.02499999999999997000 ) ;
#6645 = DIRECTION ( 'NONE',  ( 0.0000000000000000000, -0.0000000000000000000, 1.000000000000000000 ) ) ;
#6646 = EDGE_LOOP ( 'NONE', ( #5540, #11045, #7432, #186 ) ) ;
#6647 = CARTESIAN_POINT ( 'NONE',  ( -0.5000000000000000000, 1.000000000000000000, 0.1000000000000000500 ) ) ;
#6648 = AXIS2_PLACEMENT_3D ( 'NONE', #11656, #291, #9623 ) ;
#6649 = DIRECTION ( 'NONE',  ( -0.0000000000000000000, 1.000000000000000000, -0.0000000000000000000 ) ) ;
#6650 = DIRECTION ( 'NONE',  ( 0.0000000000000000000, 0.0000000000000000000, 1.000000000000000000 ) ) ;
#6651 = ADVANCED_FACE ( 'NONE', ( #1747 ), #9139, .T. ) ;
#6652 = EDGE_CURVE ( 'NONE', #3604, #431, #4416, .T. ) ;
#6653 = DIRECTION ( 'NONE',  ( 6.661710357599454500E-016, -0.0000000000000000000, 1.000000000000000000 ) ) ;
#6654 = CARTESIAN_POINT ( 'NONE',  ( -0.7874999999999999800, 0.9499999999999999600, 8.131516293641283300E-017 ) ) ;
#6655 = COLOUR_RGB ( '',1.000000000000000000, 1.000000000000000000, 1.000000000000000000 ) ;
#6656 = DIRECTION ( 'NONE',  ( -0.0000000000000000000, 1.000000000000000000, -0.0000000000000000000 ) ) ;
#6657 = AXIS2_PLACEMENT_3D ( 'NONE', #4232, #8944, #7958 ) ;
#6658 = CARTESIAN_POINT ( 'NONE',  ( -0.7874999999999999800, 0.9499999999999999600, -0.02500000000000000100 ) ) ;
#6659 = CYLINDRICAL_SURFACE ( 'NONE', #1481, 0.02500000000000007800 ) ;
#6660 = CARTESIAN_POINT ( 'NONE',  ( -0.5000000000000000000, 0.9499999999999999600, 0.02500000000000013700 ) ) ;
#6661 = CARTESIAN_POINT ( 'NONE',  ( -0.6408550897814621100, 0.1999936387402992400, 0.7783733613303477300 ) ) ;
#6662 = AXIS2_PLACEMENT_3D ( 'NONE', #1169, #7650, #8594 ) ;
#6663 = CARTESIAN_POINT ( 'NONE',  ( 0.6565929524104361400, 0.3000000000000000400, 0.7140968530029925300 ) ) ;
#6664 = CARTESIAN_POINT ( 'NONE',  ( 0.7405724334383293500, 0.01550589277616438100, 0.7740966102710353800 ) ) ;
#6665 = VECTOR ( 'NONE', #8298, 1000.000000000000000 ) ;
#6666 = EDGE_LOOP ( 'NONE', ( #935, #5291, #5445, #9842 ) ) ;
#6667 = VERTEX_POINT ( 'NONE', #9235 ) ;
#6668 = CARTESIAN_POINT ( 'NONE',  ( -0.6203711928763893100, 0.005574116291095832800, 0.7549833180787517400 ) ) ;
#6669 = AXIS2_PLACEMENT_3D ( 'NONE', #7488, #1066, #7683 ) ;
#6670 = LINE ( 'NONE', #10857, #11912 ) ;
#6671 = EDGE_LOOP ( 'NONE', ( #692, #3333 ) ) ;
#6672 = ORIENTED_EDGE ( 'NONE', *, *, #2221, .T. ) ;
#6673 = DIRECTION ( 'NONE',  ( 0.0000000000000000000, 0.0000000000000000000, 1.000000000000000000 ) ) ;
#6674 = CARTESIAN_POINT ( 'NONE',  ( -0.7450000000000000000, 0.9499999999999999600, -0.1249999999999998300 ) ) ;
#6675 = VECTOR ( 'NONE', #1138, 1000.000000000000000 ) ;
#6676 = DIRECTION ( 'NONE',  ( -0.0000000000000000000, 1.000000000000000000, -0.0000000000000000000 ) ) ;
#6677 = EDGE_CURVE ( 'NONE', #10331, #1606, #11105, .T. ) ;
#6678 = EDGE_CURVE ( 'NONE', #9219, #5667, #12009, .T. ) ;
#6679 = ORIENTED_EDGE ( 'NONE', *, *, #9976, .F. ) ;
#6680 = CARTESIAN_POINT ( 'NONE',  ( -0.7416666666666664700, 0.1777777777777780100, 0.7765079365079362600 ) ) ;
#6681 = CARTESIAN_POINT ( 'NONE',  ( 0.6916666666666664300, 0.3000000000000000400, 0.7194884916631644200 ) ) ;
#6682 = VERTEX_POINT ( 'NONE', #10248 ) ;
#6683 = CARTESIAN_POINT ( 'NONE',  ( -0.9555555555555553800, 0.1999999999999999800, -0.7555555555555555400 ) ) ;
#6684 = CARTESIAN_POINT ( 'NONE',  ( 0.9777777777777779700, 0.1999999999999999800, -2.728221152986401400E-016 ) ) ;
#6685 = AXIS2_PLACEMENT_3D ( 'NONE', #2741, #7401, #10314 ) ;
#6686 = ADVANCED_FACE ( 'NONE', ( #3950 ), #11008, .F. ) ;
#6687 = ORIENTED_EDGE ( 'NONE', *, *, #7456, .T. ) ;
#6688 = ORIENTED_EDGE ( 'NONE', *, *, #7494, .F. ) ;
#6689 = DIRECTION ( 'NONE',  ( 1.000000000000000000, -0.0000000000000000000, -0.0000000000000000000 ) ) ;
#6690 = ORIENTED_EDGE ( 'NONE', *, *, #1597, .T. ) ;
#6691 = VERTEX_POINT ( 'NONE', #12104 ) ;
#6692 = AXIS2_PLACEMENT_3D ( 'NONE', #2736, #6847, #330 ) ;
#6693 = DIRECTION ( 'NONE',  ( 0.0000000000000000000, 0.0000000000000000000, -1.000000000000000000 ) ) ;
#6694 = ORIENTED_EDGE ( 'NONE', *, *, #3650, .T. ) ;
#6695 = CARTESIAN_POINT ( 'NONE',  ( 0.6916666666666663200, 0.3000000000000000400, 0.7140968530029925300 ) ) ;
#6696 = CARTESIAN_POINT ( 'NONE',  ( -0.9555555555555553800, 0.8000000000000000400, 0.7098412698412699400 ) ) ;
#6697 = VECTOR ( 'NONE', #10221, 1000.000000000000000 ) ;
#6698 = CARTESIAN_POINT ( 'NONE',  ( -0.9999999999999997800, 0.1999999999999999800, -0.7999999999999999300 ) ) ;
#6699 = EDGE_CURVE ( 'NONE', #6146, #11616, #11529, .T. ) ;
#6700 = CARTESIAN_POINT ( 'NONE',  ( -0.7450000000000000000, 1.000000000000000000, -0.1749999999999999600 ) ) ;
#6701 = EDGE_LOOP ( 'NONE', ( #844, #7631, #4509, #6439 ) ) ;
#6702 = ORIENTED_EDGE ( 'NONE', *, *, #2914, .F. ) ;
#6703 = CARTESIAN_POINT ( 'NONE',  ( -0.9555555555555553800, 0.1999999999999999800, -0.7777777777777779000 ) ) ;
#6704 = ADVANCED_FACE ( 'NONE', ( #9873 ), #4116, .T. ) ;
#6705 = ORIENTED_EDGE ( 'NONE', *, *, #8736, .F. ) ;
#6706 = ORIENTED_EDGE ( 'NONE', *, *, #11970, .T. ) ;
#6707 = ORIENTED_EDGE ( 'NONE', *, *, #951, .F. ) ;
#6708 = LINE ( 'NONE', #10064, #3457 ) ;
#6709 = AXIS2_PLACEMENT_3D ( 'NONE', #1275, #4130, #10686 ) ;
#6710 = PLANE ( 'NONE',  #6274 ) ;
#6711 = LINE ( 'NONE', #8246, #1102 ) ;
#6712 = AXIS2_PLACEMENT_3D ( 'NONE', #7246, #8078, #498 ) ;
#6713 = EDGE_LOOP ( 'NONE', ( #2460, #5018, #5569, #809 ) ) ;
#6714 = EDGE_CURVE ( 'NONE', #2632, #9514, #8686, .T. ) ;
#6715 = ORIENTED_EDGE ( 'NONE', *, *, #3650, .F. ) ;
#6716 = ORIENTED_EDGE ( 'NONE', *, *, #10693, .F. ) ;
#6717 = CARTESIAN_POINT ( 'NONE',  ( -0.6003762411352245900, 0.006640246951668221500, 0.7481130168583891600 ) ) ;
#6718 = CARTESIAN_POINT ( 'NONE',  ( 0.7255032344064539200, 0.1999924009218651500, 0.7333187970866977800 ) ) ;
#6719 = DIRECTION ( 'NONE',  ( 1.000000000000000000, 0.0000000000000000000, 0.0000000000000000000 ) ) ;
#6720 = AXIS2_PLACEMENT_3D ( 'NONE', #7643, #6724, #10507 ) ;
#6721 = VERTEX_POINT ( 'NONE', #8450 ) ;
#6722 = CARTESIAN_POINT ( 'NONE',  ( -0.6433452376388926200, 0.2936653686296066300, 0.7222844232644947100 ) ) ;
#6723 = SURFACE_STYLE_FILL_AREA ( #4043 ) ;
#6724 = DIRECTION ( 'NONE',  ( 0.0000000000000000000, -1.000000000000000000, 0.0000000000000000000 ) ) ;
#6725 = CYLINDRICAL_SURFACE ( 'NONE', #10838, 0.02500000000000002900 ) ;
#6726 = CARTESIAN_POINT ( 'NONE',  ( -0.9555555555555553800, 0.1899999999999999700, -0.7555555555555555400 ) ) ;
#6727 = ORIENTED_EDGE ( 'NONE', *, *, #10276, .T. ) ;
#6728 = CARTESIAN_POINT ( 'NONE',  ( 0.7100595768915805000, 0.2083333333333335100, 0.7777777777777817900 ) ) ;
#6729 = VERTEX_POINT ( 'NONE', #11439 ) ;
#6730 = DIRECTION ( 'NONE',  ( -2.439454888092411400E-015, 0.0000000000000000000, -1.000000000000000000 ) ) ;
#6731 = DIRECTION ( 'NONE',  ( 0.0000000000000000000, 1.000000000000000000, 0.0000000000000000000 ) ) ;
#6732 = CARTESIAN_POINT ( 'NONE',  ( -0.7450000000000000000, 0.9499999999999999600, 0.1499999999999999700 ) ) ;
#6734 = VERTEX_POINT ( 'NONE', #6695 ) ;
#6733 = LINE ( 'NONE', #7491, #4238 ) ;
#6735 = AXIS2_PLACEMENT_3D ( 'NONE', #8939, #6958, #4183 ) ;
#6736 = ORIENTED_EDGE ( 'NONE', *, *, #4263, .F. ) ;
#6737 = CIRCLE ( 'NONE', #2211, 0.04444444444444439100 ) ;
#6738 = CYLINDRICAL_SURFACE ( 'NONE', #9925, 0.02499999999999984900 ) ;
#6739 = FILL_AREA_STYLE_COLOUR ( '', #10026 ) ;
#6740 = SURFACE_STYLE_USAGE ( .BOTH. , #1925 ) ;
#6741 = ORIENTED_EDGE ( 'NONE', *, *, #10568, .F. ) ;
#6742 = ORIENTED_EDGE ( 'NONE', *, *, #9385, .F. ) ;
#6743 = DIRECTION ( 'NONE',  ( 1.000000000000000000, -0.0000000000000000000, -1.084202172485504800E-016 ) ) ;
#6744 = CARTESIAN_POINT ( 'NONE',  ( 0.7449578020309591800, 0.1857846604878618800, 0.7554876785798641000 ) ) ;
#6745 = DIRECTION ( 'NONE',  ( 0.0000000000000000000, -0.0000000000000000000, 1.000000000000000000 ) ) ;
#6746 = CARTESIAN_POINT ( 'NONE',  ( 0.7399488961350799700, 0.01418164343124931000, 0.7727980887712239100 ) ) ;
#6747 = ORIENTED_EDGE ( 'NONE', *, *, #4480, .F. ) ;
#6748 = AXIS2_PLACEMENT_3D ( 'NONE', #1759, #8359, #8244 ) ;
#6749 = EDGE_CURVE ( 'NONE', #1706, #7053, #998, .T. ) ;
#6750 =( NAMED_UNIT ( * ) SI_UNIT ( $, .STERADIAN. ) SOLID_ANGLE_UNIT ( ) );
#6751 = CIRCLE ( 'NONE', #235, 0.02500000000000008100 ) ;
#6752 = PLANE ( 'NONE',  #204 ) ;
#6753 = ORIENTED_EDGE ( 'NONE', *, *, #1941, .F. ) ;
#6754 = ORIENTED_EDGE ( 'NONE', *, *, #2234, .T. ) ;
#6755 = ADVANCED_FACE ( 'NONE', ( #10802 ), #8992, .T. ) ;
#6756 = CARTESIAN_POINT ( 'NONE',  ( -0.7449578020309476400, 0.1857846604878906900, 0.7554876785798520000 ) ) ;
#6757 = EDGE_CURVE ( 'NONE', #3474, #11784, #8542, .T. ) ;
#6758 = DIRECTION ( 'NONE',  ( -0.0000000000000000000, -1.000000000000000000, 0.0000000000000000000 ) ) ;
#6759 = FACE_OUTER_BOUND ( 'NONE', #1721, .T. ) ;
#6760 = LINE ( 'NONE', #6891, #11854 ) ;
#6761 = CARTESIAN_POINT ( 'NONE',  ( 0.9555555555555560500, 0.1777777777777780100, 0.7542857142857141200 ) ) ;
#6762 = DIRECTION ( 'NONE',  ( 0.0000000000000000000, -1.000000000000000000, 0.0000000000000000000 ) ) ;
#6763 = CARTESIAN_POINT ( 'NONE',  ( 0.3499999999999998100, 0.1777777777777780100, -0.8000000000000000400 ) ) ;
#6764 = VECTOR ( 'NONE', #1038, 1000.000000000000000 ) ;
#6765 = FACE_OUTER_BOUND ( 'NONE', #886, .T. ) ;
#6766 = AXIS2_PLACEMENT_3D ( 'NONE', #7575, #11368, #1045 ) ;
#6767 = CARTESIAN_POINT ( 'NONE',  ( -0.6583333333333332100, 0.3000000000000000400, 0.7194884916631644200 ) ) ;
#6768 = DIRECTION ( 'NONE',  ( 1.219727444046193900E-014, 0.0000000000000000000, -1.000000000000000000 ) ) ;
#6769 = CARTESIAN_POINT ( 'NONE',  ( 0.6998449121828189700, 0.2999054912461895400, 0.7195244329438522700 ) ) ;
#6770 = ADVANCED_FACE ( 'NONE', ( #2921 ), #11323, .T. ) ;
#6771 = CARTESIAN_POINT ( 'NONE',  ( -0.2125000000000000200, 0.9499999999999999600, 8.131516293641283300E-017 ) ) ;
#6772 = DIRECTION ( 'NONE',  ( -0.0000000000000000000, -1.000000000000000000, -0.0000000000000000000 ) ) ;
#6773 = FACE_OUTER_BOUND ( 'NONE', #11533, .T. ) ;
#6774 = CARTESIAN_POINT ( 'NONE',  ( -0.6000000000000000900, 1.000000000000000000, 0.07499999999999992800 ) ) ;
#6775 = LINE ( 'NONE', #4732, #6934 ) ;
#6776 = EDGE_CURVE ( 'NONE', #8110, #7773, #10801, .T. ) ;
#6777 = ORIENTED_EDGE ( 'NONE', *, *, #3959, .F. ) ;
#6778 = MANIFOLD_SOLID_BREP ( 'Boss-Extrude4[15]', #10871 ) ;
#6779 = DIRECTION ( 'NONE',  ( 0.0000000000000000000, -0.0000000000000000000, -1.000000000000000000 ) ) ;
#6780 = DIRECTION ( 'NONE',  ( 4.878909776184822800E-015, 0.0000000000000000000, 1.000000000000000000 ) ) ;
#6781 = CARTESIAN_POINT ( 'NONE',  ( -0.6999999999999997300, 0.2868852459016391100, 0.7254702478983879900 ) ) ;
#6782 = CARTESIAN_POINT ( 'NONE',  ( -0.6403911187613901000, 0.1999999999999996500, 0.7780848714817114600 ) ) ;
#6783 = CARTESIAN_POINT ( 'NONE',  ( -0.3100000000000000500, 0.9499999999999999600, -0.1249999999999999400 ) ) ;
#6784 = CARTESIAN_POINT ( 'NONE',  ( 0.6484430086113270900, 0.1997656017279599000, 0.7809969016383353500 ) ) ;
#6785 = CIRCLE ( 'NONE', #3246, 0.02222222222222241400 ) ;
#6786 = DIRECTION ( 'NONE',  ( 0.0000000000000000000, 1.000000000000000000, 0.0000000000000000000 ) ) ;
#6787 = DIRECTION ( 'NONE',  ( -2.220570119199817400E-016, -0.0000000000000000000, 1.000000000000000000 ) ) ;
#6788 = ADVANCED_FACE ( 'NONE', ( #10472 ), #2800, .T. ) ;
#6789 = AXIS2_PLACEMENT_3D ( 'NONE', #4357, #504, #3311 ) ;
#6790 = DIRECTION ( 'NONE',  ( -0.0000000000000000000, -1.000000000000000000, -0.0000000000000000000 ) ) ;
#6791 = FILL_AREA_STYLE ('',( #5837 ) ) ;
#6792 = FILL_AREA_STYLE ('',( #5762 ) ) ;
#6793 = CARTESIAN_POINT ( 'NONE',  ( 0.6534391122540854600, 0.2950003674461796300, 0.7217348426768172000 ) ) ;
#6794 = EDGE_CURVE ( 'NONE', #5235, #6324, #1461, .T. ) ;
#6795 = CIRCLE ( 'NONE', #1380, 0.04444444444444396000 ) ;
#6796 = EDGE_LOOP ( 'NONE', ( #7051, #3589 ) ) ;
#6797 = CARTESIAN_POINT ( 'NONE',  ( -0.7425340344846429500, 0.1985950705671670500, 0.7414265418221238600 ) ) ;
#6798 = DIRECTION ( 'NONE',  ( 0.0000000000000000000, 1.000000000000000000, 0.0000000000000000000 ) ) ;
#6799 = AXIS2_PLACEMENT_3D ( 'NONE', #4153, #5911, #5107 ) ;
#6800 = FACE_OUTER_BOUND ( 'NONE', #10936, .T. ) ;
#6801 = CARTESIAN_POINT ( 'NONE',  ( 0.9777777777777777500, 0.02222222222222208800, -0.7555555555555557600 ) ) ;
#6802 = AXIS2_PLACEMENT_3D ( 'NONE', #1730, #2529, #12065 ) ;
#6803 = LINE ( 'NONE', #5723, #7407 ) ;
#6804 = DIRECTION ( 'NONE',  ( 0.0000000000000000000, 0.0000000000000000000, 1.000000000000000000 ) ) ;
#6805 = DIRECTION ( 'NONE',  ( 0.0000000000000000000, -1.000000000000000000, 0.0000000000000000000 ) ) ;
#6806 = ORIENTED_EDGE ( 'NONE', *, *, #10861, .F. ) ;
#6807 = CARTESIAN_POINT ( 'NONE',  ( -0.6900000000000000600, 1.000000000000000000, 0.1499999999999999700 ) ) ;
#6808 = DIRECTION ( 'NONE',  ( 0.0000000000000000000, 1.000000000000000000, -0.0000000000000000000 ) ) ;
#6809 = CARTESIAN_POINT ( 'NONE',  ( 0.6083333333333331700, 0.02222222222222208800, 0.7765079365079360400 ) ) ;
#6810 = CARTESIAN_POINT ( 'NONE',  ( -0.5000000000000000000, 0.9499999999999999600, -0.09999999999999993600 ) ) ;
#6811 = EDGE_CURVE ( 'NONE', #1713, #10299, #1145, .T. ) ;
#6812 = ADVANCED_FACE ( 'NONE', ( #2342 ), #3505, .T. ) ;
#6813 = LINE ( 'NONE', #11494, #6523 ) ;
#6814 = DIRECTION ( 'NONE',  ( 0.0000000000000000000, 1.000000000000000000, 0.0000000000000000000 ) ) ;
#6815 = VERTEX_POINT ( 'NONE', #7782 ) ;
#6816 = AXIS2_PLACEMENT_3D ( 'NONE', #1889, #8571, #10365 ) ;
#6817 = EDGE_LOOP ( 'NONE', ( #1463, #965, #521, #2923 ) ) ;
#6818 = CARTESIAN_POINT ( 'NONE',  ( 0.6166005346944701800, 0.1979675739712919700, 0.7530762765642599100 ) ) ;
#6819 =( NAMED_UNIT ( * ) PLANE_ANGLE_UNIT ( ) SI_UNIT ( $, .RADIAN. ) );
#6820 = CARTESIAN_POINT ( 'NONE',  ( -0.3499999999999998100, 0.02222222222222208800, -0.8000000000000000400 ) ) ;
#6821 = AXIS2_PLACEMENT_3D ( 'NONE', #1911, #6606, #2780 ) ;
#6822 = CARTESIAN_POINT ( 'NONE',  ( 0.6083333333333331700, 0.1777777777777780100, 0.7765079365079360400 ) ) ;
#6823 = DIRECTION ( 'NONE',  ( 0.0000000000000000000, 1.000000000000000000, 0.0000000000000000000 ) ) ;
#6824 = CARTESIAN_POINT ( 'NONE',  ( -0.5000000000000000000, 1.000000000000000000, 0.1000000000000000500 ) ) ;
#6825 = DIRECTION ( 'NONE',  ( -0.0000000000000000000, 1.000000000000000000, 0.0000000000000000000 ) ) ;
#6826 = ORIENTED_EDGE ( 'NONE', *, *, #1934, .T. ) ;
#6827 = DIRECTION ( 'NONE',  ( 1.000000000000000000, 0.0000000000000000000, 0.0000000000000000000 ) ) ;
#6828 = ORIENTED_EDGE ( 'NONE', *, *, #5182, .F. ) ;
#6829 =( NAMED_UNIT ( * ) SI_UNIT ( $, .STERADIAN. ) SOLID_ANGLE_UNIT ( ) );
#6830 = ADVANCED_FACE ( 'NONE', ( #1308 ), #3888, .F. ) ;
#6831 = EDGE_CURVE ( 'NONE', #6447, #11642, #7960, .T. ) ;
#6832 = ORIENTED_EDGE ( 'NONE', *, *, #9252, .T. ) ;
#6833 = SURFACE_STYLE_FILL_AREA ( #10822 ) ;
#6834 = MECHANICAL_DESIGN_GEOMETRIC_PRESENTATION_REPRESENTATION (  '', ( #552 ), #10116 ) ;
#6835 = CARTESIAN_POINT ( 'NONE',  ( -0.7250000000000000900, 0.2000000000000000100, 0.7320634920634923000 ) ) ;
#6836 = FILL_AREA_STYLE ('',( #2063 ) ) ;
#6837 = ORIENTED_EDGE ( 'NONE', *, *, #3656, .T. ) ;
#6838 = CARTESIAN_POINT ( 'NONE',  ( -0.3499999999999997000, 0.1900000000000000600, 0.7320634920634920800 ) ) ;
#6839 = ORIENTED_EDGE ( 'NONE', *, *, #1555, .T. ) ;
#6840 = DIRECTION ( 'NONE',  ( 0.0000000000000000000, 0.0000000000000000000, 1.000000000000000000 ) ) ;
#6841 = ORIENTED_EDGE ( 'NONE', *, *, #7516, .T. ) ;
#6842 = CARTESIAN_POINT ( 'NONE',  ( -0.3499999999999998100, 0.0000000000000000000, 0.7320634920634921900 ) ) ;
#6843 = CARTESIAN_POINT ( 'NONE',  ( -0.5917256616284353200, 0.01161973940490704400, 0.7517236021077558000 ) ) ;
#6844 = CARTESIAN_POINT ( 'NONE',  ( -0.7392721353805208300, 0.01305946448141145200, 0.7714251382843044800 ) ) ;
#6845 = DIRECTION ( 'NONE',  ( 1.000000000000000000, 0.0000000000000000000, 0.0000000000000000000 ) ) ;
#6846 = EDGE_CURVE ( 'NONE', #5831, #7058, #12147, .T. ) ;
#6847 = DIRECTION ( 'NONE',  ( -1.000000000000000000, 0.0000000000000000000, 1.479738666953786500E-016 ) ) ;
#6848 = EDGE_CURVE ( 'NONE', #96, #3944, #5735, .T. ) ;
#6849 = VERTEX_POINT ( 'NONE', #1127 ) ;
#6850 = ADVANCED_FACE ( 'NONE', ( #5166 ), #4571, .T. ) ;
#6851 = DIRECTION ( 'NONE',  ( 0.0000000000000000000, -1.000000000000000000, 0.0000000000000000000 ) ) ;
#6852 = ORIENTED_EDGE ( 'NONE', *, *, #3382, .F. ) ;
#6853 = CARTESIAN_POINT ( 'NONE',  ( 0.6003762411352244800, 0.006640246951668260500, 0.7481130168583889400 ) ) ;
#6854 = DIRECTION ( 'NONE',  ( 0.0000000000000000000, 1.000000000000000000, 0.0000000000000000000 ) ) ;
#6855 = ORIENTED_EDGE ( 'NONE', *, *, #6006, .T. ) ;
#6856 = ORIENTED_EDGE ( 'NONE', *, *, #8346, .F. ) ;
#6857 = CARTESIAN_POINT ( 'NONE',  ( 0.6399404231084141500, 0.1999999999999999800, 0.7777777777777779000 ) ) ;
#6858 = ORIENTED_EDGE ( 'NONE', *, *, #11503, .F. ) ;
#6859 = AXIS2_PLACEMENT_3D ( 'NONE', #11004, #646, #7199 ) ;
#6860 = LINE ( 'NONE', #4485, #1417 ) ;
#6861 = CARTESIAN_POINT ( 'NONE',  ( -1.377777777777777800, 0.5000000000000000000, 0.0000000000000000000 ) ) ;
#6862 = EDGE_LOOP ( 'NONE', ( #122, #3264 ) ) ;
#6863 = AXIS2_PLACEMENT_3D ( 'NONE', #11667, #3229, #10708 ) ;
#6864 = ORIENTED_EDGE ( 'NONE', *, *, #10993, .F. ) ;
#6865 = ORIENTED_EDGE ( 'NONE', *, *, #632, .T. ) ;
#6866 = B_SPLINE_CURVE_WITH_KNOTS ( 'NONE', 3,
 ( #10400, #1931, #2975, #3821, #2839, #11410, #9558, #138, #3894, #7542, #4856, #11492, #10446, #88, #5790, #177, #6746, #6664, #1085, #2051, #7697, #9468, #10371, #4706, #3777 ),
 .UNSPECIFIED., .F., .F.,
 ( 4, 3, 3, 3, 3, 3, 3, 3, 4 ),
 ( 0.0000000000000000000, 1.357138391014287900E-006, 2.515716843106546700E-006, 6.978653262315463700E-006, 1.681829922691513100E-005, 2.614304384074372500E-005, 3.190249258773069000E-005, 3.499503584399665500E-005, 3.681104950601755500E-005 ),
 .UNSPECIFIED. ) ;
#6867 = ORIENTED_EDGE ( 'NONE', *, *, #1803, .F. ) ;
#6868 = CARTESIAN_POINT ( 'NONE',  ( 0.3499999999999998100, 0.1777777777777780100, 0.7320634920634921900 ) ) ;
#6869 = CARTESIAN_POINT ( 'NONE',  ( 0.6439690799498561900, 0.1998981305752026100, 0.7799411771558363300 ) ) ;
#6870 = CARTESIAN_POINT ( 'NONE',  ( 0.6486128002922375600, 0.2968717606856793300, 0.7148027924854005700 ) ) ;
#6871 = PLANE ( 'NONE',  #4589 ) ;
#6872 = EDGE_CURVE ( 'NONE', #11727, #1503, #7647, .T. ) ;
#6873 = VERTEX_POINT ( 'NONE', #7862 ) ;
#6874 = ORIENTED_EDGE ( 'NONE', *, *, #6369, .T. ) ;
#6875 = AXIS2_PLACEMENT_3D ( 'NONE', #8486, #6823, #6745 ) ;
#6876 = FACE_OUTER_BOUND ( 'NONE', #10818, .T. ) ;
#6877 = LINE ( 'NONE', #1031, #1115 ) ;
#6878 = CARTESIAN_POINT ( 'NONE',  ( 0.0000000000000000000, 0.0000000000000000000, 0.0000000000000000000 ) ) ;
#6879 = ORIENTED_EDGE ( 'NONE', *, *, #828, .T. ) ;
#6880 = DIRECTION ( 'NONE',  ( 0.0000000000000000000, 1.000000000000000000, 0.0000000000000000000 ) ) ;
#6881 = EDGE_LOOP ( 'NONE', ( #9260, #5520, #11190, #7361 ) ) ;
#6882 = ORIENTED_EDGE ( 'NONE', *, *, #8210, .F. ) ;
#6883 = CARTESIAN_POINT ( 'NONE',  ( -0.3100000000000000000, 0.9499999999999999600, 0.1499999999999999700 ) ) ;
#6884 = ADVANCED_FACE ( 'NONE', ( #10955 ), #11245, .F. ) ;
#6885 = CARTESIAN_POINT ( 'NONE',  ( -0.7083333333333332600, 0.2069249905396922900, 0.7654281079891380700 ) ) ;
#6886 = DIRECTION ( 'NONE',  ( -0.0000000000000000000, 1.000000000000000000, -0.0000000000000000000 ) ) ;
#6887 = VERTEX_POINT ( 'NONE', #5786 ) ;
#6888 = AXIS2_PLACEMENT_3D ( 'NONE', #10697, #1244, #7722 ) ;
#6889 = ORIENTED_EDGE ( 'NONE', *, *, #5045, .T. ) ;
#6890 = FACE_OUTER_BOUND ( 'NONE', #7481, .T. ) ;
#6891 = CARTESIAN_POINT ( 'NONE',  ( -0.7111111111111144700, 0.8000000000000000400, -0.7777777777777780100 ) ) ;
#6892 = AXIS2_PLACEMENT_3D ( 'NONE', #1635, #9177, #9141 ) ;
#6893 = CARTESIAN_POINT ( 'NONE',  ( -0.6449999999999999100, 0.8792893218813447900, 0.2450000000000001100 ) ) ;
#6894 = CYLINDRICAL_SURFACE ( 'NONE', #916, 0.02499999999999995600 ) ;
#6895 = LINE ( 'NONE', #11882, #7931 ) ;
#6896 = CARTESIAN_POINT ( 'NONE',  ( -0.6162204726377706900, 0.2000000000000000100, 0.7367563354043867900 ) ) ;
#6897 = EDGE_CURVE ( 'NONE', #3288, #5397, #2034, .T. ) ;
#6898 = LINE ( 'NONE', #6635, #4689 ) ;
#6899 = ORIENTED_EDGE ( 'NONE', *, *, #2366, .F. ) ;
#6900 = CARTESIAN_POINT ( 'NONE',  ( -0.7255032344064538100, 0.1999924009218651500, 0.7333187970866980000 ) ) ;
#6901 = ORIENTED_EDGE ( 'NONE', *, *, #6430, .F. ) ;
#6902 = CARTESIAN_POINT ( 'NONE',  ( 8.048072446139330600E-017, 0.002500000000000023500, 0.7423036635030291200 ) ) ;
#6903 = ORIENTED_EDGE ( 'NONE', *, *, #7294, .T. ) ;
#6904 = PLANE ( 'NONE',  #8868 ) ;
#6905 = DIRECTION ( 'NONE',  ( 1.000000000000000000, 0.0000000000000000000, 0.0000000000000000000 ) ) ;
#6906 = VECTOR ( 'NONE', #5034, 1000.000000000000000 ) ;
#6907 = DIRECTION ( 'NONE',  ( 0.0000000000000000000, 1.000000000000000000, 0.0000000000000000000 ) ) ;
#6908 = ADVANCED_FACE ( 'NONE', ( #441 ), #3265, .F. ) ;
#6909 = PLANE ( 'NONE',  #3481 ) ;
#6910 = ORIENTED_EDGE ( 'NONE', *, *, #8991, .T. ) ;
#6911 = AXIS2_PLACEMENT_3D ( 'NONE', #5243, #3396, #6300 ) ;
#6912 = DIRECTION ( 'NONE',  ( 0.0000000000000000000, 0.0000000000000000000, 1.000000000000000000 ) ) ;
#6913 = ORIENTED_EDGE ( 'NONE', *, *, #11911, .F. ) ;
#6914 = EDGE_LOOP ( 'NONE', ( #5978, #9647 ) ) ;
#6915 = DIRECTION ( 'NONE',  ( 1.000000000000000000, 0.0000000000000000000, -3.580851211878729700E-016 ) ) ;
#6916 = CARTESIAN_POINT ( 'NONE',  ( -0.5000000000000000000, 0.9499999999999999600, 0.07499999999999996900 ) ) ;
#6917 = LINE ( 'NONE', #7921, #5323 ) ;
#6918 = VECTOR ( 'NONE', #2384, 1000.000000000000000 ) ;
#6919 = DIRECTION ( 'NONE',  ( 0.0000000000000000000, 0.0000000000000000000, 1.000000000000000000 ) ) ;
#6920 = CARTESIAN_POINT ( 'NONE',  ( 0.7638888888888884000, 0.1999999999999999800, 0.7542857142857141200 ) ) ;
#6921 = CARTESIAN_POINT ( 'NONE',  ( -0.6249999999999995600, 0.005000000000000040000, 0.7918213607330723000 ) ) ;
#6922 = DIRECTION ( 'NONE',  ( 0.0000000000000000000, 1.000000000000000000, 0.0000000000000000000 ) ) ;
#6923 = DIRECTION ( 'NONE',  ( 0.0000000000000000000, 1.000000000000000000, 0.0000000000000000000 ) ) ;
#6924 = ORIENTED_EDGE ( 'NONE', *, *, #9905, .F. ) ;
#6925 = ORIENTED_EDGE ( 'NONE', *, *, #7430, .F. ) ;
#6926 = CARTESIAN_POINT ( 'NONE',  ( -0.2125000000000000200, 0.9499999999999999600, 8.131516293641283300E-017 ) ) ;
#6927 = ADVANCED_FACE ( 'NONE', ( #3792 ), #6321, .T. ) ;
#6928 = DIRECTION ( 'NONE',  ( 0.0000000000000000000, 0.0000000000000000000, 1.000000000000000000 ) ) ;
#6929 = CARTESIAN_POINT ( 'NONE',  ( 0.7043973906375803300, 0.2041291141935740500, 0.7732128744993025400 ) ) ;
#6930 = AXIS2_PLACEMENT_3D ( 'NONE', #10773, #8746, #11731 ) ;
#6931 = CIRCLE ( 'NONE', #5159, 0.02222222222222252100 ) ;
#6932 = CIRCLE ( 'NONE', #7564, 0.02222222222222208800 ) ;
#6933 = CARTESIAN_POINT ( 'NONE',  ( 0.7166666666666667900, 0.2000000000000000400, 0.7320634920634921900 ) ) ;
#6934 = VECTOR ( 'NONE', #11349, 1000.000000000000000 ) ;
#6935 = CARTESIAN_POINT ( 'NONE',  ( -0.3499999999999997000, 0.1777777777777780100, 0.7542857142857142300 ) ) ;
#6936 = ORIENTED_EDGE ( 'NONE', *, *, #5394, .T. ) ;
#6937 =( NAMED_UNIT ( * ) PLANE_ANGLE_UNIT ( ) SI_UNIT ( $, .RADIAN. ) );
#6938 = CARTESIAN_POINT ( 'NONE',  ( -0.6899999999999999500, 0.9499999999999999600, -0.1499999999999999100 ) ) ;
#6939 = EDGE_CURVE ( 'NONE', #3324, #9543, #6602, .T. ) ;
#6940 = CARTESIAN_POINT ( 'NONE',  ( 0.7166666666666667900, 0.2083333333333334800, 0.7614445778845514400 ) ) ;
#6941 = CARTESIAN_POINT ( 'NONE',  ( 0.6083333333333331700, 0.02222222222222176900, 0.8000000000000000400 ) ) ;
#6942 = CARTESIAN_POINT ( 'NONE',  ( -0.7409997165706095900, 0.1880009716481491600, 0.7733528892360321800 ) ) ;
#6943 = LINE ( 'NONE', #6920, #8562 ) ;
#6944 = DIRECTION ( 'NONE',  ( -0.0000000000000000000, 1.000000000000000000, -0.0000000000000000000 ) ) ;
#6945 = LINE ( 'NONE', #1393, #10671 ) ;
#6946 = CARTESIAN_POINT ( 'NONE',  ( -0.3100000000000000000, 0.8792893218813447900, 0.1499999999999999700 ) ) ;
#6947 = AXIS2_PLACEMENT_3D ( 'NONE', #10439, #132, #8649 ) ;
#6948 = CARTESIAN_POINT ( 'NONE',  ( 0.3499999999999997000, 0.1899999999999999700, -0.7777777777777780100 ) ) ;
#6949 = CARTESIAN_POINT ( 'NONE',  ( -0.6462546085030946900, 0.2038544508309782000, 0.7738519948659035000 ) ) ;
#6950 = VECTOR ( 'NONE', #8916, 1000.000000000000000 ) ;
#6951 = MANIFOLD_SOLID_BREP ( 'Boss-Extrude4[20]', #7745 ) ;
#6952 = CARTESIAN_POINT ( 'NONE',  ( 0.5874618115065981500, 0.01686433391259419300, 0.7536301375290565000 ) ) ;
#6953 = DIRECTION ( 'NONE',  ( 0.0000000000000000000, 1.000000000000000000, 0.0000000000000000000 ) ) ;
#6954 = TOROIDAL_SURFACE ( 'NONE', #8825, 0.6666666666666637400, 0.5000000000000000000 ) ;
#6955 = VECTOR ( 'NONE', #7017, 1000.000000000000000 ) ;
#6956 = EDGE_LOOP ( 'NONE', ( #6162, #8364, #9819, #837, #6753, #7334 ) ) ;
#6957 = ADVANCED_FACE ( 'NONE', ( #11360 ), #2497, .T. ) ;
#6958 = DIRECTION ( 'NONE',  ( -0.0000000000000000000, -1.000000000000000000, 0.0000000000000000000 ) ) ;
#6959 = EDGE_CURVE ( 'NONE', #1751, #11085, #9413, .T. ) ;
#6960 = CARTESIAN_POINT ( 'NONE',  ( 0.6416666662087321400, 0.2076720441400251300, 0.7633150673424031800 ) ) ;
#6961 = VECTOR ( 'NONE', #7073, 1000.000000000000000 ) ;
#6962 = DIRECTION ( 'NONE',  ( 0.0000000000000000000, -1.000000000000000000, 0.0000000000000000000 ) ) ;
#6963 = B_SPLINE_CURVE_WITH_KNOTS ( 'NONE', 3,
 ( #2213, #5945, #3226, #5998, #10662, #4108, #2247, #1209, #6960, #11788 ),
 .UNSPECIFIED., .F., .F.,
 ( 4, 3, 3, 4 ),
 ( 0.0000000000000000000, 8.275075671181816800E-007, 6.383619311071677200E-006, 1.240791053626683900E-005 ),
 .UNSPECIFIED. ) ;
#6964 = DIRECTION ( 'NONE',  ( -1.000000000000000000, 0.0000000000000000000, 0.0000000000000000000 ) ) ;
#6965 = AXIS2_PLACEMENT_3D ( 'NONE', #1060, #11468, #5700 ) ;
#6966 = CARTESIAN_POINT ( 'NONE',  ( 0.7416666666666665900, 0.02166666666666649400, 0.7765044641500696800 ) ) ;
#6967 = DIRECTION ( 'NONE',  ( 0.0000000000000000000, 0.0000000000000000000, 1.000000000000000000 ) ) ;
#6968 = ADVANCED_FACE ( 'NONE', ( #8826 ), #1888, .F. ) ;
#6969 = CYLINDRICAL_SURFACE ( 'NONE', #9301, 0.02500000000000009200 ) ;
#6970 = EDGE_CURVE ( 'NONE', #8479, #1578, #4698, .T. ) ;
#6971 = DIRECTION ( 'NONE',  ( 0.0000000000000000000, 0.0000000000000000000, 1.000000000000000000 ) ) ;
#6972 = CARTESIAN_POINT ( 'NONE',  ( -0.6925000000000000000, 0.8792893218813447900, -0.02499999999999977600 ) ) ;
#6973 = EDGE_CURVE ( 'NONE', #1525, #11230, #129, .T. ) ;
#6974 = CARTESIAN_POINT ( 'NONE',  ( -0.2549999999999999500, 1.000000000000000000, 0.1499999999999999700 ) ) ;
#6975 = AXIS2_PLACEMENT_3D ( 'NONE', #694, #1636, #8235 ) ;
#6976 = VECTOR ( 'NONE', #4152, 1000.000000000000000 ) ;
#6977 = ORIENTED_EDGE ( 'NONE', *, *, #7111, .T. ) ;
#6978 = VERTEX_POINT ( 'NONE', #11843 ) ;
#6979 = CARTESIAN_POINT ( 'NONE',  ( 0.9555555555555560500, 0.02222222222222208800, 0.7542857142857141200 ) ) ;
#6980 = DIRECTION ( 'NONE',  ( 0.0000000000000000000, 0.0000000000000000000, 1.000000000000000000 ) ) ;
#6981 = DIRECTION ( 'NONE',  ( 0.0000000000000000000, 1.000000000000000000, -0.0000000000000000000 ) ) ;
#6982 = AXIS2_PLACEMENT_3D ( 'NONE', #1402, #8015, #2357 ) ;
#6983 = CARTESIAN_POINT ( 'NONE',  ( -0.5500000000000001600, 0.9499999999999999600, 0.2199999999999998900 ) ) ;
#6984 = ADVANCED_FACE ( 'NONE', ( #7347 ), #9860, .F. ) ;
#6985 = CIRCLE ( 'NONE', #8111, 0.02500000000000008100 ) ;
#6986 = EDGE_LOOP ( 'NONE', ( #6741, #9285, #12070, #12239, #10096, #11475, #8190 ) ) ;
#6987 = CARTESIAN_POINT ( 'NONE',  ( -0.5500000000000000400, 0.9499999999999999600, -0.2199999999999997800 ) ) ;
#6988 = VERTEX_POINT ( 'NONE', #3309 ) ;
#6989 = DIRECTION ( 'NONE',  ( 1.000000000000000000, -0.0000000000000000000, -0.0000000000000000000 ) ) ;
#6990 = CIRCLE ( 'NONE', #12267, 0.02500000000000008100 ) ;
#6991 = CIRCLE ( 'NONE', #12107, 0.02222222222222198000 ) ;
#6992 = DIRECTION ( 'NONE',  ( 0.0000000000000000000, 0.0000000000000000000, -1.000000000000000000 ) ) ;
#6993 = AXIS2_PLACEMENT_3D ( 'NONE', #11369, #52, #6632 ) ;
#6994 = EDGE_CURVE ( 'NONE', #6988, #7727, #11683, .T. ) ;
#6995 = ORIENTED_EDGE ( 'NONE', *, *, #6118, .F. ) ;
#6996 = CARTESIAN_POINT ( 'NONE',  ( -0.5500000000000000400, 0.9499999999999999600, -0.1949999999999999500 ) ) ;
#6997 = ORIENTED_EDGE ( 'NONE', *, *, #2637, .F. ) ;
#6998 = DIRECTION ( 'NONE',  ( 0.0000000000000000000, 0.0000000000000000000, -1.000000000000000000 ) ) ;
#6999 = AXIS2_PLACEMENT_3D ( 'NONE', #8701, #4996, #1966 ) ;
#7000 = DIRECTION ( 'NONE',  ( -0.0000000000000000000, -1.000000000000000000, -0.0000000000000000000 ) ) ;
#7001 = CARTESIAN_POINT ( 'NONE',  ( -0.5000000000000000000, 1.000000000000000000, 0.1000000000000000500 ) ) ;
#7002 = EDGE_LOOP ( 'NONE', ( #10545, #3462 ) ) ;
#7003 = CARTESIAN_POINT ( 'NONE',  ( 0.7525212899418042300, 0.1944401966788182900, 0.7469211907694455200 ) ) ;
#7004 = ORIENTED_EDGE ( 'NONE', *, *, #8323, .T. ) ;
#7005 = EDGE_CURVE ( 'NONE', #10915, #399, #11092, .T. ) ;
#7006 = ORIENTED_EDGE ( 'NONE', *, *, #11033, .F. ) ;
#7007 = VERTEX_POINT ( 'NONE', #6079 ) ;
#7008 = EDGE_LOOP ( 'NONE', ( #3007, #3278 ) ) ;
#7009 = DIRECTION ( 'NONE',  ( 0.0000000000000000000, 1.000000000000000000, 0.0000000000000000000 ) ) ;
#7010 = FACE_OUTER_BOUND ( 'NONE', #10122, .T. ) ;
#7011 = ADVANCED_FACE ( 'NONE', ( #3054 ), #3390, .F. ) ;
#7012 = AXIS2_PLACEMENT_3D ( 'NONE', #2355, #11858, #7975 ) ;
#7013 = DIRECTION ( 'NONE',  ( 0.0000000000000000000, 1.000000000000000000, 0.0000000000000000000 ) ) ;
#7014 = VERTEX_POINT ( 'NONE', #592 ) ;
#7015 = ORIENTED_EDGE ( 'NONE', *, *, #10063, .T. ) ;
#7016 = EDGE_LOOP ( 'NONE', ( #9676, #3772, #2283, #547, #5845 ) ) ;
#7017 = DIRECTION ( 'NONE',  ( 0.0000000000000000000, -1.000000000000000000, 0.0000000000000000000 ) ) ;
#7018 = ORIENTED_EDGE ( 'NONE', *, *, #9810, .T. ) ;
#7019 = CARTESIAN_POINT ( 'NONE',  ( -0.7410228737979730500, 0.01707915175857041900, 0.7750579860615495200 ) ) ;
#7020 = ORIENTED_EDGE ( 'NONE', *, *, #9782, .T. ) ;
#7021 = CARTESIAN_POINT ( 'NONE',  ( -0.7043031494870909400, 0.1998390751859407400, 0.7804895893029101300 ) ) ;
#7022 = DIRECTION ( 'NONE',  ( 0.0000000000000000000, 0.0000000000000000000, 1.000000000000000000 ) ) ;
#7023 = FACE_OUTER_BOUND ( 'NONE', #8480, .T. ) ;
#7024 = EDGE_CURVE ( 'NONE', #8088, #7775, #4831, .T. ) ;
#7025 = VECTOR ( 'NONE', #4028, 1000.000000000000000 ) ;
#7026 = ADVANCED_FACE ( 'NONE', ( #7211 ), #10458, .T. ) ;
#7027 = CARTESIAN_POINT ( 'NONE',  ( -0.7623326719981369200, 0.1860011335892601300, 0.7527081906491238600 ) ) ;
#7028 = CARTESIAN_POINT ( 'NONE',  ( 0.6916666666666663200, 0.2950819672131146400, 0.7216981796386449100 ) ) ;
#7029 = ORIENTED_EDGE ( 'NONE', *, *, #1071, .T. ) ;
#7030 = EDGE_LOOP ( 'NONE', ( #11486, #10702, #7161, #7786 ) ) ;
#7031 = EDGE_CURVE ( 'NONE', #96, #4906, #8526, .T. ) ;
#7032 = DIRECTION ( 'NONE',  ( 0.0000000000000000000, 1.000000000000000000, 0.0000000000000000000 ) ) ;
#7033 = AXIS2_PLACEMENT_3D ( 'NONE', #785, #10218, #5570 ) ;
#7034 = ORIENTED_EDGE ( 'NONE', *, *, #2990, .F. ) ;
#7035 = EDGE_LOOP ( 'NONE', ( #10413, #649 ) ) ;
#7036 = CARTESIAN_POINT ( 'NONE',  ( -0.9555555555555553800, 0.8000000000000000400, 0.7320634920634923000 ) ) ;
#7037 = ORIENTED_EDGE ( 'NONE', *, *, #12186, .F. ) ;
#7038 = SURFACE_SIDE_STYLE ('',( #457 ) ) ;
#7039 = FACE_OUTER_BOUND ( 'NONE', #3701, .T. ) ;
#7040 = AXIS2_PLACEMENT_3D ( 'NONE', #1212, #170, #4929 ) ;
#7041 = VECTOR ( 'NONE', #1165, 1000.000000000000000 ) ;
#7042 = FACE_OUTER_BOUND ( 'NONE', #10160, .T. ) ;
#7043 = DIRECTION ( 'NONE',  ( 1.000000000000000000, -0.0000000000000000000, -0.0000000000000000000 ) ) ;
#7044 = CARTESIAN_POINT ( 'NONE',  ( -0.4999999999999998900, 0.9499999999999999600, 0.2900000000000000400 ) ) ;
#7045 = DIRECTION ( 'NONE',  ( -0.0000000000000000000, -1.000000000000000000, -0.0000000000000000000 ) ) ;
#7046 = B_SPLINE_CURVE_WITH_KNOTS ( 'NONE', 3,
 ( #39, #7483, #1834, #3801, #9178, #11284, #9422, #929, #7527, #4760 ),
 .UNSPECIFIED., .F., .F.,
 ( 4, 3, 3, 4 ),
 ( 0.0000000000000000000, 8.275075671181816800E-007, 6.383619311071677200E-006, 1.240791053626683900E-005 ),
 .UNSPECIFIED. ) ;
#7047 = ORIENTED_EDGE ( 'NONE', *, *, #5809, .T. ) ;
#7048 = ORIENTED_EDGE ( 'NONE', *, *, #5959, .T. ) ;
#7049 = CARTESIAN_POINT ( 'NONE',  ( -0.7874999999999999800, 1.000000000000000000, 8.131516293641283300E-017 ) ) ;
#7050 = EDGE_CURVE ( 'NONE', #11489, #112, #2329, .T. ) ;
#7051 = ORIENTED_EDGE ( 'NONE', *, *, #1731, .T. ) ;
#7052 = CARTESIAN_POINT ( 'NONE',  ( -0.9999999999999997800, 0.1777777777777780100, 0.7542857142857142300 ) ) ;
#7053 = VERTEX_POINT ( 'NONE', #1528 ) ;
#7054 = AXIS2_PLACEMENT_3D ( 'NONE', #2806, #1930, #872 ) ;
#7055 = CARTESIAN_POINT ( 'NONE',  ( -0.4999999999999998900, 1.000000000000000000, 0.2900000000000000400 ) ) ;
#7056 = CARTESIAN_POINT ( 'NONE',  ( -0.5000000000000000000, 0.9499999999999999600, -0.3150000000000000000 ) ) ;
#7057 = LINE ( 'NONE', #560, #7496 ) ;
#7058 = VERTEX_POINT ( 'NONE', #8150 ) ;
#7059 = DIRECTION ( 'NONE',  ( 1.000000000000000000, -0.0000000000000000000, -0.0000000000000000000 ) ) ;
#7060 = VERTEX_POINT ( 'NONE', #667 ) ;
#7061 = ORIENTED_EDGE ( 'NONE', *, *, #562, .F. ) ;
#7062 = AXIS2_PLACEMENT_3D ( 'NONE', #11545, #9597, #1081 ) ;
#7063 = DIRECTION ( 'NONE',  ( 0.0000000000000000000, 1.000000000000000000, 0.0000000000000000000 ) ) ;
#7064 =( GEOMETRIC_REPRESENTATION_CONTEXT ( 3 ) GLOBAL_UNCERTAINTY_ASSIGNED_CONTEXT ( ( #6256 ) ) GLOBAL_UNIT_ASSIGNED_CONTEXT ( ( #9111, #1564, #10076 ) ) REPRESENTATION_CONTEXT ( 'NONE', 'WORKASPACE' ) );
#7065 = CIRCLE ( 'NONE', #3124, 0.02499999999999984900 ) ;
#7066 = EDGE_CURVE ( 'NONE', #9708, #11794, #7948, .T. ) ;
#7067 = DIRECTION ( 'NONE',  ( 0.0000000000000000000, 0.0000000000000000000, -1.000000000000000000 ) ) ;
#7068 = CARTESIAN_POINT ( 'NONE',  ( -0.6449999999999999100, 1.000000000000000000, 0.2450000000000001100 ) ) ;
#7069 = COLOUR_RGB ( '',1.000000000000000000, 1.000000000000000000, 1.000000000000000000 ) ;
#7070 = DIRECTION ( 'NONE',  ( 0.0000000000000000000, 0.0000000000000000000, 1.000000000000000000 ) ) ;
#7071 = ORIENTED_EDGE ( 'NONE', *, *, #6023, .F. ) ;
#7072 = DIRECTION ( 'NONE',  ( -1.000000000000000000, 0.0000000000000000000, 1.084202172485504400E-016 ) ) ;
#7073 = DIRECTION ( 'NONE',  ( 0.0000000000000000000, 1.000000000000000000, 0.0000000000000000000 ) ) ;
#7074 = ORIENTED_EDGE ( 'NONE', *, *, #5254, .T. ) ;
#7075 = CARTESIAN_POINT ( 'NONE',  ( -0.4499999999999999600, 1.000000000000000000, 0.1950000000000000600 ) ) ;
#7076 = CARTESIAN_POINT ( 'NONE',  ( -0.7261135314666865600, 0.1999920272434900200, 0.7326587073462672600 ) ) ;
#7077 = STYLED_ITEM ( 'NONE', ( #3495 ), #6951 ) ;
#7078 = CARTESIAN_POINT ( 'NONE',  ( -0.7250000000000000900, 0.02222222222222176900, 0.7833333333333335500 ) ) ;
#7079 = VECTOR ( 'NONE', #8692, 1000.000000000000000 ) ;
#7080 = VECTOR ( 'NONE', #10707, 1000.000000000000000 ) ;
#7081 = CIRCLE ( 'NONE', #2471, 0.02500000000000007800 ) ;
#7082 = FACE_OUTER_BOUND ( 'NONE', #4074, .T. ) ;
#7083 = AXIS2_PLACEMENT_3D ( 'NONE', #11819, #11998, #11865 ) ;
#7084 = LINE ( 'NONE', #1004, #11256 ) ;
#7085 = VECTOR ( 'NONE', #7774, 1000.000000000000000 ) ;
#7086 = ADVANCED_FACE ( 'NONE', ( #2908 ), #616, .F. ) ;
#7087 = DIRECTION ( 'NONE',  ( 0.0000000000000000000, 0.0000000000000000000, -1.000000000000000000 ) ) ;
#7088 = ORIENTED_EDGE ( 'NONE', *, *, #6677, .T. ) ;
#7089 = DIRECTION ( 'NONE',  ( 1.000000000000000000, 0.0000000000000000000, -1.084202172485504800E-016 ) ) ;
#7090 = ORIENTED_EDGE ( 'NONE', *, *, #2862, .F. ) ;
#7091 = CARTESIAN_POINT ( 'NONE',  ( 0.7583016492212216700, 0.01190270856164601400, 0.7517443151738958400 ) ) ;
#7092 = CARTESIAN_POINT ( 'NONE',  ( 0.7250000000000000900, 0.1777777777777776700, 0.8000000000000000400 ) ) ;
#7093 = CARTESIAN_POINT ( 'NONE',  ( -0.6416666666666661600, 0.4999999999999996700, 1.177777777777777800 ) ) ;
#7094 = DIRECTION ( 'NONE',  ( -0.0000000000000000000, 1.000000000000000000, -0.0000000000000000000 ) ) ;
#7095 = DIRECTION ( 'NONE',  ( 0.0000000000000000000, 1.000000000000000000, 0.0000000000000000000 ) ) ;
#7096 = EDGE_CURVE ( 'NONE', #9079, #7014, #12133, .T. ) ;
#7097 = LINE ( 'NONE', #8241, #4279 ) ;
#7098 = VECTOR ( 'NONE', #3115, 1000.000000000000000 ) ;
#7099 = DIRECTION ( 'NONE',  ( 0.0000000000000000000, 1.000000000000000000, 0.0000000000000000000 ) ) ;
#7100 = LINE ( 'NONE', #9045, #11383 ) ;
#7101 = CARTESIAN_POINT ( 'NONE',  ( 0.7080980141019616000, 0.2070018798516929900, 0.7652006102381815300 ) ) ;
#7102 = VECTOR ( 'NONE', #6153, 1000.000000000000000 ) ;
#7103 = CIRCLE ( 'NONE', #9097, 0.04444444444444396000 ) ;
#7104 = CARTESIAN_POINT ( 'NONE',  ( 0.7418683023983176900, 0.02393909724767582400, 0.7543137130404720100 ) ) ;
#7105 = DIRECTION ( 'NONE',  ( -1.000000000000000000, -0.0000000000000000000, -0.0000000000000000000 ) ) ;
#7106 = ORIENTED_EDGE ( 'NONE', *, *, #10194, .T. ) ;
#7107 = ADVANCED_FACE ( 'NONE', ( #10792 ), #9547, .F. ) ;
#7108 = CYLINDRICAL_SURFACE ( 'NONE', #4811, 0.008333333333333499800 ) ;
#7109 = FACE_OUTER_BOUND ( 'NONE', #5653, .T. ) ;
#7110 = DIRECTION ( 'NONE',  ( 1.000000000000000000, 0.0000000000000000000, -1.084202172485504400E-016 ) ) ;
#7111 = EDGE_CURVE ( 'NONE', #6815, #9340, #7057, .T. ) ;
#7112 = DIRECTION ( 'NONE',  ( 0.0000000000000000000, 0.0000000000000000000, -1.000000000000000000 ) ) ;
#7113 = EDGE_CURVE ( 'NONE', #8506, #3347, #7635, .T. ) ;
#7114 = CARTESIAN_POINT ( 'NONE',  ( -0.6338209637318073000, 0.1999999999999999800, 0.7671281294177545500 ) ) ;
#7115 = CARTESIAN_POINT ( 'NONE',  ( -0.7349088015583726800, 0.008265419357010400000, 0.7906061851220923500 ) ) ;
#7116 = AXIS2_PLACEMENT_3D ( 'NONE', #6494, #6612, #12179 ) ;
#7117 = FACE_OUTER_BOUND ( 'NONE', #3467, .T. ) ;
#7118 = ORIENTED_EDGE ( 'NONE', *, *, #4333, .T. ) ;
#7119 = CARTESIAN_POINT ( 'NONE',  ( -0.7452009720200221100, 0.004657049047693988400, 0.7463470062283443800 ) ) ;
#7120 = DIRECTION ( 'NONE',  ( 0.0000000000000000000, 0.0000000000000000000, -1.000000000000000000 ) ) ;
#7121 = AXIS2_PLACEMENT_3D ( 'NONE', #7849, #6905, #8065 ) ;
#7122 = CARTESIAN_POINT ( 'NONE',  ( -0.9555555555555553800, -1.445153081025597900, 0.7320634920634921900 ) ) ;
#7123 = DIRECTION ( 'NONE',  ( -0.0000000000000000000, 1.000000000000000000, -0.0000000000000000000 ) ) ;
#7124 = LINE ( 'NONE', #4067, #8584 ) ;
#7125 = DIRECTION ( 'NONE',  ( 0.0000000000000000000, 0.0000000000000000000, 1.000000000000000000 ) ) ;
#7126 = EDGE_CURVE ( 'NONE', #1147, #11794, #2186, .T. ) ;
#7127 = CYLINDRICAL_SURFACE ( 'NONE', #1288, 0.02222222222222230300 ) ;
#7128 = CARTESIAN_POINT ( 'NONE',  ( -8.432683563776152300E-017, 0.9777777777777779700, -0.7777777777777780100 ) ) ;
#7129 = VERTEX_POINT ( 'NONE', #4322 ) ;
#7130 = CARTESIAN_POINT ( 'NONE',  ( 0.7083333333333332600, 0.2833333333333329900, 0.6814466309102998900 ) ) ;
#7131 = CARTESIAN_POINT ( 'NONE',  ( -0.5500000000000000400, 0.8792893218813447900, -0.1949999999999999500 ) ) ;
#7132 = DIRECTION ( 'NONE',  ( 1.000000000000000000, 0.0000000000000000000, -1.084202172485504400E-016 ) ) ;
#7133 = PLANE ( 'NONE',  #3531 ) ;
#7134 = B_SPLINE_CURVE_WITH_KNOTS ( 'NONE', 3,
 ( #8892, #11873, #1295, #9838, #4179, #450, #7027, #2241, #9883, #7991, #10865, #3292, #492, #8852, #4220, #3175, #5191, #9797, #7076, #1420, #8027, #8979 ),
 .UNSPECIFIED., .F., .F.,
 ( 4, 3, 3, 3, 3, 3, 3, 4 ),
 ( 2.710505431213761100E-020, 3.476013940456400800E-006, 5.864452616906353600E-006, 1.254266725124756200E-005, 2.397973855192399300E-005, 4.141747519968418100E-005, 5.092263788931924500E-005, 5.218529268180853400E-005 ),
 .UNSPECIFIED. ) ;
#7135 = CARTESIAN_POINT ( 'NONE',  ( -0.7613401833842646800, 0.01476474286689048700, 0.7530821116943480200 ) ) ;
#7136 = AXIS2_PLACEMENT_3D ( 'NONE', #4482, #12008, #3386 ) ;
#7137 = CIRCLE ( 'NONE', #902, 0.02500000000000006400 ) ;
#7138 = CARTESIAN_POINT ( 'NONE',  ( -0.7638888888888885100, 0.02222222222222208800, 0.7320634920634923000 ) ) ;
#7139 = ORIENTED_EDGE ( 'NONE', *, *, #2815, .F. ) ;
#7140 = ORIENTED_EDGE ( 'NONE', *, *, #12203, .T. ) ;
#7141 = AXIS2_PLACEMENT_3D ( 'NONE', #3708, #6509, #2684 ) ;
#7142 = EDGE_CURVE ( 'NONE', #980, #5492, #9126, .T. ) ;
#7143 = ADVANCED_FACE ( 'NONE', ( #9719 ), #2019, .T. ) ;
#7144 = DIRECTION ( 'NONE',  ( 0.0000000000000000000, 0.0000000000000000000, 1.000000000000000000 ) ) ;
#7145 = SURFACE_SIDE_STYLE ('',( #1633 ) ) ;
#7146 = VERTEX_POINT ( 'NONE', #1375 ) ;
#7147 = ORIENTED_EDGE ( 'NONE', *, *, #11457, .F. ) ;
#7148 = CARTESIAN_POINT ( 'NONE',  ( -0.7416666666666664700, 0.02146000385261678800, 0.7834837929390897600 ) ) ;
#7149 = FILL_AREA_STYLE_COLOUR ( '', #10619 ) ;
#7150 = DIRECTION ( 'NONE',  ( -1.000000000000000000, 0.0000000000000000000, 1.790425605939365600E-016 ) ) ;
#7151 = AXIS2_PLACEMENT_3D ( 'NONE', #3569, #6434, #1694 ) ;
#7152 = DIRECTION ( 'NONE',  ( 0.0000000000000000000, 0.4262295081967251200, 0.9046150597587783200 ) ) ;
#7153 = ORIENTED_EDGE ( 'NONE', *, *, #10298, .F. ) ;
#7154 = B_SPLINE_CURVE_WITH_KNOTS ( 'NONE', 3,
 ( #8155, #7148, #1497, #525, #4429, #9999, #10998, #11067, #608, #5311, #676, #5381, #7115, #1459, #8060, #2564, #1579, #8221, #5425 ),
 .UNSPECIFIED., .F., .F.,
 ( 4, 3, 3, 3, 3, 3, 4 ),
 ( -8.188569557406065700E-007, 0.0000000000000000000, 5.399628332346162700E-006, 1.106550333459064900E-005, 1.648578930116489600E-005, 2.181904681638331600E-005, 2.715802409016028000E-005 ),
 .UNSPECIFIED. ) ;
#7155 = CARTESIAN_POINT ( 'NONE',  ( -0.5000000000000000000, 0.9499999999999999600, 0.07499999999999995600 ) ) ;
#7156 = ADVANCED_FACE ( 'NONE', ( #594 ), #10325, .F. ) ;
#7157 = ORIENTED_EDGE ( 'NONE', *, *, #7430, .T. ) ;
#7158 = ORIENTED_EDGE ( 'NONE', *, *, #8802, .F. ) ;
#7159 = DIRECTION ( 'NONE',  ( 0.0000000000000000000, -1.000000000000000000, 0.0000000000000000000 ) ) ;
#7160 = ORIENTED_EDGE ( 'NONE', *, *, #4869, .F. ) ;
#7161 = ORIENTED_EDGE ( 'NONE', *, *, #9192, .F. ) ;
#7162 = DIRECTION ( 'NONE',  ( 0.0000000000000000000, 0.0000000000000000000, 1.000000000000000000 ) ) ;
#7163 = CARTESIAN_POINT ( 'NONE',  ( -0.6991305524767565900, 0.2982352857688939700, 0.6745801589340325600 ) ) ;
#7164 = AXIS2_PLACEMENT_3D ( 'NONE', #5446, #661, #10359 ) ;
#7165 = VERTEX_POINT ( 'NONE', #8069 ) ;
#7166 = VERTEX_POINT ( 'NONE', #6166 ) ;
#7167 = CARTESIAN_POINT ( 'NONE',  ( 0.6499999999999996900, 0.2030620702128255200, 0.7754994340234725400 ) ) ;
#7168 = EDGE_LOOP ( 'NONE', ( #2431, #2156, #9821, #3270 ) ) ;
#7169 = ORIENTED_EDGE ( 'NONE', *, *, #6108, .T. ) ;
#7170 = SURFACE_STYLE_USAGE ( .BOTH. , #1440 ) ;
#7171 = ORIENTED_EDGE ( 'NONE', *, *, #8035, .T. ) ;
#7172 = CARTESIAN_POINT ( 'NONE',  ( -0.7450000000000000000, 0.8792893218813447900, 0.1750000000000000200 ) ) ;
#7173 = LINE ( 'NONE', #10233, #7749 ) ;
#7174 = PLANE ( 'NONE',  #10393 ) ;
#7175 = DIRECTION ( 'NONE',  ( 0.0000000000000000000, 0.0000000000000000000, 1.000000000000000000 ) ) ;
#7176 = UNCERTAINTY_MEASURE_WITH_UNIT (LENGTH_MEASURE( 1.000000000000000100E-005 ), #7839, 'distance_accuracy_value', 'NONE');
#7177 = EDGE_CURVE ( 'NONE', #985, #9578, #2774, .T. ) ;
#7178 = ORIENTED_EDGE ( 'NONE', *, *, #10813, .T. ) ;
#7179 = ORIENTED_EDGE ( 'NONE', *, *, #9333, .T. ) ;
#7180 = ORIENTED_EDGE ( 'NONE', *, *, #7714, .F. ) ;
#7181 = ORIENTED_EDGE ( 'NONE', *, *, #9458, .T. ) ;
#7182 = AXIS2_PLACEMENT_3D ( 'NONE', #11884, #3266, #8002 ) ;
#7183 = DIRECTION ( 'NONE',  ( -1.000000000000000000, 0.0000000000000000000, 1.084202172485504400E-016 ) ) ;
#7184 = CARTESIAN_POINT ( 'NONE',  ( -0.9555555555555553800, 0.0000000000000000000, 0.7320634920634923000 ) ) ;
#7185 = CARTESIAN_POINT ( 'NONE',  ( -0.5861111111111111400, 0.1777777777777780100, 0.7765079365079362600 ) ) ;
#7186 = ORIENTED_EDGE ( 'NONE', *, *, #5739, .T. ) ;
#7187 = FACE_OUTER_BOUND ( 'NONE', #4406, .T. ) ;
#7188 = DIRECTION ( 'NONE',  ( -1.000000000000000000, -0.0000000000000000000, -0.0000000000000000000 ) ) ;
#7189 = FACE_OUTER_BOUND ( 'NONE', #9428, .T. ) ;
#7190 = VERTEX_POINT ( 'NONE', #4148 ) ;
#7191 = DIRECTION ( 'NONE',  ( 0.0000000000000000000, -0.0000000000000000000, -1.000000000000000000 ) ) ;
#7192 = ORIENTED_EDGE ( 'NONE', *, *, #6365, .T. ) ;
#7193 = CARTESIAN_POINT ( 'NONE',  ( -0.7083333333333332600, 0.4999999999999996700, 1.177777777777777800 ) ) ;
#7194 = VECTOR ( 'NONE', #970, 1000.000000000000000 ) ;
#7195 = EDGE_CURVE ( 'NONE', #3731, #4053, #4986, .T. ) ;
#7196 = VERTEX_POINT ( 'NONE', #6113 ) ;
#7197 = ORIENTED_EDGE ( 'NONE', *, *, #4136, .F. ) ;
#7198 = CIRCLE ( 'NONE', #5994, 0.02222222222222208800 ) ;
#7199 = DIRECTION ( 'NONE',  ( 0.0000000000000000000, 0.0000000000000000000, -1.000000000000000000 ) ) ;
#7200 = DIRECTION ( 'NONE',  ( -0.0000000000000000000, -1.000000000000000000, -0.0000000000000000000 ) ) ;
#7201 = CYLINDRICAL_SURFACE ( 'NONE', #5506, 0.02222222222222198000 ) ;
#7202 = CARTESIAN_POINT ( 'NONE',  ( 0.6499999999999996900, 0.2080110357092785100, 0.7822040730860444500 ) ) ;
#7203 = VERTEX_POINT ( 'NONE', #6987 ) ;
#7204 = EDGE_LOOP ( 'NONE', ( #9231, #9846, #12117, #12082 ) ) ;
#7205 = ADVANCED_FACE ( 'NONE', ( #4999 ), #3199, .T. ) ;
#7206 = ORIENTED_EDGE ( 'NONE', *, *, #1428, .T. ) ;
#7207 = CARTESIAN_POINT ( 'NONE',  ( 0.6916666666666663200, 0.2999999999999997100, 0.6738059225679082800 ) ) ;
#7208 = AXIS2_PLACEMENT_3D ( 'NONE', #6562, #993, #10541 ) ;
#7209 = FACE_OUTER_BOUND ( 'NONE', #7418, .T. ) ;
#7210 = DIRECTION ( 'NONE',  ( 0.0000000000000000000, 1.000000000000000000, -0.0000000000000000000 ) ) ;
#7211 = FACE_OUTER_BOUND ( 'NONE', #5970, .T. ) ;
#7212 = DIRECTION ( 'NONE',  ( -0.0000000000000000000, -1.000000000000000000, -0.0000000000000000000 ) ) ;
#7213 = EDGE_CURVE ( 'NONE', #11784, #3474, #5313, .T. ) ;
#7214 = ORIENTED_EDGE ( 'NONE', *, *, #5544, .F. ) ;
#7215 = ORIENTED_EDGE ( 'NONE', *, *, #748, .T. ) ;
#7216 = EDGE_CURVE ( 'NONE', #8848, #5581, #7134, .T. ) ;
#7217 = VERTEX_POINT ( 'NONE', #1339 ) ;
#7218 = MECHANICAL_DESIGN_GEOMETRIC_PRESENTATION_REPRESENTATION (  '', ( #5699 ), #10819 ) ;
#7219 = DIRECTION ( 'NONE',  ( 0.0000000000000000000, 0.0000000000000000000, 1.000000000000000000 ) ) ;
#7220 = ADVANCED_FACE ( 'NONE', ( #2166 ), #292, .T. ) ;
#7221 = LINE ( 'NONE', #1956, #7366 ) ;
#7222 = VECTOR ( 'NONE', #3016, 1000.000000000000000 ) ;
#7223 = CYLINDRICAL_SURFACE ( 'NONE', #6185, 0.02222222222222252100 ) ;
#7224 = FACE_OUTER_BOUND ( 'NONE', #5318, .T. ) ;
#7225 = CARTESIAN_POINT ( 'NONE',  ( 0.6109888535648350100, 0.009868983689173415800, 0.7526896662302222700 ) ) ;
#7226 = ORIENTED_EDGE ( 'NONE', *, *, #2597, .T. ) ;
#7227 = AXIS2_PLACEMENT_3D ( 'NONE', #4776, #5619, #5646 ) ;
#7228 = ORIENTED_EDGE ( 'NONE', *, *, #5925, .F. ) ;
#7229 = DIRECTION ( 'NONE',  ( 1.000000000000000000, 0.0000000000000000000, -2.790226179190637400E-016 ) ) ;
#7230 = CARTESIAN_POINT ( 'NONE',  ( -0.6438346082688658500, 0.2917539997509175900, 0.6774909287209022200 ) ) ;
#7231 = AXIS2_PLACEMENT_3D ( 'NONE', #10759, #10570, #2054 ) ;
#7232 = CYLINDRICAL_SURFACE ( 'NONE', #8699, 0.4999999999999997800 ) ;
#7233 = CIRCLE ( 'NONE', #4875, 0.02222222222222198000 ) ;
#7234 = VECTOR ( 'NONE', #3530, 1000.000000000000000 ) ;
#7235 = DIRECTION ( 'NONE',  ( 0.0000000000000000000, 0.0000000000000000000, 1.000000000000000000 ) ) ;
#7236 = CARTESIAN_POINT ( 'NONE',  ( -0.2549999999999999500, 1.000000000000000000, 0.1250000000000000600 ) ) ;
#7237 = PLANE ( 'NONE',  #11922 ) ;
#7238 = CIRCLE ( 'NONE', #3398, 0.02500000000000006400 ) ;
#7239 = VERTEX_POINT ( 'NONE', #1539 ) ;
#7240 = CARTESIAN_POINT ( 'NONE',  ( -0.6124364200687875100, 0.01058435714662389600, 0.7896837529460957200 ) ) ;
#7241 = CARTESIAN_POINT ( 'NONE',  ( -0.6899999999999999500, 0.8792893218813447900, -0.1499999999999999100 ) ) ;
#7242 = STYLED_ITEM ( 'NONE', ( #2006 ), #7852 ) ;
#7243 = CARTESIAN_POINT ( 'NONE',  ( 0.7413758578080577000, 0.1864331815353204900, 0.7746282899908403200 ) ) ;
#7244 =( GEOMETRIC_REPRESENTATION_CONTEXT ( 3 ) GLOBAL_UNCERTAINTY_ASSIGNED_CONTEXT ( ( #5512 ) ) GLOBAL_UNIT_ASSIGNED_CONTEXT ( ( #4384, #10000, #7386 ) ) REPRESENTATION_CONTEXT ( 'NONE', 'WORKASPACE' ) );
#7245 = CIRCLE ( 'NONE', #7291, 0.02499999999999995600 ) ;
#7246 = CARTESIAN_POINT ( 'NONE',  ( -0.3549999999999999800, 0.9499999999999999600, 0.2450000000000001100 ) ) ;
#7247 = CARTESIAN_POINT ( 'NONE',  ( 0.7630823536477283600, 0.01793760553751999300, 0.7538809716209993200 ) ) ;
#7248 = CARTESIAN_POINT ( 'NONE',  ( -0.3499999999999997000, 0.1999999999999999800, -0.7777777777777780100 ) ) ;
#7249 = CARTESIAN_POINT ( 'NONE',  ( -0.5000000000000000000, 1.000000000000000000, 5.421010862427522200E-017 ) ) ;
#7250 = EDGE_CURVE ( 'NONE', #9378, #83, #5916, .T. ) ;
#7251 = CARTESIAN_POINT ( 'NONE',  ( 0.3499999999999997000, 0.1999999999999999800, -0.7777777777777780100 ) ) ;
#7252 = CARTESIAN_POINT ( 'NONE',  ( 0.6249999999999995600, 0.004999999999999999200, 0.7918213607330723000 ) ) ;
#7253 = VERTEX_POINT ( 'NONE', #7314 ) ;
#7254 = DIRECTION ( 'NONE',  ( 0.0000000000000000000, -1.185846126156022200E-015, -1.000000000000000000 ) ) ;
#7255 = DIRECTION ( 'NONE',  ( -1.000000000000000000, 0.0000000000000000000, 1.084202172485504800E-016 ) ) ;
#7256 = CARTESIAN_POINT ( 'NONE',  ( -0.7000000000124536600, 0.2878751047339534500, 0.7250038538902497900 ) ) ;
#7257 = DIRECTION ( 'NONE',  ( 0.0000000000000000000, 0.0000000000000000000, -1.000000000000000000 ) ) ;
#7258 = CARTESIAN_POINT ( 'NONE',  ( -0.5000000000000000000, 0.9499999999999999600, 0.02500000000000013700 ) ) ;
#7259 = CARTESIAN_POINT ( 'NONE',  ( -0.6249999999999995600, 0.1777777777777780100, 0.7833333333333335500 ) ) ;
#7260 = SURFACE_STYLE_FILL_AREA ( #10778 ) ;
#7261 = CARTESIAN_POINT ( 'NONE',  ( 0.9777777777777781900, 0.1777777777777780100, 0.7098412698412697200 ) ) ;
#7262 = DIRECTION ( 'NONE',  ( 0.0000000000000000000, 1.000000000000000000, -0.0000000000000000000 ) ) ;
#7263 = EDGE_CURVE ( 'NONE', #6288, #12240, #10615, .T. ) ;
#7264 = EDGE_CURVE ( 'NONE', #10557, #8335, #8381, .T. ) ;
#7265 = CARTESIAN_POINT ( 'NONE',  ( 0.3499999999999998100, 0.1899999999999999700, 0.7320634920634921900 ) ) ;
#7266 = CARTESIAN_POINT ( 'NONE',  ( 0.6238864685333132000, 0.1999920272434900200, 0.7326587073462670400 ) ) ;
#7267 = CIRCLE ( 'NONE', #2095, 0.02500000000000007800 ) ;
#7268 = SURFACE_STYLE_USAGE ( .BOTH. , #1119 ) ;
#7269 = VECTOR ( 'NONE', #9246, 1000.000000000000000 ) ;
#7270 = CARTESIAN_POINT ( 'NONE',  ( 0.7083461361156723200, 0.2078715803237827000, 0.7262790832728547300 ) ) ;
#7271 = EDGE_LOOP ( 'NONE', ( #2480, #3070, #9686, #1853 ) ) ;
#7272 = ADVANCED_FACE ( 'NONE', ( #12274 ), #11983, .F. ) ;
#7273 = DIRECTION ( 'NONE',  ( 0.0000000000000000000, 0.0000000000000000000, 1.000000000000000000 ) ) ;
#7274 = ORIENTED_EDGE ( 'NONE', *, *, #7213, .T. ) ;
#7275 = STYLED_ITEM ( 'NONE', ( #2649 ), #543 ) ;
#7276 = EDGE_CURVE ( 'NONE', #7715, #5492, #1877, .T. ) ;
#7277 = DIRECTION ( 'NONE',  ( 0.0000000000000000000, 0.0000000000000000000, -1.000000000000000000 ) ) ;
#7278 =( GEOMETRIC_REPRESENTATION_CONTEXT ( 3 ) GLOBAL_UNCERTAINTY_ASSIGNED_CONTEXT ( ( #7688 ) ) GLOBAL_UNIT_ASSIGNED_CONTEXT ( ( #9635, #7787, #2087 ) ) REPRESENTATION_CONTEXT ( 'NONE', 'WORKASPACE' ) );
#7279 = LINE ( 'NONE', #3982, #1811 ) ;
#7280 = CARTESIAN_POINT ( 'NONE',  ( -0.4499999999999999600, 0.9499999999999999600, 0.1950000000000000600 ) ) ;
#7281 = ORIENTED_EDGE ( 'NONE', *, *, #7763, .T. ) ;
#7282 = DIRECTION ( 'NONE',  ( 0.0000000000000000000, 0.0000000000000000000, -1.000000000000000000 ) ) ;
#7283 = ORIENTED_EDGE ( 'NONE', *, *, #2581, .F. ) ;
#7284 = CARTESIAN_POINT ( 'NONE',  ( 0.9555555555555553800, 0.9777777777777779700, -0.7555555555555557600 ) ) ;
#7285 = DIRECTION ( 'NONE',  ( 0.0000000000000000000, -7.411538288475051500E-017, 1.000000000000000000 ) ) ;
#7286 = CARTESIAN_POINT ( 'NONE',  ( -0.7638014466321996200, 0.02045311800202244700, 0.7542270415222912500 ) ) ;
#7287 = VECTOR ( 'NONE', #2851, 1000.000000000000000 ) ;
#7288 = CARTESIAN_POINT ( 'NONE',  ( -1.377777777777777800, 0.5000000000000000000, 0.4653968253968289200 ) ) ;
#7289 = AXIS2_PLACEMENT_3D ( 'NONE', #12139, #2630, #4614 ) ;
#7290 = CARTESIAN_POINT ( 'NONE',  ( 0.6083333333333330600, 0.1833333333333334600, 0.7761593472479015900 ) ) ;
#7291 = AXIS2_PLACEMENT_3D ( 'NONE', #5315, #8062, #7235 ) ;
#7292 = ORIENTED_EDGE ( 'NONE', *, *, #9782, .F. ) ;
#7293 = EDGE_LOOP ( 'NONE', ( #382, #6399 ) ) ;
#7294 = EDGE_CURVE ( 'NONE', #3731, #9371, #3038, .T. ) ;
#7295 = EDGE_LOOP ( 'NONE', ( #5669, #6687, #3287, #4692 ) ) ;
#7296 = CARTESIAN_POINT ( 'NONE',  ( -0.5000000000000000000, 1.000000000000000000, -0.2649999999999999000 ) ) ;
#7297 = CARTESIAN_POINT ( 'NONE',  ( 0.9555555555555560500, 0.8000000000000000400, 0.7098412698412697200 ) ) ;
#7298 = CARTESIAN_POINT ( 'NONE',  ( 0.7111111111111145800, 0.5000000000000000000, 1.132063492063492200 ) ) ;
#7299 = EDGE_CURVE ( 'NONE', #5095, #4132, #3932, .T. ) ;
#7300 = LINE ( 'NONE', #6684, #4781 ) ;
#7301 = ORIENTED_EDGE ( 'NONE', *, *, #2270, .T. ) ;
#7302 = ORIENTED_EDGE ( 'NONE', *, *, #8153, .T. ) ;
#7303 = AXIS2_PLACEMENT_3D ( 'NONE', #9849, #10926, #4188 ) ;
#7304 = EDGE_CURVE ( 'NONE', #1073, #4371, #9705, .T. ) ;
#7305 = ORIENTED_EDGE ( 'NONE', *, *, #11079, .T. ) ;
#7306 = ORIENTED_EDGE ( 'NONE', *, *, #2581, .T. ) ;
#7307 = CARTESIAN_POINT ( 'NONE',  ( -0.6118938653858292400, 0.1938661034126255300, 0.7651827898942582500 ) ) ;
#7308 = ORIENTED_EDGE ( 'NONE', *, *, #26, .F. ) ;
#7309 = AXIS2_PLACEMENT_3D ( 'NONE', #4791, #11423, #4638 ) ;
#7310 = CARTESIAN_POINT ( 'NONE',  ( -0.3999999999999999700, 0.9499999999999999600, 0.1000000000000000200 ) ) ;
#7311 = DIRECTION ( 'NONE',  ( -1.000000000000000000, 0.0000000000000000000, 0.0000000000000000000 ) ) ;
#7312 = LINE ( 'NONE', #8429, #6410 ) ;
#7313 = CARTESIAN_POINT ( 'NONE',  ( 0.7083333333333332600, 0.2083333333333335400, 0.7259470610297852300 ) ) ;
#7314 = CARTESIAN_POINT ( 'NONE',  ( -0.9555555555555553800, 0.0000000000000000000, -0.7777777777777779000 ) ) ;
#7315 = ORIENTED_EDGE ( 'NONE', *, *, #11193, .F. ) ;
#7316 = EDGE_LOOP ( 'NONE', ( #5996, #11459, #2922, #5796, #10887, #3469 ) ) ;
#7317 = VERTEX_POINT ( 'NONE', #6354 ) ;
#7318 = ADVANCED_FACE ( 'NONE', ( #6590 ), #7201, .F. ) ;
#7319 = CARTESIAN_POINT ( 'NONE',  ( -0.5500000000000001600, 1.000000000000000000, 0.1950000000000000600 ) ) ;
#7320 = CIRCLE ( 'NONE', #7658, 0.02500000000000009200 ) ;
#7321 = CARTESIAN_POINT ( 'NONE',  ( 0.7100595768915800600, 0.1999999999999996500, 0.7777777777777813400 ) ) ;
#7322 =( BOUNDED_SURFACE ( )  B_SPLINE_SURFACE ( 3, 2, ( 
 ( #4133, #3037, #8712 ),
 ( #2264, #3086, #9824 ),
 ( #10820, #8880, #9648 ),
 ( #10771, #9754, #4166 ) ),
 .UNSPECIFIED., .F., .F., .F. ) 
 B_SPLINE_SURFACE_WITH_KNOTS ( ( 4, 4 ),
 ( 3, 3 ),
 ( 0.0000000000000000000, 1.368890430171051800E-005 ),
 ( 0.0000000000000000000, 1.000000000000000000 ),
 .UNSPECIFIED. ) 
 GEOMETRIC_REPRESENTATION_ITEM ( )  RATIONAL_B_SPLINE_SURFACE ( (
 ( 1.000000000000000000, 0.7071067811865516800, 1.000000000000000000),
 ( 1.000000000000000000, 0.7823819211277779400, 1.000000000000000000),
 ( 1.000000000000000000, 0.8401566670091494800, 1.000000000000000000),
 ( 1.000000000000000000, 0.8395939690034016600, 1.000000000000000000) ) ) 
 REPRESENTATION_ITEM ( '' )  SURFACE ( )  );
#7323 = CARTESIAN_POINT ( 'NONE',  ( 0.3499999999999998100, 0.1999999999999999800, -0.8000000000000000400 ) ) ;
#7324 = VERTEX_POINT ( 'NONE', #12036 ) ;
#7325 = ORIENTED_EDGE ( 'NONE', *, *, #10178, .T. ) ;
#7326 = ORIENTED_EDGE ( 'NONE', *, *, #5185, .T. ) ;
#7327 = DIRECTION ( 'NONE',  ( 0.0000000000000000000, 1.000000000000000000, 7.411538288475051500E-017 ) ) ;
#7328 = CARTESIAN_POINT ( 'NONE',  ( -0.5000000000000000000, 0.9499999999999999600, 0.1000000000000000500 ) ) ;
#7329 = EDGE_CURVE ( 'NONE', #10921, #9809, #10313, .T. ) ;
#7330 = ADVANCED_FACE ( 'NONE', ( #4982 ), #1592, .F. ) ;
#7331 = EDGE_CURVE ( 'NONE', #11768, #779, #707, .T. ) ;
#7332 = LINE ( 'NONE', #5474, #4381 ) ;
#7333 = ORIENTED_EDGE ( 'NONE', *, *, #3397, .T. ) ;
#7334 = ORIENTED_EDGE ( 'NONE', *, *, #5991, .F. ) ;
#7335 = EDGE_CURVE ( 'NONE', #11956, #9948, #8511, .T. ) ;
#7336 = CARTESIAN_POINT ( 'NONE',  ( 0.7250000000000000900, 0.002500000000000033400, 0.7423036635030290100 ) ) ;
#7337 = AXIS2_PLACEMENT_3D ( 'NONE', #7559, #9341, #3637 ) ;
#7338 = CARTESIAN_POINT ( 'NONE',  ( -0.6249999999999995600, 0.1777777777777776700, 0.8000000000000000400 ) ) ;
#7339 = ORIENTED_EDGE ( 'NONE', *, *, #8609, .F. ) ;
#7340 = DIRECTION ( 'NONE',  ( 0.0000000000000000000, -1.000000000000000000, -0.0000000000000000000 ) ) ;
#7341 = CARTESIAN_POINT ( 'NONE',  ( -0.6416666666666661600, 0.2071887948259730800, 0.7267690512419609000 ) ) ;
#7342 = ORIENTED_EDGE ( 'NONE', *, *, #10222, .T. ) ;
#7343 = FACE_OUTER_BOUND ( 'NONE', #1075, .T. ) ;
#7344 = EDGE_CURVE ( 'NONE', #2726, #4884, #4081, .T. ) ;
#7345 = DIRECTION ( 'NONE',  ( 0.0000000000000000000, 1.000000000000000000, 0.0000000000000000000 ) ) ;
#7346 = CARTESIAN_POINT ( 'NONE',  ( -0.2125000000000000200, 0.9499999999999999600, 8.131516293641283300E-017 ) ) ;
#7347 = FACE_OUTER_BOUND ( 'NONE', #9643, .T. ) ;
#7348 = FACE_OUTER_BOUND ( 'NONE', #11924, .T. ) ;
#7349 = CARTESIAN_POINT ( 'NONE',  ( 0.6006149024590389200, 0.1957024421740175300, 0.7451986954032200300 ) ) ;
#7350 = LINE ( 'NONE', #7421, #2333 ) ;
#7351 = ORIENTED_EDGE ( 'NONE', *, *, #10631, .F. ) ;
#7352 = CARTESIAN_POINT ( 'NONE',  ( -0.7450000000000000000, 1.000000000000000000, 0.1499999999999999700 ) ) ;
#7353 = ORIENTED_EDGE ( 'NONE', *, *, #9345, .F. ) ;
#7354 = EDGE_CURVE ( 'NONE', #8046, #4906, #5296, .T. ) ;
#7355 = VERTEX_POINT ( 'NONE', #8535 ) ;
#7356 = PLANE ( 'NONE',  #12164 ) ;
#7357 = DIRECTION ( 'NONE',  ( -0.0000000000000000000, 1.000000000000000000, -0.0000000000000000000 ) ) ;
#7358 = DIRECTION ( 'NONE',  ( 0.0000000000000000000, 1.000000000000000000, 0.0000000000000000000 ) ) ;
#7359 = LINE ( 'NONE', #5880, #12146 ) ;
#7360 = FACE_OUTER_BOUND ( 'NONE', #5513, .T. ) ;
#7361 = ORIENTED_EDGE ( 'NONE', *, *, #2905, .T. ) ;
#7362 = CARTESIAN_POINT ( 'NONE',  ( -0.6083333333333331700, 0.1777777777777776700, 0.7833333333333335500 ) ) ;
#7363 = EDGE_LOOP ( 'NONE', ( #340, #1825 ) ) ;
#7364 = CARTESIAN_POINT ( 'NONE',  ( 0.7066373719584490000, 0.2000000000000002100, 0.7741250629171413400 ) ) ;
#7365 = AXIS2_PLACEMENT_3D ( 'NONE', #3388, #6241, #7162 ) ;
#7366 = VECTOR ( 'NONE', #5637, 1000.000000000000000 ) ;
#7367 = LINE ( 'NONE', #1993, #4850 ) ;
#7368 = CARTESIAN_POINT ( 'NONE',  ( -0.6899999999999999500, 1.000000000000000000, -0.1499999999999999100 ) ) ;
#7369 = LINE ( 'NONE', #8299, #151 ) ;
#7370 = EDGE_CURVE ( 'NONE', #1311, #1915, #11350, .T. ) ;
#7371 = DIRECTION ( 'NONE',  ( 0.0000000000000000000, 0.0000000000000000000, 1.000000000000000000 ) ) ;
#7372 = LINE ( 'NONE', #4013, #309 ) ;
#7373 = DIRECTION ( 'NONE',  ( 0.0000000000000000000, 0.0000000000000000000, -1.000000000000000000 ) ) ;
#7374 = CARTESIAN_POINT ( 'NONE',  ( -0.6000000000000000900, 0.8792893218813447900, -0.09999999999999993600 ) ) ;
#7375 = ORIENTED_EDGE ( 'NONE', *, *, #2914, .T. ) ;
#7376 = AXIS2_PLACEMENT_3D ( 'NONE', #8016, #434, #11901 ) ;
#7377 = PLANE ( 'NONE',  #3227 ) ;
#7378 = CIRCLE ( 'NONE', #3837, 0.02222222222222230300 ) ;
#7379 = DIRECTION ( 'NONE',  ( 0.0000000000000000000, 1.000000000000000000, -0.0000000000000000000 ) ) ;
#7380 = DIRECTION ( 'NONE',  ( 0.0000000000000000000, 1.000000000000000000, 0.0000000000000000000 ) ) ;
#7381 = AXIS2_PLACEMENT_3D ( 'NONE', #7899, #2509, #5393 ) ;
#7382 = CARTESIAN_POINT ( 'NONE',  ( -0.6419328327567955800, 0.2867673523007496200, 0.6798078752953080600 ) ) ;
#7383 = CARTESIAN_POINT ( 'NONE',  ( -0.7019292465502861000, 0.2032730940214528300, 0.7750822252436996300 ) ) ;
#7384 = CARTESIAN_POINT ( 'NONE',  ( 0.6503995974653085100, 0.2893930143576651200, 0.7242971303421356100 ) ) ;
#7385 = CARTESIAN_POINT ( 'NONE',  ( -0.6221197824109943000, 0.1997942971855667400, 0.7392490830567116600 ) ) ;
#7386 =( NAMED_UNIT ( * ) SI_UNIT ( $, .STERADIAN. ) SOLID_ANGLE_UNIT ( ) );
#7387 = DIRECTION ( 'NONE',  ( 0.0000000000000000000, -0.0000000000000000000, 1.000000000000000000 ) ) ;
#7388 = EDGE_CURVE ( 'NONE', #4396, #12270, #855, .T. ) ;
#7389 = CARTESIAN_POINT ( 'NONE',  ( -0.6155252844261646100, 0.1994140778067704000, 0.7371327801347347100 ) ) ;
#7390 = CARTESIAN_POINT ( 'NONE',  ( -0.5861111111109917900, 0.02194444444442709300, 0.7542839781067808300 ) ) ;
#7391 = FACE_OUTER_BOUND ( 'NONE', #79, .T. ) ;
#7392 = CIRCLE ( 'NONE', #7444, 0.02499999999999984900 ) ;
#7393 = DIRECTION ( 'NONE',  ( 0.0000000000000000000, -1.000000000000000000, 0.0000000000000000000 ) ) ;
#7394 = ADVANCED_FACE ( 'NONE', ( #981 ), #2001, .T. ) ;
#7395 = CARTESIAN_POINT ( 'NONE',  ( -0.9999999999999997800, 0.02222222222222208800, -0.7555555555555550900 ) ) ;
#7396 = AXIS2_PLACEMENT_3D ( 'NONE', #396, #5132, #11995 ) ;
#7397 = CIRCLE ( 'NONE', #4772, 0.02499999999999995600 ) ;
#7398 = VERTEX_POINT ( 'NONE', #260 ) ;
#7399 = DIRECTION ( 'NONE',  ( -0.0000000000000000000, 1.000000000000000000, -0.0000000000000000000 ) ) ;
#7400 = EDGE_CURVE ( 'NONE', #2584, #11041, #9400, .T. ) ;
#7401 = DIRECTION ( 'NONE',  ( 0.0000000000000000000, -1.000000000000000000, 0.0000000000000000000 ) ) ;
#7402 = CIRCLE ( 'NONE', #1306, 0.02500000000000007800 ) ;
#7403 = CARTESIAN_POINT ( 'NONE',  ( -0.7086345221032408500, 0.2058928531135504900, 0.7277093103510351400 ) ) ;
#7404 =( LENGTH_UNIT ( ) NAMED_UNIT ( * ) SI_UNIT ( .MILLI., .METRE. ) );
#7405 = CARTESIAN_POINT ( 'NONE',  ( -0.6900000000000000600, 1.000000000000000000, 0.1749999999999998200 ) ) ;
#7406 = AXIS2_PLACEMENT_3D ( 'NONE', #9970, #7210, #5329 ) ;
#7407 = VECTOR ( 'NONE', #4852, 1000.000000000000000 ) ;
#7408 = DIRECTION ( 'NONE',  ( 0.0000000000000000000, 1.185846126156016500E-015, -1.000000000000000000 ) ) ;
#7409 = ORIENTED_EDGE ( 'NONE', *, *, #1941, .T. ) ;
#7410 = CARTESIAN_POINT ( 'NONE',  ( -0.7416666666666664700, 0.1777777777777780100, 0.7833333333333335500 ) ) ;
#7411 = CARTESIAN_POINT ( 'NONE',  ( -0.5861111111109917900, 0.02194444444442587800, 0.7542839781068781900 ) ) ;
#7412 = DIRECTION ( 'NONE',  ( 0.0000000000000000000, 0.0000000000000000000, -1.000000000000000000 ) ) ;
#7413 = DIRECTION ( 'NONE',  ( 1.000000000000000000, -0.0000000000000000000, -0.0000000000000000000 ) ) ;
#7414 = CARTESIAN_POINT ( 'NONE',  ( -0.6449999999999999100, 1.000000000000000000, -0.2450000000000000000 ) ) ;
#7415 = CARTESIAN_POINT ( 'NONE',  ( -0.6338283654801480900, 0.2000110566264085600, 0.7320551988820864800 ) ) ;
#7416 = EDGE_CURVE ( 'NONE', #2608, #9081, #581, .T. ) ;
#7417 = CIRCLE ( 'NONE', #2396, 0.5000000000000000000 ) ;
#7418 = EDGE_LOOP ( 'NONE', ( #9655, #6543 ) ) ;
#7419 = VERTEX_POINT ( 'NONE', #8578 ) ;
#7420 = CARTESIAN_POINT ( 'NONE',  ( 0.6955901375556164900, 0.2996405760703048100, 0.7141776225364870900 ) ) ;
#7421 = CARTESIAN_POINT ( 'NONE',  ( 0.9555555555555551600, 0.1900000000000000600, -0.7777777777777781200 ) ) ;
#7422 = DIRECTION ( 'NONE',  ( 0.0000000000000000000, 0.0000000000000000000, 1.000000000000000000 ) ) ;
#7423 = CARTESIAN_POINT ( 'NONE',  ( 0.6393034849008359900, 0.1999999999999999800, 0.7771580468426748700 ) ) ;
#7424 = DIRECTION ( 'NONE',  ( 1.000000000000000000, 0.0000000000000000000, -4.336808689942017700E-016 ) ) ;
#7425 = CARTESIAN_POINT ( 'NONE',  ( 0.6083333333333331700, 0.2000000000000000900, 0.7320634920634921900 ) ) ;
#7426 = EDGE_LOOP ( 'NONE', ( #2717, #12088, #12178, #8723 ) ) ;
#7427 = AXIS2_PLACEMENT_3D ( 'NONE', #6014, #7009, #6971 ) ;
#7428 = ORIENTED_EDGE ( 'NONE', *, *, #1926, .F. ) ;
#7429 = ORIENTED_EDGE ( 'NONE', *, *, #195, .F. ) ;
#7430 = EDGE_CURVE ( 'NONE', #11959, #9515, #8813, .T. ) ;
#7431 = CYLINDRICAL_SURFACE ( 'NONE', #2942, 0.02499999999999995600 ) ;
#7432 = ORIENTED_EDGE ( 'NONE', *, *, #8067, .T. ) ;
#7433 = VERTEX_POINT ( 'NONE', #10674 ) ;
#7435 = EDGE_LOOP ( 'NONE', ( #3739, #9865, #11326, #678 ) ) ;
#7434 = EDGE_CURVE ( 'NONE', #4132, #3345, #5576, .T. ) ;
#7436 = DIRECTION ( 'NONE',  ( 1.000000000000000000, 0.0000000000000000000, -1.084202172485504400E-016 ) ) ;
#7437 = CARTESIAN_POINT ( 'NONE',  ( 0.6249999999999995600, 0.1777777777777776700, 0.8000000000000000400 ) ) ;
#7438 = ORIENTED_EDGE ( 'NONE', *, *, #9618, .F. ) ;
#7439 = CARTESIAN_POINT ( 'NONE',  ( 0.7054986824317117700, 0.2046498041912842000, 0.7717677004406677800 ) ) ;
#7440 = ORIENTED_EDGE ( 'NONE', *, *, #6587, .T. ) ;
#7441 = DIRECTION ( 'NONE',  ( 0.0000000000000000000, 0.0000000000000000000, 1.000000000000000000 ) ) ;
#7442 = AXIS2_PLACEMENT_3D ( 'NONE', #12188, #9394, #10332 ) ;
#7443 = ADVANCED_FACE ( 'NONE', ( #9114 ), #6894, .T. ) ;
#7444 = AXIS2_PLACEMENT_3D ( 'NONE', #9012, #4995, #5203 ) ;
#7445 = EDGE_LOOP ( 'NONE', ( #6557, #7214 ) ) ;
#7446 = ORIENTED_EDGE ( 'NONE', *, *, #5451, .F. ) ;
#7447 = EDGE_LOOP ( 'NONE', ( #5721, #1269, #1980, #387 ) ) ;
#7448 = ORIENTED_EDGE ( 'NONE', *, *, #5514, .T. ) ;
#7449 = CARTESIAN_POINT ( 'NONE',  ( -0.9777777777777779700, 0.1899999999999999700, -0.7555555555555555400 ) ) ;
#7450 = ORIENTED_EDGE ( 'NONE', *, *, #4480, .T. ) ;
#7451 = CARTESIAN_POINT ( 'NONE',  ( -0.6249999999999996700, 0.005000000000000009600, 0.7471185785507585800 ) ) ;
#7452 = DIRECTION ( 'NONE',  ( -0.0000000000000000000, -1.000000000000000000, 0.0000000000000000000 ) ) ;
#7453 = CIRCLE ( 'NONE', #11852, 0.02222222222222198000 ) ;
#7454 = CARTESIAN_POINT ( 'NONE',  ( -0.6340741678366110800, 0.2000329953555473100, 0.7320387476626117900 ) ) ;
#7455 = AXIS2_PLACEMENT_3D ( 'NONE', #6175, #7043, #10875 ) ;
#7456 = EDGE_CURVE ( 'NONE', #2624, #4653, #6307, .T. ) ;
#7457 = VERTEX_POINT ( 'NONE', #3144 ) ;
#7458 = CARTESIAN_POINT ( 'NONE',  ( -0.6090002834293796200, 0.1880009716481134700, 0.7733528892360653800 ) ) ;
#7459 = ORIENTED_EDGE ( 'NONE', *, *, #5729, .T. ) ;
#7460 = CARTESIAN_POINT ( 'NONE',  ( -0.6000000000000000900, 0.9499999999999999600, 0.1000000000000000200 ) ) ;
#7461 = ORIENTED_EDGE ( 'NONE', *, *, #9458, .F. ) ;
#7462 = ORIENTED_EDGE ( 'NONE', *, *, #6994, .T. ) ;
#7463 = AXIS2_PLACEMENT_3D ( 'NONE', #7068, #6981, #6024 ) ;
#7464 = CARTESIAN_POINT ( 'NONE',  ( 0.6338209637318073000, 0.1999999999999999800, 0.7671281294177545500 ) ) ;
#7465 = ORIENTED_EDGE ( 'NONE', *, *, #8522, .T. ) ;
#7466 = EDGE_LOOP ( 'NONE', ( #6839, #8598, #9280, #3058, #5077, #3432 ) ) ;
#7467 = CYLINDRICAL_SURFACE ( 'NONE', #9550, 0.02499999999999995600 ) ;
#7468 = DIRECTION ( 'NONE',  ( -1.000000000000000000, -0.0000000000000000000, -7.623296525288672200E-017 ) ) ;
#7469 =( BOUNDED_SURFACE ( )  B_SPLINE_SURFACE ( 3, 2, ( 
 ( #1537, #4386, #6357 ),
 ( #11028, #6271, #1582 ),
 ( #9125, #10088, #12159 ),
 ( #7547, #6121, #8077 ),
 ( #10266, #3750, #6896 ),
 ( #1689, #4709, #1262 ) ),
 .UNSPECIFIED., .F., .F., .F. ) 
 B_SPLINE_SURFACE_WITH_KNOTS ( ( 4, 2, 4 ),
 ( 3, 3 ),
 ( 0.0000000000000000000, 3.826139082368406900E-005, 7.652278164736813900E-005 ),
 ( 0.0000000000000000000, 1.000000000000000000 ),
 .UNSPECIFIED. ) 
 GEOMETRIC_REPRESENTATION_ITEM ( )  RATIONAL_B_SPLINE_SURFACE ( (
 ( 1.000000000000000000, 0.7071067811865474600, 1.000000000000000000),
 ( 1.000000000000000000, 0.7271094182724443500, 1.000000000000000000),
 ( 1.000000000000000000, 0.8299654880034073000, 1.000000000000000000),
 ( 1.000000000000000000, 0.9629808522510148200, 1.000000000000000000),
 ( 1.000000000000000000, 1.000452970100828700, 1.000000000000000000),
 ( 1.000000000000000000, 1.000000000000000000, 1.000000000000000000) ) ) 
 REPRESENTATION_ITEM ( '' )  SURFACE ( )  );
#7470 = LINE ( 'NONE', #11916, #8083 ) ;
#7471 = CIRCLE ( 'NONE', #11203, 0.02500000000000008100 ) ;
#7472 = EDGE_CURVE ( 'NONE', #6988, #779, #3783, .T. ) ;
#7473 = CLOSED_SHELL ( 'NONE', ( #6461, #12213, #555, #9835 ) ) ;
#7474 = ORIENTED_EDGE ( 'NONE', *, *, #875, .T. ) ;
#7475 = VERTEX_POINT ( 'NONE', #5404 ) ;
#7476 = CARTESIAN_POINT ( 'NONE',  ( 0.6499571993297484900, 0.2978410475371917100, 0.6747529546007831100 ) ) ;
#7477 = FACE_OUTER_BOUND ( 'NONE', #215, .T. ) ;
#7478 = AXIS2_PLACEMENT_3D ( 'NONE', #4389, #6546, #6512 ) ;
#7479 = ORIENTED_EDGE ( 'NONE', *, *, #10470, .F. ) ;
#7480 = CARTESIAN_POINT ( 'NONE',  ( 7.937048284925630400E-017, 0.02222222222222208800, 0.7320634920634921900 ) ) ;
#7481 = EDGE_LOOP ( 'NONE', ( #9949, #9840, #2144, #133 ) ) ;
#7482 = CIRCLE ( 'NONE', #2834, 0.02499999999999984900 ) ;
#7483 = CARTESIAN_POINT ( 'NONE',  ( -0.6448060929816119600, 0.2044939072661084200, 0.7722006285039702000 ) ) ;
#7484 = LINE ( 'NONE', #7248, #2616 ) ;
#7485 = CARTESIAN_POINT ( 'NONE',  ( -1.377777777777778000, 0.5000000000000000000, -0.5111111111111132900 ) ) ;
#7486 = CIRCLE ( 'NONE', #8905, 0.02499999999999985900 ) ;
#7487 = ORIENTED_EDGE ( 'NONE', *, *, #4526, .T. ) ;
#7488 = CARTESIAN_POINT ( 'NONE',  ( 0.7638888888888885100, 0.02222222222222208800, 0.7320634920634920800 ) ) ;
#7489 = ORIENTED_EDGE ( 'NONE', *, *, #1519, .T. ) ;
#7490 = CARTESIAN_POINT ( 'NONE',  ( -1.377777777777777800, 0.5000000000000000000, 0.4653968253968289200 ) ) ;
#7491 = CARTESIAN_POINT ( 'NONE',  ( 0.9777777777777786300, 0.1899999999999999700, 0.7098412698412697200 ) ) ;
#7492 = ORIENTED_EDGE ( 'NONE', *, *, #4833, .F. ) ;
#7493 = EDGE_CURVE ( 'NONE', #10976, #9059, #3142, .T. ) ;
#7494 = EDGE_CURVE ( 'NONE', #4422, #11654, #6001, .T. ) ;
#7495 = CYLINDRICAL_SURFACE ( 'NONE', #1235, 0.02222222222222198000 ) ;
#7496 = VECTOR ( 'NONE', #9004, 1000.000000000000000 ) ;
#7497 = DIRECTION ( 'NONE',  ( 2.439454888092410200E-015, 0.0000000000000000000, 1.000000000000000000 ) ) ;
#7498 = MECHANICAL_DESIGN_GEOMETRIC_PRESENTATION_REPRESENTATION (  '', ( #8373 ), #3285 ) ;
#7499 = CARTESIAN_POINT ( 'NONE',  ( -0.3499999999999998100, 0.02222222222222208800, -0.8000000000000000400 ) ) ;
#7500 = EDGE_LOOP ( 'NONE', ( #6777, #7858, #223, #4339 ) ) ;
#7501 = VERTEX_POINT ( 'NONE', #10151 ) ;
#7502 = PLANE ( 'NONE',  #44 ) ;
#7503 = DIRECTION ( 'NONE',  ( 0.0000000000000000000, 1.000000000000000000, 0.0000000000000000000 ) ) ;
#7504 = DIRECTION ( 'NONE',  ( 0.0000000000000000000, 1.000000000000000000, 0.0000000000000000000 ) ) ;
#7505 = VERTEX_POINT ( 'NONE', #5240 ) ;
#7506 = DIRECTION ( 'NONE',  ( 0.0000000000000000000, -0.01250000000000092000, 0.9999218719480037500 ) ) ;
#7507 = DIRECTION ( 'NONE',  ( 0.0000000000000000000, 1.000000000000000000, 0.0000000000000000000 ) ) ;
#7508 = EDGE_CURVE ( 'NONE', #6568, #7628, #9269, .T. ) ;
#7509 = CARTESIAN_POINT ( 'NONE',  ( -0.6096536493482586100, 0.01513876712368011400, 0.7736312890058357800 ) ) ;
#7510 = LINE ( 'NONE', #9431, #4849 ) ;
#7511 = LINE ( 'NONE', #1554, #4415 ) ;
#7512 = VECTOR ( 'NONE', #4715, 1000.000000000000000 ) ;
#7513 = DIRECTION ( 'NONE',  ( 0.0000000000000000000, 1.000000000000000000, 0.0000000000000000000 ) ) ;
#7514 = CARTESIAN_POINT ( 'NONE',  ( 0.6340741678366110800, 0.2000329953555473100, 0.7320387476626117900 ) ) ;
#7515 = VECTOR ( 'NONE', #3135, 1000.000000000000000 ) ;
#7516 = EDGE_CURVE ( 'NONE', #3944, #96, #3485, .T. ) ;
#7517 = ORIENTED_EDGE ( 'NONE', *, *, #11551, .T. ) ;
#7518 = ORIENTED_EDGE ( 'NONE', *, *, #6476, .T. ) ;
#7519 = DIRECTION ( 'NONE',  ( 0.0000000000000000000, 1.000000000000000000, -0.0000000000000000000 ) ) ;
#7520 = ADVANCED_FACE ( 'NONE', ( #5705 ), #6738, .F. ) ;
#7521 = LINE ( 'NONE', #7968, #3972 ) ;
#7522 = CARTESIAN_POINT ( 'NONE',  ( 0.6419328327567955800, 0.2867673523007496200, 0.6798078752953080600 ) ) ;
#7523 = CYLINDRICAL_SURFACE ( 'NONE', #10156, 0.01666666666666650300 ) ;
#7524 = ORIENTED_EDGE ( 'NONE', *, *, #12194, .T. ) ;
#7525 = CARTESIAN_POINT ( 'NONE',  ( -0.6541584804553268700, 0.2940275453242786600, 0.7221730912500227100 ) ) ;
#7526 = AXIS2_PLACEMENT_3D ( 'NONE', #9215, #12204, #7277 ) ;
#7527 = CARTESIAN_POINT ( 'NONE',  ( -0.6416666662087321400, 0.2076720441400251300, 0.7633150673424031800 ) ) ;
#7528 = CARTESIAN_POINT ( 'NONE',  ( -0.7073387303691148800, 0.1999999999999993700, 0.7796334592314947400 ) ) ;
#7529 = EDGE_CURVE ( 'NONE', #9965, #5402, #3186, .T. ) ;
#7530 = SURFACE_STYLE_USAGE ( .BOTH. , #11167 ) ;
#7531 = DIRECTION ( 'NONE',  ( -2.790226179190637400E-016, -0.0000000000000000000, -1.000000000000000000 ) ) ;
#7532 = FACE_OUTER_BOUND ( 'NONE', #3730, .T. ) ;
#7533 = CIRCLE ( 'NONE', #598, 0.02222222222222198000 ) ;
#7534 = CARTESIAN_POINT ( 'NONE',  ( -0.4500000000000000100, 0.9499999999999999600, -0.1949999999999999500 ) ) ;
#7535 = EDGE_CURVE ( 'NONE', #2131, #1073, #10450, .T. ) ;
#7536 = DIRECTION ( 'NONE',  ( 0.0000000000000000000, 1.000000000000000000, 0.0000000000000000000 ) ) ;
#7537 = AXIS2_PLACEMENT_3D ( 'NONE', #2631, #11052, #9278 ) ;
#7538 = CARTESIAN_POINT ( 'NONE',  ( -0.6083333333333331700, 0.1777777777777780100, 0.7765079365079362600 ) ) ;
#7539 = DIRECTION ( 'NONE',  ( 0.0000000000000000000, 0.0000000000000000000, -1.000000000000000000 ) ) ;
#7540 = VERTEX_POINT ( 'NONE', #8514 ) ;
#7541 = CARTESIAN_POINT ( 'NONE',  ( -0.6923533182283905200, 0.3000000000000001000, 0.7140968530029923000 ) ) ;
#7542 = CARTESIAN_POINT ( 'NONE',  ( 0.7305166039977877300, 0.005939465450004810900, 0.7563033442913419400 ) ) ;
#7543 = CARTESIAN_POINT ( 'NONE',  ( -0.9555555555555553800, 0.02222222222222208800, -0.7777777777777779000 ) ) ;
#7544 = UNCERTAINTY_MEASURE_WITH_UNIT (LENGTH_MEASURE( 1.000000000000000100E-005 ), #181, 'distance_accuracy_value', 'NONE');
#7545 = PRESENTATION_STYLE_ASSIGNMENT (( #8742 ) ) ;
#7546 = CARTESIAN_POINT ( 'NONE',  ( -0.6245476205363284000, 0.005000000000000001800, 0.7525438349425661600 ) ) ;
#7547 = CARTESIAN_POINT ( 'NONE',  ( -0.6174855140191715100, 0.1987957611102176300, 0.7507897795933155000 ) ) ;
#7548 = DIRECTION ( 'NONE',  ( 0.0000000000000000000, 0.0000000000000000000, -1.000000000000000000 ) ) ;
#7549 = LINE ( 'NONE', #6902, #5051 ) ;
#7550 = DIRECTION ( 'NONE',  ( 0.0000000000000000000, 0.0000000000000000000, 1.000000000000000000 ) ) ;
#7551 = AXIS2_PLACEMENT_3D ( 'NONE', #41, #6613, #12256 ) ;
#7552 = AXIS2_PLACEMENT_3D ( 'NONE', #4135, #5899, #3088 ) ;
#7553 = FACE_OUTER_BOUND ( 'NONE', #12089, .T. ) ;
#7554 = CARTESIAN_POINT ( 'NONE',  ( 0.6471709315453192400, 0.2958322807946484100, 0.6756461503710680100 ) ) ;
#7555 = FACE_OUTER_BOUND ( 'NONE', #6018, .T. ) ;
#7556 = ORIENTED_EDGE ( 'NONE', *, *, #11141, .T. ) ;
#7557 = EDGE_CURVE ( 'NONE', #1713, #10317, #1447, .T. ) ;
#7558 = EDGE_LOOP ( 'NONE', ( #273, #2305, #5273, #10440 ) ) ;
#7559 = CARTESIAN_POINT ( 'NONE',  ( -0.6083333333333331700, 0.1777777777777776700, 0.7777777777777780100 ) ) ;
#7560 = CARTESIAN_POINT ( 'NONE',  ( 0.7111111111111146900, 0.1999999999999999800, 0.7320634920634921900 ) ) ;
#7561 = CARTESIAN_POINT ( 'NONE',  ( 0.6083333333333331700, 0.1777777777777776700, 0.7833333333333335500 ) ) ;
#7562 = DIRECTION ( 'NONE',  ( 0.0000000000000000000, 0.0000000000000000000, -1.000000000000000000 ) ) ;
#7563 = DIRECTION ( 'NONE',  ( 4.441140238399635700E-016, -0.0000000000000000000, 1.000000000000000000 ) ) ;
#7564 = AXIS2_PLACEMENT_3D ( 'NONE', #8767, #6919, #11579 ) ;
#7565 = ADVANCED_FACE ( 'NONE', ( #1738 ), #8672, .T. ) ;
#7566 = VECTOR ( 'NONE', #6047, 1000.000000000000000 ) ;
#7567 = ORIENTED_EDGE ( 'NONE', *, *, #6072, .T. ) ;
#7568 = ORIENTED_EDGE ( 'NONE', *, *, #6180, .T. ) ;
#7569 = EDGE_CURVE ( 'NONE', #2159, #2722, #11236, .T. ) ;
#7570 = CARTESIAN_POINT ( 'NONE',  ( 0.7142789870513032200, 0.1999999999999999800, 0.7723523946202662800 ) ) ;
#7571 = CARTESIAN_POINT ( 'NONE',  ( -0.6249999999999995600, 0.1833333333333334600, 0.7777777777777780100 ) ) ;
#7572 = DIRECTION ( 'NONE',  ( -1.000000000000000000, 0.0000000000000000000, 0.0000000000000000000 ) ) ;
#7573 = DIRECTION ( 'NONE',  ( 0.0000000000000000000, 1.000000000000000000, 0.0000000000000000000 ) ) ;
#7574 = CIRCLE ( 'NONE', #12041, 0.5000000000000000000 ) ;
#7575 = CARTESIAN_POINT ( 'NONE',  ( -0.5000000000000000000, 0.9499999999999999600, -0.09999999999999993600 ) ) ;
#7576 = EDGE_CURVE ( 'NONE', #9340, #1629, #278, .T. ) ;
#7577 = CARTESIAN_POINT ( 'NONE',  ( 0.7250000000000000900, 0.002500000000000033400, 0.7423036635030290100 ) ) ;
#7578 = EDGE_LOOP ( 'NONE', ( #5722, #8517, #6936, #10769 ) ) ;
#7579 = CARTESIAN_POINT ( 'NONE',  ( -0.6248322525498644100, 0.2000000000000000400, 0.7324819336765534500 ) ) ;
#7580 = CARTESIAN_POINT ( 'NONE',  ( -0.7638888888888885100, 0.02222222222222208800, 0.7765079365079362600 ) ) ;
#7581 = ORIENTED_EDGE ( 'NONE', *, *, #1661, .T. ) ;
#7582 = ADVANCED_FACE ( 'NONE', ( #6167 ), #3636, .F. ) ;
#7583 = ORIENTED_EDGE ( 'NONE', *, *, #1839, .T. ) ;
#7584 = AXIS2_PLACEMENT_3D ( 'NONE', #8225, #9251, #11030 ) ;
#7585 = ORIENTED_EDGE ( 'NONE', *, *, #11276, .F. ) ;
#7586 = ORIENTED_EDGE ( 'NONE', *, *, #3873, .T. ) ;
#7587 = ORIENTED_EDGE ( 'NONE', *, *, #1836, .F. ) ;
#7588 = CARTESIAN_POINT ( 'NONE',  ( -0.5000000000000000000, 0.9499999999999999600, -0.09999999999999993600 ) ) ;
#7589 = ORIENTED_EDGE ( 'NONE', *, *, #10631, .T. ) ;
#7590 = EDGE_CURVE ( 'NONE', #10282, #5603, #5850, .T. ) ;
#7591 = CARTESIAN_POINT ( 'NONE',  ( 0.7111111111111148000, 0.8000000000000000400, 0.7320634920634920800 ) ) ;
#7592 = PLANE ( 'NONE',  #10016 ) ;
#7593 = CIRCLE ( 'NONE', #9268, 0.008333333333333499800 ) ;
#7594 = EDGE_CURVE ( 'NONE', #6221, #9959, #10012, .T. ) ;
#7595 = AXIS2_PLACEMENT_3D ( 'NONE', #6807, #11603, #4797 ) ;
#7596 = PLANE ( 'NONE',  #8005 ) ;
#7597 = ORIENTED_EDGE ( 'NONE', *, *, #11687, .F. ) ;
#7598 = VERTEX_POINT ( 'NONE', #5633 ) ;
#7599 = DIRECTION ( 'NONE',  ( 0.0000000000000000000, 0.0000000000000000000, 1.000000000000000000 ) ) ;
#7600 = EDGE_LOOP ( 'NONE', ( #12138, #1406, #2747, #3416 ) ) ;
#7601 = CARTESIAN_POINT ( 'NONE',  ( 1.000000000000000200, 0.1777777777777780100, 0.7542857142857141200 ) ) ;
#7602 = EDGE_LOOP ( 'NONE', ( #7556, #5205 ) ) ;
#7603 = AXIS2_PLACEMENT_3D ( 'NONE', #9947, #522, #8056 ) ;
#7604 = VECTOR ( 'NONE', #9239, 1000.000000000000000 ) ;
#7605 = FACE_OUTER_BOUND ( 'NONE', #4976, .T. ) ;
#7606 = CARTESIAN_POINT ( 'NONE',  ( -0.6925000000000000000, 1.000000000000000000, -0.02499999999999977600 ) ) ;
#7607 = ORIENTED_EDGE ( 'NONE', *, *, #2288, .F. ) ;
#7608 = PLANE ( 'NONE',  #8764 ) ;
#7609 = EDGE_LOOP ( 'NONE', ( #9488, #5482, #3608, #846 ) ) ;
#7610 = CARTESIAN_POINT ( 'NONE',  ( 0.7166666667155136000, 0.2000000000000000100, 0.7642641691860075900 ) ) ;
#7611 = EDGE_CURVE ( 'NONE', #2279, #6568, #6454, .T. ) ;
#7612 = VERTEX_POINT ( 'NONE', #3874 ) ;
#7613 = CARTESIAN_POINT ( 'NONE',  ( -0.3100000000000000000, 0.9499999999999999600, 0.1250000000000000000 ) ) ;
#7614 = DIRECTION ( 'NONE',  ( 0.0000000000000000000, 0.0000000000000000000, 1.000000000000000000 ) ) ;
#7615 = PLANE ( 'NONE',  #863 ) ;
#7616 = VERTEX_POINT ( 'NONE', #4688 ) ;
#7617 = LINE ( 'NONE', #5554, #1875 ) ;
#7618 = AXIS2_PLACEMENT_3D ( 'NONE', #6726, #6854, #8684 ) ;
#7619 = EDGE_CURVE ( 'NONE', #10407, #5145, #7781, .T. ) ;
#7620 = CARTESIAN_POINT ( 'NONE',  ( -0.6085651890751071500, 0.01889632956789844700, 0.7759500822535980700 ) ) ;
#7621 = DIRECTION ( 'NONE',  ( 0.0000000000000000000, 0.0000000000000000000, 1.000000000000000000 ) ) ;
#7622 = FACE_OUTER_BOUND ( 'NONE', #1161, .T. ) ;
#7623 = FACE_OUTER_BOUND ( 'NONE', #8777, .T. ) ;
#7624 = DIRECTION ( 'NONE',  ( 0.0000000000000000000, 1.000000000000000000, -0.0000000000000000000 ) ) ;
#7625 = ORIENTED_EDGE ( 'NONE', *, *, #1768, .F. ) ;
#7626 = MECHANICAL_DESIGN_GEOMETRIC_PRESENTATION_REPRESENTATION (  '', ( #5886 ), #7244 ) ;
#7627 = EDGE_LOOP ( 'NONE', ( #701, #1843 ) ) ;
#7628 = VERTEX_POINT ( 'NONE', #6809 ) ;
#7629 = ADVANCED_FACE ( 'NONE', ( #3342 ), #6443, .F. ) ;
#7630 = PLANE ( 'NONE',  #1667 ) ;
#7631 = ORIENTED_EDGE ( 'NONE', *, *, #4230, .T. ) ;
#7632 = VERTEX_POINT ( 'NONE', #335 ) ;
#7633 = FACE_OUTER_BOUND ( 'NONE', #10958, .T. ) ;
#7634 = EDGE_CURVE ( 'NONE', #9948, #421, #4685, .T. ) ;
#7635 = LINE ( 'NONE', #2394, #5718 ) ;
#7636 = ORIENTED_EDGE ( 'NONE', *, *, #9430, .F. ) ;
#7637 = CARTESIAN_POINT ( 'NONE',  ( -0.5863058523782254100, 0.01973945139687694300, 0.7541710668686332200 ) ) ;
#7638 = ORIENTED_EDGE ( 'NONE', *, *, #8469, .F. ) ;
#7639 = DIRECTION ( 'NONE',  ( -0.0000000000000000000, -1.000000000000000000, -0.0000000000000000000 ) ) ;
#7640 = ORIENTED_EDGE ( 'NONE', *, *, #8559, .T. ) ;
#7641 = CARTESIAN_POINT ( 'NONE',  ( 0.7073387303691128800, 0.1999999999999993700, 0.7796334592314960700 ) ) ;
#7642 = CARTESIAN_POINT ( 'NONE',  ( 0.7250000000000000900, 0.005000000000000002700, 0.7461070750187860400 ) ) ;
#7643 = CARTESIAN_POINT ( 'NONE',  ( 0.9555555555555560500, 0.1999999999999999800, 0.7098412698412697200 ) ) ;
#7644 = DIRECTION ( 'NONE',  ( -0.0000000000000000000, -1.000000000000000000, 0.0000000000000000000 ) ) ;
#7645 = ADVANCED_FACE ( 'NONE', ( #6876 ), #9622, .T. ) ;
#7646 = DIRECTION ( 'NONE',  ( 2.790226179190637400E-016, 0.0000000000000000000, 1.000000000000000000 ) ) ;
#7647 = CIRCLE ( 'NONE', #4926, 0.02222222222222198000 ) ;
#7648 = LINE ( 'NONE', #9700, #10630 ) ;
#7649 = DIRECTION ( 'NONE',  ( 0.0000000000000000000, 0.0000000000000000000, 1.000000000000000000 ) ) ;
#7650 = DIRECTION ( 'NONE',  ( 0.0000000000000000000, 1.000000000000000000, 0.0000000000000000000 ) ) ;
#7651 = EDGE_LOOP ( 'NONE', ( #9369, #705, #1287, #3603 ) ) ;
#7652 = CARTESIAN_POINT ( 'NONE',  ( 0.6249999999999995600, 0.2000000000000000100, 0.7320634920634921900 ) ) ;
#7653 = EDGE_CURVE ( 'NONE', #3640, #4826, #9102, .T. ) ;
#7654 = DIRECTION ( 'NONE',  ( 0.0000000000000000000, 1.000000000000000000, 0.0000000000000000000 ) ) ;
#7655 = CIRCLE ( 'NONE', #7427, 0.02499999999999995600 ) ;
#7656 = LINE ( 'NONE', #2251, #7970 ) ;
#7657 = VECTOR ( 'NONE', #6510, 1000.000000000000000 ) ;
#7658 = AXIS2_PLACEMENT_3D ( 'NONE', #3458, #8342, #2692 ) ;
#7659 = CARTESIAN_POINT ( 'NONE',  ( -0.3100000000000000500, 0.8792893218813447900, -0.1499999999999999100 ) ) ;
#7660 = LINE ( 'NONE', #4766, #2048 ) ;
#7661 = FILL_AREA_STYLE ('',( #5643 ) ) ;
#7662 = ORIENTED_EDGE ( 'NONE', *, *, #158, .T. ) ;
#7663 = EDGE_LOOP ( 'NONE', ( #107, #5222, #7315, #4777 ) ) ;
#7664 = AXIS2_PLACEMENT_3D ( 'NONE', #3307, #3185, #8942 ) ;
#7665 = CARTESIAN_POINT ( 'NONE',  ( -0.9555555555555553800, 0.8000000000000000400, 0.7098412698412699400 ) ) ;
#7666 =( LENGTH_UNIT ( ) NAMED_UNIT ( * ) SI_UNIT ( .MILLI., .METRE. ) );
#7667 = FACE_OUTER_BOUND ( 'NONE', #270, .T. ) ;
#7668 = EDGE_CURVE ( 'NONE', #1954, #7217, #2752, .T. ) ;
#7669 = CIRCLE ( 'NONE', #8547, 0.02222222222222241400 ) ;
#7670 = LINE ( 'NONE', #12257, #9444 ) ;
#7671 = AXIS2_PLACEMENT_3D ( 'NONE', #5897, #394, #277 ) ;
#7672 = CARTESIAN_POINT ( 'NONE',  ( -0.7450000000000000000, 0.9499999999999999600, 0.1249999999999998900 ) ) ;
#7673 = CARTESIAN_POINT ( 'NONE',  ( -0.4499999999999999600, 0.8792893218813447900, 0.1950000000000000600 ) ) ;
#7674 = FACE_OUTER_BOUND ( 'NONE', #8615, .T. ) ;
#7675 = DIRECTION ( 'NONE',  ( 1.084202172485507000E-016, 0.0000000000000000000, 1.000000000000000000 ) ) ;
#7676 = LINE ( 'NONE', #5746, #2670 ) ;
#7677 = AXIS2_PLACEMENT_3D ( 'NONE', #1177, #10668, #8573 ) ;
#7678 = CARTESIAN_POINT ( 'NONE',  ( -0.3549999999999999800, 1.000000000000000000, 0.2450000000000001100 ) ) ;
#7679 = DIRECTION ( 'NONE',  ( -0.0000000000000000000, 0.9046150597587782100, -0.4262295081967250600 ) ) ;
#7680 = MECHANICAL_DESIGN_GEOMETRIC_PRESENTATION_REPRESENTATION (  '', ( #8478 ), #3648 ) ;
#7681 = CARTESIAN_POINT ( 'NONE',  ( 0.9555555555555553800, 0.1999999999999999800, -0.7555555555555557600 ) ) ;
#7682 = EDGE_CURVE ( 'NONE', #1187, #7324, #7930, .T. ) ;
#7683 = DIRECTION ( 'NONE',  ( 0.0000000000000000000, 0.0000000000000000000, 1.000000000000000000 ) ) ;
#7684 = EDGE_CURVE ( 'NONE', #8805, #3901, #2314, .T. ) ;
#7685 = TOROIDAL_SURFACE ( 'NONE', #10667, 0.5083333333333333000, 0.008333333333333499800 ) ;
#7686 = ORIENTED_EDGE ( 'NONE', *, *, #2348, .T. ) ;
#7687 = ADVANCED_FACE ( 'NONE', ( #2615 ), #8343, .T. ) ;
#7688 = UNCERTAINTY_MEASURE_WITH_UNIT (LENGTH_MEASURE( 1.000000000000000100E-005 ), #9635, 'distance_accuracy_value', 'NONE');
#7689 = PLANE ( 'NONE',  #9485 ) ;
#7690 =( GEOMETRIC_REPRESENTATION_CONTEXT ( 3 ) GLOBAL_UNCERTAINTY_ASSIGNED_CONTEXT ( ( #11232 ) ) GLOBAL_UNIT_ASSIGNED_CONTEXT ( ( #209, #6819, #3063 ) ) REPRESENTATION_CONTEXT ( 'NONE', 'WORKASPACE' ) );
#7691 = PLANE ( 'NONE',  #5999 ) ;
#7693 = VECTOR ( 'NONE', #2710, 1000.000000000000000 ) ;
#7692 = CARTESIAN_POINT ( 'NONE',  ( -0.7250000000000000900, 0.02222222222222176900, 0.7833333333333335500 ) ) ;
#7694 = AXIS2_PLACEMENT_3D ( 'NONE', #7374, #11258, #7441 ) ;
#7695 = CARTESIAN_POINT ( 'NONE',  ( 0.7287650558146786500, 0.2000000000000000100, 0.7414551684814105800 ) ) ;
#7696 = CARTESIAN_POINT ( 'NONE',  ( 0.6499999999999996900, 0.2868852459016391100, 0.7254702478983879900 ) ) ;
#7697 = CARTESIAN_POINT ( 'NONE',  ( 0.7414612239190725400, 0.01887429454814200000, 0.7760032810280309600 ) ) ;
#7698 = VECTOR ( 'NONE', #9934, 1000.000000000000000 ) ;
#7699 = ORIENTED_EDGE ( 'NONE', *, *, #7370, .T. ) ;
#7700 = CARTESIAN_POINT ( 'NONE',  ( -0.7450000000000000000, 1.000000000000000000, -0.1499999999999999100 ) ) ;
#7701 = DIRECTION ( 'NONE',  ( 0.0000000000000000000, -0.0000000000000000000, -1.000000000000000000 ) ) ;
#7702 = ADVANCED_FACE ( 'NONE', ( #11969 ), #12170, .F. ) ;
#7703 = EDGE_CURVE ( 'NONE', #4207, #9203, #7332, .T. ) ;
#7704 = DIRECTION ( 'NONE',  ( 0.0000000000000000000, -0.0000000000000000000, -1.000000000000000000 ) ) ;
#7705 = AXIS2_PLACEMENT_3D ( 'NONE', #3559, #1128, #4771 ) ;
#7706 = CARTESIAN_POINT ( 'NONE',  ( 0.6249999999999995600, 0.02222222222222176900, 0.7833333333333335500 ) ) ;
#7707 = LINE ( 'NONE', #9439, #11293 ) ;
#7708 = VERTEX_POINT ( 'NONE', #11125 ) ;
#7709 = ORIENTED_EDGE ( 'NONE', *, *, #9161, .T. ) ;
#7710 = CARTESIAN_POINT ( 'NONE',  ( -0.5879774945888799300, 0.01585643694577625700, 0.7533919313615534700 ) ) ;
#7711 = CARTESIAN_POINT ( 'NONE',  ( -0.6333333333333326400, 0.1999999999999999800, 0.7320634920634921900 ) ) ;
#7712 = EDGE_CURVE ( 'NONE', #9701, #9959, #2476, .T. ) ;
#7713 = DIRECTION ( 'NONE',  ( 0.0000000000000000000, 0.0000000000000000000, 1.000000000000000000 ) ) ;
#7714 = EDGE_CURVE ( 'NONE', #9418, #2572, #10600, .T. ) ;
#7715 = VERTEX_POINT ( 'NONE', #9257 ) ;
#7716 = ADVANCED_FACE ( 'NONE', ( #4823 ), #1433, .F. ) ;
#7717 = DIRECTION ( 'NONE',  ( -6.505213034913026600E-016, 0.0000000000000000000, 1.000000000000000000 ) ) ;
#7718 = CARTESIAN_POINT ( 'NONE',  ( 0.6999999999999997300, 0.2868852459016391100, 0.7254702478983879900 ) ) ;
#7719 = CARTESIAN_POINT ( 'NONE',  ( -0.9555555555555553800, 0.02222222222222208800, 0.7542857142857142300 ) ) ;
#7720 = VERTEX_POINT ( 'NONE', #6068 ) ;
#7721 = DIRECTION ( 'NONE',  ( -0.7297579928981994300, -9.494462415466449900E-015, 0.6837055446617291700 ) ) ;
#7722 = DIRECTION ( 'NONE',  ( 0.0000000000000000000, 0.0000000000000000000, 1.000000000000000000 ) ) ;
#7723 = EDGE_CURVE ( 'NONE', #10139, #1983, #9848, .T. ) ;
#7724 = CARTESIAN_POINT ( 'NONE',  ( -0.2550000000000000000, 0.9499999999999999600, -0.1499999999999999100 ) ) ;
#7725 = CARTESIAN_POINT ( 'NONE',  ( -0.5500000000000000400, 0.8792893218813447900, -0.1700000000000001000 ) ) ;
#7726 = FACE_OUTER_BOUND ( 'NONE', #2309, .T. ) ;
#7727 = VERTEX_POINT ( 'NONE', #1340 ) ;
#7728 = DIRECTION ( 'NONE',  ( -1.479738666953786500E-016, 0.0000000000000000000, -1.000000000000000000 ) ) ;
#7729 = VERTEX_POINT ( 'NONE', #7945 ) ;
#7730 = ORIENTED_EDGE ( 'NONE', *, *, #1649, .F. ) ;
#7731 =( GEOMETRIC_REPRESENTATION_CONTEXT ( 3 ) GLOBAL_UNCERTAINTY_ASSIGNED_CONTEXT ( ( #10846 ) ) GLOBAL_UNIT_ASSIGNED_CONTEXT ( ( #5596, #1874, #6453 ) ) REPRESENTATION_CONTEXT ( 'NONE', 'WORKASPACE' ) );
#7732 = VERTEX_POINT ( 'NONE', #7028 ) ;
#7733 = CARTESIAN_POINT ( 'NONE',  ( 0.7050297884457903400, 0.2044187433149323400, 0.7724091971811178900 ) ) ;
#7734 = ORIENTED_EDGE ( 'NONE', *, *, #2338, .T. ) ;
#7735 = B_SPLINE_CURVE_WITH_KNOTS ( 'NONE', 3,
 ( #137, #6663, #3986, #258, #2913, #9508, #6870, #1217, #4061, #9732, #3106, #347, #11618, #5918, #7863, #8771 ),
 .UNSPECIFIED., .F., .F.,
 ( 4, 3, 3, 3, 3, 4 ),
 ( 0.0000000000000000000, 5.221142769517776300E-006, 1.036320313060943000E-005, 1.557692572783122200E-005, 2.111560407848325700E-005, 2.640847348718559500E-005 ),
 .UNSPECIFIED. ) ;
#7736 = DIRECTION ( 'NONE',  ( 0.0000000000000000000, 1.185846126156016500E-015, -1.000000000000000000 ) ) ;
#7737 = CARTESIAN_POINT ( 'NONE',  ( 0.6499999999999996900, 0.1997656017279598700, 0.7809969016383354600 ) ) ;
#7738 = EDGE_CURVE ( 'NONE', #5707, #5266, #2153, .T. ) ;
#7739 = CARTESIAN_POINT ( 'NONE',  ( -0.9777777777777777500, -1.445153081025597900, 0.7098412698412699400 ) ) ;
#7740 = ORIENTED_EDGE ( 'NONE', *, *, #8278, .T. ) ;
#7741 = PLANE ( 'NONE',  #7231 ) ;
#7742 = DIRECTION ( 'NONE',  ( -1.000000000000000000, 0.0000000000000000000, 0.0000000000000000000 ) ) ;
#7743 = ORIENTED_EDGE ( 'NONE', *, *, #1354, .F. ) ;
#7744 = ORIENTED_EDGE ( 'NONE', *, *, #3218, .F. ) ;
#7745 = CLOSED_SHELL ( 'NONE', ( #5713, #11851, #4877, #183 ) ) ;
#7746 = EDGE_LOOP ( 'NONE', ( #5001, #11084, #576, #1250 ) ) ;
#7747 = CARTESIAN_POINT ( 'NONE',  ( 0.6583333333333331000, 0.3000000000000000400, 0.7140968530029925300 ) ) ;
#7748 = ORIENTED_EDGE ( 'NONE', *, *, #11053, .T. ) ;
#7749 = VECTOR ( 'NONE', #5741, 1000.000000000000000 ) ;
#7750 = ADVANCED_FACE ( 'NONE', ( #5282 ), #1862, .T. ) ;
#7751 = CARTESIAN_POINT ( 'NONE',  ( -0.7312249944525063300, 0.2000008454278841000, 0.7390508765876665500 ) ) ;
#7752 = AXIS2_PLACEMENT_3D ( 'NONE', #9518, #6640, #5767 ) ;
#7753 = CIRCLE ( 'NONE', #4783, 0.008333333333333541400 ) ;
#7754 = CARTESIAN_POINT ( 'NONE',  ( 0.9777777777777779700, 0.8000000000000000400, -2.728221152986401400E-016 ) ) ;
#7755 = EDGE_LOOP ( 'NONE', ( #5882, #3580, #735, #9843 ) ) ;
#7756 = DIRECTION ( 'NONE',  ( 0.0000000000000000000, 1.000000000000000000, 0.0000000000000000000 ) ) ;
#7757 = ORIENTED_EDGE ( 'NONE', *, *, #11017, .F. ) ;
#7758 = DIRECTION ( 'NONE',  ( 0.0000000000000000000, 0.0000000000000000000, 1.000000000000000000 ) ) ;
#7759 = EDGE_CURVE ( 'NONE', #11654, #4422, #267, .T. ) ;
#7760 = EDGE_LOOP ( 'NONE', ( #6727, #10254, #389, #8962 ) ) ;
#7761 = EDGE_LOOP ( 'NONE', ( #8040, #719, #7029, #805 ) ) ;
#7762 = DIRECTION ( 'NONE',  ( 0.0000000000000000000, 0.0000000000000000000, -1.000000000000000000 ) ) ;
#7763 = EDGE_CURVE ( 'NONE', #7632, #985, #11816, .T. ) ;
#7764 = ORIENTED_EDGE ( 'NONE', *, *, #7177, .T. ) ;
#7765 = ORIENTED_EDGE ( 'NONE', *, *, #4136, .T. ) ;
#7766 = FACE_OUTER_BOUND ( 'NONE', #3439, .T. ) ;
#7767 = DIRECTION ( 'NONE',  ( 0.0000000000000000000, 0.0000000000000000000, 1.000000000000000000 ) ) ;
#7768 = CIRCLE ( 'NONE', #11556, 0.02222222222222198000 ) ;
#7769 = FACE_OUTER_BOUND ( 'NONE', #6545, .T. ) ;
#7770 = CARTESIAN_POINT ( 'NONE',  ( 0.7083333333333332600, 0.2833333333333330500, 0.7179317890670646700 ) ) ;
#7771 = ADVANCED_FACE ( 'NONE', ( #7189 ), #9753, .F. ) ;
#7772 = EDGE_LOOP ( 'NONE', ( #6181, #6382, #9106, #10153 ) ) ;
#7773 = VERTEX_POINT ( 'NONE', #10010 ) ;
#7774 = DIRECTION ( 'NONE',  ( 0.0000000000000000000, 1.000000000000000000, 0.0000000000000000000 ) ) ;
#7775 = VERTEX_POINT ( 'NONE', #4304 ) ;
#7776 = ORIENTED_EDGE ( 'NONE', *, *, #10609, .T. ) ;
#7777 = VERTEX_POINT ( 'NONE', #11077 ) ;
#7778 = DIRECTION ( 'NONE',  ( 0.0000000000000000000, -1.000000000000000000, -0.0000000000000000000 ) ) ;
#7779 = TOROIDAL_SURFACE ( 'NONE', #9236, 0.5083333333333333000, 0.008333333333333499800 ) ;
#7780 = CARTESIAN_POINT ( 'NONE',  ( 0.6145492439110164000, 0.1963163790063007500, 0.7583338987429479900 ) ) ;
#7781 = CIRCLE ( 'NONE', #1702, 0.02499999999999984900 ) ;
#7782 = CARTESIAN_POINT ( 'NONE',  ( -0.5000000000000000000, 0.9499999999999999600, -0.1250000000000000800 ) ) ;
#7783 = CARTESIAN_POINT ( 'NONE',  ( 0.9555555555555560500, 0.1999999999999999800, 0.7542857142857141200 ) ) ;
#7784 = CLOSED_SHELL ( 'NONE', ( #5859, #9988, #10452, #9621 ) ) ;
#7785 = VERTEX_POINT ( 'NONE', #5388 ) ;
#7786 = ORIENTED_EDGE ( 'NONE', *, *, #12174, .T. ) ;
#7787 =( NAMED_UNIT ( * ) PLANE_ANGLE_UNIT ( ) SI_UNIT ( $, .RADIAN. ) );
#7788 = VERTEX_POINT ( 'NONE', #1469 ) ;
#7789 = STYLED_ITEM ( 'NONE', ( #889 ), #8391 ) ;
#7790 = ADVANCED_FACE ( 'NONE', ( #7622 ), #9098, .F. ) ;
#7791 = DIRECTION ( 'NONE',  ( 2.790226179190637400E-016, 0.0000000000000000000, 1.000000000000000000 ) ) ;
#7792 = FACE_BOUND ( 'NONE', #9735, .T. ) ;
#7793 = STYLED_ITEM ( 'NONE', ( #11238 ), #4607 ) ;
#7794 = ORIENTED_EDGE ( 'NONE', *, *, #9542, .T. ) ;
#7795 = CARTESIAN_POINT ( 'NONE',  ( 0.6083333333333331700, 0.5000000000000000000, 1.132063492063492000 ) ) ;
#7796 = ORIENTED_EDGE ( 'NONE', *, *, #8466, .F. ) ;
#7797 = CARTESIAN_POINT ( 'NONE',  ( -0.7096426234785783200, 0.2000000000000000400, 0.7651513958793290100 ) ) ;
#7798 = SURFACE_SIDE_STYLE ('',( #6056 ) ) ;
#7799 = ORIENTED_EDGE ( 'NONE', *, *, #8691, .T. ) ;
#7800 = DIRECTION ( 'NONE',  ( 0.0000000000000000000, 1.000000000000000000, 0.0000000000000000000 ) ) ;
#7801 = EDGE_CURVE ( 'NONE', #8620, #9189, #566, .T. ) ;
#7802 = DIRECTION ( 'NONE',  ( 0.0000000000000000000, 1.000000000000000000, 0.0000000000000000000 ) ) ;
#7803 = VECTOR ( 'NONE', #3949, 1000.000000000000000 ) ;
#7804 = DIRECTION ( 'NONE',  ( 0.0000000000000000000, 0.0000000000000000000, -1.000000000000000000 ) ) ;
#7805 = CARTESIAN_POINT ( 'NONE',  ( -0.6449999999999999100, 0.9499999999999999600, 0.2200000000000002500 ) ) ;
#7806 = CIRCLE ( 'NONE', #8710, 0.04444444444444439100 ) ;
#7807 = CIRCLE ( 'NONE', #4605, 0.02500000000000002900 ) ;
#7808 = AXIS2_PLACEMENT_3D ( 'NONE', #8200, #12016, #3429 ) ;
#7809 = VERTEX_POINT ( 'NONE', #11954 ) ;
#7810 = ORIENTED_EDGE ( 'NONE', *, *, #12037, .T. ) ;
#7811 = CARTESIAN_POINT ( 'NONE',  ( -0.6449702115542069700, 0.2044187433149333400, 0.7724091971811151100 ) ) ;
#7812 = CARTESIAN_POINT ( 'NONE',  ( 0.6399404231084145900, 0.1999999999999997600, 0.7777777777777780100 ) ) ;
#7813 = DIRECTION ( 'NONE',  ( 1.000000000000000000, 0.0000000000000000000, 0.0000000000000000000 ) ) ;
#7814 = CARTESIAN_POINT ( 'NONE',  ( 0.6333333333333326400, 0.2000000000000000100, 0.7614445778845510000 ) ) ;
#7815 = DIRECTION ( 'NONE',  ( 0.0000000000000000000, 1.000000000000000000, 0.0000000000000000000 ) ) ;
#7816 = CIRCLE ( 'NONE', #10704, 0.02499999999999995600 ) ;
#7817 = CARTESIAN_POINT ( 'NONE',  ( -0.7083333333333332600, 0.5000000000000000000, 1.132063492063492000 ) ) ;
#7818 = PRESENTATION_STYLE_ASSIGNMENT (( #2307 ) ) ;
#7819 = CARTESIAN_POINT ( 'NONE',  ( 0.6083333333333331700, 0.02222222222222176900, 0.7777777777777780100 ) ) ;
#7820 = LINE ( 'NONE', #11120, #11706 ) ;
#7821 = EDGE_CURVE ( 'NONE', #2864, #3749, #7470, .T. ) ;
#7822 = VECTOR ( 'NONE', #6851, 1000.000000000000000 ) ;
#7823 = CIRCLE ( 'NONE', #5771, 0.01666666666666645800 ) ;
#7824 = ADVANCED_FACE ( 'NONE', ( #4675 ), #10158, .T. ) ;
#7825 = EDGE_CURVE ( 'NONE', #7324, #6729, #5134, .T. ) ;
#7826 = VERTEX_POINT ( 'NONE', #3293 ) ;
#7827 =( NAMED_UNIT ( * ) SI_UNIT ( $, .STERADIAN. ) SOLID_ANGLE_UNIT ( ) );
#7828 = DIRECTION ( 'NONE',  ( 0.0000000000000000000, -1.000000000000000000, 0.0000000000000000000 ) ) ;
#7829 = DIRECTION ( 'NONE',  ( -0.0000000000000000000, -0.0000000000000000000, -1.000000000000000000 ) ) ;
#7830 = B_SPLINE_CURVE_WITH_KNOTS ( 'NONE', 3,
 ( #9396, #6474, #2807, #8426, #2682, #7383, #2643, #1686, #6427, #8294, #1775, #11182, #4551 ),
 .UNSPECIFIED., .F., .F.,
 ( 4, 3, 3, 3, 4 ),
 ( 0.0000000000000000000, 3.188633442054313300E-006, 4.788727914117809400E-006, 5.507577022184238400E-006, 6.231193055819159300E-006 ),
 .UNSPECIFIED. ) ;
#7831 = DIRECTION ( 'NONE',  ( -2.790226179190637400E-016, -0.0000000000000000000, -1.000000000000000000 ) ) ;
#7832 = PLANE ( 'NONE',  #9179 ) ;
#7833 = DIRECTION ( 'NONE',  ( 0.0000000000000000000, 0.0000000000000000000, -1.000000000000000000 ) ) ;
#7834 = ADVANCED_FACE ( 'NONE', ( #115 ), #9086, .F. ) ;
#7835 = SURFACE_STYLE_USAGE ( .BOTH. , #1186 ) ;
#7836 = EDGE_CURVE ( 'NONE', #9534, #1270, #9258, .T. ) ;
#7837 = CARTESIAN_POINT ( 'NONE',  ( -0.6249999999999995600, 0.02166666666666649700, 0.7320634920634921900 ) ) ;
#7838 = ORIENTED_EDGE ( 'NONE', *, *, #11567, .T. ) ;
#7839 =( LENGTH_UNIT ( ) NAMED_UNIT ( * ) SI_UNIT ( .MILLI., .METRE. ) );
#7840 = EDGE_CURVE ( 'NONE', #6235, #980, #4115, .T. ) ;
#7841 = AXIS2_PLACEMENT_3D ( 'NONE', #6861, #4185, #8898 ) ;
#7842 = DIRECTION ( 'NONE',  ( 0.0000000000000000000, 1.000000000000000000, 0.0000000000000000000 ) ) ;
#7843 = CARTESIAN_POINT ( 'NONE',  ( -0.3499999999999997000, 0.02222222222222208800, 0.7320634920634921900 ) ) ;
#7844 = CARTESIAN_POINT ( 'NONE',  ( -0.7413758578080179600, 0.1864331815355308500, 0.7746282899906930000 ) ) ;
#7845 = CARTESIAN_POINT ( 'NONE',  ( 0.9555555555555551600, 0.1900000000000000600, -0.7777777777777780100 ) ) ;
#7846 = CARTESIAN_POINT ( 'NONE',  ( -0.7414377563250311700, 0.01891385995774638400, 0.7759566053545107200 ) ) ;
#7847 = CYLINDRICAL_SURFACE ( 'NONE', #307, 0.02222222222222208800 ) ;
#7848 = AXIS2_PLACEMENT_3D ( 'NONE', #11584, #5035, #9811 ) ;
#7849 = CARTESIAN_POINT ( 'NONE',  ( -0.6249999999999995600, 0.1777777777777776700, 0.7777777777777780100 ) ) ;
#7850 = ADVANCED_FACE ( 'NONE', ( #9995 ), #6725, .T. ) ;
#7851 = DIRECTION ( 'NONE',  ( 0.0000000000000000000, 0.0000000000000000000, -1.000000000000000000 ) ) ;
#7852 = MANIFOLD_SOLID_BREP ( 'Cut-Extrude4[1]', #1056 ) ;
#7853 = CARTESIAN_POINT ( 'NONE',  ( 0.6202438818299543800, 0.002609562584357519100, 0.7425213569776526500 ) ) ;
#7854 = CARTESIAN_POINT ( 'NONE',  ( 0.6333347458396073600, 0.2000000000000000100, 0.7674395715206197000 ) ) ;
#7855 = FACE_OUTER_BOUND ( 'NONE', #1598, .T. ) ;
#7856 = CIRCLE ( 'NONE', #3809, 0.02500000000000002900 ) ;
#7857 = CARTESIAN_POINT ( 'NONE',  ( 0.7638888888888884000, 0.1777777777777780100, 0.7765079365079360400 ) ) ;
#7858 = ORIENTED_EDGE ( 'NONE', *, *, #1734, .T. ) ;
#7859 = AXIS2_PLACEMENT_3D ( 'NONE', #1352, #2295, #8906 ) ;
#7860 = VERTEX_POINT ( 'NONE', #6822 ) ;
#7861 = CARTESIAN_POINT ( 'NONE',  ( 0.6100819922051312600, 0.1908740050384213100, 0.7701308728720763800 ) ) ;
#7862 = CARTESIAN_POINT ( 'NONE',  ( -0.2125000000000000200, 1.000000000000000000, 0.02500000000000010900 ) ) ;
#7863 = CARTESIAN_POINT ( 'NONE',  ( 0.6416666666413614100, 0.2850520766690093400, 0.7175268770085423400 ) ) ;
#7864 = DIRECTION ( 'NONE',  ( 0.0000000000000000000, 1.000000000000000000, 0.0000000000000000000 ) ) ;
#7865 = CARTESIAN_POINT ( 'NONE',  ( -0.4999999999999998900, 1.000000000000000000, 0.2900000000000000400 ) ) ;
#7866 = SURFACE_STYLE_USAGE ( .BOTH. , #2093 ) ;
#7867 = CARTESIAN_POINT ( 'NONE',  ( 0.7019292465502861000, 0.2032730940214528300, 0.7750822252436996300 ) ) ;
#7868 = ORIENTED_EDGE ( 'NONE', *, *, #4659, .T. ) ;
#7869 = EDGE_CURVE ( 'NONE', #4826, #4227, #12262, .T. ) ;
#7870 = ORIENTED_EDGE ( 'NONE', *, *, #2029, .T. ) ;
#7871 = CARTESIAN_POINT ( 'NONE',  ( -0.4999999999999998900, 0.9499999999999999600, 0.2900000000000000400 ) ) ;
#7872 = CARTESIAN_POINT ( 'NONE',  ( -0.7111111111111144700, 0.1999999999999999800, -0.7777777777777780100 ) ) ;
#7873 = B_SPLINE_CURVE_WITH_KNOTS ( 'NONE', 3,
 ( #2299, #4193, #5171, #3318, #471, #5208, #10985, #6010, #2347, #6086, #7003, #423, #384, #4159, #2254, #7966, #8869, #9899, #1358, #11758, #8909, #5246 ),
 .UNSPECIFIED., .F., .F.,
 ( 4, 3, 3, 3, 3, 3, 3, 4 ),
 ( -1.262654792489194500E-006, 0.0000000000000000000, 9.500565906383715200E-006, 2.692986950554797200E-005, 3.836140973414938800E-005, 4.503639472294355400E-005, 4.742367832865453400E-005, 5.089801123704350800E-005 ),
 .UNSPECIFIED. ) ;
#7874 = LINE ( 'NONE', #68, #5943 ) ;
#7875 = ADVANCED_FACE ( 'NONE', ( #8367 ), #9690, .F. ) ;
#7876 = DIRECTION ( 'NONE',  ( 0.0000000000000000000, 0.0000000000000000000, 1.000000000000000000 ) ) ;
#7877 = FILL_AREA_STYLE ('',( #1152 ) ) ;
#7878 = ORIENTED_EDGE ( 'NONE', *, *, #11567, .F. ) ;
#7879 = VERTEX_POINT ( 'NONE', #9634 ) ;
#7880 = CARTESIAN_POINT ( 'NONE',  ( -0.7312337146448931700, 0.1989518814769351600, 0.7476386446179259500 ) ) ;
#7881 = DIRECTION ( 'NONE',  ( 0.0000000000000000000, 0.0000000000000000000, 1.000000000000000000 ) ) ;
#7882 = CARTESIAN_POINT ( 'NONE',  ( -0.7273783985246943300, 0.005170576274227928200, 0.7532928279264394800 ) ) ;
#7883 = EDGE_CURVE ( 'NONE', #3944, #8046, #3331, .T. ) ;
#7884 = CARTESIAN_POINT ( 'NONE',  ( -0.5000000000000000000, 0.9499999999999999600, -0.09999999999999993600 ) ) ;
#7885 = EDGE_CURVE ( 'NONE', #112, #11489, #9532, .T. ) ;
#7886 = ORIENTED_EDGE ( 'NONE', *, *, #3011, .T. ) ;
#7887 = CARTESIAN_POINT ( 'NONE',  ( 0.5868682069731946400, 0.01807138879085450800, 0.7539042596713020300 ) ) ;
#7888 = ADVANCED_FACE ( 'NONE', ( #5838 ), #9775, .F. ) ;
#7889 = CARTESIAN_POINT ( 'NONE',  ( -0.6900000000000000600, 0.8792893218813447900, 0.1499999999999999700 ) ) ;
#7890 = VERTEX_POINT ( 'NONE', #4060 ) ;
#7891 = ORIENTED_EDGE ( 'NONE', *, *, #4761, .T. ) ;
#7892 = DIRECTION ( 'NONE',  ( 0.0000000000000000000, 1.000000000000000000, 0.0000000000000000000 ) ) ;
#7893 = EDGE_CURVE ( 'NONE', #4843, #3780, #3025, .T. ) ;
#7894 = DIRECTION ( 'NONE',  ( -1.000000000000000000, 0.0000000000000000000, 0.0000000000000000000 ) ) ;
#7895 = CARTESIAN_POINT ( 'NONE',  ( -0.2549999999999999500, 0.9499999999999999600, 0.1499999999999999700 ) ) ;
#7896 = ORIENTED_EDGE ( 'NONE', *, *, #7216, .T. ) ;
#7897 = AXIS2_PLACEMENT_3D ( 'NONE', #3503, #8273, #2613 ) ;
#7898 = CIRCLE ( 'NONE', #9034, 0.02222222222222198000 ) ;
#7899 = CARTESIAN_POINT ( 'NONE',  ( -0.9999999999999997800, 0.1999999999999999800, 0.7542857142857142300 ) ) ;
#7900 = ORIENTED_EDGE ( 'NONE', *, *, #4641, .T. ) ;
#7901 = AXIS2_PLACEMENT_3D ( 'NONE', #7837, #4201, #10814 ) ;
#7902 = EDGE_LOOP ( 'NONE', ( #4694, #7192, #11107, #11354 ) ) ;
#7903 = DIRECTION ( 'NONE',  ( -1.000000000000000000, 0.0000000000000000000, 0.0000000000000000000 ) ) ;
#7904 = CARTESIAN_POINT ( 'NONE',  ( 0.7043031494870909400, 0.1998390751859407400, 0.7804895893029101300 ) ) ;
#7905 = CARTESIAN_POINT ( 'NONE',  ( -0.6472923219339893300, 0.2002691906586642200, 0.7775571757186637800 ) ) ;
#7906 = B_SPLINE_CURVE_WITH_KNOTS ( 'NONE', 3,
 ( #11038, #8988, #1512, #3263, #9095, #6172, #5328, #9892, #9924, #7163, #8197, #2469, #8033, #11966, #3426, #6242 ),
 .UNSPECIFIED., .F., .F.,
 ( 4, 3, 3, 3, 3, 4 ),
 ( 0.0000000000000000000, 6.678008136546648100E-006, 1.338182264390471000E-005, 1.965082409987421400E-005, 2.531741785630595100E-005, 2.737697924967923600E-005 ),
 .UNSPECIFIED. ) ;
#7907 = VERTEX_POINT ( 'NONE', #4236 ) ;
#7908 = SURFACE_STYLE_USAGE ( .BOTH. , #1307 ) ;
#7909 = PLANE ( 'NONE',  #10363 ) ;
#7910 = EDGE_CURVE ( 'NONE', #658, #6436, #842, .T. ) ;
#7911 = ORIENTED_EDGE ( 'NONE', *, *, #11837, .T. ) ;
#7912 = CIRCLE ( 'NONE', #5755, 0.02499999999999984900 ) ;
#7913 = ADVANCED_FACE ( 'NONE', ( #12125 ), #1439, .F. ) ;
#7914 = AXIS2_PLACEMENT_3D ( 'NONE', #4855, #9557, #1084 ) ;
#7915 = CARTESIAN_POINT ( 'NONE',  ( -0.7450000000000000000, 1.000000000000000000, 0.1249999999999998900 ) ) ;
#7916 = LINE ( 'NONE', #3595, #4218 ) ;
#7917 = ORIENTED_EDGE ( 'NONE', *, *, #8521, .F. ) ;
#7918 = ORIENTED_EDGE ( 'NONE', *, *, #6699, .T. ) ;
#7919 = ORIENTED_EDGE ( 'NONE', *, *, #8154, .T. ) ;
#7920 = ORIENTED_EDGE ( 'NONE', *, *, #8292, .F. ) ;
#7921 = CARTESIAN_POINT ( 'NONE',  ( -0.4499999999999999600, 0.9499999999999999600, 0.2200000000000001400 ) ) ;
#7922 = DIRECTION ( 'NONE',  ( -0.0000000000000000000, -7.411538288475051500E-017, 1.000000000000000000 ) ) ;
#7923 = ORIENTED_EDGE ( 'NONE', *, *, #7893, .T. ) ;
#7924 = AXIS2_PLACEMENT_3D ( 'NONE', #7078, #5193, #3217 ) ;
#7925 = FILL_AREA_STYLE_COLOUR ( '', #2343 ) ;
#7926 = ORIENTED_EDGE ( 'NONE', *, *, #6380, .T. ) ;
#7927 = FACE_OUTER_BOUND ( 'NONE', #6168, .T. ) ;
#7928 = AXIS2_PLACEMENT_3D ( 'NONE', #7055, #511, #1313 ) ;
#7929 = CARTESIAN_POINT ( 'NONE',  ( -0.6000000000000000900, 0.9499999999999999600, -0.07499999999999985800 ) ) ;
#7930 = LINE ( 'NONE', #7395, #11649 ) ;
#7931 = VECTOR ( 'NONE', #8000, 1000.000000000000000 ) ;
#7932 = EDGE_CURVE ( 'NONE', #9523, #8494, #10435, .T. ) ;
#7933 = EDGE_LOOP ( 'NONE', ( #11793, #2478, #1695, #5528 ) ) ;
#7934 = CARTESIAN_POINT ( 'NONE',  ( -0.7250000000000000900, 0.1999999999999999800, 0.7320634920634923000 ) ) ;
#7935 = CARTESIAN_POINT ( 'NONE',  ( -0.2125000000000000200, 0.9499999999999999600, 8.131516293641283300E-017 ) ) ;
#7936 = DIRECTION ( 'NONE',  ( 0.0000000000000000000, 0.0000000000000000000, -1.000000000000000000 ) ) ;
#7937 = EDGE_CURVE ( 'NONE', #4046, #9189, #554, .T. ) ;
#7938 = VERTEX_POINT ( 'NONE', #1082 ) ;
#7939 = DIRECTION ( 'NONE',  ( 0.0000000000000000000, 0.0000000000000000000, 1.000000000000000000 ) ) ;
#7940 = ORIENTED_EDGE ( 'NONE', *, *, #8706, .T. ) ;
#7941 = ORIENTED_EDGE ( 'NONE', *, *, #78, .T. ) ;
#7942 = FACE_OUTER_BOUND ( 'NONE', #10152, .T. ) ;
#7943 = CARTESIAN_POINT ( 'NONE',  ( -0.7416666666666665900, 0.02166666666666649400, 0.7765044641500698000 ) ) ;
#7944 = CARTESIAN_POINT ( 'NONE',  ( -0.9999999999999997800, 0.1777777777777780100, -0.7777777777777779000 ) ) ;
#7945 = CARTESIAN_POINT ( 'NONE',  ( -0.6416666666666661600, 0.2833333333333329900, 0.6814466309102998900 ) ) ;
#7946 = EDGE_CURVE ( 'NONE', #9965, #11319, #8068, .T. ) ;
#7947 = CARTESIAN_POINT ( 'NONE',  ( -0.7250000000000000900, 0.1833333333333334600, 0.7777777777777780100 ) ) ;
#7948 = CIRCLE ( 'NONE', #3883, 0.02499999999999995600 ) ;
#7949 = FACE_OUTER_BOUND ( 'NONE', #5428, .T. ) ;
#7950 = VERTEX_POINT ( 'NONE', #11366 ) ;
#7951 = ORIENTED_EDGE ( 'NONE', *, *, #11144, .T. ) ;
#7952 = ADVANCED_FACE ( 'NONE', ( #11483 ), #4068, .T. ) ;
#7953 = CARTESIAN_POINT ( 'NONE',  ( -0.3999999999999999700, 0.9499999999999999600, -0.1249999999999998900 ) ) ;
#7954 = ORIENTED_EDGE ( 'NONE', *, *, #722, .T. ) ;
#7955 = CARTESIAN_POINT ( 'NONE',  ( -0.6000000000000000900, 0.9499999999999999600, 0.1000000000000000200 ) ) ;
#7956 = CARTESIAN_POINT ( 'NONE',  ( 0.6083333333333331700, 0.1833333333333334600, 0.7761593472479014800 ) ) ;
#7957 = FACE_OUTER_BOUND ( 'NONE', #10608, .T. ) ;
#7958 = DIRECTION ( 'NONE',  ( 0.0000000000000000000, -0.0000000000000000000, 1.000000000000000000 ) ) ;
#7959 = DIRECTION ( 'NONE',  ( -0.0000000000000000000, -1.000000000000000000, -0.0000000000000000000 ) ) ;
#7960 = CIRCLE ( 'NONE', #5192, 0.02500000000000002900 ) ;
#7961 = FACE_OUTER_BOUND ( 'NONE', #852, .T. ) ;
#7962 = DIRECTION ( 'NONE',  ( 0.0000000000000000000, 0.0000000000000000000, 1.000000000000000000 ) ) ;
#7963 = ORIENTED_EDGE ( 'NONE', *, *, #7714, .T. ) ;
#7964 = VERTEX_POINT ( 'NONE', #11408 ) ;
#7965 = AXIS2_PLACEMENT_3D ( 'NONE', #4880, #2185, #7704 ) ;
#7966 = CARTESIAN_POINT ( 'NONE',  ( 0.7623326719981612400, 0.1860011335892184400, 0.7527081906491403000 ) ) ;
#7967 = ADVANCED_FACE ( 'NONE', ( #9240 ), #8834, .F. ) ;
#7968 = CARTESIAN_POINT ( 'NONE',  ( -0.6899999999999999500, 0.8792893218813447900, -0.1250000000000000600 ) ) ;
#7969 = FACE_OUTER_BOUND ( 'NONE', #12167, .T. ) ;
#7970 = VECTOR ( 'NONE', #416, 1000.000000000000000 ) ;
#7971 = CIRCLE ( 'NONE', #10638, 0.02222222222222241400 ) ;
#7972 = CIRCLE ( 'NONE', #8556, 0.02500000000000007800 ) ;
#7973 = CARTESIAN_POINT ( 'NONE',  ( 0.6083333333333331700, 0.1777777777777776700, 0.8000000000000000400 ) ) ;
#7974 = LINE ( 'NONE', #6680, #2791 ) ;
#7975 = DIRECTION ( 'NONE',  ( 0.0000000000000000000, -0.0000000000000000000, -1.000000000000000000 ) ) ;
#7976 = DIRECTION ( 'NONE',  ( 0.0000000000000000000, 0.0000000000000000000, 1.000000000000000000 ) ) ;
#7977 = ORIENTED_EDGE ( 'NONE', *, *, #2905, .F. ) ;
#7978 = DIRECTION ( 'NONE',  ( 0.0000000000000000000, 0.0000000000000000000, -1.000000000000000000 ) ) ;
#7979 = CARTESIAN_POINT ( 'NONE',  ( -0.5000000000000000000, 0.9499999999999999600, -0.09999999999999993600 ) ) ;
#7980 = EDGE_CURVE ( 'NONE', #3673, #11601, #6143, .T. ) ;
#7981 = DIRECTION ( 'NONE',  ( 1.219727444046193900E-014, 0.0000000000000000000, -1.000000000000000000 ) ) ;
#7982 = CARTESIAN_POINT ( 'NONE',  ( -0.2550000000000000000, 0.9499999999999999600, -0.1749999999999998200 ) ) ;
#7983 = DIRECTION ( 'NONE',  ( 0.0000000000000000000, 0.0000000000000000000, -1.000000000000000000 ) ) ;
#7984 = DIRECTION ( 'NONE',  ( 0.0000000000000000000, 1.000000000000000000, 0.0000000000000000000 ) ) ;
#7985 = CARTESIAN_POINT ( 'NONE',  ( 0.6333333333333326400, 0.2083333333333330400, 1.132063492063491500 ) ) ;
#7986 = CARTESIAN_POINT ( 'NONE',  ( -0.9777777777777777500, 0.8000000000000000400, 0.4653968253968289200 ) ) ;
#7987 = CARTESIAN_POINT ( 'NONE',  ( -0.6083333333333331700, 0.02222222222222176900, 0.8000000000000000400 ) ) ;
#7988 = FACE_OUTER_BOUND ( 'NONE', #5411, .T. ) ;
#7989 = ADVANCED_FACE ( 'NONE', ( #11801 ), #10583, .F. ) ;
#7990 = DIRECTION ( 'NONE',  ( 0.0000000000000000000, 1.000000000000000000, 0.0000000000000000000 ) ) ;
#7991 = CARTESIAN_POINT ( 'NONE',  ( -0.7582651804682419800, 0.1906274650992777200, 0.7501939276962482600 ) ) ;
#7992 = EDGE_CURVE ( 'NONE', #2632, #3201, #696, .T. ) ;
#7993 = DIRECTION ( 'NONE',  ( -0.0000000000000000000, -1.185846126156016500E-015, 1.000000000000000000 ) ) ;
#7994 = DIRECTION ( 'NONE',  ( 1.000000000000000000, -0.0000000000000000000, -0.0000000000000000000 ) ) ;
#7995 = CIRCLE ( 'NONE', #4428, 0.02500000000000008100 ) ;
#7996 = CARTESIAN_POINT ( 'NONE',  ( 0.9555555555555560500, 1.000000000000000000, 0.7320634920634920800 ) ) ;
#7997 = EDGE_CURVE ( 'NONE', #2842, #1147, #2602, .T. ) ;
#7998 = DIRECTION ( 'NONE',  ( 0.0000000000000000000, 1.000000000000000000, 0.0000000000000000000 ) ) ;
#7999 = CARTESIAN_POINT ( 'NONE',  ( -0.9555555555555553800, 0.1899999999999999700, 0.7320634920634923000 ) ) ;
#8000 = DIRECTION ( 'NONE',  ( -0.0000000000000000000, 1.000000000000000000, -0.0000000000000000000 ) ) ;
#8001 = DIRECTION ( 'NONE',  ( 0.0000000000000000000, 0.0000000000000000000, 1.000000000000000000 ) ) ;
#8002 = DIRECTION ( 'NONE',  ( 0.0000000000000000000, -0.0000000000000000000, -1.000000000000000000 ) ) ;
#8003 = DIRECTION ( 'NONE',  ( 0.0000000000000000000, 1.000000000000000000, 0.0000000000000000000 ) ) ;
#8004 = CYLINDRICAL_SURFACE ( 'NONE', #762, 0.04444444444444439100 ) ;
#8005 = AXIS2_PLACEMENT_3D ( 'NONE', #2819, #2238, #1110 ) ;
#8006 = DIRECTION ( 'NONE',  ( -1.000000000000000000, 0.0000000000000000000, 1.084202172485504800E-016 ) ) ;
#8007 = DIRECTION ( 'NONE',  ( -2.168404344971008900E-016, 0.0000000000000000000, 1.000000000000000000 ) ) ;
#8008 = AXIS2_PLACEMENT_3D ( 'NONE', #11278, #1943, #6645 ) ;
#8009 = CIRCLE ( 'NONE', #6133, 0.4999999999999997800 ) ;
#8010 = EDGE_CURVE ( 'NONE', #12004, #6308, #8800, .T. ) ;
#8011 = ADVANCED_FACE ( 'NONE', ( #3614 ), #1675, .F. ) ;
#8012 = DIRECTION ( 'NONE',  ( -0.0000000000000000000, 1.000000000000000000, -0.0000000000000000000 ) ) ;
#8013 = AXIS2_PLACEMENT_3D ( 'NONE', #7979, #11863, #3406 ) ;
#8014 = VECTOR ( 'NONE', #350, 1000.000000000000000 ) ;
#8015 = DIRECTION ( 'NONE',  ( 0.0000000000000000000, -1.000000000000000000, 0.0000000000000000000 ) ) ;
#8016 = CARTESIAN_POINT ( 'NONE',  ( -0.6249999999999995600, -0.01722222222222199000, 0.7525438349425661600 ) ) ;
#8017 = ORIENTED_EDGE ( 'NONE', *, *, #586, .F. ) ;
#8018 = CARTESIAN_POINT ( 'NONE',  ( -0.6333333333333326400, 0.2000000000000000100, 0.7642641691706483200 ) ) ;
#8019 = DIRECTION ( 'NONE',  ( 0.0000000000000000000, -1.185846126156016300E-015, 1.000000000000000000 ) ) ;
#8020 = FILL_AREA_STYLE ('',( #7149 ) ) ;
#8021 = DIRECTION ( 'NONE',  ( 0.0000000000000000000, -0.0000000000000000000, 1.000000000000000000 ) ) ;
#8022 = CARTESIAN_POINT ( 'NONE',  ( 0.9777777777777777500, 0.8000000000000000400, -0.7555555555555557600 ) ) ;
#8023 = SURFACE_STYLE_USAGE ( .BOTH. , #9791 ) ;
#8024 = PRESENTATION_LAYER_ASSIGNMENT (  '', '', ( #8889 ) ) ;
#8025 = ORIENTED_EDGE ( 'NONE', *, *, #1162, .F. ) ;
#8026 = ADVANCED_FACE ( 'NONE', ( #7605 ), #1607, .F. ) ;
#8027 = CARTESIAN_POINT ( 'NONE',  ( -0.7253711845552257600, 0.2000000000000000100, 0.7322619011130880900 ) ) ;
#8028 = EDGE_LOOP ( 'NONE', ( #4385, #5774 ) ) ;
#8029 = DIRECTION ( 'NONE',  ( 0.0000000000000000000, -0.0000000000000000000, 1.000000000000000000 ) ) ;
#8030 = DIRECTION ( 'NONE',  ( 0.0000000000000000000, -1.000000000000000000, -0.0000000000000000000 ) ) ;
#8031 = DIRECTION ( 'NONE',  ( -2.220570119199817400E-016, -0.0000000000000000000, 1.000000000000000000 ) ) ;
#8032 = CARTESIAN_POINT ( 'NONE',  ( 0.6249999999999995600, 0.005000000000000040000, 0.7918213607330723000 ) ) ;
#8033 = CARTESIAN_POINT ( 'NONE',  ( -0.6937517784290551100, 0.2998690548693330700, 0.6738630939830170300 ) ) ;
#8034 = AXIS2_PLACEMENT_3D ( 'NONE', #1241, #5098, #2205 ) ;
#8035 = EDGE_CURVE ( 'NONE', #11935, #1765, #7916, .T. ) ;
#8036 = ORIENTED_EDGE ( 'NONE', *, *, #7910, .T. ) ;
#8037 = DIRECTION ( 'NONE',  ( 0.0000000000000000000, 0.0000000000000000000, 1.000000000000000000 ) ) ;
#8038 = ORIENTED_EDGE ( 'NONE', *, *, #455, .T. ) ;
#8039 = DIRECTION ( 'NONE',  ( 0.0000000000000000000, 0.0000000000000000000, 1.000000000000000000 ) ) ;
#8040 = ORIENTED_EDGE ( 'NONE', *, *, #6074, .F. ) ;
#8041 = AXIS2_PLACEMENT_3D ( 'NONE', #339, #4104, #8644 ) ;
#8042 = CIRCLE ( 'NONE', #509, 0.02499999999999995600 ) ;
#8043 = LINE ( 'NONE', #5047, #10551 ) ;
#8044 = CARTESIAN_POINT ( 'NONE',  ( 0.7416666666666665900, 0.01679151846260035200, 0.7763607655362383400 ) ) ;
#8045 = DIRECTION ( 'NONE',  ( 0.0000000000000000000, -1.000000000000000000, 0.0000000000000000000 ) ) ;
#8046 = VERTEX_POINT ( 'NONE', #9274 ) ;
#8047 = EDGE_CURVE ( 'NONE', #10748, #3741, #3319, .T. ) ;
#8048 = ORIENTED_EDGE ( 'NONE', *, *, #716, .F. ) ;
#8049 = ORIENTED_EDGE ( 'NONE', *, *, #7066, .F. ) ;
#8050 = VERTEX_POINT ( 'NONE', #12053 ) ;
#8051 = CARTESIAN_POINT ( 'NONE',  ( 0.5861121523347354600, 0.01621565601069404800, 0.7542123626562763400 ) ) ;
#8052 = AXIS2_PLACEMENT_3D ( 'NONE', #11043, #9100, #1671 ) ;
#8053 = DIRECTION ( 'NONE',  ( 0.0000000000000000000, -1.000000000000000000, -0.0000000000000000000 ) ) ;
#8054 = VERTEX_POINT ( 'NONE', #10073 ) ;
#8055 = ORIENTED_EDGE ( 'NONE', *, *, #6260, .F. ) ;
#8056 = DIRECTION ( 'NONE',  ( 0.0000000000000000000, 0.0000000000000000000, -1.000000000000000000 ) ) ;
#8057 = DIRECTION ( 'NONE',  ( -0.0000000000000000000, 1.000000000000000000, -0.0000000000000000000 ) ) ;
#8058 = ORIENTED_EDGE ( 'NONE', *, *, #2761, .T. ) ;
#8059 = ORIENTED_EDGE ( 'NONE', *, *, #1200, .T. ) ;
#8060 = CARTESIAN_POINT ( 'NONE',  ( -0.7319251125680874500, 0.006404603728304348300, 0.7913135484755311500 ) ) ;
#8061 = ORIENTED_EDGE ( 'NONE', *, *, #2404, .T. ) ;
#8062 = DIRECTION ( 'NONE',  ( 0.0000000000000000000, 1.000000000000000000, 0.0000000000000000000 ) ) ;
#8063 = DIRECTION ( 'NONE',  ( 0.0000000000000000000, 1.000000000000000000, 0.0000000000000000000 ) ) ;
#8064 = DIRECTION ( 'NONE',  ( 0.0000000000000000000, 0.0000000000000000000, 1.000000000000000000 ) ) ;
#8065 = DIRECTION ( 'NONE',  ( 0.0000000000000000000, 0.0000000000000000000, -1.000000000000000000 ) ) ;
#8066 = CIRCLE ( 'NONE', #3545, 0.02499999999999985900 ) ;
#8067 = EDGE_CURVE ( 'NONE', #10921, #10308, #6711, .T. ) ;
#8068 = CIRCLE ( 'NONE', #8434, 0.02222222222222198000 ) ;
#8069 = CARTESIAN_POINT ( 'NONE',  ( -0.6916666666666663200, 0.2999999999999997100, 0.6738059225679082800 ) ) ;
#8070 = ORIENTED_EDGE ( 'NONE', *, *, #6180, .F. ) ;
#8071 = ORIENTED_EDGE ( 'NONE', *, *, #7335, .F. ) ;
#8072 = CARTESIAN_POINT ( 'NONE',  ( 0.6083333333333331700, 0.2950819672131146900, 0.7216981796386449100 ) ) ;
#8073 = CARTESIAN_POINT ( 'NONE',  ( -0.3075000000000000500, 0.9499999999999999600, 8.131516293641283300E-017 ) ) ;
#8074 = ORIENTED_EDGE ( 'NONE', *, *, #11330, .F. ) ;
#8075 = ORIENTED_EDGE ( 'NONE', *, *, #4678, .F. ) ;
#8076 = ADVANCED_FACE ( 'NONE', ( #9519 ), #10199, .T. ) ;
#8077 = CARTESIAN_POINT ( 'NONE',  ( -0.6074659655153407100, 0.1985950705671654400, 0.7414265418221319700 ) ) ;
#8078 = DIRECTION ( 'NONE',  ( 0.0000000000000000000, 1.000000000000000000, 0.0000000000000000000 ) ) ;
#8079 = ORIENTED_EDGE ( 'NONE', *, *, #4455, .T. ) ;
#8080 = DIRECTION ( 'NONE',  ( 1.000000000000000000, -0.0000000000000000000, -0.0000000000000000000 ) ) ;
#8081 = VECTOR ( 'NONE', #9133, 1000.000000000000000 ) ;
#8082 = AXIS2_PLACEMENT_3D ( 'NONE', #2582, #9220, #6404 ) ;
#8083 = VECTOR ( 'NONE', #8980, 1000.000000000000000 ) ;
#8084 = LINE ( 'NONE', #4091, #4676 ) ;
#8085 = CARTESIAN_POINT ( 'NONE',  ( 0.9777777777777786300, 0.1999999999999999800, 0.7098412698412697200 ) ) ;
#8086 = CARTESIAN_POINT ( 'NONE',  ( 1.000000000000000200, 0.8222222222222219700, 0.7098412698412697200 ) ) ;
#8087 = ORIENTED_EDGE ( 'NONE', *, *, #7276, .F. ) ;
#8088 = VERTEX_POINT ( 'NONE', #11135 ) ;
#8089 = FILL_AREA_STYLE_COLOUR ( '', #3634 ) ;
#8090 = EDGE_CURVE ( 'NONE', #3313, #3822, #102, .T. ) ;
#8091 = VERTEX_POINT ( 'NONE', #7251 ) ;
#8092 = CARTESIAN_POINT ( 'NONE',  ( -0.7638888888888885100, 0.02194444444444429400, 0.7542839781067810500 ) ) ;
#8093 = CARTESIAN_POINT ( 'NONE',  ( -0.9999999999999997800, 0.1777777777777780100, 0.7098412698412699400 ) ) ;
#8094 = EDGE_LOOP ( 'NONE', ( #5426, #4038, #699, #11184 ) ) ;
#8095 = AXIS2_PLACEMENT_3D ( 'NONE', #3724, #2577, #5662 ) ;
#8096 = CARTESIAN_POINT ( 'NONE',  ( 0.7336575075460976000, 0.006848745862866953900, 0.7606310984866858600 ) ) ;
#8097 = ORIENTED_EDGE ( 'NONE', *, *, #3997, .F. ) ;
#8098 = MANIFOLD_SOLID_BREP ( 'Boss-Extrude4[11]', #6504 ) ;
#8099 = CIRCLE ( 'NONE', #8158, 0.5000000000000000000 ) ;
#8100 = ADVANCED_FACE ( 'NONE', ( #2889 ), #8355, .F. ) ;
#8101 = DIRECTION ( 'NONE',  ( 0.0000000000000000000, 1.000000000000000000, 0.0000000000000000000 ) ) ;
#8102 = VECTOR ( 'NONE', #12067, 1000.000000000000000 ) ;
#8103 = COLOUR_RGB ( '',1.000000000000000000, 1.000000000000000000, 1.000000000000000000 ) ;
#8104 = TOROIDAL_SURFACE ( 'NONE', #12198, 0.02222222222222244900, 0.02222222222222200100 ) ;
#8105 = ORIENTED_EDGE ( 'NONE', *, *, #7472, .T. ) ;
#8106 = VERTEX_POINT ( 'NONE', #11355 ) ;
#8107 = CARTESIAN_POINT ( 'NONE',  ( 0.6081326634372239400, 0.02393953357026317600, 0.7543127645478712200 ) ) ;
#8108 = DIRECTION ( 'NONE',  ( 1.000000000000000000, 0.0000000000000000000, 0.0000000000000000000 ) ) ;
#8109 = DIRECTION ( 'NONE',  ( 0.0000000000000000000, 0.0000000000000000000, -1.000000000000000000 ) ) ;
#8110 = VERTEX_POINT ( 'NONE', #11286 ) ;
#8111 = AXIS2_PLACEMENT_3D ( 'NONE', #6100, #9041, #4329 ) ;
#8112 = CARTESIAN_POINT ( 'NONE',  ( 0.9555555555555553800, 0.8000000000000000400, -0.7555555555555557600 ) ) ;
#8113 = DIRECTION ( 'NONE',  ( 0.0000000000000000000, 0.0000000000000000000, -1.000000000000000000 ) ) ;
#8114 = AXIS2_PLACEMENT_3D ( 'NONE', #10108, #1523, #9154 ) ;
#8115 = DIRECTION ( 'NONE',  ( 0.0000000000000000000, -0.0000000000000000000, 1.000000000000000000 ) ) ;
#8116 = LINE ( 'NONE', #3472, #6463 ) ;
#8117 = CARTESIAN_POINT ( 'NONE',  ( -0.3100000000000000000, 0.9499999999999999600, 0.1499999999999999700 ) ) ;
#8118 = CARTESIAN_POINT ( 'NONE',  ( 0.6191575596916674100, 0.006009991903447584200, 0.7566370230182931600 ) ) ;
#8119 = SURFACE_SIDE_STYLE ('',( #9552 ) ) ;
#8120 = DIRECTION ( 'NONE',  ( 1.000000000000000000, 0.0000000000000000000, 0.0000000000000000000 ) ) ;
#8121 = SURFACE_STYLE_FILL_AREA ( #2167 ) ;
#8122 = DIRECTION ( 'NONE',  ( 0.0000000000000000000, 1.000000000000000000, -0.0000000000000000000 ) ) ;
#8123 = ORIENTED_EDGE ( 'NONE', *, *, #8950, .T. ) ;
#8124 = DIRECTION ( 'NONE',  ( -1.000000000000000000, -0.0000000000000000000, -0.0000000000000000000 ) ) ;
#8125 = ORIENTED_EDGE ( 'NONE', *, *, #2829, .T. ) ;
#8126 = EDGE_LOOP ( 'NONE', ( #3044, #570, #5782, #529 ) ) ;
#8127 = B_SPLINE_CURVE_WITH_KNOTS ( 'NONE', 3,
 ( #831, #2765, #11297, #2604, #1657, #12231, #11234, #10257, #5497, #4510, #6477, #7420, #12195, #11188, #9243, #3568 ),
 .UNSPECIFIED., .F., .F.,
 ( 4, 3, 3, 3, 3, 4 ),
 ( 0.0000000000000000000, 6.220434802114769200E-006, 1.257099300918427600E-005, 1.869322566362028600E-005, 2.433207846737704300E-005, 2.636170622128864700E-005 ),
 .UNSPECIFIED. ) ;
#8128 = DIRECTION ( 'NONE',  ( -1.000000000000000000, -0.0000000000000000000, 1.084202172485504400E-016 ) ) ;
#8129 = CARTESIAN_POINT ( 'NONE',  ( 0.7100595768915808300, 0.1999999999999999800, 0.7777777777777822300 ) ) ;
#8130 = MECHANICAL_DESIGN_GEOMETRIC_PRESENTATION_REPRESENTATION (  '', ( #7077 ), #759 ) ;
#8131 = LINE ( 'NONE', #11844, #10186 ) ;
#8132 = CIRCLE ( 'NONE', #11766, 0.02222222222222198000 ) ;
#8133 = AXIS2_PLACEMENT_3D ( 'NONE', #6732, #3971, #10657 ) ;
#8134 = ORIENTED_EDGE ( 'NONE', *, *, #11482, .F. ) ;
#8135 = CARTESIAN_POINT ( 'NONE',  ( -0.6000000000000000900, 1.000000000000000000, 0.1250000000000001100 ) ) ;
#8136 = VERTEX_POINT ( 'NONE', #5665 ) ;
#8137 = CARTESIAN_POINT ( 'NONE',  ( -0.3100000000000000000, 0.9499999999999999600, 0.1499999999999999700 ) ) ;
#8138 = DIRECTION ( 'NONE',  ( -1.000000000000000000, -0.0000000000000000000, -0.0000000000000000000 ) ) ;
#8139 = DIRECTION ( 'NONE',  ( 1.000000000000000000, 0.0000000000000000000, 0.0000000000000000000 ) ) ;
#8140 = FILL_AREA_STYLE_COLOUR ( '', #880 ) ;
#8141 = EDGE_CURVE ( 'NONE', #9081, #7598, #5551, .T. ) ;
#8142 = CARTESIAN_POINT ( 'NONE',  ( -0.3550000000000000400, 0.9499999999999999600, -0.2450000000000000000 ) ) ;
#8143 = CYLINDRICAL_SURFACE ( 'NONE', #8146, 0.02500000000000009200 ) ;
#8144 = DIRECTION ( 'NONE',  ( -0.0000000000000000000, 1.000000000000000000, -0.0000000000000000000 ) ) ;
#8145 = CARTESIAN_POINT ( 'NONE',  ( -0.7638888888890675900, 0.02120106667527290800, 0.7542746851587033300 ) ) ;
#8146 = AXIS2_PLACEMENT_3D ( 'NONE', #4163, #11729, #11899 ) ;
#8147 = ORIENTED_EDGE ( 'NONE', *, *, #6057, .T. ) ;
#8148 = CIRCLE ( 'NONE', #8114, 0.02499999999999995600 ) ;
#8149 = ADVANCED_FACE ( 'NONE', ( #10146 ), #10318, .F. ) ;
#8150 = CARTESIAN_POINT ( 'NONE',  ( -0.9555555555555553800, 0.1900000000000000600, 0.7320634920634921900 ) ) ;
#8151 = CARTESIAN_POINT ( 'NONE',  ( -0.9555555555555553800, 0.1899999999999999700, 0.7098412698412699400 ) ) ;
#8152 = CARTESIAN_POINT ( 'NONE',  ( -0.6449999999999999100, 0.8792893218813447900, -0.2450000000000000000 ) ) ;
#8153 = EDGE_CURVE ( 'NONE', #5027, #11809, #5120, .T. ) ;
#8154 = EDGE_CURVE ( 'NONE', #9059, #8110, #7753, .T. ) ;
#8155 = CARTESIAN_POINT ( 'NONE',  ( -0.7416666666666664700, 0.02166666666737636700, 0.7833054857617750600 ) ) ;
#8156 = DIRECTION ( 'NONE',  ( 0.0000000000000000000, 0.0000000000000000000, -1.000000000000000000 ) ) ;
#8157 = CARTESIAN_POINT ( 'NONE',  ( 0.5872841414260150400, 0.1853443906933826800, 0.7529697895524465300 ) ) ;
#8158 = AXIS2_PLACEMENT_3D ( 'NONE', #7485, #12252, #1793 ) ;
#8159 = CARTESIAN_POINT ( 'NONE',  ( 0.6114479968386444800, 0.01196506946204259300, 0.7890725347102005600 ) ) ;
#8160 = VERTEX_POINT ( 'NONE', #7561 ) ;
#8161 = LINE ( 'NONE', #9612, #3103 ) ;
#8162 = ADVANCED_FACE ( 'NONE', ( #8499 ), #6575, .F. ) ;
#8163 = CARTESIAN_POINT ( 'NONE',  ( 0.6499999999999996900, 0.2030620702128255200, 0.7754994340234725400 ) ) ;
#8164 = DIRECTION ( 'NONE',  ( 0.0000000000000000000, 0.0000000000000000000, -1.000000000000000000 ) ) ;
#8165 = AXIS2_PLACEMENT_3D ( 'NONE', #7280, #8169, #5398 ) ;
#8166 = DIRECTION ( 'NONE',  ( -1.000000000000000000, -0.0000000000000000000, -0.0000000000000000000 ) ) ;
#8167 = EDGE_CURVE ( 'NONE', #2722, #2159, #9836, .T. ) ;
#8168 = AXIS2_PLACEMENT_3D ( 'NONE', #8697, #4894, #5789 ) ;
#8169 = DIRECTION ( 'NONE',  ( -0.0000000000000000000, -1.000000000000000000, -0.0000000000000000000 ) ) ;
#8170 = DIRECTION ( 'NONE',  ( -0.0000000000000000000, -1.000000000000000000, -0.0000000000000000000 ) ) ;
#8171 = CARTESIAN_POINT ( 'NONE',  ( -0.7166666667155136000, 0.2000000000000000100, 0.7642641691860075900 ) ) ;
#8172 = DIRECTION ( 'NONE',  ( 0.0000000000000000000, 0.0000000000000000000, 1.000000000000000000 ) ) ;
#8173 = CARTESIAN_POINT ( 'NONE',  ( -0.6424658615987644000, 0.2884324625266808100, 0.7167391195514381000 ) ) ;
#8174 = AXIS2_PLACEMENT_3D ( 'NONE', #5151, #7892, #11875 ) ;
#8175 = CIRCLE ( 'NONE', #10550, 0.008333333333333541400 ) ;
#8176 = EDGE_LOOP ( 'NONE', ( #9891, #6077, #3161, #10742 ) ) ;
#8177 = AXIS2_PLACEMENT_3D ( 'NONE', #3468, #8351, #2695 ) ;
#8178 = EDGE_CURVE ( 'NONE', #11041, #6090, #2300, .T. ) ;
#8179 = DIRECTION ( 'NONE',  ( 0.0000000000000000000, 0.0000000000000000000, 1.000000000000000000 ) ) ;
#8180 = CARTESIAN_POINT ( 'NONE',  ( 0.7335183557133537800, 0.007237332072476156100, 0.7910068924128290700 ) ) ;
#8181 = CARTESIAN_POINT ( 'NONE',  ( -0.6416666666666661600, 0.2833333333333329900, 0.6814466309102998900 ) ) ;
#8182 = EDGE_LOOP ( 'NONE', ( #11770, #5668, #4786, #11068 ) ) ;
#8183 = AXIS2_PLACEMENT_3D ( 'NONE', #10536, #10414, #6555 ) ;
#8184 = DIRECTION ( 'NONE',  ( 1.000000000000000000, -0.0000000000000000000, -0.0000000000000000000 ) ) ;
#8185 = CARTESIAN_POINT ( 'NONE',  ( 0.6136775435487725700, 0.009310667271749150900, 0.7901987893042821100 ) ) ;
#8186 = VECTOR ( 'NONE', #7994, 1000.000000000000000 ) ;
#8187 = DIRECTION ( 'NONE',  ( 0.0000000000000000000, 0.0000000000000000000, 1.000000000000000000 ) ) ;
#8188 = CARTESIAN_POINT ( 'NONE',  ( -0.7098599576468459500, 0.2034433406418707800, 0.7295031437599949200 ) ) ;
#8189 = CARTESIAN_POINT ( 'NONE',  ( 0.7083333333333332600, 0.2069249905396921800, 0.7654281079891378500 ) ) ;
#8190 = ORIENTED_EDGE ( 'NONE', *, *, #4029, .F. ) ;
#8191 = DIRECTION ( 'NONE',  ( 0.0000000000000000000, 0.0000000000000000000, 1.000000000000000000 ) ) ;
#8192 = CARTESIAN_POINT ( 'NONE',  ( 0.7409997165706200300, 0.1880009716481134700, 0.7733528892360652700 ) ) ;
#8193 = ORIENTED_EDGE ( 'NONE', *, *, #3728, .T. ) ;
#8194 = EDGE_LOOP ( 'NONE', ( #3498, #3034, #11072, #6028 ) ) ;
#8195 = DIRECTION ( 'NONE',  ( 0.0000000000000000000, 0.0000000000000000000, -1.000000000000000000 ) ) ;
#8196 = CARTESIAN_POINT ( 'NONE',  ( -0.4999999999999998900, 0.8792893218813447900, 0.2900000000000000400 ) ) ;
#8197 = CARTESIAN_POINT ( 'NONE',  ( -0.6974735826904533400, 0.2990652060984089200, 0.6742141376475875300 ) ) ;
#8198 = AXIS2_PLACEMENT_3D ( 'NONE', #5887, #11588, #353 ) ;
#8199 = ORIENTED_EDGE ( 'NONE', *, *, #10833, .F. ) ;
#8200 = CARTESIAN_POINT ( 'NONE',  ( -0.6449999999999999100, 1.000000000000000000, 0.2450000000000001100 ) ) ;
#8201 = EDGE_LOOP ( 'NONE', ( #2289, #10394, #4649, #10899 ) ) ;
#8202 = EDGE_LOOP ( 'NONE', ( #5823, #6419, #6618, #6581 ) ) ;
#8203 = AXIS2_PLACEMENT_3D ( 'NONE', #363, #7802, #2195 ) ;
#8204 = DIRECTION ( 'NONE',  ( 0.0000000000000000000, 0.0000000000000000000, -1.000000000000000000 ) ) ;
#8205 = ORIENTED_EDGE ( 'NONE', *, *, #6218, .F. ) ;
#8206 = CARTESIAN_POINT ( 'NONE',  ( -0.6449999999999999100, 0.9499999999999999600, -0.2699999999999998500 ) ) ;
#8207 = LINE ( 'NONE', #9910, #3155 ) ;
#8208 = SURFACE_SIDE_STYLE ('',( #4874 ) ) ;
#8209 = ADVANCED_FACE ( 'NONE', ( #1418 ), #8561, .F. ) ;
#8210 = EDGE_CURVE ( 'NONE', #665, #7433, #12111, .T. ) ;
#8211 = ORIENTED_EDGE ( 'NONE', *, *, #687, .F. ) ;
#8212 = ORIENTED_EDGE ( 'NONE', *, *, #3233, .T. ) ;
#8213 = ORIENTED_EDGE ( 'NONE', *, *, #11031, .F. ) ;
#8214 = AXIS2_PLACEMENT_3D ( 'NONE', #1305, #6042, #1349 ) ;
#8215 = DIRECTION ( 'NONE',  ( 0.0000000000000000000, 1.000000000000000000, -0.0000000000000000000 ) ) ;
#8216 = CARTESIAN_POINT ( 'NONE',  ( -0.5000000000000000000, 0.9499999999999999600, 5.421010862427522200E-017 ) ) ;
#8217 = ORIENTED_EDGE ( 'NONE', *, *, #35, .T. ) ;
#8218 = VECTOR ( 'NONE', #530, 1000.000000000000000 ) ;
#8219 = DIRECTION ( 'NONE',  ( 0.0000000000000000000, 0.0000000000000000000, -1.000000000000000000 ) ) ;
#8220 = EDGE_LOOP ( 'NONE', ( #1466, #1260, #7744, #8256 ) ) ;
#8221 = CARTESIAN_POINT ( 'NONE',  ( -0.7267761255239432200, 0.005000000000000020100, 0.7918213607330723000 ) ) ;
#8222 = ORIENTED_EDGE ( 'NONE', *, *, #8789, .T. ) ;
#8223 = CARTESIAN_POINT ( 'NONE',  ( 0.6945597191608264800, 0.2946264679151844300, 0.7219028893237078300 ) ) ;
#8224 = ORIENTED_EDGE ( 'NONE', *, *, #4793, .F. ) ;
#8225 = CARTESIAN_POINT ( 'NONE',  ( -0.3075000000000000500, 0.9499999999999999600, 8.131516293641283300E-017 ) ) ;
#8226 = EDGE_CURVE ( 'NONE', #11672, #5685, #3009, .T. ) ;
#8227 = LINE ( 'NONE', #9957, #11661 ) ;
#8228 = DIRECTION ( 'NONE',  ( -1.000000000000000000, -0.0000000000000000000, -0.0000000000000000000 ) ) ;
#8229 = CARTESIAN_POINT ( 'NONE',  ( -0.5861111111111111400, 0.02222222222222208800, 0.7542857142857142300 ) ) ;
#8230 = VECTOR ( 'NONE', #9684, 1000.000000000000000 ) ;
#8231 = EDGE_LOOP ( 'NONE', ( #11049, #9521 ) ) ;
#8232 = CARTESIAN_POINT ( 'NONE',  ( 0.7079627832073384100, 0.2873810455839031500, 0.6795178004199946600 ) ) ;
#8233 = ORIENTED_EDGE ( 'NONE', *, *, #660, .F. ) ;
#8234 = CARTESIAN_POINT ( 'NONE',  ( -0.4499999999999999600, 0.9499999999999999600, 0.1950000000000000600 ) ) ;
#8235 = DIRECTION ( 'NONE',  ( 0.0000000000000000000, 0.0000000000000000000, 1.000000000000000000 ) ) ;
#8236 = ORIENTED_EDGE ( 'NONE', *, *, #7216, .F. ) ;
#8237 = MANIFOLD_SOLID_BREP ( 'Boss-Extrude4[12]', #7473 ) ;
#8238 = CYLINDRICAL_SURFACE ( 'NONE', #781, 0.02500000000000009200 ) ;
#8239 = DIRECTION ( 'NONE',  ( -1.000000000000000000, 0.0000000000000000000, 0.0000000000000000000 ) ) ;
#8240 = VECTOR ( 'NONE', #1304, 1000.000000000000000 ) ;
#8241 = CARTESIAN_POINT ( 'NONE',  ( -0.9999999999999997800, 0.1777777777777780100, 0.7542857142857142300 ) ) ;
#8242 = CARTESIAN_POINT ( 'NONE',  ( -0.7450000000000000000, 1.000000000000000000, 0.1750000000000000200 ) ) ;
#8243 = EDGE_CURVE ( 'NONE', #8338, #10764, #2457, .T. ) ;
#8244 = DIRECTION ( 'NONE',  ( 0.0000000000000000000, 0.0000000000000000000, 1.000000000000000000 ) ) ;
#8245 = EDGE_LOOP ( 'NONE', ( #11456, #2334, #1569, #11458, #6136, #9629, #5353, #1409 ) ) ;
#8246 = CARTESIAN_POINT ( 'NONE',  ( -0.2550000000000000000, 0.9499999999999999600, -0.1250000000000000000 ) ) ;
#8247 = ORIENTED_EDGE ( 'NONE', *, *, #3002, .F. ) ;
#8248 = CARTESIAN_POINT ( 'NONE',  ( -0.7874999999999999800, 0.9499999999999999600, 8.131516293641283300E-017 ) ) ;
#8249 = ORIENTED_EDGE ( 'NONE', *, *, #4601, .T. ) ;
#8250 = AXIS2_PLACEMENT_3D ( 'NONE', #1032, #5860, #9585 ) ;
#8251 = LINE ( 'NONE', #9060, #6918 ) ;
#8252 = CARTESIAN_POINT ( 'NONE',  ( -0.3499999999999997000, 0.1899999999999999700, -0.7777777777777780100 ) ) ;
#8253 = FACE_OUTER_BOUND ( 'NONE', #1202, .T. ) ;
#8254 = ADVANCED_FACE ( 'NONE', ( #9982 ), #3895, .T. ) ;
#8255 = CARTESIAN_POINT ( 'NONE',  ( 0.9555555555555553800, 0.1777777777777780100, -0.7555555555555557600 ) ) ;
#8256 = ORIENTED_EDGE ( 'NONE', *, *, #11565, .F. ) ;
#8257 = PRESENTATION_LAYER_ASSIGNMENT (  '', '', ( #3404 ) ) ;
#8258 = ORIENTED_EDGE ( 'NONE', *, *, #8314, .T. ) ;
#8259 = CARTESIAN_POINT ( 'NONE',  ( 0.7349088015583726800, 0.008265419357010400000, 0.7906061851220923500 ) ) ;
#8260 = CARTESIAN_POINT ( 'NONE',  ( -0.7039573398843950200, 0.2945902036636154900, 0.7153216796843664400 ) ) ;
#8261 = DIRECTION ( 'NONE',  ( 0.0000000000000000000, 0.0000000000000000000, 1.000000000000000000 ) ) ;
#8262 = PLANE ( 'NONE',  #8716 ) ;
#8263 = CARTESIAN_POINT ( 'NONE',  ( -0.9555555555555553800, 0.02222222222222208800, 0.7542857142857142300 ) ) ;
#8264 = CARTESIAN_POINT ( 'NONE',  ( -0.6088570867723852600, 0.1875101225781424800, 0.7738090997533781900 ) ) ;
#8265 = DIRECTION ( 'NONE',  ( 1.000000000000000000, 0.0000000000000000000, 0.0000000000000000000 ) ) ;
#8266 = CIRCLE ( 'NONE', #6607, 0.02500000000000007800 ) ;
#8267 = FACE_OUTER_BOUND ( 'NONE', #5380, .T. ) ;
#8268 = SHAPE_DEFINITION_REPRESENTATION ( #12261, #8456 ) ;
#8269 = EDGE_CURVE ( 'NONE', #7729, #10557, #319, .T. ) ;
#8270 = CARTESIAN_POINT ( 'NONE',  ( -0.6449999999999999100, 1.000000000000000000, -0.2200000000000001400 ) ) ;
#8271 = DIRECTION ( 'NONE',  ( -1.000000000000000000, 0.0000000000000000000, 1.084202172485504800E-016 ) ) ;
#8272 = CIRCLE ( 'NONE', #2782, 0.02222222222222198000 ) ;
#8273 = DIRECTION ( 'NONE',  ( -1.000000000000000000, 0.0000000000000000000, 0.0000000000000000000 ) ) ;
#8274 = ADVANCED_FACE ( 'NONE', ( #4282 ), #11116, .F. ) ;
#8275 = DIRECTION ( 'NONE',  ( 0.0000000000000000000, 0.0000000000000000000, 1.000000000000000000 ) ) ;
#8276 = CARTESIAN_POINT ( 'NONE',  ( -0.6162733537400280100, 0.02222222222222177200, 0.8000000000000000400 ) ) ;
#8277 = AXIS2_PLACEMENT_3D ( 'NONE', #6391, #729, #6363 ) ;
#8278 = EDGE_CURVE ( 'NONE', #9050, #2453, #1622, .T. ) ;
#8279 = LINE ( 'NONE', #4935, #1757 ) ;
#8280 = CIRCLE ( 'NONE', #7289, 0.02500000000000007800 ) ;
#8281 = DIRECTION ( 'NONE',  ( 0.0000000000000000000, 0.0000000000000000000, 1.000000000000000000 ) ) ;
#8282 = EDGE_CURVE ( 'NONE', #2111, #9050, #5070, .T. ) ;
#8283 = CARTESIAN_POINT ( 'NONE',  ( 0.6083333333333331700, 0.005000000000000002700, 0.7461070750187860400 ) ) ;
#8284 = CYLINDRICAL_SURFACE ( 'NONE', #2461, 0.04444444444444439100 ) ;
#8285 = AXIS2_PLACEMENT_3D ( 'NONE', #6468, #3655, #10328 ) ;
#8286 = PLANE ( 'NONE',  #3991 ) ;
#8287 = DIRECTION ( 'NONE',  ( 0.0000000000000000000, 1.000000000000000000, 0.0000000000000000000 ) ) ;
#8288 = DIRECTION ( 'NONE',  ( 0.0000000000000000000, 0.0000000000000000000, 1.000000000000000000 ) ) ;
#8289 = DIRECTION ( 'NONE',  ( 0.0000000000000000000, 1.000000000000000000, -0.0000000000000000000 ) ) ;
#8290 = CIRCLE ( 'NONE', #8984, 0.008333333333333499800 ) ;
#8291 = CARTESIAN_POINT ( 'NONE',  ( 0.7285767494583949000, 0.005292958587805470500, 0.7917181360372709300 ) ) ;
#8292 = EDGE_CURVE ( 'NONE', #3128, #2200, #7521, .T. ) ;
#8293 = CARTESIAN_POINT ( 'NONE',  ( -0.7874999999999999800, 1.000000000000000000, 8.131516293641283300E-017 ) ) ;
#8294 = CARTESIAN_POINT ( 'NONE',  ( -0.7007292356535034200, 0.2030948076416818900, 0.7754355401620217600 ) ) ;
#8295 = EDGE_CURVE ( 'NONE', #9809, #10921, #3079, .T. ) ;
#8296 = DIRECTION ( 'NONE',  ( 0.0000000000000000000, 0.0000000000000000000, 1.000000000000000000 ) ) ;
#8297 = CARTESIAN_POINT ( 'NONE',  ( -0.6166005346944700700, 0.1979675739712919400, 0.7530762765642601300 ) ) ;
#8298 = DIRECTION ( 'NONE',  ( -0.0000000000000000000, -1.000000000000000000, -0.0000000000000000000 ) ) ;
#8299 = CARTESIAN_POINT ( 'NONE',  ( 0.7250000000000000900, 0.02222222222222176900, 0.8000000000000000400 ) ) ;
#8300 = FACE_OUTER_BOUND ( 'NONE', #4180, .T. ) ;
#8301 = AXIS2_PLACEMENT_3D ( 'NONE', #10094, #11242, #12168 ) ;
#8302 = CARTESIAN_POINT ( 'NONE',  ( 0.6399404231084145900, 0.1999999999999997600, 0.7777777777777780100 ) ) ;
#8303 = VECTOR ( 'NONE', #3261, 1000.000000000000000 ) ;
#8304 = CARTESIAN_POINT ( 'NONE',  ( -0.5000000000000000000, 0.9499999999999999600, -0.09999999999999993600 ) ) ;
#8305 = ORIENTED_EDGE ( 'NONE', *, *, #2619, .F. ) ;
#8306 = AXIS2_PLACEMENT_3D ( 'NONE', #1432, #2249, #11713 ) ;
#8307 = EDGE_CURVE ( 'NONE', #7217, #11727, #19, .T. ) ;
#8308 = DIRECTION ( 'NONE',  ( 0.0000000000000000000, 0.0000000000000000000, 1.000000000000000000 ) ) ;
#8309 = AXIS2_PLACEMENT_3D ( 'NONE', #7414, #3776, #6505 ) ;
#8310 = FACE_OUTER_BOUND ( 'NONE', #4119, .T. ) ;
#8311 = CARTESIAN_POINT ( 'NONE',  ( 0.9777777777777777500, 0.9777777777777779700, -0.7555555555555557600 ) ) ;
#8312 = ORIENTED_EDGE ( 'NONE', *, *, #11411, .F. ) ;
#8313 = ORIENTED_EDGE ( 'NONE', *, *, #3053, .T. ) ;
#8314 = EDGE_CURVE ( 'NONE', #3178, #5027, #5890, .T. ) ;
#8315 = DIRECTION ( 'NONE',  ( -0.0000000000000000000, -1.000000000000000000, -0.0000000000000000000 ) ) ;
#8316 = DIRECTION ( 'NONE',  ( 0.0000000000000000000, 0.0000000000000000000, -1.000000000000000000 ) ) ;
#8317 = AXIS2_PLACEMENT_3D ( 'NONE', #3700, #8532, #11365 ) ;
#8318 = CARTESIAN_POINT ( 'NONE',  ( -0.6333333333333326400, 0.2000000000000000100, 0.7614445778845511100 ) ) ;
#8319 = ADVANCED_FACE ( 'NONE', ( #6489 ), #9208, .T. ) ;
#8320 = PRESENTATION_LAYER_ASSIGNMENT (  '', '', ( #4293 ) ) ;
#8321 = ORIENTED_EDGE ( 'NONE', *, *, #3778, .T. ) ;
#8322 = VERTEX_POINT ( 'NONE', #7613 ) ;
#8323 = EDGE_CURVE ( 'NONE', #9701, #6978, #9303, .T. ) ;
#8324 = ORIENTED_EDGE ( 'NONE', *, *, #1909, .T. ) ;
#8325 = CARTESIAN_POINT ( 'NONE',  ( -0.6057115618239390400, 0.01962856055058754100, 0.7565689843716967300 ) ) ;
#8326 = DIRECTION ( 'NONE',  ( 0.0000000000000000000, 0.0000000000000000000, 1.000000000000000000 ) ) ;
#8327 = EDGE_CURVE ( 'NONE', #5784, #7165, #6625, .T. ) ;
#8328 = CARTESIAN_POINT ( 'NONE',  ( -0.6900000000000000600, 0.9499999999999999600, 0.1250000000000001100 ) ) ;
#8329 = CARTESIAN_POINT ( 'NONE',  ( 0.3499999999999999200, 0.02222222222222208800, -0.7777777777777780100 ) ) ;
#8330 = CARTESIAN_POINT ( 'NONE',  ( -0.2125000000000000200, 1.000000000000000000, 8.131516293641283300E-017 ) ) ;
#8331 = VERTEX_POINT ( 'NONE', #7814 ) ;
#8332 = EDGE_LOOP ( 'NONE', ( #3465, #6415, #6528, #2080 ) ) ;
#8333 = AXIS2_PLACEMENT_3D ( 'NONE', #4770, #131, #8483 ) ;
#8334 = VERTEX_POINT ( 'NONE', #7719 ) ;
#8335 = VERTEX_POINT ( 'NONE', #2076 ) ;
#8336 = CARTESIAN_POINT ( 'NONE',  ( -0.6449999999999999100, 0.9499999999999999600, 0.2450000000000001100 ) ) ;
#8337 = CARTESIAN_POINT ( 'NONE',  ( -0.5000000000000000000, 1.000000000000000000, 0.02500000000000013700 ) ) ;
#8338 = VERTEX_POINT ( 'NONE', #6111 ) ;
#8339 = DIRECTION ( 'NONE',  ( 1.000000000000000000, -0.0000000000000000000, -0.0000000000000000000 ) ) ;
#8340 = AXIS2_PLACEMENT_3D ( 'NONE', #4972, #8934, #9799 ) ;
#8341 = CYLINDRICAL_SURFACE ( 'NONE', #3484, 0.008333333333333499800 ) ;
#8342 = DIRECTION ( 'NONE',  ( -0.0000000000000000000, -1.000000000000000000, -0.0000000000000000000 ) ) ;
#8343 = PLANE ( 'NONE',  #1478 ) ;
#8344 = EDGE_LOOP ( 'NONE', ( #10776, #1679 ) ) ;
#8345 = EDGE_LOOP ( 'NONE', ( #6565, #8790, #4087, #10032 ) ) ;
#8346 = EDGE_CURVE ( 'NONE', #10165, #3488, #9016, .T. ) ;
#8347 = ORIENTED_EDGE ( 'NONE', *, *, #4200, .T. ) ;
#8348 = EDGE_LOOP ( 'NONE', ( #3713, #11767, #1992, #11058 ) ) ;
#8349 = ORIENTED_EDGE ( 'NONE', *, *, #4528, .F. ) ;
#8350 = VERTEX_POINT ( 'NONE', #654 ) ;
#8351 = DIRECTION ( 'NONE',  ( 0.0000000000000000000, 1.000000000000000000, 0.0000000000000000000 ) ) ;
#8352 = DIRECTION ( 'NONE',  ( -0.0000000000000000000, -1.000000000000000000, -0.0000000000000000000 ) ) ;
#8353 = VECTOR ( 'NONE', #9263, 1000.000000000000000 ) ;
#8354 = AXIS2_PLACEMENT_3D ( 'NONE', #11543, #10398, #3771 ) ;
#8355 = CYLINDRICAL_SURFACE ( 'NONE', #4158, 0.02499999999999984900 ) ;
#8356 = CARTESIAN_POINT ( 'NONE',  ( -0.5000000000000000000, 0.9499999999999999600, 5.421010862427522200E-017 ) ) ;
#8357 = VERTEX_POINT ( 'NONE', #2418 ) ;
#8358 = ORIENTED_EDGE ( 'NONE', *, *, #5852, .T. ) ;
#8359 = DIRECTION ( 'NONE',  ( -0.0000000000000000000, -1.000000000000000000, -0.0000000000000000000 ) ) ;
#8360 = ORIENTED_EDGE ( 'NONE', *, *, #487, .F. ) ;
#8361 = ORIENTED_EDGE ( 'NONE', *, *, #9828, .T. ) ;
#8362 = DIRECTION ( 'NONE',  ( 0.0000000000000000000, 0.0000000000000000000, -1.000000000000000000 ) ) ;
#8363 = ORIENTED_EDGE ( 'NONE', *, *, #5908, .F. ) ;
#8364 = ORIENTED_EDGE ( 'NONE', *, *, #11487, .T. ) ;
#8365 = CIRCLE ( 'NONE', #9167, 0.02500000000000002900 ) ;
#8366 = EDGE_CURVE ( 'NONE', #4145, #58, #4434, .T. ) ;
#8367 = FACE_OUTER_BOUND ( 'NONE', #2489, .T. ) ;
#8368 = FACE_OUTER_BOUND ( 'NONE', #1995, .T. ) ;
#8369 = ORIENTED_EDGE ( 'NONE', *, *, #9406, .T. ) ;
#8370 = DIRECTION ( 'NONE',  ( -0.0000000000000000000, 1.000000000000000000, -0.0000000000000000000 ) ) ;
#8371 = VERTEX_POINT ( 'NONE', #8639 ) ;
#8372 = CARTESIAN_POINT ( 'NONE',  ( 0.7354828308893127700, 0.003177007275438466200, 0.7435394344692563000 ) ) ;
#8373 = STYLED_ITEM ( 'NONE', ( #1124 ), #9901 ) ;
#8374 = ORIENTED_EDGE ( 'NONE', *, *, #7932, .T. ) ;
#8375 = B_SPLINE_CURVE_WITH_KNOTS ( 'NONE', 3,
 ( #6065, #10731, #5019, #11700, #2276, #9714, #368, #8927, #6949, #9834, #10828, #4214, #7811 ),
 .UNSPECIFIED., .F., .F.,
 ( 4, 3, 3, 3, 4 ),
 ( 0.0000000000000000000, 1.401499872778243500E-006, 2.434165087157219900E-006, 5.137784237232164600E-006, 6.242324921066659400E-006 ),
 .UNSPECIFIED. ) ;
#8376 = EDGE_LOOP ( 'NONE', ( #3875, #9427, #6282, #4828 ) ) ;
#8377 = CARTESIAN_POINT ( 'NONE',  ( 0.6506734230768661500, 0.2902311362781452900, 0.7239078869813191400 ) ) ;
#8378 = FACE_BOUND ( 'NONE', #4701, .T. ) ;
#8379 = AXIS2_PLACEMENT_3D ( 'NONE', #4876, #11469, #5773 ) ;
#8380 = CARTESIAN_POINT ( 'NONE',  ( 0.6249999999999995600, 0.005000000000000001800, 0.7525438349425659400 ) ) ;
#8381 = CIRCLE ( 'NONE', #6364, 0.008333333333333465100 ) ;
#8382 = FACE_OUTER_BOUND ( 'NONE', #4798, .T. ) ;
#8383 = CARTESIAN_POINT ( 'NONE',  ( 0.6182994260541713200, 0.1997625171295440400, 0.7356456013389195400 ) ) ;
#8384 = ORIENTED_EDGE ( 'NONE', *, *, #35, .F. ) ;
#8385 = CARTESIAN_POINT ( 'NONE',  ( -0.5863250109628751500, 0.1828568026017317300, 0.7537253558980475700 ) ) ;
#8386 = DIRECTION ( 'NONE',  ( 1.000000000000000000, 0.0000000000000000000, -3.580851211878729700E-016 ) ) ;
#8387 = VERTEX_POINT ( 'NONE', #12232 ) ;
#8388 = EDGE_CURVE ( 'NONE', #3780, #8054, #2799, .T. ) ;
#8389 = ORIENTED_EDGE ( 'NONE', *, *, #1779, .T. ) ;
#8390 = ADVANCED_FACE ( 'NONE', ( #6036 ), #2518, .T. ) ;
#8391 = MANIFOLD_SOLID_BREP ( 'Boss-Extrude4[10]', #135 ) ;
#8392 = FACE_OUTER_BOUND ( 'NONE', #5521, .T. ) ;
#8393 = TOROIDAL_SURFACE ( 'NONE', #9419, 0.005555555555555511500, 0.01666666666666650000 ) ;
#8394 = ORIENTED_EDGE ( 'NONE', *, *, #4503, .F. ) ;
#8395 = ORIENTED_EDGE ( 'NONE', *, *, #2422, .F. ) ;
#8396 = FACE_OUTER_BOUND ( 'NONE', #12216, .T. ) ;
#8397 = ORIENTED_EDGE ( 'NONE', *, *, #8327, .F. ) ;
#8398 = STYLED_ITEM ( 'NONE', ( #442 ), #2181 ) ;
#8399 = CARTESIAN_POINT ( 'NONE',  ( 0.7050297884457899000, 0.2044187433149321800, 0.7724091971811183300 ) ) ;
#8400 = CARTESIAN_POINT ( 'NONE',  ( -0.3499999999999997000, -1.445153081025597900, -0.7777777777777780100 ) ) ;
#8401 = AXIS2_PLACEMENT_3D ( 'NONE', #216, #6790, #5793 ) ;
#8402 = CIRCLE ( 'NONE', #3622, 0.02222222222222198000 ) ;
#8403 = FACE_OUTER_BOUND ( 'NONE', #8507, .T. ) ;
#8404 = DIRECTION ( 'NONE',  ( 0.0000000000000000000, 0.0000000000000000000, 1.000000000000000000 ) ) ;
#8405 = CYLINDRICAL_SURFACE ( 'NONE', #7671, 0.02499999999999984900 ) ;
#8406 = COLOUR_RGB ( '',0.7921568627450980000, 0.8196078431372548800, 0.9333333333333333500 ) ;
#8407 = EDGE_CURVE ( 'NONE', #9536, #5126, #7100, .T. ) ;
#8408 = DIRECTION ( 'NONE',  ( 0.0000000000000000000, -1.000000000000000000, 0.0000000000000000000 ) ) ;
#8409 = DIRECTION ( 'NONE',  ( 1.000000000000000000, -0.0000000000000000000, -0.0000000000000000000 ) ) ;
#8410 = VECTOR ( 'NONE', #3127, 1000.000000000000000 ) ;
#8411 = FACE_OUTER_BOUND ( 'NONE', #11003, .T. ) ;
#8412 = CARTESIAN_POINT ( 'NONE',  ( 0.9555555555555560500, 1.000000000000000000, 0.7320634920634920800 ) ) ;
#8413 = ORIENTED_EDGE ( 'NONE', *, *, #11421, .F. ) ;
#8414 = CARTESIAN_POINT ( 'NONE',  ( 0.6050421979690420200, 0.1857846604878617400, 0.7554876785798648700 ) ) ;
#8415 = VERTEX_POINT ( 'NONE', #2454 ) ;
#8416 = DIRECTION ( 'NONE',  ( 0.0000000000000000000, -0.0000000000000000000, 1.000000000000000000 ) ) ;
#8417 = FACE_OUTER_BOUND ( 'NONE', #7293, .T. ) ;
#8418 = FACE_OUTER_BOUND ( 'NONE', #8348, .T. ) ;
#8419 = SURFACE_STYLE_FILL_AREA ( #5926 ) ;
#8420 = CARTESIAN_POINT ( 'NONE',  ( -0.5000000000000000000, 0.8792893218813447900, -0.09999999999999993600 ) ) ;
#8421 = CARTESIAN_POINT ( 'NONE',  ( -0.9555555555555553800, 0.8222222222222219700, 0.7098412698412699400 ) ) ;
#8422 = AXIS2_PLACEMENT_3D ( 'NONE', #191, #1195, #5851 ) ;
#8423 = DIRECTION ( 'NONE',  ( -1.000000000000000000, -0.0000000000000000000, -0.0000000000000000000 ) ) ;
#8424 = LINE ( 'NONE', #2312, #7102 ) ;
#8425 = DIRECTION ( 'NONE',  ( 0.0000000000000000000, 0.0000000000000000000, 1.000000000000000000 ) ) ;
#8426 = CARTESIAN_POINT ( 'NONE',  ( -0.7028265216927271900, 0.2035345023145455900, 0.7745378391650757900 ) ) ;
#8427 = ORIENTED_EDGE ( 'NONE', *, *, #951, .T. ) ;
#8428 = DIRECTION ( 'NONE',  ( 0.0000000000000000000, 0.0000000000000000000, -1.000000000000000000 ) ) ;
#8429 = CARTESIAN_POINT ( 'NONE',  ( 0.9777777777777777500, -1.445153081025597900, -0.7555555555555557600 ) ) ;
#8430 = CARTESIAN_POINT ( 'NONE',  ( -0.9999999999999997800, 0.1777777777777780100, 0.7542857142857142300 ) ) ;
#8431 = PLANE ( 'NONE',  #3436 ) ;
#8432 = CYLINDRICAL_SURFACE ( 'NONE', #5462, 0.02500000000000009200 ) ;
#8433 = CARTESIAN_POINT ( 'NONE',  ( -0.6899999999999999500, 1.000000000000000000, -0.1499999999999999100 ) ) ;
#8434 = AXIS2_PLACEMENT_3D ( 'NONE', #1043, #7572, #2876 ) ;
#8435 = PRESENTATION_LAYER_ASSIGNMENT (  '', '', ( #5886 ) ) ;
#8436 = CARTESIAN_POINT ( 'NONE',  ( 0.6438346082688658500, 0.2917539997509175900, 0.6774909287209022200 ) ) ;
#8437 = CARTESIAN_POINT ( 'NONE',  ( 0.5861111111111110300, 0.02166666666666649000, 0.7765044641500696800 ) ) ;
#8438 = EDGE_LOOP ( 'NONE', ( #10140, #7171, #10574, #11370 ) ) ;
#8439 = DIRECTION ( 'NONE',  ( 0.0000000000000000000, 0.0000000000000000000, 1.000000000000000000 ) ) ;
#8440 = CARTESIAN_POINT ( 'NONE',  ( -0.5000000000000000000, 0.9499999999999999600, 0.1000000000000000500 ) ) ;
#8441 = CIRCLE ( 'NONE', #29, 0.008333333333333465100 ) ;
#8442 = EDGE_CURVE ( 'NONE', #3299, #5647, #1908, .T. ) ;
#8443 = PLANE ( 'NONE',  #12171 ) ;
#8444 = DIRECTION ( 'NONE',  ( -1.000000000000000000, 0.0000000000000000000, 1.790425605939364900E-016 ) ) ;
#8445 = DIRECTION ( 'NONE',  ( 1.000000000000000000, 0.0000000000000000000, -5.918954667815146000E-016 ) ) ;
#8446 = DIRECTION ( 'NONE',  ( -1.000000000000000000, 0.0000000000000000000, 0.0000000000000000000 ) ) ;
#8447 = AXIS2_PLACEMENT_3D ( 'NONE', #4114, #5069, #6998 ) ;
#8448 = ADVANCED_FACE ( 'NONE', ( #10349 ), #4436, .T. ) ;
#8449 = ORIENTED_EDGE ( 'NONE', *, *, #7723, .F. ) ;
#8450 = CARTESIAN_POINT ( 'NONE',  ( -0.3100000000000000500, 1.000000000000000000, -0.1749999999999998500 ) ) ;
#8451 = CARTESIAN_POINT ( 'NONE',  ( -0.7450000000000000000, 0.8792893218813447900, -0.1749999999999999600 ) ) ;
#8452 = CARTESIAN_POINT ( 'NONE',  ( -0.6449999999999999100, 1.000000000000000000, -0.2450000000000000000 ) ) ;
#8453 = EDGE_CURVE ( 'NONE', #2317, #10407, #7820, .T. ) ;
#8454 = LINE ( 'NONE', #7252, #11014 ) ;
#8455 = CARTESIAN_POINT ( 'NONE',  ( 0.7166666666666669000, 0.1999999999999999800, 0.7320634920634920800 ) ) ;
#8456 = ADVANCED_BREP_SHAPE_REPRESENTATION ( 'VLS201610CX-100M-1', ( #7852, #6194, #9499, #6551, #4380, #3450, #11592, #3685, #543, #224, #1505, #9901, #5651, #8391, #8098, #8237, #8596, #11759, #6778, #2181, #9356, #10599, #9145, #6951, #8754, #10289, #906, #2408, #5872, #5147, #4217, #16, #4607, #386, #10169 ), #10651 ) ;
#8457 = ORIENTED_EDGE ( 'NONE', *, *, #193, .F. ) ;
#8458 = DIRECTION ( 'NONE',  ( 0.0000000000000000000, 1.000000000000000000, 0.0000000000000000000 ) ) ;
#8459 = ORIENTED_EDGE ( 'NONE', *, *, #1576, .F. ) ;
#8460 = DIRECTION ( 'NONE',  ( 0.0000000000000000000, 0.0000000000000000000, 1.000000000000000000 ) ) ;
#8461 = DIRECTION ( 'NONE',  ( 1.000000000000000000, 0.0000000000000000000, 0.0000000000000000000 ) ) ;
#8462 = FILL_AREA_STYLE_COLOUR ( '', #10300 ) ;
#8463 = AXIS2_PLACEMENT_3D ( 'NONE', #3204, #6798, #222 ) ;
#8464 = ORIENTED_EDGE ( 'NONE', *, *, #9406, .F. ) ;
#8465 = ORIENTED_EDGE ( 'NONE', *, *, #5063, .T. ) ;
#8466 = EDGE_CURVE ( 'NONE', #400, #1378, #1482, .T. ) ;
#8467 = CARTESIAN_POINT ( 'NONE',  ( 0.6416666666666661600, 0.2833333333333329900, 0.6814466309102998900 ) ) ;
#8468 = DIRECTION ( 'NONE',  ( 0.0000000000000000000, 0.0000000000000000000, -1.000000000000000000 ) ) ;
#8469 = EDGE_CURVE ( 'NONE', #7616, #3299, #9149, .T. ) ;
#8470 = AXIS2_PLACEMENT_3D ( 'NONE', #8293, #4550, #10084 ) ;
#8471 = ORIENTED_EDGE ( 'NONE', *, *, #6144, .T. ) ;
#8472 = CARTESIAN_POINT ( 'NONE',  ( 0.6083333333333331700, 0.005000000000000001800, 0.7525438349425659400 ) ) ;
#8473 = VERTEX_POINT ( 'NONE', #6275 ) ;
#8474 = ORIENTED_EDGE ( 'NONE', *, *, #4992, .T. ) ;
#8475 = DIRECTION ( 'NONE',  ( 0.0000000000000000000, 0.0000000000000000000, 1.000000000000000000 ) ) ;
#8476 = CARTESIAN_POINT ( 'NONE',  ( -0.2549999999999999500, 0.9499999999999999600, 0.1499999999999999700 ) ) ;
#8477 = VECTOR ( 'NONE', #11170, 1000.000000000000000 ) ;
#8478 = STYLED_ITEM ( 'NONE', ( #1784 ), #11592 ) ;
#8479 = VERTEX_POINT ( 'NONE', #642 ) ;
#8480 = EDGE_LOOP ( 'NONE', ( #1385, #12013 ) ) ;
#8481 = ORIENTED_EDGE ( 'NONE', *, *, #11109, .T. ) ;
#8482 = ORIENTED_EDGE ( 'NONE', *, *, #967, .F. ) ;
#8483 = DIRECTION ( 'NONE',  ( 0.0000000000000000000, 0.0000000000000000000, 1.000000000000000000 ) ) ;
#8484 = DIRECTION ( 'NONE',  ( 0.0000000000000000000, 0.0000000000000000000, 1.000000000000000000 ) ) ;
#8485 = CYLINDRICAL_SURFACE ( 'NONE', #5630, 0.02500000000000002900 ) ;
#8486 = CARTESIAN_POINT ( 'NONE',  ( -0.5000000000000000000, 0.9499999999999999600, -0.09999999999999993600 ) ) ;
#8487 = PLANE ( 'NONE',  #6766 ) ;
#8488 = CARTESIAN_POINT ( 'NONE',  ( -0.3999999999999999700, 0.9499999999999999600, 0.07500000000000005300 ) ) ;
#8489 = AXIS2_PLACEMENT_3D ( 'NONE', #3529, #11065, #10170 ) ;
#8490 = EDGE_CURVE ( 'NONE', #7129, #2174, #5023, .T. ) ;
#8491 = VERTEX_POINT ( 'NONE', #7236 ) ;
#8492 = DIRECTION ( 'NONE',  ( 0.0000000000000000000, 1.000000000000000000, 0.0000000000000000000 ) ) ;
#8493 = ORIENTED_EDGE ( 'NONE', *, *, #10868, .T. ) ;
#8494 = VERTEX_POINT ( 'NONE', #8270 ) ;
#8495 = EDGE_LOOP ( 'NONE', ( #10571, #1438, #7900, #3358 ) ) ;
#8496 = ORIENTED_EDGE ( 'NONE', *, *, #10047, .T. ) ;
#8497 = FACE_OUTER_BOUND ( 'NONE', #4368, .T. ) ;
#8498 = ADVANCED_FACE ( 'NONE', ( #2059 ), #11950, .T. ) ;
#8499 = FACE_OUTER_BOUND ( 'NONE', #3327, .T. ) ;
#8500 = EDGE_CURVE ( 'NONE', #4227, #2864, #6338, .T. ) ;
#8501 = VERTEX_POINT ( 'NONE', #11070 ) ;
#8502 = DIRECTION ( 'NONE',  ( 0.0000000000000000000, 1.000000000000000000, 0.0000000000000000000 ) ) ;
#8503 = ORIENTED_EDGE ( 'NONE', *, *, #533, .T. ) ;
#8504 = DIRECTION ( 'NONE',  ( -0.0000000000000000000, -1.000000000000000000, 0.0000000000000000000 ) ) ;
#8505 =( GEOMETRIC_REPRESENTATION_CONTEXT ( 3 ) GLOBAL_UNCERTAINTY_ASSIGNED_CONTEXT ( ( #3519 ) ) GLOBAL_UNIT_ASSIGNED_CONTEXT ( ( #9864, #3274, #6149 ) ) REPRESENTATION_CONTEXT ( 'NONE', 'WORKASPACE' ) );
#8506 = VERTEX_POINT ( 'NONE', #5352 ) ;
#8507 = EDGE_LOOP ( 'NONE', ( #4620, #6005, #11790, #3787 ) ) ;
#8508 = DIRECTION ( 'NONE',  ( 0.0000000000000000000, 0.0000000000000000000, 1.000000000000000000 ) ) ;
#8509 = VECTOR ( 'NONE', #8683, 1000.000000000000000 ) ;
#8510 = CARTESIAN_POINT ( 'NONE',  ( 0.6249999999999995600, 0.1777777777777776700, 0.7833333333333335500 ) ) ;
#8511 = CIRCLE ( 'NONE', #1301, 0.02499999999999998400 ) ;
#8512 = CIRCLE ( 'NONE', #4276, 0.02222222222222198000 ) ;
#8513 = ADVANCED_FACE ( 'NONE', ( #12173 ), #9591, .F. ) ;
#8514 = CARTESIAN_POINT ( 'NONE',  ( -0.6449999999999999100, 1.000000000000000000, -0.2200000000000001400 ) ) ;
#8515 = ORIENTED_EDGE ( 'NONE', *, *, #2101, .T. ) ;
#8516 = EDGE_LOOP ( 'NONE', ( #959, #7686 ) ) ;
#8517 = ORIENTED_EDGE ( 'NONE', *, *, #4440, .F. ) ;
#8518 = DIRECTION ( 'NONE',  ( -5.918954667815146000E-016, 0.0000000000000000000, -1.000000000000000000 ) ) ;
#8519 = CARTESIAN_POINT ( 'NONE',  ( -0.6925000000000000000, 0.9499999999999999600, 8.131516293641283300E-017 ) ) ;
#8520 = ORIENTED_EDGE ( 'NONE', *, *, #4327, .T. ) ;
#8521 = EDGE_CURVE ( 'NONE', #11955, #11963, #3813, .T. ) ;
#8522 = EDGE_CURVE ( 'NONE', #5126, #1954, #11752, .T. ) ;
#8523 = EDGE_LOOP ( 'NONE', ( #4769, #1967, #7228, #9213 ) ) ;
#8524 = CIRCLE ( 'NONE', #9392, 0.04444444444444439100 ) ;
#8525 = CARTESIAN_POINT ( 'NONE',  ( -0.7874999999999999800, 1.000000000000000000, 8.131516293641283300E-017 ) ) ;
#8526 = LINE ( 'NONE', #10718, #5588 ) ;
#8527 = CARTESIAN_POINT ( 'NONE',  ( 0.7161790362671082200, 0.1999999999999999800, 0.7671281294207348300 ) ) ;
#8528 = AXIS2_PLACEMENT_3D ( 'NONE', #8433, #4721, #4671 ) ;
#8529 = CARTESIAN_POINT ( 'NONE',  ( -0.7450000000000000000, 1.000000000000000000, -0.1249999999999998300 ) ) ;
#8530 = ORIENTED_EDGE ( 'NONE', *, *, #11318, .F. ) ;
#8531 = EDGE_LOOP ( 'NONE', ( #7607, #3202, #3747, #8222 ) ) ;
#8532 = DIRECTION ( 'NONE',  ( 0.0000000000000000000, -1.000000000000000000, 0.0000000000000000000 ) ) ;
#8533 = CARTESIAN_POINT ( 'NONE',  ( 0.7638888888888885100, 0.1777777777777780100, 0.7765079365079360400 ) ) ;
#8534 = CARTESIAN_POINT ( 'NONE',  ( -0.6900000000000000600, 0.9499999999999999600, 0.1499999999999999700 ) ) ;
#8535 = CARTESIAN_POINT ( 'NONE',  ( 0.3499999999999999200, 0.1899999999999999700, -0.7777777777777780100 ) ) ;
#8536 = EDGE_LOOP ( 'NONE', ( #4959, #2867, #6004, #7020 ) ) ;
#8537 = CARTESIAN_POINT ( 'NONE',  ( -0.3549999999999999800, 0.9499999999999999600, 0.2450000000000001100 ) ) ;
#8538 = AXIS2_PLACEMENT_3D ( 'NONE', #2701, #9267, #3635 ) ;
#8539 = DIRECTION ( 'NONE',  ( -1.000000000000000000, 0.0000000000000000000, 0.0000000000000000000 ) ) ;
#8540 = SURFACE_STYLE_FILL_AREA ( #1386 ) ;
#8541 = DIRECTION ( 'NONE',  ( -1.000000000000000000, -0.0000000000000000000, -0.0000000000000000000 ) ) ;
#8542 = CIRCLE ( 'NONE', #3964, 0.02499999999999995600 ) ;
#8543 = LINE ( 'NONE', #5274, #4718 ) ;
#8544 = EDGE_CURVE ( 'NONE', #8331, #6235, #10878, .T. ) ;
#8545 = EDGE_LOOP ( 'NONE', ( #9972, #7197, #6151, #5692 ) ) ;
#8546 = ORIENTED_EDGE ( 'NONE', *, *, #9570, .F. ) ;
#8547 = AXIS2_PLACEMENT_3D ( 'NONE', #1134, #3893, #9683 ) ;
#8548 = CARTESIAN_POINT ( 'NONE',  ( -0.3100000000000000000, 1.000000000000000000, 0.1749999999999999100 ) ) ;
#8549 = CIRCLE ( 'NONE', #8844, 0.02499999999999984900 ) ;
#8550 = VECTOR ( 'NONE', #5224, 1000.000000000000000 ) ;
#8551 = CARTESIAN_POINT ( 'NONE',  ( -0.7874999999999999800, 0.8792893218813447900, -0.02500000000000000100 ) ) ;
#8552 = DIRECTION ( 'NONE',  ( 0.0000000000000000000, 1.000000000000000000, 0.0000000000000000000 ) ) ;
#8553 = CIRCLE ( 'NONE', #5336, 0.02499999999999984900 ) ;
#8554 = ORIENTED_EDGE ( 'NONE', *, *, #6846, .F. ) ;
#8555 = DIRECTION ( 'NONE',  ( -0.0000000000000000000, 1.000000000000000000, -0.0000000000000000000 ) ) ;
#8556 = AXIS2_PLACEMENT_3D ( 'NONE', #10340, #4664, #4779 ) ;
#8557 = CARTESIAN_POINT ( 'NONE',  ( -0.3499999999999997000, 0.1899999999999999700, -0.7777777777777780100 ) ) ;
#8558 = DIRECTION ( 'NONE',  ( 0.0000000000000000000, 0.0000000000000000000, 1.000000000000000000 ) ) ;
#8559 = EDGE_CURVE ( 'NONE', #5096, #400, #11263, .T. ) ;
#8560 = DIRECTION ( 'NONE',  ( 1.000000000000000000, 0.0000000000000000000, -6.505213034913026600E-016 ) ) ;
#8561 = PLANE ( 'NONE',  #7965 ) ;
#8562 = VECTOR ( 'NONE', #7045, 1000.000000000000000 ) ;
#8563 = CARTESIAN_POINT ( 'NONE',  ( -0.6925000000000000000, 0.9499999999999999600, -0.02499999999999977600 ) ) ;
#8564 = VECTOR ( 'NONE', #8423, 1000.000000000000000 ) ;
#8565 = ADVANCED_FACE ( 'NONE', ( #4126 ), #10981, .T. ) ;
#8566 = LINE ( 'NONE', #12269, #4923 ) ;
#8567 = AXIS2_PLACEMENT_3D ( 'NONE', #7297, #2756, #4545 ) ;
#8568 = EDGE_CURVE ( 'NONE', #11660, #10006, #11868, .T. ) ;
#8569 = CARTESIAN_POINT ( 'NONE',  ( -0.5000000000000000000, 0.9499999999999999600, -0.2649999999999999000 ) ) ;
#8570 = VECTOR ( 'NONE', #3412, 1000.000000000000000 ) ;
#8571 = DIRECTION ( 'NONE',  ( 0.0000000000000000000, 1.000000000000000000, 0.0000000000000000000 ) ) ;
#8572 = AXIS2_PLACEMENT_3D ( 'NONE', #11832, #6071, #5061 ) ;
#8573 = DIRECTION ( 'NONE',  ( 0.0000000000000000000, 0.0000000000000000000, 1.000000000000000000 ) ) ;
#8574 = CARTESIAN_POINT ( 'NONE',  ( 0.6249999999999995600, 0.1777777777777776700, 0.7777777777777780100 ) ) ;
#8575 = LINE ( 'NONE', #3916, #10360 ) ;
#8576 = CARTESIAN_POINT ( 'NONE',  ( -0.7450000000000000000, 0.9499999999999999600, -0.1749999999999999600 ) ) ;
#8577 = CARTESIAN_POINT ( 'NONE',  ( 0.6416666666666661600, 0.1999999999999999800, 0.7777777777777780100 ) ) ;
#8578 = CARTESIAN_POINT ( 'NONE',  ( 0.9999999999999997800, 0.02222222222222208800, -0.7555555555555557600 ) ) ;
#8579 = VECTOR ( 'NONE', #8124, 1000.000000000000000 ) ;
#8580 = CARTESIAN_POINT ( 'NONE',  ( -0.7250000000000000900, 0.02222222222222176900, 0.7777777777777780100 ) ) ;
#8581 = DIRECTION ( 'NONE',  ( 0.0000000000000000000, 0.0000000000000000000, 1.000000000000000000 ) ) ;
#8582 = ADVANCED_FACE ( 'NONE', ( #611 ), #8431, .T. ) ;
#8583 = FACE_OUTER_BOUND ( 'NONE', #1477, .T. ) ;
#8584 = VECTOR ( 'NONE', #10760, 1000.000000000000000 ) ;
#8585 = DIRECTION ( 'NONE',  ( 0.0000000000000000000, 1.000000000000000000, -0.0000000000000000000 ) ) ;
#8586 = DIRECTION ( 'NONE',  ( -1.000000000000000000, -0.0000000000000000000, -0.0000000000000000000 ) ) ;
#8587 = DIRECTION ( 'NONE',  ( 1.000000000000000000, 0.0000000000000000000, 0.0000000000000000000 ) ) ;
#8588 = CYLINDRICAL_SURFACE ( 'NONE', #3098, 0.02500000000000008100 ) ;
#8589 = CARTESIAN_POINT ( 'NONE',  ( -0.9777777777777777500, 0.1999999999999999800, 0.0000000000000000000 ) ) ;
#8590 = EDGE_CURVE ( 'NONE', #1525, #9070, #11845, .T. ) ;
#8591 = ORIENTED_EDGE ( 'NONE', *, *, #332, .T. ) ;
#8592 = CARTESIAN_POINT ( 'NONE',  ( 0.7014822838967042000, 0.2999999999999999900, 0.7141340912826147400 ) ) ;
#8593 = DIRECTION ( 'NONE',  ( 0.0000000000000000000, 1.000000000000000000, 0.0000000000000000000 ) ) ;
#8594 = DIRECTION ( 'NONE',  ( 0.0000000000000000000, 0.0000000000000000000, 1.000000000000000000 ) ) ;
#8595 = PRESENTATION_LAYER_ASSIGNMENT (  '', '', ( #10513 ) ) ;
#8596 = MANIFOLD_SOLID_BREP ( 'Boss-Extrude4[13]', #8830 ) ;
#8597 = DIRECTION ( 'NONE',  ( 0.0000000000000000000, 0.0000000000000000000, 1.000000000000000000 ) ) ;
#8598 = ORIENTED_EDGE ( 'NONE', *, *, #6637, .T. ) ;
#8599 = ORIENTED_EDGE ( 'NONE', *, *, #9105, .T. ) ;
#8600 = AXIS2_PLACEMENT_3D ( 'NONE', #2324, #8751, #8888 ) ;
#8601 = DIRECTION ( 'NONE',  ( 0.0000000000000000000, 1.000000000000000000, 0.0000000000000000000 ) ) ;
#8602 = CARTESIAN_POINT ( 'NONE',  ( -0.7111111111111138000, 0.8000000000000000400, 0.4653968253968282500 ) ) ;
#8603 = CARTESIAN_POINT ( 'NONE',  ( 0.9555555555555553800, 0.9777777777777779700, -0.7555555555555557600 ) ) ;
#8604 = CARTESIAN_POINT ( 'NONE',  ( 0.6249999999999995600, 0.1777777777777776700, 0.8000000000000000400 ) ) ;
#8605 = CARTESIAN_POINT ( 'NONE',  ( 0.7575804675666804000, 0.1922562464956353900, 0.7497100306319443000 ) ) ;
#8606 = SURFACE_SIDE_STYLE ('',( #12145 ) ) ;
#8607 = CIRCLE ( 'NONE', #11001, 0.5000000000000000000 ) ;
#8608 = DIRECTION ( 'NONE',  ( 0.0000000000000000000, 0.0000000000000000000, 1.000000000000000000 ) ) ;
#8609 = EDGE_CURVE ( 'NONE', #9259, #5225, #7768, .T. ) ;
#8610 = CARTESIAN_POINT ( 'NONE',  ( -0.7450000000000000000, 0.9499999999999999600, -0.1499999999999999100 ) ) ;
#8611 = CARTESIAN_POINT ( 'NONE',  ( -0.6899999999999999500, 0.9499999999999999600, -0.1499999999999999100 ) ) ;
#8612 = ORIENTED_EDGE ( 'NONE', *, *, #7825, .T. ) ;
#8613 = CARTESIAN_POINT ( 'NONE',  ( -0.6107331496814513100, 0.01283064546053252700, 0.7713969990591339500 ) ) ;
#8614 = DIRECTION ( 'NONE',  ( 0.0000000000000000000, 1.000000000000000000, 0.0000000000000000000 ) ) ;
#8615 = EDGE_LOOP ( 'NONE', ( #3581, #8134, #2658 ) ) ;
#8616 = ORIENTED_EDGE ( 'NONE', *, *, #1703, .F. ) ;
#8617 = CARTESIAN_POINT ( 'NONE',  ( -0.4499999999999999600, 0.9499999999999999600, 0.1950000000000000600 ) ) ;
#8618 = ADVANCED_FACE ( 'NONE', ( #5613 ), #9581, .F. ) ;
#8619 = CARTESIAN_POINT ( 'NONE',  ( 0.6338283654801480900, 0.2000110566264085600, 0.7320551988820864800 ) ) ;
#8620 = VERTEX_POINT ( 'NONE', #11589 ) ;
#8621 = AXIS2_PLACEMENT_3D ( 'NONE', #11688, #6227, #8109 ) ;
#8622 = EDGE_LOOP ( 'NONE', ( #4942, #11838, #10555, #7963 ) ) ;
#8623 = AXIS2_PLACEMENT_3D ( 'NONE', #11268, #874, #11292 ) ;
#8624 = ORIENTED_EDGE ( 'NONE', *, *, #5753, .T. ) ;
#8625 = CARTESIAN_POINT ( 'NONE',  ( 0.6991305524767565900, 0.2982352857688939700, 0.6745801589340325600 ) ) ;
#8626 = VERTEX_POINT ( 'NONE', #6935 ) ;
#8627 = EDGE_CURVE ( 'NONE', #7165, #12254, #468, .T. ) ;
#8628 = DIRECTION ( 'NONE',  ( 1.000000000000000000, -0.0000000000000000000, 2.220570119199817400E-016 ) ) ;
#8629 = DIRECTION ( 'NONE',  ( 0.0000000000000000000, 1.000000000000000000, 0.0000000000000000000 ) ) ;
#8630 = VECTOR ( 'NONE', #6541, 1000.000000000000000 ) ;
#8631 = AXIS2_PLACEMENT_3D ( 'NONE', #7692, #7828, #2083 ) ;
#8632 = CARTESIAN_POINT ( 'NONE',  ( -0.9555555555555553800, 1.000000000000000000, -0.7777777777777779000 ) ) ;
#8633 = VERTEX_POINT ( 'NONE', #8709 ) ;
#8634 = DIRECTION ( 'NONE',  ( 0.0000000000000000000, 1.000000000000000000, 0.0000000000000000000 ) ) ;
#8635 = ORIENTED_EDGE ( 'NONE', *, *, #9175, .F. ) ;
#8636 = ADVANCED_FACE ( 'NONE', ( #1328 ), #1873, .F. ) ;
#8637 = ORIENTED_EDGE ( 'NONE', *, *, #11276, .T. ) ;
#8638 = ORIENTED_EDGE ( 'NONE', *, *, #7299, .T. ) ;
#8639 = CARTESIAN_POINT ( 'NONE',  ( -0.6583333333333331000, 0.2950819672131146400, 0.7216981796386450200 ) ) ;
#8640 = DIRECTION ( 'NONE',  ( -1.000000000000000000, 4.878909776184822800E-015, 4.878909776184822800E-015 ) ) ;
#8641 = ORIENTED_EDGE ( 'NONE', *, *, #8407, .F. ) ;
#8642 = ORIENTED_EDGE ( 'NONE', *, *, #1332, .T. ) ;
#8643 = AXIS2_PLACEMENT_3D ( 'NONE', #12096, #816, #6372 ) ;
#8644 = DIRECTION ( 'NONE',  ( 0.0000000000000000000, 0.0000000000000000000, 1.000000000000000000 ) ) ;
#8645 = VECTOR ( 'NONE', #11037, 1000.000000000000000 ) ;
#8646 = ORIENTED_EDGE ( 'NONE', *, *, #4412, .T. ) ;
#8647 = VERTEX_POINT ( 'NONE', #5799 ) ;
#8648 = DIRECTION ( 'NONE',  ( -0.0000000000000000000, -1.000000000000000000, -0.0000000000000000000 ) ) ;
#8649 = DIRECTION ( 'NONE',  ( 0.0000000000000000000, 0.0000000000000000000, 1.000000000000000000 ) ) ;
#8650 = ORIENTED_EDGE ( 'NONE', *, *, #2672, .T. ) ;
#8651 = ORIENTED_EDGE ( 'NONE', *, *, #6587, .F. ) ;
#8652 = CARTESIAN_POINT ( 'NONE',  ( 0.7638860233931119600, 0.1871536021859581700, 0.7532801439165134300 ) ) ;
#8653 = DIRECTION ( 'NONE',  ( 0.0000000000000000000, 0.0000000000000000000, 1.000000000000000000 ) ) ;
#8654 = ORIENTED_EDGE ( 'NONE', *, *, #5450, .F. ) ;
#8655 = FACE_OUTER_BOUND ( 'NONE', #6553, .T. ) ;
#8656 = CARTESIAN_POINT ( 'NONE',  ( -0.9999999999999997800, 0.1777777777777780100, -0.7999999999999999300 ) ) ;
#8657 = AXIS2_PLACEMENT_3D ( 'NONE', #6236, #10058, #7273 ) ;
#8658 = ADVANCED_FACE ( 'NONE', ( #7667 ), #10497, .F. ) ;
#8659 = CARTESIAN_POINT ( 'NONE',  ( -0.3100000000000000000, 0.8792893218813447900, 0.1250000000000000000 ) ) ;
#8660 = DIRECTION ( 'NONE',  ( 1.000000000000000000, 0.0000000000000000000, -1.084202172485504400E-016 ) ) ;
#8661 = COLOUR_RGB ( '',0.7921568627450980000, 0.8196078431372548800, 0.9333333333333333500 ) ;
#8662 = DIRECTION ( 'NONE',  ( 0.0000000000000000000, 0.0000000000000000000, 1.000000000000000000 ) ) ;
#8663 = EDGE_LOOP ( 'NONE', ( #6517, #7448 ) ) ;
#8664 = AXIS2_PLACEMENT_3D ( 'NONE', #8762, #3099, #5025 ) ;
#8665 = CARTESIAN_POINT ( 'NONE',  ( 0.6583333333333332100, 0.3000000000000000400, 0.7194884916631644200 ) ) ;
#8666 = ORIENTED_EDGE ( 'NONE', *, *, #9037, .F. ) ;
#8667 =( NAMED_UNIT ( * ) PLANE_ANGLE_UNIT ( ) SI_UNIT ( $, .RADIAN. ) );
#8668 = ORIENTED_EDGE ( 'NONE', *, *, #128, .F. ) ;
#8669 = DIRECTION ( 'NONE',  ( 0.0000000000000000000, 0.0000000000000000000, -1.000000000000000000 ) ) ;
#8670 = FACE_BOUND ( 'NONE', #11378, .T. ) ;
#8671 = EDGE_CURVE ( 'NONE', #6734, #2282, #10656, .T. ) ;
#8672 = CYLINDRICAL_SURFACE ( 'NONE', #5946, 0.02222222222222208800 ) ;
#8673 = DIRECTION ( 'NONE',  ( 0.0000000000000000000, 0.0000000000000000000, 1.000000000000000000 ) ) ;
#8674 = LINE ( 'NONE', #3533, #8997 ) ;
#8675 = EDGE_LOOP ( 'NONE', ( #11196, #9974 ) ) ;
#8676 = CARTESIAN_POINT ( 'NONE',  ( -0.5892046264737087500, 0.01433609924451882500, 0.7528423365590866100 ) ) ;
#8677 = ORIENTED_EDGE ( 'NONE', *, *, #7031, .F. ) ;
#8678 = CARTESIAN_POINT ( 'NONE',  ( -0.6899999999999999500, 0.8792893218813447900, -0.1749999999999997700 ) ) ;
#8679 = AXIS2_PLACEMENT_3D ( 'NONE', #9437, #6583, #8653 ) ;
#8680 = ORIENTED_EDGE ( 'NONE', *, *, #4795, .F. ) ;
#8681 = CARTESIAN_POINT ( 'NONE',  ( -0.5000000000000000000, 0.9499999999999999600, -0.09999999999999993600 ) ) ;
#8682 = VECTOR ( 'NONE', #11824, 1000.000000000000000 ) ;
#8683 = DIRECTION ( 'NONE',  ( -0.0000000000000000000, -0.0000000000000000000, -1.000000000000000000 ) ) ;
#8684 = DIRECTION ( 'NONE',  ( 0.0000000000000000000, -0.0000000000000000000, 1.000000000000000000 ) ) ;
#8685 = PLANE ( 'NONE',  #6253 ) ;
#8686 = CIRCLE ( 'NONE', #5423, 0.2666666666666638900 ) ;
#8687 = EDGE_LOOP ( 'NONE', ( #9233, #9093, #11186, #11436 ) ) ;
#8688 = CARTESIAN_POINT ( 'NONE',  ( -0.4500000000000000100, 1.000000000000000000, -0.1699999999999998500 ) ) ;
#8689 = EDGE_LOOP ( 'NONE', ( #231, #1584 ) ) ;
#8690 = ADVANCED_FACE ( 'NONE', ( #11867 ), #8143, .F. ) ;
#8691 = EDGE_CURVE ( 'NONE', #9355, #10308, #3522, .T. ) ;
#8692 = DIRECTION ( 'NONE',  ( 1.000000000000000000, -0.0000000000000000000, -1.084202172485504800E-016 ) ) ;
#8693 = CIRCLE ( 'NONE', #7914, 0.02499999999999990400 ) ;
#8694 = CARTESIAN_POINT ( 'NONE',  ( -0.4500000000000000100, 0.9499999999999999600, -0.1949999999999999500 ) ) ;
#8695 = CARTESIAN_POINT ( 'NONE',  ( -0.3075000000000000500, 0.8792893218813447900, 8.131516293641283300E-017 ) ) ;
#8696 = FACE_OUTER_BOUND ( 'NONE', #1094, .T. ) ;
#8697 = CARTESIAN_POINT ( 'NONE',  ( -0.7874999999999999800, 0.9499999999999999600, 8.131516293641283300E-017 ) ) ;
#8698 = ORIENTED_EDGE ( 'NONE', *, *, #5214, .T. ) ;
#8699 = AXIS2_PLACEMENT_3D ( 'NONE', #7795, #3080, #9695 ) ;
#8700 = DIRECTION ( 'NONE',  ( 0.0000000000000000000, 1.000000000000000000, 0.0000000000000000000 ) ) ;
#8701 = CARTESIAN_POINT ( 'NONE',  ( -0.5000000000000000000, 0.9499999999999999600, 5.421010862427522200E-017 ) ) ;
#8702 = ADVANCED_FACE ( 'NONE', ( #6045 ), #5475, .T. ) ;
#8703 =( NAMED_UNIT ( * ) PLANE_ANGLE_UNIT ( ) SI_UNIT ( $, .RADIAN. ) );
#8704 = FACE_OUTER_BOUND ( 'NONE', #3, .T. ) ;
#8705 = VECTOR ( 'NONE', #2689, 1000.000000000000000 ) ;
#8706 = EDGE_CURVE ( 'NONE', #8848, #5964, #6199, .T. ) ;
#8707 = CIRCLE ( 'NONE', #7376, 0.02222222222222198000 ) ;
#8708 = FACE_OUTER_BOUND ( 'NONE', #3454, .T. ) ;
#8709 = CARTESIAN_POINT ( 'NONE',  ( 0.9777777777777777500, 0.8000000000000000400, -0.5111111111111147400 ) ) ;
#8710 = AXIS2_PLACEMENT_3D ( 'NONE', #2038, #7778, #8724 ) ;
#8711 = SURFACE_STYLE_USAGE ( .BOTH. , #5968 ) ;
#8712 = CARTESIAN_POINT ( 'NONE',  ( -0.7083333333333332600, 0.2833333333333330500, 0.7179317890670646700 ) ) ;
#8713 = CARTESIAN_POINT ( 'NONE',  ( 0.6583333333333331000, 0.2999999999999997100, 0.6738059225679082800 ) ) ;
#8714 = FACE_OUTER_BOUND ( 'NONE', #3448, .T. ) ;
#8715 = FACE_OUTER_BOUND ( 'NONE', #7435, .T. ) ;
#8716 = AXIS2_PLACEMENT_3D ( 'NONE', #1776, #3613, #4553 ) ;
#8717 = CARTESIAN_POINT ( 'NONE',  ( -0.6583333333333331000, 0.2950819672131146400, 0.7216981796386449100 ) ) ;
#8718 = ADVANCED_FACE ( 'NONE', ( #1770 ), #2058, .F. ) ;
#8719 = DIRECTION ( 'NONE',  ( 0.0000000000000000000, 0.0000000000000000000, 1.000000000000000000 ) ) ;
#8720 =( LENGTH_UNIT ( ) NAMED_UNIT ( * ) SI_UNIT ( .MILLI., .METRE. ) );
#8721 = CARTESIAN_POINT ( 'NONE',  ( 0.6405787936121414300, 0.1999999999999999300, 0.7703828965943050300 ) ) ;
#8722 = DIRECTION ( 'NONE',  ( -1.000000000000000000, 0.0000000000000000000, 0.0000000000000000000 ) ) ;
#8723 = ORIENTED_EDGE ( 'NONE', *, *, #6970, .F. ) ;
#8724 = DIRECTION ( 'NONE',  ( 0.0000000000000000000, 0.0000000000000000000, -1.000000000000000000 ) ) ;
#8725 = CYLINDRICAL_SURFACE ( 'NONE', #1514, 0.02222222222222252100 ) ;
#8726 = AXIS2_PLACEMENT_3D ( 'NONE', #8902, #7903, #9929 ) ;
#8727 = EDGE_CURVE ( 'NONE', #4399, #11986, #10348, .T. ) ;
#8729 = FACE_OUTER_BOUND ( 'NONE', #5522, .T. ) ;
#8728 = CARTESIAN_POINT ( 'NONE',  ( -0.3075000000000000500, 1.000000000000000000, 8.131516293641283300E-017 ) ) ;
#8730 = AXIS2_PLACEMENT_3D ( 'NONE', #6239, #1545, #5547 ) ;
#8731 = DIRECTION ( 'NONE',  ( 0.0000000000000000000, 1.000000000000000000, 0.0000000000000000000 ) ) ;
#8732 = CARTESIAN_POINT ( 'NONE',  ( -0.7450000000000000000, 1.000000000000000000, -0.1249999999999998300 ) ) ;
#8733 = CARTESIAN_POINT ( 'NONE',  ( 0.7250000000000000900, 0.1833333333333334600, 0.7777777777777780100 ) ) ;
#8734 = VERTEX_POINT ( 'NONE', #516 ) ;
#8735 = DIRECTION ( 'NONE',  ( 1.000000000000000000, -0.0000000000000000000, -0.0000000000000000000 ) ) ;
#8736 = EDGE_CURVE ( 'NONE', #5266, #2553, #2660, .T. ) ;
#8737 = CARTESIAN_POINT ( 'NONE',  ( 0.6583333333333331000, 0.2950819672131146400, 0.7216981796386449100 ) ) ;
#8738 = DIRECTION ( 'NONE',  ( 0.0000000000000000000, 0.0000000000000000000, 1.000000000000000000 ) ) ;
#8739 = ADVANCED_FACE ( 'NONE', ( #1021 ), #6095, .F. ) ;
#8740 = AXIS2_PLACEMENT_3D ( 'NONE', #8915, #6191, #10946 ) ;
#8741 = CARTESIAN_POINT ( 'NONE',  ( -0.7050297884457904500, 0.2044187433149326200, 0.7724091971811181100 ) ) ;
#8742 = SURFACE_STYLE_USAGE ( .BOTH. , #7798 ) ;
#8743 = CIRCLE ( 'NONE', #4909, 0.02500000000000007800 ) ;
#8744 = ORIENTED_EDGE ( 'NONE', *, *, #7557, .F. ) ;
#8745 = ORIENTED_EDGE ( 'NONE', *, *, #5507, .F. ) ;
#8746 = DIRECTION ( 'NONE',  ( 0.0000000000000000000, 1.000000000000000000, 0.0000000000000000000 ) ) ;
#8747 = CARTESIAN_POINT ( 'NONE',  ( -0.6117368507290129600, 0.003593612629739381700, 0.7442341812418460400 ) ) ;
#8748 = DIRECTION ( 'NONE',  ( -1.000000000000000000, 0.0000000000000000000, 1.790425605939365100E-016 ) ) ;
#8749 = DIRECTION ( 'NONE',  ( 1.000000000000000000, 0.0000000000000000000, 0.0000000000000000000 ) ) ;
#8750 = EDGE_CURVE ( 'NONE', #2453, #3347, #3970, .T. ) ;
#8751 = DIRECTION ( 'NONE',  ( -0.0000000000000000000, -1.000000000000000000, -0.0000000000000000000 ) ) ;
#8752 = EDGE_CURVE ( 'NONE', #11025, #6221, #10212, .T. ) ;
#8753 = CARTESIAN_POINT ( 'NONE',  ( -0.7416666666666664700, 0.02222222222222176900, 0.7833333333333335500 ) ) ;
#8754 = MANIFOLD_SOLID_BREP ( 'Boss-Extrude4[21]', #717 ) ;
#8755 = CARTESIAN_POINT ( 'NONE',  ( -0.7336575075460978200, 0.006848745862867129100, 0.7606310984866864200 ) ) ;
#8756 = ORIENTED_EDGE ( 'NONE', *, *, #10901, .T. ) ;
#8757 = ADVANCED_FACE ( 'NONE', ( #8418 ), #10979, .T. ) ;
#8758 = CARTESIAN_POINT ( 'NONE',  ( -0.7450000000000000000, 0.8792893218813447900, 0.1499999999999999700 ) ) ;
#8759 = CARTESIAN_POINT ( 'NONE',  ( 0.9555555555555551600, 0.1899999999999999700, -0.7777777777777780100 ) ) ;
#8760 = DIRECTION ( 'NONE',  ( 1.000000000000000000, -0.0000000000000000000, -0.0000000000000000000 ) ) ;
#8761 = AXIS2_PLACEMENT_3D ( 'NONE', #5598, #11352, #4733 ) ;
#8762 = CARTESIAN_POINT ( 'NONE',  ( -0.6925000000000000000, 0.9499999999999999600, 8.131516293641283300E-017 ) ) ;
#8763 = ORIENTED_EDGE ( 'NONE', *, *, #4992, .F. ) ;
#8764 = AXIS2_PLACEMENT_3D ( 'NONE', #11438, #1802, #8416 ) ;
#8765 = DIRECTION ( 'NONE',  ( 0.0000000000000000000, 1.000000000000000000, 0.0000000000000000000 ) ) ;
#8766 = ORIENTED_EDGE ( 'NONE', *, *, #5980, .F. ) ;
#8767 = CARTESIAN_POINT ( 'NONE',  ( 0.9777777777777781900, 0.9777777777777779700, 0.7098412698412697200 ) ) ;
#8768 = ORIENTED_EDGE ( 'NONE', *, *, #7493, .F. ) ;
#8769 = B_SPLINE_CURVE_WITH_KNOTS ( 'NONE', 3,
 ( #9354, #7341, #3563, #10252, #1733, #9287, #4594, #914, #10168, #5495, #11229, #12154, #7454, #7415, #11149, #5526 ),
 .UNSPECIFIED., .F., .F.,
 ( 4, 3, 3, 3, 3, 4 ),
 ( 2.710505431213761100E-020, 4.227378234046783300E-006, 8.412392123085971800E-006, 1.112768140798766300E-005, 1.387017312899344900E-005, 1.459724466878054900E-005 ),
 .UNSPECIFIED. ) ;
#8770 = CARTESIAN_POINT ( 'NONE',  ( -0.6164816442866458700, 0.007237332072476146600, 0.7910068924128290700 ) ) ;
#8771 = CARTESIAN_POINT ( 'NONE',  ( 0.6416666666666661600, 0.2833333333333330500, 0.7179317890670646700 ) ) ;
#8772 = EDGE_CURVE ( 'NONE', #958, #11672, #164, .T. ) ;
#8773 = PLANE ( 'NONE',  #1529 ) ;
#8774 = ADVANCED_FACE ( 'NONE', ( #8704 ), #10825, .F. ) ;
#8775 = AXIS2_PLACEMENT_3D ( 'NONE', #11691, #2140, #1325 ) ;
#8776 = ORIENTED_EDGE ( 'NONE', *, *, #5413, .F. ) ;
#8777 = EDGE_LOOP ( 'NONE', ( #8048, #4025, #7147, #11622 ) ) ;
#8778 = ORIENTED_EDGE ( 'NONE', *, *, #9630, .F. ) ;
#8779 = CARTESIAN_POINT ( 'NONE',  ( -0.7450000000000000000, 0.8792893218813447900, -0.1249999999999998300 ) ) ;
#8780 = ORIENTED_EDGE ( 'NONE', *, *, #3212, .T. ) ;
#8781 =( LENGTH_UNIT ( ) NAMED_UNIT ( * ) SI_UNIT ( .MILLI., .METRE. ) );
#8782 = CYLINDRICAL_SURFACE ( 'NONE', #3723, 0.02500000000000009200 ) ;
#8783 = AXIS2_PLACEMENT_3D ( 'NONE', #2242, #9798, #8029 ) ;
#8784 = CARTESIAN_POINT ( 'NONE',  ( 0.9555555555555560500, 0.1999999999999999800, 0.7320634920634920800 ) ) ;
#8785 = AXIS2_PLACEMENT_3D ( 'NONE', #6801, #4957, #9709 ) ;
#8786 = ORIENTED_EDGE ( 'NONE', *, *, #1162, .T. ) ;
#8787 = ORIENTED_EDGE ( 'NONE', *, *, #8307, .F. ) ;
#8788 = CARTESIAN_POINT ( 'NONE',  ( -0.7416666666666664700, 0.1833333333333335100, 0.7320634920634921900 ) ) ;
#8789 = EDGE_CURVE ( 'NONE', #3339, #982, #4586, .T. ) ;
#8790 = ORIENTED_EDGE ( 'NONE', *, *, #4859, .T. ) ;
#8791 = ORIENTED_EDGE ( 'NONE', *, *, #600, .F. ) ;
#8792 = DIRECTION ( 'NONE',  ( 0.0000000000000000000, 0.0000000000000000000, -1.000000000000000000 ) ) ;
#8793 = DIRECTION ( 'NONE',  ( 0.0000000000000000000, 0.0000000000000000000, -1.000000000000000000 ) ) ;
#8794 = CARTESIAN_POINT ( 'NONE',  ( -0.7324924690815891600, 0.006632536332117021900, 0.7587886409913591200 ) ) ;
#8795 = CARTESIAN_POINT ( 'NONE',  ( -0.3999999999999999700, 0.9499999999999999600, -0.09999999999999993600 ) ) ;
#8796 = ORIENTED_EDGE ( 'NONE', *, *, #11684, .T. ) ;
#8797 = CARTESIAN_POINT ( 'NONE',  ( -0.9999999999999997800, 0.1999999999999999800, 0.7542857142857142300 ) ) ;
#8798 = VECTOR ( 'NONE', #6160, 1000.000000000000000 ) ;
#8799 = CARTESIAN_POINT ( 'NONE',  ( 0.3499999999999998100, 0.1777777777777780100, 0.7320634920634921900 ) ) ;
#8800 = CIRCLE ( 'NONE', #3109, 0.5083333333333333000 ) ;
#8801 = CARTESIAN_POINT ( 'NONE',  ( 0.6117368507290129600, 0.003593612629739402900, 0.7442341812418459300 ) ) ;
#8802 = EDGE_CURVE ( 'NONE', #7964, #1136, #7378, .T. ) ;
#8803 = CLOSED_SHELL ( 'NONE', ( #5488, #10988, #11710, #5765 ) ) ;
#8804 = ORIENTED_EDGE ( 'NONE', *, *, #10194, .F. ) ;
#8805 = VERTEX_POINT ( 'NONE', #7338 ) ;
#8806 = ORIENTED_EDGE ( 'NONE', *, *, #7416, .F. ) ;
#8807 = ADVANCED_FACE ( 'NONE', ( #9894 ), #2362, .T. ) ;
#8808 = PLANE ( 'NONE',  #7381 ) ;
#8809 = ORIENTED_EDGE ( 'NONE', *, *, #6495, .F. ) ;
#8810 = DIRECTION ( 'NONE',  ( 0.0000000000000000000, 1.000000000000000000, 0.0000000000000000000 ) ) ;
#8811 = VECTOR ( 'NONE', #6234, 1000.000000000000000 ) ;
#8812 = CARTESIAN_POINT ( 'NONE',  ( 0.6107434940850188200, 0.1919663986564902600, 0.7683243633290597300 ) ) ;
#8813 = CIRCLE ( 'NONE', #11881, 0.02222222222222198000 ) ;
#8814 = CARTESIAN_POINT ( 'NONE',  ( -0.6249999999999995600, 0.1833333333333334600, 0.7777777777777780100 ) ) ;
#8815 = CARTESIAN_POINT ( 'NONE',  ( 0.6333333333333326400, 0.2083333333333334800, 0.7614445778845510000 ) ) ;
#8816 = ORIENTED_EDGE ( 'NONE', *, *, #6620, .F. ) ;
#8817 = VERTEX_POINT ( 'NONE', #5303 ) ;
#8818 = DIRECTION ( 'NONE',  ( 0.0000000000000000000, 1.000000000000000000, -0.0000000000000000000 ) ) ;
#8819 = ORIENTED_EDGE ( 'NONE', *, *, #1799, .F. ) ;
#8820 =( GEOMETRIC_REPRESENTATION_CONTEXT ( 3 ) GLOBAL_UNCERTAINTY_ASSIGNED_CONTEXT ( ( #1724 ) ) GLOBAL_UNIT_ASSIGNED_CONTEXT ( ( #10004, #11029, #4337 ) ) REPRESENTATION_CONTEXT ( 'NONE', 'WORKASPACE' ) );
#8821 = CARTESIAN_POINT ( 'NONE',  ( -0.9999999999999997800, 0.1777777777777780100, -0.7777777777777779000 ) ) ;
#8822 = CARTESIAN_POINT ( 'NONE',  ( 0.7007292356535034200, 0.2030948076416818900, 0.7754355401620217600 ) ) ;
#8823 = FACE_BOUND ( 'NONE', #7445, .T. ) ;
#8824 = ADVANCED_FACE ( 'NONE', ( #6773 ), #4280, .F. ) ;
#8825 = AXIS2_PLACEMENT_3D ( 'NONE', #2313, #8919, #9868 ) ;
#8826 = FACE_OUTER_BOUND ( 'NONE', #11641, .T. ) ;
#8827 = CYLINDRICAL_SURFACE ( 'NONE', #668, 0.02500000000000014700 ) ;
#8828 = ORIENTED_EDGE ( 'NONE', *, *, #8911, .T. ) ;
#8829 = CARTESIAN_POINT ( 'NONE',  ( 0.9999999999999997800, 0.9777777777777779700, -0.7555555555555557600 ) ) ;
#8830 = CLOSED_SHELL ( 'NONE', ( #5537, #3195, #5892, #4144 ) ) ;
#8831 = CARTESIAN_POINT ( 'NONE',  ( -0.7072549134391079600, 0.2054392423291600300, 0.7695803780988178500 ) ) ;
#8832 = DIRECTION ( 'NONE',  ( 1.000000000000000000, -0.0000000000000000000, -0.0000000000000000000 ) ) ;
#8833 = ORIENTED_EDGE ( 'NONE', *, *, #6757, .F. ) ;
#8834 =( BOUNDED_SURFACE ( )  B_SPLINE_SURFACE ( 3, 2, ( 
 ( #1012, #4853, #9556 ),
 ( #86, #175, #8652 ),
 ( #5676, #6744, #8605 ),
 ( #978, #11491, #50 ),
 ( #7695, #9466, #3818 ),
 ( #10444, #5642, #11441 ) ),
 .UNSPECIFIED., .F., .F., .F. ) 
 B_SPLINE_SURFACE_WITH_KNOTS ( ( 4, 2, 4 ),
 ( 3, 3 ),
 ( 0.0000000000000000000, 3.826139082368409000E-005, 7.652278164736817900E-005 ),
 ( 0.0000000000000000000, 1.000000000000000000 ),
 .UNSPECIFIED. ) 
 GEOMETRIC_REPRESENTATION_ITEM ( )  RATIONAL_B_SPLINE_SURFACE ( (
 ( 1.000000000000000000, 0.7071067811865474600, 1.000000000000000000),
 ( 1.000000000000000000, 0.7271094182724480200, 1.000000000000000000),
 ( 1.000000000000000000, 0.8299654880034002000, 1.000000000000000000),
 ( 1.000000000000000000, 0.9629808522510205900, 1.000000000000000000),
 ( 1.000000000000000000, 1.000452970100825100, 1.000000000000000000),
 ( 1.000000000000000000, 1.000000000000000000, 1.000000000000000000) ) ) 
 REPRESENTATION_ITEM ( '' )  SURFACE ( )  );
#8835 = SURFACE_SIDE_STYLE ('',( #1022 ) ) ;
#8836 = EDGE_CURVE ( 'NONE', #966, #2702, #751, .T. ) ;
#8837 = CARTESIAN_POINT ( 'NONE',  ( 0.3499999999999998100, 0.1999999999999999800, -0.8000000000000000400 ) ) ;
#8838 = LINE ( 'NONE', #3013, #5010 ) ;
#8839 = VECTOR ( 'NONE', #9028, 1000.000000000000000 ) ;
#8840 = DIRECTION ( 'NONE',  ( 0.0000000000000000000, 1.000000000000000000, 0.0000000000000000000 ) ) ;
#8841 = CARTESIAN_POINT ( 'NONE',  ( -0.7405374062644011200, 0.1895856775246796400, 0.7718800139023422900 ) ) ;
#8842 = DIRECTION ( 'NONE',  ( 0.0000000000000000000, 1.000000000000000000, 0.0000000000000000000 ) ) ;
#8843 = CARTESIAN_POINT ( 'NONE',  ( -0.6083333333333331700, 0.2030620702128255200, 0.7754994340234725400 ) ) ;
#8844 = AXIS2_PLACEMENT_3D ( 'NONE', #4931, #253, #1175 ) ;
#8845 = ORIENTED_EDGE ( 'NONE', *, *, #5012, .F. ) ;
#8846 =( NAMED_UNIT ( * ) PLANE_ANGLE_UNIT ( ) SI_UNIT ( $, .RADIAN. ) );
#8847 = CARTESIAN_POINT ( 'NONE',  ( 0.3499999999999999200, 0.0000000000000000000, 0.0000000000000000000 ) ) ;
#8848 = VERTEX_POINT ( 'NONE', #3443 ) ;
#8849 = CARTESIAN_POINT ( 'NONE',  ( 0.9555555555555560500, 0.9777777777777779700, 0.7098412698412697200 ) ) ;
#8850 = ADVANCED_FACE ( 'NONE', ( #4865 ), #9589, .T. ) ;
#8851 = PLANE ( 'NONE',  #3697 ) ;
#8852 = CARTESIAN_POINT ( 'NONE',  ( -0.7446036872390592300, 0.1976268501320929100, 0.7425725946937002900 ) ) ;
#8853 = STYLED_ITEM ( 'NONE', ( #738 ), #386 ) ;
#8854 = CIRCLE ( 'NONE', #730, 0.02499999999999984900 ) ;
#8855 = VECTOR ( 'NONE', #5672, 1000.000000000000000 ) ;
#8856 = DIRECTION ( 'NONE',  ( -2.220570119199817400E-016, -0.0000000000000000000, -1.000000000000000000 ) ) ;
#8857 = VECTOR ( 'NONE', #3379, 1000.000000000000000 ) ;
#8858 = FACE_OUTER_BOUND ( 'NONE', #11240, .T. ) ;
#8859 = LINE ( 'NONE', #4762, #458 ) ;
#8860 = EDGE_CURVE ( 'NONE', #2904, #11955, #9015, .T. ) ;
#8861 = ORIENTED_EDGE ( 'NONE', *, *, #4722, .T. ) ;
#8862 = CARTESIAN_POINT ( 'NONE',  ( 0.5861111111111112500, 0.02222222222222208800, 0.7542857142857141200 ) ) ;
#8863 = DIRECTION ( 'NONE',  ( -0.0000000000000000000, 1.000000000000000000, -0.0000000000000000000 ) ) ;
#8864 = CARTESIAN_POINT ( 'NONE',  ( 0.6083333333333331700, 0.02166666666666649400, 0.7765044641500696800 ) ) ;
#8865 = LINE ( 'NONE', #5673, #2057 ) ;
#8866 = FACE_OUTER_BOUND ( 'NONE', #819, .T. ) ;
#8867 = CARTESIAN_POINT ( 'NONE',  ( -0.6900000000000000600, 0.9499999999999999600, 0.1749999999999998200 ) ) ;
#8868 = AXIS2_PLACEMENT_3D ( 'NONE', #8847, #3168, #10783 ) ;
#8869 = CARTESIAN_POINT ( 'NONE',  ( 0.7627158585739845000, 0.1853443906933826800, 0.7529697895524464200 ) ) ;
#8870 = CARTESIAN_POINT ( 'NONE',  ( 0.7004895782661667600, 0.2030733513018418100, 0.7754775381285147200 ) ) ;
#8871 = ORIENTED_EDGE ( 'NONE', *, *, #2619, .T. ) ;
#8872 = EDGE_CURVE ( 'NONE', #1395, #7196, #3678, .T. ) ;
#8873 = DIRECTION ( 'NONE',  ( 0.0000000000000000000, 1.000000000000000000, 0.0000000000000000000 ) ) ;
#8874 = ORIENTED_EDGE ( 'NONE', *, *, #6118, .T. ) ;
#8875 = ADVANCED_FACE ( 'NONE', ( #5612 ), #888, .T. ) ;
#8876 = DIRECTION ( 'NONE',  ( 0.0000000000000000000, 1.000000000000000000, -0.0000000000000000000 ) ) ;
#8877 = DIRECTION ( 'NONE',  ( 0.0000000000000000000, 0.0000000000000000000, 1.000000000000000000 ) ) ;
#8878 = AXIS2_PLACEMENT_3D ( 'NONE', #9945, #1531, #3374 ) ;
#8879 = CIRCLE ( 'NONE', #655, 0.02499999999999995600 ) ;
#8880 = CARTESIAN_POINT ( 'NONE',  ( -0.6998449121828189700, 0.2999054912461895400, 0.7195244329438522700 ) ) ;
#8881 = CARTESIAN_POINT ( 'NONE',  ( -0.7450000000000000000, 0.9499999999999999600, -0.1499999999999999100 ) ) ;
#8882 = DIRECTION ( 'NONE',  ( 0.0000000000000000000, -1.000000000000000000, 0.0000000000000000000 ) ) ;
#8883 = DIRECTION ( 'NONE',  ( 0.0000000000000000000, 0.0000000000000000000, -1.000000000000000000 ) ) ;
#8884 = DIRECTION ( 'NONE',  ( 0.0000000000000000000, 1.000000000000000000, -0.0000000000000000000 ) ) ;
#8885 = TOROIDAL_SURFACE ( 'NONE', #1130, 0.02222222222222244900, 0.02222222222222200100 ) ;
#8886 = AXIS2_PLACEMENT_3D ( 'NONE', #1017, #3705, #7506 ) ;
#8887 = CARTESIAN_POINT ( 'NONE',  ( -0.6249999999999995600, 0.1999999999999997600, 0.7777777777777780100 ) ) ;
#8888 = DIRECTION ( 'NONE',  ( 0.0000000000000000000, 0.0000000000000000000, 1.000000000000000000 ) ) ;
#8889 = STYLED_ITEM ( 'NONE', ( #11117 ), #8456 ) ;
#8890 = CARTESIAN_POINT ( 'NONE',  ( -0.7638888888888886200, 0.02194444444444428700, 0.7542839781067810500 ) ) ;
#8891 = ADVANCED_FACE ( 'NONE', ( #8866 ), #3231, .F. ) ;
#8892 = CARTESIAN_POINT ( 'NONE',  ( -0.7638888888888885100, 0.1805555555555947200, 0.7541114196556920600 ) ) ;
#8893 = CARTESIAN_POINT ( 'NONE',  ( 0.6416666666666661600, 0.5000000000000000000, 1.132063492063492000 ) ) ;
#8894 = CYLINDRICAL_SURFACE ( 'NONE', #6930, 0.04444444444444439100 ) ;
#8895 = EDGE_CURVE ( 'NONE', #104, #5855, #5889, .T. ) ;
#8896 = CARTESIAN_POINT ( 'NONE',  ( 0.9555555555555551600, 0.8222222222222219700, -0.8000000000000001600 ) ) ;
#8897 = VECTOR ( 'NONE', #12233, 1000.000000000000000 ) ;
#8898 = DIRECTION ( 'NONE',  ( -1.000000000000000000, 0.0000000000000000000, 0.0000000000000000000 ) ) ;
#8899 = AXIS2_PLACEMENT_3D ( 'NONE', #3779, #1183, #5881 ) ;
#8900 = EDGE_CURVE ( 'NONE', #6328, #9203, #3377, .T. ) ;
#8901 = ORIENTED_EDGE ( 'NONE', *, *, #3248, .T. ) ;
#8902 = CARTESIAN_POINT ( 'NONE',  ( 0.5861111111111111400, 0.02222222222222208800, 0.7320634920634920800 ) ) ;
#8903 = CARTESIAN_POINT ( 'NONE',  ( -0.6900000000000000600, 0.9499999999999999600, 0.1499999999999999700 ) ) ;
#8904 = PLANE ( 'NONE',  #12230 ) ;
#8905 = AXIS2_PLACEMENT_3D ( 'NONE', #9689, #8614, #7621 ) ;
#8906 = DIRECTION ( 'NONE',  ( 2.168404344971008900E-016, 0.0000000000000000000, -1.000000000000000000 ) ) ;
#8907 = DIRECTION ( 'NONE',  ( 0.0000000000000000000, 1.000000000000000000, 0.0000000000000000000 ) ) ;
#8908 = ADVANCED_FACE ( 'NONE', ( #1168 ), #2350, .F. ) ;
#8909 = CARTESIAN_POINT ( 'NONE',  ( 0.7638888888888886200, 0.1817051391105827800, 0.7539665857415115400 ) ) ;
#8910 = VERTEX_POINT ( 'NONE', #3698 ) ;
#8911 = EDGE_CURVE ( 'NONE', #10915, #6550, #9148, .T. ) ;
#8912 = ORIENTED_EDGE ( 'NONE', *, *, #3778, .F. ) ;
#8913 = FACE_OUTER_BOUND ( 'NONE', #8531, .T. ) ;
#8914 = AXIS2_PLACEMENT_3D ( 'NONE', #8421, #11224, #7412 ) ;
#8915 = CARTESIAN_POINT ( 'NONE',  ( 0.6083333333333331700, 0.02222222222222176900, 0.7777777777777780100 ) ) ;
#8916 = DIRECTION ( 'NONE',  ( -1.000000000000000000, 0.0000000000000000000, 0.0000000000000000000 ) ) ;
#8917 = CARTESIAN_POINT ( 'NONE',  ( -0.5000000000000000000, 0.9499999999999999600, -0.2899999999999999200 ) ) ;
#8918 = VERTEX_POINT ( 'NONE', #7499 ) ;
#8919 = DIRECTION ( 'NONE',  ( -0.0000000000000000000, -1.000000000000000000, 0.0000000000000000000 ) ) ;
#8920 = ORIENTED_EDGE ( 'NONE', *, *, #3578, .T. ) ;
#8921 = ORIENTED_EDGE ( 'NONE', *, *, #6677, .F. ) ;
#8922 = DIRECTION ( 'NONE',  ( -1.000000000000000000, 0.0000000000000000000, 1.084202172485504800E-016 ) ) ;
#8923 = DIRECTION ( 'NONE',  ( 0.0000000000000000000, 1.000000000000000000, 0.0000000000000000000 ) ) ;
#8924 = CARTESIAN_POINT ( 'NONE',  ( -0.6249999999999995600, 0.02222222222222176900, 0.7777777777777780100 ) ) ;
#8925 = CARTESIAN_POINT ( 'NONE',  ( -0.7253393025966635700, 0.004999999999909320900, 0.7525438349428569300 ) ) ;
#8926 = FILL_AREA_STYLE_COLOUR ( '', #10338 ) ;
#8927 = CARTESIAN_POINT ( 'NONE',  ( -0.6469223072577061600, 0.2035889773619523300, 0.7744302321919837000 ) ) ;
#8928 = COLOUR_RGB ( '',1.000000000000000000, 1.000000000000000000, 1.000000000000000000 ) ;
#8929 = EDGE_CURVE ( 'NONE', #6667, #3872, #3078, .T. ) ;
#8930 = ORIENTED_EDGE ( 'NONE', *, *, #8972, .T. ) ;
#8931 = ORIENTED_EDGE ( 'NONE', *, *, #8226, .T. ) ;
#8932 = VERTEX_POINT ( 'NONE', #2713 ) ;
#8933 = EDGE_LOOP ( 'NONE', ( #10430, #4177 ) ) ;
#8934 = DIRECTION ( 'NONE',  ( 0.0000000000000000000, 1.000000000000000000, 0.0000000000000000000 ) ) ;
#8935 = ORIENTED_EDGE ( 'NONE', *, *, #6831, .F. ) ;
#8936 = AXIS2_PLACEMENT_3D ( 'NONE', #7075, #4219, #9020 ) ;
#8937 = FACE_OUTER_BOUND ( 'NONE', #1617, .T. ) ;
#8938 = ADVANCED_FACE ( 'NONE', ( #610 ), #11382, .T. ) ;
#8939 = CARTESIAN_POINT ( 'NONE',  ( 0.7111111111111141400, 0.5000000000000000000, 0.4653968253968280300 ) ) ;
#8940 = ORIENTED_EDGE ( 'NONE', *, *, #5527, .F. ) ;
#8941 =( GEOMETRIC_REPRESENTATION_CONTEXT ( 3 ) GLOBAL_UNCERTAINTY_ASSIGNED_CONTEXT ( ( #1266 ) ) GLOBAL_UNIT_ASSIGNED_CONTEXT ( ( #463, #10749, #342 ) ) REPRESENTATION_CONTEXT ( 'NONE', 'WORKASPACE' ) );
#8942 = DIRECTION ( 'NONE',  ( 0.0000000000000000000, 0.0000000000000000000, 1.000000000000000000 ) ) ;
#8943 = EDGE_LOOP ( 'NONE', ( #7157, #9092, #8776, #869 ) ) ;
#8944 = DIRECTION ( 'NONE',  ( 0.0000000000000000000, 1.000000000000000000, 0.0000000000000000000 ) ) ;
#8945 = DIRECTION ( 'NONE',  ( -0.0000000000000000000, -1.000000000000000000, 0.0000000000000000000 ) ) ;
#8946 = DIRECTION ( 'NONE',  ( 0.0000000000000000000, 0.0000000000000000000, 1.000000000000000000 ) ) ;
#8947 = ORIENTED_EDGE ( 'NONE', *, *, #1773, .T. ) ;
#8948 = ORIENTED_EDGE ( 'NONE', *, *, #5959, .F. ) ;
#8949 = ORIENTED_EDGE ( 'NONE', *, *, #4793, .T. ) ;
#8950 = EDGE_CURVE ( 'NONE', #2632, #7398, #739, .T. ) ;
#8951 = DIRECTION ( 'NONE',  ( 0.0000000000000000000, 0.0000000000000000000, 1.000000000000000000 ) ) ;
#8952 = CIRCLE ( 'NONE', #11348, 0.02499999999999984900 ) ;
#8953 = CARTESIAN_POINT ( 'NONE',  ( -0.6438622901756035900, 0.2917985726909796400, 0.7159605016901985400 ) ) ;
#8954 = EDGE_CURVE ( 'NONE', #5095, #5116, #8266, .T. ) ;
#8955 = AXIS2_PLACEMENT_3D ( 'NONE', #8519, #8593, #11531 ) ;
#8956 = CARTESIAN_POINT ( 'NONE',  ( -0.7874999999999999800, 0.9499999999999999600, -0.02500000000000000100 ) ) ;
#8957 = ADVANCED_FACE ( 'NONE', ( #18 ), #149, .T. ) ;
#8958 = ORIENTED_EDGE ( 'NONE', *, *, #2538, .T. ) ;
#8959 = ORIENTED_EDGE ( 'NONE', *, *, #4295, .F. ) ;
#8960 = VERTEX_POINT ( 'NONE', #1890 ) ;
#8961 = DIRECTION ( 'NONE',  ( 0.0000000000000000000, -0.1250000000017534900, -0.9921567416490005800 ) ) ;
#8962 = ORIENTED_EDGE ( 'NONE', *, *, #9147, .T. ) ;
#8963 = AXIS2_PLACEMENT_3D ( 'NONE', #10622, #10520, #3020 ) ;
#8964 = CIRCLE ( 'NONE', #7116, 0.02500000000000006400 ) ;
#8965 = CARTESIAN_POINT ( 'NONE',  ( 7.937048284925630400E-017, 0.9777777777777779700, 0.7320634920634921900 ) ) ;
#8966 = AXIS2_PLACEMENT_3D ( 'NONE', #1414, #8122, #3335 ) ;
#8967 = EDGE_CURVE ( 'NONE', #5116, #3345, #4723, .T. ) ;
#8968 = ORIENTED_EDGE ( 'NONE', *, *, #3848, .F. ) ;
#8969 = CARTESIAN_POINT ( 'NONE',  ( -0.4500000000000000100, 1.000000000000000000, -0.1949999999999999500 ) ) ;
#8970 = FILL_AREA_STYLE_COLOUR ( '', #6655 ) ;
#8971 = DIRECTION ( 'NONE',  ( -0.0000000000000000000, 1.000000000000000000, -0.0000000000000000000 ) ) ;
#8972 = EDGE_CURVE ( 'NONE', #8995, #2858, #5022, .T. ) ;
#8973 = ORIENTED_EDGE ( 'NONE', *, *, #6749, .T. ) ;
#8974 = DIRECTION ( 'NONE',  ( 0.0000000000000000000, 0.0000000000000000000, 1.000000000000000000 ) ) ;
#8975 = CARTESIAN_POINT ( 'NONE',  ( 0.9777777777777781900, 0.1777777777777780100, 0.7542857142857141200 ) ) ;
#8976 = VERTEX_POINT ( 'NONE', #20 ) ;
#8977 = CYLINDRICAL_SURFACE ( 'NONE', #5818, 0.02499999999999984900 ) ;
#8978 = DIRECTION ( 'NONE',  ( 0.0000000000000000000, -0.0000000000000000000, -1.000000000000000000 ) ) ;
#8979 = CARTESIAN_POINT ( 'NONE',  ( -0.7250000000000000900, 0.1999999999999999800, 0.7320634920634923000 ) ) ;
#8980 = DIRECTION ( 'NONE',  ( 0.0000000000000000000, -1.185846126156022200E-015, -1.000000000000000000 ) ) ;
#8981 = CARTESIAN_POINT ( 'NONE',  ( -0.3075000000000000500, 0.9499999999999999600, -0.02499999999999994600 ) ) ;
#8982 = CIRCLE ( 'NONE', #4468, 0.01666666666666645800 ) ;
#8983 = EDGE_LOOP ( 'NONE', ( #5688, #1413, #6925, #9077 ) ) ;
#8984 = AXIS2_PLACEMENT_3D ( 'NONE', #7202, #8166, #2662 ) ;
#8985 = EDGE_LOOP ( 'NONE', ( #11448, #6261, #7158, #7375 ) ) ;
#8986 = EDGE_LOOP ( 'NONE', ( #10111, #6852, #8394, #11493, #956, #9568, #9382, #1812, #4928, #3271 ) ) ;
#8987 = CARTESIAN_POINT ( 'NONE',  ( -0.3549999999999999800, 0.8792893218813447900, 0.2450000000000001100 ) ) ;
#8988 = CARTESIAN_POINT ( 'NONE',  ( -0.7083333333333332600, 0.2853394820434970200, 0.6804820297350209200 ) ) ;
#8989 = CARTESIAN_POINT ( 'NONE',  ( 0.6499999999999996900, 0.1997656017279598700, 0.7809969016383354600 ) ) ;
#8990 = FACE_BOUND ( 'NONE', #4834, .T. ) ;
#8991 = EDGE_CURVE ( 'NONE', #11319, #8734, #9290, .T. ) ;
#8992 = CYLINDRICAL_SURFACE ( 'NONE', #8333, 0.02222222222222198000 ) ;
#8993 = FACE_OUTER_BOUND ( 'NONE', #11108, .T. ) ;
#8994 = CARTESIAN_POINT ( 'NONE',  ( 0.6999999999999997300, 0.4999999999999996700, 1.177777777777777800 ) ) ;
#8995 = VERTEX_POINT ( 'NONE', #5639 ) ;
#8996 = CARTESIAN_POINT ( 'NONE',  ( -0.6000000000000000900, 1.000000000000000000, 0.1250000000000001100 ) ) ;
#8997 = VECTOR ( 'NONE', #4430, 1000.000000000000000 ) ;
#8998 = AXIS2_PLACEMENT_3D ( 'NONE', #1078, #2835, #10559 ) ;
#8999 = DIRECTION ( 'NONE',  ( 0.0000000000000000000, 0.0000000000000000000, -1.000000000000000000 ) ) ;
#9000 = UNCERTAINTY_MEASURE_WITH_UNIT (LENGTH_MEASURE( 1.000000000000000100E-005 ), #11791, 'distance_accuracy_value', 'NONE');
#9001 = FACE_OUTER_BOUND ( 'NONE', #838, .T. ) ;
#9002 = LINE ( 'NONE', #7999, #9731 ) ;
#9003 = ADVANCED_FACE ( 'NONE', ( #12019 ), #12187, .T. ) ;
#9004 = DIRECTION ( 'NONE',  ( 0.0000000000000000000, 1.000000000000000000, 0.0000000000000000000 ) ) ;
#9005 = CARTESIAN_POINT ( 'NONE',  ( -0.3100000000000000500, 0.8792893218813447900, -0.1499999999999999100 ) ) ;
#9006 = CARTESIAN_POINT ( 'NONE',  ( 0.6433626280415061200, 0.2000000000000229400, 0.7741250629171733100 ) ) ;
#9007 = ORIENTED_EDGE ( 'NONE', *, *, #1071, .F. ) ;
#9008 = EDGE_CURVE ( 'NONE', #10915, #4927, #9887, .T. ) ;
#9009 = DIRECTION ( 'NONE',  ( 0.0000000000000000000, -1.000000000000000000, 0.0000000000000000000 ) ) ;
#9010 = EDGE_CURVE ( 'NONE', #10976, #1450, #10049, .T. ) ;
#9011 = DIRECTION ( 'NONE',  ( 0.0000000000000000000, 1.000000000000000000, 0.0000000000000000000 ) ) ;
#9012 = CARTESIAN_POINT ( 'NONE',  ( -0.6449999999999999100, 0.9499999999999999600, -0.2450000000000000000 ) ) ;
#9013 = EDGE_CURVE ( 'NONE', #4666, #727, #2042, .T. ) ;
#9014 = FACE_OUTER_BOUND ( 'NONE', #4531, .T. ) ;
#9015 = CIRCLE ( 'NONE', #6222, 0.02500000000000002900 ) ;
#9016 = CIRCLE ( 'NONE', #1391, 0.02500000000000009200 ) ;
#9017 = AXIS2_PLACEMENT_3D ( 'NONE', #10237, #810, #4611 ) ;
#9018 = PLANE ( 'NONE',  #1883 ) ;
#9019 = DIRECTION ( 'NONE',  ( -1.000000000000000000, 0.0000000000000000000, 0.0000000000000000000 ) ) ;
#9020 = DIRECTION ( 'NONE',  ( 0.0000000000000000000, 0.0000000000000000000, 1.000000000000000000 ) ) ;
#9021 = ADVANCED_FACE ( 'NONE', ( #9433 ), #11265, .F. ) ;
#9022 = CARTESIAN_POINT ( 'NONE',  ( 0.7250000000000000900, 0.02222222222222176900, 0.8000000000000000400 ) ) ;
#9023 = FACE_OUTER_BOUND ( 'NONE', #6395, .T. ) ;
#9024 = FACE_OUTER_BOUND ( 'NONE', #7902, .T. ) ;
#9025 = EDGE_CURVE ( 'NONE', #7203, #568, #7367, .T. ) ;
#9026 = CARTESIAN_POINT ( 'NONE',  ( -0.6449999999999999100, 1.000000000000000000, -0.2699999999999998500 ) ) ;
#9027 = PLANE ( 'NONE',  #12193 ) ;
#9028 = DIRECTION ( 'NONE',  ( 1.000000000000000000, 8.035605913824147500E-033, -1.084202172485504400E-016 ) ) ;
#9029 = CLOSED_SHELL ( 'NONE', ( #8875, #1338, #12282, #4975 ) ) ;
#9030 = AXIS2_PLACEMENT_3D ( 'NONE', #4324, #7063, #10994 ) ;
#9031 = CARTESIAN_POINT ( 'NONE',  ( 0.7299046168756677700, 0.004999999999999993200, 0.7525494834301516000 ) ) ;
#9032 = DIRECTION ( 'NONE',  ( -0.0000000000000000000, 1.000000000000000000, -0.0000000000000000000 ) ) ;
#9033 = FACE_OUTER_BOUND ( 'NONE', #5286, .T. ) ;
#9034 = AXIS2_PLACEMENT_3D ( 'NONE', #1411, #6102, #6980 ) ;
#9035 = FILL_AREA_STYLE_COLOUR ( '', #9742 ) ;
#9036 = CIRCLE ( 'NONE', #8309, 0.02499999999999984900 ) ;
#9037 = EDGE_CURVE ( 'NONE', #7253, #2937, #1621, .T. ) ;
#9038 = FACE_OUTER_BOUND ( 'NONE', #7447, .T. ) ;
#9039 = DIRECTION ( 'NONE',  ( 0.0000000000000000000, 1.000000000000000000, 0.0000000000000000000 ) ) ;
#9040 = ORIENTED_EDGE ( 'NONE', *, *, #8568, .T. ) ;
#9041 = DIRECTION ( 'NONE',  ( 0.0000000000000000000, 1.000000000000000000, 0.0000000000000000000 ) ) ;
#9042 = CARTESIAN_POINT ( 'NONE',  ( 0.5861111111111112500, 0.1805555555555557500, 0.7541114196556968400 ) ) ;
#9043 = CARTESIAN_POINT ( 'NONE',  ( 0.5866949322482625200, 0.1839121707982057700, 0.7534222463053662500 ) ) ;
#9044 = PRESENTATION_LAYER_ASSIGNMENT (  '', '', ( #6502 ) ) ;
#9045 = CARTESIAN_POINT ( 'NONE',  ( -0.6249999999999995600, 0.2000000000000000400, 0.7320634920634921900 ) ) ;
#9046 = DIRECTION ( 'NONE',  ( -0.0000000000000000000, -0.9046150597587782100, 0.4262295081967250600 ) ) ;
#9047 = FACE_OUTER_BOUND ( 'NONE', #11626, .T. ) ;
#9048 = B_SPLINE_CURVE_WITH_KNOTS ( 'NONE', 3,
 ( #878, #12114, #5573, #10337, #5620, #8264, #7458, #6356, #1692, #721, #7307, #10173, #6432, #8297, #2647, #789, #7385, #4860, #59, #4710, #7579, #5683 ),
 .UNSPECIFIED., .F., .F.,
 ( 4, 3, 3, 3, 3, 3, 3, 4 ),
 ( 0.0000000000000000000, 3.469548240334381600E-006, 5.502712085474954600E-006, 1.213515577567012600E-005, 2.367768705343077400E-005, 4.132170680598428500E-005, 5.087612967478960900E-005, 5.222856943873954500E-005 ),
 .UNSPECIFIED. ) ;
#9049 = CARTESIAN_POINT ( 'NONE',  ( -0.6999999999999997300, 0.2833333333333330500, 0.7179317890670646700 ) ) ;
#9050 = VERTEX_POINT ( 'NONE', #6781 ) ;
#9051 = CARTESIAN_POINT ( 'NONE',  ( 0.6449702115542069700, 0.2044187433149333400, 0.7724091971811151100 ) ) ;
#9052 = CARTESIAN_POINT ( 'NONE',  ( -0.7638888888888885100, 0.1777777777777780100, 0.7320634920634923000 ) ) ;
#9053 = ORIENTED_EDGE ( 'NONE', *, *, #10664, .F. ) ;
#9054 = ADVANCED_FACE ( 'NONE', ( #6624 ), #5466, .T. ) ;
#9055 = DIRECTION ( 'NONE',  ( -0.6837055446619648700, 0.0000000000000000000, 0.7297579928979783800 ) ) ;
#9056 = AXIS2_PLACEMENT_3D ( 'NONE', #8283, #7327, #7285 ) ;
#9057 = ORIENTED_EDGE ( 'NONE', *, *, #1015, .T. ) ;
#9058 = CARTESIAN_POINT ( 'NONE',  ( -0.7450000000000000000, 0.9499999999999999600, -0.1749999999999999600 ) ) ;
#9059 = VERTEX_POINT ( 'NONE', #7733 ) ;
#9060 = CARTESIAN_POINT ( 'NONE',  ( 0.9555555555555551600, 0.02222222222222208800, -0.8000000000000001600 ) ) ;
#9061 = DIRECTION ( 'NONE',  ( 0.0000000000000000000, -1.000000000000000000, 0.0000000000000000000 ) ) ;
#9062 = AXIS2_PLACEMENT_3D ( 'NONE', #2811, #93, #4711 ) ;
#9063 = DIRECTION ( 'NONE',  ( 0.0000000000000000000, -1.000000000000000000, 0.0000000000000000000 ) ) ;
#9064 = DIRECTION ( 'NONE',  ( 0.0000000000000000000, -1.000000000000000000, 0.0000000000000000000 ) ) ;
#9065 = ADVANCED_FACE ( 'NONE', ( #6480 ), #5330, .T. ) ;
#9066 = EDGE_CURVE ( 'NONE', #4396, #7007, #11853, .T. ) ;
#9067 = EDGE_LOOP ( 'NONE', ( #8395, #10533, #8931, #549 ) ) ;
#9068 = CARTESIAN_POINT ( 'NONE',  ( -0.6990821352178725500, 0.2907583900576322100, 0.7236643284200287000 ) ) ;
#9069 = ORIENTED_EDGE ( 'NONE', *, *, #11930, .F. ) ;
#9070 = VERTEX_POINT ( 'NONE', #5756 ) ;
#9071 = CARTESIAN_POINT ( 'NONE',  ( 0.6169536045908200500, 0.005002915490542071500, 0.7471234132614574800 ) ) ;
#9072 = AXIS2_PLACEMENT_3D ( 'NONE', #9776, #8818, #5072 ) ;
#9073 = DIRECTION ( 'NONE',  ( 0.0000000000000000000, 1.000000000000000000, 0.0000000000000000000 ) ) ;
#9074 = DIRECTION ( 'NONE',  ( -0.0000000000000000000, 1.000000000000000000, -0.0000000000000000000 ) ) ;
#9075 = CYLINDRICAL_SURFACE ( 'NONE', #5358, 0.01666666666666651000 ) ;
#9076 = EDGE_LOOP ( 'NONE', ( #1884, #4785, #796, #10855 ) ) ;
#9077 = ORIENTED_EDGE ( 'NONE', *, *, #4184, .F. ) ;
#9078 = VERTEX_POINT ( 'NONE', #10484 ) ;
#9079 = VERTEX_POINT ( 'NONE', #6660 ) ;
#9080 = DIRECTION ( 'NONE',  ( 0.0000000000000000000, 0.0000000000000000000, 1.000000000000000000 ) ) ;
#9081 = VERTEX_POINT ( 'NONE', #5828 ) ;
#9082 = DIRECTION ( 'NONE',  ( -0.0000000000000000000, -1.000000000000000000, -0.0000000000000000000 ) ) ;
#9083 = CIRCLE ( 'NONE', #8785, 0.02222222222222208800 ) ;
#9084 = EDGE_CURVE ( 'NONE', #4827, #5682, #9573, .T. ) ;
#9085 = DIRECTION ( 'NONE',  ( 0.0000000000000000000, 7.411538288475051500E-017, -1.000000000000000000 ) ) ;
#9086 = PLANE ( 'NONE',  #9510 ) ;
#9087 = ORIENTED_EDGE ( 'NONE', *, *, #9294, .F. ) ;
#9088 = VERTEX_POINT ( 'NONE', #11361 ) ;
#9089 = DIRECTION ( 'NONE',  ( 1.000000000000000000, 0.0000000000000000000, -1.084202172485504800E-016 ) ) ;
#9090 = CARTESIAN_POINT ( 'NONE',  ( 0.7416666666666664700, 0.1833333333333334600, 0.7761593472479014800 ) ) ;
#9091 = ORIENTED_EDGE ( 'NONE', *, *, #8090, .F. ) ;
#9092 = ORIENTED_EDGE ( 'NONE', *, *, #11390, .F. ) ;
#9093 = ORIENTED_EDGE ( 'NONE', *, *, #1182, .F. ) ;
#9094 = ORIENTED_EDGE ( 'NONE', *, *, #5501, .F. ) ;
#9095 = CARTESIAN_POINT ( 'NONE',  ( -0.7065020357205827900, 0.2911995518846246500, 0.6777433241715276100 ) ) ;
#9096 = FACE_OUTER_BOUND ( 'NONE', #3864, .T. ) ;
#9097 = AXIS2_PLACEMENT_3D ( 'NONE', #9196, #11145, #2558 ) ;
#9098 = TOROIDAL_SURFACE ( 'NONE', #3577, 0.04444444444444400200, 0.02222222222222200100 ) ;
#9099 = FACE_OUTER_BOUND ( 'NONE', #401, .T. ) ;
#9100 = DIRECTION ( 'NONE',  ( -1.000000000000000000, -0.0000000000000000000, -0.0000000000000000000 ) ) ;
#9101 = FILL_AREA_STYLE ('',( #11010 ) ) ;
#9102 = B_SPLINE_CURVE_WITH_KNOTS ( 'NONE', 3,
 ( #4008, #11527, #3003, #10602, #10654, #2155, #4918, #4967, #11568, #240, #8188, #5387, #2359, #7403, #9173, #10138, #2614, #10184, #1631 ),
 .UNSPECIFIED., .F., .F.,
 ( 4, 3, 3, 3, 3, 3, 4 ),
 ( 0.0000000000000000000, 2.398190015644554000E-006, 4.783116233694942200E-006, 7.341817530078434800E-006, 1.039602057123903600E-005, 1.405151064894610800E-005, 1.461418852508651400E-005 ),
 .UNSPECIFIED. ) ;
#9103 = ORIENTED_EDGE ( 'NONE', *, *, #246, .T. ) ;
#9104 = DIRECTION ( 'NONE',  ( 0.0000000000000000000, 0.0000000000000000000, 1.000000000000000000 ) ) ;
#9105 = EDGE_CURVE ( 'NONE', #10006, #11660, #1008, .T. ) ;
#9106 = ORIENTED_EDGE ( 'NONE', *, *, #7980, .F. ) ;
#9107 = ORIENTED_EDGE ( 'NONE', *, *, #9454, .F. ) ;
#9108 = CARTESIAN_POINT ( 'NONE',  ( -0.7330312333892270400, 0.002877906266644818600, 0.7430072061264005900 ) ) ;
#9109 = CARTESIAN_POINT ( 'NONE',  ( -0.6419383576335255800, 0.2867909755313681200, 0.7171202919675149200 ) ) ;
#9110 = AXIS2_PLACEMENT_3D ( 'NONE', #2943, #8810, #2162 ) ;
#9111 =( LENGTH_UNIT ( ) NAMED_UNIT ( * ) SI_UNIT ( .MILLI., .METRE. ) );
#9112 = ORIENTED_EDGE ( 'NONE', *, *, #1798, .F. ) ;
#9113 = CIRCLE ( 'NONE', #2035, 0.008333333333333465100 ) ;
#9114 = FACE_OUTER_BOUND ( 'NONE', #9234, .T. ) ;
#9115 = FACE_OUTER_BOUND ( 'NONE', #4387, .T. ) ;
#9116 = EDGE_LOOP ( 'NONE', ( #3795, #6248, #10295, #8247 ) ) ;
#9117 = ORIENTED_EDGE ( 'NONE', *, *, #1952, .T. ) ;
#9118 = DIRECTION ( 'NONE',  ( -0.0000000000000000000, -1.000000000000000000, -0.0000000000000000000 ) ) ;
#9119 = ORIENTED_EDGE ( 'NONE', *, *, #2958, .F. ) ;
#9120 = AXIS2_PLACEMENT_3D ( 'NONE', #6503, #7452, #1808 ) ;
#9121 = AXIS2_PLACEMENT_3D ( 'NONE', #2403, #9952, #1498 ) ;
#9122 = FACE_BOUND ( 'NONE', #2335, .T. ) ;
#9123 = DIRECTION ( 'NONE',  ( 0.0000000000000000000, 1.000000000000000000, -0.0000000000000000000 ) ) ;
#9124 = CARTESIAN_POINT ( 'NONE',  ( -0.7874999999999999800, 0.9499999999999999600, 0.02500000000000016400 ) ) ;
#9125 = CARTESIAN_POINT ( 'NONE',  ( -0.6110368422445390200, 0.1933625106578971400, 0.7673563811878532100 ) ) ;
#9126 = LINE ( 'NONE', #4419, #11830 ) ;
#9127 = CIRCLE ( 'NONE', #7752, 0.02499999999999995600 ) ;
#9128 = DIRECTION ( 'NONE',  ( -0.0000000000000000000, 1.000000000000000000, -0.0000000000000000000 ) ) ;
#9129 = ORIENTED_EDGE ( 'NONE', *, *, #12011, .F. ) ;
#9130 = CARTESIAN_POINT ( 'NONE',  ( -0.3075000000000000500, 0.9499999999999999600, -0.02499999999999994600 ) ) ;
#9131 = ORIENTED_EDGE ( 'NONE', *, *, #11421, .T. ) ;
#9132 = ORIENTED_EDGE ( 'NONE', *, *, #11175, .T. ) ;
#9133 = DIRECTION ( 'NONE',  ( -0.0000000000000000000, 1.000000000000000000, -0.0000000000000000000 ) ) ;
#9134 = ADVANCED_FACE ( 'NONE', ( #10196 ), #10811, .T. ) ;
#9135 = CARTESIAN_POINT ( 'NONE',  ( 0.7050297884457904500, 0.2044187433149326200, 0.7724091971811181100 ) ) ;
#9136 = AXIS2_PLACEMENT_3D ( 'NONE', #11754, #8003, #8951 ) ;
#9137 = VECTOR ( 'NONE', #10161, 1000.000000000000000 ) ;
#9138 = PRESENTATION_STYLE_ASSIGNMENT (( #8023 ) ) ;
#9139 = CYLINDRICAL_SURFACE ( 'NONE', #8567, 0.04444444444444439100 ) ;
#9140 = EDGE_LOOP ( 'NONE', ( #6406, #8212, #2345, #8668 ) ) ;
#9141 = DIRECTION ( 'NONE',  ( 0.0000000000000000000, 0.0000000000000000000, 1.000000000000000000 ) ) ;
#9142 = ORIENTED_EDGE ( 'NONE', *, *, #11091, .F. ) ;
#9143 = DIRECTION ( 'NONE',  ( 0.0000000000000000000, 0.0000000000000000000, -1.000000000000000000 ) ) ;
#9144 = DIRECTION ( 'NONE',  ( -1.000000000000000000, 0.0000000000000000000, 1.790425605939364900E-016 ) ) ;
#9145 = MANIFOLD_SOLID_BREP ( 'Boss-Extrude4[19]', #3017 ) ;
#9146 = DIRECTION ( 'NONE',  ( -0.0000000000000000000, 1.000000000000000000, -0.0000000000000000000 ) ) ;
#9147 = EDGE_CURVE ( 'NONE', #3201, #399, #9741, .T. ) ;
#9148 = LINE ( 'NONE', #1571, #3513 ) ;
#9149 = LINE ( 'NONE', #6360, #8857 ) ;
#9150 = DIRECTION ( 'NONE',  ( 0.0000000000000000000, 0.0000000000000000000, -1.000000000000000000 ) ) ;
#9151 = CARTESIAN_POINT ( 'NONE',  ( -0.6083333333333331700, 0.2000000000000000900, 0.7320634920634921900 ) ) ;
#9152 = CIRCLE ( 'NONE', #8470, 0.02500000000000008100 ) ;
#9153 = PRESENTATION_LAYER_ASSIGNMENT (  '', '', ( #4950 ) ) ;
#9154 = DIRECTION ( 'NONE',  ( 0.0000000000000000000, 0.0000000000000000000, 1.000000000000000000 ) ) ;
#9155 = VECTOR ( 'NONE', #3920, 1000.000000000000000 ) ;
#9156 = LINE ( 'NONE', #631, #475 ) ;
#9157 = DIRECTION ( 'NONE',  ( 0.0000000000000000000, 0.0000000000000000000, -1.000000000000000000 ) ) ;
#9158 = DIRECTION ( 'NONE',  ( 0.0000000000000000000, 0.0000000000000000000, -1.000000000000000000 ) ) ;
#9159 = CARTESIAN_POINT ( 'NONE',  ( -0.7166666666666667900, 0.2000000000000000100, 0.7614445778845514400 ) ) ;
#9160 = CARTESIAN_POINT ( 'NONE',  ( 0.7413603051732975400, 0.01810985263593026600, 0.7859527711259216600 ) ) ;
#9161 = EDGE_CURVE ( 'NONE', #11935, #4396, #4125, .T. ) ;
#9162 = EDGE_CURVE ( 'NONE', #6308, #8331, #10481, .T. ) ;
#9163 = DIRECTION ( 'NONE',  ( 0.0000000000000000000, 1.000000000000000000, -0.0000000000000000000 ) ) ;
#9164 = CARTESIAN_POINT ( 'NONE',  ( -0.4999999999999998900, 1.000000000000000000, 0.2900000000000000400 ) ) ;
#9165 = CYLINDRICAL_SURFACE ( 'NONE', #3112, 0.02500000000000006400 ) ;
#9166 = DIRECTION ( 'NONE',  ( 0.0000000000000000000, 1.000000000000000000, -0.0000000000000000000 ) ) ;
#9167 = AXIS2_PLACEMENT_3D ( 'NONE', #8330, #10334, #12190 ) ;
#9168 = VECTOR ( 'NONE', #2496, 1000.000000000000000 ) ;
#9169 = DIRECTION ( 'NONE',  ( -0.0000000000000000000, 1.000000000000000000, -0.0000000000000000000 ) ) ;
#9170 = CARTESIAN_POINT ( 'NONE',  ( 0.6086396948267019900, 0.01810985263593025900, 0.7859527711259216600 ) ) ;
#9171 = ORIENTED_EDGE ( 'NONE', *, *, #5514, .F. ) ;
#9172 = DIRECTION ( 'NONE',  ( 0.0000000000000000000, -1.000000000000000000, -0.0000000000000000000 ) ) ;
#9173 = CARTESIAN_POINT ( 'NONE',  ( -0.7084009792818287700, 0.2068833371936253900, 0.7269905297888238400 ) ) ;
#9174 = PLANE ( 'NONE',  #7136 ) ;
#9175 = EDGE_CURVE ( 'NONE', #1606, #3756, #7656, .T. ) ;
#9176 = FACE_OUTER_BOUND ( 'NONE', #4226, .T. ) ;
#9177 = DIRECTION ( 'NONE',  ( 0.0000000000000000000, 1.000000000000000000, 0.0000000000000000000 ) ) ;
#9178 = CARTESIAN_POINT ( 'NONE',  ( -0.6435179281542927600, 0.2051706349123396700, 0.7703209492705880300 ) ) ;
#9179 = AXIS2_PLACEMENT_3D ( 'NONE', #11674, #6923, #1257 ) ;
#9180 = CARTESIAN_POINT ( 'NONE',  ( 0.3499999999999998100, 0.1777777777777780100, -0.7777777777777780100 ) ) ;
#9181 = DIRECTION ( 'NONE',  ( 0.0000000000000000000, -1.185846126156016300E-015, 1.000000000000000000 ) ) ;
#9182 = FACE_OUTER_BOUND ( 'NONE', #6298, .T. ) ;
#9183 = CARTESIAN_POINT ( 'NONE',  ( 0.7051939070183862500, 0.2044939072661075000, 0.7722006285039720900 ) ) ;
#9184 = CARTESIAN_POINT ( 'NONE',  ( 0.7250000000000002000, 0.1999999999999999800, 0.7320634920634920800 ) ) ;
#9185 = DIRECTION ( 'NONE',  ( 0.0000000000000000000, 1.000000000000000000, 0.0000000000000000000 ) ) ;
#9186 = AXIS2_PLACEMENT_3D ( 'NONE', #650, #9089, #11160 ) ;
#9187 = FACE_OUTER_BOUND ( 'NONE', #6554, .T. ) ;
#9188 = DIRECTION ( 'NONE',  ( 0.0000000000000000000, 0.0000000000000000000, 1.000000000000000000 ) ) ;
#9189 = VERTEX_POINT ( 'NONE', #8529 ) ;
#9190 = ADVANCED_FACE ( 'NONE', ( #2651 ), #6336, .T. ) ;
#9191 = ORIENTED_EDGE ( 'NONE', *, *, #4970, .T. ) ;
#9192 = EDGE_CURVE ( 'NONE', #3822, #5843, #7233, .T. ) ;
#9193 = CARTESIAN_POINT ( 'NONE',  ( -0.6000000000000000900, 0.9499999999999999600, -0.09999999999999993600 ) ) ;
#9194 = CARTESIAN_POINT ( 'NONE',  ( 1.000000000000000200, 0.8000000000000000400, 0.7098412698412697200 ) ) ;
#9195 = DIRECTION ( 'NONE',  ( -0.0000000000000000000, -1.000000000000000000, -0.0000000000000000000 ) ) ;
#9196 = CARTESIAN_POINT ( 'NONE',  ( 0.6083333333333331700, 0.02222222222222208800, 0.7320634920634920800 ) ) ;
#9197 = CARTESIAN_POINT ( 'NONE',  ( 0.7319251125680874500, 0.006404603728304348300, 0.7913135484755311500 ) ) ;
#9198 = CARTESIAN_POINT ( 'NONE',  ( -0.6974420175181178500, 0.2990791924618332300, 0.7143037609543219100 ) ) ;
#9199 = EDGE_LOOP ( 'NONE', ( #11615, #11197, #4071, #6292 ) ) ;
#9200 = DIRECTION ( 'NONE',  ( -1.000000000000000000, -0.0000000000000000000, 1.084202172485504400E-016 ) ) ;
#9201 = AXIS2_PLACEMENT_3D ( 'NONE', #11665, #4016, #5028 ) ;
#9202 = EDGE_CURVE ( 'NONE', #3604, #7616, #6932, .T. ) ;
#9203 = VERTEX_POINT ( 'NONE', #11751 ) ;
#9204 = CARTESIAN_POINT ( 'NONE',  ( -0.6925000000000000000, 0.9499999999999999600, -0.02499999999999977600 ) ) ;
#9205 = DIRECTION ( 'NONE',  ( 0.0000000000000000000, -0.0000000000000000000, 1.000000000000000000 ) ) ;
#9206 = DIRECTION ( 'NONE',  ( -0.0000000000000000000, 1.000000000000000000, -0.0000000000000000000 ) ) ;
#9207 = PLANE ( 'NONE',  #3407 ) ;
#9208 = PLANE ( 'NONE',  #6048 ) ;
#9209 = LINE ( 'NONE', #3896, #6675 ) ;
#9210 = DIRECTION ( 'NONE',  ( 0.0000000000000000000, 1.000000000000000000, -0.0000000000000000000 ) ) ;
#9211 = DIRECTION ( 'NONE',  ( -0.0000000000000000000, -0.0000000000000000000, -1.000000000000000000 ) ) ;
#9212 = ORIENTED_EDGE ( 'NONE', *, *, #10609, .F. ) ;
#9213 = ORIENTED_EDGE ( 'NONE', *, *, #11208, .F. ) ;
#9214 = VERTEX_POINT ( 'NONE', #8864 ) ;
#9215 = CARTESIAN_POINT ( 'NONE',  ( 0.7250000000000000900, 0.02222222222222176900, 0.7833333333333335500 ) ) ;
#9216 = CIRCLE ( 'NONE', #1037, 0.5000000000000000000 ) ;
#9217 = ORIENTED_EDGE ( 'NONE', *, *, #6601, .F. ) ;
#9218 = DIRECTION ( 'NONE',  ( -0.0000000000000000000, 1.000000000000000000, -0.0000000000000000000 ) ) ;
#9219 = VERTEX_POINT ( 'NONE', #4985 ) ;
#9220 = DIRECTION ( 'NONE',  ( 0.0000000000000000000, 1.000000000000000000, 0.0000000000000000000 ) ) ;
#9221 = ORIENTED_EDGE ( 'NONE', *, *, #7400, .T. ) ;
#9222 = ORIENTED_EDGE ( 'NONE', *, *, #10584, .T. ) ;
#9223 = CARTESIAN_POINT ( 'NONE',  ( 0.9555555555555551600, 0.9777777777777779700, -0.7777777777777781200 ) ) ;
#9224 = ORIENTED_EDGE ( 'NONE', *, *, #12029, .F. ) ;
#9225 = CIRCLE ( 'NONE', #2232, 0.02499999999999990400 ) ;
#9226 = DIRECTION ( 'NONE',  ( 0.0000000000000000000, 1.000000000000000000, 0.0000000000000000000 ) ) ;
#9227 = CARTESIAN_POINT ( 'NONE',  ( 0.5861111111111110300, 0.1805555555555557500, 0.7541114196556968400 ) ) ;
#9228 = EDGE_CURVE ( 'NONE', #5372, #4103, #2209, .T. ) ;
#9229 = ORIENTED_EDGE ( 'NONE', *, *, #7331, .F. ) ;
#9230 = PRODUCT_DEFINITION_CONTEXT ( 'detailed design', #4069, 'design' ) ;
#9231 = ORIENTED_EDGE ( 'NONE', *, *, #4487, .T. ) ;
#9232 = ORIENTED_EDGE ( 'NONE', *, *, #5109, .F. ) ;
#9233 = ORIENTED_EDGE ( 'NONE', *, *, #7472, .F. ) ;
#9234 = EDGE_LOOP ( 'NONE', ( #6303, #10190, #3915, #144 ) ) ;
#9235 = CARTESIAN_POINT ( 'NONE',  ( -0.9999999999999997800, 0.1777777777777780100, -0.7555555555555555400 ) ) ;
#9236 = AXIS2_PLACEMENT_3D ( 'NONE', #8994, #4360, #3546 ) ;
#9237 = CARTESIAN_POINT ( 'NONE',  ( 0.7416666666666664700, 0.02146000385261678800, 0.7834837929390897600 ) ) ;
#9238 = FACE_OUTER_BOUND ( 'NONE', #6881, .T. ) ;
#9239 = DIRECTION ( 'NONE',  ( -0.0000000000000000000, 1.000000000000000000, -0.0000000000000000000 ) ) ;
#9240 = FACE_OUTER_BOUND ( 'NONE', #1826, .T. ) ;
#9241 = ORIENTED_EDGE ( 'NONE', *, *, #5605, .T. ) ;
#9242 =( GEOMETRIC_REPRESENTATION_CONTEXT ( 3 ) GLOBAL_UNCERTAINTY_ASSIGNED_CONTEXT ( ( #10434 ) ) GLOBAL_UNIT_ASSIGNED_CONTEXT ( ( #5937, #403, #3213 ) ) REPRESENTATION_CONTEXT ( 'NONE', 'WORKASPACE' ) );
#9243 = CARTESIAN_POINT ( 'NONE',  ( 0.6923533182283905200, 0.3000000000000001000, 0.7140968530029923000 ) ) ;
#9244 = DIRECTION ( 'NONE',  ( -0.0000000000000000000, 1.000000000000000000, -0.0000000000000000000 ) ) ;
#9245 = EDGE_LOOP ( 'NONE', ( #10781, #5564 ) ) ;
#9246 = DIRECTION ( 'NONE',  ( -0.0000000000000000000, -1.185846126156022200E-015, -1.000000000000000000 ) ) ;
#9247 = CARTESIAN_POINT ( 'NONE',  ( 0.6249999999999994400, 0.1999999999999999800, 0.7320634920634920800 ) ) ;
#9248 = EDGE_LOOP ( 'NONE', ( #9229, #9852 ) ) ;
#9249 = ORIENTED_EDGE ( 'NONE', *, *, #5753, .F. ) ;
#9250 = CARTESIAN_POINT ( 'NONE',  ( -0.5866949322482625200, 0.1839121707982057700, 0.7534222463053663600 ) ) ;
#9251 = DIRECTION ( 'NONE',  ( -0.0000000000000000000, -1.000000000000000000, -0.0000000000000000000 ) ) ;
#9252 = EDGE_CURVE ( 'NONE', #6182, #8371, #2929, .T. ) ;
#9253 = EDGE_LOOP ( 'NONE', ( #2321, #11364 ) ) ;
#9254 = CYLINDRICAL_SURFACE ( 'NONE', #1806, 0.02222222222222198000 ) ;
#9255 = DIRECTION ( 'NONE',  ( 0.0000000000000000000, 1.000000000000000000, 0.0000000000000000000 ) ) ;
#9256 = ADVANCED_FACE ( 'NONE', ( #1907 ), #452, .T. ) ;
#9257 = CARTESIAN_POINT ( 'NONE',  ( 0.6999999999999997300, 0.2030620702128254600, 0.7754994340234725400 ) ) ;
#9258 = CIRCLE ( 'NONE', #11243, 0.01666666666666645800 ) ;
#9259 = VERTEX_POINT ( 'NONE', #5914 ) ;
#9260 = ORIENTED_EDGE ( 'NONE', *, *, #8388, .F. ) ;
#9262 = VERTEX_POINT ( 'NONE', #6820 ) ;
#9261 = CIRCLE ( 'NONE', #10883, 0.02500000000000002900 ) ;
#9263 = DIRECTION ( 'NONE',  ( 0.0000000000000000000, 1.000000000000000000, 0.0000000000000000000 ) ) ;
#9264 = CLOSED_SHELL ( 'NONE', ( #10766, #7443, #1220, #777 ) ) ;
#9265 = AXIS2_PLACEMENT_3D ( 'NONE', #8795, #5053, #10593 ) ;
#9266 = DIRECTION ( 'NONE',  ( 0.0000000000000000000, 0.0000000000000000000, 1.000000000000000000 ) ) ;
#9267 = DIRECTION ( 'NONE',  ( -1.000000000000000000, -0.0000000000000000000, -0.0000000000000000000 ) ) ;
#9268 = AXIS2_PLACEMENT_3D ( 'NONE', #9526, #3043, #3867 ) ;
#9269 = CIRCLE ( 'NONE', #11445, 0.02222222222222198000 ) ;
#9270 = PRESENTATION_STYLE_ASSIGNMENT (( #5675 ) ) ;
#9271 = CARTESIAN_POINT ( 'NONE',  ( -0.7027188910447378400, 0.2002692226519571000, 0.7775615125518974300 ) ) ;
#9272 = EDGE_CURVE ( 'NONE', #5492, #8110, #10070, .T. ) ;
#9273 = EDGE_LOOP ( 'NONE', ( #1374, #3502 ) ) ;
#9274 = CARTESIAN_POINT ( 'NONE',  ( -0.4500000000000000100, 1.000000000000000000, -0.2200000000000000300 ) ) ;
#9275 = ORIENTED_EDGE ( 'NONE', *, *, #6776, .F. ) ;
#9276 = DIRECTION ( 'NONE',  ( 0.0000000000000000000, 1.000000000000000000, 0.0000000000000000000 ) ) ;
#9277 = CARTESIAN_POINT ( 'NONE',  ( 0.9777777777777779700, 0.8000000000000000400, -2.728221152986401400E-016 ) ) ;
#9278 = DIRECTION ( 'NONE',  ( 0.0000000000000000000, 0.0000000000000000000, 1.000000000000000000 ) ) ;
#9279 = EDGE_CURVE ( 'NONE', #12270, #1765, #6034, .T. ) ;
#9280 = ORIENTED_EDGE ( 'NONE', *, *, #4184, .T. ) ;
#9281 = FACE_BOUND ( 'NONE', #6862, .T. ) ;
#9282 = CIRCLE ( 'NONE', #1830, 0.02499999999999995600 ) ;
#9283 = ORIENTED_EDGE ( 'NONE', *, *, #7759, .F. ) ;
#9284 = AXIS2_PLACEMENT_3D ( 'NONE', #3040, #2143, #326 ) ;
#9285 = ORIENTED_EDGE ( 'NONE', *, *, #9424, .T. ) ;
#9286 = CARTESIAN_POINT ( 'NONE',  ( -0.9999999999999997800, 0.1777777777777780100, 0.7320634920634923000 ) ) ;
#9287 = CARTESIAN_POINT ( 'NONE',  ( -0.6397673526235307900, 0.2028920064610169600, 0.7299094270435332300 ) ) ;
#9288 = CARTESIAN_POINT ( 'NONE',  ( 0.6242538110455668800, 0.005010667974945108100, 0.7525917449376281500 ) ) ;
#9289 = CIRCLE ( 'NONE', #7040, 0.008333333333333499800 ) ;
#9290 = CIRCLE ( 'NONE', #321, 0.02222222222222203200 ) ;
#9291 = VECTOR ( 'NONE', #3206, 1000.000000000000000 ) ;
#9292 = CYLINDRICAL_SURFACE ( 'NONE', #11521, 0.008333333333333499800 ) ;
#9293 = CARTESIAN_POINT ( 'NONE',  ( 0.6920100660847839900, 0.2950819672131146400, 0.7216981796386449100 ) ) ;
#9294 = EDGE_CURVE ( 'NONE', #228, #9861, #8549, .T. ) ;
#9295 = CARTESIAN_POINT ( 'NONE',  ( 0.6396163240616421500, 0.1999999999999999800, 0.7774741314766007200 ) ) ;
#9296 = LINE ( 'NONE', #3093, #8410 ) ;
#9297 = EDGE_LOOP ( 'NONE', ( #3428, #4912 ) ) ;
#9298 = CARTESIAN_POINT ( 'NONE',  ( -0.2550000000000000000, 1.000000000000000000, -0.1499999999999999100 ) ) ;
#9299 = AXIS2_PLACEMENT_3D ( 'NONE', #12007, #10913, #4266 ) ;
#9300 = EDGE_CURVE ( 'NONE', #11809, #10915, #4112, .T. ) ;
#9301 = AXIS2_PLACEMENT_3D ( 'NONE', #11933, #11978, #7175 ) ;
#9302 = FACE_OUTER_BOUND ( 'NONE', #11334, .T. ) ;
#9303 = LINE ( 'NONE', #10991, #10050 ) ;
#9304 = CARTESIAN_POINT ( 'NONE',  ( -0.2550000000000000000, 0.9499999999999999600, -0.1250000000000000000 ) ) ;
#9305 = CYLINDRICAL_SURFACE ( 'NONE', #8878, 0.02499999999999990400 ) ;
#9306 = DIRECTION ( 'NONE',  ( 0.0000000000000000000, 0.0000000000000000000, -1.000000000000000000 ) ) ;
#9307 = CARTESIAN_POINT ( 'NONE',  ( -0.6499999999999996900, 0.2868852459016391100, 0.7254702478983879900 ) ) ;
#9308 = EDGE_CURVE ( 'NONE', #3339, #5087, #1472, .T. ) ;
#9309 = CARTESIAN_POINT ( 'NONE',  ( -0.7038131408097507700, 0.1997655530834407400, 0.7809972338988365700 ) ) ;
#9310 = DIRECTION ( 'NONE',  ( -0.0000000000000000000, 1.000000000000000000, -0.0000000000000000000 ) ) ;
#9311 = DIRECTION ( 'NONE',  ( 1.000000000000000000, 0.0000000000000000000, -1.084202172485504400E-016 ) ) ;
#9312 = AXIS2_PLACEMENT_3D ( 'NONE', #6698, #2000, #2125 ) ;
#9313 = CARTESIAN_POINT ( 'NONE',  ( 0.6083333333333330600, 0.1889975162243557600, 0.7744924640261110500 ) ) ;
#9314 = ADVANCED_FACE ( 'NONE', ( #3207 ), #3228, .T. ) ;
#9315 = CARTESIAN_POINT ( 'NONE',  ( -0.5500000000000000400, 1.000000000000000000, -0.1949999999999999500 ) ) ;
#9316 = CARTESIAN_POINT ( 'NONE',  ( -0.6899999999999999500, 0.9499999999999999600, -0.1499999999999999100 ) ) ;
#9317 = CARTESIAN_POINT ( 'NONE',  ( -0.7874999999999999800, 1.000000000000000000, -0.02500000000000000100 ) ) ;
#9318 = CIRCLE ( 'NONE', #3019, 0.02222222222222230300 ) ;
#9319 = EDGE_CURVE ( 'NONE', #8501, #11314, #1153, .T. ) ;
#9320 = EDGE_LOOP ( 'NONE', ( #6901, #5737, #8360, #8211 ) ) ;
#9321 = DIRECTION ( 'NONE',  ( 0.0000000000000000000, 1.000000000000000000, 0.0000000000000000000 ) ) ;
#9322 = DIRECTION ( 'NONE',  ( 0.0000000000000000000, -0.0000000000000000000, 1.000000000000000000 ) ) ;
#9323 = EDGE_CURVE ( 'NONE', #11642, #6447, #1900, .T. ) ;
#9324 = DIRECTION ( 'NONE',  ( 0.0000000000000000000, 0.0000000000000000000, -1.000000000000000000 ) ) ;
#9325 = CARTESIAN_POINT ( 'NONE',  ( 0.6248013625038911800, 0.005000889936668351900, 0.7525478357039752100 ) ) ;
#9326 = DIRECTION ( 'NONE',  ( 0.0000000000000000000, 0.0000000000000000000, 1.000000000000000000 ) ) ;
#9327 = DIRECTION ( 'NONE',  ( -0.0000000000000000000, 1.000000000000000000, -0.0000000000000000000 ) ) ;
#9328 = CARTESIAN_POINT ( 'NONE',  ( 0.6404848803876341800, 0.2039020254251612300, 0.7291643682513411200 ) ) ;
#9329 = LINE ( 'NONE', #136, #2397 ) ;
#9330 = SURFACE_SIDE_STYLE ('',( #10431 ) ) ;
#9331 = ORIENTED_EDGE ( 'NONE', *, *, #922, .T. ) ;
#9332 = AXIS2_PLACEMENT_3D ( 'NONE', #4465, #4583, #3651 ) ;
#9333 = EDGE_CURVE ( 'NONE', #11069, #10903, #10641, .T. ) ;
#9334 = DIRECTION ( 'NONE',  ( 0.0000000000000000000, 0.0000000000000000000, 1.000000000000000000 ) ) ;
#9335 = CARTESIAN_POINT ( 'NONE',  ( -0.3100000000000000000, 0.8792893218813447900, 0.1749999999999999100 ) ) ;
#9336 = AXIS2_PLACEMENT_3D ( 'NONE', #8681, #9620, #3967 ) ;
#9337 = CYLINDRICAL_SURFACE ( 'NONE', #9342, 0.02499999999999998400 ) ;
#9338 = DIRECTION ( 'NONE',  ( 0.0000000000000000000, 0.0000000000000000000, 1.000000000000000000 ) ) ;
#9339 = ORIENTED_EDGE ( 'NONE', *, *, #2951, .T. ) ;
#9340 = VERTEX_POINT ( 'NONE', #4017 ) ;
#9341 = DIRECTION ( 'NONE',  ( 1.000000000000000000, 0.0000000000000000000, 0.0000000000000000000 ) ) ;
#9342 = AXIS2_PLACEMENT_3D ( 'NONE', #6633, #3823, #11412 ) ;
#9343 = CARTESIAN_POINT ( 'NONE',  ( 0.5861139766068876900, 0.1871536021859582000, 0.7532801439165134300 ) ) ;
#9344 = AXIS2_PLACEMENT_3D ( 'NONE', #9912, #5267, #7150 ) ;
#9345 = EDGE_CURVE ( 'NONE', #6119, #5066, #10, .T. ) ;
#9346 = ORIENTED_EDGE ( 'NONE', *, *, #3923, .F. ) ;
#9347 = ORIENTED_EDGE ( 'NONE', *, *, #7684, .T. ) ;
#9348 = EDGE_LOOP ( 'NONE', ( #4565, #9191, #10576, #8312 ) ) ;
#9349 = ADVANCED_FACE ( 'NONE', ( #2919 ), #5285, .F. ) ;
#9350 = CARTESIAN_POINT ( 'NONE',  ( -0.6083333333332181500, 0.01675755133991480700, 0.7763604013744224200 ) ) ;
#9351 = DIRECTION ( 'NONE',  ( 0.0000000000000000000, 0.0000000000000000000, 1.000000000000000000 ) ) ;
#9352 = CARTESIAN_POINT ( 'NONE',  ( 0.6083333333333331700, 0.02166666666737636000, 0.7833054857617750600 ) ) ;
#9353 = FACE_OUTER_BOUND ( 'NONE', #541, .T. ) ;
#9354 = CARTESIAN_POINT ( 'NONE',  ( -0.6416666666666661600, 0.2083333333333335400, 0.7259470610297853500 ) ) ;
#9355 = VERTEX_POINT ( 'NONE', #10876 ) ;
#9356 = MANIFOLD_SOLID_BREP ( 'Boss-Extrude4[17]', #9029 ) ;
#9357 = DIRECTION ( 'NONE',  ( 0.0000000000000000000, 0.0000000000000000000, -1.000000000000000000 ) ) ;
#9358 = AXIS2_PLACEMENT_3D ( 'NONE', #2512, #6216, #9055 ) ;
#9359 = ORIENTED_EDGE ( 'NONE', *, *, #10693, .T. ) ;
#9360 = ORIENTED_EDGE ( 'NONE', *, *, #2303, .T. ) ;
#9361 = CARTESIAN_POINT ( 'NONE',  ( -0.3499999999999997000, 0.1777777777777780100, 0.7320634920634921900 ) ) ;
#9362 = ORIENTED_EDGE ( 'NONE', *, *, #12186, .T. ) ;
#9363 = AXIS2_PLACEMENT_3D ( 'NONE', #991, #1828, #8439 ) ;
#9364 = CARTESIAN_POINT ( 'NONE',  ( 0.6409530041386215500, 0.2049591572320282300, 0.7283917180951294800 ) ) ;
#9365 = ADVANCED_FACE ( 'NONE', ( #7957 ), #503, .F. ) ;
#9366 = ORIENTED_EDGE ( 'NONE', *, *, #11739, .T. ) ;
#9367 = ORIENTED_EDGE ( 'NONE', *, *, #9654, .F. ) ;
#9368 = EDGE_CURVE ( 'NONE', #1608, #6849, #8131, .T. ) ;
#9369 = ORIENTED_EDGE ( 'NONE', *, *, #7263, .F. ) ;
#9370 = EDGE_LOOP ( 'NONE', ( #4945, #249, #428, #7886, #4702, #1573 ) ) ;
#9371 = VERTEX_POINT ( 'NONE', #593 ) ;
#9372 = CARTESIAN_POINT ( 'NONE',  ( -0.6449999999999999100, 0.9499999999999999600, -0.2200000000000001400 ) ) ;
#9373 = DIRECTION ( 'NONE',  ( 0.0000000000000000000, 0.0000000000000000000, 1.000000000000000000 ) ) ;
#9374 = FACE_OUTER_BOUND ( 'NONE', #8985, .T. ) ;
#9375 = MECHANICAL_DESIGN_GEOMETRIC_PRESENTATION_REPRESENTATION (  '', ( #4950 ), #1563 ) ;
#9376 = CARTESIAN_POINT ( 'NONE',  ( -0.2125000000000000200, 0.9499999999999999600, 0.02500000000000010900 ) ) ;
#9377 = EDGE_LOOP ( 'NONE', ( #4539, #9511, #2712, #7018 ) ) ;
#9378 = VERTEX_POINT ( 'NONE', #7167 ) ;
#9379 = CARTESIAN_POINT ( 'NONE',  ( 0.7638888888888886200, 0.02222222222222208800, 0.7542857142857141200 ) ) ;
#9380 = EDGE_LOOP ( 'NONE', ( #5690, #8481, #8493, #3766 ) ) ;
#9381 = ORIENTED_EDGE ( 'NONE', *, *, #4584, .T. ) ;
#9382 = ORIENTED_EDGE ( 'NONE', *, *, #4885, .T. ) ;
#9383 = EDGE_CURVE ( 'NONE', #7775, #11025, #1303, .T. ) ;
#9384 = ORIENTED_EDGE ( 'NONE', *, *, #11994, .F. ) ;
#9385 = EDGE_CURVE ( 'NONE', #6729, #8918, #11104, .T. ) ;
#9386 = VECTOR ( 'NONE', #5505, 1000.000000000000000 ) ;
#9387 = VERTEX_POINT ( 'NONE', #8085 ) ;
#9388 = CARTESIAN_POINT ( 'NONE',  ( 0.5861111111111112500, 0.1777777777777780100, 0.7765079365079360400 ) ) ;
#9389 = EDGE_CURVE ( 'NONE', #3978, #3951, #10037, .T. ) ;
#9390 = CIRCLE ( 'NONE', #1184, 0.02499999999999995600 ) ;
#9391 = CARTESIAN_POINT ( 'NONE',  ( -0.2549999999999999500, 0.9499999999999999600, 0.1499999999999999700 ) ) ;
#9392 = AXIS2_PLACEMENT_3D ( 'NONE', #4156, #5288, #9933 ) ;
#9393 = ORIENTED_EDGE ( 'NONE', *, *, #10134, .T. ) ;
#9394 = DIRECTION ( 'NONE',  ( 0.0000000000000000000, 1.000000000000000000, -0.0000000000000000000 ) ) ;
#9395 = CIRCLE ( 'NONE', #4994, 0.02500000000000007800 ) ;
#9396 = CARTESIAN_POINT ( 'NONE',  ( -0.7050297884457903400, 0.2044187433149323400, 0.7724091971811178900 ) ) ;
#9397 = DIRECTION ( 'NONE',  ( 0.0000000000000000000, 0.0000000000000000000, -1.000000000000000000 ) ) ;
#9398 = CIRCLE ( 'NONE', #7337, 0.005555555555555521900 ) ;
#9399 = AXIS2_PLACEMENT_3D ( 'NONE', #5717, #3732, #1922 ) ;
#9400 = LINE ( 'NONE', #3943, #11513 ) ;
#9401 = LINE ( 'NONE', #6916, #3784 ) ;
#9402 = CARTESIAN_POINT ( 'NONE',  ( -0.3075000000000000500, 1.000000000000000000, 8.131516293641283300E-017 ) ) ;
#9403 = FACE_OUTER_BOUND ( 'NONE', #3306, .T. ) ;
#9404 = ORIENTED_EDGE ( 'NONE', *, *, #1895, .F. ) ;
#9405 = ORIENTED_EDGE ( 'NONE', *, *, #11999, .F. ) ;
#9406 = EDGE_CURVE ( 'NONE', #9262, #58, #8251, .T. ) ;
#9407 = ORIENTED_EDGE ( 'NONE', *, *, #3002, .T. ) ;
#9408 =( LENGTH_UNIT ( ) NAMED_UNIT ( * ) SI_UNIT ( .MILLI., .METRE. ) );
#9409 = AXIS2_PLACEMENT_3D ( 'NONE', #33, #1910, #6605 ) ;
#9410 = DIRECTION ( 'NONE',  ( -1.000000000000000000, -0.0000000000000000000, 1.084202172485504400E-016 ) ) ;
#9411 = ORIENTED_EDGE ( 'NONE', *, *, #3118, .T. ) ;
#9412 = FACE_OUTER_BOUND ( 'NONE', #537, .T. ) ;
#9413 = LINE ( 'NONE', #5236, #8240 ) ;
#9414 = FACE_OUTER_BOUND ( 'NONE', #6701, .T. ) ;
#9415 = DIRECTION ( 'NONE',  ( 1.000000000000000000, 0.0000000000000000000, -1.084202172485504400E-016 ) ) ;
#9416 = ORIENTED_EDGE ( 'NONE', *, *, #57, .T. ) ;
#9417 = PLANE ( 'NONE',  #2812 ) ;
#9418 = VERTEX_POINT ( 'NONE', #10147 ) ;
#9419 = AXIS2_PLACEMENT_3D ( 'NONE', #1940, #9572, #3908 ) ;
#9420 = CARTESIAN_POINT ( 'NONE',  ( -0.7638888888888886200, 0.02166666666666649700, 0.7765044641500698000 ) ) ;
#9421 = CARTESIAN_POINT ( 'NONE',  ( -0.6510934199995984700, 0.2910426493060034300, 0.7235339469219318500 ) ) ;
#9422 = CARTESIAN_POINT ( 'NONE',  ( -0.6423923406191538500, 0.2063553734807835900, 0.7670110288547947700 ) ) ;
#9423 = CARTESIAN_POINT ( 'NONE',  ( -0.7066373719584490000, 0.2000000000000002100, 0.7741250629171413400 ) ) ;
#9424 = EDGE_CURVE ( 'NONE', #10974, #1983, #6022, .T. ) ;
#9425 = CARTESIAN_POINT ( 'NONE',  ( -0.9999999999999997800, 0.1777777777777780100, -0.7999999999999999300 ) ) ;
#9426 = PRESENTATION_STYLE_ASSIGNMENT (( #3933 ) ) ;
#9427 = ORIENTED_EDGE ( 'NONE', *, *, #1581, .F. ) ;
#9428 = EDGE_LOOP ( 'NONE', ( #3630, #5701, #7919, #5542 ) ) ;
#9429 = ADVANCED_FACE ( 'NONE', ( #8403 ), #303, .T. ) ;
#9430 = EDGE_CURVE ( 'NONE', #8805, #9536, #732, .T. ) ;
#9431 = CARTESIAN_POINT ( 'NONE',  ( 0.9777777777777786300, 0.1899999999999999700, 0.7098412698412697200 ) ) ;
#9432 = CIRCLE ( 'NONE', #8538, 0.02222222222222198000 ) ;
#9433 = FACE_OUTER_BOUND ( 'NONE', #11216, .T. ) ;
#9434 = AXIS2_PLACEMENT_3D ( 'NONE', #832, #4559, #5499 ) ;
#9435 = CARTESIAN_POINT ( 'NONE',  ( -0.6449999999999999100, 1.000000000000000000, -0.2450000000000000000 ) ) ;
#9436 = CYLINDRICAL_SURFACE ( 'NONE', #3799, 0.02499999999999990400 ) ;
#9437 = CARTESIAN_POINT ( 'NONE',  ( -0.3549999999999999800, 1.000000000000000000, 0.2450000000000001100 ) ) ;
#9438 = ORIENTED_EDGE ( 'NONE', *, *, #8967, .F. ) ;
#9439 = CARTESIAN_POINT ( 'NONE',  ( -0.6083333333333331700, 0.1833333333333334600, 0.7777777777777780100 ) ) ;
#9440 = CARTESIAN_POINT ( 'NONE',  ( -0.6128216603831478900, 0.01028836178613209600, 0.7672860873109402800 ) ) ;
#9441 = DIRECTION ( 'NONE',  ( -1.000000000000000000, -0.0000000000000000000, -0.0000000000000000000 ) ) ;
#9442 = TOROIDAL_SURFACE ( 'NONE', #6238, 0.02222222222222244900, 0.02222222222222200100 ) ;
#9443 = VECTOR ( 'NONE', #9641, 1000.000000000000000 ) ;
#9444 = VECTOR ( 'NONE', #5518, 1000.000000000000000 ) ;
#9445 = AXIS2_PLACEMENT_3D ( 'NONE', #11212, #774, #814 ) ;
#9446 = AXIS2_PLACEMENT_3D ( 'NONE', #4693, #12, #5483 ) ;
#9447 = CARTESIAN_POINT ( 'NONE',  ( 0.9555555555555560500, 0.1777777777777780100, 0.7320634920634920800 ) ) ;
#9448 = CIRCLE ( 'NONE', #2171, 0.02222222222222198000 ) ;
#9449 = DIRECTION ( 'NONE',  ( 0.0000000000000000000, 0.0000000000000000000, -1.000000000000000000 ) ) ;
#9450 = DIRECTION ( 'NONE',  ( 0.0000000000000000000, 1.000000000000000000, 0.0000000000000000000 ) ) ;
#9451 = ORIENTED_EDGE ( 'NONE', *, *, #11503, .T. ) ;
#9452 = CARTESIAN_POINT ( 'NONE',  ( 0.7416666666666664700, 0.1777777777777780100, 0.7833333333333335500 ) ) ;
#9453 = CARTESIAN_POINT ( 'NONE',  ( 0.7051947941444535200, 0.2002922794412333700, 0.7759006639614161000 ) ) ;
#9454 = EDGE_CURVE ( 'NONE', #10331, #1065, #7511, .T. ) ;
#9455 = CARTESIAN_POINT ( 'NONE',  ( -0.3499999999999997000, 0.0000000000000000000, 0.0000000000000000000 ) ) ;
#9456 = CARTESIAN_POINT ( 'NONE',  ( -0.9777777777777777500, 0.1777777777777780100, 0.7542857142857142300 ) ) ;
#9457 = CARTESIAN_POINT ( 'NONE',  ( 0.7250000000000000900, 0.1777777777777776700, 0.7777777777777780100 ) ) ;
#9458 = EDGE_CURVE ( 'NONE', #7777, #1851, #6611, .T. ) ;
#9459 = DIRECTION ( 'NONE',  ( 0.0000000000000000000, 0.0000000000000000000, -1.000000000000000000 ) ) ;
#9460 = CIRCLE ( 'NONE', #7463, 0.02499999999999984900 ) ;
#9461 = AXIS2_PLACEMENT_3D ( 'NONE', #909, #7536, #2757 ) ;
#9462 = CIRCLE ( 'NONE', #11452, 0.02222222222222198000 ) ;
#9463 = CARTESIAN_POINT ( 'NONE',  ( -0.3499999999999997000, 0.1900000000000000600, -0.7777777777777780100 ) ) ;
#9464 = B_SPLINE_CURVE_WITH_KNOTS ( 'NONE', 3,
 ( #10172, #2601, #11185, #7384, #8377, #6475, #2718, #673, #1736, #10086, #4427, #1619, #2560, #12069, #877, #6584 ),
 .UNSPECIFIED., .F., .F.,
 ( 4, 3, 3, 3, 3, 4 ),
 ( 0.0000000000000000000, 2.797281817593674300E-006, 5.693016170058600700E-006, 8.375529155921231000E-006, 1.098054665276681200E-005, 1.360011422679930500E-005 ),
 .UNSPECIFIED. ) ;
#9465 = DIRECTION ( 'NONE',  ( -0.0000000000000000000, -1.000000000000000000, -0.0000000000000000000 ) ) ;
#9466 = CARTESIAN_POINT ( 'NONE',  ( 0.7312249944446963500, 0.2000008442952040100, 0.7390508765806415000 ) ) ;
#9467 = CARTESIAN_POINT ( 'NONE',  ( -0.4500000000000000100, 1.000000000000000000, -0.2200000000000000300 ) ) ;
#9468 = CARTESIAN_POINT ( 'NONE',  ( 0.7415689104883218500, 0.01986417236802009300, 0.7762521552731019800 ) ) ;
#9469 = EDGE_CURVE ( 'NONE', #1578, #5096, #2507, .T. ) ;
#9470 = FACE_OUTER_BOUND ( 'NONE', #9963, .T. ) ;
#9471 = VERTEX_POINT ( 'NONE', #697 ) ;
#9472 = CARTESIAN_POINT ( 'NONE',  ( -0.6160335680469761800, 0.007443518746191871000, 0.7612203942891370100 ) ) ;
#9473 = DIRECTION ( 'NONE',  ( 0.0000000000000000000, 0.0000000000000000000, -1.000000000000000000 ) ) ;
#9474 = ADVANCED_FACE ( 'NONE', ( #438 ), #657, .T. ) ;
#9475 = FACE_OUTER_BOUND ( 'NONE', #8231, .T. ) ;
#9476 = ORIENTED_EDGE ( 'NONE', *, *, #10246, .T. ) ;
#9477 = VERTEX_POINT ( 'NONE', #11090 ) ;
#9478 = DIRECTION ( 'NONE',  ( 0.0000000000000000000, -0.0000000000000000000, 1.000000000000000000 ) ) ;
#9479 = CARTESIAN_POINT ( 'NONE',  ( -0.6899999999999999500, 1.000000000000000000, -0.1749999999999997700 ) ) ;
#9480 = EDGE_CURVE ( 'NONE', #1891, #10299, #4714, .T. ) ;
#9481 = CIRCLE ( 'NONE', #1207, 0.02500000000000006400 ) ;
#9482 = CARTESIAN_POINT ( 'NONE',  ( -0.9555555555555553800, 0.1899999999999999700, 0.7098412698412699400 ) ) ;
#9483 = CARTESIAN_POINT ( 'NONE',  ( -0.4999999999999998900, 0.8792893218813447900, 0.2900000000000000400 ) ) ;
#9484 = CYLINDRICAL_SURFACE ( 'NONE', #9284, 0.02222222222222198000 ) ;
#9485 = AXIS2_PLACEMENT_3D ( 'NONE', #4808, #3847, #11435 ) ;
#9486 = DIRECTION ( 'NONE',  ( 0.0000000000000000000, 1.000000000000000000, 0.0000000000000000000 ) ) ;
#9487 = CARTESIAN_POINT ( 'NONE',  ( -0.6534391122540854600, 0.2950003674461796300, 0.7217348426768172000 ) ) ;
#9488 = ORIENTED_EDGE ( 'NONE', *, *, #162, .F. ) ;
#9489 = CARTESIAN_POINT ( 'NONE',  ( 0.9555555555555553800, 0.1777777777777780100, -0.7555555555555557600 ) ) ;
#9490 = DIRECTION ( 'NONE',  ( 1.000000000000000000, -0.0000000000000000000, -0.0000000000000000000 ) ) ;
#9491 = ORIENTED_EDGE ( 'NONE', *, *, #11251, .F. ) ;
#9492 = ADVANCED_FACE ( 'NONE', ( #3061 ), #5163, .T. ) ;
#9493 = DIRECTION ( 'NONE',  ( 0.0000000000000000000, 1.000000000000000000, 0.0000000000000000000 ) ) ;
#9494 = ORIENTED_EDGE ( 'NONE', *, *, #2831, .F. ) ;
#9495 = DIRECTION ( 'NONE',  ( 0.6837055446617298400, 0.0000000000000000000, 0.7297579928981986500 ) ) ;
#9496 = PLANE ( 'NONE',  #8955 ) ;
#9497 = AXIS2_PLACEMENT_3D ( 'NONE', #11147, #7229, #5460 ) ;
#9498 = ORIENTED_EDGE ( 'NONE', *, *, #6831, .T. ) ;
#9499 = MANIFOLD_SOLID_BREP ( 'Combine3', #4868 ) ;
#9500 = CARTESIAN_POINT ( 'NONE',  ( -0.9777777777777777500, 0.1999999999999999800, 0.0000000000000000000 ) ) ;
#9501 = ORIENTED_EDGE ( 'NONE', *, *, #7005, .T. ) ;
#9502 = ORIENTED_EDGE ( 'NONE', *, *, #7096, .F. ) ;
#9503 = EDGE_LOOP ( 'NONE', ( #6864, #1896, #10389, #3018, #11685, #9553, #5829, #6416, #7226, #5169 ) ) ;
#9504 = EDGE_CURVE ( 'NONE', #6431, #3657, #8116, .T. ) ;
#9505 = CARTESIAN_POINT ( 'NONE',  ( -0.6413298481771136900, 0.1999832060897762700, 0.7786415566699193000 ) ) ;
#9506 = CARTESIAN_POINT ( 'NONE',  ( 1.000000000000000200, 0.1999999999999999800, 0.7542857142857141200 ) ) ;
#9507 = FACE_OUTER_BOUND ( 'NONE', #3556, .T. ) ;
#9508 = CARTESIAN_POINT ( 'NONE',  ( 0.6499939254207746100, 0.2978634026317067400, 0.7145780037545167400 ) ) ;
#9509 = DIRECTION ( 'NONE',  ( 0.0000000000000000000, -1.000000000000000000, -1.185846126156016500E-015 ) ) ;
#9510 = AXIS2_PLACEMENT_3D ( 'NONE', #3419, #9917, #4393 ) ;
#9511 = ORIENTED_EDGE ( 'NONE', *, *, #9008, .T. ) ;
#9512 = DIRECTION ( 'NONE',  ( 0.0000000000000000000, 1.000000000000000000, 0.0000000000000000000 ) ) ;
#9513 =( NAMED_UNIT ( * ) SI_UNIT ( $, .STERADIAN. ) SOLID_ANGLE_UNIT ( ) );
#9514 = VERTEX_POINT ( 'NONE', #7986 ) ;
#9515 = VERTEX_POINT ( 'NONE', #5186 ) ;
#9516 = CLOSED_SHELL ( 'NONE', ( #3523, #7220, #8807, #6280, #10009, #1451, #12169, #11158, #603, #4418, #8448, #3542, #1396, #6201, #3051, #100, #7565, #1064, #6165, #1804, #6446, #2885, #9921 ) ) ;
#9517 = CIRCLE ( 'NONE', #1611, 0.02499999999999984900 ) ;
#9518 = CARTESIAN_POINT ( 'NONE',  ( -0.3100000000000000500, 1.000000000000000000, -0.1499999999999999100 ) ) ;
#9519 = FACE_OUTER_BOUND ( 'NONE', #5170, .T. ) ;
#9520 = EDGE_CURVE ( 'NONE', #10903, #4359, #3948, .T. ) ;
#9521 = ORIENTED_EDGE ( 'NONE', *, *, #4944, .T. ) ;
#9522 = DIRECTION ( 'NONE',  ( 0.0000000000000000000, 0.0000000000000000000, 1.000000000000000000 ) ) ;
#9523 = VERTEX_POINT ( 'NONE', #10730 ) ;
#9524 = ORIENTED_EDGE ( 'NONE', *, *, #2522, .T. ) ;
#9525 = EDGE_LOOP ( 'NONE', ( #2009, #1750, #8641, #1726 ) ) ;
#9526 = CARTESIAN_POINT ( 'NONE',  ( -0.7166666666666667900, 0.2083333333333334800, 0.7614445778845514400 ) ) ;
#9527 = AXIS2_PLACEMENT_3D ( 'NONE', #4546, #85, #3816 ) ;
#9528 = ORIENTED_EDGE ( 'NONE', *, *, #1048, .T. ) ;
#9529 = CARTESIAN_POINT ( 'NONE',  ( -0.6899999999999999500, 1.000000000000000000, -0.1499999999999999100 ) ) ;
#9530 = VECTOR ( 'NONE', #11473, 1000.000000000000000 ) ;
#9531 = SURFACE_SIDE_STYLE ('',( #11267 ) ) ;
#9532 = CIRCLE ( 'NONE', #1541, 0.02500000000000006400 ) ;
#9533 = CARTESIAN_POINT ( 'NONE',  ( 0.7066586345818213200, 0.2936573986107892100, 0.7222880631887936800 ) ) ;
#9534 = VERTEX_POINT ( 'NONE', #9878 ) ;
#9535 = DIRECTION ( 'NONE',  ( 0.0000000000000000000, 0.0000000000000000000, -1.000000000000000000 ) ) ;
#9536 = VERTEX_POINT ( 'NONE', #8887 ) ;
#9537 = DIRECTION ( 'NONE',  ( 0.0000000000000000000, 0.0000000000000000000, 1.000000000000000000 ) ) ;
#9538 = PLANE ( 'NONE',  #8340 ) ;
#9539 = ORIENTED_EDGE ( 'NONE', *, *, #9976, .T. ) ;
#9540 = EDGE_CURVE ( 'NONE', #6849, #7475, #1886, .T. ) ;
#9541 = ADVANCED_FACE ( 'NONE', ( #289 ), #9018, .F. ) ;
#9542 = EDGE_CURVE ( 'NONE', #3347, #9664, #12018, .T. ) ;
#9543 = VERTEX_POINT ( 'NONE', #402 ) ;
#9544 = CARTESIAN_POINT ( 'NONE',  ( -0.6925000000000000000, 0.9499999999999999600, 8.131516293641283300E-017 ) ) ;
#9545 = CIRCLE ( 'NONE', #11571, 0.4999999999999997800 ) ;
#9546 = CARTESIAN_POINT ( 'NONE',  ( -0.5500000000000000400, 1.000000000000000000, -0.1949999999999999500 ) ) ;
#9547 = CYLINDRICAL_SURFACE ( 'NONE', #532, 0.02222222222222198000 ) ;
#9548 = TOROIDAL_SURFACE ( 'NONE', #6802, 0.005555555555555511500, 0.01666666666666650000 ) ;
#9549 = DIRECTION ( 'NONE',  ( 0.0000000000000000000, -1.000000000000000000, 0.0000000000000000000 ) ) ;
#9550 = AXIS2_PLACEMENT_3D ( 'NONE', #1745, #10183, #8187 ) ;
#9551 = CARTESIAN_POINT ( 'NONE',  ( -0.2549999999999999500, 0.8792893218813447900, 0.1499999999999999700 ) ) ;
#9552 = SURFACE_STYLE_FILL_AREA ( #8020 ) ;
#9553 = ORIENTED_EDGE ( 'NONE', *, *, #455, .F. ) ;
#9554 = ORIENTED_EDGE ( 'NONE', *, *, #329, .T. ) ;
#9555 = CARTESIAN_POINT ( 'NONE',  ( -0.6449999999999999100, 0.9499999999999999600, 0.2450000000000001100 ) ) ;
#9556 = CARTESIAN_POINT ( 'NONE',  ( 0.7638888888888886200, 0.1805555555555557500, 0.7541114196556968400 ) ) ;
#9557 = DIRECTION ( 'NONE',  ( 0.0000000000000000000, 1.000000000000000000, -0.0000000000000000000 ) ) ;
#9558 = CARTESIAN_POINT ( 'NONE',  ( 0.7273783985246943300, 0.005170576274227921300, 0.7532928279264393700 ) ) ;
#9559 = DIRECTION ( 'NONE',  ( 0.0000000000000000000, 1.000000000000000000, 0.0000000000000000000 ) ) ;
#9560 = ORIENTED_EDGE ( 'NONE', *, *, #316, .T. ) ;
#9561 = AXIS2_PLACEMENT_3D ( 'NONE', #1727, #10281, #6499 ) ;
#9562 = FACE_OUTER_BOUND ( 'NONE', #1407, .T. ) ;
#9563 = CARTESIAN_POINT ( 'NONE',  ( -0.6916666666666663200, 0.3000000000000000400, 0.7140968530029925300 ) ) ;
#9564 = ADVANCED_FACE ( 'NONE', ( #5586 ), #7495, .T. ) ;
#9565 = VECTOR ( 'NONE', #4699, 1000.000000000000000 ) ;
#9566 = FACE_OUTER_BOUND ( 'NONE', #10612, .T. ) ;
#9567 = EDGE_CURVE ( 'NONE', #3119, #4397, #6751, .T. ) ;
#9568 = ORIENTED_EDGE ( 'NONE', *, *, #5480, .T. ) ;
#9569 = ORIENTED_EDGE ( 'NONE', *, *, #11597, .F. ) ;
#9570 = EDGE_CURVE ( 'NONE', #2904, #557, #4255, .T. ) ;
#9571 = AXIS2_PLACEMENT_3D ( 'NONE', #6116, #1423, #2374 ) ;
#9572 = DIRECTION ( 'NONE',  ( -1.000000000000000000, 0.0000000000000000000, 0.0000000000000000000 ) ) ;
#9573 = LINE ( 'NONE', #4814, #11540 ) ;
#9574 = CYLINDRICAL_SURFACE ( 'NONE', #8168, 0.02500000000000008100 ) ;
#9575 = CARTESIAN_POINT ( 'NONE',  ( 0.7416666666666664700, 0.1833333333333334600, 0.7761593472479014800 ) ) ;
#9576 = DIRECTION ( 'NONE',  ( 1.000000000000000000, 0.0000000000000000000, -1.084202172485504400E-016 ) ) ;
#9577 = FACE_OUTER_BOUND ( 'NONE', #7168, .T. ) ;
#9578 = VERTEX_POINT ( 'NONE', #5218 ) ;
#9579 = AXIS2_PLACEMENT_3D ( 'NONE', #2946, #4818, #10487 ) ;
#9580 = ORIENTED_EDGE ( 'NONE', *, *, #7997, .F. ) ;
#9581 =( BOUNDED_SURFACE ( )  B_SPLINE_SURFACE ( 3, 2, ( 
 ( #2191, #1098, #4077 ),
 ( #3994, #5893, #9748 ),
 ( #187, #6756, #3033 ),
 ( #6797, #10635, #356 ),
 ( #2984, #7751, #4902 ),
 ( #6835, #1274, #221 ) ),
 .UNSPECIFIED., .F., .F., .T. ) 
 B_SPLINE_SURFACE_WITH_KNOTS ( ( 4, 2, 4 ),
 ( 3, 3 ),
 ( -5.251604272976662100E-020, 3.826139082364480100E-005, 7.652278164728965600E-005 ),
 ( 0.0000000000000000000, 1.000000000000000000 ),
 .UNSPECIFIED. ) 
 GEOMETRIC_REPRESENTATION_ITEM ( )  RATIONAL_B_SPLINE_SURFACE ( (
 ( 1.000000000000000000, 0.7071067811866345000, 1.000000000000000000),
 ( 1.000000000000000000, 0.7271094182729344000, 1.000000000000000000),
 ( 1.000000000000000000, 0.8299654880037467000, 1.000000000000000000),
 ( 1.000000000000000000, 0.9629808522510753300, 1.000000000000000000),
 ( 1.000000000000000000, 1.000452970100842000, 1.000000000000000000),
 ( 1.000000000000000000, 1.000000000000000000, 1.000000000000000000) ) ) 
 REPRESENTATION_ITEM ( '' )  SURFACE ( )  );
#9582 = DIRECTION ( 'NONE',  ( 0.0000000000000000000, 1.000000000000000000, 0.0000000000000000000 ) ) ;
#9583 = AXIS2_PLACEMENT_3D ( 'NONE', #7985, #3123, #3251 ) ;
#9584 = ADVANCED_FACE ( 'NONE', ( #10629 ), #6600, .T. ) ;
#9585 = DIRECTION ( 'NONE',  ( 0.0000000000000000000, 0.0000000000000000000, 1.000000000000000000 ) ) ;
#9586 = CARTESIAN_POINT ( 'NONE',  ( 0.3499999999999998100, 0.1899999999999999700, 0.7320634920634921900 ) ) ;
#9587 = EDGE_CURVE ( 'NONE', #1398, #7938, #10951, .T. ) ;
#9588 = DIRECTION ( 'NONE',  ( 0.0000000000000000000, 0.0000000000000000000, 1.000000000000000000 ) ) ;
#9589 = CYLINDRICAL_SURFACE ( 'NONE', #4317, 0.02222222222222198000 ) ;
#9590 = DIRECTION ( 'NONE',  ( 2.790226179190637400E-016, 0.0000000000000000000, 1.000000000000000000 ) ) ;
#9591 = CYLINDRICAL_SURFACE ( 'NONE', #1861, 0.02499999999999995600 ) ;
#9592 = VECTOR ( 'NONE', #8444, 1000.000000000000000 ) ;
#9593 = LINE ( 'NONE', #6423, #3976 ) ;
#9594 = CARTESIAN_POINT ( 'NONE',  ( -0.4499999999999999600, 0.8792893218813447900, 0.2200000000000001400 ) ) ;
#9595 = AXIS2_PLACEMENT_3D ( 'NONE', #4888, #3015, #9632 ) ;
#9596 = AXIS2_PLACEMENT_3D ( 'NONE', #11562, #3045, #9657 ) ;
#9597 = DIRECTION ( 'NONE',  ( -1.000000000000000000, 0.0000000000000000000, 0.0000000000000000000 ) ) ;
#9598 = CARTESIAN_POINT ( 'NONE',  ( -0.9777777777777777500, 0.1777777777777780100, 0.7098412698412699400 ) ) ;
#9599 = FACE_OUTER_BOUND ( 'NONE', #2563, .T. ) ;
#9600 = COLOUR_RGB ( '',1.000000000000000000, 1.000000000000000000, 1.000000000000000000 ) ;
#9601 = CARTESIAN_POINT ( 'NONE',  ( -0.6000000000000000900, 1.000000000000000000, 0.07499999999999992800 ) ) ;
#9602 = DIRECTION ( 'NONE',  ( 0.0000000000000000000, 1.000000000000000000, 0.0000000000000000000 ) ) ;
#9603 = CARTESIAN_POINT ( 'NONE',  ( -0.7064820718457066600, 0.2051706349123396700, 0.7703209492705880300 ) ) ;
#9604 = SURFACE_SIDE_STYLE ('',( #2169 ) ) ;
#9605 = EDGE_CURVE ( 'NONE', #1172, #10029, #5309, .T. ) ;
#9606 = CARTESIAN_POINT ( 'NONE',  ( -0.6920100660847839900, 0.2950819672131146400, 0.7216981796386449100 ) ) ;
#9607 = FACE_OUTER_BOUND ( 'NONE', #12113, .T. ) ;
#9608 = ORIENTED_EDGE ( 'NONE', *, *, #10219, .T. ) ;
#9609 = B_SPLINE_CURVE_WITH_KNOTS ( 'NONE', 3,
 ( #10692, #10826, #11644, #7846, #4173, #4089, #7019, #2198, #10779, #6844, #5140, #5050, #1329, #1199, #8794, #366, #5184, #1286, #7882, #3164, #6061, #443, #4140, #8925, #9875 ),
 .UNSPECIFIED., .F., .F.,
 ( 4, 3, 3, 3, 3, 3, 3, 3, 4 ),
 ( 3.388131789017201400E-021, 2.816113275607812200E-006, 4.881266848807191300E-006, 1.060106798023020500E-005, 1.986162174769108400E-005, 2.963353232343207500E-005, 3.406574622123171800E-005, 3.555755251313913400E-005, 3.656088115056503200E-005 ),
 .UNSPECIFIED. ) ;
#9610 = ADVANCED_FACE ( 'NONE', ( #4997 ), #9717, .T. ) ;
#9611 = AXIS2_PLACEMENT_3D ( 'NONE', #9551, #3889, #8484 ) ;
#9612 = CARTESIAN_POINT ( 'NONE',  ( -0.9555555555555553800, 0.1899999999999999700, 0.7320634920634921900 ) ) ;
#9613 = CARTESIAN_POINT ( 'NONE',  ( -0.9555555555555553800, 1.000000000000000000, 0.7320634920634923000 ) ) ;
#9614 = CARTESIAN_POINT ( 'NONE',  ( 0.6999999999999997300, 0.4999999999999996700, 1.177777777777777800 ) ) ;
#9615 = CIRCLE ( 'NONE', #5091, 0.02499999999999984900 ) ;
#9616 = DIRECTION ( 'NONE',  ( 1.000000000000000000, -0.0000000000000000000, -0.0000000000000000000 ) ) ;
#9617 = DIRECTION ( 'NONE',  ( 0.0000000000000000000, 0.0000000000000000000, 1.000000000000000000 ) ) ;
#9618 = EDGE_CURVE ( 'NONE', #7217, #2444, #1746, .T. ) ;
#9619 = VERTEX_POINT ( 'NONE', #10521 ) ;
#9620 = DIRECTION ( 'NONE',  ( 0.0000000000000000000, 1.000000000000000000, 0.0000000000000000000 ) ) ;
#9621 = ADVANCED_FACE ( 'NONE', ( #11996 ), #8487, .F. ) ;
#9622 = PLANE ( 'NONE',  #7618 ) ;
#9623 = DIRECTION ( 'NONE',  ( 0.0000000000000000000, 0.0000000000000000000, 1.000000000000000000 ) ) ;
#9624 = CARTESIAN_POINT ( 'NONE',  ( -0.5000000000000000000, 1.000000000000000000, 0.1000000000000000500 ) ) ;
#9625 = AXIS2_PLACEMENT_3D ( 'NONE', #1116, #5862, #10601 ) ;
#9626 = CIRCLE ( 'NONE', #6571, 0.02499999999999984900 ) ;
#9627 = CARTESIAN_POINT ( 'NONE',  ( 0.9555555555555560500, 0.1900000000000000600, 0.7098412698412697200 ) ) ;
#9628 = ORIENTED_EDGE ( 'NONE', *, *, #3930, .T. ) ;
#9629 = ORIENTED_EDGE ( 'NONE', *, *, #5908, .T. ) ;
#9630 = EDGE_CURVE ( 'NONE', #3865, #5264, #2493, .T. ) ;
#9631 = CARTESIAN_POINT ( 'NONE',  ( 0.6187662853550554000, 0.1989518814769141200, 0.7476386446180541800 ) ) ;
#9632 = DIRECTION ( 'NONE',  ( 0.0000000000000000000, 0.0000000000000000000, 1.000000000000000000 ) ) ;
#9633 = CARTESIAN_POINT ( 'NONE',  ( -0.6426039933866362100, 0.1999552071922143500, 0.7793613328977043700 ) ) ;
#9634 = CARTESIAN_POINT ( 'NONE',  ( 0.9777777777777786300, 0.1899999999999999700, 0.7098412698412697200 ) ) ;
#9635 =( LENGTH_UNIT ( ) NAMED_UNIT ( * ) SI_UNIT ( .MILLI., .METRE. ) );
#9636 = DIRECTION ( 'NONE',  ( 0.0000000000000000000, 0.0000000000000000000, -1.000000000000000000 ) ) ;
#9637 = EDGE_CURVE ( 'NONE', #11974, #10974, #6866, .T. ) ;
#9638 = CARTESIAN_POINT ( 'NONE',  ( -1.377777777777777800, 0.5000000000000000000, 0.0000000000000000000 ) ) ;
#9639 = ORIENTED_EDGE ( 'NONE', *, *, #11894, .T. ) ;
#9640 = ADVANCED_FACE ( 'NONE', ( #2182 ), #12284, .F. ) ;
#9641 = DIRECTION ( 'NONE',  ( 1.000000000000000000, -0.0000000000000000000, -1.084202172485504800E-016 ) ) ;
#9642 = ORIENTED_EDGE ( 'NONE', *, *, #8929, .T. ) ;
#9643 = EDGE_LOOP ( 'NONE', ( #1566, #983, #3281, #8651 ) ) ;
#9644 = CARTESIAN_POINT ( 'NONE',  ( 0.6416666666656689600, 0.2868852459021520900, 0.7254702478981195400 ) ) ;
#9645 = CYLINDRICAL_SURFACE ( 'NONE', #63, 0.01666666666666700000 ) ;
#9646 = LINE ( 'NONE', #3793, #4639 ) ;
#9647 = ORIENTED_EDGE ( 'NONE', *, *, #3118, .F. ) ;
#9648 = CARTESIAN_POINT ( 'NONE',  ( -0.7014822838967042000, 0.2999999999999999900, 0.7141340912826147400 ) ) ;
#9649 = AXIS2_PLACEMENT_3D ( 'NONE', #12272, #8492, #5760 ) ;
#9650 = ORIENTED_EDGE ( 'NONE', *, *, #2165, .F. ) ;
#9651 = ORIENTED_EDGE ( 'NONE', *, *, #4921, .F. ) ;
#9652 = ORIENTED_EDGE ( 'NONE', *, *, #3610, .F. ) ;
#9653 = DIRECTION ( 'NONE',  ( -0.0000000000000000000, 1.000000000000000000, -0.0000000000000000000 ) ) ;
#9654 = EDGE_CURVE ( 'NONE', #9786, #2317, #11681, .T. ) ;
#9655 = ORIENTED_EDGE ( 'NONE', *, *, #571, .T. ) ;
#9656 = CARTESIAN_POINT ( 'NONE',  ( -0.6087808928011608800, 0.004271822675979365100, 0.7451635041483747300 ) ) ;
#9657 = DIRECTION ( 'NONE',  ( 0.0000000000000000000, 0.0000000000000000000, 1.000000000000000000 ) ) ;
#9658 = VERTEX_POINT ( 'NONE', #4775 ) ;
#9659 = ORIENTED_EDGE ( 'NONE', *, *, #7885, .F. ) ;
#9660 = UNCERTAINTY_MEASURE_WITH_UNIT (LENGTH_MEASURE( 1.000000000000000100E-005 ), #10443, 'distance_accuracy_value', 'NONE');
#9661 = CARTESIAN_POINT ( 'NONE',  ( -0.7418683023983072600, 0.02393909724767598700, 0.7543137130404767900 ) ) ;
#9662 = CARTESIAN_POINT ( 'NONE',  ( -0.6900000000000000600, 1.000000000000000000, 0.1499999999999999700 ) ) ;
#9663 = ORIENTED_EDGE ( 'NONE', *, *, #1836, .T. ) ;
#9664 = VERTEX_POINT ( 'NONE', #1014 ) ;
#9665 = CARTESIAN_POINT ( 'NONE',  ( 0.6449702115542067500, 0.2044187433149336500, 0.7724091971811153400 ) ) ;
#9666 = VERTEX_POINT ( 'NONE', #6631 ) ;
#9667 = ORIENTED_EDGE ( 'NONE', *, *, #1448, .F. ) ;
#9668 =( GEOMETRIC_REPRESENTATION_CONTEXT ( 3 ) GLOBAL_UNCERTAINTY_ASSIGNED_CONTEXT ( ( #6029 ) ) GLOBAL_UNIT_ASSIGNED_CONTEXT ( ( #11138, #6343, #4460 ) ) REPRESENTATION_CONTEXT ( 'NONE', 'WORKASPACE' ) );
#9669 = DIRECTION ( 'NONE',  ( 0.0000000000000000000, 0.0000000000000000000, 1.000000000000000000 ) ) ;
#9670 = LINE ( 'NONE', #2852, #4527 ) ;
#9671 = ADVANCED_FACE ( 'NONE', ( #8392 ), #7615, .F. ) ;
#9672 = MECHANICAL_DESIGN_GEOMETRIC_PRESENTATION_REPRESENTATION (  '', ( #8889 ), #10829 ) ;
#9673 = DIRECTION ( 'NONE',  ( 0.0000000000000000000, 1.000000000000000000, 0.0000000000000000000 ) ) ;
#9674 = EDGE_LOOP ( 'NONE', ( #8384, #4643, #11096, #6540 ) ) ;
#9675 = CARTESIAN_POINT ( 'NONE',  ( -0.7638888888888885100, 0.02222222222222208800, 0.7542857142857142300 ) ) ;
#9676 = ORIENTED_EDGE ( 'NONE', *, *, #1909, .F. ) ;
#9677 = DIRECTION ( 'NONE',  ( 1.000000000000000000, 0.0000000000000000000, 0.0000000000000000000 ) ) ;
#9678 = CARTESIAN_POINT ( 'NONE',  ( 0.7004866454638857300, 0.1997656017279598700, 0.7809969016383354600 ) ) ;
#9679 = ORIENTED_EDGE ( 'NONE', *, *, #4315, .F. ) ;
#9680 = ORIENTED_EDGE ( 'NONE', *, *, #2303, .F. ) ;
#9681 = DIRECTION ( 'NONE',  ( 0.0000000000000000000, 0.0000000000000000000, 1.000000000000000000 ) ) ;
#9682 = DIRECTION ( 'NONE',  ( -0.0000000000000000000, -0.0000000000000000000, -1.000000000000000000 ) ) ;
#9683 = DIRECTION ( 'NONE',  ( 0.0000000000000000000, 0.0000000000000000000, -1.000000000000000000 ) ) ;
#9684 = DIRECTION ( 'NONE',  ( 0.0000000000000000000, 1.000000000000000000, 0.0000000000000000000 ) ) ;
#9685 = DIRECTION ( 'NONE',  ( 0.0000000000000000000, -4.878909776184822800E-015, 1.000000000000000000 ) ) ;
#9686 = ORIENTED_EDGE ( 'NONE', *, *, #600, .T. ) ;
#9687 = VECTOR ( 'NONE', #7504, 1000.000000000000000 ) ;
#9688 = STYLED_ITEM ( 'NONE', ( #5985 ), #8237 ) ;
#9689 = CARTESIAN_POINT ( 'NONE',  ( -0.6925000000000000000, 1.000000000000000000, 8.131516293641283300E-017 ) ) ;
#9690 = CYLINDRICAL_SURFACE ( 'NONE', #2950, 0.008333333333333499800 ) ;
#9691 = ADVANCED_FACE ( 'NONE', ( #9412 ), #4819, .T. ) ;
#9692 = ORIENTED_EDGE ( 'NONE', *, *, #3382, .T. ) ;
#9693 = STYLED_ITEM ( 'NONE', ( #3834 ), #5147 ) ;
#9694 = VERTEX_POINT ( 'NONE', #11444 ) ;
#9695 = DIRECTION ( 'NONE',  ( 0.0000000000000000000, 0.0000000000000000000, 1.000000000000000000 ) ) ;
#9696 = LINE ( 'NONE', #10586, #7194 ) ;
#9697 = CARTESIAN_POINT ( 'NONE',  ( -0.7066373719584494500, 0.1999999999999999800, 0.7741250629171414500 ) ) ;
#9698 = CARTESIAN_POINT ( 'NONE',  ( 0.6499999999999996900, 0.1997656017279599000, 0.7809969016383353500 ) ) ;
#9699 = ORIENTED_EDGE ( 'NONE', *, *, #3590, .F. ) ;
#9700 = CARTESIAN_POINT ( 'NONE',  ( 0.6083333333333331700, 0.2999999999999997100, 0.6738059225679082800 ) ) ;
#9701 = VERTEX_POINT ( 'NONE', #379 ) ;
#9702 = CARTESIAN_POINT ( 'NONE',  ( -0.5000000000000000000, 0.8792893218813447900, -0.07499999999999978900 ) ) ;
#9703 = EDGE_CURVE ( 'NONE', #9536, #7785, #7359, .T. ) ;
#9704 = DIRECTION ( 'NONE',  ( 0.0000000000000000000, 0.0000000000000000000, -1.000000000000000000 ) ) ;
#9705 = LINE ( 'NONE', #10085, #8102 ) ;
#9706 = CARTESIAN_POINT ( 'NONE',  ( -0.6449999999999999100, 0.9499999999999999600, -0.2450000000000000000 ) ) ;
#9707 = VECTOR ( 'NONE', #2495, 1000.000000000000000 ) ;
#9708 = VERTEX_POINT ( 'NONE', #4117 ) ;
#9709 = DIRECTION ( 'NONE',  ( 1.000000000000000000, 0.0000000000000000000, 0.0000000000000000000 ) ) ;
#9710 = ORIENTED_EDGE ( 'NONE', *, *, #4736, .F. ) ;
#9711 = EDGE_LOOP ( 'NONE', ( #4481, #11934, #4651, #690 ) ) ;
#9712 = DIRECTION ( 'NONE',  ( 0.0000000000000000000, 0.0000000000000000000, 1.000000000000000000 ) ) ;
#9713 = ORIENTED_EDGE ( 'NONE', *, *, #11031, .T. ) ;
#9714 = CARTESIAN_POINT ( 'NONE',  ( -0.6479834201640948300, 0.2033031415768578600, 0.7750211657778399700 ) ) ;
#9715 = ADVANCED_FACE ( 'NONE', ( #9562 ), #2636, .F. ) ;
#9716 = DIRECTION ( 'NONE',  ( 6.098160745585181700E-016, 0.9999218719480038600, 0.01250000000000138000 ) ) ;
#9717 = CYLINDRICAL_SURFACE ( 'NONE', #12064, 0.02500000000000007800 ) ;
#9718 = CARTESIAN_POINT ( 'NONE',  ( 0.5941091976222632200, 0.009994093816195632700, 0.7506939111951900200 ) ) ;
#9719 = FACE_OUTER_BOUND ( 'NONE', #10272, .T. ) ;
#9720 = ORIENTED_EDGE ( 'NONE', *, *, #11597, .T. ) ;
#9721 = ORIENTED_EDGE ( 'NONE', *, *, #4846, .F. ) ;
#9722 = EDGE_CURVE ( 'NONE', #11955, #2904, #3049, .T. ) ;
#9723 = ORIENTED_EDGE ( 'NONE', *, *, #66, .T. ) ;
#9724 = CARTESIAN_POINT ( 'NONE',  ( -0.3075000000000000500, 1.000000000000000000, 0.02500000000000010900 ) ) ;
#9725 = CARTESIAN_POINT ( 'NONE',  ( -0.6000000000000000900, 0.9499999999999999600, 0.1250000000000001100 ) ) ;
#9726 = LINE ( 'NONE', #11174, #9137 ) ;
#9727 = VECTOR ( 'NONE', #1480, 1000.000000000000000 ) ;
#9728 = DIRECTION ( 'NONE',  ( 0.0000000000000000000, -1.000000000000000000, -0.0000000000000000000 ) ) ;
#9729 = B_SPLINE_CURVE_WITH_KNOTS ( 'NONE', 3,
 ( #3679, #5591, #10350, #4679, #12243, #7476, #5626, #7554, #6520, #892, #8436, #4, #6558, #7522, #1868, #8467 ),
 .UNSPECIFIED., .F., .F.,
 ( 4, 3, 3, 3, 3, 4 ),
 ( 0.0000000000000000000, 5.244413750271549700E-006, 1.047764831067554800E-005, 1.587895489182481100E-005, 2.171330530836148200E-005, 2.737768783946576300E-005 ),
 .UNSPECIFIED. ) ;
#9730 = CARTESIAN_POINT ( 'NONE',  ( -0.6136775435487725700, 0.009310667271749150900, 0.7901987893042821100 ) ) ;
#9731 = VECTOR ( 'NONE', #6915, 1000.000000000000000 ) ;
#9732 = CARTESIAN_POINT ( 'NONE',  ( 0.6449428359365849700, 0.2932566572343989800, 0.7156265376451681500 ) ) ;
#9733 = CARTESIAN_POINT ( 'NONE',  ( -0.2550000000000000000, 0.9499999999999999600, -0.1749999999999998200 ) ) ;
#9734 = EDGE_LOOP ( 'NONE', ( #11625, #7186, #11339, #972 ) ) ;
#9735 = EDGE_LOOP ( 'NONE', ( #9699, #3159 ) ) ;
#9736 = AXIS2_PLACEMENT_3D ( 'NONE', #8152, #7013, #7976 ) ;
#9737 = FILL_AREA_STYLE ('',( #3947 ) ) ;
#9738 =( NAMED_UNIT ( * ) PLANE_ANGLE_UNIT ( ) SI_UNIT ( $, .RADIAN. ) );
#9739 = FILL_AREA_STYLE_COLOUR ( '', #4807 ) ;
#9740 = VECTOR ( 'NONE', #1360, 1000.000000000000000 ) ;
#9741 = CIRCLE ( 'NONE', #12205, 0.02222222222222241400 ) ;
#9742 = COLOUR_RGB ( '',1.000000000000000000, 1.000000000000000000, 1.000000000000000000 ) ;
#9743 = EDGE_CURVE ( 'NONE', #4636, #1442, #1457, .T. ) ;
#9744 = DIRECTION ( 'NONE',  ( 0.0000000000000000000, 0.0000000000000000000, 1.000000000000000000 ) ) ;
#9745 = VECTOR ( 'NONE', #5395, 1000.000000000000000 ) ;
#9746 = FACE_OUTER_BOUND ( 'NONE', #1948, .T. ) ;
#9747 = ADVANCED_FACE ( 'NONE', ( #7209 ), #7909, .F. ) ;
#9748 = CARTESIAN_POINT ( 'NONE',  ( -0.7416666666666552600, 0.1889975162243804100, 0.7744924640260805200 ) ) ;
#9749 = EDGE_CURVE ( 'NONE', #3886, #8626, #4697, .T. ) ;
#9750 =( NAMED_UNIT ( * ) PLANE_ANGLE_UNIT ( ) SI_UNIT ( $, .RADIAN. ) );
#9751 = STYLED_ITEM ( 'NONE', ( #10201 ), #6551 ) ;
#9752 = ORIENTED_EDGE ( 'NONE', *, *, #5608, .F. ) ;
#9753 =( BOUNDED_SURFACE ( )  B_SPLINE_SURFACE ( 3, 2, ( 
 ( #2411, #6207, #685 ),
 ( #531, #3385, #8189 ),
 ( #648, #11874, #2540 ),
 ( #8129, #4340, #9135 ) ),
 .UNSPECIFIED., .F., .F., .T. ) 
 B_SPLINE_SURFACE_WITH_KNOTS ( ( 4, 4 ),
 ( 3, 3 ),
 ( 6.147390268999967900E-005, 7.948384547124485200E-005 ),
 ( 0.0000000000000000000, 1.000000000000000000 ),
 .UNSPECIFIED. ) 
 GEOMETRIC_REPRESENTATION_ITEM ( )  RATIONAL_B_SPLINE_SURFACE ( (
 ( 1.000000000000000000, 0.7071067811865475700, 1.000000000000000000),
 ( 1.000000000000000000, 0.7671773520178941700, 1.000000000000000000),
 ( 1.000000000000000000, 0.8214141187762467000, 1.000000000000000000),
 ( 1.000000000000000000, 0.8572487393423491300, 1.000000000000000000) ) ) 
 REPRESENTATION_ITEM ( '' )  SURFACE ( )  );
#9754 = CARTESIAN_POINT ( 'NONE',  ( -0.6916666666666664300, 0.3000000000000000400, 0.7194884916631644200 ) ) ;
#9755 = CARTESIAN_POINT ( 'NONE',  ( -0.9555555555555553800, 0.8222222222222219700, -0.7999999999999999300 ) ) ;
#9756 = DIRECTION ( 'NONE',  ( -0.0000000000000000000, 1.000000000000000000, -0.0000000000000000000 ) ) ;
#9757 = FACE_OUTER_BOUND ( 'NONE', #6294, .T. ) ;
#9758 = CIRCLE ( 'NONE', #5560, 0.02222222222222198000 ) ;
#9759 = PLANE ( 'NONE',  #11290 ) ;
#9760 = AXIS2_PLACEMENT_3D ( 'NONE', #49, #1847, #977 ) ;
#9761 = AXIS2_PLACEMENT_3D ( 'NONE', #9858, #4318, #11800 ) ;
#9762 = DIRECTION ( 'NONE',  ( -1.000000000000000000, -0.0000000000000000000, -0.0000000000000000000 ) ) ;
#9763 = CARTESIAN_POINT ( 'NONE',  ( 0.5965838742273456000, 0.008669755417154707800, 0.7496747896872154600 ) ) ;
#9764 = ADVANCED_FACE ( 'NONE', ( #5861 ), #11244, .F. ) ;
#9765 = DIRECTION ( 'NONE',  ( 0.0000000000000000000, 0.0000000000000000000, -1.000000000000000000 ) ) ;
#9766 = CARTESIAN_POINT ( 'NONE',  ( -0.3499999999999997000, 0.02222222222222208800, 0.7542857142857142300 ) ) ;
#9767 = DIRECTION ( 'NONE',  ( 1.000000000000000000, 0.0000000000000000000, 0.0000000000000000000 ) ) ;
#9768 = ORIENTED_EDGE ( 'NONE', *, *, #2524, .T. ) ;
#9769 = DIRECTION ( 'NONE',  ( 0.0000000000000000000, 1.000000000000000000, 0.0000000000000000000 ) ) ;
#9770 = DIRECTION ( 'NONE',  ( 0.0000000000000000000, 0.0000000000000000000, 1.000000000000000000 ) ) ;
#9771 = AXIS2_PLACEMENT_3D ( 'NONE', #8610, #6786, #10566 ) ;
#9772 = CARTESIAN_POINT ( 'NONE',  ( 0.6084469983537708100, 0.1854973672255727500, 0.7752843395940149900 ) ) ;
#9773 = DIRECTION ( 'NONE',  ( -0.0000000000000000000, 0.0000000000000000000, 1.000000000000000000 ) ) ;
#9774 = AXIS2_PLACEMENT_3D ( 'NONE', #11610, #295, #6912 ) ;
#9775 = PLANE ( 'NONE',  #6586 ) ;
#9776 = CARTESIAN_POINT ( 'NONE',  ( -0.3075000000000000500, 0.9499999999999999600, 8.131516293641283300E-017 ) ) ;
#9777 = FACE_OUTER_BOUND ( 'NONE', #9297, .T. ) ;
#9778 = CARTESIAN_POINT ( 'NONE',  ( -0.9777777777777779700, 0.0000000000000000000, -0.7555555555555555400 ) ) ;
#9779 = DIRECTION ( 'NONE',  ( 0.0000000000000000000, 1.000000000000000000, -0.0000000000000000000 ) ) ;
#9780 = ADVANCED_FACE ( 'NONE', ( #4841 ), #2031, .T. ) ;
#9781 = CARTESIAN_POINT ( 'NONE',  ( -0.9777777777777777500, 0.1999999999999999800, 0.7098412698412699400 ) ) ;
#9782 = EDGE_CURVE ( 'NONE', #11085, #4344, #6174, .T. ) ;
#9783 = CIRCLE ( 'NONE', #845, 0.02222222222222198000 ) ;
#9784 = DIRECTION ( 'NONE',  ( 0.0000000000000000000, 1.000000000000000000, 0.0000000000000000000 ) ) ;
#9785 = CYLINDRICAL_SURFACE ( 'NONE', #1684, 0.02222222222222198000 ) ;
#9786 = VERTEX_POINT ( 'NONE', #8867 ) ;
#9787 = ORIENTED_EDGE ( 'NONE', *, *, #828, .F. ) ;
#9788 = PLANE ( 'NONE',  #1446 ) ;
#9789 = CARTESIAN_POINT ( 'NONE',  ( 0.9555555555555560500, 1.000000000000000000, 0.7098412698412697200 ) ) ;
#9790 = CARTESIAN_POINT ( 'NONE',  ( -0.6000000000000000900, 0.9499999999999999600, 0.1250000000000001100 ) ) ;
#9791 = SURFACE_SIDE_STYLE ('',( #11253 ) ) ;
#9792 = EDGE_CURVE ( 'NONE', #1395, #5648, #7065, .T. ) ;
#9793 = CARTESIAN_POINT ( 'NONE',  ( 0.7111111111111136900, 0.5000000000000000000, -0.5111111111111140700 ) ) ;
#9794 = EDGE_CURVE ( 'NONE', #3901, #9694, #10324, .T. ) ;
#9795 = CARTESIAN_POINT ( 'NONE',  ( -0.4500000000000000100, 1.000000000000000000, -0.1699999999999998500 ) ) ;
#9796 = ORIENTED_EDGE ( 'NONE', *, *, #6240, .F. ) ;
#9797 = CARTESIAN_POINT ( 'NONE',  ( -0.7289061887287975300, 0.1999520288349959700, 0.7341515027267498900 ) ) ;
#9798 = DIRECTION ( 'NONE',  ( 0.0000000000000000000, 1.000000000000000000, 0.0000000000000000000 ) ) ;
#9799 = DIRECTION ( 'NONE',  ( 0.0000000000000000000, -0.0000000000000000000, 1.000000000000000000 ) ) ;
#9800 = STYLED_ITEM ( 'NONE', ( #6573 ), #10599 ) ;
#9801 = VECTOR ( 'NONE', #5973, 1000.000000000000000 ) ;
#9802 = ADVANCED_FACE ( 'NONE', ( #11523, #7792, #3649, #4570, #11842, #2773, #141, #1140, #3350, #1603, #591, #4403, #3791, #4096, #9122, #11359, #9281, #8990, #8823, #6317, #9870, #6163, #8378, #8670, #10457, #3929, #2327, #986, #1445, #4555 ), #6871, .F. ) ;
#9803 = DIRECTION ( 'NONE',  ( 1.000000000000000000, 0.0000000000000000000, -1.084202172485504400E-016 ) ) ;
#9804 = ORIENTED_EDGE ( 'NONE', *, *, #5363, .T. ) ;
#9805 = CARTESIAN_POINT ( 'NONE',  ( -0.3999999999999999700, 0.8792893218813447900, -0.07499999999999996900 ) ) ;
#9806 = VERTEX_POINT ( 'NONE', #5919 ) ;
#9807 = CARTESIAN_POINT ( 'NONE',  ( 0.9555555555555560500, 0.0000000000000000000, 0.7098412698412697200 ) ) ;
#9808 = CARTESIAN_POINT ( 'NONE',  ( 0.7100595768915806100, 0.1999999999999999800, 0.7777777777777780100 ) ) ;
#9809 = VERTEX_POINT ( 'NONE', #9733 ) ;
#9810 = EDGE_CURVE ( 'NONE', #1378, #6550, #8524, .T. ) ;
#9811 = DIRECTION ( 'NONE',  ( 0.0000000000000000000, 0.0000000000000000000, -1.000000000000000000 ) ) ;
#9812 = CYLINDRICAL_SURFACE ( 'NONE', #7694, 0.02500000000000007800 ) ;
#9813 = ORIENTED_EDGE ( 'NONE', *, *, #4031, .T. ) ;
#9814 = AXIS2_PLACEMENT_3D ( 'NONE', #6938, #11593, #11730 ) ;
#9815 = CARTESIAN_POINT ( 'NONE',  ( 0.7330438564430009600, 0.005002307679928612700, 0.7471226140014009000 ) ) ;
#9816 = ORIENTED_EDGE ( 'NONE', *, *, #2401, .T. ) ;
#9817 = ADVANCED_FACE ( 'NONE', ( #10614 ), #8238, .T. ) ;
#9818 = ORIENTED_EDGE ( 'NONE', *, *, #3548, .F. ) ;
#9819 = ORIENTED_EDGE ( 'NONE', *, *, #4118, .F. ) ;
#9820 = CARTESIAN_POINT ( 'NONE',  ( -0.6945597191608264800, 0.2946264679151844300, 0.7219028893237078300 ) ) ;
#9821 = ORIENTED_EDGE ( 'NONE', *, *, #7910, .F. ) ;
#9822 = CYLINDRICAL_SURFACE ( 'NONE', #7141, 0.02499999999999984900 ) ;
#9823 = CARTESIAN_POINT ( 'NONE',  ( 0.6416666666666661600, 0.2083333333333335400, 0.7259470610297853500 ) ) ;
#9824 = CARTESIAN_POINT ( 'NONE',  ( -0.7083333333333332600, 0.2917026449484777500, 0.7159625845907814400 ) ) ;
#9825 = EDGE_LOOP ( 'NONE', ( #11971, #2740, #7440, #11803 ) ) ;
#9826 = CARTESIAN_POINT ( 'NONE',  ( -0.2549999999999999500, 0.8792893218813447900, 0.1250000000000000600 ) ) ;
#9827 = ORIENTED_EDGE ( 'NONE', *, *, #7668, .T. ) ;
#9828 = EDGE_CURVE ( 'NONE', #8322, #7317, #10787, .T. ) ;
#9829 = ORIENTED_EDGE ( 'NONE', *, *, #10948, .T. ) ;
#9830 = DIRECTION ( 'NONE',  ( 0.0000000000000000000, -0.0000000000000000000, 1.000000000000000000 ) ) ;
#9831 = CARTESIAN_POINT ( 'NONE',  ( -0.7874999999999999800, 0.9499999999999999600, 8.131516293641283300E-017 ) ) ;
#9832 = DIRECTION ( 'NONE',  ( 0.0000000000000000000, -0.0000000000000000000, 1.000000000000000000 ) ) ;
#9833 = CARTESIAN_POINT ( 'NONE',  ( -0.6083333333333331700, 0.02222222222222176900, 0.7777777777777780100 ) ) ;
#9834 = CARTESIAN_POINT ( 'NONE',  ( -0.6456649240885566900, 0.2041087518905359800, 0.7732209942645179600 ) ) ;
#9835 = ADVANCED_FACE ( 'NONE', ( #7942 ), #1518, .F. ) ;
#9836 = CIRCLE ( 'NONE', #5440, 0.02500000000000014700 ) ;
#9837 = CARTESIAN_POINT ( 'NONE',  ( 0.9555555555555551600, 0.1999999999999999800, -0.7777777777777781200 ) ) ;
#9838 = CARTESIAN_POINT ( 'NONE',  ( -0.7633050677517214700, 0.1839121707982502300, 0.7534222463053535900 ) ) ;
#9839 = AXIS2_PLACEMENT_3D ( 'NONE', #4154, #7094, #8039 ) ;
#9840 = ORIENTED_EDGE ( 'NONE', *, *, #11855, .F. ) ;
#9841 = DIRECTION ( 'NONE',  ( 0.0000000000000000000, -0.0000000000000000000, 1.000000000000000000 ) ) ;
#9842 = ORIENTED_EDGE ( 'NONE', *, *, #5632, .T. ) ;
#9843 = ORIENTED_EDGE ( 'NONE', *, *, #12079, .T. ) ;
#9844 = PRESENTATION_LAYER_ASSIGNMENT (  '', '', ( #11301 ) ) ;
#9845 = ORIENTED_EDGE ( 'NONE', *, *, #7569, .F. ) ;
#9846 = ORIENTED_EDGE ( 'NONE', *, *, #6229, .F. ) ;
#9847 = CYLINDRICAL_SURFACE ( 'NONE', #1343, 0.02499999999999984900 ) ;
#9848 = CIRCLE ( 'NONE', #8034, 0.02222222222222198000 ) ;
#9849 = CARTESIAN_POINT ( 'NONE',  ( 0.9555555555555560500, 0.8000000000000000400, 0.7098412698412697200 ) ) ;
#9850 = CARTESIAN_POINT ( 'NONE',  ( -0.6083333333333331700, 0.02222222222222176900, 0.8000000000000000400 ) ) ;
#9851 = CARTESIAN_POINT ( 'NONE',  ( -0.6900000000000000600, 0.9499999999999999600, 0.1499999999999999700 ) ) ;
#9852 = ORIENTED_EDGE ( 'NONE', *, *, #5356, .F. ) ;
#9853 = EDGE_LOOP ( 'NONE', ( #2991, #6572 ) ) ;
#9854 = DIRECTION ( 'NONE',  ( 0.0000000000000000000, 0.0000000000000000000, 1.000000000000000000 ) ) ;
#9855 = VERTEX_POINT ( 'NONE', #11929 ) ;
#9856 = AXIS2_PLACEMENT_3D ( 'NONE', #6289, #1474, #9188 ) ;
#9857 = ORIENTED_EDGE ( 'NONE', *, *, #1502, .T. ) ;
#9858 = CARTESIAN_POINT ( 'NONE',  ( -0.6083333333333331700, 0.1777777777777780100, 0.7320634920634921900 ) ) ;
#9859 = CARTESIAN_POINT ( 'NONE',  ( -0.6925000000000000000, 0.8792893218813447900, 8.131516293641283300E-017 ) ) ;
#9860 = CYLINDRICAL_SURFACE ( 'NONE', #9839, 0.02499999999999984900 ) ;
#9861 = VERTEX_POINT ( 'NONE', #11796 ) ;
#9862 = ORIENTED_EDGE ( 'NONE', *, *, #2450, .F. ) ;
#9863 = ADVANCED_FACE ( 'NONE', ( #1737 ), #6011, .T. ) ;
#9864 =( LENGTH_UNIT ( ) NAMED_UNIT ( * ) SI_UNIT ( .MILLI., .METRE. ) );
#9865 = ORIENTED_EDGE ( 'NONE', *, *, #9637, .F. ) ;
#9866 = CARTESIAN_POINT ( 'NONE',  ( 0.6999999999999997300, 0.2868852459016391100, 0.7254702478983879900 ) ) ;
#9867 = EDGE_CURVE ( 'NONE', #9378, #5738, #9545, .T. ) ;
#9868 = DIRECTION ( 'NONE',  ( 0.0000000000000000000, 0.0000000000000000000, -1.000000000000000000 ) ) ;
#9869 = VECTOR ( 'NONE', #6762, 1000.000000000000000 ) ;
#9870 = FACE_BOUND ( 'NONE', #3903, .T. ) ;
#9871 = CARTESIAN_POINT ( 'NONE',  ( -0.9555555555555553800, 1.000000000000000000, 0.7098412698412699400 ) ) ;
#9872 =( LENGTH_UNIT ( ) NAMED_UNIT ( * ) SI_UNIT ( .MILLI., .METRE. ) );
#9873 = FACE_OUTER_BOUND ( 'NONE', #3151, .T. ) ;
#9874 = CIRCLE ( 'NONE', #4131, 0.02500000000000007800 ) ;
#9875 = CARTESIAN_POINT ( 'NONE',  ( -0.7250000000000000900, 0.005000000000000001800, 0.7525438349425661600 ) ) ;
#9876 = AXIS2_PLACEMENT_3D ( 'NONE', #6337, #11012, #11165 ) ;
#9877 = ORIENTED_EDGE ( 'NONE', *, *, #3282, .T. ) ;
#9878 = CARTESIAN_POINT ( 'NONE',  ( 0.6083333333333331700, 0.1833333333333334600, 0.7777777777777780100 ) ) ;
#9879 = ORIENTED_EDGE ( 'NONE', *, *, #9920, .F. ) ;
#9880 = FILL_AREA_STYLE_COLOUR ( '', #6213 ) ;
#9881 = DIRECTION ( 'NONE',  ( 0.0000000000000000000, 1.000000000000000000, 0.0000000000000000000 ) ) ;
#9882 = ADVANCED_FACE ( 'NONE', ( #5848 ), #4316, .T. ) ;
#9883 = CARTESIAN_POINT ( 'NONE',  ( -0.7598240118549201000, 0.1893403504967212100, 0.7511061517886416000 ) ) ;
#9884 = AXIS2_PLACEMENT_3D ( 'NONE', #3353, #9061, #10025 ) ;
#9885 = CARTESIAN_POINT ( 'NONE',  ( -0.5500000000000000400, 1.000000000000000000, -0.2199999999999997800 ) ) ;
#9886 = CIRCLE ( 'NONE', #9399, 0.04444444444444396000 ) ;
#9887 = CIRCLE ( 'NONE', #8914, 0.04444444444444439100 ) ;
#9888 = FACE_OUTER_BOUND ( 'NONE', #2609, .T. ) ;
#9889 = CIRCLE ( 'NONE', #5549, 0.02499999999999984900 ) ;
#9890 = EDGE_CURVE ( 'NONE', #3937, #10575, #5442, .T. ) ;
#9891 = ORIENTED_EDGE ( 'NONE', *, *, #9903, .F. ) ;
#9892 = CARTESIAN_POINT ( 'NONE',  ( -0.7026168380705999400, 0.2960530427507022100, 0.6755460207184955700 ) ) ;
#9893 = DIRECTION ( 'NONE',  ( 0.0000000000000000000, 1.000000000000000000, 0.0000000000000000000 ) ) ;
#9894 = FACE_OUTER_BOUND ( 'NONE', #1118, .T. ) ;
#9895 = CARTESIAN_POINT ( 'NONE',  ( -0.9555555555555553800, 0.02222222222222208800, 0.7542857142857142300 ) ) ;
#9896 = CIRCLE ( 'NONE', #2622, 0.02500000000000009200 ) ;
#9897 = CARTESIAN_POINT ( 'NONE',  ( -0.6416666666666661600, 0.2833333333333330500, 0.7179317890670646700 ) ) ;
#9898 = AXIS2_PLACEMENT_3D ( 'NONE', #695, #627, #3588 ) ;
#9899 = CARTESIAN_POINT ( 'NONE',  ( 0.7630483480204610600, 0.1846445802336681400, 0.7532118928700432000 ) ) ;
#9900 = CARTESIAN_POINT ( 'NONE',  ( 0.7050297884457903400, 0.2044187433149323400, 0.7724091971811178900 ) ) ;
#9901 = MANIFOLD_SOLID_BREP ( 'Boss-Extrude4[8]', #5826 ) ;
#9902 = AXIS2_PLACEMENT_3D ( 'NONE', #7128, #7089, #1476 ) ;
#9903 = EDGE_CURVE ( 'NONE', #5272, #8334, #5716, .T. ) ;
#9904 = FACE_OUTER_BOUND ( 'NONE', #5389, .T. ) ;
#9905 = EDGE_CURVE ( 'NONE', #666, #6667, #3036, .T. ) ;
#9906 = CARTESIAN_POINT ( 'NONE',  ( -0.7450000000000000000, 1.000000000000000000, -0.1499999999999999100 ) ) ;
#9907 = AXIS2_PLACEMENT_3D ( 'NONE', #3351, #4314, #11925 ) ;
#9908 = CARTESIAN_POINT ( 'NONE',  ( -0.4500000000000000100, 1.000000000000000000, -0.1949999999999999500 ) ) ;
#9909 = CARTESIAN_POINT ( 'NONE',  ( -0.2550000000000000000, 0.8792893218813447900, -0.1250000000000000000 ) ) ;
#9910 = CARTESIAN_POINT ( 'NONE',  ( -0.9555555555555553800, 1.000000000000000000, -0.7777777777777779000 ) ) ;
#9911 = CARTESIAN_POINT ( 'NONE',  ( -0.4999999999999998900, 1.000000000000000000, 0.3150000000000001100 ) ) ;
#9912 = CARTESIAN_POINT ( 'NONE',  ( 0.9555555555555551600, -1.445153081025597900, -0.7777777777777781200 ) ) ;
#9913 = VECTOR ( 'NONE', #11342, 1000.000000000000000 ) ;
#9914 = CARTESIAN_POINT ( 'NONE',  ( -0.4500000000000000100, 0.8792893218813447900, -0.1949999999999999500 ) ) ;
#9915 = ORIENTED_EDGE ( 'NONE', *, *, #5852, .F. ) ;
#9916 = EDGE_CURVE ( 'NONE', #8357, #3178, #2625, .T. ) ;
#9917 = DIRECTION ( 'NONE',  ( 0.0000000000000000000, -1.000000000000000000, 0.0000000000000000000 ) ) ;
#9918 = CARTESIAN_POINT ( 'NONE',  ( -0.5500000000000000400, 0.9499999999999999600, -0.1949999999999999500 ) ) ;
#9919 = LINE ( 'NONE', #2552, #2084 ) ;
#9920 = EDGE_CURVE ( 'NONE', #6221, #8088, #10311, .T. ) ;
#9921 = ADVANCED_FACE ( 'NONE', ( #1293 ), #10931, .T. ) ;
#9922 = DIRECTION ( 'NONE',  ( 0.0000000000000000000, 0.0000000000000000000, 1.000000000000000000 ) ) ;
#9923 = LINE ( 'NONE', #2380, #6976 ) ;
#9924 = CARTESIAN_POINT ( 'NONE',  ( -0.7009604674805357500, 0.2973187430078403400, 0.6749843834704752900 ) ) ;
#9925 = AXIS2_PLACEMENT_3D ( 'NONE', #3689, #12094, #2705 ) ;
#9926 = EDGE_CURVE ( 'NONE', #8334, #1608, #11089, .T. ) ;
#9927 = ORIENTED_EDGE ( 'NONE', *, *, #5832, .F. ) ;
#9928 = DIRECTION ( 'NONE',  ( 0.0000000000000000000, 1.000000000000000000, 0.0000000000000000000 ) ) ;
#9929 = DIRECTION ( 'NONE',  ( 0.0000000000000000000, 0.0000000000000000000, 1.000000000000000000 ) ) ;
#9930 = CARTESIAN_POINT ( 'NONE',  ( -0.3100000000000000500, 0.8792893218813447900, -0.1249999999999999400 ) ) ;
#9931 = AXIS2_PLACEMENT_3D ( 'NONE', #10174, #10127, #4471 ) ;
#9932 = DIRECTION ( 'NONE',  ( 0.0000000000000000000, -0.0000000000000000000, 1.000000000000000000 ) ) ;
#9933 = DIRECTION ( 'NONE',  ( 0.0000000000000000000, 0.0000000000000000000, -1.000000000000000000 ) ) ;
#9934 = DIRECTION ( 'NONE',  ( -0.0000000000000000000, 1.000000000000000000, -0.0000000000000000000 ) ) ;
#9935 = CARTESIAN_POINT ( 'NONE',  ( -0.6472124105365929500, 0.2958662868196327800, 0.7150307166824264600 ) ) ;
#9936 = VECTOR ( 'NONE', #2841, 1000.000000000000000 ) ;
#9937 = DIRECTION ( 'NONE',  ( 0.0000000000000000000, 0.0000000000000000000, 1.000000000000000000 ) ) ;
#9938 = EDGE_LOOP ( 'NONE', ( #6754, #10543 ) ) ;
#9939 = ADVANCED_FACE ( 'NONE', ( #7343 ), #7779, .T. ) ;
#9940 = EDGE_CURVE ( 'NONE', #5647, #8357, #4829, .T. ) ;
#9941 = ORIENTED_EDGE ( 'NONE', *, *, #11658, .T. ) ;
#9942 = DIRECTION ( 'NONE',  ( 0.0000000000000000000, 1.000000000000000000, 0.0000000000000000000 ) ) ;
#9943 = AXIS2_PLACEMENT_3D ( 'NONE', #5644, #25, #943 ) ;
#9944 = CARTESIAN_POINT ( 'NONE',  ( -0.2550000000000000000, 1.000000000000000000, -0.1499999999999999100 ) ) ;
#9945 = CARTESIAN_POINT ( 'NONE',  ( -0.2549999999999999500, 0.9499999999999999600, 0.1499999999999999700 ) ) ;
#9946 = EDGE_LOOP ( 'NONE', ( #11699, #1680, #1123, #5963 ) ) ;
#9947 = CARTESIAN_POINT ( 'NONE',  ( -0.3075000000000000500, 1.000000000000000000, 8.131516293641283300E-017 ) ) ;
#9948 = VERTEX_POINT ( 'NONE', #10105 ) ;
#9949 = ORIENTED_EDGE ( 'NONE', *, *, #4264, .T. ) ;
#9950 = CARTESIAN_POINT ( 'NONE',  ( 0.6097486498051625200, 0.01493564295053580000, 0.7734346623265602200 ) ) ;
#9951 = VECTOR ( 'NONE', #10203, 1000.000000000000000 ) ;
#9952 = DIRECTION ( 'NONE',  ( -1.000000000000000000, 0.0000000000000000000, 0.0000000000000000000 ) ) ;
#9953 = DIRECTION ( 'NONE',  ( 0.0000000000000000000, 1.000000000000000000, 0.0000000000000000000 ) ) ;
#9954 = CARTESIAN_POINT ( 'NONE',  ( -0.9555555555555553800, 0.9777777777777779700, 0.7542857142857142300 ) ) ;
#9955 = EDGE_CURVE ( 'NONE', #1065, #3756, #276, .T. ) ;
#9956 = ORIENTED_EDGE ( 'NONE', *, *, #3053, .F. ) ;
#9957 = CARTESIAN_POINT ( 'NONE',  ( -0.9555555555555553800, 0.02222222222222208800, 0.7542857142857142300 ) ) ;
#9958 = CARTESIAN_POINT ( 'NONE',  ( -0.3999999999999999700, 0.9499999999999999600, -0.09999999999999993600 ) ) ;
#9959 = VERTEX_POINT ( 'NONE', #1673 ) ;
#9960 = ORIENTED_EDGE ( 'NONE', *, *, #9, .T. ) ;
#9961 = DIRECTION ( 'NONE',  ( -0.0000000000000000000, 1.000000000000000000, -0.0000000000000000000 ) ) ;
#9962 = DIRECTION ( 'NONE',  ( -0.0000000000000000000, -1.000000000000000000, -0.0000000000000000000 ) ) ;
#9963 = EDGE_LOOP ( 'NONE', ( #2024, #7699, #11778, #1551, #2011 ) ) ;
#9964 = ORIENTED_EDGE ( 'NONE', *, *, #5382, .F. ) ;
#9965 = VERTEX_POINT ( 'NONE', #11134 ) ;
#9966 = AXIS2_PLACEMENT_3D ( 'NONE', #12217, #6464, #5453 ) ;
#9967 = CARTESIAN_POINT ( 'NONE',  ( -0.6899999999999999500, 1.000000000000000000, -0.1749999999999997700 ) ) ;
#9968 = ORIENTED_EDGE ( 'NONE', *, *, #10772, .F. ) ;
#9969 = DIRECTION ( 'NONE',  ( 0.0000000000000000000, -0.0000000000000000000, 1.000000000000000000 ) ) ;
#9970 = CARTESIAN_POINT ( 'NONE',  ( -0.3075000000000000500, 1.000000000000000000, 8.131516293641283300E-017 ) ) ;
#9971 = ORIENTED_EDGE ( 'NONE', *, *, #11551, .F. ) ;
#9972 = ORIENTED_EDGE ( 'NONE', *, *, #11266, .T. ) ;
#9973 = DIRECTION ( 'NONE',  ( 0.0000000000000000000, 0.0000000000000000000, -1.000000000000000000 ) ) ;
#9974 = ORIENTED_EDGE ( 'NONE', *, *, #9890, .F. ) ;
#9975 = ADVANCED_FACE ( 'NONE', ( #7633 ), #2018, .T. ) ;
#9976 = EDGE_CURVE ( 'NONE', #8357, #556, #6737, .T. ) ;
#9977 = ORIENTED_EDGE ( 'NONE', *, *, #11565, .T. ) ;
#9978 = CARTESIAN_POINT ( 'NONE',  ( 0.3500000000000000300, 0.02222222222222208800, 0.7542857142857142300 ) ) ;
#9979 = CIRCLE ( 'NONE', #10079, 0.02500000000000009200 ) ;
#9980 = CARTESIAN_POINT ( 'NONE',  ( -0.3999999999999999700, 1.000000000000000000, -0.1249999999999998900 ) ) ;
#9981 = CARTESIAN_POINT ( 'NONE',  ( -0.7083333333333332600, 0.2083333333333335400, 0.7259470610297852300 ) ) ;
#9982 = FACE_OUTER_BOUND ( 'NONE', #11509, .T. ) ;
#9984 = EDGE_CURVE ( 'NONE', #10739, #8918, #5148, .T. ) ;
#9983 = ORIENTED_EDGE ( 'NONE', *, *, #8490, .F. ) ;
#9985 = ORIENTED_EDGE ( 'NONE', *, *, #3695, .T. ) ;
#9986 = ORIENTED_EDGE ( 'NONE', *, *, #6383, .T. ) ;
#9987 = ORIENTED_EDGE ( 'NONE', *, *, #508, .F. ) ;
#9988 = ADVANCED_FACE ( 'NONE', ( #720 ), #8977, .T. ) ;
#9989 = DIRECTION ( 'NONE',  ( 0.0000000000000000000, 1.000000000000000000, 0.0000000000000000000 ) ) ;
#9990 = CARTESIAN_POINT ( 'NONE',  ( -0.6899999999999999500, 0.9499999999999999600, -0.1250000000000000600 ) ) ;
#9991 = AXIS2_PLACEMENT_3D ( 'NONE', #9638, #4938, #180 ) ;
#9992 = FACE_OUTER_BOUND ( 'NONE', #2883, .T. ) ;
#9993 = CARTESIAN_POINT ( 'NONE',  ( -0.9555555555555553800, 1.000000000000000000, -0.7555555555555555400 ) ) ;
#9994 = DIRECTION ( 'NONE',  ( 0.0000000000000000000, 1.000000000000000000, 0.0000000000000000000 ) ) ;
#9995 = FACE_OUTER_BOUND ( 'NONE', #10192, .T. ) ;
#9996 = CYLINDRICAL_SURFACE ( 'NONE', #3790, 0.02499999999999995600 ) ;
#9997 = DIRECTION ( 'NONE',  ( 0.0000000000000000000, 0.0000000000000000000, -1.000000000000000000 ) ) ;
#9998 = ORIENTED_EDGE ( 'NONE', *, *, #3942, .T. ) ;
#9999 = CARTESIAN_POINT ( 'NONE',  ( -0.7413603051732975400, 0.01810985263593026600, 0.7859527711259216600 ) ) ;
#10000 =( NAMED_UNIT ( * ) PLANE_ANGLE_UNIT ( ) SI_UNIT ( $, .RADIAN. ) );
#10001 = ORIENTED_EDGE ( 'NONE', *, *, #562, .T. ) ;
#10002 = CARTESIAN_POINT ( 'NONE',  ( -0.9777777777777777500, 1.000000000000000000, 0.7098412698412699400 ) ) ;
#10003 = CARTESIAN_POINT ( 'NONE',  ( 0.5869516519795385800, 0.1846445802336681700, 0.7532118928700433100 ) ) ;
#10004 =( LENGTH_UNIT ( ) NAMED_UNIT ( * ) SI_UNIT ( .MILLI., .METRE. ) );
#10005 = CIRCLE ( 'NONE', #11510, 0.5000000000000000000 ) ;
#10006 = VERTEX_POINT ( 'NONE', #8242 ) ;
#10007 = CYLINDRICAL_SURFACE ( 'NONE', #9876, 0.02222222222222198000 ) ;
#10008 = CARTESIAN_POINT ( 'NONE',  ( -0.6900000000000000600, 1.000000000000000000, 0.1250000000000001100 ) ) ;
#10009 = ADVANCED_FACE ( 'NONE', ( #4243 ), #10007, .T. ) ;
#10010 = CARTESIAN_POINT ( 'NONE',  ( 0.7166666666666667900, 0.2000000000000000100, 0.7614445778845514400 ) ) ;
#10011 = EDGE_CURVE ( 'NONE', #9664, #1690, #1351, .T. ) ;
#10012 = CIRCLE ( 'NONE', #56, 0.02222222222222198000 ) ;
#10013 = CARTESIAN_POINT ( 'NONE',  ( 0.9555555555555553800, 0.1900000000000000600, -0.7555555555555557600 ) ) ;
#10014 = CIRCLE ( 'NONE', #6518, 0.02500000000000006400 ) ;
#10015 = ORIENTED_EDGE ( 'NONE', *, *, #4325, .T. ) ;
#10016 = AXIS2_PLACEMENT_3D ( 'NONE', #3836, #10592, #8748 ) ;
#10017 = VERTEX_POINT ( 'NONE', #5364 ) ;
#10018 = ORIENTED_EDGE ( 'NONE', *, *, #3380, .F. ) ;
#10019 = CARTESIAN_POINT ( 'NONE',  ( -0.9555555555555553800, 0.8222222222222219700, -0.7777777777777779000 ) ) ;
#10020 = CARTESIAN_POINT ( 'NONE',  ( -0.5861111111111110300, 0.1833333333333334600, 0.7761593472479017000 ) ) ;
#10021 = VECTOR ( 'NONE', #1289, 1000.000000000000000 ) ;
#10022 = CARTESIAN_POINT ( 'NONE',  ( -0.5000000000000000000, 0.9499999999999999600, -0.09999999999999993600 ) ) ;
#10023 = CARTESIAN_POINT ( 'NONE',  ( -0.7250000000000000900, 0.1833333333333335100, 0.7320634920634921900 ) ) ;
#10024 = EDGE_CURVE ( 'NONE', #2743, #7166, #7482, .T. ) ;
#10025 = DIRECTION ( 'NONE',  ( 0.0000000000000000000, 0.0000000000000000000, -1.000000000000000000 ) ) ;
#10026 = COLOUR_RGB ( '',1.000000000000000000, 1.000000000000000000, 1.000000000000000000 ) ;
#10027 = CIRCLE ( 'NONE', #1190, 0.02499999999999995600 ) ;
#10028 = ORIENTED_EDGE ( 'NONE', *, *, #76, .F. ) ;
#10029 = VERTEX_POINT ( 'NONE', #10072 ) ;
#10030 = CARTESIAN_POINT ( 'NONE',  ( -0.6486128002922375600, 0.2968717606856793300, 0.7148027924854005700 ) ) ;
#10031 = AXIS2_PLACEMENT_3D ( 'NONE', #5177, #11806, #479 ) ;
#10032 = ORIENTED_EDGE ( 'NONE', *, *, #10410, .T. ) ;
#10033 = FILL_AREA_STYLE_COLOUR ( '', #1920 ) ;
#10034 = CARTESIAN_POINT ( 'NONE',  ( -0.5000000000000000000, 1.000000000000000000, 0.1000000000000000500 ) ) ;
#10035 = CARTESIAN_POINT ( 'NONE',  ( -0.6985231797390354400, 0.2916576520366313500, 0.7232514629717269300 ) ) ;
#10036 = LINE ( 'NONE', #7449, #2349 ) ;
#10037 = CIRCLE ( 'NONE', #11645, 0.02499999999999984900 ) ;
#10038 = SURFACE_STYLE_FILL_AREA ( #6792 ) ;
#10039 = VECTOR ( 'NONE', #10478, 1000.000000000000000 ) ;
#10040 = CARTESIAN_POINT ( 'NONE',  ( 0.6163749416889509100, 0.006826643234945126100, 0.7605735457459583700 ) ) ;
#10041 = CARTESIAN_POINT ( 'NONE',  ( -0.5500000000000001600, 0.8792893218813447900, 0.1700000000000002100 ) ) ;
#10042 = ORIENTED_EDGE ( 'NONE', *, *, #8210, .T. ) ;
#10043 = ORIENTED_EDGE ( 'NONE', *, *, #32, .F. ) ;
#10044 = CARTESIAN_POINT ( 'NONE',  ( -0.6925000000000000000, 0.9499999999999999600, 0.02499999999999993900 ) ) ;
#10045 = EDGE_CURVE ( 'NONE', #5103, #8050, #8099, .T. ) ;
#10046 = DIRECTION ( 'NONE',  ( 2.168404344971008900E-016, 0.0000000000000000000, -1.000000000000000000 ) ) ;
#10047 = EDGE_CURVE ( 'NONE', #3620, #4359, #5571, .T. ) ;
#10048 = COLOUR_RGB ( '',1.000000000000000000, 1.000000000000000000, 1.000000000000000000 ) ;
#10049 = CIRCLE ( 'NONE', #2190, 0.5083333333333333000 ) ;
#10050 = VECTOR ( 'NONE', #4621, 1000.000000000000000 ) ;
#10051 = CARTESIAN_POINT ( 'NONE',  ( -0.9777777777777779700, 0.1900000000000000600, -0.7555555555555555400 ) ) ;
#10052 = AXIS2_PLACEMENT_3D ( 'NONE', #6046, #6220, #4281 ) ;
#10053 = CARTESIAN_POINT ( 'NONE',  ( -0.6249999999999995600, 0.1999999999999999800, 0.7320634920634923000 ) ) ;
#10054 = PRESENTATION_STYLE_ASSIGNMENT (( #237 ) ) ;
#10055 = VECTOR ( 'NONE', #11569, 1000.000000000000000 ) ;
#10056 = CARTESIAN_POINT ( 'NONE',  ( 0.6083333333333331700, 0.02166666666666649700, 0.7461070750187860400 ) ) ;
#10057 = CARTESIAN_POINT ( 'NONE',  ( 0.6451908593236780300, 0.2043176898027603300, 0.7726896055021907900 ) ) ;
#10058 = DIRECTION ( 'NONE',  ( -0.0000000000000000000, -1.000000000000000000, -0.0000000000000000000 ) ) ;
#10059 = AXIS2_PLACEMENT_3D ( 'NONE', #1887, #5609, #11402 ) ;
#10060 = VECTOR ( 'NONE', #2802, 1000.000000000000000 ) ;
#10061 = SURFACE_STYLE_FILL_AREA ( #9737 ) ;
#10062 = ADVANCED_FACE ( 'NONE', ( #11512 ), #11046, .T. ) ;
#10063 = EDGE_CURVE ( 'NONE', #4816, #3128, #4979, .T. ) ;
#10064 = CARTESIAN_POINT ( 'NONE',  ( -0.9555555555555553800, 0.8000000000000000400, -0.7999999999999999300 ) ) ;
#10065 = CARTESIAN_POINT ( 'NONE',  ( -0.6449999999999999100, 0.9499999999999999600, -0.2200000000000001400 ) ) ;
#10066 = FACE_OUTER_BOUND ( 'NONE', #1449, .T. ) ;
#10067 = DIRECTION ( 'NONE',  ( -0.0000000000000000000, 1.000000000000000000, -0.0000000000000000000 ) ) ;
#10068 =( BOUNDED_SURFACE ( )  B_SPLINE_SURFACE ( 3, 2, ( 
 ( #7321, #7364, #8399 ),
 ( #7641, #9453, #3914 ),
 ( #2856, #2896, #3838 ),
 ( #11426, #11344, #4839 ) ),
 .UNSPECIFIED., .F., .F., .T. ) 
 B_SPLINE_SURFACE_WITH_KNOTS ( ( 4, 4 ),
 ( 3, 3 ),
 ( 5.570304280089970400E-005, 6.689557819042033500E-005 ),
 ( 0.0000000000000000000, 1.000000000000000000 ),
 .UNSPECIFIED. ) 
 GEOMETRIC_REPRESENTATION_ITEM ( )  RATIONAL_B_SPLINE_SURFACE ( (
 ( 1.000000000000000000, 0.8572487393423806600, 1.000000000000000000),
 ( 1.000000000000000000, 0.8949940650487292500, 1.000000000000000000),
 ( 1.000000000000000000, 0.9233664236953502700, 1.000000000000000000),
 ( 1.000000000000000000, 0.9230818616276826900, 1.000000000000000000) ) ) 
 REPRESENTATION_ITEM ( '' )  SURFACE ( )  );
#10069 = DIRECTION ( 'NONE',  ( 0.0000000000000000000, -0.0000000000000000000, -1.000000000000000000 ) ) ;
#10070 = B_SPLINE_CURVE_WITH_KNOTS ( 'NONE', 3,
 ( #3064, #9678, #2085, #377, #306, #7904, #3187, #10617, #1253, #9808 ),
 .UNSPECIFIED., .F., .F.,
 ( 4, 3, 3, 4 ),
 ( 0.0000000000000000000, 1.459936391658100900E-006, 5.785873059449799600E-006, 1.077026334132554400E-005 ),
 .UNSPECIFIED. ) ;
#10071 = LINE ( 'NONE', #4753, #5141 ) ;
#10072 = CARTESIAN_POINT ( 'NONE',  ( 0.6249999999999995600, 0.02222222222222176900, 0.8000000000000000400 ) ) ;
#10073 = CARTESIAN_POINT ( 'NONE',  ( 0.8777777777777774300, 0.5000000000000001100, -0.5111111111111147400 ) ) ;
#10074 = ORIENTED_EDGE ( 'NONE', *, *, #7590, .F. ) ;
#10075 = AXIS2_PLACEMENT_3D ( 'NONE', #11136, #9276, #5481 ) ;
#10076 =( NAMED_UNIT ( * ) SI_UNIT ( $, .STERADIAN. ) SOLID_ANGLE_UNIT ( ) );
#10077 = CIRCLE ( 'NONE', #11417, 0.5000000000000000000 ) ;
#10078 = ADVANCED_FACE ( 'NONE', ( #577 ), #5517, .T. ) ;
#10079 = AXIS2_PLACEMENT_3D ( 'NONE', #10382, #5657, #3796 ) ;
#10080 = EDGE_CURVE ( 'NONE', #11672, #958, #8964, .T. ) ;
#10081 = DIRECTION ( 'NONE',  ( 0.0000000000000000000, 1.000000000000000000, 0.0000000000000000000 ) ) ;
#10082 = DIRECTION ( 'NONE',  ( 0.0000000000000000000, 0.0000000000000000000, -1.000000000000000000 ) ) ;
#10083 = FACE_OUTER_BOUND ( 'NONE', #4644, .T. ) ;
#10084 = DIRECTION ( 'NONE',  ( 0.0000000000000000000, 0.0000000000000000000, 1.000000000000000000 ) ) ;
#10085 = CARTESIAN_POINT ( 'NONE',  ( 0.7111111111111146900, 0.1999999999999999800, 0.7320634920634921900 ) ) ;
#10086 = CARTESIAN_POINT ( 'NONE',  ( 0.6534730668123847100, 0.2935434888625025900, 0.7223925463429711200 ) ) ;
#10087 = DIRECTION ( 'NONE',  ( 0.0000000000000000000, 1.000000000000000000, 0.0000000000000000000 ) ) ;
#10088 = CARTESIAN_POINT ( 'NONE',  ( -0.6050421979690416800, 0.1857846604878625700, 0.7554876785798664300 ) ) ;
#10089 = CARTESIAN_POINT ( 'NONE',  ( 0.5887242147515763200, 0.1878125301996086400, 0.7519866611590836400 ) ) ;
#10090 = FACE_OUTER_BOUND ( 'NONE', #12100, .T. ) ;
#10091 = AXIS2_PLACEMENT_3D ( 'NONE', #7673, #8502, #5656 ) ;
#10092 = DIRECTION ( 'NONE',  ( -1.000000000000000000, -0.0000000000000000000, 1.084202172485504400E-016 ) ) ;
#10093 = CYLINDRICAL_SURFACE ( 'NONE', #11287, 0.01666666666666700000 ) ;
#10094 = CARTESIAN_POINT ( 'NONE',  ( -0.5000000000000000000, 0.9499999999999999600, 5.421010862427522200E-017 ) ) ;
#10095 = ORIENTED_EDGE ( 'NONE', *, *, #10610, .F. ) ;
#10096 = ORIENTED_EDGE ( 'NONE', *, *, #3184, .F. ) ;
#10097 = CARTESIAN_POINT ( 'NONE',  ( 0.7399180077948683800, 0.1908740050384213100, 0.7701308728720763800 ) ) ;
#10098 = PLANE ( 'NONE',  #8095 ) ;
#10099 = PRESENTATION_LAYER_ASSIGNMENT (  '', '', ( #9688 ) ) ;
#10100 = CYLINDRICAL_SURFACE ( 'NONE', #8963, 0.02499999999999984900 ) ;
#10101 = DIRECTION ( 'NONE',  ( 0.0000000000000000000, 0.0000000000000000000, 1.000000000000000000 ) ) ;
#10102 = ORIENTED_EDGE ( 'NONE', *, *, #4601, .F. ) ;
#10103 = ORIENTED_EDGE ( 'NONE', *, *, #119, .F. ) ;
#10104 = DIRECTION ( 'NONE',  ( 0.0000000000000000000, 1.000000000000000000, 0.0000000000000000000 ) ) ;
#10105 = CARTESIAN_POINT ( 'NONE',  ( -0.3550000000000000400, 0.9499999999999999600, -0.2200000000000000000 ) ) ;
#10106 = CARTESIAN_POINT ( 'NONE',  ( -0.5000000000000000000, 0.9499999999999999600, -0.09999999999999993600 ) ) ;
#10107 = CARTESIAN_POINT ( 'NONE',  ( -0.7378720759948380600, 0.003596043025005624000, 0.7441834181774171800 ) ) ;
#10108 = CARTESIAN_POINT ( 'NONE',  ( -0.3100000000000000000, 1.000000000000000000, 0.1499999999999999700 ) ) ;
#10109 = PLANE ( 'NONE',  #691 ) ;
#10110 = EDGE_CURVE ( 'NONE', #11804, #11007, #9398, .T. ) ;
#10111 = ORIENTED_EDGE ( 'NONE', *, *, #2985, .T. ) ;
#10112 = EDGE_LOOP ( 'NONE', ( #7292, #4939, #446, #8947 ) ) ;
#10113 = VERTEX_POINT ( 'NONE', #7437 ) ;
#10114 = ADVANCED_FACE ( 'NONE', ( #8655 ), #10135, .F. ) ;
#10115 = CARTESIAN_POINT ( 'NONE',  ( -0.6135424207468376200, 0.002501709051685000000, 0.7423069550784993100 ) ) ;
#10116 =( GEOMETRIC_REPRESENTATION_CONTEXT ( 3 ) GLOBAL_UNCERTAINTY_ASSIGNED_CONTEXT ( ( #4463 ) ) GLOBAL_UNIT_ASSIGNED_CONTEXT ( ( #2873, #974, #10519 ) ) REPRESENTATION_CONTEXT ( 'NONE', 'WORKASPACE' ) );
#10117 = DIRECTION ( 'NONE',  ( -1.000000000000000000, -0.0000000000000000000, -7.623296525288672200E-017 ) ) ;
#10118 = DIRECTION ( 'NONE',  ( -0.0000000000000000000, 1.000000000000000000, -0.0000000000000000000 ) ) ;
#10119 = CARTESIAN_POINT ( 'NONE',  ( 0.5861111111111111400, 0.02194444444444429100, 0.7542839781067808300 ) ) ;
#10120 = CARTESIAN_POINT ( 'NONE',  ( -0.4499999999999999600, 1.000000000000000000, 0.1950000000000000600 ) ) ;
#10121 = ORIENTED_EDGE ( 'NONE', *, *, #7576, .T. ) ;
#10122 = EDGE_LOOP ( 'NONE', ( #1062, #1282 ) ) ;
#10123 = EDGE_LOOP ( 'NONE', ( #11173, #12251, #2510, #8546 ) ) ;
#10124 = ORIENTED_EDGE ( 'NONE', *, *, #3848, .T. ) ;
#10125 = PRESENTATION_LAYER_ASSIGNMENT (  '', '', ( #8853 ) ) ;
#10126 = CARTESIAN_POINT ( 'NONE',  ( -0.5000000000000000000, 1.000000000000000000, 5.421010862427522200E-017 ) ) ;
#10127 = DIRECTION ( 'NONE',  ( 0.0000000000000000000, 1.000000000000000000, 0.0000000000000000000 ) ) ;
#10128 = FILL_AREA_STYLE ('',( #9035 ) ) ;
#10129 = ORIENTED_EDGE ( 'NONE', *, *, #4118, .T. ) ;
#10130 = ORIENTED_EDGE ( 'NONE', *, *, #2990, .T. ) ;
#10131 = DIRECTION ( 'NONE',  ( 0.0000000000000000000, 1.185846126156016500E-015, -1.000000000000000000 ) ) ;
#10132 = PLANE ( 'NONE',  #6084 ) ;
#10133 = FACE_OUTER_BOUND ( 'NONE', #3922, .T. ) ;
#10134 = EDGE_CURVE ( 'NONE', #2972, #5663, #4391, .T. ) ;
#10135 =( BOUNDED_SURFACE ( )  B_SPLINE_SURFACE ( 3, 2, ( 
 ( #4576, #9423, #3759 ),
 ( #898, #2667, #7528 ),
 ( #11311, #9271, #9309 ),
 ( #1917, #3688, #1756 ) ),
 .UNSPECIFIED., .F., .F., .F. ) 
 B_SPLINE_SURFACE_WITH_KNOTS ( ( 4, 4 ),
 ( 3, 3 ),
 ( 5.570304280089970400E-005, 6.689557819041190600E-005 ),
 ( 0.0000000000000000000, 1.000000000000000000 ),
 .UNSPECIFIED. ) 
 GEOMETRIC_REPRESENTATION_ITEM ( )  RATIONAL_B_SPLINE_SURFACE ( (
 ( 1.000000000000000000, 0.8572487393423806600, 1.000000000000000000),
 ( 1.000000000000000000, 0.8949940650486950500, 1.000000000000000000),
 ( 1.000000000000000000, 0.9233664236953166300, 1.000000000000000000),
 ( 1.000000000000000000, 0.9230818616276786900, 1.000000000000000000) ) ) 
 REPRESENTATION_ITEM ( '' )  SURFACE ( )  );
#10136 = ADVANCED_FACE ( 'NONE', ( #7927 ), #6441, .F. ) ;
#10137 = CARTESIAN_POINT ( 'NONE',  ( 0.6476879537069494300, 0.2033827324349453700, 0.7748566205612378300 ) ) ;
#10138 = CARTESIAN_POINT ( 'NONE',  ( -0.7083461361156723200, 0.2078715803237827000, 0.7262790832728547300 ) ) ;
#10139 = VERTEX_POINT ( 'NONE', #9379 ) ;
#10140 = ORIENTED_EDGE ( 'NONE', *, *, #9161, .F. ) ;
#10141 = ORIENTED_EDGE ( 'NONE', *, *, #2138, .F. ) ;
#10142 = EDGE_LOOP ( 'NONE', ( #7306, #9131, #10304, #206 ) ) ;
#10143 = CARTESIAN_POINT ( 'NONE',  ( -0.3075000000000000500, 0.9499999999999999600, 8.131516293641283300E-017 ) ) ;
#10144 = PLANE ( 'NONE',  #274 ) ;
#10145 = DIRECTION ( 'NONE',  ( 0.0000000000000000000, 1.000000000000000000, 0.0000000000000000000 ) ) ;
#10146 = FACE_OUTER_BOUND ( 'NONE', #2179, .T. ) ;
#10147 = CARTESIAN_POINT ( 'NONE',  ( -0.9555555555555553800, 0.1899999999999999700, -0.7777777777777779000 ) ) ;
#10148 = EDGE_LOOP ( 'NONE', ( #8520, #1231 ) ) ;
#10149 = ORIENTED_EDGE ( 'NONE', *, *, #10950, .F. ) ;
#10150 = EDGE_CURVE ( 'NONE', #5581, #8387, #7617, .T. ) ;
#10151 = CARTESIAN_POINT ( 'NONE',  ( -0.7111111111111145800, 0.8000000000000000400, -0.7777777777777779000 ) ) ;
#10152 = EDGE_LOOP ( 'NONE', ( #7048, #429 ) ) ;
#10153 = ORIENTED_EDGE ( 'NONE', *, *, #4748, .T. ) ;
#10154 = CARTESIAN_POINT ( 'NONE',  ( -0.3999999999999999700, 0.9499999999999999600, 0.1000000000000000200 ) ) ;
#10155 = DIRECTION ( 'NONE',  ( 0.0000000000000000000, 0.0000000000000000000, 1.000000000000000000 ) ) ;
#10156 = AXIS2_PLACEMENT_3D ( 'NONE', #11064, #5493, #6316 ) ;
#10157 = CARTESIAN_POINT ( 'NONE',  ( 0.6063629157946405200, 0.1788131611555089100, 0.7543401797186019000 ) ) ;
#10158 = CYLINDRICAL_SURFACE ( 'NONE', #9299, 0.02499999999999990400 ) ;
#10159 = LINE ( 'NONE', #9376, #1878 ) ;
#10160 = EDGE_LOOP ( 'NONE', ( #4780, #2906 ) ) ;
#10161 = DIRECTION ( 'NONE',  ( 0.0000000000000000000, 1.000000000000000000, 0.0000000000000000000 ) ) ;
#10162 = ORIENTED_EDGE ( 'NONE', *, *, #3487, .T. ) ;
#10163 = CARTESIAN_POINT ( 'NONE',  ( -0.6200884450117147800, 0.004999999999999999200, 0.7525506826049004300 ) ) ;
#10164 = CARTESIAN_POINT ( 'NONE',  ( 7.937048284925630400E-017, 0.02222222222222208800, 0.7320634920634921900 ) ) ;
#10165 = VERTEX_POINT ( 'NONE', #3968 ) ;
#10166 =( GEOMETRIC_REPRESENTATION_CONTEXT ( 3 ) GLOBAL_UNCERTAINTY_ASSIGNED_CONTEXT ( ( #9660 ) ) GLOBAL_UNIT_ASSIGNED_CONTEXT ( ( #10443, #6471, #4773 ) ) REPRESENTATION_CONTEXT ( 'NONE', 'WORKASPACE' ) );
#10167 = CARTESIAN_POINT ( 'NONE',  ( -0.6955901375556164900, 0.2996405760703048100, 0.7141776225364870900 ) ) ;
#10168 = CARTESIAN_POINT ( 'NONE',  ( -0.6374876659418421400, 0.2010569371594656800, 0.7312727270657816100 ) ) ;
#10170 = DIRECTION ( 'NONE',  ( 0.0000000000000000000, 0.0000000000000000000, -1.000000000000000000 ) ) ;
#10169 = AXIS2_PLACEMENT_3D ( 'NONE', #6878, #10572, #2183 ) ;
#10171 = ORIENTED_EDGE ( 'NONE', *, *, #1249, .T. ) ;
#10172 = CARTESIAN_POINT ( 'NONE',  ( 0.6499999999999996900, 0.2868852459016391100, 0.7254702478983879900 ) ) ;
#10173 = CARTESIAN_POINT ( 'NONE',  ( -0.6132071259878675300, 0.1952360356561510000, 0.7617738542168771600 ) ) ;
#10174 = CARTESIAN_POINT ( 'NONE',  ( 0.9555555555555560500, 0.02222222222222208800, 0.7098412698412697200 ) ) ;
#10175 = DIRECTION ( 'NONE',  ( 0.0000000000000000000, 0.0000000000000000000, 1.000000000000000000 ) ) ;
#10176 = VECTOR ( 'NONE', #753, 1000.000000000000000 ) ;
#10177 = CARTESIAN_POINT ( 'NONE',  ( -0.5000000000000000000, 0.9499999999999999600, -0.09999999999999993600 ) ) ;
#10178 = EDGE_CURVE ( 'NONE', #9515, #11974, #5131, .T. ) ;
#10179 = ORIENTED_EDGE ( 'NONE', *, *, #8047, .F. ) ;
#10180 = CARTESIAN_POINT ( 'NONE',  ( 0.6335806605435242400, 0.2000000000000000100, 0.7320634920634921900 ) ) ;
#10181 = ORIENTED_EDGE ( 'NONE', *, *, #9368, .F. ) ;
#10182 = ORIENTED_EDGE ( 'NONE', *, *, #9383, .T. ) ;
#10183 = DIRECTION ( 'NONE',  ( 0.0000000000000000000, 1.000000000000000000, 0.0000000000000000000 ) ) ;
#10184 = CARTESIAN_POINT ( 'NONE',  ( -0.7083333333333332600, 0.2081793137346102100, 0.7260576755716460200 ) ) ;
#10185 = AXIS2_PLACEMENT_3D ( 'NONE', #11846, #6134, #9854 ) ;
#10186 = VECTOR ( 'NONE', #7132, 1000.000000000000000 ) ;
#10187 = AXIS2_PLACEMENT_3D ( 'NONE', #10809, #6051, #8007 ) ;
#10188 = ADVANCED_FACE ( 'NONE', ( #2612 ), #413, .F. ) ;
#10189 = CARTESIAN_POINT ( 'NONE',  ( 0.9777777777777777500, 0.1899999999999999700, -0.7555555555555557600 ) ) ;
#10190 = ORIENTED_EDGE ( 'NONE', *, *, #2809, .F. ) ;
#10191 = DIRECTION ( 'NONE',  ( 0.0000000000000000000, 0.0000000000000000000, 1.000000000000000000 ) ) ;
#10192 = EDGE_LOOP ( 'NONE', ( #9171, #12081, #8935, #10438 ) ) ;
#10193 = DIRECTION ( 'NONE',  ( 0.0000000000000000000, 1.000000000000000000, -0.0000000000000000000 ) ) ;
#10194 = EDGE_CURVE ( 'NONE', #11670, #1076, #1431, .T. ) ;
#10195 = LINE ( 'NONE', #7872, #3677 ) ;
#10196 = FACE_OUTER_BOUND ( 'NONE', #5099, .T. ) ;
#10197 = LINE ( 'NONE', #2441, #1912 ) ;
#10198 = FACE_OUTER_BOUND ( 'NONE', #2758, .T. ) ;
#10199 = PLANE ( 'NONE',  #9445 ) ;
#10200 = CARTESIAN_POINT ( 'NONE',  ( 0.7111111111111141400, 0.5000000000000000000, 0.4653968253968280300 ) ) ;
#10201 = PRESENTATION_STYLE_ASSIGNMENT (( #461 ) ) ;
#10202 = FACE_OUTER_BOUND ( 'NONE', #5726, .T. ) ;
#10203 = DIRECTION ( 'NONE',  ( 2.790226179190637400E-016, -0.0000000000000000000, 1.000000000000000000 ) ) ;
#10204 = DIRECTION ( 'NONE',  ( 0.0000000000000000000, 1.000000000000000000, 0.0000000000000000000 ) ) ;
#10205 = AXIS2_PLACEMENT_3D ( 'NONE', #2528, #9118, #10082 ) ;
#10206 = VERTEX_POINT ( 'NONE', #857 ) ;
#10207 = CARTESIAN_POINT ( 'NONE',  ( -0.6399404231084141500, 0.1999999999999999800, 0.7777777777777779000 ) ) ;
#10208 = VERTEX_POINT ( 'NONE', #930 ) ;
#10209 = ADVANCED_FACE ( 'NONE', ( #2004 ), #11218, .F. ) ;
#10210 = PLANE ( 'NONE',  #9966 ) ;
#10211 = SURFACE_STYLE_FILL_AREA ( #9101 ) ;
#10212 = LINE ( 'NONE', #1361, #6636 ) ;
#10213 = DIRECTION ( 'NONE',  ( 0.0000000000000000000, 1.000000000000000000, 0.0000000000000000000 ) ) ;
#10214 = EDGE_CURVE ( 'NONE', #6381, #5103, #5431, .T. ) ;
#10215 = CIRCLE ( 'NONE', #3073, 0.02499999999999990400 ) ;
#10216 = FACE_OUTER_BOUND ( 'NONE', #2318, .T. ) ;
#10217 = DIRECTION ( 'NONE',  ( 0.0000000000000000000, 0.0000000000000000000, 1.000000000000000000 ) ) ;
#10218 = DIRECTION ( 'NONE',  ( 1.000000000000000000, 0.0000000000000000000, -1.084202172485504400E-016 ) ) ;
#10219 = EDGE_CURVE ( 'NONE', #10762, #9371, #1277, .T. ) ;
#10220 = DIRECTION ( 'NONE',  ( 0.0000000000000000000, 0.0000000000000000000, -1.000000000000000000 ) ) ;
#10221 = DIRECTION ( 'NONE',  ( -0.0000000000000000000, -1.185846126156022200E-015, -1.000000000000000000 ) ) ;
#10222 = EDGE_CURVE ( 'NONE', #10733, #8473, #11347, .T. ) ;
#10223 = DIRECTION ( 'NONE',  ( 0.0000000000000000000, 1.000000000000000000, 0.0000000000000000000 ) ) ;
#10224 = CARTESIAN_POINT ( 'NONE',  ( 0.6371468960063074700, 0.1999999999999999800, 0.7748161792176677700 ) ) ;
#10225 = CARTESIAN_POINT ( 'NONE',  ( 0.6096317038930095800, 0.01500522245037588600, 0.7876745583901453300 ) ) ;
#10226 = FACE_OUTER_BOUND ( 'NONE', #3321, .T. ) ;
#10227 = CYLINDRICAL_SURFACE ( 'NONE', #1832, 0.02222222222222208800 ) ;
#10228 = DIRECTION ( 'NONE',  ( 0.0000000000000000000, 0.0000000000000000000, -1.000000000000000000 ) ) ;
#10229 = CARTESIAN_POINT ( 'NONE',  ( -0.6083333333333331700, 0.1777777777777776700, 0.8000000000000000400 ) ) ;
#10230 = AXIS2_PLACEMENT_3D ( 'NONE', #9193, #3521, #12062 ) ;
#10231 = EDGE_CURVE ( 'NONE', #5103, #311, #4684, .T. ) ;
#10232 = LINE ( 'NONE', #9452, #11146 ) ;
#10233 = CARTESIAN_POINT ( 'NONE',  ( 0.7416666666666664700, 0.1777777777777780100, 0.7765079365079360400 ) ) ;
#10234 = ORIENTED_EDGE ( 'NONE', *, *, #8500, .F. ) ;
#10235 = EDGE_CURVE ( 'NONE', #1765, #8050, #3917, .T. ) ;
#10236 = AXIS2_PLACEMENT_3D ( 'NONE', #4172, #11772, #8883 ) ;
#10237 = CARTESIAN_POINT ( 'NONE',  ( -0.7111111111111139100, 0.5000000000000000000, -0.5111111111111139600 ) ) ;
#10238 = CIRCLE ( 'NONE', #5509, 0.02499999999999990400 ) ;
#10239 = DIRECTION ( 'NONE',  ( 2.927345865710836700E-014, 0.0000000000000000000, -1.000000000000000000 ) ) ;
#10240 =( NAMED_UNIT ( * ) SI_UNIT ( $, .STERADIAN. ) SOLID_ANGLE_UNIT ( ) );
#10241 = DIRECTION ( 'NONE',  ( -1.000000000000000000, -0.0000000000000000000, 1.084202172485504400E-016 ) ) ;
#10242 = AXIS2_PLACEMENT_3D ( 'NONE', #6868, #5030, #11671 ) ;
#10243 = CYLINDRICAL_SURFACE ( 'NONE', #11226, 0.02499999999999998400 ) ;
#10244 = ORIENTED_EDGE ( 'NONE', *, *, #6072, .F. ) ;
#10245 = AXIS2_PLACEMENT_3D ( 'NONE', #6323, #10223, #12163 ) ;
#10246 = EDGE_CURVE ( 'NONE', #2410, #2511, #11810, .T. ) ;
#10247 = ADVANCED_FACE ( 'NONE', ( #706 ), #3134, .T. ) ;
#10248 = CARTESIAN_POINT ( 'NONE',  ( 0.7416666666666664700, 0.1777777777777780100, 0.7765079365079360400 ) ) ;
#10249 = CARTESIAN_POINT ( 'NONE',  ( 0.5861111111111112500, 0.1833333333333334600, 0.7761593472479015900 ) ) ;
#10250 = CARTESIAN_POINT ( 'NONE',  ( 0.7375635799312121300, 0.01058435714662390800, 0.7896837529460957200 ) ) ;
#10251 = CARTESIAN_POINT ( 'NONE',  ( -0.7072307039796719200, 0.2892947526523506100, 0.7165391306959452100 ) ) ;
#10252 = CARTESIAN_POINT ( 'NONE',  ( -0.6409530041386215500, 0.2049591572320282300, 0.7283917180951294800 ) ) ;
#10253 = CIRCLE ( 'NONE', #2996, 0.02222222222222198000 ) ;
#10254 = ORIENTED_EDGE ( 'NONE', *, *, #6714, .F. ) ;
#10255 = AXIS2_PLACEMENT_3D ( 'NONE', #3733, #5638, #10397 ) ;
#10256 = ORIENTED_EDGE ( 'NONE', *, *, #1768, .T. ) ;
#10257 = CARTESIAN_POINT ( 'NONE',  ( 0.7025987956950091600, 0.2960735131620527700, 0.7149832313272032100 ) ) ;
#10258 = PLANE ( 'NONE',  #10577 ) ;
#10259 = CARTESIAN_POINT ( 'NONE',  ( 0.6978120033786864300, 0.2924214117313438900, 0.7229029271953437700 ) ) ;
#10260 = AXIS2_PLACEMENT_3D ( 'NONE', #960, #10351, #9373 ) ;
#10261 = CARTESIAN_POINT ( 'NONE',  ( 0.6416666666666661600, 0.2083333333333335400, 0.7259470610297853500 ) ) ;
#10262 = CARTESIAN_POINT ( 'NONE',  ( 0.7158672699947852300, 0.2000000000000000900, 0.7320634920634921900 ) ) ;
#10263 = ADVANCED_FACE ( 'NONE', ( #3781 ), #9254, .T. ) ;
#10264 = ORIENTED_EDGE ( 'NONE', *, *, #2646, .T. ) ;
#10265 = EDGE_CURVE ( 'NONE', #3201, #4927, #1725, .T. ) ;
#10266 = CARTESIAN_POINT ( 'NONE',  ( -0.6212349441853224400, 0.2000000000000000100, 0.7414551684814099100 ) ) ;
#10267 = CIRCLE ( 'NONE', #11432, 0.02499999999999995600 ) ;
#10268 = AXIS2_PLACEMENT_3D ( 'NONE', #7659, #1010, #11404 ) ;
#10269 = ORIENTED_EDGE ( 'NONE', *, *, #11487, .F. ) ;
#10270 = DIRECTION ( 'NONE',  ( -0.0000000000000000000, -1.000000000000000000, -0.0000000000000000000 ) ) ;
#10271 = ORIENTED_EDGE ( 'NONE', *, *, #26, .T. ) ;
#10272 = EDGE_LOOP ( 'NONE', ( #2861, #5299, #3507, #10585, #4211 ) ) ;
#10273 = ORIENTED_EDGE ( 'NONE', *, *, #3048, .T. ) ;
#10274 = ORIENTED_EDGE ( 'NONE', *, *, #5168, .T. ) ;
#10275 = FILL_AREA_STYLE ('',( #4615 ) ) ;
#10276 = EDGE_CURVE ( 'NONE', #399, #9514, #2898, .T. ) ;
#10277 = VERTEX_POINT ( 'NONE', #3173 ) ;
#10278 = EDGE_LOOP ( 'NONE', ( #11294, #8973 ) ) ;
#10279 = ORIENTED_EDGE ( 'NONE', *, *, #3726, .T. ) ;
#10280 = EDGE_LOOP ( 'NONE', ( #7283, #7180, #4525, #10042 ) ) ;
#10281 = DIRECTION ( 'NONE',  ( -0.0000000000000000000, 1.000000000000000000, -0.0000000000000000000 ) ) ;
#10282 = VERTEX_POINT ( 'NONE', #9795 ) ;
#10283 = CARTESIAN_POINT ( 'NONE',  ( -0.6249999999999995600, 0.004999999999999999200, 0.7525438349425661600 ) ) ;
#10284 = AXIS2_PLACEMENT_3D ( 'NONE', #11887, #8907, #419 ) ;
#10285 = CARTESIAN_POINT ( 'NONE',  ( -0.9555555555555553800, -1.445153081025597900, 0.7098412698412699400 ) ) ;
#10286 = FACE_OUTER_BOUND ( 'NONE', #3786, .T. ) ;
#10287 = DIRECTION ( 'NONE',  ( -0.0000000000000000000, -1.000000000000000000, -0.0000000000000000000 ) ) ;
#10288 = CARTESIAN_POINT ( 'NONE',  ( -0.4999999999999998900, 0.8792893218813447900, 0.2650000000000000100 ) ) ;
#10289 = MANIFOLD_SOLID_BREP ( 'Boss-Extrude4[22]', #9264 ) ;
#10290 = ORIENTED_EDGE ( 'NONE', *, *, #5356, .T. ) ;
#10291 = AXIS2_PLACEMENT_3D ( 'NONE', #5858, #7679, #2107 ) ;
#10292 = DIRECTION ( 'NONE',  ( 1.000000000000000000, 0.0000000000000000000, -3.580851211878729700E-016 ) ) ;
#10293 = CARTESIAN_POINT ( 'NONE',  ( -0.6000000000000000900, 0.9499999999999999600, -0.09999999999999993600 ) ) ;
#10294 = DIRECTION ( 'NONE',  ( 0.0000000000000000000, 0.0000000000000000000, 1.000000000000000000 ) ) ;
#10295 = ORIENTED_EDGE ( 'NONE', *, *, #11141, .F. ) ;
#10296 = EDGE_LOOP ( 'NONE', ( #813, #7106 ) ) ;
#10297 = FILL_AREA_STYLE_COLOUR ( '', #5332 ) ;
#10298 = EDGE_CURVE ( 'NONE', #2590, #7146, #7198, .T. ) ;
#10299 = VERTEX_POINT ( 'NONE', #9837 ) ;
#10300 = COLOUR_RGB ( '',1.000000000000000000, 1.000000000000000000, 1.000000000000000000 ) ;
#10301 = SURFACE_STYLE_USAGE ( .BOTH. , #9330 ) ;
#10302 = FACE_OUTER_BOUND ( 'NONE', #8126, .T. ) ;
#10303 = ORIENTED_EDGE ( 'NONE', *, *, #3656, .F. ) ;
#10304 = ORIENTED_EDGE ( 'NONE', *, *, #4820, .T. ) ;
#10305 = ADVANCED_FACE ( 'NONE', ( #2163 ), #8851, .T. ) ;
#10306 = DIRECTION ( 'NONE',  ( 0.0000000000000000000, 1.000000000000000000, 0.0000000000000000000 ) ) ;
#10307 = CIRCLE ( 'NONE', #4122, 0.02499999999999995600 ) ;
#10308 = VERTEX_POINT ( 'NONE', #1373 ) ;
#10309 = AXIS2_PLACEMENT_3D ( 'NONE', #10200, #12211, #8362 ) ;
#10310 = DIRECTION ( 'NONE',  ( 1.084202172485507000E-016, 0.0000000000000000000, 1.000000000000000000 ) ) ;
#10311 = LINE ( 'NONE', #5239, #853 ) ;
#10312 = AXIS2_PLACEMENT_3D ( 'NONE', #10870, #2468, #10920 ) ;
#10313 = CIRCLE ( 'NONE', #8489, 0.02499999999999990400 ) ;
#10314 = DIRECTION ( 'NONE',  ( 0.0000000000000000000, 0.0000000000000000000, -1.000000000000000000 ) ) ;
#10315 = EDGE_CURVE ( 'NONE', #11959, #2279, #4191, .T. ) ;
#10316 = DIRECTION ( 'NONE',  ( 0.0000000000000000000, 0.0000000000000000000, -1.000000000000000000 ) ) ;
#10317 = VERTEX_POINT ( 'NONE', #5905 ) ;
#10318 = PLANE ( 'NONE',  #2012 ) ;
#10319 = ORIENTED_EDGE ( 'NONE', *, *, #1117, .T. ) ;
#10320 = DIRECTION ( 'NONE',  ( 0.0000000000000000000, 1.036768327439275000E-014, 1.000000000000000000 ) ) ;
#10321 = VERTEX_POINT ( 'NONE', #5056 ) ;
#10322 = CARTESIAN_POINT ( 'NONE',  ( 0.6083333333333330600, 0.1805555555555557500, 0.7541114196556968400 ) ) ;
#10323 = ADVANCED_FACE ( 'NONE', ( #6890 ), #11427, .F. ) ;
#10324 = CIRCLE ( 'NONE', #4420, 0.01666666666666645800 ) ;
#10325 = CYLINDRICAL_SURFACE ( 'NONE', #6208, 0.02499999999999995600 ) ;
#10326 = CYLINDRICAL_SURFACE ( 'NONE', #2230, 0.02499999999999990400 ) ;
#10327 = CARTESIAN_POINT ( 'NONE',  ( -0.3999999999999999700, 0.9499999999999999600, -0.09999999999999993600 ) ) ;
#10328 = DIRECTION ( 'NONE',  ( -1.000000000000000000, 0.0000000000000000000, 1.084202172485504800E-016 ) ) ;
#10329 = CLOSED_SHELL ( 'NONE', ( #4782, #45, #4030, #5776 ) ) ;
#10330 = AXIS2_PLACEMENT_3D ( 'NONE', #12141, #1719, #8316 ) ;
#10331 = VERTEX_POINT ( 'NONE', #4147 ) ;
#10332 = DIRECTION ( 'NONE',  ( 0.0000000000000000000, 0.0000000000000000000, -1.000000000000000000 ) ) ;
#10333 = DIRECTION ( 'NONE',  ( 0.0000000000000000000, -0.0000000000000000000, 1.000000000000000000 ) ) ;
#10334 = DIRECTION ( 'NONE',  ( 0.0000000000000000000, 1.000000000000000000, -0.0000000000000000000 ) ) ;
#10335 = VERTEX_POINT ( 'NONE', #6205 ) ;
#10336 = DIRECTION ( 'NONE',  ( 1.000000000000000000, 0.0000000000000000000, 0.0000000000000000000 ) ) ;
#10337 = CARTESIAN_POINT ( 'NONE',  ( -0.6086241421919419400, 0.1864331815353205100, 0.7746282899908404400 ) ) ;
#10338 = COLOUR_RGB ( '',1.000000000000000000, 0.8117647058823529400, 0.5019607843137254800 ) ;
#10339 = CIRCLE ( 'NONE', #1978, 0.02500000000000007800 ) ;
#10340 = CARTESIAN_POINT ( 'NONE',  ( -0.6000000000000000900, 1.000000000000000000, -0.09999999999999993600 ) ) ;
#10341 = CARTESIAN_POINT ( 'NONE',  ( 0.6366897374282835000, 0.2007058175290254200, 0.7315351006327758300 ) ) ;
#10342 = ORIENTED_EDGE ( 'NONE', *, *, #11658, .F. ) ;
#10343 = ORIENTED_EDGE ( 'NONE', *, *, #2815, .T. ) ;
#10344 = CARTESIAN_POINT ( 'NONE',  ( -0.6416666666666661600, 0.2833333333333330500, 0.7179317890670646700 ) ) ;
#10345 = AXIS2_PLACEMENT_3D ( 'NONE', #2194, #7262, #8219 ) ;
#10346 = AXIS2_PLACEMENT_3D ( 'NONE', #1194, #229, #5046 ) ;
#10347 = FACE_OUTER_BOUND ( 'NONE', #9734, .T. ) ;
#10348 = CIRCLE ( 'NONE', #1791, 0.02222222222222198000 ) ;
#10349 = FACE_OUTER_BOUND ( 'NONE', #10353, .T. ) ;
#10350 = CARTESIAN_POINT ( 'NONE',  ( 0.6548129411193948100, 0.2997157973766131900, 0.6739296883851111400 ) ) ;
#10351 = DIRECTION ( 'NONE',  ( -0.0000000000000000000, 1.000000000000000000, -0.0000000000000000000 ) ) ;
#10352 = DIRECTION ( 'NONE',  ( -0.0000000000000000000, -1.185846126156022200E-015, -1.000000000000000000 ) ) ;
#10353 = EDGE_LOOP ( 'NONE', ( #124, #4495, #2886, #3625 ) ) ;
#10354 = CARTESIAN_POINT ( 'NONE',  ( -0.6499999999999996900, 0.2877287336543426500, 0.7250728198806623000 ) ) ;
#10355 = EDGE_CURVE ( 'NONE', #2864, #9050, #9113, .T. ) ;
#10356 = DIRECTION ( 'NONE',  ( 0.0000000000000000000, 1.000000000000000000, 0.0000000000000000000 ) ) ;
#10357 = DIRECTION ( 'NONE',  ( 0.0000000000000000000, 1.000000000000000000, -0.0000000000000000000 ) ) ;
#10358 = DIRECTION ( 'NONE',  ( 1.479738666953786500E-016, 0.0000000000000000000, 1.000000000000000000 ) ) ;
#10359 = DIRECTION ( 'NONE',  ( 0.0000000000000000000, 0.0000000000000000000, -1.000000000000000000 ) ) ;
#10360 = VECTOR ( 'NONE', #3839, 1000.000000000000000 ) ;
#10361 = CARTESIAN_POINT ( 'NONE',  ( -0.7250000000000000900, 0.02222222222222176900, 0.8000000000000000400 ) ) ;
#10362 = FACE_OUTER_BOUND ( 'NONE', #12280, .T. ) ;
#10363 = AXIS2_PLACEMENT_3D ( 'NONE', #3941, #9602, #1218 ) ;
#10364 = CIRCLE ( 'NONE', #5477, 0.02499999999999990400 ) ;
#10365 = DIRECTION ( 'NONE',  ( 0.0000000000000000000, 0.0000000000000000000, 1.000000000000000000 ) ) ;
#10366 = DIRECTION ( 'NONE',  ( -2.168404344971008900E-016, 0.0000000000000000000, 1.000000000000000000 ) ) ;
#10367 = CARTESIAN_POINT ( 'NONE',  ( -0.4999999999999998900, 0.9499999999999999600, 0.2900000000000000400 ) ) ;
#10368 = DIRECTION ( 'NONE',  ( 0.0000000000000000000, 0.0000000000000000000, 1.000000000000000000 ) ) ;
#10369 = ORIENTED_EDGE ( 'NONE', *, *, #4883, .T. ) ;
#10370 = CARTESIAN_POINT ( 'NONE',  ( -0.3100000000000000500, 0.9499999999999999600, -0.1499999999999999100 ) ) ;
#10371 = CARTESIAN_POINT ( 'NONE',  ( 0.7416326572454299300, 0.02045014610077345100, 0.7763994802938689600 ) ) ;
#10372 = EDGE_CURVE ( 'NONE', #3027, #3886, #8227, .T. ) ;
#10373 = PLANE ( 'NONE',  #11596 ) ;
#10374 = DIRECTION ( 'NONE',  ( 0.0000000000000000000, 1.000000000000000000, -0.0000000000000000000 ) ) ;
#10375 = FACE_OUTER_BOUND ( 'NONE', #3460, .T. ) ;
#10376 = DIRECTION ( 'NONE',  ( 1.000000000000000000, -0.0000000000000000000, -0.0000000000000000000 ) ) ;
#10377 = ADVANCED_FACE ( 'NONE', ( #7039 ), #9847, .T. ) ;
#10378 = AXIS2_PLACEMENT_3D ( 'NONE', #3632, #11250, #5550 ) ;
#10379 = DIRECTION ( 'NONE',  ( 0.0000000000000000000, 1.000000000000000000, 0.0000000000000000000 ) ) ;
#10380 = FACE_OUTER_BOUND ( 'NONE', #12137, .T. ) ;
#10381 = EDGE_CURVE ( 'NONE', #5555, #9214, #4080, .T. ) ;
#10382 = CARTESIAN_POINT ( 'NONE',  ( -0.4499999999999999600, 1.000000000000000000, 0.1950000000000000600 ) ) ;
#10383 = DIRECTION ( 'NONE',  ( 0.0000000000000000000, -1.000000000000000000, 0.0000000000000000000 ) ) ;
#10384 = PRESENTATION_LAYER_ASSIGNMENT (  '', '', ( #9751 ) ) ;
#10385 = CYLINDRICAL_SURFACE ( 'NONE', #9991, 0.5000000000000000000 ) ;
#10386 = DIRECTION ( 'NONE',  ( 0.0000000000000000000, -0.9999218719480038600, -0.01250000000000092200 ) ) ;
#10387 = CARTESIAN_POINT ( 'NONE',  ( -0.6583333333333331000, 0.2950819672131146400, 0.7216981796386450200 ) ) ;
#10388 = ORIENTED_EDGE ( 'NONE', *, *, #5777, .F. ) ;
#10389 = ORIENTED_EDGE ( 'NONE', *, *, #5927, .T. ) ;
#10390 = CARTESIAN_POINT ( 'NONE',  ( -0.7111111111111132500, 0.1999999999999999800, 0.7320634920634920800 ) ) ;
#10391 = DIRECTION ( 'NONE',  ( 0.0000000000000000000, 1.000000000000000000, -0.0000000000000000000 ) ) ;
#10392 = AXIS2_PLACEMENT_3D ( 'NONE', #6154, #9994, #8115 ) ;
#10393 = AXIS2_PLACEMENT_3D ( 'NONE', #6301, #2482, #7254 ) ;
#10394 = ORIENTED_EDGE ( 'NONE', *, *, #9587, .F. ) ;
#10395 = ORIENTED_EDGE ( 'NONE', *, *, #508, .T. ) ;
#10396 = DIRECTION ( 'NONE',  ( 0.0000000000000000000, 1.000000000000000000, 0.0000000000000000000 ) ) ;
#10397 = DIRECTION ( 'NONE',  ( 0.0000000000000000000, -0.0000000000000000000, 1.000000000000000000 ) ) ;
#10398 = DIRECTION ( 'NONE',  ( 0.0000000000000000000, 1.000000000000000000, 0.0000000000000000000 ) ) ;
#10399 = CARTESIAN_POINT ( 'NONE',  ( 1.000000000000000200, 0.9777777777777779700, 0.7098412698412697200 ) ) ;
#10400 = CARTESIAN_POINT ( 'NONE',  ( 0.7250000000000000900, 0.005000000000000001800, 0.7525438349425659400 ) ) ;
#10401 = AXIS2_PLACEMENT_3D ( 'NONE', #1033, #10471, #11393 ) ;
#10402 = EDGE_CURVE ( 'NONE', #12240, #6324, #6304, .T. ) ;
#10403 = ORIENTED_EDGE ( 'NONE', *, *, #12037, .F. ) ;
#10404 = CARTESIAN_POINT ( 'NONE',  ( -0.6087209370019639500, 0.01797236701800763300, 0.7756052432764527500 ) ) ;
#10405 = ORIENTED_EDGE ( 'NONE', *, *, #1490, .T. ) ;
#10406 = CARTESIAN_POINT ( 'NONE',  ( -0.2125000000000000200, 0.9499999999999999600, 8.131516293641283300E-017 ) ) ;
#10407 = VERTEX_POINT ( 'NONE', #10008 ) ;
#10408 = AXIS2_PLACEMENT_3D ( 'NONE', #9859, #11720, #6967 ) ;
#10409 = CYLINDRICAL_SURFACE ( 'NONE', #445, 0.02500000000000009200 ) ;
#10410 = EDGE_CURVE ( 'NONE', #9070, #8331, #12121, .T. ) ;
#10411 = ORIENTED_EDGE ( 'NONE', *, *, #1403, .F. ) ;
#10412 = ORIENTED_EDGE ( 'NONE', *, *, #5610, .T. ) ;
#10413 = ORIENTED_EDGE ( 'NONE', *, *, #11753, .F. ) ;
#10414 = DIRECTION ( 'NONE',  ( 0.0000000000000000000, 1.000000000000000000, -0.0000000000000000000 ) ) ;
#10415 = VERTEX_POINT ( 'NONE', #7155 ) ;
#10416 = DIRECTION ( 'NONE',  ( 0.0000000000000000000, 0.0000000000000000000, 1.000000000000000000 ) ) ;
#10417 = CARTESIAN_POINT ( 'NONE',  ( -0.9555555555555553800, 0.8222222222222219700, -0.7555555555555555400 ) ) ;
#10418 = FACE_OUTER_BOUND ( 'NONE', #11047, .T. ) ;
#10419 = AXIS2_PLACEMENT_3D ( 'NONE', #12221, #1772, #782 ) ;
#10420 = CARTESIAN_POINT ( 'NONE',  ( -0.6574619440093078000, 0.2950819672249825900, 0.7216981796314414500 ) ) ;
#10421 = ORIENTED_EDGE ( 'NONE', *, *, #3392, .T. ) ;
#10422 = DIRECTION ( 'NONE',  ( 0.0000000000000000000, 0.0000000000000000000, 1.000000000000000000 ) ) ;
#10423 = ORIENTED_EDGE ( 'NONE', *, *, #5016, .T. ) ;
#10424 = DIRECTION ( 'NONE',  ( 0.0000000000000000000, 0.0000000000000000000, 1.000000000000000000 ) ) ;
#10425 = ORIENTED_EDGE ( 'NONE', *, *, #78, .F. ) ;
#10426 = CARTESIAN_POINT ( 'NONE',  ( -0.9555555555555553800, 0.8222222222222219700, -0.7555555555555555400 ) ) ;
#10427 = CARTESIAN_POINT ( 'NONE',  ( -0.5000000000000000000, 1.000000000000000000, 0.1250000000000001400 ) ) ;
#10428 = DIRECTION ( 'NONE',  ( -0.0000000000000000000, -1.000000000000000000, -0.0000000000000000000 ) ) ;
#10429 = EDGE_CURVE ( 'NONE', #8387, #3901, #10770, .T. ) ;
#10430 = ORIENTED_EDGE ( 'NONE', *, *, #3257, .F. ) ;
#10431 = SURFACE_STYLE_FILL_AREA ( #12281 ) ;
#10432 = ADVANCED_FACE ( 'NONE', ( #5703 ), #263, .T. ) ;
#10433 = EDGE_CURVE ( 'NONE', #9658, #12241, #3171, .T. ) ;
#10434 = UNCERTAINTY_MEASURE_WITH_UNIT (LENGTH_MEASURE( 1.000000000000000100E-005 ), #5937, 'distance_accuracy_value', 'NONE');
#10435 = CIRCLE ( 'NONE', #5884, 0.02499999999999984900 ) ;
#10436 = CIRCLE ( 'NONE', #10378, 0.02499999999999995600 ) ;
#10437 = VERTEX_POINT ( 'NONE', #1419 ) ;
#10438 = ORIENTED_EDGE ( 'NONE', *, *, #3397, .F. ) ;
#10439 = CARTESIAN_POINT ( 'NONE',  ( -0.9555555555555553800, 0.1900000000000000600, -0.7555555555555555400 ) ) ;
#10440 = ORIENTED_EDGE ( 'NONE', *, *, #7557, .T. ) ;
#10441 = B_SPLINE_CURVE_WITH_KNOTS ( 'NONE', 3,
 ( #5366, #1643, #3360, #11013, #9108, #10982, #10107, #12054, #5241, #11889, #3479, #1520, #703, #550, #7135, #6341, #1483, #4458, #11099, #7286, #8145, #8092 ),
 .UNSPECIFIED., .F., .F.,
 ( 4, 3, 3, 3, 3, 3, 3, 4 ),
 ( 1.084871981880857500E-019, 5.565776929134300200E-006, 1.310212524996842800E-005, 2.590581096254973500E-005, 3.669575738297420800E-005, 4.321075309617216900E-005, 4.662880593440479200E-005, 4.883735575450892100E-005 ),
 .UNSPECIFIED. ) ;
#10442 = ORIENTED_EDGE ( 'NONE', *, *, #7434, .F. ) ;
#10443 =( LENGTH_UNIT ( ) NAMED_UNIT ( * ) SI_UNIT ( .MILLI., .METRE. ) );
#10444 = CARTESIAN_POINT ( 'NONE',  ( 0.7250000000000000900, 0.2000000000000000100, 0.7320634920634921900 ) ) ;
#10445 = DIRECTION ( 'NONE',  ( 0.0000000000000000000, 0.0000000000000000000, -1.000000000000000000 ) ) ;
#10446 = CARTESIAN_POINT ( 'NONE',  ( 0.7355218946002204400, 0.008741206837336425500, 0.7641866886997074100 ) ) ;
#10447 = CARTESIAN_POINT ( 'NONE',  ( 0.7638888888888884000, 0.1777777777777780100, 0.7320634920634920800 ) ) ;
#10448 = COLOUR_RGB ( '',1.000000000000000000, 1.000000000000000000, 1.000000000000000000 ) ;
#10449 = DIRECTION ( 'NONE',  ( 0.0000000000000000000, 0.0000000000000000000, 1.000000000000000000 ) ) ;
#10450 = LINE ( 'NONE', #7560, #4246 ) ;
#10451 = DIRECTION ( 'NONE',  ( 1.000000000000000000, 0.0000000000000000000, -1.084202172485504400E-016 ) ) ;
#10452 = ADVANCED_FACE ( 'NONE', ( #9096 ), #6279, .F. ) ;
#10453 = VERTEX_POINT ( 'NONE', #618 ) ;
#10454 = EDGE_CURVE ( 'NONE', #1270, #10437, #2150, .T. ) ;
#10455 = ORIENTED_EDGE ( 'NONE', *, *, #4348, .T. ) ;
#10456 = VERTEX_POINT ( 'NONE', #5221 ) ;
#10457 = FACE_BOUND ( 'NONE', #7363, .T. ) ;
#10458 = CYLINDRICAL_SURFACE ( 'NONE', #3010, 0.01666666666666650000 ) ;
#10459 = ORIENTED_EDGE ( 'NONE', *, *, #10506, .T. ) ;
#10460 = CARTESIAN_POINT ( 'NONE',  ( -0.9999999999999997800, 0.1777777777777780100, 0.7542857142857142300 ) ) ;
#10461 = VERTEX_POINT ( 'NONE', #12006 ) ;
#10462 = CARTESIAN_POINT ( 'NONE',  ( -0.6900000000000000600, 0.9499999999999999600, 0.1749999999999998200 ) ) ;
#10463 = ORIENTED_EDGE ( 'NONE', *, *, #1803, .T. ) ;
#10464 = AXIS2_PLACEMENT_3D ( 'NONE', #3642, #8409, #10320 ) ;
#10465 = PLANE ( 'NONE',  #11679 ) ;
#10466 = MECHANICAL_DESIGN_GEOMETRIC_PRESENTATION_REPRESENTATION (  '', ( #4293 ), #7064 ) ;
#10467 = CARTESIAN_POINT ( 'NONE',  ( -0.7450000000000000000, 0.9499999999999999600, 0.1499999999999999700 ) ) ;
#10468 = VECTOR ( 'NONE', #1434, 1000.000000000000000 ) ;
#10469 = CARTESIAN_POINT ( 'NONE',  ( 0.6965807538605933700, 0.2949951154529801300, 0.7217372024142819600 ) ) ;
#10470 = EDGE_CURVE ( 'NONE', #10415, #1709, #7320, .T. ) ;
#10471 = DIRECTION ( 'NONE',  ( 0.0000000000000000000, 1.000000000000000000, 0.0000000000000000000 ) ) ;
#10472 = FACE_OUTER_BOUND ( 'NONE', #7002, .T. ) ;
#10473 = LINE ( 'NONE', #6033, #1159 ) ;
#10474 = CARTESIAN_POINT ( 'NONE',  ( 0.7111111111111130300, 0.5000000000000001100, -0.6777777777777780300 ) ) ;
#10475 = EDGE_CURVE ( 'NONE', #10308, #9355, #3023, .T. ) ;
#10476 = EDGE_LOOP ( 'NONE', ( #11914, #10752 ) ) ;
#10477 = ORIENTED_EDGE ( 'NONE', *, *, #3629, .T. ) ;
#10478 = DIRECTION ( 'NONE',  ( 0.0000000000000000000, 1.000000000000000000, -0.0000000000000000000 ) ) ;
#10479 = AXIS2_PLACEMENT_3D ( 'NONE', #1515, #4356, #8139 ) ;
#10480 = DIRECTION ( 'NONE',  ( 0.0000000000000000000, 1.000000000000000000, 0.0000000000000000000 ) ) ;
#10481 = CIRCLE ( 'NONE', #11021, 0.008333333333333499800 ) ;
#10482 = PRESENTATION_STYLE_ASSIGNMENT (( #1189 ) ) ;
#10483 = CIRCLE ( 'NONE', #2635, 0.008333333333333499800 ) ;
#10484 = CARTESIAN_POINT ( 'NONE',  ( 0.9777777777777777500, 0.1900000000000000600, -0.7555555555555559800 ) ) ;
#10485 = CARTESIAN_POINT ( 'NONE',  ( -0.6439690799498561900, 0.1998981305752026100, 0.7799411771558363300 ) ) ;
#10486 = AXIS2_PLACEMENT_3D ( 'NONE', #9918, #5324, #5228 ) ;
#10487 = DIRECTION ( 'NONE',  ( 0.0000000000000000000, 0.0000000000000000000, -1.000000000000000000 ) ) ;
#10488 = VECTOR ( 'NONE', #7654, 1000.000000000000000 ) ;
#10489 = TOROIDAL_SURFACE ( 'NONE', #11764, 0.005555555555555477700, 0.01666666666666650000 ) ;
#10490 = DIRECTION ( 'NONE',  ( 0.0000000000000000000, 1.000000000000000000, 0.0000000000000000000 ) ) ;
#10491 = ORIENTED_EDGE ( 'NONE', *, *, #9010, .T. ) ;
#10492 = ORIENTED_EDGE ( 'NONE', *, *, #5763, .T. ) ;
#10493 = DIRECTION ( 'NONE',  ( 1.000000000000000000, 0.0000000000000000000, -1.790425605939363600E-016 ) ) ;
#10494 = CARTESIAN_POINT ( 'NONE',  ( -0.6084177894858097100, 0.01977076624984171200, 0.7762764373109706200 ) ) ;
#10495 = CARTESIAN_POINT ( 'NONE',  ( 0.9555555555555560500, -1.445153081025597900, 0.7098412698412697200 ) ) ;
#10496 = CARTESIAN_POINT ( 'NONE',  ( 0.9555555555555553800, 0.02222222222222208800, -0.7555555555555557600 ) ) ;
#10497 = CYLINDRICAL_SURFACE ( 'NONE', #5743, 0.008333333333333499800 ) ;
#10498 = ADVANCED_FACE ( 'NONE', ( #7187 ), #7356, .T. ) ;
#10499 = PRESENTATION_LAYER_ASSIGNMENT (  '', '', ( #7789 ) ) ;
#10500 = CARTESIAN_POINT ( 'NONE',  ( -0.6083333333333331700, 0.02146000385261677800, 0.7834837929390897600 ) ) ;
#10501 = LINE ( 'NONE', #3376, #5907 ) ;
#10502 = EDGE_LOOP ( 'NONE', ( #9222, #12143 ) ) ;
#10503 = DIRECTION ( 'NONE',  ( -1.000000000000000000, 0.0000000000000000000, 1.084202172485504400E-016 ) ) ;
#10504 = DIRECTION ( 'NONE',  ( 0.0000000000000000000, 1.000000000000000000, 0.0000000000000000000 ) ) ;
#10505 = DIRECTION ( 'NONE',  ( -0.0000000000000000000, 1.000000000000000000, -0.0000000000000000000 ) ) ;
#10506 = EDGE_CURVE ( 'NONE', #2817, #2702, #1436, .T. ) ;
#10507 = DIRECTION ( 'NONE',  ( 0.0000000000000000000, 0.0000000000000000000, 1.000000000000000000 ) ) ;
#10508 = CARTESIAN_POINT ( 'NONE',  ( 0.7083333333333330400, 0.2868852459016390500, 0.7254702478983879900 ) ) ;
#10509 = ADVANCED_FACE ( 'NONE', ( #5689 ), #5473, .F. ) ;
#10510 = DIRECTION ( 'NONE',  ( -1.000000000000000000, 0.0000000000000000000, 1.084202172485504800E-016 ) ) ;
#10511 = DIRECTION ( 'NONE',  ( -0.0000000000000000000, 1.000000000000000000, -0.0000000000000000000 ) ) ;
#10512 = DIRECTION ( 'NONE',  ( 0.0000000000000000000, 0.0000000000000000000, -1.000000000000000000 ) ) ;
#10513 = STYLED_ITEM ( 'NONE', ( #3621 ), #10289 ) ;
#10514 = TOROIDAL_SURFACE ( 'NONE', #3423, 0.02222222222222244900, 0.02222222222222200100 ) ;
#10515 = CARTESIAN_POINT ( 'NONE',  ( 0.6249999999999995600, 0.2000000000000000100, 0.7320634920634921900 ) ) ;
#10516 = AXIS2_PLACEMENT_3D ( 'NONE', #4794, #9582, #7713 ) ;
#10518 = LINE ( 'NONE', #7725, #11743 ) ;
#10517 = DIRECTION ( 'NONE',  ( -1.000000000000000000, 0.0000000000000000000, 3.580851211878729700E-016 ) ) ;
#10519 =( NAMED_UNIT ( * ) SI_UNIT ( $, .STERADIAN. ) SOLID_ANGLE_UNIT ( ) );
#10520 = DIRECTION ( 'NONE',  ( 0.0000000000000000000, 1.000000000000000000, 0.0000000000000000000 ) ) ;
#10521 = CARTESIAN_POINT ( 'NONE',  ( 0.3500000000000000300, 0.0000000000000000000, -0.7777777777777780100 ) ) ;
#10522 = EDGE_CURVE ( 'NONE', #9079, #10795, #5835, .T. ) ;
#10523 = CIRCLE ( 'NONE', #11609, 0.04444444444444439100 ) ;
#10524 = VERTEX_POINT ( 'NONE', #5536 ) ;
#10525 = ADVANCED_FACE ( 'NONE', ( #11648 ), #7467, .T. ) ;
#10526 = CARTESIAN_POINT ( 'NONE',  ( -0.6999999999999997300, 0.4999999999999996700, 1.177777777777777800 ) ) ;
#10527 = CARTESIAN_POINT ( 'NONE',  ( -0.7450000000000000000, 0.9499999999999999600, 0.1249999999999998900 ) ) ;
#10528 = CARTESIAN_POINT ( 'NONE',  ( 0.6499999999988810300, 0.2868852459019189900, 0.7254702478982293400 ) ) ;
#10529 = CARTESIAN_POINT ( 'NONE',  ( -0.6916666666666663200, 0.3000000000000000400, 0.7195202082821939800 ) ) ;
#10530 = MECHANICAL_DESIGN_GEOMETRIC_PRESENTATION_REPRESENTATION (  '', ( #803 ), #422 ) ;
#10531 = FACE_OUTER_BOUND ( 'NONE', #1892, .T. ) ;
#10532 = DIRECTION ( 'NONE',  ( -0.0000000000000000000, 1.000000000000000000, -0.0000000000000000000 ) ) ;
#10533 = ORIENTED_EDGE ( 'NONE', *, *, #10080, .F. ) ;
#10534 = ORIENTED_EDGE ( 'NONE', *, *, #1749, .T. ) ;
#10535 = AXIS2_PLACEMENT_3D ( 'NONE', #3960, #8585, #7804 ) ;
#10536 = CARTESIAN_POINT ( 'NONE',  ( -0.5500000000000001600, 1.000000000000000000, 0.1950000000000000600 ) ) ;
#10537 = EDGE_CURVE ( 'NONE', #3149, #6328, #2750, .T. ) ;
#10538 = CARTESIAN_POINT ( 'NONE',  ( -0.2549999999999999500, 0.9499999999999999600, 0.1749999999999998500 ) ) ;
#10539 = EDGE_CURVE ( 'NONE', #9666, #6470, #10923, .T. ) ;
#10540 = AXIS2_PLACEMENT_3D ( 'NONE', #8452, #2716, #9322 ) ;
#10541 = DIRECTION ( 'NONE',  ( 0.0000000000000000000, 0.0000000000000000000, -1.000000000000000000 ) ) ;
#10542 = DIRECTION ( 'NONE',  ( 1.000000000000000000, -0.0000000000000000000, -0.0000000000000000000 ) ) ;
#10543 = ORIENTED_EDGE ( 'NONE', *, *, #4921, .T. ) ;
#10544 = PLANE ( 'NONE',  #7595 ) ;
#10545 = ORIENTED_EDGE ( 'NONE', *, *, #5122, .T. ) ;
#10546 = EDGE_LOOP ( 'NONE', ( #3856, #11535, #10604, #10244 ) ) ;
#10547 = DIRECTION ( 'NONE',  ( 0.0000000000000000000, -1.185846126156022200E-015, -1.000000000000000000 ) ) ;
#10548 = CYLINDRICAL_SURFACE ( 'NONE', #11129, 0.02500000000000006400 ) ;
#10549 = CARTESIAN_POINT ( 'NONE',  ( 0.7250000000000000900, 0.1833333333333335100, 0.7320634920634921900 ) ) ;
#10550 = AXIS2_PLACEMENT_3D ( 'NONE', #10746, #5157, #11745 ) ;
#10551 = VECTOR ( 'NONE', #4037, 1000.000000000000000 ) ;
#10552 = ADVANCED_FACE ( 'NONE', ( #4064 ), #5982, .F. ) ;
#10553 = ORIENTED_EDGE ( 'NONE', *, *, #6462, .F. ) ;
#10554 = DIRECTION ( 'NONE',  ( -0.0000000000000000000, 1.000000000000000000, -0.0000000000000000000 ) ) ;
#10555 = ORIENTED_EDGE ( 'NONE', *, *, #10880, .F. ) ;
#10556 = CLOSED_SHELL ( 'NONE', ( #1526, #7205, #6215, #768 ) ) ;
#10557 = VERTEX_POINT ( 'NONE', #10344 ) ;
#10558 = CARTESIAN_POINT ( 'NONE',  ( -0.9555555555555553800, 0.1900000000000000600, 0.7320634920634923000 ) ) ;
#10559 = DIRECTION ( 'NONE',  ( 0.0000000000000000000, 0.0000000000000000000, -1.000000000000000000 ) ) ;
#10560 = EDGE_CURVE ( 'NONE', #3279, #2200, #2598, .T. ) ;
#10561 = CARTESIAN_POINT ( 'NONE',  ( -0.6468724397905695200, 0.1998019294697499200, 0.7807691847666029500 ) ) ;
#10562 = ORIENTED_EDGE ( 'NONE', *, *, #10454, .T. ) ;
#10563 =( LENGTH_UNIT ( ) NAMED_UNIT ( * ) SI_UNIT ( .MILLI., .METRE. ) );
#10564 = CARTESIAN_POINT ( 'NONE',  ( -0.2125000000000000200, 1.000000000000000000, 0.02500000000000010900 ) ) ;
#10565 = DIRECTION ( 'NONE',  ( -1.000000000000000000, 0.0000000000000000000, 0.0000000000000000000 ) ) ;
#10566 = DIRECTION ( 'NONE',  ( 0.0000000000000000000, -0.0000000000000000000, 1.000000000000000000 ) ) ;
#10567 = CARTESIAN_POINT ( 'NONE',  ( 0.3499999999999998100, 0.1899999999999999700, 0.7320634920634921900 ) ) ;
#10568 = EDGE_CURVE ( 'NONE', #10974, #4053, #11063, .T. ) ;
#10569 = VERTEX_POINT ( 'NONE', #2568 ) ;
#10570 = DIRECTION ( 'NONE',  ( 0.0000000000000000000, 1.000000000000000000, 0.0000000000000000000 ) ) ;
#10571 = ORIENTED_EDGE ( 'NONE', *, *, #2265, .F. ) ;
#10572 = DIRECTION ( 'NONE',  ( 0.0000000000000000000, 0.0000000000000000000, 1.000000000000000000 ) ) ;
#10573 = ADVANCED_FACE ( 'NONE', ( #99 ), #839, .T. ) ;
#10574 = ORIENTED_EDGE ( 'NONE', *, *, #9279, .F. ) ;
#10575 = VERTEX_POINT ( 'NONE', #3674 ) ;
#10576 = ORIENTED_EDGE ( 'NONE', *, *, #716, .T. ) ;
#10577 = AXIS2_PLACEMENT_3D ( 'NONE', #2685, #677, #9205 ) ;
#10578 = CARTESIAN_POINT ( 'NONE',  ( -0.6999999999999997300, 0.4999999999999996700, 1.177777777777777800 ) ) ;
#10579 = ORIENTED_EDGE ( 'NONE', *, *, #5319, .F. ) ;
#10580 = FACE_OUTER_BOUND ( 'NONE', #6713, .T. ) ;
#10581 = DIRECTION ( 'NONE',  ( 0.0000000000000000000, 1.000000000000000000, 0.0000000000000000000 ) ) ;
#10582 = CARTESIAN_POINT ( 'NONE',  ( -0.5000000000000000000, 1.000000000000000000, -0.07499999999999978900 ) ) ;
#10583 = CYLINDRICAL_SURFACE ( 'NONE', #4401, 0.02222222222222198000 ) ;
#10584 = EDGE_CURVE ( 'NONE', #3149, #4207, #7912, .T. ) ;
#10585 = ORIENTED_EDGE ( 'NONE', *, *, #8010, .T. ) ;
#10586 = CARTESIAN_POINT ( 'NONE',  ( -0.9777777777777777500, 0.8000000000000000400, 0.0000000000000000000 ) ) ;
#10587 = EDGE_LOOP ( 'NONE', ( #859, #9968, #9416, #9524 ) ) ;
#10588 = CARTESIAN_POINT ( 'NONE',  ( -0.5000000000000000000, 0.9499999999999999600, -0.1250000000000000800 ) ) ;
#10589 = ORIENTED_EDGE ( 'NONE', *, *, #936, .T. ) ;
#10590 = VERTEX_POINT ( 'NONE', #1786 ) ;
#10591 = DIRECTION ( 'NONE',  ( 1.000000000000000000, 0.0000000000000000000, -2.846030702774478300E-015 ) ) ;
#10592 = DIRECTION ( 'NONE',  ( -1.790425605939365100E-016, 0.0000000000000000000, -1.000000000000000000 ) ) ;
#10593 = DIRECTION ( 'NONE',  ( 0.0000000000000000000, 0.0000000000000000000, 1.000000000000000000 ) ) ;
#10594 = VERTEX_POINT ( 'NONE', #11302 ) ;
#10595 = CARTESIAN_POINT ( 'NONE',  ( -0.6485593009371661800, 0.3000000000000000400, 0.7141316758973608200 ) ) ;
#10596 = VECTOR ( 'NONE', #7468, 1000.000000000000000 ) ;
#10597 = ADVANCED_FACE ( 'NONE', ( #9992 ), #3328, .T. ) ;
#10598 = CARTESIAN_POINT ( 'NONE',  ( -0.7416666666666664700, 0.02166666666666649400, 0.7765044641500698000 ) ) ;
#10599 = MANIFOLD_SOLID_BREP ( 'Boss-Extrude4[18]', #10738 ) ;
#10600 = LINE ( 'NONE', #12123, #9386 ) ;
#10601 = DIRECTION ( 'NONE',  ( -1.000000000000000000, 0.0000000000000000000, 0.0000000000000000000 ) ) ;
#10602 = CARTESIAN_POINT ( 'NONE',  ( -0.7143066721067752300, 0.2003411577756384900, 0.7318078509076877400 ) ) ;
#10603 = CLOSED_SHELL ( 'NONE', ( #7750, #4162, #8739, #5607 ) ) ;
#10604 = ORIENTED_EDGE ( 'NONE', *, *, #11970, .F. ) ;
#10605 = CARTESIAN_POINT ( 'NONE',  ( 0.9555555555555552700, 0.8222222222222219700, -0.7777777777777781200 ) ) ;
#10606 = DIRECTION ( 'NONE',  ( 0.0000000000000000000, 1.000000000000000000, -0.0000000000000000000 ) ) ;
#10607 = CARTESIAN_POINT ( 'NONE',  ( -0.6900000000000000600, 0.9499999999999999600, 0.1499999999999999700 ) ) ;
#10608 = EDGE_LOOP ( 'NONE', ( #9347, #7911, #7743, #7748 ) ) ;
#10609 = EDGE_CURVE ( 'NONE', #10437, #9070, #3470, .T. ) ;
#10610 = EDGE_CURVE ( 'NONE', #6873, #7612, #8365, .T. ) ;
#10611 = EDGE_LOOP ( 'NONE', ( #6832, #10043, #3768, #9652 ) ) ;
#10612 = EDGE_LOOP ( 'NONE', ( #11451, #605, #3477, #8787 ) ) ;
#10613 = CARTESIAN_POINT ( 'NONE',  ( 0.9555555555555560500, 0.1899999999999999700, 0.7098412698412697200 ) ) ;
#10614 = FACE_OUTER_BOUND ( 'NONE', #3567, .T. ) ;
#10615 = LINE ( 'NONE', #2539, #10774 ) ;
#10616 = LINE ( 'NONE', #2875, #12134 ) ;
#10617 = CARTESIAN_POINT ( 'NONE',  ( 0.7072066040725368800, 0.1999423786042380800, 0.7794686641093909700 ) ) ;
#10618 = CARTESIAN_POINT ( 'NONE',  ( -0.6453759074138992700, 0.1998515161820005300, 0.7803423895136462100 ) ) ;
#10619 = COLOUR_RGB ( '',1.000000000000000000, 1.000000000000000000, 1.000000000000000000 ) ;
#10620 = ORIENTED_EDGE ( 'NONE', *, *, #6383, .F. ) ;
#10621 = ORIENTED_EDGE ( 'NONE', *, *, #9916, .F. ) ;
#10622 = CARTESIAN_POINT ( 'NONE',  ( -0.5500000000000000400, 0.8792893218813447900, -0.1949999999999999500 ) ) ;
#10623 = DIRECTION ( 'NONE',  ( 0.0000000000000000000, 0.0000000000000000000, 1.000000000000000000 ) ) ;
#10624 = ORIENTED_EDGE ( 'NONE', *, *, #5697, .F. ) ;
#10625 = CARTESIAN_POINT ( 'NONE',  ( 1.377777777777777500, 0.5000000000000000000, -0.5111111111111146200 ) ) ;
#10626 = AXIS2_PLACEMENT_3D ( 'NONE', #4498, #821, #710 ) ;
#10627 = CARTESIAN_POINT ( 'NONE',  ( -0.4499999999999999600, 1.000000000000000000, 0.1699999999999999600 ) ) ;
#10628 = COLOUR_RGB ( '',1.000000000000000000, 1.000000000000000000, 1.000000000000000000 ) ;
#10629 = FACE_OUTER_BOUND ( 'NONE', #9067, .T. ) ;
#10630 = VECTOR ( 'NONE', #324, 1000.000000000000000 ) ;
#10631 = EDGE_CURVE ( 'NONE', #11088, #2632, #3765, .T. ) ;
#10632 = VERTEX_POINT ( 'NONE', #1821 ) ;
#10633 = EDGE_LOOP ( 'NONE', ( #8213, #6688, #4825, #6639 ) ) ;
#10634 = ADVANCED_FACE ( 'NONE', ( #971 ), #3662, .T. ) ;
#10635 = CARTESIAN_POINT ( 'NONE',  ( -0.7378663665157426700, 0.1964646638855135600, 0.7465197676634756100 ) ) ;
#10636 = CARTESIAN_POINT ( 'NONE',  ( 0.7638888888888885100, 0.02222222222222208800, 0.7320634920634920800 ) ) ;
#10637 = EDGE_LOOP ( 'NONE', ( #1421, #8503 ) ) ;
#10638 = AXIS2_PLACEMENT_3D ( 'NONE', #9993, #2358, #8113 ) ;
#10639 =( NAMED_UNIT ( * ) SI_UNIT ( $, .STERADIAN. ) SOLID_ANGLE_UNIT ( ) );
#10640 = CIRCLE ( 'NONE', #10230, 0.02500000000000007800 ) ;
#10641 = CIRCLE ( 'NONE', #5902, 0.02500000000000006400 ) ;
#10642 = CYLINDRICAL_SURFACE ( 'NONE', #4696, 0.02499999999999990400 ) ;
#10643 = DIRECTION ( 'NONE',  ( 1.000000000000000000, -0.0000000000000000000, 2.220570119199817400E-016 ) ) ;
#10644 = CARTESIAN_POINT ( 'NONE',  ( -0.5889371651338186600, 0.01466746669058619800, 0.7529621243048714200 ) ) ;
#10645 = DIRECTION ( 'NONE',  ( -1.000000000000000000, 0.0000000000000000000, 0.0000000000000000000 ) ) ;
#10646 = LINE ( 'NONE', #9594, #6764 ) ;
#10647 = CYLINDRICAL_SURFACE ( 'NONE', #8174, 0.02500000000000006400 ) ;
#10648 = EDGE_LOOP ( 'NONE', ( #4534, #2640, #2462, #8049 ) ) ;
#10649 = ORIENTED_EDGE ( 'NONE', *, *, #8627, .F. ) ;
#10650 = CARTESIAN_POINT ( 'NONE',  ( 0.9777777777777786300, 0.1999999999999999800, 0.7098412698412697200 ) ) ;
#10651 =( GEOMETRIC_REPRESENTATION_CONTEXT ( 3 ) GLOBAL_UNCERTAINTY_ASSIGNED_CONTEXT ( ( #10687 ) ) GLOBAL_UNIT_ASSIGNED_CONTEXT ( ( #7666, #11449, #6829 ) ) REPRESENTATION_CONTEXT ( 'NONE', 'WORKASPACE' ) );
#10652 = CARTESIAN_POINT ( 'NONE',  ( 0.6226262033961845700, 0.002500000000000043000, 0.7423036635030290100 ) ) ;
#10653 = ADVANCED_FACE ( 'NONE', ( #10757 ), #12260, .T. ) ;
#10654 = CARTESIAN_POINT ( 'NONE',  ( -0.7135590205378123900, 0.2005619304079097900, 0.7316425653637033100 ) ) ;
#10655 = CARTESIAN_POINT ( 'NONE',  ( 0.6433626280415473100, 0.1999999999999999800, 0.7741250629171381200 ) ) ;
#10656 = LINE ( 'NONE', #5967, #6488 ) ;
#10657 = DIRECTION ( 'NONE',  ( 0.0000000000000000000, 0.0000000000000000000, 1.000000000000000000 ) ) ;
#10658 = DIRECTION ( 'NONE',  ( 0.0000000000000000000, 0.0000000000000000000, -1.000000000000000000 ) ) ;
#10659 = LINE ( 'NONE', #8557, #9592 ) ;
#10660 = FACE_OUTER_BOUND ( 'NONE', #4668, .T. ) ;
#10661 = ORIENTED_EDGE ( 'NONE', *, *, #3997, .T. ) ;
#10662 = CARTESIAN_POINT ( 'NONE',  ( 0.6435179281542927600, 0.2051706349123396700, 0.7703209492705880300 ) ) ;
#10663 = AXIS2_PLACEMENT_3D ( 'NONE', #10800, #5113, #3138 ) ;
#10664 = EDGE_CURVE ( 'NONE', #9070, #2817, #564, .T. ) ;
#10665 = CARTESIAN_POINT ( 'NONE',  ( -8.432683563776152300E-017, 0.1999999999999999800, -0.7777777777777780100 ) ) ;
#10666 = DIRECTION ( 'NONE',  ( 1.000000000000000000, -0.0000000000000000000, -0.0000000000000000000 ) ) ;
#10667 = AXIS2_PLACEMENT_3D ( 'NONE', #5770, #6719, #2995 ) ;
#10668 = DIRECTION ( 'NONE',  ( 0.0000000000000000000, 1.000000000000000000, 0.0000000000000000000 ) ) ;
#10669 = DIRECTION ( 'NONE',  ( 0.0000000000000000000, 0.0000000000000000000, 1.000000000000000000 ) ) ;
#10670 = SURFACE_STYLE_FILL_AREA ( #11738 ) ;
#10671 = VECTOR ( 'NONE', #8006, 1000.000000000000000 ) ;
#10672 = DIRECTION ( 'NONE',  ( 0.0000000000000000000, 1.000000000000000000, 0.0000000000000000000 ) ) ;
#10673 = CARTESIAN_POINT ( 'NONE',  ( -0.3499999999999997000, 0.1999999999999999800, 0.7542857142857142300 ) ) ;
#10674 = CARTESIAN_POINT ( 'NONE',  ( -0.3499999999999997000, 0.1999999999999999800, -0.7777777777777780100 ) ) ;
#10675 = CARTESIAN_POINT ( 'NONE',  ( -0.3075000000000000500, 0.9499999999999999600, 0.02500000000000010900 ) ) ;
#10676 = ADVANCED_FACE ( 'NONE', ( #7766 ), #1574, .T. ) ;
#10677 = PLANE ( 'NONE',  #5775 ) ;
#10678 = CARTESIAN_POINT ( 'NONE',  ( -0.6416666666666661600, 0.5000000000000000000, 1.132063492063492000 ) ) ;
#10679 = EDGE_CURVE ( 'NONE', #11312, #2453, #7830, .T. ) ;
#10680 = CARTESIAN_POINT ( 'NONE',  ( 0.6433452376388926200, 0.2936653686296066300, 0.7222844232644947100 ) ) ;
#10681 = CIRCLE ( 'NONE', #4563, 0.02222222222222241400 ) ;
#10682 = FILL_AREA_STYLE_COLOUR ( '', #10048 ) ;
#10683 = ORIENTED_EDGE ( 'NONE', *, *, #3296, .F. ) ;
#10684 = B_SPLINE_CURVE_WITH_KNOTS ( 'NONE', 3,
 ( #12116, #9293, #761, #1739, #12039, #8223, #3570, #6384, #4560, #10259, #4472, #11118, #4598, #5534, #12196, #6482 ),
 .UNSPECIFIED., .F., .F.,
 ( 4, 3, 3, 3, 3, 4 ),
 ( 0.0000000000000000000, 1.030198254530575400E-006, 3.908864904183518700E-006, 7.081791394507053000E-006, 1.043660045557006700E-005, 1.376814884169026600E-005 ),
 .UNSPECIFIED. ) ;
#10685 = STYLED_ITEM ( 'NONE', ( #7818 ), #8754 ) ;
#10686 = DIRECTION ( 'NONE',  ( 0.0000000000000000000, 0.0000000000000000000, 1.000000000000000000 ) ) ;
#10687 = UNCERTAINTY_MEASURE_WITH_UNIT (LENGTH_MEASURE( 1.000000000000000100E-005 ), #7666, 'distance_accuracy_value', 'NONE');
#10688 = CYLINDRICAL_SURFACE ( 'NONE', #3544, 0.02500000000000009200 ) ;
#10689 = CARTESIAN_POINT ( 'NONE',  ( -0.8777777777777778800, 0.5000000000000001100, -0.5111111111111132900 ) ) ;
#10690 = DIRECTION ( 'NONE',  ( 1.000000000000000000, 0.0000000000000000000, -0.0000000000000000000 ) ) ;
#10691 = CARTESIAN_POINT ( 'NONE',  ( -0.3549999999999999800, 0.8792893218813447900, 0.2200000000000001400 ) ) ;
#10692 = CARTESIAN_POINT ( 'NONE',  ( -0.7416666666666664700, 0.02166666666666649400, 0.7765044641500698000 ) ) ;
#10693 = EDGE_CURVE ( 'NONE', #7324, #6667, #5279, .T. ) ;
#10694 = EDGE_CURVE ( 'NONE', #361, #1311, #8769, .T. ) ;
#10695 = DIRECTION ( 'NONE',  ( 1.000000000000000000, 0.0000000000000000000, -1.084202172485504400E-016 ) ) ;
#10696 = FILL_AREA_STYLE_COLOUR ( '', #10448 ) ;
#10697 = CARTESIAN_POINT ( 'NONE',  ( 0.9555555555555553800, 0.1899999999999999700, -0.7555555555555557600 ) ) ;
#10698 = AXIS2_PLACEMENT_3D ( 'NONE', #2032, #200, #4914 ) ;
#10699 = ADVANCED_FACE ( 'NONE', ( #4963 ), #4658, .T. ) ;
#10700 = CIRCLE ( 'NONE', #5490, 0.5000000000000000000 ) ;
#10701 = DIRECTION ( 'NONE',  ( 0.0000000000000000000, 1.000000000000000000, -0.0000000000000000000 ) ) ;
#10702 = ORIENTED_EDGE ( 'NONE', *, *, #2674, .T. ) ;
#10703 = ORIENTED_EDGE ( 'NONE', *, *, #7836, .T. ) ;
#10704 = AXIS2_PLACEMENT_3D ( 'NONE', #6883, #10850, #1226 ) ;
#10705 = CARTESIAN_POINT ( 'NONE',  ( 0.6244967655935457200, 0.1999924009218651500, 0.7333187970866977800 ) ) ;
#10706 = DIRECTION ( 'NONE',  ( 0.0000000000000000000, 1.000000000000000000, -0.0000000000000000000 ) ) ;
#10707 = DIRECTION ( 'NONE',  ( -1.000000000000000000, 0.0000000000000000000, 1.790425605939365300E-016 ) ) ;
#10708 = DIRECTION ( 'NONE',  ( 0.0000000000000000000, 0.0000000000000000000, 1.000000000000000000 ) ) ;
#10709 = CARTESIAN_POINT ( 'NONE',  ( -0.6197485708295433800, 0.005848946544552493200, 0.7915157820633436100 ) ) ;
#10710 = CARTESIAN_POINT ( 'NONE',  ( -0.3999999999999999700, 1.000000000000000000, -0.09999999999999993600 ) ) ;
#10711 = CARTESIAN_POINT ( 'NONE',  ( -0.5000000000000000000, 0.9499999999999999600, -0.09999999999999993600 ) ) ;
#10712 = DIRECTION ( 'NONE',  ( 0.0000000000000000000, 0.0000000000000000000, 1.000000000000000000 ) ) ;
#10713 = EDGE_CURVE ( 'NONE', #11069, #3620, #2470, .T. ) ;
#10714 = AXIS2_PLACEMENT_3D ( 'NONE', #11635, #7800, #6019 ) ;
#10715 = CARTESIAN_POINT ( 'NONE',  ( -0.7071565364692985500, 0.2057605921442961800, 0.7686766013113762700 ) ) ;
#10716 = ORIENTED_EDGE ( 'NONE', *, *, #5697, .T. ) ;
#10717 = ADVANCED_FACE ( 'NONE', ( #4670 ), #11331, .F. ) ;
#10718 = CARTESIAN_POINT ( 'NONE',  ( -0.4500000000000000100, 0.8792893218813447900, -0.1699999999999998500 ) ) ;
#10719 =( LENGTH_UNIT ( ) NAMED_UNIT ( * ) SI_UNIT ( .MILLI., .METRE. ) );
#10720 = DIRECTION ( 'NONE',  ( -1.000000000000000000, 0.0000000000000000000, 1.790425605939364900E-016 ) ) ;
#10721 = CIRCLE ( 'NONE', #4388, 0.02499999999999984900 ) ;
#10722 = AXIS2_PLACEMENT_3D ( 'NONE', #2023, #1059, #7675 ) ;
#10723 = EDGE_LOOP ( 'NONE', ( #11280, #4930, #9407, #4084 ) ) ;
#10724 = DIRECTION ( 'NONE',  ( -1.000000000000000000, 0.0000000000000000000, 0.0000000000000000000 ) ) ;
#10725 = EDGE_CURVE ( 'NONE', #10317, #10453, #5559, .T. ) ;
#10726 = ORIENTED_EDGE ( 'NONE', *, *, #7250, .T. ) ;
#10727 = CARTESIAN_POINT ( 'NONE',  ( -0.7392565059149605000, 0.1919663986565236800, 0.7683243633290046700 ) ) ;
#10728 = DIRECTION ( 'NONE',  ( -0.0000000000000000000, -1.000000000000000000, -0.0000000000000000000 ) ) ;
#10729 = CARTESIAN_POINT ( 'NONE',  ( -0.3999999999999999700, 0.9499999999999999600, -0.1249999999999998900 ) ) ;
#10730 = CARTESIAN_POINT ( 'NONE',  ( -0.6449999999999999100, 1.000000000000000000, -0.2699999999999998500 ) ) ;
#10731 = CARTESIAN_POINT ( 'NONE',  ( -0.6495328333757401900, 0.2030620702128254900, 0.7754994340234725400 ) ) ;
#10732 = FACE_OUTER_BOUND ( 'NONE', #1105, .T. ) ;
#10733 = VERTEX_POINT ( 'NONE', #3290 ) ;
#10734 = ADVANCED_FACE ( 'NONE', ( #11967 ), #8782, .T. ) ;
#10735 = EDGE_LOOP ( 'NONE', ( #9720, #9679, #8061, #9941 ) ) ;
#10736 = DIRECTION ( 'NONE',  ( 0.0000000000000000000, 0.0000000000000000000, 1.000000000000000000 ) ) ;
#10737 = DIRECTION ( 'NONE',  ( 0.0000000000000000000, 0.0000000000000000000, 1.000000000000000000 ) ) ;
#10738 = CLOSED_SHELL ( 'NONE', ( #3273, #168, #10305, #8026 ) ) ;
#10739 = VERTEX_POINT ( 'NONE', #5326 ) ;
#10740 = CARTESIAN_POINT ( 'NONE',  ( -0.6900000000000000600, 1.000000000000000000, 0.1250000000000001100 ) ) ;
#10741 = ORIENTED_EDGE ( 'NONE', *, *, #4412, .F. ) ;
#10742 = ORIENTED_EDGE ( 'NONE', *, *, #4333, .F. ) ;
#10743 = AXIS2_PLACEMENT_3D ( 'NONE', #11299, #5621, #12273 ) ;
#10744 = DIRECTION ( 'NONE',  ( 0.0000000000000000000, 1.000000000000000000, -0.0000000000000000000 ) ) ;
#10745 = CYLINDRICAL_SURFACE ( 'NONE', #3087, 0.02500000000000008100 ) ;
#10746 = CARTESIAN_POINT ( 'NONE',  ( -0.7100595768915805000, 0.2083333333333335100, 0.7777777777777817900 ) ) ;
#10747 = FILL_AREA_STYLE_COLOUR ( '', #2934 ) ;
#10748 = VERTEX_POINT ( 'NONE', #8135 ) ;
#10749 =( NAMED_UNIT ( * ) PLANE_ANGLE_UNIT ( ) SI_UNIT ( $, .RADIAN. ) );
#10750 = VERTEX_POINT ( 'NONE', #9026 ) ;
#10751 = DIRECTION ( 'NONE',  ( -0.0000000000000000000, -1.000000000000000000, -0.0000000000000000000 ) ) ;
#10752 = ORIENTED_EDGE ( 'NONE', *, *, #11048, .F. ) ;
#10753 = DIRECTION ( 'NONE',  ( 0.0000000000000000000, -1.000000000000000000, 0.0000000000000000000 ) ) ;
#10754 = DIRECTION ( 'NONE',  ( 0.0000000000000000000, -1.000000000000000000, -0.0000000000000000000 ) ) ;
#10755 = DIRECTION ( 'NONE',  ( 0.0000000000000000000, 0.0000000000000000000, -1.000000000000000000 ) ) ;
#10756 = ORIENTED_EDGE ( 'NONE', *, *, #12093, .F. ) ;
#10757 = FACE_OUTER_BOUND ( 'NONE', #9199, .T. ) ;
#10758 = MECHANICAL_DESIGN_GEOMETRIC_PRESENTATION_REPRESENTATION (  '', ( #9688 ), #3744 ) ;
#10759 = CARTESIAN_POINT ( 'NONE',  ( -0.7450000000000000000, 1.000000000000000000, -0.1499999999999999100 ) ) ;
#10760 = DIRECTION ( 'NONE',  ( -2.220570119199817400E-016, -0.0000000000000000000, -1.000000000000000000 ) ) ;
#10761 = EDGE_LOOP ( 'NONE', ( #4813, #4312 ) ) ;
#10762 = VERTEX_POINT ( 'NONE', #8032 ) ;
#10763 = ORIENTED_EDGE ( 'NONE', *, *, #7516, .F. ) ;
#10764 = VERTEX_POINT ( 'NONE', #3348 ) ;
#10765 = SURFACE_SIDE_STYLE ('',( #11114 ) ) ;
#10766 = ADVANCED_FACE ( 'NONE', ( #8497 ), #11202, .T. ) ;
#10767 = DIRECTION ( 'NONE',  ( 0.0000000000000000000, 0.0000000000000000000, -1.000000000000000000 ) ) ;
#10768 = ORIENTED_EDGE ( 'NONE', *, *, #2968, .T. ) ;
#10769 = ORIENTED_EDGE ( 'NONE', *, *, #7590, .T. ) ;
#10770 = CIRCLE ( 'NONE', #6859, 0.02222222222222198000 ) ;
#10771 = CARTESIAN_POINT ( 'NONE',  ( -0.6916666666666664300, 0.2950819672131146900, 0.7216981796386448000 ) ) ;
#10772 = EDGE_CURVE ( 'NONE', #9471, #8995, #3316, .T. ) ;
#10773 = CARTESIAN_POINT ( 'NONE',  ( 0.9555555555555553800, 0.8000000000000000400, -0.7555555555555557600 ) ) ;
#10774 = VECTOR ( 'NONE', #5322, 1000.000000000000000 ) ;
#10775 = CIRCLE ( 'NONE', #8165, 0.02500000000000009200 ) ;
#10776 = ORIENTED_EDGE ( 'NONE', *, *, #10522, .T. ) ;
#10777 = CARTESIAN_POINT ( 'NONE',  ( -0.3100000000000000500, 1.000000000000000000, -0.1249999999999999400 ) ) ;
#10778 = FILL_AREA_STYLE ('',( #8970 ) ) ;
#10779 = CARTESIAN_POINT ( 'NONE',  ( -0.7399488961350799700, 0.01418164343124929900, 0.7727980887712241300 ) ) ;
#10780 = AXIS2_PLACEMENT_3D ( 'NONE', #12051, #8239, #8281 ) ;
#10781 = ORIENTED_EDGE ( 'NONE', *, *, #3860, .T. ) ;
#10782 =( LENGTH_UNIT ( ) NAMED_UNIT ( * ) SI_UNIT ( .MILLI., .METRE. ) );
#10783 = DIRECTION ( 'NONE',  ( 0.0000000000000000000, 0.0000000000000000000, -1.000000000000000000 ) ) ;
#10784 = CARTESIAN_POINT ( 'NONE',  ( 1.000000000000000200, 0.02222222222222208800, 0.7098412698412697200 ) ) ;
#10785 = ORIENTED_EDGE ( 'NONE', *, *, #2138, .T. ) ;
#10786 = EDGE_LOOP ( 'NONE', ( #2487, #2776, #12189, #2680 ) ) ;
#10787 = LINE ( 'NONE', #10803, #11233 ) ;
#10788 = CARTESIAN_POINT ( 'NONE',  ( 0.5861111111111111400, 0.02194444444444429100, 0.7542839781067808300 ) ) ;
#10789 = ADVANCED_FACE ( 'NONE', ( #9238 ), #4949, .F. ) ;
#10790 = AXIS2_PLACEMENT_3D ( 'NONE', #8797, #3254, #1201 ) ;
#10791 = DIRECTION ( 'NONE',  ( -1.000000000000000000, 0.0000000000000000000, 0.0000000000000000000 ) ) ;
#10792 = FACE_OUTER_BOUND ( 'NONE', #297, .T. ) ;
#10793 = CARTESIAN_POINT ( 'NONE',  ( -0.3549999999999999800, 1.000000000000000000, 0.2700000000000000700 ) ) ;
#10794 = ORIENTED_EDGE ( 'NONE', *, *, #11582, .F. ) ;
#10795 = VERTEX_POINT ( 'NONE', #5360 ) ;
#10796 = EDGE_CURVE ( 'NONE', #8976, #11356, #1710, .T. ) ;
#10797 = ORIENTED_EDGE ( 'NONE', *, *, #4264, .F. ) ;
#10798 = CARTESIAN_POINT ( 'NONE',  ( -0.5000000000000000000, 1.000000000000000000, 5.421010862427522200E-017 ) ) ;
#10799 = PLANE ( 'NONE',  #8306 ) ;
#10800 = CARTESIAN_POINT ( 'NONE',  ( -0.2125000000000000200, 0.8792893218813447900, 8.131516293641283300E-017 ) ) ;
#10801 = B_SPLINE_CURVE_WITH_KNOTS ( 'NONE', 3,
 ( #1039, #1846, #5614, #4741, #973, #7570, #1924, #8527, #7610, #2872 ),
 .UNSPECIFIED., .F., .F.,
 ( 4, 3, 3, 4 ),
 ( 2.606598808361736200E-018, 1.332355589521114700E-006, 9.721409244300047700E-006, 1.833388050713386100E-005 ),
 .UNSPECIFIED. ) ;
#10802 = FACE_OUTER_BOUND ( 'NONE', #4361, .T. ) ;
#10803 = CARTESIAN_POINT ( 'NONE',  ( -0.3100000000000000000, 0.9499999999999999600, 0.1250000000000000000 ) ) ;
#10804 = ORIENTED_EDGE ( 'NONE', *, *, #2899, .F. ) ;
#10805 = CARTESIAN_POINT ( 'NONE',  ( 0.9777777777777773000, 0.8000000000000000400, -0.5111111111111147400 ) ) ;
#10806 = ADVANCED_FACE ( 'NONE', ( #826 ), #4050, .T. ) ;
#10807 = AXIS2_PLACEMENT_3D ( 'NONE', #804, #6368, #12247 ) ;
#10808 = CARTESIAN_POINT ( 'NONE',  ( 0.7452009720200221100, 0.004657049047693856600, 0.7463470062283441600 ) ) ;
#10809 = CARTESIAN_POINT ( 'NONE',  ( -0.7111111111111133600, 0.5000000000000000000, 1.132063492063492000 ) ) ;
#10810 = FACE_OUTER_BOUND ( 'NONE', #10786, .T. ) ;
#10811 = CYLINDRICAL_SURFACE ( 'NONE', #9611, 0.02499999999999990400 ) ;
#10812 = VECTOR ( 'NONE', #10956, 1000.000000000000000 ) ;
#10813 = EDGE_CURVE ( 'NONE', #5027, #4320, #6708, .T. ) ;
#10814 = DIRECTION ( 'NONE',  ( 0.0000000000000000000, -1.000000000000000000, 0.0000000000000000000 ) ) ;
#10815 = LINE ( 'NONE', #5715, #601 ) ;
#10816 = CARTESIAN_POINT ( 'NONE',  ( -0.7450000000000000000, 0.9499999999999999600, -0.1499999999999999100 ) ) ;
#10817 = CARTESIAN_POINT ( 'NONE',  ( -0.5000000000000000000, 1.000000000000000000, -0.07499999999999978900 ) ) ;
#10818 = EDGE_LOOP ( 'NONE', ( #2739, #1086, #595, #514, #3615, #3308 ) ) ;
#10819 =( GEOMETRIC_REPRESENTATION_CONTEXT ( 3 ) GLOBAL_UNCERTAINTY_ASSIGNED_CONTEXT ( ( #3075 ) ) GLOBAL_UNIT_ASSIGNED_CONTEXT ( ( #2073, #3871, #3919 ) ) REPRESENTATION_CONTEXT ( 'NONE', 'WORKASPACE' ) );
#10820 = CARTESIAN_POINT ( 'NONE',  ( -0.6965807538605933700, 0.2949951154529801300, 0.7217372024142819600 ) ) ;
#10821 = PLANE ( 'NONE',  #3748 ) ;
#10822 = FILL_AREA_STYLE ('',( #11904 ) ) ;
#10823 = CARTESIAN_POINT ( 'NONE',  ( -0.4999999999999998900, 0.9499999999999999600, 0.2650000000000000100 ) ) ;
#10824 = FACE_OUTER_BOUND ( 'NONE', #5745, .T. ) ;
#10825 = CYLINDRICAL_SURFACE ( 'NONE', #3684, 0.5000000000000000000 ) ;
#10826 = CARTESIAN_POINT ( 'NONE',  ( -0.7416666666666664700, 0.02072836132453510400, 0.7764770947726080700 ) ) ;
#10827 = DIRECTION ( 'NONE',  ( -1.000000000000000000, -0.0000000000000000000, -0.0000000000000000000 ) ) ;
#10828 = CARTESIAN_POINT ( 'NONE',  ( -0.6454220282940288400, 0.2042135005601425600, 0.7729610799974244700 ) ) ;
#10829 =( GEOMETRIC_REPRESENTATION_CONTEXT ( 3 ) GLOBAL_UNCERTAINTY_ASSIGNED_CONTEXT ( ( #6634 ) ) GLOBAL_UNIT_ASSIGNED_CONTEXT ( ( #5924, #9738, #3076 ) ) REPRESENTATION_CONTEXT ( 'NONE', 'WORKASPACE' ) );
#10830 = CARTESIAN_POINT ( 'NONE',  ( -0.7395357388859521400, 0.01254331701328646000, 0.7717248332187899300 ) ) ;
#10831 = CARTESIAN_POINT ( 'NONE',  ( -0.6925000000000000000, 0.9499999999999999600, 8.131516293641283300E-017 ) ) ;
#10832 = CARTESIAN_POINT ( 'NONE',  ( -0.3550000000000000400, 0.8792893218813447900, -0.2699999999999999600 ) ) ;
#10833 = EDGE_CURVE ( 'NONE', #5027, #8136, #7453, .T. ) ;
#10834 = PRESENTATION_STYLE_ASSIGNMENT (( #4174 ) ) ;
#10835 = ADVANCED_FACE ( 'NONE', ( #10286 ), #1247, .F. ) ;
#10836 = FILL_AREA_STYLE ('',( #10747 ) ) ;
#10837 = VECTOR ( 'NONE', #4164, 1000.000000000000000 ) ;
#10838 = AXIS2_PLACEMENT_3D ( 'NONE', #8695, #3190, #10669 ) ;
#10839 = DIRECTION ( 'NONE',  ( 0.0000000000000000000, 1.000000000000000000, -0.0000000000000000000 ) ) ;
#10840 = AXIS2_PLACEMENT_3D ( 'NONE', #7346, #9244, #4558 ) ;
#10841 = VECTOR ( 'NONE', #8856, 1000.000000000000000 ) ;
#10842 = DIRECTION ( 'NONE',  ( 0.0000000000000000000, 1.185846126156022200E-015, 1.000000000000000000 ) ) ;
#10843 = CARTESIAN_POINT ( 'NONE',  ( -0.6499939254207746100, 0.2978634026317067400, 0.7145780037545167400 ) ) ;
#10844 = DIRECTION ( 'NONE',  ( 0.0000000000000000000, -1.000000000000000000, -0.0000000000000000000 ) ) ;
#10845 = CARTESIAN_POINT ( 'NONE',  ( 0.7012020717856427600, 0.2031476037724737600, 0.7753319878142098700 ) ) ;
#10846 = UNCERTAINTY_MEASURE_WITH_UNIT (LENGTH_MEASURE( 1.000000000000000100E-005 ), #5596, 'distance_accuracy_value', 'NONE');
#10847 = ADVANCED_FACE ( 'NONE', ( #3611 ), #5819, .T. ) ;
#10848 = EDGE_CURVE ( 'NONE', #6436, #658, #11481, .T. ) ;
#10849 = CIRCLE ( 'NONE', #8041, 0.02500000000000014700 ) ;
#10850 = DIRECTION ( 'NONE',  ( -0.0000000000000000000, -1.000000000000000000, -0.0000000000000000000 ) ) ;
#10851 = CARTESIAN_POINT ( 'NONE',  ( -1.377777777777777800, 0.5000000000000000000, 0.4653968253968285300 ) ) ;
#10852 = FACE_OUTER_BOUND ( 'NONE', #8545, .T. ) ;
#10853 = PLANE ( 'NONE',  #6982 ) ;
#10854 = CARTESIAN_POINT ( 'NONE',  ( -0.6531660960967604600, 0.2991787565668858100, 0.6741652193089012800 ) ) ;
#10855 = ORIENTED_EDGE ( 'NONE', *, *, #4370, .F. ) ;
#10856 = DIRECTION ( 'NONE',  ( -0.0000000000000000000, 1.000000000000000000, 0.0000000000000000000 ) ) ;
#10857 = CARTESIAN_POINT ( 'NONE',  ( -0.3999999999999999700, 0.9499999999999999600, 0.1249999999999999700 ) ) ;
#10858 = CARTESIAN_POINT ( 'NONE',  ( -0.7415530016462030800, 0.1854973672257750300, 0.7752843395939007500 ) ) ;
#10859 = DIRECTION ( 'NONE',  ( 0.0000000000000000000, 0.0000000000000000000, -1.000000000000000000 ) ) ;
#10860 = CARTESIAN_POINT ( 'NONE',  ( -0.7100595768915806100, 0.1999999999999999800, 0.7777777777777780100 ) ) ;
#10861 = EDGE_CURVE ( 'NONE', #8494, #9523, #1986, .T. ) ;
#10862 = EDGE_CURVE ( 'NONE', #2317, #9786, #9517, .T. ) ;
#10863 = VECTOR ( 'NONE', #2531, 1000.000000000000000 ) ;
#10864 = ORIENTED_EDGE ( 'NONE', *, *, #11508, .F. ) ;
#10865 = CARTESIAN_POINT ( 'NONE',  ( -0.7555983767109066800, 0.1928294236225359900, 0.7486333210405725600 ) ) ;
#10866 = ORIENTED_EDGE ( 'NONE', *, *, #11582, .T. ) ;
#10867 = PLANE ( 'NONE',  #8783 ) ;
#10868 = EDGE_CURVE ( 'NONE', #11230, #12004, #1097, .T. ) ;
#10869 = MECHANICAL_DESIGN_GEOMETRIC_PRESENTATION_REPRESENTATION (  '', ( #9800 ), #11744 ) ;
#10870 = CARTESIAN_POINT ( 'NONE',  ( -0.3999999999999999700, 0.8792893218813447900, 0.1000000000000000200 ) ) ;
#10871 = CLOSED_SHELL ( 'NONE', ( #8757, #9054, #6089, #663 ) ) ;
#10872 = MECHANICAL_DESIGN_GEOMETRIC_PRESENTATION_REPRESENTATION (  '', ( #7275 ), #3461 ) ;
#10873 = CARTESIAN_POINT ( 'NONE',  ( 0.9777777777777781900, 0.8000000000000000400, 0.4653968253968272000 ) ) ;
#10874 = ORIENTED_EDGE ( 'NONE', *, *, #4503, .T. ) ;
#10875 = DIRECTION ( 'NONE',  ( 0.0000000000000000000, 0.0000000000000000000, -1.000000000000000000 ) ) ;
#10876 = CARTESIAN_POINT ( 'NONE',  ( -0.2550000000000000000, 1.000000000000000000, -0.1749999999999998200 ) ) ;
#10877 = EDGE_LOOP ( 'NONE', ( #6706, #1437, #3758, #12090 ) ) ;
#10878 = B_SPLINE_CURVE_WITH_KNOTS ( 'NONE', 3,
 ( #3413, #5385, #7464, #6386, #3572, #10224, #2724, #7423, #9295, #8302 ),
 .UNSPECIFIED., .F., .F.,
 ( 4, 3, 3, 4 ),
 ( 0.0000000000000000000, 8.458773858292084100E-006, 1.669811718097526600E-005, 1.800669566690011000E-005 ),
 .UNSPECIFIED. ) ;
#10879 = LINE ( 'NONE', #5710, #3283 ) ;
#10880 = EDGE_CURVE ( 'NONE', #9418, #6603, #5269, .T. ) ;
#10881 = CARTESIAN_POINT ( 'NONE',  ( -0.7166666666666667900, 0.2000000000000000400, 0.7320634920634921900 ) ) ;
#10882 = LINE ( 'NONE', #11891, #11181 ) ;
#10883 = AXIS2_PLACEMENT_3D ( 'NONE', #11396, #293, #11742 ) ;
#10884 = CARTESIAN_POINT ( 'NONE',  ( 0.7416666666666665900, 0.02194444444444429400, 0.7542839781067808300 ) ) ;
#10885 = CARTESIAN_POINT ( 'NONE',  ( -0.5000000000000000000, 1.000000000000000000, 0.1250000000000001400 ) ) ;
#10886 = ORIENTED_EDGE ( 'NONE', *, *, #5610, .F. ) ;
#10887 = ORIENTED_EDGE ( 'NONE', *, *, #5182, .T. ) ;
#10888 = EDGE_LOOP ( 'NONE', ( #10866, #3421, #8940, #261, #946, #11241, #1129 ) ) ;
#10889 = CLOSED_SHELL ( 'NONE', ( #315, #3101, #728, #5906 ) ) ;
#10890 = ORIENTED_EDGE ( 'NONE', *, *, #6422, .T. ) ;
#10891 = LINE ( 'NONE', #10823, #4202 ) ;
#10892 = ADVANCED_FACE ( 'NONE', ( #11798 ), #5546, .T. ) ;
#10893 = FILL_AREA_STYLE_COLOUR ( '', #4139 ) ;
#10894 = DIRECTION ( 'NONE',  ( 0.0000000000000000000, 1.000000000000000000, 0.0000000000000000000 ) ) ;
#10895 = AXIS2_PLACEMENT_3D ( 'NONE', #4424, #10213, #783 ) ;
#10896 = DIRECTION ( 'NONE',  ( -0.0000000000000000000, -1.000000000000000000, -0.0000000000000000000 ) ) ;
#10897 = AXIS2_PLACEMENT_3D ( 'NONE', #5732, #2767, #8581 ) ;
#10898 = EDGE_LOOP ( 'NONE', ( #1857, #9367, #1723, #4206 ) ) ;
#10899 = ORIENTED_EDGE ( 'NONE', *, *, #9480, .T. ) ;
#10900 = CARTESIAN_POINT ( 'NONE',  ( -0.6333333333333326400, 0.2000000000000000100, 0.7614445778845510000 ) ) ;
#10901 = EDGE_CURVE ( 'NONE', #7196, #12071, #8952, .T. ) ;
#10902 = ORIENTED_EDGE ( 'NONE', *, *, #8141, .F. ) ;
#10903 = VERTEX_POINT ( 'NONE', #1666 ) ;
#10904 = CARTESIAN_POINT ( 'NONE',  ( -0.7416666666666664700, 0.1833333333333334600, 0.7761593472478798300 ) ) ;
#10905 = ORIENTED_EDGE ( 'NONE', *, *, #7344, .F. ) ;
#10906 = CARTESIAN_POINT ( 'NONE',  ( -0.5000000000000000000, 0.9499999999999999600, -0.3150000000000000000 ) ) ;
#10907 = FILL_AREA_STYLE ('',( #8926 ) ) ;
#10908 = DIRECTION ( 'NONE',  ( 0.0000000000000000000, 1.000000000000000000, 0.0000000000000000000 ) ) ;
#10909 = VECTOR ( 'NONE', #1511, 1000.000000000000000 ) ;
#10910 = COLOUR_RGB ( '',1.000000000000000000, 1.000000000000000000, 1.000000000000000000 ) ;
#10911 = ADVANCED_FACE ( 'NONE', ( #3753 ), #10745, .F. ) ;
#10912 = DIRECTION ( 'NONE',  ( -1.000000000000000000, 0.0000000000000000000, 1.084202172485504800E-016 ) ) ;
#10913 = DIRECTION ( 'NONE',  ( 0.0000000000000000000, 1.000000000000000000, 0.0000000000000000000 ) ) ;
#10914 = ORIENTED_EDGE ( 'NONE', *, *, #7682, .T. ) ;
#10915 = VERTEX_POINT ( 'NONE', #4449 ) ;
#10916 = PLANE ( 'NONE',  #358 ) ;
#10917 = DIRECTION ( 'NONE',  ( -0.0000000000000000000, 1.000000000000000000, -0.0000000000000000000 ) ) ;
#10918 = VERTEX_POINT ( 'NONE', #6490 ) ;
#10919 = EDGE_LOOP ( 'NONE', ( #10763, #2911, #802, #8677 ) ) ;
#10920 = DIRECTION ( 'NONE',  ( 0.0000000000000000000, 0.0000000000000000000, 1.000000000000000000 ) ) ;
#10921 = VERTEX_POINT ( 'NONE', #9304 ) ;
#10922 = DIRECTION ( 'NONE',  ( -0.0000000000000000000, 1.000000000000000000, -0.0000000000000000000 ) ) ;
#10923 = CIRCLE ( 'NONE', #6626, 0.02500000000000006400 ) ;
#10924 = CARTESIAN_POINT ( 'NONE',  ( -0.6449999999999999100, 0.9499999999999999600, -0.2699999999999998500 ) ) ;
#10925 = CIRCLE ( 'NONE', #9265, 0.02499999999999997000 ) ;
#10926 = DIRECTION ( 'NONE',  ( 0.0000000000000000000, -1.000000000000000000, -0.0000000000000000000 ) ) ;
#10927 = CARTESIAN_POINT ( 'NONE',  ( -0.6083333333333331700, 0.005000000000000001800, 0.7525438349425661600 ) ) ;
#10928 = EDGE_CURVE ( 'NONE', #10524, #6405, #8066, .T. ) ;
#10929 = ORIENTED_EDGE ( 'NONE', *, *, #1542, .F. ) ;
#10930 = ORIENTED_EDGE ( 'NONE', *, *, #1196, .F. ) ;
#10931 = PLANE ( 'NONE',  #1583 ) ;
#10932 = ORIENTED_EDGE ( 'NONE', *, *, #472, .F. ) ;
#10933 = DIRECTION ( 'NONE',  ( 0.0000000000000000000, 1.000000000000000000, 0.0000000000000000000 ) ) ;
#10934 = CARTESIAN_POINT ( 'NONE',  ( -0.4999999999999998900, 1.000000000000000000, 0.2650000000000000100 ) ) ;
#10935 = PRESENTATION_LAYER_ASSIGNMENT (  '', '', ( #10685 ) ) ;
#10936 = EDGE_LOOP ( 'NONE', ( #6856, #6331, #1106, #10944 ) ) ;
#10937 = PLANE ( 'NONE',  #7928 ) ;
#10938 = CARTESIAN_POINT ( 'NONE',  ( -0.3999999999999999700, 1.000000000000000000, 0.1249999999999999700 ) ) ;
#10939 = VECTOR ( 'NONE', #10510, 1000.000000000000000 ) ;
#10940 = CYLINDRICAL_SURFACE ( 'NONE', #10984, 0.02222222222222198000 ) ;
#10941 = CIRCLE ( 'NONE', #2575, 0.02222222222222198000 ) ;
#10942 = VERTEX_POINT ( 'NONE', #2576 ) ;
#10943 = ORIENTED_EDGE ( 'NONE', *, *, #2951, .F. ) ;
#10944 = ORIENTED_EDGE ( 'NONE', *, *, #5394, .F. ) ;
#10945 = DIRECTION ( 'NONE',  ( -1.000000000000000000, -0.0000000000000000000, -0.0000000000000000000 ) ) ;
#10946 = DIRECTION ( 'NONE',  ( 0.0000000000000000000, 0.0000000000000000000, 1.000000000000000000 ) ) ;
#10947 = ORIENTED_EDGE ( 'NONE', *, *, #7684, .F. ) ;
#10948 = EDGE_CURVE ( 'NONE', #11601, #3872, #6860, .T. ) ;
#10949 = DIRECTION ( 'NONE',  ( 0.0000000000000000000, 0.0000000000000000000, 1.000000000000000000 ) ) ;
#10950 = EDGE_CURVE ( 'NONE', #6146, #3188, #6139, .T. ) ;
#10951 = LINE ( 'NONE', #6948, #10021 ) ;
#10952 = CARTESIAN_POINT ( 'NONE',  ( 0.6107331496814513100, 0.01283064546053252700, 0.7713969990591338400 ) ) ;
#10953 = EDGE_CURVE ( 'NONE', #666, #2572, #961, .T. ) ;
#10954 = CARTESIAN_POINT ( 'NONE',  ( -0.7450000000000000000, 0.9499999999999999600, 0.1750000000000000200 ) ) ;
#10955 = FACE_OUTER_BOUND ( 'NONE', #4665, .T. ) ;
#10956 = DIRECTION ( 'NONE',  ( 0.0000000000000000000, 1.000000000000000000, 0.0000000000000000000 ) ) ;
#10957 = AXIS2_PLACEMENT_3D ( 'NONE', #2074, #7644, #996 ) ;
#10958 = EDGE_LOOP ( 'NONE', ( #10562, #7474, #4810, #10703 ) ) ;
#10959 = ORIENTED_EDGE ( 'NONE', *, *, #5480, .F. ) ;
#10960 = FACE_OUTER_BOUND ( 'NONE', #8516, .T. ) ;
#10961 = EDGE_LOOP ( 'NONE', ( #4572, #11782, #9608, #4015 ) ) ;
#10962 = CARTESIAN_POINT ( 'NONE',  ( -0.7874999999999999800, 0.9499999999999999600, 0.02500000000000016400 ) ) ;
#10963 = DIRECTION ( 'NONE',  ( 0.0000000000000000000, 0.0000000000000000000, 1.000000000000000000 ) ) ;
#10964 = DIRECTION ( 'NONE',  ( 0.0000000000000000000, 1.000000000000000000, -0.0000000000000000000 ) ) ;
#10965 = DIRECTION ( 'NONE',  ( 0.0000000000000000000, 0.0000000000000000000, 1.000000000000000000 ) ) ;
#10966 = AXIS2_PLACEMENT_3D ( 'NONE', #9793, #1333, #288 ) ;
#10967 = DIRECTION ( 'NONE',  ( 0.0000000000000000000, 0.0000000000000000000, -1.000000000000000000 ) ) ;
#10968 = VECTOR ( 'NONE', #1227, 1000.000000000000000 ) ;
#10969 = LINE ( 'NONE', #5427, #304 ) ;
#10970 = CYLINDRICAL_SURFACE ( 'NONE', #7924, 0.01666666666666645800 ) ;
#10971 = ADVANCED_FACE ( 'NONE', ( #6425 ), #6276, .T. ) ;
#10972 = DIRECTION ( 'NONE',  ( -0.0000000000000000000, 1.000000000000000000, -0.0000000000000000000 ) ) ;
#10973 = EDGE_CURVE ( 'NONE', #4666, #6436, #5548, .T. ) ;
#10974 = VERTEX_POINT ( 'NONE', #4603 ) ;
#10975 = DIRECTION ( 'NONE',  ( -0.0000000000000000000, -1.000000000000000000, 0.0000000000000000000 ) ) ;
#10976 = VERTEX_POINT ( 'NONE', #6332 ) ;
#10977 = DIRECTION ( 'NONE',  ( 0.0000000000000000000, 1.000000000000000000, -0.0000000000000000000 ) ) ;
#10978 = LINE ( 'NONE', #473, #9740 ) ;
#10979 = CYLINDRICAL_SURFACE ( 'NONE', #3032, 0.02499999999999995600 ) ;
#10980 = DIRECTION ( 'NONE',  ( -1.000000000000000000, -0.0000000000000000000, 1.084202172485504400E-016 ) ) ;
#10981 = CYLINDRICAL_SURFACE ( 'NONE', #7478, 0.02222222222222198000 ) ;
#10982 = CARTESIAN_POINT ( 'NONE',  ( -0.7354828308893127700, 0.003177007275438441900, 0.7435394344692565200 ) ) ;
#10983 = CIRCLE ( 'NONE', #895, 0.02500000000000009200 ) ;
#10984 = AXIS2_PLACEMENT_3D ( 'NONE', #7185, #11807, #7978 ) ;
#10985 = CARTESIAN_POINT ( 'NONE',  ( 0.7344747155738349200, 0.1994140778067704200, 0.7371327801347344900 ) ) ;
#10986 = CARTESIAN_POINT ( 'NONE',  ( 0.7111111111111131400, 0.8000000000000000400, -0.7777777777777781200 ) ) ;
#10987 = ORIENTED_EDGE ( 'NONE', *, *, #917, .T. ) ;
#10988 = ADVANCED_FACE ( 'NONE', ( #10580 ), #1848, .T. ) ;
#10989 = EDGE_CURVE ( 'NONE', #6272, #9658, #2456, .T. ) ;
#10990 = TOROIDAL_SURFACE ( 'NONE', #10966, 0.6666666666666637400, 0.5000000000000000000 ) ;
#10991 = CARTESIAN_POINT ( 'NONE',  ( -0.6083333333333331700, 0.02166666666666649700, 0.7461070750187860400 ) ) ;
#10992 = CARTESIAN_POINT ( 'NONE',  ( -0.4500000000000000100, 0.8792893218813447900, -0.1949999999999999500 ) ) ;
#10993 = EDGE_CURVE ( 'NONE', #1398, #10733, #4215, .T. ) ;
#10994 = DIRECTION ( 'NONE',  ( 0.0000000000000000000, 0.0000000000000000000, 1.000000000000000000 ) ) ;
#10995 = DIRECTION ( 'NONE',  ( -1.000000000000000000, 0.0000000000000000000, 1.084202172485504400E-016 ) ) ;
#10996 = CARTESIAN_POINT ( 'NONE',  ( -0.6357210129486962100, 0.1999999999999999800, 0.7723523946202663900 ) ) ;
#10997 = DIRECTION ( 'NONE',  ( 0.0000000000000000000, 0.0000000000000000000, 1.000000000000000000 ) ) ;
#10998 = CARTESIAN_POINT ( 'NONE',  ( -0.7408759201780088500, 0.01659390250111891400, 0.7867934972283287000 ) ) ;
#10999 = DIRECTION ( 'NONE',  ( 1.000000000000000000, 0.0000000000000000000, -1.790425605939363100E-016 ) ) ;
#11000 = LINE ( 'NONE', #4258, #6955 ) ;
#11001 = AXIS2_PLACEMENT_3D ( 'NONE', #4507, #758, #10046 ) ;
#11002 = CARTESIAN_POINT ( 'NONE',  ( 0.6083448665925251800, 0.02104673972282393800, 0.7838403542335687900 ) ) ;
#11003 = EDGE_LOOP ( 'NONE', ( #2719, #9768 ) ) ;
#11004 = CARTESIAN_POINT ( 'NONE',  ( -0.7250000000000000900, 0.1777777777777776700, 0.7777777777777780100 ) ) ;
#11005 = DIRECTION ( 'NONE',  ( -0.0000000000000000000, -1.000000000000000000, -0.0000000000000000000 ) ) ;
#11006 = CARTESIAN_POINT ( 'NONE',  ( 0.7627602542413719500, 0.01724469296883736000, 0.7537315817298136900 ) ) ;
#11007 = VERTEX_POINT ( 'NONE', #7362 ) ;
#11008 =( BOUNDED_SURFACE ( )  B_SPLINE_SURFACE ( 3, 2, ( 
 ( #10283, #7451, #3524 ),
 ( #10163, #2593, #10115 ),
 ( #12149, #4588, #12220 ),
 ( #867, #8325, #1805 ),
 ( #9350, #2675, #5416 ),
 ( #12063, #11223, #7411 ) ),
 .UNSPECIFIED., .F., .F., .T. ) 
 B_SPLINE_SURFACE_WITH_KNOTS ( ( 4, 2, 4 ),
 ( 3, 3 ),
 ( 0.0000000000000000000, 3.313455719014048700E-005, 6.626911438028097500E-005 ),
 ( 0.0000000000000000000, 1.000000000000000000 ),
 .UNSPECIFIED. ) 
 GEOMETRIC_REPRESENTATION_ITEM ( )  RATIONAL_B_SPLINE_SURFACE ( (
 ( 1.000000000000000000, 0.9714679613862725600, 1.000000000000000000),
 ( 1.000000000000000000, 0.9694404325609892200, 1.000000000000000000),
 ( 1.000000000000000000, 0.9185013101587854400, 1.000000000000000000),
 ( 1.000000000000000000, 0.7913516831153885000, 1.000000000000000000),
 ( 1.000000000000000000, 0.7092486567866763700, 1.000000000000000000),
 ( 1.000000000000000000, 0.7071067811865515700, 1.000000000000000000) ) ) 
 REPRESENTATION_ITEM ( '' )  SURFACE ( )  );
#11009 = DIRECTION ( 'NONE',  ( 0.0000000000000000000, 1.000000000000000000, 0.0000000000000000000 ) ) ;
#11010 = FILL_AREA_STYLE_COLOUR ( '', #2219 ) ;
#11011 = MECHANICAL_DESIGN_GEOMETRIC_PRESENTATION_REPRESENTATION (  '', ( #9693 ), #1 ) ;
#11012 = DIRECTION ( 'NONE',  ( 1.000000000000000000, 0.0000000000000000000, -1.084202172485504800E-016 ) ) ;
#11013 = CARTESIAN_POINT ( 'NONE',  ( -0.7305495965576200800, 0.002699005653265943900, 0.7426781599949658900 ) ) ;
#11014 = VECTOR ( 'NONE', #1561, 1000.000000000000000 ) ;
#11015 = CARTESIAN_POINT ( 'NONE',  ( 0.7250000000000000900, 0.004999999999999993200, 0.7525438349425661600 ) ) ;
#11016 = ORIENTED_EDGE ( 'NONE', *, *, #178, .T. ) ;
#11017 = EDGE_CURVE ( 'NONE', #1983, #6682, #7173, .T. ) ;
#11018 = ORIENTED_EDGE ( 'NONE', *, *, #644, .T. ) ;
#11019 = ADVANCED_FACE ( 'NONE', ( #7023 ), #69, .T. ) ;
#11020 = DIRECTION ( 'NONE',  ( 0.0000000000000000000, -7.411538288475051500E-017, 1.000000000000000000 ) ) ;
#11021 = AXIS2_PLACEMENT_3D ( 'NONE', #8815, #7829, #3139 ) ;
#11022 = DIRECTION ( 'NONE',  ( 0.0000000000000000000, 0.0000000000000000000, -1.000000000000000000 ) ) ;
#11023 = CARTESIAN_POINT ( 'NONE',  ( -8.432683563776152300E-017, 0.8000000000000000400, -0.7777777777777780100 ) ) ;
#11024 = CARTESIAN_POINT ( 'NONE',  ( -0.3999999999999999700, 1.000000000000000000, 0.07500000000000005300 ) ) ;
#11025 = VERTEX_POINT ( 'NONE', #848 ) ;
#11026 = CARTESIAN_POINT ( 'NONE',  ( 0.6219621900290432900, 0.005279187044768238900, 0.7537524563488643400 ) ) ;
#11027 = CARTESIAN_POINT ( 'NONE',  ( -0.6416666666666661600, 0.2083333333333329800, 1.132063492063491500 ) ) ;
#11028 = CARTESIAN_POINT ( 'NONE',  ( -0.6083333333333330600, 0.1889975162243556200, 0.7744924640261113800 ) ) ;
#11029 =( NAMED_UNIT ( * ) PLANE_ANGLE_UNIT ( ) SI_UNIT ( $, .RADIAN. ) );
#11030 = DIRECTION ( 'NONE',  ( 0.0000000000000000000, 0.0000000000000000000, 1.000000000000000000 ) ) ;
#11031 = EDGE_CURVE ( 'NONE', #11654, #1706, #551, .T. ) ;
#11032 = VECTOR ( 'NONE', #9200, 1000.000000000000000 ) ;
#11033 = EDGE_CURVE ( 'NONE', #9664, #8387, #3905, .T. ) ;
#11034 = ADVANCED_FACE ( 'NONE', ( #5965 ), #8485, .F. ) ;
#11035 = EDGE_LOOP ( 'NONE', ( #9845, #1210 ) ) ;
#11036 = ORIENTED_EDGE ( 'NONE', *, *, #571, .F. ) ;
#11037 = DIRECTION ( 'NONE',  ( 0.0000000000000000000, 1.000000000000000000, 0.0000000000000000000 ) ) ;
#11038 = CARTESIAN_POINT ( 'NONE',  ( -0.7083333333333332600, 0.2833333333333329900, 0.6814466309102998900 ) ) ;
#11039 = ORIENTED_EDGE ( 'NONE', *, *, #6652, .F. ) ;
#11040 = AXIS2_PLACEMENT_3D ( 'NONE', #6064, #11871, #11909 ) ;
#11041 = VERTEX_POINT ( 'NONE', #4725 ) ;
#11042 = DIRECTION ( 'NONE',  ( 0.0000000000000000000, 0.0000000000000000000, -1.000000000000000000 ) ) ;
#11043 = CARTESIAN_POINT ( 'NONE',  ( -0.6249999999999995600, 0.1777777777777776700, 0.7777777777777780100 ) ) ;
#11044 = ORIENTED_EDGE ( 'NONE', *, *, #5319, .T. ) ;
#11045 = ORIENTED_EDGE ( 'NONE', *, *, #7329, .F. ) ;
#11046 = PLANE ( 'NONE',  #6685 ) ;
#11047 = EDGE_LOOP ( 'NONE', ( #12215, #3658, #7333, #12206 ) ) ;
#11048 = EDGE_CURVE ( 'NONE', #11616, #3746, #9979, .T. ) ;
#11049 = ORIENTED_EDGE ( 'NONE', *, *, #7738, .T. ) ;
#11050 = CARTESIAN_POINT ( 'NONE',  ( -0.5000000000000000000, 1.000000000000000000, 0.07499999999999995600 ) ) ;
#11051 = CIRCLE ( 'NONE', #10535, 0.02500000000000006400 ) ;
#11052 = DIRECTION ( 'NONE',  ( -0.0000000000000000000, 1.000000000000000000, -0.0000000000000000000 ) ) ;
#11053 = EDGE_CURVE ( 'NONE', #9959, #8805, #9670, .T. ) ;
#11054 = MECHANICAL_DESIGN_GEOMETRIC_PRESENTATION_REPRESENTATION (  '', ( #9751 ), #11690 ) ;
#11055 = CARTESIAN_POINT ( 'NONE',  ( -0.7638888888888885100, 0.1777777777777780100, 0.7765079365079362600 ) ) ;
#11056 = ORIENTED_EDGE ( 'NONE', *, *, #4970, .F. ) ;
#11057 = ORIENTED_EDGE ( 'NONE', *, *, #3884, .F. ) ;
#11058 = ORIENTED_EDGE ( 'NONE', *, *, #9319, .F. ) ;
#11059 = DIRECTION ( 'NONE',  ( 0.0000000000000000000, 0.0000000000000000000, 1.000000000000000000 ) ) ;
#11060 = ORIENTED_EDGE ( 'NONE', *, *, #3233, .F. ) ;
#11061 = AXIS2_PLACEMENT_3D ( 'NONE', #8248, #4284, #8172 ) ;
#11062 = ORIENTED_EDGE ( 'NONE', *, *, #9272, .F. ) ;
#11063 = LINE ( 'NONE', #2771, #1859 ) ;
#11064 = CARTESIAN_POINT ( 'NONE',  ( -0.7250000000000000900, 0.02166666666666650400, 0.7461070750187860400 ) ) ;
#11065 = DIRECTION ( 'NONE',  ( 0.0000000000000000000, 1.000000000000000000, -0.0000000000000000000 ) ) ;
#11066 = VERTEX_POINT ( 'NONE', #1827 ) ;
#11067 = CARTESIAN_POINT ( 'NONE',  ( -0.7403682961069900600, 0.01500522245037589500, 0.7876745583901453300 ) ) ;
#11068 = ORIENTED_EDGE ( 'NONE', *, *, #10560, .F. ) ;
#11069 = VERTEX_POINT ( 'NONE', #5696 ) ;
#11070 = CARTESIAN_POINT ( 'NONE',  ( -0.3100000000000000500, 0.9499999999999999600, -0.1249999999999999400 ) ) ;
#11071 = CARTESIAN_POINT ( 'NONE',  ( 0.7083333333333332600, 0.2833333333333330500, 0.7179317890670646700 ) ) ;
#11072 = ORIENTED_EDGE ( 'NONE', *, *, #3520, .F. ) ;
#11073 = ORIENTED_EDGE ( 'NONE', *, *, #7177, .F. ) ;
#11074 =( BOUNDED_SURFACE ( )  B_SPLINE_SURFACE ( 3, 2, ( 
 ( #1444, #10884, #6966 ),
 ( #6141, #7104, #8044 ),
 ( #553, #1487, #3196 ),
 ( #10808, #5119, #8096 ),
 ( #2429, #9815, #9031 ),
 ( #3364, #6254, #11015 ) ),
 .UNSPECIFIED., .F., .F., .T. ) 
 B_SPLINE_SURFACE_WITH_KNOTS ( ( 4, 2, 4 ),
 ( 3, 3 ),
 ( -1.185846126156020500E-020, 3.303997814222377300E-005, 6.607995628444755900E-005 ),
 ( 0.0000000000000000000, 1.000000000000000000 ),
 .UNSPECIFIED. ) 
 GEOMETRIC_REPRESENTATION_ITEM ( )  RATIONAL_B_SPLINE_SURFACE ( (
 ( 1.000000000000000000, 0.7071067811865458000, 1.000000000000000000),
 ( 1.000000000000000000, 0.7090122824957940700, 1.000000000000000000),
 ( 1.000000000000000000, 0.7910721839509364800, 1.000000000000000000),
 ( 1.000000000000000000, 0.9179396450884085300, 1.000000000000000000),
 ( 1.000000000000000000, 0.9697710246453221700, 1.000000000000000000),
 ( 1.000000000000000000, 0.9714679613862720100, 1.000000000000000000) ) ) 
 REPRESENTATION_ITEM ( '' )  SURFACE ( )  );
#11075 = VECTOR ( 'NONE', #9490, 1000.000000000000000 ) ;
#11076 = DIRECTION ( 'NONE',  ( 0.0000000000000000000, 0.0000000000000000000, -1.000000000000000000 ) ) ;
#11077 = CARTESIAN_POINT ( 'NONE',  ( -0.6449999999999999100, 1.000000000000000000, 0.2699999999999999600 ) ) ;
#11078 = AXIS2_PLACEMENT_3D ( 'NONE', #11474, #931, #40 ) ;
#11079 = EDGE_CURVE ( 'NONE', #885, #11088, #4656, .T. ) ;
#11080 = VECTOR ( 'NONE', #3447, 1000.000000000000000 ) ;
#11081 = CARTESIAN_POINT ( 'NONE',  ( 0.7381061346141704100, 0.1938661034126255600, 0.7651827898942580300 ) ) ;
#11082 = EDGE_LOOP ( 'NONE', ( #5233, #10181, #11305, #2187, #8666, #9721 ) ) ;
#11083 = AXIS2_PLACEMENT_3D ( 'NONE', #11534, #11572, #5868 ) ;
#11084 = ORIENTED_EDGE ( 'NONE', *, *, #545, .F. ) ;
#11085 = VERTEX_POINT ( 'NONE', #11340 ) ;
#11086 = ORIENTED_EDGE ( 'NONE', *, *, #7712, .T. ) ;
#11087 = DIRECTION ( 'NONE',  ( 0.0000000000000000000, 0.0000000000000000000, -1.000000000000000000 ) ) ;
#11088 = VERTEX_POINT ( 'NONE', #7591 ) ;
#11089 = CIRCLE ( 'NONE', #3925, 0.02222222222222198000 ) ;
#11090 = CARTESIAN_POINT ( 'NONE',  ( -0.3100000000000000000, 0.9499999999999999600, 0.1250000000000000000 ) ) ;
#11091 = EDGE_CURVE ( 'NONE', #6667, #3673, #2136, .T. ) ;
#11092 = CIRCLE ( 'NONE', #10479, 0.02222222222222198000 ) ;
#11093 = VECTOR ( 'NONE', #2311, 1000.000000000000000 ) ;
#11094 = CARTESIAN_POINT ( 'NONE',  ( 0.9555555555555560500, 0.1899999999999999700, 0.7320634920634920800 ) ) ;
#11095 = CARTESIAN_POINT ( 'NONE',  ( 0.7083333333333332600, 0.2076720440897263900, 0.7633150672172707200 ) ) ;
#11096 = ORIENTED_EDGE ( 'NONE', *, *, #6484, .F. ) ;
#11097 = DIRECTION ( 'NONE',  ( 0.0000000000000000000, 1.000000000000000000, 0.0000000000000000000 ) ) ;
#11098 = ORIENTED_EDGE ( 'NONE', *, *, #3218, .T. ) ;
#11099 = CARTESIAN_POINT ( 'NONE',  ( -0.7636365075924037600, 0.01973277278011146100, 0.7541458335120360100 ) ) ;
#11100 = CARTESIAN_POINT ( 'NONE',  ( -0.5000000000000000000, 0.9499999999999999600, 5.421010862427522200E-017 ) ) ;
#11101 = AXIS2_PLACEMENT_3D ( 'NONE', #3734, #4590, #8326 ) ;
#11102 = VERTEX_POINT ( 'NONE', #9372 ) ;
#11103 = ADVANCED_FACE ( 'NONE', ( #9374 ), #1562, .F. ) ;
#11104 = LINE ( 'NONE', #6246, #9727 ) ;
#11105 = CIRCLE ( 'NONE', #3325, 0.02499999999999984900 ) ;
#11106 = CARTESIAN_POINT ( 'NONE',  ( -0.3075000000000000500, 0.9499999999999999600, 8.131516293641283300E-017 ) ) ;
#11107 = ORIENTED_EDGE ( 'NONE', *, *, #3861, .T. ) ;
#11108 = EDGE_LOOP ( 'NONE', ( #5424, #8321, #2992, #9985 ) ) ;
#11109 = EDGE_CURVE ( 'NONE', #3383, #11230, #9729, .T. ) ;
#11110 = DIRECTION ( 'NONE',  ( 1.000000000000000000, -0.0000000000000000000, -0.0000000000000000000 ) ) ;
#11111 = CARTESIAN_POINT ( 'NONE',  ( -0.6925000000000000000, 0.9499999999999999600, 0.02499999999999993900 ) ) ;
#11112 = CARTESIAN_POINT ( 'NONE',  ( 0.6090881309148741300, 0.01660166726508487100, 0.7748167594413885000 ) ) ;
#11113 = EDGE_CURVE ( 'NONE', #7419, #3313, #9083, .T. ) ;
#11114 = SURFACE_STYLE_FILL_AREA ( #5002 ) ;
#11115 = CIRCLE ( 'NONE', #1532, 0.02500000000000006400 ) ;
#11116 = CYLINDRICAL_SURFACE ( 'NONE', #5038, 0.02500000000000006400 ) ;
#11117 = PRESENTATION_STYLE_ASSIGNMENT (( #1141 ) ) ;
#11118 = CARTESIAN_POINT ( 'NONE',  ( 0.6990821352178725500, 0.2907583900576322100, 0.7236643284200287000 ) ) ;
#11119 = PRESENTATION_LAYER_ASSIGNMENT (  '', '', ( #9800 ) ) ;
#11120 = CARTESIAN_POINT ( 'NONE',  ( -0.6900000000000000600, 0.8792893218813447900, 0.1250000000000001100 ) ) ;
#11121 = CARTESIAN_POINT ( 'NONE',  ( -0.9999999999999997800, 0.1999999999999999800, -0.7999999999999999300 ) ) ;
#11122 = LINE ( 'NONE', #9455, #9745 ) ;
#11123 = CIRCLE ( 'NONE', #3954, 0.2666666666666637800 ) ;
#11124 = EDGE_LOOP ( 'NONE', ( #8147, #11921 ) ) ;
#11125 = CARTESIAN_POINT ( 'NONE',  ( 0.9999999999999997800, 0.8222222222222219700, -0.7555555555555557600 ) ) ;
#11126 = AXIS2_PLACEMENT_3D ( 'NONE', #9546, #11662, #2082 ) ;
#11127 = EDGE_CURVE ( 'NONE', #9806, #6288, #247, .T. ) ;
#11128 = DIRECTION ( 'NONE',  ( 0.0000000000000000000, 0.0000000000000000000, 1.000000000000000000 ) ) ;
#11129 = AXIS2_PLACEMENT_3D ( 'NONE', #9483, #9450, #10416 ) ;
#11130 = CARTESIAN_POINT ( 'NONE',  ( 0.9555555555555560500, 0.1899999999999999700, 0.7098412698412697200 ) ) ;
#11131 = FACE_OUTER_BOUND ( 'NONE', #4784, .T. ) ;
#11132 = DIRECTION ( 'NONE',  ( -0.0000000000000000000, 1.000000000000000000, -0.0000000000000000000 ) ) ;
#11133 = CYLINDRICAL_SURFACE ( 'NONE', #7552, 0.02500000000000006400 ) ;
#11134 = CARTESIAN_POINT ( 'NONE',  ( 0.5861111111111112500, 0.1777777777777780100, 0.7542857142857141200 ) ) ;
#11135 = CARTESIAN_POINT ( 'NONE',  ( -0.7250000000000000900, 0.005000000000000040000, 0.7918213607330723000 ) ) ;
#11136 = CARTESIAN_POINT ( 'NONE',  ( -0.3549999999999999800, 0.9499999999999999600, 0.2450000000000001100 ) ) ;
#11137 = LINE ( 'NONE', #8589, #1028 ) ;
#11138 =( LENGTH_UNIT ( ) NAMED_UNIT ( * ) SI_UNIT ( .MILLI., .METRE. ) );
#11139 = PRESENTATION_LAYER_ASSIGNMENT (  '', '', ( #8398 ) ) ;
#11140 = CARTESIAN_POINT ( 'NONE',  ( 0.6110368422445390200, 0.1933625106578970300, 0.7673563811878537600 ) ) ;
#11141 = EDGE_CURVE ( 'NONE', #6470, #9666, #11051, .T. ) ;
#11142 = ADVANCED_FACE ( 'NONE', ( #12245 ), #11598, .T. ) ;
#11143 = CARTESIAN_POINT ( 'NONE',  ( 0.9777777777777781900, 0.8222222222222219700, 0.7542857142857141200 ) ) ;
#11144 = EDGE_CURVE ( 'NONE', #7809, #2131, #392, .T. ) ;
#11145 = DIRECTION ( 'NONE',  ( 1.000000000000000000, -0.0000000000000000000, -0.0000000000000000000 ) ) ;
#11146 = VECTOR ( 'NONE', #6522, 1000.000000000000000 ) ;
#11147 = CARTESIAN_POINT ( 'NONE',  ( 1.000000000000000200, 0.8000000000000000400, 0.7542857142857141200 ) ) ;
#11148 = CARTESIAN_POINT ( 'NONE',  ( -0.6937224866447302400, 0.2998727221369007500, 0.7141254514002179900 ) ) ;
#11149 = CARTESIAN_POINT ( 'NONE',  ( -0.6335806605435242400, 0.2000000000000000100, 0.7320634920634921900 ) ) ;
#11150 = AXIS2_PLACEMENT_3D ( 'NONE', #10022, #11009, #9969 ) ;
#11151 = CARTESIAN_POINT ( 'NONE',  ( 0.6583333333333331000, 0.2950819672131146400, 0.7216981796386450200 ) ) ;
#11152 = FACE_OUTER_BOUND ( 'NONE', #2989, .T. ) ;
#11153 = AXIS2_PLACEMENT_3D ( 'NONE', #2464, #3628, #2416 ) ;
#11154 = DIRECTION ( 'NONE',  ( 1.000000000000000000, 0.0000000000000000000, 0.0000000000000000000 ) ) ;
#11155 = FACE_OUTER_BOUND ( 'NONE', #5391, .T. ) ;
#11156 = CARTESIAN_POINT ( 'NONE',  ( -0.6104149201634183600, 0.01340815744779352100, 0.7884337038089026500 ) ) ;
#11157 = CARTESIAN_POINT ( 'NONE',  ( 0.7083333333333332600, 0.2081793137346102100, 0.7260576755716460200 ) ) ;
#11158 = ADVANCED_FACE ( 'NONE', ( #6559 ), #1976, .T. ) ;
#11159 = ORIENTED_EDGE ( 'NONE', *, *, #3548, .T. ) ;
#11160 = DIRECTION ( 'NONE',  ( -1.084202172485507000E-016, 0.0000000000000000000, -1.000000000000000000 ) ) ;
#11161 = MECHANICAL_DESIGN_GEOMETRIC_PRESENTATION_REPRESENTATION (  '', ( #7789 ), #8820 ) ;
#11162 = CYLINDRICAL_SURFACE ( 'NONE', #2148, 0.008333333333333499800 ) ;
#11163 = ORIENTED_EDGE ( 'NONE', *, *, #3711, .T. ) ;
#11164 = EDGE_LOOP ( 'NONE', ( #5971, #6997, #2193, #2302 ) ) ;
#11165 = DIRECTION ( 'NONE',  ( -1.084202172485507000E-016, 0.0000000000000000000, -1.000000000000000000 ) ) ;
#11166 = DIRECTION ( 'NONE',  ( -0.0000000000000000000, -1.000000000000000000, -0.0000000000000000000 ) ) ;
#11167 = SURFACE_SIDE_STYLE ('',( #5421 ) ) ;
#11168 = CARTESIAN_POINT ( 'NONE',  ( -0.7638888888888885100, 0.1777777777777780100, 0.7320634920634923000 ) ) ;
#11169 = LINE ( 'NONE', #5920, #4491 ) ;
#11170 = DIRECTION ( 'NONE',  ( 0.0000000000000000000, 0.0000000000000000000, -1.000000000000000000 ) ) ;
#11171 = EDGE_CURVE ( 'NONE', #7501, #311, #1698, .T. ) ;
#11172 = VERTEX_POINT ( 'NONE', #9613 ) ;
#11173 = ORIENTED_EDGE ( 'NONE', *, *, #9722, .F. ) ;
#11174 = CARTESIAN_POINT ( 'NONE',  ( -0.5000000000000000000, 0.8792893218813447900, 0.1250000000000001400 ) ) ;
#11175 = EDGE_CURVE ( 'NONE', #2720, #10335, #1083, .T. ) ;
#11176 = CIRCLE ( 'NONE', #613, 0.02222222222222241400 ) ;
#11177 = DIRECTION ( 'NONE',  ( 0.0000000000000000000, 0.0000000000000000000, 1.000000000000000000 ) ) ;
#11178 = AXIS2_PLACEMENT_3D ( 'NONE', #3725, #6530, #10358 ) ;
#11179 = DIRECTION ( 'NONE',  ( 6.098637220231015700E-016, -0.9921567416492217400, 0.1249999999999991100 ) ) ;
#11180 = DIRECTION ( 'NONE',  ( -0.0000000000000000000, 1.000000000000000000, 0.0000000000000000000 ) ) ;
#11181 = VECTOR ( 'NONE', #9311, 1000.000000000000000 ) ;
#11182 = CARTESIAN_POINT ( 'NONE',  ( -0.7002442536939542700, 0.2030620702128631000, 0.7754994340234506700 ) ) ;
#11183 = ORIENTED_EDGE ( 'NONE', *, *, #8967, .T. ) ;
#11184 = ORIENTED_EDGE ( 'NONE', *, *, #6417, .F. ) ;
#11185 = CARTESIAN_POINT ( 'NONE',  ( 0.6501346892749566600, 0.2885821867656598900, 0.7246736975804366500 ) ) ;
#11186 = ORIENTED_EDGE ( 'NONE', *, *, #5501, .T. ) ;
#11187 = VERTEX_POINT ( 'NONE', #9575 ) ;
#11188 = CARTESIAN_POINT ( 'NONE',  ( 0.6930413404757193000, 0.2999573875328755400, 0.7141064241990449100 ) ) ;
#11189 = DIRECTION ( 'NONE',  ( 0.0000000000000000000, 0.0000000000000000000, 1.000000000000000000 ) ) ;
#11190 = ORIENTED_EDGE ( 'NONE', *, *, #1814, .T. ) ;
#11191 = CARTESIAN_POINT ( 'NONE',  ( 0.6053963127608363900, 0.1976268501320624100, 0.7425725946937564700 ) ) ;
#11192 = LINE ( 'NONE', #6588, #8630 ) ;
#11193 = EDGE_CURVE ( 'NONE', #4227, #1690, #7593, .T. ) ;
#11194 = CARTESIAN_POINT ( 'NONE',  ( 0.0000000000000000000, 0.8000000000000000400, 0.0000000000000000000 ) ) ;
#11195 = ORIENTED_EDGE ( 'NONE', *, *, #1661, .F. ) ;
#11196 = ORIENTED_EDGE ( 'NONE', *, *, #6006, .F. ) ;
#11197 = ORIENTED_EDGE ( 'NONE', *, *, #2932, .T. ) ;
#11198 = ORIENTED_EDGE ( 'NONE', *, *, #8590, .F. ) ;
#11199 = EDGE_LOOP ( 'NONE', ( #1863, #2869 ) ) ;
#11200 = DIRECTION ( 'NONE',  ( -0.0000000000000000000, 1.000000000000000000, -0.0000000000000000000 ) ) ;
#11201 = CARTESIAN_POINT ( 'NONE',  ( -0.7874999999999999800, 1.000000000000000000, -0.02500000000000000100 ) ) ;
#11202 = CYLINDRICAL_SURFACE ( 'NONE', #5250, 0.02499999999999995600 ) ;
#11203 = AXIS2_PLACEMENT_3D ( 'NONE', #11387, #8, #155 ) ;
#11204 = SURFACE_STYLE_FILL_AREA ( #2096 ) ;
#11205 = AXIS2_PLACEMENT_3D ( 'NONE', #9871, #1327, #7067 ) ;
#11206 = CLOSED_SHELL ( 'NONE', ( #538, #1122, #1320, #6850, #3365, #8702, #8011, #5190, #2751, #9541, #11142, #9671, #1951, #3804, #1822, #10971, #10676, #8957, #9975, #7952, #1205, #7026, #2151, #2967, #5229, #9939, #10247, #62, #8254, #7143, #11274, #7771, #1188, #7875, #1589, #5373, #11799, #7967, #4901, #7989, #8162, #11721, #7629, #7086, #6968, #3031, #10552, #4862, #7318, #1087, #2115 ) ) ;
#11207 = ORIENTED_EDGE ( 'NONE', *, *, #9605, .T. ) ;
#11208 = EDGE_CURVE ( 'NONE', #1503, #6431, #4301, .T. ) ;
#11209 = CARTESIAN_POINT ( 'NONE',  ( 0.7076076593808455800, 0.2063553734807836400, 0.7670110288547947700 ) ) ;
#11210 = EDGE_LOOP ( 'NONE', ( #4533, #10768, #3205, #5430, #7006 ) ) ;
#11211 = ORIENTED_EDGE ( 'NONE', *, *, #2597, .F. ) ;
#11212 = CARTESIAN_POINT ( 'NONE',  ( -0.9555555555555553800, 0.1999999999999999800, -0.7555555555555555400 ) ) ;
#11213 = DIRECTION ( 'NONE',  ( 0.0000000000000000000, 1.000000000000000000, -0.0000000000000000000 ) ) ;
#11214 = DIRECTION ( 'NONE',  ( -5.918954667815146000E-016, 0.0000000000000000000, -1.000000000000000000 ) ) ;
#11215 = CARTESIAN_POINT ( 'NONE',  ( -0.4999999999999998900, 0.9499999999999999600, 0.2900000000000000400 ) ) ;
#11216 = EDGE_LOOP ( 'NONE', ( #11437, #10716 ) ) ;
#11217 = CARTESIAN_POINT ( 'NONE',  ( 0.6416666666666661600, 0.2083333333333329800, 1.132063492063491500 ) ) ;
#11218 = CYLINDRICAL_SURFACE ( 'NONE', #4102, 0.02499999999999997000 ) ;
#11219 = ADVANCED_FACE ( 'NONE', ( #7010 ), #9788, .T. ) ;
#11220 = FACE_OUTER_BOUND ( 'NONE', #6101, .T. ) ;
#11221 = ORIENTED_EDGE ( 'NONE', *, *, #4283, .F. ) ;
#11222 = DIRECTION ( 'NONE',  ( 0.0000000000000000000, 0.0000000000000000000, 1.000000000000000000 ) ) ;
#11223 = CARTESIAN_POINT ( 'NONE',  ( -0.6083333333332134900, 0.02194444444444621300, 0.7542839781068783100 ) ) ;
#11224 = DIRECTION ( 'NONE',  ( -0.0000000000000000000, 1.000000000000000000, 0.0000000000000000000 ) ) ;
#11225 = ORIENTED_EDGE ( 'NONE', *, *, #6560, .T. ) ;
#11226 = AXIS2_PLACEMENT_3D ( 'NONE', #3179, #9769, #9922 ) ;
#11227 = CARTESIAN_POINT ( 'NONE',  ( 0.7250000000000000900, 0.005000000000000040000, 0.7918213607330723000 ) ) ;
#11228 = DIRECTION ( 'NONE',  ( 0.0000000000000000000, 0.0000000000000000000, -1.000000000000000000 ) ) ;
#11229 = CARTESIAN_POINT ( 'NONE',  ( -0.6358871042555789300, 0.2003526276652839700, 0.7317990211782031700 ) ) ;
#11230 = VERTEX_POINT ( 'NONE', #233 ) ;
#11231 = CARTESIAN_POINT ( 'NONE',  ( -0.4499999999999999600, 1.000000000000000000, 0.1950000000000000600 ) ) ;
#11232 = UNCERTAINTY_MEASURE_WITH_UNIT (LENGTH_MEASURE( 1.000000000000000100E-005 ), #209, 'distance_accuracy_value', 'NONE');
#11233 = VECTOR ( 'NONE', #3268, 1000.000000000000000 ) ;
#11234 = CARTESIAN_POINT ( 'NONE',  ( 0.7039573398843950200, 0.2945902036636154900, 0.7153216796843664400 ) ) ;
#11235 = CARTESIAN_POINT ( 'NONE',  ( -0.7874999999999999800, 0.8792893218813447900, 8.131516293641283300E-017 ) ) ;
#11236 = CIRCLE ( 'NONE', #10401, 0.02500000000000014700 ) ;
#11237 = EDGE_CURVE ( 'NONE', #11979, #3602, #10891, .T. ) ;
#11238 = PRESENTATION_STYLE_ASSIGNMENT (( #2094 ) ) ;
#11239 = ORIENTED_EDGE ( 'NONE', *, *, #10429, .T. ) ;
#11240 = EDGE_LOOP ( 'NONE', ( #11479, #9087, #7926, #11261 ) ) ;
#11241 = ORIENTED_EDGE ( 'NONE', *, *, #7005, .F. ) ;
#11242 = DIRECTION ( 'NONE',  ( 0.0000000000000000000, 1.000000000000000000, 0.0000000000000000000 ) ) ;
#11243 = AXIS2_PLACEMENT_3D ( 'NONE', #1178, #9682, #6964 ) ;
#11244 = CYLINDRICAL_SURFACE ( 'NONE', #5302, 0.02499999999999984900 ) ;
#11245 = CYLINDRICAL_SURFACE ( 'NONE', #1778, 0.02222222222222198000 ) ;
#11246 = FACE_OUTER_BOUND ( 'NONE', #9674, .T. ) ;
#11247 = ORIENTED_EDGE ( 'NONE', *, *, #3026, .F. ) ;
#11248 = CARTESIAN_POINT ( 'NONE',  ( -0.5000000000000000000, 0.9499999999999999600, 5.421010862427522200E-017 ) ) ;
#11249 = LINE ( 'NONE', #4861, #12136 ) ;
#11250 = DIRECTION ( 'NONE',  ( 0.0000000000000000000, 1.000000000000000000, -0.0000000000000000000 ) ) ;
#11251 = EDGE_CURVE ( 'NONE', #5581, #5964, #5270, .T. ) ;
#11252 = FACE_OUTER_BOUND ( 'NONE', #11462, .T. ) ;
#11253 = SURFACE_STYLE_FILL_AREA ( #10907 ) ;
#11254 = CARTESIAN_POINT ( 'NONE',  ( -0.6899999999999999500, 0.9499999999999999600, -0.1499999999999999100 ) ) ;
#11255 =( NAMED_UNIT ( * ) SI_UNIT ( $, .STERADIAN. ) SOLID_ANGLE_UNIT ( ) );
#11256 = VECTOR ( 'NONE', #7728, 1000.000000000000000 ) ;
#11257 = CARTESIAN_POINT ( 'NONE',  ( -0.6449999999999999100, 0.9499999999999999600, -0.2200000000000001400 ) ) ;
#11258 = DIRECTION ( 'NONE',  ( 0.0000000000000000000, 1.000000000000000000, 0.0000000000000000000 ) ) ;
#11259 = MECHANICAL_DESIGN_GEOMETRIC_PRESENTATION_REPRESENTATION (  '', ( #12142 ), #4002 ) ;
#11260 = CARTESIAN_POINT ( 'NONE',  ( -0.6416666666666661600, 0.2000000000000000100, 0.7614445778845508900 ) ) ;
#11261 = ORIENTED_EDGE ( 'NONE', *, *, #3257, .T. ) ;
#11262 = DIRECTION ( 'NONE',  ( -0.0000000000000000000, 1.000000000000000000, -0.0000000000000000000 ) ) ;
#11263 = LINE ( 'NONE', #3619, #8705 ) ;
#11264 = CARTESIAN_POINT ( 'NONE',  ( 0.7378720759948380600, 0.003596043025005654400, 0.7441834181774169600 ) ) ;
#11265 = PLANE ( 'NONE',  #7705 ) ;
#11266 = EDGE_CURVE ( 'NONE', #11727, #3870, #7898, .T. ) ;
#11267 = SURFACE_STYLE_FILL_AREA ( #2939 ) ;
#11268 = CARTESIAN_POINT ( 'NONE',  ( -0.3100000000000000500, 0.9499999999999999600, -0.1499999999999999100 ) ) ;
#11269 = EDGE_CURVE ( 'NONE', #4330, #11172, #5806, .T. ) ;
#11270 = CARTESIAN_POINT ( 'NONE',  ( -0.9777777777777779700, 0.1899999999999999700, -0.7555555555555555400 ) ) ;
#11271 = CARTESIAN_POINT ( 'NONE',  ( 0.6083333333333331700, 0.02222222222222208800, 0.7765079365079360400 ) ) ;
#11272 = DIRECTION ( 'NONE',  ( 0.0000000000000000000, 1.000000000000000000, -0.0000000000000000000 ) ) ;
#11273 = FACE_OUTER_BOUND ( 'NONE', #7933, .T. ) ;
#11274 = ADVANCED_FACE ( 'NONE', ( #11466 ), #8341, .F. ) ;
#11275 = CARTESIAN_POINT ( 'NONE',  ( 0.7053846977617159700, 0.2930325835877046800, 0.6769070140994898300 ) ) ;
#11276 = EDGE_CURVE ( 'NONE', #7890, #10335, #9225, .T. ) ;
#11277 = VECTOR ( 'NONE', #526, 1000.000000000000000 ) ;
#11278 = CARTESIAN_POINT ( 'NONE',  ( -0.3999999999999999700, 1.000000000000000000, 0.1000000000000000200 ) ) ;
#11279 = CARTESIAN_POINT ( 'NONE',  ( 0.7290605923846529300, 0.1994977809658223000, 0.7422020682087350200 ) ) ;
#11280 = ORIENTED_EDGE ( 'NONE', *, *, #12253, .F. ) ;
#11281 = EDGE_CURVE ( 'NONE', #5603, #10282, #3301, .T. ) ;
#11282 = FILL_AREA_STYLE ('',( #2785 ) ) ;
#11283 = DIRECTION ( 'NONE',  ( 0.0000000000000000000, 0.0000000000000000000, -1.000000000000000000 ) ) ;
#11284 = CARTESIAN_POINT ( 'NONE',  ( -0.6428434635307008800, 0.2057605921442961200, 0.7686766013113762700 ) ) ;
#11285 = LINE ( 'NONE', #9826, #11578 ) ;
#11286 = CARTESIAN_POINT ( 'NONE',  ( 0.7100595768915806100, 0.1999999999999999800, 0.7777777777777780100 ) ) ;
#11287 = AXIS2_PLACEMENT_3D ( 'NONE', #4121, #10842, #11718 ) ;
#11288 = CARTESIAN_POINT ( 'NONE',  ( 0.6121336334842447700, 0.1964646638855068700, 0.7465197676634911500 ) ) ;
#11289 = ORIENTED_EDGE ( 'NONE', *, *, #5568, .T. ) ;
#11290 = AXIS2_PLACEMENT_3D ( 'NONE', #11696, #328, #7936 ) ;
#11291 = DIRECTION ( 'NONE',  ( -1.000000000000000000, 0.0000000000000000000, 0.0000000000000000000 ) ) ;
#11292 = DIRECTION ( 'NONE',  ( 0.0000000000000000000, 0.0000000000000000000, 1.000000000000000000 ) ) ;
#11293 = VECTOR ( 'NONE', #4660, 1000.000000000000000 ) ;
#11294 = ORIENTED_EDGE ( 'NONE', *, *, #1196, .T. ) ;
#11295 = PRESENTATION_LAYER_ASSIGNMENT (  '', '', ( #2644 ) ) ;
#11296 = VERTEX_POINT ( 'NONE', #2361 ) ;
#11297 = CARTESIAN_POINT ( 'NONE',  ( 0.7079555902155398900, 0.2874022240750132000, 0.7169775228198168600 ) ) ;
#11298 = DIRECTION ( 'NONE',  ( 0.0000000000000000000, 0.0000000000000000000, -1.000000000000000000 ) ) ;
#11299 = CARTESIAN_POINT ( 'NONE',  ( -0.2125000000000000200, 0.9499999999999999600, 8.131516293641283300E-017 ) ) ;
#11300 = CARTESIAN_POINT ( 'NONE',  ( -0.5000000000000000000, 0.9499999999999999600, -0.2649999999999999000 ) ) ;
#11301 = STYLED_ITEM ( 'NONE', ( #4749 ), #4217 ) ;
#11302 = CARTESIAN_POINT ( 'NONE',  ( 0.3500000000000000300, 0.0000000000000000000, -0.7777777777777780100 ) ) ;
#11303 = ORIENTED_EDGE ( 'NONE', *, *, #4094, .F. ) ;
#11304 = EDGE_CURVE ( 'NONE', #5647, #1245, #8207, .T. ) ;
#11305 = ORIENTED_EDGE ( 'NONE', *, *, #1734, .F. ) ;
#11306 = CARTESIAN_POINT ( 'NONE',  ( -0.9777777777777777500, 0.02222222222222208800, 0.7098412698412699400 ) ) ;
#11307 = AXIS2_PLACEMENT_3D ( 'NONE', #10992, #6349, #6263 ) ;
#11308 = CARTESIAN_POINT ( 'NONE',  ( -0.3999999999999999700, 0.9499999999999999600, 0.1249999999999999700 ) ) ;
#11309 = ORIENTED_EDGE ( 'NONE', *, *, #10953, .F. ) ;
#11310 = DIRECTION ( 'NONE',  ( -0.0000000000000000000, 1.000000000000000000, -0.0000000000000000000 ) ) ;
#11311 = CARTESIAN_POINT ( 'NONE',  ( -0.7019102755141399800, 0.2030622151421171700, 0.7754993270452796800 ) ) ;
#11312 = VERTEX_POINT ( 'NONE', #4256 ) ;
#11313 = DIRECTION ( 'NONE',  ( -1.000000000000000000, -0.0000000000000000000, -0.0000000000000000000 ) ) ;
#11314 = VERTEX_POINT ( 'NONE', #10777 ) ;
#11315 = DIRECTION ( 'NONE',  ( 0.0000000000000000000, 1.000000000000000000, 0.0000000000000000000 ) ) ;
#11316 = CYLINDRICAL_SURFACE ( 'NONE', #7537, 0.02500000000000009200 ) ;
#11317 = ADVANCED_FACE ( 'NONE', ( #10418 ), #5405, .T. ) ;
#11318 = EDGE_CURVE ( 'NONE', #7014, #7457, #5677, .T. ) ;
#11319 = VERTEX_POINT ( 'NONE', #9042 ) ;
#11320 = ORIENTED_EDGE ( 'NONE', *, *, #7763, .F. ) ;
#11321 = ORIENTED_EDGE ( 'NONE', *, *, #11687, .T. ) ;
#11322 = ORIENTED_EDGE ( 'NONE', *, *, #8500, .T. ) ;
#11323 = PLANE ( 'NONE',  #10255 ) ;
#11324 = DIRECTION ( 'NONE',  ( 0.0000000000000000000, -0.1249999999999991000, -0.9921567416492215200 ) ) ;
#11325 = VECTOR ( 'NONE', #2147, 1000.000000000000000 ) ;
#11326 = ORIENTED_EDGE ( 'NONE', *, *, #97, .F. ) ;
#11327 = CARTESIAN_POINT ( 'NONE',  ( -0.6099029108144653500, 0.01460581148462238000, 0.7731153814410842700 ) ) ;
#11328 = ORIENTED_EDGE ( 'NONE', *, *, #6310, .F. ) ;
#11329 = EDGE_LOOP ( 'NONE', ( #2117, #7462 ) ) ;
#11330 = EDGE_CURVE ( 'NONE', #4359, #3620, #815, .T. ) ;
#11331 = CYLINDRICAL_SURFACE ( 'NONE', #8623, 0.02499999999999995600 ) ;
#11332 = DIRECTION ( 'NONE',  ( 0.0000000000000000000, 1.000000000000000000, 0.0000000000000000000 ) ) ;
#11333 = FACE_OUTER_BOUND ( 'NONE', #4720, .T. ) ;
#11334 = EDGE_LOOP ( 'NONE', ( #9816, #7636, #1146, #6145 ) ) ;
#11335 = CARTESIAN_POINT ( 'NONE',  ( 0.6956231367121270500, 0.2996330814248612300, 0.6739661615243498500 ) ) ;
#11336 = CIRCLE ( 'NONE', #2987, 0.02499999999999995600 ) ;
#11337 = CARTESIAN_POINT ( 'NONE',  ( -0.7874999999999999800, 0.8792893218813447900, 0.02500000000000016400 ) ) ;
#11338 = ORIENTED_EDGE ( 'NONE', *, *, #9272, .T. ) ;
#11339 = ORIENTED_EDGE ( 'NONE', *, *, #7801, .T. ) ;
#11340 = CARTESIAN_POINT ( 'NONE',  ( 0.7250000000000000900, 0.1999999999999999800, 0.7777777777777780100 ) ) ;
#11341 = DIRECTION ( 'NONE',  ( 0.0000000000000000000, 0.01250000000000107100, -0.9999218719480037500 ) ) ;
#11342 = DIRECTION ( 'NONE',  ( -1.000000000000000000, -0.0000000000000000000, -0.0000000000000000000 ) ) ;
#11343 = AXIS2_PLACEMENT_3D ( 'NONE', #7259, #11180, #12106 ) ;
#11344 = CARTESIAN_POINT ( 'NONE',  ( 0.6999999999999958500, 0.2002685716396183900, 0.7775614284014045200 ) ) ;
#11345 = ORIENTED_EDGE ( 'NONE', *, *, #1117, .F. ) ;
#11346 = CARTESIAN_POINT ( 'NONE',  ( -0.6516380846347864500, 0.2917655691318519200, 0.7232027874835267300 ) ) ;
#11347 = LINE ( 'NONE', #9586, #6152 ) ;
#11348 = AXIS2_PLACEMENT_3D ( 'NONE', #7319, #6397, #11087 ) ;
#11349 = DIRECTION ( 'NONE',  ( 1.000000000000000000, -0.0000000000000000000, -1.084202172485504800E-016 ) ) ;
#11350 = LINE ( 'NONE', #1810, #1126 ) ;
#11351 = LINE ( 'NONE', #12050, #11499 ) ;
#11352 = DIRECTION ( 'NONE',  ( 0.0000000000000000000, 1.000000000000000000, -0.0000000000000000000 ) ) ;
#11353 = EDGE_CURVE ( 'NONE', #12240, #8088, #7154, .T. ) ;
#11354 = ORIENTED_EDGE ( 'NONE', *, *, #8327, .T. ) ;
#11355 = CARTESIAN_POINT ( 'NONE',  ( -0.5000000000000000000, 0.9499999999999999600, -0.02500000000000002900 ) ) ;
#11356 = VERTEX_POINT ( 'NONE', #3410 ) ;
#11357 = ORIENTED_EDGE ( 'NONE', *, *, #760, .T. ) ;
#11358 = UNCERTAINTY_MEASURE_WITH_UNIT (LENGTH_MEASURE( 1.000000000000000100E-005 ), #2262, 'distance_accuracy_value', 'NONE');
#11359 = FACE_BOUND ( 'NONE', #8675, .T. ) ;
#11360 = FACE_OUTER_BOUND ( 'NONE', #4375, .T. ) ;
#11361 = CARTESIAN_POINT ( 'NONE',  ( -0.7416666666666664700, 0.1833333333333334600, 0.7777777777777780100 ) ) ;
#11362 = ORIENTED_EDGE ( 'NONE', *, *, #506, .T. ) ;
#11363 = AXIS2_PLACEMENT_3D ( 'NONE', #11419, #1866, #9415 ) ;
#11364 = ORIENTED_EDGE ( 'NONE', *, *, #7801, .F. ) ;
#11365 = DIRECTION ( 'NONE',  ( 0.0000000000000000000, -0.0000000000000000000, -1.000000000000000000 ) ) ;
#11366 = CARTESIAN_POINT ( 'NONE',  ( -0.8777777777777776600, 0.5000000000000001100, 0.4653968253968289200 ) ) ;
#11367 = DIRECTION ( 'NONE',  ( -2.790226179190637400E-016, -0.0000000000000000000, -1.000000000000000000 ) ) ;
#11368 = DIRECTION ( 'NONE',  ( 0.0000000000000000000, 1.000000000000000000, 0.0000000000000000000 ) ) ;
#11369 = CARTESIAN_POINT ( 'NONE',  ( 0.3499999999999999200, 0.02222222222222208800, 0.7320634920634921900 ) ) ;
#11370 = ORIENTED_EDGE ( 'NONE', *, *, #7388, .F. ) ;
#11371 = CARTESIAN_POINT ( 'NONE',  ( -0.5000000000000000000, 0.9499999999999999600, -0.09999999999999993600 ) ) ;
#11372 = CYLINDRICAL_SURFACE ( 'NONE', #9561, 0.02499999999999984900 ) ;
#11373 = VECTOR ( 'NONE', #9146, 1000.000000000000000 ) ;
#11374 = CARTESIAN_POINT ( 'NONE',  ( 0.6083333333333331700, 0.1999999999999997600, 0.7777777777777780100 ) ) ;
#11375 = LINE ( 'NONE', #10065, #6615 ) ;
#11376 = VECTOR ( 'NONE', #2415, 1000.000000000000000 ) ;
#11377 = EDGE_LOOP ( 'NONE', ( #9580, #2753, #6597, #5320 ) ) ;
#11378 = EDGE_LOOP ( 'NONE', ( #1096, #397 ) ) ;
#11379 = ADVANCED_FACE ( 'NONE', ( #9507 ), #3494, .F. ) ;
#11380 =( GEOMETRIC_REPRESENTATION_CONTEXT ( 3 ) GLOBAL_UNCERTAINTY_ASSIGNED_CONTEXT ( ( #963 ) ) GLOBAL_UNIT_ASSIGNED_CONTEXT ( ( #7404, #1760, #11255 ) ) REPRESENTATION_CONTEXT ( 'NONE', 'WORKASPACE' ) );
#11381 = CIRCLE ( 'NONE', #9884, 0.01666666666666645800 ) ;
#11382 = CYLINDRICAL_SURFACE ( 'NONE', #11101, 0.02500000000000008100 ) ;
#11383 = VECTOR ( 'NONE', #10131, 1000.000000000000000 ) ;
#11384 = DIRECTION ( 'NONE',  ( -0.0000000000000000000, 1.000000000000000000, -0.0000000000000000000 ) ) ;
#11385 = CARTESIAN_POINT ( 'NONE',  ( -0.3100000000000000000, 1.000000000000000000, 0.1499999999999999700 ) ) ;
#11386 = FACE_OUTER_BOUND ( 'NONE', #1410, .T. ) ;
#11387 = CARTESIAN_POINT ( 'NONE',  ( -0.7874999999999999800, 1.000000000000000000, 8.131516293641283300E-017 ) ) ;
#11388 = ORIENTED_EDGE ( 'NONE', *, *, #3152, .F. ) ;
#11389 = DIRECTION ( 'NONE',  ( 0.0000000000000000000, 1.000000000000000000, 0.0000000000000000000 ) ) ;
#11390 = EDGE_CURVE ( 'NONE', #9214, #9515, #6278, .T. ) ;
#11391 = CARTESIAN_POINT ( 'NONE',  ( -0.3999999999999999700, 1.000000000000000000, -0.09999999999999993600 ) ) ;
#11392 = ADVANCED_FACE ( 'NONE', ( #10133 ), #3616, .T. ) ;
#11393 = DIRECTION ( 'NONE',  ( 0.0000000000000000000, 0.0000000000000000000, 1.000000000000000000 ) ) ;
#11394 = DIRECTION ( 'NONE',  ( 0.0000000000000000000, 0.0000000000000000000, -1.000000000000000000 ) ) ;
#11395 = CIRCLE ( 'NONE', #6863, 0.02499999999999984900 ) ;
#11396 = CARTESIAN_POINT ( 'NONE',  ( -0.3075000000000000500, 0.9499999999999999600, 8.131516293641283300E-017 ) ) ;
#11397 = VECTOR ( 'NONE', #9989, 1000.000000000000000 ) ;
#11398 = AXIS2_PLACEMENT_3D ( 'NONE', #2545, #2514, #5362 ) ;
#11399 = DIRECTION ( 'NONE',  ( 0.0000000000000000000, 1.000000000000000000, 0.0000000000000000000 ) ) ;
#11400 = TOROIDAL_SURFACE ( 'NONE', #10309, 0.6666666666666639700, 0.5000000000000000000 ) ;
#11401 = MECHANICAL_DESIGN_GEOMETRIC_PRESENTATION_REPRESENTATION (  '', ( #8853 ), #1005 ) ;
#11402 = DIRECTION ( 'NONE',  ( 0.0000000000000000000, 0.0000000000000000000, -1.000000000000000000 ) ) ;
#11403 = FACE_OUTER_BOUND ( 'NONE', #1568, .T. ) ;
#11404 = DIRECTION ( 'NONE',  ( 0.0000000000000000000, 0.0000000000000000000, 1.000000000000000000 ) ) ;
#11405 = B_SPLINE_CURVE_WITH_KNOTS ( 'NONE', 3,
 ( #2641, #9237, #1653, #636, #3561, #9160, #5418, #6351, #1685, #3609, #10250, #714, #8259, #8180, #9197, #4591, #8291, #4500, #11227 ),
 .UNSPECIFIED., .F., .F.,
 ( 4, 3, 3, 3, 3, 3, 4 ),
 ( -8.188569557406065700E-007, 0.0000000000000000000, 5.399628332346162700E-006, 1.106550333459064900E-005, 1.648578930116489600E-005, 2.181904681638331600E-005, 2.715802409016028000E-005 ),
 .UNSPECIFIED. ) ;
#11406 = CIRCLE ( 'NONE', #4750, 0.02500000000000002900 ) ;
#11407 = CARTESIAN_POINT ( 'NONE',  ( -0.2550000000000000000, 0.9499999999999999600, -0.1499999999999999100 ) ) ;
#11408 = CARTESIAN_POINT ( 'NONE',  ( -0.9777777777777777500, 0.1899999999999999700, 0.7098412698412699400 ) ) ;
#11409 = CARTESIAN_POINT ( 'NONE',  ( -0.9777777777777777500, 0.0000000000000000000, 0.7098412698412699400 ) ) ;
#11410 = CARTESIAN_POINT ( 'NONE',  ( 0.7270499434566827200, 0.005123219777591277000, 0.7530895916116759900 ) ) ;
#11411 = EDGE_CURVE ( 'NONE', #1450, #6734, #8127, .T. ) ;
#11412 = DIRECTION ( 'NONE',  ( 0.0000000000000000000, 0.0000000000000000000, 1.000000000000000000 ) ) ;
#11413 = CYLINDRICAL_SURFACE ( 'NONE', #11040, 0.5000000000000000000 ) ;
#11414 = CARTESIAN_POINT ( 'NONE',  ( -0.6143511959407193000, 0.008651281072288429000, 0.7643465845451726800 ) ) ;
#11415 = CARTESIAN_POINT ( 'NONE',  ( -0.6083333333333331700, 0.2950819672131146900, 0.7216981796386449100 ) ) ;
#11416 = LINE ( 'NONE', #11876, #2678 ) ;
#11417 = AXIS2_PLACEMENT_3D ( 'NONE', #3953, #4564, #7424 ) ;
#11418 = CARTESIAN_POINT ( 'NONE',  ( 7.937048284925630400E-017, 0.8000000000000000400, 0.7320634920634921900 ) ) ;
#11419 = CARTESIAN_POINT ( 'NONE',  ( -0.9999999999999997800, 0.8000000000000000400, 0.7542857142857142300 ) ) ;
#11420 = CYLINDRICAL_SURFACE ( 'NONE', #2953, 0.01666666666666700000 ) ;
#11421 = EDGE_CURVE ( 'NONE', #7433, #10739, #5104, .T. ) ;
#11422 = DIRECTION ( 'NONE',  ( 1.000000000000000000, 0.0000000000000000000, -2.846030702774478300E-015 ) ) ;
#11423 = DIRECTION ( 'NONE',  ( 3.580851211878730200E-016, 0.0000000000000000000, 1.000000000000000000 ) ) ;
#11424 = AXIS2_PLACEMENT_3D ( 'NONE', #1114, #2900, #7767 ) ;
#11425 = CYLINDRICAL_SURFACE ( 'NONE', #11061, 0.02500000000000008100 ) ;
#11426 = CARTESIAN_POINT ( 'NONE',  ( 0.6999999999999941800, 0.1997656017279904900, 0.7809969016383079300 ) ) ;
#11427 =( BOUNDED_SURFACE ( )  B_SPLINE_SURFACE ( 3, 2, ( 
 ( #7943, #2280, #8890 ),
 ( #3050, #9661, #4007 ),
 ( #10830, #2109, #290 ),
 ( #8755, #3094, #7119 ),
 ( #1467, #578, #5189 ),
 ( #3415, #3340, #5271 ) ),
 .UNSPECIFIED., .F., .F., .T. ) 
 B_SPLINE_SURFACE_WITH_KNOTS ( ( 4, 2, 4 ),
 ( 3, 3 ),
 ( -1.185846126156020500E-020, 3.303997814222375200E-005, 6.607995628444751800E-005 ),
 ( 0.0000000000000000000, 1.000000000000000000 ),
 .UNSPECIFIED. ) 
 GEOMETRIC_REPRESENTATION_ITEM ( )  RATIONAL_B_SPLINE_SURFACE ( (
 ( 1.000000000000000000, 0.7071067811865475700, 1.000000000000000000),
 ( 1.000000000000000000, 0.7090122824957939600, 1.000000000000000000),
 ( 1.000000000000000000, 0.7910721839509371500, 1.000000000000000000),
 ( 1.000000000000000000, 0.9179396450884065300, 1.000000000000000000),
 ( 1.000000000000000000, 0.9697710246453235000, 1.000000000000000000),
 ( 1.000000000000000000, 0.9714679613862721200, 1.000000000000000000) ) ) 
 REPRESENTATION_ITEM ( '' )  SURFACE ( )  );
#11428 = ORIENTED_EDGE ( 'NONE', *, *, #1613, .T. ) ;
#11429 = DIRECTION ( 'NONE',  ( -0.0000000000000000000, 1.000000000000000000, -0.0000000000000000000 ) ) ;
#11430 = CARTESIAN_POINT ( 'NONE',  ( 0.7111111111111136900, 0.8000000000000000400, -0.5111111111111140700 ) ) ;
#11431 = CARTESIAN_POINT ( 'NONE',  ( -0.6583333333333331000, 0.2833333333333334900, 1.132063492063492200 ) ) ;
#11432 = AXIS2_PLACEMENT_3D ( 'NONE', #5181, #1458, #7983 ) ;
#11433 = ADVANCED_FACE ( 'NONE', ( #87 ), #682, .F. ) ;
#11434 = FACE_OUTER_BOUND ( 'NONE', #2436, .T. ) ;
#11435 = DIRECTION ( 'NONE',  ( 0.0000000000000000000, -0.0000000000000000000, 1.000000000000000000 ) ) ;
#11436 = ORIENTED_EDGE ( 'NONE', *, *, #7331, .T. ) ;
#11437 = ORIENTED_EDGE ( 'NONE', *, *, #8047, .T. ) ;
#11438 = CARTESIAN_POINT ( 'NONE',  ( -0.5000000000000000000, 0.9499999999999999600, -0.09999999999999993600 ) ) ;
#11439 = CARTESIAN_POINT ( 'NONE',  ( -0.9555555555555553800, 0.02222222222222208800, -0.7999999999999999300 ) ) ;
#11440 = DIRECTION ( 'NONE',  ( 0.0000000000000000000, 1.000000000000000000, 0.0000000000000000000 ) ) ;
#11441 = CARTESIAN_POINT ( 'NONE',  ( 0.7250000000000000900, 0.2000000000000000100, 0.7320634920634921900 ) ) ;
#11442 = DIRECTION ( 'NONE',  ( 0.0000000000000000000, 0.0000000000000000000, -1.000000000000000000 ) ) ;
#11443 = VECTOR ( 'NONE', #1850, 1000.000000000000000 ) ;
#11444 = CARTESIAN_POINT ( 'NONE',  ( -0.7416666666666664700, 0.1777777777777776700, 0.7833333333333335500 ) ) ;
#11445 = AXIS2_PLACEMENT_3D ( 'NONE', #3638, #8408, #10316 ) ;
#11446 = ORIENTED_EDGE ( 'NONE', *, *, #395, .F. ) ;
#11447 = CARTESIAN_POINT ( 'NONE',  ( 0.9777777777777779700, 0.9777777777777779700, -2.728221152986401400E-016 ) ) ;
#11448 = ORIENTED_EDGE ( 'NONE', *, *, #5693, .F. ) ;
#11449 =( NAMED_UNIT ( * ) PLANE_ANGLE_UNIT ( ) SI_UNIT ( $, .RADIAN. ) );
#11450 = ADVANCED_FACE ( 'NONE', ( #2877 ), #9822, .T. ) ;
#11451 = ORIENTED_EDGE ( 'NONE', *, *, #9618, .T. ) ;
#11452 = AXIS2_PLACEMENT_3D ( 'NONE', #7138, #7105, #4411 ) ;
#11453 = DIRECTION ( 'NONE',  ( 0.0000000000000000000, 0.0000000000000000000, -1.000000000000000000 ) ) ;
#11454 = VECTOR ( 'NONE', #9226, 1000.000000000000000 ) ;
#11455 = VERTEX_POINT ( 'NONE', #9204 ) ;
#11456 = ORIENTED_EDGE ( 'NONE', *, *, #3214, .T. ) ;
#11457 = EDGE_CURVE ( 'NONE', #2282, #3383, #12095, .T. ) ;
#11458 = ORIENTED_EDGE ( 'NONE', *, *, #8442, .T. ) ;
#11459 = ORIENTED_EDGE ( 'NONE', *, *, #10993, .T. ) ;
#11460 = CARTESIAN_POINT ( 'NONE',  ( 0.6923633338325037000, 0.3000000000000002700, 0.6738059225679077200 ) ) ;
#11461 = CARTESIAN_POINT ( 'NONE',  ( -0.6083333333333331700, 0.02222222222222176900, 0.7833333333333335500 ) ) ;
#11462 = EDGE_LOOP ( 'NONE', ( #1594, #7662 ) ) ;
#11463 = ORIENTED_EDGE ( 'NONE', *, *, #2442, .T. ) ;
#11464 = CARTESIAN_POINT ( 'NONE',  ( -0.7416666666666664700, 0.02222222222222208800, 0.7320634920634923000 ) ) ;
#11465 = CARTESIAN_POINT ( 'NONE',  ( 0.9777777777777786300, 0.1999999999999999800, 0.7098412698412697200 ) ) ;
#11466 = FACE_OUTER_BOUND ( 'NONE', #1691, .T. ) ;
#11467 = PRESENTATION_LAYER_ASSIGNMENT (  '', '', ( #12142 ) ) ;
#11468 = DIRECTION ( 'NONE',  ( 0.0000000000000000000, 1.000000000000000000, 0.0000000000000000000 ) ) ;
#11469 = DIRECTION ( 'NONE',  ( 1.000000000000000000, -0.0000000000000000000, 0.0000000000000000000 ) ) ;
#11470 = ORIENTED_EDGE ( 'NONE', *, *, #11033, .T. ) ;
#11471 = CARTESIAN_POINT ( 'NONE',  ( -0.4499999999999999600, 0.9499999999999999600, 0.1699999999999999600 ) ) ;
#11472 = ORIENTED_EDGE ( 'NONE', *, *, #12259, .T. ) ;
#11473 = DIRECTION ( 'NONE',  ( 1.000000000000000000, 8.035605913824147500E-033, -1.084202172485504400E-016 ) ) ;
#11474 = CARTESIAN_POINT ( 'NONE',  ( -0.4500000000000000100, 1.000000000000000000, -0.1949999999999999500 ) ) ;
#11475 = ORIENTED_EDGE ( 'NONE', *, *, #1773, .F. ) ;
#11476 = EDGE_LOOP ( 'NONE', ( #6874, #1553 ) ) ;
#11477 = CARTESIAN_POINT ( 'NONE',  ( -0.4999999999999998900, 0.9499999999999999600, 0.2900000000000000400 ) ) ;
#11478 = CARTESIAN_POINT ( 'NONE',  ( -0.3549999999999999800, 1.000000000000000000, 0.2200000000000001400 ) ) ;
#11479 = ORIENTED_EDGE ( 'NONE', *, *, #2548, .F. ) ;
#11480 = CARTESIAN_POINT ( 'NONE',  ( -0.3100000000000000000, 1.000000000000000000, 0.1499999999999999700 ) ) ;
#11481 = CIRCLE ( 'NONE', #7365, 0.02500000000000006400 ) ;
#11482 = EDGE_CURVE ( 'NONE', #1963, #5126, #9048, .T. ) ;
#11483 = FACE_OUTER_BOUND ( 'NONE', #11848, .T. ) ;
#11484 = DIRECTION ( 'NONE',  ( 1.000000000000000000, 0.0000000000000000000, -1.790425605939363100E-016 ) ) ;
#11485 = ORIENTED_EDGE ( 'NONE', *, *, #7946, .F. ) ;
#11486 = ORIENTED_EDGE ( 'NONE', *, *, #3235, .F. ) ;
#11487 = EDGE_CURVE ( 'NONE', #9078, #7239, #7312, .T. ) ;
#11488 = DIRECTION ( 'NONE',  ( 0.0000000000000000000, 0.0000000000000000000, -1.000000000000000000 ) ) ;
#11489 = VERTEX_POINT ( 'NONE', #5730 ) ;
#11490 = ORIENTED_EDGE ( 'NONE', *, *, #1519, .F. ) ;
#11491 = CARTESIAN_POINT ( 'NONE',  ( 0.7378663665157533200, 0.1964646638855067400, 0.7465197676634917100 ) ) ;
#11492 = CARTESIAN_POINT ( 'NONE',  ( 0.7340628655797999400, 0.007553492839209121700, 0.7615368472817437600 ) ) ;
#11493 = ORIENTED_EDGE ( 'NONE', *, *, #1876, .T. ) ;
#11494 = CARTESIAN_POINT ( 'NONE',  ( -0.9777777777777777500, 0.1899999999999999700, 0.7098412698412699400 ) ) ;
#11495 = ORIENTED_EDGE ( 'NONE', *, *, #3212, .F. ) ;
#11496 = AXIS2_PLACEMENT_3D ( 'NONE', #1174, #8765, #6693 ) ;
#11497 = DIRECTION ( 'NONE',  ( 0.0000000000000000000, 1.000000000000000000, 0.0000000000000000000 ) ) ;
#11498 = DIRECTION ( 'NONE',  ( 0.0000000000000000000, 0.0000000000000000000, 1.000000000000000000 ) ) ;
#11499 = VECTOR ( 'NONE', #3511, 1000.000000000000000 ) ;
#11500 = CARTESIAN_POINT ( 'NONE',  ( -0.4500000000000000100, 1.000000000000000000, -0.1949999999999999500 ) ) ;
#11501 = ORIENTED_EDGE ( 'NONE', *, *, #9105, .F. ) ;
#11502 = ORIENTED_EDGE ( 'NONE', *, *, #162, .T. ) ;
#11503 = EDGE_CURVE ( 'NONE', #2511, #2410, #4518, .T. ) ;
#11505 = ORIENTED_EDGE ( 'NONE', *, *, #4964, .T. ) ;
#11504 = CYLINDRICAL_SURFACE ( 'NONE', #5654, 0.008333333333333499800 ) ;
#11506 = ADVANCED_FACE ( 'NONE', ( #4792 ), #10373, .T. ) ;
#11507 = DIRECTION ( 'NONE',  ( -1.000000000000000000, -0.0000000000000000000, -0.0000000000000000000 ) ) ;
#11508 = EDGE_CURVE ( 'NONE', #5125, #6815, #11786, .T. ) ;
#11509 = EDGE_LOOP ( 'NONE', ( #957, #10492, #9723, #8058 ) ) ;
#11510 = AXIS2_PLACEMENT_3D ( 'NONE', #3877, #7563, #2865 ) ;
#11511 = ORIENTED_EDGE ( 'NONE', *, *, #9383, .F. ) ;
#11512 = FACE_OUTER_BOUND ( 'NONE', #7760, .T. ) ;
#11513 = VECTOR ( 'NONE', #1016, 1000.000000000000000 ) ;
#11514 = CIRCLE ( 'NONE', #6999, 0.02500000000000008100 ) ;
#11515 = EDGE_LOOP ( 'NONE', ( #6269, #254, #7581, #9007 ) ) ;
#11516 = DIRECTION ( 'NONE',  ( 0.0000000000000000000, 0.0000000000000000000, 1.000000000000000000 ) ) ;
#11517 = ORIENTED_EDGE ( 'NONE', *, *, #2368, .T. ) ;
#11518 = CARTESIAN_POINT ( 'NONE',  ( 0.7251677474501351300, 0.2000000000000000400, 0.7324819336765533400 ) ) ;
#11519 = CLOSED_SHELL ( 'NONE', ( #9065, #6957, #9349, #11602 ) ) ;
#11520 = CARTESIAN_POINT ( 'NONE',  ( 0.6083333333333331700, 0.4999999999999996700, 1.177777777777777800 ) ) ;
#11521 = AXIS2_PLACEMENT_3D ( 'NONE', #1019, #8541, #3785 ) ;
#11522 = CARTESIAN_POINT ( 'NONE',  ( 0.7111111111111144700, 0.5000000000000000000, 1.132063492063492000 ) ) ;
#11523 = FACE_BOUND ( 'NONE', #9273, .T. ) ;
#11524 = CARTESIAN_POINT ( 'NONE',  ( 0.6083333333333331700, 0.005000000000000040000, 0.7918213607330723000 ) ) ;
#11525 = ADVANCED_FACE ( 'NONE', ( #3892 ), #2588, .T. ) ;
#11526 = EDGE_CURVE ( 'NONE', #431, #7708, #11192, .T. ) ;
#11527 = CARTESIAN_POINT ( 'NONE',  ( -0.7158672699947852300, 0.2000000000000000900, 0.7320634920634921900 ) ) ;
#11528 = CARTESIAN_POINT ( 'NONE',  ( 0.3499999999999998100, 0.1777777777777780100, 0.7542857142857142300 ) ) ;
#11529 = LINE ( 'NONE', #5455, #9565 ) ;
#11530 = CYLINDRICAL_SURFACE ( 'NONE', #9186, 0.02222222222222198000 ) ;
#11531 = DIRECTION ( 'NONE',  ( 0.0000000000000000000, -0.0000000000000000000, 1.000000000000000000 ) ) ;
#11532 = EDGE_CURVE ( 'NONE', #11025, #6978, #617, .T. ) ;
#11533 = EDGE_LOOP ( 'NONE', ( #8123, #5374, #90, #4027, #5, #8055, #11495, #7589 ) ) ;
#11534 = CARTESIAN_POINT ( 'NONE',  ( -0.6000000000000000900, 0.9499999999999999600, 0.1000000000000000200 ) ) ;
#11535 = ORIENTED_EDGE ( 'NONE', *, *, #8282, .F. ) ;
#11536 = DIRECTION ( 'NONE',  ( 0.0000000000000000000, 0.0000000000000000000, 1.000000000000000000 ) ) ;
#11537 = AXIS2_PLACEMENT_3D ( 'NONE', #3654, #7379, #1728 ) ;
#11538 = CARTESIAN_POINT ( 'NONE',  ( -8.432683563776152300E-017, 0.02222222222222208800, -0.7777777777777780100 ) ) ;
#11539 = FACE_OUTER_BOUND ( 'NONE', #6671, .T. ) ;
#11540 = VECTOR ( 'NONE', #210, 1000.000000000000000 ) ;
#11541 = CIRCLE ( 'NONE', #12185, 0.02222222222222198000 ) ;
#11542 = FILL_AREA_STYLE ('',( #4984 ) ) ;
#11543 = CARTESIAN_POINT ( 'NONE',  ( -0.9555555555555553800, 0.0000000000000000000, -0.7555555555555555400 ) ) ;
#11544 = AXIS2_PLACEMENT_3D ( 'NONE', #10607, #1035, #10512 ) ;
#11545 = CARTESIAN_POINT ( 'NONE',  ( 0.9555555555555560500, 0.9777777777777779700, 0.7320634920634920800 ) ) ;
#11546 = CARTESIAN_POINT ( 'NONE',  ( -0.4500000000000000100, 0.8792893218813447900, -0.2200000000000000300 ) ) ;
#11547 = LINE ( 'NONE', #2506, #602 ) ;
#11548 = DIRECTION ( 'NONE',  ( 0.0000000000000000000, 1.000000000000000000, 0.0000000000000000000 ) ) ;
#11549 = EDGE_LOOP ( 'NONE', ( #3928, #9663, #10423, #9405 ) ) ;
#11550 = ADVANCED_FACE ( 'NONE', ( #3597 ), #1400, .T. ) ;
#11551 = EDGE_CURVE ( 'NONE', #8976, #12238, #12181, .T. ) ;
#11552 = CIRCLE ( 'NONE', #11576, 0.02499999999999984900 ) ;
#11553 = VECTOR ( 'NONE', #561, 1000.000000000000000 ) ;
#11554 = VECTOR ( 'NONE', #317, 1000.000000000000000 ) ;
#11555 = CYLINDRICAL_SURFACE ( 'NONE', #5006, 0.02500000000000008100 ) ;
#11556 = AXIS2_PLACEMENT_3D ( 'NONE', #5043, #2062, #1150 ) ;
#11557 = CARTESIAN_POINT ( 'NONE',  ( -0.3550000000000000400, 1.000000000000000000, -0.2450000000000000000 ) ) ;
#11558 = CARTESIAN_POINT ( 'NONE',  ( -0.9555555555555553800, 0.1777777777777780100, -0.7555555555555555400 ) ) ;
#11559 = CARTESIAN_POINT ( 'NONE',  ( 0.9555555555555560500, 0.0000000000000000000, 0.7320634920634920800 ) ) ;
#11560 = CARTESIAN_POINT ( 'NONE',  ( -0.6179117767344348700, 0.002825718218901267400, 0.7429079742061756000 ) ) ;
#11561 = CIRCLE ( 'NONE', #5670, 0.04444444444444439100 ) ;
#11562 = CARTESIAN_POINT ( 'NONE',  ( -0.7450000000000000000, 0.8792893218813447900, 0.1499999999999999700 ) ) ;
#11563 = FACE_OUTER_BOUND ( 'NONE', #65, .T. ) ;
#11564 = DIRECTION ( 'NONE',  ( 0.0000000000000000000, 0.0000000000000000000, -1.000000000000000000 ) ) ;
#11565 = EDGE_CURVE ( 'NONE', #4227, #11312, #476, .T. ) ;
#11566 = CARTESIAN_POINT ( 'NONE',  ( 0.6083333333333331700, 0.2916666666666665200, 0.7140968530029925300 ) ) ;
#11567 = EDGE_CURVE ( 'NONE', #5707, #1716, #3692, .T. ) ;
#11568 = CARTESIAN_POINT ( 'NONE',  ( -0.7109556912725897300, 0.2022185026416747400, 0.7304085872639335400 ) ) ;
#11569 = DIRECTION ( 'NONE',  ( -1.000000000000000000, 0.0000000000000000000, 1.790425605939363100E-016 ) ) ;
#11570 = CARTESIAN_POINT ( 'NONE',  ( -0.3550000000000000400, 1.000000000000000000, -0.2450000000000000000 ) ) ;
#11571 = AXIS2_PLACEMENT_3D ( 'NONE', #11847, #3357, #9973 ) ;
#11572 = DIRECTION ( 'NONE',  ( -0.0000000000000000000, -1.000000000000000000, -0.0000000000000000000 ) ) ;
#11573 = EDGE_LOOP ( 'NONE', ( #7139, #6361, #12202, #8612 ) ) ;
#11574 = ADVANCED_FACE ( 'NONE', ( #8937 ), #10227, .T. ) ;
#11575 = CARTESIAN_POINT ( 'NONE',  ( -0.2125000000000000200, 0.8792893218813447900, -0.02499999999999994600 ) ) ;
#11576 = AXIS2_PLACEMENT_3D ( 'NONE', #1927, #6501, #1176 ) ;
#11577 = CARTESIAN_POINT ( 'NONE',  ( 0.6246644983222882100, 0.1999974677648767900, 0.7329003802498250700 ) ) ;
#11578 = VECTOR ( 'NONE', #7756, 1000.000000000000000 ) ;
#11579 = DIRECTION ( 'NONE',  ( 1.000000000000000000, 0.0000000000000000000, 0.0000000000000000000 ) ) ;
#11580 = DIRECTION ( 'NONE',  ( 1.000000000000000000, 0.0000000000000000000, 0.0000000000000000000 ) ) ;
#11581 = DIRECTION ( 'NONE',  ( 1.000000000000000000, -0.0000000000000000000, -0.0000000000000000000 ) ) ;
#11582 = EDGE_CURVE ( 'NONE', #11809, #10277, #7533, .T. ) ;
#11583 = LINE ( 'NONE', #1959, #6513 ) ;
#11584 = CARTESIAN_POINT ( 'NONE',  ( 0.9555555555555560500, 0.8222222222222219700, 0.7098412698412697200 ) ) ;
#11585 = ORIENTED_EDGE ( 'NONE', *, *, #2467, .T. ) ;
#11586 = DIRECTION ( 'NONE',  ( 1.000000000000000000, 0.0000000000000000000, 0.0000000000000000000 ) ) ;
#11587 = ADVANCED_FACE ( 'NONE', ( #11563 ), #7741, .T. ) ;
#11588 = DIRECTION ( 'NONE',  ( -0.0000000000000000000, -1.000000000000000000, 0.0000000000000000000 ) ) ;
#11589 = CARTESIAN_POINT ( 'NONE',  ( -0.7450000000000000000, 1.000000000000000000, -0.1749999999999999600 ) ) ;
#11590 = DIRECTION ( 'NONE',  ( 0.0000000000000000000, 0.0000000000000000000, 1.000000000000000000 ) ) ;
#11591 = AXIS2_PLACEMENT_3D ( 'NONE', #6371, #11213, #11394 ) ;
#11592 = MANIFOLD_SOLID_BREP ( 'Boss-Extrude4[3]', #11519 ) ;
#11593 = DIRECTION ( 'NONE',  ( -0.0000000000000000000, -1.000000000000000000, -0.0000000000000000000 ) ) ;
#11594 = ORIENTED_EDGE ( 'NONE', *, *, #2485, .T. ) ;
#11595 = ORIENTED_EDGE ( 'NONE', *, *, #5910, .F. ) ;
#11596 = AXIS2_PLACEMENT_3D ( 'NONE', #948, #9512, #92 ) ;
#11597 = EDGE_CURVE ( 'NONE', #8136, #7501, #1180, .T. ) ;
#11598 = PLANE ( 'NONE',  #6257 ) ;
#11599 = EDGE_CURVE ( 'NONE', #9477, #7129, #3985, .T. ) ;
#11600 = CARTESIAN_POINT ( 'NONE',  ( 0.9555555555555560500, 0.02222222222222208800, 0.7320634920634920800 ) ) ;
#11601 = VERTEX_POINT ( 'NONE', #9781 ) ;
#11602 = ADVANCED_FACE ( 'NONE', ( #5484 ), #10677, .F. ) ;
#11603 = DIRECTION ( 'NONE',  ( 0.0000000000000000000, -1.000000000000000000, 0.0000000000000000000 ) ) ;
#11604 = CARTESIAN_POINT ( 'NONE',  ( 0.5871436171649447900, 0.01745213801152222700, 0.7537761680610196600 ) ) ;
#11605 = ORIENTED_EDGE ( 'NONE', *, *, #3214, .F. ) ;
#11606 = EDGE_LOOP ( 'NONE', ( #242, #10319, #1547, #5847 ) ) ;
#11607 = CARTESIAN_POINT ( 'NONE',  ( 0.3499999999999998100, 0.1900000000000000600, 0.7320634920634921900 ) ) ;
#11608 = LINE ( 'NONE', #9277, #9951 ) ;
#11609 = AXIS2_PLACEMENT_3D ( 'NONE', #3424, #1596, #8195 ) ;
#11610 = CARTESIAN_POINT ( 'NONE',  ( -0.4500000000000000100, 0.9499999999999999600, -0.1949999999999999500 ) ) ;
#11611 = LINE ( 'NONE', #5011, #2567 ) ;
#11612 = CARTESIAN_POINT ( 'NONE',  ( -0.9999999999999997800, 0.9777777777777779700, 0.7098412698412699400 ) ) ;
#11613 = ORIENTED_EDGE ( 'NONE', *, *, #9540, .T. ) ;
#11614 = CARTESIAN_POINT ( 'NONE',  ( -0.3550000000000000400, 1.000000000000000000, -0.2699999999999999600 ) ) ;
#11615 = ORIENTED_EDGE ( 'NONE', *, *, #2985, .F. ) ;
#11616 = VERTEX_POINT ( 'NONE', #10627 ) ;
#11617 = CARTESIAN_POINT ( 'NONE',  ( 0.6413298481771136900, 0.1999832060897762700, 0.7786415566699193000 ) ) ;
#11618 = CARTESIAN_POINT ( 'NONE',  ( 0.6424658615987644000, 0.2884324625266808100, 0.7167391195514381000 ) ) ;
#11619 = DIRECTION ( 'NONE',  ( -0.0000000000000000000, -1.000000000000000000, -0.0000000000000000000 ) ) ;
#11620 = VECTOR ( 'NONE', #4764, 1000.000000000000000 ) ;
#11621 = AXIS2_PLACEMENT_3D ( 'NONE', #7352, #11272, #5535 ) ;
#11622 = ORIENTED_EDGE ( 'NONE', *, *, #8671, .F. ) ;
#11623 = DIRECTION ( 'NONE',  ( 0.0000000000000000000, -1.000000000000000000, 0.0000000000000000000 ) ) ;
#11624 = ORIENTED_EDGE ( 'NONE', *, *, #11269, .F. ) ;
#11625 = ORIENTED_EDGE ( 'NONE', *, *, #12152, .F. ) ;
#11626 = EDGE_LOOP ( 'NONE', ( #1454, #312, #8959, #7342 ) ) ;
#11627 = AXIS2_PLACEMENT_3D ( 'NONE', #5635, #6569, #6411 ) ;
#11628 = EDGE_LOOP ( 'NONE', ( #4987, #3359, #9501, #3566 ) ) ;
#11629 =( NAMED_UNIT ( * ) PLANE_ANGLE_UNIT ( ) SI_UNIT ( $, .RADIAN. ) );
#11630 = VECTOR ( 'NONE', #800, 1000.000000000000000 ) ;
#11631 = ADVANCED_FACE ( 'NONE', ( #10362 ), #4941, .F. ) ;
#11632 = DIRECTION ( 'NONE',  ( -1.000000000000000000, -0.0000000000000000000, -0.0000000000000000000 ) ) ;
#11633 = CARTESIAN_POINT ( 'NONE',  ( 0.6499999999999996900, 0.2002685716395915800, 0.7775614284014400500 ) ) ;
#11634 = CARTESIAN_POINT ( 'NONE',  ( -0.3999999999999999700, 1.000000000000000000, -0.1249999999999998900 ) ) ;
#11635 = CARTESIAN_POINT ( 'NONE',  ( -0.5000000000000000000, 0.8792893218813447900, -0.09999999999999993600 ) ) ;
#11636 = EDGE_CURVE ( 'NONE', #5685, #2895, #2813, .T. ) ;
#11637 = ORIENTED_EDGE ( 'NONE', *, *, #10862, .F. ) ;
#11638 = DIRECTION ( 'NONE',  ( 1.000000000000000000, 0.0000000000000000000, 0.0000000000000000000 ) ) ;
#11639 = ORIENTED_EDGE ( 'NONE', *, *, #4678, .T. ) ;
#11640 = DIRECTION ( 'NONE',  ( -0.0000000000000000000, 1.185846126156016100E-015, -1.000000000000000000 ) ) ;
#11641 = EDGE_LOOP ( 'NONE', ( #4274, #2256, #3911, #2102 ) ) ;
#11642 = VERTEX_POINT ( 'NONE', #5955 ) ;
#11643 = DIRECTION ( 'NONE',  ( -0.0000000000000000000, 1.000000000000000000, -0.0000000000000000000 ) ) ;
#11644 = CARTESIAN_POINT ( 'NONE',  ( -0.7415833601692836100, 0.01978330004740228700, 0.7762791568216179700 ) ) ;
#11645 = AXIS2_PLACEMENT_3D ( 'NONE', #8903, #10839, #11792 ) ;
#11646 = ORIENTED_EDGE ( 'NONE', *, *, #7024, .T. ) ;
#11647 = ORIENTED_EDGE ( 'NONE', *, *, #3873, .F. ) ;
#11648 = FACE_OUTER_BOUND ( 'NONE', #11377, .T. ) ;
#11649 = VECTOR ( 'NONE', #9211, 1000.000000000000000 ) ;
#11650 = VECTOR ( 'NONE', #12131, 1000.000000000000000 ) ;
#11651 = DIRECTION ( 'NONE',  ( 0.0000000000000000000, -0.0000000000000000000, 1.000000000000000000 ) ) ;
#11652 = ADVANCED_FACE ( 'NONE', ( #11879 ), #5032, .T. ) ;
#11653 = DIRECTION ( 'NONE',  ( 0.0000000000000000000, 1.000000000000000000, -0.0000000000000000000 ) ) ;
#11654 = VERTEX_POINT ( 'NONE', #8956 ) ;
#11655 = ORIENTED_EDGE ( 'NONE', *, *, #7821, .T. ) ;
#11656 = CARTESIAN_POINT ( 'NONE',  ( -0.6899999999999999500, 1.000000000000000000, -0.1499999999999999100 ) ) ;
#11657 = DIRECTION ( 'NONE',  ( 0.0000000000000000000, 0.0000000000000000000, -1.000000000000000000 ) ) ;
#11658 = EDGE_CURVE ( 'NONE', #10277, #8136, #6785, .T. ) ;
#11659 = ORIENTED_EDGE ( 'NONE', *, *, #5079, .F. ) ;
#11660 = VERTEX_POINT ( 'NONE', #7915 ) ;
#11661 = VECTOR ( 'NONE', #8128, 1000.000000000000000 ) ;
#11662 = DIRECTION ( 'NONE',  ( 0.0000000000000000000, 1.000000000000000000, 0.0000000000000000000 ) ) ;
#11663 = VECTOR ( 'NONE', #8144, 1000.000000000000000 ) ;
#11664 = DIRECTION ( 'NONE',  ( 0.0000000000000000000, 0.0000000000000000000, 1.000000000000000000 ) ) ;
#11665 = CARTESIAN_POINT ( 'NONE',  ( -0.7083333333333332600, 0.2000000000000000400, 0.7320634920634921900 ) ) ;
#11666 = DIRECTION ( 'NONE',  ( 0.0000000000000000000, 1.000000000000000000, 0.0000000000000000000 ) ) ;
#11667 = CARTESIAN_POINT ( 'NONE',  ( -0.5500000000000000400, 1.000000000000000000, -0.1949999999999999500 ) ) ;
#11668 = VECTOR ( 'NONE', #3826, 1000.000000000000000 ) ;
#11669 = ORIENTED_EDGE ( 'NONE', *, *, #2184, .T. ) ;
#11670 = VERTEX_POINT ( 'NONE', #9980 ) ;
#11671 = DIRECTION ( 'NONE',  ( 0.0000000000000000000, 0.0000000000000000000, -1.000000000000000000 ) ) ;
#11672 = VERTEX_POINT ( 'NONE', #11719 ) ;
#11673 = CARTESIAN_POINT ( 'NONE',  ( -0.7083333333333332600, 0.2083333333333330400, 1.132063492063491500 ) ) ;
#11674 = CARTESIAN_POINT ( 'NONE',  ( -0.5000000000000000000, 0.9499999999999999600, -0.09999999999999993600 ) ) ;
#11675 = DIRECTION ( 'NONE',  ( 0.0000000000000000000, 1.000000000000000000, 0.0000000000000000000 ) ) ;
#11676 = EDGE_LOOP ( 'NONE', ( #500, #156, #2723, #12263 ) ) ;
#11677 = DIRECTION ( 'NONE',  ( -0.0000000000000000000, 1.000000000000000000, -0.0000000000000000000 ) ) ;
#11678 = ADVANCED_FACE ( 'NONE', ( #2525 ), #6050, .T. ) ;
#11679 = AXIS2_PLACEMENT_3D ( 'NONE', #7678, #10504, #5744 ) ;
#11680 = CARTESIAN_POINT ( 'NONE',  ( -0.7080980141019616000, 0.2070018798516929900, 0.7652006102381815300 ) ) ;
#11681 = CIRCLE ( 'NONE', #11898, 0.02499999999999984900 ) ;
#11682 =( NAMED_UNIT ( * ) SI_UNIT ( $, .STERADIAN. ) SOLID_ANGLE_UNIT ( ) );
#11683 = CIRCLE ( 'NONE', #9907, 0.02499999999999995600 ) ;
#11684 = EDGE_CURVE ( 'NONE', #1751, #9855, #7873, .T. ) ;
#11685 = ORIENTED_EDGE ( 'NONE', *, *, #3235, .T. ) ;
#11686 = ORIENTED_EDGE ( 'NONE', *, *, #995, .T. ) ;
#11687 = EDGE_CURVE ( 'NONE', #10594, #3939, #6945, .T. ) ;
#11688 = CARTESIAN_POINT ( 'NONE',  ( -0.7416666666666664700, 0.1777777777777776700, 0.7777777777777780100 ) ) ;
#11689 = ORIENTED_EDGE ( 'NONE', *, *, #10948, .F. ) ;
#11690 =( GEOMETRIC_REPRESENTATION_CONTEXT ( 3 ) GLOBAL_UNCERTAINTY_ASSIGNED_CONTEXT ( ( #1101 ) ) GLOBAL_UNIT_ASSIGNED_CONTEXT ( ( #1300, #298, #7827 ) ) REPRESENTATION_CONTEXT ( 'NONE', 'WORKASPACE' ) );
#11691 = CARTESIAN_POINT ( 'NONE',  ( -0.5861111111111111400, 0.1777777777777780100, 0.7320634920634923000 ) ) ;
#11692 = CIRCLE ( 'NONE', #341, 0.02499999999999984900 ) ;
#11693 = DIRECTION ( 'NONE',  ( 0.0000000000000000000, 0.0000000000000000000, -1.000000000000000000 ) ) ;
#11694 = CARTESIAN_POINT ( 'NONE',  ( -0.6249999999999995600, 0.002500000000000067700, 0.7423036635030292300 ) ) ;
#11695 = CIRCLE ( 'NONE', #4768, 0.02499999999999995600 ) ;
#11696 = CARTESIAN_POINT ( 'NONE',  ( 0.0000000000000000000, 0.8000000000000000400, 0.0000000000000000000 ) ) ;
#11697 = ORIENTED_EDGE ( 'NONE', *, *, #5144, .T. ) ;
#11698 = CARTESIAN_POINT ( 'NONE',  ( -0.4999999999999998900, 0.8792893218813447900, 0.3150000000000001100 ) ) ;
#11699 = ORIENTED_EDGE ( 'NONE', *, *, #7703, .F. ) ;
#11700 = CARTESIAN_POINT ( 'NONE',  ( -0.6486220729805806100, 0.2031781006969428900, 0.7752712762944614600 ) ) ;
#11701 = CARTESIAN_POINT ( 'NONE',  ( 0.5897734585670865200, 0.01370678006539282700, 0.7525894367522880700 ) ) ;
#11702 = DIRECTION ( 'NONE',  ( -1.000000000000000000, 0.0000000000000000000, 0.0000000000000000000 ) ) ;
#11703 = DIRECTION ( 'NONE',  ( -5.918954667815146000E-016, 0.0000000000000000000, -1.000000000000000000 ) ) ;
#11704 = COLOUR_RGB ( '',1.000000000000000000, 1.000000000000000000, 1.000000000000000000 ) ;
#11705 = CARTESIAN_POINT ( 'NONE',  ( -0.6583333333333331000, 0.2999999999999999900, 0.6738059225679081700 ) ) ;
#11706 = VECTOR ( 'NONE', #1625, 1000.000000000000000 ) ;
#11707 = DIRECTION ( 'NONE',  ( -2.439454888092411400E-015, 0.0000000000000000000, -1.000000000000000000 ) ) ;
#11708 = FACE_OUTER_BOUND ( 'NONE', #4248, .T. ) ;
#11709 = CIRCLE ( 'NONE', #1362, 0.02222222222222198000 ) ;
#11710 = ADVANCED_FACE ( 'NONE', ( #7109 ), #10937, .F. ) ;
#11711 = EDGE_LOOP ( 'NONE', ( #1120, #8591, #5566, #7794, #11470, #11239, #10947, #6457 ) ) ;
#11712 = CARTESIAN_POINT ( 'NONE',  ( -0.3100000000000000500, 0.8792893218813447900, -0.1749999999999998500 ) ) ;
#11713 = DIRECTION ( 'NONE',  ( 0.0000000000000000000, -0.0000000000000000000, 1.000000000000000000 ) ) ;
#11714 = CARTESIAN_POINT ( 'NONE',  ( -0.3549999999999999800, 0.9499999999999999600, 0.2450000000000001100 ) ) ;
#11715 = CARTESIAN_POINT ( 'NONE',  ( 0.9555555555555551600, 0.1999999999999999800, -0.7777777777777781200 ) ) ;
#11716 = AXIS2_PLACEMENT_3D ( 'NONE', #5062, #3927, #7125 ) ;
#11717 = CARTESIAN_POINT ( 'NONE',  ( 0.6408550897814621100, 0.1999936387402992400, 0.7783733613303477300 ) ) ;
#11718 = DIRECTION ( 'NONE',  ( 0.0000000000000000000, -1.000000000000000000, 0.0000000000000000000 ) ) ;
#11719 = CARTESIAN_POINT ( 'NONE',  ( -0.7450000000000000000, 0.9499999999999999600, -0.1249999999999998300 ) ) ;
#11720 = DIRECTION ( 'NONE',  ( 0.0000000000000000000, 1.000000000000000000, 0.0000000000000000000 ) ) ;
#11721 = ADVANCED_FACE ( 'NONE', ( #8715 ), #11074, .F. ) ;
#11722 = EDGE_CURVE ( 'NONE', #11296, #5909, #9156, .T. ) ;
#11723 = CARTESIAN_POINT ( 'NONE',  ( -0.6923542212901553400, 0.2950609836982649400, 0.7217076058977718300 ) ) ;
#11724 = COLOUR_RGB ( '',1.000000000000000000, 1.000000000000000000, 1.000000000000000000 ) ;
#11725 = CIRCLE ( 'NONE', #2417, 0.02500000000000002900 ) ;
#11726 = PLANE ( 'NONE',  #5759 ) ;
#11727 = VERTEX_POINT ( 'NONE', #4241 ) ;
#11728 = AXIS2_PLACEMENT_3D ( 'NONE', #8255, #9073, #11022 ) ;
#11729 = DIRECTION ( 'NONE',  ( -0.0000000000000000000, 1.000000000000000000, -0.0000000000000000000 ) ) ;
#11730 = DIRECTION ( 'NONE',  ( 0.0000000000000000000, 0.0000000000000000000, 1.000000000000000000 ) ) ;
#11731 = DIRECTION ( 'NONE',  ( 0.0000000000000000000, 0.0000000000000000000, 1.000000000000000000 ) ) ;
#11732 = DIRECTION ( 'NONE',  ( 0.0000000000000000000, 0.0000000000000000000, 1.000000000000000000 ) ) ;
#11733 = PLANE ( 'NONE',  #8422 ) ;
#11734 = CARTESIAN_POINT ( 'NONE',  ( -0.7416666666666552600, 0.1844428985889279800, 0.7758331657223557200 ) ) ;
#11735 = DIRECTION ( 'NONE',  ( 0.0000000000000000000, 1.000000000000000000, 0.0000000000000000000 ) ) ;
#11736 = FACE_OUTER_BOUND ( 'NONE', #3489, .T. ) ;
#11737 = CARTESIAN_POINT ( 'NONE',  ( 0.3499999999999997000, 0.1899999999999999700, -0.7777777777777780100 ) ) ;
#11738 = FILL_AREA_STYLE ('',( #9880 ) ) ;
#11739 = EDGE_CURVE ( 'NONE', #6109, #7355, #4735, .T. ) ;
#11740 = ADVANCED_FACE ( 'NONE', ( #9904 ), #5340, .F. ) ;
#11741 = CARTESIAN_POINT ( 'NONE',  ( 0.5917256616284353200, 0.01161973940490706100, 0.7517236021077555700 ) ) ;
#11742 = DIRECTION ( 'NONE',  ( 0.0000000000000000000, 0.0000000000000000000, 1.000000000000000000 ) ) ;
#11743 = VECTOR ( 'NONE', #3974, 1000.000000000000000 ) ;
#11744 =( GEOMETRIC_REPRESENTATION_CONTEXT ( 3 ) GLOBAL_UNCERTAINTY_ASSIGNED_CONTEXT ( ( #2784 ) ) GLOBAL_UNIT_ASSIGNED_CONTEXT ( ( #9408, #6514, #4634 ) ) REPRESENTATION_CONTEXT ( 'NONE', 'WORKASPACE' ) );
#11745 = DIRECTION ( 'NONE',  ( -0.6837055446617298400, 0.0000000000000000000, 0.7297579928981986500 ) ) ;
#11746 = CYLINDRICAL_SURFACE ( 'NONE', #11869, 0.02500000000000007800 ) ;
#11747 = ORIENTED_EDGE ( 'NONE', *, *, #8346, .T. ) ;
#11748 = ORIENTED_EDGE ( 'NONE', *, *, #1814, .F. ) ;
#11749 = AXIS2_PLACEMENT_3D ( 'NONE', #8525, #10480, #4812 ) ;
#11750 = CARTESIAN_POINT ( 'NONE',  ( 0.6090002834293796200, 0.1880009716481134700, 0.7733528892360652700 ) ) ;
#11751 = CARTESIAN_POINT ( 'NONE',  ( -0.6449999999999999100, 1.000000000000000000, 0.2200000000000002500 ) ) ;
#11752 = B_SPLINE_CURVE_WITH_KNOTS ( 'NONE', 3,
 ( #10053, #1586, #6325, #680, #12278, #5580, #7389, #2013, #3670, #6438, #6483, #1782, #12236, #1741, #4631, #883, #12119, #2654, #9250, #8385, #836, #1697 ),
 .UNSPECIFIED., .F., .F.,
 ( 4, 3, 3, 3, 3, 3, 3, 4 ),
 ( -1.262654792489238900E-006, 0.0000000000000000000, 9.500565906383865900E-006, 2.692986950554817200E-005, 3.836140973414951700E-005, 4.503639472294359400E-005, 4.742367832865460200E-005, 5.089801123704356900E-005 ),
 .UNSPECIFIED. ) ;
#11753 = EDGE_CURVE ( 'NONE', #5139, #7317, #8148, .T. ) ;
#11754 = CARTESIAN_POINT ( 'NONE',  ( -0.6000000000000000900, 1.000000000000000000, -0.09999999999999993600 ) ) ;
#11755 = DIRECTION ( 'NONE',  ( 0.0000000000000000000, 1.000000000000000000, -0.0000000000000000000 ) ) ;
#11756 = AXIS2_PLACEMENT_3D ( 'NONE', #4952, #225, #5044 ) ;
#11757 = TOROIDAL_SURFACE ( 'NONE', #517, 0.04444444444444400200, 0.02222222222222200100 ) ;
#11758 = CARTESIAN_POINT ( 'NONE',  ( 0.7636749890371243900, 0.1828568026017317300, 0.7537253558980473400 ) ) ;
#11759 = MANIFOLD_SOLID_BREP ( 'Boss-Extrude4[14]', #2890 ) ;
#11760 = ORIENTED_EDGE ( 'NONE', *, *, #4738, .F. ) ;
#11761 = ORIENTED_EDGE ( 'NONE', *, *, #4094, .T. ) ;
#11762 = FACE_OUTER_BOUND ( 'NONE', #9503, .T. ) ;
#11763 = ADVANCED_FACE ( 'NONE', ( #9024 ), #7174, .F. ) ;
#11764 = AXIS2_PLACEMENT_3D ( 'NONE', #9457, #1882, #5749 ) ;
#11765 = DIRECTION ( 'NONE',  ( 1.000000000000000000, -0.0000000000000000000, -0.0000000000000000000 ) ) ;
#11766 = AXIS2_PLACEMENT_3D ( 'NONE', #2653, #8339, #2687 ) ;
#11767 = ORIENTED_EDGE ( 'NONE', *, *, #6462, .T. ) ;
#11768 = VERTEX_POINT ( 'NONE', #12056 ) ;
#11769 = EDGE_CURVE ( 'NONE', #8932, #8960, #9758, .T. ) ;
#11770 = ORIENTED_EDGE ( 'NONE', *, *, #5472, .F. ) ;
#11771 = CARTESIAN_POINT ( 'NONE',  ( -0.6925000000000000000, 1.000000000000000000, 8.131516293641283300E-017 ) ) ;
#11772 = DIRECTION ( 'NONE',  ( 1.000000000000000000, 0.0000000000000000000, 0.0000000000000000000 ) ) ;
#11773 = CARTESIAN_POINT ( 'NONE',  ( -0.7450000000000000000, 0.9499999999999999600, 0.1499999999999999700 ) ) ;
#11774 = EDGE_CURVE ( 'NONE', #4947, #11102, #7392, .T. ) ;
#11775 = CARTESIAN_POINT ( 'NONE',  ( 0.7111111111111146900, 0.1999999999999999800, 0.7320634920634921900 ) ) ;
#11776 = PLANE ( 'NONE',  #6069 ) ;
#11777 = EDGE_LOOP ( 'NONE', ( #2149, #830, #8397, #992, #5102, #11789, #2002, #55 ) ) ;
#11778 = ORIENTED_EDGE ( 'NONE', *, *, #2690, .T. ) ;
#11779 = SURFACE_STYLE_USAGE ( .BOTH. , #3215 ) ;
#11780 = ADVANCED_FACE ( 'NONE', ( #2378 ), #4364, .T. ) ;
#11781 = VERTEX_POINT ( 'NONE', #2320 ) ;
#11782 = ORIENTED_EDGE ( 'NONE', *, *, #3695, .F. ) ;
#11783 = CARTESIAN_POINT ( 'NONE',  ( -0.3499999999999997000, 0.0000000000000000000, 0.0000000000000000000 ) ) ;
#11784 = VERTEX_POINT ( 'NONE', #10729 ) ;
#11785 = AXIS2_PLACEMENT_3D ( 'NONE', #1029, #5593, #12244 ) ;
#11786 = CIRCLE ( 'NONE', #5479, 0.02500000000000014700 ) ;
#11787 = DIRECTION ( 'NONE',  ( -1.000000000000000000, -0.0000000000000000000, -0.0000000000000000000 ) ) ;
#11788 = CARTESIAN_POINT ( 'NONE',  ( 0.6416666666666661600, 0.2083333333333334800, 0.7614445778845510000 ) ) ;
#11789 = ORIENTED_EDGE ( 'NONE', *, *, #10694, .T. ) ;
#11790 = ORIENTED_EDGE ( 'NONE', *, *, #3392, .F. ) ;
#11791 =( LENGTH_UNIT ( ) NAMED_UNIT ( * ) SI_UNIT ( .MILLI., .METRE. ) );
#11792 = DIRECTION ( 'NONE',  ( 0.0000000000000000000, 0.0000000000000000000, -1.000000000000000000 ) ) ;
#11793 = ORIENTED_EDGE ( 'NONE', *, *, #3493, .F. ) ;
#11794 = VERTEX_POINT ( 'NONE', #5977 ) ;
#11795 = DIRECTION ( 'NONE',  ( 0.0000000000000000000, -0.0000000000000000000, -1.000000000000000000 ) ) ;
#11796 = CARTESIAN_POINT ( 'NONE',  ( -0.5500000000000001600, 0.9499999999999999600, 0.1700000000000002100 ) ) ;
#11797 = EDGE_LOOP ( 'NONE', ( #6451, #8105, #10290, #9094 ) ) ;
#11798 = FACE_OUTER_BOUND ( 'NONE', #9938, .T. ) ;
#11799 = ADVANCED_FACE ( 'NONE', ( #5197 ), #12160, .F. ) ;
#11800 = DIRECTION ( 'NONE',  ( 0.0000000000000000000, 0.0000000000000000000, -1.000000000000000000 ) ) ;
#11801 = FACE_OUTER_BOUND ( 'NONE', #3148, .T. ) ;
#11802 = ORIENTED_EDGE ( 'NONE', *, *, #933, .F. ) ;
#11803 = ORIENTED_EDGE ( 'NONE', *, *, #2332, .T. ) ;
#11804 = VERTEX_POINT ( 'NONE', #5090 ) ;
#11805 = ORIENTED_EDGE ( 'NONE', *, *, #4487, .F. ) ;
#11806 = DIRECTION ( 'NONE',  ( -1.000000000000000000, 0.0000000000000000000, 0.0000000000000000000 ) ) ;
#11807 = DIRECTION ( 'NONE',  ( 0.0000000000000000000, -1.000000000000000000, 0.0000000000000000000 ) ) ;
#11808 = EDGE_CURVE ( 'NONE', #2433, #8415, #11115, .T. ) ;
#11809 = VERTEX_POINT ( 'NONE', #1369 ) ;
#11810 = CIRCLE ( 'NONE', #3525, 0.02500000000000006400 ) ;
#11811 = CARTESIAN_POINT ( 'NONE',  ( -0.5500000000000000400, 0.9499999999999999600, -0.1700000000000001000 ) ) ;
#11812 = EDGE_CURVE ( 'NONE', #1743, #2972, #5731, .T. ) ;
#11813 = DIRECTION ( 'NONE',  ( 0.0000000000000000000, -0.9046150597587782100, 0.4262295081967250600 ) ) ;
#11814 = CARTESIAN_POINT ( 'NONE',  ( -0.9999999999999997800, 0.1999999999999999800, 0.7542857142857142300 ) ) ;
#11815 = CARTESIAN_POINT ( 'NONE',  ( -0.6347846812383081100, 0.1999999999999999800, 0.7697779112178846400 ) ) ;
#11816 = LINE ( 'NONE', #1590, #2901 ) ;
#11817 = LINE ( 'NONE', #9805, #6002 ) ;
#11818 = ORIENTED_EDGE ( 'NONE', *, *, #3861, .F. ) ;
#11819 = CARTESIAN_POINT ( 'NONE',  ( -0.7111111111111139100, 0.1999999999999999800, -0.5111111111111139600 ) ) ;
#11820 = ORIENTED_EDGE ( 'NONE', *, *, #57, .F. ) ;
#11821 = CARTESIAN_POINT ( 'NONE',  ( -0.3100000000000000000, 0.9499999999999999600, 0.1499999999999999700 ) ) ;
#11822 = CARTESIAN_POINT ( 'NONE',  ( 0.3499999999999998100, -1.445153081025597900, 0.7320634920634921900 ) ) ;
#11823 = ORIENTED_EDGE ( 'NONE', *, *, #11508, .T. ) ;
#11824 = DIRECTION ( 'NONE',  ( 0.0000000000000000000, 0.0000000000000000000, -1.000000000000000000 ) ) ;
#11825 = CARTESIAN_POINT ( 'NONE',  ( -0.3999999999999999700, 0.8792893218813447900, 0.07500000000000005300 ) ) ;
#11826 = EDGE_LOOP ( 'NONE', ( #9112, #9998, #5995, #6707 ) ) ;
#11827 = VECTOR ( 'NONE', #285, 1000.000000000000000 ) ;
#11828 = DIRECTION ( 'NONE',  ( -1.000000000000000000, -0.0000000000000000000, 1.084202172485504400E-016 ) ) ;
#11829 = AXIS2_PLACEMENT_3D ( 'NONE', #344, #9773, #6043 ) ;
#11830 = VECTOR ( 'NONE', #5719, 1000.000000000000000 ) ;
#11831 = FACE_OUTER_BOUND ( 'NONE', #11834, .T. ) ;
#11832 = CARTESIAN_POINT ( 'NONE',  ( -0.3100000000000000500, 1.000000000000000000, -0.1499999999999999100 ) ) ;
#11833 = ORIENTED_EDGE ( 'NONE', *, *, #10772, .T. ) ;
#11834 = EDGE_LOOP ( 'NONE', ( #11761, #10463 ) ) ;
#11835 = ADVANCED_FACE ( 'NONE', ( #2484 ), #9759, .T. ) ;
#11836 = DIRECTION ( 'NONE',  ( 1.000000000000000000, 0.0000000000000000000, 2.168404344971008900E-016 ) ) ;
#11837 = EDGE_CURVE ( 'NONE', #3901, #5235, #6290, .T. ) ;
#11838 = ORIENTED_EDGE ( 'NONE', *, *, #722, .F. ) ;
#11839 = UNCERTAINTY_MEASURE_WITH_UNIT (LENGTH_MEASURE( 1.000000000000000100E-005 ), #10719, 'distance_accuracy_value', 'NONE');
#11840 = CARTESIAN_POINT ( 'NONE',  ( 0.7636870775577757600, 0.01970100700189695800, 0.7541674839108757400 ) ) ;
#11841 = DIRECTION ( 'NONE',  ( 0.0000000000000000000, -0.0000000000000000000, 1.000000000000000000 ) ) ;
#11842 = FACE_BOUND ( 'NONE', #2304, .T. ) ;
#11843 = CARTESIAN_POINT ( 'NONE',  ( -0.6083333333333331700, 0.02166666666666649400, 0.7765044641500698000 ) ) ;
#11844 = CARTESIAN_POINT ( 'NONE',  ( 0.9555555555555560500, 0.0000000000000000000, 0.7320634920634920800 ) ) ;
#11845 = B_SPLINE_CURVE_WITH_KNOTS ( 'NONE', 3,
 ( #10261, #1819, #5502, #9364, #9328, #12199, #12165, #763, #792, #10341, #5622, #3537, #7514, #8619, #10180, #4516 ),
 .UNSPECIFIED., .F., .F.,
 ( 4, 3, 3, 3, 3, 4 ),
 ( 2.710505431213761100E-020, 4.227378234046783300E-006, 8.412392123085970100E-006, 1.112768140798766300E-005, 1.387017312899344900E-005, 1.459724466878044200E-005 ),
 .UNSPECIFIED. ) ;
#11846 = CARTESIAN_POINT ( 'NONE',  ( -0.5000000000000000000, 1.000000000000000000, -0.2899999999999999200 ) ) ;
#11847 = CARTESIAN_POINT ( 'NONE',  ( 0.6499999999999996900, 0.4999999999999996700, 1.177777777777777800 ) ) ;
#11848 = EDGE_LOOP ( 'NONE', ( #3797, #11594, #8874, #255 ) ) ;
#11849 = ORIENTED_EDGE ( 'NONE', *, *, #3258, .F. ) ;
#11850 = CARTESIAN_POINT ( 'NONE',  ( 0.7028265216927271900, 0.2035345023145455900, 0.7745378391650757900 ) ) ;
#11851 = ADVANCED_FACE ( 'NONE', ( #4378 ), #6329, .T. ) ;
#11852 = AXIS2_PLACEMENT_3D ( 'NONE', #10019, #2336, #6287 ) ;
#11853 = LINE ( 'NONE', #9463, #8855 ) ;
#11854 = VECTOR ( 'NONE', #11765, 1000.000000000000000 ) ;
#11855 = EDGE_CURVE ( 'NONE', #6288, #7775, #9609, .T. ) ;
#11856 = FACE_OUTER_BOUND ( 'NONE', #10148, .T. ) ;
#11857 = CARTESIAN_POINT ( 'NONE',  ( 0.6083333333332181500, 0.01675755133991511600, 0.7763604013744223000 ) ) ;
#11858 = DIRECTION ( 'NONE',  ( 0.0000000000000000000, -1.000000000000000000, 0.0000000000000000000 ) ) ;
#11859 = CARTESIAN_POINT ( 'NONE',  ( -0.3999999999999999700, 0.9499999999999999600, 0.1000000000000000200 ) ) ;
#11860 = AXIS2_PLACEMENT_3D ( 'NONE', #9391, #5876, #2215 ) ;
#11861 = VERTEX_POINT ( 'NONE', #4212 ) ;
#11862 = DIRECTION ( 'NONE',  ( 0.0000000000000000000, 0.0000000000000000000, -1.000000000000000000 ) ) ;
#11863 = DIRECTION ( 'NONE',  ( 0.0000000000000000000, 1.000000000000000000, 0.0000000000000000000 ) ) ;
#11864 = CARTESIAN_POINT ( 'NONE',  ( -0.6449999999999999100, 0.9499999999999999600, 0.2699999999999999600 ) ) ;
#11865 = DIRECTION ( 'NONE',  ( -1.000000000000000000, 0.0000000000000000000, 3.252606517456546400E-015 ) ) ;
#11866 = DIRECTION ( 'NONE',  ( 1.000000000000000000, -0.0000000000000000000, 0.0000000000000000000 ) ) ;
#11867 = FACE_OUTER_BOUND ( 'NONE', #6314, .T. ) ;
#11868 = CIRCLE ( 'NONE', #11621, 0.02500000000000006400 ) ;
#11869 = AXIS2_PLACEMENT_3D ( 'NONE', #10293, #9206, #7422 ) ;
#11870 = CARTESIAN_POINT ( 'NONE',  ( -0.5000000000000000000, 1.000000000000000000, 5.421010862427522200E-017 ) ) ;
#11871 = DIRECTION ( 'NONE',  ( 1.000000000000000000, -0.0000000000000000000, -0.0000000000000000000 ) ) ;
#11872 = CARTESIAN_POINT ( 'NONE',  ( 0.6249999999999995600, 0.2000000000000000400, 0.7320634920634921900 ) ) ;
#11873 = CARTESIAN_POINT ( 'NONE',  ( -0.7638888888888839500, 0.1817051391106246400, 0.7539665857415043200 ) ) ;
#11874 = CARTESIAN_POINT ( 'NONE',  ( 0.7094212063878595500, 0.1999999999999992900, 0.7703828965943109200 ) ) ;
#11875 = DIRECTION ( 'NONE',  ( 0.0000000000000000000, 0.0000000000000000000, 1.000000000000000000 ) ) ;
#11876 = CARTESIAN_POINT ( 'NONE',  ( -0.7874999999999999800, 0.9499999999999999600, -0.02500000000000000100 ) ) ;
#11877 = EDGE_CURVE ( 'NONE', #2453, #4382, #3182, .T. ) ;
#11878 = CIRCLE ( 'NONE', #8600, 0.02499999999999984900 ) ;
#11879 = FACE_OUTER_BOUND ( 'NONE', #4661, .T. ) ;
#11880 = DIRECTION ( 'NONE',  ( -0.0000000000000000000, 1.000000000000000000, -0.0000000000000000000 ) ) ;
#11881 = AXIS2_PLACEMENT_3D ( 'NONE', #1219, #6082, #10755 ) ;
#11882 = CARTESIAN_POINT ( 'NONE',  ( -0.7874999999999999800, 0.9499999999999999600, 0.02500000000000016400 ) ) ;
#11883 =( NAMED_UNIT ( * ) PLANE_ANGLE_UNIT ( ) SI_UNIT ( $, .RADIAN. ) );
#11884 = CARTESIAN_POINT ( 'NONE',  ( -0.2125000000000000200, 1.000000000000000000, 8.131516293641283300E-017 ) ) ;
#11885 = CARTESIAN_POINT ( 'NONE',  ( -0.6433626280415064600, 0.2000000000000229600, 0.7741250629171735300 ) ) ;
#11886 = AXIS2_PLACEMENT_3D ( 'NONE', #1427, #3300, #11707 ) ;
#11887 = CARTESIAN_POINT ( 'NONE',  ( -0.5000000000000000000, 0.9499999999999999600, 5.421010862427522200E-017 ) ) ;
#11888 = TOROIDAL_SURFACE ( 'NONE', #11153, 0.02222222222222244900, 0.02222222222222200100 ) ;
#11889 = CARTESIAN_POINT ( 'NONE',  ( -0.7495510874009864200, 0.006864741310086044200, 0.7481250903814430400 ) ) ;
#11890 = ORIENTED_EDGE ( 'NONE', *, *, #2067, .T. ) ;
#11891 = CARTESIAN_POINT ( 'NONE',  ( -0.9999999999999997800, 0.1777777777777780100, 0.7542857142857142300 ) ) ;
#11892 = CARTESIAN_POINT ( 'NONE',  ( 0.3499999999999997000, 0.1900000000000000600, -0.7777777777777780100 ) ) ;
#11893 = DIRECTION ( 'NONE',  ( 1.000000000000000000, -0.0000000000000000000, -0.0000000000000000000 ) ) ;
#11894 = EDGE_CURVE ( 'NONE', #2858, #7720, #7245, .T. ) ;
#11895 = FACE_OUTER_BOUND ( 'NONE', #8202, .T. ) ;
#11896 = ADVANCED_FACE ( 'NONE', ( #12172 ), #2272, .T. ) ;
#11897 = CARTESIAN_POINT ( 'NONE',  ( 0.6249999999999995600, 0.002500000000000043900, 0.7423036635030290100 ) ) ;
#11898 = AXIS2_PLACEMENT_3D ( 'NONE', #8534, #5678, #2879 ) ;
#11899 = DIRECTION ( 'NONE',  ( 0.0000000000000000000, 0.0000000000000000000, 1.000000000000000000 ) ) ;
#11900 = FACE_OUTER_BOUND ( 'NONE', #8376, .T. ) ;
#11901 = DIRECTION ( 'NONE',  ( 0.0000000000000000000, 0.0000000000000000000, -1.000000000000000000 ) ) ;
#11902 = ORIENTED_EDGE ( 'NONE', *, *, #1069, .F. ) ;
#11903 = CARTESIAN_POINT ( 'NONE',  ( 0.7083333333333332600, 0.2083333333333335400, 0.7259470610297852300 ) ) ;
#11904 = FILL_AREA_STYLE_COLOUR ( '', #12078 ) ;
#11905 = CARTESIAN_POINT ( 'NONE',  ( 0.6143511959407193000, 0.008651281072288435900, 0.7643465845451725700 ) ) ;
#11906 = DIRECTION ( 'NONE',  ( -1.000000000000000000, 0.0000000000000000000, 3.252606517456546400E-015 ) ) ;
#11907 = PLANE ( 'NONE',  #9121 ) ;
#11908 = DIRECTION ( 'NONE',  ( 0.0000000000000000000, -0.0000000000000000000, 1.000000000000000000 ) ) ;
#11909 = DIRECTION ( 'NONE',  ( 0.0000000000000000000, 0.0000000000000000000, -1.000000000000000000 ) ) ;
#11910 = EDGE_CURVE ( 'NONE', #1891, #1398, #6012, .T. ) ;
#11911 = EDGE_CURVE ( 'NONE', #5145, #10407, #527, .T. ) ;
#11912 = VECTOR ( 'NONE', #638, 1000.000000000000000 ) ;
#11913 = DIRECTION ( 'NONE',  ( 0.0000000000000000000, 0.9046150597587782100, -0.4262295081967250600 ) ) ;
#11914 = ORIENTED_EDGE ( 'NONE', *, *, #2737, .F. ) ;
#11915 = ADVANCED_FACE ( 'NONE', ( #6120 ), #2364, .T. ) ;
#11916 = CARTESIAN_POINT ( 'NONE',  ( -0.7083333333333332600, 0.2833333333333329900, 0.6738059225679081700 ) ) ;
#11917 = ORIENTED_EDGE ( 'NONE', *, *, #10372, .F. ) ;
#11918 = CARTESIAN_POINT ( 'NONE',  ( -0.6083333333333331700, 0.1833333333333334600, 0.7761593472479017000 ) ) ;
#11919 = CARTESIAN_POINT ( 'NONE',  ( -0.9555555555555553800, 0.1999999999999999800, -0.7555555555555555400 ) ) ;
#11920 = CARTESIAN_POINT ( 'NONE',  ( 0.6416666666666661600, 0.2833333333333330500, 0.7195202082821939800 ) ) ;
#11921 = ORIENTED_EDGE ( 'NONE', *, *, #10433, .T. ) ;
#11922 = AXIS2_PLACEMENT_3D ( 'NONE', #11121, #12077, #8271 ) ;
#11923 = UNCERTAINTY_MEASURE_WITH_UNIT (LENGTH_MEASURE( 1.000000000000000100E-005 ), #5007, 'distance_accuracy_value', 'NONE');
#11924 = EDGE_LOOP ( 'NONE', ( #587, #693, #11991, #10534 ) ) ;
#11925 = DIRECTION ( 'NONE',  ( 0.0000000000000000000, 0.0000000000000000000, -1.000000000000000000 ) ) ;
#11926 = DIRECTION ( 'NONE',  ( 0.0000000000000000000, -1.000000000000000000, 0.0000000000000000000 ) ) ;
#11927 = SURFACE_SIDE_STYLE ('',( #10211 ) ) ;
#11928 = VERTEX_POINT ( 'NONE', #8022 ) ;
#11929 = CARTESIAN_POINT ( 'NONE',  ( 0.7638888888888884000, 0.1805555555555557500, 0.7541114196556968400 ) ) ;
#11930 = EDGE_CURVE ( 'NONE', #2410, #11489, #599, .T. ) ;
#11931 = LINE ( 'NONE', #8788, #5659 ) ;
#11932 = AXIS2_PLACEMENT_3D ( 'NONE', #11522, #5811, #7717 ) ;
#11933 = CARTESIAN_POINT ( 'NONE',  ( -0.5000000000000000000, 0.8792893218813447900, 0.1000000000000000500 ) ) ;
#11934 = ORIENTED_EDGE ( 'NONE', *, *, #493, .F. ) ;
#11935 = VERTEX_POINT ( 'NONE', #10051 ) ;
#11936 = CARTESIAN_POINT ( 'NONE',  ( -0.6978120033786864300, 0.2924214117313438900, 0.7229029271953437700 ) ) ;
#11937 = VERTEX_POINT ( 'NONE', #6273 ) ;
#11938 = CARTESIAN_POINT ( 'NONE',  ( -0.6083333333333331700, 0.4999999999999996700, 1.177777777777777800 ) ) ;
#11939 = AXIS2_PLACEMENT_3D ( 'NONE', #3434, #6183, #4409 ) ;
#11940 = CARTESIAN_POINT ( 'NONE',  ( -0.5000000000000000000, 0.9499999999999999600, -0.2899999999999999200 ) ) ;
#11941 = FACE_OUTER_BOUND ( 'NONE', #1299, .T. ) ;
#11942 = PRESENTATION_LAYER_ASSIGNMENT (  '', '', ( #8478 ) ) ;
#11943 = ORIENTED_EDGE ( 'NONE', *, *, #8836, .T. ) ;
#11944 = ORIENTED_EDGE ( 'NONE', *, *, #6623, .F. ) ;
#11945 = EDGE_LOOP ( 'NONE', ( #5252, #1560, #3056, #6736 ) ) ;
#11946 = ORIENTED_EDGE ( 'NONE', *, *, #10928, .T. ) ;
#11947 = CARTESIAN_POINT ( 'NONE',  ( 0.6117430286574310200, 0.01144283458460345300, 0.7693590309082918300 ) ) ;
#11948 = DIRECTION ( 'NONE',  ( -0.0000000000000000000, 1.000000000000000000, -0.0000000000000000000 ) ) ;
#11949 = ORIENTED_EDGE ( 'NONE', *, *, #6268, .T. ) ;
#11950 = PLANE ( 'NONE',  #6516 ) ;
#11951 = CARTESIAN_POINT ( 'NONE',  ( 0.6214232505416047400, 0.005292958587805461800, 0.7917181360372709300 ) ) ;
#11952 = VECTOR ( 'NONE', #6673, 1000.000000000000000 ) ;
#11953 = CARTESIAN_POINT ( 'NONE',  ( 0.6495328333757401900, 0.2030620702128254900, 0.7754994340234725400 ) ) ;
#11954 = CARTESIAN_POINT ( 'NONE',  ( 0.9777777777777784100, 0.1999999999999999800, 0.4653968253968271400 ) ) ;
#11955 = VERTEX_POINT ( 'NONE', #6104 ) ;
#11956 = VERTEX_POINT ( 'NONE', #6159 ) ;
#11957 = CARTESIAN_POINT ( 'NONE',  ( -0.6916666666666663200, 0.2950819672131146400, 0.7216981796386449100 ) ) ;
#11958 = DIRECTION ( 'NONE',  ( 0.0000000000000000000, 0.0000000000000000000, 1.000000000000000000 ) ) ;
#11959 = VERTEX_POINT ( 'NONE', #6200 ) ;
#11960 = ORIENTED_EDGE ( 'NONE', *, *, #5185, .F. ) ;
#11961 = AXIS2_PLACEMENT_3D ( 'NONE', #2025, #8629, #2961 ) ;
#11962 = ADVANCED_FACE ( 'NONE', ( #7082 ), #11907, .T. ) ;
#11963 = VERTEX_POINT ( 'NONE', #3378 ) ;
#11964 = DIRECTION ( 'NONE',  ( 0.0000000000000000000, 0.0000000000000000000, 1.000000000000000000 ) ) ;
#11965 = ORIENTED_EDGE ( 'NONE', *, *, #10235, .F. ) ;
#11966 = CARTESIAN_POINT ( 'NONE',  ( -0.6930616143942502900, 0.2999560827709469300, 0.6738250822827311900 ) ) ;
#11967 = FACE_OUTER_BOUND ( 'NONE', #3760, .T. ) ;
#11968 = DIRECTION ( 'NONE',  ( 0.0000000000000000000, 0.0000000000000000000, -1.000000000000000000 ) ) ;
#11969 = FACE_OUTER_BOUND ( 'NONE', #12012, .T. ) ;
#11970 = EDGE_CURVE ( 'NONE', #12254, #2111, #10483, .T. ) ;
#11971 = ORIENTED_EDGE ( 'NONE', *, *, #2982, .F. ) ;
#11972 = ORIENTED_EDGE ( 'NONE', *, *, #11636, .T. ) ;
#11973 = CARTESIAN_POINT ( 'NONE',  ( -0.7128531039936920600, 0.1999999999999999800, 0.7748161792176676600 ) ) ;
#11974 = VERTEX_POINT ( 'NONE', #483 ) ;
#11975 = CIRCLE ( 'NONE', #1100, 0.4999999999999997800 ) ;
#11976 = AXIS2_PLACEMENT_3D ( 'NONE', #5375, #8215, #9158 ) ;
#11977 = ORIENTED_EDGE ( 'NONE', *, *, #8872, .F. ) ;
#11978 = DIRECTION ( 'NONE',  ( 0.0000000000000000000, 1.000000000000000000, 0.0000000000000000000 ) ) ;
#11979 = VERTEX_POINT ( 'NONE', #4335 ) ;
#11980 = VECTOR ( 'NONE', #3803, 1000.000000000000000 ) ;
#11981 = ADVANCED_FACE ( 'NONE', ( #9001 ), #10642, .F. ) ;
#11982 = CARTESIAN_POINT ( 'NONE',  ( -0.6994486853608399300, 0.2898170914825613500, 0.7241004199923687400 ) ) ;
#11983 = CYLINDRICAL_SURFACE ( 'NONE', #7396, 0.02499999999999984900 ) ;
#11984 = CIRCLE ( 'NONE', #3582, 0.02500000000000009200 ) ;
#11985 = ORIENTED_EDGE ( 'NONE', *, *, #5606, .T. ) ;
#11986 = VERTEX_POINT ( 'NONE', #4298 ) ;
#11987 = ORIENTED_EDGE ( 'NONE', *, *, #10560, .T. ) ;
#11988 = DIRECTION ( 'NONE',  ( 0.0000000000000000000, 1.000000000000000000, 0.0000000000000000000 ) ) ;
#11989 = DIRECTION ( 'NONE',  ( 0.0000000000000000000, 1.000000000000000000, 0.0000000000000000000 ) ) ;
#11990 = DIRECTION ( 'NONE',  ( 0.0000000000000000000, 1.000000000000000000, -0.0000000000000000000 ) ) ;
#11991 = ORIENTED_EDGE ( 'NONE', *, *, #6714, .T. ) ;
#11992 = EDGE_CURVE ( 'NONE', #5130, #8494, #2044, .T. ) ;
#11993 = DIRECTION ( 'NONE',  ( -0.0000000000000000000, 1.000000000000000000, -0.0000000000000000000 ) ) ;
#11994 = EDGE_CURVE ( 'NONE', #11319, #10437, #1319, .T. ) ;
#11995 = DIRECTION ( 'NONE',  ( 0.0000000000000000000, 0.0000000000000000000, 1.000000000000000000 ) ) ;
#11996 = FACE_OUTER_BOUND ( 'NONE', #11476, .T. ) ;
#11997 = CARTESIAN_POINT ( 'NONE',  ( 0.6228805485848666300, 0.005127212049557556800, 0.7531071212053793700 ) ) ;
#11998 = DIRECTION ( 'NONE',  ( -0.0000000000000000000, -1.000000000000000000, 0.0000000000000000000 ) ) ;
#11999 = EDGE_CURVE ( 'NONE', #8910, #4956, #10969, .T. ) ;
#12000 = CARTESIAN_POINT ( 'NONE',  ( 0.5861111111111110300, 0.1817051391105827500, 0.7539665857415115400 ) ) ;
#12001 = AXIS2_PLACEMENT_3D ( 'NONE', #9223, #740, #3391 ) ;
#12002 = ORIENTED_EDGE ( 'NONE', *, *, #6305, .F. ) ;
#12003 = DIRECTION ( 'NONE',  ( -0.0000000000000000000, 1.000000000000000000, 0.0000000000000000000 ) ) ;
#12004 = VERTEX_POINT ( 'NONE', #12075 ) ;
#12005 = ORIENTED_EDGE ( 'NONE', *, *, #4031, .F. ) ;
#12006 = CARTESIAN_POINT ( 'NONE',  ( -0.3499999999999997000, 0.1777777777777780100, 0.7542857142857142300 ) ) ;
#12007 = CARTESIAN_POINT ( 'NONE',  ( -0.2550000000000000000, 0.8792893218813447900, -0.1499999999999999100 ) ) ;
#12008 = DIRECTION ( 'NONE',  ( 1.084202172485504400E-016, 0.0000000000000000000, 1.000000000000000000 ) ) ;
#12009 = CIRCLE ( 'NONE', #11537, 0.02499999999999984900 ) ;
#12010 = LINE ( 'NONE', #2206, #3506 ) ;
#12011 = EDGE_CURVE ( 'NONE', #975, #3731, #7369, .T. ) ;
#12012 = EDGE_LOOP ( 'NONE', ( #11646, #10182, #6445, #5083 ) ) ;
#12013 = ORIENTED_EDGE ( 'NONE', *, *, #7066, .T. ) ;
#12014 = CARTESIAN_POINT ( 'NONE',  ( 0.7638888888888886200, 0.02194444444444428700, 0.7542839781067808300 ) ) ;
#12015 = AXIS2_PLACEMENT_3D ( 'NONE', #6617, #4763, #9537 ) ;
#12016 = DIRECTION ( 'NONE',  ( 0.0000000000000000000, 1.000000000000000000, -0.0000000000000000000 ) ) ;
#12017 = CARTESIAN_POINT ( 'NONE',  ( -0.6399404231083728500, 0.2000000000000181600, 0.7777777777778071000 ) ) ;
#12018 = B_SPLINE_CURVE_WITH_KNOTS ( 'NONE', 3,
 ( #2323, #6106, #3338, #1465, #1415, #7021, #4141, #6027, #5979, #10860 ),
 .UNSPECIFIED., .F., .F.,
 ( 4, 3, 3, 4 ),
 ( 0.0000000000000000000, 1.459936391658100900E-006, 5.785873059449799600E-006, 1.077026334132554400E-005 ),
 .UNSPECIFIED. ) ;
#12019 = FACE_OUTER_BOUND ( 'NONE', #1971, .T. ) ;
#12020 = DIRECTION ( 'NONE',  ( 1.000000000000000000, -0.0000000000000000000, -0.0000000000000000000 ) ) ;
#12021 = CARTESIAN_POINT ( 'NONE',  ( -0.3550000000000000400, 0.9499999999999999600, -0.2699999999999999600 ) ) ;
#12022 = DIRECTION ( 'NONE',  ( 0.0000000000000000000, 1.000000000000000000, 0.0000000000000000000 ) ) ;
#12023 = FACE_OUTER_BOUND ( 'NONE', #6115, .T. ) ;
#12024 = FACE_OUTER_BOUND ( 'NONE', #10112, .T. ) ;
#12025 = DIRECTION ( 'NONE',  ( -1.000000000000000000, 0.0000000000000000000, 0.0000000000000000000 ) ) ;
#12026 = AXIS2_PLACEMENT_3D ( 'NONE', #6654, #6614, #8475 ) ;
#12027 = CARTESIAN_POINT ( 'NONE',  ( 0.7638888888888886200, 0.1833333333333334600, 0.7761593472479015900 ) ) ;
#12028 = CARTESIAN_POINT ( 'NONE',  ( -0.6953921477250557500, 0.2942172551622134800, 0.7220876836051851600 ) ) ;
#12029 = EDGE_CURVE ( 'NONE', #4207, #3149, #6188, .T. ) ;
#12030 = LINE ( 'NONE', #12222, #10060 ) ;
#12031 = VECTOR ( 'NONE', #8700, 1000.000000000000000 ) ;
#12032 = DIRECTION ( 'NONE',  ( 0.0000000000000000000, 1.000000000000000000, 0.0000000000000000000 ) ) ;
#12033 = DIRECTION ( 'NONE',  ( 0.0000000000000000000, 0.0000000000000000000, 1.000000000000000000 ) ) ;
#12034 = LINE ( 'NONE', #1151, #10837 ) ;
#12035 = DIRECTION ( 'NONE',  ( 0.0000000000000000000, 0.0000000000000000000, -1.000000000000000000 ) ) ;
#12036 = CARTESIAN_POINT ( 'NONE',  ( -0.9999999999999997800, 0.02222222222222208800, -0.7555555555555555400 ) ) ;
#12037 = EDGE_CURVE ( 'NONE', #4838, #5909, #3814, .T. ) ;
#12038 = CIRCLE ( 'NONE', #9446, 0.02222222222222198000 ) ;
#12039 = CARTESIAN_POINT ( 'NONE',  ( 0.6936319945953975900, 0.2949047621809601800, 0.7217778225004900500 ) ) ;
#12040 = FACE_OUTER_BOUND ( 'NONE', #822, .T. ) ;
#12041 = AXIS2_PLACEMENT_3D ( 'NONE', #1104, #10643, #5086 ) ;
#12042 = CARTESIAN_POINT ( 'NONE',  ( -0.9555555555555553800, 0.9777777777777779700, 0.7542857142857142300 ) ) ;
#12043 = ORIENTED_EDGE ( 'NONE', *, *, #9308, .T. ) ;
#12044 = LINE ( 'NONE', #11825, #6961 ) ;
#12045 = ADVANCED_FACE ( 'NONE', ( #2789 ), #9207, .F. ) ;
#12046 = CARTESIAN_POINT ( 'NONE',  ( -0.7450000000000000000, 1.000000000000000000, -0.1499999999999999100 ) ) ;
#12047 = CIRCLE ( 'NONE', #4716, 0.02222222222222198000 ) ;
#12048 = DIRECTION ( 'NONE',  ( 0.0000000000000000000, 0.0000000000000000000, 1.000000000000000000 ) ) ;
#12049 = AXIS2_PLACEMENT_3D ( 'NONE', #9598, #22, #5724 ) ;
#12050 = CARTESIAN_POINT ( 'NONE',  ( 0.6083333333333331700, 0.02222222222222176900, 0.8000000000000000400 ) ) ;
#12051 = CARTESIAN_POINT ( 'NONE',  ( 0.7416666666666664700, 0.02222222222222208800, 0.7320634920634920800 ) ) ;
#12052 = VECTOR ( 'NONE', #7408, 1000.000000000000000 ) ;
#12053 = CARTESIAN_POINT ( 'NONE',  ( -0.9777777777777779700, 0.1999999999999999800, -0.5111111111111130700 ) ) ;
#12054 = CARTESIAN_POINT ( 'NONE',  ( -0.7419187499868172800, 0.004305765550150329400, 0.7452741359598018500 ) ) ;
#12055 = LINE ( 'NONE', #4629, #8897 ) ;
#12056 = CARTESIAN_POINT ( 'NONE',  ( -0.3550000000000000400, 1.000000000000000000, -0.2200000000000000000 ) ) ;
#12057 = CARTESIAN_POINT ( 'NONE',  ( -0.3100000000000000000, 0.9499999999999999600, 0.1499999999999999700 ) ) ;
#12058 = ORIENTED_EDGE ( 'NONE', *, *, #2368, .F. ) ;
#12059 = EDGE_CURVE ( 'NONE', #9578, #7060, #8132, .T. ) ;
#12060 = VERTEX_POINT ( 'NONE', #11151 ) ;
#12061 = PRESENTATION_STYLE_ASSIGNMENT (( #1999 ) ) ;
#12062 = DIRECTION ( 'NONE',  ( 0.0000000000000000000, 0.0000000000000000000, 1.000000000000000000 ) ) ;
#12063 = CARTESIAN_POINT ( 'NONE',  ( -0.6083333333332137100, 0.02166666666665123500, 0.7765044641501667200 ) ) ;
#12064 = AXIS2_PLACEMENT_3D ( 'NONE', #2237, #5092, #5468 ) ;
#12065 = DIRECTION ( 'NONE',  ( 0.0000000000000000000, 0.0000000000000000000, -1.000000000000000000 ) ) ;
#12066 = DIRECTION ( 'NONE',  ( 0.0000000000000000000, 1.000000000000000000, 0.0000000000000000000 ) ) ;
#12067 = DIRECTION ( 'NONE',  ( -1.000000000000000000, -0.0000000000000000000, -7.623296525288672200E-017 ) ) ;
#12068 = CIRCLE ( 'NONE', #7603, 0.02500000000000002900 ) ;
#12069 = CARTESIAN_POINT ( 'NONE',  ( 0.6565788153123741600, 0.2949432428099952900, 0.7217604431117670100 ) ) ;
#12070 = ORIENTED_EDGE ( 'NONE', *, *, #11017, .T. ) ;
#12071 = VERTEX_POINT ( 'NONE', #679 ) ;
#12072 = AXIS2_PLACEMENT_3D ( 'NONE', #5904, #4093, #7939 ) ;
#12073 = CARTESIAN_POINT ( 'NONE',  ( 0.6094611287818073600, 0.01563995452908252200, 0.7740352219967069300 ) ) ;
#12074 = DIRECTION ( 'NONE',  ( -0.0000000000000000000, -1.000000000000000000, 0.0000000000000000000 ) ) ;
#12075 = CARTESIAN_POINT ( 'NONE',  ( 0.6416666666666661600, 0.2833333333333330500, 0.7179317890670646700 ) ) ;
#12076 = DIRECTION ( 'NONE',  ( 2.927345865710836700E-014, 0.0000000000000000000, -1.000000000000000000 ) ) ;
#12077 = DIRECTION ( 'NONE',  ( -1.084202172485504800E-016, 0.0000000000000000000, -1.000000000000000000 ) ) ;
#12078 = COLOUR_RGB ( '',1.000000000000000000, 1.000000000000000000, 1.000000000000000000 ) ;
#12079 = EDGE_CURVE ( 'NONE', #7732, #5981, #10684, .T. ) ;
#12080 = CARTESIAN_POINT ( 'NONE',  ( -0.6083333333333331700, 0.02222222222222176900, 0.7920599795933051000 ) ) ;
#12081 = ORIENTED_EDGE ( 'NONE', *, *, #2490, .T. ) ;
#12082 = ORIENTED_EDGE ( 'NONE', *, *, #3578, .F. ) ;
#12083 = ADVANCED_FACE ( 'NONE', ( #742 ), #5875, .F. ) ;
#12084 = DIRECTION ( 'NONE',  ( -0.0000000000000000000, -0.0000000000000000000, -1.000000000000000000 ) ) ;
#12085 = ORIENTED_EDGE ( 'NONE', *, *, #2683, .F. ) ;
#12086 = AXIS2_PLACEMENT_3D ( 'NONE', #357, #10581, #11590 ) ;
#12087 = CARTESIAN_POINT ( 'NONE',  ( -0.3549999999999999800, 0.9499999999999999600, 0.2450000000000001100 ) ) ;
#12088 = ORIENTED_EDGE ( 'NONE', *, *, #3248, .F. ) ;
#12089 = EDGE_LOOP ( 'NONE', ( #8305, #4372, #10621, #9539 ) ) ;
#12090 = ORIENTED_EDGE ( 'NONE', *, *, #6365, .F. ) ;
#12091 = CARTESIAN_POINT ( 'NONE',  ( -0.9555555555555553800, 0.02222222222222208800, 0.7320634920634923000 ) ) ;
#12092 = ORIENTED_EDGE ( 'NONE', *, *, #11353, .T. ) ;
#12093 = EDGE_CURVE ( 'NONE', #3673, #1187, #1009, .T. ) ;
#12094 = DIRECTION ( 'NONE',  ( -0.0000000000000000000, 1.000000000000000000, -0.0000000000000000000 ) ) ;
#12095 = LINE ( 'NONE', #5463, #6697 ) ;
#12096 = CARTESIAN_POINT ( 'NONE',  ( -0.6399404231084143700, 0.2083333333333331500, 0.7777777777777776800 ) ) ;
#12097 = EDGE_CURVE ( 'NONE', #10590, #3339, #2931, .T. ) ;
#12098 = CARTESIAN_POINT ( 'NONE',  ( 0.6162204726416635700, 0.2000000000000000100, 0.7367563354116768400 ) ) ;
#12099 = ADVANCED_FACE ( 'NONE', ( #4851 ), #9292, .T. ) ;
#12100 = EDGE_LOOP ( 'NONE', ( #4788, #4969 ) ) ;
#12101 = ORIENTED_EDGE ( 'NONE', *, *, #9722, .T. ) ;
#12102 = ORIENTED_EDGE ( 'NONE', *, *, #9955, .F. ) ;
#12103 = CARTESIAN_POINT ( 'NONE',  ( -0.6900000000000000600, 1.000000000000000000, 0.1499999999999999700 ) ) ;
#12104 = CARTESIAN_POINT ( 'NONE',  ( -0.4499999999999999600, 0.9499999999999999600, 0.2200000000000001400 ) ) ;
#12105 = DIRECTION ( 'NONE',  ( 0.0000000000000000000, 0.0000000000000000000, 1.000000000000000000 ) ) ;
#12106 = DIRECTION ( 'NONE',  ( 0.0000000000000000000, 0.0000000000000000000, 1.000000000000000000 ) ) ;
#12107 = AXIS2_PLACEMENT_3D ( 'NONE', #8580, #2916, #3855 ) ;
#12108 = CARTESIAN_POINT ( 'NONE',  ( -0.5000000000000000000, 0.9499999999999999600, -0.09999999999999993600 ) ) ;
#12109 = CARTESIAN_POINT ( 'NONE',  ( -0.6930413404757193000, 0.2999573875328755400, 0.7141064241990449100 ) ) ;
#12110 = CARTESIAN_POINT ( 'NONE',  ( -0.9999999999999997800, 0.1999999999999999800, -0.7555555555555555400 ) ) ;
#12111 = LINE ( 'NONE', #218, #7025 ) ;
#12112 = LINE ( 'NONE', #7987, #8579 ) ;
#12113 = EDGE_LOOP ( 'NONE', ( #2419, #11446, #7118, #2452 ) ) ;
#12114 = CARTESIAN_POINT ( 'NONE',  ( -0.6083333333333331700, 0.1844428985887379100, 0.7758331657224352100 ) ) ;
#12115 = DIRECTION ( 'NONE',  ( 0.0000000000000000000, 0.0000000000000000000, -1.000000000000000000 ) ) ;
#12116 = CARTESIAN_POINT ( 'NONE',  ( 0.6916666666666663200, 0.2950819672131146400, 0.7216981796386449100 ) ) ;
#12117 = ORIENTED_EDGE ( 'NONE', *, *, #11769, .F. ) ;
#12118 = ORIENTED_EDGE ( 'NONE', *, *, #332, .F. ) ;
#12119 = CARTESIAN_POINT ( 'NONE',  ( -0.5872841414260150400, 0.1853443906933827100, 0.7529697895524467600 ) ) ;
#12120 = EDGE_LOOP ( 'NONE', ( #7492, #10987, #9804, #1131 ) ) ;
#12121 = LINE ( 'NONE', #4302, #8811 ) ;
#12122 = CARTESIAN_POINT ( 'NONE',  ( 0.7109556912725897300, 0.2022185026416747400, 0.7304085872639335400 ) ) ;
#12123 = CARTESIAN_POINT ( 'NONE',  ( -0.9555555555555553800, 0.1899999999999999700, -0.7777777777777779000 ) ) ;
#12124 = AXIS2_PLACEMENT_3D ( 'NONE', #767, #7357, #1296 ) ;
#12125 = FACE_OUTER_BOUND ( 'NONE', #8663, .T. ) ;
#12126 = CYLINDRICAL_SURFACE ( 'NONE', #1964, 0.02222222222222230300 ) ;
#12127 = ORIENTED_EDGE ( 'NONE', *, *, #10973, .F. ) ;
#12128 = ORIENTED_EDGE ( 'NONE', *, *, #226, .T. ) ;
#12129 = EDGE_LOOP ( 'NONE', ( #6485, #8347 ) ) ;
#12130 = ORIENTED_EDGE ( 'NONE', *, *, #1649, .T. ) ;
#12131 = DIRECTION ( 'NONE',  ( 0.0000000000000000000, -1.000000000000000000, 0.0000000000000000000 ) ) ;
#12132 = EDGE_CURVE ( 'NONE', #1743, #675, #10339, .T. ) ;
#12133 = LINE ( 'NONE', #7258, #425 ) ;
#12134 = VECTOR ( 'NONE', #12268, 1000.000000000000000 ) ;
#12135 = CARTESIAN_POINT ( 'NONE',  ( -0.7100595768915806100, 0.1999999999999999800, 0.7777777777777780100 ) ) ;
#12136 = VECTOR ( 'NONE', #8660, 1000.000000000000000 ) ;
#12137 = EDGE_LOOP ( 'NONE', ( #8949, #10411, #4105, #7090 ) ) ;
#12138 = ORIENTED_EDGE ( 'NONE', *, *, #8772, .F. ) ;
#12139 = CARTESIAN_POINT ( 'NONE',  ( -0.6000000000000000900, 1.000000000000000000, -0.09999999999999993600 ) ) ;
#12140 = DIRECTION ( 'NONE',  ( -1.000000000000000000, -0.0000000000000000000, -0.0000000000000000000 ) ) ;
#12141 = CARTESIAN_POINT ( 'NONE',  ( 0.6249999999999995600, 0.02222222222222176900, 0.7777777777777780100 ) ) ;
#12142 = STYLED_ITEM ( 'NONE', ( #9138 ), #9499 ) ;
#12143 = ORIENTED_EDGE ( 'NONE', *, *, #12029, .T. ) ;
#12144 = CARTESIAN_POINT ( 'NONE',  ( -0.6449702115542067500, 0.2044187433149336500, 0.7724091971811153400 ) ) ;
#12145 = SURFACE_STYLE_FILL_AREA ( #7661 ) ;
#12146 = VECTOR ( 'NONE', #310, 1000.000000000000000 ) ;
#12147 = LINE ( 'NONE', #10558, #3209 ) ;
#12148 = FACE_OUTER_BOUND ( 'NONE', #4488, .T. ) ;
#12149 = CARTESIAN_POINT ( 'NONE',  ( -0.6163749416889512400, 0.006826643234944851200, 0.7605735457459584800 ) ) ;
#12150 = CARTESIAN_POINT ( 'NONE',  ( -0.7111111111111133600, 0.5000000000000000000, 1.132063492063492000 ) ) ;
#12151 = ORIENTED_EDGE ( 'NONE', *, *, #10833, .T. ) ;
#12152 = EDGE_CURVE ( 'NONE', #7788, #4046, #2652, .T. ) ;
#12153 = CARTESIAN_POINT ( 'NONE',  ( -0.6485864422653951900, 0.2968527967960508100, 0.6751923791309056800 ) ) ;
#12154 = CARTESIAN_POINT ( 'NONE',  ( -0.6349842822904396800, 0.2001142262874844300, 0.7319778349323902100 ) ) ;
#12155 = EDGE_CURVE ( 'NONE', #10461, #985, #11541, .T. ) ;
#12156 =( BOUNDED_SURFACE ( )  B_SPLINE_SURFACE ( 3, 2, ( 
 ( #8318, #11260, #2748 ),
 ( #1722, #4618, #1797 ),
 ( #5558, #1678, #12212 ),
 ( #10207, #1645, #12144 ) ),
 .UNSPECIFIED., .F., .F., .F. ) 
 B_SPLINE_SURFACE_WITH_KNOTS ( ( 4, 4 ),
 ( 3, 3 ),
 ( 6.147390268999950300E-005, 7.948384547123860400E-005 ),
 ( 0.0000000000000000000, 1.000000000000000000 ),
 .UNSPECIFIED. ) 
 GEOMETRIC_REPRESENTATION_ITEM ( )  RATIONAL_B_SPLINE_SURFACE ( (
 ( 1.000000000000000000, 0.7071067811865486800, 1.000000000000000000),
 ( 1.000000000000000000, 0.7671773520178721800, 1.000000000000000000),
 ( 1.000000000000000000, 0.8214141187762119500, 1.000000000000000000),
 ( 1.000000000000000000, 0.8572487393423132700, 1.000000000000000000) ) ) 
 REPRESENTATION_ITEM ( '' )  SURFACE ( )  );
#12157 = DIRECTION ( 'NONE',  ( 0.0000000000000000000, 0.0000000000000000000, -1.000000000000000000 ) ) ;
#12158 = FACE_OUTER_BOUND ( 'NONE', #10278, .T. ) ;
#12159 = CARTESIAN_POINT ( 'NONE',  ( -0.5924195324333185700, 0.1922562464956351400, 0.7497100306319446400 ) ) ;
#12160 = CYLINDRICAL_SURFACE ( 'NONE', #9583, 0.008333333333333499800 ) ;
#12161 = LINE ( 'NONE', #11409, #6481 ) ;
#12162 = FACE_OUTER_BOUND ( 'NONE', #5618, .T. ) ;
#12163 = DIRECTION ( 'NONE',  ( 0.0000000000000000000, 0.0000000000000000000, 1.000000000000000000 ) ) ;
#12164 = AXIS2_PLACEMENT_3D ( 'NONE', #11194, #7393, #10228 ) ;
#12165 = CARTESIAN_POINT ( 'NONE',  ( 0.6388283004793563500, 0.2020683688076104500, 0.7305205390247892000 ) ) ;
#12166 = CIRCLE ( 'NONE', #6561, 0.02499999999999985900 ) ;
#12167 = EDGE_LOOP ( 'NONE', ( #8036, #3177 ) ) ;
#12168 = DIRECTION ( 'NONE',  ( 0.0000000000000000000, 0.0000000000000000000, 1.000000000000000000 ) ) ;
#12169 = ADVANCED_FACE ( 'NONE', ( #6339 ), #3062, .T. ) ;
#12170 = PLANE ( 'NONE',  #4479 ) ;
#12171 = AXIS2_PLACEMENT_3D ( 'NONE', #8400, #3687, #10720 ) ;
#12172 = FACE_OUTER_BOUND ( 'NONE', #7016, .T. ) ;
#12173 = FACE_OUTER_BOUND ( 'NONE', #1842, .T. ) ;
#12174 = EDGE_CURVE ( 'NONE', #3822, #9619, #3220, .T. ) ;
#12175 = EDGE_CURVE ( 'NONE', #4956, #11861, #7972, .T. ) ;
#12176 = MECHANICAL_DESIGN_GEOMETRIC_PRESENTATION_REPRESENTATION (  '', ( #3631 ), #7278 ) ;
#12177 = DIRECTION ( 'NONE',  ( -0.0000000000000000000, -1.000000000000000000, -0.0000000000000000000 ) ) ;
#12178 = ORIENTED_EDGE ( 'NONE', *, *, #9469, .F. ) ;
#12179 = DIRECTION ( 'NONE',  ( 0.0000000000000000000, 0.0000000000000000000, 1.000000000000000000 ) ) ;
#12180 = CARTESIAN_POINT ( 'NONE',  ( 0.7071565364692985500, 0.2057605921442961800, 0.7686766013113762700 ) ) ;
#12181 = CIRCLE ( 'NONE', #8401, 0.02499999999999990400 ) ;
#12182 = CARTESIAN_POINT ( 'NONE',  ( -0.7249999999999999800, 0.002500000000000064200, 0.7423036635030292300 ) ) ;
#12183 = AXIS2_PLACEMENT_3D ( 'NONE', #8537, #945, #89 ) ;
#12184 = DIRECTION ( 'NONE',  ( 0.0000000000000000000, 0.0000000000000000000, -1.000000000000000000 ) ) ;
#12185 = AXIS2_PLACEMENT_3D ( 'NONE', #9361, #9441, #2920 ) ;
#12186 = EDGE_CURVE ( 'NONE', #2511, #112, #2351, .T. ) ;
#12187 = PLANE ( 'NONE',  #8285 ) ;
#12188 = CARTESIAN_POINT ( 'NONE',  ( -0.6900000000000000600, 1.000000000000000000, 0.1499999999999999700 ) ) ;
#12189 = ORIENTED_EDGE ( 'NONE', *, *, #8323, .F. ) ;
#12190 = DIRECTION ( 'NONE',  ( 0.0000000000000000000, 0.0000000000000000000, -1.000000000000000000 ) ) ;
#12191 = CARTESIAN_POINT ( 'NONE',  ( 0.6999999999999997300, 0.2080110357092785100, 0.7822040730860444500 ) ) ;
#12192 = VECTOR ( 'NONE', #2406, 1000.000000000000000 ) ;
#12193 = AXIS2_PLACEMENT_3D ( 'NONE', #8137, #499, #4311 ) ;
#12194 = EDGE_CURVE ( 'NONE', #418, #10632, #454, .T. ) ;
#12195 = CARTESIAN_POINT ( 'NONE',  ( 0.6937224866447302400, 0.2998727221369007500, 0.7141254514002179900 ) ) ;
#12196 = CARTESIAN_POINT ( 'NONE',  ( 0.7000000000124536600, 0.2878751047339534500, 0.7250038538902497900 ) ) ;
#12197 = CIRCLE ( 'NONE', #3828, 0.02222222222222198000 ) ;
#12198 = AXIS2_PLACEMENT_3D ( 'NONE', #1536, #8923, #5349 ) ;
#12199 = CARTESIAN_POINT ( 'NONE',  ( 0.6397673526235307900, 0.2028920064610169600, 0.7299094270435332300 ) ) ;
#12200 = CIRCLE ( 'NONE', #9579, 0.005555555555555521900 ) ;
#12201 = CARTESIAN_POINT ( 'NONE',  ( 0.7135590205378123900, 0.2005619304079097900, 0.7316425653637033100 ) ) ;
#12202 = ORIENTED_EDGE ( 'NONE', *, *, #1926, .T. ) ;
#12203 = EDGE_CURVE ( 'NONE', #10795, #7457, #3369, .T. ) ;
#12204 = DIRECTION ( 'NONE',  ( 0.0000000000000000000, -1.000000000000000000, 0.0000000000000000000 ) ) ;
#12205 = AXIS2_PLACEMENT_3D ( 'NONE', #6696, #1958, #11488 ) ;
#12206 = ORIENTED_EDGE ( 'NONE', *, *, #9323, .F. ) ;
#12207 = PLANE ( 'NONE',  #8082 ) ;
#12208 = ORIENTED_EDGE ( 'NONE', *, *, #8269, .F. ) ;
#12209 = DIRECTION ( 'NONE',  ( -0.0000000000000000000, -1.000000000000000000, -0.0000000000000000000 ) ) ;
#12210 = CARTESIAN_POINT ( 'NONE',  ( 0.7053500675458496100, 0.2045710935634682000, 0.7719863409476250800 ) ) ;
#12211 = DIRECTION ( 'NONE',  ( -0.0000000000000000000, -1.000000000000000000, 0.0000000000000000000 ) ) ;
#12212 = CARTESIAN_POINT ( 'NONE',  ( -0.6427450865608906900, 0.2054392423291610300, 0.7695803780988149700 ) ) ;
#12213 = ADVANCED_FACE ( 'NONE', ( #12162 ), #4271, .T. ) ;
#12214 = EDGE_CURVE ( 'NONE', #557, #11963, #1316, .T. ) ;
#12215 = ORIENTED_EDGE ( 'NONE', *, *, #2490, .F. ) ;
#12216 = EDGE_LOOP ( 'NONE', ( #5112, #573, #8074, #2573 ) ) ;
#12217 = CARTESIAN_POINT ( 'NONE',  ( 0.0000000000000000000, 0.0000000000000000000, 0.0000000000000000000 ) ) ;
#12218 = EDGE_CURVE ( 'NONE', #8371, #2111, #881, .T. ) ;
#12219 = CIRCLE ( 'NONE', #628, 0.02222222222222198000 ) ;
#12220 = CARTESIAN_POINT ( 'NONE',  ( -0.6048744424906882200, 0.004631208291534230300, 0.7463181095239621600 ) ) ;
#12221 = CARTESIAN_POINT ( 'NONE',  ( -0.9777777777777777500, 0.1777777777777780100, -0.7555555555555555400 ) ) ;
#12222 = CARTESIAN_POINT ( 'NONE',  ( -0.6000000000000000900, 0.8792893218813447900, 0.07499999999999994200 ) ) ;
#12223 = DIRECTION ( 'NONE',  ( 2.790226179190637400E-016, -0.0000000000000000000, 1.000000000000000000 ) ) ;
#12224 = PLANE ( 'NONE',  #6875 ) ;
#12225 = LINE ( 'NONE', #11337, #7287 ) ;
#12226 = DIRECTION ( 'NONE',  ( 0.0000000000000000000, 0.0000000000000000000, -1.000000000000000000 ) ) ;
#12227 = EDGE_LOOP ( 'NONE', ( #3211, #6245, #9132, #3059 ) ) ;
#12228 = EDGE_LOOP ( 'NONE', ( #6594, #7302, #3645, #9986 ) ) ;
#12229 = ORIENTED_EDGE ( 'NONE', *, *, #3959, .T. ) ;
#12230 = AXIS2_PLACEMENT_3D ( 'NONE', #9851, #6962, #2341 ) ;
#12231 = CARTESIAN_POINT ( 'NONE',  ( 0.7053656821048024400, 0.2930525228072239400, 0.7156725340139822300 ) ) ;
#12232 = CARTESIAN_POINT ( 'NONE',  ( -0.7250000000000000900, 0.1999999999999999800, 0.7777777777777780100 ) ) ;
#12233 = DIRECTION ( 'NONE',  ( -0.0000000000000000000, 1.000000000000000000, -0.0000000000000000000 ) ) ;
#12234 = ORIENTED_EDGE ( 'NONE', *, *, #8243, .F. ) ;
#12235 = ORIENTED_EDGE ( 'NONE', *, *, #3571, .T. ) ;
#12236 = CARTESIAN_POINT ( 'NONE',  ( -0.5917348195317103700, 0.1906274650992387000, 0.7501939276962759100 ) ) ;
#12237 = EDGE_CURVE ( 'NONE', #1270, #6235, #3668, .T. ) ;
#12238 = VERTEX_POINT ( 'NONE', #5686 ) ;
#12239 = ORIENTED_EDGE ( 'NONE', *, *, #1403, .T. ) ;
#12240 = VERTEX_POINT ( 'NONE', #1091 ) ;
#12241 = VERTEX_POINT ( 'NONE', #61 ) ;
#12242 = ORIENTED_EDGE ( 'NONE', *, *, #3612, .F. ) ;
#12243 = CARTESIAN_POINT ( 'NONE',  ( 0.6515212132157516300, 0.2986423556170801900, 0.6744004696082104300 ) ) ;
#12244 = DIRECTION ( 'NONE',  ( 0.0000000000000000000, 0.0000000000000000000, 1.000000000000000000 ) ) ;
#12245 = FACE_OUTER_BOUND ( 'NONE', #4817, .T. ) ;
#12246 = AXIS2_PLACEMENT_3D ( 'NONE', #2790, #8445, #8518 ) ;
#12247 = DIRECTION ( 'NONE',  ( 0.0000000000000000000, -0.0000000000000000000, -1.000000000000000000 ) ) ;
#12248 = AXIS2_PLACEMENT_3D ( 'NONE', #7665, #11497, #8460 ) ;
#12249 = ORIENTED_EDGE ( 'NONE', *, *, #1581, .T. ) ;
#12250 = CARTESIAN_POINT ( 'NONE',  ( -0.2125000000000000200, 0.9499999999999999600, -0.02499999999999994600 ) ) ;
#12251 = ORIENTED_EDGE ( 'NONE', *, *, #8521, .T. ) ;
#12252 = DIRECTION ( 'NONE',  ( -0.0000000000000000000, -0.0000000000000000000, -1.000000000000000000 ) ) ;
#12253 = EDGE_CURVE ( 'NONE', #4581, #9666, #3957, .T. ) ;
#12254 = VERTEX_POINT ( 'NONE', #9563 ) ;
#12255 = ORIENTED_EDGE ( 'NONE', *, *, #4944, .F. ) ;
#12256 = DIRECTION ( 'NONE',  ( 0.0000000000000000000, 0.0000000000000000000, 1.000000000000000000 ) ) ;
#12257 = CARTESIAN_POINT ( 'NONE',  ( 0.9555555555555551600, -1.445153081025597900, -0.7777777777777780100 ) ) ;
#12258 = CARTESIAN_POINT ( 'NONE',  ( -0.7166666666666667900, 0.2083333333333330400, 1.132063492063491500 ) ) ;
#12259 = EDGE_CURVE ( 'NONE', #2174, #7129, #1473, .T. ) ;
#12260 = CYLINDRICAL_SURFACE ( 'NONE', #7033, 0.02222222222222198000 ) ;
#12261 = PRODUCT_DEFINITION_SHAPE ( 'NONE', 'NONE',  #6507 ) ;
#12262 = LINE ( 'NONE', #11673, #4540 ) ;
#12263 = ORIENTED_EDGE ( 'NONE', *, *, #9926, .T. ) ;
#12264 = ORIENTED_EDGE ( 'NONE', *, *, #2207, .F. ) ;
#12265 = VECTOR ( 'NONE', #621, 1000.000000000000000 ) ;
#12266 = ORIENTED_EDGE ( 'NONE', *, *, #169, .F. ) ;
#12267 = AXIS2_PLACEMENT_3D ( 'NONE', #11100, #10204, #4536 ) ;
#12268 = DIRECTION ( 'NONE',  ( -0.0000000000000000000, -0.0000000000000000000, -1.000000000000000000 ) ) ;
#12269 = CARTESIAN_POINT ( 'NONE',  ( 0.9777777777777777500, 0.0000000000000000000, -0.7555555555555553100 ) ) ;
#12270 = VERTEX_POINT ( 'NONE', #6703 ) ;
#12271 = ORIENTED_EDGE ( 'NONE', *, *, #3676, .F. ) ;
#12272 = CARTESIAN_POINT ( 'NONE',  ( -0.5000000000000000000, 0.9499999999999999600, -0.2899999999999999200 ) ) ;
#12273 = DIRECTION ( 'NONE',  ( 0.0000000000000000000, -0.0000000000000000000, -1.000000000000000000 ) ) ;
#12274 = FACE_OUTER_BOUND ( 'NONE', #4073, .T. ) ;
#12275 = CYLINDRICAL_SURFACE ( 'NONE', #3146, 0.02500000000000009200 ) ;
#12276 = CARTESIAN_POINT ( 'NONE',  ( -0.5000000000000000000, 0.9499999999999999600, -0.02500000000000002900 ) ) ;
#12277 = VERTEX_POINT ( 'NONE', #182 ) ;
#12278 = CARTESIAN_POINT ( 'NONE',  ( -0.6210938112711573700, 0.1999520288349953000, 0.7341515027267739900 ) ) ;
#12279 = ORIENTED_EDGE ( 'NONE', *, *, #10664, .T. ) ;
#12280 = EDGE_LOOP ( 'NONE', ( #4915, #12101 ) ) ;
#12281 = FILL_AREA_STYLE ('',( #8462 ) ) ;
#12282 = ADVANCED_FACE ( 'NONE', ( #10198 ), #6752, .F. ) ;
#12283 = AXIS2_PLACEMENT_3D ( 'NONE', #3891, #3904, #5354 ) ;
#12284 = CYLINDRICAL_SURFACE ( 'NONE', #9943, 0.02500000000000009200 ) ;
ENDSEC;
END-ISO-10303-21;
