ISO-10303-21;
HEADER;
FILE_DESCRIPTION (( 'STEP AP214' ),
    '1' );
FILE_NAME ('VLS3012ET-100M.STEP',
    '2022-02-22T09:40:24',
    ( '' ),
    ( '' ),
    'SwSTEP 2.0',
    'SolidWorks 2017',
    '' );
FILE_SCHEMA (( 'AUTOMOTIVE_DESIGN' ));
ENDSEC;

DATA;
#1 = ADVANCED_FACE ( 'NONE', ( #935 ), #2600, .T. ) ;
#2 = ORIENTED_EDGE ( 'NONE', *, *, #2203, .T. ) ;
#3 = AXIS2_PLACEMENT_3D ( 'NONE', #1536, #1520, #1112 ) ;
#4 = EDGE_CURVE ( 'NONE', #1120, #1327, #1421, .T. ) ;
#5 = CARTESIAN_POINT ( 'NONE',  ( 1.075666797634361000, 0.3999999999999999700, 1.225373646341234400 ) ) ;
#6 = CARTESIAN_POINT ( 'NONE',  ( 1.082811244201604200, 0.3999999999999998000, 1.217371251737893000 ) ) ;
#7 = ORIENTED_EDGE ( 'NONE', *, *, #2034, .F. ) ;
#8 = ORIENTED_EDGE ( 'NONE', *, *, #2490, .T. ) ;
#9 = ORIENTED_EDGE ( 'NONE', *, *, #998, .T. ) ;
#10 = EDGE_CURVE ( 'NONE', #1331, #1089, #2441, .T. ) ;
#11 =( NAMED_UNIT ( * ) SI_UNIT ( $, .STERADIAN. ) SOLID_ANGLE_UNIT ( ) );
#12 = ORIENTED_EDGE ( 'NONE', *, *, #919, .F. ) ;
#13 = ADVANCED_FACE ( 'NONE', ( #484 ), #1156, .T. ) ;
#14 = CARTESIAN_POINT ( 'NONE',  ( 1.042209713538174500, 0.4500000000000000100, 1.184820068766091000 ) ) ;
#15 = ORIENTED_EDGE ( 'NONE', *, *, #1774, .T. ) ;
#16 = CARTESIAN_POINT ( 'NONE',  ( -1.008349364905389800, 0.009999999999999998500, 1.218051362713290100 ) ) ;
#17 = CARTESIAN_POINT ( 'NONE',  ( 1.034999999999999900, 0.4500000000000000100, 1.214211616751134800 ) ) ;
#18 = DIRECTION ( 'NONE',  ( 0.0000000000000000000, 0.0000000000000000000, 1.000000000000000000 ) ) ;
#19 = AXIS2_PLACEMENT_3D ( 'NONE', #549, #1151, #746 ) ;
#20 = CARTESIAN_POINT ( 'NONE',  ( 1.005342007506584600, 0.4500000000000000100, 1.209694595469300600 ) ) ;
#21 = LINE ( 'NONE', #1176, #341 ) ;
#22 = CARTESIAN_POINT ( 'NONE',  ( 1.060191605313536100, 0.4000000000000000200, 1.234308252793422400 ) ) ;
#23 = LINE ( 'NONE', #2133, #2405 ) ;
#24 = CARTESIAN_POINT ( 'NONE',  ( -0.5999999999999998700, 3.137091952673166000, 1.500000000000000400 ) ) ;
#25 = LINE ( 'NONE', #845, #513 ) ;
#26 = LINE ( 'NONE', #172, #2191 ) ;
#27 = ADVANCED_FACE ( 'NONE', ( #244 ), #783, .T. ) ;
#28 = CARTESIAN_POINT ( 'NONE',  ( 1.836970198721029900E-016, 0.7999999999999999300, -1.500000000000000000 ) ) ;
#29 = VECTOR ( 'NONE', #1456, 1000.000000000000100 ) ;
#30 = ORIENTED_EDGE ( 'NONE', *, *, #1159, .F. ) ;
#31 = EDGE_CURVE ( 'NONE', #1300, #391, #1317, .T. ) ;
#32 = DIRECTION ( 'NONE',  ( 0.0000000000000000000, 0.0000000000000000000, -1.000000000000000000 ) ) ;
#33 = ORIENTED_EDGE ( 'NONE', *, *, #1476, .T. ) ;
#34 = CARTESIAN_POINT ( 'NONE',  ( -1.071650635094610000, -0.1056603123937139100, 1.227692378864668500 ) ) ;
#35 = DIRECTION ( 'NONE',  ( 0.0000000000000000000, 0.0000000000000000000, 1.000000000000000000 ) ) ;
#36 =( NAMED_UNIT ( * ) PLANE_ANGLE_UNIT ( ) SI_UNIT ( $, .RADIAN. ) );
#37 = EDGE_CURVE ( 'NONE', #189, #2680, #768, .T. ) ;
#38 = ORIENTED_EDGE ( 'NONE', *, *, #2458, .T. ) ;
#39 = CARTESIAN_POINT ( 'NONE',  ( 1.061179379345505300, 0.4500000000000005100, 1.230945600841777200 ) ) ;
#40 = ORIENTED_EDGE ( 'NONE', *, *, #1192, .F. ) ;
#41 = ORIENTED_EDGE ( 'NONE', *, *, #2294, .T. ) ;
#42 = EDGE_CURVE ( 'NONE', #1776, #685, #214, .T. ) ;
#43 = ORIENTED_EDGE ( 'NONE', *, *, #2344, .T. ) ;
#44 = CARTESIAN_POINT ( 'NONE',  ( 1.064865591368346500, 0.5034684713656886200, 0.9384544216176341500 ) ) ;
#45 = DIRECTION ( 'NONE',  ( -0.8660254037844378200, 0.0000000000000000000, -0.5000000000000013300 ) ) ;
#46 = MANIFOLD_SOLID_BREP ( 'Boss-Extrude1', #1696 ) ;
#47 = FACE_OUTER_BOUND ( 'NONE', #1287, .T. ) ;
#48 = DIRECTION ( 'NONE',  ( -0.0000000000000000000, 1.000000000000000000, -0.0000000000000000000 ) ) ;
#49 = DIRECTION ( 'NONE',  ( -0.0000000000000000000, 1.000000000000000000, -0.0000000000000000000 ) ) ;
#50 =( GEOMETRIC_REPRESENTATION_CONTEXT ( 3 ) GLOBAL_UNCERTAINTY_ASSIGNED_CONTEXT ( ( #1697 ) ) GLOBAL_UNIT_ASSIGNED_CONTEXT ( ( #1207, #2478, #572 ) ) REPRESENTATION_CONTEXT ( 'NONE', 'WORKASPACE' ) );
#51 = VECTOR ( 'NONE', #224, 1000.000000000000100 ) ;
#52 = AXIS2_PLACEMENT_3D ( 'NONE', #1205, #1637, #1856 ) ;
#53 = DIRECTION ( 'NONE',  ( -0.8660254037844382600, 0.0000000000000000000, 0.5000000000000005600 ) ) ;
#54 = LINE ( 'NONE', #2226, #2228 ) ;
#55 = VECTOR ( 'NONE', #49, 1000.000000000000000 ) ;
#56 =( LENGTH_UNIT ( ) NAMED_UNIT ( * ) SI_UNIT ( .MILLI., .METRE. ) );
#57 = LINE ( 'NONE', #1301, #933 ) ;
#58 = COLOUR_RGB ( '',0.9686274509803921600, 0.8784313725490196000, 0.5999999999999999800 ) ;
#59 = CARTESIAN_POINT ( 'NONE',  ( 1.007609788493172100, 0.4877616866516969500, 1.009921778079630100 ) ) ;
#60 = ORIENTED_EDGE ( 'NONE', *, *, #2136, .T. ) ;
#61 = VERTEX_POINT ( 'NONE', #2459 ) ;
#62 = VERTEX_POINT ( 'NONE', #2627 ) ;
#63 = DIRECTION ( 'NONE',  ( -1.000000000000000000, -0.0000000000000000000, -0.0000000000000000000 ) ) ;
#64 = CARTESIAN_POINT ( 'NONE',  ( -1.004333202365639300, 0.3999999999999999700, 1.220370095236724500 ) ) ;
#65 = DIRECTION ( 'NONE',  ( 0.8660254037844379300, -0.0000000000000000000, -0.5000000000000012200 ) ) ;
#66 = DIRECTION ( 'NONE',  ( 1.000000000000000000, 0.0000000000000000000, 0.0000000000000000000 ) ) ;
#67 = ORIENTED_EDGE ( 'NONE', *, *, #2074, .T. ) ;
#68 = VERTEX_POINT ( 'NONE', #348 ) ;
#69 = ORIENTED_EDGE ( 'NONE', *, *, #514, .T. ) ;
#70 = DIRECTION ( 'NONE',  ( 0.0000000000000000000, 0.0000000000000000000, -1.000000000000000000 ) ) ;
#71 = PLANE ( 'NONE',  #343 ) ;
#72 = B_SPLINE_CURVE_WITH_KNOTS ( 'NONE', 3,
 ( #2003, #1808, #2201, #2421 ),
 .UNSPECIFIED., .F., .F.,
 ( 4, 4 ),
 ( 0.0000000000000000000, 1.000000000000000000 ),
 .UNSPECIFIED. ) ;
#73 = CARTESIAN_POINT ( 'NONE',  ( -0.5999999999999998700, 0.0000000000000000000, 1.500000000000000400 ) ) ;
#74 = EDGE_LOOP ( 'NONE', ( #2488, #1202, #1554, #1396, #982, #2245 ) ) ;
#75 = EDGE_CURVE ( 'NONE', #1839, #2506, #1900, .T. ) ;
#76 = DIRECTION ( 'NONE',  ( 0.0000000000000000000, -1.000000000000000000, 0.0000000000000000000 ) ) ;
#77 = CARTESIAN_POINT ( 'NONE',  ( -1.064999999999999900, 0.4999999999999997800, 1.164211616751134900 ) ) ;
#78 =( NAMED_UNIT ( * ) SI_UNIT ( $, .STERADIAN. ) SOLID_ANGLE_UNIT ( ) );
#79 = PLANE ( 'NONE',  #3 ) ;
#80 = LINE ( 'NONE', #1633, #2187 ) ;
#81 = STYLED_ITEM ( 'NONE', ( #1056 ), #132 ) ;
#82 = CARTESIAN_POINT ( 'NONE',  ( 1.051650635094610000, 0.3999999999999999700, 1.193051362713291000 ) ) ;
#83 = VECTOR ( 'NONE', #837, 999.9999999999998900 ) ;
#84 = EDGE_CURVE ( 'NONE', #2523, #2449, #1837, .T. ) ;
#85 = CARTESIAN_POINT ( 'NONE',  ( -1.008349364921631700, 0.3999999999999999100, 1.218051362703912700 ) ) ;
#86 = B_SPLINE_CURVE_WITH_KNOTS ( 'NONE', 1,
 ( #1441, #2099 ),
 .UNSPECIFIED., .F., .F.,
 ( 2, 2 ),
 ( 0.0000000000000000000, 1.000000000000000000 ),
 .UNSPECIFIED. ) ;
#87 = LINE ( 'NONE', #500, #2267 ) ;
#88 = ADVANCED_FACE ( 'NONE', ( #1418 ), #2612, .F. ) ;
#89 = EDGE_LOOP ( 'NONE', ( #2115, #1383, #2385, #1813 ) ) ;
#90 = CARTESIAN_POINT ( 'NONE',  ( -1.050612254789068600, 0.4499999999999995700, 1.241252835266515800 ) ) ;
#91 = EDGE_CURVE ( 'NONE', #721, #2645, #1115, .T. ) ;
#92 = ORIENTED_EDGE ( 'NONE', *, *, #499, .T. ) ;
#93 = PLANE ( 'NONE',  #2061 ) ;
#94 = CARTESIAN_POINT ( 'NONE',  ( -1.019808394686463800, 0.3999999999999999100, 1.211435488784534200 ) ) ;
#95 = CARTESIAN_POINT ( 'NONE',  ( 1.007165567849744200, 0.5117168036728487700, 0.9954525095185150500 ) ) ;
#96 = CARTESIAN_POINT ( 'NONE',  ( 1.034999999999999900, 0.4500000000000000100, 1.214211616751134800 ) ) ;
#97 = CARTESIAN_POINT ( 'NONE',  ( 1.018349364905390100, 0.3999999999999999700, 1.235371870788978900 ) ) ;
#98 = ORIENTED_EDGE ( 'NONE', *, *, #1101, .T. ) ;
#99 = ORIENTED_EDGE ( 'NONE', *, *, #738, .F. ) ;
#100 = DIRECTION ( 'NONE',  ( 1.000000000000000000, 0.0000000000000000000, 0.0000000000000000000 ) ) ;
#101 = ADVANCED_FACE ( 'NONE', ( #2471 ), #2330, .T. ) ;
#102 = ORIENTED_EDGE ( 'NONE', *, *, #1339, .F. ) ;
#103 = ORIENTED_EDGE ( 'NONE', *, *, #1783, .T. ) ;
#104 = CARTESIAN_POINT ( 'NONE',  ( -1.500000000000000000, 0.7999999999999999300, 0.9803847577293354200 ) ) ;
#105 = CARTESIAN_POINT ( 'NONE',  ( -1.081263015300395500, 0.4000000000000001900, 1.199048657797721100 ) ) ;
#106 = PRODUCT ( 'VLS3012ET-100M', 'VLS3012ET-100M', '', ( #1845 ) ) ;
#107 = CARTESIAN_POINT ( 'NONE',  ( 1.034231626090790400, 0.5299901584113129200, 0.9583699906226111900 ) ) ;
#108 = CARTESIAN_POINT ( 'NONE',  ( -1.055358166480198800, 0.4499999999999999000, 1.191479673240745800 ) ) ;
#109 = EDGE_CURVE ( 'NONE', #522, #1515, #1548, .T. ) ;
#110 = VECTOR ( 'NONE', #739, 1000.000000000000000 ) ;
#111 = CARTESIAN_POINT ( 'NONE',  ( -1.018349467125804200, 0.3999999999999999700, 1.255383250503941300 ) ) ;
#112 = CIRCLE ( 'NONE', #2530, 0.03000000000000018600 ) ;
#113 = CARTESIAN_POINT ( 'NONE',  ( 1.048041162496692100, 0.4723983405663300100, 0.9802768133416487300 ) ) ;
#114 = CARTESIAN_POINT ( 'NONE',  ( -1.018349364905390100, -0.09566031239371421100, 1.235371870788978900 ) ) ;
#115 = ADVANCED_FACE ( 'NONE', ( #2264 ), #378, .T. ) ;
#116 = CARTESIAN_POINT ( 'NONE',  ( -1.019387745210929900, 0.4500000000000002900, 1.187170398235752400 ) ) ;
#117 = CARTESIAN_POINT ( 'NONE',  ( 1.500000000000000000, 0.3999999999999999700, -0.9803847577293354200 ) ) ;
#118 = CYLINDRICAL_SURFACE ( 'NONE', #863, 0.01999999999999983700 ) ;
#119 = VECTOR ( 'NONE', #1353, 1000.000000000000000 ) ;
#120 = CIRCLE ( 'NONE', #2655, 0.01999999999999983700 ) ;
#121 = DIRECTION ( 'NONE',  ( 0.0000000000000000000, 0.0000000000000000000, 1.000000000000000000 ) ) ;
#122 = CIRCLE ( 'NONE', #918, 0.01999999999999983700 ) ;
#123 = FACE_OUTER_BOUND ( 'NONE', #360, .T. ) ;
#124 = VERTEX_POINT ( 'NONE', #2336 ) ;
#125 = EDGE_CURVE ( 'NONE', #1818, #2422, #26, .T. ) ;
#126 = EDGE_LOOP ( 'NONE', ( #1157, #2646, #614, #658 ) ) ;
#127 = CARTESIAN_POINT ( 'NONE',  ( -1.500000000000000000, 0.0000000000000000000, 0.9803847577293354200 ) ) ;
#128 = CARTESIAN_POINT ( 'NONE',  ( -0.5999999999999998700, 0.3999999999999999700, -1.500000000000000400 ) ) ;
#129 = CARTESIAN_POINT ( 'NONE',  ( -1.015241957635557400, 0.4773147226458355200, 1.010144839195543400 ) ) ;
#130 = ORIENTED_EDGE ( 'NONE', *, *, #566, .F. ) ;
#131 = DIRECTION ( 'NONE',  ( -1.000000000000000000, 0.0000000000000000000, 0.0000000000000000000 ) ) ;
#132 = ADVANCED_FACE ( 'NONE', ( #636 ), #370, .T. ) ;
#133 = CARTESIAN_POINT ( 'NONE',  ( 1.005342007506584600, 0.4500000000000000100, 1.209694595469300600 ) ) ;
#134 = DIRECTION ( 'NONE',  ( 0.0000000000000000000, 1.000000000000000000, 0.0000000000000000000 ) ) ;
#135 = ORIENTED_EDGE ( 'NONE', *, *, #42, .F. ) ;
#136 = DIRECTION ( 'NONE',  ( -0.0000000000000000000, -1.000000000000000000, -0.0000000000000000000 ) ) ;
#137 = ORIENTED_EDGE ( 'NONE', *, *, #257, .F. ) ;
#138 = CARTESIAN_POINT ( 'NONE',  ( -1.005784145199713400, 0.4927487060804898700, 1.008278598550616400 ) ) ;
#139 = ORIENTED_EDGE ( 'NONE', *, *, #907, .T. ) ;
#140 = VERTEX_POINT ( 'NONE', #1002 ) ;
#141 = DIRECTION ( 'NONE',  ( 0.0000000000000000000, 0.0000000000000000000, 1.000000000000000000 ) ) ;
#142 = SURFACE_STYLE_USAGE ( .BOTH. , #1374 ) ;
#143 = EDGE_CURVE ( 'NONE', #1566, #758, #895, .T. ) ;
#144 =( GEOMETRIC_REPRESENTATION_CONTEXT ( 3 ) GLOBAL_UNCERTAINTY_ASSIGNED_CONTEXT ( ( #2560 ) ) GLOBAL_UNIT_ASSIGNED_CONTEXT ( ( #288, #1162, #1567 ) ) REPRESENTATION_CONTEXT ( 'NONE', 'WORKASPACE' ) );
#145 = SURFACE_STYLE_USAGE ( .BOTH. , #1615 ) ;
#146 = CARTESIAN_POINT ( 'NONE',  ( -1.028349364905388100, -0.09566031239371421100, 1.252692378864668700 ) ) ;
#147 = CARTESIAN_POINT ( 'NONE',  ( -1.008710127550208400, 0.4852990499595561400, 1.010571783009863300 ) ) ;
#148 = EDGE_CURVE ( 'NONE', #798, #1300, #2588, .T. ) ;
#149 = ADVANCED_FACE ( 'NONE', ( #342 ), #2501, .T. ) ;
#150 = LINE ( 'NONE', #1020, #1412 ) ;
#151 = SURFACE_SIDE_STYLE ('',( #347 ) ) ;
#152 = VECTOR ( 'NONE', #1524, 1000.000000000000100 ) ;
#153 = CARTESIAN_POINT ( 'NONE',  ( 1.021840057482826600, 0.3999999999999999700, 1.255371861868546100 ) ) ;
#154 = LINE ( 'NONE', #2613, #1113 ) ;
#155 = DIRECTION ( 'NONE',  ( 0.0000000000000000000, 1.000000000000000000, 0.0000000000000000000 ) ) ;
#156 = CARTESIAN_POINT ( 'NONE',  ( -1.005122594840939200, 0.4968267403966458200, 1.006278270361189400 ) ) ;
#157 = VECTOR ( 'NONE', #1484, 1000.000000000000000 ) ;
#158 =( GEOMETRIC_REPRESENTATION_CONTEXT ( 3 ) GLOBAL_UNCERTAINTY_ASSIGNED_CONTEXT ( ( #2043 ) ) GLOBAL_UNIT_ASSIGNED_CONTEXT ( ( #187, #668, #2176 ) ) REPRESENTATION_CONTEXT ( 'NONE', 'WORKASPACE' ) );
#159 = EDGE_LOOP ( 'NONE', ( #873, #102, #2132, #228, #40 ) ) ;
#160 = CARTESIAN_POINT ( 'NONE',  ( -1.500000000000000000, 0.0000000000000000000, 0.9803847577293354200 ) ) ;
#161 = CARTESIAN_POINT ( 'NONE',  ( 0.0000000000000000000, 0.005000000000000000100, 0.0000000000000000000 ) ) ;
#162 = DIRECTION ( 'NONE',  ( 0.0000000000000000000, 1.000000000000000000, -0.0000000000000000000 ) ) ;
#163 = ORIENTED_EDGE ( 'NONE', *, *, #2490, .F. ) ;
#164 = CARTESIAN_POINT ( 'NONE',  ( -0.5999999999999998700, 0.004999999999999796300, 1.500000000000000400 ) ) ;
#165 = PLANE ( 'NONE',  #2257 ) ;
#166 = EDGE_CURVE ( 'NONE', #1400, #2366, #737, .T. ) ;
#167 = ORIENTED_EDGE ( 'NONE', *, *, #143, .F. ) ;
#168 = ORIENTED_EDGE ( 'NONE', *, *, #2591, .F. ) ;
#169 = ORIENTED_EDGE ( 'NONE', *, *, #1474, .T. ) ;
#170 = EDGE_LOOP ( 'NONE', ( #2083, #744, #2019, #494 ) ) ;
#171 = ORIENTED_EDGE ( 'NONE', *, *, #354, .F. ) ;
#172 = CARTESIAN_POINT ( 'NONE',  ( -1.500000000000000000, -0.0000000000000000000, -0.9803847577293354200 ) ) ;
#173 = CARTESIAN_POINT ( 'NONE',  ( 1.034999999999999900, 0.4500000000000000100, 1.214211616751134800 ) ) ;
#174 = CARTESIAN_POINT ( 'NONE',  ( -1.029105432932819100, 0.5298588208897788700, 0.9639583250274259600 ) ) ;
#175 = AXIS2_PLACEMENT_3D ( 'NONE', #267, #2549, #1289 ) ;
#176 = ORIENTED_EDGE ( 'NONE', *, *, #919, .T. ) ;
#177 = EDGE_CURVE ( 'NONE', #615, #2080, #1799, .T. ) ;
#178 = DIRECTION ( 'NONE',  ( 0.0000000000000000000, 0.0000000000000000000, 1.000000000000000000 ) ) ;
#179 = CARTESIAN_POINT ( 'NONE',  ( -1.500000000000000000, 3.137091952673166000, 0.9803847577293354200 ) ) ;
#180 = EDGE_CURVE ( 'NONE', #1134, #1594, #120, .T. ) ;
#181 = VECTOR ( 'NONE', #955, 1000.000000000000000 ) ;
#182 = CARTESIAN_POINT ( 'NONE',  ( 1.008349364921631700, 0.3999999999999999100, 1.218051362703912700 ) ) ;
#183 = CIRCLE ( 'NONE', #2240, 0.03000000000000007900 ) ;
#184 = FACE_OUTER_BOUND ( 'NONE', #882, .T. ) ;
#185 = VECTOR ( 'NONE', #1344, 1000.000000000000000 ) ;
#186 = CLOSED_SHELL ( 'NONE', ( #980, #2013, #2120, #1253, #2511, #795 ) ) ;
#187 =( LENGTH_UNIT ( ) NAMED_UNIT ( * ) SI_UNIT ( .MILLI., .METRE. ) );
#188 = STYLED_ITEM ( 'NONE', ( #545 ), #276 ) ;
#189 = VERTEX_POINT ( 'NONE', #1722 ) ;
#190 = CARTESIAN_POINT ( 'NONE',  ( 1.040191605313537200, 0.4000000000000001900, 1.199667236642046700 ) ) ;
#191 = ORIENTED_EDGE ( 'NONE', *, *, #180, .F. ) ;
#192 = CARTESIAN_POINT ( 'NONE',  ( 1.061650635094610000, -0.1056603123937139100, 1.210371870788979900 ) ) ;
#193 = CARTESIAN_POINT ( 'NONE',  ( 1.047523860073388700, 0.3999999999999999100, 1.195433957382678200 ) ) ;
#194 = DIRECTION ( 'NONE',  ( -0.8660254037844379300, 0.0000000000000000000, -0.5000000000000012200 ) ) ;
#195 = DIRECTION ( 'NONE',  ( 0.0000000000000000000, 1.000000000000000000, 0.0000000000000000000 ) ) ;
#196 = CARTESIAN_POINT ( 'NONE',  ( -1.064786033245243700, 0.4959786532895185100, 0.9435009829302751800 ) ) ;
#197 = ORIENTED_EDGE ( 'NONE', *, *, #2188, .T. ) ;
#198 = VERTEX_POINT ( 'NONE', #459 ) ;
#199 = ADVANCED_FACE ( 'NONE', ( #1023 ), #2296, .T. ) ;
#200 = CARTESIAN_POINT ( 'NONE',  ( 1.500000000000000000, 0.3999999999999999700, 0.9803847577293354200 ) ) ;
#201 = ORIENTED_EDGE ( 'NONE', *, *, #2644, .T. ) ;
#202 = DIRECTION ( 'NONE',  ( 1.000000000000000000, -0.0000000000000000000, 0.0000000000000000000 ) ) ;
#203 = STYLED_ITEM ( 'NONE', ( #862 ), #1369 ) ;
#204 = CARTESIAN_POINT ( 'NONE',  ( 1.082811244201604200, 0.3999999999999998000, 1.217371251737893000 ) ) ;
#205 = CARTESIAN_POINT ( 'NONE',  ( 1.024333202365637100, 0.3999999999999999100, 1.255011111388102600 ) ) ;
#206 = LINE ( 'NONE', #82, #1442 ) ;
#207 = PLANE ( 'NONE',  #1193 ) ;
#208 = ADVANCED_FACE ( 'NONE', ( #964 ), #2373, .T. ) ;
#209 = FACE_OUTER_BOUND ( 'NONE', #355, .T. ) ;
#210 = CARTESIAN_POINT ( 'NONE',  ( 0.5999999999999998700, 0.7999999999999999300, 1.500000000000000400 ) ) ;
#211 = EDGE_CURVE ( 'NONE', #1452, #1327, #480, .T. ) ;
#212 = CIRCLE ( 'NONE', #1470, 0.03000000000000007900 ) ;
#213 = LINE ( 'NONE', #2051, #1448 ) ;
#214 = CIRCLE ( 'NONE', #1842, 0.03000000000000018600 ) ;
#215 = CARTESIAN_POINT ( 'NONE',  ( 0.9971887557983947200, 0.3999999999999999700, 1.228372489840066500 ) ) ;
#216 = LINE ( 'NONE', #16, #1116 ) ;
#217 = CARTESIAN_POINT ( 'NONE',  ( 1.050612254789068600, 0.4499999999999995700, 1.241252835266515800 ) ) ;
#218 = ORIENTED_EDGE ( 'NONE', *, *, #667, .F. ) ;
#219 = EDGE_LOOP ( 'NONE', ( #1625, #33, #1255, #2676 ) ) ;
#220 = DIRECTION ( 'NONE',  ( 0.0000000000000000000, 0.0000000000000000000, 1.000000000000000000 ) ) ;
#221 = AXIS2_PLACEMENT_3D ( 'NONE', #1124, #2208, #2402 ) ;
#222 = EDGE_CURVE ( 'NONE', #2310, #1639, #1085, .T. ) ;
#223 = ADVANCED_FACE ( 'NONE', ( #603 ), #93, .T. ) ;
#224 = DIRECTION ( 'NONE',  ( -0.8660254037844379300, 0.0000000000000000000, -0.5000000000000012200 ) ) ;
#225 = CARTESIAN_POINT ( 'NONE',  ( 1.004333202365639300, 0.3999999999999999100, 1.220370095236724500 ) ) ;
#226 = DIRECTION ( 'NONE',  ( 0.8660254037844378200, 0.0000000000000000000, 0.5000000000000013300 ) ) ;
#227 = ORIENTED_EDGE ( 'NONE', *, *, #2121, .T. ) ;
#228 = ORIENTED_EDGE ( 'NONE', *, *, #1428, .F. ) ;
#229 = STYLED_ITEM ( 'NONE', ( #1513 ), #46 ) ;
#230 = DIRECTION ( 'NONE',  ( 0.0000000000000000000, 0.0000000000000000000, -1.000000000000000000 ) ) ;
#231 = ORIENTED_EDGE ( 'NONE', *, *, #1630, .T. ) ;
#232 = VERTEX_POINT ( 'NONE', #1556 ) ;
#233 = CARTESIAN_POINT ( 'NONE',  ( 1.039069760686371900, 0.4700574956640948800, 0.9918018550712109900 ) ) ;
#234 = CARTESIAN_POINT ( 'NONE',  ( 1.004999999999028900, 0.4984382746731786400, 1.005379456338123300 ) ) ;
#235 = PLANE ( 'NONE',  #2166 ) ;
#236 = CARTESIAN_POINT ( 'NONE',  ( 1.034999999999999900, 0.4999999999999997800, 1.164211616751134900 ) ) ;
#237 = DIRECTION ( 'NONE',  ( -0.8660254037844379300, 0.0000000000000000000, -0.5000000000000012200 ) ) ;
#238 = FACE_OUTER_BOUND ( 'NONE', #2583, .T. ) ;
#239 = CARTESIAN_POINT ( 'NONE',  ( -1.062796546254322100, 0.5114540847907591600, 0.9359925215601548900 ) ) ;
#240 = CIRCLE ( 'NONE', #1692, 0.02000000000000005200 ) ;
#241 = CARTESIAN_POINT ( 'NONE',  ( -1.012476139926610700, 0.4000000000000000200, 1.215668768043902900 ) ) ;
#242 = TOROIDAL_SURFACE ( 'NONE', #2164, 1.649999999999999700, 0.2499999999999998300 ) ;
#243 = CIRCLE ( 'NONE', #255, 0.03000000000000007900 ) ;
#244 = FACE_OUTER_BOUND ( 'NONE', #170, .T. ) ;
#245 = CARTESIAN_POINT ( 'NONE',  ( -1.071650635094610000, 0.3999999999999999700, 1.227692378864668500 ) ) ;
#246 = CIRCLE ( 'NONE', #1708, 0.03000000000000007900 ) ;
#247 = ORIENTED_EDGE ( 'NONE', *, *, #2284, .T. ) ;
#248 = EDGE_CURVE ( 'NONE', #124, #2068, #1447, .T. ) ;
#249 = DIRECTION ( 'NONE',  ( 0.0000000000000000000, 1.000000000000000000, 0.0000000000000000000 ) ) ;
#250 = ORIENTED_EDGE ( 'NONE', *, *, #1909, .T. ) ;
#251 = SURFACE_SIDE_STYLE ('',( #1473 ) ) ;
#252 = CARTESIAN_POINT ( 'NONE',  ( 1.018349364905390100, 0.3999999999999999700, 1.255371870788978700 ) ) ;
#253 = ORIENTED_EDGE ( 'NONE', *, *, #1593, .T. ) ;
#254 = DIRECTION ( 'NONE',  ( 0.0000000000000000000, -1.000000000000000000, 0.0000000000000000000 ) ) ;
#255 = AXIS2_PLACEMENT_3D ( 'NONE', #173, #2071, #1208 ) ;
#256 = CARTESIAN_POINT ( 'NONE',  ( 1.500000000000000000, 0.0000000000000000000, -0.9803847577293354200 ) ) ;
#257 = EDGE_CURVE ( 'NONE', #1300, #689, #72, .T. ) ;
#258 = CARTESIAN_POINT ( 'NONE',  ( 1.054058899966513500, 0.5231680454969863700, 0.9396720859692598800 ) ) ;
#259 = DIRECTION ( 'NONE',  ( -0.0000000000000000000, -1.000000000000000000, -0.0000000000000000000 ) ) ;
#260 = ORIENTED_EDGE ( 'NONE', *, *, #1909, .F. ) ;
#261 = DIRECTION ( 'NONE',  ( 0.0000000000000000000, 1.000000000000000000, 0.0000000000000000000 ) ) ;
#262 = VERTEX_POINT ( 'NONE', #2430 ) ;
#263 = ORIENTED_EDGE ( 'NONE', *, *, #2404, .T. ) ;
#264 = DIRECTION ( 'NONE',  ( 0.0000000000000000000, 1.000000000000000000, 0.0000000000000000000 ) ) ;
#265 = CARTESIAN_POINT ( 'NONE',  ( -1.008349364905389800, 0.3999999999999999700, 1.218051362713290100 ) ) ;
#266 = CARTESIAN_POINT ( 'NONE',  ( 1.015241957635557400, 0.4773147226458355200, 1.010144839195543400 ) ) ;
#267 = CARTESIAN_POINT ( 'NONE',  ( 1.500000000000000000, 0.7999999999999999300, 0.9803847577293354200 ) ) ;
#268 = AXIS2_PLACEMENT_3D ( 'NONE', #2070, #1847, #1609 ) ;
#269 = LINE ( 'NONE', #1873, #858 ) ;
#270 = EDGE_CURVE ( 'NONE', #1819, #2338, #1654, .T. ) ;
#271 = AXIS2_PLACEMENT_3D ( 'NONE', #676, #2155, #1956 ) ;
#272 = CARTESIAN_POINT ( 'NONE',  ( -1.008581773214436400, 0.4500000000000009000, 1.229464187097295100 ) ) ;
#273 = DIRECTION ( 'NONE',  ( 0.8660254037844379300, -0.0000000000000000000, -0.5000000000000012200 ) ) ;
#274 = VECTOR ( 'NONE', #611, 1000.000000000000000 ) ;
#275 = B_SPLINE_CURVE_WITH_KNOTS ( 'NONE', 3,
 ( #325, #2218, #1805, #943 ),
 .UNSPECIFIED., .F., .F.,
 ( 4, 4 ),
 ( 0.0000000000000000000, 0.1784665571720447400 ),
 .UNSPECIFIED. ) ;
#276 = MANIFOLD_SOLID_BREP ( 'Combine1', #1564 ) ;
#277 = DIRECTION ( 'NONE',  ( 0.0000000000000000000, 1.000000000000000000, 0.0000000000000000000 ) ) ;
#278 = CARTESIAN_POINT ( 'NONE',  ( -0.9987369846996049200, 0.4000000000000000800, 1.246695083780234400 ) ) ;
#279 = DIRECTION ( 'NONE',  ( 0.8660254037844379300, 0.0000000000000000000, 0.5000000000000012200 ) ) ;
#280 = EDGE_CURVE ( 'NONE', #2244, #1259, #1584, .T. ) ;
#281 = ORIENTED_EDGE ( 'NONE', *, *, #2104, .T. ) ;
#282 = ORIENTED_EDGE ( 'NONE', *, *, #1471, .F. ) ;
#283 = DIRECTION ( 'NONE',  ( 0.0000000000000000000, -0.0000000000000000000, -1.000000000000000000 ) ) ;
#284 = DIRECTION ( 'NONE',  ( 0.0000000000000000000, 1.000000000000000000, 0.0000000000000000000 ) ) ;
#285 = DIRECTION ( 'NONE',  ( 0.8660254037844380400, 0.0000000000000000000, -0.5000000000000013300 ) ) ;
#286 = CARTESIAN_POINT ( 'NONE',  ( -1.005342007506584600, 0.4500000000000000100, 1.209694595469300600 ) ) ;
#287 = DIRECTION ( 'NONE',  ( 0.5000000000000014400, 0.0000000000000000000, 0.8660254037844379300 ) ) ;
#288 =( LENGTH_UNIT ( ) NAMED_UNIT ( * ) SI_UNIT ( .MILLI., .METRE. ) );
#289 = ADVANCED_FACE ( 'NONE', ( #1024 ), #797, .F. ) ;
#290 = PRESENTATION_LAYER_ASSIGNMENT (  '', '', ( #203 ) ) ;
#291 = ORIENTED_EDGE ( 'NONE', *, *, #647, .T. ) ;
#292 = ORIENTED_EDGE ( 'NONE', *, *, #1774, .F. ) ;
#293 = ORIENTED_EDGE ( 'NONE', *, *, #1557, .F. ) ;
#294 = DIRECTION ( 'NONE',  ( -0.0000000000000000000, 1.000000000000000000, -0.0000000000000000000 ) ) ;
#295 = FILL_AREA_STYLE ('',( #1812 ) ) ;
#296 = B_SPLINE_CURVE_WITH_KNOTS ( 'NONE', 1,
 ( #2632, #2622 ),
 .UNSPECIFIED., .F., .F.,
 ( 2, 2 ),
 ( 0.0000000000000000000, 1.000000000000000000 ),
 .UNSPECIFIED. ) ;
#297 = DIRECTION ( 'NONE',  ( -1.000000000000000000, -0.0000000000000000000, -0.0000000000000000000 ) ) ;
#298 = ORIENTED_EDGE ( 'NONE', *, *, #1105, .F. ) ;
#299 = CARTESIAN_POINT ( 'NONE',  ( -1.018349364905390100, -0.1056603123937139100, 1.255371870788978700 ) ) ;
#300 = VERTEX_POINT ( 'NONE', #409 ) ;
#301 = CARTESIAN_POINT ( 'NONE',  ( -1.500000000000000000, 0.3999999999999999700, 0.9803847577293354200 ) ) ;
#302 = EDGE_CURVE ( 'NONE', #720, #1400, #2474, .T. ) ;
#303 = CARTESIAN_POINT ( 'NONE',  ( -1.049525196171537700, 0.4500000000000000700, 1.187678169590059300 ) ) ;
#304 = CARTESIAN_POINT ( 'NONE',  ( 1.005113341114233900, 0.5029718898824470100, 1.002491463589493500 ) ) ;
#305 = DIRECTION ( 'NONE',  ( -0.0000000000000000000, -1.000000000000000000, -0.0000000000000000000 ) ) ;
#306 = ORIENTED_EDGE ( 'NONE', *, *, #630, .T. ) ;
#307 = LINE ( 'NONE', #2062, #2529 ) ;
#308 = AXIS2_PLACEMENT_3D ( 'NONE', #2537, #1923, #653 ) ;
#309 = DIRECTION ( 'NONE',  ( -0.5000000000000013300, 0.0000000000000000000, 0.8660254037844379300 ) ) ;
#310 = LINE ( 'NONE', #1389, #2596 ) ;
#311 = ORIENTED_EDGE ( 'NONE', *, *, #2438, .F. ) ;
#312 = FACE_OUTER_BOUND ( 'NONE', #1559, .T. ) ;
#313 = EDGE_CURVE ( 'NONE', #300, #2485, #86, .T. ) ;
#314 = CARTESIAN_POINT ( 'NONE',  ( -1.064865523797488200, 0.4500000000000001800, 1.207946899160002000 ) ) ;
#315 = CARTESIAN_POINT ( 'NONE',  ( 1.011581701998602200, 0.5195459062197481700, 0.9869111263179144400 ) ) ;
#316 = VERTEX_POINT ( 'NONE', #252 ) ;
#317 = CARTESIAN_POINT ( 'NONE',  ( -1.064058683980683800, 0.4500000000000000100, 1.222663595665589100 ) ) ;
#318 = DIRECTION ( 'NONE',  ( 0.0000000000000000000, 0.0000000000000000000, 1.000000000000000000 ) ) ;
#319 = AXIS2_PLACEMENT_3D ( 'NONE', #104, #309, #1786 ) ;
#320 = ORIENTED_EDGE ( 'NONE', *, *, #877, .F. ) ;
#321 = CARTESIAN_POINT ( 'NONE',  ( 1.500000000000000000, 0.0000000000000000000, 0.9803847577293354200 ) ) ;
#322 = ADVANCED_FACE ( 'NONE', ( #184 ), #2230, .T. ) ;
#323 = DIRECTION ( 'NONE',  ( -0.0000000000000000000, 1.000000000000000000, -0.0000000000000000000 ) ) ;
#324 = CARTESIAN_POINT ( 'NONE',  ( -1.061179379345505300, 0.4500000000000005100, 1.230945600841777200 ) ) ;
#325 = CARTESIAN_POINT ( 'NONE',  ( -1.028349364905388100, 0.3999999999999999700, 1.252692378864668700 ) ) ;
#326 = DIRECTION ( 'NONE',  ( 0.0000000000000000000, 0.0000000000000000000, 1.000000000000000000 ) ) ;
#327 = ORIENTED_EDGE ( 'NONE', *, *, #280, .F. ) ;
#328 = ORIENTED_EDGE ( 'NONE', *, *, #1874, .F. ) ;
#329 = CARTESIAN_POINT ( 'NONE',  ( 1.061650635094610000, 0.3999999999999999700, 1.210371870788979900 ) ) ;
#330 = ORIENTED_EDGE ( 'NONE', *, *, #875, .T. ) ;
#331 = CARTESIAN_POINT ( 'NONE',  ( 0.0000000000000000000, 0.005000000000000000100, 0.0000000000000000000 ) ) ;
#332 = CARTESIAN_POINT ( 'NONE',  ( -1.005134476202509000, 0.4499999999999993400, 1.220476334342263800 ) ) ;
#333 = DIRECTION ( 'NONE',  ( -1.000000000000000000, 0.0000000000000000000, 0.0000000000000000000 ) ) ;
#334 =( NAMED_UNIT ( * ) PLANE_ANGLE_UNIT ( ) SI_UNIT ( $, .RADIAN. ) );
#335 = FILL_AREA_STYLE ('',( #1384 ) ) ;
#336 = CARTESIAN_POINT ( 'NONE',  ( 0.5999999999999998700, 3.137091952673166000, 1.500000000000000400 ) ) ;
#337 = VECTOR ( 'NONE', #1393, 1000.000000000000000 ) ;
#338 = CARTESIAN_POINT ( 'NONE',  ( 1.018349364905390100, 0.009999999999999998500, 1.235371870788978900 ) ) ;
#339 = CARTESIAN_POINT ( 'NONE',  ( -1.004999999999028900, 0.4984382746731786400, 1.005379456338123300 ) ) ;
#340 = ORIENTED_EDGE ( 'NONE', *, *, #399, .T. ) ;
#341 = VECTOR ( 'NONE', #2641, 1000.000000000000100 ) ;
#342 = FACE_OUTER_BOUND ( 'NONE', #2014, .T. ) ;
#343 = AXIS2_PLACEMENT_3D ( 'NONE', #1710, #1293, #53 ) ;
#344 = FACE_OUTER_BOUND ( 'NONE', #1364, .T. ) ;
#345 =( LENGTH_UNIT ( ) NAMED_UNIT ( * ) SI_UNIT ( .MILLI., .METRE. ) );
#346 = DIRECTION ( 'NONE',  ( 0.0000000000000000000, 0.0000000000000000000, 1.000000000000000000 ) ) ;
#347 = SURFACE_STYLE_FILL_AREA ( #1846 ) ;
#348 = CARTESIAN_POINT ( 'NONE',  ( -0.5999999999999998700, 0.3999999999999999700, 1.500000000000000400 ) ) ;
#349 = ORIENTED_EDGE ( 'NONE', *, *, #779, .T. ) ;
#350 = DIRECTION ( 'NONE',  ( 0.0000000000000000000, -1.000000000000000000, 0.0000000000000000000 ) ) ;
#351 = CARTESIAN_POINT ( 'NONE',  ( -0.5999999999999998700, 0.3999999999999999700, 1.500000000000000400 ) ) ;
#352 = CARTESIAN_POINT ( 'NONE',  ( -1.004758762622767600, 0.4500000000000000700, 1.213524082050100300 ) ) ;
#353 = ORIENTED_EDGE ( 'NONE', *, *, #583, .F. ) ;
#354 = EDGE_CURVE ( 'NONE', #1071, #2244, #1688, .T. ) ;
#355 = EDGE_LOOP ( 'NONE', ( #1395, #489, #1907, #298, #1000 ) ) ;
#356 = DIRECTION ( 'NONE',  ( 0.8660254037844382600, 0.0000000000000000000, -0.5000000000000005600 ) ) ;
#357 = DIRECTION ( 'NONE',  ( 0.0000000000000000000, -1.000000000000000000, 0.0000000000000000000 ) ) ;
#358 = CARTESIAN_POINT ( 'NONE',  ( 1.008349364905389800, 0.3999999999999999700, 1.218051362713290100 ) ) ;
#359 = DIRECTION ( 'NONE',  ( 0.0000000000000000000, -1.000000000000000000, 0.0000000000000000000 ) ) ;
#360 = EDGE_LOOP ( 'NONE', ( #2553, #2235, #2102, #1198 ) ) ;
#361 = CARTESIAN_POINT ( 'NONE',  ( -1.063366782241061700, 0.4902365136714110800, 0.9491959672876708600 ) ) ;
#362 = ORIENTED_EDGE ( 'NONE', *, *, #834, .F. ) ;
#363 = ORIENTED_EDGE ( 'NONE', *, *, #1201, .T. ) ;
#364 = ORIENTED_EDGE ( 'NONE', *, *, #558, .T. ) ;
#365 = ORIENTED_EDGE ( 'NONE', *, *, #1078, .T. ) ;
#366 = DIRECTION ( 'NONE',  ( 0.0000000000000000000, 1.000000000000000000, 0.0000000000000000000 ) ) ;
#367 = DIRECTION ( 'NONE',  ( 0.0000000000000000000, -0.0000000000000000000, -1.000000000000000000 ) ) ;
#368 = EDGE_CURVE ( 'NONE', #1594, #2268, #216, .T. ) ;
#369 = CARTESIAN_POINT ( 'NONE',  ( 1.500000000000000000, 0.0000000000000000000, -0.9803847577293354200 ) ) ;
#370 = PLANE ( 'NONE',  #268 ) ;
#371 = CARTESIAN_POINT ( 'NONE',  ( 1.500000000000000000, 1.200000000000000000, 0.9803847577293354200 ) ) ;
#372 = CARTESIAN_POINT ( 'NONE',  ( -1.034999999999999900, 0.4999999999999995600, 1.164211616751134900 ) ) ;
#373 = EDGE_CURVE ( 'NONE', #1259, #1351, #1838, .T. ) ;
#374 = PLANE ( 'NONE',  #2675 ) ;
#375 = CIRCLE ( 'NONE', #2542, 0.03000000000000007900 ) ;
#376 = DIRECTION ( 'NONE',  ( 0.0000000000000000000, 1.000000000000000000, 0.0000000000000000000 ) ) ;
#377 = CYLINDRICAL_SURFACE ( 'NONE', #555, 0.03000000000000007900 ) ;
#378 = PLANE ( 'NONE',  #1241 ) ;
#379 = DIRECTION ( 'NONE',  ( -0.0000000000000000000, -1.000000000000000000, -0.0000000000000000000 ) ) ;
#380 = CIRCLE ( 'NONE', #900, 0.02000000000000005200 ) ;
#381 = CARTESIAN_POINT ( 'NONE',  ( -1.042253990391004900, 0.5294400176796727500, 0.9498852516358211600 ) ) ;
#382 = LINE ( 'NONE', #1598, #2538 ) ;
#383 = AXIS2_PLACEMENT_3D ( 'NONE', #1723, #444, #1070 ) ;
#384 = CARTESIAN_POINT ( 'NONE',  ( 1.005342007506584600, 0.4500000000000000100, 1.209694595469300600 ) ) ;
#385 = ORIENTED_EDGE ( 'NONE', *, *, #166, .T. ) ;
#386 = DIRECTION ( 'NONE',  ( 0.0000000000000000000, -1.000000000000000000, 0.0000000000000000000 ) ) ;
#387 = CARTESIAN_POINT ( 'NONE',  ( 1.064657992493414800, 0.4500000000000000700, 1.218728638032968900 ) ) ;
#388 = CARTESIAN_POINT ( 'NONE',  ( -1.019817455944177900, 0.5258745117054027800, 0.9754876550805184900 ) ) ;
#390 = EDGE_CURVE ( 'NONE', #1726, #2422, #706, .T. ) ;
#389 = DIRECTION ( 'NONE',  ( 0.0000000000000000000, 1.000000000000000000, 0.0000000000000000000 ) ) ;
#391 = VERTEX_POINT ( 'NONE', #831 ) ;
#392 = ORIENTED_EDGE ( 'NONE', *, *, #2188, .F. ) ;
#393 = CARTESIAN_POINT ( 'NONE',  ( 0.0000000000000000000, 0.5999999999999999800, 0.0000000000000000000 ) ) ;
#394 = CARTESIAN_POINT ( 'NONE',  ( -1.064988267955311100, 0.5009762513811127900, 0.9399306559568196800 ) ) ;
#395 = ORIENTED_EDGE ( 'NONE', *, *, #1570, .F. ) ;
#396 = MECHANICAL_DESIGN_GEOMETRIC_PRESENTATION_REPRESENTATION (  '', ( #203 ), #623 ) ;
#397 = DIRECTION ( 'NONE',  ( 1.224646799147353500E-016, 0.0000000000000000000, -1.000000000000000000 ) ) ;
#398 = DIRECTION ( 'NONE',  ( 1.000000000000000000, 0.0000000000000000000, 0.0000000000000000000 ) ) ;
#399 = EDGE_CURVE ( 'NONE', #2068, #1259, #1870, .T. ) ;
#400 = ADVANCED_FACE ( 'NONE', ( #2597 ), #546, .F. ) ;
#401 = CIRCLE ( 'NONE', #2482, 0.03000000000000007900 ) ;
#402 = CARTESIAN_POINT ( 'NONE',  ( 1.064999999999999900, 0.4999999999999997800, 1.164211616751134900 ) ) ;
#403 = FILL_AREA_STYLE ('',( #1643 ) ) ;
#404 = CIRCLE ( 'NONE', #2309, 0.2499999999999997800 ) ;
#405 = DIRECTION ( 'NONE',  ( 0.0000000000000000000, -0.0000000000000000000, 1.000000000000000000 ) ) ;
#406 = CIRCLE ( 'NONE', #1118, 0.03000000000000018600 ) ;
#407 = ORIENTED_EDGE ( 'NONE', *, *, #787, .F. ) ;
#408 = VECTOR ( 'NONE', #2653, 1000.000000000000000 ) ;
#409 = CARTESIAN_POINT ( 'NONE',  ( -1.071650635094610000, 0.3999999999999999700, 1.227692378864668500 ) ) ;
#410 = COLOUR_RGB ( '',0.9686274509803921600, 0.8784313725490196000, 0.5999999999999999800 ) ;
#411 = COLOUR_RGB ( '',0.2509803921568627400, 0.2509803921568627400, 0.2509803921568627400 ) ;
#412 = UNCERTAINTY_MEASURE_WITH_UNIT (LENGTH_MEASURE( 1.000000000000000100E-005 ), #1768, 'distance_accuracy_value', 'NONE');
#413 = TOROIDAL_SURFACE ( 'NONE', #1904, 0.04999999999999969700, 0.03000000000000014500 ) ;
#414 = DIRECTION ( 'NONE',  ( 0.0000000000000000000, -0.0000000000000000000, -1.000000000000000000 ) ) ;
#415 = SURFACE_STYLE_USAGE ( .BOTH. , #2129 ) ;
#416 =( GEOMETRIC_REPRESENTATION_CONTEXT ( 3 ) GLOBAL_UNCERTAINTY_ASSIGNED_CONTEXT ( ( #2205 ) ) GLOBAL_UNIT_ASSIGNED_CONTEXT ( ( #345, #1825, #1834 ) ) REPRESENTATION_CONTEXT ( 'NONE', 'WORKASPACE' ) );
#417 = ORIENTED_EDGE ( 'NONE', *, *, #2065, .F. ) ;
#418 = ORIENTED_EDGE ( 'NONE', *, *, #2684, .T. ) ;
#419 = EDGE_CURVE ( 'NONE', #1040, #1602, #57, .T. ) ;
#420 = ADVANCED_FACE ( 'NONE', ( #2161 ), #79, .T. ) ;
#421 = CARTESIAN_POINT ( 'NONE',  ( 1.032476139926608900, 0.3999999999999998600, 1.250309784195281300 ) ) ;
#422 = ORIENTED_EDGE ( 'NONE', *, *, #2694, .F. ) ;
#423 = PRESENTATION_LAYER_ASSIGNMENT (  '', '', ( #1443 ) ) ;
#424 = DIRECTION ( 'NONE',  ( 0.0000000000000000000, 1.000000000000000000, 0.0000000000000000000 ) ) ;
#425 = DIRECTION ( 'NONE',  ( 0.0000000000000000000, -0.0000000000000000000, 1.000000000000000000 ) ) ;
#426 = ORIENTED_EDGE ( 'NONE', *, *, #2088, .T. ) ;
#427 = ORIENTED_EDGE ( 'NONE', *, *, #1128, .F. ) ;
#428 = CARTESIAN_POINT ( 'NONE',  ( 1.066169297935583000, 0.3999999999999996900, 1.188546555268313900 ) ) ;
#429 = CARTESIAN_POINT ( 'NONE',  ( 1.005342007506584600, 0.4500000000000000100, 1.209694595469300600 ) ) ;
#430 = ORIENTED_EDGE ( 'NONE', *, *, #1302, .F. ) ;
#431 = ORIENTED_EDGE ( 'NONE', *, *, #1136, .F. ) ;
#432 = ADVANCED_FACE ( 'NONE', ( #1656 ), #1542, .F. ) ;
#433 = CARTESIAN_POINT ( 'NONE',  ( 0.5999999999999998700, 0.004999999999999796300, -1.500000000000000400 ) ) ;
#434 = DIRECTION ( 'NONE',  ( -0.0000000000000000000, -0.0000000000000000000, -1.000000000000000000 ) ) ;
#435 = STYLED_ITEM ( 'NONE', ( #2292 ), #1117 ) ;
#436 = CARTESIAN_POINT ( 'NONE',  ( 1.030894072287250400, 0.4702823056476836400, 1.000088628461514500 ) ) ;
#437 = CARTESIAN_POINT ( 'NONE',  ( 1.081263015300395500, 0.4000000000000001900, 1.199048657797721100 ) ) ;
#438 = SHAPE_DEFINITION_REPRESENTATION ( #519, #2086 ) ;
#439 = DIRECTION ( 'NONE',  ( 0.0000000000000000000, -1.000000000000000000, 0.0000000000000000000 ) ) ;
#440 = CARTESIAN_POINT ( 'NONE',  ( 1.008349364921631700, 0.3999999999999999100, 1.218051362703912700 ) ) ;
#441 = CARTESIAN_POINT ( 'NONE',  ( -1.061650635094610000, -0.1056603123937139100, 1.210371870788979900 ) ) ;
#442 =( LENGTH_UNIT ( ) NAMED_UNIT ( * ) SI_UNIT ( .MILLI., .METRE. ) );
#443 = FACE_OUTER_BOUND ( 'NONE', #986, .T. ) ;
#444 = DIRECTION ( 'NONE',  ( 0.0000000000000000000, 0.0000000000000000000, -1.000000000000000000 ) ) ;
#445 = EDGE_CURVE ( 'NONE', #1497, #2506, #2329, .T. ) ;
#446 = VECTOR ( 'NONE', #1326, 1000.000000000000100 ) ;
#447 = LINE ( 'NONE', #1029, #2325 ) ;
#448 = LINE ( 'NONE', #1345, #638 ) ;
#449 = CARTESIAN_POINT ( 'NONE',  ( 1.064058683980683800, 0.4500000000000000100, 1.222663595665589100 ) ) ;
#450 = ORIENTED_EDGE ( 'NONE', *, *, #2038, .F. ) ;
#451 = ORIENTED_EDGE ( 'NONE', *, *, #1765, .T. ) ;
#452 = AXIS2_PLACEMENT_3D ( 'NONE', #562, #2233, #2055 ) ;
#453 = CARTESIAN_POINT ( 'NONE',  ( -1.064154706255419100, 0.4927888223091472800, 0.9464565632241818100 ) ) ;
#454 = EDGE_CURVE ( 'NONE', #2080, #68, #1763, .T. ) ;
#455 = CARTESIAN_POINT ( 'NONE',  ( 1.064963721147760500, 0.5014749288048064900, 0.9396352708216432200 ) ) ;
#456 = PLANE ( 'NONE',  #2550 ) ;
#457 = CARTESIAN_POINT ( 'NONE',  ( -1.040191605313537200, 0.4000000000000003000, 1.199667236642046700 ) ) ;
#458 = DIRECTION ( 'NONE',  ( -0.0000000000000000000, -1.000000000000000000, -0.0000000000000000000 ) ) ;
#459 = CARTESIAN_POINT ( 'NONE',  ( -0.5999999999999998700, 0.0000000000000000000, -1.500000000000000400 ) ) ;
#460 = EDGE_CURVE ( 'NONE', #2068, #1090, #2357, .T. ) ;
#461 = CARTESIAN_POINT ( 'NONE',  ( 1.500000000000000000, 0.005000000000000000100, -0.9803847577293354200 ) ) ;
#462 = ORIENTED_EDGE ( 'NONE', *, *, #2601, .F. ) ;
#463 = VERTEX_POINT ( 'NONE', #117 ) ;
#464 = CARTESIAN_POINT ( 'NONE',  ( -1.500000000000000000, 0.7999999999999999300, -0.9803847577293354200 ) ) ;
#465 = CARTESIAN_POINT ( 'NONE',  ( 1.064554972304020400, 0.5056102072811152800, 0.9374659391032491600 ) ) ;
#466 = ORIENTED_EDGE ( 'NONE', *, *, #222, .T. ) ;
#467 = CARTESIAN_POINT ( 'NONE',  ( 1.020639692239002200, 0.4735843024229924900, 1.007749234757275400 ) ) ;
#468 = CARTESIAN_POINT ( 'NONE',  ( 0.5999999999999998700, 0.005000000000000000100, 1.500000000000000400 ) ) ;
#469 = AXIS2_PLACEMENT_3D ( 'NONE', #1617, #2447, #1399 ) ;
#470 = AXIS2_PLACEMENT_3D ( 'NONE', #1991, #287, #711 ) ;
#471 = FACE_OUTER_BOUND ( 'NONE', #2050, .T. ) ;
#472 = CARTESIAN_POINT ( 'NONE',  ( -0.5999999999999998700, 0.3999999999999999700, -1.500000000000000400 ) ) ;
#473 = CARTESIAN_POINT ( 'NONE',  ( 1.071650635094610000, -0.09566031239371421100, 1.227692378864668500 ) ) ;
#474 = LINE ( 'NONE', #1733, #2626 ) ;
#475 = CARTESIAN_POINT ( 'NONE',  ( -1.500000000000000000, 0.7999999999999999300, 0.9803847577293354200 ) ) ;
#476 = LINE ( 'NONE', #1860, #2158 ) ;
#477 = CARTESIAN_POINT ( 'NONE',  ( -1.075666797634361000, 0.3999999999999999700, 1.225373646341234400 ) ) ;
#478 = VECTOR ( 'NONE', #434, 1000.000000000000000 ) ;
#479 = FILL_AREA_STYLE_COLOUR ( '', #957 ) ;
#480 = LINE ( 'NONE', #906, #1964 ) ;
#481 = CARTESIAN_POINT ( 'NONE',  ( 1.034999999999999900, 0.4500000000000000100, 1.164211616751134900 ) ) ;
#482 = VECTOR ( 'NONE', #2575, 1000.000000000000000 ) ;
#483 = LINE ( 'NONE', #681, #1652 ) ;
#484 = FACE_OUTER_BOUND ( 'NONE', #1332, .T. ) ;
#485 = DIRECTION ( 'NONE',  ( 0.0000000000000000000, 0.0000000000000000000, 1.000000000000000000 ) ) ;
#486 = CARTESIAN_POINT ( 'NONE',  ( -1.500000000000000000, 0.7999999999999999300, 0.9803847577293354200 ) ) ;
#487 = ORIENTED_EDGE ( 'NONE', *, *, #2514, .T. ) ;
#488 = DIRECTION ( 'NONE',  ( -0.0000000000000000000, 1.000000000000000000, -0.0000000000000000000 ) ) ;
#489 = ORIENTED_EDGE ( 'NONE', *, *, #42, .T. ) ;
#490 = AXIS2_PLACEMENT_3D ( 'NONE', #1737, #284, #1489 ) ;
#491 = CARTESIAN_POINT ( 'NONE',  ( 1.500000000000000000, 3.137091952673166000, -0.9803847577293354200 ) ) ;
#492 = DIRECTION ( 'NONE',  ( 0.0000000000000000000, 1.000000000000000000, 0.0000000000000000000 ) ) ;
#493 = DIRECTION ( 'NONE',  ( 0.0000000000000000000, 0.0000000000000000000, -1.000000000000000000 ) ) ;
#494 = ORIENTED_EDGE ( 'NONE', *, *, #1338, .F. ) ;
#495 = ORIENTED_EDGE ( 'NONE', *, *, #787, .T. ) ;
#496 = ORIENTED_EDGE ( 'NONE', *, *, #736, .F. ) ;
#497 = ORIENTED_EDGE ( 'NONE', *, *, #2015, .F. ) ;
#498 = DIRECTION ( 'NONE',  ( 0.0000000000000000000, 1.000000000000000000, 0.0000000000000000000 ) ) ;
#499 = EDGE_CURVE ( 'NONE', #1690, #656, #275, .T. ) ;
#500 = CARTESIAN_POINT ( 'NONE',  ( -1.071650635094610000, 0.009999999999999998500, 1.227692378864668500 ) ) ;
#501 = DIRECTION ( 'NONE',  ( 0.0000000000000000000, 0.0000000000000000000, -1.000000000000000000 ) ) ;
#502 = COLOUR_RGB ( '',0.7921568627450980000, 0.8196078431372548800, 0.9333333333333333500 ) ;
#503 = DIRECTION ( 'NONE',  ( 0.0000000000000000000, -1.000000000000000000, -0.0000000000000000000 ) ) ;
#504 = MECHANICAL_DESIGN_GEOMETRIC_PRESENTATION_REPRESENTATION (  '', ( #2512 ), #1439 ) ;
#505 = LINE ( 'NONE', #2303, #1408 ) ;
#506 = EDGE_CURVE ( 'NONE', #316, #1350, #2194, .T. ) ;
#507 = MECHANICAL_DESIGN_GEOMETRIC_PRESENTATION_REPRESENTATION (  '', ( #852 ), #920 ) ;
#508 = CARTESIAN_POINT ( 'NONE',  ( -1.060191605313536100, 0.4000000000000000200, 1.234308252793422400 ) ) ;
#509 = CARTESIAN_POINT ( 'NONE',  ( -1.500000000000000000, 0.004999999999999796300, -0.9803847577293354200 ) ) ;
#510 = FACE_OUTER_BOUND ( 'NONE', #159, .T. ) ;
#511 = B_SPLINE_CURVE_WITH_KNOTS ( 'NONE', 3,
 ( #818, #1861, #588, #1199 ),
 .UNSPECIFIED., .F., .F.,
 ( 4, 4 ),
 ( 0.0000000000000000000, 1.000000000000000000 ),
 .UNSPECIFIED. ) ;
#512 = CARTESIAN_POINT ( 'NONE',  ( 1.005888465370970800, 0.5082162574168468400, 0.9986374794016884500 ) ) ;
#513 = VECTOR ( 'NONE', #1469, 1000.000000000000000 ) ;
#514 = EDGE_CURVE ( 'NONE', #1839, #2366, #2067, .T. ) ;
#515 = DIRECTION ( 'NONE',  ( 0.0000000000000000000, 1.000000000000000000, 0.0000000000000000000 ) ) ;
#516 = LINE ( 'NONE', #491, #2669 ) ;
#517 = ORIENTED_EDGE ( 'NONE', *, *, #1055, .T. ) ;
#518 = EDGE_LOOP ( 'NONE', ( #872, #67, #2367, #867 ) ) ;
#519 = PRODUCT_DEFINITION_SHAPE ( 'NONE', 'NONE',  #871 ) ;
#520 = DIRECTION ( 'NONE',  ( 0.0000000000000000000, 0.0000000000000000000, 1.000000000000000000 ) ) ;
#521 = VERTEX_POINT ( 'NONE', #1553 ) ;
#522 = VERTEX_POINT ( 'NONE', #2198 ) ;
#523 = AXIS2_PLACEMENT_3D ( 'NONE', #1784, #515, #1091 ) ;
#524 = ORIENTED_EDGE ( 'NONE', *, *, #1863, .F. ) ;
#525 = CARTESIAN_POINT ( 'NONE',  ( -1.020474803828461900, 0.4500000000000000700, 1.240745063912209700 ) ) ;
#526 = CARTESIAN_POINT ( 'NONE',  ( 1.071650635094610000, -0.1056603123937139100, 1.227692378864668500 ) ) ;
#527 = ORIENTED_EDGE ( 'NONE', *, *, #166, .F. ) ;
#528 = CARTESIAN_POINT ( 'NONE',  ( -1.039808394686462900, 0.4000000000000001300, 1.246076504935912200 ) ) ;
#529 = ORIENTED_EDGE ( 'NONE', *, *, #1678, .F. ) ;
#530 = ORIENTED_EDGE ( 'NONE', *, *, #1926, .F. ) ;
#531 = CARTESIAN_POINT ( 'NONE',  ( -1.500000000000000000, 0.7999999999999999300, 0.9803847577293354200 ) ) ;
#532 = DIRECTION ( 'NONE',  ( -0.8660254037844383700, 0.0000000000000000000, 0.5000000000000006700 ) ) ;
#533 = EDGE_CURVE ( 'NONE', #198, #1452, #1347, .T. ) ;
#534 = CARTESIAN_POINT ( 'NONE',  ( 1.051650635094610000, 0.009999999999999998500, 1.193051362713291000 ) ) ;
#535 = CARTESIAN_POINT ( 'NONE',  ( 1.004999999999999900, 0.4999999999999997800, 1.164211616751134900 ) ) ;
#536 = CARTESIAN_POINT ( 'NONE',  ( -1.033597634343730800, 0.4499999999999996800, 1.183172617137298700 ) ) ;
#537 = VECTOR ( 'NONE', #1303, 1000.000000000000100 ) ;
#538 = CARTESIAN_POINT ( 'NONE',  ( -1.034999999999999900, 0.4500000000000000100, 1.164211616751134900 ) ) ;
#539 = CIRCLE ( 'NONE', #1887, 0.03000000000000007900 ) ;
#540 = ADVANCED_FACE ( 'NONE', ( #2130 ), #1623, .T. ) ;
#541 = FILL_AREA_STYLE ('',( #743 ) ) ;
#542 = VECTOR ( 'NONE', #1499, 1000.000000000000000 ) ;
#543 = FACE_OUTER_BOUND ( 'NONE', #2110, .T. ) ;
#544 = EDGE_CURVE ( 'NONE', #946, #1566, #448, .T. ) ;
#545 = PRESENTATION_STYLE_ASSIGNMENT (( #142 ) ) ;
#546 = CYLINDRICAL_SURFACE ( 'NONE', #2307, 0.01999999999999983700 ) ;
#547 = DIRECTION ( 'NONE',  ( 0.0000000000000000000, 0.0000000000000000000, 1.000000000000000000 ) ) ;
#548 = ORIENTED_EDGE ( 'NONE', *, *, #736, .T. ) ;
#549 = CARTESIAN_POINT ( 'NONE',  ( 1.061650635094610000, 0.009999999999999998500, 1.210371870788979900 ) ) ;
#550 = VERTEX_POINT ( 'NONE', #2609 ) ;
#551 = CARTESIAN_POINT ( 'NONE',  ( 1.061650635094610000, 0.009999999999999998500, 1.210371870788979900 ) ) ;
#552 = ORIENTED_EDGE ( 'NONE', *, *, #591, .F. ) ;
#553 = DIRECTION ( 'NONE',  ( -1.000000000000000000, 0.0000000000000000000, 0.0000000000000000000 ) ) ;
#554 = CARTESIAN_POINT ( 'NONE',  ( -1.030894072287250400, 0.4702823056476836400, 1.000088628461514500 ) ) ;
#555 = AXIS2_PLACEMENT_3D ( 'NONE', #236, #414, #1265 ) ;
#556 = ADVANCED_FACE ( 'NONE', ( #1057 ), #2519, .T. ) ;
#557 =( NAMED_UNIT ( * ) PLANE_ANGLE_UNIT ( ) SI_UNIT ( $, .RADIAN. ) );
#558 = EDGE_CURVE ( 'NONE', #582, #1134, #87, .T. ) ;
#559 = ORIENTED_EDGE ( 'NONE', *, *, #454, .F. ) ;
#560 = AXIS2_PLACEMENT_3D ( 'NONE', #331, #941, #1829 ) ;
#561 = EDGE_LOOP ( 'NONE', ( #1425, #517 ) ) ;
#562 = CARTESIAN_POINT ( 'NONE',  ( 0.0000000000000000000, 0.5999999999999999800, 1.649999999999999700 ) ) ;
#563 = ORIENTED_EDGE ( 'NONE', *, *, #1220, .T. ) ;
#564 = CARTESIAN_POINT ( 'NONE',  ( -1.500000000000000000, 3.137091952673166000, -0.9803847577293354200 ) ) ;
#565 = CARTESIAN_POINT ( 'NONE',  ( -1.010222781404833200, 0.4828604310179232500, 1.010871127904347200 ) ) ;
#566 = EDGE_CURVE ( 'NONE', #1917, #2442, #1184, .T. ) ;
#567 = DIRECTION ( 'NONE',  ( 0.0000000000000000000, 1.000000000000000000, 0.0000000000000000000 ) ) ;
#568 = APPLICATION_PROTOCOL_DEFINITION ( 'draft international standard', 'automotive_design', 1998, #2431 ) ;
#569 = CARTESIAN_POINT ( 'NONE',  ( 1.040191605313537200, 0.4000000000000001900, 1.199667236642046700 ) ) ;
#570 = DIRECTION ( 'NONE',  ( 0.0000000000000000000, 0.0000000000000000000, 1.000000000000000000 ) ) ;
#571 = CYLINDRICAL_SURFACE ( 'NONE', #1586, 0.01999999999999983700 ) ;
#572 =( NAMED_UNIT ( * ) SI_UNIT ( $, .STERADIAN. ) SOLID_ANGLE_UNIT ( ) );
#573 = DIRECTION ( 'NONE',  ( -0.8660254037844379300, 0.0000000000000000000, -0.5000000000000012200 ) ) ;
#574 = CIRCLE ( 'NONE', #1226, 1.500000000000000000 ) ;
#575 = AXIS2_PLACEMENT_3D ( 'NONE', #1082, #1064, #45 ) ;
#576 = CARTESIAN_POINT ( 'NONE',  ( -0.5999999999999998700, 1.200000000000000000, 1.500000000000000400 ) ) ;
#577 = SURFACE_STYLE_FILL_AREA ( #1618 ) ;
#578 = VECTOR ( 'NONE', #1272, 1000.000000000000100 ) ;
#579 = ORIENTED_EDGE ( 'NONE', *, *, #1159, .T. ) ;
#580 = CARTESIAN_POINT ( 'NONE',  ( -1.034999999999999900, 0.4500000000000000100, 1.164211616751134900 ) ) ;
#581 = CARTESIAN_POINT ( 'NONE',  ( -1.063977985314964900, 0.5077637856156439500, 0.9368276346227899500 ) ) ;
#582 = VERTEX_POINT ( 'NONE', #1538 ) ;
#583 = EDGE_CURVE ( 'NONE', #973, #316, #122, .T. ) ;
#584 = DIRECTION ( 'NONE',  ( 0.8660254037844368200, 0.0000000000000000000, 0.5000000000000032200 ) ) ;
#585 = CARTESIAN_POINT ( 'NONE',  ( -1.008349364905389800, -0.09566031239371421100, 1.218051362713290100 ) ) ;
#586 = DIRECTION ( 'NONE',  ( -0.0000000000000000000, -0.0000000000000000000, -1.000000000000000000 ) ) ;
#587 = ORIENTED_EDGE ( 'NONE', *, *, #829, .F. ) ;
#588 = CARTESIAN_POINT ( 'NONE',  ( 1.042783121635128700, 0.3999999999999999700, 1.244359045531335100 ) ) ;
#589 = ORIENTED_EDGE ( 'NONE', *, *, #2546, .T. ) ;
#590 = ORIENTED_EDGE ( 'NONE', *, *, #2628, .T. ) ;
#591 = EDGE_CURVE ( 'NONE', #946, #2313, #516, .T. ) ;
#592 = ADVANCED_FACE ( 'NONE', ( #1478 ), #1967, .F. ) ;
#593 = CARTESIAN_POINT ( 'NONE',  ( 0.5999999999999998700, 3.137091952673166000, -1.500000000000000400 ) ) ;
#594 = DIRECTION ( 'NONE',  ( 0.0000000000000000000, 1.000000000000000000, 0.0000000000000000000 ) ) ;
#595 = PLANE ( 'NONE',  #2369 ) ;
#596 =( GEOMETRIC_REPRESENTATION_CONTEXT ( 3 ) GLOBAL_UNCERTAINTY_ASSIGNED_CONTEXT ( ( #805 ) ) GLOBAL_UNIT_ASSIGNED_CONTEXT ( ( #2637, #2021, #2446 ) ) REPRESENTATION_CONTEXT ( 'NONE', 'WORKASPACE' ) );
#597 = CARTESIAN_POINT ( 'NONE',  ( 1.500000000000000000, 0.004999999999999796300, 0.9803847577293354200 ) ) ;
#598 = FACE_OUTER_BOUND ( 'NONE', #2165, .T. ) ;
#599 = TOROIDAL_SURFACE ( 'NONE', #1836, 1.649999999999999700, 0.2499999999999998300 ) ;
#600 = LINE ( 'NONE', #2094, #2696 ) ;
#601 = PLANE ( 'NONE',  #2411 ) ;
#602 = LINE ( 'NONE', #2593, #1798 ) ;
#603 = FACE_OUTER_BOUND ( 'NONE', #2342, .T. ) ;
#604 = CARTESIAN_POINT ( 'NONE',  ( -1.034999999999999900, 0.4500000000000000100, 1.214211616751134800 ) ) ;
#605 = FACE_OUTER_BOUND ( 'NONE', #902, .T. ) ;
#606 = ORIENTED_EDGE ( 'NONE', *, *, #1251, .F. ) ;
#607 = CARTESIAN_POINT ( 'NONE',  ( 2.020667218593132500E-016, 0.5999999999999999800, -1.649999999999999700 ) ) ;
#608 = ORIENTED_EDGE ( 'NONE', *, *, #1537, .F. ) ;
#609 = VERTEX_POINT ( 'NONE', #534 ) ;
#610 = DIRECTION ( 'NONE',  ( 0.0000000000000000000, 0.0000000000000000000, 1.000000000000000000 ) ) ;
#611 = DIRECTION ( 'NONE',  ( -0.0000000000000000000, 1.000000000000000000, -0.0000000000000000000 ) ) ;
#612 = CARTESIAN_POINT ( 'NONE',  ( 0.5999999999999998700, 0.3999999999999999700, 1.500000000000000400 ) ) ;
#613 = CARTESIAN_POINT ( 'NONE',  ( 1.013830702064414200, 0.3999999999999999100, 1.257197186309645400 ) ) ;
#614 = ORIENTED_EDGE ( 'NONE', *, *, #257, .T. ) ;
#615 = VERTEX_POINT ( 'NONE', #1748 ) ;
#616 = ORIENTED_EDGE ( 'NONE', *, *, #2104, .F. ) ;
#617 = ADVANCED_FACE ( 'NONE', ( #1284 ), #1419, .F. ) ;
#618 = ORIENTED_EDGE ( 'NONE', *, *, #2644, .F. ) ;
#619 = CARTESIAN_POINT ( 'NONE',  ( 1.500000000000000000, 0.7999999999999999300, 0.9803847577293354200 ) ) ;
#620 = CARTESIAN_POINT ( 'NONE',  ( 1.018349364905390100, 0.009999999999999998500, 1.255371870788978900 ) ) ;
#621 = ORIENTED_EDGE ( 'NONE', *, *, #143, .T. ) ;
#622 = EDGE_LOOP ( 'NONE', ( #1843, #1036, #1269, #2544 ) ) ;
#623 =( GEOMETRIC_REPRESENTATION_CONTEXT ( 3 ) GLOBAL_UNCERTAINTY_ASSIGNED_CONTEXT ( ( #1152 ) ) GLOBAL_UNIT_ASSIGNED_CONTEXT ( ( #442, #36, #11 ) ) REPRESENTATION_CONTEXT ( 'NONE', 'WORKASPACE' ) );
#624 = CARTESIAN_POINT ( 'NONE',  ( 1.008349364921631700, 0.3999999999999999100, 1.218051362703912700 ) ) ;
#625 = FILL_AREA_STYLE_COLOUR ( '', #2503 ) ;
#626 = PLANE ( 'NONE',  #1624 ) ;
#627 = PRESENTATION_STYLE_ASSIGNMENT (( #1191 ) ) ;
#628 = CARTESIAN_POINT ( 'NONE',  ( 1.000791860177293600, 0.4000000000000000200, 1.222414690102458400 ) ) ;
#629 = DIRECTION ( 'NONE',  ( 0.0000000000000000000, -0.0000000000000000000, 1.000000000000000000 ) ) ;
#630 = EDGE_CURVE ( 'NONE', #62, #1232, #382, .T. ) ;
#631 = ADVANCED_FACE ( 'NONE', ( #2002 ), #1352, .T. ) ;
#632 = CARTESIAN_POINT ( 'NONE',  ( -1.500000000000000000, 1.200000000000000000, -0.9803847577293354200 ) ) ;
#633 = LINE ( 'NONE', #1391, #1616 ) ;
#634 = DIRECTION ( 'NONE',  ( -0.0000000000000000000, 1.000000000000000000, -0.0000000000000000000 ) ) ;
#635 = LINE ( 'NONE', #2170, #1053 ) ;
#636 = FACE_OUTER_BOUND ( 'NONE', #89, .T. ) ;
#637 = CARTESIAN_POINT ( 'NONE',  ( 1.836970198721029900E-016, 0.3999999999999999700, -1.500000000000000000 ) ) ;
#638 = VECTOR ( 'NONE', #1563, 999.9999999999998900 ) ;
#639 = PRESENTATION_LAYER_ASSIGNMENT (  '', '', ( #81 ) ) ;
#640 = EDGE_LOOP ( 'NONE', ( #1153, #1600, #169, #1479 ) ) ;
#641 = EDGE_CURVE ( 'NONE', #1459, #1350, #865, .T. ) ;
#642 = AXIS2_PLACEMENT_3D ( 'NONE', #1183, #1406, #756 ) ;
#643 = CARTESIAN_POINT ( 'NONE',  ( 1.061179379345505300, 0.4500000000000005100, 1.230945600841777200 ) ) ;
#644 = ORIENTED_EDGE ( 'NONE', *, *, #2601, .T. ) ;
#645 = CARTESIAN_POINT ( 'NONE',  ( 1.039808394686462900, 0.4000000000000001300, 1.246076504935912200 ) ) ;
#646 = CARTESIAN_POINT ( 'NONE',  ( -1.081263015300395500, 0.4000000000000001900, 1.199048657797721100 ) ) ;
#647 = EDGE_CURVE ( 'NONE', #2268, #232, #1801, .T. ) ;
#648 = CARTESIAN_POINT ( 'NONE',  ( 1.028349364905388100, 0.009999999999999998500, 1.252692378864668700 ) ) ;
#649 = CARTESIAN_POINT ( 'NONE',  ( -1.028349364905388300, 0.3999999999999999700, 1.252692378864668400 ) ) ;
#650 = ORIENTED_EDGE ( 'NONE', *, *, #1891, .F. ) ;
#651 = ORIENTED_EDGE ( 'NONE', *, *, #1739, .F. ) ;
#652 = ORIENTED_EDGE ( 'NONE', *, *, #738, .T. ) ;
#653 = DIRECTION ( 'NONE',  ( -1.000000000000000000, 0.0000000000000000000, 0.0000000000000000000 ) ) ;
#654 = EDGE_LOOP ( 'NONE', ( #2145, #2308, #2686, #7 ) ) ;
#655 = EDGE_LOOP ( 'NONE', ( #418, #2454, #417, #1436, #2477, #751 ) ) ;
#656 = VERTEX_POINT ( 'NONE', #111 ) ;
#657 = DIRECTION ( 'NONE',  ( 0.0000000000000000000, 0.0000000000000000000, 1.000000000000000000 ) ) ;
#658 = ORIENTED_EDGE ( 'NONE', *, *, #2074, .F. ) ;
#659 = DIRECTION ( 'NONE',  ( 0.0000000000000000000, 0.0000000000000000000, 1.000000000000000000 ) ) ;
#660 = CARTESIAN_POINT ( 'NONE',  ( 1.500000000000000000, 1.200000000000000000, -0.9803847577293354200 ) ) ;
#661 = AXIS2_PLACEMENT_3D ( 'NONE', #1228, #2464, #405 ) ;
#662 = CARTESIAN_POINT ( 'NONE',  ( 1.063490185692921300, 0.5095844760602306100, 0.9362879956184055900 ) ) ;
#663 = CARTESIAN_POINT ( 'NONE',  ( 1.060719631915780800, 0.3999999999999999700, 1.187815374957308400 ) ) ;
#664 = SURFACE_SIDE_STYLE ('',( #1249 ) ) ;
#665 = LINE ( 'NONE', #927, #537 ) ;
#666 = VECTOR ( 'NONE', #366, 1000.000000000000000 ) ;
#667 = EDGE_CURVE ( 'NONE', #1388, #2599, #2297, .T. ) ;
#668 =( NAMED_UNIT ( * ) PLANE_ANGLE_UNIT ( ) SI_UNIT ( $, .RADIAN. ) );
#669 = LINE ( 'NONE', #351, #119 ) ;
#670 = DIRECTION ( 'NONE',  ( -1.000000000000000000, 0.0000000000000000000, -0.0000000000000000000 ) ) ;
#671 = DIRECTION ( 'NONE',  ( 0.0000000000000000000, 1.000000000000000000, 0.0000000000000000000 ) ) ;
#672 = CIRCLE ( 'NONE', #1189, 0.2499999999999997800 ) ;
#673 = VECTOR ( 'NONE', #1507, 1000.000000000000000 ) ;
#674 = CARTESIAN_POINT ( 'NONE',  ( 1.005784145199713400, 0.4927487060804898700, 1.008278598550616400 ) ) ;
#675 = VERTEX_POINT ( 'NONE', #1840 ) ;
#676 = CARTESIAN_POINT ( 'NONE',  ( -1.018349364905390100, 0.3999999999999999700, 1.235371870788978900 ) ) ;
#677 = AXIS2_PLACEMENT_3D ( 'NONE', #2334, #1049, #230 ) ;
#678 = ORIENTED_EDGE ( 'NONE', *, *, #1339, .T. ) ;
#679 = CARTESIAN_POINT ( 'NONE',  ( 1.500000000000000000, 0.7999999999999999300, -0.9803847577293354200 ) ) ;
#680 = ORIENTED_EDGE ( 'NONE', *, *, #854, .F. ) ;
#681 = CARTESIAN_POINT ( 'NONE',  ( 1.008349364905389800, 0.009999999999999998500, 1.218051362713290100 ) ) ;
#682 = UNCERTAINTY_MEASURE_WITH_UNIT (LENGTH_MEASURE( 1.000000000000000100E-005 ), #1005, 'distance_accuracy_value', 'NONE');
#683 = CARTESIAN_POINT ( 'NONE',  ( -1.049999999999998500, 0.4000000000000000800, 1.240192378864670700 ) ) ;
#684 = CARTESIAN_POINT ( 'NONE',  ( -1.064999999999999900, 0.5000000000000002200, 0.9405583503070323900 ) ) ;
#685 = VERTEX_POINT ( 'NONE', #1137 ) ;
#686 = ORIENTED_EDGE ( 'NONE', *, *, #1926, .T. ) ;
#687 = ORIENTED_EDGE ( 'NONE', *, *, #1243, .F. ) ;
#688 = DIRECTION ( 'NONE',  ( 0.0000000000000000000, 1.000000000000000000, 0.0000000000000000000 ) ) ;
#689 = VERTEX_POINT ( 'NONE', #2639 ) ;
#690 = ORIENTED_EDGE ( 'NONE', *, *, #1433, .F. ) ;
#691 = CARTESIAN_POINT ( 'NONE',  ( 1.008710127550208400, 0.4852990499595561400, 1.010571783009863300 ) ) ;
#692 = PLANE ( 'NONE',  #523 ) ;
#693 = DIRECTION ( 'NONE',  ( 1.000000000000000000, 0.0000000000000000000, 0.0000000000000000000 ) ) ;
#694 = EDGE_CURVE ( 'NONE', #720, #1839, #672, .T. ) ;
#695 = AXIS2_PLACEMENT_3D ( 'NONE', #564, #2640, #1138 ) ;
#696 = CARTESIAN_POINT ( 'NONE',  ( -1.049999999999998500, 0.4000000000000000800, 1.240192378864670700 ) ) ;
#697 = DIRECTION ( 'NONE',  ( 0.0000000000000000000, 0.0000000000000000000, -1.000000000000000000 ) ) ;
#698 = CARTESIAN_POINT ( 'NONE',  ( -1.049999999999998500, 0.4000000000000000800, 1.240192378864670700 ) ) ;
#699 = LINE ( 'NONE', #2703, #928 ) ;
#700 = MECHANICAL_DESIGN_GEOMETRIC_PRESENTATION_REPRESENTATION (  '', ( #1443 ), #596 ) ;
#701 = PLANE ( 'NONE',  #749 ) ;
#702 = ADVANCED_FACE ( 'NONE', ( #992 ), #2324, .T. ) ;
#703 = FACE_OUTER_BOUND ( 'NONE', #2541, .T. ) ;
#704 = LINE ( 'NONE', #164, #1114 ) ;
#705 = CARTESIAN_POINT ( 'NONE',  ( 0.0000000000000000000, 0.005000000000000000100, 0.0000000000000000000 ) ) ;
#706 = LINE ( 'NONE', #839, #2382 ) ;
#707 = DIRECTION ( 'NONE',  ( 0.0000000000000000000, 0.0000000000000000000, 1.000000000000000000 ) ) ;
#708 = ORIENTED_EDGE ( 'NONE', *, *, #667, .T. ) ;
#709 = DIRECTION ( 'NONE',  ( 0.0000000000000000000, 1.000000000000000000, 0.0000000000000000000 ) ) ;
#710 = VERTEX_POINT ( 'NONE', #1800 ) ;
#711 = DIRECTION ( 'NONE',  ( 0.8660254037844378200, 0.0000000000000000000, -0.5000000000000013300 ) ) ;
#712 =( GEOMETRIC_REPRESENTATION_CONTEXT ( 3 ) GLOBAL_UNCERTAINTY_ASSIGNED_CONTEXT ( ( #1886 ) ) GLOBAL_UNIT_ASSIGNED_CONTEXT ( ( #56, #1944, #78 ) ) REPRESENTATION_CONTEXT ( 'NONE', 'WORKASPACE' ) );
#713 = CARTESIAN_POINT ( 'NONE',  ( -0.9987369846996049200, 0.4000000000000000200, 1.246695083780234400 ) ) ;
#714 = B_SPLINE_CURVE_WITH_KNOTS ( 'NONE', 3,
 ( #1486, #241, #1955, #1706, #457, #2361, #1936 ),
 .UNSPECIFIED., .F., .F.,
 ( 4, 1, 1, 1, 4 ),
 ( 0.0000000000000000000, 0.2499999999180062300, 0.4999999998360124500, 0.7499999997540184300, 1.000000000000000000 ),
 .UNSPECIFIED. ) ;
#715 = CARTESIAN_POINT ( 'NONE',  ( 1.008349364905389800, 0.3999999999999999700, 1.218051362713290100 ) ) ;
#716 = DIRECTION ( 'NONE',  ( 0.0000000000000000000, 0.0000000000000000000, -1.000000000000000000 ) ) ;
#717 = ORIENTED_EDGE ( 'NONE', *, *, #2088, .F. ) ;
#718 = ORIENTED_EDGE ( 'NONE', *, *, #2294, .F. ) ;
#719 = CARTESIAN_POINT ( 'NONE',  ( -0.5999999999999998700, 0.7999999999999999300, 1.500000000000000400 ) ) ;
#720 = VERTEX_POINT ( 'NONE', #765 ) ;
#721 = VERTEX_POINT ( 'NONE', #2236 ) ;
#722 = EDGE_CURVE ( 'NONE', #780, #1300, #310, .T. ) ;
#723 = CARTESIAN_POINT ( 'NONE',  ( 0.0000000000000000000, 0.3999999999999999700, 0.0000000000000000000 ) ) ;
#724 = CARTESIAN_POINT ( 'NONE',  ( 0.0000000000000000000, 0.5999999999999999800, 0.0000000000000000000 ) ) ;
#725 = SURFACE_STYLE_FILL_AREA ( #1596 ) ;
#726 = UNCERTAINTY_MEASURE_WITH_UNIT (LENGTH_MEASURE( 1.000000000000000100E-005 ), #1826, 'distance_accuracy_value', 'NONE');
#727 = VECTOR ( 'NONE', #2354, 1000.000000000000000 ) ;
#728 = EDGE_CURVE ( 'NONE', #2649, #798, #1531, .T. ) ;
#729 = CARTESIAN_POINT ( 'NONE',  ( -1.004333202365639300, 0.3999999999999999100, 1.220370095236724500 ) ) ;
#730 = EDGE_LOOP ( 'NONE', ( #2360, #9, #589, #497 ) ) ;
#731 = FACE_OUTER_BOUND ( 'NONE', #978, .T. ) ;
#732 = PLANE ( 'NONE',  #560 ) ;
#733 = CARTESIAN_POINT ( 'NONE',  ( -1.005941316019315800, 0.4500000000000000100, 1.205759637836679900 ) ) ;
#734 = DIRECTION ( 'NONE',  ( 0.8660254037844379300, 0.0000000000000000000, 0.5000000000000012200 ) ) ;
#735 = LINE ( 'NONE', #2141, #482 ) ;
#736 = EDGE_CURVE ( 'NONE', #609, #1089, #154, .T. ) ;
#737 = CIRCLE ( 'NONE', #1582, 0.2499999999999997800 ) ;
#738 = EDGE_CURVE ( 'NONE', #1819, #1551, #2468, .T. ) ;
#739 = DIRECTION ( 'NONE',  ( 0.0000000000000000000, 0.0000000000000000000, 1.000000000000000000 ) ) ;
#740 = VECTOR ( 'NONE', #2216, 1000.000000000000000 ) ;
#741 = CIRCLE ( 'NONE', #1869, 0.03000000000000018600 ) ;
#742 = ORIENTED_EDGE ( 'NONE', *, *, #313, .F. ) ;
#743 = FILL_AREA_STYLE_COLOUR ( '', #2001 ) ;
#744 = ORIENTED_EDGE ( 'NONE', *, *, #1414, .T. ) ;
#745 = CARTESIAN_POINT ( 'NONE',  ( -0.5999999999999998700, 0.004999999999999796300, 1.500000000000000400 ) ) ;
#746 = DIRECTION ( 'NONE',  ( -1.084202172485513300E-014, 0.0000000000000000000, 1.000000000000000000 ) ) ;
#747 = VERTEX_POINT ( 'NONE', #2223 ) ;
#748 = DIRECTION ( 'NONE',  ( -1.000000000000000000, 0.0000000000000000000, 0.0000000000000000000 ) ) ;
#749 = AXIS2_PLACEMENT_3D ( 'NONE', #2180, #503, #916 ) ;
#750 = SURFACE_STYLE_USAGE ( .BOTH. , #151 ) ;
#751 = ORIENTED_EDGE ( 'NONE', *, *, #2466, .T. ) ;
#752 = PLANE ( 'NONE',  #2585 ) ;
#753 = VERTEX_POINT ( 'NONE', #127 ) ;
#754 = ORIENTED_EDGE ( 'NONE', *, *, #2507, .T. ) ;
#755 = ORIENTED_EDGE ( 'NONE', *, *, #1890, .F. ) ;
#756 = DIRECTION ( 'NONE',  ( 0.0000000000000000000, 0.0000000000000000000, 1.000000000000000000 ) ) ;
#757 = CARTESIAN_POINT ( 'NONE',  ( 1.019808394686463800, 0.3999999999999999100, 1.211435488784534200 ) ) ;
#758 = VERTEX_POINT ( 'NONE', #1378 ) ;
#759 = DIRECTION ( 'NONE',  ( -0.0000000000000000000, -0.0000000000000000000, 1.000000000000000000 ) ) ;
#760 = CARTESIAN_POINT ( 'NONE',  ( -1.039069760686371900, 0.4700574956640948800, 0.9918018550712109900 ) ) ;
#761 = AXIS2_PLACEMENT_3D ( 'NONE', #619, #202, #2092 ) ;
#762 = FACE_OUTER_BOUND ( 'NONE', #776, .T. ) ;
#763 = CARTESIAN_POINT ( 'NONE',  ( 1.029999999999999100, 0.3999999999999998000, 1.205551362713290800 ) ) ;
#764 = LINE ( 'NONE', #923, #1446 ) ;
#765 = CARTESIAN_POINT ( 'NONE',  ( 0.0000000000000000000, 0.7999999999999999300, 1.500000000000000000 ) ) ;
#766 = FACE_OUTER_BOUND ( 'NONE', #1320, .T. ) ;
#767 = CIRCLE ( 'NONE', #1454, 1.500000000000000000 ) ;
#768 = CIRCLE ( 'NONE', #2525, 0.01999999999999983700 ) ;
#769 = CARTESIAN_POINT ( 'NONE',  ( -1.056458217189733200, 0.4790346735050864900, 0.9655408080610840000 ) ) ;
#770 = ORIENTED_EDGE ( 'NONE', *, *, #1922, .F. ) ;
#771 = EDGE_CURVE ( 'NONE', #198, #1120, #861, .T. ) ;
#772 = CARTESIAN_POINT ( 'NONE',  ( -1.018349364905390100, 0.009999999999999998500, 1.235371870788978900 ) ) ;
#773 = VERTEX_POINT ( 'NONE', #2630 ) ;
#774 = CARTESIAN_POINT ( 'NONE',  ( -0.5999999999999998700, 1.200000000000000000, -1.500000000000000400 ) ) ;
#775 = CARTESIAN_POINT ( 'NONE',  ( -1.022458238665729700, 0.4727473997049979600, 1.006607481654125900 ) ) ;
#776 = EDGE_LOOP ( 'NONE', ( #1398, #1328, #1766, #563 ) ) ;
#777 = AXIS2_PLACEMENT_3D ( 'NONE', #580, #836, #1496 ) ;
#778 = DIRECTION ( 'NONE',  ( 0.0000000000000000000, 1.000000000000000000, 0.0000000000000000000 ) ) ;
#779 = EDGE_CURVE ( 'NONE', #2174, #1729, #2631, .T. ) ;
#780 = VERTEX_POINT ( 'NONE', #2016 ) ;
#781 = AXIS2_PLACEMENT_3D ( 'NONE', #161, #1417, #367 ) ;
#782 = ORIENTED_EDGE ( 'NONE', *, *, #1630, .F. ) ;
#783 = PLANE ( 'NONE',  #2266 ) ;
#784 = EDGE_LOOP ( 'NONE', ( #844, #1640, #1671, #718 ) ) ;
#785 = VERTEX_POINT ( 'NONE', #1168 ) ;
#786 = DIRECTION ( 'NONE',  ( 0.8660254037844379300, 0.0000000000000000000, 0.5000000000000013300 ) ) ;
#787 = EDGE_CURVE ( 'NONE', #832, #1188, #1965, .T. ) ;
#788 = CARTESIAN_POINT ( 'NONE',  ( -0.5999999999999998700, 0.004999999999999796300, 1.500000000000000400 ) ) ;
#789 = VECTOR ( 'NONE', #1309, 1000.000000000000100 ) ;
#790 = SURFACE_STYLE_USAGE ( .BOTH. , #1186 ) ;
#791 =( NAMED_UNIT ( * ) PLANE_ANGLE_UNIT ( ) SI_UNIT ( $, .RADIAN. ) );
#792 = CARTESIAN_POINT ( 'NONE',  ( -1.011581701998602200, 0.5195459062197481700, 0.9869111263179144400 ) ) ;
#793 = LINE ( 'NONE', #2489, #1994 ) ;
#794 = AXIS2_PLACEMENT_3D ( 'NONE', #2420, #2429, #2625 ) ;
#795 = ADVANCED_FACE ( 'NONE', ( #929 ), #242, .F. ) ;
#796 = LINE ( 'NONE', #1848, #1182 ) ;
#797 = CYLINDRICAL_SURFACE ( 'NONE', #884, 0.01999999999999983700 ) ;
#798 = VERTEX_POINT ( 'NONE', #1015 ) ;
#799 = CARTESIAN_POINT ( 'NONE',  ( 1.009622761237271900, 0.3999999999999999700, 1.255371893089963100 ) ) ;
#800 = DIRECTION ( 'NONE',  ( 0.0000000000000000000, 0.0000000000000000000, 1.000000000000000000 ) ) ;
#801 = CARTESIAN_POINT ( 'NONE',  ( -1.004999999999072200, 0.5015041930940912200, 1.003486579496463400 ) ) ;
#802 = EDGE_LOOP ( 'NONE', ( #1252, #2178, #1698, #1905 ) ) ;
#803 = EDGE_CURVE ( 'NONE', #2338, #946, #2569, .T. ) ;
#804 = ORIENTED_EDGE ( 'NONE', *, *, #1628, .F. ) ;
#805 = UNCERTAINTY_MEASURE_WITH_UNIT (LENGTH_MEASURE( 1.000000000000000100E-005 ), #2637, 'distance_accuracy_value', 'NONE');
#806 = ADVANCED_FACE ( 'NONE', ( #1930 ), #377, .T. ) ;
#807 = CARTESIAN_POINT ( 'NONE',  ( 1.064786033245243700, 0.4959786532895185100, 0.9435009829302751800 ) ) ;
#808 = ORIENTED_EDGE ( 'NONE', *, *, #1251, .T. ) ;
#809 = DIRECTION ( 'NONE',  ( 0.0000000000000000000, 1.000000000000000000, 0.0000000000000000000 ) ) ;
#810 = DIRECTION ( 'NONE',  ( 0.0000000000000000000, 1.000000000000000000, 0.0000000000000000000 ) ) ;
#811 = AXIS2_PLACEMENT_3D ( 'NONE', #2317, #1903, #629 ) ;
#812 = ORIENTED_EDGE ( 'NONE', *, *, #2364, .T. ) ;
#813 = ORIENTED_EDGE ( 'NONE', *, *, #2335, .T. ) ;
#814 = CARTESIAN_POINT ( 'NONE',  ( 1.714505518806294400E-016, 0.5999999999999999800, -1.399999999999999900 ) ) ;
#815 = ORIENTED_EDGE ( 'NONE', *, *, #2591, .T. ) ;
#816 = CARTESIAN_POINT ( 'NONE',  ( 1.018349364905390100, -0.09566031239371421100, 1.255371870788978900 ) ) ;
#817 = DIRECTION ( 'NONE',  ( -0.0000000000000000000, -0.0000000000000000000, -1.000000000000000000 ) ) ;
#818 = CARTESIAN_POINT ( 'NONE',  ( 1.071650635094610000, 0.3999999999999999700, 1.227692378864668500 ) ) ;
#819 = ADVANCED_FACE ( 'NONE', ( #766 ), #626, .T. ) ;
#820 = CARTESIAN_POINT ( 'NONE',  ( 0.9987369846996049200, 0.4000000000000000200, 1.246695083780234400 ) ) ;
#821 = VECTOR ( 'NONE', #2353, 1000.000000000000000 ) ;
#822 = EDGE_LOOP ( 'NONE', ( #2564, #2196, #708, #2586 ) ) ;
#823 = CARTESIAN_POINT ( 'NONE',  ( -1.034999997528862400, 0.4499999999999999000, 1.184208295221417200 ) ) ;
#824 = LINE ( 'NONE', #1578, #1178 ) ;
#825 = VECTOR ( 'NONE', #357, 1000.000000000000000 ) ;
#826 = AXIS2_PLACEMENT_3D ( 'NONE', #2616, #1782, #2595 ) ;
#827 = VECTOR ( 'NONE', #1901, 1000.000000000000000 ) ;
#828 = FACE_OUTER_BOUND ( 'NONE', #518, .T. ) ;
#829 = EDGE_CURVE ( 'NONE', #2199, #1937, #212, .T. ) ;
#830 = CARTESIAN_POINT ( 'NONE',  ( 1.005134476202509000, 0.4499999999999993400, 1.220476334342263800 ) ) ;
#831 = CARTESIAN_POINT ( 'NONE',  ( 1.005342007506584600, 0.4500000000000000100, 1.209694595469300600 ) ) ;
#832 = VERTEX_POINT ( 'NONE', #2304 ) ;
#833 = ADVANCED_FACE ( 'NONE', ( #1279 ), #1257, .F. ) ;
#834 = EDGE_CURVE ( 'NONE', #2310, #2523, #1898, .T. ) ;
#835 = ORIENTED_EDGE ( 'NONE', *, *, #2663, .F. ) ;
#836 = DIRECTION ( 'NONE',  ( -1.000000000000000000, 0.0000000000000000000, 0.0000000000000000000 ) ) ;
#837 = DIRECTION ( 'NONE',  ( -0.8660254037844383700, -0.0000000000000000000, -0.5000000000000006700 ) ) ;
#838 = DIRECTION ( 'NONE',  ( 0.0000000000000000000, 0.0000000000000000000, -1.000000000000000000 ) ) ;
#839 = CARTESIAN_POINT ( 'NONE',  ( -0.5999999999999998700, 3.137091952673166000, -1.500000000000000400 ) ) ;
#840 = MANIFOLD_SOLID_BREP ( 'Boss-Extrude2', #186 ) ;
#841 = CARTESIAN_POINT ( 'NONE',  ( 1.065241237377232000, 0.4500000000000000700, 1.214899151452168800 ) ) ;
#842 = VERTEX_POINT ( 'NONE', #509 ) ;
#843 = ORIENTED_EDGE ( 'NONE', *, *, #1949, .F. ) ;
#844 = ORIENTED_EDGE ( 'NONE', *, *, #514, .F. ) ;
#845 = CARTESIAN_POINT ( 'NONE',  ( -1.500000000000000000, 3.137091952673166000, 0.9803847577293354200 ) ) ;
#846 = CARTESIAN_POINT ( 'NONE',  ( 0.0000000000000000000, 0.3999999999999999700, 0.0000000000000000000 ) ) ;
#847 = ORIENTED_EDGE ( 'NONE', *, *, #2577, .F. ) ;
#848 = AXIS2_PLACEMENT_3D ( 'NONE', #1676, #424, #853 ) ;
#849 = ORIENTED_EDGE ( 'NONE', *, *, #2038, .T. ) ;
#850 = ADVANCED_FACE ( 'NONE', ( #703 ), #1108, .T. ) ;
#851 = CARTESIAN_POINT ( 'NONE',  ( 1.004758762622767600, 0.4500000000000000700, 1.213524082050100300 ) ) ;
#852 = STYLED_ITEM ( 'NONE', ( #627 ), #2086 ) ;
#853 = DIRECTION ( 'NONE',  ( 0.0000000000000000000, 0.0000000000000000000, 1.000000000000000000 ) ) ;
#854 = EDGE_CURVE ( 'NONE', #656, #1811, #1979, .T. ) ;
#855 = CARTESIAN_POINT ( 'NONE',  ( 1.042574108663288900, 0.4709718605839659500, 0.9873000216317124900 ) ) ;
#856 = CARTESIAN_POINT ( 'NONE',  ( -1.032476139926608900, 0.3999999999999998600, 1.250309784195281300 ) ) ;
#857 = CARTESIAN_POINT ( 'NONE',  ( -1.016891881431738500, 0.3999999999999999700, 1.255401180459897000 ) ) ;
#858 = VECTOR ( 'NONE', #2076, 999.9999999999998900 ) ;
#859 = CARTESIAN_POINT ( 'NONE',  ( -1.500000000000000000, 1.200000000000000000, 0.9803847577293354200 ) ) ;
#860 = CARTESIAN_POINT ( 'NONE',  ( 1.014641833519799100, 0.4499999999999991800, 1.236943560261521700 ) ) ;
#861 = LINE ( 'NONE', #950, #2189 ) ;
#862 = PRESENTATION_STYLE_ASSIGNMENT (( #415 ) ) ;
#863 = AXIS2_PLACEMENT_3D ( 'NONE', #1530, #2572, #1305 ) ;
#864 = CARTESIAN_POINT ( 'NONE',  ( 0.5999999999999998700, 0.0000000000000000000, 1.500000000000000400 ) ) ;
#865 = LINE ( 'NONE', #2049, #740 ) ;
#866 = LINE ( 'NONE', #299, #1585 ) ;
#867 = ORIENTED_EDGE ( 'NONE', *, *, #948, .F. ) ;
#868 = DIRECTION ( 'NONE',  ( -0.0000000000000000000, -1.000000000000000000, -0.0000000000000000000 ) ) ;
#869 = EDGE_CURVE ( 'NONE', #842, #675, #735, .T. ) ;
#870 = CARTESIAN_POINT ( 'NONE',  ( 1.061932940140798200, 0.5132142625977805800, 0.9359869547224893800 ) ) ;
#871 = PRODUCT_DEFINITION ( 'UNKNOWN', '', #1429, #1694 ) ;
#872 = ORIENTED_EDGE ( 'NONE', *, *, #37, .T. ) ;
#873 = ORIENTED_EDGE ( 'NONE', *, *, #37, .F. ) ;
#874 = CARTESIAN_POINT ( 'NONE',  ( -1.004999999999999900, 0.4999999999999998900, 1.004415257914915900 ) ) ;
#875 = EDGE_CURVE ( 'NONE', #2279, #1452, #635, .T. ) ;
#876 = DIRECTION ( 'NONE',  ( 1.000000000000000000, -0.0000000000000000000, 1.224646799147353200E-016 ) ) ;
#877 = EDGE_CURVE ( 'NONE', #689, #2138, #2225, .T. ) ;
#878 = CARTESIAN_POINT ( 'NONE',  ( 1.500000000000000000, 0.3999999999999999700, -0.9803847577293354200 ) ) ;
#879 = CARTESIAN_POINT ( 'NONE',  ( -1.500000000000000000, 0.7999999999999999300, 0.9803847577293354200 ) ) ;
#880 = VERTEX_POINT ( 'NONE', #874 ) ;
#881 = CARTESIAN_POINT ( 'NONE',  ( 0.0000000000000000000, 0.5999999999999999800, 0.0000000000000000000 ) ) ;
#882 = EDGE_LOOP ( 'NONE', ( #1319, #997, #253, #1910, #1938 ) ) ;
#883 = CARTESIAN_POINT ( 'NONE',  ( 1.051650635094610000, 0.009999999999999998500, 1.193051362713291000 ) ) ;
#884 = AXIS2_PLACEMENT_3D ( 'NONE', #192, #1237, #2491 ) ;
#885 = ORIENTED_EDGE ( 'NONE', *, *, #630, .F. ) ;
#886 = AXIS2_PLACEMENT_3D ( 'NONE', #2524, #458, #657 ) ;
#887 = CARTESIAN_POINT ( 'NONE',  ( 1.071650635094610000, 0.009999999999999998500, 1.227692378864668500 ) ) ;
#888 = CARTESIAN_POINT ( 'NONE',  ( 1.057402336305165200, 0.5200993813418176600, 0.9374238164430716000 ) ) ;
#889 = DIRECTION ( 'NONE',  ( -0.0000000000000000000, 1.000000000000000000, -0.0000000000000000000 ) ) ;
#890 = EDGE_CURVE ( 'NONE', #721, #2310, #2666, .T. ) ;
#891 = TOROIDAL_SURFACE ( 'NONE', #1854, 1.649999999999999700, 0.2499999999999998300 ) ;
#892 = CARTESIAN_POINT ( 'NONE',  ( -1.042209713538174500, 0.4500000000000000100, 1.184820068766091000 ) ) ;
#893 = LINE ( 'NONE', #526, #2259 ) ;
#894 = PLANE ( 'NONE',  #1365 ) ;
#895 = LINE ( 'NONE', #593, #825 ) ;
#896 = PLANE ( 'NONE',  #2290 ) ;
#897 = VECTOR ( 'NONE', #1483, 1000.000000000000000 ) ;
#898 = CIRCLE ( 'NONE', #848, 0.02000000000000005200 ) ;
#899 = CARTESIAN_POINT ( 'NONE',  ( 2.020667218593132500E-016, 0.5999999999999999800, -1.649999999999999700 ) ) ;
#900 = AXIS2_PLACEMENT_3D ( 'NONE', #2287, #379, #178 ) ;
#901 = VERTEX_POINT ( 'NONE', #1750 ) ;
#902 = EDGE_LOOP ( 'NONE', ( #1912, #2704, #2508, #1573 ) ) ;
#903 = CARTESIAN_POINT ( 'NONE',  ( -1.012476139926610700, 0.3999999999999999100, 1.215668768043902900 ) ) ;
#904 = CARTESIAN_POINT ( 'NONE',  ( -0.5999999999999998700, 0.004999999999999796300, -1.500000000000000400 ) ) ;
#905 = CARTESIAN_POINT ( 'NONE',  ( -1.049525196171537700, 0.4500000000000000700, 1.187678169590059300 ) ) ;
#906 = CARTESIAN_POINT ( 'NONE',  ( -0.5999999999999998700, 0.005000000000000000100, 1.500000000000000400 ) ) ;
#907 = EDGE_CURVE ( 'NONE', #2548, #1071, #2033, .T. ) ;
#908 = ORIENTED_EDGE ( 'NONE', *, *, #1302, .T. ) ;
#909 = ORIENTED_EDGE ( 'NONE', *, *, #91, .F. ) ;
#910 = ORIENTED_EDGE ( 'NONE', *, *, #2004, .F. ) ;
#911 = CARTESIAN_POINT ( 'NONE',  ( -1.008820620654496700, 0.4500000000000001200, 1.197477632660492600 ) ) ;
#912 = DIRECTION ( 'NONE',  ( -1.000000000000000000, 0.0000000000000000000, -0.0000000000000000000 ) ) ;
#913 = ORIENTED_EDGE ( 'NONE', *, *, #1006, .F. ) ;
#914 = CARTESIAN_POINT ( 'NONE',  ( -1.064865523797488200, 0.4500000000000001800, 1.207946899160002000 ) ) ;
#915 = ORIENTED_EDGE ( 'NONE', *, *, #1765, .F. ) ;
#916 = DIRECTION ( 'NONE',  ( 0.0000000000000000000, 0.0000000000000000000, -1.000000000000000000 ) ) ;
#917 = ADVANCED_FACE ( 'NONE', ( #1181 ), #456, .T. ) ;
#918 = AXIS2_PLACEMENT_3D ( 'NONE', #932, #2571, #70 ) ;
#919 = EDGE_CURVE ( 'NONE', #1729, #973, #23, .T. ) ;
#920 =( GEOMETRIC_REPRESENTATION_CONTEXT ( 3 ) GLOBAL_UNCERTAINTY_ASSIGNED_CONTEXT ( ( #1957 ) ) GLOBAL_UNIT_ASSIGNED_CONTEXT ( ( #2255, #557, #1206 ) ) REPRESENTATION_CONTEXT ( 'NONE', 'WORKASPACE' ) );
#921 = CARTESIAN_POINT ( 'NONE',  ( -1.036402365656270000, 0.4500000000000005100, 1.245250616364972800 ) ) ;
#922 = B_SPLINE_CURVE_WITH_KNOTS ( 'NONE', 3,
 ( #1270, #1481, #1702, #455, #44, #465, #1081, #662, #2140, #870, #2351, #2555, #1952, #888, #1500, #258, #1728, #1560, #1518, #2606, #2589, #107, #1324, #1968, #1995, #1769, #315, #1989, #95, #512, #1540, #304, #1779, #1131 ),
 .UNSPECIFIED., .F., .F.,
 ( 4, 3, 3, 3, 3, 3, 3, 3, 3, 3, 3, 4 ),
 ( 7.449312854064257800E-006, 9.177230699982314800E-006, 1.613419733554748500E-005, 2.201204045204664900E-005, 2.788938343942101900E-005, 3.540981544676727900E-005, 4.652985530291656000E-005, 6.400802783727689100E-005, 8.700544997189111200E-005, 0.0001101404261168057700, 0.0001245683272674625100, 0.0001298695066367328200 ),
 .UNSPECIFIED. ) ;
#923 = CARTESIAN_POINT ( 'NONE',  ( -1.071650635094610000, 0.009999999999999998500, 1.227692378864668500 ) ) ;
#924 = CARTESIAN_POINT ( 'NONE',  ( 1.500000000000000000, 0.0000000000000000000, 0.9803847577293354200 ) ) ;
#925 = LINE ( 'NONE', #2618, #1046 ) ;
#926 = PRESENTATION_LAYER_ASSIGNMENT (  '', '', ( #229 ) ) ;
#927 = CARTESIAN_POINT ( 'NONE',  ( -1.500000000000000000, 0.7999999999999999300, 0.9803847577293354200 ) ) ;
#928 = VECTOR ( 'NONE', #2274, 1000.000000000000100 ) ;
#929 = FACE_OUTER_BOUND ( 'NONE', #784, .T. ) ;
#930 = EDGE_LOOP ( 'NONE', ( #1743, #2248, #1222, #2552 ) ) ;
#931 = VECTOR ( 'NONE', #2299, 1000.000000000000000 ) ;
#932 = CARTESIAN_POINT ( 'NONE',  ( 1.018349364905390100, 0.3999999999999999700, 1.235371870788978900 ) ) ;
#933 = VECTOR ( 'NONE', #279, 1000.000000000000100 ) ;
#934 = ADVANCED_FACE ( 'NONE', ( #1684 ), #1510, .F. ) ;
#935 = FACE_OUTER_BOUND ( 'NONE', #2651, .T. ) ;
#936 = CARTESIAN_POINT ( 'NONE',  ( -1.019808394686463800, 0.3999999999999999100, 1.211435488784534200 ) ) ;
#937 = DIRECTION ( 'NONE',  ( 0.0000000000000000000, 1.000000000000000000, 0.0000000000000000000 ) ) ;
#938 = EDGE_LOOP ( 'NONE', ( #1535, #1356, #755, #227, #2276 ) ) ;
#939 = AXIS2_PLACEMENT_3D ( 'NONE', #338, #136, #1610 ) ;
#940 = ORIENTED_EDGE ( 'NONE', *, *, #84, .F. ) ;
#941 = DIRECTION ( 'NONE',  ( 0.0000000000000000000, -1.000000000000000000, 0.0000000000000000000 ) ) ;
#942 = CARTESIAN_POINT ( 'NONE',  ( 1.500000000000000000, 0.7999999999999999300, 0.9803847577293354200 ) ) ;
#943 = CARTESIAN_POINT ( 'NONE',  ( -1.018349467125804200, 0.3999999999999999700, 1.255383250503941300 ) ) ;
#944 = DIRECTION ( 'NONE',  ( 0.5000000000000013300, -0.0000000000000000000, 0.8660254037844379300 ) ) ;
#945 = ADVANCED_FACE ( 'NONE', ( #1865 ), #896, .T. ) ;
#946 = VERTEX_POINT ( 'NONE', #2547 ) ;
#947 = ORIENTED_EDGE ( 'NONE', *, *, #544, .F. ) ;
#948 = EDGE_CURVE ( 'NONE', #189, #2138, #2096, .T. ) ;
#949 = CLOSED_SHELL ( 'NONE', ( #960, #223, #2498, #1048, #1913, #592 ) ) ;
#950 = CARTESIAN_POINT ( 'NONE',  ( -0.5999999999999998700, 0.0000000000000000000, 1.500000000000000400 ) ) ;
#951 = ORIENTED_EDGE ( 'NONE', *, *, #2554, .T. ) ;
#952 = CARTESIAN_POINT ( 'NONE',  ( 0.0000000000000000000, 0.0000000000000000000, 0.0000000000000000000 ) ) ;
#953 = CARTESIAN_POINT ( 'NONE',  ( -1.013507848270021500, 0.4789384447545070900, 1.010594466389817400 ) ) ;
#954 =( GEOMETRIC_REPRESENTATION_CONTEXT ( 3 ) GLOBAL_UNCERTAINTY_ASSIGNED_CONTEXT ( ( #412 ) ) GLOBAL_UNIT_ASSIGNED_CONTEXT ( ( #1768, #1323, #2393 ) ) REPRESENTATION_CONTEXT ( 'NONE', 'WORKASPACE' ) );
#955 = DIRECTION ( 'NONE',  ( -0.0000000000000000000, -0.0000000000000000000, -1.000000000000000000 ) ) ;
#956 = CARTESIAN_POINT ( 'NONE',  ( 1.008349364905389800, 0.3999999999999999700, 1.218051362713290100 ) ) ;
#957 = COLOUR_RGB ( '',0.7960784313725489700, 0.8235294117647058400, 0.9372549019607843100 ) ;
#958 = CARTESIAN_POINT ( 'NONE',  ( 1.034999999999999900, 0.4999999999999997800, 1.164211616751134900 ) ) ;
#959 = LINE ( 'NONE', #2445, #2695 ) ;
#960 = ADVANCED_FACE ( 'NONE', ( #1545 ), #1283, .T. ) ;
#961 = CARTESIAN_POINT ( 'NONE',  ( 1.500000000000000000, 0.7999999999999999300, 0.9803847577293354200 ) ) ;
#962 = LINE ( 'NONE', #73, #2355 ) ;
#963 = MANIFOLD_SOLID_BREP ( 'Cut-Extrude4', #2212 ) ;
#964 = FACE_OUTER_BOUND ( 'NONE', #802, .T. ) ;
#965 = DIRECTION ( 'NONE',  ( 0.0000000000000000000, 1.000000000000000000, 0.0000000000000000000 ) ) ;
#966 = LINE ( 'NONE', #433, #2036 ) ;
#967 = CARTESIAN_POINT ( 'NONE',  ( 1.500000000000000000, 0.004999999999999796300, 0.9803847577293354200 ) ) ;
#968 = DIRECTION ( 'NONE',  ( 1.000000000000000000, 0.0000000000000000000, 0.0000000000000000000 ) ) ;
#969 = ORIENTED_EDGE ( 'NONE', *, *, #2209, .F. ) ;
#970 = DIRECTION ( 'NONE',  ( 0.0000000000000000000, 0.0000000000000000000, 1.000000000000000000 ) ) ;
#971 = DIRECTION ( 'NONE',  ( -0.0000000000000000000, 1.000000000000000000, -0.0000000000000000000 ) ) ;
#972 = CARTESIAN_POINT ( 'NONE',  ( -1.018790224010760200, 0.4746611393522062700, 1.008722119005765800 ) ) ;
#973 = VERTEX_POINT ( 'NONE', #715 ) ;
#974 = PRESENTATION_LAYER_ASSIGNMENT (  '', '', ( #188 ) ) ;
#975 = DIRECTION ( 'NONE',  ( -1.000000000000000000, -0.0000000000000000000, -0.0000000000000000000 ) ) ;
#976 = EDGE_CURVE ( 'NONE', #1090, #550, #1719, .T. ) ;
#977 = CARTESIAN_POINT ( 'NONE',  ( -1.034999999999999900, 0.4999999999999995600, 1.164211616751134900 ) ) ;
#978 = EDGE_LOOP ( 'NONE', ( #524, #320, #137, #2100, #1629, #1947 ) ) ;
#979 = CARTESIAN_POINT ( 'NONE',  ( -1.018349364905390100, 0.009999999999999998500, 1.235371870788978900 ) ) ;
#980 = ADVANCED_FACE ( 'NONE', ( #2063 ), #1508, .F. ) ;
#981 = DIRECTION ( 'NONE',  ( 0.0000000000000000000, -0.0000000000000000000, -1.000000000000000000 ) ) ;
#982 = ORIENTED_EDGE ( 'NONE', *, *, #1385, .F. ) ;
#983 = CARTESIAN_POINT ( 'NONE',  ( -1.061803410104079000, 0.4856943004210400600, 0.9542805934755443900 ) ) ;
#984 = ORIENTED_EDGE ( 'NONE', *, *, #148, .F. ) ;
#985 = AXIS2_PLACEMENT_3D ( 'NONE', #369, #1387, #1576 ) ;
#986 = EDGE_LOOP ( 'NONE', ( #644, #487, #2682, #849 ) ) ;
#987 = EDGE_LOOP ( 'NONE', ( #812, #548, #281, #12 ) ) ;
#988 = DIRECTION ( 'NONE',  ( 1.084202172485513300E-014, 0.0000000000000000000, 1.000000000000000000 ) ) ;
#989 = CARTESIAN_POINT ( 'NONE',  ( -1.025336442292484200, 0.4714228382845301900, 1.004800435172361600 ) ) ;
#990 = VECTOR ( 'NONE', #254, 1000.000000000000000 ) ;
#991 = FACE_OUTER_BOUND ( 'NONE', #2412, .T. ) ;
#992 = FACE_OUTER_BOUND ( 'NONE', #1951, .T. ) ;
#993 = CARTESIAN_POINT ( 'NONE',  ( 1.063366782241061700, 0.4902365136714110800, 0.9491959672876708600 ) ) ;
#994 = CARTESIAN_POINT ( 'NONE',  ( -0.5999999999999998700, 0.0000000000000000000, 1.500000000000000400 ) ) ;
#995 = VECTOR ( 'NONE', #2135, 1000.000000000000000 ) ;
#996 = CARTESIAN_POINT ( 'NONE',  ( -1.046325757583912200, 0.5277799786744059600, 0.9461291213285584200 ) ) ;
#997 = ORIENTED_EDGE ( 'NONE', *, *, #1028, .T. ) ;
#998 = EDGE_CURVE ( 'NONE', #2449, #2167, #866, .T. ) ;
#999 = CARTESIAN_POINT ( 'NONE',  ( 1.049525196171537700, 0.4500000000000000700, 1.187678169590059300 ) ) ;
#1000 = ORIENTED_EDGE ( 'NONE', *, *, #1635, .F. ) ;
#1001 = ADVANCED_FACE ( 'NONE', ( #1725 ), #1217, .T. ) ;
#1002 = CARTESIAN_POINT ( 'NONE',  ( 0.5999999999999998700, 0.3999999999999999700, -1.500000000000000400 ) ) ;
#1003 = CARTESIAN_POINT ( 'NONE',  ( 0.5999999999999998700, 0.7999999999999999300, -1.500000000000000400 ) ) ;
#1004 = AXIS2_PLACEMENT_3D ( 'NONE', #2197, #1552, #2207 ) ;
#1005 =( LENGTH_UNIT ( ) NAMED_UNIT ( * ) SI_UNIT ( .MILLI., .METRE. ) );
#1006 = EDGE_CURVE ( 'NONE', #391, #2199, #246, .T. ) ;
#1007 = ORIENTED_EDGE ( 'NONE', *, *, #1338, .T. ) ;
#1008 = ORIENTED_EDGE ( 'NONE', *, *, #180, .T. ) ;
#1009 = ORIENTED_EDGE ( 'NONE', *, *, #177, .F. ) ;
#1010 = CARTESIAN_POINT ( 'NONE',  ( -1.061932940140798200, 0.5132142625977805800, 0.9359869547224893800 ) ) ;
#1011 = EDGE_CURVE ( 'NONE', #1388, #2365, #2030, .T. ) ;
#1012 = EDGE_LOOP ( 'NONE', ( #1850, #43, #910, #1061 ) ) ;
#1013 = ORIENTED_EDGE ( 'NONE', *, *, #728, .F. ) ;
#1014 = CARTESIAN_POINT ( 'NONE',  ( 1.008820620654496700, 0.4500000000000001200, 1.197477632660492600 ) ) ;
#1015 = CARTESIAN_POINT ( 'NONE',  ( 1.018349467184127800, 0.3999999999999999100, 1.255383250389032100 ) ) ;
#1016 = CARTESIAN_POINT ( 'NONE',  ( -0.5999999999999998700, 0.005000000000000000100, 1.500000000000000400 ) ) ;
#1017 = CARTESIAN_POINT ( 'NONE',  ( -1.057402336305165200, 0.5200993813418176600, 0.9374238164430716000 ) ) ;
#1018 = AXIS2_PLACEMENT_3D ( 'NONE', #2407, #1827, #356 ) ;
#1019 = FACE_OUTER_BOUND ( 'NONE', #1986, .T. ) ;
#1020 = CARTESIAN_POINT ( 'NONE',  ( -1.500000000000000000, 1.200000000000000000, 0.9803847577293354200 ) ) ;
#1021 = FACE_OUTER_BOUND ( 'NONE', #1435, .T. ) ;
#1022 = FACE_OUTER_BOUND ( 'NONE', #2620, .T. ) ;
#1023 = FACE_OUTER_BOUND ( 'NONE', #1203, .T. ) ;
#1024 = FACE_OUTER_BOUND ( 'NONE', #1185, .T. ) ;
#1025 = LINE ( 'NONE', #1080, #2358 ) ;
#1026 = DIRECTION ( 'NONE',  ( -0.8660254037844380400, 0.0000000000000000000, 0.5000000000000013300 ) ) ;
#1027 = ADVANCED_FACE ( 'NONE', ( #1149 ), #1603, .T. ) ;
#1028 = EDGE_CURVE ( 'NONE', #685, #2617, #406, .T. ) ;
#1029 = CARTESIAN_POINT ( 'NONE',  ( -1.051650635094610000, -0.09566031239371421100, 1.193051362713291000 ) ) ;
#1030 = ORIENTED_EDGE ( 'NONE', *, *, #1498, .F. ) ;
#1031 = CARTESIAN_POINT ( 'NONE',  ( 1.024333202365637100, 0.3999999999999999100, 1.255011111388102600 ) ) ;
#1032 = ORIENTED_EDGE ( 'NONE', *, *, #211, .F. ) ;
#1033 = CARTESIAN_POINT ( 'NONE',  ( 1.500000000000000000, 0.004999999999999796300, -0.9803847577293354200 ) ) ;
#1034 = AXIS2_PLACEMENT_3D ( 'NONE', #1187, #2633, #2623 ) ;
#1035 = ORIENTED_EDGE ( 'NONE', *, *, #1570, .T. ) ;
#1036 = ORIENTED_EDGE ( 'NONE', *, *, #1525, .T. ) ;
#1037 = ADVANCED_FACE ( 'NONE', ( #1087 ), #1420, .T. ) ;
#1038 = CARTESIAN_POINT ( 'NONE',  ( 1.004333202365639300, 0.3999999999999999100, 1.220370095236724500 ) ) ;
#1039 = UNCERTAINTY_MEASURE_WITH_UNIT (LENGTH_MEASURE( 1.000000000000000100E-005 ), #1820, 'distance_accuracy_value', 'NONE');
#1040 = VERTEX_POINT ( 'NONE', #2400 ) ;
#1041 = PLANE ( 'NONE',  #2432 ) ;
#1042 = EDGE_CURVE ( 'NONE', #609, #2578, #1444, .T. ) ;
#1043 = CARTESIAN_POINT ( 'NONE',  ( 1.060191605313536100, 0.4000000000000000200, 1.234308252793422400 ) ) ;
#1044 = CARTESIAN_POINT ( 'NONE',  ( 1.018349364905390100, -0.1056603123937139100, 1.235371870788978900 ) ) ;
#1045 = DIRECTION ( 'NONE',  ( -0.5000000000000013300, 0.0000000000000000000, 0.8660254037844379300 ) ) ;
#1046 = VECTOR ( 'NONE', #2025, 1000.000000000000000 ) ;
#1047 = DIRECTION ( 'NONE',  ( 0.0000000000000000000, 0.0000000000000000000, 1.000000000000000000 ) ) ;
#1048 = ADVANCED_FACE ( 'NONE', ( #1145 ), #752, .T. ) ;
#1049 = DIRECTION ( 'NONE',  ( 1.000000000000000000, 0.0000000000000000000, 0.0000000000000000000 ) ) ;
#1050 = FACE_OUTER_BOUND ( 'NONE', #1821, .T. ) ;
#1051 = DIRECTION ( 'NONE',  ( 0.0000000000000000000, 1.000000000000000000, 0.0000000000000000000 ) ) ;
#1052 = AXIS2_PLACEMENT_3D ( 'NONE', #958, #2032, #2621 ) ;
#1053 = VECTOR ( 'NONE', #2536, 1000.000000000000100 ) ;
#1054 = CYLINDRICAL_SURFACE ( 'NONE', #1313, 0.01999999999999983700 ) ;
#1055 = EDGE_CURVE ( 'NONE', #880, #2647, #1757, .T. ) ;
#1056 = PRESENTATION_STYLE_ASSIGNMENT (( #790 ) ) ;
#1057 = FACE_OUTER_BOUND ( 'NONE', #74, .T. ) ;
#1058 = CARTESIAN_POINT ( 'NONE',  ( 1.005134476202509000, 0.4499999999999993400, 1.220476334342263800 ) ) ;
#1059 = VERTEX_POINT ( 'NONE', #1003 ) ;
#1060 = MECHANICAL_DESIGN_GEOMETRIC_PRESENTATION_REPRESENTATION (  '', ( #229 ), #2024 ) ;
#1061 = ORIENTED_EDGE ( 'NONE', *, *, #1783, .F. ) ;
#1062 = CARTESIAN_POINT ( 'NONE',  ( 1.051650635094610000, -0.09566031239371421100, 1.193051362713291000 ) ) ;
#1063 = CARTESIAN_POINT ( 'NONE',  ( -1.063490185692921300, 0.5095844760602306100, 0.9362879956184055900 ) ) ;
#1064 = DIRECTION ( 'NONE',  ( 0.5000000000000014400, 0.0000000000000000000, -0.8660254037844379300 ) ) ;
#1065 = CARTESIAN_POINT ( 'NONE',  ( 1.005387119691550900, 0.4951961140898760700, 1.007078113500059300 ) ) ;
#1066 = PLANE ( 'NONE',  #1795 ) ;
#1067 = CARTESIAN_POINT ( 'NONE',  ( -1.018349364905390100, -0.09566031239371421100, 1.255371870788978900 ) ) ;
#1068 = EDGE_LOOP ( 'NONE', ( #947, #1853, #462, #167 ) ) ;
#1069 = CARTESIAN_POINT ( 'NONE',  ( 0.5999999999999998700, 0.004999999999999796300, -1.500000000000000400 ) ) ;
#1070 = DIRECTION ( 'NONE',  ( 0.0000000000000000000, 1.000000000000000000, 0.0000000000000000000 ) ) ;
#1071 = VERTEX_POINT ( 'NONE', #2238 ) ;
#1072 = VERTEX_POINT ( 'NONE', #612 ) ;
#1073 = ORIENTED_EDGE ( 'NONE', *, *, #2054, .F. ) ;
#1074 = CARTESIAN_POINT ( 'NONE',  ( 1.080719631915781200, 0.4000000000000000200, 1.222456391108685600 ) ) ;
#1075 = DIRECTION ( 'NONE',  ( -1.000000000000000000, 0.0000000000000000000, 0.0000000000000000000 ) ) ;
#1076 = CARTESIAN_POINT ( 'NONE',  ( 1.064865523797488200, 0.4500000000000001800, 1.207946899160002000 ) ) ;
#1077 = DIRECTION ( 'NONE',  ( 0.5000000000000013300, 0.0000000000000000000, -0.8660254037844379300 ) ) ;
#1078 = EDGE_CURVE ( 'NONE', #2048, #1451, #183, .T. ) ;
#1079 = VECTOR ( 'NONE', #1721, 1000.000000000000000 ) ;
#1080 = CARTESIAN_POINT ( 'NONE',  ( 0.5999999999999998700, 0.7999999999999999300, -1.500000000000000400 ) ) ;
#1081 = CARTESIAN_POINT ( 'NONE',  ( 1.063977985314964900, 0.5077637856156439500, 0.9368276346227899500 ) ) ;
#1082 = CARTESIAN_POINT ( 'NONE',  ( 0.5999999999999998700, 3.137091952673166000, -1.500000000000000400 ) ) ;
#1083 = FACE_OUTER_BOUND ( 'NONE', #1125, .T. ) ;
#1084 = VECTOR ( 'NONE', #1431, 1000.000000000000000 ) ;
#1085 = LINE ( 'NONE', #1494, #1377 ) ;
#1086 = AXIS2_PLACEMENT_3D ( 'NONE', #1939, #1709, #1277 ) ;
#1087 = FACE_OUTER_BOUND ( 'NONE', #561, .T. ) ;
#1088 = ORIENTED_EDGE ( 'NONE', *, *, #302, .F. ) ;
#1089 = VERTEX_POINT ( 'NONE', #1480 ) ;
#1090 = VERTEX_POINT ( 'NONE', #961 ) ;
#1091 = DIRECTION ( 'NONE',  ( 0.0000000000000000000, -0.0000000000000000000, 1.000000000000000000 ) ) ;
#1092 = DIRECTION ( 'NONE',  ( -0.8660254037844379300, -0.0000000000000000000, 0.5000000000000012200 ) ) ;
#1093 = CARTESIAN_POINT ( 'NONE',  ( 1.500000000000000000, 0.3999999999999999700, 0.9803847577293354200 ) ) ;
#1094 = DIRECTION ( 'NONE',  ( 0.0000000000000000000, 1.000000000000000000, 0.0000000000000000000 ) ) ;
#1095 = ORIENTED_EDGE ( 'NONE', *, *, #890, .F. ) ;
#1096 = ORIENTED_EDGE ( 'NONE', *, *, #1180, .T. ) ;
#1097 = DIRECTION ( 'NONE',  ( 0.0000000000000000000, 1.000000000000000000, 0.0000000000000000000 ) ) ;
#1098 = ADVANCED_FACE ( 'NONE', ( #605 ), #595, .T. ) ;
#1099 = AXIS2_PLACEMENT_3D ( 'NONE', #97, #1337, #716 ) ;
#1100 = EDGE_LOOP ( 'NONE', ( #2114, #2045, #2390, #951, #1230, #984, #1013 ) ) ;
#1101 = EDGE_CURVE ( 'NONE', #2138, #2649, #511, .T. ) ;
#1102 = CARTESIAN_POINT ( 'NONE',  ( -1.082811244201604200, 0.3999999999999998000, 1.217371251737893000 ) ) ;
#1103 = CARTESIAN_POINT ( 'NONE',  ( -1.008349364905389800, 0.3999999999999999700, 1.218051362713290100 ) ) ;
#1104 = CARTESIAN_POINT ( 'NONE',  ( -1.055666797634361000, 0.3999999999999999700, 1.190732630189857100 ) ) ;
#1105 = EDGE_CURVE ( 'NONE', #2647, #880, #2605, .T. ) ;
#1106 = DIRECTION ( 'NONE',  ( -1.000000000000000000, 0.0000000000000000000, 0.0000000000000000000 ) ) ;
#1107 = CARTESIAN_POINT ( 'NONE',  ( -1.067523860073388500, 0.3999999999999998600, 1.230074973534055500 ) ) ;
#1108 = PLANE ( 'NONE',  #1258 ) ;
#1109 = CIRCLE ( 'NONE', #1605, 0.07999999999999978000 ) ;
#1110 = CARTESIAN_POINT ( 'NONE',  ( -1.500000000000000000, 0.005000000000000000100, 0.9803847577293354200 ) ) ;
#1111 = CARTESIAN_POINT ( 'NONE',  ( -1.067523860073388500, 0.3999999999999998600, 1.230074973534055500 ) ) ;
#1112 = DIRECTION ( 'NONE',  ( 0.0000000000000000000, 0.0000000000000000000, -1.000000000000000000 ) ) ;
#1113 = VECTOR ( 'NONE', #1147, 1000.000000000000000 ) ;
#1114 = VECTOR ( 'NONE', #786, 999.9999999999998900 ) ;
#1115 = LINE ( 'NONE', #34, #2535 ) ;
#1116 = VECTOR ( 'NONE', #2107, 999.9999999999998900 ) ;
#1117 = MANIFOLD_SOLID_BREP ( 'Mirror1', #2574 ) ;
#1118 = AXIS2_PLACEMENT_3D ( 'NONE', #372, #1851, #2265 ) ;
#1119 = ORIENTED_EDGE ( 'NONE', *, *, #2374, .F. ) ;
#1120 = VERTEX_POINT ( 'NONE', #2289 ) ;
#1121 = CARTESIAN_POINT ( 'NONE',  ( -1.005342007506584600, 0.4500000000000000100, 1.209694595469300600 ) ) ;
#1122 = B_SPLINE_CURVE_WITH_KNOTS ( 'NONE', 3,
 ( #245, #2348, #1927, #683, #1260, #856, #2534 ),
 .UNSPECIFIED., .F., .F.,
 ( 4, 1, 1, 1, 4 ),
 ( 0.0000000000000000000, 0.2500000001639927600, 0.4999999999999990000, 0.7499999998360065100, 1.000000000000000000 ),
 .UNSPECIFIED. ) ;
#1123 = CARTESIAN_POINT ( 'NONE',  ( 0.0000000000000000000, 0.5999999999999999800, 0.0000000000000000000 ) ) ;
#1124 = CARTESIAN_POINT ( 'NONE',  ( 1.034999999999999900, 0.4500000000000000100, 1.164211616751134900 ) ) ;
#1125 = EDGE_LOOP ( 'NONE', ( #1008, #2414, #291, #2638, #364 ) ) ;
#1126 = ORIENTED_EDGE ( 'NONE', *, *, #1874, .T. ) ;
#1127 = CARTESIAN_POINT ( 'NONE',  ( -0.5999999999999998700, 0.0000000000000000000, 1.500000000000000400 ) ) ;
#1128 = EDGE_CURVE ( 'NONE', #2449, #615, #1213, .T. ) ;
#1129 = ORIENTED_EDGE ( 'NONE', *, *, #280, .T. ) ;
#1130 = CARTESIAN_POINT ( 'NONE',  ( -1.033597634343730800, 0.4499999999999996800, 1.183172617137298700 ) ) ;
#1131 = CARTESIAN_POINT ( 'NONE',  ( 1.004999999999999900, 0.4999999999999998900, 1.004415257914915900 ) ) ;
#1132 = ORIENTED_EDGE ( 'NONE', *, *, #890, .T. ) ;
#1133 = CARTESIAN_POINT ( 'NONE',  ( -1.040191605313537200, 0.4000000000000001900, 1.199667236642046700 ) ) ;
#1134 = VERTEX_POINT ( 'NONE', #2157 ) ;
#1135 = FILL_AREA_STYLE ('',( #479 ) ) ;
#1136 = EDGE_CURVE ( 'NONE', #2578, #1459, #2563, .T. ) ;
#1137 = CARTESIAN_POINT ( 'NONE',  ( -1.004999999999999900, 0.4999999999999997800, 1.164211616751134900 ) ) ;
#1138 = DIRECTION ( 'NONE',  ( -0.8660254037844378200, 0.0000000000000000000, 0.5000000000000013300 ) ) ;
#1139 = CARTESIAN_POINT ( 'NONE',  ( -1.027790286461825100, 0.4499999999999999600, 1.243603164736178300 ) ) ;
#1140 = LINE ( 'NONE', #1093, #2624 ) ;
#1141 = EDGE_CURVE ( 'NONE', #140, #1764, #2162, .T. ) ;
#1142 = CARTESIAN_POINT ( 'NONE',  ( 1.500000000000000000, 0.0000000000000000000, -0.9803847577293354200 ) ) ;
#1143 = PLANE ( 'NONE',  #1940 ) ;
#1144 = VECTOR ( 'NONE', #1427, 1000.000000000000000 ) ;
#1145 = FACE_OUTER_BOUND ( 'NONE', #1522, .T. ) ;
#1146 = VECTOR ( 'NONE', #1197, 1000.000000000000000 ) ;
#1147 = DIRECTION ( 'NONE',  ( -0.0000000000000000000, 1.000000000000000000, -0.0000000000000000000 ) ) ;
#1148 = DIRECTION ( 'NONE',  ( 0.0000000000000000000, -0.0000000000000000000, 1.000000000000000000 ) ) ;
#1149 = FACE_OUTER_BOUND ( 'NONE', #2277, .T. ) ;
#1150 = ORIENTED_EDGE ( 'NONE', *, *, #907, .F. ) ;
#1151 = DIRECTION ( 'NONE',  ( -0.0000000000000000000, -1.000000000000000000, -0.0000000000000000000 ) ) ;
#1152 = UNCERTAINTY_MEASURE_WITH_UNIT (LENGTH_MEASURE( 1.000000000000000100E-005 ), #442, 'distance_accuracy_value', 'NONE');
#1153 = ORIENTED_EDGE ( 'NONE', *, *, #834, .T. ) ;
#1154 = CARTESIAN_POINT ( 'NONE',  ( 1.018349364905390100, 0.009999999999999998500, 1.235371870788978900 ) ) ;
#1155 = STYLED_ITEM ( 'NONE', ( #1577 ), #2652 ) ;
#1156 = PLANE ( 'NONE',  #985 ) ;
#1157 = ORIENTED_EDGE ( 'NONE', *, *, #1192, .T. ) ;
#1158 = PLANE ( 'NONE',  #695 ) ;
#1159 = EDGE_CURVE ( 'NONE', #1602, #463, #1348, .T. ) ;
#1160 = CARTESIAN_POINT ( 'NONE',  ( 1.018349364905390100, 0.009999999999999998500, 1.255371870788978700 ) ) ;
#1161 = ORIENTED_EDGE ( 'NONE', *, *, #2386, .T. ) ;
#1162 =( NAMED_UNIT ( * ) PLANE_ANGLE_UNIT ( ) SI_UNIT ( $, .RADIAN. ) );
#1163 = ORIENTED_EDGE ( 'NONE', *, *, #211, .T. ) ;
#1164 = EDGE_LOOP ( 'NONE', ( #1972, #263, #1747, #1129, #1689, #60, #38, #2143 ) ) ;
#1165 = CARTESIAN_POINT ( 'NONE',  ( 1.005342007506584600, 0.4500000000000000100, 1.209694595469300600 ) ) ;
#1166 = ORIENTED_EDGE ( 'NONE', *, *, #1465, .F. ) ;
#1167 = ORIENTED_EDGE ( 'NONE', *, *, #1359, .F. ) ;
#1168 = CARTESIAN_POINT ( 'NONE',  ( 1.035000001647361500, 0.4500000000000001200, 1.244214938281261300 ) ) ;
#1169 = DIRECTION ( 'NONE',  ( 1.000000000000000000, -0.0000000000000000000, 0.0000000000000000000 ) ) ;
#1170 = CARTESIAN_POINT ( 'NONE',  ( -1.005342007506584600, 0.4500000000000000100, 1.209694595469300600 ) ) ;
#1171 = AXIS2_PLACEMENT_3D ( 'NONE', #1282, #32, #1932 ) ;
#1172 = PLANE ( 'NONE',  #52 ) ;
#1173 = DIRECTION ( 'NONE',  ( 0.0000000000000000000, 0.0000000000000000000, -1.000000000000000000 ) ) ;
#1174 = PRESENTATION_STYLE_ASSIGNMENT (( #2281 ) ) ;
#1175 = DIRECTION ( 'NONE',  ( 0.0000000000000000000, -1.000000000000000000, 0.0000000000000000000 ) ) ;
#1176 = CARTESIAN_POINT ( 'NONE',  ( 1.500000000000000000, 0.0000000000000000000, 0.9803847577293354200 ) ) ;
#1177 = CARTESIAN_POINT ( 'NONE',  ( -1.008349364921631700, 0.3999999999999999100, 1.218051362703912700 ) ) ;
#1178 = VECTOR ( 'NONE', #2427, 1000.000000000000000 ) ;
#1180 = EDGE_CURVE ( 'NONE', #773, #1855, #741, .T. ) ;
#1179 = CARTESIAN_POINT ( 'NONE',  ( -1.018349364905390100, 0.3999999999999999700, 1.255371870788978700 ) ) ;
#1181 = FACE_OUTER_BOUND ( 'NONE', #2484, .T. ) ;
#1182 = VECTOR ( 'NONE', #2661, 1000.000000000000000 ) ;
#1183 = CARTESIAN_POINT ( 'NONE',  ( -1.018349364905390100, 0.3999999999999999700, 1.235371870788978900 ) ) ;
#1184 = LINE ( 'NONE', #2009, #1549 ) ;
#1185 = EDGE_LOOP ( 'NONE', ( #1670, #15, #1463, #496 ) ) ;
#1186 = SURFACE_SIDE_STYLE ('',( #577 ) ) ;
#1187 = CARTESIAN_POINT ( 'NONE',  ( 0.0000000000000000000, 0.5999999999999999800, 0.0000000000000000000 ) ) ;
#1188 = VERTEX_POINT ( 'NONE', #464 ) ;
#1189 = AXIS2_PLACEMENT_3D ( 'NONE', #1368, #553, #2650 ) ;
#1190 = CARTESIAN_POINT ( 'NONE',  ( 1.005941316019315800, 0.4500000000000000100, 1.205759637836679900 ) ) ;
#1191 = SURFACE_STYLE_USAGE ( .BOTH. , #2242 ) ;
#1192 = EDGE_CURVE ( 'NONE', #2680, #780, #483, .T. ) ;
#1193 = AXIS2_PLACEMENT_3D ( 'NONE', #2119, #1169, #2687 ) ;
#1194 = CARTESIAN_POINT ( 'NONE',  ( 1.012476139926610700, 0.3999999999999999100, 1.215668768043902900 ) ) ;
#1195 = ORIENTED_EDGE ( 'NONE', *, *, #4, .F. ) ;
#1196 = DIRECTION ( 'NONE',  ( 0.8660254037844368200, 0.0000000000000000000, -0.5000000000000032200 ) ) ;
#1197 = DIRECTION ( 'NONE',  ( 0.0000000000000000000, 1.000000000000000000, 0.0000000000000000000 ) ) ;
#1198 = ORIENTED_EDGE ( 'NONE', *, *, #722, .F. ) ;
#1199 = CARTESIAN_POINT ( 'NONE',  ( 1.028349364905388100, 0.3999999999999999700, 1.252692378864668700 ) ) ;
#1200 = EDGE_LOOP ( 'NONE', ( #1669, #1363, #2685, #590, #1218, #2 ) ) ;
#1201 = EDGE_CURVE ( 'NONE', #1855, #901, #1797, .T. ) ;
#1202 = ORIENTED_EDGE ( 'NONE', *, *, #313, .T. ) ;
#1203 = EDGE_LOOP ( 'NONE', ( #2673, #1096, #363, #2149, #913, #2492 ) ) ;
#1204 = ADVANCED_FACE ( 'NONE', ( #1285 ), #118, .T. ) ;
#1205 = CARTESIAN_POINT ( 'NONE',  ( -0.5999999999999998700, 0.7999999999999999300, 1.500000000000000400 ) ) ;
#1206 =( NAMED_UNIT ( * ) SI_UNIT ( $, .STERADIAN. ) SOLID_ANGLE_UNIT ( ) );
#1207 =( LENGTH_UNIT ( ) NAMED_UNIT ( * ) SI_UNIT ( .MILLI., .METRE. ) );
#1208 = DIRECTION ( 'NONE',  ( 0.0000000000000000000, 0.0000000000000000000, 1.000000000000000000 ) ) ;
#1209 = CARTESIAN_POINT ( 'NONE',  ( -1.007165567849744200, 0.5117168036728487700, 0.9954525095185150500 ) ) ;
#1210 = AXIS2_PLACEMENT_3D ( 'NONE', #2288, #2251, #594 ) ;
#1211 = CARTESIAN_POINT ( 'NONE',  ( -1.061650635094610000, 0.3999999999999999700, 1.210371870788979900 ) ) ;
#1212 = LINE ( 'NONE', #1824, #666 ) ;
#1213 = CIRCLE ( 'NONE', #1424, 0.01999999999999983700 ) ;
#1214 = FACE_OUTER_BOUND ( 'NONE', #1999, .T. ) ;
#1215 = CARTESIAN_POINT ( 'NONE',  ( -1.005113341114233900, 0.5029718898824470100, 1.002491463589493500 ) ) ;
#1216 = VECTOR ( 'NONE', #734, 1000.000000000000100 ) ;
#1217 = CYLINDRICAL_SURFACE ( 'NONE', #1004, 0.02000000000000005200 ) ;
#1218 = ORIENTED_EDGE ( 'NONE', *, *, #533, .T. ) ;
#1220 = EDGE_CURVE ( 'NONE', #1059, #747, #1025, .T. ) ;
#1219 = CARTESIAN_POINT ( 'NONE',  ( 1.019387745210929900, 0.4500000000000002900, 1.187170398235752400 ) ) ;
#1221 = CARTESIAN_POINT ( 'NONE',  ( 1.033597634343730800, 0.4499999999999996800, 1.183172617137298700 ) ) ;
#1222 = ORIENTED_EDGE ( 'NONE', *, *, #976, .T. ) ;
#1223 = CARTESIAN_POINT ( 'NONE',  ( -1.500000000000000000, 0.7999999999999999300, -0.9803847577293354200 ) ) ;
#1224 = VERTEX_POINT ( 'NONE', #2168 ) ;
#1225 = CARTESIAN_POINT ( 'NONE',  ( -0.5999999999999998700, 0.0000000000000000000, 1.500000000000000400 ) ) ;
#1226 = AXIS2_PLACEMENT_3D ( 'NONE', #1550, #2250, #1390 ) ;
#1227 = ADVANCED_FACE ( 'NONE', ( #123 ), #1580, .T. ) ;
#1228 = CARTESIAN_POINT ( 'NONE',  ( 0.0000000000000000000, 0.01000000000000000000, 0.0000000000000000000 ) ) ;
#1229 = ORIENTED_EDGE ( 'NONE', *, *, #2663, .T. ) ;
#1230 = ORIENTED_EDGE ( 'NONE', *, *, #31, .F. ) ;
#1231 = DIRECTION ( 'NONE',  ( 0.5000000000000006700, 0.0000000000000000000, -0.8660254037844383700 ) ) ;
#1232 = VERTEX_POINT ( 'NONE', #1942 ) ;
#1233 = DIRECTION ( 'NONE',  ( -1.000000000000000000, 0.0000000000000000000, 0.0000000000000000000 ) ) ;
#1234 = ORIENTED_EDGE ( 'NONE', *, *, #1220, .F. ) ;
#1235 = CARTESIAN_POINT ( 'NONE',  ( 1.049525196171537700, 0.4500000000000000700, 1.187678169590059300 ) ) ;
#1236 = ORIENTED_EDGE ( 'NONE', *, *, #2364, .F. ) ;
#1237 = DIRECTION ( 'NONE',  ( -0.0000000000000000000, 1.000000000000000000, -0.0000000000000000000 ) ) ;
#1238 = CARTESIAN_POINT ( 'NONE',  ( -1.500000000000000000, 0.7999999999999999300, -0.9803847577293354200 ) ) ;
#1239 = ADVANCED_FACE ( 'NONE', ( #1961 ), #71, .F. ) ;
#1240 = DIRECTION ( 'NONE',  ( 0.0000000000000000000, 1.000000000000000000, 0.0000000000000000000 ) ) ;
#1241 = AXIS2_PLACEMENT_3D ( 'NONE', #1859, #1422, #584 ) ;
#1242 = VECTOR ( 'NONE', #1626, 1000.000000000000000 ) ;
#1243 = EDGE_CURVE ( 'NONE', #1662, #2279, #600, .T. ) ;
#1244 = AXIS2_PLACEMENT_3D ( 'NONE', #2662, #1611, #981 ) ;
#1245 = CARTESIAN_POINT ( 'NONE',  ( 1.055358166480198800, 0.4499999999999999000, 1.191479673240745800 ) ) ;
#1246 = FACE_OUTER_BOUND ( 'NONE', #2343, .T. ) ;
#1247 =( NAMED_UNIT ( * ) PLANE_ANGLE_UNIT ( ) SI_UNIT ( $, .RADIAN. ) );
#1248 = VECTOR ( 'NONE', #1437, 1000.000000000000000 ) ;
#1249 = SURFACE_STYLE_FILL_AREA ( #1273 ) ;
#1250 = DIRECTION ( 'NONE',  ( 0.0000000000000000000, 1.000000000000000000, 0.0000000000000000000 ) ) ;
#1251 = EDGE_CURVE ( 'NONE', #2174, #316, #476, .T. ) ;
#1252 = ORIENTED_EDGE ( 'NONE', *, *, #373, .F. ) ;
#1253 = ADVANCED_FACE ( 'NONE', ( #1021 ), #601, .T. ) ;
#1254 = CARTESIAN_POINT ( 'NONE',  ( 1.014641833519799100, 0.4499999999999991800, 1.236943560261521700 ) ) ;
#1255 = ORIENTED_EDGE ( 'NONE', *, *, #270, .T. ) ;
#1256 = CARTESIAN_POINT ( 'NONE',  ( -1.071650635094610000, 0.3999999999999999700, 1.227692378864668500 ) ) ;
#1257 = PLANE ( 'NONE',  #2202 ) ;
#1258 = AXIS2_PLACEMENT_3D ( 'NONE', #2193, #501, #670 ) ;
#1259 = VERTEX_POINT ( 'NONE', #2084 ) ;
#1260 = CARTESIAN_POINT ( 'NONE',  ( -1.039808394686462900, 0.4000000000000001300, 1.246076504935912200 ) ) ;
#1261 = EDGE_LOOP ( 'NONE', ( #1292, #69, #527, #1088 ) ) ;
#1262 = CARTESIAN_POINT ( 'NONE',  ( 1.004999999999999900, 0.4999999999999998900, 1.004415257914915900 ) ) ;
#1263 = EDGE_LOOP ( 'NONE', ( #1970, #2423, #908, #2475 ) ) ;
#1264 = EDGE_LOOP ( 'NONE', ( #327, #2584, #2047, #340 ) ) ;
#1265 = DIRECTION ( 'NONE',  ( 1.000000000000000000, 0.0000000000000000000, 0.0000000000000000000 ) ) ;
#1266 = DIRECTION ( 'NONE',  ( 0.0000000000000000000, 0.0000000000000000000, 1.000000000000000000 ) ) ;
#1267 = EDGE_CURVE ( 'NONE', #232, #582, #380, .T. ) ;
#1268 = CARTESIAN_POINT ( 'NONE',  ( -1.055747966002393000, 0.5217785566590587000, 0.9384517656330337900 ) ) ;
#1269 = ORIENTED_EDGE ( 'NONE', *, *, #1333, .F. ) ;
#1270 = CARTESIAN_POINT ( 'NONE',  ( 1.064999999999999900, 0.5000000000000002200, 0.9405583503070323900 ) ) ;
#1271 = CARTESIAN_POINT ( 'NONE',  ( -1.018349467125804200, 0.3999999999999999700, 1.255383250503941300 ) ) ;
#1272 = DIRECTION ( 'NONE',  ( 0.8660254037844379300, 0.0000000000000000000, 0.5000000000000012200 ) ) ;
#1273 = FILL_AREA_STYLE ('',( #625 ) ) ;
#1274 = DIRECTION ( 'NONE',  ( 0.0000000000000000000, 0.0000000000000000000, 1.000000000000000000 ) ) ;
#1275 = FACE_OUTER_BOUND ( 'NONE', #622, .T. ) ;
#1276 = PRESENTATION_LAYER_ASSIGNMENT (  '', '', ( #2181 ) ) ;
#1277 = DIRECTION ( 'NONE',  ( -0.8660254037844368200, 0.0000000000000000000, 0.5000000000000032200 ) ) ;
#1278 = LINE ( 'NONE', #2619, #51 ) ;
#1279 = FACE_OUTER_BOUND ( 'NONE', #640, .T. ) ;
#1280 = SURFACE_STYLE_FILL_AREA ( #1691 ) ;
#1281 = EDGE_CURVE ( 'NONE', #1090, #1351, #796, .T. ) ;
#1282 = CARTESIAN_POINT ( 'NONE',  ( -1.034999999999999900, 0.4999999999999995600, 1.164211616751134900 ) ) ;
#1283 = PLANE ( 'NONE',  #575 ) ;
#1284 = FACE_OUTER_BOUND ( 'NONE', #1885, .T. ) ;
#1285 = FACE_OUTER_BOUND ( 'NONE', #1492, .T. ) ;
#1286 = CARTESIAN_POINT ( 'NONE',  ( 1.018790224010760200, 0.4746611393522062700, 1.008722119005765800 ) ) ;
#1287 = EDGE_LOOP ( 'NONE', ( #1132, #466, #2670, #909 ) ) ;
#1288 = DIRECTION ( 'NONE',  ( 0.8660254037844379300, 0.0000000000000000000, 0.5000000000000012200 ) ) ;
#1289 = DIRECTION ( 'NONE',  ( 0.8660254037844380400, 0.0000000000000000000, -0.5000000000000013300 ) ) ;
#1290 = EDGE_CURVE ( 'NONE', #1852, #710, #1966, .T. ) ;
#1291 = EDGE_LOOP ( 'NONE', ( #407, #2213, #2139, #1434, #2012, #2582, #163, #782 ) ) ;
#1292 = ORIENTED_EDGE ( 'NONE', *, *, #694, .T. ) ;
#1293 = DIRECTION ( 'NONE',  ( -0.5000000000000006700, 0.0000000000000000000, -0.8660254037844383700 ) ) ;
#1294 = CARTESIAN_POINT ( 'NONE',  ( -1.061650635094610000, 0.009999999999999998500, 1.210371870788979900 ) ) ;
#1295 = PRESENTATION_LAYER_ASSIGNMENT (  '', '', ( #2512 ) ) ;
#1296 =( NAMED_UNIT ( * ) SI_UNIT ( $, .STERADIAN. ) SOLID_ANGLE_UNIT ( ) );
#1297 = EDGE_LOOP ( 'NONE', ( #1073, #41, #1299, #1775 ) ) ;
#1298 = PRESENTATION_LAYER_ASSIGNMENT (  '', '', ( #1155 ) ) ;
#1299 = ORIENTED_EDGE ( 'NONE', *, *, #445, .T. ) ;
#1300 = VERTEX_POINT ( 'NONE', #358 ) ;
#1301 = CARTESIAN_POINT ( 'NONE',  ( 0.5999999999999998700, 0.005000000000000000100, -1.500000000000000400 ) ) ;
#1302 = EDGE_CURVE ( 'NONE', #2422, #710, #1685, .T. ) ;
#1303 = DIRECTION ( 'NONE',  ( 0.8660254037844379300, 0.0000000000000000000, 0.5000000000000012200 ) ) ;
#1304 = CARTESIAN_POINT ( 'NONE',  ( -1.055666797634361000, 0.3999999999999999700, 1.190732630189857100 ) ) ;
#1305 = DIRECTION ( 'NONE',  ( 0.0000000000000000000, 0.0000000000000000000, 1.000000000000000000 ) ) ;
#1306 = CARTESIAN_POINT ( 'NONE',  ( -1.051650635094610000, 0.3999999999999999700, 1.193051362713291000 ) ) ;
#1307 = DIRECTION ( 'NONE',  ( -1.084202172485513300E-014, 0.0000000000000000000, 1.000000000000000000 ) ) ;
#1308 = FACE_OUTER_BOUND ( 'NONE', #2513, .T. ) ;
#1309 = DIRECTION ( 'NONE',  ( -0.8660254037844379300, -0.0000000000000000000, 0.5000000000000012200 ) ) ;
#1310 = CIRCLE ( 'NONE', #1210, 0.03000000000000018600 ) ;
#1311 = SURFACE_SIDE_STYLE ('',( #2154 ) ) ;
#1312 = DIRECTION ( 'NONE',  ( -0.0000000000000000000, -1.000000000000000000, -0.0000000000000000000 ) ) ;
#1313 = AXIS2_PLACEMENT_3D ( 'NONE', #2282, #2679, #800 ) ;
#1314 = VECTOR ( 'NONE', #2272, 1000.000000000000100 ) ;
#1315 = CIRCLE ( 'NONE', #1171, 0.03000000000000018600 ) ;
#1316 = DIRECTION ( 'NONE',  ( -0.8660254037844383700, 0.0000000000000000000, 0.5000000000000006700 ) ) ;
#1317 = B_SPLINE_CURVE_WITH_KNOTS ( 'NONE', 1,
 ( #956, #133 ),
 .UNSPECIFIED., .F., .F.,
 ( 2, 2 ),
 ( 0.0000000000000000000, 1.000000000000000000 ),
 .UNSPECIFIED. ) ;
#1318 = CARTESIAN_POINT ( 'NONE',  ( 1.008349364905389800, 0.009999999999999998500, 1.218051362713290100 ) ) ;
#1319 = ORIENTED_EDGE ( 'NONE', *, *, #2256, .F. ) ;
#1320 = EDGE_LOOP ( 'NONE', ( #130, #1166, #495, #2634 ) ) ;
#1321 = EDGE_CURVE ( 'NONE', #675, #1852, #704, .T. ) ;
#1322 = CARTESIAN_POINT ( 'NONE',  ( -1.004758762622767600, 0.4500000000000000700, 1.213524082050100300 ) ) ;
#1323 =( NAMED_UNIT ( * ) PLANE_ANGLE_UNIT ( ) SI_UNIT ( $, .RADIAN. ) );
#1324 = CARTESIAN_POINT ( 'NONE',  ( 1.029105432932819100, 0.5298588208897788700, 0.9639583250274259600 ) ) ;
#1325 = CARTESIAN_POINT ( 'NONE',  ( -1.036402365656270000, 0.4500000000000005100, 1.245250616364972800 ) ) ;
#1326 = DIRECTION ( 'NONE',  ( 0.8660254037844382600, -0.0000000000000000000, 0.5000000000000005600 ) ) ;
#1327 = VERTEX_POINT ( 'NONE', #1016 ) ;
#1328 = ORIENTED_EDGE ( 'NONE', *, *, #2151, .F. ) ;
#1329 = ORIENTED_EDGE ( 'NONE', *, *, #1028, .F. ) ;
#1330 = AXIS2_PLACEMENT_3D ( 'NONE', #1933, #2142, #1075 ) ;
#1331 = VERTEX_POINT ( 'NONE', #2697 ) ;
#1332 = EDGE_LOOP ( 'NONE', ( #30, #2557, #1491, #608 ) ) ;
#1333 = EDGE_CURVE ( 'NONE', #710, #753, #2470, .T. ) ;
#1334 = CARTESIAN_POINT ( 'NONE',  ( -1.047523860073388700, 0.3999999999999999100, 1.195433957382678200 ) ) ;
#1335 = CARTESIAN_POINT ( 'NONE',  ( 1.500000000000000000, 0.0000000000000000000, 0.9803847577293354200 ) ) ;
#1336 = CARTESIAN_POINT ( 'NONE',  ( -1.081263015300395500, 0.4000000000000001900, 1.199048657797721100 ) ) ;
#1337 = DIRECTION ( 'NONE',  ( 0.0000000000000000000, 1.000000000000000000, -0.0000000000000000000 ) ) ;
#1338 = EDGE_CURVE ( 'NONE', #2268, #1811, #2406, .T. ) ;
#1339 = EDGE_CURVE ( 'NONE', #262, #189, #213, .T. ) ;
#1340 = DIRECTION ( 'NONE',  ( 0.0000000000000000000, 0.0000000000000000000, 1.000000000000000000 ) ) ;
#1341 = CARTESIAN_POINT ( 'NONE',  ( 0.5999999999999998700, 3.137091952673166000, -1.500000000000000400 ) ) ;
#1342 = FACE_OUTER_BOUND ( 'NONE', #1664, .T. ) ;
#1343 = LINE ( 'NONE', #1583, #181 ) ;
#1344 = DIRECTION ( 'NONE',  ( 0.0000000000000000000, 0.0000000000000000000, -1.000000000000000000 ) ) ;
#1345 = CARTESIAN_POINT ( 'NONE',  ( 0.5999999999999998700, 0.004999999999999796300, -1.500000000000000400 ) ) ;
#1346 = CIRCLE ( 'NONE', #1404, 0.07999999999999978000 ) ;
#1347 = LINE ( 'NONE', #1355, #2701 ) ;
#1348 = LINE ( 'NONE', #256, #673 ) ;
#1349 = AXIS2_PLACEMENT_3D ( 'NONE', #1599, #1175, #2237 ) ;
#1350 = VERTEX_POINT ( 'NONE', #1619 ) ;
#1351 = VERTEX_POINT ( 'NONE', #371 ) ;
#1352 = PLANE ( 'NONE',  #1018 ) ;
#1353 = DIRECTION ( 'NONE',  ( 1.000000000000000000, 0.0000000000000000000, 0.0000000000000000000 ) ) ;
#1354 = DIRECTION ( 'NONE',  ( 0.0000000000000000000, 0.0000000000000000000, 1.000000000000000000 ) ) ;
#1355 = CARTESIAN_POINT ( 'NONE',  ( -0.5999999999999998700, 0.0000000000000000000, -1.500000000000000400 ) ) ;
#1356 = ORIENTED_EDGE ( 'NONE', *, *, #1180, .F. ) ;
#1357 = DIRECTION ( 'NONE',  ( 0.0000000000000000000, -0.0000000000000000000, -1.000000000000000000 ) ) ;
#1358 = CARTESIAN_POINT ( 'NONE',  ( 1.005941316019315800, 0.4500000000000000100, 1.205759637836679900 ) ) ;
#1359 = EDGE_CURVE ( 'NONE', #1937, #785, #243, .T. ) ;
#1360 = PLANE ( 'NONE',  #1976 ) ;
#1361 = ADVANCED_FACE ( 'NONE', ( #828 ), #1054, .T. ) ;
#1362 = ORIENTED_EDGE ( 'NONE', *, *, #2404, .F. ) ;
#1363 = ORIENTED_EDGE ( 'NONE', *, *, #1975, .F. ) ;
#1364 = EDGE_LOOP ( 'NONE', ( #678, #1699, #98, #530 ) ) ;
#1365 = AXIS2_PLACEMENT_3D ( 'NONE', #2195, #492, #707 ) ;
#1366 = DIRECTION ( 'NONE',  ( 0.0000000000000000000, 1.000000000000000000, 0.0000000000000000000 ) ) ;
#1367 = DIRECTION ( 'NONE',  ( 0.5000000000000006700, 0.0000000000000000000, -0.8660254037844383700 ) ) ;
#1368 = CARTESIAN_POINT ( 'NONE',  ( 0.0000000000000000000, 0.5999999999999999800, 1.649999999999999700 ) ) ;
#1369 = MANIFOLD_SOLID_BREP ( 'Boss-Extrude6[1]', #1587 ) ;
#1370 = CARTESIAN_POINT ( 'NONE',  ( 0.0000000000000000000, 0.5999999999999999800, 1.399999999999999900 ) ) ;
#1371 = CARTESIAN_POINT ( 'NONE',  ( -1.014641833519799100, 0.4499999999999991800, 1.236943560261521700 ) ) ;
#1372 = CARTESIAN_POINT ( 'NONE',  ( -1.500000000000000000, 0.7999999999999999300, -0.9803847577293354200 ) ) ;
#1373 = LINE ( 'NONE', #1062, #2224 ) ;
#1374 = SURFACE_SIDE_STYLE ('',( #2229 ) ) ;
#1375 = FILL_AREA_STYLE_COLOUR ( '', #502 ) ;
#1376 = CIRCLE ( 'NONE', #939, 0.01999999999999983700 ) ;
#1377 = VECTOR ( 'NONE', #1946, 1000.000000000000000 ) ;
#1378 = CARTESIAN_POINT ( 'NONE',  ( 0.5999999999999998700, 0.0000000000000000000, -1.500000000000000400 ) ) ;
#1379 = CARTESIAN_POINT ( 'NONE',  ( -1.018349364905390100, -0.1056603123937139100, 1.235371870788978900 ) ) ;
#1380 = VECTOR ( 'NONE', #386, 1000.000000000000000 ) ;
#1381 = CARTESIAN_POINT ( 'NONE',  ( -1.004999999999999900, 0.4999999999999998900, 1.004415257914915900 ) ) ;
#1382 = AXIS2_PLACEMENT_3D ( 'NONE', #481, #693, #659 ) ;
#1383 = ORIENTED_EDGE ( 'NONE', *, *, #875, .F. ) ;
#1384 = FILL_AREA_STYLE_COLOUR ( '', #1753 ) ;
#1385 = EDGE_CURVE ( 'NONE', #1811, #2048, #1778, .T. ) ;
#1386 = AXIS2_PLACEMENT_3D ( 'NONE', #2305, #1051, #1266 ) ;
#1387 = DIRECTION ( 'NONE',  ( 0.5000000000000013300, 0.0000000000000000000, -0.8660254037844379300 ) ) ;
#1388 = VERTEX_POINT ( 'NONE', #1445 ) ;
#1389 = CARTESIAN_POINT ( 'NONE',  ( 1.008349364905389800, -0.09566031239371421100, 1.218051362713290100 ) ) ;
#1390 = DIRECTION ( 'NONE',  ( -1.000000000000000000, 0.0000000000000000000, 0.0000000000000000000 ) ) ;
#1391 = CARTESIAN_POINT ( 'NONE',  ( 1.500000000000000000, 0.3999999999999999700, 0.9803847577293354200 ) ) ;
#1392 = AXIS2_PLACEMENT_3D ( 'NONE', #329, #162, #1809 ) ;
#1393 = DIRECTION ( 'NONE',  ( 0.0000000000000000000, 1.000000000000000000, 0.0000000000000000000 ) ) ;
#1394 = APPLICATION_PROTOCOL_DEFINITION ( 'draft international standard', 'automotive_design', 1998, #1614 ) ;
#1395 = ORIENTED_EDGE ( 'NONE', *, *, #2065, .T. ) ;
#1396 = ORIENTED_EDGE ( 'NONE', *, *, #1078, .F. ) ;
#1397 = DIRECTION ( 'NONE',  ( 0.0000000000000000000, 0.0000000000000000000, 1.000000000000000000 ) ) ;
#1398 = ORIENTED_EDGE ( 'NONE', *, *, #2458, .F. ) ;
#1399 = DIRECTION ( 'NONE',  ( 0.0000000000000000000, 0.0000000000000000000, 1.000000000000000000 ) ) ;
#1400 = VERTEX_POINT ( 'NONE', #28 ) ;
#1401 = SURFACE_SIDE_STYLE ('',( #2089 ) ) ;
#1402 = DIRECTION ( 'NONE',  ( 0.0000000000000000000, 1.000000000000000000, 0.0000000000000000000 ) ) ;
#1403 = CARTESIAN_POINT ( 'NONE',  ( -1.013830702064414200, 0.3999999999999999100, 1.257197186309645400 ) ) ;
#1404 = AXIS2_PLACEMENT_3D ( 'NONE', #2526, #1233, #610 ) ;
#1405 = CARTESIAN_POINT ( 'NONE',  ( 1.012476139926610700, 0.3999999999999999100, 1.215668768043902900 ) ) ;
#1406 = DIRECTION ( 'NONE',  ( 0.0000000000000000000, 1.000000000000000000, 0.0000000000000000000 ) ) ;
#1407 = UNCERTAINTY_MEASURE_WITH_UNIT (LENGTH_MEASURE( 1.000000000000000100E-005 ), #2510, 'distance_accuracy_value', 'NONE');
#1408 = VECTOR ( 'NONE', #194, 1000.000000000000100 ) ;
#1409 = CARTESIAN_POINT ( 'NONE',  ( 1.059366729961078900, 0.4820115648385839300, 0.9599187151617788500 ) ) ;
#1410 = CARTESIAN_POINT ( 'NONE',  ( -0.5999999999999998700, 3.137091952673166000, 1.500000000000000400 ) ) ;
#1411 = CARTESIAN_POINT ( 'NONE',  ( -1.034231626090790400, 0.5299901584113129200, 0.9583699906226111900 ) ) ;
#1412 = VECTOR ( 'NONE', #1889, 1000.000000000000000 ) ;
#1414 = EDGE_CURVE ( 'NONE', #1594, #2131, #447, .T. ) ;
#1413 = CARTESIAN_POINT ( 'NONE',  ( -0.5999999999999998700, -0.0000000000000000000, -1.500000000000000400 ) ) ;
#1415 = PRESENTATION_STYLE_ASSIGNMENT (( #1714 ) ) ;
#1416 = VECTOR ( 'NONE', #2495, 1000.000000000000000 ) ;
#1417 = DIRECTION ( 'NONE',  ( 0.0000000000000000000, -1.000000000000000000, 0.0000000000000000000 ) ) ;
#1418 = FACE_OUTER_BOUND ( 'NONE', #1100, .T. ) ;
#1419 = CYLINDRICAL_SURFACE ( 'NONE', #2568, 0.01999999999999983700 ) ;
#1420 = TOROIDAL_SURFACE ( 'NONE', #1034, 1.649999999999999700, 0.2499999999999998300 ) ;
#1421 = LINE ( 'NONE', #1127, #1872 ) ;
#1422 = DIRECTION ( 'NONE',  ( -0.5000000000000032200, 0.0000000000000000000, 0.8660254037844368200 ) ) ;
#1423 = CARTESIAN_POINT ( 'NONE',  ( -1.005888465370970800, 0.5082162574168468400, 0.9986374794016884500 ) ) ;
#1424 = AXIS2_PLACEMENT_3D ( 'NONE', #2137, #868, #485 ) ;
#1425 = ORIENTED_EDGE ( 'NONE', *, *, #1105, .T. ) ;
#1426 = ADVANCED_FACE ( 'NONE', ( #1931 ), #1892, .T. ) ;
#1427 = DIRECTION ( 'NONE',  ( 0.0000000000000000000, 0.0000000000000000000, -1.000000000000000000 ) ) ;
#1428 = EDGE_CURVE ( 'NONE', #780, #2046, #898, .T. ) ;
#1429 = PRODUCT_DEFINITION_FORMATION_WITH_SPECIFIED_SOURCE ( 'ANY', '', #106, .NOT_KNOWN. ) ;
#1430 = DIRECTION ( 'NONE',  ( 0.8660254037844379300, 0.0000000000000000000, -0.5000000000000012200 ) ) ;
#1431 = DIRECTION ( 'NONE',  ( 0.0000000000000000000, 1.000000000000000000, 0.0000000000000000000 ) ) ;
#1432 = SURFACE_STYLE_USAGE ( .BOTH. , #2689 ) ;
#1433 = EDGE_CURVE ( 'NONE', #2046, #798, #2533, .T. ) ;
#1434 = ORIENTED_EDGE ( 'NONE', *, *, #976, .F. ) ;
#1435 = EDGE_LOOP ( 'NONE', ( #2453, #1982 ) ) ;
#1436 = ORIENTED_EDGE ( 'NONE', *, *, #1593, .F. ) ;
#1437 = DIRECTION ( 'NONE',  ( 0.0000000000000000000, 1.000000000000000000, 0.0000000000000000000 ) ) ;
#1438 = CARTESIAN_POINT ( 'NONE',  ( -1.004999999999999900, 0.4999999999999998900, 1.004415257914915900 ) ) ;
#1439 =( GEOMETRIC_REPRESENTATION_CONTEXT ( 3 ) GLOBAL_UNCERTAINTY_ASSIGNED_CONTEXT ( ( #1407 ) ) GLOBAL_UNIT_ASSIGNED_CONTEXT ( ( #2510, #1247, #2108 ) ) REPRESENTATION_CONTEXT ( 'NONE', 'WORKASPACE' ) );
#1440 = PLANE ( 'NONE',  #661 ) ;
#1441 = CARTESIAN_POINT ( 'NONE',  ( -1.071650635094610000, 0.3999999999999999700, 1.227692378864668500 ) ) ;
#1442 = VECTOR ( 'NONE', #532, 999.9999999999998900 ) ;
#1443 = STYLED_ITEM ( 'NONE', ( #2097 ), #13 ) ;
#1444 = CIRCLE ( 'NONE', #19, 0.01999999999999983700 ) ;
#1445 = CARTESIAN_POINT ( 'NONE',  ( 1.500000000000000000, 0.005000000000000000100, 0.9803847577293354200 ) ) ;
#1446 = VECTOR ( 'NONE', #1758, 1000.000000000000000 ) ;
#1447 = LINE ( 'NONE', #719, #2566 ) ;
#1448 = VECTOR ( 'NONE', #1196, 1000.000000000000000 ) ;
#1449 = ADVANCED_FACE ( 'NONE', ( #2262 ), #413, .T. ) ;
#1450 = CARTESIAN_POINT ( 'NONE',  ( 1.049999999999998500, 0.4000000000000000800, 1.240192378864670700 ) ) ;
#1451 = VERTEX_POINT ( 'NONE', #823 ) ;
#1452 = VERTEX_POINT ( 'NONE', #1920 ) ;
#1453 = PLANE ( 'NONE',  #811 ) ;
#1454 = AXIS2_PLACEMENT_3D ( 'NONE', #723, #277, #2169 ) ;
#1455 = CARTESIAN_POINT ( 'NONE',  ( 1.055666797634361000, 0.3999999999999999700, 1.190732630189857100 ) ) ;
#1456 = DIRECTION ( 'NONE',  ( 0.8660254037844379300, -0.0000000000000000000, -0.5000000000000012200 ) ) ;
#1457 = CARTESIAN_POINT ( 'NONE',  ( 1.049999999999998500, 0.4000000000000000800, 1.240192378864670700 ) ) ;
#1458 = VERTEX_POINT ( 'NONE', #402 ) ;
#1459 = VERTEX_POINT ( 'NONE', #648 ) ;
#1460 = ORIENTED_EDGE ( 'NONE', *, *, #694, .F. ) ;
#1461 = ADVANCED_FACE ( 'NONE', ( #312 ), #1453, .T. ) ;
#1462 = DIRECTION ( 'NONE',  ( 0.0000000000000000000, 0.0000000000000000000, 1.000000000000000000 ) ) ;
#1463 = ORIENTED_EDGE ( 'NONE', *, *, #10, .T. ) ;
#1464 = ORIENTED_EDGE ( 'NONE', *, *, #1890, .T. ) ;
#1465 = EDGE_CURVE ( 'NONE', #832, #1917, #2000, .T. ) ;
#1466 = CARTESIAN_POINT ( 'NONE',  ( 1.064865523797488200, 0.4500000000000001800, 1.207946899160002000 ) ) ;
#1467 = CARTESIAN_POINT ( 'NONE',  ( 0.9971887557983947200, 0.3999999999999999700, 1.228372489840066500 ) ) ;
#1468 = CARTESIAN_POINT ( 'NONE',  ( 1.001289490221015900, 0.4000000000000000200, 1.248977574716880800 ) ) ;
#1469 = DIRECTION ( 'NONE',  ( 0.0000000000000000000, -1.000000000000000000, 0.0000000000000000000 ) ) ;
#1470 = AXIS2_PLACEMENT_3D ( 'NONE', #17, #2332, #1047 ) ;
#1471 = EDGE_CURVE ( 'NONE', #1224, #1776, #1346, .T. ) ;
#1472 = VECTOR ( 'NONE', #567, 1000.000000000000000 ) ;
#1473 = SURFACE_STYLE_FILL_AREA ( #2558 ) ;
#1474 = EDGE_CURVE ( 'NONE', #1740, #1639, #1511, .T. ) ;
#1475 = LINE ( 'NONE', #77, #2502 ) ;
#1476 = EDGE_CURVE ( 'NONE', #1566, #1819, #966, .T. ) ;
#1477 = DIRECTION ( 'NONE',  ( -1.000000000000000000, 0.0000000000000000000, 0.0000000000000000000 ) ) ;
#1478 = FACE_OUTER_BOUND ( 'NONE', #219, .T. ) ;
#1479 = ORIENTED_EDGE ( 'NONE', *, *, #222, .F. ) ;
#1480 = CARTESIAN_POINT ( 'NONE',  ( 1.051650635094610000, 0.3999999999999999700, 1.193051362713291300 ) ) ;
#1481 = CARTESIAN_POINT ( 'NONE',  ( 1.064999999999999900, 0.5004843236238895000, 0.9402390311499362300 ) ) ;
#1482 = EDGE_LOOP ( 'NONE', ( #2515, #1911, #430, #1534 ) ) ;
#1483 = DIRECTION ( 'NONE',  ( 0.0000000000000000000, 1.000000000000000000, 0.0000000000000000000 ) ) ;
#1484 = DIRECTION ( 'NONE',  ( 0.0000000000000000000, 1.000000000000000000, 0.0000000000000000000 ) ) ;
#1485 = CARTESIAN_POINT ( 'NONE',  ( 1.036402365656270000, 0.4500000000000005100, 1.245250616364972800 ) ) ;
#1486 = CARTESIAN_POINT ( 'NONE',  ( -1.008349364905389800, 0.3999999999999999700, 1.218051362713290100 ) ) ;
#1487 = CARTESIAN_POINT ( 'NONE',  ( -1.051650635094610000, 0.009999999999999998500, 1.193051362713291000 ) ) ;
#1488 = AXIS2_PLACEMENT_3D ( 'NONE', #160, #131, #326 ) ;
#1489 = DIRECTION ( 'NONE',  ( 0.0000000000000000000, 0.0000000000000000000, 1.000000000000000000 ) ) ;
#1490 = FILL_AREA_STYLE_COLOUR ( '', #411 ) ;
#1491 = ORIENTED_EDGE ( 'NONE', *, *, #1975, .T. ) ;
#1492 = EDGE_LOOP ( 'NONE', ( #191, #2163, #847, #2232 ) ) ;
#1493 = DIRECTION ( 'NONE',  ( 0.0000000000000000000, 0.0000000000000000000, 1.000000000000000000 ) ) ;
#1494 = CARTESIAN_POINT ( 'NONE',  ( -1.051650635094610000, -0.1056603123937139100, 1.193051362713291000 ) ) ;
#1495 = ORIENTED_EDGE ( 'NONE', *, *, #1744, .T. ) ;
#1496 = DIRECTION ( 'NONE',  ( 0.0000000000000000000, 0.0000000000000000000, 1.000000000000000000 ) ) ;
#1497 = VERTEX_POINT ( 'NONE', #637 ) ;
#1498 = EDGE_CURVE ( 'NONE', #901, #2199, #1899, .T. ) ;
#1499 = DIRECTION ( 'NONE',  ( -0.8660254037844387100, 0.0000000000000000000, 0.4999999999999998900 ) ) ;
#1500 = CARTESIAN_POINT ( 'NONE',  ( 1.055747966002393000, 0.5217785566590587000, 0.9384517656330337900 ) ) ;
#1501 = DIRECTION ( 'NONE',  ( 0.0000000000000000000, 0.0000000000000000000, 1.000000000000000000 ) ) ;
#1502 = CARTESIAN_POINT ( 'NONE',  ( 1.028210850808229900, 0.4706530313607736900, 1.002531336180642700 ) ) ;
#1503 = CARTESIAN_POINT ( 'NONE',  ( -1.051650635094610000, 0.3999999999999999700, 1.193051362713291300 ) ) ;
#1504 = LINE ( 'NONE', #1555, #2527 ) ;
#1505 = CARTESIAN_POINT ( 'NONE',  ( -1.034999999999999900, 0.4699999999999994200, 1.164211616751134900 ) ) ;
#1506 = VECTOR ( 'NONE', #2643, 1000.000000000000000 ) ;
#1507 = DIRECTION ( 'NONE',  ( 0.0000000000000000000, 1.000000000000000000, 0.0000000000000000000 ) ) ;
#1508 = TOROIDAL_SURFACE ( 'NONE', #2095, 1.649999999999999700, 0.2499999999999998300 ) ;
#1509 = VECTOR ( 'NONE', #297, 1000.000000000000000 ) ;
#1510 = CYLINDRICAL_SURFACE ( 'NONE', #1661, 0.01999999999999983700 ) ;
#1511 = LINE ( 'NONE', #2112, #83 ) ;
#1512 = CARTESIAN_POINT ( 'NONE',  ( 1.022458238665729700, 0.4727473997049979600, 1.006607481654125900 ) ) ;
#1513 = PRESENTATION_STYLE_ASSIGNMENT (( #750 ) ) ;
#1514 = DIRECTION ( 'NONE',  ( -1.084202172485513300E-014, 0.0000000000000000000, 1.000000000000000000 ) ) ;
#1515 = VERTEX_POINT ( 'NONE', #2122 ) ;
#1516 = ORIENTED_EDGE ( 'NONE', *, *, #803, .F. ) ;
#1517 = CARTESIAN_POINT ( 'NONE',  ( -1.005941316019315800, 0.4500000000000000100, 1.205759637836679900 ) ) ;
#1518 = CARTESIAN_POINT ( 'NONE',  ( 1.046325757583912200, 0.5277799786744059600, 0.9461291213285584200 ) ) ;
#1519 = CARTESIAN_POINT ( 'NONE',  ( -0.5999999999999998700, 0.0000000000000000000, 1.500000000000000400 ) ) ;
#1520 = DIRECTION ( 'NONE',  ( 1.000000000000000000, 0.0000000000000000000, 0.0000000000000000000 ) ) ;
#1521 = CARTESIAN_POINT ( 'NONE',  ( -1.008349364905389800, 0.009999999999999998500, 1.218051362713290300 ) ) ;
#1522 = EDGE_LOOP ( 'NONE', ( #1516, #1229, #1987, #552 ) ) ;
#1523 = AXIS2_PLACEMENT_3D ( 'NONE', #1716, #671, #2559 ) ;
#1524 = DIRECTION ( 'NONE',  ( 0.8660254037844379300, 0.0000000000000000000, 0.5000000000000012200 ) ) ;
#1525 = EDGE_CURVE ( 'NONE', #675, #753, #25, .T. ) ;
#1526 = ORIENTED_EDGE ( 'NONE', *, *, #109, .F. ) ;
#1527 = AXIS2_PLACEMENT_3D ( 'NONE', #2394, #697, #912 ) ;
#1528 = ORIENTED_EDGE ( 'NONE', *, *, #641, .T. ) ;
#1529 = CARTESIAN_POINT ( 'NONE',  ( -1.061418226785566300, 0.4499999999999996800, 1.198959046404976900 ) ) ;
#1530 = CARTESIAN_POINT ( 'NONE',  ( -1.061650635094610000, -0.09566031239371421100, 1.210371870788979900 ) ) ;
#1531 = B_SPLINE_CURVE_WITH_KNOTS ( 'NONE', 3,
 ( #2243, #2434, #153, #1608 ),
 .UNSPECIFIED., .F., .F.,
 ( 4, 4 ),
 ( 0.0000000000000000000, 0.1666658532226959800 ),
 .UNSPECIFIED. ) ;
#1532 = CARTESIAN_POINT ( 'NONE',  ( -1.064999999999999900, 0.4999999999999997800, 1.164211616751134900 ) ) ;
#1533 = ADVANCED_FACE ( 'NONE', ( #344 ), #2545, .T. ) ;
#1534 = ORIENTED_EDGE ( 'NONE', *, *, #390, .F. ) ;
#1535 = ORIENTED_EDGE ( 'NONE', *, *, #2610, .F. ) ;
#1536 = CARTESIAN_POINT ( 'NONE',  ( -0.5999999999999998700, 3.137091952673166000, 1.500000000000000400 ) ) ;
#1537 = EDGE_CURVE ( 'NONE', #463, #140, #2190, .T. ) ;
#1538 = CARTESIAN_POINT ( 'NONE',  ( -1.028349364905388100, 0.009999999999999998500, 1.252692378864668700 ) ) ;
#1539 = SURFACE_STYLE_USAGE ( .BOTH. , #1978 ) ;
#1540 = CARTESIAN_POINT ( 'NONE',  ( 1.005322405541946100, 0.5043863865747679800, 1.001451977350180700 ) ) ;
#1541 = LINE ( 'NONE', #1707, #990 ) ;
#1542 = PLANE ( 'NONE',  #1523 ) ;
#1543 = VECTOR ( 'NONE', #2436, 1000.000000000000000 ) ;
#1544 = AXIS2_PLACEMENT_3D ( 'NONE', #679, #1077, #2551 ) ;
#1545 = FACE_OUTER_BOUND ( 'NONE', #1068, .T. ) ;
#1546 = VECTOR ( 'NONE', #2528, 1000.000000000000000 ) ;
#1547 = CARTESIAN_POINT ( 'NONE',  ( -1.027790286461825100, 0.4499999999999999600, 1.243603164736178300 ) ) ;
#1548 = B_SPLINE_CURVE_WITH_KNOTS ( 'NONE', 3,
 ( #1262, #234, #1693, #1065, #674, #1732, #59, #691, #2562, #1717, #2576, #266, #1741, #1286, #467, #1512, #1945, #1502, #436, #1943, #233, #855, #113, #2078, #1631, #1409, #2660, #993, #2461, #2678, #2448, #807, #2286, #2486 ),
 .UNSPECIFIED., .F., .F.,
 ( 4, 3, 3, 3, 3, 3, 3, 3, 3, 3, 3, 4 ),
 ( 0.0001298695066367328200, 0.0001353747385989320000, 0.0001436469773008440500, 0.0001520196834449626900, 0.0001590674080221480900, 0.0001659582294795337800, 0.0001769248289860386600, 0.0001943534956108773400, 0.0002216623326082250800, 0.0002427910877594711700, 0.0002484922372619178500, 0.0002559415501159821000 ),
 .UNSPECIFIED. ) ;
#1549 = VECTOR ( 'NONE', #1092, 1000.000000000000100 ) ;
#1550 = CARTESIAN_POINT ( 'NONE',  ( 0.0000000000000000000, 0.7999999999999999300, 0.0000000000000000000 ) ) ;
#1551 = VERTEX_POINT ( 'NONE', #864 ) ;
#1552 = DIRECTION ( 'NONE',  ( 0.0000000000000000000, 1.000000000000000000, 0.0000000000000000000 ) ) ;
#1553 = CARTESIAN_POINT ( 'NONE',  ( 0.5999999999999998700, 0.0000000000000000000, 1.500000000000000400 ) ) ;
#1554 = ORIENTED_EDGE ( 'NONE', *, *, #2466, .F. ) ;
#1555 = CARTESIAN_POINT ( 'NONE',  ( -0.5999999999999998700, 0.0000000000000000000, 1.500000000000000400 ) ) ;
#1556 = CARTESIAN_POINT ( 'NONE',  ( -1.018349364905390100, 0.009999999999999998500, 1.255371870788978900 ) ) ;
#1557 = EDGE_CURVE ( 'NONE', #1602, #1388, #2128, .T. ) ;
#1558 = CARTESIAN_POINT ( 'NONE',  ( -1.061179379345505300, 0.4500000000000005100, 1.230945600841777200 ) ) ;
#1559 = EDGE_LOOP ( 'NONE', ( #2368, #1236, #1745, #915, #431 ) ) ;
#1560 = CARTESIAN_POINT ( 'NONE',  ( 1.048926171065962800, 0.5267198031767632600, 0.9437302877438782400 ) ) ;
#1561 = VERTEX_POINT ( 'NONE', #660 ) ;
#1562 = CARTESIAN_POINT ( 'NONE',  ( -1.065241237377232000, 0.4500000000000000700, 1.214899151452168800 ) ) ;
#1563 = DIRECTION ( 'NONE',  ( -0.8660254037844379300, 0.0000000000000000000, -0.5000000000000013300 ) ) ;
#1564 = CLOSED_SHELL ( 'NONE', ( #1449, #556, #1969, #1817, #1204, #27, #2285, #115, #2460, #1037, #149, #322, #1027 ) ) ;
#1565 = AXIS2_PLACEMENT_3D ( 'NONE', #1294, #259, #1307 ) ;
#1566 = VERTEX_POINT ( 'NONE', #1069 ) ;
#1567 =( NAMED_UNIT ( * ) SI_UNIT ( $, .STERADIAN. ) SOLID_ANGLE_UNIT ( ) );
#1568 = ORIENTED_EDGE ( 'NONE', *, *, #2171, .F. ) ;
#1569 = ORIENTED_EDGE ( 'NONE', *, *, #1613, .F. ) ;
#1570 = EDGE_CURVE ( 'NONE', #300, #1690, #1122, .T. ) ;
#1571 = ORIENTED_EDGE ( 'NONE', *, *, #2316, .T. ) ;
#1572 = DIRECTION ( 'NONE',  ( -0.8660254037844379300, 0.0000000000000000000, 0.5000000000000012200 ) ) ;
#1573 = ORIENTED_EDGE ( 'NONE', *, *, #1525, .F. ) ;
#1574 = DIRECTION ( 'NONE',  ( 0.0000000000000000000, 0.0000000000000000000, 1.000000000000000000 ) ) ;
#1575 = CARTESIAN_POINT ( 'NONE',  ( -1.061418226785566300, 0.4499999999999996800, 1.198959046404976900 ) ) ;
#1576 = DIRECTION ( 'NONE',  ( -0.8660254037844380400, 0.0000000000000000000, -0.5000000000000013300 ) ) ;
#1577 = PRESENTATION_STYLE_ASSIGNMENT (( #1974 ) ) ;
#1578 = CARTESIAN_POINT ( 'NONE',  ( 0.5999999999999998700, 0.0000000000000000000, 1.500000000000000400 ) ) ;
#1579 = CARTESIAN_POINT ( 'NONE',  ( -1.024333202365637100, 0.3999999999999999100, 1.255011111388102600 ) ) ;
#1580 = CYLINDRICAL_SURFACE ( 'NONE', #490, 0.02000000000000005200 ) ;
#1581 = LINE ( 'NONE', #1849, #408 ) ;
#1582 = AXIS2_PLACEMENT_3D ( 'NONE', #899, #876, #2356 ) ;
#1583 = CARTESIAN_POINT ( 'NONE',  ( -1.004999999999999900, 0.4999999999999997800, 1.164211616751134900 ) ) ;
#1584 = LINE ( 'NONE', #2220, #2408 ) ;
#1585 = VECTOR ( 'NONE', #1759, 1000.000000000000000 ) ;
#1586 = AXIS2_PLACEMENT_3D ( 'NONE', #441, #48, #1493 ) ;
#1587 = CLOSED_SHELL ( 'NONE', ( #1098, #2580, #420, #1770, #1902, #1803 ) ) ;
#1588 = DIRECTION ( 'NONE',  ( 0.0000000000000000000, 1.000000000000000000, 0.0000000000000000000 ) ) ;
#1589 = ORIENTED_EDGE ( 'NONE', *, *, #771, .T. ) ;
#1590 = DIRECTION ( 'NONE',  ( -0.0000000000000000000, -1.000000000000000000, -0.0000000000000000000 ) ) ;
#1591 = DIRECTION ( 'NONE',  ( 0.0000000000000000000, 1.000000000000000000, 0.0000000000000000000 ) ) ;
#1592 = CARTESIAN_POINT ( 'NONE',  ( -0.9971887557983947200, 0.3999999999999999700, 1.228372489840066500 ) ) ;
#1593 = EDGE_CURVE ( 'NONE', #2617, #1742, #1315, .T. ) ;
#1594 = VERTEX_POINT ( 'NONE', #1487 ) ;
#1595 = DIRECTION ( 'NONE',  ( 0.8660254037844379300, 0.0000000000000000000, -0.5000000000000013300 ) ) ;
#1596 = FILL_AREA_STYLE ('',( #1375 ) ) ;
#1597 = CARTESIAN_POINT ( 'NONE',  ( 1.008820620654496700, 0.4500000000000001200, 1.197477632660492600 ) ) ;
#1598 = CARTESIAN_POINT ( 'NONE',  ( -1.500000000000000000, 0.3999999999999999700, 0.9803847577293354200 ) ) ;
#1599 = CARTESIAN_POINT ( 'NONE',  ( 0.0000000000000000000, 0.005000000000000000100, 0.0000000000000000000 ) ) ;
#1600 = ORIENTED_EDGE ( 'NONE', *, *, #2015, .T. ) ;
#1601 = CARTESIAN_POINT ( 'NONE',  ( -1.052710251417878800, 0.4751985937964470200, 0.9727855456329360700 ) ) ;
#1602 = VERTEX_POINT ( 'NONE', #1712 ) ;
#1603 = B_SPLINE_SURFACE_WITH_KNOTS ( 'NONE', 3, 1, ( 
 ( #2379, #286 ),
 ( #2594, #733 ),
 ( #936, #2217 ),
 ( #1788, #116 ),
 ( #1133, #536 ),
 ( #2389, #2179 ),
 ( #1104, #905 ),
 ( #2608, #108 ),
 ( #1336, #1575 ),
 ( #2185, #914 ),
 ( #2410, #1562 ),
 ( #1111, #317 ),
 ( #2590, #324 ),
 ( #698, #90 ),
 ( #528, #1325 ),
 ( #2581, #1139 ),
 ( #1579, #2654 ),
 ( #1403, #1371 ),
 ( #1612, #2443 ),
 ( #1592, #332 ),
 ( #2428, #352 ),
 ( #1177, #1170 ) ),
 .UNSPECIFIED., .T., .F., .F.,
 ( 4, 1, 1, 1, 2, 1, 1, 1, 2, 1, 1, 1, 2, 1, 1, 1, 4 ),
 ( 2, 2 ),
 ( 0.0000000000000000000, 0.06334899067564726800, 0.1266979813512945400, 0.1900469720269417600, 0.2533959627025890700, 0.3150469720269413700, 0.3766979813512936200, 0.4383489906756460300, 0.4999999999999983300, 0.5633489906756473700, 0.6266979813512962800, 0.6900469720269455400, 0.7533959627025944600, 0.8150469720269458700, 0.8766979813512971700, 0.9383489906756485900, 1.000000000000000000 ),
 ( 0.0000000000000000000, 1.000000000000000000 ),
 .UNSPECIFIED. ) ;
#1604 = ORIENTED_EDGE ( 'NONE', *, *, #1810, .F. ) ;
#1605 = AXIS2_PLACEMENT_3D ( 'NONE', #1958, #2206, #2371 ) ;
#1606 = PLANE ( 'NONE',  #1488 ) ;
#1607 = CARTESIAN_POINT ( 'NONE',  ( 1.008349364921631700, 0.3999999999999999100, 1.218051362703912700 ) ) ;
#1608 = CARTESIAN_POINT ( 'NONE',  ( 1.018349467184127800, 0.3999999999999999100, 1.255383250389032100 ) ) ;
#1609 = DIRECTION ( 'NONE',  ( -0.8660254037844380400, 0.0000000000000000000, 0.5000000000000013300 ) ) ;
#1610 = DIRECTION ( 'NONE',  ( 0.0000000000000000000, 0.0000000000000000000, 1.000000000000000000 ) ) ;
#1611 = DIRECTION ( 'NONE',  ( 0.0000000000000000000, -1.000000000000000000, 0.0000000000000000000 ) ) ;
#1612 = CARTESIAN_POINT ( 'NONE',  ( -0.9987369846996049200, 0.4000000000000000200, 1.246695083780234400 ) ) ;
#1613 = EDGE_CURVE ( 'NONE', #1515, #522, #922, .T. ) ;
#1614 = APPLICATION_CONTEXT ( 'automotive_design' ) ;
#1615 = SURFACE_SIDE_STYLE ('',( #2066 ) ) ;
#1616 = VECTOR ( 'NONE', #1621, 1000.000000000000100 ) ;
#1617 = CARTESIAN_POINT ( 'NONE',  ( 1.018349364905390100, 0.009999999999999998500, 1.235371870788978900 ) ) ;
#1618 = FILL_AREA_STYLE ('',( #1924 ) ) ;
#1619 = CARTESIAN_POINT ( 'NONE',  ( 1.028349364905388100, 0.3999999999999999700, 1.252692378864668700 ) ) ;
#1620 = COLOUR_RGB ( '',0.7921568627450980000, 0.8196078431372548800, 0.9333333333333333500 ) ;
#1621 = DIRECTION ( 'NONE',  ( 0.8660254037844379300, -0.0000000000000000000, -0.5000000000000012200 ) ) ;
#1622 = CARTESIAN_POINT ( 'NONE',  ( -1.005387119691550900, 0.4951961140898760700, 1.007078113500059300 ) ) ;
#1623 = TOROIDAL_SURFACE ( 'NONE', #221, 0.04999999999999969700, 0.03000000000000014500 ) ;
#1624 = AXIS2_PLACEMENT_3D ( 'NONE', #1238, #1925, #1026 ) ;
#1625 = ORIENTED_EDGE ( 'NONE', *, *, #544, .T. ) ;
#1626 = DIRECTION ( 'NONE',  ( 0.0000000000000000000, 1.000000000000000000, 0.0000000000000000000 ) ) ;
#1627 = DIRECTION ( 'NONE',  ( 0.0000000000000000000, 0.0000000000000000000, 1.000000000000000000 ) ) ;
#1628 = EDGE_CURVE ( 'NONE', #2506, #1497, #767, .T. ) ;
#1629 = ORIENTED_EDGE ( 'NONE', *, *, #1006, .T. ) ;
#1630 = EDGE_CURVE ( 'NONE', #1188, #2548, #2064, .T. ) ;
#1631 = CARTESIAN_POINT ( 'NONE',  ( 1.056458217189733200, 0.4790346735050864900, 0.9655408080610840000 ) ) ;
#1632 = DIRECTION ( 'NONE',  ( 0.0000000000000000000, -0.0000000000000000000, -1.000000000000000000 ) ) ;
#1633 = CARTESIAN_POINT ( 'NONE',  ( -1.071650635094610000, -0.09566031239371421100, 1.227692378864668500 ) ) ;
#1634 = DIRECTION ( 'NONE',  ( -1.000000000000000000, -0.0000000000000000000, 0.0000000000000000000 ) ) ;
#1635 = EDGE_CURVE ( 'NONE', #1742, #2647, #1475, .T. ) ;
#1636 = ORIENTED_EDGE ( 'NONE', *, *, #2438, .T. ) ;
#1637 = DIRECTION ( 'NONE',  ( 0.0000000000000000000, 0.0000000000000000000, 1.000000000000000000 ) ) ;
#1638 = VERTEX_POINT ( 'NONE', #1335 ) ;
#1639 = VERTEX_POINT ( 'NONE', #1306 ) ;
#1640 = ORIENTED_EDGE ( 'NONE', *, *, #75, .T. ) ;
#1641 = CARTESIAN_POINT ( 'NONE',  ( -1.500000000000000000, 0.7999999999999999300, 0.0000000000000000000 ) ) ;
#1642 = CARTESIAN_POINT ( 'NONE',  ( 0.0000000000000000000, 0.0000000000000000000, 0.0000000000000000000 ) ) ;
#1643 = FILL_AREA_STYLE_COLOUR ( '', #58 ) ;
#1644 = ORIENTED_EDGE ( 'NONE', *, *, #869, .T. ) ;
#1645 = AXIS2_PLACEMENT_3D ( 'NONE', #1379, #971, #547 ) ;
#1646 = CARTESIAN_POINT ( 'NONE',  ( 1.019808394686463800, 0.3999999999999999100, 1.211435488784534200 ) ) ;
#1647 = LINE ( 'NONE', #1142, #110 ) ;
#1648 = CARTESIAN_POINT ( 'NONE',  ( -1.064999999999999900, 0.5000000000000002200, 0.9405583503070323900 ) ) ;
#1649 = FACE_OUTER_BOUND ( 'NONE', #1264, .T. ) ;
#1651 = EDGE_CURVE ( 'NONE', #773, #785, #1109, .T. ) ;
#1650 = CARTESIAN_POINT ( 'NONE',  ( 1.033597634343730800, 0.4499999999999996800, 1.183172617137298700 ) ) ;
#1652 = VECTOR ( 'NONE', #1316, 999.9999999999998900 ) ;
#1653 = LINE ( 'NONE', #2480, #1084 ) ;
#1654 = LINE ( 'NONE', #967, #2699 ) ;
#1655 = CARTESIAN_POINT ( 'NONE',  ( 1.028349364905388100, 0.3999999999999999700, 1.252692378864668700 ) ) ;
#1656 = FACE_OUTER_BOUND ( 'NONE', #1291, .T. ) ;
#1657 = SURFACE_STYLE_FILL_AREA ( #403 ) ;
#1658 = ORIENTED_EDGE ( 'NONE', *, *, #10, .F. ) ;
#1659 = CARTESIAN_POINT ( 'NONE',  ( -1.008349364905389800, -0.1056603123937139100, 1.218051362713290100 ) ) ;
#1660 = DIRECTION ( 'NONE',  ( 0.0000000000000000000, 0.0000000000000000000, 1.000000000000000000 ) ) ;
#1661 = AXIS2_PLACEMENT_3D ( 'NONE', #2160, #889, #1959 ) ;
#1662 = VERTEX_POINT ( 'NONE', #1110 ) ;
#1663 = DIRECTION ( 'NONE',  ( -0.0000000000000000000, -0.0000000000000000000, 1.000000000000000000 ) ) ;
#1664 = EDGE_LOOP ( 'NONE', ( #2339, #652, #650, #835 ) ) ;
#1665 = CARTESIAN_POINT ( 'NONE',  ( 1.055358166480198800, 0.4499999999999999000, 1.191479673240745800 ) ) ;
#1666 = ADVANCED_FACE ( 'NONE', ( #510 ), #894, .F. ) ;
#1667 = FILL_AREA_STYLE_COLOUR ( '', #1620 ) ;
#1668 = CARTESIAN_POINT ( 'NONE',  ( 0.5999999999999998700, 0.005000000000000000100, -1.500000000000000400 ) ) ;
#1669 = ORIENTED_EDGE ( 'NONE', *, *, #1141, .F. ) ;
#1670 = ORIENTED_EDGE ( 'NONE', *, *, #1042, .T. ) ;
#1671 = ORIENTED_EDGE ( 'NONE', *, *, #1628, .T. ) ;
#1672 = CARTESIAN_POINT ( 'NONE',  ( 1.027790286461825100, 0.4499999999999999600, 1.243603164736178300 ) ) ;
#1673 = CARTESIAN_POINT ( 'NONE',  ( 1.032476139926608900, 0.3999999999999998600, 1.250309784195281300 ) ) ;
#1674 = EDGE_LOOP ( 'NONE', ( #1362, #969, #231, #139 ) ) ;
#1675 = CARTESIAN_POINT ( 'NONE',  ( 0.9967722197665230800, 0.3999999999999999100, 1.232118978033822200 ) ) ;
#1676 = CARTESIAN_POINT ( 'NONE',  ( 1.018349364905390100, 0.009999999999999998500, 1.235371870788978900 ) ) ;
#1677 = PLANE ( 'NONE',  #1544 ) ;
#1678 = EDGE_CURVE ( 'NONE', #615, #721, #764, .T. ) ;
#1679 = AXIS2_PLACEMENT_3D ( 'NONE', #393, #1893, #18 ) ;
#1680 = ADVANCED_FACE ( 'NONE', ( #2664 ), #2573, .T. ) ;
#1681 = CARTESIAN_POINT ( 'NONE',  ( 1.500000000000000000, 0.3999999999999999700, 0.9803847577293354200 ) ) ;
#1682 = CARTESIAN_POINT ( 'NONE',  ( 1.013830702064414200, 0.3999999999999999100, 1.257197186309645400 ) ) ;
#1683 = LINE ( 'NONE', #2214, #152 ) ;
#1684 = FACE_OUTER_BOUND ( 'NONE', #730, .T. ) ;
#1685 = LINE ( 'NONE', #1225, #931 ) ;
#1686 = COLOUR_RGB ( '',0.7960784313725489700, 0.8235294117647058400, 0.9372549019607843100 ) ;
#1687 = CARTESIAN_POINT ( 'NONE',  ( 1.047523860073388700, 0.3999999999999999100, 1.195433957382678200 ) ) ;
#1688 = LINE ( 'NONE', #859, #578 ) ;
#1689 = ORIENTED_EDGE ( 'NONE', *, *, #373, .T. ) ;
#1690 = VERTEX_POINT ( 'NONE', #2177 ) ;
#1691 = FILL_AREA_STYLE ('',( #1667 ) ) ;
#1692 = AXIS2_PLACEMENT_3D ( 'NONE', #1154, #965, #141 ) ;
#1693 = CARTESIAN_POINT ( 'NONE',  ( 1.005122594840939200, 0.4968267403966458200, 1.006278270361189400 ) ) ;
#1694 = PRODUCT_DEFINITION_CONTEXT ( 'detailed design', #2431, 'design' ) ;
#1695 = ORIENTED_EDGE ( 'NONE', *, *, #2249, .F. ) ;
#1696 = CLOSED_SHELL ( 'NONE', ( #819, #850, #2069, #1426, #208, #2315, #1, #2105, #432, #2327 ) ) ;
#1697 = UNCERTAINTY_MEASURE_WITH_UNIT (LENGTH_MEASURE( 1.000000000000000100E-005 ), #1207, 'distance_accuracy_value', 'NONE');
#1698 = ORIENTED_EDGE ( 'NONE', *, *, #460, .T. ) ;
#1699 = ORIENTED_EDGE ( 'NONE', *, *, #948, .T. ) ;
#1700 = EDGE_CURVE ( 'NONE', #1327, #68, #962, .T. ) ;
#1701 = CARTESIAN_POINT ( 'NONE',  ( -1.054058899966513500, 0.5231680454969863700, 0.9396720859692598800 ) ) ;
#1702 = CARTESIAN_POINT ( 'NONE',  ( 1.064988267955311100, 0.5009762513811127900, 0.9399306559568196800 ) ) ;
#1703 = CARTESIAN_POINT ( 'NONE',  ( -0.9971887557983947200, 0.4000000000000000200, 1.228372489840066500 ) ) ;
#1704 = DIRECTION ( 'NONE',  ( -0.0000000000000000000, 1.000000000000000000, -0.0000000000000000000 ) ) ;
#1705 = CARTESIAN_POINT ( 'NONE',  ( 1.061418226785566300, 0.4499999999999996800, 1.198959046404976900 ) ) ;
#1706 = CARTESIAN_POINT ( 'NONE',  ( -1.029999999999999100, 0.3999999999999999100, 1.205551362713290800 ) ) ;
#1707 = CARTESIAN_POINT ( 'NONE',  ( 1.500000000000000000, 3.137091952673166000, 0.9803847577293354200 ) ) ;
#1708 = AXIS2_PLACEMENT_3D ( 'NONE', #96, #305, #1354 ) ;
#1709 = DIRECTION ( 'NONE',  ( 0.5000000000000032200, 0.0000000000000000000, 0.8660254037844368200 ) ) ;
#1710 = CARTESIAN_POINT ( 'NONE',  ( 1.051650635094610000, -0.1056603123937139100, 1.193051362713291000 ) ) ;
#1711 = EDGE_CURVE ( 'NONE', #1059, #832, #2293, .T. ) ;
#1712 = CARTESIAN_POINT ( 'NONE',  ( 1.500000000000000000, 0.005000000000000000100, -0.9803847577293354200 ) ) ;
#1713 =( GEOMETRIC_REPRESENTATION_CONTEXT ( 3 ) GLOBAL_UNCERTAINTY_ASSIGNED_CONTEXT ( ( #682 ) ) GLOBAL_UNIT_ASSIGNED_CONTEXT ( ( #1005, #791, #1296 ) ) REPRESENTATION_CONTEXT ( 'NONE', 'WORKASPACE' ) );
#1714 = SURFACE_STYLE_USAGE ( .BOTH. , #251 ) ;
#1715 = VECTOR ( 'NONE', #838, 1000.000000000000000 ) ;
#1716 = CARTESIAN_POINT ( 'NONE',  ( 0.0000000000000000000, 0.7999999999999999300, 0.0000000000000000000 ) ) ;
#1717 = CARTESIAN_POINT ( 'NONE',  ( 1.012001725357115400, 0.4807365796533826200, 1.010721308936180200 ) ) ;
#1718 = CARTESIAN_POINT ( 'NONE',  ( 1.071650635094610000, 0.3999999999999999700, 1.227692378864668500 ) ) ;
#1719 = LINE ( 'NONE', #942, #185 ) ;
#1720 = CYLINDRICAL_SURFACE ( 'NONE', #1645, 0.01999999999999983700 ) ;
#1721 = DIRECTION ( 'NONE',  ( -1.000000000000000000, -0.0000000000000000000, -0.0000000000000000000 ) ) ;
#1722 = CARTESIAN_POINT ( 'NONE',  ( 1.071650635094610000, 0.009999999999999998500, 1.227692378864668500 ) ) ;
#1723 = CARTESIAN_POINT ( 'NONE',  ( -1.034999999999999900, 0.4999999999999995600, 1.164211616751134900 ) ) ;
#1724 = VECTOR ( 'NONE', #1572, 1000.000000000000100 ) ;
#1725 = FACE_OUTER_BOUND ( 'NONE', #2409, .T. ) ;
#1726 = VERTEX_POINT ( 'NONE', #904 ) ;
#1727 = DIRECTION ( 'NONE',  ( -0.0000000000000000000, -0.0000000000000000000, 1.000000000000000000 ) ) ;
#1728 = CARTESIAN_POINT ( 'NONE',  ( 1.051568143442722000, 0.5252170348877425200, 0.9414716135034145700 ) ) ;
#1729 = VERTEX_POINT ( 'NONE', #1318 ) ;
#1730 = CARTESIAN_POINT ( 'NONE',  ( 1.084207130926281500, 0.3999999999999999100, 1.209440867610150700 ) ) ;
#1731 = CARTESIAN_POINT ( 'NONE',  ( 1.500000000000000000, 0.7999999999999999300, 0.9803847577293354200 ) ) ;
#1732 = CARTESIAN_POINT ( 'NONE',  ( 1.006517284243424700, 0.4902067884905740300, 1.009276401416777700 ) ) ;
#1733 = CARTESIAN_POINT ( 'NONE',  ( 1.064999999999999900, 0.4999999999999997800, 1.164211616751134900 ) ) ;
#1734 = ORIENTED_EDGE ( 'NONE', *, *, #1128, .T. ) ;
#1735 = CARTESIAN_POINT ( 'NONE',  ( -1.061650635094610000, 0.009999999999999998500, 1.210371870788979900 ) ) ;
#1736 = MECHANICAL_DESIGN_GEOMETRIC_PRESENTATION_REPRESENTATION (  '', ( #188 ), #416 ) ;
#1737 = CARTESIAN_POINT ( 'NONE',  ( 1.018349364905390100, -0.09566031239371421100, 1.235371870788978900 ) ) ;
#1738 = CARTESIAN_POINT ( 'NONE',  ( -1.010239070361474800, 0.3999999999999999700, 1.254698154197112500 ) ) ;
#1739 = EDGE_CURVE ( 'NONE', #1400, #720, #574, .T. ) ;
#1740 = VERTEX_POINT ( 'NONE', #1103 ) ;
#1741 = CARTESIAN_POINT ( 'NONE',  ( 1.017033021815499500, 0.4759752690977798200, 1.009426690415113900 ) ) ;
#1742 = VERTEX_POINT ( 'NONE', #1532 ) ;
#1743 = ORIENTED_EDGE ( 'NONE', *, *, #2136, .F. ) ;
#1744 = EDGE_CURVE ( 'NONE', #124, #2244, #602, .T. ) ;
#1745 = ORIENTED_EDGE ( 'NONE', *, *, #779, .F. ) ;
#1746 = ORIENTED_EDGE ( 'NONE', *, *, #499, .F. ) ;
#1747 = ORIENTED_EDGE ( 'NONE', *, *, #354, .T. ) ;
#1748 = CARTESIAN_POINT ( 'NONE',  ( -1.028349364905388100, 0.009999999999999998500, 1.252692378864668700 ) ) ;
#1749 = DIRECTION ( 'NONE',  ( -0.0000000000000000000, -0.0000000000000000000, -1.000000000000000000 ) ) ;
#1750 = CARTESIAN_POINT ( 'NONE',  ( 1.034999999999999900, 0.4699999999999994200, 1.164211616751134900 ) ) ;
#1751 = CARTESIAN_POINT ( 'NONE',  ( 0.0000000000000000000, 0.3999999999999999700, 1.500000000000000000 ) ) ;
#1752 = ADVANCED_FACE ( 'NONE', ( #1246 ), #732, .T. ) ;
#1753 = COLOUR_RGB ( '',0.7921568627450980000, 0.8196078431372548800, 0.9333333333333333500 ) ;
#1754 = DIRECTION ( 'NONE',  ( -0.8660254037844368200, 0.0000000000000000000, -0.5000000000000032200 ) ) ;
#1755 = CARTESIAN_POINT ( 'NONE',  ( 1.034999999999999900, 0.4999999999999995600, 1.164211616751134900 ) ) ;
#1756 = FACE_OUTER_BOUND ( 'NONE', #654, .T. ) ;
#1757 = B_SPLINE_CURVE_WITH_KNOTS ( 'NONE', 3,
 ( #1381, #339, #156, #1622, #138, #2227, #2419, #147, #565, #2044, #953, #129, #1815, #972, #1823, #775, #989, #2452, #554, #2037, #760, #2246, #2437, #1601, #769, #2252, #983, #361, #1841, #453, #2085, #196, #1877, #1648 ),
 .UNSPECIFIED., .F., .F.,
 ( 4, 3, 3, 3, 3, 3, 3, 3, 3, 3, 3, 4 ),
 ( 0.0001298695066367328200, 0.0001353747385989320000, 0.0001436469773008440500, 0.0001520196834449626900, 0.0001590674080221480900, 0.0001659582294795337800, 0.0001769248289860386600, 0.0001943534956108773400, 0.0002216623326082250800, 0.0002427910877594711700, 0.0002484922372619178500, 0.0002559415501159821000 ),
 .UNSPECIFIED. ) ;
#1758 = DIRECTION ( 'NONE',  ( -0.8660254037844387100, 0.0000000000000000000, -0.4999999999999998900 ) ) ;
#1759 = DIRECTION ( 'NONE',  ( -0.0000000000000000000, 1.000000000000000000, -0.0000000000000000000 ) ) ;
#1760 = COLOUR_RGB ( '',0.0000000000000000000, 0.0000000000000000000, 0.0000000000000000000 ) ;
#1761 = COLOUR_RGB ( '',0.2509803921568627400, 0.2509803921568627400, 0.2509803921568627400 ) ;
#1762 = CARTESIAN_POINT ( 'NONE',  ( -1.064658046807563000, 0.4500000000000000100, 1.218728281401512800 ) ) ;
#1763 = LINE ( 'NONE', #301, #1216 ) ;
#1764 = VERTEX_POINT ( 'NONE', #128 ) ;
#1765 = EDGE_CURVE ( 'NONE', #1459, #2174, #1376, .T. ) ;
#1766 = ORIENTED_EDGE ( 'NONE', *, *, #1835, .T. ) ;
#1767 = CARTESIAN_POINT ( 'NONE',  ( -1.066169297935583000, 0.3999999999999996900, 1.188546555268313900 ) ) ;
#1768 =( LENGTH_UNIT ( ) NAMED_UNIT ( * ) SI_UNIT ( .MILLI., .METRE. ) );
#1769 = CARTESIAN_POINT ( 'NONE',  ( 1.015463646337125200, 0.5233198004543325700, 0.9811867608363789000 ) ) ;
#1770 = ADVANCED_FACE ( 'NONE', ( #543 ), #1158, .T. ) ;
#1771 = ORIENTED_EDGE ( 'NONE', *, *, #2121, .F. ) ;
#1772 = DIRECTION ( 'NONE',  ( 0.0000000000000000000, 0.0000000000000000000, 1.000000000000000000 ) ) ;
#1773 = STYLED_ITEM ( 'NONE', ( #2126 ), #840 ) ;
#1774 = EDGE_CURVE ( 'NONE', #2578, #1331, #893, .T. ) ;
#1775 = ORIENTED_EDGE ( 'NONE', *, *, #75, .F. ) ;
#1776 = VERTEX_POINT ( 'NONE', #1822 ) ;
#1777 = CARTESIAN_POINT ( 'NONE',  ( -1.065241237377232000, 0.4500000000000000700, 1.214899151452168800 ) ) ;
#1778 = B_SPLINE_CURVE_WITH_KNOTS ( 'NONE', 1,
 ( #2479, #2261 ),
 .UNSPECIFIED., .F., .F.,
 ( 2, 2 ),
 ( 0.0000000000000000000, 1.000000000000000000 ),
 .UNSPECIFIED. ) ;
#1779 = CARTESIAN_POINT ( 'NONE',  ( 1.004999999999072200, 0.5015041930940912200, 1.003486579496463400 ) ) ;
#1780 = ORIENTED_EDGE ( 'NONE', *, *, #2684, .F. ) ;
#1781 = ORIENTED_EDGE ( 'NONE', *, *, #506, .F. ) ;
#1782 = DIRECTION ( 'NONE',  ( 0.0000000000000000000, 1.000000000000000000, 0.0000000000000000000 ) ) ;
#1783 = EDGE_CURVE ( 'NONE', #521, #2599, #824, .T. ) ;
#1784 = CARTESIAN_POINT ( 'NONE',  ( 0.0000000000000000000, 0.01000000000000000000, 0.0000000000000000000 ) ) ;
#1785 = PLANE ( 'NONE',  #2152 ) ;
#1786 = DIRECTION ( 'NONE',  ( 0.8660254037844380400, 0.0000000000000000000, 0.5000000000000013300 ) ) ;
#1787 = CARTESIAN_POINT ( 'NONE',  ( -1.032476139926608900, 0.3999999999999998600, 1.250309784195281300 ) ) ;
#1788 = CARTESIAN_POINT ( 'NONE',  ( -1.029999999999999100, 0.3999999999999998000, 1.205551362713290800 ) ) ;
#1789 = LINE ( 'NONE', #2314, #1079 ) ;
#1790 = CARTESIAN_POINT ( 'NONE',  ( -1.008349364921631700, 0.3999999999999999100, 1.218051362703912700 ) ) ;
#1791 = ORIENTED_EDGE ( 'NONE', *, *, #1949, .T. ) ;
#1792 = DIRECTION ( 'NONE',  ( 0.0000000000000000000, 0.0000000000000000000, 1.000000000000000000 ) ) ;
#1793 = LINE ( 'NONE', #2146, #821 ) ;
#1794 = FILL_AREA_STYLE_COLOUR ( '', #410 ) ;
#1795 = AXIS2_PLACEMENT_3D ( 'NONE', #475, #2540, #1274 ) ;
#1796 = DIRECTION ( 'NONE',  ( 0.0000000000000000000, 1.000000000000000000, 0.0000000000000000000 ) ) ;
#1797 = CIRCLE ( 'NONE', #2010, 0.03000000000000018600 ) ;
#1798 = VECTOR ( 'NONE', #1591, 1000.000000000000000 ) ;
#1799 = LINE ( 'NONE', #2567, #55 ) ;
#1800 = CARTESIAN_POINT ( 'NONE',  ( -0.5999999999999998700, 0.0000000000000000000, 1.500000000000000400 ) ) ;
#1801 = CIRCLE ( 'NONE', #2113, 0.02000000000000005200 ) ;
#1802 = CARTESIAN_POINT ( 'NONE',  ( 0.5999999999999998700, 0.004999999999999796300, 1.500000000000000400 ) ) ;
#1803 = ADVANCED_FACE ( 'NONE', ( #1214 ), #2008, .F. ) ;
#1804 = EDGE_LOOP ( 'NONE', ( #2081, #1126, #395, #770 ) ) ;
#1805 = CARTESIAN_POINT ( 'NONE',  ( -1.021985952471145400, 0.3999999999999999700, 1.255378288227611700 ) ) ;
#1806 = ORIENTED_EDGE ( 'NONE', *, *, #1810, .T. ) ;
#1807 = DIRECTION ( 'NONE',  ( 0.0000000000000000000, 0.0000000000000000000, 1.000000000000000000 ) ) ;
#1808 = CARTESIAN_POINT ( 'NONE',  ( 1.022783121635130000, 0.4000000000000001900, 1.209718029379957000 ) ) ;
#1809 = DIRECTION ( 'NONE',  ( 0.0000000000000000000, 0.0000000000000000000, -1.000000000000000000 ) ) ;
#1810 = EDGE_CURVE ( 'NONE', #68, #1072, #669, .T. ) ;
#1811 = VERTEX_POINT ( 'NONE', #1814 ) ;
#1812 = FILL_AREA_STYLE_COLOUR ( '', #1760 ) ;
#1813 = ORIENTED_EDGE ( 'NONE', *, *, #2507, .F. ) ;
#1814 = CARTESIAN_POINT ( 'NONE',  ( -1.008349364905389800, 0.3999999999999999700, 1.218051362713290100 ) ) ;
#1815 = CARTESIAN_POINT ( 'NONE',  ( -1.017033021815499500, 0.4759752690977798200, 1.009426690415113900 ) ) ;
#1816 = CARTESIAN_POINT ( 'NONE',  ( 1.034999996705642200, 0.4499999999999999600, 1.184208295221008700 ) ) ;
#1817 = ADVANCED_FACE ( 'NONE', ( #991 ), #2592, .T. ) ;
#1818 = VERTEX_POINT ( 'NONE', #2035 ) ;
#1819 = VERTEX_POINT ( 'NONE', #1802 ) ;
#1820 =( LENGTH_UNIT ( ) NAMED_UNIT ( * ) SI_UNIT ( .MILLI., .METRE. ) );
#1821 = EDGE_LOOP ( 'NONE', ( #385, #2397, #1460, #651 ) ) ;
#1822 = CARTESIAN_POINT ( 'NONE',  ( -1.034999999999999900, 0.5299999999999999200, 1.164211616751134900 ) ) ;
#1823 = CARTESIAN_POINT ( 'NONE',  ( -1.020639692239002200, 0.4735843024229924900, 1.007749234757275400 ) ) ;
#1824 = CARTESIAN_POINT ( 'NONE',  ( 1.500000000000000000, 0.7999999999999999300, -0.9803847577293354200 ) ) ;
#1825 =( NAMED_UNIT ( * ) PLANE_ANGLE_UNIT ( ) SI_UNIT ( $, .RADIAN. ) );
#1826 =( LENGTH_UNIT ( ) NAMED_UNIT ( * ) SI_UNIT ( .MILLI., .METRE. ) );
#1827 = DIRECTION ( 'NONE',  ( -0.5000000000000006700, 0.0000000000000000000, -0.8660254037844383700 ) ) ;
#1828 = LINE ( 'NONE', #2269, #1242 ) ;
#1829 = DIRECTION ( 'NONE',  ( 0.0000000000000000000, -0.0000000000000000000, -1.000000000000000000 ) ) ;
#1830 = PLANE ( 'NONE',  #1244 ) ;
#1831 = VECTOR ( 'NONE', #2318, 1000.000000000000000 ) ;
#1832 = AXIS2_PLACEMENT_3D ( 'NONE', #705, #76, #283 ) ;
#1833 = ADVANCED_FACE ( 'NONE', ( #2159 ), #1720, .F. ) ;
#1834 =( NAMED_UNIT ( * ) SI_UNIT ( $, .STERADIAN. ) SOLID_ANGLE_UNIT ( ) );
#1835 = EDGE_CURVE ( 'NONE', #550, #1059, #54, .T. ) ;
#1836 = AXIS2_PLACEMENT_3D ( 'NONE', #2005, #1796, #1792 ) ;
#1837 = CIRCLE ( 'NONE', #2598, 0.01999999999999983700 ) ;
#1838 = LINE ( 'NONE', #2328, #29 ) ;
#1839 = VERTEX_POINT ( 'NONE', #1370 ) ;
#1840 = CARTESIAN_POINT ( 'NONE',  ( -1.499999999999999800, 0.004999999999999796300, 0.9803847577293354200 ) ) ;
#1841 = CARTESIAN_POINT ( 'NONE',  ( -1.063793698583079400, 0.4914768741842029400, 0.9478074878838845800 ) ) ;
#1842 = AXIS2_PLACEMENT_3D ( 'NONE', #977, #1173, #2029 ) ;
#1843 = ORIENTED_EDGE ( 'NONE', *, *, #1321, .F. ) ;
#1844 = CARTESIAN_POINT ( 'NONE',  ( 0.5999999999999998700, 0.005000000000000000100, -1.500000000000000400 ) ) ;
#1845 = PRODUCT_CONTEXT ( 'NONE', #1614, 'mechanical' ) ;
#1846 = FILL_AREA_STYLE ('',( #2433 ) ) ;
#1847 = DIRECTION ( 'NONE',  ( -0.5000000000000013300, 0.0000000000000000000, -0.8660254037844379300 ) ) ;
#1848 = CARTESIAN_POINT ( 'NONE',  ( 1.500000000000000000, 0.7999999999999999300, 0.9803847577293354200 ) ) ;
#1849 = CARTESIAN_POINT ( 'NONE',  ( 0.5999999999999998700, 0.0000000000000000000, 1.500000000000000400 ) ) ;
#1850 = ORIENTED_EDGE ( 'NONE', *, *, #2034, .T. ) ;
#1851 = DIRECTION ( 'NONE',  ( 0.0000000000000000000, 0.0000000000000000000, -1.000000000000000000 ) ) ;
#1852 = VERTEX_POINT ( 'NONE', #745 ) ;
#1853 = ORIENTED_EDGE ( 'NONE', *, *, #591, .T. ) ;
#1854 = AXIS2_PLACEMENT_3D ( 'NONE', #881, #261, #2011 ) ;
#1855 = VERTEX_POINT ( 'NONE', #535 ) ;
#1856 = DIRECTION ( 'NONE',  ( 1.000000000000000000, 0.0000000000000000000, -0.0000000000000000000 ) ) ;
#1857 = PLANE ( 'NONE',  #781 ) ;
#1858 = STYLED_ITEM ( 'NONE', ( #1174 ), #2674 ) ;
#1859 = CARTESIAN_POINT ( 'NONE',  ( -1.071650635094610000, -0.09566031239371421100, 1.227692378864668500 ) ) ;
#1860 = CARTESIAN_POINT ( 'NONE',  ( 1.018349364905390100, -0.1056603123937139100, 1.255371870788978700 ) ) ;
#1861 = CARTESIAN_POINT ( 'NONE',  ( 1.057216878364869400, 0.3999999999999999700, 1.236025712198001800 ) ) ;
#1863 = EDGE_CURVE ( 'NONE', #2138, #1937, #296, .T. ) ;
#1862 = DIRECTION ( 'NONE',  ( 0.0000000000000000000, -0.0000000000000000000, 1.000000000000000000 ) ) ;
#1864 = LINE ( 'NONE', #788, #1144 ) ;
#1865 = FACE_OUTER_BOUND ( 'NONE', #2082, .T. ) ;
#1866 = DIRECTION ( 'NONE',  ( 0.0000000000000000000, -0.0000000000000000000, 1.000000000000000000 ) ) ;
#1867 = VECTOR ( 'NONE', #573, 1000.000000000000100 ) ;
#1868 = CARTESIAN_POINT ( 'NONE',  ( -1.064865591368346500, 0.5034684713656886200, 0.9384544216176341500 ) ) ;
#1869 = AXIS2_PLACEMENT_3D ( 'NONE', #1950, #1727, #249 ) ;
#1870 = LINE ( 'NONE', #2520, #157 ) ;
#1871 = VECTOR ( 'NONE', #63, 1000.000000000000000 ) ;
#1872 = VECTOR ( 'NONE', #498, 1000.000000000000000 ) ;
#1873 = CARTESIAN_POINT ( 'NONE',  ( -1.500000000000000000, 0.004999999999999796300, -0.9803847577293354200 ) ) ;
#1874 = EDGE_CURVE ( 'NONE', #582, #1690, #2124, .T. ) ;
#1875 = ORIENTED_EDGE ( 'NONE', *, *, #454, .T. ) ;
#1876 = ORIENTED_EDGE ( 'NONE', *, *, #2335, .F. ) ;
#1877 = CARTESIAN_POINT ( 'NONE',  ( -1.064999999999999900, 0.4979261148953370600, 0.9419256824190140900 ) ) ;
#1878 = ORIENTED_EDGE ( 'NONE', *, *, #1678, .T. ) ;
#1879 = CARTESIAN_POINT ( 'NONE',  ( 1.034999999999999900, 0.4999999999999995600, 1.164211616751134900 ) ) ;
#1880 = CARTESIAN_POINT ( 'NONE',  ( 1.042209713538174500, 0.4500000000000000100, 1.184820068766091000 ) ) ;
#1881 = EDGE_LOOP ( 'NONE', ( #2331, #1734, #2017, #1882 ) ) ;
#1882 = ORIENTED_EDGE ( 'NONE', *, *, #2694, .T. ) ;
#1883 = CARTESIAN_POINT ( 'NONE',  ( 0.5999999999999998700, 0.0000000000000000000, -1.500000000000000400 ) ) ;
#1884 = CARTESIAN_POINT ( 'NONE',  ( -1.064999999999999900, 0.5004843236238895000, 0.9402390311499362300 ) ) ;
#1885 = EDGE_LOOP ( 'NONE', ( #451, #808, #2362, #1981 ) ) ;
#1886 = UNCERTAINTY_MEASURE_WITH_UNIT (LENGTH_MEASURE( 1.000000000000000100E-005 ), #56, 'distance_accuracy_value', 'NONE');
#1887 = AXIS2_PLACEMENT_3D ( 'NONE', #2656, #1366, #121 ) ;
#1888 = ADVANCED_FACE ( 'NONE', ( #1756 ), #1360, .F. ) ;
#1889 = DIRECTION ( 'NONE',  ( -0.0000000000000000000, -0.0000000000000000000, 1.000000000000000000 ) ) ;
#1890 = EDGE_CURVE ( 'NONE', #1458, #773, #1310, .T. ) ;
#1891 = EDGE_CURVE ( 'NONE', #1638, #1551, #21, .T. ) ;
#1892 = PLANE ( 'NONE',  #761 ) ;
#1893 = DIRECTION ( 'NONE',  ( 0.0000000000000000000, 1.000000000000000000, 0.0000000000000000000 ) ) ;
#1894 = LINE ( 'NONE', #2219, #2352 ) ;
#1895 = CARTESIAN_POINT ( 'NONE',  ( 1.004758762622767600, 0.4500000000000000700, 1.213524082050100300 ) ) ;
#1896 = VECTOR ( 'NONE', #817, 1000.000000000000000 ) ;
#1897 = CARTESIAN_POINT ( 'NONE',  ( 0.9987369846996049200, 0.4000000000000000200, 1.246695083780234400 ) ) ;
#1898 = LINE ( 'NONE', #2312, #446 ) ;
#1899 = CIRCLE ( 'NONE', #677, 0.01999999999999961900 ) ;
#1900 = CIRCLE ( 'NONE', #452, 0.2499999999999997800 ) ;
#1901 = DIRECTION ( 'NONE',  ( 0.0000000000000000000, 0.0000000000000000000, -1.000000000000000000 ) ) ;
#1902 = ADVANCED_FACE ( 'NONE', ( #2629 ), #1830, .T. ) ;
#1903 = DIRECTION ( 'NONE',  ( 0.0000000000000000000, 1.000000000000000000, 0.0000000000000000000 ) ) ;
#1904 = AXIS2_PLACEMENT_3D ( 'NONE', #2103, #1477, #220 ) ;
#1905 = ORIENTED_EDGE ( 'NONE', *, *, #1281, .T. ) ;
#1906 = CARTESIAN_POINT ( 'NONE',  ( 1.061418226785566300, 0.4499999999999996800, 1.198959046404976900 ) ) ;
#1907 = ORIENTED_EDGE ( 'NONE', *, *, #2256, .T. ) ;
#1908 = CARTESIAN_POINT ( 'NONE',  ( 1.020474803828461900, 0.4500000000000000700, 1.240745063912209700 ) ) ;
#1909 = EDGE_CURVE ( 'NONE', #2599, #1072, #1581, .T. ) ;
#1910 = ORIENTED_EDGE ( 'NONE', *, *, #1635, .T. ) ;
#1911 = ORIENTED_EDGE ( 'NONE', *, *, #1290, .T. ) ;
#1912 = ORIENTED_EDGE ( 'NONE', *, *, #869, .F. ) ;
#1913 = ADVANCED_FACE ( 'NONE', ( #443 ), #165, .T. ) ;
#1914 = CARTESIAN_POINT ( 'NONE',  ( 1.067523860073388500, 0.3999999999999998600, 1.230074973534055500 ) ) ;
#1915 = CARTESIAN_POINT ( 'NONE',  ( -1.500000000000000000, 0.0000000000000000000, 0.9803847577293354200 ) ) ;
#1916 = ORIENTED_EDGE ( 'NONE', *, *, #125, .F. ) ;
#1917 = VERTEX_POINT ( 'NONE', #774 ) ;
#1918 = DIRECTION ( 'NONE',  ( -0.5000000000000014400, 0.0000000000000000000, 0.8660254037844379300 ) ) ;
#1919 = CARTESIAN_POINT ( 'NONE',  ( 1.008349364905389800, 0.3999999999999999700, 1.218051362713290100 ) ) ;
#1920 = CARTESIAN_POINT ( 'NONE',  ( -0.5999999999999998700, 0.005000000000000000100, -1.500000000000000400 ) ) ;
#1921 = AXIS2_PLACEMENT_3D ( 'NONE', #1915, #1045, #2125 ) ;
#1922 = EDGE_CURVE ( 'NONE', #1134, #300, #80, .T. ) ;
#1923 = DIRECTION ( 'NONE',  ( -0.0000000000000000000, -0.0000000000000000000, -1.000000000000000000 ) ) ;
#1924 = FILL_AREA_STYLE_COLOUR ( '', #1686 ) ;
#1925 = DIRECTION ( 'NONE',  ( -0.5000000000000013300, 0.0000000000000000000, -0.8660254037844379300 ) ) ;
#1926 = EDGE_CURVE ( 'NONE', #262, #2649, #2698, .T. ) ;
#1927 = CARTESIAN_POINT ( 'NONE',  ( -1.060191605313536100, 0.4000000000000000200, 1.234308252793422400 ) ) ;
#1928 = CIRCLE ( 'NONE', #2117, 0.01999999999999961900 ) ;
#1929 = DIRECTION ( 'NONE',  ( -0.0000000000000000000, -0.0000000000000000000, 1.000000000000000000 ) ) ;
#1930 = FACE_OUTER_BOUND ( 'NONE', #938, .T. ) ;
#1931 = FACE_OUTER_BOUND ( 'NONE', #930, .T. ) ;
#1932 = DIRECTION ( 'NONE',  ( 0.0000000000000000000, 1.000000000000000000, 0.0000000000000000000 ) ) ;
#1933 = CARTESIAN_POINT ( 'NONE',  ( 0.0000000000000000000, 0.7999999999999999300, 0.0000000000000000000 ) ) ;
#1934 = VECTOR ( 'NONE', #65, 1000.000000000000100 ) ;
#1935 = CARTESIAN_POINT ( 'NONE',  ( 1.027790286461825100, 0.4499999999999999600, 1.243603164736178300 ) ) ;
#1936 = CARTESIAN_POINT ( 'NONE',  ( -1.051650635094610000, 0.3999999999999999700, 1.193051362713291300 ) ) ;
#1937 = VERTEX_POINT ( 'NONE', #387 ) ;
#1938 = ORIENTED_EDGE ( 'NONE', *, *, #1055, .F. ) ;
#1939 = CARTESIAN_POINT ( 'NONE',  ( 1.071650635094610000, -0.09566031239371421100, 1.227692378864668500 ) ) ;
#1940 = AXIS2_PLACEMENT_3D ( 'NONE', #1844, #333, #1807 ) ;
#1941 = ORIENTED_EDGE ( 'NONE', *, *, #583, .T. ) ;
#1942 = CARTESIAN_POINT ( 'NONE',  ( -1.500000000000000000, 0.3999999999999999700, 0.9803847577293354200 ) ) ;
#1943 = CARTESIAN_POINT ( 'NONE',  ( 1.035144467104564000, 0.4696950523546241100, 0.9962192228568067500 ) ) ;
#1944 =( NAMED_UNIT ( * ) PLANE_ANGLE_UNIT ( ) SI_UNIT ( $, .RADIAN. ) );
#1945 = CARTESIAN_POINT ( 'NONE',  ( 1.025336442292484200, 0.4714228382845301900, 1.004800435172361600 ) ) ;
#1946 = DIRECTION ( 'NONE',  ( -0.0000000000000000000, 1.000000000000000000, -0.0000000000000000000 ) ) ;
#1947 = ORIENTED_EDGE ( 'NONE', *, *, #829, .T. ) ;
#1948 = ORIENTED_EDGE ( 'NONE', *, *, #1321, .T. ) ;
#1949 = EDGE_CURVE ( 'NONE', #1072, #1350, #633, .T. ) ;
#1950 = CARTESIAN_POINT ( 'NONE',  ( 1.034999999999999900, 0.4999999999999995600, 1.164211616751134900 ) ) ;
#1951 = EDGE_LOOP ( 'NONE', ( #2455, #2444, #2517, #1771, #1876 ) ) ;
#1952 = CARTESIAN_POINT ( 'NONE',  ( 1.058867638440519300, 0.5181751433357266700, 0.9367734298078032000 ) ) ;
#1953 = ORIENTED_EDGE ( 'NONE', *, *, #445, .F. ) ;
#1954 = CARTESIAN_POINT ( 'NONE',  ( 1.051650635094610000, 0.3999999999999999700, 1.193051362713291300 ) ) ;
#1955 = CARTESIAN_POINT ( 'NONE',  ( -1.019808394686463800, 0.4000000000000000200, 1.211435488784534000 ) ) ;
#1956 = DIRECTION ( 'NONE',  ( 0.0000000000000000000, 0.0000000000000000000, 1.000000000000000000 ) ) ;
#1957 = UNCERTAINTY_MEASURE_WITH_UNIT (LENGTH_MEASURE( 1.000000000000000100E-005 ), #2255, 'distance_accuracy_value', 'NONE');
#1958 = CARTESIAN_POINT ( 'NONE',  ( 1.034999999999999900, 0.4500000000000000100, 1.164211616751134900 ) ) ;
#1959 = DIRECTION ( 'NONE',  ( 0.0000000000000000000, 0.0000000000000000000, 1.000000000000000000 ) ) ;
#1960 = LINE ( 'NONE', #1372, #1506 ) ;
#1961 = FACE_OUTER_BOUND ( 'NONE', #987, .T. ) ;
#1962 = PLANE ( 'NONE',  #470 ) ;
#1963 = LINE ( 'NONE', #1659, #274 ) ;
#1964 = VECTOR ( 'NONE', #1984, 1000.000000000000000 ) ;
#1965 = LINE ( 'NONE', #1223, #1314 ) ;
#1966 = LINE ( 'NONE', #1410, #1380 ) ;
#1967 = PLANE ( 'NONE',  #1832 ) ;
#1968 = CARTESIAN_POINT ( 'NONE',  ( 1.024154805806438700, 0.5284195647722607100, 0.9698100950133195000 ) ) ;
#1969 = ADVANCED_FACE ( 'NONE', ( #209 ), #2093, .T. ) ;
#1970 = ORIENTED_EDGE ( 'NONE', *, *, #2234, .T. ) ;
#1971 = DIRECTION ( 'NONE',  ( 1.000000000000000000, 0.0000000000000000000, -0.0000000000000000000 ) ) ;
#1972 = ORIENTED_EDGE ( 'NONE', *, *, #566, .T. ) ;
#1973 = CARTESIAN_POINT ( 'NONE',  ( -1.034999999999999900, 0.4500000000000000100, 1.214211616751134800 ) ) ;
#1974 = SURFACE_STYLE_USAGE ( .BOTH. , #1311 ) ;
#1975 = EDGE_CURVE ( 'NONE', #1040, #140, #1653, .T. ) ;
#1976 = AXIS2_PLACEMENT_3D ( 'NONE', #952, #2417, #1148 ) ;
#1977 = CARTESIAN_POINT ( 'NONE',  ( -1.075666797634361000, 0.3999999999999999700, 1.225373646341234400 ) ) ;
#1978 = SURFACE_SIDE_STYLE ('',( #2532 ) ) ;
#1979 = B_SPLINE_CURVE_WITH_KNOTS ( 'NONE', 3,
 ( #1271, #857, #1738, #278, #1703, #64, #265 ),
 .UNSPECIFIED., .F., .F.,
 ( 4, 1, 1, 1, 4 ),
 ( 0.1784665571720447400, 0.2499999997472225900, 0.4999999998314814700, 0.7499999999157407300, 1.000000000000000000 ),
 .UNSPECIFIED. ) ;
#1980 = CARTESIAN_POINT ( 'NONE',  ( -0.5999999999999998700, 0.7999999999999999300, -1.500000000000000400 ) ) ;
#1981 = ORIENTED_EDGE ( 'NONE', *, *, #641, .F. ) ;
#1982 = ORIENTED_EDGE ( 'NONE', *, *, #1739, .T. ) ;
#1983 = ORIENTED_EDGE ( 'NONE', *, *, #728, .T. ) ;
#1984 = DIRECTION ( 'NONE',  ( -0.0000000000000000000, 0.0000000000000000000, 1.000000000000000000 ) ) ;
#1985 = ADVANCED_FACE ( 'NONE', ( #1022 ), #1041, .T. ) ;
#1986 = EDGE_LOOP ( 'NONE', ( #1569, #1526 ) ) ;
#1987 = ORIENTED_EDGE ( 'NONE', *, *, #2514, .F. ) ;
#1988 = CARTESIAN_POINT ( 'NONE',  ( -1.055358166480198800, 0.4499999999999999000, 1.191479673240745800 ) ) ;
#1989 = CARTESIAN_POINT ( 'NONE',  ( 1.008870242257920800, 0.5147389199176962700, 0.9921554454208905100 ) ) ;
#1990 = DIRECTION ( 'NONE',  ( 0.0000000000000000000, 1.000000000000000000, 0.0000000000000000000 ) ) ;
#1991 = CARTESIAN_POINT ( 'NONE',  ( 1.500000000000000000, 3.137091952673166000, 0.9803847577293354200 ) ) ;
#1992 = AXIS2_PLACEMENT_3D ( 'NONE', #2263, #586, #2072 ) ;
#1993 = CARTESIAN_POINT ( 'NONE',  ( -1.024333202365637100, 0.3999999999999999100, 1.255011111388102600 ) ) ;
#1994 = VECTOR ( 'NONE', #2692, 1000.000000000000000 ) ;
#1995 = CARTESIAN_POINT ( 'NONE',  ( 1.019817455944177900, 0.5258745117054027800, 0.9754876550805184900 ) ) ;
#1996 = DIRECTION ( 'NONE',  ( 0.0000000000000000000, 1.000000000000000000, 0.0000000000000000000 ) ) ;
#1997 = AXIS2_PLACEMENT_3D ( 'NONE', #2275, #346, #968 ) ;
#1998 = CARTESIAN_POINT ( 'NONE',  ( -1.005342007506584600, 0.4500000000000000100, 1.209694595469300600 ) ) ;
#1999 = EDGE_LOOP ( 'NONE', ( #1644, #1948, #1161, #1571 ) ) ;
#2000 = LINE ( 'NONE', #2340, #1416 ) ;
#2001 = COLOUR_RGB ( '',0.7960784313725489700, 0.8235294117647058400, 0.9372549019607843100 ) ;
#2002 = FACE_OUTER_BOUND ( 'NONE', #126, .T. ) ;
#2003 = CARTESIAN_POINT ( 'NONE',  ( 1.008349364905389800, 0.3999999999999999700, 1.218051362713290100 ) ) ;
#2004 = EDGE_CURVE ( 'NONE', #2599, #1040, #2377, .T. ) ;
#2005 = CARTESIAN_POINT ( 'NONE',  ( 0.0000000000000000000, 0.5999999999999999800, 0.0000000000000000000 ) ) ;
#2006 = ORIENTED_EDGE ( 'NONE', *, *, #390, .T. ) ;
#2007 = CARTESIAN_POINT ( 'NONE',  ( -1.013830702064414200, 0.3999999999999999100, 1.257197186309645400 ) ) ;
#2008 = PLANE ( 'NONE',  #1349 ) ;
#2009 = CARTESIAN_POINT ( 'NONE',  ( -1.500000000000000000, 1.200000000000000000, -0.9803847577293354200 ) ) ;
#2010 = AXIS2_PLACEMENT_3D ( 'NONE', #1755, #1929, #2350 ) ;
#2011 = DIRECTION ( 'NONE',  ( 0.0000000000000000000, 0.0000000000000000000, 1.000000000000000000 ) ) ;
#2012 = ORIENTED_EDGE ( 'NONE', *, *, #460, .F. ) ;
#2013 = ADVANCED_FACE ( 'NONE', ( #1050 ), #2565, .F. ) ;
#2014 = EDGE_LOOP ( 'NONE', ( #282, #2302, #365, #2210, #1329, #135 ) ) ;
#2015 = EDGE_CURVE ( 'NONE', #2523, #1740, #1963, .T. ) ;
#2016 = CARTESIAN_POINT ( 'NONE',  ( 1.008349364905389800, 0.009999999999999998500, 1.218051362713290100 ) ) ;
#2017 = ORIENTED_EDGE ( 'NONE', *, *, #177, .T. ) ;
#2018 = DIRECTION ( 'NONE',  ( 1.000000000000000000, 0.0000000000000000000, -0.0000000000000000000 ) ) ;
#2019 = ORIENTED_EDGE ( 'NONE', *, *, #2116, .F. ) ;
#2020 = ORIENTED_EDGE ( 'NONE', *, *, #2546, .F. ) ;
#2021 =( NAMED_UNIT ( * ) PLANE_ANGLE_UNIT ( ) SI_UNIT ( $, .RADIAN. ) );
#2022 = DIRECTION ( 'NONE',  ( -0.8660254037844379300, 0.0000000000000000000, -0.5000000000000012200 ) ) ;
#2023 = DIRECTION ( 'NONE',  ( -0.0000000000000000000, 0.0000000000000000000, -1.000000000000000000 ) ) ;
#2024 =( GEOMETRIC_REPRESENTATION_CONTEXT ( 3 ) GLOBAL_UNCERTAINTY_ASSIGNED_CONTEXT ( ( #1039 ) ) GLOBAL_UNIT_ASSIGNED_CONTEXT ( ( #1820, #2648, #2424 ) ) REPRESENTATION_CONTEXT ( 'NONE', 'WORKASPACE' ) );
#2025 = DIRECTION ( 'NONE',  ( 0.0000000000000000000, -0.0000000000000000000, -1.000000000000000000 ) ) ;
#2026 = DIRECTION ( 'NONE',  ( 0.0000000000000000000, 0.0000000000000000000, 1.000000000000000000 ) ) ;
#2027 = FACE_OUTER_BOUND ( 'NONE', #1012, .T. ) ;
#2028 = MECHANICAL_DESIGN_GEOMETRIC_PRESENTATION_REPRESENTATION (  '', ( #1155 ), #144 ) ;
#2029 = DIRECTION ( 'NONE',  ( 0.0000000000000000000, 1.000000000000000000, 0.0000000000000000000 ) ) ;
#2030 = LINE ( 'NONE', #924, #2231 ) ;
#2031 = CIRCLE ( 'NONE', #1386, 1.399999999999999900 ) ;
#2032 = DIRECTION ( 'NONE',  ( 0.0000000000000000000, -0.0000000000000000000, -1.000000000000000000 ) ) ;
#2033 = LINE ( 'NONE', #879, #2260 ) ;
#2034 = EDGE_CURVE ( 'NONE', #521, #61, #2439, .T. ) ;
#2035 = CARTESIAN_POINT ( 'NONE',  ( -1.500000000000000000, -0.0000000000000000000, -0.9803847577293354200 ) ) ;
#2036 = VECTOR ( 'NONE', #1462, 1000.000000000000000 ) ;
#2037 = CARTESIAN_POINT ( 'NONE',  ( -1.035144467104564000, 0.4696950523546241100, 0.9962192228568067500 ) ) ;
#2038 = EDGE_CURVE ( 'NONE', #1551, #758, #2500, .T. ) ;
#2039 = ORIENTED_EDGE ( 'NONE', *, *, #1700, .F. ) ;
#2040 = CARTESIAN_POINT ( 'NONE',  ( -1.008349364905389800, 0.009999999999999998500, 1.218051362713290100 ) ) ;
#2041 = DIRECTION ( 'NONE',  ( -0.0000000000000000000, -1.000000000000000000, -0.0000000000000000000 ) ) ;
#2042 = ORIENTED_EDGE ( 'NONE', *, *, #1465, .T. ) ;
#2043 = UNCERTAINTY_MEASURE_WITH_UNIT (LENGTH_MEASURE( 1.000000000000000100E-005 ), #187, 'distance_accuracy_value', 'NONE');
#2044 = CARTESIAN_POINT ( 'NONE',  ( -1.012001725357115400, 0.4807365796533826200, 1.010721308936180200 ) ) ;
#2045 = ORIENTED_EDGE ( 'NONE', *, *, #1863, .T. ) ;
#2046 = VERTEX_POINT ( 'NONE', #620 ) ;
#2047 = ORIENTED_EDGE ( 'NONE', *, *, #248, .T. ) ;
#2048 = VERTEX_POINT ( 'NONE', #2688 ) ;
#2049 = CARTESIAN_POINT ( 'NONE',  ( 1.028349364905388100, -0.1056603123937139100, 1.252692378864668700 ) ) ;
#2050 = EDGE_LOOP ( 'NONE', ( #260, #218, #2215, #2603, #292, #2271, #1528, #843 ) ) ;
#2051 = CARTESIAN_POINT ( 'NONE',  ( 1.071650635094610000, 0.009999999999999998500, 1.227692378864668500 ) ) ;
#2052 = DIRECTION ( 'NONE',  ( 0.0000000000000000000, -0.0000000000000000000, -1.000000000000000000 ) ) ;
#2054 = EDGE_CURVE ( 'NONE', #2366, #1839, #2031, .T. ) ;
#2053 = DIRECTION ( 'NONE',  ( 1.000000000000000000, -0.0000000000000000000, 1.224646799147353200E-016 ) ) ;
#2055 = DIRECTION ( 'NONE',  ( 0.0000000000000000000, 0.0000000000000000000, 1.000000000000000000 ) ) ;
#2056 = FACE_OUTER_BOUND ( 'NONE', #822, .T. ) ;
#2057 = DIRECTION ( 'NONE',  ( -0.0000000000000000000, 1.000000000000000000, -0.0000000000000000000 ) ) ;
#2058 = CARTESIAN_POINT ( 'NONE',  ( 1.028349364905388100, -0.09566031239371421100, 1.252692378864668700 ) ) ;
#2059 = CARTESIAN_POINT ( 'NONE',  ( -1.051568143442722000, 0.5252170348877425200, 0.9414716135034145700 ) ) ;
#2060 = FACE_OUTER_BOUND ( 'NONE', #1674, .T. ) ;
#2061 = AXIS2_PLACEMENT_3D ( 'NONE', #1341, #1106, #1772 ) ;
#2062 = CARTESIAN_POINT ( 'NONE',  ( -1.500000000000000000, 0.0000000000000000000, -0.9803847577293354200 ) ) ;
#2063 = FACE_OUTER_BOUND ( 'NONE', #1261, .T. ) ;
#2064 = LINE ( 'NONE', #486, #2381 ) ;
#2065 = EDGE_CURVE ( 'NONE', #1742, #1776, #2323, .T. ) ;
#2066 = SURFACE_STYLE_FILL_AREA ( #541 ) ;
#2067 = CIRCLE ( 'NONE', #2253, 1.399999999999999900 ) ;
#2068 = VERTEX_POINT ( 'NONE', #210 ) ;
#2069 = ADVANCED_FACE ( 'NONE', ( #762 ), #1677, .T. ) ;
#2070 = CARTESIAN_POINT ( 'NONE',  ( -1.500000000000000000, 0.0000000000000000000, -0.9803847577293354200 ) ) ;
#2071 = DIRECTION ( 'NONE',  ( -0.0000000000000000000, -1.000000000000000000, -0.0000000000000000000 ) ) ;
#2072 = DIRECTION ( 'NONE',  ( -1.000000000000000000, 0.0000000000000000000, 0.0000000000000000000 ) ) ;
#2073 = CARTESIAN_POINT ( 'NONE',  ( -1.015463646337125200, 0.5233198004543325700, 0.9811867608363789000 ) ) ;
#2074 = EDGE_CURVE ( 'NONE', #2680, #689, #1373, .T. ) ;
#2075 = EDGE_LOOP ( 'NONE', ( #1464, #2280, #1167, #587, #1030, #813 ) ) ;
#2076 = DIRECTION ( 'NONE',  ( -0.8660254037844379300, 0.0000000000000000000, 0.5000000000000013300 ) ) ;
#2077 = ORIENTED_EDGE ( 'NONE', *, *, #533, .F. ) ;
#2078 = CARTESIAN_POINT ( 'NONE',  ( 1.052710251417878800, 0.4751985937964470200, 0.9727855456329360700 ) ) ;
#2079 = CARTESIAN_POINT ( 'NONE',  ( -1.005322405541946100, 0.5043863865747679800, 1.001451977350180700 ) ) ;
#2080 = VERTEX_POINT ( 'NONE', #649 ) ;
#2081 = ORIENTED_EDGE ( 'NONE', *, *, #558, .F. ) ;
#2082 = EDGE_LOOP ( 'NONE', ( #2615, #293, #579, #311 ) ) ;
#2083 = ORIENTED_EDGE ( 'NONE', *, *, #368, .F. ) ;
#2084 = CARTESIAN_POINT ( 'NONE',  ( 0.5999999999999998700, 1.200000000000000000, 1.500000000000000400 ) ) ;
#2085 = CARTESIAN_POINT ( 'NONE',  ( -1.064429140701774500, 0.4941754246771351600, 0.9451717883694864500 ) ) ;
#2086 = ADVANCED_BREP_SHAPE_REPRESENTATION ( 'VLS3012ET-100M', ( #46, #840, #276, #1117, #963, #1369, #2674, #1997 ), #2295 ) ;
#2088 = EDGE_CURVE ( 'NONE', #1232, #2645, #1683, .T. ) ;
#2087 = CARTESIAN_POINT ( 'NONE',  ( 0.0000000000000000000, 1.200000000000000000, 0.0000000000000000000 ) ) ;
#2089 = SURFACE_STYLE_FILL_AREA ( #335 ) ;
#2090 = FACE_OUTER_BOUND ( 'NONE', #2239, .T. ) ;
#2091 = ADVANCED_FACE ( 'NONE', ( #1019 ), #599, .T. ) ;
#2092 = DIRECTION ( 'NONE',  ( 0.0000000000000000000, 0.0000000000000000000, -1.000000000000000000 ) ) ;
#2093 = CYLINDRICAL_SURFACE ( 'NONE', #1992, 0.03000000000000007900 ) ;
#2094 = CARTESIAN_POINT ( 'NONE',  ( -1.500000000000000000, 0.005000000000000000100, 0.9803847577293354200 ) ) ;
#2095 = AXIS2_PLACEMENT_3D ( 'NONE', #1123, #1996, #520 ) ;
#2096 = LINE ( 'NONE', #473, #897 ) ;
#2097 = PRESENTATION_STYLE_ASSIGNMENT (( #145 ) ) ;
#2098 = CARTESIAN_POINT ( 'NONE',  ( 1.065241237377232000, 0.4500000000000000700, 1.214899151452168800 ) ) ;
#2099 = CARTESIAN_POINT ( 'NONE',  ( -1.064658046807563000, 0.4500000000000000100, 1.218728281401512800 ) ) ;
#2100 = ORIENTED_EDGE ( 'NONE', *, *, #31, .T. ) ;
#2101 = DIRECTION ( 'NONE',  ( -0.8660254037844382600, 0.0000000000000000000, -0.5000000000000005600 ) ) ;
#2102 = ORIENTED_EDGE ( 'NONE', *, *, #148, .T. ) ;
#2103 = CARTESIAN_POINT ( 'NONE',  ( -1.034999999999999900, 0.4500000000000000100, 1.164211616751134900 ) ) ;
#2104 = EDGE_CURVE ( 'NONE', #1089, #973, #206, .T. ) ;
#2105 = ADVANCED_FACE ( 'NONE', ( #2060 ), #1066, .T. ) ;
#2106 = CARTESIAN_POINT ( 'NONE',  ( 1.036402365656270000, 0.4500000000000005100, 1.245250616364972800 ) ) ;
#2107 = DIRECTION ( 'NONE',  ( 0.8660254037844383700, -0.0000000000000000000, 0.5000000000000006700 ) ) ;
#2108 =( NAMED_UNIT ( * ) SI_UNIT ( $, .STERADIAN. ) SOLID_ANGLE_UNIT ( ) );
#2109 = CARTESIAN_POINT ( 'NONE',  ( -1.071650635094610000, 0.3999999999999999700, 1.227692378864668500 ) ) ;
#2110 = EDGE_LOOP ( 'NONE', ( #2173, #2006, #1916, #1119 ) ) ;
#2111 = EDGE_LOOP ( 'NONE', ( #606, #349, #176, #1941 ) ) ;
#2112 = CARTESIAN_POINT ( 'NONE',  ( -1.051650635094610000, 0.3999999999999999700, 1.193051362713291000 ) ) ;
#2113 = AXIS2_PLACEMENT_3D ( 'NONE', #979, #1590, #570 ) ;
#2114 = ORIENTED_EDGE ( 'NONE', *, *, #1101, .F. ) ;
#2115 = ORIENTED_EDGE ( 'NONE', *, *, #2203, .F. ) ;
#2116 = EDGE_CURVE ( 'NONE', #1811, #2131, #714, .T. ) ;
#2117 = AXIS2_PLACEMENT_3D ( 'NONE', #538, #748, #2026 ) ;
#2118 = CARTESIAN_POINT ( 'NONE',  ( -1.018349364905390100, 0.009999999999999998500, 1.255371870788978700 ) ) ;
#2119 = CARTESIAN_POINT ( 'NONE',  ( -0.5999999999999998700, 0.005000000000000000100, 1.500000000000000400 ) ) ;
#2120 = ADVANCED_FACE ( 'NONE', ( #2497 ), #891, .F. ) ;
#2121 = EDGE_CURVE ( 'NONE', #1458, #1515, #474, .T. ) ;
#2122 = CARTESIAN_POINT ( 'NONE',  ( 1.064999999999999900, 0.5000000000000002200, 0.9405583503070323900 ) ) ;
#2123 = CARTESIAN_POINT ( 'NONE',  ( 1.020474803828461900, 0.4500000000000000700, 1.240745063912209700 ) ) ;
#2124 = LINE ( 'NONE', #146, #1543 ) ;
#2125 = DIRECTION ( 'NONE',  ( 0.8660254037844380400, 0.0000000000000000000, 0.5000000000000013300 ) ) ;
#2126 = PRESENTATION_STYLE_ASSIGNMENT (( #1539 ) ) ;
#2127 = CARTESIAN_POINT ( 'NONE',  ( 0.5999999999999998700, 0.0000000000000000000, -1.500000000000000400 ) ) ;
#2128 = LINE ( 'NONE', #461, #995 ) ;
#2129 = SURFACE_SIDE_STYLE ('',( #1280 ) ) ;
#2130 = FACE_OUTER_BOUND ( 'NONE', #2075, .T. ) ;
#2131 = VERTEX_POINT ( 'NONE', #1503 ) ;
#2132 = ORIENTED_EDGE ( 'NONE', *, *, #2284, .F. ) ;
#2133 = CARTESIAN_POINT ( 'NONE',  ( 1.008349364905389800, -0.1056603123937139100, 1.218051362713290100 ) ) ;
#2134 = CARTESIAN_POINT ( 'NONE',  ( 1.071650635094610000, 0.009999999999999998500, 1.227692378864668500 ) ) ;
#2135 = DIRECTION ( 'NONE',  ( 0.0000000000000000000, 0.0000000000000000000, 1.000000000000000000 ) ) ;
#2136 = EDGE_CURVE ( 'NONE', #1351, #1561, #1793, .T. ) ;
#2137 = CARTESIAN_POINT ( 'NONE',  ( -1.018349364905390100, 0.009999999999999998500, 1.235371870788978900 ) ) ;
#2138 = VERTEX_POINT ( 'NONE', #1718 ) ;
#2139 = ORIENTED_EDGE ( 'NONE', *, *, #1835, .F. ) ;
#2140 = CARTESIAN_POINT ( 'NONE',  ( 1.062796546254322100, 0.5114540847907591600, 0.9359925215601548900 ) ) ;
#2141 = CARTESIAN_POINT ( 'NONE',  ( -1.500000000000000000, 0.004999999999999796300, 0.9803847577293354200 ) ) ;
#2142 = DIRECTION ( 'NONE',  ( 0.0000000000000000000, 1.000000000000000000, 0.0000000000000000000 ) ) ;
#2143 = ORIENTED_EDGE ( 'NONE', *, *, #2249, .T. ) ;
#2144 = SURFACE_STYLE_USAGE ( .BOTH. , #664 ) ;
#2145 = ORIENTED_EDGE ( 'NONE', *, *, #2473, .F. ) ;
#2146 = CARTESIAN_POINT ( 'NONE',  ( 1.500000000000000000, 1.200000000000000000, 0.9803847577293354200 ) ) ;
#2147 = ORIENTED_EDGE ( 'NONE', *, *, #1474, .F. ) ;
#2148 = CARTESIAN_POINT ( 'NONE',  ( -1.066169297935583000, 0.3999999999999996900, 1.188546555268313900 ) ) ;
#2149 = ORIENTED_EDGE ( 'NONE', *, *, #1498, .T. ) ;
#2150 = MECHANICAL_DESIGN_GEOMETRIC_PRESENTATION_REPRESENTATION (  '', ( #435 ), #158 ) ;
#2151 = EDGE_CURVE ( 'NONE', #550, #1561, #1212, .T. ) ;
#2152 = AXIS2_PLACEMENT_3D ( 'NONE', #321, #944, #285 ) ;
#2153 = CARTESIAN_POINT ( 'NONE',  ( 1.073735155414315700, 0.4000000000000000200, 1.191302873967808900 ) ) ;
#2154 = SURFACE_STYLE_FILL_AREA ( #1135 ) ;
#2155 = DIRECTION ( 'NONE',  ( 0.0000000000000000000, 1.000000000000000000, 0.0000000000000000000 ) ) ;
#2156 = FACE_OUTER_BOUND ( 'NONE', #2456, .T. ) ;
#2157 = CARTESIAN_POINT ( 'NONE',  ( -1.071650635094610000, 0.009999999999999998500, 1.227692378864668500 ) ) ;
#2158 = VECTOR ( 'NONE', #2057, 1000.000000000000000 ) ;
#2159 = FACE_OUTER_BOUND ( 'NONE', #1881, .T. ) ;
#2160 = CARTESIAN_POINT ( 'NONE',  ( -1.018349364905390100, -0.1056603123937139100, 1.235371870788978900 ) ) ;
#2161 = FACE_OUTER_BOUND ( 'NONE', #1482, .T. ) ;
#2162 = LINE ( 'NONE', #472, #1871 ) ;
#2163 = ORIENTED_EDGE ( 'NONE', *, *, #1922, .T. ) ;
#2164 = AXIS2_PLACEMENT_3D ( 'NONE', #2671, #1250, #35 ) ;
#2165 = EDGE_LOOP ( 'NONE', ( #1589, #2522, #1032, #2077 ) ) ;
#2166 = AXIS2_PLACEMENT_3D ( 'NONE', #24, #1918, #226 ) ;
#2167 = VERTEX_POINT ( 'NONE', #1179 ) ;
#2168 = CARTESIAN_POINT ( 'NONE',  ( -1.035000002471137400, 0.4500000000000001200, 1.244214938280852500 ) ) ;
#2169 = DIRECTION ( 'NONE',  ( -1.000000000000000000, 0.0000000000000000000, 0.0000000000000000000 ) ) ;
#2170 = CARTESIAN_POINT ( 'NONE',  ( -1.500000000000000000, 0.005000000000000000100, -0.9803847577293354200 ) ) ;
#2171 = EDGE_CURVE ( 'NONE', #1224, #2048, #539, .T. ) ;
#2172 = ADVANCED_FACE ( 'NONE', ( #2156 ), #1606, .T. ) ;
#2173 = ORIENTED_EDGE ( 'NONE', *, *, #2316, .F. ) ;
#2174 = VERTEX_POINT ( 'NONE', #1160 ) ;
#2175 = CARTESIAN_POINT ( 'NONE',  ( -1.029999999999999100, 0.3999999999999998000, 1.205551362713290800 ) ) ;
#2176 =( NAMED_UNIT ( * ) SI_UNIT ( $, .STERADIAN. ) SOLID_ANGLE_UNIT ( ) );
#2177 = CARTESIAN_POINT ( 'NONE',  ( -1.028349364905388100, 0.3999999999999999700, 1.252692378864668700 ) ) ;
#2178 = ORIENTED_EDGE ( 'NONE', *, *, #399, .F. ) ;
#2179 = CARTESIAN_POINT ( 'NONE',  ( -1.042209713538174500, 0.4500000000000000100, 1.184820068766091000 ) ) ;
#2180 = CARTESIAN_POINT ( 'NONE',  ( -1.200000000000000200, 0.3999999999999999700, 0.0000000000000000000 ) ) ;
#2181 = STYLED_ITEM ( 'NONE', ( #1415 ), #963 ) ;
#2182 = CARTESIAN_POINT ( 'NONE',  ( -1.019387745210929900, 0.4500000000000002900, 1.187170398235752400 ) ) ;
#2183 = B_SPLINE_CURVE_WITH_KNOTS ( 'NONE', 3,
 ( #2337, #2363, #2148, #646, #2543, #477, #1256 ),
 .UNSPECIFIED., .F., .F.,
 ( 4, 1, 1, 1, 4 ),
 ( 0.0000000000000000000, 0.2499999998314986800, 0.5000000000000053300, 0.7500000001685125400, 1.000000000000000000 ),
 .UNSPECIFIED. ) ;
#2184 = ADVANCED_FACE ( 'NONE', ( #2027 ), #1143, .F. ) ;
#2185 = CARTESIAN_POINT ( 'NONE',  ( -1.082811244201604200, 0.3999999999999998000, 1.217371251737893000 ) ) ;
#2186 = CIRCLE ( 'NONE', #271, 0.01999999999999983700 ) ;
#2187 = VECTOR ( 'NONE', #1402, 1000.000000000000000 ) ;
#2188 = EDGE_CURVE ( 'NONE', #1662, #1232, #2375, .T. ) ;
#2189 = VECTOR ( 'NONE', #2416, 1000.000000000000000 ) ;
#2190 = LINE ( 'NONE', #878, #2667 ) ;
#2191 = VECTOR ( 'NONE', #1430, 1000.000000000000100 ) ;
#2192 = CARTESIAN_POINT ( 'NONE',  ( -1.064058683980683800, 0.4500000000000000100, 1.222663595665589100 ) ) ;
#2193 = CARTESIAN_POINT ( 'NONE',  ( -0.5999999999999998700, 0.7999999999999999300, -1.500000000000000400 ) ) ;
#2194 = CIRCLE ( 'NONE', #1099, 0.01999999999999983700 ) ;
#2195 = CARTESIAN_POINT ( 'NONE',  ( 0.0000000000000000000, 0.01000000000000000000, 0.0000000000000000000 ) ) ;
#2196 = ORIENTED_EDGE ( 'NONE', *, *, #1557, .T. ) ;
#2197 = CARTESIAN_POINT ( 'NONE',  ( 1.018349364905390100, -0.09566031239371421100, 1.235371870788978900 ) ) ;
#2198 = CARTESIAN_POINT ( 'NONE',  ( 1.004999999999999900, 0.4999999999999998900, 1.004415257914915900 ) ) ;
#2199 = VERTEX_POINT ( 'NONE', #1816 ) ;
#2200 = CARTESIAN_POINT ( 'NONE',  ( -1.500000000000000000, 0.3999999999999999700, -0.9803847577293354200 ) ) ;
#2201 = CARTESIAN_POINT ( 'NONE',  ( 1.037216878364870100, 0.4000000000000001900, 1.201384696046624100 ) ) ;
#2202 = AXIS2_PLACEMENT_3D ( 'NONE', #2494, #1231, #2101 ) ;
#2203 = EDGE_CURVE ( 'NONE', #1452, #1764, #2322, .T. ) ;
#2204 = MECHANICAL_DESIGN_GEOMETRIC_PRESENTATION_REPRESENTATION (  '', ( #1858 ), #1713 ) ;
#2205 = UNCERTAINTY_MEASURE_WITH_UNIT (LENGTH_MEASURE( 1.000000000000000100E-005 ), #345, 'distance_accuracy_value', 'NONE');
#2206 = DIRECTION ( 'NONE',  ( 1.000000000000000000, 0.0000000000000000000, 0.0000000000000000000 ) ) ;
#2207 = DIRECTION ( 'NONE',  ( 0.0000000000000000000, 0.0000000000000000000, 1.000000000000000000 ) ) ;
#2208 = DIRECTION ( 'NONE',  ( 1.000000000000000000, 0.0000000000000000000, 0.0000000000000000000 ) ) ;
#2209 = EDGE_CURVE ( 'NONE', #1188, #2442, #1960, .T. ) ;
#2210 = ORIENTED_EDGE ( 'NONE', *, *, #2211, .T. ) ;
#2211 = EDGE_CURVE ( 'NONE', #1451, #2617, #1928, .T. ) ;
#2212 = CLOSED_SHELL ( 'NONE', ( #934, #617, #101, #132, #13, #945, #2652, #2172, #1680, #917, #1888, #1985, #289, #400, #1239, #1461, #2607, #833, #1833, #2383, #2184, #2691, #2677, #1752 ) ) ;
#2213 = ORIENTED_EDGE ( 'NONE', *, *, #1711, .F. ) ;
#2214 = CARTESIAN_POINT ( 'NONE',  ( -1.500000000000000000, 0.3999999999999999700, 0.9803847577293354200 ) ) ;
#2215 = ORIENTED_EDGE ( 'NONE', *, *, #1011, .T. ) ;
#2216 = DIRECTION ( 'NONE',  ( -0.0000000000000000000, 1.000000000000000000, -0.0000000000000000000 ) ) ;
#2217 = CARTESIAN_POINT ( 'NONE',  ( -1.008820620654496700, 0.4500000000000001200, 1.197477632660492600 ) ) ;
#2218 = CARTESIAN_POINT ( 'NONE',  ( -1.025482362099536400, 0.3999999999999999700, 1.254347643706394100 ) ) ;
#2219 = CARTESIAN_POINT ( 'NONE',  ( -1.500000000000000000, 0.0000000000000000000, 0.9803847577293354200 ) ) ;
#2220 = CARTESIAN_POINT ( 'NONE',  ( -0.5999999999999998700, 1.200000000000000000, 1.500000000000000400 ) ) ;
#2221 = AXIS2_PLACEMENT_3D ( 'NONE', #114, #155, #1574 ) ;
#2222 = VECTOR ( 'NONE', #1288, 1000.000000000000100 ) ;
#2223 = CARTESIAN_POINT ( 'NONE',  ( 0.5999999999999998700, 1.200000000000000000, -1.500000000000000400 ) ) ;
#2224 = VECTOR ( 'NONE', #264, 1000.000000000000000 ) ;
#2225 = B_SPLINE_CURVE_WITH_KNOTS ( 'NONE', 3,
 ( #1954, #663, #2153, #1730, #1074, #2372 ),
 .UNSPECIFIED., .F., .F.,
 ( 4, 2, 4 ),
 ( 0.0000000000000000000, 0.5000000000000000000, 1.000000000000000000 ),
 .UNSPECIFIED. ) ;
#2226 = CARTESIAN_POINT ( 'NONE',  ( 1.500000000000000000, 0.7999999999999999300, -0.9803847577293354200 ) ) ;
#2227 = CARTESIAN_POINT ( 'NONE',  ( -1.006517284243424700, 0.4902067884905740300, 1.009276401416777700 ) ) ;
#2228 = VECTOR ( 'NONE', #2022, 1000.000000000000100 ) ;
#2229 = SURFACE_STYLE_FILL_AREA ( #2636 ) ;
#2230 = CYLINDRICAL_SURFACE ( 'NONE', #308, 0.03000000000000007900 ) ;
#2231 = VECTOR ( 'NONE', #709, 1000.000000000000000 ) ;
#2232 = ORIENTED_EDGE ( 'NONE', *, *, #1414, .F. ) ;
#2233 = DIRECTION ( 'NONE',  ( -1.000000000000000000, 0.0000000000000000000, 0.0000000000000000000 ) ) ;
#2234 = EDGE_CURVE ( 'NONE', #753, #1818, #1894, .T. ) ;
#2235 = ORIENTED_EDGE ( 'NONE', *, *, #1433, .T. ) ;
#2236 = CARTESIAN_POINT ( 'NONE',  ( -1.071650635094610000, 0.009999999999999998500, 1.227692378864668500 ) ) ;
#2237 = DIRECTION ( 'NONE',  ( 0.0000000000000000000, -0.0000000000000000000, -1.000000000000000000 ) ) ;
#2238 = CARTESIAN_POINT ( 'NONE',  ( -1.500000000000000000, 1.200000000000000000, 0.9803847577293354200 ) ) ;
#2239 = EDGE_LOOP ( 'NONE', ( #1095, #529, #427, #940, #362 ) ) ;
#2240 = AXIS2_PLACEMENT_3D ( 'NONE', #604, #810, #1660 ) ;
#2241 = CARTESIAN_POINT ( 'NONE',  ( -1.500000000000000000, 0.005000000000000000100, -0.9803847577293354200 ) ) ;
#2242 = SURFACE_SIDE_STYLE ('',( #725 ) ) ;
#2243 = CARTESIAN_POINT ( 'NONE',  ( 1.028349364905388100, 0.3999999999999999700, 1.252692378864668700 ) ) ;
#2244 = VERTEX_POINT ( 'NONE', #576 ) ;
#2245 = ORIENTED_EDGE ( 'NONE', *, *, #2116, .T. ) ;
#2246 = CARTESIAN_POINT ( 'NONE',  ( -1.042574108663288900, 0.4709718605839659500, 0.9873000216317124900 ) ) ;
#2247 = ORIENTED_EDGE ( 'NONE', *, *, #91, .T. ) ;
#2248 = ORIENTED_EDGE ( 'NONE', *, *, #1281, .F. ) ;
#2249 = EDGE_CURVE ( 'NONE', #747, #1917, #959, .T. ) ;
#2250 = DIRECTION ( 'NONE',  ( 0.0000000000000000000, 1.000000000000000000, 0.0000000000000000000 ) ) ;
#2251 = DIRECTION ( 'NONE',  ( -0.0000000000000000000, -0.0000000000000000000, 1.000000000000000000 ) ) ;
#2252 = CARTESIAN_POINT ( 'NONE',  ( -1.059366729961078900, 0.4820115648385839300, 0.9599187151617788500 ) ) ;
#2253 = AXIS2_PLACEMENT_3D ( 'NONE', #724, #1990, #318 ) ;
#2254 = CARTESIAN_POINT ( 'NONE',  ( -0.5999999999999998700, 0.0000000000000000000, -1.500000000000000400 ) ) ;
#2255 =( LENGTH_UNIT ( ) NAMED_UNIT ( * ) SI_UNIT ( .MILLI., .METRE. ) );
#2256 = EDGE_CURVE ( 'NONE', #685, #880, #1343, .T. ) ;
#2257 = AXIS2_PLACEMENT_3D ( 'NONE', #1642, #359, #2052 ) ;
#2258 = CARTESIAN_POINT ( 'NONE',  ( -1.008349364905389800, -0.09566031239371421100, 1.218051362713290100 ) ) ;
#2259 = VECTOR ( 'NONE', #323, 1000.000000000000000 ) ;
#2260 = VECTOR ( 'NONE', #1094, 1000.000000000000000 ) ;
#2261 = CARTESIAN_POINT ( 'NONE',  ( -1.005342007506584600, 0.4500000000000000100, 1.209694595469300600 ) ) ;
#2262 = FACE_OUTER_BOUND ( 'NONE', #655, .T. ) ;
#2263 = CARTESIAN_POINT ( 'NONE',  ( -1.034999999999999900, 0.4999999999999997800, 1.164211616751134900 ) ) ;
#2264 = FACE_OUTER_BOUND ( 'NONE', #1804, .T. ) ;
#2265 = DIRECTION ( 'NONE',  ( 0.0000000000000000000, 1.000000000000000000, 0.0000000000000000000 ) ) ;
#2266 = AXIS2_PLACEMENT_3D ( 'NONE', #2258, #1367, #2270 ) ;
#2267 = VECTOR ( 'NONE', #1754, 1000.000000000000000 ) ;
#2268 = VERTEX_POINT ( 'NONE', #2040 ) ;
#2269 = CARTESIAN_POINT ( 'NONE',  ( 0.5999999999999998700, 0.0000000000000000000, -1.500000000000000400 ) ) ;
#2270 = DIRECTION ( 'NONE',  ( -0.8660254037844382600, 0.0000000000000000000, -0.5000000000000005600 ) ) ;
#2271 = ORIENTED_EDGE ( 'NONE', *, *, #1136, .T. ) ;
#2272 = DIRECTION ( 'NONE',  ( -0.8660254037844379300, -0.0000000000000000000, 0.5000000000000012200 ) ) ;
#2273 = CARTESIAN_POINT ( 'NONE',  ( -1.048926171065962800, 0.5267198031767632600, 0.9437302877438782400 ) ) ;
#2274 = DIRECTION ( 'NONE',  ( 0.8660254037844382600, 0.0000000000000000000, -0.5000000000000005600 ) ) ;
#2275 = CARTESIAN_POINT ( 'NONE',  ( 0.0000000000000000000, 0.0000000000000000000, 0.0000000000000000000 ) ) ;
#2276 = ORIENTED_EDGE ( 'NONE', *, *, #1613, .T. ) ;
#2277 = EDGE_LOOP ( 'NONE', ( #742, #1035, #92, #2702, #2451, #1568, #1780 ) ) ;
#2278 = CARTESIAN_POINT ( 'NONE',  ( 1.055666797634361000, 0.3999999999999999700, 1.190732630189857100 ) ) ;
#2279 = VERTEX_POINT ( 'NONE', #2241 ) ;
#2280 = ORIENTED_EDGE ( 'NONE', *, *, #1651, .T. ) ;
#2281 = SURFACE_STYLE_USAGE ( .BOTH. , #1401 ) ;
#2282 = CARTESIAN_POINT ( 'NONE',  ( 1.061650635094610000, -0.09566031239371421100, 1.210371870788979900 ) ) ;
#2283 = CARTESIAN_POINT ( 'NONE',  ( -1.008870242257920800, 0.5147389199176962700, 0.9921554454208905100 ) ) ;
#2284 = EDGE_CURVE ( 'NONE', #2046, #262, #240, .T. ) ;
#2285 = ADVANCED_FACE ( 'NONE', ( #1308 ), #2467, .T. ) ;
#2286 = CARTESIAN_POINT ( 'NONE',  ( 1.064999999999999900, 0.4979261148953370600, 0.9419256824190140900 ) ) ;
#2287 = CARTESIAN_POINT ( 'NONE',  ( -1.018349364905390100, 0.009999999999999998500, 1.235371870788978900 ) ) ;
#2288 = CARTESIAN_POINT ( 'NONE',  ( 1.034999999999999900, 0.4999999999999995600, 1.164211616751134900 ) ) ;
#2289 = CARTESIAN_POINT ( 'NONE',  ( -0.5999999999999998700, 0.0000000000000000000, 1.500000000000000400 ) ) ;
#2290 = AXIS2_PLACEMENT_3D ( 'NONE', #2561, #2345, #493 ) ;
#2291 = LINE ( 'NONE', #1681, #1715 ) ;
#2292 = PRESENTATION_STYLE_ASSIGNMENT (( #1432 ) ) ;
#2293 = LINE ( 'NONE', #1980, #1509 ) ;
#2294 = EDGE_CURVE ( 'NONE', #2366, #1497, #404, .T. ) ;
#2295 =( GEOMETRIC_REPRESENTATION_CONTEXT ( 3 ) GLOBAL_UNCERTAINTY_ASSIGNED_CONTEXT ( ( #726 ) ) GLOBAL_UNIT_ASSIGNED_CONTEXT ( ( #1826, #334, #2668 ) ) REPRESENTATION_CONTEXT ( 'NONE', 'WORKASPACE' ) );
#2296 = TOROIDAL_SURFACE ( 'NONE', #1382, 0.04999999999999969700, 0.03000000000000014500 ) ;
#2297 = LINE ( 'NONE', #2426, #1724 ) ;
#2298 = ORIENTED_EDGE ( 'NONE', *, *, #1476, .F. ) ;
#2299 = DIRECTION ( 'NONE',  ( -0.0000000000000000000, 0.0000000000000000000, 1.000000000000000000 ) ) ;
#2300 = CARTESIAN_POINT ( 'NONE',  ( -1.064999999999999900, 0.5000000000000002200, 0.9405583503070323900 ) ) ;
#2301 = ORIENTED_EDGE ( 'NONE', *, *, #2658, .T. ) ;
#2302 = ORIENTED_EDGE ( 'NONE', *, *, #2171, .T. ) ;
#2303 = CARTESIAN_POINT ( 'NONE',  ( -0.5999999999999998700, 0.005000000000000000100, 1.500000000000000400 ) ) ;
#2304 = CARTESIAN_POINT ( 'NONE',  ( -0.5999999999999998700, 0.7999999999999999300, -1.500000000000000400 ) ) ;
#2305 = CARTESIAN_POINT ( 'NONE',  ( 0.0000000000000000000, 0.5999999999999999800, 0.0000000000000000000 ) ) ;
#2306 = CARTESIAN_POINT ( 'NONE',  ( -1.064554972304020400, 0.5056102072811152800, 0.9374659391032491600 ) ) ;
#2307 = AXIS2_PLACEMENT_3D ( 'NONE', #1044, #1704, #2509 ) ;
#2308 = ORIENTED_EDGE ( 'NONE', *, *, #771, .F. ) ;
#2309 = AXIS2_PLACEMENT_3D ( 'NONE', #607, #2053, #397 ) ;
#2310 = VERTEX_POINT ( 'NONE', #2683 ) ;
#2311 = CARTESIAN_POINT ( 'NONE',  ( 1.008581773214436400, 0.4500000000000009000, 1.229464187097295100 ) ) ;
#2312 = CARTESIAN_POINT ( 'NONE',  ( -1.051650635094610000, 0.009999999999999998500, 1.193051362713291000 ) ) ;
#2313 = VERTEX_POINT ( 'NONE', #2440 ) ;
#2314 = CARTESIAN_POINT ( 'NONE',  ( -0.5999999999999998700, 0.0000000000000000000, -1.500000000000000400 ) ) ;
#2315 = ADVANCED_FACE ( 'NONE', ( #1649 ), #1172, .T. ) ;
#2316 = EDGE_CURVE ( 'NONE', #1726, #842, #269, .T. ) ;
#2317 = CARTESIAN_POINT ( 'NONE',  ( 0.0000000000000000000, 0.01000000000000000000, 0.0000000000000000000 ) ) ;
#2318 = DIRECTION ( 'NONE',  ( -0.0000000000000000000, -0.0000000000000000000, -1.000000000000000000 ) ) ;
#2319 = CARTESIAN_POINT ( 'NONE',  ( 1.039808394686462900, 0.4000000000000001300, 1.246076504935912200 ) ) ;
#2320 = CIRCLE ( 'NONE', #642, 0.01999999999999983700 ) ;
#2321 = CARTESIAN_POINT ( 'NONE',  ( 1.067523860073388500, 0.3999999999999998600, 1.230074973534055500 ) ) ;
#2322 = LINE ( 'NONE', #2254, #1472 ) ;
#2323 = CIRCLE ( 'NONE', #383, 0.03000000000000018600 ) ;
#2324 = CYLINDRICAL_SURFACE ( 'NONE', #1052, 0.03000000000000007900 ) ;
#2325 = VECTOR ( 'NONE', #1240, 1000.000000000000000 ) ;
#2326 = PRESENTATION_STYLE_ASSIGNMENT (( #2144 ) ) ;
#2327 = ADVANCED_FACE ( 'NONE', ( #2435 ), #374, .T. ) ;
#2328 = CARTESIAN_POINT ( 'NONE',  ( 1.500000000000000000, 1.200000000000000000, 0.9803847577293354200 ) ) ;
#2329 = CIRCLE ( 'NONE', #826, 1.500000000000000000 ) ;
#2330 = PLANE ( 'NONE',  #1921 ) ;
#2331 = ORIENTED_EDGE ( 'NONE', *, *, #998, .F. ) ;
#2332 = DIRECTION ( 'NONE',  ( -0.0000000000000000000, -1.000000000000000000, -0.0000000000000000000 ) ) ;
#2333 = ORIENTED_EDGE ( 'NONE', *, *, #1267, .F. ) ;
#2334 = CARTESIAN_POINT ( 'NONE',  ( 1.034999999999999900, 0.4500000000000000100, 1.164211616751134900 ) ) ;
#2335 = EDGE_CURVE ( 'NONE', #901, #1458, #112, .T. ) ;
#2336 = CARTESIAN_POINT ( 'NONE',  ( -0.5999999999999998700, 0.7999999999999999300, 1.500000000000000400 ) ) ;
#2337 = CARTESIAN_POINT ( 'NONE',  ( -1.051650635094610000, 0.3999999999999999700, 1.193051362713291300 ) ) ;
#2338 = VERTEX_POINT ( 'NONE', #597 ) ;
#2339 = ORIENTED_EDGE ( 'NONE', *, *, #270, .F. ) ;
#2340 = CARTESIAN_POINT ( 'NONE',  ( -0.5999999999999998700, 0.7999999999999999300, -1.500000000000000400 ) ) ;
#2341 = PRESENTATION_LAYER_ASSIGNMENT (  '', '', ( #1773 ) ) ;
#2342 = EDGE_LOOP ( 'NONE', ( #2298, #621, #450, #99 ) ) ;
#2343 = EDGE_LOOP ( 'NONE', ( #2450, #330, #1163, #201 ) ) ;
#2344 = EDGE_CURVE ( 'NONE', #61, #1040, #1828, .T. ) ;
#2345 = DIRECTION ( 'NONE',  ( 1.000000000000000000, -0.0000000000000000000, 0.0000000000000000000 ) ) ;
#2346 = CARTESIAN_POINT ( 'NONE',  ( 1.008581773214436400, 0.4500000000000009000, 1.229464187097295100 ) ) ;
#2347 = EDGE_CURVE ( 'NONE', #2279, #62, #307, .T. ) ;
#2348 = CARTESIAN_POINT ( 'NONE',  ( -1.067523860073388500, 0.3999999999999998600, 1.230074973534055500 ) ) ;
#2349 = LINE ( 'NONE', #2127, #2222 ) ;
#2350 = DIRECTION ( 'NONE',  ( 0.0000000000000000000, 1.000000000000000000, 0.0000000000000000000 ) ) ;
#2351 = CARTESIAN_POINT ( 'NONE',  ( 1.061068980841951800, 0.5149751602572398800, 0.9359813856081780100 ) ) ;
#2352 = VECTOR ( 'NONE', #2413, 1000.000000000000000 ) ;
#2353 = DIRECTION ( 'NONE',  ( 0.0000000000000000000, 0.0000000000000000000, -1.000000000000000000 ) ) ;
#2354 = DIRECTION ( 'NONE',  ( 0.0000000000000000000, 1.000000000000000000, 0.0000000000000000000 ) ) ;
#2355 = VECTOR ( 'NONE', #2378, 1000.000000000000000 ) ;
#2356 = DIRECTION ( 'NONE',  ( 1.224646799147353500E-016, 0.0000000000000000000, -1.000000000000000000 ) ) ;
#2357 = LINE ( 'NONE', #1731, #1934 ) ;
#2358 = VECTOR ( 'NONE', #688, 1000.000000000000000 ) ;
#2359 = EDGE_LOOP ( 'NONE', ( #392, #618, #2425, #559, #1009, #1878, #2247, #717 ) ) ;
#2360 = ORIENTED_EDGE ( 'NONE', *, *, #84, .T. ) ;
#2361 = CARTESIAN_POINT ( 'NONE',  ( -1.047523860073388700, 0.4000000000000000200, 1.195433957382678200 ) ) ;
#2362 = ORIENTED_EDGE ( 'NONE', *, *, #506, .T. ) ;
#2363 = CARTESIAN_POINT ( 'NONE',  ( -1.055666797634361000, 0.3999999999999999700, 1.190732630189857100 ) ) ;
#2364 = EDGE_CURVE ( 'NONE', #1729, #609, #699, .T. ) ;
#2365 = VERTEX_POINT ( 'NONE', #200 ) ;
#2366 = VERTEX_POINT ( 'NONE', #814 ) ;
#2367 = ORIENTED_EDGE ( 'NONE', *, *, #877, .T. ) ;
#2368 = ORIENTED_EDGE ( 'NONE', *, *, #1042, .F. ) ;
#2369 = AXIS2_PLACEMENT_3D ( 'NONE', #179, #1634, #2472 ) ;
#2370 = CARTESIAN_POINT ( 'NONE',  ( -1.005134476202509000, 0.4499999999999993400, 1.220476334342263800 ) ) ;
#2371 = DIRECTION ( 'NONE',  ( 0.0000000000000000000, 0.0000000000000000000, -1.000000000000000000 ) ) ;
#2372 = CARTESIAN_POINT ( 'NONE',  ( 1.071650635094610000, 0.3999999999999999700, 1.227692378864668500 ) ) ;
#2373 = PLANE ( 'NONE',  #175 ) ;
#2374 = EDGE_CURVE ( 'NONE', #842, #1818, #793, .T. ) ;
#2375 = LINE ( 'NONE', #2635, #337 ) ;
#2376 = DIRECTION ( 'NONE',  ( 0.0000000000000000000, -1.000000000000000000, 0.0000000000000000000 ) ) ;
#2377 = LINE ( 'NONE', #1668, #478 ) ;
#2378 = DIRECTION ( 'NONE',  ( 0.0000000000000000000, 1.000000000000000000, 0.0000000000000000000 ) ) ;
#2379 = CARTESIAN_POINT ( 'NONE',  ( -1.008349364921631700, 0.3999999999999999100, 1.218051362703912700 ) ) ;
#2380 = VECTOR ( 'NONE', #350, 1000.000000000000000 ) ;
#2381 = VECTOR ( 'NONE', #2399, 1000.000000000000000 ) ;
#2382 = VECTOR ( 'NONE', #439, 1000.000000000000000 ) ;
#2383 = ADVANCED_FACE ( 'NONE', ( #2090 ), #1440, .T. ) ;
#2384 = MECHANICAL_DESIGN_GEOMETRIC_PRESENTATION_REPRESENTATION (  '', ( #81 ), #50 ) ;
#2385 = ORIENTED_EDGE ( 'NONE', *, *, #2347, .T. ) ;
#2386 = EDGE_CURVE ( 'NONE', #1852, #1726, #1864, .T. ) ;
#2387 = ORIENTED_EDGE ( 'NONE', *, *, #1537, .T. ) ;
#2388 = CARTESIAN_POINT ( 'NONE',  ( 1.018349364905390100, -0.1056603123937139100, 1.235371870788978900 ) ) ;
#2389 = CARTESIAN_POINT ( 'NONE',  ( -1.047523860073388700, 0.3999999999999999100, 1.195433957382678200 ) ) ;
#2390 = ORIENTED_EDGE ( 'NONE', *, *, #1359, .T. ) ;
#2391 = ORIENTED_EDGE ( 'NONE', *, *, #2347, .F. ) ;
#2392 = CARTESIAN_POINT ( 'NONE',  ( -1.014641833519799100, 0.4499999999999991800, 1.236943560261521700 ) ) ;
#2393 =( NAMED_UNIT ( * ) SI_UNIT ( $, .STERADIAN. ) SOLID_ANGLE_UNIT ( ) );
#2394 = CARTESIAN_POINT ( 'NONE',  ( -0.5999999999999998700, 0.0000000000000000000, -1.500000000000000400 ) ) ;
#2395 = ORIENTED_EDGE ( 'NONE', *, *, #2473, .T. ) ;
#2396 = ORIENTED_EDGE ( 'NONE', *, *, #1711, .T. ) ;
#2397 = ORIENTED_EDGE ( 'NONE', *, *, #2054, .T. ) ;
#2398 = CARTESIAN_POINT ( 'NONE',  ( -1.039808394686462900, 0.4000000000000001300, 1.246076504935912200 ) ) ;
#2399 = DIRECTION ( 'NONE',  ( -0.0000000000000000000, -0.0000000000000000000, 1.000000000000000000 ) ) ;
#2400 = CARTESIAN_POINT ( 'NONE',  ( 0.5999999999999998700, 0.005000000000000000100, -1.500000000000000400 ) ) ;
#2401 = LINE ( 'NONE', #1067, #727 ) ;
#2402 = DIRECTION ( 'NONE',  ( 0.0000000000000000000, 0.0000000000000000000, 1.000000000000000000 ) ) ;
#2403 = CIRCLE ( 'NONE', #2570, 0.01999999999999983700 ) ;
#2404 = EDGE_CURVE ( 'NONE', #2442, #1071, #150, .T. ) ;
#2405 = VECTOR ( 'NONE', #488, 1000.000000000000000 ) ;
#2406 = LINE ( 'NONE', #585, #1248 ) ;
#2407 = CARTESIAN_POINT ( 'NONE',  ( 1.008349364905389800, -0.09566031239371421100, 1.218051362713290100 ) ) ;
#2408 = VECTOR ( 'NONE', #398, 1000.000000000000000 ) ;
#2409 = EDGE_LOOP ( 'NONE', ( #690, #247, #686, #1983 ) ) ;
#2410 = CARTESIAN_POINT ( 'NONE',  ( -1.075666797634361000, 0.3999999999999999700, 1.225373646341234400 ) ) ;
#2411 = AXIS2_PLACEMENT_3D ( 'NONE', #1641, #195, #1866 ) ;
#2412 = EDGE_LOOP ( 'NONE', ( #2333, #815, #1746, #328 ) ) ;
#2413 = DIRECTION ( 'NONE',  ( 0.0000000000000000000, -0.0000000000000000000, -1.000000000000000000 ) ) ;
#2414 = ORIENTED_EDGE ( 'NONE', *, *, #368, .T. ) ;
#2415 = EDGE_CURVE ( 'NONE', #1639, #2645, #2403, .T. ) ;
#2416 = DIRECTION ( 'NONE',  ( -0.0000000000000000000, 0.0000000000000000000, 1.000000000000000000 ) ) ;
#2417 = DIRECTION ( 'NONE',  ( 0.0000000000000000000, 1.000000000000000000, 0.0000000000000000000 ) ) ;
#2418 = ADVANCED_FACE ( 'NONE', ( #731 ), #2504, .F. ) ;
#2419 = CARTESIAN_POINT ( 'NONE',  ( -1.007609788493172100, 0.4877616866516969500, 1.009921778079630100 ) ) ;
#2420 = CARTESIAN_POINT ( 'NONE',  ( -1.018349364905390100, -0.09566031239371421100, 1.235371870788978900 ) ) ;
#2421 = CARTESIAN_POINT ( 'NONE',  ( 1.051650635094610000, 0.3999999999999999700, 1.193051362713291300 ) ) ;
#2422 = VERTEX_POINT ( 'NONE', #1413 ) ;
#2423 = ORIENTED_EDGE ( 'NONE', *, *, #125, .T. ) ;
#2424 =( NAMED_UNIT ( * ) SI_UNIT ( $, .STERADIAN. ) SOLID_ANGLE_UNIT ( ) );
#2425 = ORIENTED_EDGE ( 'NONE', *, *, #1700, .T. ) ;
#2426 = CARTESIAN_POINT ( 'NONE',  ( 1.500000000000000000, 0.005000000000000000100, 0.9803847577293354200 ) ) ;
#2427 = DIRECTION ( 'NONE',  ( 0.0000000000000000000, 1.000000000000000000, 0.0000000000000000000 ) ) ;
#2428 = CARTESIAN_POINT ( 'NONE',  ( -1.004333202365639300, 0.3999999999999999100, 1.220370095236724500 ) ) ;
#2429 = DIRECTION ( 'NONE',  ( 0.0000000000000000000, 1.000000000000000000, 0.0000000000000000000 ) ) ;
#2430 = CARTESIAN_POINT ( 'NONE',  ( 1.028349364905388100, 0.009999999999999998500, 1.252692378864668700 ) ) ;
#2431 = APPLICATION_CONTEXT ( 'automotive_design' ) ;
#2432 = AXIS2_PLACEMENT_3D ( 'NONE', #846, #809, #425 ) ;
#2433 = FILL_AREA_STYLE_COLOUR ( '', #1761 ) ;
#2434 = CARTESIAN_POINT ( 'NONE',  ( 1.025326380719239200, 0.3999999999999999700, 1.254437699598297300 ) ) ;
#2435 = FACE_OUTER_BOUND ( 'NONE', #1164, .T. ) ;
#2436 = DIRECTION ( 'NONE',  ( 0.0000000000000000000, 1.000000000000000000, 0.0000000000000000000 ) ) ;
#2437 = CARTESIAN_POINT ( 'NONE',  ( -1.048041162496692100, 0.4723983405663300100, 0.9802768133416487300 ) ) ;
#2438 = EDGE_CURVE ( 'NONE', #2365, #463, #2291, .T. ) ;
#2439 = LINE ( 'NONE', #2505, #1831 ) ;
#2440 = CARTESIAN_POINT ( 'NONE',  ( 1.500000000000000000, 0.0000000000000000000, -0.9803847577293354200 ) ) ;
#2441 = CIRCLE ( 'NONE', #1392, 0.01999999999999983700 ) ;
#2442 = VERTEX_POINT ( 'NONE', #632 ) ;
#2443 = CARTESIAN_POINT ( 'NONE',  ( -1.008581773214436400, 0.4500000000000009000, 1.229464187097295100 ) ) ;
#2444 = ORIENTED_EDGE ( 'NONE', *, *, #2610, .T. ) ;
#2445 = CARTESIAN_POINT ( 'NONE',  ( -0.5999999999999998700, 1.200000000000000000, -1.500000000000000400 ) ) ;
#2446 =( NAMED_UNIT ( * ) SI_UNIT ( $, .STERADIAN. ) SOLID_ANGLE_UNIT ( ) );
#2447 = DIRECTION ( 'NONE',  ( -0.0000000000000000000, -1.000000000000000000, -0.0000000000000000000 ) ) ;
#2448 = CARTESIAN_POINT ( 'NONE',  ( 1.064429140701774500, 0.4941754246771351600, 0.9451717883694864500 ) ) ;
#2449 = VERTEX_POINT ( 'NONE', #2118 ) ;
#2450 = ORIENTED_EDGE ( 'NONE', *, *, #1243, .T. ) ;
#2451 = ORIENTED_EDGE ( 'NONE', *, *, #1385, .T. ) ;
#2452 = CARTESIAN_POINT ( 'NONE',  ( -1.028210850808229900, 0.4706530313607736900, 1.002531336180642700 ) ) ;
#2453 = ORIENTED_EDGE ( 'NONE', *, *, #302, .T. ) ;
#2454 = ORIENTED_EDGE ( 'NONE', *, *, #1471, .T. ) ;
#2455 = ORIENTED_EDGE ( 'NONE', *, *, #1201, .F. ) ;
#2456 = EDGE_LOOP ( 'NONE', ( #2391, #687, #197, #885 ) ) ;
#2458 = EDGE_CURVE ( 'NONE', #1561, #747, #1278, .T. ) ;
#2457 = DIRECTION ( 'NONE',  ( 0.0000000000000000000, 1.000000000000000000, 0.0000000000000000000 ) ) ;
#2459 = CARTESIAN_POINT ( 'NONE',  ( 0.5999999999999998700, 0.0000000000000000000, -1.500000000000000400 ) ) ;
#2460 = ADVANCED_FACE ( 'NONE', ( #1083 ), #692, .F. ) ;
#2461 = CARTESIAN_POINT ( 'NONE',  ( 1.063793698583079400, 0.4914768741842029400, 0.9478074878838845800 ) ) ;
#2462 = CARTESIAN_POINT ( 'NONE',  ( -1.038140253585333000, 0.5300903008429210800, 0.9541089889728017200 ) ) ;
#2463 = MECHANICAL_DESIGN_GEOMETRIC_PRESENTATION_REPRESENTATION (  '', ( #1773 ), #954 ) ;
#2464 = DIRECTION ( 'NONE',  ( 0.0000000000000000000, 1.000000000000000000, 0.0000000000000000000 ) ) ;
#2465 = LINE ( 'NONE', #2200, #789 ) ;
#2466 = EDGE_CURVE ( 'NONE', #1451, #2485, #401, .T. ) ;
#2467 = CYLINDRICAL_SURFACE ( 'NONE', #794, 0.02000000000000005200 ) ;
#2468 = LINE ( 'NONE', #336, #2380 ) ;
#2469 = CARTESIAN_POINT ( 'NONE',  ( 1.018349467184127800, 0.3999999999999999100, 1.255383250389032100 ) ) ;
#2470 = LINE ( 'NONE', #994, #1867 ) ;
#2471 = FACE_OUTER_BOUND ( 'NONE', #2359, .T. ) ;
#2472 = DIRECTION ( 'NONE',  ( 0.0000000000000000000, 0.0000000000000000000, 1.000000000000000000 ) ) ;
#2473 = EDGE_CURVE ( 'NONE', #1120, #521, #1504, .T. ) ;
#2474 = CIRCLE ( 'NONE', #1330, 1.500000000000000000 ) ;
#2475 = ORIENTED_EDGE ( 'NONE', *, *, #1333, .T. ) ;
#2476 = DIRECTION ( 'NONE',  ( 0.0000000000000000000, 0.0000000000000000000, 1.000000000000000000 ) ) ;
#2477 = ORIENTED_EDGE ( 'NONE', *, *, #2211, .F. ) ;
#2478 =( NAMED_UNIT ( * ) PLANE_ANGLE_UNIT ( ) SI_UNIT ( $, .RADIAN. ) );
#2479 = CARTESIAN_POINT ( 'NONE',  ( -1.008349364905389800, 0.3999999999999999700, 1.218051362713290100 ) ) ;
#2480 = CARTESIAN_POINT ( 'NONE',  ( 0.5999999999999998700, 0.0000000000000000000, -1.500000000000000400 ) ) ;
#2481 = CARTESIAN_POINT ( 'NONE',  ( -1.058867638440519300, 0.5181751433357266700, 0.9367734298078032000 ) ) ;
#2482 = AXIS2_PLACEMENT_3D ( 'NONE', #1973, #1097, #1340 ) ;
#2483 = CARTESIAN_POINT ( 'NONE',  ( 1.029999999999999100, 0.3999999999999998000, 1.205551362713290800 ) ) ;
#2484 = EDGE_LOOP ( 'NONE', ( #1604, #2039, #1195, #2395, #103, #250 ) ) ;
#2485 = VERTEX_POINT ( 'NONE', #1762 ) ;
#2486 = CARTESIAN_POINT ( 'NONE',  ( 1.064999999999999900, 0.5000000000000002200, 0.9405583503070323900 ) ) ;
#2487 = CARTESIAN_POINT ( 'NONE',  ( -1.060015183225978100, 0.5166681849845485800, 0.9362640824357992800 ) ) ;
#2488 = ORIENTED_EDGE ( 'NONE', *, *, #2577, .T. ) ;
#2490 = EDGE_CURVE ( 'NONE', #2548, #124, #665, .T. ) ;
#2489 = CARTESIAN_POINT ( 'NONE',  ( -1.500000000000000000, 3.137091952673166000, -0.9803847577293354200 ) ) ;
#2491 = DIRECTION ( 'NONE',  ( 0.0000000000000000000, 0.0000000000000000000, 1.000000000000000000 ) ) ;
#2492 = ORIENTED_EDGE ( 'NONE', *, *, #2554, .F. ) ;
#2493 = CARTESIAN_POINT ( 'NONE',  ( 1.066169297935583000, 0.3999999999999996900, 1.188546555268313900 ) ) ;
#2494 = CARTESIAN_POINT ( 'NONE',  ( -1.051650635094610000, -0.1056603123937139100, 1.193051362713291000 ) ) ;
#2495 = DIRECTION ( 'NONE',  ( 0.0000000000000000000, 1.000000000000000000, 0.0000000000000000000 ) ) ;
#2496 = PRESENTATION_LAYER_ASSIGNMENT (  '', '', ( #435 ) ) ;
#2497 = FACE_OUTER_BOUND ( 'NONE', #1297, .T. ) ;
#2498 = ADVANCED_FACE ( 'NONE', ( #1342 ), #1962, .T. ) ;
#2499 = CARTESIAN_POINT ( 'NONE',  ( 1.064058683980683800, 0.4500000000000000100, 1.222663595665589100 ) ) ;
#2500 = LINE ( 'NONE', #1883, #1896 ) ;
#2501 = TOROIDAL_SURFACE ( 'NONE', #777, 0.04999999999999969700, 0.03000000000000014500 ) ;
#2502 = VECTOR ( 'NONE', #1749, 1000.000000000000000 ) ;
#2503 = COLOUR_RGB ( '',0.7960784313725489700, 0.8235294117647058400, 0.9372549019607843100 ) ;
#2504 = B_SPLINE_SURFACE_WITH_KNOTS ( 'NONE', 3, 1, ( 
 ( #182, #384 ),
 ( #1405, #1190 ),
 ( #1646, #1014 ),
 ( #2483, #1219 ),
 ( #190, #1650 ),
 ( #1687, #14 ),
 ( #1455, #1235 ),
 ( #428, #1245 ),
 ( #437, #1906 ),
 ( #204, #1466 ),
 ( #5, #2098 ),
 ( #1914, #2499 ),
 ( #1043, #643 ),
 ( #1450, #2518 ),
 ( #2319, #2106 ),
 ( #421, #1672 ),
 ( #1031, #2123 ),
 ( #613, #1254 ),
 ( #820, #2311 ),
 ( #215, #830 ),
 ( #1038, #1895 ),
 ( #624, #20 ) ),
 .UNSPECIFIED., .T., .F., .F.,
 ( 4, 1, 1, 1, 2, 1, 1, 1, 2, 1, 1, 1, 2, 1, 1, 1, 4 ),
 ( 2, 2 ),
 ( 0.0000000000000000000, 0.06334899067564726800, 0.1266979813512945400, 0.1900469720269417600, 0.2533959627025890700, 0.3150469720269413700, 0.3766979813512936200, 0.4383489906756460300, 0.4999999999999983300, 0.5633489906756473700, 0.6266979813512962800, 0.6900469720269455400, 0.7533959627025944600, 0.8150469720269458700, 0.8766979813512971700, 0.9383489906756485900, 1.000000000000000000 ),
 ( 0.0000000000000000000, 1.000000000000000000 ),
 .UNSPECIFIED. ) ;
#2505 = CARTESIAN_POINT ( 'NONE',  ( 0.5999999999999998700, 0.0000000000000000000, -1.500000000000000400 ) ) ;
#2506 = VERTEX_POINT ( 'NONE', #1751 ) ;
#2507 = EDGE_CURVE ( 'NONE', #1764, #62, #2465, .T. ) ;
#2508 = ORIENTED_EDGE ( 'NONE', *, *, #2234, .F. ) ;
#2509 = DIRECTION ( 'NONE',  ( 0.0000000000000000000, 0.0000000000000000000, 1.000000000000000000 ) ) ;
#2510 =( LENGTH_UNIT ( ) NAMED_UNIT ( * ) SI_UNIT ( .MILLI., .METRE. ) );
#2511 = ADVANCED_FACE ( 'NONE', ( #238 ), #701, .T. ) ;
#2512 = STYLED_ITEM ( 'NONE', ( #2326 ), #101 ) ;
#2513 = EDGE_LOOP ( 'NONE', ( #168, #2681, #1007, #680 ) ) ;
#2514 = EDGE_CURVE ( 'NONE', #2313, #1638, #1647, .T. ) ;
#2515 = ORIENTED_EDGE ( 'NONE', *, *, #2386, .F. ) ;
#2516 = PRESENTATION_LAYER_ASSIGNMENT (  '', '', ( #1858 ) ) ;
#2517 = ORIENTED_EDGE ( 'NONE', *, *, #109, .T. ) ;
#2518 = CARTESIAN_POINT ( 'NONE',  ( 1.050612254789068600, 0.4499999999999995700, 1.241252835266515800 ) ) ;
#2519 = B_SPLINE_SURFACE_WITH_KNOTS ( 'NONE', 3, 1, ( 
 ( #1790, #1998 ),
 ( #903, #1517 ),
 ( #94, #911 ),
 ( #2175, #2182 ),
 ( #2579, #1130 ),
 ( #1334, #892 ),
 ( #1304, #303 ),
 ( #1767, #1988 ),
 ( #105, #1529 ),
 ( #1102, #314 ),
 ( #1977, #1777 ),
 ( #1107, #2192 ),
 ( #508, #1558 ),
 ( #696, #2587 ),
 ( #2398, #921 ),
 ( #1787, #1547 ),
 ( #1993, #525 ),
 ( #2007, #2392 ),
 ( #713, #272 ),
 ( #2604, #2370 ),
 ( #729, #1322 ),
 ( #85, #1121 ) ),
 .UNSPECIFIED., .T., .F., .F.,
 ( 4, 1, 1, 1, 2, 1, 1, 1, 2, 1, 1, 1, 2, 1, 1, 1, 4 ),
 ( 2, 2 ),
 ( 0.0000000000000000000, 0.06334899067564726800, 0.1266979813512945400, 0.1900469720269417600, 0.2533959627025890700, 0.3150469720269413700, 0.3766979813512936200, 0.4383489906756460300, 0.4999999999999983300, 0.5633489906756473700, 0.6266979813512962800, 0.6900469720269455400, 0.7533959627025944600, 0.8150469720269458700, 0.8766979813512971700, 0.9383489906756485900, 1.000000000000000000 ),
 ( 0.0000000000000000000, 1.000000000000000000 ),
 .UNSPECIFIED. ) ;
#2520 = CARTESIAN_POINT ( 'NONE',  ( 0.5999999999999998700, 0.7999999999999999300, 1.500000000000000400 ) ) ;
#2521 = CARTESIAN_POINT ( 'NONE',  ( 1.075666797634361000, 0.3999999999999999700, 1.225373646341234400 ) ) ;
#2522 = ORIENTED_EDGE ( 'NONE', *, *, #4, .T. ) ;
#2523 = VERTEX_POINT ( 'NONE', #1521 ) ;
#2524 = CARTESIAN_POINT ( 'NONE',  ( 1.034999999999999900, 0.4500000000000000100, 1.214211616751134800 ) ) ;
#2525 = AXIS2_PLACEMENT_3D ( 'NONE', #551, #1588, #988 ) ;
#2526 = CARTESIAN_POINT ( 'NONE',  ( -1.034999999999999900, 0.4500000000000000100, 1.164211616751134900 ) ) ;
#2527 = VECTOR ( 'NONE', #66, 1000.000000000000000 ) ;
#2528 = DIRECTION ( 'NONE',  ( 0.0000000000000000000, 1.000000000000000000, 0.0000000000000000000 ) ) ;
#2529 = VECTOR ( 'NONE', #2457, 1000.000000000000000 ) ;
#2530 = AXIS2_PLACEMENT_3D ( 'NONE', #1879, #1663, #2665 ) ;
#2531 = CARTESIAN_POINT ( 'NONE',  ( -1.061068980841951800, 0.5149751602572398800, 0.9359813856081780100 ) ) ;
#2532 = SURFACE_STYLE_FILL_AREA ( #295 ) ;
#2533 = LINE ( 'NONE', #816, #1546 ) ;
#2534 = CARTESIAN_POINT ( 'NONE',  ( -1.028349364905388100, 0.3999999999999999700, 1.252692378864668700 ) ) ;
#2535 = VECTOR ( 'NONE', #634, 1000.000000000000000 ) ;
#2536 = DIRECTION ( 'NONE',  ( 0.8660254037844379300, 0.0000000000000000000, -0.5000000000000012200 ) ) ;
#2537 = CARTESIAN_POINT ( 'NONE',  ( -1.034999999999999900, 0.4999999999999997800, 1.164211616751134900 ) ) ;
#2538 = VECTOR ( 'NONE', #759, 1000.000000000000000 ) ;
#2539 = CARTESIAN_POINT ( 'NONE',  ( 1.081263015300395500, 0.4000000000000001900, 1.199048657797721100 ) ) ;
#2540 = DIRECTION ( 'NONE',  ( -1.000000000000000000, 0.0000000000000000000, 0.0000000000000000000 ) ) ;
#2541 = EDGE_LOOP ( 'NONE', ( #1695, #1234, #2396, #2042 ) ) ;
#2542 = AXIS2_PLACEMENT_3D ( 'NONE', #2657, #376, #1627 ) ;
#2543 = CARTESIAN_POINT ( 'NONE',  ( -1.082811244201604200, 0.3999999999999998000, 1.217371251737893000 ) ) ;
#2544 = ORIENTED_EDGE ( 'NONE', *, *, #1290, .F. ) ;
#2545 = PLANE ( 'NONE',  #1086 ) ;
#2546 = EDGE_CURVE ( 'NONE', #2167, #1740, #2186, .T. ) ;
#2547 = CARTESIAN_POINT ( 'NONE',  ( 1.500000000000000000, 0.004999999999999796300, -0.9803847577293354200 ) ) ;
#2548 = VERTEX_POINT ( 'NONE', #531 ) ;
#2549 = DIRECTION ( 'NONE',  ( 0.5000000000000013300, -0.0000000000000000000, 0.8660254037844379300 ) ) ;
#2550 = AXIS2_PLACEMENT_3D ( 'NONE', #1519, #1501, #1971 ) ;
#2551 = DIRECTION ( 'NONE',  ( -0.8660254037844380400, 0.0000000000000000000, -0.5000000000000013300 ) ) ;
#2552 = ORIENTED_EDGE ( 'NONE', *, *, #2151, .T. ) ;
#2553 = ORIENTED_EDGE ( 'NONE', *, *, #1428, .T. ) ;
#2554 = EDGE_CURVE ( 'NONE', #785, #391, #2693, .T. ) ;
#2555 = CARTESIAN_POINT ( 'NONE',  ( 1.060015183225978100, 0.5166681849845485800, 0.9362640824357992800 ) ) ;
#2556 = PRESENTATION_LAYER_ASSIGNMENT (  '', '', ( #852 ) ) ;
#2557 = ORIENTED_EDGE ( 'NONE', *, *, #419, .F. ) ;
#2558 = FILL_AREA_STYLE ('',( #1490 ) ) ;
#2559 = DIRECTION ( 'NONE',  ( 0.0000000000000000000, -0.0000000000000000000, 1.000000000000000000 ) ) ;
#2560 = UNCERTAINTY_MEASURE_WITH_UNIT (LENGTH_MEASURE( 1.000000000000000100E-005 ), #288, 'distance_accuracy_value', 'NONE');
#2561 = CARTESIAN_POINT ( 'NONE',  ( 1.500000000000000000, 0.0000000000000000000, 0.9803847577293354200 ) ) ;
#2562 = CARTESIAN_POINT ( 'NONE',  ( 1.010222781404833200, 0.4828604310179232500, 1.010871127904347200 ) ) ;
#2563 = LINE ( 'NONE', #887, #542 ) ;
#2564 = ORIENTED_EDGE ( 'NONE', *, *, #419, .T. ) ;
#2565 = TOROIDAL_SURFACE ( 'NONE', #1679, 1.649999999999999700, 0.2499999999999998300 ) ;
#2566 = VECTOR ( 'NONE', #100, 1000.000000000000000 ) ;
#2567 = CARTESIAN_POINT ( 'NONE',  ( -1.028349364905388100, -0.1056603123937139100, 1.252692378864668700 ) ) ;
#2568 = AXIS2_PLACEMENT_3D ( 'NONE', #2388, #294, #970 ) ;
#2569 = LINE ( 'NONE', #1033, #827 ) ;
#2570 = AXIS2_PLACEMENT_3D ( 'NONE', #1211, #389, #2476 ) ;
#2571 = DIRECTION ( 'NONE',  ( 0.0000000000000000000, 1.000000000000000000, -0.0000000000000000000 ) ) ;
#2572 = DIRECTION ( 'NONE',  ( 0.0000000000000000000, 1.000000000000000000, 0.0000000000000000000 ) ) ;
#2573 = PLANE ( 'NONE',  #1527 ) ;
#2574 = CLOSED_SHELL ( 'NONE', ( #540, #88, #702, #1227, #1361, #631, #1001, #1533, #1666, #2091, #199, #806, #2418 ) ) ;
#2575 = DIRECTION ( 'NONE',  ( 0.0000000000000000000, 0.0000000000000000000, 1.000000000000000000 ) ) ;
#2576 = CARTESIAN_POINT ( 'NONE',  ( 1.013507848270021500, 0.4789384447545070900, 1.010594466389817400 ) ) ;
#2577 = EDGE_CURVE ( 'NONE', #2131, #300, #2183, .T. ) ;
#2578 = VERTEX_POINT ( 'NONE', #2134 ) ;
#2579 = CARTESIAN_POINT ( 'NONE',  ( -1.040191605313537200, 0.4000000000000001900, 1.199667236642046700 ) ) ;
#2580 = ADVANCED_FACE ( 'NONE', ( #1275 ), #235, .T. ) ;
#2581 = CARTESIAN_POINT ( 'NONE',  ( -1.032476139926608900, 0.3999999999999998600, 1.250309784195281300 ) ) ;
#2582 = ORIENTED_EDGE ( 'NONE', *, *, #248, .F. ) ;
#2583 = EDGE_LOOP ( 'NONE', ( #804, #1953 ) ) ;
#2584 = ORIENTED_EDGE ( 'NONE', *, *, #1744, .F. ) ;
#2585 = AXIS2_PLACEMENT_3D ( 'NONE', #2642, #2018, #2023 ) ;
#2586 = ORIENTED_EDGE ( 'NONE', *, *, #2004, .T. ) ;
#2587 = CARTESIAN_POINT ( 'NONE',  ( -1.050612254789068600, 0.4499999999999995700, 1.241252835266515800 ) ) ;
#2588 = B_SPLINE_CURVE_WITH_KNOTS ( 'NONE', 3,
 ( #2469, #799, #1468, #1675, #628, #1919 ),
 .UNSPECIFIED., .F., .F.,
 ( 4, 2, 4 ),
 ( 0.1666658532226959800, 0.5833329266113479500, 1.000000000000000000 ),
 .UNSPECIFIED. ) ;
#2589 = CARTESIAN_POINT ( 'NONE',  ( 1.038140253585333000, 0.5300903008429210800, 0.9541089889728017200 ) ) ;
#2590 = CARTESIAN_POINT ( 'NONE',  ( -1.060191605313536100, 0.4000000000000000200, 1.234308252793422400 ) ) ;
#2591 = EDGE_CURVE ( 'NONE', #232, #656, #2401, .T. ) ;
#2592 = CYLINDRICAL_SURFACE ( 'NONE', #2221, 0.02000000000000005200 ) ;
#2593 = CARTESIAN_POINT ( 'NONE',  ( -0.5999999999999998700, 0.7999999999999999300, 1.500000000000000400 ) ) ;
#2594 = CARTESIAN_POINT ( 'NONE',  ( -1.012476139926610700, 0.3999999999999999100, 1.215668768043902900 ) ) ;
#2595 = DIRECTION ( 'NONE',  ( -1.000000000000000000, 0.0000000000000000000, 0.0000000000000000000 ) ) ;
#2596 = VECTOR ( 'NONE', #134, 1000.000000000000000 ) ;
#2597 = FACE_OUTER_BOUND ( 'NONE', #2111, .T. ) ;
#2598 = AXIS2_PLACEMENT_3D ( 'NONE', #772, #2041, #1397 ) ;
#2599 = VERTEX_POINT ( 'NONE', #468 ) ;
#2600 = PLANE ( 'NONE',  #319 ) ;
#2601 = EDGE_CURVE ( 'NONE', #758, #2313, #2349, .T. ) ;
#2602 = PRODUCT_RELATED_PRODUCT_CATEGORY ( 'part', '', ( #106 ) ) ;
#2603 = ORIENTED_EDGE ( 'NONE', *, *, #2658, .F. ) ;
#2604 = CARTESIAN_POINT ( 'NONE',  ( -0.9971887557983947200, 0.3999999999999999700, 1.228372489840066500 ) ) ;
#2605 = B_SPLINE_CURVE_WITH_KNOTS ( 'NONE', 3,
 ( #2300, #1884, #394, #2672, #1868, #2306, #581, #1063, #239, #1010, #2531, #2487, #2481, #1017, #1268, #1701, #2059, #2273, #996, #381, #2462, #1411, #174, #2700, #388, #2073, #792, #2283, #1209, #1423, #2079, #1215, #801, #1438 ),
 .UNSPECIFIED., .F., .F.,
 ( 4, 3, 3, 3, 3, 3, 3, 3, 3, 3, 3, 4 ),
 ( 7.449312854064257800E-006, 9.177230699982314800E-006, 1.613419733554748500E-005, 2.201204045204664900E-005, 2.788938343942101900E-005, 3.540981544676727900E-005, 4.652985530291656000E-005, 6.400802783727689100E-005, 8.700544997189111200E-005, 0.0001101404261168057700, 0.0001245683272674625100, 0.0001298695066367328200 ),
 .UNSPECIFIED. ) ;
#2606 = CARTESIAN_POINT ( 'NONE',  ( 1.042253990391004900, 0.5294400176796727500, 0.9498852516358211600 ) ) ;
#2607 = ADVANCED_FACE ( 'NONE', ( #47 ), #571, .F. ) ;
#2608 = CARTESIAN_POINT ( 'NONE',  ( -1.066169297935583000, 0.3999999999999996900, 1.188546555268313900 ) ) ;
#2609 = CARTESIAN_POINT ( 'NONE',  ( 1.500000000000000000, 0.7999999999999999300, -0.9803847577293354200 ) ) ;
#2610 = EDGE_CURVE ( 'NONE', #1855, #522, #925, .T. ) ;
#2611 = ORIENTED_EDGE ( 'NONE', *, *, #1141, .T. ) ;
#2612 = B_SPLINE_SURFACE_WITH_KNOTS ( 'NONE', 3, 1, ( 
 ( #1607, #1165 ),
 ( #1194, #1358 ),
 ( #757, #1597 ),
 ( #763, #2659 ),
 ( #569, #1221 ),
 ( #193, #1880 ),
 ( #2278, #999 ),
 ( #2493, #1665 ),
 ( #2539, #1705 ),
 ( #6, #1076 ),
 ( #2521, #841 ),
 ( #2321, #449 ),
 ( #22, #39 ),
 ( #1457, #217 ),
 ( #645, #1485 ),
 ( #1673, #1935 ),
 ( #205, #1908 ),
 ( #1682, #860 ),
 ( #1897, #2346 ),
 ( #1467, #1058 ),
 ( #225, #851 ),
 ( #440, #429 ) ),
 .UNSPECIFIED., .T., .F., .F.,
 ( 4, 1, 1, 1, 2, 1, 1, 1, 2, 1, 1, 1, 2, 1, 1, 1, 4 ),
 ( 2, 2 ),
 ( 0.0000000000000000000, 0.06334899067564726800, 0.1266979813512945400, 0.1900469720269417600, 0.2533959627025890700, 0.3150469720269413700, 0.3766979813512936200, 0.4383489906756460300, 0.4999999999999983300, 0.5633489906756473700, 0.6266979813512962800, 0.6900469720269455400, 0.7533959627025944600, 0.8150469720269458700, 0.8766979813512971700, 0.9383489906756485900, 1.000000000000000000 ),
 ( 0.0000000000000000000, 1.000000000000000000 ),
 .UNSPECIFIED. ) ;
#2613 = CARTESIAN_POINT ( 'NONE',  ( 1.051650635094610000, -0.1056603123937139100, 1.193051362713291000 ) ) ;
#2614 = ORIENTED_EDGE ( 'NONE', *, *, #2415, .F. ) ;
#2615 = ORIENTED_EDGE ( 'NONE', *, *, #1011, .F. ) ;
#2616 = CARTESIAN_POINT ( 'NONE',  ( 0.0000000000000000000, 0.3999999999999999700, 0.0000000000000000000 ) ) ;
#2617 = VERTEX_POINT ( 'NONE', #1505 ) ;
#2618 = CARTESIAN_POINT ( 'NONE',  ( 1.004999999999999900, 0.4999999999999997800, 1.164211616751134900 ) ) ;
#2619 = CARTESIAN_POINT ( 'NONE',  ( 1.500000000000000000, 1.200000000000000000, -0.9803847577293354200 ) ) ;
#2620 = EDGE_LOOP ( 'NONE', ( #2614, #2147, #2020, #422, #1875, #1806, #1791, #1781, #353, #616, #1658, #2301, #1636, #2387, #2611, #754, #306, #426 ) ) ;
#2621 = DIRECTION ( 'NONE',  ( 1.000000000000000000, 0.0000000000000000000, 0.0000000000000000000 ) ) ;
#2622 = CARTESIAN_POINT ( 'NONE',  ( 1.064657992493414800, 0.4500000000000000700, 1.218728638032968900 ) ) ;
#2623 = DIRECTION ( 'NONE',  ( 0.0000000000000000000, 0.0000000000000000000, 1.000000000000000000 ) ) ;
#2624 = VECTOR ( 'NONE', #273, 1000.000000000000100 ) ;
#2625 = DIRECTION ( 'NONE',  ( 0.0000000000000000000, 0.0000000000000000000, 1.000000000000000000 ) ) ;
#2626 = VECTOR ( 'NONE', #1357, 1000.000000000000000 ) ;
#2627 = CARTESIAN_POINT ( 'NONE',  ( -1.500000000000000000, 0.3999999999999999700, -0.9803847577293354200 ) ) ;
#2628 = EDGE_CURVE ( 'NONE', #61, #198, #1789, .T. ) ;
#2629 = FACE_OUTER_BOUND ( 'NONE', #1263, .T. ) ;
#2630 = CARTESIAN_POINT ( 'NONE',  ( 1.034999999999999900, 0.5299999999999999200, 1.164211616751134900 ) ) ;
#2631 = CIRCLE ( 'NONE', #469, 0.01999999999999983700 ) ;
#2632 = CARTESIAN_POINT ( 'NONE',  ( 1.071650635094610000, 0.3999999999999999700, 1.227692378864668500 ) ) ;
#2633 = DIRECTION ( 'NONE',  ( 0.0000000000000000000, 1.000000000000000000, 0.0000000000000000000 ) ) ;
#2634 = ORIENTED_EDGE ( 'NONE', *, *, #2209, .T. ) ;
#2635 = CARTESIAN_POINT ( 'NONE',  ( -1.500000000000000000, 0.0000000000000000000, 0.9803847577293354200 ) ) ;
#2636 = FILL_AREA_STYLE ('',( #1794 ) ) ;
#2637 =( LENGTH_UNIT ( ) NAMED_UNIT ( * ) SI_UNIT ( .MILLI., .METRE. ) );
#2638 = ORIENTED_EDGE ( 'NONE', *, *, #1267, .T. ) ;
#2639 = CARTESIAN_POINT ( 'NONE',  ( 1.051650635094610000, 0.3999999999999999700, 1.193051362713291300 ) ) ;
#2640 = DIRECTION ( 'NONE',  ( -0.5000000000000014400, 0.0000000000000000000, -0.8660254037844379300 ) ) ;
#2641 = DIRECTION ( 'NONE',  ( -0.8660254037844379300, 0.0000000000000000000, 0.5000000000000012200 ) ) ;
#2642 = CARTESIAN_POINT ( 'NONE',  ( 1.500000000000000000, 3.137091952673166000, -0.9803847577293354200 ) ) ;
#2644 = EDGE_CURVE ( 'NONE', #1327, #1662, #505, .T. ) ;
#2643 = DIRECTION ( 'NONE',  ( 0.0000000000000000000, 1.000000000000000000, 0.0000000000000000000 ) ) ;
#2645 = VERTEX_POINT ( 'NONE', #2109 ) ;
#2646 = ORIENTED_EDGE ( 'NONE', *, *, #722, .T. ) ;
#2647 = VERTEX_POINT ( 'NONE', #684 ) ;
#2648 =( NAMED_UNIT ( * ) PLANE_ANGLE_UNIT ( ) SI_UNIT ( $, .RADIAN. ) );
#2649 = VERTEX_POINT ( 'NONE', #1655 ) ;
#2650 = DIRECTION ( 'NONE',  ( 0.0000000000000000000, 0.0000000000000000000, 1.000000000000000000 ) ) ;
#2651 = EDGE_LOOP ( 'NONE', ( #171, #1150, #8, #1495 ) ) ;
#2652 = ADVANCED_FACE ( 'NONE', ( #471 ), #1785, .T. ) ;
#2653 = DIRECTION ( 'NONE',  ( 0.0000000000000000000, 1.000000000000000000, 0.0000000000000000000 ) ) ;
#2654 = CARTESIAN_POINT ( 'NONE',  ( -1.020474803828461900, 0.4500000000000000700, 1.240745063912209700 ) ) ;
#2655 = AXIS2_PLACEMENT_3D ( 'NONE', #1735, #1312, #1514 ) ;
#2656 = CARTESIAN_POINT ( 'NONE',  ( -1.034999999999999900, 0.4500000000000000100, 1.214211616751134800 ) ) ;
#2657 = CARTESIAN_POINT ( 'NONE',  ( -1.034999999999999900, 0.4500000000000000100, 1.214211616751134800 ) ) ;
#2658 = EDGE_CURVE ( 'NONE', #1331, #2365, #1140, .T. ) ;
#2659 = CARTESIAN_POINT ( 'NONE',  ( 1.019387745210929900, 0.4500000000000002900, 1.187170398235752400 ) ) ;
#2660 = CARTESIAN_POINT ( 'NONE',  ( 1.061803410104079000, 0.4856943004210400600, 0.9542805934755443900 ) ) ;
#2661 = DIRECTION ( 'NONE',  ( 0.0000000000000000000, 1.000000000000000000, 0.0000000000000000000 ) ) ;
#2662 = CARTESIAN_POINT ( 'NONE',  ( 0.0000000000000000000, 0.0000000000000000000, 0.0000000000000000000 ) ) ;
#2663 = EDGE_CURVE ( 'NONE', #2338, #1638, #1541, .T. ) ;
#2664 = FACE_OUTER_BOUND ( 'NONE', #1200, .T. ) ;
#2665 = DIRECTION ( 'NONE',  ( 0.0000000000000000000, 1.000000000000000000, 0.0000000000000000000 ) ) ;
#2666 = CIRCLE ( 'NONE', #1565, 0.01999999999999983700 ) ;
#2667 = VECTOR ( 'NONE', #237, 1000.000000000000100 ) ;
#2668 =( NAMED_UNIT ( * ) SI_UNIT ( $, .STERADIAN. ) SOLID_ANGLE_UNIT ( ) );
#2669 = VECTOR ( 'NONE', #2376, 1000.000000000000000 ) ;
#2670 = ORIENTED_EDGE ( 'NONE', *, *, #2415, .T. ) ;
#2671 = CARTESIAN_POINT ( 'NONE',  ( 0.0000000000000000000, 0.5999999999999999800, 0.0000000000000000000 ) ) ;
#2672 = CARTESIAN_POINT ( 'NONE',  ( -1.064963721147760500, 0.5014749288048064900, 0.9396352708216432200 ) ) ;
#2673 = ORIENTED_EDGE ( 'NONE', *, *, #1651, .F. ) ;
#2674 = MANIFOLD_SOLID_BREP ( 'Boss-Extrude6[2]', #949 ) ;
#2675 = AXIS2_PLACEMENT_3D ( 'NONE', #2087, #778, #1862 ) ;
#2676 = ORIENTED_EDGE ( 'NONE', *, *, #803, .T. ) ;
#2677 = ADVANCED_FACE ( 'NONE', ( #598 ), #207, .F. ) ;
#2678 = CARTESIAN_POINT ( 'NONE',  ( 1.064154706255419100, 0.4927888223091472800, 0.9464565632241818100 ) ) ;
#2679 = DIRECTION ( 'NONE',  ( 0.0000000000000000000, 1.000000000000000000, 0.0000000000000000000 ) ) ;
#2680 = VERTEX_POINT ( 'NONE', #883 ) ;
#2681 = ORIENTED_EDGE ( 'NONE', *, *, #647, .F. ) ;
#2682 = ORIENTED_EDGE ( 'NONE', *, *, #1891, .T. ) ;
#2684 = EDGE_CURVE ( 'NONE', #2485, #1224, #375, .T. ) ;
#2683 = CARTESIAN_POINT ( 'NONE',  ( -1.051650635094610000, 0.009999999999999998500, 1.193051362713291000 ) ) ;
#2685 = ORIENTED_EDGE ( 'NONE', *, *, #2344, .F. ) ;
#2686 = ORIENTED_EDGE ( 'NONE', *, *, #2628, .F. ) ;
#2687 = DIRECTION ( 'NONE',  ( 0.0000000000000000000, 0.0000000000000000000, -1.000000000000000000 ) ) ;
#2688 = CARTESIAN_POINT ( 'NONE',  ( -1.005342007506584600, 0.4500000000000000100, 1.209694595469300600 ) ) ;
#2689 = SURFACE_SIDE_STYLE ('',( #1657 ) ) ;
#2690 = MECHANICAL_DESIGN_GEOMETRIC_PRESENTATION_REPRESENTATION (  '', ( #2181 ), #712 ) ;
#2691 = ADVANCED_FACE ( 'NONE', ( #2056 ), #1857, .T. ) ;
#2692 = DIRECTION ( 'NONE',  ( 0.0000000000000000000, -1.000000000000000000, 0.0000000000000000000 ) ) ;
#2693 = CIRCLE ( 'NONE', #886, 0.03000000000000007900 ) ;
#2694 = EDGE_CURVE ( 'NONE', #2080, #2167, #2320, .T. ) ;
#2695 = VECTOR ( 'NONE', #975, 1000.000000000000000 ) ;
#2696 = VECTOR ( 'NONE', #1632, 1000.000000000000000 ) ;
#2697 = CARTESIAN_POINT ( 'NONE',  ( 1.071650635094610000, 0.3999999999999999700, 1.227692378864668500 ) ) ;
#2698 = LINE ( 'NONE', #2058, #1146 ) ;
#2699 = VECTOR ( 'NONE', #1595, 999.9999999999998900 ) ;
#2700 = CARTESIAN_POINT ( 'NONE',  ( -1.024154805806438700, 0.5284195647722607100, 0.9698100950133195000 ) ) ;
#2701 = VECTOR ( 'NONE', #937, 1000.000000000000000 ) ;
#2702 = ORIENTED_EDGE ( 'NONE', *, *, #854, .T. ) ;
#2703 = CARTESIAN_POINT ( 'NONE',  ( 1.051650635094610000, 0.009999999999999998500, 1.193051362713291000 ) ) ;
#2704 = ORIENTED_EDGE ( 'NONE', *, *, #2374, .T. ) ;
ENDSEC;
END-ISO-10303-21;
