ISO-10303-21;
HEADER;
FILE_DESCRIPTION (( 'STEP AP214' ),
    '1' );
FILE_NAME ('User Library-led0603_RED-1.STEP',
    '2026-02-09T10:00:22',
    ( '' ),
    ( '' ),
    'SwSTEP 2.0',
    'SolidWorks 2022',
    '' );
FILE_SCHEMA (( 'AUTOMOTIVE_DESIGN' ));
ENDSEC;

DATA;
#1 = PRODUCT_DEFINITION_CONTEXT ( 'detailed design', #2715, 'design' ) ;
#2 = ORIENTED_EDGE ( 'NONE', *, *, #1212, .F. ) ;
#3 =( NAMED_UNIT ( * ) PLANE_ANGLE_UNIT ( ) SI_UNIT ( $, .RADIAN. ) );
#4 = CARTESIAN_POINT ( 'NONE',  ( -0.2000000000000000111, -0.2000000000000000111, 0.0000000000000000000 ) ) ;
#5 = CARTESIAN_POINT ( 'NONE',  ( 0.1594714487970000094, 0.07973572439829999803, 0.0000000000000000000 ) ) ;
#6 = VECTOR ( 'NONE', #2289, 1000.000000000000000 ) ;
#7 = SURFACE_SIDE_STYLE ('',( #43 ) ) ;
#8 = DIRECTION ( 'NONE',  ( -1.000000000000000000, -0.0000000000000000000, -0.0000000000000000000 ) ) ;
#9 = COLOUR_RGB ( '',1.000000000000000000, 1.000000000000000000, 1.000000000000000000 ) ;
#10 =( GEOMETRIC_REPRESENTATION_CONTEXT ( 3 ) GLOBAL_UNCERTAINTY_ASSIGNED_CONTEXT ( ( #2475 ) ) GLOBAL_UNIT_ASSIGNED_CONTEXT ( ( #1429, #85, #1897 ) ) REPRESENTATION_CONTEXT ( 'NONE', 'WORKASPACE' ) );
#11 = EDGE_CURVE ( 'NONE', #203, #1045, #510, .T. ) ;
#12 = SHAPE_REPRESENTATION ( 'String-', ( #2008 ), #1724 ) ;
#13 = VERTEX_POINT ( 'NONE', #468 ) ;
#14 = STYLED_ITEM ( 'NONE', ( #1102 ), #2485 ) ;
#15 = VECTOR ( 'NONE', #1129, 1000.000000000000114 ) ;
#16 = LINE ( 'NONE', #698, #2459 ) ;
#17 = CARTESIAN_POINT ( 'NONE',  ( 0.2000000000000000111, -0.2000000000000000111, 0.0000000000000000000 ) ) ;
#18 = VECTOR ( 'NONE', #2090, 1000.000000000000000 ) ;
#19 = ORIENTED_EDGE ( 'NONE', *, *, #851, .F. ) ;
#20 = ADVANCED_FACE ( 'NONE', ( #2493 ), #1145, .F. ) ;
#21 =( REPRESENTATION_RELATIONSHIP ('NONE','NONE', #1082, #2810 ) REPRESENTATION_RELATIONSHIP_WITH_TRANSFORMATION ( #1376 )SHAPE_REPRESENTATION_RELATIONSHIP( ) );
#22 = AXIS2_PLACEMENT_3D ( 'NONE', #2536, #341, #1190 ) ;
#23 =( GEOMETRIC_REPRESENTATION_CONTEXT ( 3 ) GLOBAL_UNCERTAINTY_ASSIGNED_CONTEXT ( ( #289 ) ) GLOBAL_UNIT_ASSIGNED_CONTEXT ( ( #989, #677, #2719 ) ) REPRESENTATION_CONTEXT ( 'NONE', 'WORKASPACE' ) );
#24 = ORIENTED_EDGE ( 'NONE', *, *, #2314, .T. ) ;
#25 = PRESENTATION_STYLE_ASSIGNMENT (( #1334 ) ) ;
#26 = COLOUR_RGB ( '',0.7921568627450980005, 0.8196078431372548767, 0.9333333333333333481 ) ;
#27 = LINE ( 'NONE', #218, #1475 ) ;
#28 = CARTESIAN_POINT ( 'NONE',  ( 0.1749999999999999889, -0.8499999999999999778, 0.0000000000000000000 ) ) ;
#29 = EDGE_CURVE ( 'NONE', #775, #651, #2069, .T. ) ;
#30 = CARTESIAN_POINT ( 'NONE',  ( 0.4500000000000000666, -0.8499999999999999778, 0.02000000000000000042 ) ) ;
#31 = FILL_AREA_STYLE_COLOUR ( '', #26 ) ;
#32 = LINE ( 'NONE', #1823, #702 ) ;
#33 = CARTESIAN_POINT ( 'NONE',  ( -0.4000000000000000222, -0.8499999999999999778, 0.01999999955297000059 ) ) ;
#34 = CARTESIAN_POINT ( 'NONE',  ( 0.1580411021429297125, 0.08439072833686610264, 0.0000000000000000000 ) ) ;
#35 = ITEM_DEFINED_TRANSFORMATION ( 'NONE', 'NONE', #1859,  #2008 ) ;
#36 = ORIENTED_EDGE ( 'NONE', *, *, #2200, .T. ) ;
#37 =( NAMED_UNIT ( * ) SI_UNIT ( $, .STERADIAN. ) SOLID_ANGLE_UNIT ( ) );
#38 = DIRECTION ( 'NONE',  ( 0.0000000000000000000, 1.000000000000000000, 0.0000000000000000000 ) ) ;
#39 = DIRECTION ( 'NONE',  ( -1.000000000000000000, 0.0000000000000000000, -0.0000000000000000000 ) ) ;
#40 = EDGE_CURVE ( 'NONE', #1285, #2668, #1249, .T. ) ;
#41 = UNCERTAINTY_MEASURE_WITH_UNIT (LENGTH_MEASURE( 1.000000000000000082E-05 ), #876, 'distance_accuracy_value', 'NONE');
#42 = CARTESIAN_POINT ( 'NONE',  ( -0.1675000000000000100, -0.8499999999999999778, 0.3100000023839999952 ) ) ;
#43 = SURFACE_STYLE_FILL_AREA ( #2228 ) ;
#44 = DIRECTION ( 'NONE',  ( 0.0000000000000000000, -0.0000000000000000000, 1.000000000000000000 ) ) ;
#45 = CARTESIAN_POINT ( 'NONE',  ( 0.1129589428980000004, 0.1599905615860000019, 0.0000000000000000000 ) ) ;
#46 = CARTESIAN_POINT ( 'NONE',  ( 0.1749999999997209343, -0.8500000000000430544, 0.02000000000000000042 ) ) ;
#47 = PRODUCT_DEFINITION_SHAPE ( 'NONE', 'NONE',  #2854 ) ;
#48 = ORIENTED_EDGE ( 'NONE', *, *, #1613, .F. ) ;
#49 = ORIENTED_EDGE ( 'NONE', *, *, #1288, .T. ) ;
#50 =( NAMED_UNIT ( * ) SI_UNIT ( $, .STERADIAN. ) SOLID_ANGLE_UNIT ( ) );
#51 = SURFACE_SIDE_STYLE ('',( #1887 ) ) ;
#52 = DIRECTION ( 'NONE',  ( -0.0000000000000000000, 0.0000000000000000000, 1.000000000000000000 ) ) ;
#53 = LINE ( 'NONE', #2242, #1057 ) ;
#54 = APPLICATION_CONTEXT ( 'automotive_design' ) ;
#55 = DIRECTION ( 'NONE',  ( 1.000000000000000000, 0.0000000000000000000, 0.0000000000000000000 ) ) ;
#56 = CARTESIAN_POINT ( 'NONE',  ( 0.03706465313827000951, 0.1156583294010000013, 0.0000000000000000000 ) ) ;
#57 = CLOSED_SHELL ( 'NONE', ( #2024, #1837, #629, #1541, #2217, #2361, #670, #1091 ) ) ;
#58 = CARTESIAN_POINT ( 'NONE',  ( 0.2000000000000000111, -0.2000000000000000111, 0.01999999955297000059 ) ) ;
#59 = DIRECTION ( 'NONE',  ( -0.0000000000000000000, 1.000000000000000000, 0.0000000000000000000 ) ) ;
#60 = VECTOR ( 'NONE', #1496, 1000.000000000000000 ) ;
#61 =( NAMED_UNIT ( * ) SI_UNIT ( $, .STERADIAN. ) SOLID_ANGLE_UNIT ( ) );
#62 = VERTEX_POINT ( 'NONE', #2146 ) ;
#63 = CARTESIAN_POINT ( 'NONE',  ( 0.1091175082590000039, 0.1690231241150000063, 0.0000000000000000000 ) ) ;
#64 = STYLED_ITEM ( 'NONE', ( #1927 ), #1483 ) ;
#65 = LINE ( 'NONE', #2495, #379 ) ;
#66 = ORIENTED_EDGE ( 'NONE', *, *, #162, .T. ) ;
#67 = CARTESIAN_POINT ( 'NONE',  ( -0.1749999999999999611, -0.8499999999999999778, 0.02000000000000000042 ) ) ;
#68 = ADVANCED_BREP_SHAPE_REPRESENTATION ( '', ( #2513, #242 ), #701 ) ;
#69 = CARTESIAN_POINT ( 'NONE',  ( -0.1749999999999999889, 0.8499999999999999778, 0.3000000011919999876 ) ) ;
#70 =( GEOMETRIC_REPRESENTATION_CONTEXT ( 3 ) GLOBAL_UNCERTAINTY_ASSIGNED_CONTEXT ( ( #2179 ) ) GLOBAL_UNIT_ASSIGNED_CONTEXT ( ( #1601, #1186, #1198 ) ) REPRESENTATION_CONTEXT ( 'NONE', 'WORKASPACE' ) );
#71 = PRODUCT_DEFINITION_FORMATION_WITH_SPECIFIED_SOURCE ( 'ANY', '', #1218, .NOT_KNOWN. ) ;
#72 = LINE ( 'NONE', #2227, #1251 ) ;
#73 = PLANE ( 'NONE',  #382 ) ;
#74 = PRODUCT_DEFINITION_SHAPE ( 'NONE', 'NONE',  #2860 ) ;
#75 = CARTESIAN_POINT ( 'NONE',  ( -2.588959504250000362E-17, -0.8770833333330000370, 0.3000000011919999876 ) ) ;
#76 = CARTESIAN_POINT ( 'NONE',  ( 0.1527229825389999907, 0.09302501179802001585, 0.0000000000000000000 ) ) ;
#77 = CARTESIAN_POINT ( 'NONE',  ( 0.1065561642282973620, 0.1713582595561394806, 0.0000000000000000000 ) ) ;
#78 = PRESENTATION_STYLE_ASSIGNMENT (( #1407 ) ) ;
#79 = CARTESIAN_POINT ( 'NONE',  ( 0.4500000000000000111, 0.8499999999999999778, 0.3099999997760000126 ) ) ;
#80 = ORIENTED_EDGE ( 'NONE', *, *, #724, .T. ) ;
#81 = DIRECTION ( 'NONE',  ( -0.0000000000000000000, 0.0000000000000000000, 1.000000000000000000 ) ) ;
#82 = SURFACE_SIDE_STYLE ('',( #1427 ) ) ;
#83 = DIRECTION ( 'NONE',  ( -1.000000000000000000, 0.0000000000000000000, 0.0000000000000000000 ) ) ;
#84 = ADVANCED_FACE ( 'NONE', ( #2102 ), #542, .T. ) ;
#85 =( NAMED_UNIT ( * ) PLANE_ANGLE_UNIT ( ) SI_UNIT ( $, .RADIAN. ) );
#86 = CARTESIAN_POINT ( 'NONE',  ( 0.1675000000000000100, 0.8499999999999999778, 0.0000000000000000000 ) ) ;
#87 = PRODUCT_RELATED_PRODUCT_CATEGORY ( 'part', '', ( #2707 ) ) ;
#88 = CARTESIAN_POINT ( 'NONE',  ( 0.1528268050970000014, 0.1196035865970000028, 0.0000000000000000000 ) ) ;
#89 = ORIENTED_EDGE ( 'NONE', *, *, #2551, .F. ) ;
#90 = DIRECTION ( 'NONE',  ( 0.0000000000000000000, -0.0000000000000000000, 1.000000000000000000 ) ) ;
#91 = CARTESIAN_POINT ( 'NONE',  ( -0.4000000000000000222, -0.4500000000000000666, 0.0000000000000000000 ) ) ;
#92 = UNCERTAINTY_MEASURE_WITH_UNIT (LENGTH_MEASURE( 1.000000000000000082E-05 ), #2611, 'distance_accuracy_value', 'NONE');
#93 = ORIENTED_EDGE ( 'NONE', *, *, #188, .T. ) ;
#94 = CARTESIAN_POINT ( 'NONE',  ( 0.4500000000000000666, -0.5749999999999999556, 0.2999999999999999889 ) ) ;
#95 = PLANE ( 'NONE',  #1116 ) ;
#96 = CARTESIAN_POINT ( 'NONE',  ( -0.4500000000000000666, -0.8499999999999999778, 0.3099999997760000126 ) ) ;
#97 = CLOSED_SHELL ( 'NONE', ( #1788, #2727, #1416, #305, #1757, #2416 ) ) ;
#98 = EDGE_CURVE ( 'NONE', #2808, #1473, #2686, .T. ) ;
#99 = DIRECTION ( 'NONE',  ( -1.000000000000000000, 0.0000000000000000000, -1.110223024625000001E-16 ) ) ;
#100 = DIRECTION ( 'NONE',  ( 1.000000000000000000, 0.0000000000000000000, 0.0000000000000000000 ) ) ;
#101 = CARTESIAN_POINT ( 'NONE',  ( 0.1621708353000000102, 0.1156583294010000013, 0.0000000000000000000 ) ) ;
#102 = CARTESIAN_POINT ( 'NONE',  ( -0.4000000000000000222, -0.4500000000000000666, 0.01999999955297000059 ) ) ;
#103 = VECTOR ( 'NONE', #949, 1000.000000000000000 ) ;
#104 = AXIS2_PLACEMENT_3D ( 'NONE', #2849, #1738, #2628 ) ;
#105 = EDGE_CURVE ( 'NONE', #1798, #637, #1625, .T. ) ;
#106 = ORIENTED_EDGE ( 'NONE', *, *, #811, .T. ) ;
#107 = PRESENTATION_LAYER_ASSIGNMENT (  '', '', ( #14 ) ) ;
#108 = VECTOR ( 'NONE', #1688, 1000.000000000000000 ) ;
#109 = CARTESIAN_POINT ( 'NONE',  ( 0.1646357004874875740, 0.09956187037924392469, 0.0000000000000000000 ) ) ;
#110 = PLANE ( 'NONE',  #830 ) ;
#111 = CIRCLE ( 'NONE', #1524, 0.1800208333330000077 ) ;
#112 = AXIS2_PLACEMENT_3D ( 'NONE', #1700, #2132, #2807 ) ;
#113 = DIRECTION ( 'NONE',  ( -0.0000000000000000000, 0.0000000000000000000, -1.000000000000000000 ) ) ;
#114 = CIRCLE ( 'NONE', #156, 0.1702008928569999913 ) ;
#115 = CARTESIAN_POINT ( 'NONE',  ( -0.4500000000000000666, -0.8499999999999999778, 0.3099999997760000126 ) ) ;
#116 = CARTESIAN_POINT ( 'NONE',  ( 0.1592335867336767685, 0.09986286685135506436, 0.0000000000000000000 ) ) ;
#117 = FACE_OUTER_BOUND ( 'NONE', #1829, .T. ) ;
#118 = VERTEX_POINT ( 'NONE', #1874 ) ;
#119 = APPLICATION_PROTOCOL_DEFINITION ( 'draft international standard', 'automotive_design', 1998, #2715 ) ;
#120 = CARTESIAN_POINT ( 'NONE',  ( -9.574267937527000500E-18, -0.8770833333330000370, 0.3099999997760000126 ) ) ;
#121 = ORIENTED_EDGE ( 'NONE', *, *, #1224, .T. ) ;
#122 = LINE ( 'NONE', #1151, #2186 ) ;
#123 = CARTESIAN_POINT ( 'NONE',  ( 0.03466465282365660538, 0.09956187037924395244, 0.0000000000000000000 ) ) ;
#124 = ORIENTED_EDGE ( 'NONE', *, *, #1008, .F. ) ;
#125 = CARTESIAN_POINT ( 'NONE',  ( -0.4000000000000000222, -0.8499999999999999778, 0.0000000000000000000 ) ) ;
#126 = EDGE_CURVE ( 'NONE', #2218, #2433, #555, .T. ) ;
#127 = CARTESIAN_POINT ( 'NONE',  ( 0.0000000000000000000, 0.8770833333330000370, 0.2999999999999999889 ) ) ;
#128 = CARTESIAN_POINT ( 'NONE',  ( -0.1675000000000000100, -0.8499999999999999778, 0.0000000000000000000 ) ) ;
#129 = ORIENTED_EDGE ( 'NONE', *, *, #2350, .T. ) ;
#130 = DIRECTION ( 'NONE',  ( 1.000000000000000000, 0.0000000000000000000, 0.0000000000000000000 ) ) ;
#131 = FILL_AREA_STYLE_COLOUR ( '', #2100 ) ;
#132 = ORIENTED_EDGE ( 'NONE', *, *, #2298, .F. ) ;
#133 = CARTESIAN_POINT ( 'NONE',  ( -0.4500000000000000666, -0.8499999999999999778, 0.2999999999999999889 ) ) ;
#134 = CARTESIAN_POINT ( 'NONE',  ( 0.03322321849928999704, 0.1063142991980000063, 0.0000000000000000000 ) ) ;
#135 = ADVANCED_FACE ( 'NONE', ( #528 ), #2169, .F. ) ;
#136 = ORIENTED_EDGE ( 'NONE', *, *, #1884, .F. ) ;
#137 = CARTESIAN_POINT ( 'NONE',  ( 0.04630486078339000194, 0.09302501179802001585, 0.0000000000000000000 ) ) ;
#138 = CARTESIAN_POINT ( 'NONE',  ( 0.4500000000000000666, 0.8499999999999999778, 0.2999999999999999889 ) ) ;
#139 = PRODUCT_DEFINITION ( 'UNKNOWN', '', #2613, #2787 ) ;
#140 = CARTESIAN_POINT ( 'NONE',  ( 0.4000000000000000222, -0.8499999999999999778, 0.0000000000000000000 ) ) ;
#141 =( LENGTH_UNIT ( ) NAMED_UNIT ( * ) SI_UNIT ( .MILLI., .METRE. ) );
#142 = ORIENTED_EDGE ( 'NONE', *, *, #1883, .F. ) ;
#143 = CARTESIAN_POINT ( 'NONE',  ( -0.4000000000000000222, -0.8499999999999999778, 0.0000000000000000000 ) ) ;
#144 = CARTESIAN_POINT ( 'NONE',  ( 0.0000000000000000000, 0.0000000000000000000, 0.0000000000000000000 ) ) ;
#145 = DIRECTION ( 'NONE',  ( 0.0000000000000000000, -1.000000000000000000, 0.0000000000000000000 ) ) ;
#146 = CLOSED_SHELL ( 'NONE', ( #1465, #886, #1722, #2125, #2803, #1265, #2215, #2844, #576, #2365 ) ) ;
#147 = EDGE_LOOP ( 'NONE', ( #1647, #842, #2016, #1780 ) ) ;
#148 = ORIENTED_EDGE ( 'NONE', *, *, #1553, .T. ) ;
#149 = SURFACE_SIDE_STYLE ('',( #622 ) ) ;
#150 = AXIS2_PLACEMENT_3D ( 'NONE', #1763, #2043, #272 ) ;
#151 = AXIS2_PLACEMENT_3D ( 'NONE', #2395, #1261, #810 ) ;
#152 = ORIENTED_EDGE ( 'NONE', *, *, #1504, .F. ) ;
#153 = SURFACE_STYLE_FILL_AREA ( #833 ) ;
#154 = VECTOR ( 'NONE', #1783, 1000.000000000000000 ) ;
#155 = AXIS2_PLACEMENT_3D ( 'NONE', #2645, #482, #1331 ) ;
#156 = AXIS2_PLACEMENT_3D ( 'NONE', #1642, #1827, #530 ) ;
#157 = DIRECTION ( 'NONE',  ( -1.000000000000000000, 0.0000000000000000000, -0.0000000000000000000 ) ) ;
#158 = MECHANICAL_DESIGN_GEOMETRIC_PRESENTATION_REPRESENTATION (  '', ( #2653 ), #1346 ) ;
#159 = CARTESIAN_POINT ( 'NONE',  ( -0.1749999999999999889, 0.8499999999999999778, 0.3099999997760000126 ) ) ;
#160 =( GEOMETRIC_REPRESENTATION_CONTEXT ( 3 ) GLOBAL_UNCERTAINTY_ASSIGNED_CONTEXT ( ( #2119 ) ) GLOBAL_UNIT_ASSIGNED_CONTEXT ( ( #474, #2403, #2002 ) ) REPRESENTATION_CONTEXT ( 'NONE', 'WORKASPACE' ) );
#161 = SHAPE_DEFINITION_REPRESENTATION ( #2334, #2492 ) ;
#162 = EDGE_CURVE ( 'NONE', #642, #1433, #181, .T. ) ;
#163 = ORIENTED_EDGE ( 'NONE', *, *, #2706, .F. ) ;
#164 = VERTEX_POINT ( 'NONE', #2606 ) ;
#165 = LINE ( 'NONE', #2843, #283 ) ;
#166 =( REPRESENTATION_RELATIONSHIP ('NONE','NONE', #1082, #614 ) REPRESENTATION_RELATIONSHIP_WITH_TRANSFORMATION ( #2409 )SHAPE_REPRESENTATION_RELATIONSHIP( ) );
#167 = ORIENTED_EDGE ( 'NONE', *, *, #2533, .T. ) ;
#168 = ADVANCED_BREP_SHAPE_REPRESENTATION ( '', ( #2441, #242 ), #245 ) ;
#169 =( NAMED_UNIT ( * ) SI_UNIT ( $, .STERADIAN. ) SOLID_ANGLE_UNIT ( ) );
#170 = PLANE ( 'NONE',  #2092 ) ;
#171 = DIRECTION ( 'NONE',  ( 0.9540843375007609373, 0.2995381059827514902, 0.0000000000000000000 ) ) ;
#172 = SHAPE_DEFINITION_REPRESENTATION ( #2082, #1187 ) ;
#173 = DIRECTION ( 'NONE',  ( 0.0000000000000000000, 0.0000000000000000000, -1.000000000000000000 ) ) ;
#175 = ORIENTED_EDGE ( 'NONE', *, *, #414, .F. ) ;
#174 = EDGE_CURVE ( 'NONE', #342, #2507, #1729, .T. ) ;
#176 = EDGE_CURVE ( 'NONE', #605, #959, #2385, .T. ) ;
#177 = ORIENTED_EDGE ( 'NONE', *, *, #990, .F. ) ;
#178 = ORIENTED_EDGE ( 'NONE', *, *, #2629, .F. ) ;
#179 = DIRECTION ( 'NONE',  ( -0.0000000000000000000, -0.0000000000000000000, 1.000000000000000000 ) ) ;
#180 = DIRECTION ( 'NONE',  ( -1.000000000000000000, -0.0000000000000000000, -0.0000000000000000000 ) ) ;
#181 = LINE ( 'NONE', #1974, #1611 ) ;
#182 = ITEM_DEFINED_TRANSFORMATION ( 'NONE', 'NONE', #707,  #242 ) ;
#183 = VERTEX_POINT ( 'NONE', #2183 ) ;
#184 = VERTEX_POINT ( 'NONE', #1274 ) ;
#185 = LINE ( 'NONE', #1733, #831 ) ;
#186 =( NAMED_UNIT ( * ) PLANE_ANGLE_UNIT ( ) SI_UNIT ( $, .RADIAN. ) );
#187 = VECTOR ( 'NONE', #1988, 1000.000000000000000 ) ;
#188 = EDGE_CURVE ( 'NONE', #2572, #357, #433, .T. ) ;
#189 = ORIENTED_EDGE ( 'NONE', *, *, #1685, .T. ) ;
#190 = CARTESIAN_POINT ( 'NONE',  ( -0.1774999999999999911, 0.8499999999999999778, 0.3100000023839999952 ) ) ;
#191 = AXIS2_PLACEMENT_3D ( 'NONE', #2763, #1896, #962 ) ;
#192 = FACE_OUTER_BOUND ( 'NONE', #1358, .T. ) ;
#193 = DIRECTION ( 'NONE',  ( 0.0000000000000000000, 0.0000000000000000000, 1.000000000000000000 ) ) ;
#194 = APPLICATION_CONTEXT ( 'automotive_design' ) ;
#195 = PRESENTATION_LAYER_ASSIGNMENT (  '', '', ( #2097 ) ) ;
#196 = PRESENTATION_LAYER_ASSIGNMENT (  '', '', ( #2098 ) ) ;
#197 = VECTOR ( 'NONE', #1177, 1000.000000000000000 ) ;
#198 = AXIS2_PLACEMENT_3D ( 'NONE', #1743, #683, #1563 ) ;
#199 = SURFACE_SIDE_STYLE ('',( #1530 ) ) ;
#200 = APPLICATION_PROTOCOL_DEFINITION ( 'draft international standard', 'automotive_design', 1998, #2123 ) ;
#201 =( GEOMETRIC_REPRESENTATION_CONTEXT ( 3 ) GLOBAL_UNCERTAINTY_ASSIGNED_CONTEXT ( ( #41 ) ) GLOBAL_UNIT_ASSIGNED_CONTEXT ( ( #876, #1298, #1571 ) ) REPRESENTATION_CONTEXT ( 'NONE', 'WORKASPACE' ) );
#202 = PRESENTATION_LAYER_ASSIGNMENT (  '', '', ( #977 ) ) ;
#203 = VERTEX_POINT ( 'NONE', #1711 ) ;
#204 = VERTEX_POINT ( 'NONE', #2425 ) ;
#205 = DIRECTION ( 'NONE',  ( -1.110223024625000001E-16, 1.000000000000000000, -2.465190328814966717E-32 ) ) ;
#206 = ORIENTED_EDGE ( 'NONE', *, *, #999, .F. ) ;
#207 = DIRECTION ( 'NONE',  ( 0.0000000000000000000, 1.000000000000000000, 0.0000000000000000000 ) ) ;
#208 = LINE ( 'NONE', #1725, #60 ) ;
#209 = CARTESIAN_POINT ( 'NONE',  ( -0.4500000000000000666, -0.8499999999999999778, 0.2999999999999999889 ) ) ;
#210 = EDGE_CURVE ( 'NONE', #348, #2808, #408, .T. ) ;
#211 = SHAPE_REPRESENTATION ( 'User_Library-LTST-C190GKT_Lens', ( #242 ), #1025 ) ;
#212 = DIRECTION ( 'NONE',  ( 0.0000000000000000000, 0.0000000000000000000, 1.000000000000000000 ) ) ;
#213 = SHAPE_DEFINITION_REPRESENTATION ( #907, #12 ) ;
#214 = ORIENTED_EDGE ( 'NONE', *, *, #1401, .T. ) ;
#215 = ORIENTED_EDGE ( 'NONE', *, *, #584, .T. ) ;
#216 = ORIENTED_EDGE ( 'NONE', *, *, #1596, .F. ) ;
#217 = SURFACE_STYLE_USAGE ( .BOTH. , #856 ) ;
#218 = CARTESIAN_POINT ( 'NONE',  ( 0.4500000000000000666, 0.8499999999999999778, 0.02000000000000000042 ) ) ;
#219 = DIRECTION ( 'NONE',  ( 1.000000000000000000, 0.0000000000000000000, 0.0000000000000000000 ) ) ;
#220 = EDGE_CURVE ( 'NONE', #2625, #787, #2644, .T. ) ;
#221 = FILL_AREA_STYLE ('',( #2487 ) ) ;
#222 = VERTEX_POINT ( 'NONE', #1470 ) ;
#223 = DIRECTION ( 'NONE',  ( 0.0000000000000000000, 1.000000000000000000, -0.0000000000000000000 ) ) ;
#224 = CARTESIAN_POINT ( 'NONE',  ( 0.09032562529495000159, 0.1690231241150000063, 0.0000000000000000000 ) ) ;
#225 = ORIENTED_EDGE ( 'NONE', *, *, #174, .T. ) ;
#226 = VERTEX_POINT ( 'NONE', #627 ) ;
#227 = CARTESIAN_POINT ( 'NONE',  ( 0.09022180273714001941, 0.04370929683813000455, 0.0000000000000000000 ) ) ;
#228 = SURFACE_SIDE_STYLE ('',( #2223 ) ) ;
#229 = PRODUCT_DEFINITION_CONTEXT ( 'detailed design', #2148, 'design' ) ;
#230 = ORIENTED_EDGE ( 'NONE', *, *, #271, .T. ) ;
#231 = DIRECTION ( 'NONE',  ( 1.000000000000000000, 0.0000000000000000000, 0.0000000000000000000 ) ) ;
#232 = FACE_OUTER_BOUND ( 'NONE', #2758, .T. ) ;
#233 = VECTOR ( 'NONE', #223, 1000.000000000000000 ) ;
#234 = PLANE ( 'NONE',  #1899 ) ;
#235 = VECTOR ( 'NONE', #755, 1000.000000000000000 ) ;
#236 = CARTESIAN_POINT ( 'NONE',  ( 0.03338417461066324476, 0.1098525788896029115, 0.0000000000000000000 ) ) ;
#237 = DIRECTION ( 'NONE',  ( 1.000000000000000000, 0.0000000000000000000, 0.0000000000000000000 ) ) ;
#238 = AXIS2_PLACEMENT_3D ( 'NONE', #127, #997, #83 ) ;
#240 = ADVANCED_FACE ( 'NONE', ( #1500 ), #1510, .F. ) ;
#239 = STYLED_ITEM ( 'NONE', ( #901 ), #2491 ) ;
#241 = CARTESIAN_POINT ( 'NONE',  ( 0.1555261916000000022, 0.1037187352519999967, 0.0000000000000000000 ) ) ;
#242 = AXIS2_PLACEMENT_3D ( 'NONE', #1961, #193, #594 ) ;
#243 = AXIS2_PLACEMENT_3D ( 'NONE', #1321, #1585, #1307 ) ;
#244 = PRESENTATION_STYLE_ASSIGNMENT (( #1351 ) ) ;
#245 =( GEOMETRIC_REPRESENTATION_CONTEXT ( 3 ) GLOBAL_UNCERTAINTY_ASSIGNED_CONTEXT ( ( #2471 ) ) GLOBAL_UNIT_ASSIGNED_CONTEXT ( ( #1881, #1403, #274 ) ) REPRESENTATION_CONTEXT ( 'NONE', 'WORKASPACE' ) );
#246 = VECTOR ( 'NONE', #2150, 1000.000000000000000 ) ;
#247 = ORIENTED_EDGE ( 'NONE', *, *, #2104, .F. ) ;
#248 = FACE_OUTER_BOUND ( 'NONE', #2240, .T. ) ;
#249 = ORIENTED_EDGE ( 'NONE', *, *, #1995, .F. ) ;
#250 = CARTESIAN_POINT ( 'NONE',  ( 0.1089098631429999964, 0.04370929683813000455, 0.0000000000000000000 ) ) ;
#251 = CARTESIAN_POINT ( 'NONE',  ( -0.4500000000000000666, -0.5749999999997735811, 0.2999999999999601319 ) ) ;
#252 = CARTESIAN_POINT ( 'NONE',  ( -0.1774999999997260436, 0.8500000000000462741, 0.0000000000000000000 ) ) ;
#253 = CARTESIAN_POINT ( 'NONE',  ( 0.2000000000000000389, -0.8499999999999999778, 0.0000000000000000000 ) ) ;
#254 = CARTESIAN_POINT ( 'NONE',  ( -0.4500000000000001221, -0.8499999999999999778, 0.02000000000000000042 ) ) ;
#255 = EDGE_LOOP ( 'NONE', ( #206, #2481, #2205, #1006, #1924, #583 ) ) ;
#256 = ORIENTED_EDGE ( 'NONE', *, *, #2439, .T. ) ;
#257 = FILL_AREA_STYLE_COLOUR ( '', #472 ) ;
#258 = FACE_OUTER_BOUND ( 'NONE', #1100, .T. ) ;
#259 = CARTESIAN_POINT ( 'NONE',  ( 0.4500000000000000666, -0.8499999999999999778, 0.2999999999999999889 ) ) ;
#260 = DIRECTION ( 'NONE',  ( -1.000000000000000000, 0.0000000000000000000, 0.0000000000000000000 ) ) ;
#261 = CARTESIAN_POINT ( 'NONE',  ( 0.03322321849928998316, 0.09717791411043000260, 0.0000000000000000000 ) ) ;
#262 = DIRECTION ( 'NONE',  ( -1.000000000000000000, 0.0000000000000000000, 0.0000000000000000000 ) ) ;
#263 = PLANE ( 'NONE',  #2649 ) ;
#264 = CONTEXT_DEPENDENT_SHAPE_REPRESENTATION ( #2243, #1834 ) ;
#265 = PRODUCT_DEFINITION_SHAPE ( 'NONE', 'NONE',  #2283 ) ;
#266 = ORIENTED_EDGE ( 'NONE', *, *, #1607, .F. ) ;
#267 = EDGE_CURVE ( 'NONE', #2163, #2393, #1545, .T. ) ;
#268 = DIRECTION ( 'NONE',  ( -1.000000000000000000, 0.0000000000000000000, -0.0000000000000000000 ) ) ;
#269 = DIRECTION ( 'NONE',  ( 0.0000000000000000000, 0.0000000000000000000, 1.000000000000000000 ) ) ;
#270 = PLANE ( 'NONE',  #1161 ) ;
#271 = EDGE_CURVE ( 'NONE', #342, #2556, #2219, .T. ) ;
#272 = DIRECTION ( 'NONE',  ( -1.000000000000000000, 0.0000000000000000000, 0.0000000000000000000 ) ) ;
#273 = EDGE_LOOP ( 'NONE', ( #928, #49, #1536, #2700 ) ) ;
#274 =( NAMED_UNIT ( * ) SI_UNIT ( $, .STERADIAN. ) SOLID_ANGLE_UNIT ( ) );
#275 = FACE_OUTER_BOUND ( 'NONE', #1085, .T. ) ;
#276 = DIRECTION ( 'NONE',  ( -1.000000000000000000, 0.0000000000000000000, -0.0000000000000000000 ) ) ;
#277 = LINE ( 'NONE', #46, #1572 ) ;
#278 = AXIS2_PLACEMENT_3D ( 'NONE', #524, #2546, #1231 ) ;
#279 = AXIS2_PLACEMENT_3D ( 'NONE', #1228, #1185, #1869 ) ;
#280 =( NAMED_UNIT ( * ) PLANE_ANGLE_UNIT ( ) SI_UNIT ( $, .RADIAN. ) );
#281 = STYLED_ITEM ( 'NONE', ( #78 ), #2513 ) ;
#282 = CARTESIAN_POINT ( 'NONE',  ( 0.4499999761580000257, -0.3433386697760001383, 0.7500000000000000000 ) ) ;
#283 = VECTOR ( 'NONE', #844, 1000.000000000000000 ) ;
#284 =( NAMED_UNIT ( * ) PLANE_ANGLE_UNIT ( ) SI_UNIT ( $, .RADIAN. ) );
#285 = VECTOR ( 'NONE', #59, 1000.000000000000000 ) ;
#286 = STYLED_ITEM ( 'NONE', ( #1490 ), #1726 ) ;
#287 = ORIENTED_EDGE ( 'NONE', *, *, #2397, .T. ) ;
#288 = DIRECTION ( 'NONE',  ( 0.0000000000000000000, -1.000000000000000000, -0.0000000000000000000 ) ) ;
#289 = UNCERTAINTY_MEASURE_WITH_UNIT (LENGTH_MEASURE( 1.000000000000000082E-05 ), #989, 'distance_accuracy_value', 'NONE');
#290 = EDGE_LOOP ( 'NONE', ( #432, #2252, #1937, #754 ) ) ;
#291 = LINE ( 'NONE', #2095, #2643 ) ;
#292 = CARTESIAN_POINT ( 'NONE',  ( 0.09032562529495000159, 0.1690231241150000063, 0.0000000000000000000 ) ) ;
#293 = CYLINDRICAL_SURFACE ( 'NONE', #920, 0.1770833333329999981 ) ;
#294 = ADVANCED_FACE ( 'NONE', ( #2231 ), #1117, .F. ) ;
#295 = SURFACE_STYLE_FILL_AREA ( #1219 ) ;
#296 = FACE_OUTER_BOUND ( 'NONE', #1055, .T. ) ;
#297 = ORIENTED_EDGE ( 'NONE', *, *, #2710, .T. ) ;
#298 = CARTESIAN_POINT ( 'NONE',  ( 0.4499999761579999702, -0.5749999999999999556, 0.9000000000000000222 ) ) ;
#299 = CARTESIAN_POINT ( 'NONE',  ( 0.09022180273714001941, 0.04370929683813000455, 0.0000000000000000000 ) ) ;
#300 = EDGE_LOOP ( 'NONE', ( #743, #631, #2842, #2115 ) ) ;
#301 = CARTESIAN_POINT ( 'NONE',  ( 0.2000000000000000111, -0.4500000000000000666, 0.01999999955297000059 ) ) ;
#302 = LINE ( 'NONE', #1226, #1158 ) ;
#303 = ORIENTED_EDGE ( 'NONE', *, *, #1535, .F. ) ;
#304 = CARTESIAN_POINT ( 'NONE',  ( 0.04283144596507623691, 0.09318596790939324970, 0.0000000000000000000 ) ) ;
#305 = ADVANCED_FACE ( 'NONE', ( #2708 ), #666, .T. ) ;
#306 = CARTESIAN_POINT ( 'NONE',  ( -0.1774999999997221301, 0.8500000000000230704, 0.0000000000000000000 ) ) ;
#307 = LINE ( 'NONE', #140, #1993 ) ;
#308 = CARTESIAN_POINT ( 'NONE',  ( -4.778713674511000017E-33, -0.8800208333329999633, 0.0000000000000000000 ) ) ;
#309 = PRODUCT_DEFINITION ( 'UNKNOWN', '', #1350, #1 ) ;
#310 =( NAMED_UNIT ( * ) PLANE_ANGLE_UNIT ( ) SI_UNIT ( $, .RADIAN. ) );
#311 = ORIENTED_EDGE ( 'NONE', *, *, #2670, .T. ) ;
#312 = PRODUCT ( 'User_Library-LTST-C190GKT_Pad001', 'User_Library-LTST-C190GKT_Pad001', '', ( #1532 ) ) ;
#313 = DIRECTION ( 'NONE',  ( 0.0000000000000000000, -0.0000000000000000000, 1.000000000000000000 ) ) ;
#314 = FILL_AREA_STYLE_COLOUR ( '', #9 ) ;
#315 = SHAPE_REPRESENTATION ( 'User_Library-LTST-C190GKT_Pad001', ( #242 ), #563 ) ;
#316 = UNCERTAINTY_MEASURE_WITH_UNIT (LENGTH_MEASURE( 1.000000000000000082E-05 ), #1130, 'distance_accuracy_value', 'NONE');
#317 = ORIENTED_EDGE ( 'NONE', *, *, #1540, .T. ) ;
#318 = LINE ( 'NONE', #1197, #2516 ) ;
#319 =( NAMED_UNIT ( * ) PLANE_ANGLE_UNIT ( ) SI_UNIT ( $, .RADIAN. ) );
#320 = DIRECTION ( 'NONE',  ( -1.000000000000000000, 0.0000000000000000000, -0.0000000000000000000 ) ) ;
#321 = DIRECTION ( 'NONE',  ( -0.0000000000000000000, -0.0000000000000000000, -1.000000000000000000 ) ) ;
#322 = CYLINDRICAL_SURFACE ( 'NONE', #835, 0.1770833333329999981 ) ;
#323 = VERTEX_POINT ( 'NONE', #2443 ) ;
#324 =( GEOMETRIC_REPRESENTATION_CONTEXT ( 3 ) GLOBAL_UNCERTAINTY_ASSIGNED_CONTEXT ( ( #1790 ) ) GLOBAL_UNIT_ASSIGNED_CONTEXT ( ( #1962, #2812, #2630 ) ) REPRESENTATION_CONTEXT ( 'NONE', 'WORKASPACE' ) );
#325 = DIRECTION ( 'NONE',  ( -1.000000000000000000, 0.0000000000000000000, 0.0000000000000000000 ) ) ;
#326 = CARTESIAN_POINT ( 'NONE',  ( 0.09592808085575067756, 0.04002881831052324674, 0.0000000000000000000 ) ) ;
#327 = VECTOR ( 'NONE', #1322, 999.9999999999998863 ) ;
#328 = VECTOR ( 'NONE', #2518, 999.9999999999998863 ) ;
#330 = EDGE_CURVE ( 'NONE', #2191, #1565, #1094, .T. ) ;
#329 = EDGE_LOOP ( 'NONE', ( #1382, #106, #814, #1024 ) ) ;
#331 = STYLED_ITEM ( 'NONE', ( #2784 ), #2432 ) ;
#332 = MECHANICAL_DESIGN_GEOMETRIC_PRESENTATION_REPRESENTATION (  '', ( #2098 ), #2696 ) ;
#333 = CARTESIAN_POINT ( 'NONE',  ( 0.4500000000000000666, 0.8499999999999999778, 0.3000000011919999876 ) ) ;
#334 = STYLED_ITEM ( 'NONE', ( #1898 ), #68 ) ;
#335 = MECHANICAL_DESIGN_GEOMETRIC_PRESENTATION_REPRESENTATION (  '', ( #836 ), #23 ) ;
#336 = ORIENTED_EDGE ( 'NONE', *, *, #979, .F. ) ;
#337 = DIRECTION ( 'NONE',  ( -0.0000000000000000000, -0.0000000000000000000, -1.000000000000000000 ) ) ;
#338 = SHAPE_REPRESENTATION_RELATIONSHIP ( 'NONE' , 'NONE' ,  #614, #609 ) ;
#339 =( GEOMETRIC_REPRESENTATION_CONTEXT ( 3 ) GLOBAL_UNCERTAINTY_ASSIGNED_CONTEXT ( ( #2529 ) ) GLOBAL_UNIT_ASSIGNED_CONTEXT ( ( #2640, #2438, #691 ) ) REPRESENTATION_CONTEXT ( 'NONE', 'WORKASPACE' ) );
#340 = CARTESIAN_POINT ( 'NONE',  ( 1.275645363164999983E-33, -0.8770833333330000370, 0.0000000000000000000 ) ) ;
#341 = DIRECTION ( 'NONE',  ( 0.0000000000000000000, -1.000000000000000000, 0.0000000000000000000 ) ) ;
#342 = VERTEX_POINT ( 'NONE', #33 ) ;
#343 = EDGE_CURVE ( 'NONE', #565, #184, #1734, .T. ) ;
#344 = ORIENTED_EDGE ( 'NONE', *, *, #347, .F. ) ;
#345 = DIRECTION ( 'NONE',  ( 0.0000000000000000000, -0.0000000000000000000, -1.000000000000000000 ) ) ;
#346 = PRODUCT_RELATED_PRODUCT_CATEGORY ( 'part', '', ( #1218 ) ) ;
#347 = EDGE_CURVE ( 'NONE', #932, #394, #2250, .T. ) ;
#348 = VERTEX_POINT ( 'NONE', #463 ) ;
#349 = LINE ( 'NONE', #535, #1204 ) ;
#350 =( LENGTH_UNIT ( ) NAMED_UNIT ( * ) SI_UNIT ( .MILLI., .METRE. ) );
#351 = CARTESIAN_POINT ( 'NONE',  ( -0.2000000000000000111, -0.4500000000000000666, 0.0000000000000000000 ) ) ;
#352 = B_SPLINE_CURVE_WITH_KNOTS ( 'NONE', 3,
 ( #250, #1551, #2450, #710 ),
 .UNSPECIFIED., .F., .F.,
 ( 4, 4 ),
 ( 0.0000000000000000000, 1.000000000000000000 ),
 .UNSPECIFIED. ) ;
#353 = CARTESIAN_POINT ( 'NONE',  ( -0.1749999999999999889, 0.8499999999999999778, 0.02000000000000000042 ) ) ;
#354 = ORIENTED_EDGE ( 'NONE', *, *, #2174, .T. ) ;
#355 = DIRECTION ( 'NONE',  ( 0.0000000000000000000, -0.0000000000000000000, -1.000000000000000000 ) ) ;
#356 = ORIENTED_EDGE ( 'NONE', *, *, #363, .F. ) ;
#357 = VERTEX_POINT ( 'NONE', #1348 ) ;
#358 = DIRECTION ( 'NONE',  ( 0.0000000000000000000, 0.0000000000000000000, -1.000000000000000000 ) ) ;
#359 = EDGE_CURVE ( 'NONE', #2584, #1061, #2055, .T. ) ;
#360 = VERTEX_POINT ( 'NONE', #1363 ) ;
#361 = DIRECTION ( 'NONE',  ( -1.000000000000000000, 0.0000000000000000000, 0.0000000000000000000 ) ) ;
#362 = PLANE ( 'NONE',  #1337 ) ;
#363 = EDGE_CURVE ( 'NONE', #637, #203, #1143, .T. ) ;
#364 = FILL_AREA_STYLE ('',( #1469 ) ) ;
#365 = EDGE_LOOP ( 'NONE', ( #946, #1529, #772, #89 ) ) ;
#366 = DIRECTION ( 'NONE',  ( 0.0000000000000000000, 0.0000000000000000000, 1.000000000000000000 ) ) ;
#367 = ADVANCED_BREP_SHAPE_REPRESENTATION ( '', ( #1487, #242 ), #1296 ) ;
#368 = DIRECTION ( 'NONE',  ( -1.000000000000000000, 1.110223024625000001E-16, -1.232595164408000087E-32 ) ) ;
#369 = COLOUR_RGB ( '',1.000000000000000000, 0.0000000000000000000, 0.0000000000000000000 ) ;
#371 = ORIENTED_EDGE ( 'NONE', *, *, #572, .T. ) ;
#370 = PRESENTATION_LAYER_ASSIGNMENT (  '', '', ( #1614 ) ) ;
#372 = LINE ( 'NONE', #2359, #1344 ) ;
#373 = FILL_AREA_STYLE ('',( #587 ) ) ;
#374 = VECTOR ( 'NONE', #776, 1000.000000000000000 ) ;
#375 = UNCERTAINTY_MEASURE_WITH_UNIT (LENGTH_MEASURE( 1.000000000000000082E-05 ), #2017, 'distance_accuracy_value', 'NONE');
#376 = ORIENTED_EDGE ( 'NONE', *, *, #590, .T. ) ;
#377 =( NAMED_UNIT ( * ) PLANE_ANGLE_UNIT ( ) SI_UNIT ( $, .RADIAN. ) );
#378 = DIRECTION ( 'NONE',  ( -0.0000000000000000000, 1.000000000000000000, 0.0000000000000000000 ) ) ;
#380 = EDGE_CURVE ( 'NONE', #2152, #410, #908, .T. ) ;
#379 = VECTOR ( 'NONE', #2074, 1000.000000000000000 ) ;
#381 = VECTOR ( 'NONE', #1866, 1000.000000000000000 ) ;
#382 = AXIS2_PLACEMENT_3D ( 'NONE', #504, #1386, #879 ) ;
#383 = LINE ( 'NONE', #849, #2560 ) ;
#384 = SURFACE_STYLE_USAGE ( .BOTH. , #580 ) ;
#385 = PRODUCT_RELATED_PRODUCT_CATEGORY ( 'part', '', ( #475 ) ) ;
#386 = EDGE_CURVE ( 'NONE', #2433, #2728, #1824, .T. ) ;
#387 = STYLED_ITEM ( 'NONE', ( #1981 ), #1264 ) ;
#388 =( LENGTH_UNIT ( ) NAMED_UNIT ( * ) SI_UNIT ( .MILLI., .METRE. ) );
#389 = PRODUCT_DEFINITION_FORMATION_WITH_SPECIFIED_SOURCE ( 'ANY', '', #1603, .NOT_KNOWN. ) ;
#390 = ORIENTED_EDGE ( 'NONE', *, *, #2332, .T. ) ;
#391 = EDGE_LOOP ( 'NONE', ( #426, #1270, #356, #2610, #719, #803, #1461, #2156, #2805, #1926 ) ) ;
#392 = CARTESIAN_POINT ( 'NONE',  ( 0.1675000000000000100, 0.8499999999999999778, 0.0000000000000000000 ) ) ;
#393 = PRESENTATION_STYLE_ASSIGNMENT (( #2173 ) ) ;
#394 = VERTEX_POINT ( 'NONE', #712 ) ;
#395 = SURFACE_STYLE_FILL_AREA ( #2379 ) ;
#396 = CARTESIAN_POINT ( 'NONE',  ( 0.1030651549471868905, 0.04002881831052324674, 0.0000000000000000000 ) ) ;
#397 = CARTESIAN_POINT ( 'NONE',  ( 0.09032562529495000159, 0.1690231241150000063, 0.0000000000000000000 ) ) ;
#398 = SHAPE_REPRESENTATION ( 'User_Library-LTST-C190GKT_Pad003', ( #242 ), #1296 ) ;
#399 = FILL_AREA_STYLE ('',( #1945 ) ) ;
#400 = CARTESIAN_POINT ( 'NONE',  ( 0.08638036809815999306, 0.1196035865970000028, 0.0000000000000000000 ) ) ;
#401 = PRODUCT_CONTEXT ( 'NONE', #2123, 'mechanical' ) ;
#402 = EDGE_CURVE ( 'NONE', #2636, #2665, #1662, .T. ) ;
#403 = VERTEX_POINT ( 'NONE', #2688 ) ;
#404 = DIRECTION ( 'NONE',  ( -0.0000000000000000000, -0.0000000000000000000, 1.000000000000000000 ) ) ;
#405 = ORIENTED_EDGE ( 'NONE', *, *, #2388, .T. ) ;
#406 = CARTESIAN_POINT ( 'NONE',  ( 0.4000000000000000222, -0.4500000000000000666, 0.01999999955297000059 ) ) ;
#407 = LINE ( 'NONE', #1067, #737 ) ;
#408 = LINE ( 'NONE', #821, #1560 ) ;
#409 = CONTEXT_DEPENDENT_SHAPE_REPRESENTATION ( #2203, #2248 ) ;
#410 = VERTEX_POINT ( 'NONE', #722 ) ;
#411 = ORIENTED_EDGE ( 'NONE', *, *, #1276, .F. ) ;
#412 = DIRECTION ( 'NONE',  ( -1.000000000000000000, 0.0000000000000000000, 0.0000000000000000000 ) ) ;
#413 = SURFACE_STYLE_FILL_AREA ( #1021 ) ;
#414 = EDGE_CURVE ( 'NONE', #1010, #1674, #2032, .T. ) ;
#415 =( NAMED_UNIT ( * ) PLANE_ANGLE_UNIT ( ) SI_UNIT ( $, .RADIAN. ) );
#416 = CARTESIAN_POINT ( 'NONE',  ( 0.3999999999999999667, 0.4500000000000000666, 0.01999999955297000059 ) ) ;
#417 = CIRCLE ( 'NONE', #191, 0.1499999999999999944 ) ;
#418 =( GEOMETRIC_REPRESENTATION_CONTEXT ( 3 ) GLOBAL_UNCERTAINTY_ASSIGNED_CONTEXT ( ( #2063 ) ) GLOBAL_UNIT_ASSIGNED_CONTEXT ( ( #1372, #2030, #1154 ) ) REPRESENTATION_CONTEXT ( 'NONE', 'WORKASPACE' ) );
#419 = CARTESIAN_POINT ( 'NONE',  ( -2.588959504250000362E-17, -0.8770833333330000370, 0.02000000000000000042 ) ) ;
#420 = VECTOR ( 'NONE', #2759, 1000.000000000000000 ) ;
#421 = VECTOR ( 'NONE', #268, 1000.000000000000000 ) ;
#422 = DIRECTION ( 'NONE',  ( 1.927886441168717219E-17, -0.9848076832758555499, -0.1736485731609745398 ) ) ;
#423 = APPLICATION_PROTOCOL_DEFINITION ( 'draft international standard', 'automotive_design', 1998, #1636 ) ;
#424 = ORIENTED_EDGE ( 'NONE', *, *, #363, .T. ) ;
#425 = EDGE_CURVE ( 'NONE', #1830, #2210, #16, .T. ) ;
#426 = ORIENTED_EDGE ( 'NONE', *, *, #2332, .F. ) ;
#427 = FACE_OUTER_BOUND ( 'NONE', #2412, .T. ) ;
#428 = VERTEX_POINT ( 'NONE', #481 ) ;
#429 = DIRECTION ( 'NONE',  ( -0.0000000000000000000, 0.0000000000000000000, -1.000000000000000000 ) ) ;
#430 = EDGE_CURVE ( 'NONE', #2788, #2237, #2489, .T. ) ;
#431 = DIRECTION ( 'NONE',  ( 0.0000000000000000000, -0.0000000000000000000, -1.000000000000000000 ) ) ;
#432 = ORIENTED_EDGE ( 'NONE', *, *, #1826, .F. ) ;
#433 = LINE ( 'NONE', #2823, #1103 ) ;
#434 = DIRECTION ( 'NONE',  ( -1.000000000000000000, 0.0000000000000000000, -0.0000000000000000000 ) ) ;
#435 = PRODUCT_CONTEXT ( 'NONE', #194, 'mechanical' ) ;
#436 = ORIENTED_EDGE ( 'NONE', *, *, #2011, .F. ) ;
#437 = FILL_AREA_STYLE_COLOUR ( '', #462 ) ;
#438 = DIRECTION ( 'NONE',  ( -0.0000000000000000000, 1.000000000000000000, 0.0000000000000000000 ) ) ;
#439 = VERTEX_POINT ( 'NONE', #506 ) ;
#440 = CARTESIAN_POINT ( 'NONE',  ( 0.08782180242252661528, 0.04634420607204512571, 0.0000000000000000000 ) ) ;
#441 = LINE ( 'NONE', #890, #693 ) ;
#442 = CARTESIAN_POINT ( 'NONE',  ( 0.1774999999997223799, 0.8500000000000230704, 0.0000000000000000000 ) ) ;
#443 =( NAMED_UNIT ( * ) SI_UNIT ( $, .STERADIAN. ) SOLID_ANGLE_UNIT ( ) );
#444 = DIRECTION ( 'NONE',  ( 0.0000000000000000000, 0.0000000000000000000, -1.000000000000000000 ) ) ;
#445 = EDGE_CURVE ( 'NONE', #348, #1686, #1200, .T. ) ;
#446 = VERTEX_POINT ( 'NONE', #2124 ) ;
#447 = DIRECTION ( 'NONE',  ( 0.0000000000000000000, 0.1736485731609745398, -0.9848076832758555499 ) ) ;
#448 = DIRECTION ( 'NONE',  ( 0.0000000000000000000, 0.0000000000000000000, -1.000000000000000000 ) ) ;
#449 = ORIENTED_EDGE ( 'NONE', *, *, #2452, .T. ) ;
#450 = VERTEX_POINT ( 'NONE', #796 ) ;
#451 = CARTESIAN_POINT ( 'NONE',  ( -0.1749999999997209899, 0.8500000000000429434, 0.02000000000000000042 ) ) ;
#452 = SURFACE_SIDE_STYLE ('',( #640 ) ) ;
#453 = ORIENTED_EDGE ( 'NONE', *, *, #220, .T. ) ;
#454 = CYLINDRICAL_SURFACE ( 'NONE', #1018, 0.1800208333330000077 ) ;
#455 = CARTESIAN_POINT ( 'NONE',  ( 0.03685700802264998271, 0.08253893345917999447, 0.0000000000000000000 ) ) ;
#456 = UNCERTAINTY_MEASURE_WITH_UNIT (LENGTH_MEASURE( 1.000000000000000082E-05 ), #1053, 'distance_accuracy_value', 'NONE');
#457 = CARTESIAN_POINT ( 'NONE',  ( 0.0000000000000000000, 0.8770833333330000370, 0.01999999955297000059 ) ) ;
#458 = CARTESIAN_POINT ( 'NONE',  ( -0.2000000000000000111, -0.2000000000000000111, 0.0000000000000000000 ) ) ;
#459 = VECTOR ( 'NONE', #1942, 1000.000000000000000 ) ;
#460 = VECTOR ( 'NONE', #2246, 1000.000000000000000 ) ;
#461 = UNCERTAINTY_MEASURE_WITH_UNIT (LENGTH_MEASURE( 1.000000000000000082E-05 ), #495, 'distance_accuracy_value', 'NONE');
#462 = COLOUR_RGB ( '',1.000000000000000000, 0.8392156862745098200, 0.0000000000000000000 ) ;
#463 = CARTESIAN_POINT ( 'NONE',  ( -0.1749999999997176314, -0.8500000000000215161, 0.2999999999999999889 ) ) ;
#464 = CARTESIAN_POINT ( 'NONE',  ( 0.1675000000000000100, -0.8499999999999999778, 0.0000000000000000000 ) ) ;
#465 = PRODUCT_DEFINITION ( 'UNKNOWN', '', #1262, #2761 ) ;
#466 = AXIS2_PLACEMENT_3D ( 'NONE', #17, #2709, #1375 ) ;
#467 = VECTOR ( 'NONE', #2356, 1000.000000000000000 ) ;
#468 = CARTESIAN_POINT ( 'NONE',  ( -0.1749999999997176314, 0.8500000000000215161, 0.2999999999999999889 ) ) ;
#469 = PRESENTATION_LAYER_ASSIGNMENT (  '', '', ( #1955 ) ) ;
#470 = EDGE_LOOP ( 'NONE', ( #2417, #2346, #336, #680 ) ) ;
#471 =( NAMED_UNIT ( * ) SI_UNIT ( $, .STERADIAN. ) SOLID_ANGLE_UNIT ( ) );
#472 = COLOUR_RGB ( '',0.7921568627450980005, 0.8196078431372548767, 0.9333333333333333481 ) ;
#473 = ORIENTED_EDGE ( 'NONE', *, *, #2333, .F. ) ;
#474 =( LENGTH_UNIT ( ) NAMED_UNIT ( * ) SI_UNIT ( .MILLI., .METRE. ) );
#475 = PRODUCT ( 'String-', 'String-', '', ( #1054 ) ) ;
#476 = CARTESIAN_POINT ( 'NONE',  ( 0.08638036809815999306, 0.05315714959887001684, 0.0000000000000000000 ) ) ;
#477 = CARTESIAN_POINT ( 'NONE',  ( 0.1129589428980000004, 0.05315714959887001684, 0.0000000000000000000 ) ) ;
#478 = CARTESIAN_POINT ( 'NONE',  ( -0.1675000000000000100, -0.8499999999999999778, 0.0000000000000000000 ) ) ;
#479 = PLANE ( 'NONE',  #2190 ) ;
#480 = EDGE_CURVE ( 'NONE', #2237, #1798, #307, .T. ) ;
#481 = CARTESIAN_POINT ( 'NONE',  ( -0.1749999999997176314, -0.8500000000000215161, 0.01999999955297000059 ) ) ;
#482 = DIRECTION ( 'NONE',  ( -0.0000000000000000000, 1.000000000000000000, 0.0000000000000000000 ) ) ;
#483 = ORIENTED_EDGE ( 'NONE', *, *, #2554, .F. ) ;
#484 = PLANE ( 'NONE',  #2567 ) ;
#485 = FACE_OUTER_BOUND ( 'NONE', #2830, .T. ) ;
#487 = ADVANCED_FACE ( 'NONE', ( #963 ), #1189, .T. ) ;
#486 = VERTEX_POINT ( 'NONE', #2309 ) ;
#488 = DIRECTION ( 'NONE',  ( -0.0000000000000000000, -0.0000000000000000000, 1.000000000000000000 ) ) ;
#489 = DIRECTION ( 'NONE',  ( -1.000000000000000000, -0.0000000000000000000, 0.0000000000000000000 ) ) ;
#490 = SURFACE_STYLE_FILL_AREA ( #221 ) ;
#491 =( NAMED_UNIT ( * ) SI_UNIT ( $, .STERADIAN. ) SOLID_ANGLE_UNIT ( ) );
#492 = CARTESIAN_POINT ( 'NONE',  ( 0.03975137675003619087, 0.1181231945884876205, 0.0000000000000000000 ) ) ;
#493 = CARTESIAN_POINT ( 'NONE',  ( 0.4000000000000000222, -0.8499999999999999778, 0.0000000000000000000 ) ) ;
#494 = DIRECTION ( 'NONE',  ( 0.0000000000000000000, -0.0000000000000000000, -1.000000000000000000 ) ) ;
#495 =( LENGTH_UNIT ( ) NAMED_UNIT ( * ) SI_UNIT ( .MILLI., .METRE. ) );
#496 = DIRECTION ( 'NONE',  ( -1.110223024625000001E-16, 1.000000000000000000, -2.465190328814966717E-32 ) ) ;
#497 = CARTESIAN_POINT ( 'NONE',  ( 0.09284801164071068702, 0.04130929652351658654, 0.0000000000000000000 ) ) ;
#498 = MANIFOLD_SOLID_BREP ( 'Imported1', #1893 ) ;
#499 = ORIENTED_EDGE ( 'NONE', *, *, #956, .T. ) ;
#500 = DIRECTION ( 'NONE',  ( -0.0000000000000000000, -0.1736485731609745398, 0.9848076832758555499 ) ) ;
#501 = EDGE_CURVE ( 'NONE', #450, #1678, #2296, .T. ) ;
#502 = ORIENTED_EDGE ( 'NONE', *, *, #2015, .T. ) ;
#503 = PLANE ( 'NONE',  #646 ) ;
#504 = CARTESIAN_POINT ( 'NONE',  ( -0.1749999999999999889, 0.8499999999999999778, 0.0000000000000000000 ) ) ;
#505 = COLOUR_RGB ( '',1.000000000000000000, 0.0000000000000000000, 0.0000000000000000000 ) ;
#506 = CARTESIAN_POINT ( 'NONE',  ( -0.4500000000000000666, -0.5749999999999999556, 0.3099999997760000126 ) ) ;
#507 = DIRECTION ( 'NONE',  ( 0.0000000000000000000, -0.0000000000000000000, -1.000000000000000000 ) ) ;
#508 = VECTOR ( 'NONE', #970, 1000.000000000000000 ) ;
#509 = VECTOR ( 'NONE', #39, 1000.000000000000000 ) ;
#510 = LINE ( 'NONE', #2692, #6 ) ;
#511 = CARTESIAN_POINT ( 'NONE',  ( -0.1749999999999999889, 0.8499999999999999778, 0.01999999955297000059 ) ) ;
#512 = VECTOR ( 'NONE', #313, 1000.000000000000000 ) ;
#513 = SURFACE_SIDE_STYLE ('',( #2509 ) ) ;
#514 = VECTOR ( 'NONE', #2663, 1000.000000000000000 ) ;
#515 = AXIS2_PLACEMENT_3D ( 'NONE', #2553, #173, #1683 ) ;
#516 = ORIENTED_EDGE ( 'NONE', *, *, #1440, .F. ) ;
#517 = CARTESIAN_POINT ( 'NONE',  ( 0.4000000000000000222, -0.4500000000000000666, 0.0000000000000000000 ) ) ;
#518 = LINE ( 'NONE', #91, #785 ) ;
#519 = ORIENTED_EDGE ( 'NONE', *, *, #2723, .T. ) ;
#520 = AXIS2_PLACEMENT_3D ( 'NONE', #1014, #1656, #1682 ) ;
#521 = CARTESIAN_POINT ( 'NONE',  ( 1.077934498301000118E-16, 0.8802008928569999835, 0.3100000023839999952 ) ) ;
#522 = ADVANCED_FACE ( 'NONE', ( #2083 ), #1638, .T. ) ;
#523 = SHAPE_REPRESENTATION_RELATIONSHIP ( 'NONE' , 'NONE' ,  #398, #367 ) ;
#524 = CARTESIAN_POINT ( 'NONE',  ( -0.1749999999999999889, 0.8499999999999999778, 0.0000000000000000000 ) ) ;
#525 = PRODUCT ( 'User_Library-LTST-C190GKT_Pad004', 'User_Library-LTST-C190GKT_Pad004', '', ( #852 ) ) ;
#526 = LINE ( 'NONE', #1414, #2691 ) ;
#527 = DIRECTION ( 'NONE',  ( 0.0000000000000000000, 0.0000000000000000000, -1.000000000000000000 ) ) ;
#528 = FACE_OUTER_BOUND ( 'NONE', #868, .T. ) ;
#529 = DIRECTION ( 'NONE',  ( 0.0000000000000000000, 0.0000000000000000000, 1.000000000000000000 ) ) ;
#530 = DIRECTION ( 'NONE',  ( -1.000000000000000000, 0.0000000000000000000, 0.0000000000000000000 ) ) ;
#531 = ORIENTED_EDGE ( 'NONE', *, *, #29, .F. ) ;
#532 = LINE ( 'NONE', #2499, #1207 ) ;
#533 = LINE ( 'NONE', #1171, #2785 ) ;
#534 = ORIENTED_EDGE ( 'NONE', *, *, #1098, .T. ) ;
#535 = CARTESIAN_POINT ( 'NONE',  ( -0.4500000000000000666, 0.4910598222674527613, 0.7760472859740796814 ) ) ;
#536 = DIRECTION ( 'NONE',  ( 0.0000000000000000000, -0.0000000000000000000, 1.000000000000000000 ) ) ;
#537 =( LENGTH_UNIT ( ) NAMED_UNIT ( * ) SI_UNIT ( .MILLI., .METRE. ) );
#538 = FACE_OUTER_BOUND ( 'NONE', #365, .T. ) ;
#539 = ORIENTED_EDGE ( 'NONE', *, *, #1535, .T. ) ;
#540 = EDGE_CURVE ( 'NONE', #1172, #1830, #526, .T. ) ;
#541 = APPLICATION_CONTEXT ( 'automotive_design' ) ;
#542 = PLANE ( 'NONE',  #870 ) ;
#543 = B_SPLINE_CURVE_WITH_KNOTS ( 'NONE', 3,
 ( #2037, #1193, #2060, #1594 ),
 .UNSPECIFIED., .F., .F.,
 ( 4, 4 ),
 ( 0.0000000000000000000, 1.000000000000000000 ),
 .UNSPECIFIED. ) ;
#544 = CARTESIAN_POINT ( 'NONE',  ( 0.09998112317130999904, 0.1727607361959999921, 0.0000000000000000000 ) ) ;
#545 = VERTEX_POINT ( 'NONE', #1622 ) ;
#546 = PRODUCT_DEFINITION_SHAPE ( 'NONE', 'NONE',  #2857 ) ;
#547 = CARTESIAN_POINT ( 'NONE',  ( 0.04630486078339000194, 0.1196035865970000028, 0.0000000000000000000 ) ) ;
#548 = ORIENTED_EDGE ( 'NONE', *, *, #2757, .F. ) ;
#549 = DIRECTION ( 'NONE',  ( 0.0000000000000000000, 0.0000000000000000000, 1.000000000000000000 ) ) ;
#550 = DIRECTION ( 'NONE',  ( -0.0000000000000000000, 1.000000000000000000, 0.0000000000000000000 ) ) ;
#551 = EDGE_CURVE ( 'NONE', #2746, #2191, #730, .T. ) ;
#552 = CARTESIAN_POINT ( 'NONE',  ( 0.03685700802264998271, 0.1036149126950000054, 0.0000000000000000000 ) ) ;
#553 = VERTEX_POINT ( 'NONE', #2521 ) ;
#554 = MECHANICAL_DESIGN_GEOMETRIC_PRESENTATION_REPRESENTATION (  '', ( #1011 ), #2555 ) ;
#555 = LINE ( 'NONE', #1681, #2456 ) ;
#556 =( NAMED_UNIT ( * ) PLANE_ANGLE_UNIT ( ) SI_UNIT ( $, .RADIAN. ) );
#557 = FACE_OUTER_BOUND ( 'NONE', #1940, .T. ) ;
#558 = STYLED_ITEM ( 'NONE', ( #1325 ), #695 ) ;
#559 = ORIENTED_EDGE ( 'NONE', *, *, #2706, .T. ) ;
#560 = AXIS2_PLACEMENT_3D ( 'NONE', #561, #1442, #1256 ) ;
#561 = CARTESIAN_POINT ( 'NONE',  ( -0.1675000000000000100, 0.8499999999999999778, 0.0000000000000000000 ) ) ;
#562 = CARTESIAN_POINT ( 'NONE',  ( 0.03706465313827000951, 0.09686644643700000057, 0.0000000000000000000 ) ) ;
#563 =( GEOMETRIC_REPRESENTATION_CONTEXT ( 3 ) GLOBAL_UNCERTAINTY_ASSIGNED_CONTEXT ( ( #456 ) ) GLOBAL_UNIT_ASSIGNED_CONTEXT ( ( #1053, #2822, #2616 ) ) REPRESENTATION_CONTEXT ( 'NONE', 'WORKASPACE' ) );
#564 = VECTOR ( 'NONE', #1092, 1000.000000000000000 ) ;
#565 = VERTEX_POINT ( 'NONE', #2180 ) ;
#566 = DIRECTION ( 'NONE',  ( 0.0000000000000000000, 0.0000000000000000000, -1.000000000000000000 ) ) ;
#567 = FACE_OUTER_BOUND ( 'NONE', #1687, .T. ) ;
#568 =( GEOMETRIC_REPRESENTATION_CONTEXT ( 3 ) GLOBAL_UNCERTAINTY_ASSIGNED_CONTEXT ( ( #659 ) ) GLOBAL_UNIT_ASSIGNED_CONTEXT ( ( #2701, #310, #2204 ) ) REPRESENTATION_CONTEXT ( 'NONE', 'WORKASPACE' ) );
#569 = PLANE ( 'NONE',  #2099 ) ;
#570 = ORIENTED_EDGE ( 'NONE', *, *, #1452, .F. ) ;
#571 = CARTESIAN_POINT ( 'NONE',  ( 0.03685700802264998271, 0.08253893345917999447, 0.0000000000000000000 ) ) ;
#572 = EDGE_CURVE ( 'NONE', #574, #1285, #2600, .T. ) ;
#573 = ORIENTED_EDGE ( 'NONE', *, *, #1704, .T. ) ;
#574 = VERTEX_POINT ( 'NONE', #1272 ) ;
#575 = DIRECTION ( 'NONE',  ( -1.000000000000000000, 1.110223024625000001E-16, -1.232595164408000087E-32 ) ) ;
#576 = ADVANCED_FACE ( 'NONE', ( #1918 ), #1971, .F. ) ;
#577 = VERTEX_POINT ( 'NONE', #579 ) ;
#578 = PLANE ( 'NONE',  #278 ) ;
#579 = CARTESIAN_POINT ( 'NONE',  ( 0.1469089193019999795, 0.07973572439829999803, 0.0000000000000000000 ) ) ;
#580 = SURFACE_SIDE_STYLE ('',( #1273 ) ) ;
#581 = ORIENTED_EDGE ( 'NONE', *, *, #1987, .T. ) ;
#582 = PLANE ( 'NONE',  #1952 ) ;
#583 = ORIENTED_EDGE ( 'NONE', *, *, #1097, .F. ) ;
#584 = EDGE_CURVE ( 'NONE', #1686, #618, #2382, .T. ) ;
#585 = VERTEX_POINT ( 'NONE', #635 ) ;
#586 = FILL_AREA_STYLE ('',( #2595 ) ) ;
#587 = FILL_AREA_STYLE_COLOUR ( '', #1388 ) ;
#588 = VERTEX_POINT ( 'NONE', #397 ) ;
#589 = FILL_AREA_STYLE_COLOUR ( '', #972 ) ;
#590 = EDGE_CURVE ( 'NONE', #1678, #13, #1747, .T. ) ;
#591 = EDGE_CURVE ( 'NONE', #1318, #1194, #407, .T. ) ;
#592 = CARTESIAN_POINT ( 'NONE',  ( 0.1555261916000000022, 0.1037187352519999967, 0.0000000000000000000 ) ) ;
#593 = CARTESIAN_POINT ( 'NONE',  ( -0.4500000000000001221, 0.8499999999999999778, 0.02000000000000000042 ) ) ;
#594 = DIRECTION ( 'NONE',  ( 1.000000000000000000, 0.0000000000000000000, 0.0000000000000000000 ) ) ;
#595 = APPLICATION_CONTEXT ( 'automotive_design' ) ;
#596 = CARTESIAN_POINT ( 'NONE',  ( -0.4000000000000000222, -0.8499999999999999778, 0.0000000000000000000 ) ) ;
#597 = SHAPE_DEFINITION_REPRESENTATION ( #2753, #315 ) ;
#598 = SURFACE_SIDE_STYLE ('',( #2593 ) ) ;
#599 = ORIENTED_EDGE ( 'NONE', *, *, #784, .T. ) ;
#600 = VECTOR ( 'NONE', #847, 1000.000000000000000 ) ;
#601 = LINE ( 'NONE', #2817, #603 ) ;
#602 = EDGE_CURVE ( 'NONE', #2317, #1255, #383, .T. ) ;
#603 = VECTOR ( 'NONE', #2193, 1000.000000000000000 ) ;
#604 = PRESENTATION_LAYER_ASSIGNMENT (  '', '', ( #1060 ) ) ;
#605 = VERTEX_POINT ( 'NONE', #1499 ) ;
#606 = DIRECTION ( 'NONE',  ( 0.0000000000000000000, -1.000000000000000000, -0.0000000000000000000 ) ) ;
#607 = VECTOR ( 'NONE', #2140, 1000.000000000000000 ) ;
#608 = VECTOR ( 'NONE', #429, 1000.000000000000000 ) ;
#609 = ADVANCED_BREP_SHAPE_REPRESENTATION ( '', ( #498, #242 ), #339 ) ;
#610 = ADVANCED_FACE ( 'NONE', ( #2591 ), #293, .F. ) ;
#611 = COLOUR_RGB ( '',0.7921568627450980005, 0.8196078431372548767, 0.9333333333333333481 ) ;
#612 = CIRCLE ( 'NONE', #2051, 0.1800208333330000077 ) ;
#613 = CARTESIAN_POINT ( 'NONE',  ( 0.1555261916000000022, 0.1037187352519999967, 0.0000000000000000000 ) ) ;
#614 = SHAPE_REPRESENTATION ( 'User_Library-LTST-C190GKT_Pad004', ( #242 ), #339 ) ;
#615 = CARTESIAN_POINT ( 'NONE',  ( 4.332643132977999668E-25, -0.8802008928569999835, 0.3100000023839999952 ) ) ;
#616 = APPLICATION_PROTOCOL_DEFINITION ( 'draft international standard', 'automotive_design', 1998, #2087 ) ;
#617 = CARTESIAN_POINT ( 'NONE',  ( -2.588959504250000362E-17, -0.8770833333330000370, 0.02000000000000000042 ) ) ;
#618 = VERTEX_POINT ( 'NONE', #2367 ) ;
#619 = APPLICATION_CONTEXT ( 'automotive_design' ) ;
#620 = ORIENTED_EDGE ( 'NONE', *, *, #1212, .T. ) ;
#621 = LINE ( 'NONE', #1240, #2370 ) ;
#622 = SURFACE_STYLE_FILL_AREA ( #2392 ) ;
#623 = ORIENTED_EDGE ( 'NONE', *, *, #1960, .F. ) ;
#624 = SHAPE_REPRESENTATION_RELATIONSHIP ( 'NONE' , 'NONE' ,  #2810, #168 ) ;
#625 = CARTESIAN_POINT ( 'NONE',  ( 0.1062144392007668831, 0.04130929652351658654, 0.0000000000000000000 ) ) ;
#626 = FACE_OUTER_BOUND ( 'NONE', #2134, .T. ) ;
#627 = CARTESIAN_POINT ( 'NONE',  ( 0.1594714487970000094, 0.08907975460122999345, 0.0000000000000000000 ) ) ;
#628 = SHAPE_DEFINITION_REPRESENTATION ( #2264, #614 ) ;
#629 = ADVANCED_FACE ( 'NONE', ( #2202 ), #1297, .F. ) ;
#630 = VERTEX_POINT ( 'NONE', #1052 ) ;
#631 = ORIENTED_EDGE ( 'NONE', *, *, #1205, .T. ) ;
#632 = ORIENTED_EDGE ( 'NONE', *, *, #2384, .F. ) ;
#633 = LINE ( 'NONE', #1969, #1799 ) ;
#634 = UNCERTAINTY_MEASURE_WITH_UNIT (LENGTH_MEASURE( 1.000000000000000082E-05 ), #1628, 'distance_accuracy_value', 'NONE');
#635 = CARTESIAN_POINT ( 'NONE',  ( 0.03706465313827000951, 0.1156583294010000013, 0.0000000000000000000 ) ) ;
#636 = EDGE_CURVE ( 'NONE', #577, #1266, #1944, .T. ) ;
#637 = VERTEX_POINT ( 'NONE', #1694 ) ;
#638 = ADVANCED_FACE ( 'NONE', ( #192 ), #362, .F. ) ;
#639 =( NAMED_UNIT ( * ) SI_UNIT ( $, .STERADIAN. ) SOLID_ANGLE_UNIT ( ) );
#640 = SURFACE_STYLE_FILL_AREA ( #1979 ) ;
#641 = OPEN_SHELL ( 'NONE', ( #904 ) ) ;
#642 = VERTEX_POINT ( 'NONE', #593 ) ;
#643 = SURFACE_STYLE_USAGE ( .BOTH. , #1136 ) ;
#644 = DIRECTION ( 'NONE',  ( 0.0000000000000000000, -1.000000000000000000, 0.0000000000000000000 ) ) ;
#645 = DIRECTION ( 'NONE',  ( 0.0000000000000000000, 0.0000000000000000000, -1.000000000000000000 ) ) ;
#646 = AXIS2_PLACEMENT_3D ( 'NONE', #1383, #549, #2282 ) ;
#647 = LINE ( 'NONE', #1309, #460 ) ;
#648 = AXIS2_PLACEMENT_3D ( 'NONE', #1046, #575, #1035 ) ;
#649 = AXIS2_PLACEMENT_3D ( 'NONE', #2676, #2260, #448 ) ;
#650 = VECTOR ( 'NONE', #2804, 1000.000000000000000 ) ;
#651 = VERTEX_POINT ( 'NONE', #838 ) ;
#652 = FILL_AREA_STYLE_COLOUR ( '', #369 ) ;
#653 = FACE_OUTER_BOUND ( 'NONE', #1868, .T. ) ;
#654 = PRODUCT_CONTEXT ( 'NONE', #1357, 'mechanical' ) ;
#655 = MECHANICAL_DESIGN_GEOMETRIC_PRESENTATION_REPRESENTATION (  '', ( #387 ), #2523 ) ;
#656 = ORIENTED_EDGE ( 'NONE', *, *, #2189, .T. ) ;
#657 = CARTESIAN_POINT ( 'NONE',  ( 0.3999999999999999667, 0.8499999999999999778, 0.01999999955297000059 ) ) ;
#658 = CARTESIAN_POINT ( 'NONE',  ( -0.1749999999999999889, 0.8499999999999999778, 0.2999999999999999889 ) ) ;
#659 = UNCERTAINTY_MEASURE_WITH_UNIT (LENGTH_MEASURE( 1.000000000000000082E-05 ), #2701, 'distance_accuracy_value', 'NONE');
#660 = ORIENTED_EDGE ( 'NONE', *, *, #1063, .T. ) ;
#661 = DIRECTION ( 'NONE',  ( -1.000000000000000000, 0.0000000000000000000, 0.0000000000000000000 ) ) ;
#662 = LINE ( 'NONE', #5, #872 ) ;
#663 = EDGE_CURVE ( 'NONE', #1820, #1735, #861, .T. ) ;
#664 = DIRECTION ( 'NONE',  ( 1.927886441168717219E-17, 0.9848076832758555499, -0.1736485731609745398 ) ) ;
#665 = ORIENTED_EDGE ( 'NONE', *, *, #2160, .F. ) ;
#666 = PLANE ( 'NONE',  #1332 ) ;
#667 = CARTESIAN_POINT ( 'NONE',  ( 0.4000000000000000222, -0.8499999999999999778, 0.0000000000000000000 ) ) ;
#668 = EDGE_LOOP ( 'NONE', ( #1916, #1533, #1950, #2633 ) ) ;
#669 = ORIENTED_EDGE ( 'NONE', *, *, #2054, .F. ) ;
#670 = ADVANCED_FACE ( 'NONE', ( #626 ), #1959, .F. ) ;
#671 = CARTESIAN_POINT ( 'NONE',  ( 0.09022180273714001941, 0.04370929683813000455, 0.0000000000000000000 ) ) ;
#672 = LINE ( 'NONE', #455, #327 ) ;
#673 = CARTESIAN_POINT ( 'NONE',  ( -0.4500000000000000666, -0.5749999999999999556, 0.2999999999999999889 ) ) ;
#674 = PRODUCT_DEFINITION ( 'UNKNOWN', '', #1676, #1702 ) ;
#675 = SURFACE_STYLE_USAGE ( .BOTH. , #2673 ) ;
#676 = EDGE_CURVE ( 'NONE', #1433, #222, #1111, .T. ) ;
#677 =( NAMED_UNIT ( * ) PLANE_ANGLE_UNIT ( ) SI_UNIT ( $, .RADIAN. ) );
#678 = DIRECTION ( 'NONE',  ( 1.224646000000000070E-16, 1.000000000000000000, 0.0000000000000000000 ) ) ;
#679 = CARTESIAN_POINT ( 'NONE',  ( -0.4500000000000000666, 0.8499999999999999778, 0.2999999999999999889 ) ) ;
#680 = ORIENTED_EDGE ( 'NONE', *, *, #851, .T. ) ;
#681 = CARTESIAN_POINT ( 'NONE',  ( 0.4000000000000000222, -0.8499999999999999778, 0.01999999955297000059 ) ) ;
#682 = APPLICATION_CONTEXT ( 'automotive_design' ) ;
#683 = DIRECTION ( 'NONE',  ( 0.0000000000000000000, 0.0000000000000000000, -1.000000000000000000 ) ) ;
#684 =( NAMED_UNIT ( * ) PLANE_ANGLE_UNIT ( ) SI_UNIT ( $, .RADIAN. ) );
#685 = ORIENTED_EDGE ( 'NONE', *, *, #990, .T. ) ;
#686 = DIRECTION ( 'NONE',  ( 0.0000000000000000000, 0.0000000000000000000, 1.000000000000000000 ) ) ;
#687 = PLANE ( 'NONE',  #1254 ) ;
#688 = PLANE ( 'NONE',  #1431 ) ;
#689 = EDGE_CURVE ( 'NONE', #410, #630, #918, .T. ) ;
#690 = UNCERTAINTY_MEASURE_WITH_UNIT (LENGTH_MEASURE( 1.000000000000000082E-05 ), #1174, 'distance_accuracy_value', 'NONE');
#691 =( NAMED_UNIT ( * ) SI_UNIT ( $, .STERADIAN. ) SOLID_ANGLE_UNIT ( ) );
#692 = DIRECTION ( 'NONE',  ( 0.0000000000000000000, 0.0000000000000000000, -1.000000000000000000 ) ) ;
#693 = VECTOR ( 'NONE', #489, 1000.000000000000000 ) ;
#694 = VECTOR ( 'NONE', #860, 1000.000000000000000 ) ;
#695 = ADVANCED_FACE ( 'NONE', ( #906 ), #1543, .T. ) ;
#696 = PRESENTATION_LAYER_ASSIGNMENT (  '', '', ( #331 ) ) ;
#697 = VECTOR ( 'NONE', #2526, 1000.000000000000000 ) ;
#698 = CARTESIAN_POINT ( 'NONE',  ( 0.4000000000000000222, 0.4500000000000000666, 0.0000000000000000000 ) ) ;
#699 = CARTESIAN_POINT ( 'NONE',  ( 0.1675000000000000100, 0.8499999999999999778, 0.3100000023839999952 ) ) ;
#700 = CONTEXT_DEPENDENT_SHAPE_REPRESENTATION ( #166, #47 ) ;
#701 =( GEOMETRIC_REPRESENTATION_CONTEXT ( 3 ) GLOBAL_UNCERTAINTY_ASSIGNED_CONTEXT ( ( #1183 ) ) GLOBAL_UNIT_ASSIGNED_CONTEXT ( ( #1233, #1919, #1695 ) ) REPRESENTATION_CONTEXT ( 'NONE', 'WORKASPACE' ) );
#702 = VECTOR ( 'NONE', #1141, 1000.000000000000000 ) ;
#703 = VERTEX_POINT ( 'NONE', #442 ) ;
#704 = STYLED_ITEM ( 'NONE', ( #1555 ), #609 ) ;
#705 = CARTESIAN_POINT ( 'NONE',  ( 0.4500000000000000666, 0.5749999999999999556, 0.2999999999999999889 ) ) ;
#706 = FILL_AREA_STYLE_COLOUR ( '', #1996 ) ;
#707 = AXIS2_PLACEMENT_3D ( 'NONE', #1235, #2300, #2103 ) ;
#708 = ORIENTED_EDGE ( 'NONE', *, *, #1740, .T. ) ;
#709 = PRODUCT_DEFINITION_FORMATION_WITH_SPECIFIED_SOURCE ( 'ANY', '', #2707, .NOT_KNOWN. ) ;
#710 = CARTESIAN_POINT ( 'NONE',  ( 0.1129589428980000004, 0.05315714959887001684, 0.0000000000000000000 ) ) ;
#711 = CARTESIAN_POINT ( 'NONE',  ( 0.08638036809815999306, 0.05315714959887001684, 0.0000000000000000000 ) ) ;
#712 = CARTESIAN_POINT ( 'NONE',  ( 0.4499999761580000257, 0.5749999999999999556, 0.3000000000000000999 ) ) ;
#713 = CARTESIAN_POINT ( 'NONE',  ( -0.4500000000000000666, -0.5749999999999999556, 0.2999999999999999889 ) ) ;
#714 = ORIENTED_EDGE ( 'NONE', *, *, #1804, .T. ) ;
#715 = EDGE_CURVE ( 'NONE', #2263, #1997, #72, .T. ) ;
#716 = CARTESIAN_POINT ( 'NONE',  ( 0.4499999761579999702, 0.3433386697759999717, 0.9000000000000000222 ) ) ;
#717 = ORIENTED_EDGE ( 'NONE', *, *, #430, .T. ) ;
#718 = LINE ( 'NONE', #732, #420 ) ;
#719 = ORIENTED_EDGE ( 'NONE', *, *, #480, .F. ) ;
#720 = FACE_OUTER_BOUND ( 'NONE', #2806, .T. ) ;
#721 = DIRECTION ( 'NONE',  ( 0.0000000000000000000, 0.1736485731609745398, 0.9848076832758555499 ) ) ;
#722 = CARTESIAN_POINT ( 'NONE',  ( -0.4000000000000000222, 0.4500000000000000666, 0.01999999955297000059 ) ) ;
#723 = CARTESIAN_POINT ( 'NONE',  ( 0.0000000000000000000, 0.8770833333330000370, 0.0000000000000000000 ) ) ;
#724 = EDGE_CURVE ( 'NONE', #585, #62, #1384, .T. ) ;
#725 = PRODUCT ( 'User_Library-LTST-C190GKT_Pad', 'User_Library-LTST-C190GKT_Pad', '', ( #841 ) ) ;
#726 = ORIENTED_EDGE ( 'NONE', *, *, #162, .F. ) ;
#727 = CARTESIAN_POINT ( 'NONE',  ( 0.1749999999998571310, -0.8499999999999999778, 0.2999999999999999889 ) ) ;
#728 = CARTESIAN_POINT ( 'NONE',  ( -0.4500000000000001221, 0.8499999999999999778, 0.3000000011919999876 ) ) ;
#729 = PRODUCT_RELATED_PRODUCT_CATEGORY ( 'part', '', ( #312 ) ) ;
#730 = B_SPLINE_CURVE_WITH_KNOTS ( 'NONE', 3,
 ( #1201, #116, #1038, #613 ),
 .UNSPECIFIED., .F., .F.,
 ( 4, 4 ),
 ( 0.0000000000000000000, 1.000000000000000000 ),
 .UNSPECIFIED. ) ;
#731 = EDGE_CURVE ( 'NONE', #2768, #2584, #2742, .T. ) ;
#732 = CARTESIAN_POINT ( 'NONE',  ( -0.1749999999999999889, 0.8499999999999999778, 0.01999999955297000059 ) ) ;
#733 = VERTEX_POINT ( 'NONE', #1342 ) ;
#734 = DIRECTION ( 'NONE',  ( 1.000000000000000000, -1.898597379746298024E-17, 3.347747297253367144E-18 ) ) ;
#735 = DIRECTION ( 'NONE',  ( -0.0000000000000000000, 0.0000000000000000000, 1.000000000000000000 ) ) ;
#736 = AXIS2_PLACEMENT_3D ( 'NONE', #2466, #2255, #2415 ) ;
#737 = VECTOR ( 'NONE', #180, 1000.000000000000000 ) ;
#738 = AXIS2_PLACEMENT_3D ( 'NONE', #2569, #1220, #2326 ) ;
#739 = CARTESIAN_POINT ( 'NONE',  ( -0.1749999999999999889, -0.8499999999999999778, 0.01999999955297000059 ) ) ;
#740 = AXIS2_PLACEMENT_3D ( 'NONE', #975, #1844, #2769 ) ;
#741 = DIRECTION ( 'NONE',  ( -1.000000000000000000, 1.110223024625000001E-16, -1.232595164408000087E-32 ) ) ;
#742 = VECTOR ( 'NONE', #1125, 1000.000000000000000 ) ;
#743 = ORIENTED_EDGE ( 'NONE', *, *, #188, .F. ) ;
#744 = CARTESIAN_POINT ( 'NONE',  ( 1.077934498301000118E-16, 0.8802008928569999835, 0.0000000000000000000 ) ) ;
#745 = UNCERTAINTY_MEASURE_WITH_UNIT (LENGTH_MEASURE( 1.000000000000000082E-05 ), #1311, 'distance_accuracy_value', 'NONE');
#746 = EDGE_LOOP ( 'NONE', ( #1863, #2176, #225, #1354 ) ) ;
#747 = PRESENTATION_LAYER_ASSIGNMENT (  '', '', ( #2704 ) ) ;
#748 = LINE ( 'NONE', #995, #374 ) ;
#749 = EDGE_CURVE ( 'NONE', #1083, #2345, #647, .T. ) ;
#750 = DIRECTION ( 'NONE',  ( -0.0000000000000000000, -0.0000000000000000000, -1.000000000000000000 ) ) ;
#751 = PRODUCT ( 'User_Library-LTST-C190GKT_Pad007', 'User_Library-LTST-C190GKT_Pad007', '', ( #2592 ) ) ;
#752 = FILL_AREA_STYLE_COLOUR ( '', #2598 ) ;
#753 = DIRECTION ( 'NONE',  ( -0.0000000000000000000, -0.0000000000000000000, -1.000000000000000000 ) ) ;
#754 = ORIENTED_EDGE ( 'NONE', *, *, #2337, .F. ) ;
#755 = DIRECTION ( 'NONE',  ( -1.000000000000000000, 0.0000000000000000000, -0.0000000000000000000 ) ) ;
#756 = SHAPE_REPRESENTATION_RELATIONSHIP ( 'NONE' , 'NONE' ,  #12, #2070 ) ;
#757 = LINE ( 'NONE', #2695, #2699 ) ;
#758 = CARTESIAN_POINT ( 'NONE',  ( -0.4000000000000000222, -0.8499999999999999778, 0.0000000000000000000 ) ) ;
#759 = ORIENTED_EDGE ( 'NONE', *, *, #2174, .F. ) ;
#760 = PLANE ( 'NONE',  #2141 ) ;
#761 = EDGE_LOOP ( 'NONE', ( #1579, #1408, #1287, #1817, #1661, #1680 ) ) ;
#762 = CARTESIAN_POINT ( 'NONE',  ( -0.4500000000000000666, 0.3433386697760000272, 0.9000000000000000222 ) ) ;
#763 = FILL_AREA_STYLE_COLOUR ( '', #1167 ) ;
#764 = LINE ( 'NONE', #777, #2235 ) ;
#765 = PRODUCT_DEFINITION ( 'UNKNOWN', '', #1299, #1677 ) ;
#766 = EDGE_CURVE ( 'NONE', #486, #1715, #2006, .T. ) ;
#767 = SURFACE_SIDE_STYLE ('',( #2568 ) ) ;
#768 = FACE_OUTER_BOUND ( 'NONE', #1402, .T. ) ;
#769 = VERTEX_POINT ( 'NONE', #2422 ) ;
#770 = CARTESIAN_POINT ( 'NONE',  ( 0.2000000000000000111, 0.5999999999999999778, 0.3200000000000000067 ) ) ;
#771 =( NAMED_UNIT ( * ) SI_UNIT ( $, .STERADIAN. ) SOLID_ANGLE_UNIT ( ) );
#772 = ORIENTED_EDGE ( 'NONE', *, *, #2253, .F. ) ;
#773 = PRODUCT_DEFINITION_SHAPE ( 'NONE', 'NONE',  #2853 ) ;
#774 = CARTESIAN_POINT ( 'NONE',  ( 0.4499999761580000257, 0.5749999999999999556, 0.2999999999999999889 ) ) ;
#775 = VERTEX_POINT ( 'NONE', #30 ) ;
#776 = DIRECTION ( 'NONE',  ( 1.000000000000000000, -0.0000000000000000000, 0.0000000000000000000 ) ) ;
#777 = CARTESIAN_POINT ( 'NONE',  ( -0.4500000000000000666, 0.5749999999999999556, 0.2999999999999999889 ) ) ;
#778 =( NAMED_UNIT ( * ) SI_UNIT ( $, .STERADIAN. ) SOLID_ANGLE_UNIT ( ) );
#779 = CARTESIAN_POINT ( 'NONE',  ( 1.077713993458000113E-16, 0.8800208333329999633, 0.3100000023839999952 ) ) ;
#780 = EDGE_LOOP ( 'NONE', ( #862, #665, #2061, #1847 ) ) ;
#781 = AXIS2_PLACEMENT_3D ( 'NONE', #75, #2720, #262 ) ;
#782 = DIRECTION ( 'NONE',  ( 1.000000000000000000, 0.0000000000000000000, 0.0000000000000000000 ) ) ;
#783 = CARTESIAN_POINT ( 'NONE',  ( -0.4500000000000000666, -0.5749999999999999556, 0.2999999999999999889 ) ) ;
#784 = EDGE_CURVE ( 'NONE', #2393, #2012, #892, .T. ) ;
#785 = VECTOR ( 'NONE', #2558, 1000.000000000000000 ) ;
#786 = AXIS2_PLACEMENT_3D ( 'NONE', #1509, #2406, #260 ) ;
#787 = VERTEX_POINT ( 'NONE', #1570 ) ;
#788 = COLOUR_RGB ( '',1.000000000000000000, 0.8392156862745098200, 0.0000000000000000000 ) ;
#789 = ORIENTED_EDGE ( 'NONE', *, *, #1973, .T. ) ;
#790 = SURFACE_STYLE_USAGE ( .BOTH. , #2153 ) ;
#791 =( NAMED_UNIT ( * ) SI_UNIT ( $, .STERADIAN. ) SOLID_ANGLE_UNIT ( ) );
#792 = MECHANICAL_DESIGN_GEOMETRIC_PRESENTATION_REPRESENTATION (  '', ( #925 ), #1766 ) ;
#793 = ORIENTED_EDGE ( 'NONE', *, *, #2597, .T. ) ;
#794 = CARTESIAN_POINT ( 'NONE',  ( 0.09946201038226000490, 0.03986786219914999901, 0.0000000000000000000 ) ) ;
#795 = DIRECTION ( 'NONE',  ( -1.000000000000000000, -0.0000000000000000000, -1.110223024625000001E-16 ) ) ;
#796 = CARTESIAN_POINT ( 'NONE',  ( -0.4500000000000001221, 0.8499999999999999778, 0.3099999997760000126 ) ) ;
#797 = SURFACE_SIDE_STYLE ('',( #1009 ) ) ;
#798 = ORIENTED_EDGE ( 'NONE', *, *, #1329, .T. ) ;
#799 = EDGE_CURVE ( 'NONE', #446, #2163, #2473, .T. ) ;
#800 = DIRECTION ( 'NONE',  ( 0.0000000000000000000, 0.0000000000000000000, 1.000000000000000000 ) ) ;
#801 = APPLICATION_CONTEXT ( 'automotive_design' ) ;
#802 = LINE ( 'NONE', #783, #467 ) ;
#804 = EDGE_CURVE ( 'NONE', #2088, #2398, #1109, .T. ) ;
#803 = ORIENTED_EDGE ( 'NONE', *, *, #1684, .F. ) ;
#805 = ORIENTED_EDGE ( 'NONE', *, *, #689, .T. ) ;
#806 = LINE ( 'NONE', #133, #108 ) ;
#807 = SURFACE_SIDE_STYLE ('',( #1257 ) ) ;
#808 = ORIENTED_EDGE ( 'NONE', *, *, #2014, .T. ) ;
#809 = FACE_OUTER_BOUND ( 'NONE', #1980, .T. ) ;
#810 = DIRECTION ( 'NONE',  ( 0.0000000000000000000, -0.0000000000000000000, 1.000000000000000000 ) ) ;
#811 = EDGE_CURVE ( 'NONE', #1915, #1547, #1807, .T. ) ;
#812 = FILL_AREA_STYLE_COLOUR ( '', #2151 ) ;
#813 = ORIENTED_EDGE ( 'NONE', *, *, #414, .T. ) ;
#814 = ORIENTED_EDGE ( 'NONE', *, *, #2554, .T. ) ;
#815 = FACE_OUTER_BOUND ( 'NONE', #2390, .T. ) ;
#816 = PRODUCT_RELATED_PRODUCT_CATEGORY ( 'part', '', ( #725 ) ) ;
#817 = ORIENTED_EDGE ( 'NONE', *, *, #799, .F. ) ;
#818 = SURFACE_STYLE_USAGE ( .BOTH. , #1941 ) ;
#819 = DIRECTION ( 'NONE',  ( 0.0000000000000000000, 0.0000000000000000000, 1.000000000000000000 ) ) ;
#820 = CARTESIAN_POINT ( 'NONE',  ( 0.03322321849928998316, 0.08907975460122999345, 0.0000000000000000000 ) ) ;
#821 = CARTESIAN_POINT ( 'NONE',  ( -0.1749999999997209621, -0.8500000000000430544, 0.2999999999999999889 ) ) ;
#822 = VECTOR ( 'NONE', #987, 1000.000000000000000 ) ;
#823 = CARTESIAN_POINT ( 'NONE',  ( 0.1774999999999999911, -0.8499999999999999778, 0.0000000000000000000 ) ) ;
#824 = ORIENTED_EDGE ( 'NONE', *, *, #1062, .F. ) ;
#826 = ORIENTED_EDGE ( 'NONE', *, *, #380, .T. ) ;
#825 = AXIS2_PLACEMENT_3D ( 'NONE', #2307, #2789, #320 ) ;
#827 =( NAMED_UNIT ( * ) PLANE_ANGLE_UNIT ( ) SI_UNIT ( $, .RADIAN. ) );
#828 = MECHANICAL_DESIGN_GEOMETRIC_PRESENTATION_REPRESENTATION (  '', ( #1060 ), #966 ) ;
#829 = FACE_OUTER_BOUND ( 'NONE', #1421, .T. ) ;
#830 = AXIS2_PLACEMENT_3D ( 'NONE', #1914, #1241, #2577 ) ;
#831 = VECTOR ( 'NONE', #2172, 1000.000000000000000 ) ;
#832 = PRODUCT_DEFINITION_CONTEXT ( 'detailed design', #2270, 'design' ) ;
#833 = FILL_AREA_STYLE ('',( #589 ) ) ;
#834 = LINE ( 'NONE', #1958, #600 ) ;
#835 = AXIS2_PLACEMENT_3D ( 'NONE', #1605, #1825, #2721 ) ;
#836 = STYLED_ITEM ( 'NONE', ( #1713 ), #1776 ) ;
#837 = MECHANICAL_DESIGN_GEOMETRIC_PRESENTATION_REPRESENTATION (  '', ( #1955 ), #201 ) ;
#838 = CARTESIAN_POINT ( 'NONE',  ( 0.4500000000000000666, -0.8499999999999999778, 0.3000000011919999876 ) ) ;
#839 = EDGE_CURVE ( 'NONE', #2484, #1194, #2339, .T. ) ;
#840 = CARTESIAN_POINT ( 'NONE',  ( 0.4000000000000000222, 0.4500000000000000666, 0.0000000000000000000 ) ) ;
#841 = PRODUCT_CONTEXT ( 'NONE', #682, 'mechanical' ) ;
#842 = ORIENTED_EDGE ( 'NONE', *, *, #2104, .T. ) ;
#843 = ORIENTED_EDGE ( 'NONE', *, *, #330, .T. ) ;
#844 = DIRECTION ( 'NONE',  ( -0.0000000000000000000, 0.0000000000000000000, -1.000000000000000000 ) ) ;
#845 = ADVANCED_BREP_SHAPE_REPRESENTATION ( '', ( #1483, #242 ), #1025 ) ;
#846 = ORIENTED_EDGE ( 'NONE', *, *, #839, .T. ) ;
#847 = DIRECTION ( 'NONE',  ( 0.0000000000000000000, 0.0000000000000000000, 1.000000000000000000 ) ) ;
#848 = EDGE_CURVE ( 'NONE', #1699, #486, #349, .T. ) ;
#849 = CARTESIAN_POINT ( 'NONE',  ( 0.08638036809815999306, 0.1196035865970000028, 0.0000000000000000000 ) ) ;
#850 =( NAMED_UNIT ( * ) PLANE_ANGLE_UNIT ( ) SI_UNIT ( $, .RADIAN. ) );
#851 = EDGE_CURVE ( 'NONE', #2079, #2106, #2041, .T. ) ;
#852 = PRODUCT_CONTEXT ( 'NONE', #1636, 'mechanical' ) ;
#853 = ORIENTED_EDGE ( 'NONE', *, *, #676, .T. ) ;
#854 = PRODUCT_DEFINITION_CONTEXT ( 'detailed design', #1933, 'design' ) ;
#855 = VERTEX_POINT ( 'NONE', #2294 ) ;
#856 = SURFACE_SIDE_STYLE ('',( #888 ) ) ;
#857 = CARTESIAN_POINT ( 'NONE',  ( 0.1089098631429999964, 0.04370929683813000455, 0.0000000000000000000 ) ) ;
#858 = CARTESIAN_POINT ( 'NONE',  ( 0.4000000000000000222, 0.4500000000000000666, 0.0000000000000000000 ) ) ;
#859 = UNCERTAINTY_MEASURE_WITH_UNIT (LENGTH_MEASURE( 1.000000000000000082E-05 ), #2208, 'distance_accuracy_value', 'NONE');
#860 = DIRECTION ( 'NONE',  ( -0.0000000000000000000, -0.0000000000000000000, -1.000000000000000000 ) ) ;
#861 = B_SPLINE_CURVE_WITH_KNOTS ( 'NONE', 3,
 ( #820, #1727, #2615, #1708 ),
 .UNSPECIFIED., .F., .F.,
 ( 4, 4 ),
 ( 0.0000000000000000000, 1.000000000000000000 ),
 .UNSPECIFIED. ) ;
#862 = ORIENTED_EDGE ( 'NONE', *, *, #1076, .T. ) ;
#863 = DIRECTION ( 'NONE',  ( 1.000000000000000000, -0.0000000000000000000, 0.0000000000000000000 ) ) ;
#864 = LINE ( 'NONE', #2426, #2149 ) ;
#865 = SHAPE_DEFINITION_REPRESENTATION ( #2107, #398 ) ;
#866 = ORIENTED_EDGE ( 'NONE', *, *, #501, .T. ) ;
#867 = ADVANCED_FACE ( 'NONE', ( #1634 ), #2544, .T. ) ;
#868 = EDGE_LOOP ( 'NONE', ( #1994, #214, #2116, #1033 ) ) ;
#869 = CARTESIAN_POINT ( 'NONE',  ( 0.1749999999999999611, 0.8499999999999999778, 0.2999999999999999889 ) ) ;
#870 = AXIS2_PLACEMENT_3D ( 'NONE', #143, #2299, #1191 ) ;
#871 = ORIENTED_EDGE ( 'NONE', *, *, #1502, .T. ) ;
#872 = VECTOR ( 'NONE', #1803, 1000.000000000000000 ) ;
#873 =( NAMED_UNIT ( * ) PLANE_ANGLE_UNIT ( ) SI_UNIT ( $, .RADIAN. ) );
#874 = CARTESIAN_POINT ( 'NONE',  ( -0.4000000000000000222, 0.8499999999999999778, 0.01999999955297000059 ) ) ;
#875 = FACE_OUTER_BOUND ( 'NONE', #2035, .T. ) ;
#876 =( LENGTH_UNIT ( ) NAMED_UNIT ( * ) SI_UNIT ( .MILLI., .METRE. ) );
#877 = MECHANICAL_DESIGN_GEOMETRIC_PRESENTATION_REPRESENTATION (  '', ( #2603 ), #2693 ) ;
#878 = CIRCLE ( 'NONE', #1569, 0.1702008928569999913 ) ;
#879 = DIRECTION ( 'NONE',  ( 0.0000000000000000000, -0.0000000000000000000, -1.000000000000000000 ) ) ;
#880 = CIRCLE ( 'NONE', #738, 0.1770833333329999981 ) ;
#881 = VERTEX_POINT ( 'NONE', #982 ) ;
#882 = CARTESIAN_POINT ( 'NONE',  ( -9.574267937527000500E-18, -0.8770833333330000370, 0.2999999999999999889 ) ) ;
#883 = CARTESIAN_POINT ( 'NONE',  ( 0.4500000000000000111, 0.5749999999999999556, 0.3099999997760000126 ) ) ;
#884 = ORIENTED_EDGE ( 'NONE', *, *, #811, .F. ) ;
#885 = ORIENTED_EDGE ( 'NONE', *, *, #2629, .T. ) ;
#886 = ADVANCED_FACE ( 'NONE', ( #720 ), #1880, .F. ) ;
#887 = ORIENTED_EDGE ( 'NONE', *, *, #804, .T. ) ;
#888 = SURFACE_STYLE_FILL_AREA ( #1773 ) ;
#889 = CARTESIAN_POINT ( 'NONE',  ( -0.4500000000000001221, 0.8499999999999999778, 0.3099999997760000126 ) ) ;
#890 = CARTESIAN_POINT ( 'NONE',  ( -0.4000000000000000222, -0.4500000000000000666, 0.0000000000000000000 ) ) ;
#891 = UNCERTAINTY_MEASURE_WITH_UNIT (LENGTH_MEASURE( 1.000000000000000082E-05 ), #1366, 'distance_accuracy_value', 'NONE');
#892 = LINE ( 'NONE', #42, #2093 ) ;
#893 = FILL_AREA_STYLE ('',( #31 ) ) ;
#894 = FACE_OUTER_BOUND ( 'NONE', #2655, .T. ) ;
#895 = CARTESIAN_POINT ( 'NONE',  ( -0.1774999999999999911, 0.8499999999999999778, 0.0000000000000000000 ) ) ;
#896 = DIRECTION ( 'NONE',  ( 0.0000000000000000000, -0.0000000000000000000, -1.000000000000000000 ) ) ;
#897 = CONTEXT_DEPENDENT_SHAPE_REPRESENTATION ( #21, #1446 ) ;
#898 = EDGE_CURVE ( 'NONE', #2507, #2464, #1616, .T. ) ;
#899 = ORIENTED_EDGE ( 'NONE', *, *, #40, .T. ) ;
#900 = SURFACE_SIDE_STYLE ('',( #2013 ) ) ;
#901 = PRESENTATION_STYLE_ASSIGNMENT (( #1564 ) ) ;
#902 = EDGE_LOOP ( 'NONE', ( #789, #1314, #2463, #1104, #2562, #559 ) ) ;
#903 = LINE ( 'NONE', #2211, #154 ) ;
#904 = ADVANCED_FACE ( 'NONE', ( #2501 ), #503, .T. ) ;
#905 = LINE ( 'NONE', #2226, #2690 ) ;
#906 = FACE_OUTER_BOUND ( 'NONE', #902, .T. ) ;
#907 = PRODUCT_DEFINITION_SHAPE ( 'NONE', 'NONE',  #765 ) ;
#908 = LINE ( 'NONE', #1810, #2178 ) ;
#909 = CARTESIAN_POINT ( 'NONE',  ( 0.1594714487970000094, 0.08907975460122999345, 0.0000000000000000000 ) ) ;
#910 = ORIENTED_EDGE ( 'NONE', *, *, #1155, .T. ) ;
#911 = DIRECTION ( 'NONE',  ( 0.0000000000000000000, -0.0000000000000000000, 1.000000000000000000 ) ) ;
#912 = CARTESIAN_POINT ( 'NONE',  ( -0.4500000000000001221, -0.8499999999999999778, 0.3099999997760000126 ) ) ;
#913 = ORIENTED_EDGE ( 'NONE', *, *, #2213, .F. ) ;
#914 = CARTESIAN_POINT ( 'NONE',  ( 0.0000000000000000000, 0.0000000000000000000, 0.0000000000000000000 ) ) ;
#915 = DIRECTION ( 'NONE',  ( -1.000000000000000000, 0.0000000000000000000, 0.0000000000000000000 ) ) ;
#916 = VECTOR ( 'NONE', #923, 1000.000000000000000 ) ;
#917 = LINE ( 'NONE', #2029, #1336 ) ;
#918 = LINE ( 'NONE', #2257, #2786 ) ;
#919 = LINE ( 'NONE', #1789, #926 ) ;
#920 = AXIS2_PLACEMENT_3D ( 'NONE', #1931, #1459, #2168 ) ;
#921 = EDGE_CURVE ( 'NONE', #1580, #1010, #291, .T. ) ;
#922 = PRESENTATION_LAYER_ASSIGNMENT (  '', '', ( #64 ) ) ;
#923 = DIRECTION ( 'NONE',  ( 0.0000000000000000000, -0.0000000000000000000, -1.000000000000000000 ) ) ;
#924 = DIRECTION ( 'NONE',  ( 0.0000000000000000000, -0.0000000000000000000, -1.000000000000000000 ) ) ;
#925 = STYLED_ITEM ( 'NONE', ( #2353 ), #1080 ) ;
#926 = VECTOR ( 'NONE', #8, 1000.000000000000000 ) ;
#927 = ORIENTED_EDGE ( 'NONE', *, *, #1995, .T. ) ;
#928 = ORIENTED_EDGE ( 'NONE', *, *, #2632, .F. ) ;
#929 = CARTESIAN_POINT ( 'NONE',  ( 0.1621708353000000102, 0.1156583294010000013, 0.0000000000000000000 ) ) ;
#930 = FACE_OUTER_BOUND ( 'NONE', #1675, .T. ) ;
#931 = AXIS2_PLACEMENT_3D ( 'NONE', #2552, #800, #2312 ) ;
#932 = VERTEX_POINT ( 'NONE', #2772 ) ;
#933 = PRODUCT_DEFINITION_SHAPE ( 'NONE', 'NONE',  #2851 ) ;
#934 = CARTESIAN_POINT ( 'NONE',  ( 0.4500000000000000666, 0.5749999999999999556, 0.2999999999999999889 ) ) ;
#935 = ORIENTED_EDGE ( 'NONE', *, *, #1323, .T. ) ;
#936 = CARTESIAN_POINT ( 'NONE',  ( 0.03706465313827000951, 0.1156583294010000013, 0.0000000000000000000 ) ) ;
#937 = FILL_AREA_STYLE ('',( #2773 ) ) ;
#938 = EDGE_CURVE ( 'NONE', #2768, #2648, #2080, .T. ) ;
#939 = DIRECTION ( 'NONE',  ( -1.000000000000000000, -0.0000000000000000000, 0.0000000000000000000 ) ) ;
#940 = CARTESIAN_POINT ( 'NONE',  ( 0.1127979867866259339, 0.1634552760737559840, 0.0000000000000000000 ) ) ;
#941 = CARTESIAN_POINT ( 'NONE',  ( -0.1749999999997176314, 0.8500000000000215161, 0.01999999955297000059 ) ) ;
#942 = EDGE_CURVE ( 'NONE', #323, #2820, #2531, .T. ) ;
#943 = LINE ( 'NONE', #1042, #246 ) ;
#944 = CARTESIAN_POINT ( 'NONE',  ( -0.4500000000000001221, -0.8499999999999999778, 0.2999999999999999889 ) ) ;
#945 = ORIENTED_EDGE ( 'NONE', *, *, #2737, .F. ) ;
#946 = ORIENTED_EDGE ( 'NONE', *, *, #2089, .F. ) ;
#947 = DIRECTION ( 'NONE',  ( 1.000000000000000000, 0.0000000000000000000, 0.0000000000000000000 ) ) ;
#948 = SURFACE_STYLE_USAGE ( .BOTH. , #82 ) ;
#949 = DIRECTION ( 'NONE',  ( 0.0000000000000000000, 1.000000000000000000, -0.0000000000000000000 ) ) ;
#950 = B_SPLINE_CURVE_WITH_KNOTS ( 'NONE', 3,
 ( #134, #1878, #123, #562 ),
 .UNSPECIFIED., .F., .F.,
 ( 4, 4 ),
 ( 0.0000000000000000000, 1.000000000000000000 ),
 .UNSPECIFIED. ) ;
#951 = CARTESIAN_POINT ( 'NONE',  ( -0.4500000000000000666, 0.3433386697760000272, 0.7500000000000000000 ) ) ;
#952 = DIRECTION ( 'NONE',  ( -1.000000000000000000, 0.0000000000000000000, 0.0000000000000000000 ) ) ;
#953 = DIRECTION ( 'NONE',  ( -0.0000000000000000000, 1.000000000000000000, 0.0000000000000000000 ) ) ;
#954 = DIRECTION ( 'NONE',  ( 1.000000000000000000, 0.0000000000000000000, 0.0000000000000000000 ) ) ;
#955 = FILL_AREA_STYLE ('',( #2540 ) ) ;
#956 = EDGE_CURVE ( 'NONE', #2584, #1172, #748, .T. ) ;
#957 = DIRECTION ( 'NONE',  ( -1.000000000000000000, -0.0000000000000000000, -0.0000000000000000000 ) ) ;
#958 = DIRECTION ( 'NONE',  ( -1.000000000000000000, 0.0000000000000000000, 0.0000000000000000000 ) ) ;
#959 = VERTEX_POINT ( 'NONE', #1411 ) ;
#960 = CLOSED_SHELL ( 'NONE', ( #294, #1910, #2587, #2827, #610, #1115, #2399, #487 ) ) ;
#961 = LINE ( 'NONE', #2306, #1668 ) ;
#962 = DIRECTION ( 'NONE',  ( 0.0000000000000000000, -1.000000000000000000, 0.0000000000000000000 ) ) ;
#963 = FACE_OUTER_BOUND ( 'NONE', #1654, .T. ) ;
#964 = CARTESIAN_POINT ( 'NONE',  ( 0.4500000000000000666, 0.5749999999999999556, 0.2999999999999999889 ) ) ;
#965 = VECTOR ( 'NONE', #1026, 1000.000000000000000 ) ;
#966 =( GEOMETRIC_REPRESENTATION_CONTEXT ( 3 ) GLOBAL_UNCERTAINTY_ASSIGNED_CONTEXT ( ( #1784 ) ) GLOBAL_UNIT_ASSIGNED_CONTEXT ( ( #537, #1176, #778 ) ) REPRESENTATION_CONTEXT ( 'NONE', 'WORKASPACE' ) );
#967 =( GEOMETRIC_REPRESENTATION_CONTEXT ( 3 ) GLOBAL_UNCERTAINTY_ASSIGNED_CONTEXT ( ( #2730 ) ) GLOBAL_UNIT_ASSIGNED_CONTEXT ( ( #1689, #1720, #791 ) ) REPRESENTATION_CONTEXT ( 'NONE', 'WORKASPACE' ) );
#968 = SURFACE_STYLE_USAGE ( .BOTH. , #51 ) ;
#969 = AXIS2_PLACEMENT_3D ( 'NONE', #2086, #741, #2276 ) ;
#970 = DIRECTION ( 'NONE',  ( 1.000000000000000000, 0.0000000000000000000, -0.0000000000000000000 ) ) ;
#971 = AXIS2_PLACEMENT_3D ( 'NONE', #1004, #2375, #358 ) ;
#972 = COLOUR_RGB ( '',0.7921568627450980005, 0.8196078431372548767, 0.9333333333333333481 ) ;
#973 = VECTOR ( 'NONE', #2192, 1000.000000000000000 ) ;
#974 = EDGE_LOOP ( 'NONE', ( #570, #2771, #793, #1889 ) ) ;
#975 = CARTESIAN_POINT ( 'NONE',  ( 1.077713993458000113E-16, 0.8800208333329999633, 0.0000000000000000000 ) ) ;
#976 = SURFACE_SIDE_STYLE ('',( #2091 ) ) ;
#977 = STYLED_ITEM ( 'NONE', ( #2581 ), #2070 ) ;
#978 = PRODUCT_DEFINITION ( 'UNKNOWN', '', #709, #980 ) ;
#979 = EDGE_CURVE ( 'NONE', #2079, #2430, #1848, .T. ) ;
#980 = PRODUCT_DEFINITION_CONTEXT ( 'detailed design', #801, 'design' ) ;
#981 = ORIENTED_EDGE ( 'NONE', *, *, #784, .F. ) ;
#982 = CARTESIAN_POINT ( 'NONE',  ( 0.1749999999998571310, -0.8499999999999999778, 0.0000000000000000000 ) ) ;
#983 = CARTESIAN_POINT ( 'NONE',  ( 0.08638036809815999306, 0.1196035865970000028, 0.0000000000000000000 ) ) ;
#984 = PRESENTATION_STYLE_ASSIGNMENT (( #2548 ) ) ;
#985 = PLANE ( 'NONE',  #1474 ) ;
#986 = VERTEX_POINT ( 'NONE', #94 ) ;
#987 = DIRECTION ( 'NONE',  ( -1.000000000000000000, -0.0000000000000000000, 0.0000000000000000000 ) ) ;
#988 = CARTESIAN_POINT ( 'NONE',  ( 0.0000000000000000000, 0.0000000000000000000, 0.0000000000000000000 ) ) ;
#989 =( LENGTH_UNIT ( ) NAMED_UNIT ( * ) SI_UNIT ( .MILLI., .METRE. ) );
#990 = EDGE_CURVE ( 'NONE', #446, #2012, #961, .T. ) ;
#991 = VERTEX_POINT ( 'NONE', #2747 ) ;
#992 = LINE ( 'NONE', #79, #381 ) ;
#993 = CARTESIAN_POINT ( 'NONE',  ( 0.1621708353000000102, 0.09686644643700000057, 0.0000000000000000000 ) ) ;
#994 = ORIENTED_EDGE ( 'NONE', *, *, #1557, .T. ) ;
#995 = CARTESIAN_POINT ( 'NONE',  ( -0.1749999999999999889, 0.8499999999999999778, 0.01999999955297000059 ) ) ;
#996 =( NAMED_UNIT ( * ) SI_UNIT ( $, .STERADIAN. ) SOLID_ANGLE_UNIT ( ) );
#997 = DIRECTION ( 'NONE',  ( 0.0000000000000000000, 0.0000000000000000000, 1.000000000000000000 ) ) ;
#998 = DIRECTION ( 'NONE',  ( -1.000000000000000000, 0.0000000000000000000, 0.0000000000000000000 ) ) ;
#999 = EDGE_CURVE ( 'NONE', #2651, #2484, #318, .T. ) ;
#1000 = CARTESIAN_POINT ( 'NONE',  ( -0.1749999999997176314, -0.8500000000000215161, 0.3099999997760000126 ) ) ;
#1001 = CARTESIAN_POINT ( 'NONE',  ( 0.0000000000000000000, 0.0000000000000000000, 0.0000000000000000000 ) ) ;
#1002 = FILL_AREA_STYLE ('',( #131 ) ) ;
#1003 = VERTEX_POINT ( 'NONE', #794 ) ;
#1004 = CARTESIAN_POINT ( 'NONE',  ( -0.4000000000000000222, 0.8499999999999999778, 0.0000000000000000000 ) ) ;
#1005 = FILL_AREA_STYLE ('',( #314 ) ) ;
#1006 = ORIENTED_EDGE ( 'NONE', *, *, #2528, .F. ) ;
#1007 = LINE ( 'NONE', #351, #2559 ) ;
#1008 = EDGE_CURVE ( 'NONE', #2788, #2815, #2841, .T. ) ;
#1009 = SURFACE_STYLE_FILL_AREA ( #399 ) ;
#1010 = VERTEX_POINT ( 'NONE', #2027 ) ;
#1011 = STYLED_ITEM ( 'NONE', ( #244 ), #20 ) ;
#1012 = ADVANCED_FACE ( 'NONE', ( #258 ), #2669, .F. ) ;
#1013 = DIRECTION ( 'NONE',  ( -0.0000000000000000000, -0.0000000000000000000, -1.000000000000000000 ) ) ;
#1014 = CARTESIAN_POINT ( 'NONE',  ( 0.0000000000000000000, 0.0000000000000000000, 0.0000000000000000000 ) ) ;
#1015 = CIRCLE ( 'NONE', #1947, 0.1702008928569999913 ) ;
#1016 = VECTOR ( 'NONE', #55, 1000.000000000000000 ) ;
#1017 = ORIENTED_EDGE ( 'NONE', *, *, #1498, .T. ) ;
#1018 = AXIS2_PLACEMENT_3D ( 'NONE', #1774, #2419, #661 ) ;
#1019 = ORIENTED_EDGE ( 'NONE', *, *, #2632, .T. ) ;
#1020 = DIRECTION ( 'NONE',  ( -1.000000000000000000, 1.224646000000000070E-16, 0.0000000000000000000 ) ) ;
#1021 = FILL_AREA_STYLE ('',( #1047 ) ) ;
#1022 = CIRCLE ( 'NONE', #1165, 0.1770833333329999981 ) ;
#1023 = VECTOR ( 'NONE', #2105, 1000.000000000000000 ) ;
#1024 = ORIENTED_EDGE ( 'NONE', *, *, #848, .T. ) ;
#1025 =( GEOMETRIC_REPRESENTATION_CONTEXT ( 3 ) GLOBAL_UNCERTAINTY_ASSIGNED_CONTEXT ( ( #2405 ) ) GLOBAL_UNIT_ASSIGNED_CONTEXT ( ( #1957, #2166, #1050 ) ) REPRESENTATION_CONTEXT ( 'NONE', 'WORKASPACE' ) );
#1026 = DIRECTION ( 'NONE',  ( -1.000000000000000000, -0.0000000000000000000, -0.0000000000000000000 ) ) ;
#1027 = DIRECTION ( 'NONE',  ( -1.000000000000000000, 0.0000000000000000000, 0.0000000000000000000 ) ) ;
#1028 = ORIENTED_EDGE ( 'NONE', *, *, #2474, .T. ) ;
#1029 = SURFACE_STYLE_USAGE ( .BOTH. , #199 ) ;
#1030 = APPLICATION_PROTOCOL_DEFINITION ( 'draft international standard', 'automotive_design', 1998, #2148 ) ;
#1031 = ADVANCED_FACE ( 'NONE', ( #1567 ), #1802, .T. ) ;
#1032 = DIRECTION ( 'NONE',  ( -1.000000000000000000, 0.0000000000000000000, 0.0000000000000000000 ) ) ;
#1033 = ORIENTED_EDGE ( 'NONE', *, *, #540, .F. ) ;
#1034 = ORIENTED_EDGE ( 'NONE', *, *, #602, .T. ) ;
#1035 = DIRECTION ( 'NONE',  ( 0.0000000000000000000, -1.000000000000000000, 0.0000000000000000000 ) ) ;
#1036 = ORIENTED_EDGE ( 'NONE', *, *, #2014, .F. ) ;
#1037 = CARTESIAN_POINT ( 'NONE',  ( -0.4000000000000000222, -0.8499999999999999778, 0.01999999955297000059 ) ) ;
#1038 = CARTESIAN_POINT ( 'NONE',  ( 0.1579185010013434420, 0.1020431405652117152, 0.0000000000000000000 ) ) ;
#1039 = SHAPE_REPRESENTATION_RELATIONSHIP ( 'NONE' , 'NONE' ,  #1588, #68 ) ;
#1040 = CARTESIAN_POINT ( 'NONE',  ( -0.4500000000000000666, 0.5749999999999999556, 0.2999999999999999889 ) ) ;
#1041 = APPLICATION_PROTOCOL_DEFINITION ( 'draft international standard', 'automotive_design', 1998, #194 ) ;
#1042 = CARTESIAN_POINT ( 'NONE',  ( -0.4500000000000000666, -0.8499999999999999778, 0.2999999999999999889 ) ) ;
#1043 = EDGE_CURVE ( 'NONE', #2345, #1521, #1548, .T. ) ;
#1044 = ORIENTED_EDGE ( 'NONE', *, *, #2071, .F. ) ;
#1045 = VERTEX_POINT ( 'NONE', #4 ) ;
#1046 = CARTESIAN_POINT ( 'NONE',  ( -0.4500000000000000666, -0.3433386697760000272, 0.7500000000000000000 ) ) ;
#1047 = FILL_AREA_STYLE_COLOUR ( '', #1434 ) ;
#1048 = EDGE_CURVE ( 'NONE', #991, #2163, #878, .T. ) ;
#1049 = VERTEX_POINT ( 'NONE', #1762 ) ;
#1050 =( NAMED_UNIT ( * ) SI_UNIT ( $, .STERADIAN. ) SOLID_ANGLE_UNIT ( ) );
#1051 = CARTESIAN_POINT ( 'NONE',  ( 0.1089098631429999964, 0.04370929683813000455, 0.0000000000000000000 ) ) ;
#1052 = CARTESIAN_POINT ( 'NONE',  ( -0.4000000000000000222, 0.4500000000000000666, 0.0000000000000000000 ) ) ;
#1053 =( LENGTH_UNIT ( ) NAMED_UNIT ( * ) SI_UNIT ( .MILLI., .METRE. ) );
#1054 = PRODUCT_CONTEXT ( 'NONE', #595, 'mechanical' ) ;
#1055 = EDGE_LOOP ( 'NONE', ( #132, #1028, #311, #215 ) ) ;
#1056 = EDGE_CURVE ( 'NONE', #1070, #2218, #352, .T. ) ;
#1058 = ORIENTED_EDGE ( 'NONE', *, *, #2794, .T. ) ;
#1057 = VECTOR ( 'NONE', #1371, 1000.000000000000000 ) ;
#1059 = CARTESIAN_POINT ( 'NONE',  ( 0.4500000000000000666, 0.5749999999999999556, 0.2999999999999999889 ) ) ;
#1060 = STYLED_ITEM ( 'NONE', ( #1652 ), #522 ) ;
#1061 = VERTEX_POINT ( 'NONE', #2198 ) ;
#1062 = EDGE_CURVE ( 'NONE', #2224, #553, #27, .T. ) ;
#1063 = EDGE_CURVE ( 'NONE', #2517, #2580, #2225, .T. ) ;
#1064 = CARTESIAN_POINT ( 'NONE',  ( -1.611894917424000117E-17, 0.8770833333330000370, 0.02000000000000000042 ) ) ;
#1065 = VECTOR ( 'NONE', #1779, 1000.000000000000000 ) ;
#1066 = VECTOR ( 'NONE', #911, 1000.000000000000000 ) ;
#1067 = CARTESIAN_POINT ( 'NONE',  ( -0.4500000000000000666, 0.5749999999999999556, 0.2999999999999999889 ) ) ;
#1068 = AXIS2_PLACEMENT_3D ( 'NONE', #144, #2767, #1451 ) ;
#1069 = APPLICATION_PROTOCOL_DEFINITION ( 'draft international standard', 'automotive_design', 1998, #54 ) ;
#1070 = VERTEX_POINT ( 'NONE', #857 ) ;
#1071 = EDGE_LOOP ( 'NONE', ( #1856, #884, #163, #2357 ) ) ;
#1072 = FILL_AREA_STYLE ('',( #437 ) ) ;
#1073 = ORIENTED_EDGE ( 'NONE', *, *, #1502, .F. ) ;
#1074 = CARTESIAN_POINT ( 'NONE',  ( 0.08638036809815999306, 0.09302501179802001585, 0.0000000000000000000 ) ) ;
#1075 = CARTESIAN_POINT ( 'NONE',  ( -0.1749999999999999889, 0.8499999999999999778, 0.3000000011919999876 ) ) ;
#1076 = EDGE_CURVE ( 'NONE', #410, #360, #2702, .T. ) ;
#1077 = CARTESIAN_POINT ( 'NONE',  ( -0.1749999999997209621, 0.8500000000000429434, 0.2999999999999999889 ) ) ;
#1078 = ADVANCED_FACE ( 'NONE', ( #1127 ), #454, .T. ) ;
#1079 = APPLICATION_PROTOCOL_DEFINITION ( 'draft international standard', 'automotive_design', 1998, #2236 ) ;
#1080 = ADVANCED_BREP_SHAPE_REPRESENTATION ( '', ( #2485, #242 ), #563 ) ;
#1081 = ORIENTED_EDGE ( 'NONE', *, *, #1934, .T. ) ;
#1082 = SHAPE_REPRESENTATION ( 'User Library-led0603_RED-1', ( #2155, #2472, #707, #1120, #1528, #2657, #1068, #2800, #520, #1859, #931 ), #568 ) ;
#1083 = VERTEX_POINT ( 'NONE', #1074 ) ;
#1084 = UNCERTAINTY_MEASURE_WITH_UNIT (LENGTH_MEASURE( 1.000000000000000082E-05 ), #1338, 'distance_accuracy_value', 'NONE');
#1085 = EDGE_LOOP ( 'NONE', ( #121, #1886, #1770, #1320 ) ) ;
#1086 = FACE_OUTER_BOUND ( 'NONE', #2840, .T. ) ;
#1087 = LINE ( 'NONE', #2256, #2138 ) ;
#1088 =( REPRESENTATION_RELATIONSHIP ('NONE','NONE', #1082, #2492 ) REPRESENTATION_RELATIONSHIP_WITH_TRANSFORMATION ( #1739 )SHAPE_REPRESENTATION_RELATIONSHIP( ) );
#1089 = UNCERTAINTY_MEASURE_WITH_UNIT (LENGTH_MEASURE( 1.000000000000000082E-05 ), #1701, 'distance_accuracy_value', 'NONE');
#1090 = SURFACE_SIDE_STYLE ('',( #490 ) ) ;
#1091 = ADVANCED_FACE ( 'NONE', ( #232 ), #1968, .T. ) ;
#1092 = DIRECTION ( 'NONE',  ( -0.0000000000000000000, -0.0000000000000000000, -1.000000000000000000 ) ) ;
#1093 = ORIENTED_EDGE ( 'NONE', *, *, #1284, .F. ) ;
#1094 = LINE ( 'NONE', #241, #1943 ) ;
#1095 = FACE_OUTER_BOUND ( 'NONE', #2206, .T. ) ;
#1096 = ITEM_DEFINED_TRANSFORMATION ( 'NONE', 'NONE', #520,  #242 ) ;
#1097 = EDGE_CURVE ( 'NONE', #2484, #450, #2018, .T. ) ;
#1098 = EDGE_CURVE ( 'NONE', #787, #2046, #903, .T. ) ;
#1099 = ORIENTED_EDGE ( 'NONE', *, *, #2110, .F. ) ;
#1100 = EDGE_LOOP ( 'NONE', ( #499, #2221, #1073, #1333 ) ) ;
#1101 = LINE ( 'NONE', #2207, #742 ) ;
#1102 = PRESENTATION_STYLE_ASSIGNMENT (( #2635 ) ) ;
#1103 = VECTOR ( 'NONE', #2618, 1000.000000000000000 ) ;
#1104 = ORIENTED_EDGE ( 'NONE', *, *, #715, .T. ) ;
#1105 = VECTOR ( 'NONE', #1413, 1000.000000000000000 ) ;
#1106 = AXIS2_PLACEMENT_3D ( 'NONE', #882, #1768, #998 ) ;
#1107 = SHAPE_REPRESENTATION_RELATIONSHIP ( 'NONE' , 'NONE' ,  #1187, #1264 ) ;
#1108 = CARTESIAN_POINT ( 'NONE',  ( -0.4500000000000000666, -0.3433386697759999162, 0.9000000000000000222 ) ) ;
#1109 = B_SPLINE_CURVE_WITH_KNOTS ( 'NONE', 3,
 ( #1600, #2323, #304, #137 ),
 .UNSPECIFIED., .F., .F.,
 ( 4, 4 ),
 ( 0.0000000000000000000, 1.000000000000000000 ),
 .UNSPECIFIED. ) ;
#1110 = MECHANICAL_DESIGN_GEOMETRIC_PRESENTATION_REPRESENTATION (  '', ( #331 ), #967 ) ;
#1111 = CIRCLE ( 'NONE', #786, 0.1770833333329999981 ) ;
#1112 = DIRECTION ( 'NONE',  ( -1.000000000000000000, 0.0000000000000000000, 0.0000000000000000000 ) ) ;
#1113 =( NAMED_UNIT ( * ) PLANE_ANGLE_UNIT ( ) SI_UNIT ( $, .RADIAN. ) );
#1114 = AXIS2_PLACEMENT_3D ( 'NONE', #1539, #2241, #2658 ) ;
#1115 = ADVANCED_FACE ( 'NONE', ( #2681 ), #687, .T. ) ;
#1116 = AXIS2_PLACEMENT_3D ( 'NONE', #2096, #550, #536 ) ;
#1117 = PLANE ( 'NONE',  #2596 ) ;
#1118 = LINE ( 'NONE', #2490, #1392 ) ;
#1119 = CONTEXT_DEPENDENT_SHAPE_REPRESENTATION ( #2343, #2308 ) ;
#1120 = AXIS2_PLACEMENT_3D ( 'NONE', #988, #366, #100 ) ;
#1121 = PRODUCT ( 'User_Library-LTST-C190GKT_Pad006', 'User_Library-LTST-C190GKT_Pad006', '', ( #654 ) ) ;
#1122 = PRODUCT_DEFINITION_FORMATION_WITH_SPECIFIED_SOURCE ( 'ANY', '', #525, .NOT_KNOWN. ) ;
#1123 = EDGE_CURVE ( 'NONE', #1377, #986, #1359, .T. ) ;
#1124 = ORIENTED_EDGE ( 'NONE', *, *, #2137, .T. ) ;
#1125 = DIRECTION ( 'NONE',  ( 0.0000000000000000000, -1.000000000000000000, -0.0000000000000000000 ) ) ;
#1126 = SHAPE_REPRESENTATION_RELATIONSHIP ( 'NONE' , 'NONE' ,  #1888, #1164 ) ;
#1127 = FACE_OUTER_BOUND ( 'NONE', #1150, .T. ) ;
#1128 = CARTESIAN_POINT ( 'NONE',  ( 0.4000000000000000222, -0.8499999999999999778, 0.0000000000000000000 ) ) ;
#1129 = DIRECTION ( 'NONE',  ( 2.242908763786619633E-16, 0.1736485731619111794, -0.9848076832756902377 ) ) ;
#1130 =( LENGTH_UNIT ( ) NAMED_UNIT ( * ) SI_UNIT ( .MILLI., .METRE. ) );
#1131 = CARTESIAN_POINT ( 'NONE',  ( 0.04630486078339000194, 0.1196035865970000028, 0.0000000000000000000 ) ) ;
#1132 = CARTESIAN_POINT ( 'NONE',  ( 0.4499999761580000257, -0.5749999999999999556, 0.3000000000000000999 ) ) ;
#1133 = DIRECTION ( 'NONE',  ( 0.0000000000000000000, -0.0000000000000000000, -1.000000000000000000 ) ) ;
#1134 = ORIENTED_EDGE ( 'NONE', *, *, #2421, .F. ) ;
#1135 =( NAMED_UNIT ( * ) PLANE_ANGLE_UNIT ( ) SI_UNIT ( $, .RADIAN. ) );
#1136 = SURFACE_SIDE_STYLE ('',( #395 ) ) ;
#1137 = CARTESIAN_POINT ( 'NONE',  ( 4.332643132977999668E-25, -0.8802008928569999835, 0.0000000000000000000 ) ) ;
#1138 = ADVANCED_FACE ( 'NONE', ( #1086 ), #1982, .T. ) ;
#1139 = DIRECTION ( 'NONE',  ( 0.0000000000000000000, 0.0000000000000000000, 1.000000000000000000 ) ) ;
#1140 = DIRECTION ( 'NONE',  ( 1.000000000000000000, 0.0000000000000000000, 0.0000000000000000000 ) ) ;
#1141 = DIRECTION ( 'NONE',  ( 0.0000000000000000000, -1.000000000000000000, -0.0000000000000000000 ) ) ;
#1142 = PRODUCT ( 'User_Library-LTST-C190GKT_Lens', 'User_Library-LTST-C190GKT_Lens', '', ( #2427 ) ) ;
#1143 = LINE ( 'NONE', #253, #187 ) ;
#1144 = CARTESIAN_POINT ( 'NONE',  ( 0.1749999999998571310, 0.8499999999999999778, 0.3000000011919999876 ) ) ;
#1145 = PLANE ( 'NONE',  #1753 ) ;
#1146 = ORIENTED_EDGE ( 'NONE', *, *, #1368, .F. ) ;
#1147 = CARTESIAN_POINT ( 'NONE',  ( 0.1469089193020000073, 0.1063142991980000063, 0.0000000000000000000 ) ) ;
#1148 = DIRECTION ( 'NONE',  ( -1.000000000000000000, 0.0000000000000000000, 0.0000000000000000000 ) ) ;
#1149 = EDGE_CURVE ( 'NONE', #394, #1699, #2318, .T. ) ;
#1150 = EDGE_LOOP ( 'NONE', ( #1703, #685, #2349, #1492 ) ) ;
#1151 = CARTESIAN_POINT ( 'NONE',  ( -0.1749999999999999889, -0.8499999999999999778, 0.3099999997760000126 ) ) ;
#1152 = FACE_OUTER_BOUND ( 'NONE', #2845, .T. ) ;
#1153 = ORIENTED_EDGE ( 'NONE', *, *, #2015, .F. ) ;
#1154 =( NAMED_UNIT ( * ) SI_UNIT ( $, .STERADIAN. ) SOLID_ANGLE_UNIT ( ) );
#1155 = EDGE_CURVE ( 'NONE', #2424, #1718, #2047, .T. ) ;
#1156 = EDGE_CURVE ( 'NONE', #787, #2651, #992, .T. ) ;
#1157 = CARTESIAN_POINT ( 'NONE',  ( -0.4500000000000000666, 0.8499999999999999778, 0.2999999999999999889 ) ) ;
#1158 = VECTOR ( 'NONE', #2542, 999.9999999999998863 ) ;
#1159 = AXIS2_PLACEMENT_3D ( 'NONE', #521, #1215, #1648 ) ;
#1160 =( GEOMETRIC_REPRESENTATION_CONTEXT ( 3 ) GLOBAL_UNCERTAINTY_ASSIGNED_CONTEXT ( ( #891 ) ) GLOBAL_UNIT_ASSIGNED_CONTEXT ( ( #1366, #1335, #37 ) ) REPRESENTATION_CONTEXT ( 'NONE', 'WORKASPACE' ) );
#1161 = AXIS2_PLACEMENT_3D ( 'NONE', #2557, #1214, #90 ) ;
#1162 = DIRECTION ( 'NONE',  ( 1.000000000000000000, 0.0000000000000000000, -0.0000000000000000000 ) ) ;
#1163 = CARTESIAN_POINT ( 'NONE',  ( -0.4500000000000001776, -0.5749999999999999556, 0.9000000000000000222 ) ) ;
#1164 = MANIFOLD_SURFACE_SHAPE_REPRESENTATION ( '', ( #1516, #2008 ), #1169 ) ;
#1165 = AXIS2_PLACEMENT_3D ( 'NONE', #1211, #269, #1148 ) ;
#1166 = CIRCLE ( 'NONE', #2795, 0.1770833333329999981 ) ;
#1167 = COLOUR_RGB ( '',0.7921568627450980005, 0.8196078431372548767, 0.9333333333333333481 ) ;
#1168 = DIRECTION ( 'NONE',  ( -1.000000000000000000, 1.110223024625000001E-16, -1.232595164408000087E-32 ) ) ;
#1169 =( GEOMETRIC_REPRESENTATION_CONTEXT ( 3 ) GLOBAL_UNCERTAINTY_ASSIGNED_CONTEXT ( ( #375 ) ) GLOBAL_UNIT_ASSIGNED_CONTEXT ( ( #2017, #3, #1550 ) ) REPRESENTATION_CONTEXT ( 'NONE', 'WORKASPACE' ) );
#1170 = CARTESIAN_POINT ( 'NONE',  ( 0.1659507862194875560, 0.1027111546329105979, 0.0000000000000000000 ) ) ;
#1171 = CARTESIAN_POINT ( 'NONE',  ( -0.4500000000000000666, -0.5749999999999999556, 0.2999999999999999889 ) ) ;
#1172 = VERTEX_POINT ( 'NONE', #1877 ) ;
#1173 = CARTESIAN_POINT ( 'NONE',  ( 0.04578574799434000780, 0.1063142991980000063, 0.0000000000000000000 ) ) ;
#1174 =( LENGTH_UNIT ( ) NAMED_UNIT ( * ) SI_UNIT ( .MILLI., .METRE. ) );
#1175 = DIRECTION ( 'NONE',  ( -1.000000000000000000, 0.0000000000000000000, 0.0000000000000000000 ) ) ;
#1176 =( NAMED_UNIT ( * ) PLANE_ANGLE_UNIT ( ) SI_UNIT ( $, .RADIAN. ) );
#1177 = DIRECTION ( 'NONE',  ( 0.0000000000000000000, -1.000000000000000000, -0.0000000000000000000 ) ) ;
#1178 = FILL_AREA_STYLE ('',( #2034 ) ) ;
#1179 = CARTESIAN_POINT ( 'NONE',  ( 0.1035107025324006752, 0.1726041302498061147, 0.0000000000000000000 ) ) ;
#1180 = CARTESIAN_POINT ( 'NONE',  ( 1.275645363164999983E-33, -0.8770833333330000370, 0.01999999955297000059 ) ) ;
#1181 = ORIENTED_EDGE ( 'NONE', *, *, #1098, .F. ) ;
#1182 = CARTESIAN_POINT ( 'NONE',  ( -0.4500000000000000666, -0.8499999999999999778, 0.2999999999999999889 ) ) ;
#1183 = UNCERTAINTY_MEASURE_WITH_UNIT (LENGTH_MEASURE( 1.000000000000000082E-05 ), #1233, 'distance_accuracy_value', 'NONE');
#1184 = ORIENTED_EDGE ( 'NONE', *, *, #1629, .T. ) ;
#1185 = DIRECTION ( 'NONE',  ( -1.000000000000000000, 0.0000000000000000000, 0.0000000000000000000 ) ) ;
#1186 =( NAMED_UNIT ( * ) PLANE_ANGLE_UNIT ( ) SI_UNIT ( $, .RADIAN. ) );
#1187 = SHAPE_REPRESENTATION ( 'User_Library-LTST-C190GKT_Pad', ( #242 ), #2057 ) ;
#1188 = CARTESIAN_POINT ( 'NONE',  ( 0.2000000000000000111, -0.2000000000000000111, 0.0000000000000000000 ) ) ;
#1189 = PLANE ( 'NONE',  #2234 ) ;
#1190 = DIRECTION ( 'NONE',  ( 0.0000000000000000000, -0.0000000000000000000, -1.000000000000000000 ) ) ;
#1191 = DIRECTION ( 'NONE',  ( 0.0000000000000000000, 0.0000000000000000000, 1.000000000000000000 ) ) ;
#1192 =( NAMED_UNIT ( * ) SI_UNIT ( $, .STERADIAN. ) SOLID_ANGLE_UNIT ( ) );
#1193 = CARTESIAN_POINT ( 'NONE',  ( 0.1563261271040893852, 0.09318596790939324970, 0.0000000000000000000 ) ) ;
#1194 = VERTEX_POINT ( 'NONE', #2729 ) ;
#1195 = ORIENTED_EDGE ( 'NONE', *, *, #676, .F. ) ;
#1196 = VECTOR ( 'NONE', #863, 1000.000000000000000 ) ;
#1197 = CARTESIAN_POINT ( 'NONE',  ( -0.1749999999999999889, 0.5749999999999999556, 0.3099999997760000126 ) ) ;
#1198 =( NAMED_UNIT ( * ) SI_UNIT ( $, .STERADIAN. ) SOLID_ANGLE_UNIT ( ) );
#1199 = LINE ( 'NONE', #115, #103 ) ;
#1200 = CIRCLE ( 'NONE', #1106, 0.1770833333329999981 ) ;
#1201 = CARTESIAN_POINT ( 'NONE',  ( 0.1594714487970000094, 0.09717791411043000260, 0.0000000000000000000 ) ) ;
#1202 = FACE_OUTER_BOUND ( 'NONE', #1410, .T. ) ;
#1203 = VECTOR ( 'NONE', #2340, 1000.000000000000000 ) ;
#1204 = VECTOR ( 'NONE', #2732, 1000.000000000000000 ) ;
#1205 = EDGE_CURVE ( 'NONE', #2572, #642, #532, .T. ) ;
#1206 = VECTOR ( 'NONE', #1457, 1000.000000000000000 ) ;
#1207 = VECTOR ( 'NONE', #2108, 1000.000000000000000 ) ;
#1208 =( GEOMETRIC_REPRESENTATION_CONTEXT ( 3 ) GLOBAL_UNCERTAINTY_ASSIGNED_CONTEXT ( ( #1554 ) ) GLOBAL_UNIT_ASSIGNED_CONTEXT ( ( #141, #850, #1245 ) ) REPRESENTATION_CONTEXT ( 'NONE', 'WORKASPACE' ) );
#1209 = PLANE ( 'NONE',  #1347 ) ;
#1210 = VECTOR ( 'NONE', #1998, 1000.000000000000000 ) ;
#1211 = CARTESIAN_POINT ( 'NONE',  ( 0.0000000000000000000, 0.8770833333330000370, 0.3099999997760000126 ) ) ;
#1212 = EDGE_CURVE ( 'NONE', #2665, #1285, #1378, .T. ) ;
#1213 = ORIENTED_EDGE ( 'NONE', *, *, #1048, .T. ) ;
#1214 = DIRECTION ( 'NONE',  ( -0.0000000000000000000, 1.000000000000000000, 0.0000000000000000000 ) ) ;
#1215 = DIRECTION ( 'NONE',  ( -0.0000000000000000000, -0.0000000000000000000, 1.000000000000000000 ) ) ;
#1216 =( NAMED_UNIT ( * ) PLANE_ANGLE_UNIT ( ) SI_UNIT ( $, .RADIAN. ) );
#1217 = CARTESIAN_POINT ( 'NONE',  ( 0.09998112317130999904, 0.1727607361959999921, 0.0000000000000000000 ) ) ;
#1218 = PRODUCT ( 'String+', 'String+', '', ( #1975 ) ) ;
#1219 = FILL_AREA_STYLE ('',( #752 ) ) ;
#1220 = DIRECTION ( 'NONE',  ( 0.0000000000000000000, -0.0000000000000000000, -1.000000000000000000 ) ) ;
#1221 = ORIENTED_EDGE ( 'NONE', *, *, #1664, .T. ) ;
#1222 = CYLINDRICAL_SURFACE ( 'NONE', #2005, 0.1500000000000000222 ) ;
#1223 = ORIENTED_EDGE ( 'NONE', *, *, #430, .F. ) ;
#1224 = EDGE_CURVE ( 'NONE', #1976, #703, #1621, .T. ) ;
#1225 = CARTESIAN_POINT ( 'NONE',  ( -0.2000000000000000111, -0.4500000000000000666, 0.0000000000000000000 ) ) ;
#1226 = CARTESIAN_POINT ( 'NONE',  ( 0.4499999761580000257, -0.4910598222670000124, 0.7760472859739999674 ) ) ;
#1227 = VERTEX_POINT ( 'NONE', #2280 ) ;
#1228 = CARTESIAN_POINT ( 'NONE',  ( -0.2000000000000000111, -0.4500000000000000666, 0.0000000000000000000 ) ) ;
#1229 =( NAMED_UNIT ( * ) PLANE_ANGLE_UNIT ( ) SI_UNIT ( $, .RADIAN. ) );
#1230 = EDGE_CURVE ( 'NONE', #222, #2631, #2265, .T. ) ;
#1231 = DIRECTION ( 'NONE',  ( -1.000000000000000000, 0.0000000000000000000, -0.0000000000000000000 ) ) ;
#1232 = FILL_AREA_STYLE ('',( #1854 ) ) ;
#1233 =( LENGTH_UNIT ( ) NAMED_UNIT ( * ) SI_UNIT ( .MILLI., .METRE. ) );
#1234 = ORIENTED_EDGE ( 'NONE', *, *, #1329, .F. ) ;
#1235 = CARTESIAN_POINT ( 'NONE',  ( 0.0000000000000000000, 0.0000000000000000000, 0.0000000000000000000 ) ) ;
#1236 = SURFACE_STYLE_USAGE ( .BOTH. , #1672 ) ;
#1237 = ORIENTED_EDGE ( 'NONE', *, *, #1809, .T. ) ;
#1238 = B_SPLINE_CURVE_WITH_KNOTS ( 'NONE', 3,
 ( #929, #1815, #1608, #88 ),
 .UNSPECIFIED., .F., .F.,
 ( 4, 4 ),
 ( 0.0000000000000000000, 1.000000000000000000 ),
 .UNSPECIFIED. ) ;
#1239 = ORIENTED_EDGE ( 'NONE', *, *, #1353, .T. ) ;
#1240 = CARTESIAN_POINT ( 'NONE',  ( 0.1774999999997262656, 0.8500000000000462741, 0.0000000000000000000 ) ) ;
#1241 = DIRECTION ( 'NONE',  ( -1.000000000000000000, -1.110223024625000001E-16, -2.220446049250000002E-16 ) ) ;
#1242 = EDGE_CURVE ( 'NONE', #553, #651, #1422, .T. ) ;
#1243 = EDGE_LOOP ( 'NONE', ( #2064, #230, #1515, #24 ) ) ;
#1244 = DIRECTION ( 'NONE',  ( 0.0000000000000000000, 0.0000000000000000000, -1.000000000000000000 ) ) ;
#1245 =( NAMED_UNIT ( * ) SI_UNIT ( $, .STERADIAN. ) SOLID_ANGLE_UNIT ( ) );
#1246 = ORIENTED_EDGE ( 'NONE', *, *, #1062, .T. ) ;
#1247 = AXIS2_PLACEMENT_3D ( 'NONE', #744, #1632, #1660 ) ;
#1248 = MECHANICAL_DESIGN_GEOMETRIC_PRESENTATION_REPRESENTATION (  '', ( #2511 ), #10 ) ;
#1249 = LINE ( 'NONE', #1858, #235 ) ;
#1250 = CARTESIAN_POINT ( 'NONE',  ( -0.4500000000000000666, 0.8499999999999999778, 0.2999999999999999889 ) ) ;
#1251 = VECTOR ( 'NONE', #2453, 999.9999999999998863 ) ;
#1252 = ORIENTED_EDGE ( 'NONE', *, *, #766, .F. ) ;
#1253 = MECHANICAL_DESIGN_GEOMETRIC_PRESENTATION_REPRESENTATION (  '', ( #239 ), #1160 ) ;
#1254 = AXIS2_PLACEMENT_3D ( 'NONE', #1745, #644, #2469 ) ;
#1255 = VERTEX_POINT ( 'NONE', #547 ) ;
#1256 = DIRECTION ( 'NONE',  ( -1.000000000000000000, 0.0000000000000000000, -0.0000000000000000000 ) ) ;
#1257 = SURFACE_STYLE_FILL_AREA ( #373 ) ;
#1258 = ORIENTED_EDGE ( 'NONE', *, *, #2054, .T. ) ;
#1259 = PRESENTATION_LAYER_ASSIGNMENT (  '', '', ( #704 ) ) ;
#1260 = CARTESIAN_POINT ( 'NONE',  ( -0.1674999999999402522, 0.8499999999999999778, 0.3100000023839999952 ) ) ;
#1261 = DIRECTION ( 'NONE',  ( -0.0000000000000000000, 1.000000000000000000, 0.0000000000000000000 ) ) ;
#1262 = PRODUCT_DEFINITION_FORMATION_WITH_SPECIFIED_SOURCE ( 'ANY', '', #1121, .NOT_KNOWN. ) ;
#1263 = APPLICATION_CONTEXT ( 'automotive_design' ) ;
#1264 = ADVANCED_BREP_SHAPE_REPRESENTATION ( '', ( #2428, #242 ), #2057 ) ;
#1265 = ADVANCED_FACE ( 'NONE', ( #1659 ), #270, .T. ) ;
#1266 = VERTEX_POINT ( 'NONE', #1370 ) ;
#1267 = ORIENTED_EDGE ( 'NONE', *, *, #731, .T. ) ;
#1268 = PLANE ( 'NONE',  #560 ) ;
#1269 = FILL_AREA_STYLE_COLOUR ( '', #2565 ) ;
#1270 = ORIENTED_EDGE ( 'NONE', *, *, #11, .F. ) ;
#1271 = CARTESIAN_POINT ( 'NONE',  ( 0.1674999999999403633, 0.8499999999999999778, 0.3100000023839999952 ) ) ;
#1272 = CARTESIAN_POINT ( 'NONE',  ( 0.1749999999997176037, -0.8500000000000215161, 0.02000000000000000042 ) ) ;
#1273 = SURFACE_STYLE_FILL_AREA ( #364 ) ;
#1274 = CARTESIAN_POINT ( 'NONE',  ( 0.1091175082590000039, 0.1690231241150000063, 0.0000000000000000000 ) ) ;
#1275 = ITEM_DEFINED_TRANSFORMATION ( 'NONE', 'NONE', #2472,  #242 ) ;
#1277 = EDGE_LOOP ( 'NONE', ( #1036, #354, #1794, #390 ) ) ;
#1276 = EDGE_CURVE ( 'NONE', #360, #2768, #718, .T. ) ;
#1278 = ORIENTED_EDGE ( 'NONE', *, *, #942, .T. ) ;
#1279 = FACE_OUTER_BOUND ( 'NONE', #2281, .T. ) ;
#1280 = CARTESIAN_POINT ( 'NONE',  ( -0.1674999999999402800, -0.8499999999999999778, 0.0000000000000000000 ) ) ;
#1281 = CARTESIAN_POINT ( 'NONE',  ( -0.4500000000000000666, 0.8499999999999999778, 0.02000000000000000042 ) ) ;
#1282 = DIRECTION ( 'NONE',  ( 1.000000000000000000, -0.0000000000000000000, 0.0000000000000000000 ) ) ;
#1283 = VECTOR ( 'NONE', #1162, 1000.000000000000000 ) ;
#1284 = EDGE_CURVE ( 'NONE', #2808, #2468, #122, .T. ) ;
#1285 = VERTEX_POINT ( 'NONE', #1610 ) ;
#1287 = ORIENTED_EDGE ( 'NONE', *, *, #445, .F. ) ;
#1286 = VECTOR ( 'NONE', #1871, 1000.000000000000000 ) ;
#1288 = EDGE_CURVE ( 'NONE', #1674, #2165, #1818, .T. ) ;
#1289 =( GEOMETRIC_REPRESENTATION_CONTEXT ( 3 ) GLOBAL_UNCERTAINTY_ASSIGNED_CONTEXT ( ( #2214 ) ) GLOBAL_UNIT_ASSIGNED_CONTEXT ( ( #2133, #186, #2360 ) ) REPRESENTATION_CONTEXT ( 'NONE', 'WORKASPACE' ) );
#1290 = VECTOR ( 'NONE', #1954, 1000.000000000000000 ) ;
#1291 = VERTEX_POINT ( 'NONE', #2743 ) ;
#1292 = FILL_AREA_STYLE_COLOUR ( '', #2839 ) ;
#1293 = LINE ( 'NONE', #2381, #2278 ) ;
#1294 = AXIS2_PLACEMENT_3D ( 'NONE', #282, #1168, #2755 ) ;
#1295 = UNCERTAINTY_MEASURE_WITH_UNIT (LENGTH_MEASURE( 1.000000000000000082E-05 ), #2831, 'distance_accuracy_value', 'NONE');
#1296 =( GEOMETRIC_REPRESENTATION_CONTEXT ( 3 ) GLOBAL_UNCERTAINTY_ASSIGNED_CONTEXT ( ( #690 ) ) GLOBAL_UNIT_ASSIGNED_CONTEXT ( ( #1174, #319, #996 ) ) REPRESENTATION_CONTEXT ( 'NONE', 'WORKASPACE' ) );
#1297 = PLANE ( 'NONE',  #151 ) ;
#1298 =( NAMED_UNIT ( * ) PLANE_ANGLE_UNIT ( ) SI_UNIT ( $, .RADIAN. ) );
#1299 = PRODUCT_DEFINITION_FORMATION_WITH_SPECIFIED_SOURCE ( 'ANY', '', #475, .NOT_KNOWN. ) ;
#1300 = DIRECTION ( 'NONE',  ( 0.0000000000000000000, 0.0000000000000000000, 1.000000000000000000 ) ) ;
#1301 = APPLICATION_PROTOCOL_DEFINITION ( 'draft international standard', 'automotive_design', 1998, #1933 ) ;
#1302 = VERTEX_POINT ( 'NONE', #1631 ) ;
#1303 = ORIENTED_EDGE ( 'NONE', *, *, #2249, .T. ) ;
#1304 = PLANE ( 'NONE',  #2608 ) ;
#1305 = CARTESIAN_POINT ( 'NONE',  ( -0.4500000000000001221, 0.5749999999999999556, 0.3099999997760000126 ) ) ;
#1306 = ORIENTED_EDGE ( 'NONE', *, *, #386, .T. ) ;
#1307 = DIRECTION ( 'NONE',  ( 0.0000000000000000000, -0.0000000000000000000, -1.000000000000000000 ) ) ;
#1308 = CARTESIAN_POINT ( 'NONE',  ( 4.332643132977999668E-25, -0.8802008928569999835, 0.0000000000000000000 ) ) ;
#1309 = CARTESIAN_POINT ( 'NONE',  ( 0.08638036809815999306, 0.1196035865970000028, 0.0000000000000000000 ) ) ;
#1310 = EDGE_CURVE ( 'NONE', #2398, #1083, #2042, .T. ) ;
#1311 =( LENGTH_UNIT ( ) NAMED_UNIT ( * ) SI_UNIT ( .MILLI., .METRE. ) );
#1312 =( REPRESENTATION_RELATIONSHIP ('NONE','NONE', #1082, #1588 ) REPRESENTATION_RELATIONSHIP_WITH_TRANSFORMATION ( #1275 )SHAPE_REPRESENTATION_RELATIONSHIP( ) );
#1313 = SURFACE_STYLE_FILL_AREA ( #1002 ) ;
#1314 = ORIENTED_EDGE ( 'NONE', *, *, #766, .T. ) ;
#1315 = DIRECTION ( 'NONE',  ( -1.000000000000000000, -0.0000000000000000000, 0.0000000000000000000 ) ) ;
#1316 = CARTESIAN_POINT ( 'NONE',  ( 0.09998112317130999904, 0.1727607361959999921, 0.0000000000000000000 ) ) ;
#1317 = CONTEXT_DEPENDENT_SHAPE_REPRESENTATION ( #2792, #1417 ) ;
#1318 = VERTEX_POINT ( 'NONE', #934 ) ;
#1319 = FILL_AREA_STYLE ('',( #1582 ) ) ;
#1320 = ORIENTED_EDGE ( 'NONE', *, *, #1826, .T. ) ;
#1321 = CARTESIAN_POINT ( 'NONE',  ( 0.4000000000000000222, 0.8499999999999999778, 0.0000000000000000000 ) ) ;
#1322 = DIRECTION ( 'NONE',  ( 0.9540843375073767563, -0.2995381059616792907, 0.0000000000000000000 ) ) ;
#1323 = EDGE_CURVE ( 'NONE', #2668, #642, #2713, .T. ) ;
#1324 = ADVANCED_BREP_SHAPE_REPRESENTATION ( '', ( #2461, #242 ), #2194 ) ;
#1325 = PRESENTATION_STYLE_ASSIGNMENT (( #1587 ) ) ;
#1326 = FILL_AREA_STYLE_COLOUR ( '', #2470 ) ;
#1327 = CARTESIAN_POINT ( 'NONE',  ( 0.1594714487970000094, 0.1063142991980000063, 0.0000000000000000000 ) ) ;
#1328 = EDGE_CURVE ( 'NONE', #703, #1302, #621, .T. ) ;
#1329 = EDGE_CURVE ( 'NONE', #2651, #1318, #2585, .T. ) ;
#1330 = ORIENTED_EDGE ( 'NONE', *, *, #2011, .T. ) ;
#1331 = DIRECTION ( 'NONE',  ( 0.0000000000000000000, -0.0000000000000000000, 1.000000000000000000 ) ) ;
#1332 = AXIS2_PLACEMENT_3D ( 'NONE', #895, #678, #1558 ) ;
#1333 = ORIENTED_EDGE ( 'NONE', *, *, #359, .F. ) ;
#1334 = SURFACE_STYLE_USAGE ( .BOTH. , #900 ) ;
#1335 =( NAMED_UNIT ( * ) PLANE_ANGLE_UNIT ( ) SI_UNIT ( $, .RADIAN. ) );
#1336 = VECTOR ( 'NONE', #1360, 1000.000000000000000 ) ;
#1337 = AXIS2_PLACEMENT_3D ( 'NONE', #2836, #1244, #157 ) ;
#1338 =( LENGTH_UNIT ( ) NAMED_UNIT ( * ) SI_UNIT ( .MILLI., .METRE. ) );
#1339 = DIRECTION ( 'NONE',  ( 0.0000000000000000000, 0.0000000000000000000, -1.000000000000000000 ) ) ;
#1340 = DIRECTION ( 'NONE',  ( 0.0000000000000000000, -0.0000000000000000000, -1.000000000000000000 ) ) ;
#1341 = MECHANICAL_DESIGN_GEOMETRIC_PRESENTATION_REPRESENTATION (  '', ( #2097 ), #1289 ) ;
#1342 = CARTESIAN_POINT ( 'NONE',  ( 0.1621708353000000102, 0.1156583294010000013, 0.0000000000000000000 ) ) ;
#1343 = VECTOR ( 'NONE', #2272, 1000.000000000000000 ) ;
#1344 = VECTOR ( 'NONE', #1477, 1000.000000000000000 ) ;
#1345 = CARTESIAN_POINT ( 'NONE',  ( 1.077713993458000113E-16, 0.8800208333329999633, 0.0000000000000000000 ) ) ;
#1346 =( GEOMETRIC_REPRESENTATION_CONTEXT ( 3 ) GLOBAL_UNCERTAINTY_ASSIGNED_CONTEXT ( ( #1295 ) ) GLOBAL_UNIT_ASSIGNED_CONTEXT ( ( #2831, #1229, #2121 ) ) REPRESENTATION_CONTEXT ( 'NONE', 'WORKASPACE' ) );
#1347 = AXIS2_PLACEMENT_3D ( 'NONE', #511, #2315, #1396 ) ;
#1348 = CARTESIAN_POINT ( 'NONE',  ( -0.4500000000000001221, -0.8499999999999999778, 0.3000000011919999876 ) ) ;
#1349 = DIRECTION ( 'NONE',  ( 0.0000000000000000000, -1.000000000000000000, 0.0000000000000000000 ) ) ;
#1350 = PRODUCT_DEFINITION_FORMATION_WITH_SPECIFIED_SOURCE ( 'ANY', '', #1142, .NOT_KNOWN. ) ;
#1351 = SURFACE_STYLE_USAGE ( .BOTH. , #1814 ) ;
#1352 = DIRECTION ( 'NONE',  ( -1.000000000000000000, -0.0000000000000000000, -0.0000000000000000000 ) ) ;
#1353 = EDGE_CURVE ( 'NONE', #959, #565, #185, .T. ) ;
#1354 = ORIENTED_EDGE ( 'NONE', *, *, #898, .T. ) ;
#1355 = DIRECTION ( 'NONE',  ( 0.0000000000000000000, -0.0000000000000000000, -1.000000000000000000 ) ) ;
#1356 = DIRECTION ( 'NONE',  ( 0.0000000000000000000, -0.0000000000000000000, 1.000000000000000000 ) ) ;
#1357 = APPLICATION_CONTEXT ( 'automotive_design' ) ;
#1358 = EDGE_LOOP ( 'NONE', ( #981, #2162, #142, #152 ) ) ;
#1359 = LINE ( 'NONE', #1522, #608 ) ;
#1360 = DIRECTION ( 'NONE',  ( -1.000000000000000000, -0.0000000000000000000, -0.0000000000000000000 ) ) ;
#1361 = UNCERTAINTY_MEASURE_WITH_UNIT (LENGTH_MEASURE( 1.000000000000000082E-05 ), #350, 'distance_accuracy_value', 'NONE');
#1362 = LINE ( 'NONE', #2229, #564 ) ;
#1363 = CARTESIAN_POINT ( 'NONE',  ( -0.4000000000000000222, 0.8499999999999999778, 0.01999999955297000059 ) ) ;
#1364 = CARTESIAN_POINT ( 'NONE',  ( 0.1749999999998571310, 0.8499999999999999778, 0.01999999955297000059 ) ) ;
#1365 = CARTESIAN_POINT ( 'NONE',  ( -0.4000000000000000222, -0.8499999999999999778, 0.0000000000000000000 ) ) ;
#1366 =( LENGTH_UNIT ( ) NAMED_UNIT ( * ) SI_UNIT ( .MILLI., .METRE. ) );
#1367 = PRODUCT_DEFINITION ( 'UNKNOWN', '', #1443, #2377 ) ;
#1368 = EDGE_CURVE ( 'NONE', #2165, #1798, #165, .T. ) ;
#1369 = EDGE_LOOP ( 'NONE', ( #1223, #2525, #1986, #2731 ) ) ;
#1370 = CARTESIAN_POINT ( 'NONE',  ( 0.1558376592730000010, 0.08253893345917999447, 0.0000000000000000000 ) ) ;
#1371 = DIRECTION ( 'NONE',  ( 0.0000000000000000000, -1.000000000000000000, -0.0000000000000000000 ) ) ;
#1372 =( LENGTH_UNIT ( ) NAMED_UNIT ( * ) SI_UNIT ( .MILLI., .METRE. ) );
#1373 = CARTESIAN_POINT ( 'NONE',  ( -0.4500000000000000666, -0.5749999999999999556, 0.2999999999999999889 ) ) ;
#1374 = DIRECTION ( 'NONE',  ( 0.0000000000000000000, 0.0000000000000000000, -1.000000000000000000 ) ) ;
#1375 = DIRECTION ( 'NONE',  ( 0.0000000000000000000, 0.0000000000000000000, -1.000000000000000000 ) ) ;
#1376 = ITEM_DEFINED_TRANSFORMATION ( 'NONE', 'NONE', #1068,  #242 ) ;
#1377 = VERTEX_POINT ( 'NONE', #1493 ) ;
#1378 = LINE ( 'NONE', #67, #18 ) ;
#1379 = ADVANCED_FACE ( 'NONE', ( #2391 ), #1456, .F. ) ;
#1380 =( LENGTH_UNIT ( ) NAMED_UNIT ( * ) SI_UNIT ( .MILLI., .METRE. ) );
#1381 = UNCERTAINTY_MEASURE_WITH_UNIT (LENGTH_MEASURE( 1.000000000000000082E-05 ), #2447, 'distance_accuracy_value', 'NONE');
#1382 = ORIENTED_EDGE ( 'NONE', *, *, #1973, .F. ) ;
#1383 = CARTESIAN_POINT ( 'NONE',  ( 0.1594714487970000094, 0.09717791411043000260, 0.0000000000000000000 ) ) ;
#1384 = B_SPLINE_CURVE_WITH_KNOTS ( 'NONE', 3,
 ( #936, #1527, #236, #2639 ),
 .UNSPECIFIED., .F., .F.,
 ( 4, 4 ),
 ( 0.0000000000000000000, 1.000000000000000000 ),
 .UNSPECIFIED. ) ;
#1385 = EDGE_CURVE ( 'NONE', #703, #183, #1890, .T. ) ;
#1386 = DIRECTION ( 'NONE',  ( 0.0000000000000000000, -1.000000000000000000, 0.0000000000000000000 ) ) ;
#1387 = VECTOR ( 'NONE', #1586, 1000.000000000000000 ) ;
#1388 = COLOUR_RGB ( '',1.000000000000000000, 0.8392156862745098200, 0.0000000000000000000 ) ;
#1389 = VECTOR ( 'NONE', #207, 1000.000000000000000 ) ;
#1390 = CARTESIAN_POINT ( 'NONE',  ( -0.1749999999999999889, 0.8499999999999999778, 0.3099999997760000126 ) ) ;
#1391 = LINE ( 'NONE', #2765, #197 ) ;
#1392 = VECTOR ( 'NONE', #494, 1000.000000000000000 ) ;
#1393 = AXIS2_PLACEMENT_3D ( 'NONE', #823, #2780, #1453 ) ;
#1394 = ORIENTED_EDGE ( 'NONE', *, *, #1076, .F. ) ;
#1395 = PRESENTATION_LAYER_ASSIGNMENT (  '', '', ( #2653 ) ) ;
#1396 = DIRECTION ( 'NONE',  ( -1.000000000000000000, 0.0000000000000000000, -0.0000000000000000000 ) ) ;
#1397 = COLOUR_RGB ( '',0.7921568627450980005, 0.8196078431372548767, 0.9333333333333333481 ) ;
#1398 = ORIENTED_EDGE ( 'NONE', *, *, #445, .T. ) ;
#1399 = CARTESIAN_POINT ( 'NONE',  ( 0.1621708353000000102, 0.09686644643700000057, 0.0000000000000000000 ) ) ;
#1400 = CARTESIAN_POINT ( 'NONE',  ( -0.1674999999999402800, -0.8499999999999999778, 0.3100000023839999952 ) ) ;
#1401 = EDGE_CURVE ( 'NONE', #2152, #2210, #372, .T. ) ;
#1402 = EDGE_LOOP ( 'NONE', ( #1099, #539, #726, #1544 ) ) ;
#1403 =( NAMED_UNIT ( * ) PLANE_ANGLE_UNIT ( ) SI_UNIT ( $, .RADIAN. ) );
#1404 = DIRECTION ( 'NONE',  ( 0.0000000000000000000, 0.0000000000000000000, 1.000000000000000000 ) ) ;
#1405 = CARTESIAN_POINT ( 'NONE',  ( 0.1749999999998571310, -0.8499999999999999778, 0.01999999955297000059 ) ) ;
#1406 = FACE_OUTER_BOUND ( 'NONE', #1964, .T. ) ;
#1407 = SURFACE_STYLE_USAGE ( .BOTH. , #513 ) ;
#1408 = ORIENTED_EDGE ( 'NONE', *, *, #584, .F. ) ;
#1409 = DIRECTION ( 'NONE',  ( 0.0000000000000000000, 1.000000000000000000, 0.0000000000000000000 ) ) ;
#1410 = EDGE_LOOP ( 'NONE', ( #1450, #599, #177, #2614 ) ) ;
#1411 = CARTESIAN_POINT ( 'NONE',  ( 0.1129589428980000004, 0.1196035865970000028, 0.0000000000000000000 ) ) ;
#1412 = EDGE_CURVE ( 'NONE', #1997, #2580, #2465, .T. ) ;
#1413 = DIRECTION ( 'NONE',  ( 0.0000000000000000000, -1.000000000000000000, -0.0000000000000000000 ) ) ;
#1414 = CARTESIAN_POINT ( 'NONE',  ( 0.4000000000000000222, 0.8499999999999999778, 0.0000000000000000000 ) ) ;
#1415 = ORIENTED_EDGE ( 'NONE', *, *, #1685, .F. ) ;
#1416 = ADVANCED_FACE ( 'NONE', ( #1279 ), #1268, .T. ) ;
#1417 = PRODUCT_DEFINITION_SHAPE ( 'NONE', 'NONE',  #2859 ) ;
#1418 = CARTESIAN_POINT ( 'NONE',  ( 0.0000000000000000000, 0.0000000000000000000, 0.0000000000000000000 ) ) ;
#1419 = DIRECTION ( 'NONE',  ( 0.0000000000000000000, 0.0000000000000000000, 1.000000000000000000 ) ) ;
#1420 =( NAMED_UNIT ( * ) SI_UNIT ( $, .STERADIAN. ) SOLID_ANGLE_UNIT ( ) );
#1421 = EDGE_LOOP ( 'NONE', ( #1513, #483, #266, #1503, #287, #2620 ) ) ;
#1422 = LINE ( 'NONE', #333, #2145 ) ;
#1423 = DIRECTION ( 'NONE',  ( -1.368455531567199005E-48, -1.000000000000000000, 1.232595164408000087E-32 ) ) ;
#1424 = ORIENTED_EDGE ( 'NONE', *, *, #2671, .T. ) ;
#1425 = CLOSED_SHELL ( 'NONE', ( #1655, #2480, #867, #1864, #2602, #2582, #1138, #2617, #2832, #1031, #84, #2142 ) ) ;
#1426 = CARTESIAN_POINT ( 'NONE',  ( -0.1749999999997209621, 0.8500000000000429434, 0.0000000000000000000 ) ) ;
#1427 = SURFACE_STYLE_FILL_AREA ( #937 ) ;
#1428 = CARTESIAN_POINT ( 'NONE',  ( -0.4500000000000000666, -0.4910598222670000124, 0.7760472859739999674 ) ) ;
#1429 =( LENGTH_UNIT ( ) NAMED_UNIT ( * ) SI_UNIT ( .MILLI., .METRE. ) );
#1430 = DIRECTION ( 'NONE',  ( -1.000000000000000000, 0.0000000000000000000, 0.0000000000000000000 ) ) ;
#1431 = AXIS2_PLACEMENT_3D ( 'NONE', #69, #645, #1523 ) ;
#1432 = PRESENTATION_LAYER_ASSIGNMENT (  '', '', ( #558 ) ) ;
#1433 = VERTEX_POINT ( 'NONE', #2164 ) ;
#1434 = COLOUR_RGB ( '',1.000000000000000000, 0.0000000000000000000, 0.0000000000000000000 ) ;
#1435 = VECTOR ( 'NONE', #345, 1000.000000000000000 ) ;
#1436 = DIRECTION ( 'NONE',  ( 0.0000000000000000000, 0.0000000000000000000, 1.000000000000000000 ) ) ;
#1437 = CIRCLE ( 'NONE', #2698, 0.1800208333330000077 ) ;
#1438 = FACE_OUTER_BOUND ( 'NONE', #1756, .T. ) ;
#1439 = VECTOR ( 'NONE', #939, 1000.000000000000000 ) ;
#1441 = EDGE_LOOP ( 'NONE', ( #473, #2187, #247, #2277, #1415, #1058, #2293, #93 ) ) ;
#1440 = EDGE_CURVE ( 'NONE', #2468, #2578, #2117, .T. ) ;
#1442 = DIRECTION ( 'NONE',  ( 0.0000000000000000000, 0.0000000000000000000, -1.000000000000000000 ) ) ;
#1443 = PRODUCT_DEFINITION_FORMATION_WITH_SPECIFIED_SOURCE ( 'ANY', '', #751, .NOT_KNOWN. ) ;
#1444 = DIRECTION ( 'NONE',  ( 1.000000000000000000, -1.110223024625000001E-16, 1.232595164408000087E-32 ) ) ;
#1445 = CARTESIAN_POINT ( 'NONE',  ( -0.4500000000000000666, -0.4910598222669931845, 0.7760472859740384921 ) ) ;
#1446 = PRODUCT_DEFINITION_SHAPE ( 'NONE', 'NONE',  #2856 ) ;
#1447 = APPLICATION_CONTEXT ( 'automotive_design' ) ;
#1448 = DIRECTION ( 'NONE',  ( -0.0000000000000000000, 1.000000000000000000, 0.0000000000000000000 ) ) ;
#1449 = CARTESIAN_POINT ( 'NONE',  ( 0.1594714487970000094, 0.09717791411043000260, 0.0000000000000000000 ) ) ;
#1450 = ORIENTED_EDGE ( 'NONE', *, *, #267, .T. ) ;
#1451 = DIRECTION ( 'NONE',  ( 1.000000000000000000, 0.0000000000000000000, 0.0000000000000000000 ) ) ;
#1452 = EDGE_CURVE ( 'NONE', #1049, #855, #2347, .T. ) ;
#1453 = DIRECTION ( 'NONE',  ( 0.0000000000000000000, -0.0000000000000000000, -1.000000000000000000 ) ) ;
#1454 = ORIENTED_EDGE ( 'NONE', *, *, #1048, .F. ) ;
#1455 = ORIENTED_EDGE ( 'NONE', *, *, #2331, .T. ) ;
#1456 = PLANE ( 'NONE',  #971 ) ;
#1457 = DIRECTION ( 'NONE',  ( 1.000000000000000000, 0.0000000000000000000, 0.0000000000000000000 ) ) ;
#1458 = ORIENTED_EDGE ( 'NONE', *, *, #1123, .T. ) ;
#1459 = DIRECTION ( 'NONE',  ( -0.0000000000000000000, -0.0000000000000000000, -1.000000000000000000 ) ) ;
#1460 = SURFACE_STYLE_USAGE ( .BOTH. , #797 ) ;
#1461 = ORIENTED_EDGE ( 'NONE', *, *, #1939, .F. ) ;
#1462 =( LENGTH_UNIT ( ) NAMED_UNIT ( * ) SI_UNIT ( .MILLI., .METRE. ) );
#1463 = ORIENTED_EDGE ( 'NONE', *, *, #2497, .T. ) ;
#1464 = SURFACE_STYLE_FILL_AREA ( #586 ) ;
#1465 = ADVANCED_FACE ( 'NONE', ( #815 ), #1719, .T. ) ;
#1466 = VERTEX_POINT ( 'NONE', #1225 ) ;
#1467 =( NAMED_UNIT ( * ) PLANE_ANGLE_UNIT ( ) SI_UNIT ( $, .RADIAN. ) );
#1468 = DIRECTION ( 'NONE',  ( -0.0000000000000000000, 0.0000000000000000000, 1.000000000000000000 ) ) ;
#1469 = FILL_AREA_STYLE_COLOUR ( '', #1671 ) ;
#1470 = CARTESIAN_POINT ( 'NONE',  ( 0.1749999999998571310, 0.8499999999999999778, 0.02000000000000000042 ) ) ;
#1471 = CARTESIAN_POINT ( 'NONE',  ( 0.1661160924960000118, 0.1063142991980000063, 0.0000000000000000000 ) ) ;
#1472 = AXIS2_PLACEMENT_3D ( 'NONE', #673, #2048, #1785 ) ;
#1473 = VERTEX_POINT ( 'NONE', #2816 ) ;
#1474 = AXIS2_PLACEMENT_3D ( 'NONE', #128, #1872, #507 ) ;
#1475 = VECTOR ( 'NONE', #488, 1000.000000000000000 ) ;
#1476 = ORIENTED_EDGE ( 'NONE', *, *, #2413, .T. ) ;
#1477 = DIRECTION ( 'NONE',  ( -0.0000000000000000000, 0.0000000000000000000, -1.000000000000000000 ) ) ;
#1478 = VECTOR ( 'NONE', #2269, 1000.000000000000000 ) ;
#1479 = ORIENTED_EDGE ( 'NONE', *, *, #1401, .F. ) ;
#1480 = FILL_AREA_STYLE_COLOUR ( '', #1397 ) ;
#1481 = LINE ( 'NONE', #1075, #965 ) ;
#1482 = EDGE_CURVE ( 'NONE', #2578, #348, #806, .T. ) ;
#1483 = MANIFOLD_SOLID_BREP ( 'Imported1', #2135 ) ;
#1484 = DIRECTION ( 'NONE',  ( 1.000000000000000000, 0.0000000000000000000, 0.0000000000000000000 ) ) ;
#1485 = CARTESIAN_POINT ( 'NONE',  ( 0.0000000000000000000, 0.0000000000000000000, 0.0000000000000000000 ) ) ;
#1486 = EDGE_CURVE ( 'NONE', #2625, #403, #2238, .T. ) ;
#1487 = MANIFOLD_SOLID_BREP ( 'Imported1', #1425 ) ;
#1488 = DIRECTION ( 'NONE',  ( 0.0000000000000000000, -0.0000000000000000000, -1.000000000000000000 ) ) ;
#1489 = APPLICATION_PROTOCOL_DEFINITION ( 'draft international standard', 'automotive_design', 1998, #1891 ) ;
#1490 = PRESENTATION_STYLE_ASSIGNMENT (( #1236 ) ) ;
#1491 = ORIENTED_EDGE ( 'NONE', *, *, #1310, .T. ) ;
#1492 = ORIENTED_EDGE ( 'NONE', *, *, #1452, .T. ) ;
#1493 = CARTESIAN_POINT ( 'NONE',  ( 0.4500000000000000666, -0.5749999999999999556, 0.3099999997760000126 ) ) ;
#1494 = ORIENTED_EDGE ( 'NONE', *, *, #1870, .T. ) ;
#1495 =( NAMED_UNIT ( * ) SI_UNIT ( $, .STERADIAN. ) SOLID_ANGLE_UNIT ( ) );
#1496 = DIRECTION ( 'NONE',  ( 1.000000000000000000, 0.0000000000000000000, 0.0000000000000000000 ) ) ;
#1497 = SHELL_BASED_SURFACE_MODEL ( 'NONE', ( #641 ) );
#1498 = EDGE_CURVE ( 'NONE', #183, #2106, #2783, .T. ) ;
#1499 = CARTESIAN_POINT ( 'NONE',  ( 0.1528268050970000014, 0.1196035865970000028, 0.0000000000000000000 ) ) ;
#1500 = FACE_OUTER_BOUND ( 'NONE', #1615, .T. ) ;
#1501 = PRODUCT_CONTEXT ( 'NONE', #1263, 'mechanical' ) ;
#1502 = EDGE_CURVE ( 'NONE', #1061, #1830, #2623, .T. ) ;
#1503 = ORIENTED_EDGE ( 'NONE', *, *, #1635, .F. ) ;
#1504 = EDGE_CURVE ( 'NONE', #2012, #1049, #612, .T. ) ;
#1505 = EDGE_LOOP ( 'NONE', ( #1644, #1760, #1458, #129 ) ) ;
#1506 = CARTESIAN_POINT ( 'NONE',  ( -4.778713674511000017E-33, -0.8800208333329999633, 0.3100000023839999952 ) ) ;
#1507 = ORIENTED_EDGE ( 'NONE', *, *, #2597, .F. ) ;
#1508 = DIRECTION ( 'NONE',  ( 1.000000000000000000, -1.224646000000000070E-16, -0.0000000000000000000 ) ) ;
#1509 = CARTESIAN_POINT ( 'NONE',  ( -1.611894917424000117E-17, 0.8770833333330000370, 0.02000000000000000042 ) ) ;
#1510 = PLANE ( 'NONE',  #2736 ) ;
#1511 = CONTEXT_DEPENDENT_SHAPE_REPRESENTATION ( #1088, #773 ) ;
#1512 = EDGE_CURVE ( 'NONE', #1172, #2152, #1978, .T. ) ;
#1513 = ORIENTED_EDGE ( 'NONE', *, *, #1149, .T. ) ;
#1515 = ORIENTED_EDGE ( 'NONE', *, *, #2388, .F. ) ;
#1514 = VECTOR ( 'NONE', #1508, 1000.000000000000000 ) ;
#1516 = SHELL_BASED_SURFACE_MODEL ( 'NONE', ( #2274 ) );
#1517 = AXIS2_PLACEMENT_3D ( 'NONE', #1831, #2563, #2717 ) ;
#1518 = ADVANCED_FACE ( 'NONE', ( #248 ), #1966, .T. ) ;
#1519 = COLOUR_RGB ( '',1.000000000000000000, 0.8392156862745098200, 0.0000000000000000000 ) ;
#1520 = VECTOR ( 'NONE', #1409, 1000.000000000000000 ) ;
#1521 = VERTEX_POINT ( 'NONE', #227 ) ;
#1522 = CARTESIAN_POINT ( 'NONE',  ( 0.4500000000000000666, -0.5749999999999999556, 0.2999999999999999889 ) ) ;
#1523 = DIRECTION ( 'NONE',  ( -1.000000000000000000, 0.0000000000000000000, -0.0000000000000000000 ) ) ;
#1524 = AXIS2_PLACEMENT_3D ( 'NONE', #308, #735, #1430 ) ;
#1525 = CIRCLE ( 'NONE', #1294, 0.1500000000000000222 ) ;
#1526 = PRESENTATION_LAYER_ASSIGNMENT (  '', '', ( #2798 ) ) ;
#1527 = CARTESIAN_POINT ( 'NONE',  ( 0.03466465282365658457, 0.1129672556239362385, 0.0000000000000000000 ) ) ;
#1528 = AXIS2_PLACEMENT_3D ( 'NONE', #914, #1875, #1641 ) ;
#1529 = ORIENTED_EDGE ( 'NONE', *, *, #1939, .T. ) ;
#1530 = SURFACE_STYLE_FILL_AREA ( #1932 ) ;
#1531 = LINE ( 'NONE', #2232, #514 ) ;
#1532 = PRODUCT_CONTEXT ( 'NONE', #2454, 'mechanical' ) ;
#1533 = ORIENTED_EDGE ( 'NONE', *, *, #1740, .F. ) ;
#1534 =( REPRESENTATION_RELATIONSHIP ('NONE','NONE', #1082, #211 ) REPRESENTATION_RELATIONSHIP_WITH_TRANSFORMATION ( #2273 )SHAPE_REPRESENTATION_RELATIONSHIP( ) );
#1535 = EDGE_CURVE ( 'NONE', #545, #1433, #2634, .T. ) ;
#1536 = ORIENTED_EDGE ( 'NONE', *, *, #1368, .T. ) ;
#1537 = CARTESIAN_POINT ( 'NONE',  ( -0.1749999999997176314, -0.8500000000000215161, 0.0000000000000000000 ) ) ;
#1538 = EDGE_LOOP ( 'NONE', ( #2327, #189, #824, #1134 ) ) ;
#1539 = CARTESIAN_POINT ( 'NONE',  ( -0.1749999999999999889, -0.8499999999999999778, 0.0000000000000000000 ) ) ;
#1540 = EDGE_CURVE ( 'NONE', #769, #2317, #1101, .T. ) ;
#1541 = ADVANCED_FACE ( 'NONE', ( #427 ), #1304, .F. ) ;
#1542 = DIRECTION ( 'NONE',  ( 1.000000000000000000, -0.0000000000000000000, 0.0000000000000000000 ) ) ;
#1543 = PLANE ( 'NONE',  #1472 ) ;
#1544 = ORIENTED_EDGE ( 'NONE', *, *, #1205, .F. ) ;
#1545 = LINE ( 'NONE', #2271, #1845 ) ;
#1546 = CARTESIAN_POINT ( 'NONE',  ( 0.1558376592730000010, 0.08253893345917999447, 0.0000000000000000000 ) ) ;
#1547 = VERTEX_POINT ( 'NONE', #716 ) ;
#1548 = B_SPLINE_CURVE_WITH_KNOTS ( 'NONE', 3,
 ( #476, #2637, #440, #671 ),
 .UNSPECIFIED., .F., .F.,
 ( 4, 4 ),
 ( 0.0000000000000000000, 1.000000000000000000 ),
 .UNSPECIFIED. ) ;
#1549 = ORIENTED_EDGE ( 'NONE', *, *, #2267, .T. ) ;
#1550 =( NAMED_UNIT ( * ) SI_UNIT ( $, .STERADIAN. ) SOLID_ANGLE_UNIT ( ) );
#1551 = CARTESIAN_POINT ( 'NONE',  ( 0.1114395932045988413, 0.04634420607204521592, 0.0000000000000000000 ) ) ;
#1552 = FACE_OUTER_BOUND ( 'NONE', #1606, .T. ) ;
#1553 = EDGE_CURVE ( 'NONE', #2430, #183, #114, .T. ) ;
#1554 = UNCERTAINTY_MEASURE_WITH_UNIT (LENGTH_MEASURE( 1.000000000000000082E-05 ), #141, 'distance_accuracy_value', 'NONE');
#1555 = PRESENTATION_STYLE_ASSIGNMENT (( #675 ) ) ;
#1556 = CARTESIAN_POINT ( 'NONE',  ( 0.04283144596507618140, 0.1194382803204876303, 0.0000000000000000000 ) ) ;
#1557 = EDGE_CURVE ( 'NONE', #775, #574, #1593, .T. ) ;
#1558 = DIRECTION ( 'NONE',  ( -1.000000000000000000, 1.224646000000000070E-16, 0.0000000000000000000 ) ) ;
#1559 = PLANE ( 'NONE',  #155 ) ;
#1560 = VECTOR ( 'NONE', #1300, 1000.000000000000000 ) ;
#1561 = VERTEX_POINT ( 'NONE', #2738 ) ;
#1562 = ORIENTED_EDGE ( 'NONE', *, *, #2298, .T. ) ;
#1563 = DIRECTION ( 'NONE',  ( -1.000000000000000000, 0.0000000000000000000, -0.0000000000000000000 ) ) ;
#1564 = SURFACE_STYLE_USAGE ( .BOTH. , #452 ) ;
#1565 = VERTEX_POINT ( 'NONE', #1147 ) ;
#1566 = VECTOR ( 'NONE', #431, 1000.000000000000000 ) ;
#1567 = FACE_OUTER_BOUND ( 'NONE', #746, .T. ) ;
#1568 = LINE ( 'NONE', #259, #1387 ) ;
#1569 = AXIS2_PLACEMENT_3D ( 'NONE', #1137, #52, #915 ) ;
#1570 = CARTESIAN_POINT ( 'NONE',  ( 0.4500000000000000666, 0.8499999999999999778, 0.3099999997760000126 ) ) ;
#1571 =( NAMED_UNIT ( * ) SI_UNIT ( $, .STERADIAN. ) SOLID_ANGLE_UNIT ( ) );
#1573 = ADVANCED_FACE ( 'NONE', ( #1406 ), #1209, .F. ) ;
#1572 = VECTOR ( 'NONE', #896, 1000.000000000000000 ) ;
#1574 = MECHANICAL_DESIGN_GEOMETRIC_PRESENTATION_REPRESENTATION (  '', ( #286 ), #1909 ) ;
#1575 = CARTESIAN_POINT ( 'NONE',  ( 0.03465356515310833579, 0.1018848067243144917, 0.0000000000000000000 ) ) ;
#1576 = DIRECTION ( 'NONE',  ( -0.0000000000000000000, -1.000000000000000000, 0.0000000000000000000 ) ) ;
#1577 = LINE ( 'NONE', #1163, #2285 ) ;
#1578 = PRODUCT_DEFINITION_FORMATION_WITH_SPECIFIED_SOURCE ( 'ANY', '', #312, .NOT_KNOWN. ) ;
#1579 = ORIENTED_EDGE ( 'NONE', *, *, #2066, .F. ) ;
#1580 = VERTEX_POINT ( 'NONE', #2275 ) ;
#1581 = LINE ( 'NONE', #739, #1023 ) ;
#1582 = FILL_AREA_STYLE_COLOUR ( '', #788 ) ;
#1583 = ORIENTED_EDGE ( 'NONE', *, *, #2284, .T. ) ;
#1584 = DIRECTION ( 'NONE',  ( 0.0000000000000000000, 0.0000000000000000000, 1.000000000000000000 ) ) ;
#1585 = DIRECTION ( 'NONE',  ( 0.0000000000000000000, -1.000000000000000000, 0.0000000000000000000 ) ) ;
#1586 = DIRECTION ( 'NONE',  ( 0.0000000000000000000, 0.0000000000000000000, -1.000000000000000000 ) ) ;
#1587 = SURFACE_STYLE_USAGE ( .BOTH. , #1090 ) ;
#1588 = SHAPE_REPRESENTATION ( 'User_Library-LTST-C190GKT_Pad005', ( #242 ), #701 ) ;
#1589 = CARTESIAN_POINT ( 'NONE',  ( 0.03344230197865500492, 0.09973914052945782871, 0.0000000000000000000 ) ) ;
#1590 = DIRECTION ( 'NONE',  ( 0.0000000000000000000, 0.0000000000000000000, 1.000000000000000000 ) ) ;
#1591 = CARTESIAN_POINT ( 'NONE',  ( 0.1749999999998571310, 0.8499999999999999778, 0.3099999997760000126 ) ) ;
#1592 = ORIENTED_EDGE ( 'NONE', *, *, #938, .F. ) ;
#1593 = LINE ( 'NONE', #2085, #421 ) ;
#1594 = CARTESIAN_POINT ( 'NONE',  ( 0.1621708353000000102, 0.09686644643700000057, 0.0000000000000000000 ) ) ;
#1596 = EDGE_CURVE ( 'NONE', #2668, #357, #2290, .T. ) ;
#1595 = ORIENTED_EDGE ( 'NONE', *, *, #938, .T. ) ;
#1597 = CARTESIAN_POINT ( 'NONE',  ( -0.4500000000000001221, 0.8499999999999999778, 0.02000000000000000042 ) ) ;
#1598 =( NAMED_UNIT ( * ) PLANE_ANGLE_UNIT ( ) SI_UNIT ( $, .RADIAN. ) );
#1599 = VERTEX_POINT ( 'NONE', #2262 ) ;
#1600 = CARTESIAN_POINT ( 'NONE',  ( 0.03706465313827000951, 0.09686644643700000057, 0.0000000000000000000 ) ) ;
#1601 =( LENGTH_UNIT ( ) NAMED_UNIT ( * ) SI_UNIT ( .MILLI., .METRE. ) );
#1602 = DIRECTION ( 'NONE',  ( 0.0000000000000000000, 0.0000000000000000000, -1.000000000000000000 ) ) ;
#1603 = PRODUCT ( 'User_Library-LTST-C190GKT_Pad005', 'User_Library-LTST-C190GKT_Pad005', '', ( #401 ) ) ;
#1604 = CARTESIAN_POINT ( 'NONE',  ( 0.1115175085736259258, 0.1664661302500893281, 0.0000000000000000000 ) ) ;
#1605 = CARTESIAN_POINT ( 'NONE',  ( 1.275645363164999983E-33, -0.8770833333330000370, 0.0000000000000000000 ) ) ;
#1606 = EDGE_LOOP ( 'NONE', ( #453, #534, #1630, #1698 ) ) ;
#1607 = EDGE_CURVE ( 'NONE', #2517, #1547, #2073, .T. ) ;
#1608 = CARTESIAN_POINT ( 'NONE',  ( 0.1563650847886029482, 0.1194382803204875887, 0.0000000000000000000 ) ) ;
#1609 = ORIENTED_EDGE ( 'NONE', *, *, #921, .T. ) ;
#1610 = CARTESIAN_POINT ( 'NONE',  ( -0.1749999999998571310, -0.8499999999999999778, 0.02000000000000000042 ) ) ;
#1611 = VECTOR ( 'NONE', #1282, 1000.000000000000000 ) ;
#1612 = CARTESIAN_POINT ( 'NONE',  ( 0.04630486078339000194, 0.09302501179802001585, 0.0000000000000000000 ) ) ;
#1613 = EDGE_CURVE ( 'NONE', #428, #342, #1581, .T. ) ;
#1614 = STYLED_ITEM ( 'NONE', ( #1646 ), #2428 ) ;
#1615 = EDGE_LOOP ( 'NONE', ( #2120, #1330, #1252, #2498 ) ) ;
#1616 = LINE ( 'NONE', #125, #2835 ) ;
#1617 = CARTESIAN_POINT ( 'NONE',  ( -0.1749999999999999889, 0.8499999999999999778, 0.2999999999999999889 ) ) ;
#1618 = PRESENTATION_LAYER_ASSIGNMENT (  '', '', ( #2603 ) ) ;
#1619 = VECTOR ( 'NONE', #337, 1000.000000000000000 ) ;
#1620 = PRESENTATION_LAYER_ASSIGNMENT (  '', '', ( #334 ) ) ;
#1621 = CIRCLE ( 'NONE', #740, 0.1800208333330000077 ) ;
#1622 = CARTESIAN_POINT ( 'NONE',  ( -0.1749999999997176314, 0.8500000000000215161, 0.3000000011919999876 ) ) ;
#1623 = DIRECTION ( 'NONE',  ( -1.000000000000000000, 0.0000000000000000000, 0.0000000000000000000 ) ) ;
#1624 = VECTOR ( 'NONE', #1602, 1000.000000000000000 ) ;
#1625 = LINE ( 'NONE', #2754, #822 ) ;
#1626 =( GEOMETRIC_REPRESENTATION_CONTEXT ( 3 ) GLOBAL_UNCERTAINTY_ASSIGNED_CONTEXT ( ( #1361 ) ) GLOBAL_UNIT_ASSIGNED_CONTEXT ( ( #350, #377, #1495 ) ) REPRESENTATION_CONTEXT ( 'NONE', 'WORKASPACE' ) );
#1627 = FACE_OUTER_BOUND ( 'NONE', #391, .T. ) ;
#1628 =( LENGTH_UNIT ( ) NAMED_UNIT ( * ) SI_UNIT ( .MILLI., .METRE. ) );
#1629 = EDGE_CURVE ( 'NONE', #1718, #733, #2733, .T. ) ;
#1630 = ORIENTED_EDGE ( 'NONE', *, *, #2284, .F. ) ;
#1631 = CARTESIAN_POINT ( 'NONE',  ( 0.1774999999997223799, 0.8500000000000230704, 0.3100000023839999952 ) ) ;
#1632 = DIRECTION ( 'NONE',  ( 0.0000000000000000000, 0.0000000000000000000, -1.000000000000000000 ) ) ;
#1633 = ORIENTED_EDGE ( 'NONE', *, *, #1123, .F. ) ;
#1634 = FACE_OUTER_BOUND ( 'NONE', #1277, .T. ) ;
#1635 = EDGE_CURVE ( 'NONE', #1291, #2517, #1525, .T. ) ;
#1636 = APPLICATION_CONTEXT ( 'automotive_design' ) ;
#1637 = LINE ( 'NONE', #2295, #1105 ) ;
#1638 = CYLINDRICAL_SURFACE ( 'NONE', #1800, 0.1499999999999999944 ) ;
#1639 = CARTESIAN_POINT ( 'NONE',  ( 0.4500000000000000666, 0.8499999999999999778, 0.02000000000000000042 ) ) ;
#1640 = ORIENTED_EDGE ( 'NONE', *, *, #1635, .T. ) ;
#1641 = DIRECTION ( 'NONE',  ( 1.000000000000000000, 0.0000000000000000000, 0.0000000000000000000 ) ) ;
#1642 = CARTESIAN_POINT ( 'NONE',  ( 1.077934498301000118E-16, 0.8802008928569999835, 0.0000000000000000000 ) ) ;
#1643 = B_SPLINE_CURVE_WITH_KNOTS ( 'NONE', 3,
 ( #224, #2101, #2522, #2084 ),
 .UNSPECIFIED., .F., .F.,
 ( 4, 4 ),
 ( 0.0000000000000000000, 1.000000000000000000 ),
 .UNSPECIFIED. ) ;
#1644 = ORIENTED_EDGE ( 'NONE', *, *, #1705, .T. ) ;
#1645 = DIRECTION ( 'NONE',  ( 0.0000000000000000000, 0.0000000000000000000, -1.000000000000000000 ) ) ;
#1646 = PRESENTATION_STYLE_ASSIGNMENT (( #2714 ) ) ;
#1647 = ORIENTED_EDGE ( 'NONE', *, *, #29, .T. ) ;
#1648 = DIRECTION ( 'NONE',  ( -1.000000000000000000, 0.0000000000000000000, 0.0000000000000000000 ) ) ;
#1649 = FILL_AREA_STYLE ('',( #763 ) ) ;
#1650 = LINE ( 'NONE', #2774, #2739 ) ;
#1651 = APPLICATION_CONTEXT ( 'automotive_design' ) ;
#1652 = PRESENTATION_STYLE_ASSIGNMENT (( #2775 ) ) ;
#1653 = CARTESIAN_POINT ( 'NONE',  ( 0.4500000000000000666, -0.8499999999999999778, 0.02000000000000000042 ) ) ;
#1654 = EDGE_LOOP ( 'NONE', ( #2583, #1876, #913, #2402, #1093, #2782 ) ) ;
#1655 = ADVANCED_FACE ( 'NONE', ( #1627 ), #484, .F. ) ;
#1656 = DIRECTION ( 'NONE',  ( 0.0000000000000000000, 0.0000000000000000000, 1.000000000000000000 ) ) ;
#1657 = CARTESIAN_POINT ( 'NONE',  ( 0.03322321849928998316, 0.09717791411043000260, 0.0000000000000000000 ) ) ;
#1658 = ORIENTED_EDGE ( 'NONE', *, *, #2397, .F. ) ;
#1659 = FACE_OUTER_BOUND ( 'NONE', #1538, .T. ) ;
#1660 = DIRECTION ( 'NONE',  ( -1.000000000000000000, 0.0000000000000000000, 0.0000000000000000000 ) ) ;
#1661 = ORIENTED_EDGE ( 'NONE', *, *, #1704, .F. ) ;
#1662 = CIRCLE ( 'NONE', #781, 0.1770833333329999981 ) ;
#1663 = DIRECTION ( 'NONE',  ( 1.000000000000000000, 0.0000000000000000000, 0.0000000000000000000 ) ) ;
#1664 = EDGE_CURVE ( 'NONE', #184, #2716, #2076, .T. ) ;
#1665 = DIRECTION ( 'NONE',  ( 0.0000000000000000000, 0.0000000000000000000, 1.000000000000000000 ) ) ;
#1666 = DIRECTION ( 'NONE',  ( -1.000000000000000000, 1.224646000000000070E-16, 0.0000000000000000000 ) ) ;
#1667 = ORIENTED_EDGE ( 'NONE', *, *, #2588, .T. ) ;
#1668 = VECTOR ( 'NONE', #81, 1000.000000000000000 ) ;
#1669 = DIRECTION ( 'NONE',  ( 0.0000000000000000000, 0.0000000000000000000, 1.000000000000000000 ) ) ;
#1670 = PRODUCT_DEFINITION ( 'UNKNOWN', '', #1578, #854 ) ;
#1671 = COLOUR_RGB ( '',0.7921568627450980005, 0.8196078431372548767, 0.9333333333333333481 ) ;
#1672 = SURFACE_SIDE_STYLE ('',( #1313 ) ) ;
#1673 =( GEOMETRIC_REPRESENTATION_CONTEXT ( 3 ) GLOBAL_UNCERTAINTY_ASSIGNED_CONTEXT ( ( #316 ) ) GLOBAL_UNIT_ASSIGNED_CONTEXT ( ( #1130, #1216, #491 ) ) REPRESENTATION_CONTEXT ( 'NONE', 'WORKASPACE' ) );
#1674 = VERTEX_POINT ( 'NONE', #2482 ) ;
#1675 = EDGE_LOOP ( 'NONE', ( #826, #805, #1965, #1479 ) ) ;
#1676 = PRODUCT_DEFINITION_FORMATION_WITH_SPECIFIED_SOURCE ( 'ANY', '', #725, .NOT_KNOWN. ) ;
#1677 = PRODUCT_DEFINITION_CONTEXT ( 'detailed design', #619, 'design' ) ;
#1678 = VERTEX_POINT ( 'NONE', #1861 ) ;
#1679 = PLANE ( 'NONE',  #2749 ) ;
#1680 = ORIENTED_EDGE ( 'NONE', *, *, #2350, .F. ) ;
#1681 = CARTESIAN_POINT ( 'NONE',  ( 0.1129589428980000004, 0.1196035865970000028, 0.0000000000000000000 ) ) ;
#1682 = DIRECTION ( 'NONE',  ( 1.000000000000000000, 0.0000000000000000000, 0.0000000000000000000 ) ) ;
#1683 = DIRECTION ( 'NONE',  ( -1.000000000000000000, 0.0000000000000000000, -0.0000000000000000000 ) ) ;
#1684 = EDGE_CURVE ( 'NONE', #881, #2237, #1796, .T. ) ;
#1685 = EDGE_CURVE ( 'NONE', #2631, #553, #757, .T. ) ;
#1686 = VERTEX_POINT ( 'NONE', #727 ) ;
#1687 = EDGE_LOOP ( 'NONE', ( #1767, #1303, #256, #449, #1691, #871 ) ) ;
#1688 = DIRECTION ( 'NONE',  ( 1.000000000000000000, 0.0000000000000000000, -0.0000000000000000000 ) ) ;
#1689 =( LENGTH_UNIT ( ) NAMED_UNIT ( * ) SI_UNIT ( .MILLI., .METRE. ) );
#1690 = EDGE_CURVE ( 'NONE', #733, #605, #1238, .T. ) ;
#1691 = ORIENTED_EDGE ( 'NONE', *, *, #2384, .T. ) ;
#1692 =( LENGTH_UNIT ( ) NAMED_UNIT ( * ) SI_UNIT ( .MILLI., .METRE. ) );
#1693 = CARTESIAN_POINT ( 'NONE',  ( 0.4500000000000000666, -0.8499999999999999778, 0.2999999999999999889 ) ) ;
#1694 = CARTESIAN_POINT ( 'NONE',  ( 0.2000000000000000389, -0.4500000000000000111, 0.0000000000000000000 ) ) ;
#1695 =( NAMED_UNIT ( * ) SI_UNIT ( $, .STERADIAN. ) SOLID_ANGLE_UNIT ( ) );
#1696 = APPLICATION_PROTOCOL_DEFINITION ( 'draft international standard', 'automotive_design', 1998, #2270 ) ;
#1697 = FILL_AREA_STYLE ('',( #812 ) ) ;
#1698 = ORIENTED_EDGE ( 'NONE', *, *, #1486, .F. ) ;
#1699 = VERTEX_POINT ( 'NONE', #1838 ) ;
#1700 = CARTESIAN_POINT ( 'NONE',  ( -0.1749999999999999889, 0.8499999999999999778, 0.02000000000000000042 ) ) ;
#1701 =( LENGTH_UNIT ( ) NAMED_UNIT ( * ) SI_UNIT ( .MILLI., .METRE. ) );
#1702 = PRODUCT_DEFINITION_CONTEXT ( 'detailed design', #2574, 'design' ) ;
#1703 = ORIENTED_EDGE ( 'NONE', *, *, #2737, .T. ) ;
#1704 = EDGE_CURVE ( 'NONE', #2594, #2578, #943, .T. ) ;
#1705 = EDGE_CURVE ( 'NONE', #2594, #439, #802, .T. ) ;
#1706 = FACE_OUTER_BOUND ( 'NONE', #147, .T. ) ;
#1707 = CLOSED_SHELL ( 'NONE', ( #1573, #1379, #2573, #135, #1012, #2818, #1902, #2044 ) ) ;
#1708 = CARTESIAN_POINT ( 'NONE',  ( 0.03685700802264998271, 0.08253893345917999447, 0.0000000000000000000 ) ) ;
#1709 = VECTOR ( 'NONE', #378, 1000.000000000000000 ) ;
#1710 = COLOUR_RGB ( '',1.000000000000000000, 0.0000000000000000000, 0.0000000000000000000 ) ;
#1711 = CARTESIAN_POINT ( 'NONE',  ( 0.2000000000000000389, -0.1999999999999999833, 0.0000000000000000000 ) ) ;
#1712 = SHAPE_DEFINITION_REPRESENTATION ( #2547, #1082 ) ;
#1713 = PRESENTATION_STYLE_ASSIGNMENT (( #2825 ) ) ;
#1714 =( GEOMETRIC_REPRESENTATION_CONTEXT ( 3 ) GLOBAL_UNCERTAINTY_ASSIGNED_CONTEXT ( ( #92 ) ) GLOBAL_UNIT_ASSIGNED_CONTEXT ( ( #2611, #827, #639 ) ) REPRESENTATION_CONTEXT ( 'NONE', 'WORKASPACE' ) );
#1715 = VERTEX_POINT ( 'NONE', #2571 ) ;
#1716 = CIRCLE ( 'NONE', #969, 0.1499999999999999944 ) ;
#1717 = VECTOR ( 'NONE', #2414, 1000.000000000000000 ) ;
#1718 = VERTEX_POINT ( 'NONE', #1471 ) ;
#1719 = PLANE ( 'NONE',  #112 ) ;
#1720 =( NAMED_UNIT ( * ) PLANE_ANGLE_UNIT ( ) SI_UNIT ( $, .RADIAN. ) );
#1722 = ADVANCED_FACE ( 'NONE', ( #2330 ), #2813, .F. ) ;
#1721 = MECHANICAL_DESIGN_GEOMETRIC_PRESENTATION_REPRESENTATION (  '', ( #704 ), #1673 ) ;
#1723 = ORIENTED_EDGE ( 'NONE', *, *, #2333, .T. ) ;
#1724 =( GEOMETRIC_REPRESENTATION_CONTEXT ( 3 ) GLOBAL_UNCERTAINTY_ASSIGNED_CONTEXT ( ( #2175 ) ) GLOBAL_UNIT_ASSIGNED_CONTEXT ( ( #2626, #415, #1192 ) ) REPRESENTATION_CONTEXT ( 'NONE', 'WORKASPACE' ) );
#1725 = CARTESIAN_POINT ( 'NONE',  ( -0.4500000000000000666, -0.5749999999999999556, 0.3099999997760000126 ) ) ;
#1726 = ADVANCED_FACE ( 'NONE', ( #1438 ), #1222, .T. ) ;
#1727 = CARTESIAN_POINT ( 'NONE',  ( 0.03344230197865500492, 0.08657100205088280598, 0.0000000000000000000 ) ) ;
#1728 =( LENGTH_UNIT ( ) NAMED_UNIT ( * ) SI_UNIT ( .MILLI., .METRE. ) );
#1729 = LINE ( 'NONE', #596, #1793 ) ;
#1730 = APPLICATION_PROTOCOL_DEFINITION ( 'draft international standard', 'automotive_design', 1998, #595 ) ;
#1731 = EDGE_LOOP ( 'NONE', ( #405, #2777, #808, #2130 ) ) ;
#1732 = ORIENTED_EDGE ( 'NONE', *, *, #2671, .F. ) ;
#1733 = CARTESIAN_POINT ( 'NONE',  ( 0.1129589428980000004, 0.1196035865970000028, 0.0000000000000000000 ) ) ;
#1734 = B_SPLINE_CURVE_WITH_KNOTS ( 'NONE', 3,
 ( #45, #940, #1604, #2259 ),
 .UNSPECIFIED., .F., .F.,
 ( 4, 4 ),
 ( 0.0000000000000000000, 1.000000000000000000 ),
 .UNSPECIFIED. ) ;
#1735 = VERTEX_POINT ( 'NONE', #571 ) ;
#1736 = CARTESIAN_POINT ( 'NONE',  ( -0.1749999999999999889, -0.8499999999999999778, 0.3000000011919999876 ) ) ;
#1737 = UNCERTAINTY_MEASURE_WITH_UNIT (LENGTH_MEASURE( 1.000000000000000082E-05 ), #1380, 'distance_accuracy_value', 'NONE');
#1738 = DIRECTION ( 'NONE',  ( 0.0000000000000000000, -1.000000000000000000, 0.0000000000000000000 ) ) ;
#1739 = ITEM_DEFINED_TRANSFORMATION ( 'NONE', 'NONE', #1120,  #242 ) ;
#1740 = EDGE_CURVE ( 'NONE', #1227, #450, #2161, .T. ) ;
#1741 = EDGE_LOOP ( 'NONE', ( #1912, #1398, #2358, #2311 ) ) ;
#1742 = VERTEX_POINT ( 'NONE', #1657 ) ;
#1743 = CARTESIAN_POINT ( 'NONE',  ( 0.1675000000000000100, -0.8499999999999999778, 0.0000000000000000000 ) ) ;
#1744 = ORIENTED_EDGE ( 'NONE', *, *, #2028, .T. ) ;
#1745 = CARTESIAN_POINT ( 'NONE',  ( -0.1749999999999999889, -0.8499999999999999778, 0.2999999999999999889 ) ) ;
#1746 = FACE_OUTER_BOUND ( 'NONE', #1956, .T. ) ;
#1747 = LINE ( 'NONE', #1077, #694 ) ;
#1748 = SHAPE_REPRESENTATION_RELATIONSHIP ( 'NONE' , 'NONE' ,  #2492, #1324 ) ;
#1749 = ADVANCED_FACE ( 'NONE', ( #1908 ), #2387, .T. ) ;
#1750 = ORIENTED_EDGE ( 'NONE', *, *, #1412, .F. ) ;
#1751 = LINE ( 'NONE', #679, #285 ) ;
#1752 = APPLICATION_PROTOCOL_DEFINITION ( 'draft international standard', 'automotive_design', 1998, #541 ) ;
#1753 = AXIS2_PLACEMENT_3D ( 'NONE', #2127, #1905, #99 ) ;
#1754 = VECTOR ( 'NONE', #496, 1000.000000000000000 ) ;
#1755 = COLOUR_RGB ( '',1.000000000000000000, 0.8392156862745098200, 0.0000000000000000000 ) ;
#1756 = EDGE_LOOP ( 'NONE', ( #1750, #502, #1640, #660 ) ) ;
#1757 = ADVANCED_FACE ( 'NONE', ( #1922 ), #2344, .F. ) ;
#1758 = ORIENTED_EDGE ( 'NONE', *, *, #1884, .T. ) ;
#1759 = VECTOR ( 'NONE', #500, 999.9999999999998863 ) ;
#1760 = ORIENTED_EDGE ( 'NONE', *, *, #2213, .T. ) ;
#1761 = CARTESIAN_POINT ( 'NONE',  ( 0.0000000000000000000, 0.0000000000000000000, 0.0000000000000000000 ) ) ;
#1762 = CARTESIAN_POINT ( 'NONE',  ( 0.1774999999997222411, -0.8500000000000230704, 0.3100000023839999952 ) ) ;
#1763 = CARTESIAN_POINT ( 'NONE',  ( 0.0000000000000000000, 0.8770833333330000370, 0.2999999999999999889 ) ) ;
#1764 = CIRCLE ( 'NONE', #1951, 0.1770833333329999981 ) ;
#1765 = VECTOR ( 'NONE', #2539, 1000.000000000000000 ) ;
#1766 =( GEOMETRIC_REPRESENTATION_CONTEXT ( 3 ) GLOBAL_UNCERTAINTY_ASSIGNED_CONTEXT ( ( #2245 ) ) GLOBAL_UNIT_ASSIGNED_CONTEXT ( ( #1728, #1113, #2705 ) ) REPRESENTATION_CONTEXT ( 'NONE', 'WORKASPACE' ) );
#1767 = ORIENTED_EDGE ( 'NONE', *, *, #425, .T. ) ;
#1768 = DIRECTION ( 'NONE',  ( -0.0000000000000000000, -0.0000000000000000000, -1.000000000000000000 ) ) ;
#1769 = PLANE ( 'NONE',  #649 ) ;
#1770 = ORIENTED_EDGE ( 'NONE', *, *, #2757, .T. ) ;
#1771 = CARTESIAN_POINT ( 'NONE',  ( 0.4500000000000000666, -0.8499999999999999778, 0.3099999997760000126 ) ) ;
#1772 = ORIENTED_EDGE ( 'NONE', *, *, #1512, .F. ) ;
#1773 = FILL_AREA_STYLE ('',( #257 ) ) ;
#1774 = CARTESIAN_POINT ( 'NONE',  ( -4.778713674511000017E-33, -0.8800208333329999633, 0.0000000000000000000 ) ) ;
#1775 = CYLINDRICAL_SURFACE ( 'NONE', #2642, 0.1702008928569999913 ) ;
#1776 = ADVANCED_FACE ( 'NONE', ( #557 ), #582, .F. ) ;
#1777 = SURFACE_STYLE_FILL_AREA ( #893 ) ;
#1778 = CARTESIAN_POINT ( 'NONE',  ( -0.4000000000000000222, -0.8499999999999999778, 0.01999999955297000059 ) ) ;
#1779 = DIRECTION ( 'NONE',  ( -0.0000000000000000000, -1.000000000000000000, -0.0000000000000000000 ) ) ;
#1780 = ORIENTED_EDGE ( 'NONE', *, *, #1557, .F. ) ;
#1781 =( NAMED_UNIT ( * ) PLANE_ANGLE_UNIT ( ) SI_UNIT ( $, .RADIAN. ) );
#1782 = PLANE ( 'NONE',  #736 ) ;
#1783 = DIRECTION ( 'NONE',  ( -0.0000000000000000000, -0.0000000000000000000, -1.000000000000000000 ) ) ;
#1784 = UNCERTAINTY_MEASURE_WITH_UNIT (LENGTH_MEASURE( 1.000000000000000082E-05 ), #537, 'distance_accuracy_value', 'NONE');
#1785 = DIRECTION ( 'NONE',  ( -2.220446049250000002E-16, 0.0000000000000000000, 1.000000000000000000 ) ) ;
#1786 = PRODUCT_RELATED_PRODUCT_CATEGORY ( 'part', '', ( #1121 ) ) ;
#1787 =( NAMED_UNIT ( * ) PLANE_ANGLE_UNIT ( ) SI_UNIT ( $, .RADIAN. ) );
#1788 = ADVANCED_FACE ( 'NONE', ( #275 ), #2440, .T. ) ;
#1789 = CARTESIAN_POINT ( 'NONE',  ( 0.1774999999999999911, -0.8499999999999999778, 0.3100000023839999952 ) ) ;
#1790 = UNCERTAINTY_MEASURE_WITH_UNIT (LENGTH_MEASURE( 1.000000000000000082E-05 ), #1962, 'distance_accuracy_value', 'NONE');
#1791 = CARTESIAN_POINT ( 'NONE',  ( 0.08638036809815999306, 0.09302501179802001585, 0.0000000000000000000 ) ) ;
#1792 = FACE_OUTER_BOUND ( 'NONE', #1369, .T. ) ;
#1793 = VECTOR ( 'NONE', #1488, 1000.000000000000000 ) ;
#1794 = ORIENTED_EDGE ( 'NONE', *, *, #1813, .T. ) ;
#1795 = ORIENTED_EDGE ( 'NONE', *, *, #1385, .T. ) ;
#1796 = LINE ( 'NONE', #1365, #508 ) ;
#1797 = CARTESIAN_POINT ( 'NONE',  ( -0.4000000000000000222, -0.4500000000000000666, 0.0000000000000000000 ) ) ;
#1798 = VERTEX_POINT ( 'NONE', #2660 ) ;
#1799 = VECTOR ( 'NONE', #179, 1000.000000000000000 ) ;
#1800 = AXIS2_PLACEMENT_3D ( 'NONE', #951, #2068, #1835 ) ;
#1801 = DIRECTION ( 'NONE',  ( 1.000000000000000000, 0.0000000000000000000, 0.0000000000000000000 ) ) ;
#1802 = PLANE ( 'NONE',  #1114 ) ;
#1803 = DIRECTION ( 'NONE',  ( 1.000000000000000000, 0.0000000000000000000, -0.0000000000000000000 ) ) ;
#1804 = EDGE_CURVE ( 'NONE', #1742, #1820, #32, .T. ) ;
#1805 = MECHANICAL_DESIGN_GEOMETRIC_PRESENTATION_REPRESENTATION (  '', ( #14 ), #2515 ) ;
#1806 = VECTOR ( 'NONE', #1355, 1000.000000000000000 ) ;
#1807 = LINE ( 'NONE', #762, #2321 ) ;
#1808 = LINE ( 'NONE', #1373, #1478 ) ;
#1809 = EDGE_CURVE ( 'NONE', #1565, #323, #2258, .T. ) ;
#1810 = CARTESIAN_POINT ( 'NONE',  ( -0.1749999999999999889, 0.4500000000000000666, 0.01999999955297000059 ) ) ;
#1811 = PLANE ( 'NONE',  #466 ) ;
#1812 = ITEM_DEFINED_TRANSFORMATION ( 'NONE', 'NONE', #2657,  #242 ) ;
#1813 = EDGE_CURVE ( 'NONE', #1580, #1045, #1362, .T. ) ;
#1814 = SURFACE_SIDE_STYLE ('',( #2072 ) ) ;
#1815 = CARTESIAN_POINT ( 'NONE',  ( 0.1594797615229362753, 0.1181231945884875789, 0.0000000000000000000 ) ) ;
#1816 = DIRECTION ( 'NONE',  ( -0.0000000000000000000, 1.000000000000000000, 0.0000000000000000000 ) ) ;
#1817 = ORIENTED_EDGE ( 'NONE', *, *, #1482, .F. ) ;
#1818 = LINE ( 'NONE', #301, #2791 ) ;
#1819 = CYLINDRICAL_SURFACE ( 'NONE', #150, 0.1770833333329999981 ) ;
#1820 = VERTEX_POINT ( 'NONE', #2674 ) ;
#1821 = CARTESIAN_POINT ( 'NONE',  ( -0.4500000000000000666, 0.5749999999999999556, 0.2999999999999999889 ) ) ;
#1822 = SURFACE_STYLE_USAGE ( .BOTH. , #2049 ) ;
#1823 = CARTESIAN_POINT ( 'NONE',  ( 0.03322321849928998316, 0.09717791411043000260, 0.0000000000000000000 ) ) ;
#1824 = LINE ( 'NONE', #1791, #1283 ) ;
#1825 = DIRECTION ( 'NONE',  ( -0.0000000000000000000, -0.0000000000000000000, -1.000000000000000000 ) ) ;
#1826 = EDGE_CURVE ( 'NONE', #2814, #1976, #2488, .T. ) ;
#1827 = DIRECTION ( 'NONE',  ( -0.0000000000000000000, -0.0000000000000000000, 1.000000000000000000 ) ) ;
#1828 = CARTESIAN_POINT ( 'NONE',  ( -0.4500000000000001221, -0.3433386697759999162, 0.9000000000000000222 ) ) ;
#1829 = EDGE_LOOP ( 'NONE', ( #2550, #632, #1592, #1267 ) ) ;
#1830 = VERTEX_POINT ( 'NONE', #1985 ) ;
#1831 = CARTESIAN_POINT ( 'NONE',  ( -0.4500000000000000666, -0.8499999999999999778, 0.02000000000000000042 ) ) ;
#1832 = PRESENTATION_STYLE_ASSIGNMENT (( #948 ) ) ;
#1833 = LINE ( 'NONE', #1617, #1286 ) ;
#1834 = PRODUCT_DEFINITION_SHAPE ( 'NONE', 'NONE',  #2855 ) ;
#1835 = DIRECTION ( 'NONE',  ( 0.0000000000000000000, -1.000000000000000000, 0.0000000000000000000 ) ) ;
#1836 = CARTESIAN_POINT ( 'NONE',  ( -0.1774999999997221301, 0.8500000000000230704, 0.3100000023839999952 ) ) ;
#1837 = ADVANCED_FACE ( 'NONE', ( #2503 ), #479, .F. ) ;
#1838 = CARTESIAN_POINT ( 'NONE',  ( 0.4499999761580000257, 0.4910598222674460445, 0.7760472859741183171 ) ) ;
#1839 = DIRECTION ( 'NONE',  ( -1.000000000000000000, 0.0000000000000000000, 0.0000000000000000000 ) ) ;
#1840 = AXIS2_PLACEMENT_3D ( 'NONE', #120, #1013, #2799 ) ;
#1841 = PRODUCT_RELATED_PRODUCT_CATEGORY ( 'part', '', ( #1865 ) ) ;
#1842 = EDGE_CURVE ( 'NONE', #1255, #585, #2664, .T. ) ;
#1843 = ORIENTED_EDGE ( 'NONE', *, *, #572, .F. ) ;
#1844 = DIRECTION ( 'NONE',  ( -0.0000000000000000000, -0.0000000000000000000, 1.000000000000000000 ) ) ;
#1845 = VECTOR ( 'NONE', #2662, 1000.000000000000000 ) ;
#1846 = VECTOR ( 'NONE', #734, 1000.000000000000000 ) ;
#1847 = ORIENTED_EDGE ( 'NONE', *, *, #689, .F. ) ;
#1848 = LINE ( 'NONE', #2065, #2745 ) ;
#1849 = FACE_OUTER_BOUND ( 'NONE', #255, .T. ) ;
#1850 =( GEOMETRIC_REPRESENTATION_CONTEXT ( 3 ) GLOBAL_UNCERTAINTY_ASSIGNED_CONTEXT ( ( #634 ) ) GLOBAL_UNIT_ASSIGNED_CONTEXT ( ( #1628, #284, #1420 ) ) REPRESENTATION_CONTEXT ( 'NONE', 'WORKASPACE' ) );
#1851 = B_SPLINE_CURVE_WITH_KNOTS ( 'NONE', 3,
 ( #299, #497, #326, #2725 ),
 .UNSPECIFIED., .F., .F.,
 ( 4, 4 ),
 ( 0.0000000000000000000, 1.000000000000000000 ),
 .UNSPECIFIED. ) ;
#1852 = MECHANICAL_DESIGN_GEOMETRIC_PRESENTATION_REPRESENTATION (  '', ( #334 ), #1208 ) ;
#1853 = VECTOR ( 'NONE', #38, 1000.000000000000000 ) ;
#1854 = FILL_AREA_STYLE_COLOUR ( '', #1755 ) ;
#1855 = CARTESIAN_POINT ( 'NONE',  ( 0.4000000000000000222, -0.8499999999999999778, 0.01999999955297000059 ) ) ;
#1856 = ORIENTED_EDGE ( 'NONE', *, *, #1607, .T. ) ;
#1857 = PRESENTATION_LAYER_ASSIGNMENT (  '', '', ( #286 ) ) ;
#1858 = CARTESIAN_POINT ( 'NONE',  ( -0.1749999999999999889, -0.8499999999999999778, 0.02000000000000000042 ) ) ;
#1859 = AXIS2_PLACEMENT_3D ( 'NONE', #770, #2801, #1906 ) ;
#1860 = CARTESIAN_POINT ( 'NONE',  ( 0.0000000000000000000, 0.0000000000000000000, 0.0000000000000000000 ) ) ;
#1861 = CARTESIAN_POINT ( 'NONE',  ( -0.1749999999997176314, 0.8500000000000215161, 0.3099999997760000126 ) ) ;
#1862 = PLANE ( 'NONE',  #2604 ) ;
#1863 = ORIENTED_EDGE ( 'NONE', *, *, #2089, .T. ) ;
#1864 = ADVANCED_FACE ( 'NONE', ( #894 ), #2455, .T. ) ;
#1865 = PRODUCT ( 'User Library-led0603_RED-1', 'User Library-led0603_RED-1', '', ( #1501 ) ) ;
#1866 = DIRECTION ( 'NONE',  ( -0.0000000000000000000, -1.000000000000000000, -0.0000000000000000000 ) ) ;
#1867 = FACE_OUTER_BOUND ( 'NONE', #2449, .T. ) ;
#1868 = EDGE_LOOP ( 'NONE', ( #249, #813, #1019, #424 ) ) ;
#1869 = DIRECTION ( 'NONE',  ( 0.0000000000000000000, 0.0000000000000000000, 1.000000000000000000 ) ) ;
#1870 = EDGE_CURVE ( 'NONE', #2820, #1742, #2621, .T. ) ;
#1871 = DIRECTION ( 'NONE',  ( 1.000000000000000000, 0.0000000000000000000, 0.0000000000000000000 ) ) ;
#1872 = DIRECTION ( 'NONE',  ( 0.0000000000000000000, -1.000000000000000000, 0.0000000000000000000 ) ) ;
#1873 = EDGE_LOOP ( 'NONE', ( #1017, #1424, #1936, #1795 ) ) ;
#1874 = CARTESIAN_POINT ( 'NONE',  ( -0.4000000000000000222, -0.4500000000000000666, 0.0000000000000000000 ) ) ;
#1875 = DIRECTION ( 'NONE',  ( 0.0000000000000000000, 0.0000000000000000000, 1.000000000000000000 ) ) ;
#1876 = ORIENTED_EDGE ( 'NONE', *, *, #1987, .F. ) ;
#1877 = CARTESIAN_POINT ( 'NONE',  ( 0.3999999999999999667, 0.8499999999999999778, 0.01999999955297000059 ) ) ;
#1878 = CARTESIAN_POINT ( 'NONE',  ( 0.03338417461066325864, 0.1027111546329106118, 0.0000000000000000000 ) ) ;
#1879 = EDGE_LOOP ( 'NONE', ( #2400, #846, #2850, #1234 ) ) ;
#1880 = PLANE ( 'NONE',  #1517 ) ;
#1881 =( LENGTH_UNIT ( ) NAMED_UNIT ( * ) SI_UNIT ( .MILLI., .METRE. ) );
#1882 = LINE ( 'NONE', #1428, #1846 ) ;
#1883 = EDGE_CURVE ( 'NONE', #1049, #204, #919, .T. ) ;
#1884 = EDGE_CURVE ( 'NONE', #2263, #932, #1808, .T. ) ;
#1885 = PLANE ( 'NONE',  #1999 ) ;
#1886 = ORIENTED_EDGE ( 'NONE', *, *, #1328, .T. ) ;
#1887 = SURFACE_STYLE_FILL_AREA ( #2779 ) ;
#1888 = SHAPE_REPRESENTATION ( 'String+', ( #2008 ), #1169 ) ;
#1889 = ORIENTED_EDGE ( 'NONE', *, *, #2710, .F. ) ;
#1890 = LINE ( 'NONE', #392, #2605 ) ;
#1891 = APPLICATION_CONTEXT ( 'automotive_design' ) ;
#1892 = ORIENTED_EDGE ( 'NONE', *, *, #1813, .F. ) ;
#1893 = CLOSED_SHELL ( 'NONE', ( #1078, #2848, #1518, #1749, #638, #2313 ) ) ;
#1894 = DIRECTION ( 'NONE',  ( -1.000000000000000000, 0.0000000000000000000, -0.0000000000000000000 ) ) ;
#1895 = SHAPE_REPRESENTATION_RELATIONSHIP ( 'NONE' , 'NONE' ,  #211, #845 ) ;
#1896 = DIRECTION ( 'NONE',  ( -1.000000000000000000, 1.110223024625000001E-16, -1.232595164408000087E-32 ) ) ;
#1897 =( NAMED_UNIT ( * ) SI_UNIT ( $, .STERADIAN. ) SOLID_ANGLE_UNIT ( ) );
#1898 = PRESENTATION_STYLE_ASSIGNMENT (( #384 ) ) ;
#1899 = AXIS2_PLACEMENT_3D ( 'NONE', #2420, #2451, #2004 ) ;
#1900 = AXIS2_PLACEMENT_3D ( 'NONE', #457, #1139, #1112 ) ;
#1901 = ORIENTED_EDGE ( 'NONE', *, *, #11, .T. ) ;
#1902 = ADVANCED_FACE ( 'NONE', ( #2052 ), #73, .F. ) ;
#1903 = PRESENTATION_LAYER_ASSIGNMENT (  '', '', ( #281 ) ) ;
#1904 = MECHANICAL_DESIGN_GEOMETRIC_PRESENTATION_REPRESENTATION (  '', ( #64 ), #1714 ) ;
#1905 = DIRECTION ( 'NONE',  ( 1.110223024625000001E-16, -1.232595164408000087E-32, -1.000000000000000000 ) ) ;
#1906 = DIRECTION ( 'NONE',  ( 1.000000000000000000, 0.0000000000000000000, 0.0000000000000000000 ) ) ;
#1907 = AXIS2_PLACEMENT_3D ( 'NONE', #723, #753, #952 ) ;
#1908 = FACE_OUTER_BOUND ( 'NONE', #974, .T. ) ;
#1909 =( GEOMETRIC_REPRESENTATION_CONTEXT ( 3 ) GLOBAL_UNCERTAINTY_ASSIGNED_CONTEXT ( ( #1970 ) ) GLOBAL_UNIT_ASSIGNED_CONTEXT ( ( #388, #1935, #771 ) ) REPRESENTATION_CONTEXT ( 'NONE', 'WORKASPACE' ) );
#1910 = ADVANCED_FACE ( 'NONE', ( #2081 ), #95, .T. ) ;
#1911 = VERTEX_POINT ( 'NONE', #2532 ) ;
#1912 = ORIENTED_EDGE ( 'NONE', *, *, #210, .F. ) ;
#1913 = CARTESIAN_POINT ( 'NONE',  ( -0.4500000000000001221, -0.8499999999999999778, 0.2999999999999999889 ) ) ;
#1914 = CARTESIAN_POINT ( 'NONE',  ( 0.4499999761580000257, -0.5749999999999999556, 0.2999999999999999889 ) ) ;
#1915 = VERTEX_POINT ( 'NONE', #2734 ) ;
#1916 = ORIENTED_EDGE ( 'NONE', *, *, #1097, .T. ) ;
#1917 = LINE ( 'NONE', #1736, #459 ) ;
#1918 = FACE_OUTER_BOUND ( 'NONE', #300, .T. ) ;
#1919 =( NAMED_UNIT ( * ) PLANE_ANGLE_UNIT ( ) SI_UNIT ( $, .RADIAN. ) );
#1920 = PRESENTATION_STYLE_ASSIGNMENT (( #1029 ) ) ;
#1921 = SHAPE_DEFINITION_REPRESENTATION ( #2026, #1588 ) ;
#1922 = FACE_OUTER_BOUND ( 'NONE', #2338, .T. ) ;
#1924 = ORIENTED_EDGE ( 'NONE', *, *, #501, .F. ) ;
#1923 = PRODUCT_DEFINITION ( 'UNKNOWN', '', #389, #229 ) ;
#1925 = ADVANCED_FACE ( 'NONE', ( #2750 ), #1679, .T. ) ;
#1926 = ORIENTED_EDGE ( 'NONE', *, *, #2261, .F. ) ;
#1927 = PRESENTATION_STYLE_ASSIGNMENT (( #790 ) ) ;
#1928 = CARTESIAN_POINT ( 'NONE',  ( 0.1129589428980000004, 0.09302501179802001585, 0.0000000000000000000 ) ) ;
#1929 = ORIENTED_EDGE ( 'NONE', *, *, #1385, .F. ) ;
#1930 = LINE ( 'NONE', #190, #1514 ) ;
#1931 = CARTESIAN_POINT ( 'NONE',  ( -9.574267937527000500E-18, -0.8770833333330000370, 0.2999999999999999889 ) ) ;
#1932 = FILL_AREA_STYLE ('',( #652 ) ) ;
#1933 = APPLICATION_CONTEXT ( 'automotive_design' ) ;
#1934 = EDGE_CURVE ( 'NONE', #2716, #588, #2143, .T. ) ;
#1935 =( NAMED_UNIT ( * ) PLANE_ANGLE_UNIT ( ) SI_UNIT ( $, .RADIAN. ) );
#1936 = ORIENTED_EDGE ( 'NONE', *, *, #1328, .F. ) ;
#1937 = ORIENTED_EDGE ( 'NONE', *, *, #979, .T. ) ;
#1938 = SURFACE_SIDE_STYLE ('',( #413 ) ) ;
#1939 = EDGE_CURVE ( 'NONE', #2464, #881, #1166, .T. ) ;
#1940 = EDGE_LOOP ( 'NONE', ( #1658, #1153, #2680, #1758 ) ) ;
#1941 = SURFACE_SIDE_STYLE ('',( #153 ) ) ;
#1942 = DIRECTION ( 'NONE',  ( -1.000000000000000000, 0.0000000000000000000, -0.0000000000000000000 ) ) ;
#1943 = VECTOR ( 'NONE', #2009, 1000.000000000000114 ) ;
#1944 = LINE ( 'NONE', #2352, #2369 ) ;
#1945 = FILL_AREA_STYLE_COLOUR ( '', #2188 ) ;
#1946 = PRESENTATION_LAYER_ASSIGNMENT (  '', '', ( #2511 ) ) ;
#1947 = AXIS2_PLACEMENT_3D ( 'NONE', #615, #2833, #361 ) ;
#1948 = VECTOR ( 'NONE', #2139, 1000.000000000000000 ) ;
#1949 = SHAPE_DEFINITION_REPRESENTATION ( #2288, #2810 ) ;
#1950 = ORIENTED_EDGE ( 'NONE', *, *, #2588, .F. ) ;
#1951 = AXIS2_PLACEMENT_3D ( 'NONE', #1180, #2301, #1839 ) ;
#1952 = AXIS2_PLACEMENT_3D ( 'NONE', #2007, #664, #721 ) ;
#1953 = ORIENTED_EDGE ( 'NONE', *, *, #1690, .T. ) ;
#1954 = DIRECTION ( 'NONE',  ( 0.0000000000000000000, -0.0000000000000000000, -1.000000000000000000 ) ) ;
#1955 = STYLED_ITEM ( 'NONE', ( #2684 ), #1324 ) ;
#1956 = EDGE_LOOP ( 'NONE', ( #1967, #1195, #303, #2302 ) ) ;
#1957 =( LENGTH_UNIT ( ) NAMED_UNIT ( * ) SI_UNIT ( .MILLI., .METRE. ) );
#1958 = CARTESIAN_POINT ( 'NONE',  ( -0.1749999999997209621, -0.8500000000000430544, 0.0000000000000000000 ) ) ;
#1959 = PLANE ( 'NONE',  #104 ) ;
#1960 = EDGE_CURVE ( 'NONE', #2556, #164, #1650, .T. ) ;
#1961 = CARTESIAN_POINT ( 'NONE',  ( 0.0000000000000000000, 0.0000000000000000000, 0.0000000000000000000 ) ) ;
#1962 =( LENGTH_UNIT ( ) NAMED_UNIT ( * ) SI_UNIT ( .MILLI., .METRE. ) );
#1963 = APPLICATION_PROTOCOL_DEFINITION ( 'draft international standard', 'automotive_design', 1998, #1447 ) ;
#1964 = EDGE_LOOP ( 'NONE', ( #2678, #1772, #2254, #2661, #411, #1394 ) ) ;
#1965 = ORIENTED_EDGE ( 'NONE', *, *, #2249, .F. ) ;
#1966 = PLANE ( 'NONE',  #198 ) ;
#1967 = ORIENTED_EDGE ( 'NONE', *, *, #1230, .F. ) ;
#1968 = PLANE ( 'NONE',  #2000 ) ;
#1969 = CARTESIAN_POINT ( 'NONE',  ( -0.4000000000000000222, 0.8499999999999999778, 0.0000000000000000000 ) ) ;
#1970 = UNCERTAINTY_MEASURE_WITH_UNIT (LENGTH_MEASURE( 1.000000000000000082E-05 ), #388, 'distance_accuracy_value', 'NONE');
#1971 = PLANE ( 'NONE',  #2279 ) ;
#1972 = PRODUCT_DEFINITION ( 'UNKNOWN', '', #1122, #2561 ) ;
#1973 = EDGE_CURVE ( 'NONE', #1915, #486, #417, .T. ) ;
#1974 = CARTESIAN_POINT ( 'NONE',  ( -0.1749999999999999889, 0.8499999999999999778, 0.02000000000000000042 ) ) ;
#1975 = PRODUCT_CONTEXT ( 'NONE', #2236, 'mechanical' ) ;
#1976 = VERTEX_POINT ( 'NONE', #306 ) ;
#1977 = ORIENTED_EDGE ( 'NONE', *, *, #1043, .T. ) ;
#1978 = LINE ( 'NONE', #657, #973 ) ;
#1979 = FILL_AREA_STYLE ('',( #706 ) ) ;
#1980 = EDGE_LOOP ( 'NONE', ( #2342, #759, #623, #2111, #48, #2828, #124, #2500, #2512, #175 ) ) ;
#1981 = PRESENTATION_STYLE_ASSIGNMENT (( #643 ) ) ;
#1982 = PLANE ( 'NONE',  #2045 ) ;
#1983 = CARTESIAN_POINT ( 'NONE',  ( 0.08638036809815999306, 0.1196035865970000028, 0.0000000000000000000 ) ) ;
#1984 = SURFACE_STYLE_USAGE ( .BOTH. , #7 ) ;
#1985 = CARTESIAN_POINT ( 'NONE',  ( 0.4000000000000000222, 0.8499999999999999778, 0.0000000000000000000 ) ) ;
#1986 = ORIENTED_EDGE ( 'NONE', *, *, #2253, .T. ) ;
#1987 = EDGE_CURVE ( 'NONE', #1377, #1911, #1637, .T. ) ;
#1988 = DIRECTION ( 'NONE',  ( -0.0000000000000000000, 1.000000000000000000, 0.0000000000000000000 ) ) ;
#1989 = FACE_OUTER_BOUND ( 'NONE', #273, .T. ) ;
#1990 = CONTEXT_DEPENDENT_SHAPE_REPRESENTATION ( #2436, #74 ) ;
#1991 = STYLED_ITEM ( 'NONE', ( #1920 ), #240 ) ;
#1992 = MECHANICAL_DESIGN_GEOMETRIC_PRESENTATION_REPRESENTATION (  '', ( #1614 ), #2144 ) ;
#1993 = VECTOR ( 'NONE', #1448, 1000.000000000000000 ) ;
#1994 = ORIENTED_EDGE ( 'NONE', *, *, #1512, .T. ) ;
#1995 = EDGE_CURVE ( 'NONE', #1010, #203, #2122, .T. ) ;
#1997 = VERTEX_POINT ( 'NONE', #1445 ) ;
#1996 = COLOUR_RGB ( '',1.000000000000000000, 0.0000000000000000000, 0.0000000000000000000 ) ;
#1998 = DIRECTION ( 'NONE',  ( 1.000000000000000000, 0.0000000000000000000, 0.0000000000000000000 ) ) ;
#1999 = AXIS2_PLACEMENT_3D ( 'NONE', #86, #2505, #1666 ) ;
#2000 = AXIS2_PLACEMENT_3D ( 'NONE', #658, #1339, #2003 ) ;
#2001 = ORIENTED_EDGE ( 'NONE', *, *, #749, .T. ) ;
#2002 =( NAMED_UNIT ( * ) SI_UNIT ( $, .STERADIAN. ) SOLID_ANGLE_UNIT ( ) );
#2003 = DIRECTION ( 'NONE',  ( -1.000000000000000000, 0.0000000000000000000, -0.0000000000000000000 ) ) ;
#2004 = DIRECTION ( 'NONE',  ( 0.0000000000000000000, -0.0000000000000000000, -1.000000000000000000 ) ) ;
#2005 = AXIS2_PLACEMENT_3D ( 'NONE', #2129, #368, #145 ) ;
#2006 = LINE ( 'NONE', #2216, #15 ) ;
#2007 = CARTESIAN_POINT ( 'NONE',  ( -0.4500000000000000666, -0.4910598222670000124, 0.7760472859739999674 ) ) ;
#2008 = AXIS2_PLACEMENT_3D ( 'NONE', #1761, #686, #231 ) ;
#2009 = DIRECTION ( 'NONE',  ( -0.9575081891789357647, 0.2884060811690271064, 0.0000000000000000000 ) ) ;
#2010 = LINE ( 'NONE', #2477, #1065 ) ;
#2011 = EDGE_CURVE ( 'NONE', #394, #1715, #764, .T. ) ;
#2012 = VERTEX_POINT ( 'NONE', #2067 ) ;
#2013 = SURFACE_STYLE_FILL_AREA ( #1072 ) ;
#2014 = EDGE_CURVE ( 'NONE', #164, #1466, #1007, .T. ) ;
#2015 = EDGE_CURVE ( 'NONE', #1997, #1291, #1882, .T. ) ;
#2016 = ORIENTED_EDGE ( 'NONE', *, *, #2687, .T. ) ;
#2017 =( LENGTH_UNIT ( ) NAMED_UNIT ( * ) SI_UNIT ( .MILLI., .METRE. ) );
#2018 = LINE ( 'NONE', #889, #1853 ) ;
#2019 = LINE ( 'NONE', #2659, #509 ) ;
#2020 = DIRECTION ( 'NONE',  ( -0.0000000000000000000, 1.000000000000000000, 0.0000000000000000000 ) ) ;
#2021 = CARTESIAN_POINT ( 'NONE',  ( -0.4500000000000000666, -0.8499999999999999778, 0.2999999999999999889 ) ) ;
#2022 = CARTESIAN_POINT ( 'NONE',  ( 0.1749999999997176037, -0.8500000000000215161, 0.3000000011919999876 ) ) ;
#2023 = ORIENTED_EDGE ( 'NONE', *, *, #480, .T. ) ;
#2024 = ADVANCED_FACE ( 'NONE', ( #1849 ), #2564, .F. ) ;
#2025 = ORIENTED_EDGE ( 'NONE', *, *, #2337, .T. ) ;
#2026 = PRODUCT_DEFINITION_SHAPE ( 'NONE', 'NONE',  #1923 ) ;
#2027 = CARTESIAN_POINT ( 'NONE',  ( 0.2000000000000000389, -0.1999999999999999833, 0.01999999955297000059 ) ) ;
#2028 = EDGE_CURVE ( 'NONE', #13, #403, #2460, .T. ) ;
#2029 = CARTESIAN_POINT ( 'NONE',  ( -0.4000000000000000222, 0.4500000000000000666, 0.0000000000000000000 ) ) ;
#2030 =( NAMED_UNIT ( * ) PLANE_ANGLE_UNIT ( ) SI_UNIT ( $, .RADIAN. ) );
#2031 = EDGE_CURVE ( 'NONE', #2468, #439, #1199, .T. ) ;
#2032 = LINE ( 'NONE', #58, #2740 ) ;
#2033 = CARTESIAN_POINT ( 'NONE',  ( -0.1749999999997176314, 0.8500000000000215161, 0.0000000000000000000 ) ) ;
#2034 = FILL_AREA_STYLE_COLOUR ( '', #505 ) ;
#2035 = EDGE_LOOP ( 'NONE', ( #2589, #2766, #2094, #2131 ) ) ;
#2036 = CARTESIAN_POINT ( 'NONE',  ( 0.1646357004874876573, 0.1130277703322424832, 0.0000000000000000000 ) ) ;
#2037 = CARTESIAN_POINT ( 'NONE',  ( 0.1527229825389999907, 0.09302501179802001585, 0.0000000000000000000 ) ) ;
#2038 = VECTOR ( 'NONE', #1374, 1000.000000000000000 ) ;
#2039 = ORIENTED_EDGE ( 'NONE', *, *, #2654, .T. ) ;
#2040 = CIRCLE ( 'NONE', #2181, 0.1770833333329999981 ) ;
#2041 = CIRCLE ( 'NONE', #1159, 0.1702008928569999913 ) ;
#2042 = LINE ( 'NONE', #2303, #697 ) ;
#2043 = DIRECTION ( 'NONE',  ( -0.0000000000000000000, -0.0000000000000000000, -1.000000000000000000 ) ) ;
#2044 = ADVANCED_FACE ( 'NONE', ( #567 ), #578, .T. ) ;
#2045 = AXIS2_PLACEMENT_3D ( 'NONE', #517, #2077, #1645 ) ;
#2046 = VERTEX_POINT ( 'NONE', #138 ) ;
#2047 = B_SPLINE_CURVE_WITH_KNOTS ( 'NONE', 3,
 ( #1399, #109, #1170, #2514 ),
 .UNSPECIFIED., .F., .F.,
 ( 4, 4 ),
 ( 0.0000000000000000000, 1.000000000000000000 ),
 .UNSPECIFIED. ) ;
#2048 = DIRECTION ( 'NONE',  ( -1.000000000000000000, -1.110223024625000001E-16, -2.220446049250000002E-16 ) ) ;
#2049 = SURFACE_SIDE_STYLE ('',( #2545 ) ) ;
#2050 = PRESENTATION_LAYER_ASSIGNMENT (  '', '', ( #925 ) ) ;
#2051 = AXIS2_PLACEMENT_3D ( 'NONE', #1506, #2667, #412 ) ;
#2052 = FACE_OUTER_BOUND ( 'NONE', #2826, .T. ) ;
#2053 = MECHANICAL_DESIGN_GEOMETRIC_PRESENTATION_REPRESENTATION (  '', ( #2748 ), #70 ) ;
#2054 = EDGE_CURVE ( 'NONE', #1227, #13, #1833, .T. ) ;
#2055 = LINE ( 'NONE', #2476, #916 ) ;
#2056 = DIRECTION ( 'NONE',  ( 0.0000000000000000000, -0.0000000000000000000, -1.000000000000000000 ) ) ;
#2057 =( GEOMETRIC_REPRESENTATION_CONTEXT ( 3 ) GLOBAL_UNCERTAINTY_ASSIGNED_CONTEXT ( ( #2209 ) ) GLOBAL_UNIT_ASSIGNED_CONTEXT ( ( #1692, #1467, #169 ) ) REPRESENTATION_CONTEXT ( 'NONE', 'WORKASPACE' ) );
#2058 = ORIENTED_EDGE ( 'NONE', *, *, #1242, .T. ) ;
#2059 = DIRECTION ( 'NONE',  ( 0.0000000000000000000, 0.0000000000000000000, 1.000000000000000000 ) ) ;
#2060 = CARTESIAN_POINT ( 'NONE',  ( 0.1594754113577560584, 0.09446644612238659644, 0.0000000000000000000 ) ) ;
#2061 = ORIENTED_EDGE ( 'NONE', *, *, #2439, .F. ) ;
#2062 = CARTESIAN_POINT ( 'NONE',  ( 0.1749999999999999889, 0.8499999999999999778, 0.02000000000000000042 ) ) ;
#2063 = UNCERTAINTY_MEASURE_WITH_UNIT (LENGTH_MEASURE( 1.000000000000000082E-05 ), #1372, 'distance_accuracy_value', 'NONE');
#2064 = ORIENTED_EDGE ( 'NONE', *, *, #174, .F. ) ;
#2065 = CARTESIAN_POINT ( 'NONE',  ( -0.1675000000000000100, 0.8499999999999999778, 0.0000000000000000000 ) ) ;
#2066 = EDGE_CURVE ( 'NONE', #618, #986, #2520, .T. ) ;
#2067 = CARTESIAN_POINT ( 'NONE',  ( -0.1774999999997222411, -0.8500000000000230704, 0.3100000023839999952 ) ) ;
#2068 = DIRECTION ( 'NONE',  ( -1.000000000000000000, 1.110223024625000001E-16, -1.232595164408000087E-32 ) ) ;
#2069 = LINE ( 'NONE', #1653, #607 ) ;
#2070 = MANIFOLD_SURFACE_SHAPE_REPRESENTATION ( '', ( #1497, #2008 ), #1724 ) ;
#2071 = EDGE_CURVE ( 'NONE', #2814, #2079, #1930, .T. ) ;
#2072 = SURFACE_STYLE_FILL_AREA ( #1178 ) ;
#2073 = LINE ( 'NONE', #298, #1754 ) ;
#2074 = DIRECTION ( 'NONE',  ( -0.0000000000000000000, 1.000000000000000000, 0.0000000000000000000 ) ) ;
#2075 = ORIENTED_EDGE ( 'NONE', *, *, #2366, .F. ) ;
#2076 = B_SPLINE_CURVE_WITH_KNOTS ( 'NONE', 3,
 ( #63, #77, #1179, #544 ),
 .UNSPECIFIED., .F., .F.,
 ( 4, 4 ),
 ( 0.0000000000000000000, 1.000000000000000000 ),
 .UNSPECIFIED. ) ;
#2077 = DIRECTION ( 'NONE',  ( 1.000000000000000000, 0.0000000000000000000, 0.0000000000000000000 ) ) ;
#2078 = DIRECTION ( 'NONE',  ( 0.0000000000000000000, 0.0000000000000000000, 1.000000000000000000 ) ) ;
#2079 = VERTEX_POINT ( 'NONE', #1260 ) ;
#2080 = LINE ( 'NONE', #1426, #1619 ) ;
#2081 = FACE_OUTER_BOUND ( 'NONE', #1505, .T. ) ;
#2082 = PRODUCT_DEFINITION_SHAPE ( 'NONE', 'NONE',  #674 ) ;
#2083 = FACE_OUTER_BOUND ( 'NONE', #329, .T. ) ;
#2084 = CARTESIAN_POINT ( 'NONE',  ( 0.08638036809815999306, 0.1599905615860000019, 0.0000000000000000000 ) ) ;
#2085 = CARTESIAN_POINT ( 'NONE',  ( -0.1749999999999999889, -0.8499999999999999778, 0.02000000000000000042 ) ) ;
#2086 = CARTESIAN_POINT ( 'NONE',  ( 0.4499999761580000257, 0.3433386697759999162, 0.7500000000000000000 ) ) ;
#2087 = APPLICATION_CONTEXT ( 'automotive_design' ) ;
#2089 = EDGE_CURVE ( 'NONE', #2464, #428, #834, .T. ) ;
#2088 = VERTEX_POINT ( 'NONE', #2821 ) ;
#2090 = DIRECTION ( 'NONE',  ( -0.0000000000000000000, 0.0000000000000000000, -1.000000000000000000 ) ) ;
#2091 = SURFACE_STYLE_FILL_AREA ( #1005 ) ;
#2092 = AXIS2_PLACEMENT_3D ( 'NONE', #1037, #819, #2157 ) ;
#2093 = VECTOR ( 'NONE', #2683, 1000.000000000000000 ) ;
#2094 = ORIENTED_EDGE ( 'NONE', *, *, #590, .F. ) ;
#2095 = CARTESIAN_POINT ( 'NONE',  ( -0.2000000000000000111, -0.2000000000000000111, 0.01999999955297000059 ) ) ;
#2096 = CARTESIAN_POINT ( 'NONE',  ( -0.4500000000000000666, -0.5749999999999999556, 0.2999999999999999889 ) ) ;
#2097 = STYLED_ITEM ( 'NONE', ( #393 ), #2441 ) ;
#2098 = STYLED_ITEM ( 'NONE', ( #25 ), #1487 ) ;
#2099 = AXIS2_PLACEMENT_3D ( 'NONE', #353, #2114, #2056 ) ;
#2100 = COLOUR_RGB ( '',1.000000000000000000, 0.0000000000000000000, 0.0000000000000000000 ) ;
#2101 = CARTESIAN_POINT ( 'NONE',  ( 0.08786076010696884653, 0.1664661302500894113, 0.0000000000000000000 ) ) ;
#2102 = FACE_OUTER_BOUND ( 'NONE', #1243, .T. ) ;
#2103 = DIRECTION ( 'NONE',  ( 1.000000000000000000, 0.0000000000000000000, 0.0000000000000000000 ) ) ;
#2104 = EDGE_CURVE ( 'NONE', #651, #2636, #1917, .T. ) ;
#2105 = DIRECTION ( 'NONE',  ( -1.000000000000000000, -0.0000000000000000000, -0.0000000000000000000 ) ) ;
#2106 = VERTEX_POINT ( 'NONE', #1271 ) ;
#2107 = PRODUCT_DEFINITION_SHAPE ( 'NONE', 'NONE',  #978 ) ;
#2108 = DIRECTION ( 'NONE',  ( 0.0000000000000000000, -0.0000000000000000000, -1.000000000000000000 ) ) ;
#2109 =( NAMED_UNIT ( * ) SI_UNIT ( $, .STERADIAN. ) SOLID_ANGLE_UNIT ( ) );
#2110 = EDGE_CURVE ( 'NONE', #545, #2572, #1481, .T. ) ;
#2111 = ORIENTED_EDGE ( 'NONE', *, *, #271, .F. ) ;
#2112 = DIRECTION ( 'NONE',  ( 1.000000000000000000, 0.0000000000000000000, -0.0000000000000000000 ) ) ;
#2113 = CARTESIAN_POINT ( 'NONE',  ( 0.09624824885952516784, 0.1726041302498061147, 0.0000000000000000000 ) ) ;
#2114 = DIRECTION ( 'NONE',  ( 0.0000000000000000000, -1.000000000000000000, 0.0000000000000000000 ) ) ;
#2115 = ORIENTED_EDGE ( 'NONE', *, *, #1596, .T. ) ;
#2116 = ORIENTED_EDGE ( 'NONE', *, *, #425, .F. ) ;
#2117 = LINE ( 'NONE', #1913, #1435 ) ;
#2118 = DIRECTION ( 'NONE',  ( 0.0000000000000000000, 0.0000000000000000000, 1.000000000000000000 ) ) ;
#2119 = UNCERTAINTY_MEASURE_WITH_UNIT (LENGTH_MEASURE( 1.000000000000000082E-05 ), #474, 'distance_accuracy_value', 'NONE');
#2120 = ORIENTED_EDGE ( 'NONE', *, *, #1149, .F. ) ;
#2121 =( NAMED_UNIT ( * ) SI_UNIT ( $, .STERADIAN. ) SOLID_ANGLE_UNIT ( ) );
#2122 = LINE ( 'NONE', #1188, #1203 ) ;
#2123 = APPLICATION_CONTEXT ( 'automotive_design' ) ;
#2124 = CARTESIAN_POINT ( 'NONE',  ( -0.1774999999997222411, -0.8500000000000230704, 0.0000000000000000000 ) ) ;
#2125 = ADVANCED_FACE ( 'NONE', ( #1706 ), #2404, .T. ) ;
#2126 = ORIENTED_EDGE ( 'NONE', *, *, #1440, .T. ) ;
#2127 = CARTESIAN_POINT ( 'NONE',  ( -0.4500000000000000666, 0.3433386697760000272, 0.9000000000000001332 ) ) ;
#2128 = CARTESIAN_POINT ( 'NONE',  ( 0.0000000000000000000, 0.0000000000000000000, 0.0000000000000000000 ) ) ;
#2129 = CARTESIAN_POINT ( 'NONE',  ( -0.4500000000000000666, -0.3433386697760000272, 0.7500000000000000000 ) ) ;
#2130 = ORIENTED_EDGE ( 'NONE', *, *, #2261, .T. ) ;
#2131 = ORIENTED_EDGE ( 'NONE', *, *, #2528, .T. ) ;
#2132 = DIRECTION ( 'NONE',  ( 0.0000000000000000000, 0.0000000000000000000, -1.000000000000000000 ) ) ;
#2133 =( LENGTH_UNIT ( ) NAMED_UNIT ( * ) SI_UNIT ( .MILLI., .METRE. ) );
#2134 = EDGE_LOOP ( 'NONE', ( #866, #376, #669, #708 ) ) ;
#2135 = CLOSED_SHELL ( 'NONE', ( #2491, #1776, #695, #240, #2432, #1726, #522, #20 ) ) ;
#2136 = DIRECTION ( 'NONE',  ( -1.000000000000000000, 0.0000000000000000000, 0.0000000000000000000 ) ) ;
#2137 = EDGE_CURVE ( 'NONE', #2165, #2788, #2627, .T. ) ;
#2138 = VECTOR ( 'NONE', #219, 1000.000000000000000 ) ;
#2139 = DIRECTION ( 'NONE',  ( 1.000000000000000000, 0.0000000000000000000, -0.0000000000000000000 ) ) ;
#2140 = DIRECTION ( 'NONE',  ( -0.0000000000000000000, 0.0000000000000000000, 1.000000000000000000 ) ) ;
#2141 = AXIS2_PLACEMENT_3D ( 'NONE', #1182, #958, #2118 ) ;
#2142 = ADVANCED_FACE ( 'NONE', ( #809 ), #170, .T. ) ;
#2143 = B_SPLINE_CURVE_WITH_KNOTS ( 'NONE', 3,
 ( #1217, #2113, #2286, #292 ),
 .UNSPECIFIED., .F., .F.,
 ( 4, 4 ),
 ( 0.0000000000000000000, 1.000000000000000000 ),
 .UNSPECIFIED. ) ;
#2144 =( GEOMETRIC_REPRESENTATION_CONTEXT ( 3 ) GLOBAL_UNCERTAINTY_ASSIGNED_CONTEXT ( ( #1737 ) ) GLOBAL_UNIT_ASSIGNED_CONTEXT ( ( #1380, #1598, #2109 ) ) REPRESENTATION_CONTEXT ( 'NONE', 'WORKASPACE' ) );
#2145 = VECTOR ( 'NONE', #288, 1000.000000000000000 ) ;
#2146 = CARTESIAN_POINT ( 'NONE',  ( 0.03322321849928999704, 0.1063142991980000063, 0.0000000000000000000 ) ) ;
#2147 = APPLICATION_PROTOCOL_DEFINITION ( 'draft international standard', 'automotive_design', 1998, #1357 ) ;
#2148 = APPLICATION_CONTEXT ( 'automotive_design' ) ;
#2149 = VECTOR ( 'NONE', #434, 1000.000000000000000 ) ;
#2150 = DIRECTION ( 'NONE',  ( 0.0000000000000000000, -1.000000000000000000, -0.0000000000000000000 ) ) ;
#2151 = COLOUR_RGB ( '',1.000000000000000000, 0.0000000000000000000, 0.0000000000000000000 ) ;
#2152 = VERTEX_POINT ( 'NONE', #416 ) ;
#2153 = SURFACE_SIDE_STYLE ('',( #1464 ) ) ;
#2154 = SURFACE_STYLE_USAGE ( .BOTH. , #807 ) ;
#2155 = AXIS2_PLACEMENT_3D ( 'NONE', #1485, #2383, #1140 ) ;
#2156 = ORIENTED_EDGE ( 'NONE', *, *, #898, .F. ) ;
#2157 = DIRECTION ( 'NONE',  ( 1.000000000000000000, 0.0000000000000000000, -0.0000000000000000000 ) ) ;
#2158 = SHAPE_DEFINITION_REPRESENTATION ( #265, #1888 ) ;
#2159 = PRODUCT_RELATED_PRODUCT_CATEGORY ( 'part', '', ( #751 ) ) ;
#2160 = EDGE_CURVE ( 'NONE', #1561, #360, #633, .T. ) ;
#2161 = LINE ( 'NONE', #1250, #650 ) ;
#2162 = ORIENTED_EDGE ( 'NONE', *, *, #2200, .F. ) ;
#2163 = VERTEX_POINT ( 'NONE', #1280 ) ;
#2164 = CARTESIAN_POINT ( 'NONE',  ( -0.1749999999997176314, 0.8500000000000215161, 0.02000000000000000042 ) ) ;
#2165 = VERTEX_POINT ( 'NONE', #406 ) ;
#2166 =( NAMED_UNIT ( * ) PLANE_ANGLE_UNIT ( ) SI_UNIT ( $, .RADIAN. ) );
#2167 = CARTESIAN_POINT ( 'NONE',  ( 0.4000000000000000222, -0.4500000000000000666, 0.01999999955297000059 ) ) ;
#2168 = DIRECTION ( 'NONE',  ( -1.000000000000000000, 0.0000000000000000000, 0.0000000000000000000 ) ) ;
#2169 = PLANE ( 'NONE',  #2506 ) ;
#2170 = ORIENTED_EDGE ( 'NONE', *, *, #402, .T. ) ;
#2171 = EDGE_LOOP ( 'NONE', ( #2039, #2622, #2222, #843, #1237, #1278, #1494, #714, #2641, #1549, #1455, #2543 ) ) ;
#2172 = DIRECTION ( 'NONE',  ( -0.0000000000000000000, 1.000000000000000000, 0.0000000000000000000 ) ) ;
#2173 = SURFACE_STYLE_USAGE ( .BOTH. , #149 ) ;
#2174 = EDGE_CURVE ( 'NONE', #164, #1580, #1293, .T. ) ;
#2175 = UNCERTAINTY_MEASURE_WITH_UNIT (LENGTH_MEASURE( 1.000000000000000082E-05 ), #2626, 'distance_accuracy_value', 'NONE');
#2176 = ORIENTED_EDGE ( 'NONE', *, *, #1613, .T. ) ;
#2177 = DIRECTION ( 'NONE',  ( 0.0000000000000000000, 1.000000000000000000, -0.0000000000000000000 ) ) ;
#2178 = VECTOR ( 'NONE', #276, 1000.000000000000000 ) ;
#2179 = UNCERTAINTY_MEASURE_WITH_UNIT (LENGTH_MEASURE( 1.000000000000000082E-05 ), #1601, 'distance_accuracy_value', 'NONE');
#2180 = CARTESIAN_POINT ( 'NONE',  ( 0.1129589428980000004, 0.1599905615860000019, 0.0000000000000000000 ) ) ;
#2181 = AXIS2_PLACEMENT_3D ( 'NONE', #2336, #2078, #2760 ) ;
#2182 = MECHANICAL_DESIGN_GEOMETRIC_PRESENTATION_REPRESENTATION (  '', ( #558 ), #418 ) ;
#2183 = CARTESIAN_POINT ( 'NONE',  ( 0.1674999999999403633, 0.8499999999999999778, 0.0000000000000000000 ) ) ;
#2184 = APPLICATION_PROTOCOL_DEFINITION ( 'draft international standard', 'automotive_design', 1998, #619 ) ;
#2185 = AXIS2_PLACEMENT_3D ( 'NONE', #1797, #438, #1356 ) ;
#2186 = VECTOR ( 'NONE', #957, 1000.000000000000000 ) ;
#2187 = ORIENTED_EDGE ( 'NONE', *, *, #402, .F. ) ;
#2189 = EDGE_CURVE ( 'NONE', #1003, #1070, #2380, .T. ) ;
#2188 = COLOUR_RGB ( '',0.7921568627450980005, 0.8196078431372548767, 0.9333333333333333481 ) ;
#2190 = AXIS2_PLACEMENT_3D ( 'NONE', #1157, #237, #444 ) ;
#2191 = VERTEX_POINT ( 'NONE', #592 ) ;
#2192 = DIRECTION ( 'NONE',  ( -0.0000000000000000000, -1.000000000000000000, -0.0000000000000000000 ) ) ;
#2193 = DIRECTION ( 'NONE',  ( -0.0000000000000000000, 1.000000000000000000, 0.0000000000000000000 ) ) ;
#2194 =( GEOMETRIC_REPRESENTATION_CONTEXT ( 3 ) GLOBAL_UNCERTAINTY_ASSIGNED_CONTEXT ( ( #745 ) ) GLOBAL_UNIT_ASSIGNED_CONTEXT ( ( #1311, #1787, #443 ) ) REPRESENTATION_CONTEXT ( 'NONE', 'WORKASPACE' ) );
#2195 = ORIENTED_EDGE ( 'NONE', *, *, #1056, .T. ) ;
#2196 =( NAMED_UNIT ( * ) SI_UNIT ( $, .STERADIAN. ) SOLID_ANGLE_UNIT ( ) );
#2197 = PRESENTATION_LAYER_ASSIGNMENT (  '', '', ( #387 ) ) ;
#2198 = CARTESIAN_POINT ( 'NONE',  ( 0.1749999999998571310, 0.8499999999999999778, 0.0000000000000000000 ) ) ;
#2199 = PRODUCT_RELATED_PRODUCT_CATEGORY ( 'part', '', ( #525 ) ) ;
#2200 = EDGE_CURVE ( 'NONE', #204, #2393, #1015, .T. ) ;
#2201 = CARTESIAN_POINT ( 'NONE',  ( 0.09946201038226000490, 0.03986786219914999901, 0.0000000000000000000 ) ) ;
#2202 = FACE_OUTER_BOUND ( 'NONE', #1879, .T. ) ;
#2203 =( REPRESENTATION_RELATIONSHIP ('NONE','NONE', #1082, #315 ) REPRESENTATION_RELATIONSHIP_WITH_TRANSFORMATION ( #182 )SHAPE_REPRESENTATION_RELATIONSHIP( ) );
#2204 =( NAMED_UNIT ( * ) SI_UNIT ( $, .STERADIAN. ) SOLID_ANGLE_UNIT ( ) );
#2205 = ORIENTED_EDGE ( 'NONE', *, *, #220, .F. ) ;
#2206 = EDGE_LOOP ( 'NONE', ( #1633, #581, #1562, #2378 ) ) ;
#2207 = CARTESIAN_POINT ( 'NONE',  ( 0.08638036809815999306, 0.1196035865970000028, 0.0000000000000000000 ) ) ;
#2208 =( LENGTH_UNIT ( ) NAMED_UNIT ( * ) SI_UNIT ( .MILLI., .METRE. ) );
#2209 = UNCERTAINTY_MEASURE_WITH_UNIT (LENGTH_MEASURE( 1.000000000000000082E-05 ), #1692, 'distance_accuracy_value', 'NONE');
#2210 = VERTEX_POINT ( 'NONE', #858 ) ;
#2211 = CARTESIAN_POINT ( 'NONE',  ( 0.4500000000000000666, 0.8499999999999999778, 0.2999999999999999889 ) ) ;
#2212 = LINE ( 'NONE', #28, #1566 ) ;
#2213 = EDGE_CURVE ( 'NONE', #439, #1377, #208, .T. ) ;
#2214 = UNCERTAINTY_MEASURE_WITH_UNIT (LENGTH_MEASURE( 1.000000000000000082E-05 ), #2133, 'distance_accuracy_value', 'NONE');
#2215 = ADVANCED_FACE ( 'NONE', ( #1746 ), #2394, .F. ) ;
#2216 = CARTESIAN_POINT ( 'NONE',  ( -0.4500000000000002331, 0.4910598222670000124, 0.7760472859739999674 ) ) ;
#2217 = ADVANCED_FACE ( 'NONE', ( #1552 ), #234, .F. ) ;
#2218 = VERTEX_POINT ( 'NONE', #477 ) ;
#2219 = LINE ( 'NONE', #1778, #233 ) ;
#2220 = FACE_OUTER_BOUND ( 'NONE', #1873, .T. ) ;
#2221 = ORIENTED_EDGE ( 'NONE', *, *, #540, .T. ) ;
#2222 = ORIENTED_EDGE ( 'NONE', *, *, #551, .T. ) ;
#2223 = SURFACE_STYLE_FILL_AREA ( #1319 ) ;
#2224 = VERTEX_POINT ( 'NONE', #2435 ) ;
#2225 = LINE ( 'NONE', #1108, #2647 ) ;
#2226 = CARTESIAN_POINT ( 'NONE',  ( -0.4500000000000000666, -0.5749999999999999556, 0.2999999999999999889 ) ) ;
#2227 = CARTESIAN_POINT ( 'NONE',  ( -0.4500000000000000666, -0.4910598222670000124, 0.7760472859739999674 ) ) ;
#2228 = FILL_AREA_STYLE ('',( #1326 ) ) ;
#2229 = CARTESIAN_POINT ( 'NONE',  ( -0.2000000000000000111, -0.2000000000000000389, 0.0000000000000000000 ) ) ;
#2230 = MECHANICAL_DESIGN_GEOMETRIC_PRESENTATION_REPRESENTATION (  '', ( #1991 ), #324 ) ;
#2231 = FACE_OUTER_BOUND ( 'NONE', #761, .T. ) ;
#2232 = CARTESIAN_POINT ( 'NONE',  ( 0.2000000000000000111, -0.4500000000000000111, 0.0000000000000000000 ) ) ;
#2233 = ITEM_DEFINED_TRANSFORMATION ( 'NONE', 'NONE', #931,  #2008 ) ;
#2234 = AXIS2_PLACEMENT_3D ( 'NONE', #96, #1665, #2535 ) ;
#2235 = VECTOR ( 'NONE', #795, 1000.000000000000000 ) ;
#2236 = APPLICATION_CONTEXT ( 'automotive_design' ) ;
#2237 = VERTEX_POINT ( 'NONE', #1128 ) ;
#2238 = LINE ( 'NONE', #869, #1806 ) ;
#2239 = VECTOR ( 'NONE', #2576, 1000.000000000000000 ) ;
#2240 = EDGE_LOOP ( 'NONE', ( #1213, #817, #945, #297 ) ) ;
#2241 = DIRECTION ( 'NONE',  ( 0.0000000000000000000, -1.000000000000000000, 0.0000000000000000000 ) ) ;
#2242 = CARTESIAN_POINT ( 'NONE',  ( -0.4000000000000000222, -0.8499999999999999778, 0.0000000000000000000 ) ) ;
#2243 =( REPRESENTATION_RELATIONSHIP ('NONE','NONE', #1082, #398 ) REPRESENTATION_RELATIONSHIP_WITH_TRANSFORMATION ( #1812 )SHAPE_REPRESENTATION_RELATIONSHIP( ) );
#2244 = MECHANICAL_DESIGN_GEOMETRIC_PRESENTATION_REPRESENTATION (  '', ( #2798 ), #1626 ) ;
#2245 = UNCERTAINTY_MEASURE_WITH_UNIT (LENGTH_MEASURE( 1.000000000000000082E-05 ), #1728, 'distance_accuracy_value', 'NONE');
#2246 = DIRECTION ( 'NONE',  ( 0.0000000000000000000, -1.000000000000000000, -0.0000000000000000000 ) ) ;
#2247 = DIRECTION ( 'NONE',  ( -1.000000000000000000, 0.0000000000000000000, 0.0000000000000000000 ) ) ;
#2248 = PRODUCT_DEFINITION_SHAPE ( 'NONE', 'NONE',  #2852 ) ;
#2249 = EDGE_CURVE ( 'NONE', #2210, #630, #917, .T. ) ;
#2250 = LINE ( 'NONE', #1132, #2316 ) ;
#2251 = CARTESIAN_POINT ( 'NONE',  ( -0.1749999999998571310, -0.8499999999999999778, 0.3000000011919999876 ) ) ;
#2252 = ORIENTED_EDGE ( 'NONE', *, *, #2071, .T. ) ;
#2253 = EDGE_CURVE ( 'NONE', #2815, #881, #2212, .T. ) ;
#2254 = ORIENTED_EDGE ( 'NONE', *, *, #956, .F. ) ;
#2255 = DIRECTION ( 'NONE',  ( -1.110223024625000001E-16, 1.232595164408000087E-32, 1.000000000000000000 ) ) ;
#2256 = CARTESIAN_POINT ( 'NONE',  ( 0.4500000000000000666, 0.8499999999999999778, 0.2999999999999999889 ) ) ;
#2257 = CARTESIAN_POINT ( 'NONE',  ( -0.4000000000000000222, 0.4500000000000000666, 0.0000000000000000000 ) ) ;
#2258 = LINE ( 'NONE', #1327, #1439 ) ;
#2259 = CARTESIAN_POINT ( 'NONE',  ( 0.1091175082590000039, 0.1690231241150000063, 0.0000000000000000000 ) ) ;
#2260 = DIRECTION ( 'NONE',  ( 1.000000000000000000, 0.0000000000000000000, 0.0000000000000000000 ) ) ;
#2261 = EDGE_CURVE ( 'NONE', #1466, #118, #441, .T. ) ;
#2262 = CARTESIAN_POINT ( 'NONE',  ( 0.04578574799434004944, 0.07973572439829999803, 0.0000000000000000000 ) ) ;
#2263 = VERTEX_POINT ( 'NONE', #251 ) ;
#2264 = PRODUCT_DEFINITION_SHAPE ( 'NONE', 'NONE',  #1972 ) ;
#2265 = LINE ( 'NONE', #2062, #512 ) ;
#2266 = LINE ( 'NONE', #2703, #2320 ) ;
#2267 = EDGE_CURVE ( 'NONE', #1735, #1599, #672, .T. ) ;
#2268 = ORIENTED_EDGE ( 'NONE', *, *, #1156, .T. ) ;
#2269 = DIRECTION ( 'NONE',  ( 1.000000000000000000, 0.0000000000000000000, 1.110223024625000001E-16 ) ) ;
#2270 = APPLICATION_CONTEXT ( 'automotive_design' ) ;
#2271 = CARTESIAN_POINT ( 'NONE',  ( -0.1675000000000000100, -0.8499999999999999778, 0.0000000000000000000 ) ) ;
#2272 = DIRECTION ( 'NONE',  ( 1.000000000000000000, -1.224646000000000070E-16, -0.0000000000000000000 ) ) ;
#2273 = ITEM_DEFINED_TRANSFORMATION ( 'NONE', 'NONE', #2800,  #242 ) ;
#2274 = OPEN_SHELL ( 'NONE', ( #1925 ) ) ;
#2275 = CARTESIAN_POINT ( 'NONE',  ( -0.2000000000000000111, -0.2000000000000000111, 0.01999999955297000059 ) ) ;
#2276 = DIRECTION ( 'NONE',  ( 0.0000000000000000000, -1.000000000000000000, 0.0000000000000000000 ) ) ;
#2277 = ORIENTED_EDGE ( 'NONE', *, *, #1242, .F. ) ;
#2278 = VECTOR ( 'NONE', #2177, 1000.000000000000000 ) ;
#2279 = AXIS2_PLACEMENT_3D ( 'NONE', #1281, #1484, #2601 ) ;
#2280 = CARTESIAN_POINT ( 'NONE',  ( -0.4500000000000001221, 0.8499999999999999778, 0.2999999999999999889 ) ) ;
#2281 = EDGE_LOOP ( 'NONE', ( #148, #1929, #2666, #2025 ) ) ;
#2282 = DIRECTION ( 'NONE',  ( 1.000000000000000000, 0.0000000000000000000, -0.0000000000000000000 ) ) ;
#2283 = PRODUCT_DEFINITION ( 'UNKNOWN', '', #71, #832 ) ;
#2284 = EDGE_CURVE ( 'NONE', #403, #2046, #1087, .T. ) ;
#2285 = VECTOR ( 'NONE', #205, 1000.000000000000000 ) ;
#2286 = CARTESIAN_POINT ( 'NONE',  ( 0.09302974956740517332, 0.1713582595561394806, 0.0000000000000000000 ) ) ;
#2287 = DIRECTION ( 'NONE',  ( 1.000000000000000000, 0.0000000000000000000, 0.0000000000000000000 ) ) ;
#2288 = PRODUCT_DEFINITION_SHAPE ( 'NONE', 'NONE',  #1367 ) ;
#2289 = DIRECTION ( 'NONE',  ( -1.000000000000000000, -0.0000000000000000000, 0.0000000000000000000 ) ) ;
#2290 = LINE ( 'NONE', #2494, #1765 ) ;
#2291 = CARTESIAN_POINT ( 'NONE',  ( 0.4499999761580000257, -0.3433386697760000827, 0.9000000000000000222 ) ) ;
#2292 = DIRECTION ( 'NONE',  ( 1.000000000000000000, 0.0000000000000000000, 0.0000000000000000000 ) ) ;
#2293 = ORIENTED_EDGE ( 'NONE', *, *, #2110, .T. ) ;
#2294 = CARTESIAN_POINT ( 'NONE',  ( 0.1774999999997222411, -0.8500000000000230704, 0.0000000000000000000 ) ) ;
#2295 = CARTESIAN_POINT ( 'NONE',  ( 0.4500000000000000666, -0.5749999999999999556, 0.3099999997760000126 ) ) ;
#2296 = LINE ( 'NONE', #1390, #2364 ) ;
#2297 = LINE ( 'NONE', #964, #2519 ) ;
#2298 = EDGE_CURVE ( 'NONE', #1911, #618, #1568, .T. ) ;
#2299 = DIRECTION ( 'NONE',  ( -1.000000000000000000, 0.0000000000000000000, 0.0000000000000000000 ) ) ;
#2300 = DIRECTION ( 'NONE',  ( 0.0000000000000000000, 0.0000000000000000000, 1.000000000000000000 ) ) ;
#2301 = DIRECTION ( 'NONE',  ( -0.0000000000000000000, -0.0000000000000000000, -1.000000000000000000 ) ) ;
#2302 = ORIENTED_EDGE ( 'NONE', *, *, #2794, .F. ) ;
#2303 = CARTESIAN_POINT ( 'NONE',  ( 0.08638036809815999306, 0.09302501179802001585, 0.0000000000000000000 ) ) ;
#2304 = CYLINDRICAL_SURFACE ( 'NONE', #1247, 0.1702008928569999913 ) ;
#2305 = EDGE_LOOP ( 'NONE', ( #2374, #2445, #2126, #2410 ) ) ;
#2306 = CARTESIAN_POINT ( 'NONE',  ( -0.1774999999997261546, -0.8500000000000462741, 0.0000000000000000000 ) ) ;
#2307 = CARTESIAN_POINT ( 'NONE',  ( -0.1749999999999999889, 0.8499999999999999778, 0.3099999997760000126 ) ) ;
#2308 = PRODUCT_DEFINITION_SHAPE ( 'NONE', 'NONE',  #2858 ) ;
#2309 = CARTESIAN_POINT ( 'NONE',  ( -0.4500000000000000666, 0.4910598222672071800, 0.7760472859741486262 ) ) ;
#2310 = PLANE ( 'NONE',  #2566 ) ;
#2311 = ORIENTED_EDGE ( 'NONE', *, *, #98, .F. ) ;
#2312 = DIRECTION ( 'NONE',  ( 1.000000000000000000, 0.0000000000000000000, 0.0000000000000000000 ) ) ;
#2313 = ADVANCED_FACE ( 'NONE', ( #1152 ), #1775, .F. ) ;
#2314 = EDGE_CURVE ( 'NONE', #118, #2507, #53, .T. ) ;
#2315 = DIRECTION ( 'NONE',  ( 0.0000000000000000000, 0.0000000000000000000, -1.000000000000000000 ) ) ;
#2316 = VECTOR ( 'NONE', #2457, 1000.000000000000000 ) ;
#2317 = VERTEX_POINT ( 'NONE', #1983 ) ;
#2318 = LINE ( 'NONE', #774, #1759 ) ;
#2319 = CARTESIAN_POINT ( 'NONE',  ( -0.1749999999999999889, 0.8499999999999999778, 0.02000000000000000042 ) ) ;
#2320 = VECTOR ( 'NONE', #1542, 1000.000000000000000 ) ;
#2321 = VECTOR ( 'NONE', #1444, 1000.000000000000000 ) ;
#2322 = ORIENTED_EDGE ( 'NONE', *, *, #176, .T. ) ;
#2323 = CARTESIAN_POINT ( 'NONE',  ( 0.03975137675003623944, 0.09446644612238659644, 0.0000000000000000000 ) ) ;
#2324 = DIRECTION ( 'NONE',  ( -0.0000000000000000000, 0.0000000000000000000, -1.000000000000000000 ) ) ;
#2325 = VECTOR ( 'NONE', #1352, 1000.000000000000000 ) ;
#2326 = DIRECTION ( 'NONE',  ( -1.000000000000000000, 0.0000000000000000000, 0.0000000000000000000 ) ) ;
#2327 = ORIENTED_EDGE ( 'NONE', *, *, #1230, .T. ) ;
#2328 = PRESENTATION_LAYER_ASSIGNMENT (  '', '', ( #2748 ) ) ;
#2329 =( GEOMETRIC_REPRESENTATION_CONTEXT ( 3 ) GLOBAL_UNCERTAINTY_ASSIGNED_CONTEXT ( ( #2819 ) ) GLOBAL_UNIT_ASSIGNED_CONTEXT ( ( #1462, #556, #2355 ) ) REPRESENTATION_CONTEXT ( 'NONE', 'WORKASPACE' ) );
#2330 = FACE_OUTER_BOUND ( 'NONE', #2762, .T. ) ;
#2331 = EDGE_CURVE ( 'NONE', #1599, #577, #662, .T. ) ;
#2332 = EDGE_CURVE ( 'NONE', #1045, #1466, #1391, .T. ) ;
#2333 = EDGE_CURVE ( 'NONE', #2665, #357, #2019, .T. ) ;
#2334 = PRODUCT_DEFINITION_SHAPE ( 'NONE', 'NONE',  #465 ) ;
#2335 = CARTESIAN_POINT ( 'NONE',  ( 0.1774999999997261546, -0.8500000000000462741, 0.0000000000000000000 ) ) ;
#2336 = CARTESIAN_POINT ( 'NONE',  ( 0.0000000000000000000, 0.8770833333330000370, 0.0000000000000000000 ) ) ;
#2337 = EDGE_CURVE ( 'NONE', #1976, #2430, #2266, .T. ) ;
#2338 = EDGE_LOOP ( 'NONE', ( #1732, #19, #1044, #548 ) ) ;
#2339 = LINE ( 'NONE', #1821, #2462 ) ;
#2340 = DIRECTION ( 'NONE',  ( -0.0000000000000000000, 0.0000000000000000000, -1.000000000000000000 ) ) ;
#2341 = DIRECTION ( 'NONE',  ( -0.0000000000000000000, -1.000000000000000000, 0.0000000000000000000 ) ) ;
#2342 = ORIENTED_EDGE ( 'NONE', *, *, #921, .F. ) ;
#2343 =( REPRESENTATION_RELATIONSHIP ('NONE','NONE', #1082, #1187 ) REPRESENTATION_RELATIONSHIP_WITH_TRANSFORMATION ( #1096 )SHAPE_REPRESENTATION_RELATIONSHIP( ) );
#2344 = PLANE ( 'NONE',  #515 ) ;
#2345 = VERTEX_POINT ( 'NONE', #711 ) ;
#2346 = ORIENTED_EDGE ( 'NONE', *, *, #1553, .F. ) ;
#2347 = LINE ( 'NONE', #2335, #1290 ) ;
#2348 = LINE ( 'NONE', #1771, #2741 ) ;
#2349 = ORIENTED_EDGE ( 'NONE', *, *, #1504, .T. ) ;
#2350 = EDGE_CURVE ( 'NONE', #986, #2594, #905, .T. ) ;
#2351 = DIRECTION ( 'NONE',  ( 0.0000000000000000000, -0.0000000000000000000, -1.000000000000000000 ) ) ;
#2352 = CARTESIAN_POINT ( 'NONE',  ( 0.1469089193020000073, 0.07973572439829999803, 0.0000000000000000000 ) ) ;
#2353 = PRESENTATION_STYLE_ASSIGNMENT (( #1460 ) ) ;
#2354 = ORIENTED_EDGE ( 'NONE', *, *, #2778, .F. ) ;
#2355 =( NAMED_UNIT ( * ) SI_UNIT ( $, .STERADIAN. ) SOLID_ANGLE_UNIT ( ) );
#2356 = DIRECTION ( 'NONE',  ( 0.0000000000000000000, -0.0000000000000000000, 1.000000000000000000 ) ) ;
#2357 = ORIENTED_EDGE ( 'NONE', *, *, #1063, .F. ) ;
#2358 = ORIENTED_EDGE ( 'NONE', *, *, #2670, .F. ) ;
#2359 = CARTESIAN_POINT ( 'NONE',  ( 0.4000000000000000222, 0.4500000000000000666, 0.0000000000000000000 ) ) ;
#2360 =( NAMED_UNIT ( * ) SI_UNIT ( $, .STERADIAN. ) SOLID_ANGLE_UNIT ( ) );
#2361 = ADVANCED_FACE ( 'NONE', ( #875 ), #1819, .F. ) ;
#2362 = ORIENTED_EDGE ( 'NONE', *, *, #2031, .T. ) ;
#2363 = VECTOR ( 'NONE', #1315, 1000.000000000000000 ) ;
#2364 = VECTOR ( 'NONE', #2796, 1000.000000000000000 ) ;
#2365 = ADVANCED_FACE ( 'NONE', ( #2486 ), #688, .F. ) ;
#2366 = EDGE_CURVE ( 'NONE', #1715, #2263, #533, .T. ) ;
#2367 = CARTESIAN_POINT ( 'NONE',  ( 0.4500000000000000666, -0.8499999999999999778, 0.2999999999999999889 ) ) ;
#2368 = MECHANICAL_DESIGN_GEOMETRIC_PRESENTATION_REPRESENTATION (  '', ( #281 ), #1850 ) ;
#2369 = VECTOR ( 'NONE', #171, 1000.000000000000114 ) ;
#2370 = VECTOR ( 'NONE', #404, 1000.000000000000000 ) ;
#2371 = CONTEXT_DEPENDENT_SHAPE_REPRESENTATION ( #1312, #933 ) ;
#2372 = AXIS2_PLACEMENT_3D ( 'NONE', #1345, #692, #2247 ) ;
#2373 = AXIS2_PLACEMENT_3D ( 'NONE', #1860, #529, #782 ) ;
#2374 = ORIENTED_EDGE ( 'NONE', *, *, #210, .T. ) ;
#2375 = DIRECTION ( 'NONE',  ( 1.000000000000000000, 0.0000000000000000000, 0.0000000000000000000 ) ) ;
#2376 = MECHANICAL_DESIGN_GEOMETRIC_PRESENTATION_REPRESENTATION (  '', ( #2704 ), #160 ) ;
#2377 = PRODUCT_DEFINITION_CONTEXT ( 'detailed design', #2087, 'design' ) ;
#2378 = ORIENTED_EDGE ( 'NONE', *, *, #2066, .T. ) ;
#2379 = FILL_AREA_STYLE ('',( #1480 ) ) ;
#2380 = B_SPLINE_CURVE_WITH_KNOTS ( 'NONE', 3,
 ( #2201, #396, #625, #1051 ),
 .UNSPECIFIED., .F., .F.,
 ( 4, 4 ),
 ( 0.0000000000000000000, 1.000000000000000000 ),
 .UNSPECIFIED. ) ;
#2381 = CARTESIAN_POINT ( 'NONE',  ( -0.2000000000000000111, -0.4500000000000000666, 0.01999999955297000059 ) ) ;
#2382 = LINE ( 'NONE', #209, #1948 ) ;
#2383 = DIRECTION ( 'NONE',  ( 0.0000000000000000000, 0.0000000000000000000, 1.000000000000000000 ) ) ;
#2384 = EDGE_CURVE ( 'NONE', #2648, #1061, #2040, .T. ) ;
#2385 = LINE ( 'NONE', #400, #2363 ) ;
#2386 = APPLICATION_PROTOCOL_DEFINITION ( 'draft international standard', 'automotive_design', 1998, #2454 ) ;
#2387 = PLANE ( 'NONE',  #1393 ) ;
#2388 = EDGE_CURVE ( 'NONE', #118, #2556, #518, .T. ) ;
#2389 = ORIENTED_EDGE ( 'NONE', *, *, #1705, .F. ) ;
#2390 = EDGE_LOOP ( 'NONE', ( #371, #899, #935, #66, #853, #2694, #885, #994 ) ) ;
#2391 = FACE_OUTER_BOUND ( 'NONE', #780, .T. ) ;
#2392 = FILL_AREA_STYLE ('',( #1269 ) ) ;
#2393 = VERTEX_POINT ( 'NONE', #1400 ) ;
#2394 = CYLINDRICAL_SURFACE ( 'NONE', #2834, 0.1770833333329999981 ) ;
#2395 = CARTESIAN_POINT ( 'NONE',  ( -0.4500000000000000666, 0.5749999999999999556, 0.2999999999999999889 ) ) ;
#2396 = SHAPE_DEFINITION_REPRESENTATION ( #2677, #211 ) ;
#2398 = VERTEX_POINT ( 'NONE', #1612 ) ;
#2397 = EDGE_CURVE ( 'NONE', #1291, #932, #302, .T. ) ;
#2399 = ADVANCED_FACE ( 'NONE', ( #1867 ), #760, .T. ) ;
#2400 = ORIENTED_EDGE ( 'NONE', *, *, #999, .T. ) ;
#2401 = CARTESIAN_POINT ( 'NONE',  ( -0.1749999999999999889, 0.8499999999999999778, 0.0000000000000000000 ) ) ;
#2402 = ORIENTED_EDGE ( 'NONE', *, *, #2031, .F. ) ;
#2403 =( NAMED_UNIT ( * ) PLANE_ANGLE_UNIT ( ) SI_UNIT ( $, .RADIAN. ) );
#2404 = PLANE ( 'NONE',  #2599 ) ;
#2405 = UNCERTAINTY_MEASURE_WITH_UNIT (LENGTH_MEASURE( 1.000000000000000082E-05 ), #1957, 'distance_accuracy_value', 'NONE');
#2406 = DIRECTION ( 'NONE',  ( -0.0000000000000000000, 0.0000000000000000000, 1.000000000000000000 ) ) ;
#2407 = VECTOR ( 'NONE', #606, 1000.000000000000000 ) ;
#2408 = AXIS2_PLACEMENT_3D ( 'NONE', #419, #1468, #1027 ) ;
#2409 = ITEM_DEFINED_TRANSFORMATION ( 'NONE', 'NONE', #1528,  #242 ) ;
#2410 = ORIENTED_EDGE ( 'NONE', *, *, #1482, .T. ) ;
#2411 = AXIS2_PLACEMENT_3D ( 'NONE', #458, #2020, #44 ) ;
#2413 = EDGE_CURVE ( 'NONE', #62, #2088, #950, .T. ) ;
#2412 = EDGE_LOOP ( 'NONE', ( #2268, #798, #2354, #1181 ) ) ;
#2414 = DIRECTION ( 'NONE',  ( 0.0000000000000000000, -0.0000000000000000000, -1.000000000000000000 ) ) ;
#2415 = DIRECTION ( 'NONE',  ( 1.000000000000000000, 0.0000000000000000000, 1.110223024625000001E-16 ) ) ;
#2416 = ADVANCED_FACE ( 'NONE', ( #2744 ), #2304, .F. ) ;
#2417 = ORIENTED_EDGE ( 'NONE', *, *, #1498, .F. ) ;
#2418 = MECHANICAL_DESIGN_GEOMETRIC_PRESENTATION_REPRESENTATION (  '', ( #977 ), #2329 ) ;
#2419 = DIRECTION ( 'NONE',  ( 0.0000000000000000000, -0.0000000000000000000, -1.000000000000000000 ) ) ;
#2420 = CARTESIAN_POINT ( 'NONE',  ( 0.4500000000000000666, 0.8499999999999999778, 0.2999999999999999889 ) ) ;
#2421 = EDGE_CURVE ( 'NONE', #222, #2224, #2527, .T. ) ;
#2422 = CARTESIAN_POINT ( 'NONE',  ( 0.08638036809815999306, 0.1599905615860000019, 0.0000000000000000000 ) ) ;
#2423 = SHAPE_REPRESENTATION_RELATIONSHIP ( 'NONE' , 'NONE' ,  #315, #1080 ) ;
#2424 = VERTEX_POINT ( 'NONE', #993 ) ;
#2425 = CARTESIAN_POINT ( 'NONE',  ( 0.1674999999999402800, -0.8499999999999999778, 0.3100000023839999952 ) ) ;
#2426 = CARTESIAN_POINT ( 'NONE',  ( 0.1675000000000000100, -0.8499999999999999778, 0.0000000000000000000 ) ) ;
#2427 = PRODUCT_CONTEXT ( 'NONE', #541, 'mechanical' ) ;
#2428 = MANIFOLD_SOLID_BREP ( 'Imported1', #146 ) ;
#2429 = EDGE_LOOP ( 'NONE', ( #519, #317, #1034, #2797, #80, #1476, #887, #1491, #2001, #1977, #1463, #656, #2195, #2609, #1306, #167, #910, #1184, #1953, #2322, #1239, #2722, #1221, #1081 ) ) ;
#2430 = VERTEX_POINT ( 'NONE', #2624 ) ;
#2431 = DIRECTION ( 'NONE',  ( -1.000000000000000000, -0.0000000000000000000, -0.0000000000000000000 ) ) ;
#2432 = ADVANCED_FACE ( 'NONE', ( #829 ), #110, .F. ) ;
#2433 = VERTEX_POINT ( 'NONE', #1928 ) ;
#2434 = DIRECTION ( 'NONE',  ( -1.000000000000000000, 1.110223024625000001E-16, -1.232595164408000087E-32 ) ) ;
#2435 = CARTESIAN_POINT ( 'NONE',  ( 0.4500000000000000666, 0.8499999999999999778, 0.02000000000000000042 ) ) ;
#2436 =( REPRESENTATION_RELATIONSHIP ('NONE','NONE', #1082, #12 ) REPRESENTATION_RELATIONSHIP_WITH_TRANSFORMATION ( #2233 )SHAPE_REPRESENTATION_RELATIONSHIP( ) );
#2437 = DIRECTION ( 'NONE',  ( 0.0000000000000000000, 0.0000000000000000000, -1.000000000000000000 ) ) ;
#2438 =( NAMED_UNIT ( * ) PLANE_ANGLE_UNIT ( ) SI_UNIT ( $, .RADIAN. ) );
#2439 = EDGE_CURVE ( 'NONE', #630, #1561, #601, .T. ) ;
#2440 = CYLINDRICAL_SURFACE ( 'NONE', #2372, 0.1800208333330000077 ) ;
#2441 = MANIFOLD_SOLID_BREP ( 'Imported1', #1707 ) ;
#2442 = ORIENTED_EDGE ( 'NONE', *, *, #591, .T. ) ;
#2443 = CARTESIAN_POINT ( 'NONE',  ( 0.04578574799434033393, 0.1063142991980000479, 0.0000000000000000000 ) ) ;
#2444 = CARTESIAN_POINT ( 'NONE',  ( 0.1592523653175963727, 0.08657100205088277822, 0.0000000000000000000 ) ) ;
#2445 = ORIENTED_EDGE ( 'NONE', *, *, #1284, .T. ) ;
#2446 = ORIENTED_EDGE ( 'NONE', *, *, #2778, .T. ) ;
#2447 =( LENGTH_UNIT ( ) NAMED_UNIT ( * ) SI_UNIT ( .MILLI., .METRE. ) );
#2448 = FACE_OUTER_BOUND ( 'NONE', #1731, .T. ) ;
#2449 = EDGE_LOOP ( 'NONE', ( #516, #2362, #2389, #573 ) ) ;
#2450 = CARTESIAN_POINT ( 'NONE',  ( 0.1127892864562655278, 0.04949349032562521539, 0.0000000000000000000 ) ) ;
#2451 = DIRECTION ( 'NONE',  ( 0.0000000000000000000, -1.000000000000000000, 0.0000000000000000000 ) ) ;
#2452 = EDGE_CURVE ( 'NONE', #1561, #2648, #2829, .T. ) ;
#2453 = DIRECTION ( 'NONE',  ( 0.0000000000000000000, 0.1736485731609745398, 0.9848076832758555499 ) ) ;
#2454 = APPLICATION_CONTEXT ( 'automotive_design' ) ;
#2455 = PLANE ( 'NONE',  #2411 ) ;
#2456 = VECTOR ( 'NONE', #953, 1000.000000000000000 ) ;
#2457 = DIRECTION ( 'NONE',  ( 1.368455531567199005E-48, 1.000000000000000000, -1.232595164408000087E-32 ) ) ;
#2458 = LINE ( 'NONE', #464, #2793 ) ;
#2459 = VECTOR ( 'NONE', #1576, 1000.000000000000000 ) ;
#2460 = CIRCLE ( 'NONE', #238, 0.1770833333329999981 ) ;
#2461 = MANIFOLD_SOLID_BREP ( 'Imported1', #960 ) ;
#2462 = VECTOR ( 'NONE', #566, 1000.000000000000000 ) ;
#2463 = ORIENTED_EDGE ( 'NONE', *, *, #2366, .T. ) ;
#2464 = VERTEX_POINT ( 'NONE', #1537 ) ;
#2465 = CIRCLE ( 'NONE', #648, 0.1500000000000000222 ) ;
#2466 = CARTESIAN_POINT ( 'NONE',  ( -0.4500000000000000666, -0.5749999999999999556, 0.2999999999999999889 ) ) ;
#2467 = PRESENTATION_LAYER_ASSIGNMENT (  '', '', ( #836 ) ) ;
#2468 = VERTEX_POINT ( 'NONE', #912 ) ;
#2469 = DIRECTION ( 'NONE',  ( 0.0000000000000000000, -0.0000000000000000000, -1.000000000000000000 ) ) ;
#2470 = COLOUR_RGB ( '',0.7921568627450980005, 0.8196078431372548767, 0.9333333333333333481 ) ;
#2471 = UNCERTAINTY_MEASURE_WITH_UNIT (LENGTH_MEASURE( 1.000000000000000082E-05 ), #1881, 'distance_accuracy_value', 'NONE');
#2472 = AXIS2_PLACEMENT_3D ( 'NONE', #1001, #1436, #130 ) ;
#2473 = LINE ( 'NONE', #478, #1016 ) ;
#2474 = EDGE_CURVE ( 'NONE', #1911, #1473, #2348, .T. ) ;
#2475 = UNCERTAINTY_MEASURE_WITH_UNIT (LENGTH_MEASURE( 1.000000000000000082E-05 ), #1429, 'distance_accuracy_value', 'NONE');
#2476 = CARTESIAN_POINT ( 'NONE',  ( 0.1749999999999999889, 0.8499999999999999778, 0.0000000000000000000 ) ) ;
#2477 = CARTESIAN_POINT ( 'NONE',  ( 0.4500000000000000111, 0.8499999999999999778, 0.02000000000000000042 ) ) ;
#2478 = CONTEXT_DEPENDENT_SHAPE_REPRESENTATION ( #1534, #546 ) ;
#2479 = ORIENTED_EDGE ( 'NONE', *, *, #40, .F. ) ;
#2480 = ADVANCED_FACE ( 'NONE', ( #2448 ), #2697, .T. ) ;
#2481 = ORIENTED_EDGE ( 'NONE', *, *, #1156, .F. ) ;
#2482 = CARTESIAN_POINT ( 'NONE',  ( 0.2000000000000000389, -0.4500000000000000111, 0.01999999955297000059 ) ) ;
#2483 =( NAMED_UNIT ( * ) SI_UNIT ( $, .STERADIAN. ) SOLID_ANGLE_UNIT ( ) );
#2484 = VERTEX_POINT ( 'NONE', #1305 ) ;
#2485 = MANIFOLD_SOLID_BREP ( 'Imported1', #57 ) ;
#2486 = FACE_OUTER_BOUND ( 'NONE', #1441, .T. ) ;
#2487 = FILL_AREA_STYLE_COLOUR ( '', #1710 ) ;
#2488 = LINE ( 'NONE', #252, #1624 ) ;
#2489 = LINE ( 'NONE', #493, #2038 ) ;
#2490 = CARTESIAN_POINT ( 'NONE',  ( 0.1749999999999999611, -0.8499999999999999778, 0.2999999999999999889 ) ) ;
#2491 = ADVANCED_FACE ( 'NONE', ( #485 ), #1782, .F. ) ;
#2492 = SHAPE_REPRESENTATION ( 'User_Library-LTST-C190GKT_Pad006', ( #242 ), #2194 ) ;
#2493 = FACE_OUTER_BOUND ( 'NONE', #1071, .T. ) ;
#2494 = CARTESIAN_POINT ( 'NONE',  ( -0.4500000000000000666, -0.8499999999999999778, 0.02000000000000000042 ) ) ;
#2495 = CARTESIAN_POINT ( 'NONE',  ( 0.1594714487970000094, 0.09717791411043000260, 0.0000000000000000000 ) ) ;
#2496 = PRODUCT_RELATED_PRODUCT_CATEGORY ( 'part', '', ( #1142 ) ) ;
#2497 = EDGE_CURVE ( 'NONE', #1521, #1003, #1851, .T. ) ;
#2498 = ORIENTED_EDGE ( 'NONE', *, *, #848, .F. ) ;
#2499 = CARTESIAN_POINT ( 'NONE',  ( -0.4500000000000001221, 0.8499999999999999778, 0.02000000000000000042 ) ) ;
#2500 = ORIENTED_EDGE ( 'NONE', *, *, #2137, .F. ) ;
#2501 = FACE_OUTER_BOUND ( 'NONE', #2171, .T. ) ;
#2502 = APPLICATION_PROTOCOL_DEFINITION ( 'draft international standard', 'automotive_design', 1998, #1263 ) ;
#2503 = FACE_OUTER_BOUND ( 'NONE', #668, .T. ) ;
#2504 = DIRECTION ( 'NONE',  ( 0.0000000000000000000, -1.000000000000000000, -0.0000000000000000000 ) ) ;
#2505 = DIRECTION ( 'NONE',  ( 1.224646000000000070E-16, 1.000000000000000000, 0.0000000000000000000 ) ) ;
#2506 = AXIS2_PLACEMENT_3D ( 'NONE', #840, #2838, #212 ) ;
#2507 = VERTEX_POINT ( 'NONE', #758 ) ;
#2508 = CARTESIAN_POINT ( 'NONE',  ( -0.4000000000000000222, -0.8499999999999999778, 0.0000000000000000000 ) ) ;
#2509 = SURFACE_STYLE_FILL_AREA ( #955 ) ;
#2510 = VECTOR ( 'NONE', #2770, 1000.000000000000000 ) ;
#2511 = STYLED_ITEM ( 'NONE', ( #984 ), #498 ) ;
#2512 = ORIENTED_EDGE ( 'NONE', *, *, #1288, .F. ) ;
#2513 = MANIFOLD_SOLID_BREP ( 'Imported1', #97 ) ;
#2514 = CARTESIAN_POINT ( 'NONE',  ( 0.1661160924960000118, 0.1063142991980000063, 0.0000000000000000000 ) ) ;
#2515 =( GEOMETRIC_REPRESENTATION_CONTEXT ( 3 ) GLOBAL_UNCERTAINTY_ASSIGNED_CONTEXT ( ( #859 ) ) GLOBAL_UNIT_ASSIGNED_CONTEXT ( ( #2208, #684, #2483 ) ) REPRESENTATION_CONTEXT ( 'NONE', 'WORKASPACE' ) );
#2516 = VECTOR ( 'NONE', #1894, 1000.000000000000000 ) ;
#2517 = VERTEX_POINT ( 'NONE', #2291 ) ;
#2518 = DIRECTION ( 'NONE',  ( -0.9572114273006606666, -0.2893895012695382740, 0.0000000000000000000 ) ) ;
#2519 = VECTOR ( 'NONE', #2341, 1000.000000000000000 ) ;
#2520 = LINE ( 'NONE', #1693, #1709 ) ;
#2521 = CARTESIAN_POINT ( 'NONE',  ( 0.4500000000000001221, 0.8499999999999999778, 0.3000000011919999876 ) ) ;
#2522 = CARTESIAN_POINT ( 'NONE',  ( 0.08654567437470550573, 0.1634552760737560673, 0.0000000000000000000 ) ) ;
#2523 =( GEOMETRIC_REPRESENTATION_CONTEXT ( 3 ) GLOBAL_UNCERTAINTY_ASSIGNED_CONTEXT ( ( #1084 ) ) GLOBAL_UNIT_ASSIGNED_CONTEXT ( ( #1338, #873, #2196 ) ) REPRESENTATION_CONTEXT ( 'NONE', 'WORKASPACE' ) );
#2524 = CARTESIAN_POINT ( 'NONE',  ( 0.1661160924960000118, 0.1063142991980000063, 0.0000000000000000000 ) ) ;
#2525 = ORIENTED_EDGE ( 'NONE', *, *, #1008, .T. ) ;
#2526 = DIRECTION ( 'NONE',  ( 1.000000000000000000, 0.0000000000000000000, -0.0000000000000000000 ) ) ;
#2527 = LINE ( 'NONE', #2319, #2510 ) ;
#2528 = EDGE_CURVE ( 'NONE', #1678, #2625, #1022, .T. ) ;
#2529 = UNCERTAINTY_MEASURE_WITH_UNIT (LENGTH_MEASURE( 1.000000000000000082E-05 ), #2640, 'distance_accuracy_value', 'NONE');
#2530 = ORIENTED_EDGE ( 'NONE', *, *, #2687, .F. ) ;
#2531 = LINE ( 'NONE', #1173, #328 ) ;
#2532 = CARTESIAN_POINT ( 'NONE',  ( 0.4500000000000000666, -0.8499999999999999778, 0.3099999997760000126 ) ) ;
#2533 = EDGE_CURVE ( 'NONE', #2728, #2424, #543, .T. ) ;
#2534 = EDGE_CURVE ( 'NONE', #226, #2746, #65, .T. ) ;
#2535 = DIRECTION ( 'NONE',  ( 1.000000000000000000, 0.0000000000000000000, -0.0000000000000000000 ) ) ;
#2536 = CARTESIAN_POINT ( 'NONE',  ( 0.4500000000000000666, -0.8499999999999999778, 0.2999999999999999889 ) ) ;
#2537 = ORIENTED_EDGE ( 'NONE', *, *, #2452, .F. ) ;
#2538 = DIRECTION ( 'NONE',  ( 1.000000000000000000, 0.0000000000000000000, 0.0000000000000000000 ) ) ;
#2539 = DIRECTION ( 'NONE',  ( 0.0000000000000000000, -0.0000000000000000000, 1.000000000000000000 ) ) ;
#2540 = FILL_AREA_STYLE_COLOUR ( '', #1519 ) ;
#2541 = ORIENTED_EDGE ( 'NONE', *, *, #1276, .T. ) ;
#2542 = DIRECTION ( 'NONE',  ( -0.0000000000000000000, -0.1736485731609745398, -0.9848076832758555499 ) ) ;
#2543 = ORIENTED_EDGE ( 'NONE', *, *, #636, .T. ) ;
#2544 = PLANE ( 'NONE',  #279 ) ;
#2545 = SURFACE_STYLE_FILL_AREA ( #1649 ) ;
#2546 = DIRECTION ( 'NONE',  ( 0.0000000000000000000, 0.0000000000000000000, -1.000000000000000000 ) ) ;
#2547 = PRODUCT_DEFINITION_SHAPE ( 'NONE', 'NONE',  #139 ) ;
#2548 = SURFACE_STYLE_USAGE ( .BOTH. , #767 ) ;
#2549 = CYLINDRICAL_SURFACE ( 'NONE', #1907, 0.1770833333329999981 ) ;
#2550 = ORIENTED_EDGE ( 'NONE', *, *, #359, .T. ) ;
#2551 = EDGE_CURVE ( 'NONE', #428, #2815, #1764, .T. ) ;
#2552 = CARTESIAN_POINT ( 'NONE',  ( 0.2000000000000000111, -0.8000000000000000444, 0.3200000000000000067 ) ) ;
#2553 = CARTESIAN_POINT ( 'NONE',  ( -0.1675000000000000100, 0.8499999999999999778, 0.3100000023839999952 ) ) ;
#2554 = EDGE_CURVE ( 'NONE', #1547, #1699, #1716, .T. ) ;
#2555 =( GEOMETRIC_REPRESENTATION_CONTEXT ( 3 ) GLOBAL_UNCERTAINTY_ASSIGNED_CONTEXT ( ( #461 ) ) GLOBAL_UNIT_ASSIGNED_CONTEXT ( ( #495, #280, #61 ) ) REPRESENTATION_CONTEXT ( 'NONE', 'WORKASPACE' ) );
#2556 = VERTEX_POINT ( 'NONE', #102 ) ;
#2557 = CARTESIAN_POINT ( 'NONE',  ( 0.1749999999999999889, 0.8499999999999999778, 0.02000000000000000042 ) ) ;
#2558 = DIRECTION ( 'NONE',  ( 0.0000000000000000000, -0.0000000000000000000, 1.000000000000000000 ) ) ;
#2559 = VECTOR ( 'NONE', #2324, 1000.000000000000000 ) ;
#2560 = VECTOR ( 'NONE', #2811, 1000.000000000000000 ) ;
#2561 = PRODUCT_DEFINITION_CONTEXT ( 'detailed design', #1447, 'design' ) ;
#2562 = ORIENTED_EDGE ( 'NONE', *, *, #1412, .T. ) ;
#2563 = DIRECTION ( 'NONE',  ( -0.0000000000000000000, 1.000000000000000000, 0.0000000000000000000 ) ) ;
#2564 = PLANE ( 'NONE',  #825 ) ;
#2565 = COLOUR_RGB ( '',1.000000000000000000, 0.8392156862745098200, 0.0000000000000000000 ) ;
#2566 = AXIS2_PLACEMENT_3D ( 'NONE', #1639, #2287, #527 ) ;
#2567 = AXIS2_PLACEMENT_3D ( 'NONE', #2508, #2059, #2724 ) ;
#2568 = SURFACE_STYLE_FILL_AREA ( #1232 ) ;
#2569 = CARTESIAN_POINT ( 'NONE',  ( -1.611894917424000117E-17, 0.8770833333330000370, 0.3000000011919999876 ) ) ;
#2570 = EDGE_LOOP ( 'NONE', ( #1246, #2058, #531, #178 ) ) ;
#2571 = CARTESIAN_POINT ( 'NONE',  ( -0.4500000000000001221, 0.5749999999999999556, 0.3000000000000000444 ) ) ;
#2573 = ADVANCED_FACE ( 'NONE', ( #930 ), #1862, .F. ) ;
#2572 = VERTEX_POINT ( 'NONE', #728 ) ;
#2574 = APPLICATION_CONTEXT ( 'automotive_design' ) ;
#2575 = ORIENTED_EDGE ( 'NONE', *, *, #2160, .T. ) ;
#2576 = DIRECTION ( 'NONE',  ( -0.0000000000000000000, 0.0000000000000000000, -1.000000000000000000 ) ) ;
#2577 = DIRECTION ( 'NONE',  ( -2.220446049250000002E-16, 0.0000000000000000000, 1.000000000000000000 ) ) ;
#2578 = VERTEX_POINT ( 'NONE', #944 ) ;
#2579 = DIRECTION ( 'NONE',  ( 1.000000000000000000, 0.0000000000000000000, -0.0000000000000000000 ) ) ;
#2580 = VERTEX_POINT ( 'NONE', #1828 ) ;
#2581 = PRESENTATION_STYLE_ASSIGNMENT (( #968 ) ) ;
#2582 = ADVANCED_FACE ( 'NONE', ( #1989 ), #1559, .T. ) ;
#2583 = ORIENTED_EDGE ( 'NONE', *, *, #2474, .F. ) ;
#2584 = VERTEX_POINT ( 'NONE', #1364 ) ;
#2585 = LINE ( 'NONE', #1059, #2239 ) ;
#2586 = PRESENTATION_STYLE_ASSIGNMENT (( #2154 ) ) ;
#2587 = ADVANCED_FACE ( 'NONE', ( #1095 ), #1769, .T. ) ;
#2588 = EDGE_CURVE ( 'NONE', #1194, #1227, #1751, .T. ) ;
#2589 = ORIENTED_EDGE ( 'NONE', *, *, #1486, .T. ) ;
#2590 = DIRECTION ( 'NONE',  ( 0.0000000000000000000, -0.0000000000000000000, -1.000000000000000000 ) ) ;
#2591 = FACE_OUTER_BOUND ( 'NONE', #1741, .T. ) ;
#2592 = PRODUCT_CONTEXT ( 'NONE', #54, 'mechanical' ) ;
#2593 = SURFACE_STYLE_FILL_AREA ( #1697 ) ;
#2594 = VERTEX_POINT ( 'NONE', #713 ) ;
#2595 = FILL_AREA_STYLE_COLOUR ( '', #2837 ) ;
#2596 = AXIS2_PLACEMENT_3D ( 'NONE', #2021, #1590, #2675 ) ;
#2597 = EDGE_CURVE ( 'NONE', #204, #991, #2458, .T. ) ;
#2598 = COLOUR_RGB ( '',1.000000000000000000, 0.0000000000000000000, 0.0000000000000000000 ) ;
#2599 = AXIS2_PLACEMENT_3D ( 'NONE', #2809, #2847, #2590 ) ;
#2600 = CIRCLE ( 'NONE', #2408, 0.1770833333329999981 ) ;
#2601 = DIRECTION ( 'NONE',  ( 0.0000000000000000000, 0.0000000000000000000, -1.000000000000000000 ) ) ;
#2602 = ADVANCED_FACE ( 'NONE', ( #653 ), #1811, .T. ) ;
#2603 = STYLED_ITEM ( 'NONE', ( #2586 ), #2461 ) ;
#2604 = AXIS2_PLACEMENT_3D ( 'NONE', #2756, #1816, #2712 ) ;
#2605 = VECTOR ( 'NONE', #1020, 1000.000000000000000 ) ;
#2606 = CARTESIAN_POINT ( 'NONE',  ( -0.2000000000000000111, -0.4500000000000000666, 0.01999999955297000059 ) ) ;
#2607 = APPLICATION_PROTOCOL_DEFINITION ( 'draft international standard', 'automotive_design', 1998, #682 ) ;
#2608 = AXIS2_PLACEMENT_3D ( 'NONE', #705, #325, #1419 ) ;
#2609 = ORIENTED_EDGE ( 'NONE', *, *, #126, .T. ) ;
#2610 = ORIENTED_EDGE ( 'NONE', *, *, #105, .F. ) ;
#2611 =( LENGTH_UNIT ( ) NAMED_UNIT ( * ) SI_UNIT ( .MILLI., .METRE. ) );
#2612 = SURFACE_STYLE_USAGE ( .BOTH. , #1938 ) ;
#2613 = PRODUCT_DEFINITION_FORMATION_WITH_SPECIFIED_SOURCE ( 'ANY', '', #1865, .NOT_KNOWN. ) ;
#2614 = ORIENTED_EDGE ( 'NONE', *, *, #799, .T. ) ;
#2615 = CARTESIAN_POINT ( 'NONE',  ( 0.03465356515310833579, 0.08439072833686614428, 0.0000000000000000000 ) ) ;
#2616 =( NAMED_UNIT ( * ) SI_UNIT ( $, .STERADIAN. ) SOLID_ANGLE_UNIT ( ) );
#2617 = ADVANCED_FACE ( 'NONE', ( #1792 ), #263, .T. ) ;
#2618 = DIRECTION ( 'NONE',  ( 0.0000000000000000000, -1.000000000000000000, -0.0000000000000000000 ) ) ;
#2619 = APPLICATION_PROTOCOL_DEFINITION ( 'draft international standard', 'automotive_design', 1998, #2574 ) ;
#2620 = ORIENTED_EDGE ( 'NONE', *, *, #347, .T. ) ;
#2621 = B_SPLINE_CURVE_WITH_KNOTS ( 'NONE', 3,
 ( #2685, #1575, #1589, #261 ),
 .UNSPECIFIED., .F., .F.,
 ( 4, 4 ),
 ( 0.0000000000000000000, 1.000000000000000000 ),
 .UNSPECIFIED. ) ;
#2622 = ORIENTED_EDGE ( 'NONE', *, *, #2534, .T. ) ;
#2623 = LINE ( 'NONE', #2679, #1210 ) ;
#2624 = CARTESIAN_POINT ( 'NONE',  ( -0.1674999999999402522, 0.8499999999999999778, 0.0000000000000000000 ) ) ;
#2625 = VERTEX_POINT ( 'NONE', #1591 ) ;
#2626 =( LENGTH_UNIT ( ) NAMED_UNIT ( * ) SI_UNIT ( .MILLI., .METRE. ) );
#2627 = LINE ( 'NONE', #2167, #2407 ) ;
#2628 = DIRECTION ( 'NONE',  ( 0.0000000000000000000, -0.0000000000000000000, -1.000000000000000000 ) ) ;
#2629 = EDGE_CURVE ( 'NONE', #2224, #775, #2010, .T. ) ;
#2630 =( NAMED_UNIT ( * ) SI_UNIT ( $, .STERADIAN. ) SOLID_ANGLE_UNIT ( ) );
#2631 = VERTEX_POINT ( 'NONE', #1144 ) ;
#2632 = EDGE_CURVE ( 'NONE', #1674, #637, #1531, .T. ) ;
#2633 = ORIENTED_EDGE ( 'NONE', *, *, #839, .F. ) ;
#2634 = LINE ( 'NONE', #451, #1717 ) ;
#2635 = SURFACE_STYLE_USAGE ( .BOTH. , #228 ) ;
#2636 = VERTEX_POINT ( 'NONE', #2022 ) ;
#2637 = CARTESIAN_POINT ( 'NONE',  ( 0.08654132420953328242, 0.04949349032562513212, 0.0000000000000000000 ) ) ;
#2638 = PRESENTATION_LAYER_ASSIGNMENT (  '', '', ( #1011 ) ) ;
#2639 = CARTESIAN_POINT ( 'NONE',  ( 0.03322321849928999704, 0.1063142991980000063, 0.0000000000000000000 ) ) ;
#2640 =( LENGTH_UNIT ( ) NAMED_UNIT ( * ) SI_UNIT ( .MILLI., .METRE. ) );
#2641 = ORIENTED_EDGE ( 'NONE', *, *, #663, .T. ) ;
#2642 = AXIS2_PLACEMENT_3D ( 'NONE', #1308, #1340, #2672 ) ;
#2643 = VECTOR ( 'NONE', #947, 1000.000000000000000 ) ;
#2644 = LINE ( 'NONE', #159, #1196 ) ;
#2645 = CARTESIAN_POINT ( 'NONE',  ( 0.2000000000000000111, -0.4500000000000000666, 0.0000000000000000000 ) ) ;
#2646 = APPLICATION_PROTOCOL_DEFINITION ( 'draft international standard', 'automotive_design', 1998, #801 ) ;
#2647 = VECTOR ( 'NONE', #2434, 1000.000000000000000 ) ;
#2648 = VERTEX_POINT ( 'NONE', #2033 ) ;
#2649 = AXIS2_PLACEMENT_3D ( 'NONE', #667, #1349, #1133 ) ;
#2650 = AXIS2_PLACEMENT_3D ( 'NONE', #617, #355, #1032 ) ;
#2651 = VERTEX_POINT ( 'NONE', #883 ) ;
#2652 = CARTESIAN_POINT ( 'NONE',  ( 0.1675000000000000100, 0.8499999999999999778, 0.0000000000000000000 ) ) ;
#2653 = STYLED_ITEM ( 'NONE', ( #2846 ), #845 ) ;
#2654 = EDGE_CURVE ( 'NONE', #1266, #226, #2726, .T. ) ;
#2655 = EDGE_LOOP ( 'NONE', ( #1901, #1892, #1609, #927 ) ) ;
#2656 = PRESENTATION_STYLE_ASSIGNMENT (( #217 ) ) ;
#2657 = AXIS2_PLACEMENT_3D ( 'NONE', #2128, #1669, #2538 ) ;
#2658 = DIRECTION ( 'NONE',  ( 0.0000000000000000000, -0.0000000000000000000, -1.000000000000000000 ) ) ;
#2659 = CARTESIAN_POINT ( 'NONE',  ( -0.1749999999999999889, -0.8499999999999999778, 0.3000000011919999876 ) ) ;
#2660 = CARTESIAN_POINT ( 'NONE',  ( 0.4000000000000000222, -0.4500000000000000666, 0.0000000000000000000 ) ) ;
#2661 = ORIENTED_EDGE ( 'NONE', *, *, #731, .F. ) ;
#2662 = DIRECTION ( 'NONE',  ( -0.0000000000000000000, 0.0000000000000000000, 1.000000000000000000 ) ) ;
#2663 = DIRECTION ( 'NONE',  ( 0.0000000000000000000, 0.0000000000000000000, -1.000000000000000000 ) ) ;
#2664 = B_SPLINE_CURVE_WITH_KNOTS ( 'NONE', 3,
 ( #1131, #1556, #492, #56 ),
 .UNSPECIFIED., .F., .F.,
 ( 4, 4 ),
 ( 0.0000000000000000000, 1.000000000000000000 ),
 .UNSPECIFIED. ) ;
#2665 = VERTEX_POINT ( 'NONE', #2251 ) ;
#2666 = ORIENTED_EDGE ( 'NONE', *, *, #1224, .F. ) ;
#2667 = DIRECTION ( 'NONE',  ( 0.0000000000000000000, -0.0000000000000000000, -1.000000000000000000 ) ) ;
#2668 = VERTEX_POINT ( 'NONE', #254 ) ;
#2669 = PLANE ( 'NONE',  #243 ) ;
#2670 = EDGE_CURVE ( 'NONE', #1473, #1686, #1118, .T. ) ;
#2671 = EDGE_CURVE ( 'NONE', #2106, #1302, #2689, .T. ) ;
#2672 = DIRECTION ( 'NONE',  ( -1.000000000000000000, 0.0000000000000000000, 0.0000000000000000000 ) ) ;
#2673 = SURFACE_SIDE_STYLE ('',( #1777 ) ) ;
#2674 = CARTESIAN_POINT ( 'NONE',  ( 0.03322321849928998316, 0.08907975460122999345, 0.0000000000000000000 ) ) ;
#2675 = DIRECTION ( 'NONE',  ( 1.000000000000000000, 0.0000000000000000000, -0.0000000000000000000 ) ) ;
#2676 = CARTESIAN_POINT ( 'NONE',  ( 0.4500000000000000666, -0.5749999999999999556, 0.2999999999999999889 ) ) ;
#2677 = PRODUCT_DEFINITION_SHAPE ( 'NONE', 'NONE',  #309 ) ;
#2678 = ORIENTED_EDGE ( 'NONE', *, *, #380, .F. ) ;
#2679 = CARTESIAN_POINT ( 'NONE',  ( 0.4000000000000000222, 0.8499999999999999778, 0.0000000000000000000 ) ) ;
#2680 = ORIENTED_EDGE ( 'NONE', *, *, #715, .F. ) ;
#2681 = FACE_OUTER_BOUND ( 'NONE', #2305, .T. ) ;
#2682 = DIRECTION ( 'NONE',  ( -1.000000000000000000, -0.0000000000000000000, 0.0000000000000000000 ) ) ;
#2683 = DIRECTION ( 'NONE',  ( -1.000000000000000000, -0.0000000000000000000, -0.0000000000000000000 ) ) ;
#2684 = PRESENTATION_STYLE_ASSIGNMENT (( #1984 ) ) ;
#2685 = CARTESIAN_POINT ( 'NONE',  ( 0.03685700802264998271, 0.1036149126950000054, 0.0000000000000000000 ) ) ;
#2686 = CIRCLE ( 'NONE', #1840, 0.1770833333329999981 ) ;
#2687 = EDGE_CURVE ( 'NONE', #2636, #574, #277, .T. ) ;
#2688 = CARTESIAN_POINT ( 'NONE',  ( 0.1749999999998571310, 0.8499999999999999778, 0.2999999999999999889 ) ) ;
#2689 = LINE ( 'NONE', #699, #1343 ) ;
#2690 = VECTOR ( 'NONE', #2682, 1000.000000000000000 ) ;
#2691 = VECTOR ( 'NONE', #321, 1000.000000000000000 ) ;
#2692 = CARTESIAN_POINT ( 'NONE',  ( -0.4000000000000000222, -0.1999999999999999833, 0.0000000000000000000 ) ) ;
#2694 = ORIENTED_EDGE ( 'NONE', *, *, #2421, .T. ) ;
#2693 =( GEOMETRIC_REPRESENTATION_CONTEXT ( 3 ) GLOBAL_UNCERTAINTY_ASSIGNED_CONTEXT ( ( #1089 ) ) GLOBAL_UNIT_ASSIGNED_CONTEXT ( ( #1701, #1135, #50 ) ) REPRESENTATION_CONTEXT ( 'NONE', 'WORKASPACE' ) );
#2695 = CARTESIAN_POINT ( 'NONE',  ( 0.1749999999999999889, 0.8499999999999999778, 0.3000000011919999876 ) ) ;
#2696 =( GEOMETRIC_REPRESENTATION_CONTEXT ( 3 ) GLOBAL_UNCERTAINTY_ASSIGNED_CONTEXT ( ( #1381 ) ) GLOBAL_UNIT_ASSIGNED_CONTEXT ( ( #2447, #1781, #471 ) ) REPRESENTATION_CONTEXT ( 'NONE', 'WORKASPACE' ) );
#2697 = PLANE ( 'NONE',  #2185 ) ;
#2698 = AXIS2_PLACEMENT_3D ( 'NONE', #779, #2776, #1623 ) ;
#2699 = VECTOR ( 'NONE', #954, 1000.000000000000000 ) ;
#2700 = ORIENTED_EDGE ( 'NONE', *, *, #105, .T. ) ;
#2701 =( LENGTH_UNIT ( ) NAMED_UNIT ( * ) SI_UNIT ( .MILLI., .METRE. ) );
#2702 = LINE ( 'NONE', #874, #1389 ) ;
#2703 = CARTESIAN_POINT ( 'NONE',  ( -0.1675000000000000100, 0.8499999999999999778, 0.0000000000000000000 ) ) ;
#2704 = STYLED_ITEM ( 'NONE', ( #2656 ), #1164 ) ;
#2705 =( NAMED_UNIT ( * ) SI_UNIT ( $, .STERADIAN. ) SOLID_ANGLE_UNIT ( ) );
#2706 = EDGE_CURVE ( 'NONE', #2580, #1915, #1577, .T. ) ;
#2707 = PRODUCT ( 'User_Library-LTST-C190GKT_Pad003', 'User_Library-LTST-C190GKT_Pad003', '', ( #435 ) ) ;
#2708 = FACE_OUTER_BOUND ( 'NONE', #290, .T. ) ;
#2709 = DIRECTION ( 'NONE',  ( 1.000000000000000000, 0.0000000000000000000, 0.0000000000000000000 ) ) ;
#2710 = EDGE_CURVE ( 'NONE', #855, #991, #864, .T. ) ;
#2711 = CARTESIAN_POINT ( 'NONE',  ( 0.1659507862194876393, 0.1099130935979091422, 0.0000000000000000000 ) ) ;
#2712 = DIRECTION ( 'NONE',  ( 0.0000000000000000000, -0.0000000000000000000, 1.000000000000000000 ) ) ;
#2713 = LINE ( 'NONE', #1597, #1520 ) ;
#2714 = SURFACE_STYLE_USAGE ( .BOTH. , #976 ) ;
#2715 = APPLICATION_CONTEXT ( 'automotive_design' ) ;
#2716 = VERTEX_POINT ( 'NONE', #1316 ) ;
#2717 = DIRECTION ( 'NONE',  ( 0.0000000000000000000, -0.0000000000000000000, 1.000000000000000000 ) ) ;
#2718 = PRESENTATION_STYLE_ASSIGNMENT (( #1822 ) ) ;
#2719 =( NAMED_UNIT ( * ) SI_UNIT ( $, .STERADIAN. ) SOLID_ANGLE_UNIT ( ) );
#2720 = DIRECTION ( 'NONE',  ( -0.0000000000000000000, 0.0000000000000000000, 1.000000000000000000 ) ) ;
#2721 = DIRECTION ( 'NONE',  ( -1.000000000000000000, 0.0000000000000000000, 0.0000000000000000000 ) ) ;
#2722 = ORIENTED_EDGE ( 'NONE', *, *, #343, .T. ) ;
#2723 = EDGE_CURVE ( 'NONE', #588, #769, #1643, .T. ) ;
#2724 = DIRECTION ( 'NONE',  ( 1.000000000000000000, 0.0000000000000000000, -0.0000000000000000000 ) ) ;
#2725 = CARTESIAN_POINT ( 'NONE',  ( 0.09946201038226000490, 0.03986786219914999901, 0.0000000000000000000 ) ) ;
#2726 = B_SPLINE_CURVE_WITH_KNOTS ( 'NONE', 3,
 ( #1546, #34, #2444, #909 ),
 .UNSPECIFIED., .F., .F.,
 ( 4, 4 ),
 ( 0.0000000000000000000, 1.000000000000000000 ),
 .UNSPECIFIED. ) ;
#2728 = VERTEX_POINT ( 'NONE', #76 ) ;
#2727 = ADVANCED_FACE ( 'NONE', ( #2220 ), #1885, .T. ) ;
#2729 = CARTESIAN_POINT ( 'NONE',  ( -0.4500000000000000666, 0.5749999999999999556, 0.2999999999999999889 ) ) ;
#2730 = UNCERTAINTY_MEASURE_WITH_UNIT (LENGTH_MEASURE( 1.000000000000000082E-05 ), #1689, 'distance_accuracy_value', 'NONE');
#2731 = ORIENTED_EDGE ( 'NONE', *, *, #1684, .T. ) ;
#2732 = DIRECTION ( 'NONE',  ( -1.000000000000000000, -1.898597379746298024E-17, -3.347747297253367144E-18 ) ) ;
#2733 = B_SPLINE_CURVE_WITH_KNOTS ( 'NONE', 3,
 ( #2524, #2711, #2036, #101 ),
 .UNSPECIFIED., .F., .F.,
 ( 4, 4 ),
 ( 0.0000000000000000000, 1.000000000000000000 ),
 .UNSPECIFIED. ) ;
#2734 = CARTESIAN_POINT ( 'NONE',  ( -0.4500000000000001776, 0.3433386697759999717, 0.9000000000000000222 ) ) ;
#2735 = PLANE ( 'NONE',  #22 ) ;
#2736 = AXIS2_PLACEMENT_3D ( 'NONE', #1040, #422, #447 ) ;
#2737 = EDGE_CURVE ( 'NONE', #855, #446, #111, .T. ) ;
#2738 = CARTESIAN_POINT ( 'NONE',  ( -0.4000000000000000222, 0.8499999999999999778, 0.0000000000000000000 ) ) ;
#2739 = VECTOR ( 'NONE', #1663, 1000.000000000000000 ) ;
#2740 = VECTOR ( 'NONE', #2504, 1000.000000000000000 ) ;
#2741 = VECTOR ( 'NONE', #2431, 1000.000000000000000 ) ;
#2742 = CIRCLE ( 'NONE', #1900, 0.1770833333329999981 ) ;
#2743 = CARTESIAN_POINT ( 'NONE',  ( 0.4499999761580000257, -0.4910598222669931845, 0.7760472859740384921 ) ) ;
#2744 = FACE_OUTER_BOUND ( 'NONE', #470, .T. ) ;
#2745 = VECTOR ( 'NONE', #113, 1000.000000000000000 ) ;
#2746 = VERTEX_POINT ( 'NONE', #1449 ) ;
#2747 = CARTESIAN_POINT ( 'NONE',  ( 0.1674999999999402800, -0.8499999999999999778, 0.0000000000000000000 ) ) ;
#2748 = STYLED_ITEM ( 'NONE', ( #1832 ), #367 ) ;
#2749 = AXIS2_PLACEMENT_3D ( 'NONE', #983, #1404, #2579 ) ;
#2750 = FACE_OUTER_BOUND ( 'NONE', #2429, .T. ) ;
#2751 = FACE_OUTER_BOUND ( 'NONE', #2570, .T. ) ;
#2752 = ORIENTED_EDGE ( 'NONE', *, *, #267, .F. ) ;
#2753 = PRODUCT_DEFINITION_SHAPE ( 'NONE', 'NONE',  #1670 ) ;
#2754 = CARTESIAN_POINT ( 'NONE',  ( -0.4000000000000000222, -0.4500000000000000666, 0.0000000000000000000 ) ) ;
#2755 = DIRECTION ( 'NONE',  ( 0.0000000000000000000, -1.000000000000000000, 0.0000000000000000000 ) ) ;
#2756 = CARTESIAN_POINT ( 'NONE',  ( -0.4000000000000000222, 0.4500000000000000666, 0.0000000000000000000 ) ) ;
#2757 = EDGE_CURVE ( 'NONE', #1302, #2814, #1437, .T. ) ;
#2758 = EDGE_LOOP ( 'NONE', ( #2446, #2442, #1667, #1258, #1744, #1583 ) ) ;
#2759 = DIRECTION ( 'NONE',  ( 1.000000000000000000, -0.0000000000000000000, 0.0000000000000000000 ) ) ;
#2760 = DIRECTION ( 'NONE',  ( -1.000000000000000000, 0.0000000000000000000, 0.0000000000000000000 ) ) ;
#2761 = PRODUCT_DEFINITION_CONTEXT ( 'detailed design', #1891, 'design' ) ;
#2762 = EDGE_LOOP ( 'NONE', ( #620, #1843, #2530, #2170 ) ) ;
#2763 = CARTESIAN_POINT ( 'NONE',  ( -0.4500000000000000666, 0.3433386697760000272, 0.7500000000000000000 ) ) ;
#2764 = SURFACE_SIDE_STYLE ('',( #295 ) ) ;
#2765 = CARTESIAN_POINT ( 'NONE',  ( -0.2000000000000000111, -0.8499999999999999778, 0.0000000000000000000 ) ) ;
#2766 = ORIENTED_EDGE ( 'NONE', *, *, #2028, .F. ) ;
#2767 = DIRECTION ( 'NONE',  ( 0.0000000000000000000, 0.0000000000000000000, 1.000000000000000000 ) ) ;
#2768 = VERTEX_POINT ( 'NONE', #941 ) ;
#2769 = DIRECTION ( 'NONE',  ( -1.000000000000000000, 0.0000000000000000000, 0.0000000000000000000 ) ) ;
#2770 = DIRECTION ( 'NONE',  ( 1.000000000000000000, -0.0000000000000000000, 0.0000000000000000000 ) ) ;
#2771 = ORIENTED_EDGE ( 'NONE', *, *, #1883, .T. ) ;
#2772 = CARTESIAN_POINT ( 'NONE',  ( 0.4499999761580000257, -0.5749999999995472066, 0.2999999999999202194 ) ) ;
#2773 = FILL_AREA_STYLE_COLOUR ( '', #611 ) ;
#2774 = CARTESIAN_POINT ( 'NONE',  ( -0.4000000000000000222, -0.4500000000000000666, 0.01999999955297000059 ) ) ;
#2775 = SURFACE_STYLE_USAGE ( .BOTH. , #2764 ) ;
#2776 = DIRECTION ( 'NONE',  ( 0.0000000000000000000, 0.0000000000000000000, -1.000000000000000000 ) ) ;
#2777 = ORIENTED_EDGE ( 'NONE', *, *, #1960, .T. ) ;
#2778 = EDGE_CURVE ( 'NONE', #2046, #1318, #2297, .T. ) ;
#2779 = FILL_AREA_STYLE ('',( #1292 ) ) ;
#2780 = DIRECTION ( 'NONE',  ( 0.0000000000000000000, -1.000000000000000000, 0.0000000000000000000 ) ) ;
#2781 = PRESENTATION_LAYER_ASSIGNMENT (  '', '', ( #1991 ) ) ;
#2782 = ORIENTED_EDGE ( 'NONE', *, *, #98, .T. ) ;
#2783 = LINE ( 'NONE', #2652, #1066 ) ;
#2784 = PRESENTATION_STYLE_ASSIGNMENT (( #2612 ) ) ;
#2785 = VECTOR ( 'NONE', #1423, 1000.000000000000000 ) ;
#2786 = VECTOR ( 'NONE', #2437, 1000.000000000000000 ) ;
#2787 = PRODUCT_DEFINITION_CONTEXT ( 'detailed design', #1651, 'design' ) ;
#2788 = VERTEX_POINT ( 'NONE', #1855 ) ;
#2789 = DIRECTION ( 'NONE',  ( 0.0000000000000000000, 0.0000000000000000000, -1.000000000000000000 ) ) ;
#2790 = PRESENTATION_LAYER_ASSIGNMENT (  '', '', ( #239 ) ) ;
#2791 = VECTOR ( 'NONE', #2292, 1000.000000000000000 ) ;
#2792 =( REPRESENTATION_RELATIONSHIP ('NONE','NONE', #1082, #1888 ) REPRESENTATION_RELATIONSHIP_WITH_TRANSFORMATION ( #35 )SHAPE_REPRESENTATION_RELATIONSHIP( ) );
#2794 = EDGE_CURVE ( 'NONE', #2631, #545, #880, .T. ) ;
#2793 = VECTOR ( 'NONE', #924, 1000.000000000000000 ) ;
#2795 = AXIS2_PLACEMENT_3D ( 'NONE', #340, #750, #1175 ) ;
#2796 = DIRECTION ( 'NONE',  ( 1.000000000000000000, -0.0000000000000000000, 0.0000000000000000000 ) ) ;
#2797 = ORIENTED_EDGE ( 'NONE', *, *, #1842, .T. ) ;
#2798 = STYLED_ITEM ( 'NONE', ( #2718 ), #168 ) ;
#2799 = DIRECTION ( 'NONE',  ( -1.000000000000000000, 0.0000000000000000000, 0.0000000000000000000 ) ) ;
#2800 = AXIS2_PLACEMENT_3D ( 'NONE', #1418, #1584, #1801 ) ;
#2801 = DIRECTION ( 'NONE',  ( 0.0000000000000000000, 0.0000000000000000000, 1.000000000000000000 ) ) ;
#2802 = PRODUCT_RELATED_PRODUCT_CATEGORY ( 'part', '', ( #1603 ) ) ;
#2803 = ADVANCED_FACE ( 'NONE', ( #2751 ), #2310, .T. ) ;
#2804 = DIRECTION ( 'NONE',  ( -0.0000000000000000000, -0.0000000000000000000, 1.000000000000000000 ) ) ;
#2805 = ORIENTED_EDGE ( 'NONE', *, *, #2314, .F. ) ;
#2806 = EDGE_LOOP ( 'NONE', ( #1723, #216, #2479, #2 ) ) ;
#2807 = DIRECTION ( 'NONE',  ( -1.000000000000000000, 0.0000000000000000000, -0.0000000000000000000 ) ) ;
#2808 = VERTEX_POINT ( 'NONE', #1000 ) ;
#2809 = CARTESIAN_POINT ( 'NONE',  ( 0.4500000000000000666, -0.8499999999999999778, 0.02000000000000000042 ) ) ;
#2810 = SHAPE_REPRESENTATION ( 'User_Library-LTST-C190GKT_Pad007', ( #242 ), #245 ) ;
#2811 = DIRECTION ( 'NONE',  ( -1.000000000000000000, -0.0000000000000000000, 0.0000000000000000000 ) ) ;
#2812 =( NAMED_UNIT ( * ) PLANE_ANGLE_UNIT ( ) SI_UNIT ( $, .RADIAN. ) );
#2813 = CYLINDRICAL_SURFACE ( 'NONE', #2650, 0.1770833333329999981 ) ;
#2814 = VERTEX_POINT ( 'NONE', #1836 ) ;
#2815 = VERTEX_POINT ( 'NONE', #1405 ) ;
#2816 = CARTESIAN_POINT ( 'NONE',  ( 0.1749999999998571310, -0.8499999999999999778, 0.3099999997760000126 ) ) ;
#2817 = CARTESIAN_POINT ( 'NONE',  ( -0.4000000000000000222, 0.8499999999999999778, 0.0000000000000000000 ) ) ;
#2818 = ADVANCED_FACE ( 'NONE', ( #117 ), #2549, .F. ) ;
#2819 = UNCERTAINTY_MEASURE_WITH_UNIT (LENGTH_MEASURE( 1.000000000000000082E-05 ), #1462, 'distance_accuracy_value', 'NONE');
#2820 = VERTEX_POINT ( 'NONE', #552 ) ;
#2821 = CARTESIAN_POINT ( 'NONE',  ( 0.03706465313827000951, 0.09686644643700000057, 0.0000000000000000000 ) ) ;
#2822 =( NAMED_UNIT ( * ) PLANE_ANGLE_UNIT ( ) SI_UNIT ( $, .RADIAN. ) );
#2823 = CARTESIAN_POINT ( 'NONE',  ( -0.4500000000000000666, 0.8499999999999999778, 0.3000000011919999876 ) ) ;
#2824 = APPLICATION_PROTOCOL_DEFINITION ( 'draft international standard', 'automotive_design', 1998, #1651 ) ;
#2825 = SURFACE_STYLE_USAGE ( .BOTH. , #598 ) ;
#2826 = EDGE_LOOP ( 'NONE', ( #2541, #1595, #2537, #2575 ) ) ;
#2827 = ADVANCED_FACE ( 'NONE', ( #296 ), #2735, .T. ) ;
#2828 = ORIENTED_EDGE ( 'NONE', *, *, #2551, .T. ) ;
#2829 = LINE ( 'NONE', #2401, #1206 ) ;
#2830 = EDGE_LOOP ( 'NONE', ( #2075, #436, #344, #136 ) ) ;
#2831 =( LENGTH_UNIT ( ) NAMED_UNIT ( * ) SI_UNIT ( .MILLI., .METRE. ) );
#2832 = ADVANCED_FACE ( 'NONE', ( #538 ), #322, .F. ) ;
#2833 = DIRECTION ( 'NONE',  ( -0.0000000000000000000, 0.0000000000000000000, 1.000000000000000000 ) ) ;
#2834 = AXIS2_PLACEMENT_3D ( 'NONE', #1064, #2351, #2136 ) ;
#2835 = VECTOR ( 'NONE', #2112, 1000.000000000000000 ) ;
#2836 = CARTESIAN_POINT ( 'NONE',  ( 0.1675000000000000100, -0.8499999999999999778, 0.3100000023839999952 ) ) ;
#2837 = COLOUR_RGB ( '',1.000000000000000000, 0.0000000000000000000, 0.0000000000000000000 ) ;
#2838 = DIRECTION ( 'NONE',  ( -1.000000000000000000, 0.0000000000000000000, 0.0000000000000000000 ) ) ;
#2839 = COLOUR_RGB ( '',0.7921568627450980005, 0.8196078431372548767, 0.9333333333333333481 ) ;
#2840 = EDGE_LOOP ( 'NONE', ( #1146, #1124, #717, #2023 ) ) ;
#2841 = LINE ( 'NONE', #681, #2325 ) ;
#2842 = ORIENTED_EDGE ( 'NONE', *, *, #1323, .F. ) ;
#2843 = CARTESIAN_POINT ( 'NONE',  ( 0.4000000000000000222, -0.4500000000000000666, 0.0000000000000000000 ) ) ;
#2844 = ADVANCED_FACE ( 'NONE', ( #768 ), #569, .F. ) ;
#2845 = EDGE_LOOP ( 'NONE', ( #2752, #1454, #1507, #36 ) ) ;
#2846 = PRESENTATION_STYLE_ASSIGNMENT (( #818 ) ) ;
#2847 = DIRECTION ( 'NONE',  ( 0.0000000000000000000, -1.000000000000000000, 0.0000000000000000000 ) ) ;
#2848 = ADVANCED_FACE ( 'NONE', ( #1202 ), #985, .T. ) ;
#2849 = CARTESIAN_POINT ( 'NONE',  ( -0.1749999999999999889, 0.8499999999999999778, 0.2999999999999999889 ) ) ;
#2850 = ORIENTED_EDGE ( 'NONE', *, *, #591, .F. ) ;
#2851 = NEXT_ASSEMBLY_USAGE_OCCURRENCE ( 'NAUO1', ' ', ' ', #139, #1923, $ ) ;
#2852 = NEXT_ASSEMBLY_USAGE_OCCURRENCE ( 'NAUO2', ' ', ' ', #139, #1670, $ ) ;
#2853 = NEXT_ASSEMBLY_USAGE_OCCURRENCE ( 'NAUO3', ' ', ' ', #139, #465, $ ) ;
#2854 = NEXT_ASSEMBLY_USAGE_OCCURRENCE ( 'NAUO4', ' ', ' ', #139, #1972, $ ) ;
#2855 = NEXT_ASSEMBLY_USAGE_OCCURRENCE ( 'NAUO5', ' ', ' ', #139, #978, $ ) ;
#2856 = NEXT_ASSEMBLY_USAGE_OCCURRENCE ( 'NAUO6', ' ', ' ', #139, #1367, $ ) ;
#2857 = NEXT_ASSEMBLY_USAGE_OCCURRENCE ( 'NAUO7', ' ', ' ', #139, #309, $ ) ;
#2858 = NEXT_ASSEMBLY_USAGE_OCCURRENCE ( 'NAUO8', ' ', ' ', #139, #674, $ ) ;
#2859 = NEXT_ASSEMBLY_USAGE_OCCURRENCE ( 'NAUO9', ' ', ' ', #139, #2283, $ ) ;
#2860 = NEXT_ASSEMBLY_USAGE_OCCURRENCE ( 'NAUO10', ' ', ' ', #139, #765, $ ) ;
ENDSEC;
END-ISO-10303-21;
